# Bara Kitchen - metres, +Y up; editable mesh source
mtllib palette.mtl
o counter_oakDark
usemtl oakDark
v -0.339434 0.010585 -0.339434
v -0.341667 0.009067 -0.333333
v -0.342678 0.008379 -0.325000
v -0.342678 0.008379 0.325000
v -0.341667 0.009067 0.333333
v -0.339434 0.010585 0.339434
v -0.341667 0.014733 -0.341667
v -0.345412 0.013460 -0.335206
v -0.347361 0.012797 -0.325000
v -0.347361 0.012797 0.325000
v -0.345412 0.013460 0.335206
v -0.341667 0.014733 0.341667
v -0.342678 0.020400 -0.342678
v -0.347361 0.020400 -0.336180
v -0.350000 0.020400 -0.325000
v -0.350000 0.020400 0.325000
v -0.347361 0.020400 0.336180
v -0.342678 0.020400 0.342678
v -0.342678 0.054400 -0.342678
v -0.347361 0.054400 -0.336180
v -0.350000 0.054400 -0.325000
v -0.350000 0.054400 0.325000
v -0.347361 0.054400 0.336180
v -0.342678 0.054400 0.342678
v -0.341667 0.060067 -0.341667
v -0.345412 0.061340 -0.335206
v -0.347361 0.062003 -0.325000
v -0.347361 0.062003 0.325000
v -0.345412 0.061340 0.335206
v -0.341667 0.060067 0.341667
v -0.339434 0.064215 -0.339434
v -0.341667 0.065733 -0.333333
v -0.342678 0.066421 -0.325000
v -0.342678 0.066421 0.325000
v -0.341667 0.065733 0.333333
v -0.339434 0.064215 0.339434
v 0.339434 0.010585 -0.339434
v 0.341667 0.009067 -0.333333
v 0.342678 0.008379 -0.325000
v 0.342678 0.008379 0.325000
v 0.341667 0.009067 0.333333
v 0.339434 0.010585 0.339434
v 0.341667 0.014733 -0.341667
v 0.345412 0.013460 -0.335206
v 0.347361 0.012797 -0.325000
v 0.347361 0.012797 0.325000
v 0.345412 0.013460 0.335206
v 0.341667 0.014733 0.341667
v 0.342678 0.020400 -0.342678
v 0.347361 0.020400 -0.336180
v 0.350000 0.020400 -0.325000
v 0.350000 0.020400 0.325000
v 0.347361 0.020400 0.336180
v 0.342678 0.020400 0.342678
v 0.342678 0.054400 -0.342678
v 0.347361 0.054400 -0.336180
v 0.350000 0.054400 -0.325000
v 0.350000 0.054400 0.325000
v 0.347361 0.054400 0.336180
v 0.342678 0.054400 0.342678
v 0.341667 0.060067 -0.341667
v 0.345412 0.061340 -0.335206
v 0.347361 0.062003 -0.325000
v 0.347361 0.062003 0.325000
v 0.345412 0.061340 0.335206
v 0.341667 0.060067 0.341667
v 0.339434 0.064215 -0.339434
v 0.341667 0.065733 -0.333333
v 0.342678 0.066421 -0.325000
v 0.342678 0.066421 0.325000
v 0.341667 0.065733 0.333333
v 0.339434 0.064215 0.339434
v -0.339434 0.010585 -0.339434
v -0.333333 0.009067 -0.341667
v -0.325000 0.008379 -0.342678
v 0.325000 0.008379 -0.342678
v 0.333333 0.009067 -0.341667
v 0.339434 0.010585 -0.339434
v -0.341667 0.009067 -0.333333
v -0.335206 0.006520 -0.335206
v -0.325000 0.005195 -0.336180
v 0.325000 0.005195 -0.336180
v 0.335206 0.006520 -0.335206
v 0.341667 0.009067 -0.333333
v -0.342678 0.008379 -0.325000
v -0.336180 0.005195 -0.325000
v -0.325000 0.003400 -0.325000
v 0.325000 0.003400 -0.325000
v 0.336180 0.005195 -0.325000
v 0.342678 0.008379 -0.325000
v -0.342678 0.008379 0.325000
v -0.336180 0.005195 0.325000
v -0.325000 0.003400 0.325000
v 0.325000 0.003400 0.325000
v 0.336180 0.005195 0.325000
v 0.342678 0.008379 0.325000
v -0.341667 0.009067 0.333333
v -0.335206 0.006520 0.335206
v -0.325000 0.005195 0.336180
v 0.325000 0.005195 0.336180
v 0.335206 0.006520 0.335206
v 0.341667 0.009067 0.333333
v -0.339434 0.010585 0.339434
v -0.333333 0.009067 0.341667
v -0.325000 0.008379 0.342678
v 0.325000 0.008379 0.342678
v 0.333333 0.009067 0.341667
v 0.339434 0.010585 0.339434
v -0.339434 0.064215 -0.339434
v -0.333333 0.065733 -0.341667
v -0.325000 0.066421 -0.342678
v 0.325000 0.066421 -0.342678
v 0.333333 0.065733 -0.341667
v 0.339434 0.064215 -0.339434
v -0.341667 0.065733 -0.333333
v -0.335206 0.068280 -0.335206
v -0.325000 0.069605 -0.336180
v 0.325000 0.069605 -0.336180
v 0.335206 0.068280 -0.335206
v 0.341667 0.065733 -0.333333
v -0.342678 0.066421 -0.325000
v -0.336180 0.069605 -0.325000
v -0.325000 0.071400 -0.325000
v 0.325000 0.071400 -0.325000
v 0.336180 0.069605 -0.325000
v 0.342678 0.066421 -0.325000
v -0.342678 0.066421 0.325000
v -0.336180 0.069605 0.325000
v -0.325000 0.071400 0.325000
v 0.325000 0.071400 0.325000
v 0.336180 0.069605 0.325000
v 0.342678 0.066421 0.325000
v -0.341667 0.065733 0.333333
v -0.335206 0.068280 0.335206
v -0.325000 0.069605 0.336180
v 0.325000 0.069605 0.336180
v 0.335206 0.068280 0.335206
v 0.341667 0.065733 0.333333
v -0.339434 0.064215 0.339434
v -0.333333 0.065733 0.341667
v -0.325000 0.066421 0.342678
v 0.325000 0.066421 0.342678
v 0.333333 0.065733 0.341667
v 0.339434 0.064215 0.339434
v -0.339434 0.010585 -0.339434
v -0.341667 0.014733 -0.341667
v -0.342678 0.020400 -0.342678
v -0.342678 0.054400 -0.342678
v -0.341667 0.060067 -0.341667
v -0.339434 0.064215 -0.339434
v -0.333333 0.009067 -0.341667
v -0.335206 0.013460 -0.345412
v -0.336180 0.020400 -0.347361
v -0.336180 0.054400 -0.347361
v -0.335206 0.061340 -0.345412
v -0.333333 0.065733 -0.341667
v -0.325000 0.008379 -0.342678
v -0.325000 0.012797 -0.347361
v -0.325000 0.020400 -0.350000
v -0.325000 0.054400 -0.350000
v -0.325000 0.062003 -0.347361
v -0.325000 0.066421 -0.342678
v 0.325000 0.008379 -0.342678
v 0.325000 0.012797 -0.347361
v 0.325000 0.020400 -0.350000
v 0.325000 0.054400 -0.350000
v 0.325000 0.062003 -0.347361
v 0.325000 0.066421 -0.342678
v 0.333333 0.009067 -0.341667
v 0.335206 0.013460 -0.345412
v 0.336180 0.020400 -0.347361
v 0.336180 0.054400 -0.347361
v 0.335206 0.061340 -0.345412
v 0.333333 0.065733 -0.341667
v 0.339434 0.010585 -0.339434
v 0.341667 0.014733 -0.341667
v 0.342678 0.020400 -0.342678
v 0.342678 0.054400 -0.342678
v 0.341667 0.060067 -0.341667
v 0.339434 0.064215 -0.339434
v -0.339434 0.010585 0.339434
v -0.341667 0.014733 0.341667
v -0.342678 0.020400 0.342678
v -0.342678 0.054400 0.342678
v -0.341667 0.060067 0.341667
v -0.339434 0.064215 0.339434
v -0.333333 0.009067 0.341667
v -0.335206 0.013460 0.345412
v -0.336180 0.020400 0.347361
v -0.336180 0.054400 0.347361
v -0.335206 0.061340 0.345412
v -0.333333 0.065733 0.341667
v -0.325000 0.008379 0.342678
v -0.325000 0.012797 0.347361
v -0.325000 0.020400 0.350000
v -0.325000 0.054400 0.350000
v -0.325000 0.062003 0.347361
v -0.325000 0.066421 0.342678
v 0.325000 0.008379 0.342678
v 0.325000 0.012797 0.347361
v 0.325000 0.020400 0.350000
v 0.325000 0.054400 0.350000
v 0.325000 0.062003 0.347361
v 0.325000 0.066421 0.342678
v 0.333333 0.009067 0.341667
v 0.335206 0.013460 0.345412
v 0.336180 0.020400 0.347361
v 0.336180 0.054400 0.347361
v 0.335206 0.061340 0.345412
v 0.333333 0.065733 0.341667
v 0.339434 0.010585 0.339434
v 0.341667 0.014733 0.341667
v 0.342678 0.020400 0.342678
v 0.342678 0.054400 0.342678
v 0.341667 0.060067 0.341667
v 0.339434 0.064215 0.339434
vn -0.490135 -0.720787 -0.490135
vn -0.534082 -0.785415 -0.312858
vn -0.562305 -0.826919 -0.004148
vn -0.562310 -0.826926 0.000869
vn -0.549577 -0.808201 0.211606
vn -0.496038 -0.729467 0.470983
vn -0.603891 -0.520222 -0.603891
vn -0.796314 -0.500194 -0.340132
vn -0.809235 -0.587474 -0.003463
vn -0.890912 -0.454169 0.002435
vn -0.833341 -0.457092 0.310822
vn -0.642635 -0.441589 0.626115
vn -0.705098 -0.075326 -0.705098
vn -0.905016 -0.060655 -0.421030
vn -0.994472 -0.104832 -0.006045
vn -0.999365 -0.035544 0.002507
vn -0.939519 -0.042797 0.339813
vn -0.730640 -0.040959 0.681533
vn -0.706974 0.019405 -0.706974
vn -0.939519 0.042797 -0.339813
vn -0.999365 0.035544 -0.002507
vn -0.994472 0.104832 0.006045
vn -0.905016 0.060655 0.421030
vn -0.681533 0.040959 0.730640
vn -0.656445 0.371698 -0.656445
vn -0.833341 0.457092 -0.310822
vn -0.890912 0.454169 -0.002435
vn -0.809235 0.587474 0.003463
vn -0.796314 0.500194 0.340132
vn -0.626115 0.441589 0.642635
vn -0.503175 0.702588 -0.503175
vn -0.552899 0.792186 -0.258350
vn -0.602631 0.798017 -0.002013
vn -0.522200 0.852821 0.001938
vn -0.533893 0.805851 0.256051
vn -0.470983 0.729467 0.496038
vn 0.470983 -0.729467 -0.496038
vn 0.533893 -0.805851 -0.256051
vn 0.522200 -0.852821 -0.001938
vn 0.602631 -0.798017 0.002013
vn 0.552899 -0.792186 0.258350
vn 0.503175 -0.702588 0.503175
vn 0.626115 -0.441589 -0.642635
vn 0.796314 -0.500194 -0.340132
vn 0.809235 -0.587474 -0.003463
vn 0.890912 -0.454169 0.002435
vn 0.833341 -0.457092 0.310822
vn 0.656445 -0.371698 0.656445
vn 0.681533 -0.040959 -0.730640
vn 0.905016 -0.060655 -0.421030
vn 0.994472 -0.104832 -0.006045
vn 0.999365 -0.035544 0.002507
vn 0.939519 -0.042797 0.339813
vn 0.706974 -0.019405 0.706974
vn 0.730640 0.040959 -0.681533
vn 0.939519 0.042797 -0.339813
vn 0.999365 0.035544 -0.002507
vn 0.994472 0.104832 0.006045
vn 0.905016 0.060655 0.421030
vn 0.705098 0.075326 0.705098
vn 0.642635 0.441589 -0.626115
vn 0.833341 0.457092 -0.310822
vn 0.890912 0.454169 -0.002435
vn 0.809235 0.587474 0.003463
vn 0.796314 0.500194 0.340132
vn 0.603891 0.520222 0.603891
vn 0.496038 0.729467 -0.470983
vn 0.549577 0.808201 -0.211606
vn 0.562310 0.826926 -0.000869
vn 0.562305 0.826919 0.004148
vn 0.534082 0.785415 0.312858
vn 0.490135 0.720787 0.490135
vn -0.490135 -0.720787 -0.490135
vn -0.312858 -0.785415 -0.534082
vn -0.004148 -0.826919 -0.562305
vn 0.000869 -0.826926 -0.562310
vn 0.211606 -0.808201 -0.549577
vn 0.470983 -0.729467 -0.496038
vn -0.534082 -0.785415 -0.312858
vn -0.268668 -0.925005 -0.268668
vn -0.002759 -0.948009 -0.318232
vn 0.001809 -0.973323 -0.229434
vn 0.238736 -0.941281 -0.238736
vn 0.533893 -0.805851 -0.256051
vn -0.562305 -0.826919 -0.004148
vn -0.318232 -0.948009 -0.002759
vn -0.005210 -0.999973 -0.005210
vn 0.001397 -0.999998 -0.001397
vn 0.229434 -0.973323 -0.001809
vn 0.522200 -0.852821 -0.001938
vn -0.562310 -0.826926 0.000869
vn -0.229434 -0.973323 0.001809
vn -0.001397 -0.999998 0.001397
vn 0.005210 -0.999973 0.005210
vn 0.318232 -0.948009 0.002759
vn 0.602631 -0.798017 0.002013
vn -0.549577 -0.808201 0.211606
vn -0.238736 -0.941281 0.238736
vn -0.001809 -0.973323 0.229434
vn 0.002759 -0.948009 0.318232
vn 0.268668 -0.925005 0.268668
vn 0.552899 -0.792186 0.258350
vn -0.496038 -0.729467 0.470983
vn -0.256051 -0.805851 0.533893
vn -0.001938 -0.852821 0.522200
vn 0.002013 -0.798017 0.602631
vn 0.258350 -0.792186 0.552899
vn 0.503175 -0.702588 0.503175
vn -0.503175 0.702588 -0.503175
vn -0.258350 0.792186 -0.552899
vn -0.002013 0.798017 -0.602631
vn 0.001938 0.852821 -0.522200
vn 0.256051 0.805851 -0.533893
vn 0.496038 0.729467 -0.470983
vn -0.552899 0.792186 -0.258350
vn -0.268668 0.925005 -0.268668
vn -0.002759 0.948009 -0.318232
vn 0.001809 0.973323 -0.229434
vn 0.238736 0.941281 -0.238736
vn 0.549577 0.808201 -0.211606
vn -0.602631 0.798017 -0.002013
vn -0.318232 0.948009 -0.002759
vn -0.005210 0.999973 -0.005210
vn 0.001397 0.999998 -0.001397
vn 0.229434 0.973323 -0.001809
vn 0.562310 0.826926 -0.000869
vn -0.522200 0.852821 0.001938
vn -0.229434 0.973323 0.001809
vn -0.001397 0.999998 0.001397
vn 0.005210 0.999973 0.005210
vn 0.318232 0.948009 0.002759
vn 0.562305 0.826919 0.004148
vn -0.533893 0.805851 0.256051
vn -0.238736 0.941281 0.238736
vn -0.001809 0.973323 0.229434
vn 0.002759 0.948009 0.318232
vn 0.268668 0.925005 0.268668
vn 0.534082 0.785415 0.312858
vn -0.470983 0.729467 0.496038
vn -0.211606 0.808201 0.549577
vn -0.000869 0.826926 0.562310
vn 0.004148 0.826919 0.562305
vn 0.312858 0.785415 0.534082
vn 0.490135 0.720787 0.490135
vn -0.490135 -0.720787 -0.490135
vn -0.603891 -0.520222 -0.603891
vn -0.705098 -0.075326 -0.705098
vn -0.706974 0.019405 -0.706974
vn -0.656445 0.371698 -0.656445
vn -0.503175 0.702588 -0.503175
vn -0.312858 -0.785415 -0.534082
vn -0.340132 -0.500194 -0.796314
vn -0.421030 -0.060655 -0.905016
vn -0.339813 0.042797 -0.939519
vn -0.310822 0.457092 -0.833341
vn -0.258350 0.792186 -0.552899
vn -0.004148 -0.826919 -0.562305
vn -0.003463 -0.587474 -0.809235
vn -0.006045 -0.104832 -0.994472
vn -0.002507 0.035544 -0.999365
vn -0.002435 0.454169 -0.890912
vn -0.002013 0.798017 -0.602631
vn 0.000869 -0.826926 -0.562310
vn 0.002435 -0.454169 -0.890912
vn 0.002507 -0.035544 -0.999365
vn 0.006045 0.104832 -0.994472
vn 0.003463 0.587474 -0.809235
vn 0.001938 0.852821 -0.522200
vn 0.211606 -0.808201 -0.549577
vn 0.310822 -0.457092 -0.833341
vn 0.339813 -0.042797 -0.939519
vn 0.421030 0.060655 -0.905016
vn 0.340132 0.500194 -0.796314
vn 0.256051 0.805851 -0.533893
vn 0.470983 -0.729467 -0.496038
vn 0.626115 -0.441589 -0.642635
vn 0.681533 -0.040959 -0.730640
vn 0.730640 0.040959 -0.681533
vn 0.642635 0.441589 -0.626115
vn 0.496038 0.729467 -0.470983
vn -0.496038 -0.729467 0.470983
vn -0.642635 -0.441589 0.626115
vn -0.730640 -0.040959 0.681533
vn -0.681533 0.040959 0.730640
vn -0.626115 0.441589 0.642635
vn -0.470983 0.729467 0.496038
vn -0.256051 -0.805851 0.533893
vn -0.340132 -0.500194 0.796314
vn -0.421030 -0.060655 0.905016
vn -0.339813 0.042797 0.939519
vn -0.310822 0.457092 0.833341
vn -0.211606 0.808201 0.549577
vn -0.001938 -0.852821 0.522200
vn -0.003463 -0.587474 0.809235
vn -0.006045 -0.104832 0.994472
vn -0.002507 0.035544 0.999365
vn -0.002435 0.454169 0.890912
vn -0.000869 0.826926 0.562310
vn 0.002013 -0.798017 0.602631
vn 0.002435 -0.454169 0.890912
vn 0.002507 -0.035544 0.999365
vn 0.006045 0.104832 0.994472
vn 0.003463 0.587474 0.809235
vn 0.004148 0.826919 0.562305
vn 0.258350 -0.792186 0.552899
vn 0.310822 -0.457092 0.833341
vn 0.339813 -0.042797 0.939519
vn 0.421030 0.060655 0.905016
vn 0.340132 0.500194 0.796314
vn 0.312858 0.785415 0.534082
vn 0.503175 -0.702588 0.503175
vn 0.656445 -0.371698 0.656445
vn 0.706974 -0.019405 0.706974
vn 0.705098 0.075326 0.705098
vn 0.603891 0.520222 0.603891
vn 0.490135 0.720787 0.490135
f 2//2 7//7 1//1
f 8//8 7//7 2//2
f 3//3 8//8 2//2
f 9//9 8//8 3//3
f 4//4 9//9 3//3
f 10//10 9//9 4//4
f 5//5 10//10 4//4
f 11//11 10//10 5//5
f 6//6 11//11 5//5
f 12//12 11//11 6//6
f 8//8 13//13 7//7
f 14//14 13//13 8//8
f 9//9 14//14 8//8
f 15//15 14//14 9//9
f 10//10 15//15 9//9
f 16//16 15//15 10//10
f 11//11 16//16 10//10
f 17//17 16//16 11//11
f 12//12 17//17 11//11
f 18//18 17//17 12//12
f 14//14 19//19 13//13
f 20//20 19//19 14//14
f 15//15 20//20 14//14
f 21//21 20//20 15//15
f 16//16 21//21 15//15
f 22//22 21//21 16//16
f 17//17 22//22 16//16
f 23//23 22//22 17//17
f 18//18 23//23 17//17
f 24//24 23//23 18//18
f 20//20 25//25 19//19
f 26//26 25//25 20//20
f 21//21 26//26 20//20
f 27//27 26//26 21//21
f 22//22 27//27 21//21
f 28//28 27//27 22//22
f 23//23 28//28 22//22
f 29//29 28//28 23//23
f 24//24 29//29 23//23
f 30//30 29//29 24//24
f 26//26 31//31 25//25
f 32//32 31//31 26//26
f 27//27 32//32 26//26
f 33//33 32//32 27//27
f 28//28 33//33 27//27
f 34//34 33//33 28//28
f 29//29 34//34 28//28
f 35//35 34//34 29//29
f 30//30 35//35 29//29
f 36//36 35//35 30//30
f 37//37 43//43 38//38
f 38//38 43//43 44//44
f 38//38 44//44 39//39
f 39//39 44//44 45//45
f 39//39 45//45 40//40
f 40//40 45//45 46//46
f 40//40 46//46 41//41
f 41//41 46//46 47//47
f 41//41 47//47 42//42
f 42//42 47//47 48//48
f 43//43 49//49 44//44
f 44//44 49//49 50//50
f 44//44 50//50 45//45
f 45//45 50//50 51//51
f 45//45 51//51 46//46
f 46//46 51//51 52//52
f 46//46 52//52 47//47
f 47//47 52//52 53//53
f 47//47 53//53 48//48
f 48//48 53//53 54//54
f 49//49 55//55 50//50
f 50//50 55//55 56//56
f 50//50 56//56 51//51
f 51//51 56//56 57//57
f 51//51 57//57 52//52
f 52//52 57//57 58//58
f 52//52 58//58 53//53
f 53//53 58//58 59//59
f 53//53 59//59 54//54
f 54//54 59//59 60//60
f 55//55 61//61 56//56
f 56//56 61//61 62//62
f 56//56 62//62 57//57
f 57//57 62//62 63//63
f 57//57 63//63 58//58
f 58//58 63//63 64//64
f 58//58 64//64 59//59
f 59//59 64//64 65//65
f 59//59 65//65 60//60
f 60//60 65//65 66//66
f 61//61 67//67 62//62
f 62//62 67//67 68//68
f 62//62 68//68 63//63
f 63//63 68//68 69//69
f 63//63 69//69 64//64
f 64//64 69//69 70//70
f 64//64 70//70 65//65
f 65//65 70//70 71//71
f 65//65 71//71 66//66
f 66//66 71//71 72//72
f 74//74 79//79 73//73
f 80//80 79//79 74//74
f 75//75 80//80 74//74
f 81//81 80//80 75//75
f 76//76 81//81 75//75
f 82//82 81//81 76//76
f 77//77 82//82 76//76
f 83//83 82//82 77//77
f 78//78 83//83 77//77
f 84//84 83//83 78//78
f 80//80 85//85 79//79
f 86//86 85//85 80//80
f 81//81 86//86 80//80
f 87//87 86//86 81//81
f 82//82 87//87 81//81
f 88//88 87//87 82//82
f 83//83 88//88 82//82
f 89//89 88//88 83//83
f 84//84 89//89 83//83
f 90//90 89//89 84//84
f 86//86 91//91 85//85
f 92//92 91//91 86//86
f 87//87 92//92 86//86
f 93//93 92//92 87//87
f 88//88 93//93 87//87
f 94//94 93//93 88//88
f 89//89 94//94 88//88
f 95//95 94//94 89//89
f 90//90 95//95 89//89
f 96//96 95//95 90//90
f 92//92 97//97 91//91
f 98//98 97//97 92//92
f 93//93 98//98 92//92
f 99//99 98//98 93//93
f 94//94 99//99 93//93
f 100//100 99//99 94//94
f 95//95 100//100 94//94
f 101//101 100//100 95//95
f 96//96 101//101 95//95
f 102//102 101//101 96//96
f 98//98 103//103 97//97
f 104//104 103//103 98//98
f 99//99 104//104 98//98
f 105//105 104//104 99//99
f 100//100 105//105 99//99
f 106//106 105//105 100//100
f 101//101 106//106 100//100
f 107//107 106//106 101//101
f 102//102 107//107 101//101
f 108//108 107//107 102//102
f 109//109 115//115 110//110
f 110//110 115//115 116//116
f 110//110 116//116 111//111
f 111//111 116//116 117//117
f 111//111 117//117 112//112
f 112//112 117//117 118//118
f 112//112 118//118 113//113
f 113//113 118//118 119//119
f 113//113 119//119 114//114
f 114//114 119//119 120//120
f 115//115 121//121 116//116
f 116//116 121//121 122//122
f 116//116 122//122 117//117
f 117//117 122//122 123//123
f 117//117 123//123 118//118
f 118//118 123//123 124//124
f 118//118 124//124 119//119
f 119//119 124//124 125//125
f 119//119 125//125 120//120
f 120//120 125//125 126//126
f 121//121 127//127 122//122
f 122//122 127//127 128//128
f 122//122 128//128 123//123
f 123//123 128//128 129//129
f 123//123 129//129 124//124
f 124//124 129//129 130//130
f 124//124 130//130 125//125
f 125//125 130//130 131//131
f 125//125 131//131 126//126
f 126//126 131//131 132//132
f 127//127 133//133 128//128
f 128//128 133//133 134//134
f 128//128 134//134 129//129
f 129//129 134//134 135//135
f 129//129 135//135 130//130
f 130//130 135//135 136//136
f 130//130 136//136 131//131
f 131//131 136//136 137//137
f 131//131 137//137 132//132
f 132//132 137//137 138//138
f 133//133 139//139 134//134
f 134//134 139//139 140//140
f 134//134 140//140 135//135
f 135//135 140//140 141//141
f 135//135 141//141 136//136
f 136//136 141//141 142//142
f 136//136 142//142 137//137
f 137//137 142//142 143//143
f 137//137 143//143 138//138
f 138//138 143//143 144//144
f 146//146 151//151 145//145
f 152//152 151//151 146//146
f 147//147 152//152 146//146
f 153//153 152//152 147//147
f 148//148 153//153 147//147
f 154//154 153//153 148//148
f 149//149 154//154 148//148
f 155//155 154//154 149//149
f 150//150 155//155 149//149
f 156//156 155//155 150//150
f 152//152 157//157 151//151
f 158//158 157//157 152//152
f 153//153 158//158 152//152
f 159//159 158//158 153//153
f 154//154 159//159 153//153
f 160//160 159//159 154//154
f 155//155 160//160 154//154
f 161//161 160//160 155//155
f 156//156 161//161 155//155
f 162//162 161//161 156//156
f 158//158 163//163 157//157
f 164//164 163//163 158//158
f 159//159 164//164 158//158
f 165//165 164//164 159//159
f 160//160 165//165 159//159
f 166//166 165//165 160//160
f 161//161 166//166 160//160
f 167//167 166//166 161//161
f 162//162 167//167 161//161
f 168//168 167//167 162//162
f 164//164 169//169 163//163
f 170//170 169//169 164//164
f 165//165 170//170 164//164
f 171//171 170//170 165//165
f 166//166 171//171 165//165
f 172//172 171//171 166//166
f 167//167 172//172 166//166
f 173//173 172//172 167//167
f 168//168 173//173 167//167
f 174//174 173//173 168//168
f 170//170 175//175 169//169
f 176//176 175//175 170//170
f 171//171 176//176 170//170
f 177//177 176//176 171//171
f 172//172 177//177 171//171
f 178//178 177//177 172//172
f 173//173 178//178 172//172
f 179//179 178//178 173//173
f 174//174 179//179 173//173
f 180//180 179//179 174//174
f 181//181 187//187 182//182
f 182//182 187//187 188//188
f 182//182 188//188 183//183
f 183//183 188//188 189//189
f 183//183 189//189 184//184
f 184//184 189//189 190//190
f 184//184 190//190 185//185
f 185//185 190//190 191//191
f 185//185 191//191 186//186
f 186//186 191//191 192//192
f 187//187 193//193 188//188
f 188//188 193//193 194//194
f 188//188 194//194 189//189
f 189//189 194//194 195//195
f 189//189 195//195 190//190
f 190//190 195//195 196//196
f 190//190 196//196 191//191
f 191//191 196//196 197//197
f 191//191 197//197 192//192
f 192//192 197//197 198//198
f 193//193 199//199 194//194
f 194//194 199//199 200//200
f 194//194 200//200 195//195
f 195//195 200//200 201//201
f 195//195 201//201 196//196
f 196//196 201//201 202//202
f 196//196 202//202 197//197
f 197//197 202//202 203//203
f 197//197 203//203 198//198
f 198//198 203//203 204//204
f 199//199 205//205 200//200
f 200//200 205//205 206//206
f 200//200 206//206 201//201
f 201//201 206//206 207//207
f 201//201 207//207 202//202
f 202//202 207//207 208//208
f 202//202 208//208 203//203
f 203//203 208//208 209//209
f 203//203 209//209 204//204
f 204//204 209//209 210//210
f 205//205 211//211 206//206
f 206//206 211//211 212//212
f 206//206 212//212 207//207
f 207//207 212//212 213//213
f 207//207 213//213 208//208
f 208//208 213//213 214//214
f 208//208 214//214 209//209
f 209//209 214//214 215//215
f 209//209 215//215 210//210
f 210//210 215//215 216//216
o counter_sage
usemtl sage
v -0.350207 0.057659 -0.340207
v -0.353333 0.055533 -0.331667
v -0.354749 0.054571 -0.320000
v -0.354749 0.054571 0.320000
v -0.353333 0.055533 0.331667
v -0.350207 0.057659 0.340207
v -0.353333 0.063467 -0.343333
v -0.358577 0.061684 -0.334289
v -0.361305 0.060756 -0.320000
v -0.361305 0.060756 0.320000
v -0.358577 0.061684 0.334289
v -0.353333 0.063467 0.343333
v -0.354749 0.071400 -0.344749
v -0.361305 0.071400 -0.335652
v -0.365000 0.071400 -0.320000
v -0.365000 0.071400 0.320000
v -0.361305 0.071400 0.335652
v -0.354749 0.071400 0.344749
v -0.354749 0.323000 -0.344749
v -0.361305 0.323000 -0.335652
v -0.365000 0.323000 -0.320000
v -0.365000 0.323000 0.320000
v -0.361305 0.323000 0.335652
v -0.354749 0.323000 0.344749
v -0.353333 0.330933 -0.343333
v -0.358577 0.332716 -0.334289
v -0.361305 0.333644 -0.320000
v -0.361305 0.333644 0.320000
v -0.358577 0.332716 0.334289
v -0.353333 0.330933 0.343333
v -0.350207 0.336741 -0.340207
v -0.353333 0.338867 -0.331667
v -0.354749 0.339829 -0.320000
v -0.354749 0.339829 0.320000
v -0.353333 0.338867 0.331667
v -0.350207 0.336741 0.340207
v 0.350207 0.057659 -0.340207
v 0.353333 0.055533 -0.331667
v 0.354749 0.054571 -0.320000
v 0.354749 0.054571 0.320000
v 0.353333 0.055533 0.331667
v 0.350207 0.057659 0.340207
v 0.353333 0.063467 -0.343333
v 0.358577 0.061684 -0.334289
v 0.361305 0.060756 -0.320000
v 0.361305 0.060756 0.320000
v 0.358577 0.061684 0.334289
v 0.353333 0.063467 0.343333
v 0.354749 0.071400 -0.344749
v 0.361305 0.071400 -0.335652
v 0.365000 0.071400 -0.320000
v 0.365000 0.071400 0.320000
v 0.361305 0.071400 0.335652
v 0.354749 0.071400 0.344749
v 0.354749 0.323000 -0.344749
v 0.361305 0.323000 -0.335652
v 0.365000 0.323000 -0.320000
v 0.365000 0.323000 0.320000
v 0.361305 0.323000 0.335652
v 0.354749 0.323000 0.344749
v 0.353333 0.330933 -0.343333
v 0.358577 0.332716 -0.334289
v 0.361305 0.333644 -0.320000
v 0.361305 0.333644 0.320000
v 0.358577 0.332716 0.334289
v 0.353333 0.330933 0.343333
v 0.350207 0.336741 -0.340207
v 0.353333 0.338867 -0.331667
v 0.354749 0.339829 -0.320000
v 0.354749 0.339829 0.320000
v 0.353333 0.338867 0.331667
v 0.350207 0.336741 0.340207
v -0.350207 0.057659 -0.340207
v -0.341667 0.055533 -0.343333
v -0.330000 0.054571 -0.344749
v 0.330000 0.054571 -0.344749
v 0.341667 0.055533 -0.343333
v 0.350207 0.057659 -0.340207
v -0.353333 0.055533 -0.331667
v -0.344289 0.051967 -0.334289
v -0.330000 0.050113 -0.335652
v 0.330000 0.050113 -0.335652
v 0.344289 0.051967 -0.334289
v 0.353333 0.055533 -0.331667
v -0.354749 0.054571 -0.320000
v -0.345652 0.050113 -0.320000
v -0.330000 0.047600 -0.320000
v 0.330000 0.047600 -0.320000
v 0.345652 0.050113 -0.320000
v 0.354749 0.054571 -0.320000
v -0.354749 0.054571 0.320000
v -0.345652 0.050113 0.320000
v -0.330000 0.047600 0.320000
v 0.330000 0.047600 0.320000
v 0.345652 0.050113 0.320000
v 0.354749 0.054571 0.320000
v -0.353333 0.055533 0.331667
v -0.344289 0.051967 0.334289
v -0.330000 0.050113 0.335652
v 0.330000 0.050113 0.335652
v 0.344289 0.051967 0.334289
v 0.353333 0.055533 0.331667
v -0.350207 0.057659 0.340207
v -0.341667 0.055533 0.343333
v -0.330000 0.054571 0.344749
v 0.330000 0.054571 0.344749
v 0.341667 0.055533 0.343333
v 0.350207 0.057659 0.340207
v -0.350207 0.336741 -0.340207
v -0.341667 0.338867 -0.343333
v -0.330000 0.339829 -0.344749
v 0.330000 0.339829 -0.344749
v 0.341667 0.338867 -0.343333
v 0.350207 0.336741 -0.340207
v -0.353333 0.338867 -0.331667
v -0.344289 0.342433 -0.334289
v -0.330000 0.344287 -0.335652
v 0.330000 0.344287 -0.335652
v 0.344289 0.342433 -0.334289
v 0.353333 0.338867 -0.331667
v -0.354749 0.339829 -0.320000
v -0.345652 0.344287 -0.320000
v -0.330000 0.346800 -0.320000
v 0.330000 0.346800 -0.320000
v 0.345652 0.344287 -0.320000
v 0.354749 0.339829 -0.320000
v -0.354749 0.339829 0.320000
v -0.345652 0.344287 0.320000
v -0.330000 0.346800 0.320000
v 0.330000 0.346800 0.320000
v 0.345652 0.344287 0.320000
v 0.354749 0.339829 0.320000
v -0.353333 0.338867 0.331667
v -0.344289 0.342433 0.334289
v -0.330000 0.344287 0.335652
v 0.330000 0.344287 0.335652
v 0.344289 0.342433 0.334289
v 0.353333 0.338867 0.331667
v -0.350207 0.336741 0.340207
v -0.341667 0.338867 0.343333
v -0.330000 0.339829 0.344749
v 0.330000 0.339829 0.344749
v 0.341667 0.338867 0.343333
v 0.350207 0.336741 0.340207
v -0.350207 0.057659 -0.340207
v -0.353333 0.063467 -0.343333
v -0.354749 0.071400 -0.344749
v -0.354749 0.323000 -0.344749
v -0.353333 0.330933 -0.343333
v -0.350207 0.336741 -0.340207
v -0.341667 0.055533 -0.343333
v -0.344289 0.061684 -0.348577
v -0.345652 0.071400 -0.351305
v -0.345652 0.323000 -0.351305
v -0.344289 0.332716 -0.348577
v -0.341667 0.338867 -0.343333
v -0.330000 0.054571 -0.344749
v -0.330000 0.060756 -0.351305
v -0.330000 0.071400 -0.355000
v -0.330000 0.323000 -0.355000
v -0.330000 0.333644 -0.351305
v -0.330000 0.339829 -0.344749
v 0.330000 0.054571 -0.344749
v 0.330000 0.060756 -0.351305
v 0.330000 0.071400 -0.355000
v 0.330000 0.323000 -0.355000
v 0.330000 0.333644 -0.351305
v 0.330000 0.339829 -0.344749
v 0.341667 0.055533 -0.343333
v 0.344289 0.061684 -0.348577
v 0.345652 0.071400 -0.351305
v 0.345652 0.323000 -0.351305
v 0.344289 0.332716 -0.348577
v 0.341667 0.338867 -0.343333
v 0.350207 0.057659 -0.340207
v 0.353333 0.063467 -0.343333
v 0.354749 0.071400 -0.344749
v 0.354749 0.323000 -0.344749
v 0.353333 0.330933 -0.343333
v 0.350207 0.336741 -0.340207
v -0.350207 0.057659 0.340207
v -0.353333 0.063467 0.343333
v -0.354749 0.071400 0.344749
v -0.354749 0.323000 0.344749
v -0.353333 0.330933 0.343333
v -0.350207 0.336741 0.340207
v -0.341667 0.055533 0.343333
v -0.344289 0.061684 0.348577
v -0.345652 0.071400 0.351305
v -0.345652 0.323000 0.351305
v -0.344289 0.332716 0.348577
v -0.341667 0.338867 0.343333
v -0.330000 0.054571 0.344749
v -0.330000 0.060756 0.351305
v -0.330000 0.071400 0.355000
v -0.330000 0.323000 0.355000
v -0.330000 0.333644 0.351305
v -0.330000 0.339829 0.344749
v 0.330000 0.054571 0.344749
v 0.330000 0.060756 0.351305
v 0.330000 0.071400 0.355000
v 0.330000 0.323000 0.355000
v 0.330000 0.333644 0.351305
v 0.330000 0.339829 0.344749
v 0.341667 0.055533 0.343333
v 0.344289 0.061684 0.348577
v 0.345652 0.071400 0.351305
v 0.345652 0.323000 0.351305
v 0.344289 0.332716 0.348577
v 0.341667 0.338867 0.343333
v 0.350207 0.057659 0.340207
v 0.353333 0.063467 0.343333
v 0.354749 0.071400 0.344749
v 0.354749 0.323000 0.344749
v 0.353333 0.330933 0.343333
v 0.350207 0.336741 0.340207
v -0.325907 0.099683 0.358593
v -0.326667 0.099167 0.360667
v -0.327010 0.098933 0.363500
v -0.327010 0.098933 0.366500
v -0.326667 0.099167 0.369333
v -0.325907 0.099683 0.371407
v -0.326667 0.101093 0.357833
v -0.327940 0.100660 0.360030
v -0.328603 0.100435 0.363500
v -0.328603 0.100435 0.366500
v -0.327940 0.100660 0.369970
v -0.326667 0.101093 0.372167
v -0.327010 0.103020 0.357490
v -0.328603 0.103020 0.359699
v -0.329500 0.103020 0.363500
v -0.329500 0.103020 0.366500
v -0.328603 0.103020 0.370301
v -0.327010 0.103020 0.372510
v -0.327010 0.302260 0.357490
v -0.328603 0.302260 0.359699
v -0.329500 0.302260 0.363500
v -0.329500 0.302260 0.366500
v -0.328603 0.302260 0.370301
v -0.327010 0.302260 0.372510
v -0.326667 0.304187 0.357833
v -0.327940 0.304620 0.360030
v -0.328603 0.304845 0.363500
v -0.328603 0.304845 0.366500
v -0.327940 0.304620 0.369970
v -0.326667 0.304187 0.372167
v -0.325907 0.305597 0.358593
v -0.326667 0.306113 0.360667
v -0.327010 0.306347 0.363500
v -0.327010 0.306347 0.366500
v -0.326667 0.306113 0.369333
v -0.325907 0.305597 0.371407
v -0.018093 0.099683 0.358593
v -0.017333 0.099167 0.360667
v -0.016990 0.098933 0.363500
v -0.016990 0.098933 0.366500
v -0.017333 0.099167 0.369333
v -0.018093 0.099683 0.371407
v -0.017333 0.101093 0.357833
v -0.016060 0.100660 0.360030
v -0.015397 0.100435 0.363500
v -0.015397 0.100435 0.366500
v -0.016060 0.100660 0.369970
v -0.017333 0.101093 0.372167
v -0.016990 0.103020 0.357490
v -0.015397 0.103020 0.359699
v -0.014500 0.103020 0.363500
v -0.014500 0.103020 0.366500
v -0.015397 0.103020 0.370301
v -0.016990 0.103020 0.372510
v -0.016990 0.302260 0.357490
v -0.015397 0.302260 0.359699
v -0.014500 0.302260 0.363500
v -0.014500 0.302260 0.366500
v -0.015397 0.302260 0.370301
v -0.016990 0.302260 0.372510
v -0.017333 0.304187 0.357833
v -0.016060 0.304620 0.360030
v -0.015397 0.304845 0.363500
v -0.015397 0.304845 0.366500
v -0.016060 0.304620 0.369970
v -0.017333 0.304187 0.372167
v -0.018093 0.305597 0.358593
v -0.017333 0.306113 0.360667
v -0.016990 0.306347 0.363500
v -0.016990 0.306347 0.366500
v -0.017333 0.306113 0.369333
v -0.018093 0.305597 0.371407
v -0.325907 0.099683 0.358593
v -0.323833 0.099167 0.357833
v -0.321000 0.098933 0.357490
v -0.023000 0.098933 0.357490
v -0.020167 0.099167 0.357833
v -0.018093 0.099683 0.358593
v -0.326667 0.099167 0.360667
v -0.324470 0.098301 0.360030
v -0.321000 0.097850 0.359699
v -0.023000 0.097850 0.359699
v -0.019530 0.098301 0.360030
v -0.017333 0.099167 0.360667
v -0.327010 0.098933 0.363500
v -0.324801 0.097850 0.363500
v -0.321000 0.097240 0.363500
v -0.023000 0.097240 0.363500
v -0.019199 0.097850 0.363500
v -0.016990 0.098933 0.363500
v -0.327010 0.098933 0.366500
v -0.324801 0.097850 0.366500
v -0.321000 0.097240 0.366500
v -0.023000 0.097240 0.366500
v -0.019199 0.097850 0.366500
v -0.016990 0.098933 0.366500
v -0.326667 0.099167 0.369333
v -0.324470 0.098301 0.369970
v -0.321000 0.097850 0.370301
v -0.023000 0.097850 0.370301
v -0.019530 0.098301 0.369970
v -0.017333 0.099167 0.369333
v -0.325907 0.099683 0.371407
v -0.323833 0.099167 0.372167
v -0.321000 0.098933 0.372510
v -0.023000 0.098933 0.372510
v -0.020167 0.099167 0.372167
v -0.018093 0.099683 0.371407
v -0.325907 0.305597 0.358593
v -0.323833 0.306113 0.357833
v -0.321000 0.306347 0.357490
v -0.023000 0.306347 0.357490
v -0.020167 0.306113 0.357833
v -0.018093 0.305597 0.358593
v -0.326667 0.306113 0.360667
v -0.324470 0.306979 0.360030
v -0.321000 0.307430 0.359699
v -0.023000 0.307430 0.359699
v -0.019530 0.306979 0.360030
v -0.017333 0.306113 0.360667
v -0.327010 0.306347 0.363500
v -0.324801 0.307430 0.363500
v -0.321000 0.308040 0.363500
v -0.023000 0.308040 0.363500
v -0.019199 0.307430 0.363500
v -0.016990 0.306347 0.363500
v -0.327010 0.306347 0.366500
v -0.324801 0.307430 0.366500
v -0.321000 0.308040 0.366500
v -0.023000 0.308040 0.366500
v -0.019199 0.307430 0.366500
v -0.016990 0.306347 0.366500
v -0.326667 0.306113 0.369333
v -0.324470 0.306979 0.369970
v -0.321000 0.307430 0.370301
v -0.023000 0.307430 0.370301
v -0.019530 0.306979 0.369970
v -0.017333 0.306113 0.369333
v -0.325907 0.305597 0.371407
v -0.323833 0.306113 0.372167
v -0.321000 0.306347 0.372510
v -0.023000 0.306347 0.372510
v -0.020167 0.306113 0.372167
v -0.018093 0.305597 0.371407
v -0.325907 0.099683 0.358593
v -0.326667 0.101093 0.357833
v -0.327010 0.103020 0.357490
v -0.327010 0.302260 0.357490
v -0.326667 0.304187 0.357833
v -0.325907 0.305597 0.358593
v -0.323833 0.099167 0.357833
v -0.324470 0.100660 0.356560
v -0.324801 0.103020 0.355897
v -0.324801 0.302260 0.355897
v -0.324470 0.304620 0.356560
v -0.323833 0.306113 0.357833
v -0.321000 0.098933 0.357490
v -0.321000 0.100435 0.355897
v -0.321000 0.103020 0.355000
v -0.321000 0.302260 0.355000
v -0.321000 0.304845 0.355897
v -0.321000 0.306347 0.357490
v -0.023000 0.098933 0.357490
v -0.023000 0.100435 0.355897
v -0.023000 0.103020 0.355000
v -0.023000 0.302260 0.355000
v -0.023000 0.304845 0.355897
v -0.023000 0.306347 0.357490
v -0.020167 0.099167 0.357833
v -0.019530 0.100660 0.356560
v -0.019199 0.103020 0.355897
v -0.019199 0.302260 0.355897
v -0.019530 0.304620 0.356560
v -0.020167 0.306113 0.357833
v -0.018093 0.099683 0.358593
v -0.017333 0.101093 0.357833
v -0.016990 0.103020 0.357490
v -0.016990 0.302260 0.357490
v -0.017333 0.304187 0.357833
v -0.018093 0.305597 0.358593
v -0.325907 0.099683 0.371407
v -0.326667 0.101093 0.372167
v -0.327010 0.103020 0.372510
v -0.327010 0.302260 0.372510
v -0.326667 0.304187 0.372167
v -0.325907 0.305597 0.371407
v -0.323833 0.099167 0.372167
v -0.324470 0.100660 0.373440
v -0.324801 0.103020 0.374103
v -0.324801 0.302260 0.374103
v -0.324470 0.304620 0.373440
v -0.323833 0.306113 0.372167
v -0.321000 0.098933 0.372510
v -0.321000 0.100435 0.374103
v -0.321000 0.103020 0.375000
v -0.321000 0.302260 0.375000
v -0.321000 0.304845 0.374103
v -0.321000 0.306347 0.372510
v -0.023000 0.098933 0.372510
v -0.023000 0.100435 0.374103
v -0.023000 0.103020 0.375000
v -0.023000 0.302260 0.375000
v -0.023000 0.304845 0.374103
v -0.023000 0.306347 0.372510
v -0.020167 0.099167 0.372167
v -0.019530 0.100660 0.373440
v -0.019199 0.103020 0.374103
v -0.019199 0.302260 0.374103
v -0.019530 0.304620 0.373440
v -0.020167 0.306113 0.372167
v -0.018093 0.099683 0.371407
v -0.017333 0.101093 0.372167
v -0.016990 0.103020 0.372510
v -0.016990 0.302260 0.372510
v -0.017333 0.304187 0.372167
v -0.018093 0.305597 0.371407
v 0.018093 0.099683 0.358593
v 0.017333 0.099167 0.360667
v 0.016990 0.098933 0.363500
v 0.016990 0.098933 0.366500
v 0.017333 0.099167 0.369333
v 0.018093 0.099683 0.371407
v 0.017333 0.101093 0.357833
v 0.016060 0.100660 0.360030
v 0.015397 0.100435 0.363500
v 0.015397 0.100435 0.366500
v 0.016060 0.100660 0.369970
v 0.017333 0.101093 0.372167
v 0.016990 0.103020 0.357490
v 0.015397 0.103020 0.359699
v 0.014500 0.103020 0.363500
v 0.014500 0.103020 0.366500
v 0.015397 0.103020 0.370301
v 0.016990 0.103020 0.372510
v 0.016990 0.302260 0.357490
v 0.015397 0.302260 0.359699
v 0.014500 0.302260 0.363500
v 0.014500 0.302260 0.366500
v 0.015397 0.302260 0.370301
v 0.016990 0.302260 0.372510
v 0.017333 0.304187 0.357833
v 0.016060 0.304620 0.360030
v 0.015397 0.304845 0.363500
v 0.015397 0.304845 0.366500
v 0.016060 0.304620 0.369970
v 0.017333 0.304187 0.372167
v 0.018093 0.305597 0.358593
v 0.017333 0.306113 0.360667
v 0.016990 0.306347 0.363500
v 0.016990 0.306347 0.366500
v 0.017333 0.306113 0.369333
v 0.018093 0.305597 0.371407
v 0.325907 0.099683 0.358593
v 0.326667 0.099167 0.360667
v 0.327010 0.098933 0.363500
v 0.327010 0.098933 0.366500
v 0.326667 0.099167 0.369333
v 0.325907 0.099683 0.371407
v 0.326667 0.101093 0.357833
v 0.327940 0.100660 0.360030
v 0.328603 0.100435 0.363500
v 0.328603 0.100435 0.366500
v 0.327940 0.100660 0.369970
v 0.326667 0.101093 0.372167
v 0.327010 0.103020 0.357490
v 0.328603 0.103020 0.359699
v 0.329500 0.103020 0.363500
v 0.329500 0.103020 0.366500
v 0.328603 0.103020 0.370301
v 0.327010 0.103020 0.372510
v 0.327010 0.302260 0.357490
v 0.328603 0.302260 0.359699
v 0.329500 0.302260 0.363500
v 0.329500 0.302260 0.366500
v 0.328603 0.302260 0.370301
v 0.327010 0.302260 0.372510
v 0.326667 0.304187 0.357833
v 0.327940 0.304620 0.360030
v 0.328603 0.304845 0.363500
v 0.328603 0.304845 0.366500
v 0.327940 0.304620 0.369970
v 0.326667 0.304187 0.372167
v 0.325907 0.305597 0.358593
v 0.326667 0.306113 0.360667
v 0.327010 0.306347 0.363500
v 0.327010 0.306347 0.366500
v 0.326667 0.306113 0.369333
v 0.325907 0.305597 0.371407
v 0.018093 0.099683 0.358593
v 0.020167 0.099167 0.357833
v 0.023000 0.098933 0.357490
v 0.321000 0.098933 0.357490
v 0.323833 0.099167 0.357833
v 0.325907 0.099683 0.358593
v 0.017333 0.099167 0.360667
v 0.019530 0.098301 0.360030
v 0.023000 0.097850 0.359699
v 0.321000 0.097850 0.359699
v 0.324470 0.098301 0.360030
v 0.326667 0.099167 0.360667
v 0.016990 0.098933 0.363500
v 0.019199 0.097850 0.363500
v 0.023000 0.097240 0.363500
v 0.321000 0.097240 0.363500
v 0.324801 0.097850 0.363500
v 0.327010 0.098933 0.363500
v 0.016990 0.098933 0.366500
v 0.019199 0.097850 0.366500
v 0.023000 0.097240 0.366500
v 0.321000 0.097240 0.366500
v 0.324801 0.097850 0.366500
v 0.327010 0.098933 0.366500
v 0.017333 0.099167 0.369333
v 0.019530 0.098301 0.369970
v 0.023000 0.097850 0.370301
v 0.321000 0.097850 0.370301
v 0.324470 0.098301 0.369970
v 0.326667 0.099167 0.369333
v 0.018093 0.099683 0.371407
v 0.020167 0.099167 0.372167
v 0.023000 0.098933 0.372510
v 0.321000 0.098933 0.372510
v 0.323833 0.099167 0.372167
v 0.325907 0.099683 0.371407
v 0.018093 0.305597 0.358593
v 0.020167 0.306113 0.357833
v 0.023000 0.306347 0.357490
v 0.321000 0.306347 0.357490
v 0.323833 0.306113 0.357833
v 0.325907 0.305597 0.358593
v 0.017333 0.306113 0.360667
v 0.019530 0.306979 0.360030
v 0.023000 0.307430 0.359699
v 0.321000 0.307430 0.359699
v 0.324470 0.306979 0.360030
v 0.326667 0.306113 0.360667
v 0.016990 0.306347 0.363500
v 0.019199 0.307430 0.363500
v 0.023000 0.308040 0.363500
v 0.321000 0.308040 0.363500
v 0.324801 0.307430 0.363500
v 0.327010 0.306347 0.363500
v 0.016990 0.306347 0.366500
v 0.019199 0.307430 0.366500
v 0.023000 0.308040 0.366500
v 0.321000 0.308040 0.366500
v 0.324801 0.307430 0.366500
v 0.327010 0.306347 0.366500
v 0.017333 0.306113 0.369333
v 0.019530 0.306979 0.369970
v 0.023000 0.307430 0.370301
v 0.321000 0.307430 0.370301
v 0.324470 0.306979 0.369970
v 0.326667 0.306113 0.369333
v 0.018093 0.305597 0.371407
v 0.020167 0.306113 0.372167
v 0.023000 0.306347 0.372510
v 0.321000 0.306347 0.372510
v 0.323833 0.306113 0.372167
v 0.325907 0.305597 0.371407
v 0.018093 0.099683 0.358593
v 0.017333 0.101093 0.357833
v 0.016990 0.103020 0.357490
v 0.016990 0.302260 0.357490
v 0.017333 0.304187 0.357833
v 0.018093 0.305597 0.358593
v 0.020167 0.099167 0.357833
v 0.019530 0.100660 0.356560
v 0.019199 0.103020 0.355897
v 0.019199 0.302260 0.355897
v 0.019530 0.304620 0.356560
v 0.020167 0.306113 0.357833
v 0.023000 0.098933 0.357490
v 0.023000 0.100435 0.355897
v 0.023000 0.103020 0.355000
v 0.023000 0.302260 0.355000
v 0.023000 0.304845 0.355897
v 0.023000 0.306347 0.357490
v 0.321000 0.098933 0.357490
v 0.321000 0.100435 0.355897
v 0.321000 0.103020 0.355000
v 0.321000 0.302260 0.355000
v 0.321000 0.304845 0.355897
v 0.321000 0.306347 0.357490
v 0.323833 0.099167 0.357833
v 0.324470 0.100660 0.356560
v 0.324801 0.103020 0.355897
v 0.324801 0.302260 0.355897
v 0.324470 0.304620 0.356560
v 0.323833 0.306113 0.357833
v 0.325907 0.099683 0.358593
v 0.326667 0.101093 0.357833
v 0.327010 0.103020 0.357490
v 0.327010 0.302260 0.357490
v 0.326667 0.304187 0.357833
v 0.325907 0.305597 0.358593
v 0.018093 0.099683 0.371407
v 0.017333 0.101093 0.372167
v 0.016990 0.103020 0.372510
v 0.016990 0.302260 0.372510
v 0.017333 0.304187 0.372167
v 0.018093 0.305597 0.371407
v 0.020167 0.099167 0.372167
v 0.019530 0.100660 0.373440
v 0.019199 0.103020 0.374103
v 0.019199 0.302260 0.374103
v 0.019530 0.304620 0.373440
v 0.020167 0.306113 0.372167
v 0.023000 0.098933 0.372510
v 0.023000 0.100435 0.374103
v 0.023000 0.103020 0.375000
v 0.023000 0.302260 0.375000
v 0.023000 0.304845 0.374103
v 0.023000 0.306347 0.372510
v 0.321000 0.098933 0.372510
v 0.321000 0.100435 0.374103
v 0.321000 0.103020 0.375000
v 0.321000 0.302260 0.375000
v 0.321000 0.304845 0.374103
v 0.321000 0.306347 0.372510
v 0.323833 0.099167 0.372167
v 0.324470 0.100660 0.373440
v 0.324801 0.103020 0.374103
v 0.324801 0.302260 0.374103
v 0.324470 0.304620 0.373440
v 0.323833 0.306113 0.372167
v 0.325907 0.099683 0.371407
v 0.326667 0.101093 0.372167
v 0.327010 0.103020 0.372510
v 0.327010 0.302260 0.372510
v 0.326667 0.304187 0.372167
v 0.325907 0.305597 0.371407
vn -0.490135 -0.720787 -0.490135
vn -0.534082 -0.785415 -0.312858
vn -0.562300 -0.826912 -0.005832
vn -0.562310 -0.826926 0.001232
vn -0.549577 -0.808201 0.211606
vn -0.496038 -0.729467 0.470983
vn -0.603891 -0.520222 -0.603891
vn -0.796314 -0.500194 -0.340132
vn -0.809916 -0.586526 -0.004891
vn -0.890590 -0.454795 0.003443
vn -0.833341 -0.457092 0.310822
vn -0.642635 -0.441589 0.626115
vn -0.706990 -0.018156 -0.706990
vn -0.898070 -0.013538 -0.439644
vn -0.999603 -0.026195 -0.010389
vn -0.999968 -0.007401 0.002996
vn -0.944198 -0.009168 0.329252
vn -0.741465 -0.008811 0.670933
vn -0.707101 0.003916 -0.707101
vn -0.944198 0.009168 -0.329252
vn -0.999968 0.007401 -0.002996
vn -0.999603 0.026195 0.010389
vn -0.898070 0.013538 0.439644
vn -0.670933 0.008811 0.741465
vn -0.656445 0.371698 -0.656445
vn -0.833341 0.457092 -0.310822
vn -0.890590 0.454795 -0.003443
vn -0.809916 0.586526 0.004891
vn -0.796314 0.500194 0.340132
vn -0.626115 0.441589 0.642635
vn -0.503175 0.702588 -0.503175
vn -0.552899 0.792186 -0.258350
vn -0.602081 0.798430 -0.002846
vn -0.522742 0.852487 0.002740
vn -0.533893 0.805851 0.256051
vn -0.470983 0.729467 0.496038
vn 0.470983 -0.729467 -0.496038
vn 0.533893 -0.805851 -0.256051
vn 0.522742 -0.852487 -0.002740
vn 0.602081 -0.798430 0.002846
vn 0.552899 -0.792186 0.258350
vn 0.503175 -0.702588 0.503175
vn 0.626115 -0.441589 -0.642635
vn 0.796314 -0.500194 -0.340132
vn 0.809916 -0.586526 -0.004891
vn 0.890590 -0.454795 0.003443
vn 0.833341 -0.457092 0.310822
vn 0.656445 -0.371698 0.656445
vn 0.670933 -0.008811 -0.741465
vn 0.898070 -0.013538 -0.439644
vn 0.999603 -0.026195 -0.010389
vn 0.999968 -0.007401 0.002996
vn 0.944198 -0.009168 0.329252
vn 0.707101 -0.003916 0.707101
vn 0.741465 0.008811 -0.670933
vn 0.944198 0.009168 -0.329252
vn 0.999968 0.007401 -0.002996
vn 0.999603 0.026195 0.010389
vn 0.898070 0.013538 0.439644
vn 0.706990 0.018156 0.706990
vn 0.642635 0.441589 -0.626115
vn 0.833341 0.457092 -0.310822
vn 0.890590 0.454795 -0.003443
vn 0.809916 0.586526 0.004891
vn 0.796314 0.500194 0.340132
vn 0.603891 0.520222 0.603891
vn 0.496038 0.729467 -0.470983
vn 0.549577 0.808201 -0.211606
vn 0.562310 0.826926 -0.001232
vn 0.562300 0.826912 0.005832
vn 0.534082 0.785415 0.312858
vn 0.490135 0.720787 0.490135
vn -0.490135 -0.720787 -0.490135
vn -0.312858 -0.785415 -0.534082
vn -0.005662 -0.826913 -0.562301
vn 0.001195 -0.826926 -0.562310
vn 0.211606 -0.808201 -0.549577
vn 0.470983 -0.729467 -0.496038
vn -0.534082 -0.785415 -0.312858
vn -0.268668 -0.925005 -0.268668
vn -0.003778 -0.948217 -0.317601
vn 0.002482 -0.973241 -0.229773
vn 0.238736 -0.941281 -0.238736
vn 0.533893 -0.805851 -0.256051
vn -0.562300 -0.826912 -0.005832
vn -0.317529 -0.948240 -0.003894
vn -0.007026 -0.999949 -0.007243
vn 0.001937 -0.999996 -0.001995
vn 0.229812 -0.973232 -0.002558
vn 0.522742 -0.852487 -0.002740
vn -0.562310 -0.826926 0.001232
vn -0.229812 -0.973232 0.002558
vn -0.001937 -0.999996 0.001995
vn 0.007026 -0.999949 0.007243
vn 0.317529 -0.948240 0.003894
vn 0.602081 -0.798430 0.002846
vn -0.549577 -0.808201 0.211606
vn -0.238736 -0.941281 0.238736
vn -0.002482 -0.973241 0.229773
vn 0.003778 -0.948217 0.317601
vn 0.268668 -0.925005 0.268668
vn 0.552899 -0.792186 0.258350
vn -0.496038 -0.729467 0.470983
vn -0.256051 -0.805851 0.533893
vn -0.002659 -0.852521 0.522687
vn 0.002762 -0.798388 0.602137
vn 0.258350 -0.792186 0.552899
vn 0.503175 -0.702588 0.503175
vn -0.503175 0.702588 -0.503175
vn -0.258350 0.792186 -0.552899
vn -0.002762 0.798388 -0.602137
vn 0.002659 0.852521 -0.522687
vn 0.256051 0.805851 -0.533893
vn 0.496038 0.729467 -0.470983
vn -0.552899 0.792186 -0.258350
vn -0.268668 0.925005 -0.268668
vn -0.003778 0.948217 -0.317601
vn 0.002482 0.973241 -0.229773
vn 0.238736 0.941281 -0.238736
vn 0.549577 0.808201 -0.211606
vn -0.602081 0.798430 -0.002846
vn -0.317529 0.948240 -0.003894
vn -0.007026 0.999949 -0.007243
vn 0.001937 0.999996 -0.001995
vn 0.229812 0.973232 -0.002558
vn 0.562310 0.826926 -0.001232
vn -0.522742 0.852487 0.002740
vn -0.229812 0.973232 0.002558
vn -0.001937 0.999996 0.001995
vn 0.007026 0.999949 0.007243
vn 0.317529 0.948240 0.003894
vn 0.562300 0.826912 0.005832
vn -0.533893 0.805851 0.256051
vn -0.238736 0.941281 0.238736
vn -0.002482 0.973241 0.229773
vn 0.003778 0.948217 0.317601
vn 0.268668 0.925005 0.268668
vn 0.534082 0.785415 0.312858
vn -0.470983 0.729467 0.496038
vn -0.211606 0.808201 0.549577
vn -0.001195 0.826926 0.562310
vn 0.005662 0.826913 0.562301
vn 0.312858 0.785415 0.534082
vn 0.490135 0.720787 0.490135
vn -0.490135 -0.720787 -0.490135
vn -0.603891 -0.520222 -0.603891
vn -0.706990 -0.018156 -0.706990
vn -0.707101 0.003916 -0.707101
vn -0.656445 0.371698 -0.656445
vn -0.503175 0.702588 -0.503175
vn -0.312858 -0.785415 -0.534082
vn -0.340132 -0.500194 -0.796314
vn -0.439644 -0.013538 -0.898070
vn -0.329252 0.009168 -0.944198
vn -0.310822 0.457092 -0.833341
vn -0.258350 0.792186 -0.552899
vn -0.005662 -0.826913 -0.562301
vn -0.004746 -0.586622 -0.809847
vn -0.010087 -0.026221 -0.999605
vn -0.002906 0.007395 -0.999968
vn -0.003340 0.454731 -0.890623
vn -0.002762 0.798388 -0.602137
vn 0.001195 -0.826926 -0.562310
vn 0.003340 -0.454731 -0.890623
vn 0.002906 -0.007395 -0.999968
vn 0.010087 0.026221 -0.999605
vn 0.004746 0.586622 -0.809847
vn 0.002659 0.852521 -0.522687
vn 0.211606 -0.808201 -0.549577
vn 0.310822 -0.457092 -0.833341
vn 0.329252 -0.009168 -0.944198
vn 0.439644 0.013538 -0.898070
vn 0.340132 0.500194 -0.796314
vn 0.256051 0.805851 -0.533893
vn 0.470983 -0.729467 -0.496038
vn 0.626115 -0.441589 -0.642635
vn 0.670933 -0.008811 -0.741465
vn 0.741465 0.008811 -0.670933
vn 0.642635 0.441589 -0.626115
vn 0.496038 0.729467 -0.470983
vn -0.496038 -0.729467 0.470983
vn -0.642635 -0.441589 0.626115
vn -0.741465 -0.008811 0.670933
vn -0.670933 0.008811 0.741465
vn -0.626115 0.441589 0.642635
vn -0.470983 0.729467 0.496038
vn -0.256051 -0.805851 0.533893
vn -0.340132 -0.500194 0.796314
vn -0.439644 -0.013538 0.898070
vn -0.329252 0.009168 0.944198
vn -0.310822 0.457092 0.833341
vn -0.211606 0.808201 0.549577
vn -0.002659 -0.852521 0.522687
vn -0.004746 -0.586622 0.809847
vn -0.010087 -0.026221 0.999605
vn -0.002906 0.007395 0.999968
vn -0.003340 0.454731 0.890623
vn -0.001195 0.826926 0.562310
vn 0.002762 -0.798388 0.602137
vn 0.003340 -0.454731 0.890623
vn 0.002906 -0.007395 0.999968
vn 0.010087 0.026221 0.999605
vn 0.004746 0.586622 0.809847
vn 0.005662 0.826913 0.562301
vn 0.258350 -0.792186 0.552899
vn 0.310822 -0.457092 0.833341
vn 0.329252 -0.009168 0.944198
vn 0.439644 0.013538 0.898070
vn 0.340132 0.500194 0.796314
vn 0.312858 0.785415 0.534082
vn 0.503175 -0.702588 0.503175
vn 0.656445 -0.371698 0.656445
vn 0.707101 -0.003916 0.707101
vn 0.706990 0.018156 0.706990
vn 0.603891 0.520222 0.603891
vn 0.490135 0.720787 0.490135
vn -0.490135 -0.720787 -0.490135
vn -0.534082 -0.785415 -0.312858
vn -0.559294 -0.822491 -0.103437
vn -0.561772 -0.826136 0.043722
vn -0.549577 -0.808201 0.211606
vn -0.496038 -0.729467 0.470983
vn -0.603891 -0.520222 -0.603891
vn -0.796314 -0.500194 -0.340132
vn -0.854153 -0.507094 -0.115231
vn -0.857265 -0.506707 0.091347
vn -0.833341 -0.457092 0.310822
vn -0.642635 -0.441589 0.626115
vn -0.707095 -0.005824 -0.707095
vn -0.896429 -0.004275 -0.443166
vn -0.986115 -0.004057 -0.166014
vn -0.995748 -0.004339 0.092012
vn -0.944941 -0.002873 0.327229
vn -0.743397 -0.002763 0.668845
vn -0.707106 0.001214 -0.707106
vn -0.944941 0.002873 -0.327229
vn -0.995748 0.004339 -0.092012
vn -0.986115 0.004057 0.166014
vn -0.896429 0.004275 0.443166
vn -0.668845 0.002763 0.743397
vn -0.656445 0.371698 -0.656445
vn -0.833341 0.457092 -0.310822
vn -0.857265 0.506707 -0.091347
vn -0.854153 0.507094 0.115231
vn -0.796314 0.500194 0.340132
vn -0.626115 0.441589 0.642635
vn -0.503175 0.702588 -0.503175
vn -0.552899 0.792186 -0.258350
vn -0.552668 0.830131 -0.073762
vn -0.568873 0.819059 0.074335
vn -0.533893 0.805851 0.256051
vn -0.470983 0.729467 0.496038
vn 0.470983 -0.729467 -0.496038
vn 0.533893 -0.805851 -0.256051
vn 0.568873 -0.819059 -0.074335
vn 0.552668 -0.830131 0.073762
vn 0.552899 -0.792186 0.258350
vn 0.503175 -0.702588 0.503175
vn 0.626115 -0.441589 -0.642635
vn 0.796314 -0.500194 -0.340132
vn 0.854153 -0.507094 -0.115231
vn 0.857265 -0.506707 0.091347
vn 0.833341 -0.457092 0.310822
vn 0.656445 -0.371698 0.656445
vn 0.668845 -0.002763 -0.743397
vn 0.896429 -0.004275 -0.443166
vn 0.986115 -0.004057 -0.166014
vn 0.995748 -0.004339 0.092012
vn 0.944941 -0.002873 0.327229
vn 0.707106 -0.001214 0.707106
vn 0.743397 0.002763 -0.668845
vn 0.944941 0.002873 -0.327229
vn 0.995748 0.004339 -0.092012
vn 0.986115 0.004057 0.166014
vn 0.896429 0.004275 0.443166
vn 0.707095 0.005824 0.707095
vn 0.642635 0.441589 -0.626115
vn 0.833341 0.457092 -0.310822
vn 0.857265 0.506707 -0.091347
vn 0.854153 0.507094 0.115231
vn 0.796314 0.500194 0.340132
vn 0.603891 0.520222 0.603891
vn 0.496038 0.729467 -0.470983
vn 0.549577 0.808201 -0.211606
vn 0.561772 0.826136 -0.043722
vn 0.559294 0.822491 0.103437
vn 0.534082 0.785415 0.312858
vn 0.490135 0.720787 0.490135
vn -0.490135 -0.720787 -0.490135
vn -0.312858 -0.785415 -0.534082
vn -0.003098 -0.826923 -0.562307
vn 0.000646 -0.826926 -0.562310
vn 0.211606 -0.808201 -0.549577
vn 0.470983 -0.729467 -0.496038
vn -0.534082 -0.785415 -0.312858
vn -0.268668 -0.925005 -0.268668
vn -0.002055 -0.947864 -0.318668
vn 0.001346 -0.973378 -0.229200
vn 0.238736 -0.941281 -0.238736
vn 0.533893 -0.805851 -0.256051
vn -0.559294 -0.822491 -0.103437
vn -0.263694 -0.960573 -0.088120
vn -0.001859 -0.993508 -0.113746
vn 0.001978 -0.998030 -0.062702
vn 0.263001 -0.962273 -0.069724
vn 0.568873 -0.819059 -0.074335
vn -0.561772 -0.826136 0.043722
vn -0.263001 -0.962273 0.069724
vn -0.001978 -0.998030 0.062702
vn 0.001859 -0.993508 0.113746
vn 0.263694 -0.960573 0.088120
vn 0.552668 -0.830131 0.073762
vn -0.549577 -0.808201 0.211606
vn -0.238736 -0.941281 0.238736
vn -0.001346 -0.973378 0.229200
vn 0.002055 -0.947864 0.318668
vn 0.268668 -0.925005 0.268668
vn 0.552899 -0.792186 0.258350
vn -0.496038 -0.729467 0.470983
vn -0.256051 -0.805851 0.533893
vn -0.001442 -0.853027 0.521865
vn 0.001499 -0.797762 0.602971
vn 0.258350 -0.792186 0.552899
vn 0.503175 -0.702588 0.503175
vn -0.503175 0.702588 -0.503175
vn -0.258350 0.792186 -0.552899
vn -0.001499 0.797762 -0.602971
vn 0.001442 0.853027 -0.521865
vn 0.256051 0.805851 -0.533893
vn 0.496038 0.729467 -0.470983
vn -0.552899 0.792186 -0.258350
vn -0.268668 0.925005 -0.268668
vn -0.002055 0.947864 -0.318668
vn 0.001346 0.973378 -0.229200
vn 0.238736 0.941281 -0.238736
vn 0.549577 0.808201 -0.211606
vn -0.552668 0.830131 -0.073762
vn -0.263694 0.960573 -0.088120
vn -0.001859 0.993508 -0.113746
vn 0.001978 0.998030 -0.062702
vn 0.263001 0.962273 -0.069724
vn 0.561772 0.826136 -0.043722
vn -0.568873 0.819059 0.074335
vn -0.263001 0.962273 0.069724
vn -0.001978 0.998030 0.062702
vn 0.001859 0.993508 0.113746
vn 0.263694 0.960573 0.088120
vn 0.559294 0.822491 0.103437
vn -0.533893 0.805851 0.256051
vn -0.238736 0.941281 0.238736
vn -0.001346 0.973378 0.229200
vn 0.002055 0.947864 0.318668
vn 0.268668 0.925005 0.268668
vn 0.534082 0.785415 0.312858
vn -0.470983 0.729467 0.496038
vn -0.211606 0.808201 0.549577
vn -0.000646 0.826926 0.562310
vn 0.003098 0.826923 0.562307
vn 0.312858 0.785415 0.534082
vn 0.490135 0.720787 0.490135
vn -0.490135 -0.720787 -0.490135
vn -0.603891 -0.520222 -0.603891
vn -0.707095 -0.005824 -0.707095
vn -0.707106 0.001214 -0.707106
vn -0.656445 0.371698 -0.656445
vn -0.503175 0.702588 -0.503175
vn -0.312858 -0.785415 -0.534082
vn -0.340132 -0.500194 -0.796314
vn -0.443166 -0.004275 -0.896429
vn -0.327229 0.002873 -0.944941
vn -0.310822 0.457092 -0.833341
vn -0.258350 0.792186 -0.552899
vn -0.003098 -0.826923 -0.562307
vn -0.002579 -0.588061 -0.808813
vn -0.005764 -0.008620 -0.999946
vn -0.001520 0.002272 -0.999996
vn -0.001812 0.453782 -0.891111
vn -0.001499 0.797762 -0.602971
vn 0.000646 -0.826926 -0.562310
vn 0.001812 -0.453782 -0.891111
vn 0.001520 -0.002272 -0.999996
vn 0.005764 0.008620 -0.999946
vn 0.002579 0.588061 -0.808813
vn 0.001442 0.853027 -0.521865
vn 0.211606 -0.808201 -0.549577
vn 0.310822 -0.457092 -0.833341
vn 0.327229 -0.002873 -0.944941
vn 0.443166 0.004275 -0.896429
vn 0.340132 0.500194 -0.796314
vn 0.256051 0.805851 -0.533893
vn 0.470983 -0.729467 -0.496038
vn 0.626115 -0.441589 -0.642635
vn 0.668845 -0.002763 -0.743397
vn 0.743397 0.002763 -0.668845
vn 0.642635 0.441589 -0.626115
vn 0.496038 0.729467 -0.470983
vn -0.496038 -0.729467 0.470983
vn -0.642635 -0.441589 0.626115
vn -0.743397 -0.002763 0.668845
vn -0.668845 0.002763 0.743397
vn -0.626115 0.441589 0.642635
vn -0.470983 0.729467 0.496038
vn -0.256051 -0.805851 0.533893
vn -0.340132 -0.500194 0.796314
vn -0.443166 -0.004275 0.896429
vn -0.327229 0.002873 0.944941
vn -0.310822 0.457092 0.833341
vn -0.211606 0.808201 0.549577
vn -0.001442 -0.853027 0.521865
vn -0.002579 -0.588061 0.808813
vn -0.005764 -0.008620 0.999946
vn -0.001520 0.002272 0.999996
vn -0.001812 0.453782 0.891111
vn -0.000646 0.826926 0.562310
vn 0.001499 -0.797762 0.602971
vn 0.001812 -0.453782 0.891111
vn 0.001520 -0.002272 0.999996
vn 0.005764 0.008620 0.999946
vn 0.002579 0.588061 0.808813
vn 0.003098 0.826923 0.562307
vn 0.258350 -0.792186 0.552899
vn 0.310822 -0.457092 0.833341
vn 0.327229 -0.002873 0.944941
vn 0.443166 0.004275 0.896429
vn 0.340132 0.500194 0.796314
vn 0.312858 0.785415 0.534082
vn 0.503175 -0.702588 0.503175
vn 0.656445 -0.371698 0.656445
vn 0.707106 -0.001214 0.707106
vn 0.707095 0.005824 0.707095
vn 0.603891 0.520222 0.603891
vn 0.490135 0.720787 0.490135
vn -0.490135 -0.720787 -0.490135
vn -0.534082 -0.785415 -0.312858
vn -0.559294 -0.822491 -0.103437
vn -0.561772 -0.826136 0.043722
vn -0.549577 -0.808201 0.211606
vn -0.496038 -0.729467 0.470983
vn -0.603891 -0.520222 -0.603891
vn -0.796314 -0.500194 -0.340132
vn -0.854153 -0.507094 -0.115231
vn -0.857265 -0.506707 0.091347
vn -0.833341 -0.457092 0.310822
vn -0.642635 -0.441589 0.626115
vn -0.707095 -0.005824 -0.707095
vn -0.896429 -0.004275 -0.443166
vn -0.986115 -0.004057 -0.166014
vn -0.995748 -0.004339 0.092012
vn -0.944941 -0.002873 0.327229
vn -0.743397 -0.002763 0.668845
vn -0.707106 0.001214 -0.707106
vn -0.944941 0.002873 -0.327229
vn -0.995748 0.004339 -0.092012
vn -0.986115 0.004057 0.166014
vn -0.896429 0.004275 0.443166
vn -0.668845 0.002763 0.743397
vn -0.656445 0.371698 -0.656445
vn -0.833341 0.457092 -0.310822
vn -0.857265 0.506707 -0.091347
vn -0.854153 0.507094 0.115231
vn -0.796314 0.500194 0.340132
vn -0.626115 0.441589 0.642635
vn -0.503175 0.702588 -0.503175
vn -0.552899 0.792186 -0.258350
vn -0.552668 0.830131 -0.073762
vn -0.568873 0.819059 0.074335
vn -0.533893 0.805851 0.256051
vn -0.470983 0.729467 0.496038
vn 0.470983 -0.729467 -0.496038
vn 0.533893 -0.805851 -0.256051
vn 0.568873 -0.819059 -0.074335
vn 0.552668 -0.830131 0.073762
vn 0.552899 -0.792186 0.258350
vn 0.503175 -0.702588 0.503175
vn 0.626115 -0.441589 -0.642635
vn 0.796314 -0.500194 -0.340132
vn 0.854153 -0.507094 -0.115231
vn 0.857265 -0.506707 0.091347
vn 0.833341 -0.457092 0.310822
vn 0.656445 -0.371698 0.656445
vn 0.668845 -0.002763 -0.743397
vn 0.896429 -0.004275 -0.443166
vn 0.986115 -0.004057 -0.166014
vn 0.995748 -0.004339 0.092012
vn 0.944941 -0.002873 0.327229
vn 0.707106 -0.001214 0.707106
vn 0.743397 0.002763 -0.668845
vn 0.944941 0.002873 -0.327229
vn 0.995748 0.004339 -0.092012
vn 0.986115 0.004057 0.166014
vn 0.896429 0.004275 0.443166
vn 0.707095 0.005824 0.707095
vn 0.642635 0.441589 -0.626115
vn 0.833341 0.457092 -0.310822
vn 0.857265 0.506707 -0.091347
vn 0.854153 0.507094 0.115231
vn 0.796314 0.500194 0.340132
vn 0.603891 0.520222 0.603891
vn 0.496038 0.729467 -0.470983
vn 0.549577 0.808201 -0.211606
vn 0.561772 0.826136 -0.043722
vn 0.559294 0.822491 0.103437
vn 0.534082 0.785415 0.312858
vn 0.490135 0.720787 0.490135
vn -0.490135 -0.720787 -0.490135
vn -0.312858 -0.785415 -0.534082
vn -0.003098 -0.826923 -0.562307
vn 0.000646 -0.826926 -0.562310
vn 0.211606 -0.808201 -0.549577
vn 0.470983 -0.729467 -0.496038
vn -0.534082 -0.785415 -0.312858
vn -0.268668 -0.925005 -0.268668
vn -0.002055 -0.947864 -0.318668
vn 0.001346 -0.973378 -0.229200
vn 0.238736 -0.941281 -0.238736
vn 0.533893 -0.805851 -0.256051
vn -0.559294 -0.822491 -0.103437
vn -0.263694 -0.960573 -0.088120
vn -0.001859 -0.993508 -0.113746
vn 0.001978 -0.998030 -0.062702
vn 0.263001 -0.962273 -0.069724
vn 0.568873 -0.819059 -0.074335
vn -0.561772 -0.826136 0.043722
vn -0.263001 -0.962273 0.069724
vn -0.001978 -0.998030 0.062702
vn 0.001859 -0.993508 0.113746
vn 0.263694 -0.960573 0.088120
vn 0.552668 -0.830131 0.073762
vn -0.549577 -0.808201 0.211606
vn -0.238736 -0.941281 0.238736
vn -0.001346 -0.973378 0.229200
vn 0.002055 -0.947864 0.318668
vn 0.268668 -0.925005 0.268668
vn 0.552899 -0.792186 0.258350
vn -0.496038 -0.729467 0.470983
vn -0.256051 -0.805851 0.533893
vn -0.001442 -0.853027 0.521865
vn 0.001499 -0.797762 0.602971
vn 0.258350 -0.792186 0.552899
vn 0.503175 -0.702588 0.503175
vn -0.503175 0.702588 -0.503175
vn -0.258350 0.792186 -0.552899
vn -0.001499 0.797762 -0.602971
vn 0.001442 0.853027 -0.521865
vn 0.256051 0.805851 -0.533893
vn 0.496038 0.729467 -0.470983
vn -0.552899 0.792186 -0.258350
vn -0.268668 0.925005 -0.268668
vn -0.002055 0.947864 -0.318668
vn 0.001346 0.973378 -0.229200
vn 0.238736 0.941281 -0.238736
vn 0.549577 0.808201 -0.211606
vn -0.552668 0.830131 -0.073762
vn -0.263694 0.960573 -0.088120
vn -0.001859 0.993508 -0.113746
vn 0.001978 0.998030 -0.062702
vn 0.263001 0.962273 -0.069724
vn 0.561772 0.826136 -0.043722
vn -0.568873 0.819059 0.074335
vn -0.263001 0.962273 0.069724
vn -0.001978 0.998030 0.062702
vn 0.001859 0.993508 0.113746
vn 0.263694 0.960573 0.088120
vn 0.559294 0.822491 0.103437
vn -0.533893 0.805851 0.256051
vn -0.238736 0.941281 0.238736
vn -0.001346 0.973378 0.229200
vn 0.002055 0.947864 0.318668
vn 0.268668 0.925005 0.268668
vn 0.534082 0.785415 0.312858
vn -0.470983 0.729467 0.496038
vn -0.211606 0.808201 0.549577
vn -0.000646 0.826926 0.562310
vn 0.003098 0.826923 0.562307
vn 0.312858 0.785415 0.534082
vn 0.490135 0.720787 0.490135
vn -0.490135 -0.720787 -0.490135
vn -0.603891 -0.520222 -0.603891
vn -0.707095 -0.005824 -0.707095
vn -0.707106 0.001214 -0.707106
vn -0.656445 0.371698 -0.656445
vn -0.503175 0.702588 -0.503175
vn -0.312858 -0.785415 -0.534082
vn -0.340132 -0.500194 -0.796314
vn -0.443166 -0.004275 -0.896429
vn -0.327229 0.002873 -0.944941
vn -0.310822 0.457092 -0.833341
vn -0.258350 0.792186 -0.552899
vn -0.003098 -0.826923 -0.562307
vn -0.002579 -0.588061 -0.808813
vn -0.005764 -0.008620 -0.999946
vn -0.001520 0.002272 -0.999996
vn -0.001812 0.453782 -0.891111
vn -0.001499 0.797762 -0.602971
vn 0.000646 -0.826926 -0.562310
vn 0.001812 -0.453782 -0.891111
vn 0.001520 -0.002272 -0.999996
vn 0.005764 0.008620 -0.999946
vn 0.002579 0.588061 -0.808813
vn 0.001442 0.853027 -0.521865
vn 0.211606 -0.808201 -0.549577
vn 0.310822 -0.457092 -0.833341
vn 0.327229 -0.002873 -0.944941
vn 0.443166 0.004275 -0.896429
vn 0.340132 0.500194 -0.796314
vn 0.256051 0.805851 -0.533893
vn 0.470983 -0.729467 -0.496038
vn 0.626115 -0.441589 -0.642635
vn 0.668845 -0.002763 -0.743397
vn 0.743397 0.002763 -0.668845
vn 0.642635 0.441589 -0.626115
vn 0.496038 0.729467 -0.470983
vn -0.496038 -0.729467 0.470983
vn -0.642635 -0.441589 0.626115
vn -0.743397 -0.002763 0.668845
vn -0.668845 0.002763 0.743397
vn -0.626115 0.441589 0.642635
vn -0.470983 0.729467 0.496038
vn -0.256051 -0.805851 0.533893
vn -0.340132 -0.500194 0.796314
vn -0.443166 -0.004275 0.896429
vn -0.327229 0.002873 0.944941
vn -0.310822 0.457092 0.833341
vn -0.211606 0.808201 0.549577
vn -0.001442 -0.853027 0.521865
vn -0.002579 -0.588061 0.808813
vn -0.005764 -0.008620 0.999946
vn -0.001520 0.002272 0.999996
vn -0.001812 0.453782 0.891111
vn -0.000646 0.826926 0.562310
vn 0.001499 -0.797762 0.602971
vn 0.001812 -0.453782 0.891111
vn 0.001520 -0.002272 0.999996
vn 0.005764 0.008620 0.999946
vn 0.002579 0.588061 0.808813
vn 0.003098 0.826923 0.562307
vn 0.258350 -0.792186 0.552899
vn 0.310822 -0.457092 0.833341
vn 0.327229 -0.002873 0.944941
vn 0.443166 0.004275 0.896429
vn 0.340132 0.500194 0.796314
vn 0.312858 0.785415 0.534082
vn 0.503175 -0.702588 0.503175
vn 0.656445 -0.371698 0.656445
vn 0.707106 -0.001214 0.707106
vn 0.707095 0.005824 0.707095
vn 0.603891 0.520222 0.603891
vn 0.490135 0.720787 0.490135
f 218//218 223//223 217//217
f 224//224 223//223 218//218
f 219//219 224//224 218//218
f 225//225 224//224 219//219
f 220//220 225//225 219//219
f 226//226 225//225 220//220
f 221//221 226//226 220//220
f 227//227 226//226 221//221
f 222//222 227//227 221//221
f 228//228 227//227 222//222
f 224//224 229//229 223//223
f 230//230 229//229 224//224
f 225//225 230//230 224//224
f 231//231 230//230 225//225
f 226//226 231//231 225//225
f 232//232 231//231 226//226
f 227//227 232//232 226//226
f 233//233 232//232 227//227
f 228//228 233//233 227//227
f 234//234 233//233 228//228
f 230//230 235//235 229//229
f 236//236 235//235 230//230
f 231//231 236//236 230//230
f 237//237 236//236 231//231
f 232//232 237//237 231//231
f 238//238 237//237 232//232
f 233//233 238//238 232//232
f 239//239 238//238 233//233
f 234//234 239//239 233//233
f 240//240 239//239 234//234
f 236//236 241//241 235//235
f 242//242 241//241 236//236
f 237//237 242//242 236//236
f 243//243 242//242 237//237
f 238//238 243//243 237//237
f 244//244 243//243 238//238
f 239//239 244//244 238//238
f 245//245 244//244 239//239
f 240//240 245//245 239//239
f 246//246 245//245 240//240
f 242//242 247//247 241//241
f 248//248 247//247 242//242
f 243//243 248//248 242//242
f 249//249 248//248 243//243
f 244//244 249//249 243//243
f 250//250 249//249 244//244
f 245//245 250//250 244//244
f 251//251 250//250 245//245
f 246//246 251//251 245//245
f 252//252 251//251 246//246
f 253//253 259//259 254//254
f 254//254 259//259 260//260
f 254//254 260//260 255//255
f 255//255 260//260 261//261
f 255//255 261//261 256//256
f 256//256 261//261 262//262
f 256//256 262//262 257//257
f 257//257 262//262 263//263
f 257//257 263//263 258//258
f 258//258 263//263 264//264
f 259//259 265//265 260//260
f 260//260 265//265 266//266
f 260//260 266//266 261//261
f 261//261 266//266 267//267
f 261//261 267//267 262//262
f 262//262 267//267 268//268
f 262//262 268//268 263//263
f 263//263 268//268 269//269
f 263//263 269//269 264//264
f 264//264 269//269 270//270
f 265//265 271//271 266//266
f 266//266 271//271 272//272
f 266//266 272//272 267//267
f 267//267 272//272 273//273
f 267//267 273//273 268//268
f 268//268 273//273 274//274
f 268//268 274//274 269//269
f 269//269 274//274 275//275
f 269//269 275//275 270//270
f 270//270 275//275 276//276
f 271//271 277//277 272//272
f 272//272 277//277 278//278
f 272//272 278//278 273//273
f 273//273 278//278 279//279
f 273//273 279//279 274//274
f 274//274 279//279 280//280
f 274//274 280//280 275//275
f 275//275 280//280 281//281
f 275//275 281//281 276//276
f 276//276 281//281 282//282
f 277//277 283//283 278//278
f 278//278 283//283 284//284
f 278//278 284//284 279//279
f 279//279 284//284 285//285
f 279//279 285//285 280//280
f 280//280 285//285 286//286
f 280//280 286//286 281//281
f 281//281 286//286 287//287
f 281//281 287//287 282//282
f 282//282 287//287 288//288
f 290//290 295//295 289//289
f 296//296 295//295 290//290
f 291//291 296//296 290//290
f 297//297 296//296 291//291
f 292//292 297//297 291//291
f 298//298 297//297 292//292
f 293//293 298//298 292//292
f 299//299 298//298 293//293
f 294//294 299//299 293//293
f 300//300 299//299 294//294
f 296//296 301//301 295//295
f 302//302 301//301 296//296
f 297//297 302//302 296//296
f 303//303 302//302 297//297
f 298//298 303//303 297//297
f 304//304 303//303 298//298
f 299//299 304//304 298//298
f 305//305 304//304 299//299
f 300//300 305//305 299//299
f 306//306 305//305 300//300
f 302//302 307//307 301//301
f 308//308 307//307 302//302
f 303//303 308//308 302//302
f 309//309 308//308 303//303
f 304//304 309//309 303//303
f 310//310 309//309 304//304
f 305//305 310//310 304//304
f 311//311 310//310 305//305
f 306//306 311//311 305//305
f 312//312 311//311 306//306
f 308//308 313//313 307//307
f 314//314 313//313 308//308
f 309//309 314//314 308//308
f 315//315 314//314 309//309
f 310//310 315//315 309//309
f 316//316 315//315 310//310
f 311//311 316//316 310//310
f 317//317 316//316 311//311
f 312//312 317//317 311//311
f 318//318 317//317 312//312
f 314//314 319//319 313//313
f 320//320 319//319 314//314
f 315//315 320//320 314//314
f 321//321 320//320 315//315
f 316//316 321//321 315//315
f 322//322 321//321 316//316
f 317//317 322//322 316//316
f 323//323 322//322 317//317
f 318//318 323//323 317//317
f 324//324 323//323 318//318
f 325//325 331//331 326//326
f 326//326 331//331 332//332
f 326//326 332//332 327//327
f 327//327 332//332 333//333
f 327//327 333//333 328//328
f 328//328 333//333 334//334
f 328//328 334//334 329//329
f 329//329 334//334 335//335
f 329//329 335//335 330//330
f 330//330 335//335 336//336
f 331//331 337//337 332//332
f 332//332 337//337 338//338
f 332//332 338//338 333//333
f 333//333 338//338 339//339
f 333//333 339//339 334//334
f 334//334 339//339 340//340
f 334//334 340//340 335//335
f 335//335 340//340 341//341
f 335//335 341//341 336//336
f 336//336 341//341 342//342
f 337//337 343//343 338//338
f 338//338 343//343 344//344
f 338//338 344//344 339//339
f 339//339 344//344 345//345
f 339//339 345//345 340//340
f 340//340 345//345 346//346
f 340//340 346//346 341//341
f 341//341 346//346 347//347
f 341//341 347//347 342//342
f 342//342 347//347 348//348
f 343//343 349//349 344//344
f 344//344 349//349 350//350
f 344//344 350//350 345//345
f 345//345 350//350 351//351
f 345//345 351//351 346//346
f 346//346 351//351 352//352
f 346//346 352//352 347//347
f 347//347 352//352 353//353
f 347//347 353//353 348//348
f 348//348 353//353 354//354
f 349//349 355//355 350//350
f 350//350 355//355 356//356
f 350//350 356//356 351//351
f 351//351 356//356 357//357
f 351//351 357//357 352//352
f 352//352 357//357 358//358
f 352//352 358//358 353//353
f 353//353 358//358 359//359
f 353//353 359//359 354//354
f 354//354 359//359 360//360
f 362//362 367//367 361//361
f 368//368 367//367 362//362
f 363//363 368//368 362//362
f 369//369 368//368 363//363
f 364//364 369//369 363//363
f 370//370 369//369 364//364
f 365//365 370//370 364//364
f 371//371 370//370 365//365
f 366//366 371//371 365//365
f 372//372 371//371 366//366
f 368//368 373//373 367//367
f 374//374 373//373 368//368
f 369//369 374//374 368//368
f 375//375 374//374 369//369
f 370//370 375//375 369//369
f 376//376 375//375 370//370
f 371//371 376//376 370//370
f 377//377 376//376 371//371
f 372//372 377//377 371//371
f 378//378 377//377 372//372
f 374//374 379//379 373//373
f 380//380 379//379 374//374
f 375//375 380//380 374//374
f 381//381 380//380 375//375
f 376//376 381//381 375//375
f 382//382 381//381 376//376
f 377//377 382//382 376//376
f 383//383 382//382 377//377
f 378//378 383//383 377//377
f 384//384 383//383 378//378
f 380//380 385//385 379//379
f 386//386 385//385 380//380
f 381//381 386//386 380//380
f 387//387 386//386 381//381
f 382//382 387//387 381//381
f 388//388 387//387 382//382
f 383//383 388//388 382//382
f 389//389 388//388 383//383
f 384//384 389//389 383//383
f 390//390 389//389 384//384
f 386//386 391//391 385//385
f 392//392 391//391 386//386
f 387//387 392//392 386//386
f 393//393 392//392 387//387
f 388//388 393//393 387//387
f 394//394 393//393 388//388
f 389//389 394//394 388//388
f 395//395 394//394 389//389
f 390//390 395//395 389//389
f 396//396 395//395 390//390
f 397//397 403//403 398//398
f 398//398 403//403 404//404
f 398//398 404//404 399//399
f 399//399 404//404 405//405
f 399//399 405//405 400//400
f 400//400 405//405 406//406
f 400//400 406//406 401//401
f 401//401 406//406 407//407
f 401//401 407//407 402//402
f 402//402 407//407 408//408
f 403//403 409//409 404//404
f 404//404 409//409 410//410
f 404//404 410//410 405//405
f 405//405 410//410 411//411
f 405//405 411//411 406//406
f 406//406 411//411 412//412
f 406//406 412//412 407//407
f 407//407 412//412 413//413
f 407//407 413//413 408//408
f 408//408 413//413 414//414
f 409//409 415//415 410//410
f 410//410 415//415 416//416
f 410//410 416//416 411//411
f 411//411 416//416 417//417
f 411//411 417//417 412//412
f 412//412 417//417 418//418
f 412//412 418//418 413//413
f 413//413 418//418 419//419
f 413//413 419//419 414//414
f 414//414 419//419 420//420
f 415//415 421//421 416//416
f 416//416 421//421 422//422
f 416//416 422//422 417//417
f 417//417 422//422 423//423
f 417//417 423//423 418//418
f 418//418 423//423 424//424
f 418//418 424//424 419//419
f 419//419 424//424 425//425
f 419//419 425//425 420//420
f 420//420 425//425 426//426
f 421//421 427//427 422//422
f 422//422 427//427 428//428
f 422//422 428//428 423//423
f 423//423 428//428 429//429
f 423//423 429//429 424//424
f 424//424 429//429 430//430
f 424//424 430//430 425//425
f 425//425 430//430 431//431
f 425//425 431//431 426//426
f 426//426 431//431 432//432
f 434//434 439//439 433//433
f 440//440 439//439 434//434
f 435//435 440//440 434//434
f 441//441 440//440 435//435
f 436//436 441//441 435//435
f 442//442 441//441 436//436
f 437//437 442//442 436//436
f 443//443 442//442 437//437
f 438//438 443//443 437//437
f 444//444 443//443 438//438
f 440//440 445//445 439//439
f 446//446 445//445 440//440
f 441//441 446//446 440//440
f 447//447 446//446 441//441
f 442//442 447//447 441//441
f 448//448 447//447 442//442
f 443//443 448//448 442//442
f 449//449 448//448 443//443
f 444//444 449//449 443//443
f 450//450 449//449 444//444
f 446//446 451//451 445//445
f 452//452 451//451 446//446
f 447//447 452//452 446//446
f 453//453 452//452 447//447
f 448//448 453//453 447//447
f 454//454 453//453 448//448
f 449//449 454//454 448//448
f 455//455 454//454 449//449
f 450//450 455//455 449//449
f 456//456 455//455 450//450
f 452//452 457//457 451//451
f 458//458 457//457 452//452
f 453//453 458//458 452//452
f 459//459 458//458 453//453
f 454//454 459//459 453//453
f 460//460 459//459 454//454
f 455//455 460//460 454//454
f 461//461 460//460 455//455
f 456//456 461//461 455//455
f 462//462 461//461 456//456
f 458//458 463//463 457//457
f 464//464 463//463 458//458
f 459//459 464//464 458//458
f 465//465 464//464 459//459
f 460//460 465//465 459//459
f 466//466 465//465 460//460
f 461//461 466//466 460//460
f 467//467 466//466 461//461
f 462//462 467//467 461//461
f 468//468 467//467 462//462
f 469//469 475//475 470//470
f 470//470 475//475 476//476
f 470//470 476//476 471//471
f 471//471 476//476 477//477
f 471//471 477//477 472//472
f 472//472 477//477 478//478
f 472//472 478//478 473//473
f 473//473 478//478 479//479
f 473//473 479//479 474//474
f 474//474 479//479 480//480
f 475//475 481//481 476//476
f 476//476 481//481 482//482
f 476//476 482//482 477//477
f 477//477 482//482 483//483
f 477//477 483//483 478//478
f 478//478 483//483 484//484
f 478//478 484//484 479//479
f 479//479 484//484 485//485
f 479//479 485//485 480//480
f 480//480 485//485 486//486
f 481//481 487//487 482//482
f 482//482 487//487 488//488
f 482//482 488//488 483//483
f 483//483 488//488 489//489
f 483//483 489//489 484//484
f 484//484 489//489 490//490
f 484//484 490//490 485//485
f 485//485 490//490 491//491
f 485//485 491//491 486//486
f 486//486 491//491 492//492
f 487//487 493//493 488//488
f 488//488 493//493 494//494
f 488//488 494//494 489//489
f 489//489 494//494 495//495
f 489//489 495//495 490//490
f 490//490 495//495 496//496
f 490//490 496//496 491//491
f 491//491 496//496 497//497
f 491//491 497//497 492//492
f 492//492 497//497 498//498
f 493//493 499//499 494//494
f 494//494 499//499 500//500
f 494//494 500//500 495//495
f 495//495 500//500 501//501
f 495//495 501//501 496//496
f 496//496 501//501 502//502
f 496//496 502//502 497//497
f 497//497 502//502 503//503
f 497//497 503//503 498//498
f 498//498 503//503 504//504
f 506//506 511//511 505//505
f 512//512 511//511 506//506
f 507//507 512//512 506//506
f 513//513 512//512 507//507
f 508//508 513//513 507//507
f 514//514 513//513 508//508
f 509//509 514//514 508//508
f 515//515 514//514 509//509
f 510//510 515//515 509//509
f 516//516 515//515 510//510
f 512//512 517//517 511//511
f 518//518 517//517 512//512
f 513//513 518//518 512//512
f 519//519 518//518 513//513
f 514//514 519//519 513//513
f 520//520 519//519 514//514
f 515//515 520//520 514//514
f 521//521 520//520 515//515
f 516//516 521//521 515//515
f 522//522 521//521 516//516
f 518//518 523//523 517//517
f 524//524 523//523 518//518
f 519//519 524//524 518//518
f 525//525 524//524 519//519
f 520//520 525//525 519//519
f 526//526 525//525 520//520
f 521//521 526//526 520//520
f 527//527 526//526 521//521
f 522//522 527//527 521//521
f 528//528 527//527 522//522
f 524//524 529//529 523//523
f 530//530 529//529 524//524
f 525//525 530//530 524//524
f 531//531 530//530 525//525
f 526//526 531//531 525//525
f 532//532 531//531 526//526
f 527//527 532//532 526//526
f 533//533 532//532 527//527
f 528//528 533//533 527//527
f 534//534 533//533 528//528
f 530//530 535//535 529//529
f 536//536 535//535 530//530
f 531//531 536//536 530//530
f 537//537 536//536 531//531
f 532//532 537//537 531//531
f 538//538 537//537 532//532
f 533//533 538//538 532//532
f 539//539 538//538 533//533
f 534//534 539//539 533//533
f 540//540 539//539 534//534
f 541//541 547//547 542//542
f 542//542 547//547 548//548
f 542//542 548//548 543//543
f 543//543 548//548 549//549
f 543//543 549//549 544//544
f 544//544 549//549 550//550
f 544//544 550//550 545//545
f 545//545 550//550 551//551
f 545//545 551//551 546//546
f 546//546 551//551 552//552
f 547//547 553//553 548//548
f 548//548 553//553 554//554
f 548//548 554//554 549//549
f 549//549 554//554 555//555
f 549//549 555//555 550//550
f 550//550 555//555 556//556
f 550//550 556//556 551//551
f 551//551 556//556 557//557
f 551//551 557//557 552//552
f 552//552 557//557 558//558
f 553//553 559//559 554//554
f 554//554 559//559 560//560
f 554//554 560//560 555//555
f 555//555 560//560 561//561
f 555//555 561//561 556//556
f 556//556 561//561 562//562
f 556//556 562//562 557//557
f 557//557 562//562 563//563
f 557//557 563//563 558//558
f 558//558 563//563 564//564
f 559//559 565//565 560//560
f 560//560 565//565 566//566
f 560//560 566//566 561//561
f 561//561 566//566 567//567
f 561//561 567//567 562//562
f 562//562 567//567 568//568
f 562//562 568//568 563//563
f 563//563 568//568 569//569
f 563//563 569//569 564//564
f 564//564 569//569 570//570
f 565//565 571//571 566//566
f 566//566 571//571 572//572
f 566//566 572//572 567//567
f 567//567 572//572 573//573
f 567//567 573//573 568//568
f 568//568 573//573 574//574
f 568//568 574//574 569//569
f 569//569 574//574 575//575
f 569//569 575//575 570//570
f 570//570 575//575 576//576
f 578//578 583//583 577//577
f 584//584 583//583 578//578
f 579//579 584//584 578//578
f 585//585 584//584 579//579
f 580//580 585//585 579//579
f 586//586 585//585 580//580
f 581//581 586//586 580//580
f 587//587 586//586 581//581
f 582//582 587//587 581//581
f 588//588 587//587 582//582
f 584//584 589//589 583//583
f 590//590 589//589 584//584
f 585//585 590//590 584//584
f 591//591 590//590 585//585
f 586//586 591//591 585//585
f 592//592 591//591 586//586
f 587//587 592//592 586//586
f 593//593 592//592 587//587
f 588//588 593//593 587//587
f 594//594 593//593 588//588
f 590//590 595//595 589//589
f 596//596 595//595 590//590
f 591//591 596//596 590//590
f 597//597 596//596 591//591
f 592//592 597//597 591//591
f 598//598 597//597 592//592
f 593//593 598//598 592//592
f 599//599 598//598 593//593
f 594//594 599//599 593//593
f 600//600 599//599 594//594
f 596//596 601//601 595//595
f 602//602 601//601 596//596
f 597//597 602//602 596//596
f 603//603 602//602 597//597
f 598//598 603//603 597//597
f 604//604 603//603 598//598
f 599//599 604//604 598//598
f 605//605 604//604 599//599
f 600//600 605//605 599//599
f 606//606 605//605 600//600
f 602//602 607//607 601//601
f 608//608 607//607 602//602
f 603//603 608//608 602//602
f 609//609 608//608 603//603
f 604//604 609//609 603//603
f 610//610 609//609 604//604
f 605//605 610//610 604//604
f 611//611 610//610 605//605
f 606//606 611//611 605//605
f 612//612 611//611 606//606
f 613//613 619//619 614//614
f 614//614 619//619 620//620
f 614//614 620//620 615//615
f 615//615 620//620 621//621
f 615//615 621//621 616//616
f 616//616 621//621 622//622
f 616//616 622//622 617//617
f 617//617 622//622 623//623
f 617//617 623//623 618//618
f 618//618 623//623 624//624
f 619//619 625//625 620//620
f 620//620 625//625 626//626
f 620//620 626//626 621//621
f 621//621 626//626 627//627
f 621//621 627//627 622//622
f 622//622 627//627 628//628
f 622//622 628//628 623//623
f 623//623 628//628 629//629
f 623//623 629//629 624//624
f 624//624 629//629 630//630
f 625//625 631//631 626//626
f 626//626 631//631 632//632
f 626//626 632//632 627//627
f 627//627 632//632 633//633
f 627//627 633//633 628//628
f 628//628 633//633 634//634
f 628//628 634//634 629//629
f 629//629 634//634 635//635
f 629//629 635//635 630//630
f 630//630 635//635 636//636
f 631//631 637//637 632//632
f 632//632 637//637 638//638
f 632//632 638//638 633//633
f 633//633 638//638 639//639
f 633//633 639//639 634//634
f 634//634 639//639 640//640
f 634//634 640//640 635//635
f 635//635 640//640 641//641
f 635//635 641//641 636//636
f 636//636 641//641 642//642
f 637//637 643//643 638//638
f 638//638 643//643 644//644
f 638//638 644//644 639//639
f 639//639 644//644 645//645
f 639//639 645//645 640//640
f 640//640 645//645 646//646
f 640//640 646//646 641//641
f 641//641 646//646 647//647
f 641//641 647//647 642//642
f 642//642 647//647 648//648
f 650//650 655//655 649//649
f 656//656 655//655 650//650
f 651//651 656//656 650//650
f 657//657 656//656 651//651
f 652//652 657//657 651//651
f 658//658 657//657 652//652
f 653//653 658//658 652//652
f 659//659 658//658 653//653
f 654//654 659//659 653//653
f 660//660 659//659 654//654
f 656//656 661//661 655//655
f 662//662 661//661 656//656
f 657//657 662//662 656//656
f 663//663 662//662 657//657
f 658//658 663//663 657//657
f 664//664 663//663 658//658
f 659//659 664//664 658//658
f 665//665 664//664 659//659
f 660//660 665//665 659//659
f 666//666 665//665 660//660
f 662//662 667//667 661//661
f 668//668 667//667 662//662
f 663//663 668//668 662//662
f 669//669 668//668 663//663
f 664//664 669//669 663//663
f 670//670 669//669 664//664
f 665//665 670//670 664//664
f 671//671 670//670 665//665
f 666//666 671//671 665//665
f 672//672 671//671 666//666
f 668//668 673//673 667//667
f 674//674 673//673 668//668
f 669//669 674//674 668//668
f 675//675 674//674 669//669
f 670//670 675//675 669//669
f 676//676 675//675 670//670
f 671//671 676//676 670//670
f 677//677 676//676 671//671
f 672//672 677//677 671//671
f 678//678 677//677 672//672
f 674//674 679//679 673//673
f 680//680 679//679 674//674
f 675//675 680//680 674//674
f 681//681 680//680 675//675
f 676//676 681//681 675//675
f 682//682 681//681 676//676
f 677//677 682//682 676//676
f 683//683 682//682 677//677
f 678//678 683//683 677//677
f 684//684 683//683 678//678
f 685//685 691//691 686//686
f 686//686 691//691 692//692
f 686//686 692//692 687//687
f 687//687 692//692 693//693
f 687//687 693//693 688//688
f 688//688 693//693 694//694
f 688//688 694//694 689//689
f 689//689 694//694 695//695
f 689//689 695//695 690//690
f 690//690 695//695 696//696
f 691//691 697//697 692//692
f 692//692 697//697 698//698
f 692//692 698//698 693//693
f 693//693 698//698 699//699
f 693//693 699//699 694//694
f 694//694 699//699 700//700
f 694//694 700//700 695//695
f 695//695 700//700 701//701
f 695//695 701//701 696//696
f 696//696 701//701 702//702
f 697//697 703//703 698//698
f 698//698 703//703 704//704
f 698//698 704//704 699//699
f 699//699 704//704 705//705
f 699//699 705//705 700//700
f 700//700 705//705 706//706
f 700//700 706//706 701//701
f 701//701 706//706 707//707
f 701//701 707//707 702//702
f 702//702 707//707 708//708
f 703//703 709//709 704//704
f 704//704 709//709 710//710
f 704//704 710//710 705//705
f 705//705 710//710 711//711
f 705//705 711//711 706//706
f 706//706 711//711 712//712
f 706//706 712//712 707//707
f 707//707 712//712 713//713
f 707//707 713//713 708//708
f 708//708 713//713 714//714
f 709//709 715//715 710//710
f 710//710 715//715 716//716
f 710//710 716//716 711//711
f 711//711 716//716 717//717
f 711//711 717//717 712//712
f 712//712 717//717 718//718
f 712//712 718//718 713//713
f 713//713 718//718 719//719
f 713//713 719//719 714//714
f 714//714 719//719 720//720
f 722//722 727//727 721//721
f 728//728 727//727 722//722
f 723//723 728//728 722//722
f 729//729 728//728 723//723
f 724//724 729//729 723//723
f 730//730 729//729 724//724
f 725//725 730//730 724//724
f 731//731 730//730 725//725
f 726//726 731//731 725//725
f 732//732 731//731 726//726
f 728//728 733//733 727//727
f 734//734 733//733 728//728
f 729//729 734//734 728//728
f 735//735 734//734 729//729
f 730//730 735//735 729//729
f 736//736 735//735 730//730
f 731//731 736//736 730//730
f 737//737 736//736 731//731
f 732//732 737//737 731//731
f 738//738 737//737 732//732
f 734//734 739//739 733//733
f 740//740 739//739 734//734
f 735//735 740//740 734//734
f 741//741 740//740 735//735
f 736//736 741//741 735//735
f 742//742 741//741 736//736
f 737//737 742//742 736//736
f 743//743 742//742 737//737
f 738//738 743//743 737//737
f 744//744 743//743 738//738
f 740//740 745//745 739//739
f 746//746 745//745 740//740
f 741//741 746//746 740//740
f 747//747 746//746 741//741
f 742//742 747//747 741//741
f 748//748 747//747 742//742
f 743//743 748//748 742//742
f 749//749 748//748 743//743
f 744//744 749//749 743//743
f 750//750 749//749 744//744
f 746//746 751//751 745//745
f 752//752 751//751 746//746
f 747//747 752//752 746//746
f 753//753 752//752 747//747
f 748//748 753//753 747//747
f 754//754 753//753 748//748
f 749//749 754//754 748//748
f 755//755 754//754 749//749
f 750//750 755//755 749//749
f 756//756 755//755 750//750
f 757//757 763//763 758//758
f 758//758 763//763 764//764
f 758//758 764//764 759//759
f 759//759 764//764 765//765
f 759//759 765//765 760//760
f 760//760 765//765 766//766
f 760//760 766//766 761//761
f 761//761 766//766 767//767
f 761//761 767//767 762//762
f 762//762 767//767 768//768
f 763//763 769//769 764//764
f 764//764 769//769 770//770
f 764//764 770//770 765//765
f 765//765 770//770 771//771
f 765//765 771//771 766//766
f 766//766 771//771 772//772
f 766//766 772//772 767//767
f 767//767 772//772 773//773
f 767//767 773//773 768//768
f 768//768 773//773 774//774
f 769//769 775//775 770//770
f 770//770 775//775 776//776
f 770//770 776//776 771//771
f 771//771 776//776 777//777
f 771//771 777//777 772//772
f 772//772 777//777 778//778
f 772//772 778//778 773//773
f 773//773 778//778 779//779
f 773//773 779//779 774//774
f 774//774 779//779 780//780
f 775//775 781//781 776//776
f 776//776 781//781 782//782
f 776//776 782//782 777//777
f 777//777 782//782 783//783
f 777//777 783//783 778//778
f 778//778 783//783 784//784
f 778//778 784//784 779//779
f 779//779 784//784 785//785
f 779//779 785//785 780//780
f 780//780 785//785 786//786
f 781//781 787//787 782//782
f 782//782 787//787 788//788
f 782//782 788//788 783//783
f 783//783 788//788 789//789
f 783//783 789//789 784//784
f 784//784 789//789 790//790
f 784//784 790//790 785//785
f 785//785 790//790 791//791
f 785//785 791//791 786//786
f 786//786 791//791 792//792
f 794//794 799//799 793//793
f 800//800 799//799 794//794
f 795//795 800//800 794//794
f 801//801 800//800 795//795
f 796//796 801//801 795//795
f 802//802 801//801 796//796
f 797//797 802//802 796//796
f 803//803 802//802 797//797
f 798//798 803//803 797//797
f 804//804 803//803 798//798
f 800//800 805//805 799//799
f 806//806 805//805 800//800
f 801//801 806//806 800//800
f 807//807 806//806 801//801
f 802//802 807//807 801//801
f 808//808 807//807 802//802
f 803//803 808//808 802//802
f 809//809 808//808 803//803
f 804//804 809//809 803//803
f 810//810 809//809 804//804
f 806//806 811//811 805//805
f 812//812 811//811 806//806
f 807//807 812//812 806//806
f 813//813 812//812 807//807
f 808//808 813//813 807//807
f 814//814 813//813 808//808
f 809//809 814//814 808//808
f 815//815 814//814 809//809
f 810//810 815//815 809//809
f 816//816 815//815 810//810
f 812//812 817//817 811//811
f 818//818 817//817 812//812
f 813//813 818//818 812//812
f 819//819 818//818 813//813
f 814//814 819//819 813//813
f 820//820 819//819 814//814
f 815//815 820//820 814//814
f 821//821 820//820 815//815
f 816//816 821//821 815//815
f 822//822 821//821 816//816
f 818//818 823//823 817//817
f 824//824 823//823 818//818
f 819//819 824//824 818//818
f 825//825 824//824 819//819
f 820//820 825//825 819//819
f 826//826 825//825 820//820
f 821//821 826//826 820//820
f 827//827 826//826 821//821
f 822//822 827//827 821//821
f 828//828 827//827 822//822
f 829//829 835//835 830//830
f 830//830 835//835 836//836
f 830//830 836//836 831//831
f 831//831 836//836 837//837
f 831//831 837//837 832//832
f 832//832 837//837 838//838
f 832//832 838//838 833//833
f 833//833 838//838 839//839
f 833//833 839//839 834//834
f 834//834 839//839 840//840
f 835//835 841//841 836//836
f 836//836 841//841 842//842
f 836//836 842//842 837//837
f 837//837 842//842 843//843
f 837//837 843//843 838//838
f 838//838 843//843 844//844
f 838//838 844//844 839//839
f 839//839 844//844 845//845
f 839//839 845//845 840//840
f 840//840 845//845 846//846
f 841//841 847//847 842//842
f 842//842 847//847 848//848
f 842//842 848//848 843//843
f 843//843 848//848 849//849
f 843//843 849//849 844//844
f 844//844 849//849 850//850
f 844//844 850//850 845//845
f 845//845 850//850 851//851
f 845//845 851//851 846//846
f 846//846 851//851 852//852
f 847//847 853//853 848//848
f 848//848 853//853 854//854
f 848//848 854//854 849//849
f 849//849 854//854 855//855
f 849//849 855//855 850//850
f 850//850 855//855 856//856
f 850//850 856//856 851//851
f 851//851 856//856 857//857
f 851//851 857//857 852//852
f 852//852 857//857 858//858
f 853//853 859//859 854//854
f 854//854 859//859 860//860
f 854//854 860//860 855//855
f 855//855 860//860 861//861
f 855//855 861//861 856//856
f 856//856 861//861 862//862
f 856//856 862//862 857//857
f 857//857 862//862 863//863
f 857//857 863//863 858//858
f 858//858 863//863 864//864
o counter_oakLight
usemtl oakLight
v -0.376528 0.356301 -0.376528
v -0.379375 0.354365 -0.368750
v -0.380664 0.353488 -0.358125
v -0.380664 0.353488 0.358125
v -0.379375 0.354365 0.368750
v -0.376528 0.356301 0.376528
v -0.379375 0.361590 -0.379375
v -0.384151 0.359966 -0.371138
v -0.386635 0.359122 -0.358125
v -0.386635 0.359122 0.358125
v -0.384151 0.359966 0.371138
v -0.379375 0.361590 0.379375
v -0.380664 0.368815 -0.380664
v -0.386635 0.368815 -0.372380
v -0.390000 0.368815 -0.358125
v -0.390000 0.368815 0.358125
v -0.386635 0.368815 0.372380
v -0.380664 0.368815 0.380664
v -0.380664 0.376465 -0.380664
v -0.386635 0.376465 -0.372380
v -0.390000 0.376465 -0.358125
v -0.390000 0.376465 0.358125
v -0.386635 0.376465 0.372380
v -0.380664 0.376465 0.380664
v -0.379375 0.383690 -0.379375
v -0.384151 0.385314 -0.371138
v -0.386635 0.386158 -0.358125
v -0.386635 0.386158 0.358125
v -0.384151 0.385314 0.371138
v -0.379375 0.383690 0.379375
v -0.376528 0.388979 -0.376528
v -0.379375 0.390915 -0.368750
v -0.380664 0.391792 -0.358125
v -0.380664 0.391792 0.358125
v -0.379375 0.390915 0.368750
v -0.376528 0.388979 0.376528
v 0.376528 0.356301 -0.376528
v 0.379375 0.354365 -0.368750
v 0.380664 0.353488 -0.358125
v 0.380664 0.353488 0.358125
v 0.379375 0.354365 0.368750
v 0.376528 0.356301 0.376528
v 0.379375 0.361590 -0.379375
v 0.384151 0.359966 -0.371138
v 0.386635 0.359122 -0.358125
v 0.386635 0.359122 0.358125
v 0.384151 0.359966 0.371138
v 0.379375 0.361590 0.379375
v 0.380664 0.368815 -0.380664
v 0.386635 0.368815 -0.372380
v 0.390000 0.368815 -0.358125
v 0.390000 0.368815 0.358125
v 0.386635 0.368815 0.372380
v 0.380664 0.368815 0.380664
v 0.380664 0.376465 -0.380664
v 0.386635 0.376465 -0.372380
v 0.390000 0.376465 -0.358125
v 0.390000 0.376465 0.358125
v 0.386635 0.376465 0.372380
v 0.380664 0.376465 0.380664
v 0.379375 0.383690 -0.379375
v 0.384151 0.385314 -0.371138
v 0.386635 0.386158 -0.358125
v 0.386635 0.386158 0.358125
v 0.384151 0.385314 0.371138
v 0.379375 0.383690 0.379375
v 0.376528 0.388979 -0.376528
v 0.379375 0.390915 -0.368750
v 0.380664 0.391792 -0.358125
v 0.380664 0.391792 0.358125
v 0.379375 0.390915 0.368750
v 0.376528 0.388979 0.376528
v -0.376528 0.356301 -0.376528
v -0.368750 0.354365 -0.379375
v -0.358125 0.353488 -0.380664
v 0.358125 0.353488 -0.380664
v 0.368750 0.354365 -0.379375
v 0.376528 0.356301 -0.376528
v -0.379375 0.354365 -0.368750
v -0.371138 0.351117 -0.371138
v -0.358125 0.349428 -0.372380
v 0.358125 0.349428 -0.372380
v 0.371138 0.351117 -0.371138
v 0.379375 0.354365 -0.368750
v -0.380664 0.353488 -0.358125
v -0.372380 0.349428 -0.358125
v -0.358125 0.347140 -0.358125
v 0.358125 0.347140 -0.358125
v 0.372380 0.349428 -0.358125
v 0.380664 0.353488 -0.358125
v -0.380664 0.353488 0.358125
v -0.372380 0.349428 0.358125
v -0.358125 0.347140 0.358125
v 0.358125 0.347140 0.358125
v 0.372380 0.349428 0.358125
v 0.380664 0.353488 0.358125
v -0.379375 0.354365 0.368750
v -0.371138 0.351117 0.371138
v -0.358125 0.349428 0.372380
v 0.358125 0.349428 0.372380
v 0.371138 0.351117 0.371138
v 0.379375 0.354365 0.368750
v -0.376528 0.356301 0.376528
v -0.368750 0.354365 0.379375
v -0.358125 0.353488 0.380664
v 0.358125 0.353488 0.380664
v 0.368750 0.354365 0.379375
v 0.376528 0.356301 0.376528
v -0.376528 0.388979 -0.376528
v -0.368750 0.390915 -0.379375
v -0.358125 0.391792 -0.380664
v 0.358125 0.391792 -0.380664
v 0.368750 0.390915 -0.379375
v 0.376528 0.388979 -0.376528
v -0.379375 0.390915 -0.368750
v -0.371138 0.394163 -0.371138
v -0.358125 0.395852 -0.372380
v 0.358125 0.395852 -0.372380
v 0.371138 0.394163 -0.371138
v 0.379375 0.390915 -0.368750
v -0.380664 0.391792 -0.358125
v -0.372380 0.395852 -0.358125
v -0.358125 0.398140 -0.358125
v 0.358125 0.398140 -0.358125
v 0.372380 0.395852 -0.358125
v 0.380664 0.391792 -0.358125
v -0.380664 0.391792 0.358125
v -0.372380 0.395852 0.358125
v -0.358125 0.398140 0.358125
v 0.358125 0.398140 0.358125
v 0.372380 0.395852 0.358125
v 0.380664 0.391792 0.358125
v -0.379375 0.390915 0.368750
v -0.371138 0.394163 0.371138
v -0.358125 0.395852 0.372380
v 0.358125 0.395852 0.372380
v 0.371138 0.394163 0.371138
v 0.379375 0.390915 0.368750
v -0.376528 0.388979 0.376528
v -0.368750 0.390915 0.379375
v -0.358125 0.391792 0.380664
v 0.358125 0.391792 0.380664
v 0.368750 0.390915 0.379375
v 0.376528 0.388979 0.376528
v -0.376528 0.356301 -0.376528
v -0.379375 0.361590 -0.379375
v -0.380664 0.368815 -0.380664
v -0.380664 0.376465 -0.380664
v -0.379375 0.383690 -0.379375
v -0.376528 0.388979 -0.376528
v -0.368750 0.354365 -0.379375
v -0.371138 0.359966 -0.384151
v -0.372380 0.368815 -0.386635
v -0.372380 0.376465 -0.386635
v -0.371138 0.385314 -0.384151
v -0.368750 0.390915 -0.379375
v -0.358125 0.353488 -0.380664
v -0.358125 0.359122 -0.386635
v -0.358125 0.368815 -0.390000
v -0.358125 0.376465 -0.390000
v -0.358125 0.386158 -0.386635
v -0.358125 0.391792 -0.380664
v 0.358125 0.353488 -0.380664
v 0.358125 0.359122 -0.386635
v 0.358125 0.368815 -0.390000
v 0.358125 0.376465 -0.390000
v 0.358125 0.386158 -0.386635
v 0.358125 0.391792 -0.380664
v 0.368750 0.354365 -0.379375
v 0.371138 0.359966 -0.384151
v 0.372380 0.368815 -0.386635
v 0.372380 0.376465 -0.386635
v 0.371138 0.385314 -0.384151
v 0.368750 0.390915 -0.379375
v 0.376528 0.356301 -0.376528
v 0.379375 0.361590 -0.379375
v 0.380664 0.368815 -0.380664
v 0.380664 0.376465 -0.380664
v 0.379375 0.383690 -0.379375
v 0.376528 0.388979 -0.376528
v -0.376528 0.356301 0.376528
v -0.379375 0.361590 0.379375
v -0.380664 0.368815 0.380664
v -0.380664 0.376465 0.380664
v -0.379375 0.383690 0.379375
v -0.376528 0.388979 0.376528
v -0.368750 0.354365 0.379375
v -0.371138 0.359966 0.384151
v -0.372380 0.368815 0.386635
v -0.372380 0.376465 0.386635
v -0.371138 0.385314 0.384151
v -0.368750 0.390915 0.379375
v -0.358125 0.353488 0.380664
v -0.358125 0.359122 0.386635
v -0.358125 0.368815 0.390000
v -0.358125 0.376465 0.390000
v -0.358125 0.386158 0.386635
v -0.358125 0.391792 0.380664
v 0.358125 0.353488 0.380664
v 0.358125 0.359122 0.386635
v 0.358125 0.368815 0.390000
v 0.358125 0.376465 0.390000
v 0.358125 0.386158 0.386635
v 0.358125 0.391792 0.380664
v 0.368750 0.354365 0.379375
v 0.371138 0.359966 0.384151
v 0.372380 0.368815 0.386635
v 0.372380 0.376465 0.386635
v 0.371138 0.385314 0.384151
v 0.368750 0.390915 0.379375
v 0.376528 0.356301 0.376528
v 0.379375 0.361590 0.379375
v 0.380664 0.368815 0.380664
v 0.380664 0.376465 0.380664
v 0.379375 0.383690 0.379375
v 0.376528 0.388979 0.376528
vn -0.490135 -0.720787 -0.490135
vn -0.534082 -0.785415 -0.312858
vn -0.562304 -0.826917 -0.004779
vn -0.562310 -0.826926 0.001005
vn -0.549577 -0.808201 0.211606
vn -0.496038 -0.729467 0.470983
vn -0.603891 -0.520222 -0.603891
vn -0.796314 -0.500194 -0.340132
vn -0.809490 -0.587120 -0.003997
vn -0.890792 -0.454403 0.002811
vn -0.833341 -0.457092 0.310822
vn -0.642635 -0.441589 0.626115
vn -0.694383 -0.188854 -0.694383
vn -0.911984 -0.180931 -0.368170
vn -0.970846 -0.239669 -0.004140
vn -0.990796 -0.135286 0.004473
vn -0.918203 -0.143882 0.369054
vn -0.693082 -0.136034 0.707907
vn -0.704802 0.080667 -0.704802
vn -0.918203 0.143882 -0.369054
vn -0.990796 0.135286 -0.004473
vn -0.970846 0.239669 0.004140
vn -0.911984 0.180931 0.368170
vn -0.707907 0.136034 0.693082
vn -0.656445 0.371698 -0.656445
vn -0.833341 0.457092 -0.310822
vn -0.890792 0.454403 -0.002811
vn -0.809490 0.587120 0.003997
vn -0.796314 0.500194 0.340132
vn -0.626115 0.441589 0.642635
vn -0.503175 0.702588 -0.503175
vn -0.552899 0.792186 -0.258350
vn -0.602426 0.798172 -0.002325
vn -0.522402 0.852696 0.002237
vn -0.533893 0.805851 0.256051
vn -0.470983 0.729467 0.496038
vn 0.470983 -0.729467 -0.496038
vn 0.533893 -0.805851 -0.256051
vn 0.522402 -0.852696 -0.002237
vn 0.602426 -0.798172 0.002325
vn 0.552899 -0.792186 0.258350
vn 0.503175 -0.702588 0.503175
vn 0.626115 -0.441589 -0.642635
vn 0.796314 -0.500194 -0.340132
vn 0.809490 -0.587120 -0.003997
vn 0.890792 -0.454403 0.002811
vn 0.833341 -0.457092 0.310822
vn 0.656445 -0.371698 0.656445
vn 0.707907 -0.136034 -0.693082
vn 0.911984 -0.180931 -0.368170
vn 0.970846 -0.239669 -0.004140
vn 0.990796 -0.135286 0.004473
vn 0.918203 -0.143882 0.369054
vn 0.704802 -0.080667 0.704802
vn 0.693082 0.136034 -0.707907
vn 0.918203 0.143882 -0.369054
vn 0.990796 0.135286 -0.004473
vn 0.970846 0.239669 0.004140
vn 0.911984 0.180931 0.368170
vn 0.694383 0.188854 0.694383
vn 0.642635 0.441589 -0.626115
vn 0.833341 0.457092 -0.310822
vn 0.890792 0.454403 -0.002811
vn 0.809490 0.587120 0.003997
vn 0.796314 0.500194 0.340132
vn 0.603891 0.520222 0.603891
vn 0.496038 0.729467 -0.470983
vn 0.549577 0.808201 -0.211606
vn 0.562310 0.826926 -0.001005
vn 0.562304 0.826917 0.004779
vn 0.534082 0.785415 0.312858
vn 0.490135 0.720787 0.490135
vn -0.490135 -0.720787 -0.490135
vn -0.312858 -0.785415 -0.534082
vn -0.004779 -0.826917 -0.562304
vn 0.001005 -0.826926 -0.562310
vn 0.211606 -0.808201 -0.549577
vn 0.470983 -0.729467 -0.496038
vn -0.534082 -0.785415 -0.312858
vn -0.268668 -0.925005 -0.268668
vn -0.003183 -0.948096 -0.317969
vn 0.002089 -0.973289 -0.229575
vn 0.238736 -0.941281 -0.238736
vn 0.533893 -0.805851 -0.256051
vn -0.562304 -0.826917 -0.004779
vn -0.317969 -0.948096 -0.003183
vn -0.005975 -0.999964 -0.005975
vn 0.001620 -0.999997 -0.001620
vn 0.229575 -0.973289 -0.002089
vn 0.522402 -0.852696 -0.002237
vn -0.562310 -0.826926 0.001005
vn -0.229575 -0.973289 0.002089
vn -0.001620 -0.999997 0.001620
vn 0.005975 -0.999964 0.005975
vn 0.317969 -0.948096 0.003183
vn 0.602426 -0.798172 0.002325
vn -0.549577 -0.808201 0.211606
vn -0.238736 -0.941281 0.238736
vn -0.002089 -0.973289 0.229575
vn 0.003183 -0.948096 0.317969
vn 0.268668 -0.925005 0.268668
vn 0.552899 -0.792186 0.258350
vn -0.496038 -0.729467 0.470983
vn -0.256051 -0.805851 0.533893
vn -0.002237 -0.852696 0.522402
vn 0.002325 -0.798172 0.602426
vn 0.258350 -0.792186 0.552899
vn 0.503175 -0.702588 0.503175
vn -0.503175 0.702588 -0.503175
vn -0.258350 0.792186 -0.552899
vn -0.002325 0.798172 -0.602426
vn 0.002237 0.852696 -0.522402
vn 0.256051 0.805851 -0.533893
vn 0.496038 0.729467 -0.470983
vn -0.552899 0.792186 -0.258350
vn -0.268668 0.925005 -0.268668
vn -0.003183 0.948096 -0.317969
vn 0.002089 0.973289 -0.229575
vn 0.238736 0.941281 -0.238736
vn 0.549577 0.808201 -0.211606
vn -0.602426 0.798172 -0.002325
vn -0.317969 0.948096 -0.003183
vn -0.005975 0.999964 -0.005975
vn 0.001620 0.999997 -0.001620
vn 0.229575 0.973289 -0.002089
vn 0.562310 0.826926 -0.001005
vn -0.522402 0.852696 0.002237
vn -0.229575 0.973289 0.002089
vn -0.001620 0.999997 0.001620
vn 0.005975 0.999964 0.005975
vn 0.317969 0.948096 0.003183
vn 0.562304 0.826917 0.004779
vn -0.533893 0.805851 0.256051
vn -0.238736 0.941281 0.238736
vn -0.002089 0.973289 0.229575
vn 0.003183 0.948096 0.317969
vn 0.268668 0.925005 0.268668
vn 0.534082 0.785415 0.312858
vn -0.470983 0.729467 0.496038
vn -0.211606 0.808201 0.549577
vn -0.001005 0.826926 0.562310
vn 0.004779 0.826917 0.562304
vn 0.312858 0.785415 0.534082
vn 0.490135 0.720787 0.490135
vn -0.490135 -0.720787 -0.490135
vn -0.603891 -0.520222 -0.603891
vn -0.694383 -0.188854 -0.694383
vn -0.704802 0.080667 -0.704802
vn -0.656445 0.371698 -0.656445
vn -0.503175 0.702588 -0.503175
vn -0.312858 -0.785415 -0.534082
vn -0.340132 -0.500194 -0.796314
vn -0.368170 -0.180931 -0.911984
vn -0.369054 0.143882 -0.918203
vn -0.310822 0.457092 -0.833341
vn -0.258350 0.792186 -0.552899
vn -0.004779 -0.826917 -0.562304
vn -0.003997 -0.587120 -0.809490
vn -0.004140 -0.239669 -0.970846
vn -0.004473 0.135286 -0.990796
vn -0.002811 0.454403 -0.890792
vn -0.002325 0.798172 -0.602426
vn 0.001005 -0.826926 -0.562310
vn 0.002811 -0.454403 -0.890792
vn 0.004473 -0.135286 -0.990796
vn 0.004140 0.239669 -0.970846
vn 0.003997 0.587120 -0.809490
vn 0.002237 0.852696 -0.522402
vn 0.211606 -0.808201 -0.549577
vn 0.310822 -0.457092 -0.833341
vn 0.369054 -0.143882 -0.918203
vn 0.368170 0.180931 -0.911984
vn 0.340132 0.500194 -0.796314
vn 0.256051 0.805851 -0.533893
vn 0.470983 -0.729467 -0.496038
vn 0.626115 -0.441589 -0.642635
vn 0.707907 -0.136034 -0.693082
vn 0.693082 0.136034 -0.707907
vn 0.642635 0.441589 -0.626115
vn 0.496038 0.729467 -0.470983
vn -0.496038 -0.729467 0.470983
vn -0.642635 -0.441589 0.626115
vn -0.693082 -0.136034 0.707907
vn -0.707907 0.136034 0.693082
vn -0.626115 0.441589 0.642635
vn -0.470983 0.729467 0.496038
vn -0.256051 -0.805851 0.533893
vn -0.340132 -0.500194 0.796314
vn -0.368170 -0.180931 0.911984
vn -0.369054 0.143882 0.918203
vn -0.310822 0.457092 0.833341
vn -0.211606 0.808201 0.549577
vn -0.002237 -0.852696 0.522402
vn -0.003997 -0.587120 0.809490
vn -0.004140 -0.239669 0.970846
vn -0.004473 0.135286 0.990796
vn -0.002811 0.454403 0.890792
vn -0.001005 0.826926 0.562310
vn 0.002325 -0.798172 0.602426
vn 0.002811 -0.454403 0.890792
vn 0.004473 -0.135286 0.990796
vn 0.004140 0.239669 0.970846
vn 0.003997 0.587120 0.809490
vn 0.004779 0.826917 0.562304
vn 0.258350 -0.792186 0.552899
vn 0.310822 -0.457092 0.833341
vn 0.369054 -0.143882 0.918203
vn 0.368170 0.180931 0.911984
vn 0.340132 0.500194 0.796314
vn 0.312858 0.785415 0.534082
vn 0.503175 -0.702588 0.503175
vn 0.656445 -0.371698 0.656445
vn 0.704802 -0.080667 0.704802
vn 0.694383 0.188854 0.694383
vn 0.603891 0.520222 0.603891
vn 0.490135 0.720787 0.490135
f 866//866 871//871 865//865
f 872//872 871//871 866//866
f 867//867 872//872 866//866
f 873//873 872//872 867//867
f 868//868 873//873 867//867
f 874//874 873//873 868//868
f 869//869 874//874 868//868
f 875//875 874//874 869//869
f 870//870 875//875 869//869
f 876//876 875//875 870//870
f 872//872 877//877 871//871
f 878//878 877//877 872//872
f 873//873 878//878 872//872
f 879//879 878//878 873//873
f 874//874 879//879 873//873
f 880//880 879//879 874//874
f 875//875 880//880 874//874
f 881//881 880//880 875//875
f 876//876 881//881 875//875
f 882//882 881//881 876//876
f 878//878 883//883 877//877
f 884//884 883//883 878//878
f 879//879 884//884 878//878
f 885//885 884//884 879//879
f 880//880 885//885 879//879
f 886//886 885//885 880//880
f 881//881 886//886 880//880
f 887//887 886//886 881//881
f 882//882 887//887 881//881
f 888//888 887//887 882//882
f 884//884 889//889 883//883
f 890//890 889//889 884//884
f 885//885 890//890 884//884
f 891//891 890//890 885//885
f 886//886 891//891 885//885
f 892//892 891//891 886//886
f 887//887 892//892 886//886
f 893//893 892//892 887//887
f 888//888 893//893 887//887
f 894//894 893//893 888//888
f 890//890 895//895 889//889
f 896//896 895//895 890//890
f 891//891 896//896 890//890
f 897//897 896//896 891//891
f 892//892 897//897 891//891
f 898//898 897//897 892//892
f 893//893 898//898 892//892
f 899//899 898//898 893//893
f 894//894 899//899 893//893
f 900//900 899//899 894//894
f 901//901 907//907 902//902
f 902//902 907//907 908//908
f 902//902 908//908 903//903
f 903//903 908//908 909//909
f 903//903 909//909 904//904
f 904//904 909//909 910//910
f 904//904 910//910 905//905
f 905//905 910//910 911//911
f 905//905 911//911 906//906
f 906//906 911//911 912//912
f 907//907 913//913 908//908
f 908//908 913//913 914//914
f 908//908 914//914 909//909
f 909//909 914//914 915//915
f 909//909 915//915 910//910
f 910//910 915//915 916//916
f 910//910 916//916 911//911
f 911//911 916//916 917//917
f 911//911 917//917 912//912
f 912//912 917//917 918//918
f 913//913 919//919 914//914
f 914//914 919//919 920//920
f 914//914 920//920 915//915
f 915//915 920//920 921//921
f 915//915 921//921 916//916
f 916//916 921//921 922//922
f 916//916 922//922 917//917
f 917//917 922//922 923//923
f 917//917 923//923 918//918
f 918//918 923//923 924//924
f 919//919 925//925 920//920
f 920//920 925//925 926//926
f 920//920 926//926 921//921
f 921//921 926//926 927//927
f 921//921 927//927 922//922
f 922//922 927//927 928//928
f 922//922 928//928 923//923
f 923//923 928//928 929//929
f 923//923 929//929 924//924
f 924//924 929//929 930//930
f 925//925 931//931 926//926
f 926//926 931//931 932//932
f 926//926 932//932 927//927
f 927//927 932//932 933//933
f 927//927 933//933 928//928
f 928//928 933//933 934//934
f 928//928 934//934 929//929
f 929//929 934//934 935//935
f 929//929 935//935 930//930
f 930//930 935//935 936//936
f 938//938 943//943 937//937
f 944//944 943//943 938//938
f 939//939 944//944 938//938
f 945//945 944//944 939//939
f 940//940 945//945 939//939
f 946//946 945//945 940//940
f 941//941 946//946 940//940
f 947//947 946//946 941//941
f 942//942 947//947 941//941
f 948//948 947//947 942//942
f 944//944 949//949 943//943
f 950//950 949//949 944//944
f 945//945 950//950 944//944
f 951//951 950//950 945//945
f 946//946 951//951 945//945
f 952//952 951//951 946//946
f 947//947 952//952 946//946
f 953//953 952//952 947//947
f 948//948 953//953 947//947
f 954//954 953//953 948//948
f 950//950 955//955 949//949
f 956//956 955//955 950//950
f 951//951 956//956 950//950
f 957//957 956//956 951//951
f 952//952 957//957 951//951
f 958//958 957//957 952//952
f 953//953 958//958 952//952
f 959//959 958//958 953//953
f 954//954 959//959 953//953
f 960//960 959//959 954//954
f 956//956 961//961 955//955
f 962//962 961//961 956//956
f 957//957 962//962 956//956
f 963//963 962//962 957//957
f 958//958 963//963 957//957
f 964//964 963//963 958//958
f 959//959 964//964 958//958
f 965//965 964//964 959//959
f 960//960 965//965 959//959
f 966//966 965//965 960//960
f 962//962 967//967 961//961
f 968//968 967//967 962//962
f 963//963 968//968 962//962
f 969//969 968//968 963//963
f 964//964 969//969 963//963
f 970//970 969//969 964//964
f 965//965 970//970 964//964
f 971//971 970//970 965//965
f 966//966 971//971 965//965
f 972//972 971//971 966//966
f 973//973 979//979 974//974
f 974//974 979//979 980//980
f 974//974 980//980 975//975
f 975//975 980//980 981//981
f 975//975 981//981 976//976
f 976//976 981//981 982//982
f 976//976 982//982 977//977
f 977//977 982//982 983//983
f 977//977 983//983 978//978
f 978//978 983//983 984//984
f 979//979 985//985 980//980
f 980//980 985//985 986//986
f 980//980 986//986 981//981
f 981//981 986//986 987//987
f 981//981 987//987 982//982
f 982//982 987//987 988//988
f 982//982 988//988 983//983
f 983//983 988//988 989//989
f 983//983 989//989 984//984
f 984//984 989//989 990//990
f 985//985 991//991 986//986
f 986//986 991//991 992//992
f 986//986 992//992 987//987
f 987//987 992//992 993//993
f 987//987 993//993 988//988
f 988//988 993//993 994//994
f 988//988 994//994 989//989
f 989//989 994//994 995//995
f 989//989 995//995 990//990
f 990//990 995//995 996//996
f 991//991 997//997 992//992
f 992//992 997//997 998//998
f 992//992 998//998 993//993
f 993//993 998//998 999//999
f 993//993 999//999 994//994
f 994//994 999//999 1000//1000
f 994//994 1000//1000 995//995
f 995//995 1000//1000 1001//1001
f 995//995 1001//1001 996//996
f 996//996 1001//1001 1002//1002
f 997//997 1003//1003 998//998
f 998//998 1003//1003 1004//1004
f 998//998 1004//1004 999//999
f 999//999 1004//1004 1005//1005
f 999//999 1005//1005 1000//1000
f 1000//1000 1005//1005 1006//1006
f 1000//1000 1006//1006 1001//1001
f 1001//1001 1006//1006 1007//1007
f 1001//1001 1007//1007 1002//1002
f 1002//1002 1007//1007 1008//1008
f 1010//1010 1015//1015 1009//1009
f 1016//1016 1015//1015 1010//1010
f 1011//1011 1016//1016 1010//1010
f 1017//1017 1016//1016 1011//1011
f 1012//1012 1017//1017 1011//1011
f 1018//1018 1017//1017 1012//1012
f 1013//1013 1018//1018 1012//1012
f 1019//1019 1018//1018 1013//1013
f 1014//1014 1019//1019 1013//1013
f 1020//1020 1019//1019 1014//1014
f 1016//1016 1021//1021 1015//1015
f 1022//1022 1021//1021 1016//1016
f 1017//1017 1022//1022 1016//1016
f 1023//1023 1022//1022 1017//1017
f 1018//1018 1023//1023 1017//1017
f 1024//1024 1023//1023 1018//1018
f 1019//1019 1024//1024 1018//1018
f 1025//1025 1024//1024 1019//1019
f 1020//1020 1025//1025 1019//1019
f 1026//1026 1025//1025 1020//1020
f 1022//1022 1027//1027 1021//1021
f 1028//1028 1027//1027 1022//1022
f 1023//1023 1028//1028 1022//1022
f 1029//1029 1028//1028 1023//1023
f 1024//1024 1029//1029 1023//1023
f 1030//1030 1029//1029 1024//1024
f 1025//1025 1030//1030 1024//1024
f 1031//1031 1030//1030 1025//1025
f 1026//1026 1031//1031 1025//1025
f 1032//1032 1031//1031 1026//1026
f 1028//1028 1033//1033 1027//1027
f 1034//1034 1033//1033 1028//1028
f 1029//1029 1034//1034 1028//1028
f 1035//1035 1034//1034 1029//1029
f 1030//1030 1035//1035 1029//1029
f 1036//1036 1035//1035 1030//1030
f 1031//1031 1036//1036 1030//1030
f 1037//1037 1036//1036 1031//1031
f 1032//1032 1037//1037 1031//1031
f 1038//1038 1037//1037 1032//1032
f 1034//1034 1039//1039 1033//1033
f 1040//1040 1039//1039 1034//1034
f 1035//1035 1040//1040 1034//1034
f 1041//1041 1040//1040 1035//1035
f 1036//1036 1041//1041 1035//1035
f 1042//1042 1041//1041 1036//1036
f 1037//1037 1042//1042 1036//1036
f 1043//1043 1042//1042 1037//1037
f 1038//1038 1043//1043 1037//1037
f 1044//1044 1043//1043 1038//1038
f 1045//1045 1051//1051 1046//1046
f 1046//1046 1051//1051 1052//1052
f 1046//1046 1052//1052 1047//1047
f 1047//1047 1052//1052 1053//1053
f 1047//1047 1053//1053 1048//1048
f 1048//1048 1053//1053 1054//1054
f 1048//1048 1054//1054 1049//1049
f 1049//1049 1054//1054 1055//1055
f 1049//1049 1055//1055 1050//1050
f 1050//1050 1055//1055 1056//1056
f 1051//1051 1057//1057 1052//1052
f 1052//1052 1057//1057 1058//1058
f 1052//1052 1058//1058 1053//1053
f 1053//1053 1058//1058 1059//1059
f 1053//1053 1059//1059 1054//1054
f 1054//1054 1059//1059 1060//1060
f 1054//1054 1060//1060 1055//1055
f 1055//1055 1060//1060 1061//1061
f 1055//1055 1061//1061 1056//1056
f 1056//1056 1061//1061 1062//1062
f 1057//1057 1063//1063 1058//1058
f 1058//1058 1063//1063 1064//1064
f 1058//1058 1064//1064 1059//1059
f 1059//1059 1064//1064 1065//1065
f 1059//1059 1065//1065 1060//1060
f 1060//1060 1065//1065 1066//1066
f 1060//1060 1066//1066 1061//1061
f 1061//1061 1066//1066 1067//1067
f 1061//1061 1067//1067 1062//1062
f 1062//1062 1067//1067 1068//1068
f 1063//1063 1069//1069 1064//1064
f 1064//1064 1069//1069 1070//1070
f 1064//1064 1070//1070 1065//1065
f 1065//1065 1070//1070 1071//1071
f 1065//1065 1071//1071 1066//1066
f 1066//1066 1071//1071 1072//1072
f 1066//1066 1072//1072 1067//1067
f 1067//1067 1072//1072 1073//1073
f 1067//1067 1073//1073 1068//1068
f 1068//1068 1073//1073 1074//1074
f 1069//1069 1075//1075 1070//1070
f 1070//1070 1075//1075 1076//1076
f 1070//1070 1076//1076 1071//1071
f 1071//1071 1076//1076 1077//1077
f 1071//1071 1077//1077 1072//1072
f 1072//1072 1077//1077 1078//1078
f 1072//1072 1078//1078 1073//1073
f 1073//1073 1078//1078 1079//1079
f 1073//1073 1079//1079 1074//1074
f 1074//1074 1079//1079 1080//1080
o counter_cocoa
usemtl cocoa
v -0.172000 0.259080 0.387000
v -0.172000 0.259080 0.387000
v -0.172000 0.259080 0.387000
v -0.172000 0.259080 0.387000
v -0.172000 0.259080 0.387000
v -0.172000 0.259080 0.387000
v -0.172000 0.259080 0.387000
v -0.172000 0.259080 0.387000
v -0.172000 0.259080 0.387000
v -0.172000 0.259080 0.387000
v -0.172000 0.259080 0.387000
v -0.172000 0.259080 0.387000
v -0.172000 0.259080 0.387000
v -0.172000 0.259080 0.387000
v -0.172000 0.259080 0.387000
v -0.172000 0.259080 0.387000
v -0.172000 0.259080 0.387000
v -0.172000 0.259080 0.387000
v -0.172000 0.259080 0.387000
v -0.172000 0.259080 0.387000
v -0.172000 0.259080 0.387000
v -0.163977 0.258709 0.387000
v -0.164369 0.258709 0.388360
v -0.165509 0.258709 0.389586
v -0.167284 0.258709 0.390560
v -0.169521 0.258709 0.391185
v -0.172000 0.258709 0.391400
v -0.174479 0.258709 0.391185
v -0.176716 0.258709 0.390560
v -0.178491 0.258709 0.389586
v -0.179631 0.258709 0.388360
v -0.180023 0.258709 0.387000
v -0.179631 0.258709 0.385640
v -0.178491 0.258709 0.384414
v -0.176716 0.258709 0.383440
v -0.174479 0.258709 0.382815
v -0.172000 0.258709 0.382600
v -0.169521 0.258709 0.382815
v -0.167284 0.258709 0.383440
v -0.165509 0.258709 0.384414
v -0.164369 0.258709 0.385640
v -0.163977 0.258709 0.387000
v -0.156500 0.257622 0.387000
v -0.157259 0.257622 0.389627
v -0.159460 0.257622 0.391996
v -0.162889 0.257622 0.393877
v -0.167210 0.257622 0.395084
v -0.172000 0.257622 0.395500
v -0.176790 0.257622 0.395084
v -0.181111 0.257622 0.393877
v -0.184540 0.257622 0.391996
v -0.186741 0.257622 0.389627
v -0.187500 0.257622 0.387000
v -0.186741 0.257622 0.384373
v -0.184540 0.257622 0.382004
v -0.181111 0.257622 0.380123
v -0.176790 0.257622 0.378916
v -0.172000 0.257622 0.378500
v -0.167210 0.257622 0.378916
v -0.162889 0.257622 0.380123
v -0.159460 0.257622 0.382004
v -0.157259 0.257622 0.384373
v -0.156500 0.257622 0.387000
v -0.150080 0.255893 0.387000
v -0.151153 0.255893 0.390715
v -0.154266 0.255893 0.394066
v -0.159116 0.255893 0.396725
v -0.165226 0.255893 0.398432
v -0.172000 0.255893 0.399021
v -0.178774 0.255893 0.398432
v -0.184884 0.255893 0.396725
v -0.189734 0.255893 0.394066
v -0.192847 0.255893 0.390715
v -0.193920 0.255893 0.387000
v -0.192847 0.255893 0.383285
v -0.189734 0.255893 0.379934
v -0.184884 0.255893 0.377275
v -0.178774 0.255893 0.375568
v -0.172000 0.255893 0.374979
v -0.165226 0.255893 0.375568
v -0.159116 0.255893 0.377275
v -0.154266 0.255893 0.379934
v -0.151153 0.255893 0.383285
v -0.150080 0.255893 0.387000
v -0.145153 0.253640 0.387000
v -0.146467 0.253640 0.391549
v -0.150280 0.253640 0.395654
v -0.156220 0.253640 0.398911
v -0.163704 0.253640 0.401002
v -0.172000 0.253640 0.401722
v -0.180296 0.253640 0.401002
v -0.187780 0.253640 0.398911
v -0.193720 0.253640 0.395654
v -0.197533 0.253640 0.391549
v -0.198847 0.253640 0.387000
v -0.197533 0.253640 0.382451
v -0.193720 0.253640 0.378346
v -0.187780 0.253640 0.375089
v -0.180296 0.253640 0.372998
v -0.172000 0.253640 0.372278
v -0.163704 0.253640 0.372998
v -0.156220 0.253640 0.375089
v -0.150280 0.253640 0.378346
v -0.146467 0.253640 0.382451
v -0.145153 0.253640 0.387000
v -0.142056 0.251016 0.387000
v -0.143522 0.251016 0.392074
v -0.147775 0.251016 0.396652
v -0.154400 0.251016 0.400285
v -0.162747 0.251016 0.402617
v -0.172000 0.251016 0.403421
v -0.181253 0.251016 0.402617
v -0.189600 0.251016 0.400285
v -0.196225 0.251016 0.396652
v -0.200478 0.251016 0.392074
v -0.201944 0.251016 0.387000
v -0.200478 0.251016 0.381926
v -0.196225 0.251016 0.377348
v -0.189600 0.251016 0.373715
v -0.181253 0.251016 0.371383
v -0.172000 0.251016 0.370579
v -0.162747 0.251016 0.371383
v -0.154400 0.251016 0.373715
v -0.147775 0.251016 0.377348
v -0.143522 0.251016 0.381926
v -0.142056 0.251016 0.387000
v -0.141000 0.248200 0.387000
v -0.142517 0.248200 0.392253
v -0.146920 0.248200 0.396992
v -0.153779 0.248200 0.400753
v -0.162420 0.248200 0.403168
v -0.172000 0.248200 0.404000
v -0.181580 0.248200 0.403168
v -0.190221 0.248200 0.400753
v -0.197080 0.248200 0.396992
v -0.201483 0.248200 0.392253
v -0.203000 0.248200 0.387000
v -0.201483 0.248200 0.381747
v -0.197080 0.248200 0.377008
v -0.190221 0.248200 0.373247
v -0.181580 0.248200 0.370832
v -0.172000 0.248200 0.370000
v -0.162420 0.248200 0.370832
v -0.153779 0.248200 0.373247
v -0.146920 0.248200 0.377008
v -0.142517 0.248200 0.381747
v -0.141000 0.248200 0.387000
v -0.142056 0.245384 0.387000
v -0.143522 0.245384 0.392074
v -0.147775 0.245384 0.396652
v -0.154400 0.245384 0.400285
v -0.162747 0.245384 0.402617
v -0.172000 0.245384 0.403421
v -0.181253 0.245384 0.402617
v -0.189600 0.245384 0.400285
v -0.196225 0.245384 0.396652
v -0.200478 0.245384 0.392074
v -0.201944 0.245384 0.387000
v -0.200478 0.245384 0.381926
v -0.196225 0.245384 0.377348
v -0.189600 0.245384 0.373715
v -0.181253 0.245384 0.371383
v -0.172000 0.245384 0.370579
v -0.162747 0.245384 0.371383
v -0.154400 0.245384 0.373715
v -0.147775 0.245384 0.377348
v -0.143522 0.245384 0.381926
v -0.142056 0.245384 0.387000
v -0.145153 0.242760 0.387000
v -0.146467 0.242760 0.391549
v -0.150280 0.242760 0.395654
v -0.156220 0.242760 0.398911
v -0.163704 0.242760 0.401002
v -0.172000 0.242760 0.401722
v -0.180296 0.242760 0.401002
v -0.187780 0.242760 0.398911
v -0.193720 0.242760 0.395654
v -0.197533 0.242760 0.391549
v -0.198847 0.242760 0.387000
v -0.197533 0.242760 0.382451
v -0.193720 0.242760 0.378346
v -0.187780 0.242760 0.375089
v -0.180296 0.242760 0.372998
v -0.172000 0.242760 0.372278
v -0.163704 0.242760 0.372998
v -0.156220 0.242760 0.375089
v -0.150280 0.242760 0.378346
v -0.146467 0.242760 0.382451
v -0.145153 0.242760 0.387000
v -0.150080 0.240507 0.387000
v -0.151153 0.240507 0.390715
v -0.154266 0.240507 0.394066
v -0.159116 0.240507 0.396725
v -0.165226 0.240507 0.398432
v -0.172000 0.240507 0.399021
v -0.178774 0.240507 0.398432
v -0.184884 0.240507 0.396725
v -0.189734 0.240507 0.394066
v -0.192847 0.240507 0.390715
v -0.193920 0.240507 0.387000
v -0.192847 0.240507 0.383285
v -0.189734 0.240507 0.379934
v -0.184884 0.240507 0.377275
v -0.178774 0.240507 0.375568
v -0.172000 0.240507 0.374979
v -0.165226 0.240507 0.375568
v -0.159116 0.240507 0.377275
v -0.154266 0.240507 0.379934
v -0.151153 0.240507 0.383285
v -0.150080 0.240507 0.387000
v -0.156500 0.238778 0.387000
v -0.157259 0.238778 0.389627
v -0.159460 0.238778 0.391996
v -0.162889 0.238778 0.393877
v -0.167210 0.238778 0.395084
v -0.172000 0.238778 0.395500
v -0.176790 0.238778 0.395084
v -0.181111 0.238778 0.393877
v -0.184540 0.238778 0.391996
v -0.186741 0.238778 0.389627
v -0.187500 0.238778 0.387000
v -0.186741 0.238778 0.384373
v -0.184540 0.238778 0.382004
v -0.181111 0.238778 0.380123
v -0.176790 0.238778 0.378916
v -0.172000 0.238778 0.378500
v -0.167210 0.238778 0.378916
v -0.162889 0.238778 0.380123
v -0.159460 0.238778 0.382004
v -0.157259 0.238778 0.384373
v -0.156500 0.238778 0.387000
v -0.163977 0.237691 0.387000
v -0.164369 0.237691 0.388360
v -0.165509 0.237691 0.389586
v -0.167284 0.237691 0.390560
v -0.169521 0.237691 0.391185
v -0.172000 0.237691 0.391400
v -0.174479 0.237691 0.391185
v -0.176716 0.237691 0.390560
v -0.178491 0.237691 0.389586
v -0.179631 0.237691 0.388360
v -0.180023 0.237691 0.387000
v -0.179631 0.237691 0.385640
v -0.178491 0.237691 0.384414
v -0.176716 0.237691 0.383440
v -0.174479 0.237691 0.382815
v -0.172000 0.237691 0.382600
v -0.169521 0.237691 0.382815
v -0.167284 0.237691 0.383440
v -0.165509 0.237691 0.384414
v -0.164369 0.237691 0.385640
v -0.163977 0.237691 0.387000
v -0.172000 0.237320 0.387000
v -0.172000 0.237320 0.387000
v -0.172000 0.237320 0.387000
v -0.172000 0.237320 0.387000
v -0.172000 0.237320 0.387000
v -0.172000 0.237320 0.387000
v -0.172000 0.237320 0.387000
v -0.172000 0.237320 0.387000
v -0.172000 0.237320 0.387000
v -0.172000 0.237320 0.387000
v -0.172000 0.237320 0.387000
v -0.172000 0.237320 0.387000
v -0.172000 0.237320 0.387000
v -0.172000 0.237320 0.387000
v -0.172000 0.237320 0.387000
v -0.172000 0.237320 0.387000
v -0.172000 0.237320 0.387000
v -0.172000 0.237320 0.387000
v -0.172000 0.237320 0.387000
v -0.172000 0.237320 0.387000
v -0.172000 0.237320 0.387000
v 0.172000 0.259080 0.387000
v 0.172000 0.259080 0.387000
v 0.172000 0.259080 0.387000
v 0.172000 0.259080 0.387000
v 0.172000 0.259080 0.387000
v 0.172000 0.259080 0.387000
v 0.172000 0.259080 0.387000
v 0.172000 0.259080 0.387000
v 0.172000 0.259080 0.387000
v 0.172000 0.259080 0.387000
v 0.172000 0.259080 0.387000
v 0.172000 0.259080 0.387000
v 0.172000 0.259080 0.387000
v 0.172000 0.259080 0.387000
v 0.172000 0.259080 0.387000
v 0.172000 0.259080 0.387000
v 0.172000 0.259080 0.387000
v 0.172000 0.259080 0.387000
v 0.172000 0.259080 0.387000
v 0.172000 0.259080 0.387000
v 0.172000 0.259080 0.387000
v 0.180023 0.258709 0.387000
v 0.179631 0.258709 0.388360
v 0.178491 0.258709 0.389586
v 0.176716 0.258709 0.390560
v 0.174479 0.258709 0.391185
v 0.172000 0.258709 0.391400
v 0.169521 0.258709 0.391185
v 0.167284 0.258709 0.390560
v 0.165509 0.258709 0.389586
v 0.164369 0.258709 0.388360
v 0.163977 0.258709 0.387000
v 0.164369 0.258709 0.385640
v 0.165509 0.258709 0.384414
v 0.167284 0.258709 0.383440
v 0.169521 0.258709 0.382815
v 0.172000 0.258709 0.382600
v 0.174479 0.258709 0.382815
v 0.176716 0.258709 0.383440
v 0.178491 0.258709 0.384414
v 0.179631 0.258709 0.385640
v 0.180023 0.258709 0.387000
v 0.187500 0.257622 0.387000
v 0.186741 0.257622 0.389627
v 0.184540 0.257622 0.391996
v 0.181111 0.257622 0.393877
v 0.176790 0.257622 0.395084
v 0.172000 0.257622 0.395500
v 0.167210 0.257622 0.395084
v 0.162889 0.257622 0.393877
v 0.159460 0.257622 0.391996
v 0.157259 0.257622 0.389627
v 0.156500 0.257622 0.387000
v 0.157259 0.257622 0.384373
v 0.159460 0.257622 0.382004
v 0.162889 0.257622 0.380123
v 0.167210 0.257622 0.378916
v 0.172000 0.257622 0.378500
v 0.176790 0.257622 0.378916
v 0.181111 0.257622 0.380123
v 0.184540 0.257622 0.382004
v 0.186741 0.257622 0.384373
v 0.187500 0.257622 0.387000
v 0.193920 0.255893 0.387000
v 0.192847 0.255893 0.390715
v 0.189734 0.255893 0.394066
v 0.184884 0.255893 0.396725
v 0.178774 0.255893 0.398432
v 0.172000 0.255893 0.399021
v 0.165226 0.255893 0.398432
v 0.159116 0.255893 0.396725
v 0.154266 0.255893 0.394066
v 0.151153 0.255893 0.390715
v 0.150080 0.255893 0.387000
v 0.151153 0.255893 0.383285
v 0.154266 0.255893 0.379934
v 0.159116 0.255893 0.377275
v 0.165226 0.255893 0.375568
v 0.172000 0.255893 0.374979
v 0.178774 0.255893 0.375568
v 0.184884 0.255893 0.377275
v 0.189734 0.255893 0.379934
v 0.192847 0.255893 0.383285
v 0.193920 0.255893 0.387000
v 0.198847 0.253640 0.387000
v 0.197533 0.253640 0.391549
v 0.193720 0.253640 0.395654
v 0.187780 0.253640 0.398911
v 0.180296 0.253640 0.401002
v 0.172000 0.253640 0.401722
v 0.163704 0.253640 0.401002
v 0.156220 0.253640 0.398911
v 0.150280 0.253640 0.395654
v 0.146467 0.253640 0.391549
v 0.145153 0.253640 0.387000
v 0.146467 0.253640 0.382451
v 0.150280 0.253640 0.378346
v 0.156220 0.253640 0.375089
v 0.163704 0.253640 0.372998
v 0.172000 0.253640 0.372278
v 0.180296 0.253640 0.372998
v 0.187780 0.253640 0.375089
v 0.193720 0.253640 0.378346
v 0.197533 0.253640 0.382451
v 0.198847 0.253640 0.387000
v 0.201944 0.251016 0.387000
v 0.200478 0.251016 0.392074
v 0.196225 0.251016 0.396652
v 0.189600 0.251016 0.400285
v 0.181253 0.251016 0.402617
v 0.172000 0.251016 0.403421
v 0.162747 0.251016 0.402617
v 0.154400 0.251016 0.400285
v 0.147775 0.251016 0.396652
v 0.143522 0.251016 0.392074
v 0.142056 0.251016 0.387000
v 0.143522 0.251016 0.381926
v 0.147775 0.251016 0.377348
v 0.154400 0.251016 0.373715
v 0.162747 0.251016 0.371383
v 0.172000 0.251016 0.370579
v 0.181253 0.251016 0.371383
v 0.189600 0.251016 0.373715
v 0.196225 0.251016 0.377348
v 0.200478 0.251016 0.381926
v 0.201944 0.251016 0.387000
v 0.203000 0.248200 0.387000
v 0.201483 0.248200 0.392253
v 0.197080 0.248200 0.396992
v 0.190221 0.248200 0.400753
v 0.181580 0.248200 0.403168
v 0.172000 0.248200 0.404000
v 0.162420 0.248200 0.403168
v 0.153779 0.248200 0.400753
v 0.146920 0.248200 0.396992
v 0.142517 0.248200 0.392253
v 0.141000 0.248200 0.387000
v 0.142517 0.248200 0.381747
v 0.146920 0.248200 0.377008
v 0.153779 0.248200 0.373247
v 0.162420 0.248200 0.370832
v 0.172000 0.248200 0.370000
v 0.181580 0.248200 0.370832
v 0.190221 0.248200 0.373247
v 0.197080 0.248200 0.377008
v 0.201483 0.248200 0.381747
v 0.203000 0.248200 0.387000
v 0.201944 0.245384 0.387000
v 0.200478 0.245384 0.392074
v 0.196225 0.245384 0.396652
v 0.189600 0.245384 0.400285
v 0.181253 0.245384 0.402617
v 0.172000 0.245384 0.403421
v 0.162747 0.245384 0.402617
v 0.154400 0.245384 0.400285
v 0.147775 0.245384 0.396652
v 0.143522 0.245384 0.392074
v 0.142056 0.245384 0.387000
v 0.143522 0.245384 0.381926
v 0.147775 0.245384 0.377348
v 0.154400 0.245384 0.373715
v 0.162747 0.245384 0.371383
v 0.172000 0.245384 0.370579
v 0.181253 0.245384 0.371383
v 0.189600 0.245384 0.373715
v 0.196225 0.245384 0.377348
v 0.200478 0.245384 0.381926
v 0.201944 0.245384 0.387000
v 0.198847 0.242760 0.387000
v 0.197533 0.242760 0.391549
v 0.193720 0.242760 0.395654
v 0.187780 0.242760 0.398911
v 0.180296 0.242760 0.401002
v 0.172000 0.242760 0.401722
v 0.163704 0.242760 0.401002
v 0.156220 0.242760 0.398911
v 0.150280 0.242760 0.395654
v 0.146467 0.242760 0.391549
v 0.145153 0.242760 0.387000
v 0.146467 0.242760 0.382451
v 0.150280 0.242760 0.378346
v 0.156220 0.242760 0.375089
v 0.163704 0.242760 0.372998
v 0.172000 0.242760 0.372278
v 0.180296 0.242760 0.372998
v 0.187780 0.242760 0.375089
v 0.193720 0.242760 0.378346
v 0.197533 0.242760 0.382451
v 0.198847 0.242760 0.387000
v 0.193920 0.240507 0.387000
v 0.192847 0.240507 0.390715
v 0.189734 0.240507 0.394066
v 0.184884 0.240507 0.396725
v 0.178774 0.240507 0.398432
v 0.172000 0.240507 0.399021
v 0.165226 0.240507 0.398432
v 0.159116 0.240507 0.396725
v 0.154266 0.240507 0.394066
v 0.151153 0.240507 0.390715
v 0.150080 0.240507 0.387000
v 0.151153 0.240507 0.383285
v 0.154266 0.240507 0.379934
v 0.159116 0.240507 0.377275
v 0.165226 0.240507 0.375568
v 0.172000 0.240507 0.374979
v 0.178774 0.240507 0.375568
v 0.184884 0.240507 0.377275
v 0.189734 0.240507 0.379934
v 0.192847 0.240507 0.383285
v 0.193920 0.240507 0.387000
v 0.187500 0.238778 0.387000
v 0.186741 0.238778 0.389627
v 0.184540 0.238778 0.391996
v 0.181111 0.238778 0.393877
v 0.176790 0.238778 0.395084
v 0.172000 0.238778 0.395500
v 0.167210 0.238778 0.395084
v 0.162889 0.238778 0.393877
v 0.159460 0.238778 0.391996
v 0.157259 0.238778 0.389627
v 0.156500 0.238778 0.387000
v 0.157259 0.238778 0.384373
v 0.159460 0.238778 0.382004
v 0.162889 0.238778 0.380123
v 0.167210 0.238778 0.378916
v 0.172000 0.238778 0.378500
v 0.176790 0.238778 0.378916
v 0.181111 0.238778 0.380123
v 0.184540 0.238778 0.382004
v 0.186741 0.238778 0.384373
v 0.187500 0.238778 0.387000
v 0.180023 0.237691 0.387000
v 0.179631 0.237691 0.388360
v 0.178491 0.237691 0.389586
v 0.176716 0.237691 0.390560
v 0.174479 0.237691 0.391185
v 0.172000 0.237691 0.391400
v 0.169521 0.237691 0.391185
v 0.167284 0.237691 0.390560
v 0.165509 0.237691 0.389586
v 0.164369 0.237691 0.388360
v 0.163977 0.237691 0.387000
v 0.164369 0.237691 0.385640
v 0.165509 0.237691 0.384414
v 0.167284 0.237691 0.383440
v 0.169521 0.237691 0.382815
v 0.172000 0.237691 0.382600
v 0.174479 0.237691 0.382815
v 0.176716 0.237691 0.383440
v 0.178491 0.237691 0.384414
v 0.179631 0.237691 0.385640
v 0.180023 0.237691 0.387000
v 0.172000 0.237320 0.387000
v 0.172000 0.237320 0.387000
v 0.172000 0.237320 0.387000
v 0.172000 0.237320 0.387000
v 0.172000 0.237320 0.387000
v 0.172000 0.237320 0.387000
v 0.172000 0.237320 0.387000
v 0.172000 0.237320 0.387000
v 0.172000 0.237320 0.387000
v 0.172000 0.237320 0.387000
v 0.172000 0.237320 0.387000
v 0.172000 0.237320 0.387000
v 0.172000 0.237320 0.387000
v 0.172000 0.237320 0.387000
v 0.172000 0.237320 0.387000
v 0.172000 0.237320 0.387000
v 0.172000 0.237320 0.387000
v 0.172000 0.237320 0.387000
v 0.172000 0.237320 0.387000
v 0.172000 0.237320 0.387000
v 0.172000 0.237320 0.387000
vn 0.000000 1.000000 0.000000
vn 0.000000 1.000000 0.000000
vn 0.000000 1.000000 0.000000
vn 0.000000 1.000000 0.000000
vn 0.000000 1.000000 0.000000
vn 0.000000 1.000000 0.000000
vn 0.000000 1.000000 0.000000
vn 0.000000 1.000000 0.000000
vn 0.000000 1.000000 0.000000
vn 0.000000 1.000000 0.000000
vn 0.000000 1.000000 0.000000
vn 0.000000 1.000000 0.000000
vn 0.000000 1.000000 0.000000
vn 0.000000 1.000000 0.000000
vn 0.000000 1.000000 0.000000
vn 0.000000 1.000000 0.000000
vn 0.000000 1.000000 0.000000
vn 0.000000 1.000000 0.000000
vn 0.000000 1.000000 0.000000
vn 0.000000 1.000000 0.000000
vn 0.000000 1.000000 0.000000
vn 0.109682 0.993878 -0.013263
vn 0.106478 0.993099 0.049153
vn 0.092646 0.989996 0.106414
vn 0.069782 0.985796 0.152761
vn 0.040328 0.982114 0.183917
vn 0.007174 0.980321 0.197280
vn -0.026628 0.981070 0.191813
vn -0.058008 0.984090 0.167936
vn -0.083982 0.988268 0.127568
vn -0.101875 0.992020 0.074281
vn -0.109682 0.993878 0.013263
vn -0.106478 0.993099 -0.049153
vn -0.092646 0.989996 -0.106414
vn -0.069782 0.985796 -0.152761
vn -0.040328 0.982114 -0.183917
vn -0.007174 0.980321 -0.197280
vn 0.026628 0.981070 -0.191813
vn 0.058008 0.984090 -0.167936
vn 0.083982 0.988268 -0.127568
vn 0.101875 0.992020 -0.074281
vn 0.109682 0.993878 -0.013263
vn 0.207421 0.978165 -0.013054
vn 0.198736 0.974511 0.104077
vn 0.169389 0.963235 0.208530
vn 0.123920 0.949131 0.289474
vn 0.067966 0.937621 0.340950
vn 0.006826 0.932677 0.360649
vn -0.054812 0.935878 0.348034
vn -0.112334 0.946210 0.303427
vn -0.160592 0.960183 0.228602
vn -0.193938 0.972554 0.128555
vn -0.207421 0.978165 0.013054
vn -0.198736 0.974511 -0.104077
vn -0.169389 0.963235 -0.208530
vn -0.123920 0.949131 -0.289474
vn -0.067966 0.937621 -0.340950
vn -0.006826 0.932677 -0.360649
vn 0.054812 0.935878 -0.348034
vn 0.112334 0.946210 -0.303427
vn 0.160592 0.960183 -0.228602
vn 0.193938 0.972554 -0.128555
vn 0.207421 0.978165 -0.013054
vn 0.337964 0.941075 -0.012559
vn 0.320023 0.930814 0.176553
vn 0.266184 0.902806 0.337767
vn 0.188916 0.870541 0.454389
vn 0.099792 0.846152 0.523515
vn 0.006122 0.836559 0.547843
vn -0.087788 0.843985 0.529135
vn -0.177826 0.866732 0.465998
vn -0.257201 0.898560 0.355581
vn -0.314835 0.927930 0.199561
vn -0.337964 0.941075 0.012559
vn -0.320023 0.930814 -0.176553
vn -0.266184 0.902806 -0.337767
vn -0.188916 0.870541 -0.454389
vn -0.099792 0.846152 -0.523515
vn -0.006122 0.836559 -0.547843
vn 0.087788 0.843985 -0.529135
vn 0.177826 0.866732 -0.465998
vn 0.257201 0.898560 -0.355581
vn 0.314835 0.927930 -0.199561
vn 0.337964 0.941075 -0.012559
vn 0.525254 0.850870 -0.011355
vn 0.487812 0.827696 0.277415
vn 0.388933 0.772123 0.502550
vn 0.264003 0.715905 0.646361
vn 0.134022 0.677837 0.722894
vn 0.004860 0.664128 0.747603
vn -0.124235 0.675922 0.726426
vn -0.254228 0.712267 0.654251
vn -0.380034 0.767565 0.516157
vn -0.482034 0.824217 0.297171
vn -0.525254 0.850870 0.011355
vn -0.487812 0.827696 -0.277415
vn -0.388933 0.772123 -0.502550
vn -0.264003 0.715905 -0.646361
vn -0.134022 0.677837 -0.722894
vn -0.004860 0.664128 -0.747603
vn 0.124235 0.675922 -0.726426
vn 0.254228 0.712267 -0.654251
vn 0.380034 0.767565 -0.516157
vn 0.482034 0.824217 -0.297171
vn 0.525254 0.850870 -0.011355
vn 0.798414 0.602056 -0.008034
vn 0.713482 0.564687 0.414815
vn 0.528754 0.490871 0.692434
vn 0.337555 0.429782 0.837463
vn 0.164172 0.393923 0.904363
vn 0.002797 0.382134 0.924102
vn -0.158363 0.393115 0.905749
vn -0.331156 0.428089 0.840878
vn -0.521839 0.488352 0.699426
vn -0.707940 0.562314 0.427345
vn -0.798414 0.602056 0.008034
vn -0.713482 0.564687 -0.414815
vn -0.528754 0.490871 -0.692434
vn -0.337555 0.429782 -0.837463
vn -0.164172 0.393923 -0.904363
vn -0.002797 0.382134 -0.924102
vn 0.158363 0.393115 -0.905749
vn 0.331156 0.428089 -0.840878
vn 0.521839 0.488352 -0.699426
vn 0.707940 0.562314 -0.427345
vn 0.798414 0.602056 -0.008034
vn 1.000000 -0.000000 0.000000
vn 0.860326 -0.000000 0.509744
vn 0.602444 0.000000 0.798161
vn 0.370130 0.000000 0.928980
vn 0.175419 0.000000 0.984494
vn 0.000000 -0.000000 1.000000
vn -0.175419 -0.000000 0.984494
vn -0.370130 0.000000 0.928980
vn -0.602444 -0.000000 0.798161
vn -0.860326 0.000000 0.509744
vn -1.000000 -0.000000 0.000000
vn -0.860326 -0.000000 -0.509744
vn -0.602444 0.000000 -0.798161
vn -0.370130 0.000000 -0.928980
vn -0.175419 0.000000 -0.984494
vn -0.000000 -0.000000 -1.000000
vn 0.175419 -0.000000 -0.984494
vn 0.370130 0.000000 -0.928980
vn 0.602444 -0.000000 -0.798161
vn 0.860326 0.000000 -0.509744
vn 1.000000 -0.000000 0.000000
vn 0.798414 -0.602056 0.008034
vn 0.707940 -0.562314 0.427345
vn 0.521839 -0.488352 0.699426
vn 0.331156 -0.428089 0.840878
vn 0.158363 -0.393115 0.905749
vn -0.002797 -0.382134 0.924102
vn -0.164172 -0.393923 0.904363
vn -0.337555 -0.429782 0.837463
vn -0.528754 -0.490871 0.692434
vn -0.713482 -0.564687 0.414815
vn -0.798414 -0.602056 -0.008034
vn -0.707940 -0.562314 -0.427345
vn -0.521839 -0.488352 -0.699426
vn -0.331156 -0.428089 -0.840878
vn -0.158363 -0.393115 -0.905749
vn 0.002797 -0.382134 -0.924102
vn 0.164172 -0.393923 -0.904363
vn 0.337555 -0.429782 -0.837463
vn 0.528754 -0.490871 -0.692434
vn 0.713482 -0.564687 -0.414815
vn 0.798414 -0.602056 0.008034
vn 0.525254 -0.850870 0.011355
vn 0.482034 -0.824217 0.297171
vn 0.380034 -0.767565 0.516157
vn 0.254228 -0.712267 0.654251
vn 0.124235 -0.675922 0.726426
vn -0.004860 -0.664128 0.747603
vn -0.134022 -0.677837 0.722894
vn -0.264003 -0.715905 0.646361
vn -0.388933 -0.772123 0.502550
vn -0.487812 -0.827696 0.277415
vn -0.525254 -0.850870 -0.011355
vn -0.482034 -0.824217 -0.297171
vn -0.380034 -0.767565 -0.516157
vn -0.254228 -0.712267 -0.654251
vn -0.124235 -0.675922 -0.726426
vn 0.004860 -0.664128 -0.747603
vn 0.134022 -0.677837 -0.722894
vn 0.264003 -0.715905 -0.646361
vn 0.388933 -0.772123 -0.502550
vn 0.487812 -0.827696 -0.277415
vn 0.525254 -0.850870 0.011355
vn 0.337964 -0.941075 0.012559
vn 0.314835 -0.927930 0.199561
vn 0.257201 -0.898560 0.355581
vn 0.177826 -0.866732 0.465998
vn 0.087788 -0.843985 0.529135
vn -0.006122 -0.836559 0.547843
vn -0.099792 -0.846152 0.523515
vn -0.188916 -0.870541 0.454389
vn -0.266184 -0.902806 0.337767
vn -0.320023 -0.930814 0.176553
vn -0.337964 -0.941075 -0.012559
vn -0.314835 -0.927930 -0.199561
vn -0.257201 -0.898560 -0.355581
vn -0.177826 -0.866732 -0.465998
vn -0.087788 -0.843985 -0.529135
vn 0.006122 -0.836559 -0.547843
vn 0.099792 -0.846152 -0.523515
vn 0.188916 -0.870541 -0.454389
vn 0.266184 -0.902806 -0.337767
vn 0.320023 -0.930814 -0.176553
vn 0.337964 -0.941075 0.012559
vn 0.207421 -0.978165 0.013054
vn 0.193938 -0.972554 0.128555
vn 0.160592 -0.960183 0.228602
vn 0.112334 -0.946210 0.303427
vn 0.054812 -0.935878 0.348034
vn -0.006826 -0.932677 0.360649
vn -0.067966 -0.937621 0.340950
vn -0.123920 -0.949131 0.289474
vn -0.169389 -0.963235 0.208530
vn -0.198736 -0.974511 0.104077
vn -0.207421 -0.978165 -0.013054
vn -0.193938 -0.972554 -0.128555
vn -0.160592 -0.960183 -0.228602
vn -0.112334 -0.946210 -0.303427
vn -0.054812 -0.935878 -0.348034
vn 0.006826 -0.932677 -0.360649
vn 0.067966 -0.937621 -0.340950
vn 0.123920 -0.949131 -0.289474
vn 0.169389 -0.963235 -0.208530
vn 0.198736 -0.974511 -0.104077
vn 0.207421 -0.978165 0.013054
vn 0.109682 -0.993878 0.013263
vn 0.101875 -0.992020 0.074281
vn 0.083982 -0.988268 0.127568
vn 0.058008 -0.984090 0.167936
vn 0.026628 -0.981070 0.191813
vn -0.007174 -0.980321 0.197280
vn -0.040328 -0.982114 0.183917
vn -0.069782 -0.985796 0.152761
vn -0.092646 -0.989996 0.106414
vn -0.106478 -0.993099 0.049153
vn -0.109682 -0.993878 -0.013263
vn -0.101875 -0.992020 -0.074281
vn -0.083982 -0.988268 -0.127568
vn -0.058008 -0.984090 -0.167936
vn -0.026628 -0.981070 -0.191813
vn 0.007174 -0.980321 -0.197280
vn 0.040328 -0.982114 -0.183917
vn 0.069782 -0.985796 -0.152761
vn 0.092646 -0.989996 -0.106414
vn 0.106478 -0.993099 -0.049153
vn 0.109682 -0.993878 0.013263
vn 0.000000 -1.000000 0.000000
vn 0.000000 -1.000000 0.000000
vn 0.000000 -1.000000 0.000000
vn 0.000000 -1.000000 0.000000
vn 0.000000 -1.000000 0.000000
vn 0.000000 -1.000000 0.000000
vn 0.000000 -1.000000 0.000000
vn 0.000000 -1.000000 0.000000
vn 0.000000 -1.000000 0.000000
vn 0.000000 -1.000000 0.000000
vn 0.000000 -1.000000 0.000000
vn 0.000000 -1.000000 0.000000
vn 0.000000 -1.000000 0.000000
vn 0.000000 -1.000000 0.000000
vn 0.000000 -1.000000 0.000000
vn 0.000000 -1.000000 0.000000
vn 0.000000 -1.000000 0.000000
vn 0.000000 -1.000000 0.000000
vn 0.000000 -1.000000 0.000000
vn 0.000000 -1.000000 0.000000
vn 0.000000 -1.000000 0.000000
vn 0.000000 1.000000 0.000000
vn 0.000000 1.000000 0.000000
vn 0.000000 1.000000 0.000000
vn 0.000000 1.000000 0.000000
vn 0.000000 1.000000 0.000000
vn 0.000000 1.000000 0.000000
vn 0.000000 1.000000 0.000000
vn 0.000000 1.000000 0.000000
vn 0.000000 1.000000 0.000000
vn 0.000000 1.000000 0.000000
vn 0.000000 1.000000 0.000000
vn 0.000000 1.000000 0.000000
vn 0.000000 1.000000 0.000000
vn 0.000000 1.000000 0.000000
vn 0.000000 1.000000 0.000000
vn 0.000000 1.000000 0.000000
vn 0.000000 1.000000 0.000000
vn 0.000000 1.000000 0.000000
vn 0.000000 1.000000 0.000000
vn 0.000000 1.000000 0.000000
vn 0.000000 1.000000 0.000000
vn 0.109682 0.993878 -0.013263
vn 0.106478 0.993099 0.049153
vn 0.092646 0.989996 0.106414
vn 0.069782 0.985796 0.152761
vn 0.040328 0.982114 0.183917
vn 0.007174 0.980321 0.197280
vn -0.026628 0.981070 0.191813
vn -0.058008 0.984090 0.167936
vn -0.083982 0.988268 0.127568
vn -0.101875 0.992020 0.074281
vn -0.109682 0.993878 0.013263
vn -0.106478 0.993099 -0.049153
vn -0.092646 0.989996 -0.106414
vn -0.069782 0.985796 -0.152761
vn -0.040328 0.982114 -0.183917
vn -0.007174 0.980321 -0.197280
vn 0.026628 0.981070 -0.191813
vn 0.058008 0.984090 -0.167936
vn 0.083982 0.988268 -0.127568
vn 0.101875 0.992020 -0.074281
vn 0.109682 0.993878 -0.013263
vn 0.207421 0.978165 -0.013054
vn 0.198736 0.974511 0.104077
vn 0.169389 0.963235 0.208530
vn 0.123920 0.949131 0.289474
vn 0.067966 0.937621 0.340950
vn 0.006826 0.932677 0.360649
vn -0.054812 0.935878 0.348034
vn -0.112334 0.946210 0.303427
vn -0.160592 0.960183 0.228602
vn -0.193938 0.972554 0.128555
vn -0.207421 0.978165 0.013054
vn -0.198736 0.974511 -0.104077
vn -0.169389 0.963235 -0.208530
vn -0.123920 0.949131 -0.289474
vn -0.067966 0.937621 -0.340950
vn -0.006826 0.932677 -0.360649
vn 0.054812 0.935878 -0.348034
vn 0.112334 0.946210 -0.303427
vn 0.160592 0.960183 -0.228602
vn 0.193938 0.972554 -0.128555
vn 0.207421 0.978165 -0.013054
vn 0.337964 0.941075 -0.012559
vn 0.320023 0.930814 0.176553
vn 0.266184 0.902806 0.337767
vn 0.188916 0.870541 0.454389
vn 0.099792 0.846152 0.523515
vn 0.006122 0.836559 0.547843
vn -0.087788 0.843985 0.529135
vn -0.177826 0.866732 0.465998
vn -0.257201 0.898560 0.355581
vn -0.314835 0.927930 0.199561
vn -0.337964 0.941075 0.012559
vn -0.320023 0.930814 -0.176553
vn -0.266184 0.902806 -0.337767
vn -0.188916 0.870541 -0.454389
vn -0.099792 0.846152 -0.523515
vn -0.006122 0.836559 -0.547843
vn 0.087788 0.843985 -0.529135
vn 0.177826 0.866732 -0.465998
vn 0.257201 0.898560 -0.355581
vn 0.314835 0.927930 -0.199561
vn 0.337964 0.941075 -0.012559
vn 0.525254 0.850870 -0.011355
vn 0.487812 0.827696 0.277415
vn 0.388933 0.772123 0.502550
vn 0.264003 0.715905 0.646361
vn 0.134022 0.677837 0.722894
vn 0.004860 0.664128 0.747603
vn -0.124235 0.675922 0.726426
vn -0.254228 0.712267 0.654251
vn -0.380034 0.767565 0.516157
vn -0.482034 0.824217 0.297171
vn -0.525254 0.850870 0.011355
vn -0.487812 0.827696 -0.277415
vn -0.388933 0.772123 -0.502550
vn -0.264003 0.715905 -0.646361
vn -0.134022 0.677837 -0.722894
vn -0.004860 0.664128 -0.747603
vn 0.124235 0.675922 -0.726426
vn 0.254228 0.712267 -0.654251
vn 0.380034 0.767565 -0.516157
vn 0.482034 0.824217 -0.297171
vn 0.525254 0.850870 -0.011355
vn 0.798414 0.602056 -0.008034
vn 0.713482 0.564687 0.414815
vn 0.528754 0.490871 0.692434
vn 0.337555 0.429782 0.837463
vn 0.164172 0.393923 0.904363
vn 0.002797 0.382134 0.924102
vn -0.158363 0.393115 0.905749
vn -0.331156 0.428089 0.840878
vn -0.521839 0.488352 0.699426
vn -0.707940 0.562314 0.427345
vn -0.798414 0.602056 0.008034
vn -0.713482 0.564687 -0.414815
vn -0.528754 0.490871 -0.692434
vn -0.337555 0.429782 -0.837463
vn -0.164172 0.393923 -0.904363
vn -0.002797 0.382134 -0.924102
vn 0.158363 0.393115 -0.905749
vn 0.331156 0.428089 -0.840878
vn 0.521839 0.488352 -0.699426
vn 0.707940 0.562314 -0.427345
vn 0.798414 0.602056 -0.008034
vn 1.000000 -0.000000 0.000000
vn 0.860326 -0.000000 0.509744
vn 0.602444 0.000000 0.798161
vn 0.370130 0.000000 0.928980
vn 0.175419 0.000000 0.984494
vn 0.000000 -0.000000 1.000000
vn -0.175419 -0.000000 0.984494
vn -0.370130 0.000000 0.928980
vn -0.602444 -0.000000 0.798161
vn -0.860326 0.000000 0.509744
vn -1.000000 -0.000000 0.000000
vn -0.860326 -0.000000 -0.509744
vn -0.602444 0.000000 -0.798161
vn -0.370130 0.000000 -0.928980
vn -0.175419 0.000000 -0.984494
vn -0.000000 -0.000000 -1.000000
vn 0.175419 -0.000000 -0.984494
vn 0.370130 0.000000 -0.928980
vn 0.602444 -0.000000 -0.798161
vn 0.860326 0.000000 -0.509744
vn 1.000000 -0.000000 0.000000
vn 0.798414 -0.602056 0.008034
vn 0.707940 -0.562314 0.427345
vn 0.521839 -0.488352 0.699426
vn 0.331156 -0.428089 0.840878
vn 0.158363 -0.393115 0.905749
vn -0.002797 -0.382134 0.924102
vn -0.164172 -0.393923 0.904363
vn -0.337555 -0.429782 0.837463
vn -0.528754 -0.490871 0.692434
vn -0.713482 -0.564687 0.414815
vn -0.798414 -0.602056 -0.008034
vn -0.707940 -0.562314 -0.427345
vn -0.521839 -0.488352 -0.699426
vn -0.331156 -0.428089 -0.840878
vn -0.158363 -0.393115 -0.905749
vn 0.002797 -0.382134 -0.924102
vn 0.164172 -0.393923 -0.904363
vn 0.337555 -0.429782 -0.837463
vn 0.528754 -0.490871 -0.692434
vn 0.713482 -0.564687 -0.414815
vn 0.798414 -0.602056 0.008034
vn 0.525254 -0.850870 0.011355
vn 0.482034 -0.824217 0.297171
vn 0.380034 -0.767565 0.516157
vn 0.254228 -0.712267 0.654251
vn 0.124235 -0.675922 0.726426
vn -0.004860 -0.664128 0.747603
vn -0.134022 -0.677837 0.722894
vn -0.264003 -0.715905 0.646361
vn -0.388933 -0.772123 0.502550
vn -0.487812 -0.827696 0.277415
vn -0.525254 -0.850870 -0.011355
vn -0.482034 -0.824217 -0.297171
vn -0.380034 -0.767565 -0.516157
vn -0.254228 -0.712267 -0.654251
vn -0.124235 -0.675922 -0.726426
vn 0.004860 -0.664128 -0.747603
vn 0.134022 -0.677837 -0.722894
vn 0.264003 -0.715905 -0.646361
vn 0.388933 -0.772123 -0.502550
vn 0.487812 -0.827696 -0.277415
vn 0.525254 -0.850870 0.011355
vn 0.337964 -0.941075 0.012559
vn 0.314835 -0.927930 0.199561
vn 0.257201 -0.898560 0.355581
vn 0.177826 -0.866732 0.465998
vn 0.087788 -0.843985 0.529135
vn -0.006122 -0.836559 0.547843
vn -0.099792 -0.846152 0.523515
vn -0.188916 -0.870541 0.454389
vn -0.266184 -0.902806 0.337767
vn -0.320023 -0.930814 0.176553
vn -0.337964 -0.941075 -0.012559
vn -0.314835 -0.927930 -0.199561
vn -0.257201 -0.898560 -0.355581
vn -0.177826 -0.866732 -0.465998
vn -0.087788 -0.843985 -0.529135
vn 0.006122 -0.836559 -0.547843
vn 0.099792 -0.846152 -0.523515
vn 0.188916 -0.870541 -0.454389
vn 0.266184 -0.902806 -0.337767
vn 0.320023 -0.930814 -0.176553
vn 0.337964 -0.941075 0.012559
vn 0.207421 -0.978165 0.013054
vn 0.193938 -0.972554 0.128555
vn 0.160592 -0.960183 0.228602
vn 0.112334 -0.946210 0.303427
vn 0.054812 -0.935878 0.348034
vn -0.006826 -0.932677 0.360649
vn -0.067966 -0.937621 0.340950
vn -0.123920 -0.949131 0.289474
vn -0.169389 -0.963235 0.208530
vn -0.198736 -0.974511 0.104077
vn -0.207421 -0.978165 -0.013054
vn -0.193938 -0.972554 -0.128555
vn -0.160592 -0.960183 -0.228602
vn -0.112334 -0.946210 -0.303427
vn -0.054812 -0.935878 -0.348034
vn 0.006826 -0.932677 -0.360649
vn 0.067966 -0.937621 -0.340950
vn 0.123920 -0.949131 -0.289474
vn 0.169389 -0.963235 -0.208530
vn 0.198736 -0.974511 -0.104077
vn 0.207421 -0.978165 0.013054
vn 0.109682 -0.993878 0.013263
vn 0.101875 -0.992020 0.074281
vn 0.083982 -0.988268 0.127568
vn 0.058008 -0.984090 0.167936
vn 0.026628 -0.981070 0.191813
vn -0.007174 -0.980321 0.197280
vn -0.040328 -0.982114 0.183917
vn -0.069782 -0.985796 0.152761
vn -0.092646 -0.989996 0.106414
vn -0.106478 -0.993099 0.049153
vn -0.109682 -0.993878 -0.013263
vn -0.101875 -0.992020 -0.074281
vn -0.083982 -0.988268 -0.127568
vn -0.058008 -0.984090 -0.167936
vn -0.026628 -0.981070 -0.191813
vn 0.007174 -0.980321 -0.197280
vn 0.040328 -0.982114 -0.183917
vn 0.069782 -0.985796 -0.152761
vn 0.092646 -0.989996 -0.106414
vn 0.106478 -0.993099 -0.049153
vn 0.109682 -0.993878 0.013263
vn 0.000000 -1.000000 0.000000
vn 0.000000 -1.000000 0.000000
vn 0.000000 -1.000000 0.000000
vn 0.000000 -1.000000 0.000000
vn 0.000000 -1.000000 0.000000
vn 0.000000 -1.000000 0.000000
vn 0.000000 -1.000000 0.000000
vn 0.000000 -1.000000 0.000000
vn 0.000000 -1.000000 0.000000
vn 0.000000 -1.000000 0.000000
vn 0.000000 -1.000000 0.000000
vn 0.000000 -1.000000 0.000000
vn 0.000000 -1.000000 0.000000
vn 0.000000 -1.000000 0.000000
vn 0.000000 -1.000000 0.000000
vn 0.000000 -1.000000 0.000000
vn 0.000000 -1.000000 0.000000
vn 0.000000 -1.000000 0.000000
vn 0.000000 -1.000000 0.000000
vn 0.000000 -1.000000 0.000000
vn 0.000000 -1.000000 0.000000
f 1081//1081 1082//1082 1102//1102
f 1082//1082 1103//1103 1102//1102
f 1082//1082 1083//1083 1103//1103
f 1083//1083 1104//1104 1103//1103
f 1083//1083 1084//1084 1104//1104
f 1084//1084 1105//1105 1104//1104
f 1084//1084 1085//1085 1105//1105
f 1085//1085 1106//1106 1105//1105
f 1085//1085 1086//1086 1106//1106
f 1086//1086 1107//1107 1106//1106
f 1086//1086 1087//1087 1107//1107
f 1087//1087 1108//1108 1107//1107
f 1087//1087 1088//1088 1108//1108
f 1088//1088 1109//1109 1108//1108
f 1088//1088 1089//1089 1109//1109
f 1089//1089 1110//1110 1109//1109
f 1089//1089 1090//1090 1110//1110
f 1090//1090 1111//1111 1110//1110
f 1090//1090 1091//1091 1111//1111
f 1091//1091 1112//1112 1111//1111
f 1091//1091 1092//1092 1112//1112
f 1092//1092 1113//1113 1112//1112
f 1092//1092 1093//1093 1113//1113
f 1093//1093 1114//1114 1113//1113
f 1093//1093 1094//1094 1114//1114
f 1094//1094 1115//1115 1114//1114
f 1094//1094 1095//1095 1115//1115
f 1095//1095 1116//1116 1115//1115
f 1095//1095 1096//1096 1116//1116
f 1096//1096 1117//1117 1116//1116
f 1096//1096 1097//1097 1117//1117
f 1097//1097 1118//1118 1117//1117
f 1097//1097 1098//1098 1118//1118
f 1098//1098 1119//1119 1118//1118
f 1098//1098 1099//1099 1119//1119
f 1099//1099 1120//1120 1119//1119
f 1099//1099 1100//1100 1120//1120
f 1100//1100 1121//1121 1120//1120
f 1100//1100 1101//1101 1121//1121
f 1101//1101 1122//1122 1121//1121
f 1102//1102 1103//1103 1123//1123
f 1103//1103 1124//1124 1123//1123
f 1103//1103 1104//1104 1124//1124
f 1104//1104 1125//1125 1124//1124
f 1104//1104 1105//1105 1125//1125
f 1105//1105 1126//1126 1125//1125
f 1105//1105 1106//1106 1126//1126
f 1106//1106 1127//1127 1126//1126
f 1106//1106 1107//1107 1127//1127
f 1107//1107 1128//1128 1127//1127
f 1107//1107 1108//1108 1128//1128
f 1108//1108 1129//1129 1128//1128
f 1108//1108 1109//1109 1129//1129
f 1109//1109 1130//1130 1129//1129
f 1109//1109 1110//1110 1130//1130
f 1110//1110 1131//1131 1130//1130
f 1110//1110 1111//1111 1131//1131
f 1111//1111 1132//1132 1131//1131
f 1111//1111 1112//1112 1132//1132
f 1112//1112 1133//1133 1132//1132
f 1112//1112 1113//1113 1133//1133
f 1113//1113 1134//1134 1133//1133
f 1113//1113 1114//1114 1134//1134
f 1114//1114 1135//1135 1134//1134
f 1114//1114 1115//1115 1135//1135
f 1115//1115 1136//1136 1135//1135
f 1115//1115 1116//1116 1136//1136
f 1116//1116 1137//1137 1136//1136
f 1116//1116 1117//1117 1137//1137
f 1117//1117 1138//1138 1137//1137
f 1117//1117 1118//1118 1138//1138
f 1118//1118 1139//1139 1138//1138
f 1118//1118 1119//1119 1139//1139
f 1119//1119 1140//1140 1139//1139
f 1119//1119 1120//1120 1140//1140
f 1120//1120 1141//1141 1140//1140
f 1120//1120 1121//1121 1141//1141
f 1121//1121 1142//1142 1141//1141
f 1121//1121 1122//1122 1142//1142
f 1122//1122 1143//1143 1142//1142
f 1123//1123 1124//1124 1144//1144
f 1124//1124 1145//1145 1144//1144
f 1124//1124 1125//1125 1145//1145
f 1125//1125 1146//1146 1145//1145
f 1125//1125 1126//1126 1146//1146
f 1126//1126 1147//1147 1146//1146
f 1126//1126 1127//1127 1147//1147
f 1127//1127 1148//1148 1147//1147
f 1127//1127 1128//1128 1148//1148
f 1128//1128 1149//1149 1148//1148
f 1128//1128 1129//1129 1149//1149
f 1129//1129 1150//1150 1149//1149
f 1129//1129 1130//1130 1150//1150
f 1130//1130 1151//1151 1150//1150
f 1130//1130 1131//1131 1151//1151
f 1131//1131 1152//1152 1151//1151
f 1131//1131 1132//1132 1152//1152
f 1132//1132 1153//1153 1152//1152
f 1132//1132 1133//1133 1153//1153
f 1133//1133 1154//1154 1153//1153
f 1133//1133 1134//1134 1154//1154
f 1134//1134 1155//1155 1154//1154
f 1134//1134 1135//1135 1155//1155
f 1135//1135 1156//1156 1155//1155
f 1135//1135 1136//1136 1156//1156
f 1136//1136 1157//1157 1156//1156
f 1136//1136 1137//1137 1157//1157
f 1137//1137 1158//1158 1157//1157
f 1137//1137 1138//1138 1158//1158
f 1138//1138 1159//1159 1158//1158
f 1138//1138 1139//1139 1159//1159
f 1139//1139 1160//1160 1159//1159
f 1139//1139 1140//1140 1160//1160
f 1140//1140 1161//1161 1160//1160
f 1140//1140 1141//1141 1161//1161
f 1141//1141 1162//1162 1161//1161
f 1141//1141 1142//1142 1162//1162
f 1142//1142 1163//1163 1162//1162
f 1142//1142 1143//1143 1163//1163
f 1143//1143 1164//1164 1163//1163
f 1144//1144 1145//1145 1165//1165
f 1145//1145 1166//1166 1165//1165
f 1145//1145 1146//1146 1166//1166
f 1146//1146 1167//1167 1166//1166
f 1146//1146 1147//1147 1167//1167
f 1147//1147 1168//1168 1167//1167
f 1147//1147 1148//1148 1168//1168
f 1148//1148 1169//1169 1168//1168
f 1148//1148 1149//1149 1169//1169
f 1149//1149 1170//1170 1169//1169
f 1149//1149 1150//1150 1170//1170
f 1150//1150 1171//1171 1170//1170
f 1150//1150 1151//1151 1171//1171
f 1151//1151 1172//1172 1171//1171
f 1151//1151 1152//1152 1172//1172
f 1152//1152 1173//1173 1172//1172
f 1152//1152 1153//1153 1173//1173
f 1153//1153 1174//1174 1173//1173
f 1153//1153 1154//1154 1174//1174
f 1154//1154 1175//1175 1174//1174
f 1154//1154 1155//1155 1175//1175
f 1155//1155 1176//1176 1175//1175
f 1155//1155 1156//1156 1176//1176
f 1156//1156 1177//1177 1176//1176
f 1156//1156 1157//1157 1177//1177
f 1157//1157 1178//1178 1177//1177
f 1157//1157 1158//1158 1178//1178
f 1158//1158 1179//1179 1178//1178
f 1158//1158 1159//1159 1179//1179
f 1159//1159 1180//1180 1179//1179
f 1159//1159 1160//1160 1180//1180
f 1160//1160 1181//1181 1180//1180
f 1160//1160 1161//1161 1181//1181
f 1161//1161 1182//1182 1181//1181
f 1161//1161 1162//1162 1182//1182
f 1162//1162 1183//1183 1182//1182
f 1162//1162 1163//1163 1183//1183
f 1163//1163 1184//1184 1183//1183
f 1163//1163 1164//1164 1184//1184
f 1164//1164 1185//1185 1184//1184
f 1165//1165 1166//1166 1186//1186
f 1166//1166 1187//1187 1186//1186
f 1166//1166 1167//1167 1187//1187
f 1167//1167 1188//1188 1187//1187
f 1167//1167 1168//1168 1188//1188
f 1168//1168 1189//1189 1188//1188
f 1168//1168 1169//1169 1189//1189
f 1169//1169 1190//1190 1189//1189
f 1169//1169 1170//1170 1190//1190
f 1170//1170 1191//1191 1190//1190
f 1170//1170 1171//1171 1191//1191
f 1171//1171 1192//1192 1191//1191
f 1171//1171 1172//1172 1192//1192
f 1172//1172 1193//1193 1192//1192
f 1172//1172 1173//1173 1193//1193
f 1173//1173 1194//1194 1193//1193
f 1173//1173 1174//1174 1194//1194
f 1174//1174 1195//1195 1194//1194
f 1174//1174 1175//1175 1195//1195
f 1175//1175 1196//1196 1195//1195
f 1175//1175 1176//1176 1196//1196
f 1176//1176 1197//1197 1196//1196
f 1176//1176 1177//1177 1197//1197
f 1177//1177 1198//1198 1197//1197
f 1177//1177 1178//1178 1198//1198
f 1178//1178 1199//1199 1198//1198
f 1178//1178 1179//1179 1199//1199
f 1179//1179 1200//1200 1199//1199
f 1179//1179 1180//1180 1200//1200
f 1180//1180 1201//1201 1200//1200
f 1180//1180 1181//1181 1201//1201
f 1181//1181 1202//1202 1201//1201
f 1181//1181 1182//1182 1202//1202
f 1182//1182 1203//1203 1202//1202
f 1182//1182 1183//1183 1203//1203
f 1183//1183 1204//1204 1203//1203
f 1183//1183 1184//1184 1204//1204
f 1184//1184 1205//1205 1204//1204
f 1184//1184 1185//1185 1205//1205
f 1185//1185 1206//1206 1205//1205
f 1186//1186 1187//1187 1207//1207
f 1187//1187 1208//1208 1207//1207
f 1187//1187 1188//1188 1208//1208
f 1188//1188 1209//1209 1208//1208
f 1188//1188 1189//1189 1209//1209
f 1189//1189 1210//1210 1209//1209
f 1189//1189 1190//1190 1210//1210
f 1190//1190 1211//1211 1210//1210
f 1190//1190 1191//1191 1211//1211
f 1191//1191 1212//1212 1211//1211
f 1191//1191 1192//1192 1212//1212
f 1192//1192 1213//1213 1212//1212
f 1192//1192 1193//1193 1213//1213
f 1193//1193 1214//1214 1213//1213
f 1193//1193 1194//1194 1214//1214
f 1194//1194 1215//1215 1214//1214
f 1194//1194 1195//1195 1215//1215
f 1195//1195 1216//1216 1215//1215
f 1195//1195 1196//1196 1216//1216
f 1196//1196 1217//1217 1216//1216
f 1196//1196 1197//1197 1217//1217
f 1197//1197 1218//1218 1217//1217
f 1197//1197 1198//1198 1218//1218
f 1198//1198 1219//1219 1218//1218
f 1198//1198 1199//1199 1219//1219
f 1199//1199 1220//1220 1219//1219
f 1199//1199 1200//1200 1220//1220
f 1200//1200 1221//1221 1220//1220
f 1200//1200 1201//1201 1221//1221
f 1201//1201 1222//1222 1221//1221
f 1201//1201 1202//1202 1222//1222
f 1202//1202 1223//1223 1222//1222
f 1202//1202 1203//1203 1223//1223
f 1203//1203 1224//1224 1223//1223
f 1203//1203 1204//1204 1224//1224
f 1204//1204 1225//1225 1224//1224
f 1204//1204 1205//1205 1225//1225
f 1205//1205 1226//1226 1225//1225
f 1205//1205 1206//1206 1226//1226
f 1206//1206 1227//1227 1226//1226
f 1207//1207 1208//1208 1228//1228
f 1208//1208 1229//1229 1228//1228
f 1208//1208 1209//1209 1229//1229
f 1209//1209 1230//1230 1229//1229
f 1209//1209 1210//1210 1230//1230
f 1210//1210 1231//1231 1230//1230
f 1210//1210 1211//1211 1231//1231
f 1211//1211 1232//1232 1231//1231
f 1211//1211 1212//1212 1232//1232
f 1212//1212 1233//1233 1232//1232
f 1212//1212 1213//1213 1233//1233
f 1213//1213 1234//1234 1233//1233
f 1213//1213 1214//1214 1234//1234
f 1214//1214 1235//1235 1234//1234
f 1214//1214 1215//1215 1235//1235
f 1215//1215 1236//1236 1235//1235
f 1215//1215 1216//1216 1236//1236
f 1216//1216 1237//1237 1236//1236
f 1216//1216 1217//1217 1237//1237
f 1217//1217 1238//1238 1237//1237
f 1217//1217 1218//1218 1238//1238
f 1218//1218 1239//1239 1238//1238
f 1218//1218 1219//1219 1239//1239
f 1219//1219 1240//1240 1239//1239
f 1219//1219 1220//1220 1240//1240
f 1220//1220 1241//1241 1240//1240
f 1220//1220 1221//1221 1241//1241
f 1221//1221 1242//1242 1241//1241
f 1221//1221 1222//1222 1242//1242
f 1222//1222 1243//1243 1242//1242
f 1222//1222 1223//1223 1243//1243
f 1223//1223 1244//1244 1243//1243
f 1223//1223 1224//1224 1244//1244
f 1224//1224 1245//1245 1244//1244
f 1224//1224 1225//1225 1245//1245
f 1225//1225 1246//1246 1245//1245
f 1225//1225 1226//1226 1246//1246
f 1226//1226 1247//1247 1246//1246
f 1226//1226 1227//1227 1247//1247
f 1227//1227 1248//1248 1247//1247
f 1228//1228 1229//1229 1249//1249
f 1229//1229 1250//1250 1249//1249
f 1229//1229 1230//1230 1250//1250
f 1230//1230 1251//1251 1250//1250
f 1230//1230 1231//1231 1251//1251
f 1231//1231 1252//1252 1251//1251
f 1231//1231 1232//1232 1252//1252
f 1232//1232 1253//1253 1252//1252
f 1232//1232 1233//1233 1253//1253
f 1233//1233 1254//1254 1253//1253
f 1233//1233 1234//1234 1254//1254
f 1234//1234 1255//1255 1254//1254
f 1234//1234 1235//1235 1255//1255
f 1235//1235 1256//1256 1255//1255
f 1235//1235 1236//1236 1256//1256
f 1236//1236 1257//1257 1256//1256
f 1236//1236 1237//1237 1257//1257
f 1237//1237 1258//1258 1257//1257
f 1237//1237 1238//1238 1258//1258
f 1238//1238 1259//1259 1258//1258
f 1238//1238 1239//1239 1259//1259
f 1239//1239 1260//1260 1259//1259
f 1239//1239 1240//1240 1260//1260
f 1240//1240 1261//1261 1260//1260
f 1240//1240 1241//1241 1261//1261
f 1241//1241 1262//1262 1261//1261
f 1241//1241 1242//1242 1262//1262
f 1242//1242 1263//1263 1262//1262
f 1242//1242 1243//1243 1263//1263
f 1243//1243 1264//1264 1263//1263
f 1243//1243 1244//1244 1264//1264
f 1244//1244 1265//1265 1264//1264
f 1244//1244 1245//1245 1265//1265
f 1245//1245 1266//1266 1265//1265
f 1245//1245 1246//1246 1266//1266
f 1246//1246 1267//1267 1266//1266
f 1246//1246 1247//1247 1267//1267
f 1247//1247 1268//1268 1267//1267
f 1247//1247 1248//1248 1268//1268
f 1248//1248 1269//1269 1268//1268
f 1249//1249 1250//1250 1270//1270
f 1250//1250 1271//1271 1270//1270
f 1250//1250 1251//1251 1271//1271
f 1251//1251 1272//1272 1271//1271
f 1251//1251 1252//1252 1272//1272
f 1252//1252 1273//1273 1272//1272
f 1252//1252 1253//1253 1273//1273
f 1253//1253 1274//1274 1273//1273
f 1253//1253 1254//1254 1274//1274
f 1254//1254 1275//1275 1274//1274
f 1254//1254 1255//1255 1275//1275
f 1255//1255 1276//1276 1275//1275
f 1255//1255 1256//1256 1276//1276
f 1256//1256 1277//1277 1276//1276
f 1256//1256 1257//1257 1277//1277
f 1257//1257 1278//1278 1277//1277
f 1257//1257 1258//1258 1278//1278
f 1258//1258 1279//1279 1278//1278
f 1258//1258 1259//1259 1279//1279
f 1259//1259 1280//1280 1279//1279
f 1259//1259 1260//1260 1280//1280
f 1260//1260 1281//1281 1280//1280
f 1260//1260 1261//1261 1281//1281
f 1261//1261 1282//1282 1281//1281
f 1261//1261 1262//1262 1282//1282
f 1262//1262 1283//1283 1282//1282
f 1262//1262 1263//1263 1283//1283
f 1263//1263 1284//1284 1283//1283
f 1263//1263 1264//1264 1284//1284
f 1264//1264 1285//1285 1284//1284
f 1264//1264 1265//1265 1285//1285
f 1265//1265 1286//1286 1285//1285
f 1265//1265 1266//1266 1286//1286
f 1266//1266 1287//1287 1286//1286
f 1266//1266 1267//1267 1287//1287
f 1267//1267 1288//1288 1287//1287
f 1267//1267 1268//1268 1288//1288
f 1268//1268 1289//1289 1288//1288
f 1268//1268 1269//1269 1289//1289
f 1269//1269 1290//1290 1289//1289
f 1270//1270 1271//1271 1291//1291
f 1271//1271 1292//1292 1291//1291
f 1271//1271 1272//1272 1292//1292
f 1272//1272 1293//1293 1292//1292
f 1272//1272 1273//1273 1293//1293
f 1273//1273 1294//1294 1293//1293
f 1273//1273 1274//1274 1294//1294
f 1274//1274 1295//1295 1294//1294
f 1274//1274 1275//1275 1295//1295
f 1275//1275 1296//1296 1295//1295
f 1275//1275 1276//1276 1296//1296
f 1276//1276 1297//1297 1296//1296
f 1276//1276 1277//1277 1297//1297
f 1277//1277 1298//1298 1297//1297
f 1277//1277 1278//1278 1298//1298
f 1278//1278 1299//1299 1298//1298
f 1278//1278 1279//1279 1299//1299
f 1279//1279 1300//1300 1299//1299
f 1279//1279 1280//1280 1300//1300
f 1280//1280 1301//1301 1300//1300
f 1280//1280 1281//1281 1301//1301
f 1281//1281 1302//1302 1301//1301
f 1281//1281 1282//1282 1302//1302
f 1282//1282 1303//1303 1302//1302
f 1282//1282 1283//1283 1303//1303
f 1283//1283 1304//1304 1303//1303
f 1283//1283 1284//1284 1304//1304
f 1284//1284 1305//1305 1304//1304
f 1284//1284 1285//1285 1305//1305
f 1285//1285 1306//1306 1305//1305
f 1285//1285 1286//1286 1306//1306
f 1286//1286 1307//1307 1306//1306
f 1286//1286 1287//1287 1307//1307
f 1287//1287 1308//1308 1307//1307
f 1287//1287 1288//1288 1308//1308
f 1288//1288 1309//1309 1308//1308
f 1288//1288 1289//1289 1309//1309
f 1289//1289 1310//1310 1309//1309
f 1289//1289 1290//1290 1310//1310
f 1290//1290 1311//1311 1310//1310
f 1291//1291 1292//1292 1312//1312
f 1292//1292 1313//1313 1312//1312
f 1292//1292 1293//1293 1313//1313
f 1293//1293 1314//1314 1313//1313
f 1293//1293 1294//1294 1314//1314
f 1294//1294 1315//1315 1314//1314
f 1294//1294 1295//1295 1315//1315
f 1295//1295 1316//1316 1315//1315
f 1295//1295 1296//1296 1316//1316
f 1296//1296 1317//1317 1316//1316
f 1296//1296 1297//1297 1317//1317
f 1297//1297 1318//1318 1317//1317
f 1297//1297 1298//1298 1318//1318
f 1298//1298 1319//1319 1318//1318
f 1298//1298 1299//1299 1319//1319
f 1299//1299 1320//1320 1319//1319
f 1299//1299 1300//1300 1320//1320
f 1300//1300 1321//1321 1320//1320
f 1300//1300 1301//1301 1321//1321
f 1301//1301 1322//1322 1321//1321
f 1301//1301 1302//1302 1322//1322
f 1302//1302 1323//1323 1322//1322
f 1302//1302 1303//1303 1323//1323
f 1303//1303 1324//1324 1323//1323
f 1303//1303 1304//1304 1324//1324
f 1304//1304 1325//1325 1324//1324
f 1304//1304 1305//1305 1325//1325
f 1305//1305 1326//1326 1325//1325
f 1305//1305 1306//1306 1326//1326
f 1306//1306 1327//1327 1326//1326
f 1306//1306 1307//1307 1327//1327
f 1307//1307 1328//1328 1327//1327
f 1307//1307 1308//1308 1328//1328
f 1308//1308 1329//1329 1328//1328
f 1308//1308 1309//1309 1329//1329
f 1309//1309 1330//1330 1329//1329
f 1309//1309 1310//1310 1330//1330
f 1310//1310 1331//1331 1330//1330
f 1310//1310 1311//1311 1331//1331
f 1311//1311 1332//1332 1331//1331
f 1312//1312 1313//1313 1333//1333
f 1313//1313 1334//1334 1333//1333
f 1313//1313 1314//1314 1334//1334
f 1314//1314 1335//1335 1334//1334
f 1314//1314 1315//1315 1335//1335
f 1315//1315 1336//1336 1335//1335
f 1315//1315 1316//1316 1336//1336
f 1316//1316 1337//1337 1336//1336
f 1316//1316 1317//1317 1337//1337
f 1317//1317 1338//1338 1337//1337
f 1317//1317 1318//1318 1338//1338
f 1318//1318 1339//1339 1338//1338
f 1318//1318 1319//1319 1339//1339
f 1319//1319 1340//1340 1339//1339
f 1319//1319 1320//1320 1340//1340
f 1320//1320 1341//1341 1340//1340
f 1320//1320 1321//1321 1341//1341
f 1321//1321 1342//1342 1341//1341
f 1321//1321 1322//1322 1342//1342
f 1322//1322 1343//1343 1342//1342
f 1322//1322 1323//1323 1343//1343
f 1323//1323 1344//1344 1343//1343
f 1323//1323 1324//1324 1344//1344
f 1324//1324 1345//1345 1344//1344
f 1324//1324 1325//1325 1345//1345
f 1325//1325 1346//1346 1345//1345
f 1325//1325 1326//1326 1346//1346
f 1326//1326 1347//1347 1346//1346
f 1326//1326 1327//1327 1347//1347
f 1327//1327 1348//1348 1347//1347
f 1327//1327 1328//1328 1348//1348
f 1328//1328 1349//1349 1348//1348
f 1328//1328 1329//1329 1349//1349
f 1329//1329 1350//1350 1349//1349
f 1329//1329 1330//1330 1350//1350
f 1330//1330 1351//1351 1350//1350
f 1330//1330 1331//1331 1351//1351
f 1331//1331 1352//1352 1351//1351
f 1331//1331 1332//1332 1352//1352
f 1332//1332 1353//1353 1352//1352
f 1354//1354 1355//1355 1375//1375
f 1355//1355 1376//1376 1375//1375
f 1355//1355 1356//1356 1376//1376
f 1356//1356 1377//1377 1376//1376
f 1356//1356 1357//1357 1377//1377
f 1357//1357 1378//1378 1377//1377
f 1357//1357 1358//1358 1378//1378
f 1358//1358 1379//1379 1378//1378
f 1358//1358 1359//1359 1379//1379
f 1359//1359 1380//1380 1379//1379
f 1359//1359 1360//1360 1380//1380
f 1360//1360 1381//1381 1380//1380
f 1360//1360 1361//1361 1381//1381
f 1361//1361 1382//1382 1381//1381
f 1361//1361 1362//1362 1382//1382
f 1362//1362 1383//1383 1382//1382
f 1362//1362 1363//1363 1383//1383
f 1363//1363 1384//1384 1383//1383
f 1363//1363 1364//1364 1384//1384
f 1364//1364 1385//1385 1384//1384
f 1364//1364 1365//1365 1385//1385
f 1365//1365 1386//1386 1385//1385
f 1365//1365 1366//1366 1386//1386
f 1366//1366 1387//1387 1386//1386
f 1366//1366 1367//1367 1387//1387
f 1367//1367 1388//1388 1387//1387
f 1367//1367 1368//1368 1388//1388
f 1368//1368 1389//1389 1388//1388
f 1368//1368 1369//1369 1389//1389
f 1369//1369 1390//1390 1389//1389
f 1369//1369 1370//1370 1390//1390
f 1370//1370 1391//1391 1390//1390
f 1370//1370 1371//1371 1391//1391
f 1371//1371 1392//1392 1391//1391
f 1371//1371 1372//1372 1392//1392
f 1372//1372 1393//1393 1392//1392
f 1372//1372 1373//1373 1393//1393
f 1373//1373 1394//1394 1393//1393
f 1373//1373 1374//1374 1394//1394
f 1374//1374 1395//1395 1394//1394
f 1375//1375 1376//1376 1396//1396
f 1376//1376 1397//1397 1396//1396
f 1376//1376 1377//1377 1397//1397
f 1377//1377 1398//1398 1397//1397
f 1377//1377 1378//1378 1398//1398
f 1378//1378 1399//1399 1398//1398
f 1378//1378 1379//1379 1399//1399
f 1379//1379 1400//1400 1399//1399
f 1379//1379 1380//1380 1400//1400
f 1380//1380 1401//1401 1400//1400
f 1380//1380 1381//1381 1401//1401
f 1381//1381 1402//1402 1401//1401
f 1381//1381 1382//1382 1402//1402
f 1382//1382 1403//1403 1402//1402
f 1382//1382 1383//1383 1403//1403
f 1383//1383 1404//1404 1403//1403
f 1383//1383 1384//1384 1404//1404
f 1384//1384 1405//1405 1404//1404
f 1384//1384 1385//1385 1405//1405
f 1385//1385 1406//1406 1405//1405
f 1385//1385 1386//1386 1406//1406
f 1386//1386 1407//1407 1406//1406
f 1386//1386 1387//1387 1407//1407
f 1387//1387 1408//1408 1407//1407
f 1387//1387 1388//1388 1408//1408
f 1388//1388 1409//1409 1408//1408
f 1388//1388 1389//1389 1409//1409
f 1389//1389 1410//1410 1409//1409
f 1389//1389 1390//1390 1410//1410
f 1390//1390 1411//1411 1410//1410
f 1390//1390 1391//1391 1411//1411
f 1391//1391 1412//1412 1411//1411
f 1391//1391 1392//1392 1412//1412
f 1392//1392 1413//1413 1412//1412
f 1392//1392 1393//1393 1413//1413
f 1393//1393 1414//1414 1413//1413
f 1393//1393 1394//1394 1414//1414
f 1394//1394 1415//1415 1414//1414
f 1394//1394 1395//1395 1415//1415
f 1395//1395 1416//1416 1415//1415
f 1396//1396 1397//1397 1417//1417
f 1397//1397 1418//1418 1417//1417
f 1397//1397 1398//1398 1418//1418
f 1398//1398 1419//1419 1418//1418
f 1398//1398 1399//1399 1419//1419
f 1399//1399 1420//1420 1419//1419
f 1399//1399 1400//1400 1420//1420
f 1400//1400 1421//1421 1420//1420
f 1400//1400 1401//1401 1421//1421
f 1401//1401 1422//1422 1421//1421
f 1401//1401 1402//1402 1422//1422
f 1402//1402 1423//1423 1422//1422
f 1402//1402 1403//1403 1423//1423
f 1403//1403 1424//1424 1423//1423
f 1403//1403 1404//1404 1424//1424
f 1404//1404 1425//1425 1424//1424
f 1404//1404 1405//1405 1425//1425
f 1405//1405 1426//1426 1425//1425
f 1405//1405 1406//1406 1426//1426
f 1406//1406 1427//1427 1426//1426
f 1406//1406 1407//1407 1427//1427
f 1407//1407 1428//1428 1427//1427
f 1407//1407 1408//1408 1428//1428
f 1408//1408 1429//1429 1428//1428
f 1408//1408 1409//1409 1429//1429
f 1409//1409 1430//1430 1429//1429
f 1409//1409 1410//1410 1430//1430
f 1410//1410 1431//1431 1430//1430
f 1410//1410 1411//1411 1431//1431
f 1411//1411 1432//1432 1431//1431
f 1411//1411 1412//1412 1432//1432
f 1412//1412 1433//1433 1432//1432
f 1412//1412 1413//1413 1433//1433
f 1413//1413 1434//1434 1433//1433
f 1413//1413 1414//1414 1434//1434
f 1414//1414 1435//1435 1434//1434
f 1414//1414 1415//1415 1435//1435
f 1415//1415 1436//1436 1435//1435
f 1415//1415 1416//1416 1436//1436
f 1416//1416 1437//1437 1436//1436
f 1417//1417 1418//1418 1438//1438
f 1418//1418 1439//1439 1438//1438
f 1418//1418 1419//1419 1439//1439
f 1419//1419 1440//1440 1439//1439
f 1419//1419 1420//1420 1440//1440
f 1420//1420 1441//1441 1440//1440
f 1420//1420 1421//1421 1441//1441
f 1421//1421 1442//1442 1441//1441
f 1421//1421 1422//1422 1442//1442
f 1422//1422 1443//1443 1442//1442
f 1422//1422 1423//1423 1443//1443
f 1423//1423 1444//1444 1443//1443
f 1423//1423 1424//1424 1444//1444
f 1424//1424 1445//1445 1444//1444
f 1424//1424 1425//1425 1445//1445
f 1425//1425 1446//1446 1445//1445
f 1425//1425 1426//1426 1446//1446
f 1426//1426 1447//1447 1446//1446
f 1426//1426 1427//1427 1447//1447
f 1427//1427 1448//1448 1447//1447
f 1427//1427 1428//1428 1448//1448
f 1428//1428 1449//1449 1448//1448
f 1428//1428 1429//1429 1449//1449
f 1429//1429 1450//1450 1449//1449
f 1429//1429 1430//1430 1450//1450
f 1430//1430 1451//1451 1450//1450
f 1430//1430 1431//1431 1451//1451
f 1431//1431 1452//1452 1451//1451
f 1431//1431 1432//1432 1452//1452
f 1432//1432 1453//1453 1452//1452
f 1432//1432 1433//1433 1453//1453
f 1433//1433 1454//1454 1453//1453
f 1433//1433 1434//1434 1454//1454
f 1434//1434 1455//1455 1454//1454
f 1434//1434 1435//1435 1455//1455
f 1435//1435 1456//1456 1455//1455
f 1435//1435 1436//1436 1456//1456
f 1436//1436 1457//1457 1456//1456
f 1436//1436 1437//1437 1457//1457
f 1437//1437 1458//1458 1457//1457
f 1438//1438 1439//1439 1459//1459
f 1439//1439 1460//1460 1459//1459
f 1439//1439 1440//1440 1460//1460
f 1440//1440 1461//1461 1460//1460
f 1440//1440 1441//1441 1461//1461
f 1441//1441 1462//1462 1461//1461
f 1441//1441 1442//1442 1462//1462
f 1442//1442 1463//1463 1462//1462
f 1442//1442 1443//1443 1463//1463
f 1443//1443 1464//1464 1463//1463
f 1443//1443 1444//1444 1464//1464
f 1444//1444 1465//1465 1464//1464
f 1444//1444 1445//1445 1465//1465
f 1445//1445 1466//1466 1465//1465
f 1445//1445 1446//1446 1466//1466
f 1446//1446 1467//1467 1466//1466
f 1446//1446 1447//1447 1467//1467
f 1447//1447 1468//1468 1467//1467
f 1447//1447 1448//1448 1468//1468
f 1448//1448 1469//1469 1468//1468
f 1448//1448 1449//1449 1469//1469
f 1449//1449 1470//1470 1469//1469
f 1449//1449 1450//1450 1470//1470
f 1450//1450 1471//1471 1470//1470
f 1450//1450 1451//1451 1471//1471
f 1451//1451 1472//1472 1471//1471
f 1451//1451 1452//1452 1472//1472
f 1452//1452 1473//1473 1472//1472
f 1452//1452 1453//1453 1473//1473
f 1453//1453 1474//1474 1473//1473
f 1453//1453 1454//1454 1474//1474
f 1454//1454 1475//1475 1474//1474
f 1454//1454 1455//1455 1475//1475
f 1455//1455 1476//1476 1475//1475
f 1455//1455 1456//1456 1476//1476
f 1456//1456 1477//1477 1476//1476
f 1456//1456 1457//1457 1477//1477
f 1457//1457 1478//1478 1477//1477
f 1457//1457 1458//1458 1478//1478
f 1458//1458 1479//1479 1478//1478
f 1459//1459 1460//1460 1480//1480
f 1460//1460 1481//1481 1480//1480
f 1460//1460 1461//1461 1481//1481
f 1461//1461 1482//1482 1481//1481
f 1461//1461 1462//1462 1482//1482
f 1462//1462 1483//1483 1482//1482
f 1462//1462 1463//1463 1483//1483
f 1463//1463 1484//1484 1483//1483
f 1463//1463 1464//1464 1484//1484
f 1464//1464 1485//1485 1484//1484
f 1464//1464 1465//1465 1485//1485
f 1465//1465 1486//1486 1485//1485
f 1465//1465 1466//1466 1486//1486
f 1466//1466 1487//1487 1486//1486
f 1466//1466 1467//1467 1487//1487
f 1467//1467 1488//1488 1487//1487
f 1467//1467 1468//1468 1488//1488
f 1468//1468 1489//1489 1488//1488
f 1468//1468 1469//1469 1489//1489
f 1469//1469 1490//1490 1489//1489
f 1469//1469 1470//1470 1490//1490
f 1470//1470 1491//1491 1490//1490
f 1470//1470 1471//1471 1491//1491
f 1471//1471 1492//1492 1491//1491
f 1471//1471 1472//1472 1492//1492
f 1472//1472 1493//1493 1492//1492
f 1472//1472 1473//1473 1493//1493
f 1473//1473 1494//1494 1493//1493
f 1473//1473 1474//1474 1494//1494
f 1474//1474 1495//1495 1494//1494
f 1474//1474 1475//1475 1495//1495
f 1475//1475 1496//1496 1495//1495
f 1475//1475 1476//1476 1496//1496
f 1476//1476 1497//1497 1496//1496
f 1476//1476 1477//1477 1497//1497
f 1477//1477 1498//1498 1497//1497
f 1477//1477 1478//1478 1498//1498
f 1478//1478 1499//1499 1498//1498
f 1478//1478 1479//1479 1499//1499
f 1479//1479 1500//1500 1499//1499
f 1480//1480 1481//1481 1501//1501
f 1481//1481 1502//1502 1501//1501
f 1481//1481 1482//1482 1502//1502
f 1482//1482 1503//1503 1502//1502
f 1482//1482 1483//1483 1503//1503
f 1483//1483 1504//1504 1503//1503
f 1483//1483 1484//1484 1504//1504
f 1484//1484 1505//1505 1504//1504
f 1484//1484 1485//1485 1505//1505
f 1485//1485 1506//1506 1505//1505
f 1485//1485 1486//1486 1506//1506
f 1486//1486 1507//1507 1506//1506
f 1486//1486 1487//1487 1507//1507
f 1487//1487 1508//1508 1507//1507
f 1487//1487 1488//1488 1508//1508
f 1488//1488 1509//1509 1508//1508
f 1488//1488 1489//1489 1509//1509
f 1489//1489 1510//1510 1509//1509
f 1489//1489 1490//1490 1510//1510
f 1490//1490 1511//1511 1510//1510
f 1490//1490 1491//1491 1511//1511
f 1491//1491 1512//1512 1511//1511
f 1491//1491 1492//1492 1512//1512
f 1492//1492 1513//1513 1512//1512
f 1492//1492 1493//1493 1513//1513
f 1493//1493 1514//1514 1513//1513
f 1493//1493 1494//1494 1514//1514
f 1494//1494 1515//1515 1514//1514
f 1494//1494 1495//1495 1515//1515
f 1495//1495 1516//1516 1515//1515
f 1495//1495 1496//1496 1516//1516
f 1496//1496 1517//1517 1516//1516
f 1496//1496 1497//1497 1517//1517
f 1497//1497 1518//1518 1517//1517
f 1497//1497 1498//1498 1518//1518
f 1498//1498 1519//1519 1518//1518
f 1498//1498 1499//1499 1519//1519
f 1499//1499 1520//1520 1519//1519
f 1499//1499 1500//1500 1520//1520
f 1500//1500 1521//1521 1520//1520
f 1501//1501 1502//1502 1522//1522
f 1502//1502 1523//1523 1522//1522
f 1502//1502 1503//1503 1523//1523
f 1503//1503 1524//1524 1523//1523
f 1503//1503 1504//1504 1524//1524
f 1504//1504 1525//1525 1524//1524
f 1504//1504 1505//1505 1525//1525
f 1505//1505 1526//1526 1525//1525
f 1505//1505 1506//1506 1526//1526
f 1506//1506 1527//1527 1526//1526
f 1506//1506 1507//1507 1527//1527
f 1507//1507 1528//1528 1527//1527
f 1507//1507 1508//1508 1528//1528
f 1508//1508 1529//1529 1528//1528
f 1508//1508 1509//1509 1529//1529
f 1509//1509 1530//1530 1529//1529
f 1509//1509 1510//1510 1530//1530
f 1510//1510 1531//1531 1530//1530
f 1510//1510 1511//1511 1531//1531
f 1511//1511 1532//1532 1531//1531
f 1511//1511 1512//1512 1532//1532
f 1512//1512 1533//1533 1532//1532
f 1512//1512 1513//1513 1533//1533
f 1513//1513 1534//1534 1533//1533
f 1513//1513 1514//1514 1534//1534
f 1514//1514 1535//1535 1534//1534
f 1514//1514 1515//1515 1535//1535
f 1515//1515 1536//1536 1535//1535
f 1515//1515 1516//1516 1536//1536
f 1516//1516 1537//1537 1536//1536
f 1516//1516 1517//1517 1537//1537
f 1517//1517 1538//1538 1537//1537
f 1517//1517 1518//1518 1538//1538
f 1518//1518 1539//1539 1538//1538
f 1518//1518 1519//1519 1539//1539
f 1519//1519 1540//1540 1539//1539
f 1519//1519 1520//1520 1540//1540
f 1520//1520 1541//1541 1540//1540
f 1520//1520 1521//1521 1541//1541
f 1521//1521 1542//1542 1541//1541
f 1522//1522 1523//1523 1543//1543
f 1523//1523 1544//1544 1543//1543
f 1523//1523 1524//1524 1544//1544
f 1524//1524 1545//1545 1544//1544
f 1524//1524 1525//1525 1545//1545
f 1525//1525 1546//1546 1545//1545
f 1525//1525 1526//1526 1546//1546
f 1526//1526 1547//1547 1546//1546
f 1526//1526 1527//1527 1547//1547
f 1527//1527 1548//1548 1547//1547
f 1527//1527 1528//1528 1548//1548
f 1528//1528 1549//1549 1548//1548
f 1528//1528 1529//1529 1549//1549
f 1529//1529 1550//1550 1549//1549
f 1529//1529 1530//1530 1550//1550
f 1530//1530 1551//1551 1550//1550
f 1530//1530 1531//1531 1551//1551
f 1531//1531 1552//1552 1551//1551
f 1531//1531 1532//1532 1552//1552
f 1532//1532 1553//1553 1552//1552
f 1532//1532 1533//1533 1553//1553
f 1533//1533 1554//1554 1553//1553
f 1533//1533 1534//1534 1554//1554
f 1534//1534 1555//1555 1554//1554
f 1534//1534 1535//1535 1555//1555
f 1535//1535 1556//1556 1555//1555
f 1535//1535 1536//1536 1556//1556
f 1536//1536 1557//1557 1556//1556
f 1536//1536 1537//1537 1557//1557
f 1537//1537 1558//1558 1557//1557
f 1537//1537 1538//1538 1558//1558
f 1538//1538 1559//1559 1558//1558
f 1538//1538 1539//1539 1559//1559
f 1539//1539 1560//1560 1559//1559
f 1539//1539 1540//1540 1560//1560
f 1540//1540 1561//1561 1560//1560
f 1540//1540 1541//1541 1561//1561
f 1541//1541 1562//1562 1561//1561
f 1541//1541 1542//1542 1562//1562
f 1542//1542 1563//1563 1562//1562
f 1543//1543 1544//1544 1564//1564
f 1544//1544 1565//1565 1564//1564
f 1544//1544 1545//1545 1565//1565
f 1545//1545 1566//1566 1565//1565
f 1545//1545 1546//1546 1566//1566
f 1546//1546 1567//1567 1566//1566
f 1546//1546 1547//1547 1567//1567
f 1547//1547 1568//1568 1567//1567
f 1547//1547 1548//1548 1568//1568
f 1548//1548 1569//1569 1568//1568
f 1548//1548 1549//1549 1569//1569
f 1549//1549 1570//1570 1569//1569
f 1549//1549 1550//1550 1570//1570
f 1550//1550 1571//1571 1570//1570
f 1550//1550 1551//1551 1571//1571
f 1551//1551 1572//1572 1571//1571
f 1551//1551 1552//1552 1572//1572
f 1552//1552 1573//1573 1572//1572
f 1552//1552 1553//1553 1573//1573
f 1553//1553 1574//1574 1573//1573
f 1553//1553 1554//1554 1574//1574
f 1554//1554 1575//1575 1574//1574
f 1554//1554 1555//1555 1575//1575
f 1555//1555 1576//1576 1575//1575
f 1555//1555 1556//1556 1576//1576
f 1556//1556 1577//1577 1576//1576
f 1556//1556 1557//1557 1577//1577
f 1557//1557 1578//1578 1577//1577
f 1557//1557 1558//1558 1578//1578
f 1558//1558 1579//1579 1578//1578
f 1558//1558 1559//1559 1579//1579
f 1559//1559 1580//1580 1579//1579
f 1559//1559 1560//1560 1580//1580
f 1560//1560 1581//1581 1580//1580
f 1560//1560 1561//1561 1581//1581
f 1561//1561 1582//1582 1581//1581
f 1561//1561 1562//1562 1582//1582
f 1562//1562 1583//1583 1582//1582
f 1562//1562 1563//1563 1583//1583
f 1563//1563 1584//1584 1583//1583
f 1564//1564 1565//1565 1585//1585
f 1565//1565 1586//1586 1585//1585
f 1565//1565 1566//1566 1586//1586
f 1566//1566 1587//1587 1586//1586
f 1566//1566 1567//1567 1587//1587
f 1567//1567 1588//1588 1587//1587
f 1567//1567 1568//1568 1588//1588
f 1568//1568 1589//1589 1588//1588
f 1568//1568 1569//1569 1589//1589
f 1569//1569 1590//1590 1589//1589
f 1569//1569 1570//1570 1590//1590
f 1570//1570 1591//1591 1590//1590
f 1570//1570 1571//1571 1591//1591
f 1571//1571 1592//1592 1591//1591
f 1571//1571 1572//1572 1592//1592
f 1572//1572 1593//1593 1592//1592
f 1572//1572 1573//1573 1593//1593
f 1573//1573 1594//1594 1593//1593
f 1573//1573 1574//1574 1594//1594
f 1574//1574 1595//1595 1594//1594
f 1574//1574 1575//1575 1595//1595
f 1575//1575 1596//1596 1595//1595
f 1575//1575 1576//1576 1596//1596
f 1576//1576 1597//1597 1596//1596
f 1576//1576 1577//1577 1597//1597
f 1577//1577 1598//1598 1597//1597
f 1577//1577 1578//1578 1598//1598
f 1578//1578 1599//1599 1598//1598
f 1578//1578 1579//1579 1599//1599
f 1579//1579 1600//1600 1599//1599
f 1579//1579 1580//1580 1600//1600
f 1580//1580 1601//1601 1600//1600
f 1580//1580 1581//1581 1601//1601
f 1581//1581 1602//1602 1601//1601
f 1581//1581 1582//1582 1602//1602
f 1582//1582 1603//1603 1602//1602
f 1582//1582 1583//1583 1603//1603
f 1583//1583 1604//1604 1603//1603
f 1583//1583 1584//1584 1604//1604
f 1584//1584 1605//1605 1604//1604
f 1585//1585 1586//1586 1606//1606
f 1586//1586 1607//1607 1606//1606
f 1586//1586 1587//1587 1607//1607
f 1587//1587 1608//1608 1607//1607
f 1587//1587 1588//1588 1608//1608
f 1588//1588 1609//1609 1608//1608
f 1588//1588 1589//1589 1609//1609
f 1589//1589 1610//1610 1609//1609
f 1589//1589 1590//1590 1610//1610
f 1590//1590 1611//1611 1610//1610
f 1590//1590 1591//1591 1611//1611
f 1591//1591 1612//1612 1611//1611
f 1591//1591 1592//1592 1612//1612
f 1592//1592 1613//1613 1612//1612
f 1592//1592 1593//1593 1613//1613
f 1593//1593 1614//1614 1613//1613
f 1593//1593 1594//1594 1614//1614
f 1594//1594 1615//1615 1614//1614
f 1594//1594 1595//1595 1615//1615
f 1595//1595 1616//1616 1615//1615
f 1595//1595 1596//1596 1616//1616
f 1596//1596 1617//1617 1616//1616
f 1596//1596 1597//1597 1617//1617
f 1597//1597 1618//1618 1617//1617
f 1597//1597 1598//1598 1618//1618
f 1598//1598 1619//1619 1618//1618
f 1598//1598 1599//1599 1619//1619
f 1599//1599 1620//1620 1619//1619
f 1599//1599 1600//1600 1620//1620
f 1600//1600 1621//1621 1620//1620
f 1600//1600 1601//1601 1621//1621
f 1601//1601 1622//1622 1621//1621
f 1601//1601 1602//1602 1622//1622
f 1602//1602 1623//1623 1622//1622
f 1602//1602 1603//1603 1623//1623
f 1603//1603 1624//1624 1623//1623
f 1603//1603 1604//1604 1624//1624
f 1604//1604 1625//1625 1624//1624
f 1604//1604 1605//1605 1625//1625
f 1605//1605 1626//1626 1625//1625
