# Bara Kitchen - metres, +Y up; editable mesh source
mtllib palette.mtl
o source-carrot_oakDark
usemtl oakDark
v -0.339434 0.010585 -0.339434
v -0.341667 0.009067 -0.333333
v -0.342678 0.008379 -0.325000
v -0.342678 0.008379 0.325000
v -0.341667 0.009067 0.333333
v -0.339434 0.010585 0.339434
v -0.341667 0.014733 -0.341667
v -0.345412 0.013460 -0.335206
v -0.347361 0.012797 -0.325000
v -0.347361 0.012797 0.325000
v -0.345412 0.013460 0.335206
v -0.341667 0.014733 0.341667
v -0.342678 0.020400 -0.342678
v -0.347361 0.020400 -0.336180
v -0.350000 0.020400 -0.325000
v -0.350000 0.020400 0.325000
v -0.347361 0.020400 0.336180
v -0.342678 0.020400 0.342678
v -0.342678 0.054400 -0.342678
v -0.347361 0.054400 -0.336180
v -0.350000 0.054400 -0.325000
v -0.350000 0.054400 0.325000
v -0.347361 0.054400 0.336180
v -0.342678 0.054400 0.342678
v -0.341667 0.060067 -0.341667
v -0.345412 0.061340 -0.335206
v -0.347361 0.062003 -0.325000
v -0.347361 0.062003 0.325000
v -0.345412 0.061340 0.335206
v -0.341667 0.060067 0.341667
v -0.339434 0.064215 -0.339434
v -0.341667 0.065733 -0.333333
v -0.342678 0.066421 -0.325000
v -0.342678 0.066421 0.325000
v -0.341667 0.065733 0.333333
v -0.339434 0.064215 0.339434
v 0.339434 0.010585 -0.339434
v 0.341667 0.009067 -0.333333
v 0.342678 0.008379 -0.325000
v 0.342678 0.008379 0.325000
v 0.341667 0.009067 0.333333
v 0.339434 0.010585 0.339434
v 0.341667 0.014733 -0.341667
v 0.345412 0.013460 -0.335206
v 0.347361 0.012797 -0.325000
v 0.347361 0.012797 0.325000
v 0.345412 0.013460 0.335206
v 0.341667 0.014733 0.341667
v 0.342678 0.020400 -0.342678
v 0.347361 0.020400 -0.336180
v 0.350000 0.020400 -0.325000
v 0.350000 0.020400 0.325000
v 0.347361 0.020400 0.336180
v 0.342678 0.020400 0.342678
v 0.342678 0.054400 -0.342678
v 0.347361 0.054400 -0.336180
v 0.350000 0.054400 -0.325000
v 0.350000 0.054400 0.325000
v 0.347361 0.054400 0.336180
v 0.342678 0.054400 0.342678
v 0.341667 0.060067 -0.341667
v 0.345412 0.061340 -0.335206
v 0.347361 0.062003 -0.325000
v 0.347361 0.062003 0.325000
v 0.345412 0.061340 0.335206
v 0.341667 0.060067 0.341667
v 0.339434 0.064215 -0.339434
v 0.341667 0.065733 -0.333333
v 0.342678 0.066421 -0.325000
v 0.342678 0.066421 0.325000
v 0.341667 0.065733 0.333333
v 0.339434 0.064215 0.339434
v -0.339434 0.010585 -0.339434
v -0.333333 0.009067 -0.341667
v -0.325000 0.008379 -0.342678
v 0.325000 0.008379 -0.342678
v 0.333333 0.009067 -0.341667
v 0.339434 0.010585 -0.339434
v -0.341667 0.009067 -0.333333
v -0.335206 0.006520 -0.335206
v -0.325000 0.005195 -0.336180
v 0.325000 0.005195 -0.336180
v 0.335206 0.006520 -0.335206
v 0.341667 0.009067 -0.333333
v -0.342678 0.008379 -0.325000
v -0.336180 0.005195 -0.325000
v -0.325000 0.003400 -0.325000
v 0.325000 0.003400 -0.325000
v 0.336180 0.005195 -0.325000
v 0.342678 0.008379 -0.325000
v -0.342678 0.008379 0.325000
v -0.336180 0.005195 0.325000
v -0.325000 0.003400 0.325000
v 0.325000 0.003400 0.325000
v 0.336180 0.005195 0.325000
v 0.342678 0.008379 0.325000
v -0.341667 0.009067 0.333333
v -0.335206 0.006520 0.335206
v -0.325000 0.005195 0.336180
v 0.325000 0.005195 0.336180
v 0.335206 0.006520 0.335206
v 0.341667 0.009067 0.333333
v -0.339434 0.010585 0.339434
v -0.333333 0.009067 0.341667
v -0.325000 0.008379 0.342678
v 0.325000 0.008379 0.342678
v 0.333333 0.009067 0.341667
v 0.339434 0.010585 0.339434
v -0.339434 0.064215 -0.339434
v -0.333333 0.065733 -0.341667
v -0.325000 0.066421 -0.342678
v 0.325000 0.066421 -0.342678
v 0.333333 0.065733 -0.341667
v 0.339434 0.064215 -0.339434
v -0.341667 0.065733 -0.333333
v -0.335206 0.068280 -0.335206
v -0.325000 0.069605 -0.336180
v 0.325000 0.069605 -0.336180
v 0.335206 0.068280 -0.335206
v 0.341667 0.065733 -0.333333
v -0.342678 0.066421 -0.325000
v -0.336180 0.069605 -0.325000
v -0.325000 0.071400 -0.325000
v 0.325000 0.071400 -0.325000
v 0.336180 0.069605 -0.325000
v 0.342678 0.066421 -0.325000
v -0.342678 0.066421 0.325000
v -0.336180 0.069605 0.325000
v -0.325000 0.071400 0.325000
v 0.325000 0.071400 0.325000
v 0.336180 0.069605 0.325000
v 0.342678 0.066421 0.325000
v -0.341667 0.065733 0.333333
v -0.335206 0.068280 0.335206
v -0.325000 0.069605 0.336180
v 0.325000 0.069605 0.336180
v 0.335206 0.068280 0.335206
v 0.341667 0.065733 0.333333
v -0.339434 0.064215 0.339434
v -0.333333 0.065733 0.341667
v -0.325000 0.066421 0.342678
v 0.325000 0.066421 0.342678
v 0.333333 0.065733 0.341667
v 0.339434 0.064215 0.339434
v -0.339434 0.010585 -0.339434
v -0.341667 0.014733 -0.341667
v -0.342678 0.020400 -0.342678
v -0.342678 0.054400 -0.342678
v -0.341667 0.060067 -0.341667
v -0.339434 0.064215 -0.339434
v -0.333333 0.009067 -0.341667
v -0.335206 0.013460 -0.345412
v -0.336180 0.020400 -0.347361
v -0.336180 0.054400 -0.347361
v -0.335206 0.061340 -0.345412
v -0.333333 0.065733 -0.341667
v -0.325000 0.008379 -0.342678
v -0.325000 0.012797 -0.347361
v -0.325000 0.020400 -0.350000
v -0.325000 0.054400 -0.350000
v -0.325000 0.062003 -0.347361
v -0.325000 0.066421 -0.342678
v 0.325000 0.008379 -0.342678
v 0.325000 0.012797 -0.347361
v 0.325000 0.020400 -0.350000
v 0.325000 0.054400 -0.350000
v 0.325000 0.062003 -0.347361
v 0.325000 0.066421 -0.342678
v 0.333333 0.009067 -0.341667
v 0.335206 0.013460 -0.345412
v 0.336180 0.020400 -0.347361
v 0.336180 0.054400 -0.347361
v 0.335206 0.061340 -0.345412
v 0.333333 0.065733 -0.341667
v 0.339434 0.010585 -0.339434
v 0.341667 0.014733 -0.341667
v 0.342678 0.020400 -0.342678
v 0.342678 0.054400 -0.342678
v 0.341667 0.060067 -0.341667
v 0.339434 0.064215 -0.339434
v -0.339434 0.010585 0.339434
v -0.341667 0.014733 0.341667
v -0.342678 0.020400 0.342678
v -0.342678 0.054400 0.342678
v -0.341667 0.060067 0.341667
v -0.339434 0.064215 0.339434
v -0.333333 0.009067 0.341667
v -0.335206 0.013460 0.345412
v -0.336180 0.020400 0.347361
v -0.336180 0.054400 0.347361
v -0.335206 0.061340 0.345412
v -0.333333 0.065733 0.341667
v -0.325000 0.008379 0.342678
v -0.325000 0.012797 0.347361
v -0.325000 0.020400 0.350000
v -0.325000 0.054400 0.350000
v -0.325000 0.062003 0.347361
v -0.325000 0.066421 0.342678
v 0.325000 0.008379 0.342678
v 0.325000 0.012797 0.347361
v 0.325000 0.020400 0.350000
v 0.325000 0.054400 0.350000
v 0.325000 0.062003 0.347361
v 0.325000 0.066421 0.342678
v 0.333333 0.009067 0.341667
v 0.335206 0.013460 0.345412
v 0.336180 0.020400 0.347361
v 0.336180 0.054400 0.347361
v 0.335206 0.061340 0.345412
v 0.333333 0.065733 0.341667
v 0.339434 0.010585 0.339434
v 0.341667 0.014733 0.341667
v 0.342678 0.020400 0.342678
v 0.342678 0.054400 0.342678
v 0.341667 0.060067 0.341667
v 0.339434 0.064215 0.339434
vn -0.490135 -0.720787 -0.490135
vn -0.534082 -0.785415 -0.312858
vn -0.562305 -0.826919 -0.004148
vn -0.562310 -0.826926 0.000869
vn -0.549577 -0.808201 0.211606
vn -0.496038 -0.729467 0.470983
vn -0.603891 -0.520222 -0.603891
vn -0.796314 -0.500194 -0.340132
vn -0.809235 -0.587474 -0.003463
vn -0.890912 -0.454169 0.002435
vn -0.833341 -0.457092 0.310822
vn -0.642635 -0.441589 0.626115
vn -0.705098 -0.075326 -0.705098
vn -0.905016 -0.060655 -0.421030
vn -0.994472 -0.104832 -0.006045
vn -0.999365 -0.035544 0.002507
vn -0.939519 -0.042797 0.339813
vn -0.730640 -0.040959 0.681533
vn -0.706974 0.019405 -0.706974
vn -0.939519 0.042797 -0.339813
vn -0.999365 0.035544 -0.002507
vn -0.994472 0.104832 0.006045
vn -0.905016 0.060655 0.421030
vn -0.681533 0.040959 0.730640
vn -0.656445 0.371698 -0.656445
vn -0.833341 0.457092 -0.310822
vn -0.890912 0.454169 -0.002435
vn -0.809235 0.587474 0.003463
vn -0.796314 0.500194 0.340132
vn -0.626115 0.441589 0.642635
vn -0.503175 0.702588 -0.503175
vn -0.552899 0.792186 -0.258350
vn -0.602631 0.798017 -0.002013
vn -0.522200 0.852821 0.001938
vn -0.533893 0.805851 0.256051
vn -0.470983 0.729467 0.496038
vn 0.470983 -0.729467 -0.496038
vn 0.533893 -0.805851 -0.256051
vn 0.522200 -0.852821 -0.001938
vn 0.602631 -0.798017 0.002013
vn 0.552899 -0.792186 0.258350
vn 0.503175 -0.702588 0.503175
vn 0.626115 -0.441589 -0.642635
vn 0.796314 -0.500194 -0.340132
vn 0.809235 -0.587474 -0.003463
vn 0.890912 -0.454169 0.002435
vn 0.833341 -0.457092 0.310822
vn 0.656445 -0.371698 0.656445
vn 0.681533 -0.040959 -0.730640
vn 0.905016 -0.060655 -0.421030
vn 0.994472 -0.104832 -0.006045
vn 0.999365 -0.035544 0.002507
vn 0.939519 -0.042797 0.339813
vn 0.706974 -0.019405 0.706974
vn 0.730640 0.040959 -0.681533
vn 0.939519 0.042797 -0.339813
vn 0.999365 0.035544 -0.002507
vn 0.994472 0.104832 0.006045
vn 0.905016 0.060655 0.421030
vn 0.705098 0.075326 0.705098
vn 0.642635 0.441589 -0.626115
vn 0.833341 0.457092 -0.310822
vn 0.890912 0.454169 -0.002435
vn 0.809235 0.587474 0.003463
vn 0.796314 0.500194 0.340132
vn 0.603891 0.520222 0.603891
vn 0.496038 0.729467 -0.470983
vn 0.549577 0.808201 -0.211606
vn 0.562310 0.826926 -0.000869
vn 0.562305 0.826919 0.004148
vn 0.534082 0.785415 0.312858
vn 0.490135 0.720787 0.490135
vn -0.490135 -0.720787 -0.490135
vn -0.312858 -0.785415 -0.534082
vn -0.004148 -0.826919 -0.562305
vn 0.000869 -0.826926 -0.562310
vn 0.211606 -0.808201 -0.549577
vn 0.470983 -0.729467 -0.496038
vn -0.534082 -0.785415 -0.312858
vn -0.268668 -0.925005 -0.268668
vn -0.002759 -0.948009 -0.318232
vn 0.001809 -0.973323 -0.229434
vn 0.238736 -0.941281 -0.238736
vn 0.533893 -0.805851 -0.256051
vn -0.562305 -0.826919 -0.004148
vn -0.318232 -0.948009 -0.002759
vn -0.005210 -0.999973 -0.005210
vn 0.001397 -0.999998 -0.001397
vn 0.229434 -0.973323 -0.001809
vn 0.522200 -0.852821 -0.001938
vn -0.562310 -0.826926 0.000869
vn -0.229434 -0.973323 0.001809
vn -0.001397 -0.999998 0.001397
vn 0.005210 -0.999973 0.005210
vn 0.318232 -0.948009 0.002759
vn 0.602631 -0.798017 0.002013
vn -0.549577 -0.808201 0.211606
vn -0.238736 -0.941281 0.238736
vn -0.001809 -0.973323 0.229434
vn 0.002759 -0.948009 0.318232
vn 0.268668 -0.925005 0.268668
vn 0.552899 -0.792186 0.258350
vn -0.496038 -0.729467 0.470983
vn -0.256051 -0.805851 0.533893
vn -0.001938 -0.852821 0.522200
vn 0.002013 -0.798017 0.602631
vn 0.258350 -0.792186 0.552899
vn 0.503175 -0.702588 0.503175
vn -0.503175 0.702588 -0.503175
vn -0.258350 0.792186 -0.552899
vn -0.002013 0.798017 -0.602631
vn 0.001938 0.852821 -0.522200
vn 0.256051 0.805851 -0.533893
vn 0.496038 0.729467 -0.470983
vn -0.552899 0.792186 -0.258350
vn -0.268668 0.925005 -0.268668
vn -0.002759 0.948009 -0.318232
vn 0.001809 0.973323 -0.229434
vn 0.238736 0.941281 -0.238736
vn 0.549577 0.808201 -0.211606
vn -0.602631 0.798017 -0.002013
vn -0.318232 0.948009 -0.002759
vn -0.005210 0.999973 -0.005210
vn 0.001397 0.999998 -0.001397
vn 0.229434 0.973323 -0.001809
vn 0.562310 0.826926 -0.000869
vn -0.522200 0.852821 0.001938
vn -0.229434 0.973323 0.001809
vn -0.001397 0.999998 0.001397
vn 0.005210 0.999973 0.005210
vn 0.318232 0.948009 0.002759
vn 0.562305 0.826919 0.004148
vn -0.533893 0.805851 0.256051
vn -0.238736 0.941281 0.238736
vn -0.001809 0.973323 0.229434
vn 0.002759 0.948009 0.318232
vn 0.268668 0.925005 0.268668
vn 0.534082 0.785415 0.312858
vn -0.470983 0.729467 0.496038
vn -0.211606 0.808201 0.549577
vn -0.000869 0.826926 0.562310
vn 0.004148 0.826919 0.562305
vn 0.312858 0.785415 0.534082
vn 0.490135 0.720787 0.490135
vn -0.490135 -0.720787 -0.490135
vn -0.603891 -0.520222 -0.603891
vn -0.705098 -0.075326 -0.705098
vn -0.706974 0.019405 -0.706974
vn -0.656445 0.371698 -0.656445
vn -0.503175 0.702588 -0.503175
vn -0.312858 -0.785415 -0.534082
vn -0.340132 -0.500194 -0.796314
vn -0.421030 -0.060655 -0.905016
vn -0.339813 0.042797 -0.939519
vn -0.310822 0.457092 -0.833341
vn -0.258350 0.792186 -0.552899
vn -0.004148 -0.826919 -0.562305
vn -0.003463 -0.587474 -0.809235
vn -0.006045 -0.104832 -0.994472
vn -0.002507 0.035544 -0.999365
vn -0.002435 0.454169 -0.890912
vn -0.002013 0.798017 -0.602631
vn 0.000869 -0.826926 -0.562310
vn 0.002435 -0.454169 -0.890912
vn 0.002507 -0.035544 -0.999365
vn 0.006045 0.104832 -0.994472
vn 0.003463 0.587474 -0.809235
vn 0.001938 0.852821 -0.522200
vn 0.211606 -0.808201 -0.549577
vn 0.310822 -0.457092 -0.833341
vn 0.339813 -0.042797 -0.939519
vn 0.421030 0.060655 -0.905016
vn 0.340132 0.500194 -0.796314
vn 0.256051 0.805851 -0.533893
vn 0.470983 -0.729467 -0.496038
vn 0.626115 -0.441589 -0.642635
vn 0.681533 -0.040959 -0.730640
vn 0.730640 0.040959 -0.681533
vn 0.642635 0.441589 -0.626115
vn 0.496038 0.729467 -0.470983
vn -0.496038 -0.729467 0.470983
vn -0.642635 -0.441589 0.626115
vn -0.730640 -0.040959 0.681533
vn -0.681533 0.040959 0.730640
vn -0.626115 0.441589 0.642635
vn -0.470983 0.729467 0.496038
vn -0.256051 -0.805851 0.533893
vn -0.340132 -0.500194 0.796314
vn -0.421030 -0.060655 0.905016
vn -0.339813 0.042797 0.939519
vn -0.310822 0.457092 0.833341
vn -0.211606 0.808201 0.549577
vn -0.001938 -0.852821 0.522200
vn -0.003463 -0.587474 0.809235
vn -0.006045 -0.104832 0.994472
vn -0.002507 0.035544 0.999365
vn -0.002435 0.454169 0.890912
vn -0.000869 0.826926 0.562310
vn 0.002013 -0.798017 0.602631
vn 0.002435 -0.454169 0.890912
vn 0.002507 -0.035544 0.999365
vn 0.006045 0.104832 0.994472
vn 0.003463 0.587474 0.809235
vn 0.004148 0.826919 0.562305
vn 0.258350 -0.792186 0.552899
vn 0.310822 -0.457092 0.833341
vn 0.339813 -0.042797 0.939519
vn 0.421030 0.060655 0.905016
vn 0.340132 0.500194 0.796314
vn 0.312858 0.785415 0.534082
vn 0.503175 -0.702588 0.503175
vn 0.656445 -0.371698 0.656445
vn 0.706974 -0.019405 0.706974
vn 0.705098 0.075326 0.705098
vn 0.603891 0.520222 0.603891
vn 0.490135 0.720787 0.490135
f 2//2 7//7 1//1
f 8//8 7//7 2//2
f 3//3 8//8 2//2
f 9//9 8//8 3//3
f 4//4 9//9 3//3
f 10//10 9//9 4//4
f 5//5 10//10 4//4
f 11//11 10//10 5//5
f 6//6 11//11 5//5
f 12//12 11//11 6//6
f 8//8 13//13 7//7
f 14//14 13//13 8//8
f 9//9 14//14 8//8
f 15//15 14//14 9//9
f 10//10 15//15 9//9
f 16//16 15//15 10//10
f 11//11 16//16 10//10
f 17//17 16//16 11//11
f 12//12 17//17 11//11
f 18//18 17//17 12//12
f 14//14 19//19 13//13
f 20//20 19//19 14//14
f 15//15 20//20 14//14
f 21//21 20//20 15//15
f 16//16 21//21 15//15
f 22//22 21//21 16//16
f 17//17 22//22 16//16
f 23//23 22//22 17//17
f 18//18 23//23 17//17
f 24//24 23//23 18//18
f 20//20 25//25 19//19
f 26//26 25//25 20//20
f 21//21 26//26 20//20
f 27//27 26//26 21//21
f 22//22 27//27 21//21
f 28//28 27//27 22//22
f 23//23 28//28 22//22
f 29//29 28//28 23//23
f 24//24 29//29 23//23
f 30//30 29//29 24//24
f 26//26 31//31 25//25
f 32//32 31//31 26//26
f 27//27 32//32 26//26
f 33//33 32//32 27//27
f 28//28 33//33 27//27
f 34//34 33//33 28//28
f 29//29 34//34 28//28
f 35//35 34//34 29//29
f 30//30 35//35 29//29
f 36//36 35//35 30//30
f 37//37 43//43 38//38
f 38//38 43//43 44//44
f 38//38 44//44 39//39
f 39//39 44//44 45//45
f 39//39 45//45 40//40
f 40//40 45//45 46//46
f 40//40 46//46 41//41
f 41//41 46//46 47//47
f 41//41 47//47 42//42
f 42//42 47//47 48//48
f 43//43 49//49 44//44
f 44//44 49//49 50//50
f 44//44 50//50 45//45
f 45//45 50//50 51//51
f 45//45 51//51 46//46
f 46//46 51//51 52//52
f 46//46 52//52 47//47
f 47//47 52//52 53//53
f 47//47 53//53 48//48
f 48//48 53//53 54//54
f 49//49 55//55 50//50
f 50//50 55//55 56//56
f 50//50 56//56 51//51
f 51//51 56//56 57//57
f 51//51 57//57 52//52
f 52//52 57//57 58//58
f 52//52 58//58 53//53
f 53//53 58//58 59//59
f 53//53 59//59 54//54
f 54//54 59//59 60//60
f 55//55 61//61 56//56
f 56//56 61//61 62//62
f 56//56 62//62 57//57
f 57//57 62//62 63//63
f 57//57 63//63 58//58
f 58//58 63//63 64//64
f 58//58 64//64 59//59
f 59//59 64//64 65//65
f 59//59 65//65 60//60
f 60//60 65//65 66//66
f 61//61 67//67 62//62
f 62//62 67//67 68//68
f 62//62 68//68 63//63
f 63//63 68//68 69//69
f 63//63 69//69 64//64
f 64//64 69//69 70//70
f 64//64 70//70 65//65
f 65//65 70//70 71//71
f 65//65 71//71 66//66
f 66//66 71//71 72//72
f 74//74 79//79 73//73
f 80//80 79//79 74//74
f 75//75 80//80 74//74
f 81//81 80//80 75//75
f 76//76 81//81 75//75
f 82//82 81//81 76//76
f 77//77 82//82 76//76
f 83//83 82//82 77//77
f 78//78 83//83 77//77
f 84//84 83//83 78//78
f 80//80 85//85 79//79
f 86//86 85//85 80//80
f 81//81 86//86 80//80
f 87//87 86//86 81//81
f 82//82 87//87 81//81
f 88//88 87//87 82//82
f 83//83 88//88 82//82
f 89//89 88//88 83//83
f 84//84 89//89 83//83
f 90//90 89//89 84//84
f 86//86 91//91 85//85
f 92//92 91//91 86//86
f 87//87 92//92 86//86
f 93//93 92//92 87//87
f 88//88 93//93 87//87
f 94//94 93//93 88//88
f 89//89 94//94 88//88
f 95//95 94//94 89//89
f 90//90 95//95 89//89
f 96//96 95//95 90//90
f 92//92 97//97 91//91
f 98//98 97//97 92//92
f 93//93 98//98 92//92
f 99//99 98//98 93//93
f 94//94 99//99 93//93
f 100//100 99//99 94//94
f 95//95 100//100 94//94
f 101//101 100//100 95//95
f 96//96 101//101 95//95
f 102//102 101//101 96//96
f 98//98 103//103 97//97
f 104//104 103//103 98//98
f 99//99 104//104 98//98
f 105//105 104//104 99//99
f 100//100 105//105 99//99
f 106//106 105//105 100//100
f 101//101 106//106 100//100
f 107//107 106//106 101//101
f 102//102 107//107 101//101
f 108//108 107//107 102//102
f 109//109 115//115 110//110
f 110//110 115//115 116//116
f 110//110 116//116 111//111
f 111//111 116//116 117//117
f 111//111 117//117 112//112
f 112//112 117//117 118//118
f 112//112 118//118 113//113
f 113//113 118//118 119//119
f 113//113 119//119 114//114
f 114//114 119//119 120//120
f 115//115 121//121 116//116
f 116//116 121//121 122//122
f 116//116 122//122 117//117
f 117//117 122//122 123//123
f 117//117 123//123 118//118
f 118//118 123//123 124//124
f 118//118 124//124 119//119
f 119//119 124//124 125//125
f 119//119 125//125 120//120
f 120//120 125//125 126//126
f 121//121 127//127 122//122
f 122//122 127//127 128//128
f 122//122 128//128 123//123
f 123//123 128//128 129//129
f 123//123 129//129 124//124
f 124//124 129//129 130//130
f 124//124 130//130 125//125
f 125//125 130//130 131//131
f 125//125 131//131 126//126
f 126//126 131//131 132//132
f 127//127 133//133 128//128
f 128//128 133//133 134//134
f 128//128 134//134 129//129
f 129//129 134//134 135//135
f 129//129 135//135 130//130
f 130//130 135//135 136//136
f 130//130 136//136 131//131
f 131//131 136//136 137//137
f 131//131 137//137 132//132
f 132//132 137//137 138//138
f 133//133 139//139 134//134
f 134//134 139//139 140//140
f 134//134 140//140 135//135
f 135//135 140//140 141//141
f 135//135 141//141 136//136
f 136//136 141//141 142//142
f 136//136 142//142 137//137
f 137//137 142//142 143//143
f 137//137 143//143 138//138
f 138//138 143//143 144//144
f 146//146 151//151 145//145
f 152//152 151//151 146//146
f 147//147 152//152 146//146
f 153//153 152//152 147//147
f 148//148 153//153 147//147
f 154//154 153//153 148//148
f 149//149 154//154 148//148
f 155//155 154//154 149//149
f 150//150 155//155 149//149
f 156//156 155//155 150//150
f 152//152 157//157 151//151
f 158//158 157//157 152//152
f 153//153 158//158 152//152
f 159//159 158//158 153//153
f 154//154 159//159 153//153
f 160//160 159//159 154//154
f 155//155 160//160 154//154
f 161//161 160//160 155//155
f 156//156 161//161 155//155
f 162//162 161//161 156//156
f 158//158 163//163 157//157
f 164//164 163//163 158//158
f 159//159 164//164 158//158
f 165//165 164//164 159//159
f 160//160 165//165 159//159
f 166//166 165//165 160//160
f 161//161 166//166 160//160
f 167//167 166//166 161//161
f 162//162 167//167 161//161
f 168//168 167//167 162//162
f 164//164 169//169 163//163
f 170//170 169//169 164//164
f 165//165 170//170 164//164
f 171//171 170//170 165//165
f 166//166 171//171 165//165
f 172//172 171//171 166//166
f 167//167 172//172 166//166
f 173//173 172//172 167//167
f 168//168 173//173 167//167
f 174//174 173//173 168//168
f 170//170 175//175 169//169
f 176//176 175//175 170//170
f 171//171 176//176 170//170
f 177//177 176//176 171//171
f 172//172 177//177 171//171
f 178//178 177//177 172//172
f 173//173 178//178 172//172
f 179//179 178//178 173//173
f 174//174 179//179 173//173
f 180//180 179//179 174//174
f 181//181 187//187 182//182
f 182//182 187//187 188//188
f 182//182 188//188 183//183
f 183//183 188//188 189//189
f 183//183 189//189 184//184
f 184//184 189//189 190//190
f 184//184 190//190 185//185
f 185//185 190//190 191//191
f 185//185 191//191 186//186
f 186//186 191//191 192//192
f 187//187 193//193 188//188
f 188//188 193//193 194//194
f 188//188 194//194 189//189
f 189//189 194//194 195//195
f 189//189 195//195 190//190
f 190//190 195//195 196//196
f 190//190 196//196 191//191
f 191//191 196//196 197//197
f 191//191 197//197 192//192
f 192//192 197//197 198//198
f 193//193 199//199 194//194
f 194//194 199//199 200//200
f 194//194 200//200 195//195
f 195//195 200//200 201//201
f 195//195 201//201 196//196
f 196//196 201//201 202//202
f 196//196 202//202 197//197
f 197//197 202//202 203//203
f 197//197 203//203 198//198
f 198//198 203//203 204//204
f 199//199 205//205 200//200
f 200//200 205//205 206//206
f 200//200 206//206 201//201
f 201//201 206//206 207//207
f 201//201 207//207 202//202
f 202//202 207//207 208//208
f 202//202 208//208 203//203
f 203//203 208//208 209//209
f 203//203 209//209 204//204
f 204//204 209//209 210//210
f 205//205 211//211 206//206
f 206//206 211//211 212//212
f 206//206 212//212 207//207
f 207//207 212//212 213//213
f 207//207 213//213 208//208
f 208//208 213//213 214//214
f 208//208 214//214 209//209
f 209//209 214//214 215//215
f 209//209 215//215 210//210
f 210//210 215//215 216//216
o source-carrot_sageDark
usemtl sageDark
v -0.350207 0.057659 -0.340207
v -0.353333 0.055533 -0.331667
v -0.354749 0.054571 -0.320000
v -0.354749 0.054571 0.320000
v -0.353333 0.055533 0.331667
v -0.350207 0.057659 0.340207
v -0.353333 0.063467 -0.343333
v -0.358577 0.061684 -0.334289
v -0.361305 0.060756 -0.320000
v -0.361305 0.060756 0.320000
v -0.358577 0.061684 0.334289
v -0.353333 0.063467 0.343333
v -0.354749 0.071400 -0.344749
v -0.361305 0.071400 -0.335652
v -0.365000 0.071400 -0.320000
v -0.365000 0.071400 0.320000
v -0.361305 0.071400 0.335652
v -0.354749 0.071400 0.344749
v -0.354749 0.323000 -0.344749
v -0.361305 0.323000 -0.335652
v -0.365000 0.323000 -0.320000
v -0.365000 0.323000 0.320000
v -0.361305 0.323000 0.335652
v -0.354749 0.323000 0.344749
v -0.353333 0.330933 -0.343333
v -0.358577 0.332716 -0.334289
v -0.361305 0.333644 -0.320000
v -0.361305 0.333644 0.320000
v -0.358577 0.332716 0.334289
v -0.353333 0.330933 0.343333
v -0.350207 0.336741 -0.340207
v -0.353333 0.338867 -0.331667
v -0.354749 0.339829 -0.320000
v -0.354749 0.339829 0.320000
v -0.353333 0.338867 0.331667
v -0.350207 0.336741 0.340207
v 0.350207 0.057659 -0.340207
v 0.353333 0.055533 -0.331667
v 0.354749 0.054571 -0.320000
v 0.354749 0.054571 0.320000
v 0.353333 0.055533 0.331667
v 0.350207 0.057659 0.340207
v 0.353333 0.063467 -0.343333
v 0.358577 0.061684 -0.334289
v 0.361305 0.060756 -0.320000
v 0.361305 0.060756 0.320000
v 0.358577 0.061684 0.334289
v 0.353333 0.063467 0.343333
v 0.354749 0.071400 -0.344749
v 0.361305 0.071400 -0.335652
v 0.365000 0.071400 -0.320000
v 0.365000 0.071400 0.320000
v 0.361305 0.071400 0.335652
v 0.354749 0.071400 0.344749
v 0.354749 0.323000 -0.344749
v 0.361305 0.323000 -0.335652
v 0.365000 0.323000 -0.320000
v 0.365000 0.323000 0.320000
v 0.361305 0.323000 0.335652
v 0.354749 0.323000 0.344749
v 0.353333 0.330933 -0.343333
v 0.358577 0.332716 -0.334289
v 0.361305 0.333644 -0.320000
v 0.361305 0.333644 0.320000
v 0.358577 0.332716 0.334289
v 0.353333 0.330933 0.343333
v 0.350207 0.336741 -0.340207
v 0.353333 0.338867 -0.331667
v 0.354749 0.339829 -0.320000
v 0.354749 0.339829 0.320000
v 0.353333 0.338867 0.331667
v 0.350207 0.336741 0.340207
v -0.350207 0.057659 -0.340207
v -0.341667 0.055533 -0.343333
v -0.330000 0.054571 -0.344749
v 0.330000 0.054571 -0.344749
v 0.341667 0.055533 -0.343333
v 0.350207 0.057659 -0.340207
v -0.353333 0.055533 -0.331667
v -0.344289 0.051967 -0.334289
v -0.330000 0.050113 -0.335652
v 0.330000 0.050113 -0.335652
v 0.344289 0.051967 -0.334289
v 0.353333 0.055533 -0.331667
v -0.354749 0.054571 -0.320000
v -0.345652 0.050113 -0.320000
v -0.330000 0.047600 -0.320000
v 0.330000 0.047600 -0.320000
v 0.345652 0.050113 -0.320000
v 0.354749 0.054571 -0.320000
v -0.354749 0.054571 0.320000
v -0.345652 0.050113 0.320000
v -0.330000 0.047600 0.320000
v 0.330000 0.047600 0.320000
v 0.345652 0.050113 0.320000
v 0.354749 0.054571 0.320000
v -0.353333 0.055533 0.331667
v -0.344289 0.051967 0.334289
v -0.330000 0.050113 0.335652
v 0.330000 0.050113 0.335652
v 0.344289 0.051967 0.334289
v 0.353333 0.055533 0.331667
v -0.350207 0.057659 0.340207
v -0.341667 0.055533 0.343333
v -0.330000 0.054571 0.344749
v 0.330000 0.054571 0.344749
v 0.341667 0.055533 0.343333
v 0.350207 0.057659 0.340207
v -0.350207 0.336741 -0.340207
v -0.341667 0.338867 -0.343333
v -0.330000 0.339829 -0.344749
v 0.330000 0.339829 -0.344749
v 0.341667 0.338867 -0.343333
v 0.350207 0.336741 -0.340207
v -0.353333 0.338867 -0.331667
v -0.344289 0.342433 -0.334289
v -0.330000 0.344287 -0.335652
v 0.330000 0.344287 -0.335652
v 0.344289 0.342433 -0.334289
v 0.353333 0.338867 -0.331667
v -0.354749 0.339829 -0.320000
v -0.345652 0.344287 -0.320000
v -0.330000 0.346800 -0.320000
v 0.330000 0.346800 -0.320000
v 0.345652 0.344287 -0.320000
v 0.354749 0.339829 -0.320000
v -0.354749 0.339829 0.320000
v -0.345652 0.344287 0.320000
v -0.330000 0.346800 0.320000
v 0.330000 0.346800 0.320000
v 0.345652 0.344287 0.320000
v 0.354749 0.339829 0.320000
v -0.353333 0.338867 0.331667
v -0.344289 0.342433 0.334289
v -0.330000 0.344287 0.335652
v 0.330000 0.344287 0.335652
v 0.344289 0.342433 0.334289
v 0.353333 0.338867 0.331667
v -0.350207 0.336741 0.340207
v -0.341667 0.338867 0.343333
v -0.330000 0.339829 0.344749
v 0.330000 0.339829 0.344749
v 0.341667 0.338867 0.343333
v 0.350207 0.336741 0.340207
v -0.350207 0.057659 -0.340207
v -0.353333 0.063467 -0.343333
v -0.354749 0.071400 -0.344749
v -0.354749 0.323000 -0.344749
v -0.353333 0.330933 -0.343333
v -0.350207 0.336741 -0.340207
v -0.341667 0.055533 -0.343333
v -0.344289 0.061684 -0.348577
v -0.345652 0.071400 -0.351305
v -0.345652 0.323000 -0.351305
v -0.344289 0.332716 -0.348577
v -0.341667 0.338867 -0.343333
v -0.330000 0.054571 -0.344749
v -0.330000 0.060756 -0.351305
v -0.330000 0.071400 -0.355000
v -0.330000 0.323000 -0.355000
v -0.330000 0.333644 -0.351305
v -0.330000 0.339829 -0.344749
v 0.330000 0.054571 -0.344749
v 0.330000 0.060756 -0.351305
v 0.330000 0.071400 -0.355000
v 0.330000 0.323000 -0.355000
v 0.330000 0.333644 -0.351305
v 0.330000 0.339829 -0.344749
v 0.341667 0.055533 -0.343333
v 0.344289 0.061684 -0.348577
v 0.345652 0.071400 -0.351305
v 0.345652 0.323000 -0.351305
v 0.344289 0.332716 -0.348577
v 0.341667 0.338867 -0.343333
v 0.350207 0.057659 -0.340207
v 0.353333 0.063467 -0.343333
v 0.354749 0.071400 -0.344749
v 0.354749 0.323000 -0.344749
v 0.353333 0.330933 -0.343333
v 0.350207 0.336741 -0.340207
v -0.350207 0.057659 0.340207
v -0.353333 0.063467 0.343333
v -0.354749 0.071400 0.344749
v -0.354749 0.323000 0.344749
v -0.353333 0.330933 0.343333
v -0.350207 0.336741 0.340207
v -0.341667 0.055533 0.343333
v -0.344289 0.061684 0.348577
v -0.345652 0.071400 0.351305
v -0.345652 0.323000 0.351305
v -0.344289 0.332716 0.348577
v -0.341667 0.338867 0.343333
v -0.330000 0.054571 0.344749
v -0.330000 0.060756 0.351305
v -0.330000 0.071400 0.355000
v -0.330000 0.323000 0.355000
v -0.330000 0.333644 0.351305
v -0.330000 0.339829 0.344749
v 0.330000 0.054571 0.344749
v 0.330000 0.060756 0.351305
v 0.330000 0.071400 0.355000
v 0.330000 0.323000 0.355000
v 0.330000 0.333644 0.351305
v 0.330000 0.339829 0.344749
v 0.341667 0.055533 0.343333
v 0.344289 0.061684 0.348577
v 0.345652 0.071400 0.351305
v 0.345652 0.323000 0.351305
v 0.344289 0.332716 0.348577
v 0.341667 0.338867 0.343333
v 0.350207 0.057659 0.340207
v 0.353333 0.063467 0.343333
v 0.354749 0.071400 0.344749
v 0.354749 0.323000 0.344749
v 0.353333 0.330933 0.343333
v 0.350207 0.336741 0.340207
v -0.325907 0.099683 0.358593
v -0.326667 0.099167 0.360667
v -0.327010 0.098933 0.363500
v -0.327010 0.098933 0.366500
v -0.326667 0.099167 0.369333
v -0.325907 0.099683 0.371407
v -0.326667 0.101093 0.357833
v -0.327940 0.100660 0.360030
v -0.328603 0.100435 0.363500
v -0.328603 0.100435 0.366500
v -0.327940 0.100660 0.369970
v -0.326667 0.101093 0.372167
v -0.327010 0.103020 0.357490
v -0.328603 0.103020 0.359699
v -0.329500 0.103020 0.363500
v -0.329500 0.103020 0.366500
v -0.328603 0.103020 0.370301
v -0.327010 0.103020 0.372510
v -0.327010 0.302260 0.357490
v -0.328603 0.302260 0.359699
v -0.329500 0.302260 0.363500
v -0.329500 0.302260 0.366500
v -0.328603 0.302260 0.370301
v -0.327010 0.302260 0.372510
v -0.326667 0.304187 0.357833
v -0.327940 0.304620 0.360030
v -0.328603 0.304845 0.363500
v -0.328603 0.304845 0.366500
v -0.327940 0.304620 0.369970
v -0.326667 0.304187 0.372167
v -0.325907 0.305597 0.358593
v -0.326667 0.306113 0.360667
v -0.327010 0.306347 0.363500
v -0.327010 0.306347 0.366500
v -0.326667 0.306113 0.369333
v -0.325907 0.305597 0.371407
v -0.018093 0.099683 0.358593
v -0.017333 0.099167 0.360667
v -0.016990 0.098933 0.363500
v -0.016990 0.098933 0.366500
v -0.017333 0.099167 0.369333
v -0.018093 0.099683 0.371407
v -0.017333 0.101093 0.357833
v -0.016060 0.100660 0.360030
v -0.015397 0.100435 0.363500
v -0.015397 0.100435 0.366500
v -0.016060 0.100660 0.369970
v -0.017333 0.101093 0.372167
v -0.016990 0.103020 0.357490
v -0.015397 0.103020 0.359699
v -0.014500 0.103020 0.363500
v -0.014500 0.103020 0.366500
v -0.015397 0.103020 0.370301
v -0.016990 0.103020 0.372510
v -0.016990 0.302260 0.357490
v -0.015397 0.302260 0.359699
v -0.014500 0.302260 0.363500
v -0.014500 0.302260 0.366500
v -0.015397 0.302260 0.370301
v -0.016990 0.302260 0.372510
v -0.017333 0.304187 0.357833
v -0.016060 0.304620 0.360030
v -0.015397 0.304845 0.363500
v -0.015397 0.304845 0.366500
v -0.016060 0.304620 0.369970
v -0.017333 0.304187 0.372167
v -0.018093 0.305597 0.358593
v -0.017333 0.306113 0.360667
v -0.016990 0.306347 0.363500
v -0.016990 0.306347 0.366500
v -0.017333 0.306113 0.369333
v -0.018093 0.305597 0.371407
v -0.325907 0.099683 0.358593
v -0.323833 0.099167 0.357833
v -0.321000 0.098933 0.357490
v -0.023000 0.098933 0.357490
v -0.020167 0.099167 0.357833
v -0.018093 0.099683 0.358593
v -0.326667 0.099167 0.360667
v -0.324470 0.098301 0.360030
v -0.321000 0.097850 0.359699
v -0.023000 0.097850 0.359699
v -0.019530 0.098301 0.360030
v -0.017333 0.099167 0.360667
v -0.327010 0.098933 0.363500
v -0.324801 0.097850 0.363500
v -0.321000 0.097240 0.363500
v -0.023000 0.097240 0.363500
v -0.019199 0.097850 0.363500
v -0.016990 0.098933 0.363500
v -0.327010 0.098933 0.366500
v -0.324801 0.097850 0.366500
v -0.321000 0.097240 0.366500
v -0.023000 0.097240 0.366500
v -0.019199 0.097850 0.366500
v -0.016990 0.098933 0.366500
v -0.326667 0.099167 0.369333
v -0.324470 0.098301 0.369970
v -0.321000 0.097850 0.370301
v -0.023000 0.097850 0.370301
v -0.019530 0.098301 0.369970
v -0.017333 0.099167 0.369333
v -0.325907 0.099683 0.371407
v -0.323833 0.099167 0.372167
v -0.321000 0.098933 0.372510
v -0.023000 0.098933 0.372510
v -0.020167 0.099167 0.372167
v -0.018093 0.099683 0.371407
v -0.325907 0.305597 0.358593
v -0.323833 0.306113 0.357833
v -0.321000 0.306347 0.357490
v -0.023000 0.306347 0.357490
v -0.020167 0.306113 0.357833
v -0.018093 0.305597 0.358593
v -0.326667 0.306113 0.360667
v -0.324470 0.306979 0.360030
v -0.321000 0.307430 0.359699
v -0.023000 0.307430 0.359699
v -0.019530 0.306979 0.360030
v -0.017333 0.306113 0.360667
v -0.327010 0.306347 0.363500
v -0.324801 0.307430 0.363500
v -0.321000 0.308040 0.363500
v -0.023000 0.308040 0.363500
v -0.019199 0.307430 0.363500
v -0.016990 0.306347 0.363500
v -0.327010 0.306347 0.366500
v -0.324801 0.307430 0.366500
v -0.321000 0.308040 0.366500
v -0.023000 0.308040 0.366500
v -0.019199 0.307430 0.366500
v -0.016990 0.306347 0.366500
v -0.326667 0.306113 0.369333
v -0.324470 0.306979 0.369970
v -0.321000 0.307430 0.370301
v -0.023000 0.307430 0.370301
v -0.019530 0.306979 0.369970
v -0.017333 0.306113 0.369333
v -0.325907 0.305597 0.371407
v -0.323833 0.306113 0.372167
v -0.321000 0.306347 0.372510
v -0.023000 0.306347 0.372510
v -0.020167 0.306113 0.372167
v -0.018093 0.305597 0.371407
v -0.325907 0.099683 0.358593
v -0.326667 0.101093 0.357833
v -0.327010 0.103020 0.357490
v -0.327010 0.302260 0.357490
v -0.326667 0.304187 0.357833
v -0.325907 0.305597 0.358593
v -0.323833 0.099167 0.357833
v -0.324470 0.100660 0.356560
v -0.324801 0.103020 0.355897
v -0.324801 0.302260 0.355897
v -0.324470 0.304620 0.356560
v -0.323833 0.306113 0.357833
v -0.321000 0.098933 0.357490
v -0.321000 0.100435 0.355897
v -0.321000 0.103020 0.355000
v -0.321000 0.302260 0.355000
v -0.321000 0.304845 0.355897
v -0.321000 0.306347 0.357490
v -0.023000 0.098933 0.357490
v -0.023000 0.100435 0.355897
v -0.023000 0.103020 0.355000
v -0.023000 0.302260 0.355000
v -0.023000 0.304845 0.355897
v -0.023000 0.306347 0.357490
v -0.020167 0.099167 0.357833
v -0.019530 0.100660 0.356560
v -0.019199 0.103020 0.355897
v -0.019199 0.302260 0.355897
v -0.019530 0.304620 0.356560
v -0.020167 0.306113 0.357833
v -0.018093 0.099683 0.358593
v -0.017333 0.101093 0.357833
v -0.016990 0.103020 0.357490
v -0.016990 0.302260 0.357490
v -0.017333 0.304187 0.357833
v -0.018093 0.305597 0.358593
v -0.325907 0.099683 0.371407
v -0.326667 0.101093 0.372167
v -0.327010 0.103020 0.372510
v -0.327010 0.302260 0.372510
v -0.326667 0.304187 0.372167
v -0.325907 0.305597 0.371407
v -0.323833 0.099167 0.372167
v -0.324470 0.100660 0.373440
v -0.324801 0.103020 0.374103
v -0.324801 0.302260 0.374103
v -0.324470 0.304620 0.373440
v -0.323833 0.306113 0.372167
v -0.321000 0.098933 0.372510
v -0.321000 0.100435 0.374103
v -0.321000 0.103020 0.375000
v -0.321000 0.302260 0.375000
v -0.321000 0.304845 0.374103
v -0.321000 0.306347 0.372510
v -0.023000 0.098933 0.372510
v -0.023000 0.100435 0.374103
v -0.023000 0.103020 0.375000
v -0.023000 0.302260 0.375000
v -0.023000 0.304845 0.374103
v -0.023000 0.306347 0.372510
v -0.020167 0.099167 0.372167
v -0.019530 0.100660 0.373440
v -0.019199 0.103020 0.374103
v -0.019199 0.302260 0.374103
v -0.019530 0.304620 0.373440
v -0.020167 0.306113 0.372167
v -0.018093 0.099683 0.371407
v -0.017333 0.101093 0.372167
v -0.016990 0.103020 0.372510
v -0.016990 0.302260 0.372510
v -0.017333 0.304187 0.372167
v -0.018093 0.305597 0.371407
v 0.018093 0.099683 0.358593
v 0.017333 0.099167 0.360667
v 0.016990 0.098933 0.363500
v 0.016990 0.098933 0.366500
v 0.017333 0.099167 0.369333
v 0.018093 0.099683 0.371407
v 0.017333 0.101093 0.357833
v 0.016060 0.100660 0.360030
v 0.015397 0.100435 0.363500
v 0.015397 0.100435 0.366500
v 0.016060 0.100660 0.369970
v 0.017333 0.101093 0.372167
v 0.016990 0.103020 0.357490
v 0.015397 0.103020 0.359699
v 0.014500 0.103020 0.363500
v 0.014500 0.103020 0.366500
v 0.015397 0.103020 0.370301
v 0.016990 0.103020 0.372510
v 0.016990 0.302260 0.357490
v 0.015397 0.302260 0.359699
v 0.014500 0.302260 0.363500
v 0.014500 0.302260 0.366500
v 0.015397 0.302260 0.370301
v 0.016990 0.302260 0.372510
v 0.017333 0.304187 0.357833
v 0.016060 0.304620 0.360030
v 0.015397 0.304845 0.363500
v 0.015397 0.304845 0.366500
v 0.016060 0.304620 0.369970
v 0.017333 0.304187 0.372167
v 0.018093 0.305597 0.358593
v 0.017333 0.306113 0.360667
v 0.016990 0.306347 0.363500
v 0.016990 0.306347 0.366500
v 0.017333 0.306113 0.369333
v 0.018093 0.305597 0.371407
v 0.325907 0.099683 0.358593
v 0.326667 0.099167 0.360667
v 0.327010 0.098933 0.363500
v 0.327010 0.098933 0.366500
v 0.326667 0.099167 0.369333
v 0.325907 0.099683 0.371407
v 0.326667 0.101093 0.357833
v 0.327940 0.100660 0.360030
v 0.328603 0.100435 0.363500
v 0.328603 0.100435 0.366500
v 0.327940 0.100660 0.369970
v 0.326667 0.101093 0.372167
v 0.327010 0.103020 0.357490
v 0.328603 0.103020 0.359699
v 0.329500 0.103020 0.363500
v 0.329500 0.103020 0.366500
v 0.328603 0.103020 0.370301
v 0.327010 0.103020 0.372510
v 0.327010 0.302260 0.357490
v 0.328603 0.302260 0.359699
v 0.329500 0.302260 0.363500
v 0.329500 0.302260 0.366500
v 0.328603 0.302260 0.370301
v 0.327010 0.302260 0.372510
v 0.326667 0.304187 0.357833
v 0.327940 0.304620 0.360030
v 0.328603 0.304845 0.363500
v 0.328603 0.304845 0.366500
v 0.327940 0.304620 0.369970
v 0.326667 0.304187 0.372167
v 0.325907 0.305597 0.358593
v 0.326667 0.306113 0.360667
v 0.327010 0.306347 0.363500
v 0.327010 0.306347 0.366500
v 0.326667 0.306113 0.369333
v 0.325907 0.305597 0.371407
v 0.018093 0.099683 0.358593
v 0.020167 0.099167 0.357833
v 0.023000 0.098933 0.357490
v 0.321000 0.098933 0.357490
v 0.323833 0.099167 0.357833
v 0.325907 0.099683 0.358593
v 0.017333 0.099167 0.360667
v 0.019530 0.098301 0.360030
v 0.023000 0.097850 0.359699
v 0.321000 0.097850 0.359699
v 0.324470 0.098301 0.360030
v 0.326667 0.099167 0.360667
v 0.016990 0.098933 0.363500
v 0.019199 0.097850 0.363500
v 0.023000 0.097240 0.363500
v 0.321000 0.097240 0.363500
v 0.324801 0.097850 0.363500
v 0.327010 0.098933 0.363500
v 0.016990 0.098933 0.366500
v 0.019199 0.097850 0.366500
v 0.023000 0.097240 0.366500
v 0.321000 0.097240 0.366500
v 0.324801 0.097850 0.366500
v 0.327010 0.098933 0.366500
v 0.017333 0.099167 0.369333
v 0.019530 0.098301 0.369970
v 0.023000 0.097850 0.370301
v 0.321000 0.097850 0.370301
v 0.324470 0.098301 0.369970
v 0.326667 0.099167 0.369333
v 0.018093 0.099683 0.371407
v 0.020167 0.099167 0.372167
v 0.023000 0.098933 0.372510
v 0.321000 0.098933 0.372510
v 0.323833 0.099167 0.372167
v 0.325907 0.099683 0.371407
v 0.018093 0.305597 0.358593
v 0.020167 0.306113 0.357833
v 0.023000 0.306347 0.357490
v 0.321000 0.306347 0.357490
v 0.323833 0.306113 0.357833
v 0.325907 0.305597 0.358593
v 0.017333 0.306113 0.360667
v 0.019530 0.306979 0.360030
v 0.023000 0.307430 0.359699
v 0.321000 0.307430 0.359699
v 0.324470 0.306979 0.360030
v 0.326667 0.306113 0.360667
v 0.016990 0.306347 0.363500
v 0.019199 0.307430 0.363500
v 0.023000 0.308040 0.363500
v 0.321000 0.308040 0.363500
v 0.324801 0.307430 0.363500
v 0.327010 0.306347 0.363500
v 0.016990 0.306347 0.366500
v 0.019199 0.307430 0.366500
v 0.023000 0.308040 0.366500
v 0.321000 0.308040 0.366500
v 0.324801 0.307430 0.366500
v 0.327010 0.306347 0.366500
v 0.017333 0.306113 0.369333
v 0.019530 0.306979 0.369970
v 0.023000 0.307430 0.370301
v 0.321000 0.307430 0.370301
v 0.324470 0.306979 0.369970
v 0.326667 0.306113 0.369333
v 0.018093 0.305597 0.371407
v 0.020167 0.306113 0.372167
v 0.023000 0.306347 0.372510
v 0.321000 0.306347 0.372510
v 0.323833 0.306113 0.372167
v 0.325907 0.305597 0.371407
v 0.018093 0.099683 0.358593
v 0.017333 0.101093 0.357833
v 0.016990 0.103020 0.357490
v 0.016990 0.302260 0.357490
v 0.017333 0.304187 0.357833
v 0.018093 0.305597 0.358593
v 0.020167 0.099167 0.357833
v 0.019530 0.100660 0.356560
v 0.019199 0.103020 0.355897
v 0.019199 0.302260 0.355897
v 0.019530 0.304620 0.356560
v 0.020167 0.306113 0.357833
v 0.023000 0.098933 0.357490
v 0.023000 0.100435 0.355897
v 0.023000 0.103020 0.355000
v 0.023000 0.302260 0.355000
v 0.023000 0.304845 0.355897
v 0.023000 0.306347 0.357490
v 0.321000 0.098933 0.357490
v 0.321000 0.100435 0.355897
v 0.321000 0.103020 0.355000
v 0.321000 0.302260 0.355000
v 0.321000 0.304845 0.355897
v 0.321000 0.306347 0.357490
v 0.323833 0.099167 0.357833
v 0.324470 0.100660 0.356560
v 0.324801 0.103020 0.355897
v 0.324801 0.302260 0.355897
v 0.324470 0.304620 0.356560
v 0.323833 0.306113 0.357833
v 0.325907 0.099683 0.358593
v 0.326667 0.101093 0.357833
v 0.327010 0.103020 0.357490
v 0.327010 0.302260 0.357490
v 0.326667 0.304187 0.357833
v 0.325907 0.305597 0.358593
v 0.018093 0.099683 0.371407
v 0.017333 0.101093 0.372167
v 0.016990 0.103020 0.372510
v 0.016990 0.302260 0.372510
v 0.017333 0.304187 0.372167
v 0.018093 0.305597 0.371407
v 0.020167 0.099167 0.372167
v 0.019530 0.100660 0.373440
v 0.019199 0.103020 0.374103
v 0.019199 0.302260 0.374103
v 0.019530 0.304620 0.373440
v 0.020167 0.306113 0.372167
v 0.023000 0.098933 0.372510
v 0.023000 0.100435 0.374103
v 0.023000 0.103020 0.375000
v 0.023000 0.302260 0.375000
v 0.023000 0.304845 0.374103
v 0.023000 0.306347 0.372510
v 0.321000 0.098933 0.372510
v 0.321000 0.100435 0.374103
v 0.321000 0.103020 0.375000
v 0.321000 0.302260 0.375000
v 0.321000 0.304845 0.374103
v 0.321000 0.306347 0.372510
v 0.323833 0.099167 0.372167
v 0.324470 0.100660 0.373440
v 0.324801 0.103020 0.374103
v 0.324801 0.302260 0.374103
v 0.324470 0.304620 0.373440
v 0.323833 0.306113 0.372167
v 0.325907 0.099683 0.371407
v 0.326667 0.101093 0.372167
v 0.327010 0.103020 0.372510
v 0.327010 0.302260 0.372510
v 0.326667 0.304187 0.372167
v 0.325907 0.305597 0.371407
vn -0.490135 -0.720787 -0.490135
vn -0.534082 -0.785415 -0.312858
vn -0.562300 -0.826912 -0.005832
vn -0.562310 -0.826926 0.001232
vn -0.549577 -0.808201 0.211606
vn -0.496038 -0.729467 0.470983
vn -0.603891 -0.520222 -0.603891
vn -0.796314 -0.500194 -0.340132
vn -0.809916 -0.586526 -0.004891
vn -0.890590 -0.454795 0.003443
vn -0.833341 -0.457092 0.310822
vn -0.642635 -0.441589 0.626115
vn -0.706990 -0.018156 -0.706990
vn -0.898070 -0.013538 -0.439644
vn -0.999603 -0.026195 -0.010389
vn -0.999968 -0.007401 0.002996
vn -0.944198 -0.009168 0.329252
vn -0.741465 -0.008811 0.670933
vn -0.707101 0.003916 -0.707101
vn -0.944198 0.009168 -0.329252
vn -0.999968 0.007401 -0.002996
vn -0.999603 0.026195 0.010389
vn -0.898070 0.013538 0.439644
vn -0.670933 0.008811 0.741465
vn -0.656445 0.371698 -0.656445
vn -0.833341 0.457092 -0.310822
vn -0.890590 0.454795 -0.003443
vn -0.809916 0.586526 0.004891
vn -0.796314 0.500194 0.340132
vn -0.626115 0.441589 0.642635
vn -0.503175 0.702588 -0.503175
vn -0.552899 0.792186 -0.258350
vn -0.602081 0.798430 -0.002846
vn -0.522742 0.852487 0.002740
vn -0.533893 0.805851 0.256051
vn -0.470983 0.729467 0.496038
vn 0.470983 -0.729467 -0.496038
vn 0.533893 -0.805851 -0.256051
vn 0.522742 -0.852487 -0.002740
vn 0.602081 -0.798430 0.002846
vn 0.552899 -0.792186 0.258350
vn 0.503175 -0.702588 0.503175
vn 0.626115 -0.441589 -0.642635
vn 0.796314 -0.500194 -0.340132
vn 0.809916 -0.586526 -0.004891
vn 0.890590 -0.454795 0.003443
vn 0.833341 -0.457092 0.310822
vn 0.656445 -0.371698 0.656445
vn 0.670933 -0.008811 -0.741465
vn 0.898070 -0.013538 -0.439644
vn 0.999603 -0.026195 -0.010389
vn 0.999968 -0.007401 0.002996
vn 0.944198 -0.009168 0.329252
vn 0.707101 -0.003916 0.707101
vn 0.741465 0.008811 -0.670933
vn 0.944198 0.009168 -0.329252
vn 0.999968 0.007401 -0.002996
vn 0.999603 0.026195 0.010389
vn 0.898070 0.013538 0.439644
vn 0.706990 0.018156 0.706990
vn 0.642635 0.441589 -0.626115
vn 0.833341 0.457092 -0.310822
vn 0.890590 0.454795 -0.003443
vn 0.809916 0.586526 0.004891
vn 0.796314 0.500194 0.340132
vn 0.603891 0.520222 0.603891
vn 0.496038 0.729467 -0.470983
vn 0.549577 0.808201 -0.211606
vn 0.562310 0.826926 -0.001232
vn 0.562300 0.826912 0.005832
vn 0.534082 0.785415 0.312858
vn 0.490135 0.720787 0.490135
vn -0.490135 -0.720787 -0.490135
vn -0.312858 -0.785415 -0.534082
vn -0.005662 -0.826913 -0.562301
vn 0.001195 -0.826926 -0.562310
vn 0.211606 -0.808201 -0.549577
vn 0.470983 -0.729467 -0.496038
vn -0.534082 -0.785415 -0.312858
vn -0.268668 -0.925005 -0.268668
vn -0.003778 -0.948217 -0.317601
vn 0.002482 -0.973241 -0.229773
vn 0.238736 -0.941281 -0.238736
vn 0.533893 -0.805851 -0.256051
vn -0.562300 -0.826912 -0.005832
vn -0.317529 -0.948240 -0.003894
vn -0.007026 -0.999949 -0.007243
vn 0.001937 -0.999996 -0.001995
vn 0.229812 -0.973232 -0.002558
vn 0.522742 -0.852487 -0.002740
vn -0.562310 -0.826926 0.001232
vn -0.229812 -0.973232 0.002558
vn -0.001937 -0.999996 0.001995
vn 0.007026 -0.999949 0.007243
vn 0.317529 -0.948240 0.003894
vn 0.602081 -0.798430 0.002846
vn -0.549577 -0.808201 0.211606
vn -0.238736 -0.941281 0.238736
vn -0.002482 -0.973241 0.229773
vn 0.003778 -0.948217 0.317601
vn 0.268668 -0.925005 0.268668
vn 0.552899 -0.792186 0.258350
vn -0.496038 -0.729467 0.470983
vn -0.256051 -0.805851 0.533893
vn -0.002659 -0.852521 0.522687
vn 0.002762 -0.798388 0.602137
vn 0.258350 -0.792186 0.552899
vn 0.503175 -0.702588 0.503175
vn -0.503175 0.702588 -0.503175
vn -0.258350 0.792186 -0.552899
vn -0.002762 0.798388 -0.602137
vn 0.002659 0.852521 -0.522687
vn 0.256051 0.805851 -0.533893
vn 0.496038 0.729467 -0.470983
vn -0.552899 0.792186 -0.258350
vn -0.268668 0.925005 -0.268668
vn -0.003778 0.948217 -0.317601
vn 0.002482 0.973241 -0.229773
vn 0.238736 0.941281 -0.238736
vn 0.549577 0.808201 -0.211606
vn -0.602081 0.798430 -0.002846
vn -0.317529 0.948240 -0.003894
vn -0.007026 0.999949 -0.007243
vn 0.001937 0.999996 -0.001995
vn 0.229812 0.973232 -0.002558
vn 0.562310 0.826926 -0.001232
vn -0.522742 0.852487 0.002740
vn -0.229812 0.973232 0.002558
vn -0.001937 0.999996 0.001995
vn 0.007026 0.999949 0.007243
vn 0.317529 0.948240 0.003894
vn 0.562300 0.826912 0.005832
vn -0.533893 0.805851 0.256051
vn -0.238736 0.941281 0.238736
vn -0.002482 0.973241 0.229773
vn 0.003778 0.948217 0.317601
vn 0.268668 0.925005 0.268668
vn 0.534082 0.785415 0.312858
vn -0.470983 0.729467 0.496038
vn -0.211606 0.808201 0.549577
vn -0.001195 0.826926 0.562310
vn 0.005662 0.826913 0.562301
vn 0.312858 0.785415 0.534082
vn 0.490135 0.720787 0.490135
vn -0.490135 -0.720787 -0.490135
vn -0.603891 -0.520222 -0.603891
vn -0.706990 -0.018156 -0.706990
vn -0.707101 0.003916 -0.707101
vn -0.656445 0.371698 -0.656445
vn -0.503175 0.702588 -0.503175
vn -0.312858 -0.785415 -0.534082
vn -0.340132 -0.500194 -0.796314
vn -0.439644 -0.013538 -0.898070
vn -0.329252 0.009168 -0.944198
vn -0.310822 0.457092 -0.833341
vn -0.258350 0.792186 -0.552899
vn -0.005662 -0.826913 -0.562301
vn -0.004746 -0.586622 -0.809847
vn -0.010087 -0.026221 -0.999605
vn -0.002906 0.007395 -0.999968
vn -0.003340 0.454731 -0.890623
vn -0.002762 0.798388 -0.602137
vn 0.001195 -0.826926 -0.562310
vn 0.003340 -0.454731 -0.890623
vn 0.002906 -0.007395 -0.999968
vn 0.010087 0.026221 -0.999605
vn 0.004746 0.586622 -0.809847
vn 0.002659 0.852521 -0.522687
vn 0.211606 -0.808201 -0.549577
vn 0.310822 -0.457092 -0.833341
vn 0.329252 -0.009168 -0.944198
vn 0.439644 0.013538 -0.898070
vn 0.340132 0.500194 -0.796314
vn 0.256051 0.805851 -0.533893
vn 0.470983 -0.729467 -0.496038
vn 0.626115 -0.441589 -0.642635
vn 0.670933 -0.008811 -0.741465
vn 0.741465 0.008811 -0.670933
vn 0.642635 0.441589 -0.626115
vn 0.496038 0.729467 -0.470983
vn -0.496038 -0.729467 0.470983
vn -0.642635 -0.441589 0.626115
vn -0.741465 -0.008811 0.670933
vn -0.670933 0.008811 0.741465
vn -0.626115 0.441589 0.642635
vn -0.470983 0.729467 0.496038
vn -0.256051 -0.805851 0.533893
vn -0.340132 -0.500194 0.796314
vn -0.439644 -0.013538 0.898070
vn -0.329252 0.009168 0.944198
vn -0.310822 0.457092 0.833341
vn -0.211606 0.808201 0.549577
vn -0.002659 -0.852521 0.522687
vn -0.004746 -0.586622 0.809847
vn -0.010087 -0.026221 0.999605
vn -0.002906 0.007395 0.999968
vn -0.003340 0.454731 0.890623
vn -0.001195 0.826926 0.562310
vn 0.002762 -0.798388 0.602137
vn 0.003340 -0.454731 0.890623
vn 0.002906 -0.007395 0.999968
vn 0.010087 0.026221 0.999605
vn 0.004746 0.586622 0.809847
vn 0.005662 0.826913 0.562301
vn 0.258350 -0.792186 0.552899
vn 0.310822 -0.457092 0.833341
vn 0.329252 -0.009168 0.944198
vn 0.439644 0.013538 0.898070
vn 0.340132 0.500194 0.796314
vn 0.312858 0.785415 0.534082
vn 0.503175 -0.702588 0.503175
vn 0.656445 -0.371698 0.656445
vn 0.707101 -0.003916 0.707101
vn 0.706990 0.018156 0.706990
vn 0.603891 0.520222 0.603891
vn 0.490135 0.720787 0.490135
vn -0.490135 -0.720787 -0.490135
vn -0.534082 -0.785415 -0.312858
vn -0.559294 -0.822491 -0.103437
vn -0.561772 -0.826136 0.043722
vn -0.549577 -0.808201 0.211606
vn -0.496038 -0.729467 0.470983
vn -0.603891 -0.520222 -0.603891
vn -0.796314 -0.500194 -0.340132
vn -0.854153 -0.507094 -0.115231
vn -0.857265 -0.506707 0.091347
vn -0.833341 -0.457092 0.310822
vn -0.642635 -0.441589 0.626115
vn -0.707095 -0.005824 -0.707095
vn -0.896429 -0.004275 -0.443166
vn -0.986115 -0.004057 -0.166014
vn -0.995748 -0.004339 0.092012
vn -0.944941 -0.002873 0.327229
vn -0.743397 -0.002763 0.668845
vn -0.707106 0.001214 -0.707106
vn -0.944941 0.002873 -0.327229
vn -0.995748 0.004339 -0.092012
vn -0.986115 0.004057 0.166014
vn -0.896429 0.004275 0.443166
vn -0.668845 0.002763 0.743397
vn -0.656445 0.371698 -0.656445
vn -0.833341 0.457092 -0.310822
vn -0.857265 0.506707 -0.091347
vn -0.854153 0.507094 0.115231
vn -0.796314 0.500194 0.340132
vn -0.626115 0.441589 0.642635
vn -0.503175 0.702588 -0.503175
vn -0.552899 0.792186 -0.258350
vn -0.552668 0.830131 -0.073762
vn -0.568873 0.819059 0.074335
vn -0.533893 0.805851 0.256051
vn -0.470983 0.729467 0.496038
vn 0.470983 -0.729467 -0.496038
vn 0.533893 -0.805851 -0.256051
vn 0.568873 -0.819059 -0.074335
vn 0.552668 -0.830131 0.073762
vn 0.552899 -0.792186 0.258350
vn 0.503175 -0.702588 0.503175
vn 0.626115 -0.441589 -0.642635
vn 0.796314 -0.500194 -0.340132
vn 0.854153 -0.507094 -0.115231
vn 0.857265 -0.506707 0.091347
vn 0.833341 -0.457092 0.310822
vn 0.656445 -0.371698 0.656445
vn 0.668845 -0.002763 -0.743397
vn 0.896429 -0.004275 -0.443166
vn 0.986115 -0.004057 -0.166014
vn 0.995748 -0.004339 0.092012
vn 0.944941 -0.002873 0.327229
vn 0.707106 -0.001214 0.707106
vn 0.743397 0.002763 -0.668845
vn 0.944941 0.002873 -0.327229
vn 0.995748 0.004339 -0.092012
vn 0.986115 0.004057 0.166014
vn 0.896429 0.004275 0.443166
vn 0.707095 0.005824 0.707095
vn 0.642635 0.441589 -0.626115
vn 0.833341 0.457092 -0.310822
vn 0.857265 0.506707 -0.091347
vn 0.854153 0.507094 0.115231
vn 0.796314 0.500194 0.340132
vn 0.603891 0.520222 0.603891
vn 0.496038 0.729467 -0.470983
vn 0.549577 0.808201 -0.211606
vn 0.561772 0.826136 -0.043722
vn 0.559294 0.822491 0.103437
vn 0.534082 0.785415 0.312858
vn 0.490135 0.720787 0.490135
vn -0.490135 -0.720787 -0.490135
vn -0.312858 -0.785415 -0.534082
vn -0.003098 -0.826923 -0.562307
vn 0.000646 -0.826926 -0.562310
vn 0.211606 -0.808201 -0.549577
vn 0.470983 -0.729467 -0.496038
vn -0.534082 -0.785415 -0.312858
vn -0.268668 -0.925005 -0.268668
vn -0.002055 -0.947864 -0.318668
vn 0.001346 -0.973378 -0.229200
vn 0.238736 -0.941281 -0.238736
vn 0.533893 -0.805851 -0.256051
vn -0.559294 -0.822491 -0.103437
vn -0.263694 -0.960573 -0.088120
vn -0.001859 -0.993508 -0.113746
vn 0.001978 -0.998030 -0.062702
vn 0.263001 -0.962273 -0.069724
vn 0.568873 -0.819059 -0.074335
vn -0.561772 -0.826136 0.043722
vn -0.263001 -0.962273 0.069724
vn -0.001978 -0.998030 0.062702
vn 0.001859 -0.993508 0.113746
vn 0.263694 -0.960573 0.088120
vn 0.552668 -0.830131 0.073762
vn -0.549577 -0.808201 0.211606
vn -0.238736 -0.941281 0.238736
vn -0.001346 -0.973378 0.229200
vn 0.002055 -0.947864 0.318668
vn 0.268668 -0.925005 0.268668
vn 0.552899 -0.792186 0.258350
vn -0.496038 -0.729467 0.470983
vn -0.256051 -0.805851 0.533893
vn -0.001442 -0.853027 0.521865
vn 0.001499 -0.797762 0.602971
vn 0.258350 -0.792186 0.552899
vn 0.503175 -0.702588 0.503175
vn -0.503175 0.702588 -0.503175
vn -0.258350 0.792186 -0.552899
vn -0.001499 0.797762 -0.602971
vn 0.001442 0.853027 -0.521865
vn 0.256051 0.805851 -0.533893
vn 0.496038 0.729467 -0.470983
vn -0.552899 0.792186 -0.258350
vn -0.268668 0.925005 -0.268668
vn -0.002055 0.947864 -0.318668
vn 0.001346 0.973378 -0.229200
vn 0.238736 0.941281 -0.238736
vn 0.549577 0.808201 -0.211606
vn -0.552668 0.830131 -0.073762
vn -0.263694 0.960573 -0.088120
vn -0.001859 0.993508 -0.113746
vn 0.001978 0.998030 -0.062702
vn 0.263001 0.962273 -0.069724
vn 0.561772 0.826136 -0.043722
vn -0.568873 0.819059 0.074335
vn -0.263001 0.962273 0.069724
vn -0.001978 0.998030 0.062702
vn 0.001859 0.993508 0.113746
vn 0.263694 0.960573 0.088120
vn 0.559294 0.822491 0.103437
vn -0.533893 0.805851 0.256051
vn -0.238736 0.941281 0.238736
vn -0.001346 0.973378 0.229200
vn 0.002055 0.947864 0.318668
vn 0.268668 0.925005 0.268668
vn 0.534082 0.785415 0.312858
vn -0.470983 0.729467 0.496038
vn -0.211606 0.808201 0.549577
vn -0.000646 0.826926 0.562310
vn 0.003098 0.826923 0.562307
vn 0.312858 0.785415 0.534082
vn 0.490135 0.720787 0.490135
vn -0.490135 -0.720787 -0.490135
vn -0.603891 -0.520222 -0.603891
vn -0.707095 -0.005824 -0.707095
vn -0.707106 0.001214 -0.707106
vn -0.656445 0.371698 -0.656445
vn -0.503175 0.702588 -0.503175
vn -0.312858 -0.785415 -0.534082
vn -0.340132 -0.500194 -0.796314
vn -0.443166 -0.004275 -0.896429
vn -0.327229 0.002873 -0.944941
vn -0.310822 0.457092 -0.833341
vn -0.258350 0.792186 -0.552899
vn -0.003098 -0.826923 -0.562307
vn -0.002579 -0.588061 -0.808813
vn -0.005764 -0.008620 -0.999946
vn -0.001520 0.002272 -0.999996
vn -0.001812 0.453782 -0.891111
vn -0.001499 0.797762 -0.602971
vn 0.000646 -0.826926 -0.562310
vn 0.001812 -0.453782 -0.891111
vn 0.001520 -0.002272 -0.999996
vn 0.005764 0.008620 -0.999946
vn 0.002579 0.588061 -0.808813
vn 0.001442 0.853027 -0.521865
vn 0.211606 -0.808201 -0.549577
vn 0.310822 -0.457092 -0.833341
vn 0.327229 -0.002873 -0.944941
vn 0.443166 0.004275 -0.896429
vn 0.340132 0.500194 -0.796314
vn 0.256051 0.805851 -0.533893
vn 0.470983 -0.729467 -0.496038
vn 0.626115 -0.441589 -0.642635
vn 0.668845 -0.002763 -0.743397
vn 0.743397 0.002763 -0.668845
vn 0.642635 0.441589 -0.626115
vn 0.496038 0.729467 -0.470983
vn -0.496038 -0.729467 0.470983
vn -0.642635 -0.441589 0.626115
vn -0.743397 -0.002763 0.668845
vn -0.668845 0.002763 0.743397
vn -0.626115 0.441589 0.642635
vn -0.470983 0.729467 0.496038
vn -0.256051 -0.805851 0.533893
vn -0.340132 -0.500194 0.796314
vn -0.443166 -0.004275 0.896429
vn -0.327229 0.002873 0.944941
vn -0.310822 0.457092 0.833341
vn -0.211606 0.808201 0.549577
vn -0.001442 -0.853027 0.521865
vn -0.002579 -0.588061 0.808813
vn -0.005764 -0.008620 0.999946
vn -0.001520 0.002272 0.999996
vn -0.001812 0.453782 0.891111
vn -0.000646 0.826926 0.562310
vn 0.001499 -0.797762 0.602971
vn 0.001812 -0.453782 0.891111
vn 0.001520 -0.002272 0.999996
vn 0.005764 0.008620 0.999946
vn 0.002579 0.588061 0.808813
vn 0.003098 0.826923 0.562307
vn 0.258350 -0.792186 0.552899
vn 0.310822 -0.457092 0.833341
vn 0.327229 -0.002873 0.944941
vn 0.443166 0.004275 0.896429
vn 0.340132 0.500194 0.796314
vn 0.312858 0.785415 0.534082
vn 0.503175 -0.702588 0.503175
vn 0.656445 -0.371698 0.656445
vn 0.707106 -0.001214 0.707106
vn 0.707095 0.005824 0.707095
vn 0.603891 0.520222 0.603891
vn 0.490135 0.720787 0.490135
vn -0.490135 -0.720787 -0.490135
vn -0.534082 -0.785415 -0.312858
vn -0.559294 -0.822491 -0.103437
vn -0.561772 -0.826136 0.043722
vn -0.549577 -0.808201 0.211606
vn -0.496038 -0.729467 0.470983
vn -0.603891 -0.520222 -0.603891
vn -0.796314 -0.500194 -0.340132
vn -0.854153 -0.507094 -0.115231
vn -0.857265 -0.506707 0.091347
vn -0.833341 -0.457092 0.310822
vn -0.642635 -0.441589 0.626115
vn -0.707095 -0.005824 -0.707095
vn -0.896429 -0.004275 -0.443166
vn -0.986115 -0.004057 -0.166014
vn -0.995748 -0.004339 0.092012
vn -0.944941 -0.002873 0.327229
vn -0.743397 -0.002763 0.668845
vn -0.707106 0.001214 -0.707106
vn -0.944941 0.002873 -0.327229
vn -0.995748 0.004339 -0.092012
vn -0.986115 0.004057 0.166014
vn -0.896429 0.004275 0.443166
vn -0.668845 0.002763 0.743397
vn -0.656445 0.371698 -0.656445
vn -0.833341 0.457092 -0.310822
vn -0.857265 0.506707 -0.091347
vn -0.854153 0.507094 0.115231
vn -0.796314 0.500194 0.340132
vn -0.626115 0.441589 0.642635
vn -0.503175 0.702588 -0.503175
vn -0.552899 0.792186 -0.258350
vn -0.552668 0.830131 -0.073762
vn -0.568873 0.819059 0.074335
vn -0.533893 0.805851 0.256051
vn -0.470983 0.729467 0.496038
vn 0.470983 -0.729467 -0.496038
vn 0.533893 -0.805851 -0.256051
vn 0.568873 -0.819059 -0.074335
vn 0.552668 -0.830131 0.073762
vn 0.552899 -0.792186 0.258350
vn 0.503175 -0.702588 0.503175
vn 0.626115 -0.441589 -0.642635
vn 0.796314 -0.500194 -0.340132
vn 0.854153 -0.507094 -0.115231
vn 0.857265 -0.506707 0.091347
vn 0.833341 -0.457092 0.310822
vn 0.656445 -0.371698 0.656445
vn 0.668845 -0.002763 -0.743397
vn 0.896429 -0.004275 -0.443166
vn 0.986115 -0.004057 -0.166014
vn 0.995748 -0.004339 0.092012
vn 0.944941 -0.002873 0.327229
vn 0.707106 -0.001214 0.707106
vn 0.743397 0.002763 -0.668845
vn 0.944941 0.002873 -0.327229
vn 0.995748 0.004339 -0.092012
vn 0.986115 0.004057 0.166014
vn 0.896429 0.004275 0.443166
vn 0.707095 0.005824 0.707095
vn 0.642635 0.441589 -0.626115
vn 0.833341 0.457092 -0.310822
vn 0.857265 0.506707 -0.091347
vn 0.854153 0.507094 0.115231
vn 0.796314 0.500194 0.340132
vn 0.603891 0.520222 0.603891
vn 0.496038 0.729467 -0.470983
vn 0.549577 0.808201 -0.211606
vn 0.561772 0.826136 -0.043722
vn 0.559294 0.822491 0.103437
vn 0.534082 0.785415 0.312858
vn 0.490135 0.720787 0.490135
vn -0.490135 -0.720787 -0.490135
vn -0.312858 -0.785415 -0.534082
vn -0.003098 -0.826923 -0.562307
vn 0.000646 -0.826926 -0.562310
vn 0.211606 -0.808201 -0.549577
vn 0.470983 -0.729467 -0.496038
vn -0.534082 -0.785415 -0.312858
vn -0.268668 -0.925005 -0.268668
vn -0.002055 -0.947864 -0.318668
vn 0.001346 -0.973378 -0.229200
vn 0.238736 -0.941281 -0.238736
vn 0.533893 -0.805851 -0.256051
vn -0.559294 -0.822491 -0.103437
vn -0.263694 -0.960573 -0.088120
vn -0.001859 -0.993508 -0.113746
vn 0.001978 -0.998030 -0.062702
vn 0.263001 -0.962273 -0.069724
vn 0.568873 -0.819059 -0.074335
vn -0.561772 -0.826136 0.043722
vn -0.263001 -0.962273 0.069724
vn -0.001978 -0.998030 0.062702
vn 0.001859 -0.993508 0.113746
vn 0.263694 -0.960573 0.088120
vn 0.552668 -0.830131 0.073762
vn -0.549577 -0.808201 0.211606
vn -0.238736 -0.941281 0.238736
vn -0.001346 -0.973378 0.229200
vn 0.002055 -0.947864 0.318668
vn 0.268668 -0.925005 0.268668
vn 0.552899 -0.792186 0.258350
vn -0.496038 -0.729467 0.470983
vn -0.256051 -0.805851 0.533893
vn -0.001442 -0.853027 0.521865
vn 0.001499 -0.797762 0.602971
vn 0.258350 -0.792186 0.552899
vn 0.503175 -0.702588 0.503175
vn -0.503175 0.702588 -0.503175
vn -0.258350 0.792186 -0.552899
vn -0.001499 0.797762 -0.602971
vn 0.001442 0.853027 -0.521865
vn 0.256051 0.805851 -0.533893
vn 0.496038 0.729467 -0.470983
vn -0.552899 0.792186 -0.258350
vn -0.268668 0.925005 -0.268668
vn -0.002055 0.947864 -0.318668
vn 0.001346 0.973378 -0.229200
vn 0.238736 0.941281 -0.238736
vn 0.549577 0.808201 -0.211606
vn -0.552668 0.830131 -0.073762
vn -0.263694 0.960573 -0.088120
vn -0.001859 0.993508 -0.113746
vn 0.001978 0.998030 -0.062702
vn 0.263001 0.962273 -0.069724
vn 0.561772 0.826136 -0.043722
vn -0.568873 0.819059 0.074335
vn -0.263001 0.962273 0.069724
vn -0.001978 0.998030 0.062702
vn 0.001859 0.993508 0.113746
vn 0.263694 0.960573 0.088120
vn 0.559294 0.822491 0.103437
vn -0.533893 0.805851 0.256051
vn -0.238736 0.941281 0.238736
vn -0.001346 0.973378 0.229200
vn 0.002055 0.947864 0.318668
vn 0.268668 0.925005 0.268668
vn 0.534082 0.785415 0.312858
vn -0.470983 0.729467 0.496038
vn -0.211606 0.808201 0.549577
vn -0.000646 0.826926 0.562310
vn 0.003098 0.826923 0.562307
vn 0.312858 0.785415 0.534082
vn 0.490135 0.720787 0.490135
vn -0.490135 -0.720787 -0.490135
vn -0.603891 -0.520222 -0.603891
vn -0.707095 -0.005824 -0.707095
vn -0.707106 0.001214 -0.707106
vn -0.656445 0.371698 -0.656445
vn -0.503175 0.702588 -0.503175
vn -0.312858 -0.785415 -0.534082
vn -0.340132 -0.500194 -0.796314
vn -0.443166 -0.004275 -0.896429
vn -0.327229 0.002873 -0.944941
vn -0.310822 0.457092 -0.833341
vn -0.258350 0.792186 -0.552899
vn -0.003098 -0.826923 -0.562307
vn -0.002579 -0.588061 -0.808813
vn -0.005764 -0.008620 -0.999946
vn -0.001520 0.002272 -0.999996
vn -0.001812 0.453782 -0.891111
vn -0.001499 0.797762 -0.602971
vn 0.000646 -0.826926 -0.562310
vn 0.001812 -0.453782 -0.891111
vn 0.001520 -0.002272 -0.999996
vn 0.005764 0.008620 -0.999946
vn 0.002579 0.588061 -0.808813
vn 0.001442 0.853027 -0.521865
vn 0.211606 -0.808201 -0.549577
vn 0.310822 -0.457092 -0.833341
vn 0.327229 -0.002873 -0.944941
vn 0.443166 0.004275 -0.896429
vn 0.340132 0.500194 -0.796314
vn 0.256051 0.805851 -0.533893
vn 0.470983 -0.729467 -0.496038
vn 0.626115 -0.441589 -0.642635
vn 0.668845 -0.002763 -0.743397
vn 0.743397 0.002763 -0.668845
vn 0.642635 0.441589 -0.626115
vn 0.496038 0.729467 -0.470983
vn -0.496038 -0.729467 0.470983
vn -0.642635 -0.441589 0.626115
vn -0.743397 -0.002763 0.668845
vn -0.668845 0.002763 0.743397
vn -0.626115 0.441589 0.642635
vn -0.470983 0.729467 0.496038
vn -0.256051 -0.805851 0.533893
vn -0.340132 -0.500194 0.796314
vn -0.443166 -0.004275 0.896429
vn -0.327229 0.002873 0.944941
vn -0.310822 0.457092 0.833341
vn -0.211606 0.808201 0.549577
vn -0.001442 -0.853027 0.521865
vn -0.002579 -0.588061 0.808813
vn -0.005764 -0.008620 0.999946
vn -0.001520 0.002272 0.999996
vn -0.001812 0.453782 0.891111
vn -0.000646 0.826926 0.562310
vn 0.001499 -0.797762 0.602971
vn 0.001812 -0.453782 0.891111
vn 0.001520 -0.002272 0.999996
vn 0.005764 0.008620 0.999946
vn 0.002579 0.588061 0.808813
vn 0.003098 0.826923 0.562307
vn 0.258350 -0.792186 0.552899
vn 0.310822 -0.457092 0.833341
vn 0.327229 -0.002873 0.944941
vn 0.443166 0.004275 0.896429
vn 0.340132 0.500194 0.796314
vn 0.312858 0.785415 0.534082
vn 0.503175 -0.702588 0.503175
vn 0.656445 -0.371698 0.656445
vn 0.707106 -0.001214 0.707106
vn 0.707095 0.005824 0.707095
vn 0.603891 0.520222 0.603891
vn 0.490135 0.720787 0.490135
f 218//218 223//223 217//217
f 224//224 223//223 218//218
f 219//219 224//224 218//218
f 225//225 224//224 219//219
f 220//220 225//225 219//219
f 226//226 225//225 220//220
f 221//221 226//226 220//220
f 227//227 226//226 221//221
f 222//222 227//227 221//221
f 228//228 227//227 222//222
f 224//224 229//229 223//223
f 230//230 229//229 224//224
f 225//225 230//230 224//224
f 231//231 230//230 225//225
f 226//226 231//231 225//225
f 232//232 231//231 226//226
f 227//227 232//232 226//226
f 233//233 232//232 227//227
f 228//228 233//233 227//227
f 234//234 233//233 228//228
f 230//230 235//235 229//229
f 236//236 235//235 230//230
f 231//231 236//236 230//230
f 237//237 236//236 231//231
f 232//232 237//237 231//231
f 238//238 237//237 232//232
f 233//233 238//238 232//232
f 239//239 238//238 233//233
f 234//234 239//239 233//233
f 240//240 239//239 234//234
f 236//236 241//241 235//235
f 242//242 241//241 236//236
f 237//237 242//242 236//236
f 243//243 242//242 237//237
f 238//238 243//243 237//237
f 244//244 243//243 238//238
f 239//239 244//244 238//238
f 245//245 244//244 239//239
f 240//240 245//245 239//239
f 246//246 245//245 240//240
f 242//242 247//247 241//241
f 248//248 247//247 242//242
f 243//243 248//248 242//242
f 249//249 248//248 243//243
f 244//244 249//249 243//243
f 250//250 249//249 244//244
f 245//245 250//250 244//244
f 251//251 250//250 245//245
f 246//246 251//251 245//245
f 252//252 251//251 246//246
f 253//253 259//259 254//254
f 254//254 259//259 260//260
f 254//254 260//260 255//255
f 255//255 260//260 261//261
f 255//255 261//261 256//256
f 256//256 261//261 262//262
f 256//256 262//262 257//257
f 257//257 262//262 263//263
f 257//257 263//263 258//258
f 258//258 263//263 264//264
f 259//259 265//265 260//260
f 260//260 265//265 266//266
f 260//260 266//266 261//261
f 261//261 266//266 267//267
f 261//261 267//267 262//262
f 262//262 267//267 268//268
f 262//262 268//268 263//263
f 263//263 268//268 269//269
f 263//263 269//269 264//264
f 264//264 269//269 270//270
f 265//265 271//271 266//266
f 266//266 271//271 272//272
f 266//266 272//272 267//267
f 267//267 272//272 273//273
f 267//267 273//273 268//268
f 268//268 273//273 274//274
f 268//268 274//274 269//269
f 269//269 274//274 275//275
f 269//269 275//275 270//270
f 270//270 275//275 276//276
f 271//271 277//277 272//272
f 272//272 277//277 278//278
f 272//272 278//278 273//273
f 273//273 278//278 279//279
f 273//273 279//279 274//274
f 274//274 279//279 280//280
f 274//274 280//280 275//275
f 275//275 280//280 281//281
f 275//275 281//281 276//276
f 276//276 281//281 282//282
f 277//277 283//283 278//278
f 278//278 283//283 284//284
f 278//278 284//284 279//279
f 279//279 284//284 285//285
f 279//279 285//285 280//280
f 280//280 285//285 286//286
f 280//280 286//286 281//281
f 281//281 286//286 287//287
f 281//281 287//287 282//282
f 282//282 287//287 288//288
f 290//290 295//295 289//289
f 296//296 295//295 290//290
f 291//291 296//296 290//290
f 297//297 296//296 291//291
f 292//292 297//297 291//291
f 298//298 297//297 292//292
f 293//293 298//298 292//292
f 299//299 298//298 293//293
f 294//294 299//299 293//293
f 300//300 299//299 294//294
f 296//296 301//301 295//295
f 302//302 301//301 296//296
f 297//297 302//302 296//296
f 303//303 302//302 297//297
f 298//298 303//303 297//297
f 304//304 303//303 298//298
f 299//299 304//304 298//298
f 305//305 304//304 299//299
f 300//300 305//305 299//299
f 306//306 305//305 300//300
f 302//302 307//307 301//301
f 308//308 307//307 302//302
f 303//303 308//308 302//302
f 309//309 308//308 303//303
f 304//304 309//309 303//303
f 310//310 309//309 304//304
f 305//305 310//310 304//304
f 311//311 310//310 305//305
f 306//306 311//311 305//305
f 312//312 311//311 306//306
f 308//308 313//313 307//307
f 314//314 313//313 308//308
f 309//309 314//314 308//308
f 315//315 314//314 309//309
f 310//310 315//315 309//309
f 316//316 315//315 310//310
f 311//311 316//316 310//310
f 317//317 316//316 311//311
f 312//312 317//317 311//311
f 318//318 317//317 312//312
f 314//314 319//319 313//313
f 320//320 319//319 314//314
f 315//315 320//320 314//314
f 321//321 320//320 315//315
f 316//316 321//321 315//315
f 322//322 321//321 316//316
f 317//317 322//322 316//316
f 323//323 322//322 317//317
f 318//318 323//323 317//317
f 324//324 323//323 318//318
f 325//325 331//331 326//326
f 326//326 331//331 332//332
f 326//326 332//332 327//327
f 327//327 332//332 333//333
f 327//327 333//333 328//328
f 328//328 333//333 334//334
f 328//328 334//334 329//329
f 329//329 334//334 335//335
f 329//329 335//335 330//330
f 330//330 335//335 336//336
f 331//331 337//337 332//332
f 332//332 337//337 338//338
f 332//332 338//338 333//333
f 333//333 338//338 339//339
f 333//333 339//339 334//334
f 334//334 339//339 340//340
f 334//334 340//340 335//335
f 335//335 340//340 341//341
f 335//335 341//341 336//336
f 336//336 341//341 342//342
f 337//337 343//343 338//338
f 338//338 343//343 344//344
f 338//338 344//344 339//339
f 339//339 344//344 345//345
f 339//339 345//345 340//340
f 340//340 345//345 346//346
f 340//340 346//346 341//341
f 341//341 346//346 347//347
f 341//341 347//347 342//342
f 342//342 347//347 348//348
f 343//343 349//349 344//344
f 344//344 349//349 350//350
f 344//344 350//350 345//345
f 345//345 350//350 351//351
f 345//345 351//351 346//346
f 346//346 351//351 352//352
f 346//346 352//352 347//347
f 347//347 352//352 353//353
f 347//347 353//353 348//348
f 348//348 353//353 354//354
f 349//349 355//355 350//350
f 350//350 355//355 356//356
f 350//350 356//356 351//351
f 351//351 356//356 357//357
f 351//351 357//357 352//352
f 352//352 357//357 358//358
f 352//352 358//358 353//353
f 353//353 358//358 359//359
f 353//353 359//359 354//354
f 354//354 359//359 360//360
f 362//362 367//367 361//361
f 368//368 367//367 362//362
f 363//363 368//368 362//362
f 369//369 368//368 363//363
f 364//364 369//369 363//363
f 370//370 369//369 364//364
f 365//365 370//370 364//364
f 371//371 370//370 365//365
f 366//366 371//371 365//365
f 372//372 371//371 366//366
f 368//368 373//373 367//367
f 374//374 373//373 368//368
f 369//369 374//374 368//368
f 375//375 374//374 369//369
f 370//370 375//375 369//369
f 376//376 375//375 370//370
f 371//371 376//376 370//370
f 377//377 376//376 371//371
f 372//372 377//377 371//371
f 378//378 377//377 372//372
f 374//374 379//379 373//373
f 380//380 379//379 374//374
f 375//375 380//380 374//374
f 381//381 380//380 375//375
f 376//376 381//381 375//375
f 382//382 381//381 376//376
f 377//377 382//382 376//376
f 383//383 382//382 377//377
f 378//378 383//383 377//377
f 384//384 383//383 378//378
f 380//380 385//385 379//379
f 386//386 385//385 380//380
f 381//381 386//386 380//380
f 387//387 386//386 381//381
f 382//382 387//387 381//381
f 388//388 387//387 382//382
f 383//383 388//388 382//382
f 389//389 388//388 383//383
f 384//384 389//389 383//383
f 390//390 389//389 384//384
f 386//386 391//391 385//385
f 392//392 391//391 386//386
f 387//387 392//392 386//386
f 393//393 392//392 387//387
f 388//388 393//393 387//387
f 394//394 393//393 388//388
f 389//389 394//394 388//388
f 395//395 394//394 389//389
f 390//390 395//395 389//389
f 396//396 395//395 390//390
f 397//397 403//403 398//398
f 398//398 403//403 404//404
f 398//398 404//404 399//399
f 399//399 404//404 405//405
f 399//399 405//405 400//400
f 400//400 405//405 406//406
f 400//400 406//406 401//401
f 401//401 406//406 407//407
f 401//401 407//407 402//402
f 402//402 407//407 408//408
f 403//403 409//409 404//404
f 404//404 409//409 410//410
f 404//404 410//410 405//405
f 405//405 410//410 411//411
f 405//405 411//411 406//406
f 406//406 411//411 412//412
f 406//406 412//412 407//407
f 407//407 412//412 413//413
f 407//407 413//413 408//408
f 408//408 413//413 414//414
f 409//409 415//415 410//410
f 410//410 415//415 416//416
f 410//410 416//416 411//411
f 411//411 416//416 417//417
f 411//411 417//417 412//412
f 412//412 417//417 418//418
f 412//412 418//418 413//413
f 413//413 418//418 419//419
f 413//413 419//419 414//414
f 414//414 419//419 420//420
f 415//415 421//421 416//416
f 416//416 421//421 422//422
f 416//416 422//422 417//417
f 417//417 422//422 423//423
f 417//417 423//423 418//418
f 418//418 423//423 424//424
f 418//418 424//424 419//419
f 419//419 424//424 425//425
f 419//419 425//425 420//420
f 420//420 425//425 426//426
f 421//421 427//427 422//422
f 422//422 427//427 428//428
f 422//422 428//428 423//423
f 423//423 428//428 429//429
f 423//423 429//429 424//424
f 424//424 429//429 430//430
f 424//424 430//430 425//425
f 425//425 430//430 431//431
f 425//425 431//431 426//426
f 426//426 431//431 432//432
f 434//434 439//439 433//433
f 440//440 439//439 434//434
f 435//435 440//440 434//434
f 441//441 440//440 435//435
f 436//436 441//441 435//435
f 442//442 441//441 436//436
f 437//437 442//442 436//436
f 443//443 442//442 437//437
f 438//438 443//443 437//437
f 444//444 443//443 438//438
f 440//440 445//445 439//439
f 446//446 445//445 440//440
f 441//441 446//446 440//440
f 447//447 446//446 441//441
f 442//442 447//447 441//441
f 448//448 447//447 442//442
f 443//443 448//448 442//442
f 449//449 448//448 443//443
f 444//444 449//449 443//443
f 450//450 449//449 444//444
f 446//446 451//451 445//445
f 452//452 451//451 446//446
f 447//447 452//452 446//446
f 453//453 452//452 447//447
f 448//448 453//453 447//447
f 454//454 453//453 448//448
f 449//449 454//454 448//448
f 455//455 454//454 449//449
f 450//450 455//455 449//449
f 456//456 455//455 450//450
f 452//452 457//457 451//451
f 458//458 457//457 452//452
f 453//453 458//458 452//452
f 459//459 458//458 453//453
f 454//454 459//459 453//453
f 460//460 459//459 454//454
f 455//455 460//460 454//454
f 461//461 460//460 455//455
f 456//456 461//461 455//455
f 462//462 461//461 456//456
f 458//458 463//463 457//457
f 464//464 463//463 458//458
f 459//459 464//464 458//458
f 465//465 464//464 459//459
f 460//460 465//465 459//459
f 466//466 465//465 460//460
f 461//461 466//466 460//460
f 467//467 466//466 461//461
f 462//462 467//467 461//461
f 468//468 467//467 462//462
f 469//469 475//475 470//470
f 470//470 475//475 476//476
f 470//470 476//476 471//471
f 471//471 476//476 477//477
f 471//471 477//477 472//472
f 472//472 477//477 478//478
f 472//472 478//478 473//473
f 473//473 478//478 479//479
f 473//473 479//479 474//474
f 474//474 479//479 480//480
f 475//475 481//481 476//476
f 476//476 481//481 482//482
f 476//476 482//482 477//477
f 477//477 482//482 483//483
f 477//477 483//483 478//478
f 478//478 483//483 484//484
f 478//478 484//484 479//479
f 479//479 484//484 485//485
f 479//479 485//485 480//480
f 480//480 485//485 486//486
f 481//481 487//487 482//482
f 482//482 487//487 488//488
f 482//482 488//488 483//483
f 483//483 488//488 489//489
f 483//483 489//489 484//484
f 484//484 489//489 490//490
f 484//484 490//490 485//485
f 485//485 490//490 491//491
f 485//485 491//491 486//486
f 486//486 491//491 492//492
f 487//487 493//493 488//488
f 488//488 493//493 494//494
f 488//488 494//494 489//489
f 489//489 494//494 495//495
f 489//489 495//495 490//490
f 490//490 495//495 496//496
f 490//490 496//496 491//491
f 491//491 496//496 497//497
f 491//491 497//497 492//492
f 492//492 497//497 498//498
f 493//493 499//499 494//494
f 494//494 499//499 500//500
f 494//494 500//500 495//495
f 495//495 500//500 501//501
f 495//495 501//501 496//496
f 496//496 501//501 502//502
f 496//496 502//502 497//497
f 497//497 502//502 503//503
f 497//497 503//503 498//498
f 498//498 503//503 504//504
f 506//506 511//511 505//505
f 512//512 511//511 506//506
f 507//507 512//512 506//506
f 513//513 512//512 507//507
f 508//508 513//513 507//507
f 514//514 513//513 508//508
f 509//509 514//514 508//508
f 515//515 514//514 509//509
f 510//510 515//515 509//509
f 516//516 515//515 510//510
f 512//512 517//517 511//511
f 518//518 517//517 512//512
f 513//513 518//518 512//512
f 519//519 518//518 513//513
f 514//514 519//519 513//513
f 520//520 519//519 514//514
f 515//515 520//520 514//514
f 521//521 520//520 515//515
f 516//516 521//521 515//515
f 522//522 521//521 516//516
f 518//518 523//523 517//517
f 524//524 523//523 518//518
f 519//519 524//524 518//518
f 525//525 524//524 519//519
f 520//520 525//525 519//519
f 526//526 525//525 520//520
f 521//521 526//526 520//520
f 527//527 526//526 521//521
f 522//522 527//527 521//521
f 528//528 527//527 522//522
f 524//524 529//529 523//523
f 530//530 529//529 524//524
f 525//525 530//530 524//524
f 531//531 530//530 525//525
f 526//526 531//531 525//525
f 532//532 531//531 526//526
f 527//527 532//532 526//526
f 533//533 532//532 527//527
f 528//528 533//533 527//527
f 534//534 533//533 528//528
f 530//530 535//535 529//529
f 536//536 535//535 530//530
f 531//531 536//536 530//530
f 537//537 536//536 531//531
f 532//532 537//537 531//531
f 538//538 537//537 532//532
f 533//533 538//538 532//532
f 539//539 538//538 533//533
f 534//534 539//539 533//533
f 540//540 539//539 534//534
f 541//541 547//547 542//542
f 542//542 547//547 548//548
f 542//542 548//548 543//543
f 543//543 548//548 549//549
f 543//543 549//549 544//544
f 544//544 549//549 550//550
f 544//544 550//550 545//545
f 545//545 550//550 551//551
f 545//545 551//551 546//546
f 546//546 551//551 552//552
f 547//547 553//553 548//548
f 548//548 553//553 554//554
f 548//548 554//554 549//549
f 549//549 554//554 555//555
f 549//549 555//555 550//550
f 550//550 555//555 556//556
f 550//550 556//556 551//551
f 551//551 556//556 557//557
f 551//551 557//557 552//552
f 552//552 557//557 558//558
f 553//553 559//559 554//554
f 554//554 559//559 560//560
f 554//554 560//560 555//555
f 555//555 560//560 561//561
f 555//555 561//561 556//556
f 556//556 561//561 562//562
f 556//556 562//562 557//557
f 557//557 562//562 563//563
f 557//557 563//563 558//558
f 558//558 563//563 564//564
f 559//559 565//565 560//560
f 560//560 565//565 566//566
f 560//560 566//566 561//561
f 561//561 566//566 567//567
f 561//561 567//567 562//562
f 562//562 567//567 568//568
f 562//562 568//568 563//563
f 563//563 568//568 569//569
f 563//563 569//569 564//564
f 564//564 569//569 570//570
f 565//565 571//571 566//566
f 566//566 571//571 572//572
f 566//566 572//572 567//567
f 567//567 572//572 573//573
f 567//567 573//573 568//568
f 568//568 573//573 574//574
f 568//568 574//574 569//569
f 569//569 574//574 575//575
f 569//569 575//575 570//570
f 570//570 575//575 576//576
f 578//578 583//583 577//577
f 584//584 583//583 578//578
f 579//579 584//584 578//578
f 585//585 584//584 579//579
f 580//580 585//585 579//579
f 586//586 585//585 580//580
f 581//581 586//586 580//580
f 587//587 586//586 581//581
f 582//582 587//587 581//581
f 588//588 587//587 582//582
f 584//584 589//589 583//583
f 590//590 589//589 584//584
f 585//585 590//590 584//584
f 591//591 590//590 585//585
f 586//586 591//591 585//585
f 592//592 591//591 586//586
f 587//587 592//592 586//586
f 593//593 592//592 587//587
f 588//588 593//593 587//587
f 594//594 593//593 588//588
f 590//590 595//595 589//589
f 596//596 595//595 590//590
f 591//591 596//596 590//590
f 597//597 596//596 591//591
f 592//592 597//597 591//591
f 598//598 597//597 592//592
f 593//593 598//598 592//592
f 599//599 598//598 593//593
f 594//594 599//599 593//593
f 600//600 599//599 594//594
f 596//596 601//601 595//595
f 602//602 601//601 596//596
f 597//597 602//602 596//596
f 603//603 602//602 597//597
f 598//598 603//603 597//597
f 604//604 603//603 598//598
f 599//599 604//604 598//598
f 605//605 604//604 599//599
f 600//600 605//605 599//599
f 606//606 605//605 600//600
f 602//602 607//607 601//601
f 608//608 607//607 602//602
f 603//603 608//608 602//602
f 609//609 608//608 603//603
f 604//604 609//609 603//603
f 610//610 609//609 604//604
f 605//605 610//610 604//604
f 611//611 610//610 605//605
f 606//606 611//611 605//605
f 612//612 611//611 606//606
f 613//613 619//619 614//614
f 614//614 619//619 620//620
f 614//614 620//620 615//615
f 615//615 620//620 621//621
f 615//615 621//621 616//616
f 616//616 621//621 622//622
f 616//616 622//622 617//617
f 617//617 622//622 623//623
f 617//617 623//623 618//618
f 618//618 623//623 624//624
f 619//619 625//625 620//620
f 620//620 625//625 626//626
f 620//620 626//626 621//621
f 621//621 626//626 627//627
f 621//621 627//627 622//622
f 622//622 627//627 628//628
f 622//622 628//628 623//623
f 623//623 628//628 629//629
f 623//623 629//629 624//624
f 624//624 629//629 630//630
f 625//625 631//631 626//626
f 626//626 631//631 632//632
f 626//626 632//632 627//627
f 627//627 632//632 633//633
f 627//627 633//633 628//628
f 628//628 633//633 634//634
f 628//628 634//634 629//629
f 629//629 634//634 635//635
f 629//629 635//635 630//630
f 630//630 635//635 636//636
f 631//631 637//637 632//632
f 632//632 637//637 638//638
f 632//632 638//638 633//633
f 633//633 638//638 639//639
f 633//633 639//639 634//634
f 634//634 639//639 640//640
f 634//634 640//640 635//635
f 635//635 640//640 641//641
f 635//635 641//641 636//636
f 636//636 641//641 642//642
f 637//637 643//643 638//638
f 638//638 643//643 644//644
f 638//638 644//644 639//639
f 639//639 644//644 645//645
f 639//639 645//645 640//640
f 640//640 645//645 646//646
f 640//640 646//646 641//641
f 641//641 646//646 647//647
f 641//641 647//647 642//642
f 642//642 647//647 648//648
f 650//650 655//655 649//649
f 656//656 655//655 650//650
f 651//651 656//656 650//650
f 657//657 656//656 651//651
f 652//652 657//657 651//651
f 658//658 657//657 652//652
f 653//653 658//658 652//652
f 659//659 658//658 653//653
f 654//654 659//659 653//653
f 660//660 659//659 654//654
f 656//656 661//661 655//655
f 662//662 661//661 656//656
f 657//657 662//662 656//656
f 663//663 662//662 657//657
f 658//658 663//663 657//657
f 664//664 663//663 658//658
f 659//659 664//664 658//658
f 665//665 664//664 659//659
f 660//660 665//665 659//659
f 666//666 665//665 660//660
f 662//662 667//667 661//661
f 668//668 667//667 662//662
f 663//663 668//668 662//662
f 669//669 668//668 663//663
f 664//664 669//669 663//663
f 670//670 669//669 664//664
f 665//665 670//670 664//664
f 671//671 670//670 665//665
f 666//666 671//671 665//665
f 672//672 671//671 666//666
f 668//668 673//673 667//667
f 674//674 673//673 668//668
f 669//669 674//674 668//668
f 675//675 674//674 669//669
f 670//670 675//675 669//669
f 676//676 675//675 670//670
f 671//671 676//676 670//670
f 677//677 676//676 671//671
f 672//672 677//677 671//671
f 678//678 677//677 672//672
f 674//674 679//679 673//673
f 680//680 679//679 674//674
f 675//675 680//680 674//674
f 681//681 680//680 675//675
f 676//676 681//681 675//675
f 682//682 681//681 676//676
f 677//677 682//682 676//676
f 683//683 682//682 677//677
f 678//678 683//683 677//677
f 684//684 683//683 678//678
f 685//685 691//691 686//686
f 686//686 691//691 692//692
f 686//686 692//692 687//687
f 687//687 692//692 693//693
f 687//687 693//693 688//688
f 688//688 693//693 694//694
f 688//688 694//694 689//689
f 689//689 694//694 695//695
f 689//689 695//695 690//690
f 690//690 695//695 696//696
f 691//691 697//697 692//692
f 692//692 697//697 698//698
f 692//692 698//698 693//693
f 693//693 698//698 699//699
f 693//693 699//699 694//694
f 694//694 699//699 700//700
f 694//694 700//700 695//695
f 695//695 700//700 701//701
f 695//695 701//701 696//696
f 696//696 701//701 702//702
f 697//697 703//703 698//698
f 698//698 703//703 704//704
f 698//698 704//704 699//699
f 699//699 704//704 705//705
f 699//699 705//705 700//700
f 700//700 705//705 706//706
f 700//700 706//706 701//701
f 701//701 706//706 707//707
f 701//701 707//707 702//702
f 702//702 707//707 708//708
f 703//703 709//709 704//704
f 704//704 709//709 710//710
f 704//704 710//710 705//705
f 705//705 710//710 711//711
f 705//705 711//711 706//706
f 706//706 711//711 712//712
f 706//706 712//712 707//707
f 707//707 712//712 713//713
f 707//707 713//713 708//708
f 708//708 713//713 714//714
f 709//709 715//715 710//710
f 710//710 715//715 716//716
f 710//710 716//716 711//711
f 711//711 716//716 717//717
f 711//711 717//717 712//712
f 712//712 717//717 718//718
f 712//712 718//718 713//713
f 713//713 718//718 719//719
f 713//713 719//719 714//714
f 714//714 719//719 720//720
f 722//722 727//727 721//721
f 728//728 727//727 722//722
f 723//723 728//728 722//722
f 729//729 728//728 723//723
f 724//724 729//729 723//723
f 730//730 729//729 724//724
f 725//725 730//730 724//724
f 731//731 730//730 725//725
f 726//726 731//731 725//725
f 732//732 731//731 726//726
f 728//728 733//733 727//727
f 734//734 733//733 728//728
f 729//729 734//734 728//728
f 735//735 734//734 729//729
f 730//730 735//735 729//729
f 736//736 735//735 730//730
f 731//731 736//736 730//730
f 737//737 736//736 731//731
f 732//732 737//737 731//731
f 738//738 737//737 732//732
f 734//734 739//739 733//733
f 740//740 739//739 734//734
f 735//735 740//740 734//734
f 741//741 740//740 735//735
f 736//736 741//741 735//735
f 742//742 741//741 736//736
f 737//737 742//742 736//736
f 743//743 742//742 737//737
f 738//738 743//743 737//737
f 744//744 743//743 738//738
f 740//740 745//745 739//739
f 746//746 745//745 740//740
f 741//741 746//746 740//740
f 747//747 746//746 741//741
f 742//742 747//747 741//741
f 748//748 747//747 742//742
f 743//743 748//748 742//742
f 749//749 748//748 743//743
f 744//744 749//749 743//743
f 750//750 749//749 744//744
f 746//746 751//751 745//745
f 752//752 751//751 746//746
f 747//747 752//752 746//746
f 753//753 752//752 747//747
f 748//748 753//753 747//747
f 754//754 753//753 748//748
f 749//749 754//754 748//748
f 755//755 754//754 749//749
f 750//750 755//755 749//749
f 756//756 755//755 750//750
f 757//757 763//763 758//758
f 758//758 763//763 764//764
f 758//758 764//764 759//759
f 759//759 764//764 765//765
f 759//759 765//765 760//760
f 760//760 765//765 766//766
f 760//760 766//766 761//761
f 761//761 766//766 767//767
f 761//761 767//767 762//762
f 762//762 767//767 768//768
f 763//763 769//769 764//764
f 764//764 769//769 770//770
f 764//764 770//770 765//765
f 765//765 770//770 771//771
f 765//765 771//771 766//766
f 766//766 771//771 772//772
f 766//766 772//772 767//767
f 767//767 772//772 773//773
f 767//767 773//773 768//768
f 768//768 773//773 774//774
f 769//769 775//775 770//770
f 770//770 775//775 776//776
f 770//770 776//776 771//771
f 771//771 776//776 777//777
f 771//771 777//777 772//772
f 772//772 777//777 778//778
f 772//772 778//778 773//773
f 773//773 778//778 779//779
f 773//773 779//779 774//774
f 774//774 779//779 780//780
f 775//775 781//781 776//776
f 776//776 781//781 782//782
f 776//776 782//782 777//777
f 777//777 782//782 783//783
f 777//777 783//783 778//778
f 778//778 783//783 784//784
f 778//778 784//784 779//779
f 779//779 784//784 785//785
f 779//779 785//785 780//780
f 780//780 785//785 786//786
f 781//781 787//787 782//782
f 782//782 787//787 788//788
f 782//782 788//788 783//783
f 783//783 788//788 789//789
f 783//783 789//789 784//784
f 784//784 789//789 790//790
f 784//784 790//790 785//785
f 785//785 790//790 791//791
f 785//785 791//791 786//786
f 786//786 791//791 792//792
f 794//794 799//799 793//793
f 800//800 799//799 794//794
f 795//795 800//800 794//794
f 801//801 800//800 795//795
f 796//796 801//801 795//795
f 802//802 801//801 796//796
f 797//797 802//802 796//796
f 803//803 802//802 797//797
f 798//798 803//803 797//797
f 804//804 803//803 798//798
f 800//800 805//805 799//799
f 806//806 805//805 800//800
f 801//801 806//806 800//800
f 807//807 806//806 801//801
f 802//802 807//807 801//801
f 808//808 807//807 802//802
f 803//803 808//808 802//802
f 809//809 808//808 803//803
f 804//804 809//809 803//803
f 810//810 809//809 804//804
f 806//806 811//811 805//805
f 812//812 811//811 806//806
f 807//807 812//812 806//806
f 813//813 812//812 807//807
f 808//808 813//813 807//807
f 814//814 813//813 808//808
f 809//809 814//814 808//808
f 815//815 814//814 809//809
f 810//810 815//815 809//809
f 816//816 815//815 810//810
f 812//812 817//817 811//811
f 818//818 817//817 812//812
f 813//813 818//818 812//812
f 819//819 818//818 813//813
f 814//814 819//819 813//813
f 820//820 819//819 814//814
f 815//815 820//820 814//814
f 821//821 820//820 815//815
f 816//816 821//821 815//815
f 822//822 821//821 816//816
f 818//818 823//823 817//817
f 824//824 823//823 818//818
f 819//819 824//824 818//818
f 825//825 824//824 819//819
f 820//820 825//825 819//819
f 826//826 825//825 820//820
f 821//821 826//826 820//820
f 827//827 826//826 821//821
f 822//822 827//827 821//821
f 828//828 827//827 822//822
f 829//829 835//835 830//830
f 830//830 835//835 836//836
f 830//830 836//836 831//831
f 831//831 836//836 837//837
f 831//831 837//837 832//832
f 832//832 837//837 838//838
f 832//832 838//838 833//833
f 833//833 838//838 839//839
f 833//833 839//839 834//834
f 834//834 839//839 840//840
f 835//835 841//841 836//836
f 836//836 841//841 842//842
f 836//836 842//842 837//837
f 837//837 842//842 843//843
f 837//837 843//843 838//838
f 838//838 843//843 844//844
f 838//838 844//844 839//839
f 839//839 844//844 845//845
f 839//839 845//845 840//840
f 840//840 845//845 846//846
f 841//841 847//847 842//842
f 842//842 847//847 848//848
f 842//842 848//848 843//843
f 843//843 848//848 849//849
f 843//843 849//849 844//844
f 844//844 849//849 850//850
f 844//844 850//850 845//845
f 845//845 850//850 851//851
f 845//845 851//851 846//846
f 846//846 851//851 852//852
f 847//847 853//853 848//848
f 848//848 853//853 854//854
f 848//848 854//854 849//849
f 849//849 854//854 855//855
f 849//849 855//855 850//850
f 850//850 855//855 856//856
f 850//850 856//856 851//851
f 851//851 856//856 857//857
f 851//851 857//857 852//852
f 852//852 857//857 858//858
f 853//853 859//859 854//854
f 854//854 859//859 860//860
f 854//854 860//860 855//855
f 855//855 860//860 861//861
f 855//855 861//861 856//856
f 856//856 861//861 862//862
f 856//856 862//862 857//857
f 857//857 862//862 863//863
f 857//857 863//863 858//858
f 858//858 863//863 864//864
o source-carrot_oakLight
usemtl oakLight
v -0.376528 0.356301 -0.376528
v -0.379375 0.354365 -0.368750
v -0.380664 0.353488 -0.358125
v -0.380664 0.353488 0.358125
v -0.379375 0.354365 0.368750
v -0.376528 0.356301 0.376528
v -0.379375 0.361590 -0.379375
v -0.384151 0.359966 -0.371138
v -0.386635 0.359122 -0.358125
v -0.386635 0.359122 0.358125
v -0.384151 0.359966 0.371138
v -0.379375 0.361590 0.379375
v -0.380664 0.368815 -0.380664
v -0.386635 0.368815 -0.372380
v -0.390000 0.368815 -0.358125
v -0.390000 0.368815 0.358125
v -0.386635 0.368815 0.372380
v -0.380664 0.368815 0.380664
v -0.380664 0.376465 -0.380664
v -0.386635 0.376465 -0.372380
v -0.390000 0.376465 -0.358125
v -0.390000 0.376465 0.358125
v -0.386635 0.376465 0.372380
v -0.380664 0.376465 0.380664
v -0.379375 0.383690 -0.379375
v -0.384151 0.385314 -0.371138
v -0.386635 0.386158 -0.358125
v -0.386635 0.386158 0.358125
v -0.384151 0.385314 0.371138
v -0.379375 0.383690 0.379375
v -0.376528 0.388979 -0.376528
v -0.379375 0.390915 -0.368750
v -0.380664 0.391792 -0.358125
v -0.380664 0.391792 0.358125
v -0.379375 0.390915 0.368750
v -0.376528 0.388979 0.376528
v 0.376528 0.356301 -0.376528
v 0.379375 0.354365 -0.368750
v 0.380664 0.353488 -0.358125
v 0.380664 0.353488 0.358125
v 0.379375 0.354365 0.368750
v 0.376528 0.356301 0.376528
v 0.379375 0.361590 -0.379375
v 0.384151 0.359966 -0.371138
v 0.386635 0.359122 -0.358125
v 0.386635 0.359122 0.358125
v 0.384151 0.359966 0.371138
v 0.379375 0.361590 0.379375
v 0.380664 0.368815 -0.380664
v 0.386635 0.368815 -0.372380
v 0.390000 0.368815 -0.358125
v 0.390000 0.368815 0.358125
v 0.386635 0.368815 0.372380
v 0.380664 0.368815 0.380664
v 0.380664 0.376465 -0.380664
v 0.386635 0.376465 -0.372380
v 0.390000 0.376465 -0.358125
v 0.390000 0.376465 0.358125
v 0.386635 0.376465 0.372380
v 0.380664 0.376465 0.380664
v 0.379375 0.383690 -0.379375
v 0.384151 0.385314 -0.371138
v 0.386635 0.386158 -0.358125
v 0.386635 0.386158 0.358125
v 0.384151 0.385314 0.371138
v 0.379375 0.383690 0.379375
v 0.376528 0.388979 -0.376528
v 0.379375 0.390915 -0.368750
v 0.380664 0.391792 -0.358125
v 0.380664 0.391792 0.358125
v 0.379375 0.390915 0.368750
v 0.376528 0.388979 0.376528
v -0.376528 0.356301 -0.376528
v -0.368750 0.354365 -0.379375
v -0.358125 0.353488 -0.380664
v 0.358125 0.353488 -0.380664
v 0.368750 0.354365 -0.379375
v 0.376528 0.356301 -0.376528
v -0.379375 0.354365 -0.368750
v -0.371138 0.351117 -0.371138
v -0.358125 0.349428 -0.372380
v 0.358125 0.349428 -0.372380
v 0.371138 0.351117 -0.371138
v 0.379375 0.354365 -0.368750
v -0.380664 0.353488 -0.358125
v -0.372380 0.349428 -0.358125
v -0.358125 0.347140 -0.358125
v 0.358125 0.347140 -0.358125
v 0.372380 0.349428 -0.358125
v 0.380664 0.353488 -0.358125
v -0.380664 0.353488 0.358125
v -0.372380 0.349428 0.358125
v -0.358125 0.347140 0.358125
v 0.358125 0.347140 0.358125
v 0.372380 0.349428 0.358125
v 0.380664 0.353488 0.358125
v -0.379375 0.354365 0.368750
v -0.371138 0.351117 0.371138
v -0.358125 0.349428 0.372380
v 0.358125 0.349428 0.372380
v 0.371138 0.351117 0.371138
v 0.379375 0.354365 0.368750
v -0.376528 0.356301 0.376528
v -0.368750 0.354365 0.379375
v -0.358125 0.353488 0.380664
v 0.358125 0.353488 0.380664
v 0.368750 0.354365 0.379375
v 0.376528 0.356301 0.376528
v -0.376528 0.388979 -0.376528
v -0.368750 0.390915 -0.379375
v -0.358125 0.391792 -0.380664
v 0.358125 0.391792 -0.380664
v 0.368750 0.390915 -0.379375
v 0.376528 0.388979 -0.376528
v -0.379375 0.390915 -0.368750
v -0.371138 0.394163 -0.371138
v -0.358125 0.395852 -0.372380
v 0.358125 0.395852 -0.372380
v 0.371138 0.394163 -0.371138
v 0.379375 0.390915 -0.368750
v -0.380664 0.391792 -0.358125
v -0.372380 0.395852 -0.358125
v -0.358125 0.398140 -0.358125
v 0.358125 0.398140 -0.358125
v 0.372380 0.395852 -0.358125
v 0.380664 0.391792 -0.358125
v -0.380664 0.391792 0.358125
v -0.372380 0.395852 0.358125
v -0.358125 0.398140 0.358125
v 0.358125 0.398140 0.358125
v 0.372380 0.395852 0.358125
v 0.380664 0.391792 0.358125
v -0.379375 0.390915 0.368750
v -0.371138 0.394163 0.371138
v -0.358125 0.395852 0.372380
v 0.358125 0.395852 0.372380
v 0.371138 0.394163 0.371138
v 0.379375 0.390915 0.368750
v -0.376528 0.388979 0.376528
v -0.368750 0.390915 0.379375
v -0.358125 0.391792 0.380664
v 0.358125 0.391792 0.380664
v 0.368750 0.390915 0.379375
v 0.376528 0.388979 0.376528
v -0.376528 0.356301 -0.376528
v -0.379375 0.361590 -0.379375
v -0.380664 0.368815 -0.380664
v -0.380664 0.376465 -0.380664
v -0.379375 0.383690 -0.379375
v -0.376528 0.388979 -0.376528
v -0.368750 0.354365 -0.379375
v -0.371138 0.359966 -0.384151
v -0.372380 0.368815 -0.386635
v -0.372380 0.376465 -0.386635
v -0.371138 0.385314 -0.384151
v -0.368750 0.390915 -0.379375
v -0.358125 0.353488 -0.380664
v -0.358125 0.359122 -0.386635
v -0.358125 0.368815 -0.390000
v -0.358125 0.376465 -0.390000
v -0.358125 0.386158 -0.386635
v -0.358125 0.391792 -0.380664
v 0.358125 0.353488 -0.380664
v 0.358125 0.359122 -0.386635
v 0.358125 0.368815 -0.390000
v 0.358125 0.376465 -0.390000
v 0.358125 0.386158 -0.386635
v 0.358125 0.391792 -0.380664
v 0.368750 0.354365 -0.379375
v 0.371138 0.359966 -0.384151
v 0.372380 0.368815 -0.386635
v 0.372380 0.376465 -0.386635
v 0.371138 0.385314 -0.384151
v 0.368750 0.390915 -0.379375
v 0.376528 0.356301 -0.376528
v 0.379375 0.361590 -0.379375
v 0.380664 0.368815 -0.380664
v 0.380664 0.376465 -0.380664
v 0.379375 0.383690 -0.379375
v 0.376528 0.388979 -0.376528
v -0.376528 0.356301 0.376528
v -0.379375 0.361590 0.379375
v -0.380664 0.368815 0.380664
v -0.380664 0.376465 0.380664
v -0.379375 0.383690 0.379375
v -0.376528 0.388979 0.376528
v -0.368750 0.354365 0.379375
v -0.371138 0.359966 0.384151
v -0.372380 0.368815 0.386635
v -0.372380 0.376465 0.386635
v -0.371138 0.385314 0.384151
v -0.368750 0.390915 0.379375
v -0.358125 0.353488 0.380664
v -0.358125 0.359122 0.386635
v -0.358125 0.368815 0.390000
v -0.358125 0.376465 0.390000
v -0.358125 0.386158 0.386635
v -0.358125 0.391792 0.380664
v 0.358125 0.353488 0.380664
v 0.358125 0.359122 0.386635
v 0.358125 0.368815 0.390000
v 0.358125 0.376465 0.390000
v 0.358125 0.386158 0.386635
v 0.358125 0.391792 0.380664
v 0.368750 0.354365 0.379375
v 0.371138 0.359966 0.384151
v 0.372380 0.368815 0.386635
v 0.372380 0.376465 0.386635
v 0.371138 0.385314 0.384151
v 0.368750 0.390915 0.379375
v 0.376528 0.356301 0.376528
v 0.379375 0.361590 0.379375
v 0.380664 0.368815 0.380664
v 0.380664 0.376465 0.380664
v 0.379375 0.383690 0.379375
v 0.376528 0.388979 0.376528
vn -0.490135 -0.720787 -0.490135
vn -0.534082 -0.785415 -0.312858
vn -0.562304 -0.826917 -0.004779
vn -0.562310 -0.826926 0.001005
vn -0.549577 -0.808201 0.211606
vn -0.496038 -0.729467 0.470983
vn -0.603891 -0.520222 -0.603891
vn -0.796314 -0.500194 -0.340132
vn -0.809490 -0.587120 -0.003997
vn -0.890792 -0.454403 0.002811
vn -0.833341 -0.457092 0.310822
vn -0.642635 -0.441589 0.626115
vn -0.694383 -0.188854 -0.694383
vn -0.911984 -0.180931 -0.368170
vn -0.970846 -0.239669 -0.004140
vn -0.990796 -0.135286 0.004473
vn -0.918203 -0.143882 0.369054
vn -0.693082 -0.136034 0.707907
vn -0.704802 0.080667 -0.704802
vn -0.918203 0.143882 -0.369054
vn -0.990796 0.135286 -0.004473
vn -0.970846 0.239669 0.004140
vn -0.911984 0.180931 0.368170
vn -0.707907 0.136034 0.693082
vn -0.656445 0.371698 -0.656445
vn -0.833341 0.457092 -0.310822
vn -0.890792 0.454403 -0.002811
vn -0.809490 0.587120 0.003997
vn -0.796314 0.500194 0.340132
vn -0.626115 0.441589 0.642635
vn -0.503175 0.702588 -0.503175
vn -0.552899 0.792186 -0.258350
vn -0.602426 0.798172 -0.002325
vn -0.522402 0.852696 0.002237
vn -0.533893 0.805851 0.256051
vn -0.470983 0.729467 0.496038
vn 0.470983 -0.729467 -0.496038
vn 0.533893 -0.805851 -0.256051
vn 0.522402 -0.852696 -0.002237
vn 0.602426 -0.798172 0.002325
vn 0.552899 -0.792186 0.258350
vn 0.503175 -0.702588 0.503175
vn 0.626115 -0.441589 -0.642635
vn 0.796314 -0.500194 -0.340132
vn 0.809490 -0.587120 -0.003997
vn 0.890792 -0.454403 0.002811
vn 0.833341 -0.457092 0.310822
vn 0.656445 -0.371698 0.656445
vn 0.707907 -0.136034 -0.693082
vn 0.911984 -0.180931 -0.368170
vn 0.970846 -0.239669 -0.004140
vn 0.990796 -0.135286 0.004473
vn 0.918203 -0.143882 0.369054
vn 0.704802 -0.080667 0.704802
vn 0.693082 0.136034 -0.707907
vn 0.918203 0.143882 -0.369054
vn 0.990796 0.135286 -0.004473
vn 0.970846 0.239669 0.004140
vn 0.911984 0.180931 0.368170
vn 0.694383 0.188854 0.694383
vn 0.642635 0.441589 -0.626115
vn 0.833341 0.457092 -0.310822
vn 0.890792 0.454403 -0.002811
vn 0.809490 0.587120 0.003997
vn 0.796314 0.500194 0.340132
vn 0.603891 0.520222 0.603891
vn 0.496038 0.729467 -0.470983
vn 0.549577 0.808201 -0.211606
vn 0.562310 0.826926 -0.001005
vn 0.562304 0.826917 0.004779
vn 0.534082 0.785415 0.312858
vn 0.490135 0.720787 0.490135
vn -0.490135 -0.720787 -0.490135
vn -0.312858 -0.785415 -0.534082
vn -0.004779 -0.826917 -0.562304
vn 0.001005 -0.826926 -0.562310
vn 0.211606 -0.808201 -0.549577
vn 0.470983 -0.729467 -0.496038
vn -0.534082 -0.785415 -0.312858
vn -0.268668 -0.925005 -0.268668
vn -0.003183 -0.948096 -0.317969
vn 0.002089 -0.973289 -0.229575
vn 0.238736 -0.941281 -0.238736
vn 0.533893 -0.805851 -0.256051
vn -0.562304 -0.826917 -0.004779
vn -0.317969 -0.948096 -0.003183
vn -0.005975 -0.999964 -0.005975
vn 0.001620 -0.999997 -0.001620
vn 0.229575 -0.973289 -0.002089
vn 0.522402 -0.852696 -0.002237
vn -0.562310 -0.826926 0.001005
vn -0.229575 -0.973289 0.002089
vn -0.001620 -0.999997 0.001620
vn 0.005975 -0.999964 0.005975
vn 0.317969 -0.948096 0.003183
vn 0.602426 -0.798172 0.002325
vn -0.549577 -0.808201 0.211606
vn -0.238736 -0.941281 0.238736
vn -0.002089 -0.973289 0.229575
vn 0.003183 -0.948096 0.317969
vn 0.268668 -0.925005 0.268668
vn 0.552899 -0.792186 0.258350
vn -0.496038 -0.729467 0.470983
vn -0.256051 -0.805851 0.533893
vn -0.002237 -0.852696 0.522402
vn 0.002325 -0.798172 0.602426
vn 0.258350 -0.792186 0.552899
vn 0.503175 -0.702588 0.503175
vn -0.503175 0.702588 -0.503175
vn -0.258350 0.792186 -0.552899
vn -0.002325 0.798172 -0.602426
vn 0.002237 0.852696 -0.522402
vn 0.256051 0.805851 -0.533893
vn 0.496038 0.729467 -0.470983
vn -0.552899 0.792186 -0.258350
vn -0.268668 0.925005 -0.268668
vn -0.003183 0.948096 -0.317969
vn 0.002089 0.973289 -0.229575
vn 0.238736 0.941281 -0.238736
vn 0.549577 0.808201 -0.211606
vn -0.602426 0.798172 -0.002325
vn -0.317969 0.948096 -0.003183
vn -0.005975 0.999964 -0.005975
vn 0.001620 0.999997 -0.001620
vn 0.229575 0.973289 -0.002089
vn 0.562310 0.826926 -0.001005
vn -0.522402 0.852696 0.002237
vn -0.229575 0.973289 0.002089
vn -0.001620 0.999997 0.001620
vn 0.005975 0.999964 0.005975
vn 0.317969 0.948096 0.003183
vn 0.562304 0.826917 0.004779
vn -0.533893 0.805851 0.256051
vn -0.238736 0.941281 0.238736
vn -0.002089 0.973289 0.229575
vn 0.003183 0.948096 0.317969
vn 0.268668 0.925005 0.268668
vn 0.534082 0.785415 0.312858
vn -0.470983 0.729467 0.496038
vn -0.211606 0.808201 0.549577
vn -0.001005 0.826926 0.562310
vn 0.004779 0.826917 0.562304
vn 0.312858 0.785415 0.534082
vn 0.490135 0.720787 0.490135
vn -0.490135 -0.720787 -0.490135
vn -0.603891 -0.520222 -0.603891
vn -0.694383 -0.188854 -0.694383
vn -0.704802 0.080667 -0.704802
vn -0.656445 0.371698 -0.656445
vn -0.503175 0.702588 -0.503175
vn -0.312858 -0.785415 -0.534082
vn -0.340132 -0.500194 -0.796314
vn -0.368170 -0.180931 -0.911984
vn -0.369054 0.143882 -0.918203
vn -0.310822 0.457092 -0.833341
vn -0.258350 0.792186 -0.552899
vn -0.004779 -0.826917 -0.562304
vn -0.003997 -0.587120 -0.809490
vn -0.004140 -0.239669 -0.970846
vn -0.004473 0.135286 -0.990796
vn -0.002811 0.454403 -0.890792
vn -0.002325 0.798172 -0.602426
vn 0.001005 -0.826926 -0.562310
vn 0.002811 -0.454403 -0.890792
vn 0.004473 -0.135286 -0.990796
vn 0.004140 0.239669 -0.970846
vn 0.003997 0.587120 -0.809490
vn 0.002237 0.852696 -0.522402
vn 0.211606 -0.808201 -0.549577
vn 0.310822 -0.457092 -0.833341
vn 0.369054 -0.143882 -0.918203
vn 0.368170 0.180931 -0.911984
vn 0.340132 0.500194 -0.796314
vn 0.256051 0.805851 -0.533893
vn 0.470983 -0.729467 -0.496038
vn 0.626115 -0.441589 -0.642635
vn 0.707907 -0.136034 -0.693082
vn 0.693082 0.136034 -0.707907
vn 0.642635 0.441589 -0.626115
vn 0.496038 0.729467 -0.470983
vn -0.496038 -0.729467 0.470983
vn -0.642635 -0.441589 0.626115
vn -0.693082 -0.136034 0.707907
vn -0.707907 0.136034 0.693082
vn -0.626115 0.441589 0.642635
vn -0.470983 0.729467 0.496038
vn -0.256051 -0.805851 0.533893
vn -0.340132 -0.500194 0.796314
vn -0.368170 -0.180931 0.911984
vn -0.369054 0.143882 0.918203
vn -0.310822 0.457092 0.833341
vn -0.211606 0.808201 0.549577
vn -0.002237 -0.852696 0.522402
vn -0.003997 -0.587120 0.809490
vn -0.004140 -0.239669 0.970846
vn -0.004473 0.135286 0.990796
vn -0.002811 0.454403 0.890792
vn -0.001005 0.826926 0.562310
vn 0.002325 -0.798172 0.602426
vn 0.002811 -0.454403 0.890792
vn 0.004473 -0.135286 0.990796
vn 0.004140 0.239669 0.970846
vn 0.003997 0.587120 0.809490
vn 0.004779 0.826917 0.562304
vn 0.258350 -0.792186 0.552899
vn 0.310822 -0.457092 0.833341
vn 0.369054 -0.143882 0.918203
vn 0.368170 0.180931 0.911984
vn 0.340132 0.500194 0.796314
vn 0.312858 0.785415 0.534082
vn 0.503175 -0.702588 0.503175
vn 0.656445 -0.371698 0.656445
vn 0.704802 -0.080667 0.704802
vn 0.694383 0.188854 0.694383
vn 0.603891 0.520222 0.603891
vn 0.490135 0.720787 0.490135
f 866//866 871//871 865//865
f 872//872 871//871 866//866
f 867//867 872//872 866//866
f 873//873 872//872 867//867
f 868//868 873//873 867//867
f 874//874 873//873 868//868
f 869//869 874//874 868//868
f 875//875 874//874 869//869
f 870//870 875//875 869//869
f 876//876 875//875 870//870
f 872//872 877//877 871//871
f 878//878 877//877 872//872
f 873//873 878//878 872//872
f 879//879 878//878 873//873
f 874//874 879//879 873//873
f 880//880 879//879 874//874
f 875//875 880//880 874//874
f 881//881 880//880 875//875
f 876//876 881//881 875//875
f 882//882 881//881 876//876
f 878//878 883//883 877//877
f 884//884 883//883 878//878
f 879//879 884//884 878//878
f 885//885 884//884 879//879
f 880//880 885//885 879//879
f 886//886 885//885 880//880
f 881//881 886//886 880//880
f 887//887 886//886 881//881
f 882//882 887//887 881//881
f 888//888 887//887 882//882
f 884//884 889//889 883//883
f 890//890 889//889 884//884
f 885//885 890//890 884//884
f 891//891 890//890 885//885
f 886//886 891//891 885//885
f 892//892 891//891 886//886
f 887//887 892//892 886//886
f 893//893 892//892 887//887
f 888//888 893//893 887//887
f 894//894 893//893 888//888
f 890//890 895//895 889//889
f 896//896 895//895 890//890
f 891//891 896//896 890//890
f 897//897 896//896 891//891
f 892//892 897//897 891//891
f 898//898 897//897 892//892
f 893//893 898//898 892//892
f 899//899 898//898 893//893
f 894//894 899//899 893//893
f 900//900 899//899 894//894
f 901//901 907//907 902//902
f 902//902 907//907 908//908
f 902//902 908//908 903//903
f 903//903 908//908 909//909
f 903//903 909//909 904//904
f 904//904 909//909 910//910
f 904//904 910//910 905//905
f 905//905 910//910 911//911
f 905//905 911//911 906//906
f 906//906 911//911 912//912
f 907//907 913//913 908//908
f 908//908 913//913 914//914
f 908//908 914//914 909//909
f 909//909 914//914 915//915
f 909//909 915//915 910//910
f 910//910 915//915 916//916
f 910//910 916//916 911//911
f 911//911 916//916 917//917
f 911//911 917//917 912//912
f 912//912 917//917 918//918
f 913//913 919//919 914//914
f 914//914 919//919 920//920
f 914//914 920//920 915//915
f 915//915 920//920 921//921
f 915//915 921//921 916//916
f 916//916 921//921 922//922
f 916//916 922//922 917//917
f 917//917 922//922 923//923
f 917//917 923//923 918//918
f 918//918 923//923 924//924
f 919//919 925//925 920//920
f 920//920 925//925 926//926
f 920//920 926//926 921//921
f 921//921 926//926 927//927
f 921//921 927//927 922//922
f 922//922 927//927 928//928
f 922//922 928//928 923//923
f 923//923 928//928 929//929
f 923//923 929//929 924//924
f 924//924 929//929 930//930
f 925//925 931//931 926//926
f 926//926 931//931 932//932
f 926//926 932//932 927//927
f 927//927 932//932 933//933
f 927//927 933//933 928//928
f 928//928 933//933 934//934
f 928//928 934//934 929//929
f 929//929 934//934 935//935
f 929//929 935//935 930//930
f 930//930 935//935 936//936
f 938//938 943//943 937//937
f 944//944 943//943 938//938
f 939//939 944//944 938//938
f 945//945 944//944 939//939
f 940//940 945//945 939//939
f 946//946 945//945 940//940
f 941//941 946//946 940//940
f 947//947 946//946 941//941
f 942//942 947//947 941//941
f 948//948 947//947 942//942
f 944//944 949//949 943//943
f 950//950 949//949 944//944
f 945//945 950//950 944//944
f 951//951 950//950 945//945
f 946//946 951//951 945//945
f 952//952 951//951 946//946
f 947//947 952//952 946//946
f 953//953 952//952 947//947
f 948//948 953//953 947//947
f 954//954 953//953 948//948
f 950//950 955//955 949//949
f 956//956 955//955 950//950
f 951//951 956//956 950//950
f 957//957 956//956 951//951
f 952//952 957//957 951//951
f 958//958 957//957 952//952
f 953//953 958//958 952//952
f 959//959 958//958 953//953
f 954//954 959//959 953//953
f 960//960 959//959 954//954
f 956//956 961//961 955//955
f 962//962 961//961 956//956
f 957//957 962//962 956//956
f 963//963 962//962 957//957
f 958//958 963//963 957//957
f 964//964 963//963 958//958
f 959//959 964//964 958//958
f 965//965 964//964 959//959
f 960//960 965//965 959//959
f 966//966 965//965 960//960
f 962//962 967//967 961//961
f 968//968 967//967 962//962
f 963//963 968//968 962//962
f 969//969 968//968 963//963
f 964//964 969//969 963//963
f 970//970 969//969 964//964
f 965//965 970//970 964//964
f 971//971 970//970 965//965
f 966//966 971//971 965//965
f 972//972 971//971 966//966
f 973//973 979//979 974//974
f 974//974 979//979 980//980
f 974//974 980//980 975//975
f 975//975 980//980 981//981
f 975//975 981//981 976//976
f 976//976 981//981 982//982
f 976//976 982//982 977//977
f 977//977 982//982 983//983
f 977//977 983//983 978//978
f 978//978 983//983 984//984
f 979//979 985//985 980//980
f 980//980 985//985 986//986
f 980//980 986//986 981//981
f 981//981 986//986 987//987
f 981//981 987//987 982//982
f 982//982 987//987 988//988
f 982//982 988//988 983//983
f 983//983 988//988 989//989
f 983//983 989//989 984//984
f 984//984 989//989 990//990
f 985//985 991//991 986//986
f 986//986 991//991 992//992
f 986//986 992//992 987//987
f 987//987 992//992 993//993
f 987//987 993//993 988//988
f 988//988 993//993 994//994
f 988//988 994//994 989//989
f 989//989 994//994 995//995
f 989//989 995//995 990//990
f 990//990 995//995 996//996
f 991//991 997//997 992//992
f 992//992 997//997 998//998
f 992//992 998//998 993//993
f 993//993 998//998 999//999
f 993//993 999//999 994//994
f 994//994 999//999 1000//1000
f 994//994 1000//1000 995//995
f 995//995 1000//1000 1001//1001
f 995//995 1001//1001 996//996
f 996//996 1001//1001 1002//1002
f 997//997 1003//1003 998//998
f 998//998 1003//1003 1004//1004
f 998//998 1004//1004 999//999
f 999//999 1004//1004 1005//1005
f 999//999 1005//1005 1000//1000
f 1000//1000 1005//1005 1006//1006
f 1000//1000 1006//1006 1001//1001
f 1001//1001 1006//1006 1007//1007
f 1001//1001 1007//1007 1002//1002
f 1002//1002 1007//1007 1008//1008
f 1010//1010 1015//1015 1009//1009
f 1016//1016 1015//1015 1010//1010
f 1011//1011 1016//1016 1010//1010
f 1017//1017 1016//1016 1011//1011
f 1012//1012 1017//1017 1011//1011
f 1018//1018 1017//1017 1012//1012
f 1013//1013 1018//1018 1012//1012
f 1019//1019 1018//1018 1013//1013
f 1014//1014 1019//1019 1013//1013
f 1020//1020 1019//1019 1014//1014
f 1016//1016 1021//1021 1015//1015
f 1022//1022 1021//1021 1016//1016
f 1017//1017 1022//1022 1016//1016
f 1023//1023 1022//1022 1017//1017
f 1018//1018 1023//1023 1017//1017
f 1024//1024 1023//1023 1018//1018
f 1019//1019 1024//1024 1018//1018
f 1025//1025 1024//1024 1019//1019
f 1020//1020 1025//1025 1019//1019
f 1026//1026 1025//1025 1020//1020
f 1022//1022 1027//1027 1021//1021
f 1028//1028 1027//1027 1022//1022
f 1023//1023 1028//1028 1022//1022
f 1029//1029 1028//1028 1023//1023
f 1024//1024 1029//1029 1023//1023
f 1030//1030 1029//1029 1024//1024
f 1025//1025 1030//1030 1024//1024
f 1031//1031 1030//1030 1025//1025
f 1026//1026 1031//1031 1025//1025
f 1032//1032 1031//1031 1026//1026
f 1028//1028 1033//1033 1027//1027
f 1034//1034 1033//1033 1028//1028
f 1029//1029 1034//1034 1028//1028
f 1035//1035 1034//1034 1029//1029
f 1030//1030 1035//1035 1029//1029
f 1036//1036 1035//1035 1030//1030
f 1031//1031 1036//1036 1030//1030
f 1037//1037 1036//1036 1031//1031
f 1032//1032 1037//1037 1031//1031
f 1038//1038 1037//1037 1032//1032
f 1034//1034 1039//1039 1033//1033
f 1040//1040 1039//1039 1034//1034
f 1035//1035 1040//1040 1034//1034
f 1041//1041 1040//1040 1035//1035
f 1036//1036 1041//1041 1035//1035
f 1042//1042 1041//1041 1036//1036
f 1037//1037 1042//1042 1036//1036
f 1043//1043 1042//1042 1037//1037
f 1038//1038 1043//1043 1037//1037
f 1044//1044 1043//1043 1038//1038
f 1045//1045 1051//1051 1046//1046
f 1046//1046 1051//1051 1052//1052
f 1046//1046 1052//1052 1047//1047
f 1047//1047 1052//1052 1053//1053
f 1047//1047 1053//1053 1048//1048
f 1048//1048 1053//1053 1054//1054
f 1048//1048 1054//1054 1049//1049
f 1049//1049 1054//1054 1055//1055
f 1049//1049 1055//1055 1050//1050
f 1050//1050 1055//1055 1056//1056
f 1051//1051 1057//1057 1052//1052
f 1052//1052 1057//1057 1058//1058
f 1052//1052 1058//1058 1053//1053
f 1053//1053 1058//1058 1059//1059
f 1053//1053 1059//1059 1054//1054
f 1054//1054 1059//1059 1060//1060
f 1054//1054 1060//1060 1055//1055
f 1055//1055 1060//1060 1061//1061
f 1055//1055 1061//1061 1056//1056
f 1056//1056 1061//1061 1062//1062
f 1057//1057 1063//1063 1058//1058
f 1058//1058 1063//1063 1064//1064
f 1058//1058 1064//1064 1059//1059
f 1059//1059 1064//1064 1065//1065
f 1059//1059 1065//1065 1060//1060
f 1060//1060 1065//1065 1066//1066
f 1060//1060 1066//1066 1061//1061
f 1061//1061 1066//1066 1067//1067
f 1061//1061 1067//1067 1062//1062
f 1062//1062 1067//1067 1068//1068
f 1063//1063 1069//1069 1064//1064
f 1064//1064 1069//1069 1070//1070
f 1064//1064 1070//1070 1065//1065
f 1065//1065 1070//1070 1071//1071
f 1065//1065 1071//1071 1066//1066
f 1066//1066 1071//1071 1072//1072
f 1066//1066 1072//1072 1067//1067
f 1067//1067 1072//1072 1073//1073
f 1067//1067 1073//1073 1068//1068
f 1068//1068 1073//1073 1074//1074
f 1069//1069 1075//1075 1070//1070
f 1070//1070 1075//1075 1076//1076
f 1070//1070 1076//1076 1071//1071
f 1071//1071 1076//1076 1077//1077
f 1071//1071 1077//1077 1072//1072
f 1072//1072 1077//1077 1078//1078
f 1072//1072 1078//1078 1073//1073
f 1073//1073 1078//1078 1079//1079
f 1073//1073 1079//1079 1074//1074
f 1074//1074 1079//1079 1080//1080
o source-carrot_cocoa
usemtl cocoa
v -0.172000 0.259080 0.387000
v -0.172000 0.259080 0.387000
v -0.172000 0.259080 0.387000
v -0.172000 0.259080 0.387000
v -0.172000 0.259080 0.387000
v -0.172000 0.259080 0.387000
v -0.172000 0.259080 0.387000
v -0.172000 0.259080 0.387000
v -0.172000 0.259080 0.387000
v -0.172000 0.259080 0.387000
v -0.172000 0.259080 0.387000
v -0.172000 0.259080 0.387000
v -0.172000 0.259080 0.387000
v -0.172000 0.259080 0.387000
v -0.172000 0.259080 0.387000
v -0.172000 0.259080 0.387000
v -0.172000 0.259080 0.387000
v -0.172000 0.259080 0.387000
v -0.172000 0.259080 0.387000
v -0.172000 0.259080 0.387000
v -0.172000 0.259080 0.387000
v -0.163977 0.258709 0.387000
v -0.164369 0.258709 0.388360
v -0.165509 0.258709 0.389586
v -0.167284 0.258709 0.390560
v -0.169521 0.258709 0.391185
v -0.172000 0.258709 0.391400
v -0.174479 0.258709 0.391185
v -0.176716 0.258709 0.390560
v -0.178491 0.258709 0.389586
v -0.179631 0.258709 0.388360
v -0.180023 0.258709 0.387000
v -0.179631 0.258709 0.385640
v -0.178491 0.258709 0.384414
v -0.176716 0.258709 0.383440
v -0.174479 0.258709 0.382815
v -0.172000 0.258709 0.382600
v -0.169521 0.258709 0.382815
v -0.167284 0.258709 0.383440
v -0.165509 0.258709 0.384414
v -0.164369 0.258709 0.385640
v -0.163977 0.258709 0.387000
v -0.156500 0.257622 0.387000
v -0.157259 0.257622 0.389627
v -0.159460 0.257622 0.391996
v -0.162889 0.257622 0.393877
v -0.167210 0.257622 0.395084
v -0.172000 0.257622 0.395500
v -0.176790 0.257622 0.395084
v -0.181111 0.257622 0.393877
v -0.184540 0.257622 0.391996
v -0.186741 0.257622 0.389627
v -0.187500 0.257622 0.387000
v -0.186741 0.257622 0.384373
v -0.184540 0.257622 0.382004
v -0.181111 0.257622 0.380123
v -0.176790 0.257622 0.378916
v -0.172000 0.257622 0.378500
v -0.167210 0.257622 0.378916
v -0.162889 0.257622 0.380123
v -0.159460 0.257622 0.382004
v -0.157259 0.257622 0.384373
v -0.156500 0.257622 0.387000
v -0.150080 0.255893 0.387000
v -0.151153 0.255893 0.390715
v -0.154266 0.255893 0.394066
v -0.159116 0.255893 0.396725
v -0.165226 0.255893 0.398432
v -0.172000 0.255893 0.399021
v -0.178774 0.255893 0.398432
v -0.184884 0.255893 0.396725
v -0.189734 0.255893 0.394066
v -0.192847 0.255893 0.390715
v -0.193920 0.255893 0.387000
v -0.192847 0.255893 0.383285
v -0.189734 0.255893 0.379934
v -0.184884 0.255893 0.377275
v -0.178774 0.255893 0.375568
v -0.172000 0.255893 0.374979
v -0.165226 0.255893 0.375568
v -0.159116 0.255893 0.377275
v -0.154266 0.255893 0.379934
v -0.151153 0.255893 0.383285
v -0.150080 0.255893 0.387000
v -0.145153 0.253640 0.387000
v -0.146467 0.253640 0.391549
v -0.150280 0.253640 0.395654
v -0.156220 0.253640 0.398911
v -0.163704 0.253640 0.401002
v -0.172000 0.253640 0.401722
v -0.180296 0.253640 0.401002
v -0.187780 0.253640 0.398911
v -0.193720 0.253640 0.395654
v -0.197533 0.253640 0.391549
v -0.198847 0.253640 0.387000
v -0.197533 0.253640 0.382451
v -0.193720 0.253640 0.378346
v -0.187780 0.253640 0.375089
v -0.180296 0.253640 0.372998
v -0.172000 0.253640 0.372278
v -0.163704 0.253640 0.372998
v -0.156220 0.253640 0.375089
v -0.150280 0.253640 0.378346
v -0.146467 0.253640 0.382451
v -0.145153 0.253640 0.387000
v -0.142056 0.251016 0.387000
v -0.143522 0.251016 0.392074
v -0.147775 0.251016 0.396652
v -0.154400 0.251016 0.400285
v -0.162747 0.251016 0.402617
v -0.172000 0.251016 0.403421
v -0.181253 0.251016 0.402617
v -0.189600 0.251016 0.400285
v -0.196225 0.251016 0.396652
v -0.200478 0.251016 0.392074
v -0.201944 0.251016 0.387000
v -0.200478 0.251016 0.381926
v -0.196225 0.251016 0.377348
v -0.189600 0.251016 0.373715
v -0.181253 0.251016 0.371383
v -0.172000 0.251016 0.370579
v -0.162747 0.251016 0.371383
v -0.154400 0.251016 0.373715
v -0.147775 0.251016 0.377348
v -0.143522 0.251016 0.381926
v -0.142056 0.251016 0.387000
v -0.141000 0.248200 0.387000
v -0.142517 0.248200 0.392253
v -0.146920 0.248200 0.396992
v -0.153779 0.248200 0.400753
v -0.162420 0.248200 0.403168
v -0.172000 0.248200 0.404000
v -0.181580 0.248200 0.403168
v -0.190221 0.248200 0.400753
v -0.197080 0.248200 0.396992
v -0.201483 0.248200 0.392253
v -0.203000 0.248200 0.387000
v -0.201483 0.248200 0.381747
v -0.197080 0.248200 0.377008
v -0.190221 0.248200 0.373247
v -0.181580 0.248200 0.370832
v -0.172000 0.248200 0.370000
v -0.162420 0.248200 0.370832
v -0.153779 0.248200 0.373247
v -0.146920 0.248200 0.377008
v -0.142517 0.248200 0.381747
v -0.141000 0.248200 0.387000
v -0.142056 0.245384 0.387000
v -0.143522 0.245384 0.392074
v -0.147775 0.245384 0.396652
v -0.154400 0.245384 0.400285
v -0.162747 0.245384 0.402617
v -0.172000 0.245384 0.403421
v -0.181253 0.245384 0.402617
v -0.189600 0.245384 0.400285
v -0.196225 0.245384 0.396652
v -0.200478 0.245384 0.392074
v -0.201944 0.245384 0.387000
v -0.200478 0.245384 0.381926
v -0.196225 0.245384 0.377348
v -0.189600 0.245384 0.373715
v -0.181253 0.245384 0.371383
v -0.172000 0.245384 0.370579
v -0.162747 0.245384 0.371383
v -0.154400 0.245384 0.373715
v -0.147775 0.245384 0.377348
v -0.143522 0.245384 0.381926
v -0.142056 0.245384 0.387000
v -0.145153 0.242760 0.387000
v -0.146467 0.242760 0.391549
v -0.150280 0.242760 0.395654
v -0.156220 0.242760 0.398911
v -0.163704 0.242760 0.401002
v -0.172000 0.242760 0.401722
v -0.180296 0.242760 0.401002
v -0.187780 0.242760 0.398911
v -0.193720 0.242760 0.395654
v -0.197533 0.242760 0.391549
v -0.198847 0.242760 0.387000
v -0.197533 0.242760 0.382451
v -0.193720 0.242760 0.378346
v -0.187780 0.242760 0.375089
v -0.180296 0.242760 0.372998
v -0.172000 0.242760 0.372278
v -0.163704 0.242760 0.372998
v -0.156220 0.242760 0.375089
v -0.150280 0.242760 0.378346
v -0.146467 0.242760 0.382451
v -0.145153 0.242760 0.387000
v -0.150080 0.240507 0.387000
v -0.151153 0.240507 0.390715
v -0.154266 0.240507 0.394066
v -0.159116 0.240507 0.396725
v -0.165226 0.240507 0.398432
v -0.172000 0.240507 0.399021
v -0.178774 0.240507 0.398432
v -0.184884 0.240507 0.396725
v -0.189734 0.240507 0.394066
v -0.192847 0.240507 0.390715
v -0.193920 0.240507 0.387000
v -0.192847 0.240507 0.383285
v -0.189734 0.240507 0.379934
v -0.184884 0.240507 0.377275
v -0.178774 0.240507 0.375568
v -0.172000 0.240507 0.374979
v -0.165226 0.240507 0.375568
v -0.159116 0.240507 0.377275
v -0.154266 0.240507 0.379934
v -0.151153 0.240507 0.383285
v -0.150080 0.240507 0.387000
v -0.156500 0.238778 0.387000
v -0.157259 0.238778 0.389627
v -0.159460 0.238778 0.391996
v -0.162889 0.238778 0.393877
v -0.167210 0.238778 0.395084
v -0.172000 0.238778 0.395500
v -0.176790 0.238778 0.395084
v -0.181111 0.238778 0.393877
v -0.184540 0.238778 0.391996
v -0.186741 0.238778 0.389627
v -0.187500 0.238778 0.387000
v -0.186741 0.238778 0.384373
v -0.184540 0.238778 0.382004
v -0.181111 0.238778 0.380123
v -0.176790 0.238778 0.378916
v -0.172000 0.238778 0.378500
v -0.167210 0.238778 0.378916
v -0.162889 0.238778 0.380123
v -0.159460 0.238778 0.382004
v -0.157259 0.238778 0.384373
v -0.156500 0.238778 0.387000
v -0.163977 0.237691 0.387000
v -0.164369 0.237691 0.388360
v -0.165509 0.237691 0.389586
v -0.167284 0.237691 0.390560
v -0.169521 0.237691 0.391185
v -0.172000 0.237691 0.391400
v -0.174479 0.237691 0.391185
v -0.176716 0.237691 0.390560
v -0.178491 0.237691 0.389586
v -0.179631 0.237691 0.388360
v -0.180023 0.237691 0.387000
v -0.179631 0.237691 0.385640
v -0.178491 0.237691 0.384414
v -0.176716 0.237691 0.383440
v -0.174479 0.237691 0.382815
v -0.172000 0.237691 0.382600
v -0.169521 0.237691 0.382815
v -0.167284 0.237691 0.383440
v -0.165509 0.237691 0.384414
v -0.164369 0.237691 0.385640
v -0.163977 0.237691 0.387000
v -0.172000 0.237320 0.387000
v -0.172000 0.237320 0.387000
v -0.172000 0.237320 0.387000
v -0.172000 0.237320 0.387000
v -0.172000 0.237320 0.387000
v -0.172000 0.237320 0.387000
v -0.172000 0.237320 0.387000
v -0.172000 0.237320 0.387000
v -0.172000 0.237320 0.387000
v -0.172000 0.237320 0.387000
v -0.172000 0.237320 0.387000
v -0.172000 0.237320 0.387000
v -0.172000 0.237320 0.387000
v -0.172000 0.237320 0.387000
v -0.172000 0.237320 0.387000
v -0.172000 0.237320 0.387000
v -0.172000 0.237320 0.387000
v -0.172000 0.237320 0.387000
v -0.172000 0.237320 0.387000
v -0.172000 0.237320 0.387000
v -0.172000 0.237320 0.387000
v 0.172000 0.259080 0.387000
v 0.172000 0.259080 0.387000
v 0.172000 0.259080 0.387000
v 0.172000 0.259080 0.387000
v 0.172000 0.259080 0.387000
v 0.172000 0.259080 0.387000
v 0.172000 0.259080 0.387000
v 0.172000 0.259080 0.387000
v 0.172000 0.259080 0.387000
v 0.172000 0.259080 0.387000
v 0.172000 0.259080 0.387000
v 0.172000 0.259080 0.387000
v 0.172000 0.259080 0.387000
v 0.172000 0.259080 0.387000
v 0.172000 0.259080 0.387000
v 0.172000 0.259080 0.387000
v 0.172000 0.259080 0.387000
v 0.172000 0.259080 0.387000
v 0.172000 0.259080 0.387000
v 0.172000 0.259080 0.387000
v 0.172000 0.259080 0.387000
v 0.180023 0.258709 0.387000
v 0.179631 0.258709 0.388360
v 0.178491 0.258709 0.389586
v 0.176716 0.258709 0.390560
v 0.174479 0.258709 0.391185
v 0.172000 0.258709 0.391400
v 0.169521 0.258709 0.391185
v 0.167284 0.258709 0.390560
v 0.165509 0.258709 0.389586
v 0.164369 0.258709 0.388360
v 0.163977 0.258709 0.387000
v 0.164369 0.258709 0.385640
v 0.165509 0.258709 0.384414
v 0.167284 0.258709 0.383440
v 0.169521 0.258709 0.382815
v 0.172000 0.258709 0.382600
v 0.174479 0.258709 0.382815
v 0.176716 0.258709 0.383440
v 0.178491 0.258709 0.384414
v 0.179631 0.258709 0.385640
v 0.180023 0.258709 0.387000
v 0.187500 0.257622 0.387000
v 0.186741 0.257622 0.389627
v 0.184540 0.257622 0.391996
v 0.181111 0.257622 0.393877
v 0.176790 0.257622 0.395084
v 0.172000 0.257622 0.395500
v 0.167210 0.257622 0.395084
v 0.162889 0.257622 0.393877
v 0.159460 0.257622 0.391996
v 0.157259 0.257622 0.389627
v 0.156500 0.257622 0.387000
v 0.157259 0.257622 0.384373
v 0.159460 0.257622 0.382004
v 0.162889 0.257622 0.380123
v 0.167210 0.257622 0.378916
v 0.172000 0.257622 0.378500
v 0.176790 0.257622 0.378916
v 0.181111 0.257622 0.380123
v 0.184540 0.257622 0.382004
v 0.186741 0.257622 0.384373
v 0.187500 0.257622 0.387000
v 0.193920 0.255893 0.387000
v 0.192847 0.255893 0.390715
v 0.189734 0.255893 0.394066
v 0.184884 0.255893 0.396725
v 0.178774 0.255893 0.398432
v 0.172000 0.255893 0.399021
v 0.165226 0.255893 0.398432
v 0.159116 0.255893 0.396725
v 0.154266 0.255893 0.394066
v 0.151153 0.255893 0.390715
v 0.150080 0.255893 0.387000
v 0.151153 0.255893 0.383285
v 0.154266 0.255893 0.379934
v 0.159116 0.255893 0.377275
v 0.165226 0.255893 0.375568
v 0.172000 0.255893 0.374979
v 0.178774 0.255893 0.375568
v 0.184884 0.255893 0.377275
v 0.189734 0.255893 0.379934
v 0.192847 0.255893 0.383285
v 0.193920 0.255893 0.387000
v 0.198847 0.253640 0.387000
v 0.197533 0.253640 0.391549
v 0.193720 0.253640 0.395654
v 0.187780 0.253640 0.398911
v 0.180296 0.253640 0.401002
v 0.172000 0.253640 0.401722
v 0.163704 0.253640 0.401002
v 0.156220 0.253640 0.398911
v 0.150280 0.253640 0.395654
v 0.146467 0.253640 0.391549
v 0.145153 0.253640 0.387000
v 0.146467 0.253640 0.382451
v 0.150280 0.253640 0.378346
v 0.156220 0.253640 0.375089
v 0.163704 0.253640 0.372998
v 0.172000 0.253640 0.372278
v 0.180296 0.253640 0.372998
v 0.187780 0.253640 0.375089
v 0.193720 0.253640 0.378346
v 0.197533 0.253640 0.382451
v 0.198847 0.253640 0.387000
v 0.201944 0.251016 0.387000
v 0.200478 0.251016 0.392074
v 0.196225 0.251016 0.396652
v 0.189600 0.251016 0.400285
v 0.181253 0.251016 0.402617
v 0.172000 0.251016 0.403421
v 0.162747 0.251016 0.402617
v 0.154400 0.251016 0.400285
v 0.147775 0.251016 0.396652
v 0.143522 0.251016 0.392074
v 0.142056 0.251016 0.387000
v 0.143522 0.251016 0.381926
v 0.147775 0.251016 0.377348
v 0.154400 0.251016 0.373715
v 0.162747 0.251016 0.371383
v 0.172000 0.251016 0.370579
v 0.181253 0.251016 0.371383
v 0.189600 0.251016 0.373715
v 0.196225 0.251016 0.377348
v 0.200478 0.251016 0.381926
v 0.201944 0.251016 0.387000
v 0.203000 0.248200 0.387000
v 0.201483 0.248200 0.392253
v 0.197080 0.248200 0.396992
v 0.190221 0.248200 0.400753
v 0.181580 0.248200 0.403168
v 0.172000 0.248200 0.404000
v 0.162420 0.248200 0.403168
v 0.153779 0.248200 0.400753
v 0.146920 0.248200 0.396992
v 0.142517 0.248200 0.392253
v 0.141000 0.248200 0.387000
v 0.142517 0.248200 0.381747
v 0.146920 0.248200 0.377008
v 0.153779 0.248200 0.373247
v 0.162420 0.248200 0.370832
v 0.172000 0.248200 0.370000
v 0.181580 0.248200 0.370832
v 0.190221 0.248200 0.373247
v 0.197080 0.248200 0.377008
v 0.201483 0.248200 0.381747
v 0.203000 0.248200 0.387000
v 0.201944 0.245384 0.387000
v 0.200478 0.245384 0.392074
v 0.196225 0.245384 0.396652
v 0.189600 0.245384 0.400285
v 0.181253 0.245384 0.402617
v 0.172000 0.245384 0.403421
v 0.162747 0.245384 0.402617
v 0.154400 0.245384 0.400285
v 0.147775 0.245384 0.396652
v 0.143522 0.245384 0.392074
v 0.142056 0.245384 0.387000
v 0.143522 0.245384 0.381926
v 0.147775 0.245384 0.377348
v 0.154400 0.245384 0.373715
v 0.162747 0.245384 0.371383
v 0.172000 0.245384 0.370579
v 0.181253 0.245384 0.371383
v 0.189600 0.245384 0.373715
v 0.196225 0.245384 0.377348
v 0.200478 0.245384 0.381926
v 0.201944 0.245384 0.387000
v 0.198847 0.242760 0.387000
v 0.197533 0.242760 0.391549
v 0.193720 0.242760 0.395654
v 0.187780 0.242760 0.398911
v 0.180296 0.242760 0.401002
v 0.172000 0.242760 0.401722
v 0.163704 0.242760 0.401002
v 0.156220 0.242760 0.398911
v 0.150280 0.242760 0.395654
v 0.146467 0.242760 0.391549
v 0.145153 0.242760 0.387000
v 0.146467 0.242760 0.382451
v 0.150280 0.242760 0.378346
v 0.156220 0.242760 0.375089
v 0.163704 0.242760 0.372998
v 0.172000 0.242760 0.372278
v 0.180296 0.242760 0.372998
v 0.187780 0.242760 0.375089
v 0.193720 0.242760 0.378346
v 0.197533 0.242760 0.382451
v 0.198847 0.242760 0.387000
v 0.193920 0.240507 0.387000
v 0.192847 0.240507 0.390715
v 0.189734 0.240507 0.394066
v 0.184884 0.240507 0.396725
v 0.178774 0.240507 0.398432
v 0.172000 0.240507 0.399021
v 0.165226 0.240507 0.398432
v 0.159116 0.240507 0.396725
v 0.154266 0.240507 0.394066
v 0.151153 0.240507 0.390715
v 0.150080 0.240507 0.387000
v 0.151153 0.240507 0.383285
v 0.154266 0.240507 0.379934
v 0.159116 0.240507 0.377275
v 0.165226 0.240507 0.375568
v 0.172000 0.240507 0.374979
v 0.178774 0.240507 0.375568
v 0.184884 0.240507 0.377275
v 0.189734 0.240507 0.379934
v 0.192847 0.240507 0.383285
v 0.193920 0.240507 0.387000
v 0.187500 0.238778 0.387000
v 0.186741 0.238778 0.389627
v 0.184540 0.238778 0.391996
v 0.181111 0.238778 0.393877
v 0.176790 0.238778 0.395084
v 0.172000 0.238778 0.395500
v 0.167210 0.238778 0.395084
v 0.162889 0.238778 0.393877
v 0.159460 0.238778 0.391996
v 0.157259 0.238778 0.389627
v 0.156500 0.238778 0.387000
v 0.157259 0.238778 0.384373
v 0.159460 0.238778 0.382004
v 0.162889 0.238778 0.380123
v 0.167210 0.238778 0.378916
v 0.172000 0.238778 0.378500
v 0.176790 0.238778 0.378916
v 0.181111 0.238778 0.380123
v 0.184540 0.238778 0.382004
v 0.186741 0.238778 0.384373
v 0.187500 0.238778 0.387000
v 0.180023 0.237691 0.387000
v 0.179631 0.237691 0.388360
v 0.178491 0.237691 0.389586
v 0.176716 0.237691 0.390560
v 0.174479 0.237691 0.391185
v 0.172000 0.237691 0.391400
v 0.169521 0.237691 0.391185
v 0.167284 0.237691 0.390560
v 0.165509 0.237691 0.389586
v 0.164369 0.237691 0.388360
v 0.163977 0.237691 0.387000
v 0.164369 0.237691 0.385640
v 0.165509 0.237691 0.384414
v 0.167284 0.237691 0.383440
v 0.169521 0.237691 0.382815
v 0.172000 0.237691 0.382600
v 0.174479 0.237691 0.382815
v 0.176716 0.237691 0.383440
v 0.178491 0.237691 0.384414
v 0.179631 0.237691 0.385640
v 0.180023 0.237691 0.387000
v 0.172000 0.237320 0.387000
v 0.172000 0.237320 0.387000
v 0.172000 0.237320 0.387000
v 0.172000 0.237320 0.387000
v 0.172000 0.237320 0.387000
v 0.172000 0.237320 0.387000
v 0.172000 0.237320 0.387000
v 0.172000 0.237320 0.387000
v 0.172000 0.237320 0.387000
v 0.172000 0.237320 0.387000
v 0.172000 0.237320 0.387000
v 0.172000 0.237320 0.387000
v 0.172000 0.237320 0.387000
v 0.172000 0.237320 0.387000
v 0.172000 0.237320 0.387000
v 0.172000 0.237320 0.387000
v 0.172000 0.237320 0.387000
v 0.172000 0.237320 0.387000
v 0.172000 0.237320 0.387000
v 0.172000 0.237320 0.387000
v 0.172000 0.237320 0.387000
vn 0.000000 1.000000 0.000000
vn 0.000000 1.000000 0.000000
vn 0.000000 1.000000 0.000000
vn 0.000000 1.000000 0.000000
vn 0.000000 1.000000 0.000000
vn 0.000000 1.000000 0.000000
vn 0.000000 1.000000 0.000000
vn 0.000000 1.000000 0.000000
vn 0.000000 1.000000 0.000000
vn 0.000000 1.000000 0.000000
vn 0.000000 1.000000 0.000000
vn 0.000000 1.000000 0.000000
vn 0.000000 1.000000 0.000000
vn 0.000000 1.000000 0.000000
vn 0.000000 1.000000 0.000000
vn 0.000000 1.000000 0.000000
vn 0.000000 1.000000 0.000000
vn 0.000000 1.000000 0.000000
vn 0.000000 1.000000 0.000000
vn 0.000000 1.000000 0.000000
vn 0.000000 1.000000 0.000000
vn 0.109682 0.993878 -0.013263
vn 0.106478 0.993099 0.049153
vn 0.092646 0.989996 0.106414
vn 0.069782 0.985796 0.152761
vn 0.040328 0.982114 0.183917
vn 0.007174 0.980321 0.197280
vn -0.026628 0.981070 0.191813
vn -0.058008 0.984090 0.167936
vn -0.083982 0.988268 0.127568
vn -0.101875 0.992020 0.074281
vn -0.109682 0.993878 0.013263
vn -0.106478 0.993099 -0.049153
vn -0.092646 0.989996 -0.106414
vn -0.069782 0.985796 -0.152761
vn -0.040328 0.982114 -0.183917
vn -0.007174 0.980321 -0.197280
vn 0.026628 0.981070 -0.191813
vn 0.058008 0.984090 -0.167936
vn 0.083982 0.988268 -0.127568
vn 0.101875 0.992020 -0.074281
vn 0.109682 0.993878 -0.013263
vn 0.207421 0.978165 -0.013054
vn 0.198736 0.974511 0.104077
vn 0.169389 0.963235 0.208530
vn 0.123920 0.949131 0.289474
vn 0.067966 0.937621 0.340950
vn 0.006826 0.932677 0.360649
vn -0.054812 0.935878 0.348034
vn -0.112334 0.946210 0.303427
vn -0.160592 0.960183 0.228602
vn -0.193938 0.972554 0.128555
vn -0.207421 0.978165 0.013054
vn -0.198736 0.974511 -0.104077
vn -0.169389 0.963235 -0.208530
vn -0.123920 0.949131 -0.289474
vn -0.067966 0.937621 -0.340950
vn -0.006826 0.932677 -0.360649
vn 0.054812 0.935878 -0.348034
vn 0.112334 0.946210 -0.303427
vn 0.160592 0.960183 -0.228602
vn 0.193938 0.972554 -0.128555
vn 0.207421 0.978165 -0.013054
vn 0.337964 0.941075 -0.012559
vn 0.320023 0.930814 0.176553
vn 0.266184 0.902806 0.337767
vn 0.188916 0.870541 0.454389
vn 0.099792 0.846152 0.523515
vn 0.006122 0.836559 0.547843
vn -0.087788 0.843985 0.529135
vn -0.177826 0.866732 0.465998
vn -0.257201 0.898560 0.355581
vn -0.314835 0.927930 0.199561
vn -0.337964 0.941075 0.012559
vn -0.320023 0.930814 -0.176553
vn -0.266184 0.902806 -0.337767
vn -0.188916 0.870541 -0.454389
vn -0.099792 0.846152 -0.523515
vn -0.006122 0.836559 -0.547843
vn 0.087788 0.843985 -0.529135
vn 0.177826 0.866732 -0.465998
vn 0.257201 0.898560 -0.355581
vn 0.314835 0.927930 -0.199561
vn 0.337964 0.941075 -0.012559
vn 0.525254 0.850870 -0.011355
vn 0.487812 0.827696 0.277415
vn 0.388933 0.772123 0.502550
vn 0.264003 0.715905 0.646361
vn 0.134022 0.677837 0.722894
vn 0.004860 0.664128 0.747603
vn -0.124235 0.675922 0.726426
vn -0.254228 0.712267 0.654251
vn -0.380034 0.767565 0.516157
vn -0.482034 0.824217 0.297171
vn -0.525254 0.850870 0.011355
vn -0.487812 0.827696 -0.277415
vn -0.388933 0.772123 -0.502550
vn -0.264003 0.715905 -0.646361
vn -0.134022 0.677837 -0.722894
vn -0.004860 0.664128 -0.747603
vn 0.124235 0.675922 -0.726426
vn 0.254228 0.712267 -0.654251
vn 0.380034 0.767565 -0.516157
vn 0.482034 0.824217 -0.297171
vn 0.525254 0.850870 -0.011355
vn 0.798414 0.602056 -0.008034
vn 0.713482 0.564687 0.414815
vn 0.528754 0.490871 0.692434
vn 0.337555 0.429782 0.837463
vn 0.164172 0.393923 0.904363
vn 0.002797 0.382134 0.924102
vn -0.158363 0.393115 0.905749
vn -0.331156 0.428089 0.840878
vn -0.521839 0.488352 0.699426
vn -0.707940 0.562314 0.427345
vn -0.798414 0.602056 0.008034
vn -0.713482 0.564687 -0.414815
vn -0.528754 0.490871 -0.692434
vn -0.337555 0.429782 -0.837463
vn -0.164172 0.393923 -0.904363
vn -0.002797 0.382134 -0.924102
vn 0.158363 0.393115 -0.905749
vn 0.331156 0.428089 -0.840878
vn 0.521839 0.488352 -0.699426
vn 0.707940 0.562314 -0.427345
vn 0.798414 0.602056 -0.008034
vn 1.000000 -0.000000 0.000000
vn 0.860326 -0.000000 0.509744
vn 0.602444 0.000000 0.798161
vn 0.370130 0.000000 0.928980
vn 0.175419 0.000000 0.984494
vn 0.000000 -0.000000 1.000000
vn -0.175419 -0.000000 0.984494
vn -0.370130 0.000000 0.928980
vn -0.602444 -0.000000 0.798161
vn -0.860326 0.000000 0.509744
vn -1.000000 -0.000000 0.000000
vn -0.860326 -0.000000 -0.509744
vn -0.602444 0.000000 -0.798161
vn -0.370130 0.000000 -0.928980
vn -0.175419 0.000000 -0.984494
vn -0.000000 -0.000000 -1.000000
vn 0.175419 -0.000000 -0.984494
vn 0.370130 0.000000 -0.928980
vn 0.602444 -0.000000 -0.798161
vn 0.860326 0.000000 -0.509744
vn 1.000000 -0.000000 0.000000
vn 0.798414 -0.602056 0.008034
vn 0.707940 -0.562314 0.427345
vn 0.521839 -0.488352 0.699426
vn 0.331156 -0.428089 0.840878
vn 0.158363 -0.393115 0.905749
vn -0.002797 -0.382134 0.924102
vn -0.164172 -0.393923 0.904363
vn -0.337555 -0.429782 0.837463
vn -0.528754 -0.490871 0.692434
vn -0.713482 -0.564687 0.414815
vn -0.798414 -0.602056 -0.008034
vn -0.707940 -0.562314 -0.427345
vn -0.521839 -0.488352 -0.699426
vn -0.331156 -0.428089 -0.840878
vn -0.158363 -0.393115 -0.905749
vn 0.002797 -0.382134 -0.924102
vn 0.164172 -0.393923 -0.904363
vn 0.337555 -0.429782 -0.837463
vn 0.528754 -0.490871 -0.692434
vn 0.713482 -0.564687 -0.414815
vn 0.798414 -0.602056 0.008034
vn 0.525254 -0.850870 0.011355
vn 0.482034 -0.824217 0.297171
vn 0.380034 -0.767565 0.516157
vn 0.254228 -0.712267 0.654251
vn 0.124235 -0.675922 0.726426
vn -0.004860 -0.664128 0.747603
vn -0.134022 -0.677837 0.722894
vn -0.264003 -0.715905 0.646361
vn -0.388933 -0.772123 0.502550
vn -0.487812 -0.827696 0.277415
vn -0.525254 -0.850870 -0.011355
vn -0.482034 -0.824217 -0.297171
vn -0.380034 -0.767565 -0.516157
vn -0.254228 -0.712267 -0.654251
vn -0.124235 -0.675922 -0.726426
vn 0.004860 -0.664128 -0.747603
vn 0.134022 -0.677837 -0.722894
vn 0.264003 -0.715905 -0.646361
vn 0.388933 -0.772123 -0.502550
vn 0.487812 -0.827696 -0.277415
vn 0.525254 -0.850870 0.011355
vn 0.337964 -0.941075 0.012559
vn 0.314835 -0.927930 0.199561
vn 0.257201 -0.898560 0.355581
vn 0.177826 -0.866732 0.465998
vn 0.087788 -0.843985 0.529135
vn -0.006122 -0.836559 0.547843
vn -0.099792 -0.846152 0.523515
vn -0.188916 -0.870541 0.454389
vn -0.266184 -0.902806 0.337767
vn -0.320023 -0.930814 0.176553
vn -0.337964 -0.941075 -0.012559
vn -0.314835 -0.927930 -0.199561
vn -0.257201 -0.898560 -0.355581
vn -0.177826 -0.866732 -0.465998
vn -0.087788 -0.843985 -0.529135
vn 0.006122 -0.836559 -0.547843
vn 0.099792 -0.846152 -0.523515
vn 0.188916 -0.870541 -0.454389
vn 0.266184 -0.902806 -0.337767
vn 0.320023 -0.930814 -0.176553
vn 0.337964 -0.941075 0.012559
vn 0.207421 -0.978165 0.013054
vn 0.193938 -0.972554 0.128555
vn 0.160592 -0.960183 0.228602
vn 0.112334 -0.946210 0.303427
vn 0.054812 -0.935878 0.348034
vn -0.006826 -0.932677 0.360649
vn -0.067966 -0.937621 0.340950
vn -0.123920 -0.949131 0.289474
vn -0.169389 -0.963235 0.208530
vn -0.198736 -0.974511 0.104077
vn -0.207421 -0.978165 -0.013054
vn -0.193938 -0.972554 -0.128555
vn -0.160592 -0.960183 -0.228602
vn -0.112334 -0.946210 -0.303427
vn -0.054812 -0.935878 -0.348034
vn 0.006826 -0.932677 -0.360649
vn 0.067966 -0.937621 -0.340950
vn 0.123920 -0.949131 -0.289474
vn 0.169389 -0.963235 -0.208530
vn 0.198736 -0.974511 -0.104077
vn 0.207421 -0.978165 0.013054
vn 0.109682 -0.993878 0.013263
vn 0.101875 -0.992020 0.074281
vn 0.083982 -0.988268 0.127568
vn 0.058008 -0.984090 0.167936
vn 0.026628 -0.981070 0.191813
vn -0.007174 -0.980321 0.197280
vn -0.040328 -0.982114 0.183917
vn -0.069782 -0.985796 0.152761
vn -0.092646 -0.989996 0.106414
vn -0.106478 -0.993099 0.049153
vn -0.109682 -0.993878 -0.013263
vn -0.101875 -0.992020 -0.074281
vn -0.083982 -0.988268 -0.127568
vn -0.058008 -0.984090 -0.167936
vn -0.026628 -0.981070 -0.191813
vn 0.007174 -0.980321 -0.197280
vn 0.040328 -0.982114 -0.183917
vn 0.069782 -0.985796 -0.152761
vn 0.092646 -0.989996 -0.106414
vn 0.106478 -0.993099 -0.049153
vn 0.109682 -0.993878 0.013263
vn 0.000000 -1.000000 0.000000
vn 0.000000 -1.000000 0.000000
vn 0.000000 -1.000000 0.000000
vn 0.000000 -1.000000 0.000000
vn 0.000000 -1.000000 0.000000
vn 0.000000 -1.000000 0.000000
vn 0.000000 -1.000000 0.000000
vn 0.000000 -1.000000 0.000000
vn 0.000000 -1.000000 0.000000
vn 0.000000 -1.000000 0.000000
vn 0.000000 -1.000000 0.000000
vn 0.000000 -1.000000 0.000000
vn 0.000000 -1.000000 0.000000
vn 0.000000 -1.000000 0.000000
vn 0.000000 -1.000000 0.000000
vn 0.000000 -1.000000 0.000000
vn 0.000000 -1.000000 0.000000
vn 0.000000 -1.000000 0.000000
vn 0.000000 -1.000000 0.000000
vn 0.000000 -1.000000 0.000000
vn 0.000000 -1.000000 0.000000
vn 0.000000 1.000000 0.000000
vn 0.000000 1.000000 0.000000
vn 0.000000 1.000000 0.000000
vn 0.000000 1.000000 0.000000
vn 0.000000 1.000000 0.000000
vn 0.000000 1.000000 0.000000
vn 0.000000 1.000000 0.000000
vn 0.000000 1.000000 0.000000
vn 0.000000 1.000000 0.000000
vn 0.000000 1.000000 0.000000
vn 0.000000 1.000000 0.000000
vn 0.000000 1.000000 0.000000
vn 0.000000 1.000000 0.000000
vn 0.000000 1.000000 0.000000
vn 0.000000 1.000000 0.000000
vn 0.000000 1.000000 0.000000
vn 0.000000 1.000000 0.000000
vn 0.000000 1.000000 0.000000
vn 0.000000 1.000000 0.000000
vn 0.000000 1.000000 0.000000
vn 0.000000 1.000000 0.000000
vn 0.109682 0.993878 -0.013263
vn 0.106478 0.993099 0.049153
vn 0.092646 0.989996 0.106414
vn 0.069782 0.985796 0.152761
vn 0.040328 0.982114 0.183917
vn 0.007174 0.980321 0.197280
vn -0.026628 0.981070 0.191813
vn -0.058008 0.984090 0.167936
vn -0.083982 0.988268 0.127568
vn -0.101875 0.992020 0.074281
vn -0.109682 0.993878 0.013263
vn -0.106478 0.993099 -0.049153
vn -0.092646 0.989996 -0.106414
vn -0.069782 0.985796 -0.152761
vn -0.040328 0.982114 -0.183917
vn -0.007174 0.980321 -0.197280
vn 0.026628 0.981070 -0.191813
vn 0.058008 0.984090 -0.167936
vn 0.083982 0.988268 -0.127568
vn 0.101875 0.992020 -0.074281
vn 0.109682 0.993878 -0.013263
vn 0.207421 0.978165 -0.013054
vn 0.198736 0.974511 0.104077
vn 0.169389 0.963235 0.208530
vn 0.123920 0.949131 0.289474
vn 0.067966 0.937621 0.340950
vn 0.006826 0.932677 0.360649
vn -0.054812 0.935878 0.348034
vn -0.112334 0.946210 0.303427
vn -0.160592 0.960183 0.228602
vn -0.193938 0.972554 0.128555
vn -0.207421 0.978165 0.013054
vn -0.198736 0.974511 -0.104077
vn -0.169389 0.963235 -0.208530
vn -0.123920 0.949131 -0.289474
vn -0.067966 0.937621 -0.340950
vn -0.006826 0.932677 -0.360649
vn 0.054812 0.935878 -0.348034
vn 0.112334 0.946210 -0.303427
vn 0.160592 0.960183 -0.228602
vn 0.193938 0.972554 -0.128555
vn 0.207421 0.978165 -0.013054
vn 0.337964 0.941075 -0.012559
vn 0.320023 0.930814 0.176553
vn 0.266184 0.902806 0.337767
vn 0.188916 0.870541 0.454389
vn 0.099792 0.846152 0.523515
vn 0.006122 0.836559 0.547843
vn -0.087788 0.843985 0.529135
vn -0.177826 0.866732 0.465998
vn -0.257201 0.898560 0.355581
vn -0.314835 0.927930 0.199561
vn -0.337964 0.941075 0.012559
vn -0.320023 0.930814 -0.176553
vn -0.266184 0.902806 -0.337767
vn -0.188916 0.870541 -0.454389
vn -0.099792 0.846152 -0.523515
vn -0.006122 0.836559 -0.547843
vn 0.087788 0.843985 -0.529135
vn 0.177826 0.866732 -0.465998
vn 0.257201 0.898560 -0.355581
vn 0.314835 0.927930 -0.199561
vn 0.337964 0.941075 -0.012559
vn 0.525254 0.850870 -0.011355
vn 0.487812 0.827696 0.277415
vn 0.388933 0.772123 0.502550
vn 0.264003 0.715905 0.646361
vn 0.134022 0.677837 0.722894
vn 0.004860 0.664128 0.747603
vn -0.124235 0.675922 0.726426
vn -0.254228 0.712267 0.654251
vn -0.380034 0.767565 0.516157
vn -0.482034 0.824217 0.297171
vn -0.525254 0.850870 0.011355
vn -0.487812 0.827696 -0.277415
vn -0.388933 0.772123 -0.502550
vn -0.264003 0.715905 -0.646361
vn -0.134022 0.677837 -0.722894
vn -0.004860 0.664128 -0.747603
vn 0.124235 0.675922 -0.726426
vn 0.254228 0.712267 -0.654251
vn 0.380034 0.767565 -0.516157
vn 0.482034 0.824217 -0.297171
vn 0.525254 0.850870 -0.011355
vn 0.798414 0.602056 -0.008034
vn 0.713482 0.564687 0.414815
vn 0.528754 0.490871 0.692434
vn 0.337555 0.429782 0.837463
vn 0.164172 0.393923 0.904363
vn 0.002797 0.382134 0.924102
vn -0.158363 0.393115 0.905749
vn -0.331156 0.428089 0.840878
vn -0.521839 0.488352 0.699426
vn -0.707940 0.562314 0.427345
vn -0.798414 0.602056 0.008034
vn -0.713482 0.564687 -0.414815
vn -0.528754 0.490871 -0.692434
vn -0.337555 0.429782 -0.837463
vn -0.164172 0.393923 -0.904363
vn -0.002797 0.382134 -0.924102
vn 0.158363 0.393115 -0.905749
vn 0.331156 0.428089 -0.840878
vn 0.521839 0.488352 -0.699426
vn 0.707940 0.562314 -0.427345
vn 0.798414 0.602056 -0.008034
vn 1.000000 -0.000000 0.000000
vn 0.860326 -0.000000 0.509744
vn 0.602444 0.000000 0.798161
vn 0.370130 0.000000 0.928980
vn 0.175419 0.000000 0.984494
vn 0.000000 -0.000000 1.000000
vn -0.175419 -0.000000 0.984494
vn -0.370130 0.000000 0.928980
vn -0.602444 -0.000000 0.798161
vn -0.860326 0.000000 0.509744
vn -1.000000 -0.000000 0.000000
vn -0.860326 -0.000000 -0.509744
vn -0.602444 0.000000 -0.798161
vn -0.370130 0.000000 -0.928980
vn -0.175419 0.000000 -0.984494
vn -0.000000 -0.000000 -1.000000
vn 0.175419 -0.000000 -0.984494
vn 0.370130 0.000000 -0.928980
vn 0.602444 -0.000000 -0.798161
vn 0.860326 0.000000 -0.509744
vn 1.000000 -0.000000 0.000000
vn 0.798414 -0.602056 0.008034
vn 0.707940 -0.562314 0.427345
vn 0.521839 -0.488352 0.699426
vn 0.331156 -0.428089 0.840878
vn 0.158363 -0.393115 0.905749
vn -0.002797 -0.382134 0.924102
vn -0.164172 -0.393923 0.904363
vn -0.337555 -0.429782 0.837463
vn -0.528754 -0.490871 0.692434
vn -0.713482 -0.564687 0.414815
vn -0.798414 -0.602056 -0.008034
vn -0.707940 -0.562314 -0.427345
vn -0.521839 -0.488352 -0.699426
vn -0.331156 -0.428089 -0.840878
vn -0.158363 -0.393115 -0.905749
vn 0.002797 -0.382134 -0.924102
vn 0.164172 -0.393923 -0.904363
vn 0.337555 -0.429782 -0.837463
vn 0.528754 -0.490871 -0.692434
vn 0.713482 -0.564687 -0.414815
vn 0.798414 -0.602056 0.008034
vn 0.525254 -0.850870 0.011355
vn 0.482034 -0.824217 0.297171
vn 0.380034 -0.767565 0.516157
vn 0.254228 -0.712267 0.654251
vn 0.124235 -0.675922 0.726426
vn -0.004860 -0.664128 0.747603
vn -0.134022 -0.677837 0.722894
vn -0.264003 -0.715905 0.646361
vn -0.388933 -0.772123 0.502550
vn -0.487812 -0.827696 0.277415
vn -0.525254 -0.850870 -0.011355
vn -0.482034 -0.824217 -0.297171
vn -0.380034 -0.767565 -0.516157
vn -0.254228 -0.712267 -0.654251
vn -0.124235 -0.675922 -0.726426
vn 0.004860 -0.664128 -0.747603
vn 0.134022 -0.677837 -0.722894
vn 0.264003 -0.715905 -0.646361
vn 0.388933 -0.772123 -0.502550
vn 0.487812 -0.827696 -0.277415
vn 0.525254 -0.850870 0.011355
vn 0.337964 -0.941075 0.012559
vn 0.314835 -0.927930 0.199561
vn 0.257201 -0.898560 0.355581
vn 0.177826 -0.866732 0.465998
vn 0.087788 -0.843985 0.529135
vn -0.006122 -0.836559 0.547843
vn -0.099792 -0.846152 0.523515
vn -0.188916 -0.870541 0.454389
vn -0.266184 -0.902806 0.337767
vn -0.320023 -0.930814 0.176553
vn -0.337964 -0.941075 -0.012559
vn -0.314835 -0.927930 -0.199561
vn -0.257201 -0.898560 -0.355581
vn -0.177826 -0.866732 -0.465998
vn -0.087788 -0.843985 -0.529135
vn 0.006122 -0.836559 -0.547843
vn 0.099792 -0.846152 -0.523515
vn 0.188916 -0.870541 -0.454389
vn 0.266184 -0.902806 -0.337767
vn 0.320023 -0.930814 -0.176553
vn 0.337964 -0.941075 0.012559
vn 0.207421 -0.978165 0.013054
vn 0.193938 -0.972554 0.128555
vn 0.160592 -0.960183 0.228602
vn 0.112334 -0.946210 0.303427
vn 0.054812 -0.935878 0.348034
vn -0.006826 -0.932677 0.360649
vn -0.067966 -0.937621 0.340950
vn -0.123920 -0.949131 0.289474
vn -0.169389 -0.963235 0.208530
vn -0.198736 -0.974511 0.104077
vn -0.207421 -0.978165 -0.013054
vn -0.193938 -0.972554 -0.128555
vn -0.160592 -0.960183 -0.228602
vn -0.112334 -0.946210 -0.303427
vn -0.054812 -0.935878 -0.348034
vn 0.006826 -0.932677 -0.360649
vn 0.067966 -0.937621 -0.340950
vn 0.123920 -0.949131 -0.289474
vn 0.169389 -0.963235 -0.208530
vn 0.198736 -0.974511 -0.104077
vn 0.207421 -0.978165 0.013054
vn 0.109682 -0.993878 0.013263
vn 0.101875 -0.992020 0.074281
vn 0.083982 -0.988268 0.127568
vn 0.058008 -0.984090 0.167936
vn 0.026628 -0.981070 0.191813
vn -0.007174 -0.980321 0.197280
vn -0.040328 -0.982114 0.183917
vn -0.069782 -0.985796 0.152761
vn -0.092646 -0.989996 0.106414
vn -0.106478 -0.993099 0.049153
vn -0.109682 -0.993878 -0.013263
vn -0.101875 -0.992020 -0.074281
vn -0.083982 -0.988268 -0.127568
vn -0.058008 -0.984090 -0.167936
vn -0.026628 -0.981070 -0.191813
vn 0.007174 -0.980321 -0.197280
vn 0.040328 -0.982114 -0.183917
vn 0.069782 -0.985796 -0.152761
vn 0.092646 -0.989996 -0.106414
vn 0.106478 -0.993099 -0.049153
vn 0.109682 -0.993878 0.013263
vn 0.000000 -1.000000 0.000000
vn 0.000000 -1.000000 0.000000
vn 0.000000 -1.000000 0.000000
vn 0.000000 -1.000000 0.000000
vn 0.000000 -1.000000 0.000000
vn 0.000000 -1.000000 0.000000
vn 0.000000 -1.000000 0.000000
vn 0.000000 -1.000000 0.000000
vn 0.000000 -1.000000 0.000000
vn 0.000000 -1.000000 0.000000
vn 0.000000 -1.000000 0.000000
vn 0.000000 -1.000000 0.000000
vn 0.000000 -1.000000 0.000000
vn 0.000000 -1.000000 0.000000
vn 0.000000 -1.000000 0.000000
vn 0.000000 -1.000000 0.000000
vn 0.000000 -1.000000 0.000000
vn 0.000000 -1.000000 0.000000
vn 0.000000 -1.000000 0.000000
vn 0.000000 -1.000000 0.000000
vn 0.000000 -1.000000 0.000000
f 1081//1081 1082//1082 1102//1102
f 1082//1082 1103//1103 1102//1102
f 1082//1082 1083//1083 1103//1103
f 1083//1083 1104//1104 1103//1103
f 1083//1083 1084//1084 1104//1104
f 1084//1084 1105//1105 1104//1104
f 1084//1084 1085//1085 1105//1105
f 1085//1085 1106//1106 1105//1105
f 1085//1085 1086//1086 1106//1106
f 1086//1086 1107//1107 1106//1106
f 1086//1086 1087//1087 1107//1107
f 1087//1087 1108//1108 1107//1107
f 1087//1087 1088//1088 1108//1108
f 1088//1088 1109//1109 1108//1108
f 1088//1088 1089//1089 1109//1109
f 1089//1089 1110//1110 1109//1109
f 1089//1089 1090//1090 1110//1110
f 1090//1090 1111//1111 1110//1110
f 1090//1090 1091//1091 1111//1111
f 1091//1091 1112//1112 1111//1111
f 1091//1091 1092//1092 1112//1112
f 1092//1092 1113//1113 1112//1112
f 1092//1092 1093//1093 1113//1113
f 1093//1093 1114//1114 1113//1113
f 1093//1093 1094//1094 1114//1114
f 1094//1094 1115//1115 1114//1114
f 1094//1094 1095//1095 1115//1115
f 1095//1095 1116//1116 1115//1115
f 1095//1095 1096//1096 1116//1116
f 1096//1096 1117//1117 1116//1116
f 1096//1096 1097//1097 1117//1117
f 1097//1097 1118//1118 1117//1117
f 1097//1097 1098//1098 1118//1118
f 1098//1098 1119//1119 1118//1118
f 1098//1098 1099//1099 1119//1119
f 1099//1099 1120//1120 1119//1119
f 1099//1099 1100//1100 1120//1120
f 1100//1100 1121//1121 1120//1120
f 1100//1100 1101//1101 1121//1121
f 1101//1101 1122//1122 1121//1121
f 1102//1102 1103//1103 1123//1123
f 1103//1103 1124//1124 1123//1123
f 1103//1103 1104//1104 1124//1124
f 1104//1104 1125//1125 1124//1124
f 1104//1104 1105//1105 1125//1125
f 1105//1105 1126//1126 1125//1125
f 1105//1105 1106//1106 1126//1126
f 1106//1106 1127//1127 1126//1126
f 1106//1106 1107//1107 1127//1127
f 1107//1107 1128//1128 1127//1127
f 1107//1107 1108//1108 1128//1128
f 1108//1108 1129//1129 1128//1128
f 1108//1108 1109//1109 1129//1129
f 1109//1109 1130//1130 1129//1129
f 1109//1109 1110//1110 1130//1130
f 1110//1110 1131//1131 1130//1130
f 1110//1110 1111//1111 1131//1131
f 1111//1111 1132//1132 1131//1131
f 1111//1111 1112//1112 1132//1132
f 1112//1112 1133//1133 1132//1132
f 1112//1112 1113//1113 1133//1133
f 1113//1113 1134//1134 1133//1133
f 1113//1113 1114//1114 1134//1134
f 1114//1114 1135//1135 1134//1134
f 1114//1114 1115//1115 1135//1135
f 1115//1115 1136//1136 1135//1135
f 1115//1115 1116//1116 1136//1136
f 1116//1116 1137//1137 1136//1136
f 1116//1116 1117//1117 1137//1137
f 1117//1117 1138//1138 1137//1137
f 1117//1117 1118//1118 1138//1138
f 1118//1118 1139//1139 1138//1138
f 1118//1118 1119//1119 1139//1139
f 1119//1119 1140//1140 1139//1139
f 1119//1119 1120//1120 1140//1140
f 1120//1120 1141//1141 1140//1140
f 1120//1120 1121//1121 1141//1141
f 1121//1121 1142//1142 1141//1141
f 1121//1121 1122//1122 1142//1142
f 1122//1122 1143//1143 1142//1142
f 1123//1123 1124//1124 1144//1144
f 1124//1124 1145//1145 1144//1144
f 1124//1124 1125//1125 1145//1145
f 1125//1125 1146//1146 1145//1145
f 1125//1125 1126//1126 1146//1146
f 1126//1126 1147//1147 1146//1146
f 1126//1126 1127//1127 1147//1147
f 1127//1127 1148//1148 1147//1147
f 1127//1127 1128//1128 1148//1148
f 1128//1128 1149//1149 1148//1148
f 1128//1128 1129//1129 1149//1149
f 1129//1129 1150//1150 1149//1149
f 1129//1129 1130//1130 1150//1150
f 1130//1130 1151//1151 1150//1150
f 1130//1130 1131//1131 1151//1151
f 1131//1131 1152//1152 1151//1151
f 1131//1131 1132//1132 1152//1152
f 1132//1132 1153//1153 1152//1152
f 1132//1132 1133//1133 1153//1153
f 1133//1133 1154//1154 1153//1153
f 1133//1133 1134//1134 1154//1154
f 1134//1134 1155//1155 1154//1154
f 1134//1134 1135//1135 1155//1155
f 1135//1135 1156//1156 1155//1155
f 1135//1135 1136//1136 1156//1156
f 1136//1136 1157//1157 1156//1156
f 1136//1136 1137//1137 1157//1157
f 1137//1137 1158//1158 1157//1157
f 1137//1137 1138//1138 1158//1158
f 1138//1138 1159//1159 1158//1158
f 1138//1138 1139//1139 1159//1159
f 1139//1139 1160//1160 1159//1159
f 1139//1139 1140//1140 1160//1160
f 1140//1140 1161//1161 1160//1160
f 1140//1140 1141//1141 1161//1161
f 1141//1141 1162//1162 1161//1161
f 1141//1141 1142//1142 1162//1162
f 1142//1142 1163//1163 1162//1162
f 1142//1142 1143//1143 1163//1163
f 1143//1143 1164//1164 1163//1163
f 1144//1144 1145//1145 1165//1165
f 1145//1145 1166//1166 1165//1165
f 1145//1145 1146//1146 1166//1166
f 1146//1146 1167//1167 1166//1166
f 1146//1146 1147//1147 1167//1167
f 1147//1147 1168//1168 1167//1167
f 1147//1147 1148//1148 1168//1168
f 1148//1148 1169//1169 1168//1168
f 1148//1148 1149//1149 1169//1169
f 1149//1149 1170//1170 1169//1169
f 1149//1149 1150//1150 1170//1170
f 1150//1150 1171//1171 1170//1170
f 1150//1150 1151//1151 1171//1171
f 1151//1151 1172//1172 1171//1171
f 1151//1151 1152//1152 1172//1172
f 1152//1152 1173//1173 1172//1172
f 1152//1152 1153//1153 1173//1173
f 1153//1153 1174//1174 1173//1173
f 1153//1153 1154//1154 1174//1174
f 1154//1154 1175//1175 1174//1174
f 1154//1154 1155//1155 1175//1175
f 1155//1155 1176//1176 1175//1175
f 1155//1155 1156//1156 1176//1176
f 1156//1156 1177//1177 1176//1176
f 1156//1156 1157//1157 1177//1177
f 1157//1157 1178//1178 1177//1177
f 1157//1157 1158//1158 1178//1178
f 1158//1158 1179//1179 1178//1178
f 1158//1158 1159//1159 1179//1179
f 1159//1159 1180//1180 1179//1179
f 1159//1159 1160//1160 1180//1180
f 1160//1160 1181//1181 1180//1180
f 1160//1160 1161//1161 1181//1181
f 1161//1161 1182//1182 1181//1181
f 1161//1161 1162//1162 1182//1182
f 1162//1162 1183//1183 1182//1182
f 1162//1162 1163//1163 1183//1183
f 1163//1163 1184//1184 1183//1183
f 1163//1163 1164//1164 1184//1184
f 1164//1164 1185//1185 1184//1184
f 1165//1165 1166//1166 1186//1186
f 1166//1166 1187//1187 1186//1186
f 1166//1166 1167//1167 1187//1187
f 1167//1167 1188//1188 1187//1187
f 1167//1167 1168//1168 1188//1188
f 1168//1168 1189//1189 1188//1188
f 1168//1168 1169//1169 1189//1189
f 1169//1169 1190//1190 1189//1189
f 1169//1169 1170//1170 1190//1190
f 1170//1170 1191//1191 1190//1190
f 1170//1170 1171//1171 1191//1191
f 1171//1171 1192//1192 1191//1191
f 1171//1171 1172//1172 1192//1192
f 1172//1172 1193//1193 1192//1192
f 1172//1172 1173//1173 1193//1193
f 1173//1173 1194//1194 1193//1193
f 1173//1173 1174//1174 1194//1194
f 1174//1174 1195//1195 1194//1194
f 1174//1174 1175//1175 1195//1195
f 1175//1175 1196//1196 1195//1195
f 1175//1175 1176//1176 1196//1196
f 1176//1176 1197//1197 1196//1196
f 1176//1176 1177//1177 1197//1197
f 1177//1177 1198//1198 1197//1197
f 1177//1177 1178//1178 1198//1198
f 1178//1178 1199//1199 1198//1198
f 1178//1178 1179//1179 1199//1199
f 1179//1179 1200//1200 1199//1199
f 1179//1179 1180//1180 1200//1200
f 1180//1180 1201//1201 1200//1200
f 1180//1180 1181//1181 1201//1201
f 1181//1181 1202//1202 1201//1201
f 1181//1181 1182//1182 1202//1202
f 1182//1182 1203//1203 1202//1202
f 1182//1182 1183//1183 1203//1203
f 1183//1183 1204//1204 1203//1203
f 1183//1183 1184//1184 1204//1204
f 1184//1184 1205//1205 1204//1204
f 1184//1184 1185//1185 1205//1205
f 1185//1185 1206//1206 1205//1205
f 1186//1186 1187//1187 1207//1207
f 1187//1187 1208//1208 1207//1207
f 1187//1187 1188//1188 1208//1208
f 1188//1188 1209//1209 1208//1208
f 1188//1188 1189//1189 1209//1209
f 1189//1189 1210//1210 1209//1209
f 1189//1189 1190//1190 1210//1210
f 1190//1190 1211//1211 1210//1210
f 1190//1190 1191//1191 1211//1211
f 1191//1191 1212//1212 1211//1211
f 1191//1191 1192//1192 1212//1212
f 1192//1192 1213//1213 1212//1212
f 1192//1192 1193//1193 1213//1213
f 1193//1193 1214//1214 1213//1213
f 1193//1193 1194//1194 1214//1214
f 1194//1194 1215//1215 1214//1214
f 1194//1194 1195//1195 1215//1215
f 1195//1195 1216//1216 1215//1215
f 1195//1195 1196//1196 1216//1216
f 1196//1196 1217//1217 1216//1216
f 1196//1196 1197//1197 1217//1217
f 1197//1197 1218//1218 1217//1217
f 1197//1197 1198//1198 1218//1218
f 1198//1198 1219//1219 1218//1218
f 1198//1198 1199//1199 1219//1219
f 1199//1199 1220//1220 1219//1219
f 1199//1199 1200//1200 1220//1220
f 1200//1200 1221//1221 1220//1220
f 1200//1200 1201//1201 1221//1221
f 1201//1201 1222//1222 1221//1221
f 1201//1201 1202//1202 1222//1222
f 1202//1202 1223//1223 1222//1222
f 1202//1202 1203//1203 1223//1223
f 1203//1203 1224//1224 1223//1223
f 1203//1203 1204//1204 1224//1224
f 1204//1204 1225//1225 1224//1224
f 1204//1204 1205//1205 1225//1225
f 1205//1205 1226//1226 1225//1225
f 1205//1205 1206//1206 1226//1226
f 1206//1206 1227//1227 1226//1226
f 1207//1207 1208//1208 1228//1228
f 1208//1208 1229//1229 1228//1228
f 1208//1208 1209//1209 1229//1229
f 1209//1209 1230//1230 1229//1229
f 1209//1209 1210//1210 1230//1230
f 1210//1210 1231//1231 1230//1230
f 1210//1210 1211//1211 1231//1231
f 1211//1211 1232//1232 1231//1231
f 1211//1211 1212//1212 1232//1232
f 1212//1212 1233//1233 1232//1232
f 1212//1212 1213//1213 1233//1233
f 1213//1213 1234//1234 1233//1233
f 1213//1213 1214//1214 1234//1234
f 1214//1214 1235//1235 1234//1234
f 1214//1214 1215//1215 1235//1235
f 1215//1215 1236//1236 1235//1235
f 1215//1215 1216//1216 1236//1236
f 1216//1216 1237//1237 1236//1236
f 1216//1216 1217//1217 1237//1237
f 1217//1217 1238//1238 1237//1237
f 1217//1217 1218//1218 1238//1238
f 1218//1218 1239//1239 1238//1238
f 1218//1218 1219//1219 1239//1239
f 1219//1219 1240//1240 1239//1239
f 1219//1219 1220//1220 1240//1240
f 1220//1220 1241//1241 1240//1240
f 1220//1220 1221//1221 1241//1241
f 1221//1221 1242//1242 1241//1241
f 1221//1221 1222//1222 1242//1242
f 1222//1222 1243//1243 1242//1242
f 1222//1222 1223//1223 1243//1243
f 1223//1223 1244//1244 1243//1243
f 1223//1223 1224//1224 1244//1244
f 1224//1224 1245//1245 1244//1244
f 1224//1224 1225//1225 1245//1245
f 1225//1225 1246//1246 1245//1245
f 1225//1225 1226//1226 1246//1246
f 1226//1226 1247//1247 1246//1246
f 1226//1226 1227//1227 1247//1247
f 1227//1227 1248//1248 1247//1247
f 1228//1228 1229//1229 1249//1249
f 1229//1229 1250//1250 1249//1249
f 1229//1229 1230//1230 1250//1250
f 1230//1230 1251//1251 1250//1250
f 1230//1230 1231//1231 1251//1251
f 1231//1231 1252//1252 1251//1251
f 1231//1231 1232//1232 1252//1252
f 1232//1232 1253//1253 1252//1252
f 1232//1232 1233//1233 1253//1253
f 1233//1233 1254//1254 1253//1253
f 1233//1233 1234//1234 1254//1254
f 1234//1234 1255//1255 1254//1254
f 1234//1234 1235//1235 1255//1255
f 1235//1235 1256//1256 1255//1255
f 1235//1235 1236//1236 1256//1256
f 1236//1236 1257//1257 1256//1256
f 1236//1236 1237//1237 1257//1257
f 1237//1237 1258//1258 1257//1257
f 1237//1237 1238//1238 1258//1258
f 1238//1238 1259//1259 1258//1258
f 1238//1238 1239//1239 1259//1259
f 1239//1239 1260//1260 1259//1259
f 1239//1239 1240//1240 1260//1260
f 1240//1240 1261//1261 1260//1260
f 1240//1240 1241//1241 1261//1261
f 1241//1241 1262//1262 1261//1261
f 1241//1241 1242//1242 1262//1262
f 1242//1242 1263//1263 1262//1262
f 1242//1242 1243//1243 1263//1263
f 1243//1243 1264//1264 1263//1263
f 1243//1243 1244//1244 1264//1264
f 1244//1244 1265//1265 1264//1264
f 1244//1244 1245//1245 1265//1265
f 1245//1245 1266//1266 1265//1265
f 1245//1245 1246//1246 1266//1266
f 1246//1246 1267//1267 1266//1266
f 1246//1246 1247//1247 1267//1267
f 1247//1247 1268//1268 1267//1267
f 1247//1247 1248//1248 1268//1268
f 1248//1248 1269//1269 1268//1268
f 1249//1249 1250//1250 1270//1270
f 1250//1250 1271//1271 1270//1270
f 1250//1250 1251//1251 1271//1271
f 1251//1251 1272//1272 1271//1271
f 1251//1251 1252//1252 1272//1272
f 1252//1252 1273//1273 1272//1272
f 1252//1252 1253//1253 1273//1273
f 1253//1253 1274//1274 1273//1273
f 1253//1253 1254//1254 1274//1274
f 1254//1254 1275//1275 1274//1274
f 1254//1254 1255//1255 1275//1275
f 1255//1255 1276//1276 1275//1275
f 1255//1255 1256//1256 1276//1276
f 1256//1256 1277//1277 1276//1276
f 1256//1256 1257//1257 1277//1277
f 1257//1257 1278//1278 1277//1277
f 1257//1257 1258//1258 1278//1278
f 1258//1258 1279//1279 1278//1278
f 1258//1258 1259//1259 1279//1279
f 1259//1259 1280//1280 1279//1279
f 1259//1259 1260//1260 1280//1280
f 1260//1260 1281//1281 1280//1280
f 1260//1260 1261//1261 1281//1281
f 1261//1261 1282//1282 1281//1281
f 1261//1261 1262//1262 1282//1282
f 1262//1262 1283//1283 1282//1282
f 1262//1262 1263//1263 1283//1283
f 1263//1263 1284//1284 1283//1283
f 1263//1263 1264//1264 1284//1284
f 1264//1264 1285//1285 1284//1284
f 1264//1264 1265//1265 1285//1285
f 1265//1265 1286//1286 1285//1285
f 1265//1265 1266//1266 1286//1286
f 1266//1266 1287//1287 1286//1286
f 1266//1266 1267//1267 1287//1287
f 1267//1267 1288//1288 1287//1287
f 1267//1267 1268//1268 1288//1288
f 1268//1268 1289//1289 1288//1288
f 1268//1268 1269//1269 1289//1289
f 1269//1269 1290//1290 1289//1289
f 1270//1270 1271//1271 1291//1291
f 1271//1271 1292//1292 1291//1291
f 1271//1271 1272//1272 1292//1292
f 1272//1272 1293//1293 1292//1292
f 1272//1272 1273//1273 1293//1293
f 1273//1273 1294//1294 1293//1293
f 1273//1273 1274//1274 1294//1294
f 1274//1274 1295//1295 1294//1294
f 1274//1274 1275//1275 1295//1295
f 1275//1275 1296//1296 1295//1295
f 1275//1275 1276//1276 1296//1296
f 1276//1276 1297//1297 1296//1296
f 1276//1276 1277//1277 1297//1297
f 1277//1277 1298//1298 1297//1297
f 1277//1277 1278//1278 1298//1298
f 1278//1278 1299//1299 1298//1298
f 1278//1278 1279//1279 1299//1299
f 1279//1279 1300//1300 1299//1299
f 1279//1279 1280//1280 1300//1300
f 1280//1280 1301//1301 1300//1300
f 1280//1280 1281//1281 1301//1301
f 1281//1281 1302//1302 1301//1301
f 1281//1281 1282//1282 1302//1302
f 1282//1282 1303//1303 1302//1302
f 1282//1282 1283//1283 1303//1303
f 1283//1283 1304//1304 1303//1303
f 1283//1283 1284//1284 1304//1304
f 1284//1284 1305//1305 1304//1304
f 1284//1284 1285//1285 1305//1305
f 1285//1285 1306//1306 1305//1305
f 1285//1285 1286//1286 1306//1306
f 1286//1286 1307//1307 1306//1306
f 1286//1286 1287//1287 1307//1307
f 1287//1287 1308//1308 1307//1307
f 1287//1287 1288//1288 1308//1308
f 1288//1288 1309//1309 1308//1308
f 1288//1288 1289//1289 1309//1309
f 1289//1289 1310//1310 1309//1309
f 1289//1289 1290//1290 1310//1310
f 1290//1290 1311//1311 1310//1310
f 1291//1291 1292//1292 1312//1312
f 1292//1292 1313//1313 1312//1312
f 1292//1292 1293//1293 1313//1313
f 1293//1293 1314//1314 1313//1313
f 1293//1293 1294//1294 1314//1314
f 1294//1294 1315//1315 1314//1314
f 1294//1294 1295//1295 1315//1315
f 1295//1295 1316//1316 1315//1315
f 1295//1295 1296//1296 1316//1316
f 1296//1296 1317//1317 1316//1316
f 1296//1296 1297//1297 1317//1317
f 1297//1297 1318//1318 1317//1317
f 1297//1297 1298//1298 1318//1318
f 1298//1298 1319//1319 1318//1318
f 1298//1298 1299//1299 1319//1319
f 1299//1299 1320//1320 1319//1319
f 1299//1299 1300//1300 1320//1320
f 1300//1300 1321//1321 1320//1320
f 1300//1300 1301//1301 1321//1321
f 1301//1301 1322//1322 1321//1321
f 1301//1301 1302//1302 1322//1322
f 1302//1302 1323//1323 1322//1322
f 1302//1302 1303//1303 1323//1323
f 1303//1303 1324//1324 1323//1323
f 1303//1303 1304//1304 1324//1324
f 1304//1304 1325//1325 1324//1324
f 1304//1304 1305//1305 1325//1325
f 1305//1305 1326//1326 1325//1325
f 1305//1305 1306//1306 1326//1326
f 1306//1306 1327//1327 1326//1326
f 1306//1306 1307//1307 1327//1327
f 1307//1307 1328//1328 1327//1327
f 1307//1307 1308//1308 1328//1328
f 1308//1308 1329//1329 1328//1328
f 1308//1308 1309//1309 1329//1329
f 1309//1309 1330//1330 1329//1329
f 1309//1309 1310//1310 1330//1330
f 1310//1310 1331//1331 1330//1330
f 1310//1310 1311//1311 1331//1331
f 1311//1311 1332//1332 1331//1331
f 1312//1312 1313//1313 1333//1333
f 1313//1313 1334//1334 1333//1333
f 1313//1313 1314//1314 1334//1334
f 1314//1314 1335//1335 1334//1334
f 1314//1314 1315//1315 1335//1335
f 1315//1315 1336//1336 1335//1335
f 1315//1315 1316//1316 1336//1336
f 1316//1316 1337//1337 1336//1336
f 1316//1316 1317//1317 1337//1337
f 1317//1317 1338//1338 1337//1337
f 1317//1317 1318//1318 1338//1338
f 1318//1318 1339//1339 1338//1338
f 1318//1318 1319//1319 1339//1339
f 1319//1319 1340//1340 1339//1339
f 1319//1319 1320//1320 1340//1340
f 1320//1320 1341//1341 1340//1340
f 1320//1320 1321//1321 1341//1341
f 1321//1321 1342//1342 1341//1341
f 1321//1321 1322//1322 1342//1342
f 1322//1322 1343//1343 1342//1342
f 1322//1322 1323//1323 1343//1343
f 1323//1323 1344//1344 1343//1343
f 1323//1323 1324//1324 1344//1344
f 1324//1324 1345//1345 1344//1344
f 1324//1324 1325//1325 1345//1345
f 1325//1325 1346//1346 1345//1345
f 1325//1325 1326//1326 1346//1346
f 1326//1326 1347//1347 1346//1346
f 1326//1326 1327//1327 1347//1347
f 1327//1327 1348//1348 1347//1347
f 1327//1327 1328//1328 1348//1348
f 1328//1328 1349//1349 1348//1348
f 1328//1328 1329//1329 1349//1349
f 1329//1329 1350//1350 1349//1349
f 1329//1329 1330//1330 1350//1350
f 1330//1330 1351//1351 1350//1350
f 1330//1330 1331//1331 1351//1351
f 1331//1331 1352//1352 1351//1351
f 1331//1331 1332//1332 1352//1352
f 1332//1332 1353//1353 1352//1352
f 1354//1354 1355//1355 1375//1375
f 1355//1355 1376//1376 1375//1375
f 1355//1355 1356//1356 1376//1376
f 1356//1356 1377//1377 1376//1376
f 1356//1356 1357//1357 1377//1377
f 1357//1357 1378//1378 1377//1377
f 1357//1357 1358//1358 1378//1378
f 1358//1358 1379//1379 1378//1378
f 1358//1358 1359//1359 1379//1379
f 1359//1359 1380//1380 1379//1379
f 1359//1359 1360//1360 1380//1380
f 1360//1360 1381//1381 1380//1380
f 1360//1360 1361//1361 1381//1381
f 1361//1361 1382//1382 1381//1381
f 1361//1361 1362//1362 1382//1382
f 1362//1362 1383//1383 1382//1382
f 1362//1362 1363//1363 1383//1383
f 1363//1363 1384//1384 1383//1383
f 1363//1363 1364//1364 1384//1384
f 1364//1364 1385//1385 1384//1384
f 1364//1364 1365//1365 1385//1385
f 1365//1365 1386//1386 1385//1385
f 1365//1365 1366//1366 1386//1386
f 1366//1366 1387//1387 1386//1386
f 1366//1366 1367//1367 1387//1387
f 1367//1367 1388//1388 1387//1387
f 1367//1367 1368//1368 1388//1388
f 1368//1368 1389//1389 1388//1388
f 1368//1368 1369//1369 1389//1389
f 1369//1369 1390//1390 1389//1389
f 1369//1369 1370//1370 1390//1390
f 1370//1370 1391//1391 1390//1390
f 1370//1370 1371//1371 1391//1391
f 1371//1371 1392//1392 1391//1391
f 1371//1371 1372//1372 1392//1392
f 1372//1372 1393//1393 1392//1392
f 1372//1372 1373//1373 1393//1393
f 1373//1373 1394//1394 1393//1393
f 1373//1373 1374//1374 1394//1394
f 1374//1374 1395//1395 1394//1394
f 1375//1375 1376//1376 1396//1396
f 1376//1376 1397//1397 1396//1396
f 1376//1376 1377//1377 1397//1397
f 1377//1377 1398//1398 1397//1397
f 1377//1377 1378//1378 1398//1398
f 1378//1378 1399//1399 1398//1398
f 1378//1378 1379//1379 1399//1399
f 1379//1379 1400//1400 1399//1399
f 1379//1379 1380//1380 1400//1400
f 1380//1380 1401//1401 1400//1400
f 1380//1380 1381//1381 1401//1401
f 1381//1381 1402//1402 1401//1401
f 1381//1381 1382//1382 1402//1402
f 1382//1382 1403//1403 1402//1402
f 1382//1382 1383//1383 1403//1403
f 1383//1383 1404//1404 1403//1403
f 1383//1383 1384//1384 1404//1404
f 1384//1384 1405//1405 1404//1404
f 1384//1384 1385//1385 1405//1405
f 1385//1385 1406//1406 1405//1405
f 1385//1385 1386//1386 1406//1406
f 1386//1386 1407//1407 1406//1406
f 1386//1386 1387//1387 1407//1407
f 1387//1387 1408//1408 1407//1407
f 1387//1387 1388//1388 1408//1408
f 1388//1388 1409//1409 1408//1408
f 1388//1388 1389//1389 1409//1409
f 1389//1389 1410//1410 1409//1409
f 1389//1389 1390//1390 1410//1410
f 1390//1390 1411//1411 1410//1410
f 1390//1390 1391//1391 1411//1411
f 1391//1391 1412//1412 1411//1411
f 1391//1391 1392//1392 1412//1412
f 1392//1392 1413//1413 1412//1412
f 1392//1392 1393//1393 1413//1413
f 1393//1393 1414//1414 1413//1413
f 1393//1393 1394//1394 1414//1414
f 1394//1394 1415//1415 1414//1414
f 1394//1394 1395//1395 1415//1415
f 1395//1395 1416//1416 1415//1415
f 1396//1396 1397//1397 1417//1417
f 1397//1397 1418//1418 1417//1417
f 1397//1397 1398//1398 1418//1418
f 1398//1398 1419//1419 1418//1418
f 1398//1398 1399//1399 1419//1419
f 1399//1399 1420//1420 1419//1419
f 1399//1399 1400//1400 1420//1420
f 1400//1400 1421//1421 1420//1420
f 1400//1400 1401//1401 1421//1421
f 1401//1401 1422//1422 1421//1421
f 1401//1401 1402//1402 1422//1422
f 1402//1402 1423//1423 1422//1422
f 1402//1402 1403//1403 1423//1423
f 1403//1403 1424//1424 1423//1423
f 1403//1403 1404//1404 1424//1424
f 1404//1404 1425//1425 1424//1424
f 1404//1404 1405//1405 1425//1425
f 1405//1405 1426//1426 1425//1425
f 1405//1405 1406//1406 1426//1426
f 1406//1406 1427//1427 1426//1426
f 1406//1406 1407//1407 1427//1427
f 1407//1407 1428//1428 1427//1427
f 1407//1407 1408//1408 1428//1428
f 1408//1408 1429//1429 1428//1428
f 1408//1408 1409//1409 1429//1429
f 1409//1409 1430//1430 1429//1429
f 1409//1409 1410//1410 1430//1430
f 1410//1410 1431//1431 1430//1430
f 1410//1410 1411//1411 1431//1431
f 1411//1411 1432//1432 1431//1431
f 1411//1411 1412//1412 1432//1432
f 1412//1412 1433//1433 1432//1432
f 1412//1412 1413//1413 1433//1433
f 1413//1413 1434//1434 1433//1433
f 1413//1413 1414//1414 1434//1434
f 1414//1414 1435//1435 1434//1434
f 1414//1414 1415//1415 1435//1435
f 1415//1415 1436//1436 1435//1435
f 1415//1415 1416//1416 1436//1436
f 1416//1416 1437//1437 1436//1436
f 1417//1417 1418//1418 1438//1438
f 1418//1418 1439//1439 1438//1438
f 1418//1418 1419//1419 1439//1439
f 1419//1419 1440//1440 1439//1439
f 1419//1419 1420//1420 1440//1440
f 1420//1420 1441//1441 1440//1440
f 1420//1420 1421//1421 1441//1441
f 1421//1421 1442//1442 1441//1441
f 1421//1421 1422//1422 1442//1442
f 1422//1422 1443//1443 1442//1442
f 1422//1422 1423//1423 1443//1443
f 1423//1423 1444//1444 1443//1443
f 1423//1423 1424//1424 1444//1444
f 1424//1424 1445//1445 1444//1444
f 1424//1424 1425//1425 1445//1445
f 1425//1425 1446//1446 1445//1445
f 1425//1425 1426//1426 1446//1446
f 1426//1426 1447//1447 1446//1446
f 1426//1426 1427//1427 1447//1447
f 1427//1427 1448//1448 1447//1447
f 1427//1427 1428//1428 1448//1448
f 1428//1428 1449//1449 1448//1448
f 1428//1428 1429//1429 1449//1449
f 1429//1429 1450//1450 1449//1449
f 1429//1429 1430//1430 1450//1450
f 1430//1430 1451//1451 1450//1450
f 1430//1430 1431//1431 1451//1451
f 1431//1431 1452//1452 1451//1451
f 1431//1431 1432//1432 1452//1452
f 1432//1432 1453//1453 1452//1452
f 1432//1432 1433//1433 1453//1453
f 1433//1433 1454//1454 1453//1453
f 1433//1433 1434//1434 1454//1454
f 1434//1434 1455//1455 1454//1454
f 1434//1434 1435//1435 1455//1455
f 1435//1435 1456//1456 1455//1455
f 1435//1435 1436//1436 1456//1456
f 1436//1436 1457//1457 1456//1456
f 1436//1436 1437//1437 1457//1457
f 1437//1437 1458//1458 1457//1457
f 1438//1438 1439//1439 1459//1459
f 1439//1439 1460//1460 1459//1459
f 1439//1439 1440//1440 1460//1460
f 1440//1440 1461//1461 1460//1460
f 1440//1440 1441//1441 1461//1461
f 1441//1441 1462//1462 1461//1461
f 1441//1441 1442//1442 1462//1462
f 1442//1442 1463//1463 1462//1462
f 1442//1442 1443//1443 1463//1463
f 1443//1443 1464//1464 1463//1463
f 1443//1443 1444//1444 1464//1464
f 1444//1444 1465//1465 1464//1464
f 1444//1444 1445//1445 1465//1465
f 1445//1445 1466//1466 1465//1465
f 1445//1445 1446//1446 1466//1466
f 1446//1446 1467//1467 1466//1466
f 1446//1446 1447//1447 1467//1467
f 1447//1447 1468//1468 1467//1467
f 1447//1447 1448//1448 1468//1468
f 1448//1448 1469//1469 1468//1468
f 1448//1448 1449//1449 1469//1469
f 1449//1449 1470//1470 1469//1469
f 1449//1449 1450//1450 1470//1470
f 1450//1450 1471//1471 1470//1470
f 1450//1450 1451//1451 1471//1471
f 1451//1451 1472//1472 1471//1471
f 1451//1451 1452//1452 1472//1472
f 1452//1452 1473//1473 1472//1472
f 1452//1452 1453//1453 1473//1473
f 1453//1453 1474//1474 1473//1473
f 1453//1453 1454//1454 1474//1474
f 1454//1454 1475//1475 1474//1474
f 1454//1454 1455//1455 1475//1475
f 1455//1455 1476//1476 1475//1475
f 1455//1455 1456//1456 1476//1476
f 1456//1456 1477//1477 1476//1476
f 1456//1456 1457//1457 1477//1477
f 1457//1457 1478//1478 1477//1477
f 1457//1457 1458//1458 1478//1478
f 1458//1458 1479//1479 1478//1478
f 1459//1459 1460//1460 1480//1480
f 1460//1460 1481//1481 1480//1480
f 1460//1460 1461//1461 1481//1481
f 1461//1461 1482//1482 1481//1481
f 1461//1461 1462//1462 1482//1482
f 1462//1462 1483//1483 1482//1482
f 1462//1462 1463//1463 1483//1483
f 1463//1463 1484//1484 1483//1483
f 1463//1463 1464//1464 1484//1484
f 1464//1464 1485//1485 1484//1484
f 1464//1464 1465//1465 1485//1485
f 1465//1465 1486//1486 1485//1485
f 1465//1465 1466//1466 1486//1486
f 1466//1466 1487//1487 1486//1486
f 1466//1466 1467//1467 1487//1487
f 1467//1467 1488//1488 1487//1487
f 1467//1467 1468//1468 1488//1488
f 1468//1468 1489//1489 1488//1488
f 1468//1468 1469//1469 1489//1489
f 1469//1469 1490//1490 1489//1489
f 1469//1469 1470//1470 1490//1490
f 1470//1470 1491//1491 1490//1490
f 1470//1470 1471//1471 1491//1491
f 1471//1471 1492//1492 1491//1491
f 1471//1471 1472//1472 1492//1492
f 1472//1472 1493//1493 1492//1492
f 1472//1472 1473//1473 1493//1493
f 1473//1473 1494//1494 1493//1493
f 1473//1473 1474//1474 1494//1494
f 1474//1474 1495//1495 1494//1494
f 1474//1474 1475//1475 1495//1495
f 1475//1475 1496//1496 1495//1495
f 1475//1475 1476//1476 1496//1496
f 1476//1476 1497//1497 1496//1496
f 1476//1476 1477//1477 1497//1497
f 1477//1477 1498//1498 1497//1497
f 1477//1477 1478//1478 1498//1498
f 1478//1478 1499//1499 1498//1498
f 1478//1478 1479//1479 1499//1499
f 1479//1479 1500//1500 1499//1499
f 1480//1480 1481//1481 1501//1501
f 1481//1481 1502//1502 1501//1501
f 1481//1481 1482//1482 1502//1502
f 1482//1482 1503//1503 1502//1502
f 1482//1482 1483//1483 1503//1503
f 1483//1483 1504//1504 1503//1503
f 1483//1483 1484//1484 1504//1504
f 1484//1484 1505//1505 1504//1504
f 1484//1484 1485//1485 1505//1505
f 1485//1485 1506//1506 1505//1505
f 1485//1485 1486//1486 1506//1506
f 1486//1486 1507//1507 1506//1506
f 1486//1486 1487//1487 1507//1507
f 1487//1487 1508//1508 1507//1507
f 1487//1487 1488//1488 1508//1508
f 1488//1488 1509//1509 1508//1508
f 1488//1488 1489//1489 1509//1509
f 1489//1489 1510//1510 1509//1509
f 1489//1489 1490//1490 1510//1510
f 1490//1490 1511//1511 1510//1510
f 1490//1490 1491//1491 1511//1511
f 1491//1491 1512//1512 1511//1511
f 1491//1491 1492//1492 1512//1512
f 1492//1492 1513//1513 1512//1512
f 1492//1492 1493//1493 1513//1513
f 1493//1493 1514//1514 1513//1513
f 1493//1493 1494//1494 1514//1514
f 1494//1494 1515//1515 1514//1514
f 1494//1494 1495//1495 1515//1515
f 1495//1495 1516//1516 1515//1515
f 1495//1495 1496//1496 1516//1516
f 1496//1496 1517//1517 1516//1516
f 1496//1496 1497//1497 1517//1517
f 1497//1497 1518//1518 1517//1517
f 1497//1497 1498//1498 1518//1518
f 1498//1498 1519//1519 1518//1518
f 1498//1498 1499//1499 1519//1519
f 1499//1499 1520//1520 1519//1519
f 1499//1499 1500//1500 1520//1520
f 1500//1500 1521//1521 1520//1520
f 1501//1501 1502//1502 1522//1522
f 1502//1502 1523//1523 1522//1522
f 1502//1502 1503//1503 1523//1523
f 1503//1503 1524//1524 1523//1523
f 1503//1503 1504//1504 1524//1524
f 1504//1504 1525//1525 1524//1524
f 1504//1504 1505//1505 1525//1525
f 1505//1505 1526//1526 1525//1525
f 1505//1505 1506//1506 1526//1526
f 1506//1506 1527//1527 1526//1526
f 1506//1506 1507//1507 1527//1527
f 1507//1507 1528//1528 1527//1527
f 1507//1507 1508//1508 1528//1528
f 1508//1508 1529//1529 1528//1528
f 1508//1508 1509//1509 1529//1529
f 1509//1509 1530//1530 1529//1529
f 1509//1509 1510//1510 1530//1530
f 1510//1510 1531//1531 1530//1530
f 1510//1510 1511//1511 1531//1531
f 1511//1511 1532//1532 1531//1531
f 1511//1511 1512//1512 1532//1532
f 1512//1512 1533//1533 1532//1532
f 1512//1512 1513//1513 1533//1533
f 1513//1513 1534//1534 1533//1533
f 1513//1513 1514//1514 1534//1534
f 1514//1514 1535//1535 1534//1534
f 1514//1514 1515//1515 1535//1535
f 1515//1515 1536//1536 1535//1535
f 1515//1515 1516//1516 1536//1536
f 1516//1516 1537//1537 1536//1536
f 1516//1516 1517//1517 1537//1537
f 1517//1517 1538//1538 1537//1537
f 1517//1517 1518//1518 1538//1538
f 1518//1518 1539//1539 1538//1538
f 1518//1518 1519//1519 1539//1539
f 1519//1519 1540//1540 1539//1539
f 1519//1519 1520//1520 1540//1540
f 1520//1520 1541//1541 1540//1540
f 1520//1520 1521//1521 1541//1541
f 1521//1521 1542//1542 1541//1541
f 1522//1522 1523//1523 1543//1543
f 1523//1523 1544//1544 1543//1543
f 1523//1523 1524//1524 1544//1544
f 1524//1524 1545//1545 1544//1544
f 1524//1524 1525//1525 1545//1545
f 1525//1525 1546//1546 1545//1545
f 1525//1525 1526//1526 1546//1546
f 1526//1526 1547//1547 1546//1546
f 1526//1526 1527//1527 1547//1547
f 1527//1527 1548//1548 1547//1547
f 1527//1527 1528//1528 1548//1548
f 1528//1528 1549//1549 1548//1548
f 1528//1528 1529//1529 1549//1549
f 1529//1529 1550//1550 1549//1549
f 1529//1529 1530//1530 1550//1550
f 1530//1530 1551//1551 1550//1550
f 1530//1530 1531//1531 1551//1551
f 1531//1531 1552//1552 1551//1551
f 1531//1531 1532//1532 1552//1552
f 1532//1532 1553//1553 1552//1552
f 1532//1532 1533//1533 1553//1553
f 1533//1533 1554//1554 1553//1553
f 1533//1533 1534//1534 1554//1554
f 1534//1534 1555//1555 1554//1554
f 1534//1534 1535//1535 1555//1555
f 1535//1535 1556//1556 1555//1555
f 1535//1535 1536//1536 1556//1556
f 1536//1536 1557//1557 1556//1556
f 1536//1536 1537//1537 1557//1557
f 1537//1537 1558//1558 1557//1557
f 1537//1537 1538//1538 1558//1558
f 1538//1538 1559//1559 1558//1558
f 1538//1538 1539//1539 1559//1559
f 1539//1539 1560//1560 1559//1559
f 1539//1539 1540//1540 1560//1560
f 1540//1540 1561//1561 1560//1560
f 1540//1540 1541//1541 1561//1561
f 1541//1541 1562//1562 1561//1561
f 1541//1541 1542//1542 1562//1562
f 1542//1542 1563//1563 1562//1562
f 1543//1543 1544//1544 1564//1564
f 1544//1544 1565//1565 1564//1564
f 1544//1544 1545//1545 1565//1565
f 1545//1545 1566//1566 1565//1565
f 1545//1545 1546//1546 1566//1566
f 1546//1546 1567//1567 1566//1566
f 1546//1546 1547//1547 1567//1567
f 1547//1547 1568//1568 1567//1567
f 1547//1547 1548//1548 1568//1568
f 1548//1548 1569//1569 1568//1568
f 1548//1548 1549//1549 1569//1569
f 1549//1549 1570//1570 1569//1569
f 1549//1549 1550//1550 1570//1570
f 1550//1550 1571//1571 1570//1570
f 1550//1550 1551//1551 1571//1571
f 1551//1551 1572//1572 1571//1571
f 1551//1551 1552//1552 1572//1572
f 1552//1552 1573//1573 1572//1572
f 1552//1552 1553//1553 1573//1573
f 1553//1553 1574//1574 1573//1573
f 1553//1553 1554//1554 1574//1574
f 1554//1554 1575//1575 1574//1574
f 1554//1554 1555//1555 1575//1575
f 1555//1555 1576//1576 1575//1575
f 1555//1555 1556//1556 1576//1576
f 1556//1556 1577//1577 1576//1576
f 1556//1556 1557//1557 1577//1577
f 1557//1557 1578//1578 1577//1577
f 1557//1557 1558//1558 1578//1578
f 1558//1558 1579//1579 1578//1578
f 1558//1558 1559//1559 1579//1579
f 1559//1559 1580//1580 1579//1579
f 1559//1559 1560//1560 1580//1580
f 1560//1560 1581//1581 1580//1580
f 1560//1560 1561//1561 1581//1581
f 1561//1561 1582//1582 1581//1581
f 1561//1561 1562//1562 1582//1582
f 1562//1562 1583//1583 1582//1582
f 1562//1562 1563//1563 1583//1583
f 1563//1563 1584//1584 1583//1583
f 1564//1564 1565//1565 1585//1585
f 1565//1565 1586//1586 1585//1585
f 1565//1565 1566//1566 1586//1586
f 1566//1566 1587//1587 1586//1586
f 1566//1566 1567//1567 1587//1587
f 1567//1567 1588//1588 1587//1587
f 1567//1567 1568//1568 1588//1588
f 1568//1568 1589//1589 1588//1588
f 1568//1568 1569//1569 1589//1589
f 1569//1569 1590//1590 1589//1589
f 1569//1569 1570//1570 1590//1590
f 1570//1570 1591//1591 1590//1590
f 1570//1570 1571//1571 1591//1591
f 1571//1571 1592//1592 1591//1591
f 1571//1571 1572//1572 1592//1592
f 1572//1572 1593//1593 1592//1592
f 1572//1572 1573//1573 1593//1593
f 1573//1573 1594//1594 1593//1593
f 1573//1573 1574//1574 1594//1594
f 1574//1574 1595//1595 1594//1594
f 1574//1574 1575//1575 1595//1595
f 1575//1575 1596//1596 1595//1595
f 1575//1575 1576//1576 1596//1596
f 1576//1576 1597//1597 1596//1596
f 1576//1576 1577//1577 1597//1597
f 1577//1577 1598//1598 1597//1597
f 1577//1577 1578//1578 1598//1598
f 1578//1578 1599//1599 1598//1598
f 1578//1578 1579//1579 1599//1599
f 1579//1579 1600//1600 1599//1599
f 1579//1579 1580//1580 1600//1600
f 1580//1580 1601//1601 1600//1600
f 1580//1580 1581//1581 1601//1601
f 1581//1581 1602//1602 1601//1601
f 1581//1581 1582//1582 1602//1602
f 1582//1582 1603//1603 1602//1602
f 1582//1582 1583//1583 1603//1603
f 1583//1583 1604//1604 1603//1603
f 1583//1583 1584//1584 1604//1604
f 1584//1584 1605//1605 1604//1604
f 1585//1585 1586//1586 1606//1606
f 1586//1586 1607//1607 1606//1606
f 1586//1586 1587//1587 1607//1607
f 1587//1587 1608//1608 1607//1607
f 1587//1587 1588//1588 1608//1608
f 1588//1588 1609//1609 1608//1608
f 1588//1588 1589//1589 1609//1609
f 1589//1589 1610//1610 1609//1609
f 1589//1589 1590//1590 1610//1610
f 1590//1590 1611//1611 1610//1610
f 1590//1590 1591//1591 1611//1611
f 1591//1591 1612//1612 1611//1611
f 1591//1591 1592//1592 1612//1612
f 1592//1592 1613//1613 1612//1612
f 1592//1592 1593//1593 1613//1613
f 1593//1593 1614//1614 1613//1613
f 1593//1593 1594//1594 1614//1614
f 1594//1594 1615//1615 1614//1614
f 1594//1594 1595//1595 1615//1615
f 1595//1595 1616//1616 1615//1615
f 1595//1595 1596//1596 1616//1616
f 1596//1596 1617//1617 1616//1616
f 1596//1596 1597//1597 1617//1617
f 1597//1597 1618//1618 1617//1617
f 1597//1597 1598//1598 1618//1618
f 1598//1598 1619//1619 1618//1618
f 1598//1598 1599//1599 1619//1619
f 1599//1599 1620//1620 1619//1619
f 1599//1599 1600//1600 1620//1620
f 1600//1600 1621//1621 1620//1620
f 1600//1600 1601//1601 1621//1621
f 1601//1601 1622//1622 1621//1621
f 1601//1601 1602//1602 1622//1622
f 1602//1602 1623//1623 1622//1622
f 1602//1602 1603//1603 1623//1623
f 1603//1603 1624//1624 1623//1623
f 1603//1603 1604//1604 1624//1624
f 1604//1604 1625//1625 1624//1624
f 1604//1604 1605//1605 1625//1625
f 1605//1605 1626//1626 1625//1625
o source-carrot_oak
usemtl oak
v -0.312428 0.399552 -0.299928
v -0.313500 0.398480 -0.297000
v -0.313985 0.398150 -0.293000
v -0.313985 0.398150 0.293000
v -0.313500 0.398480 0.297000
v -0.312428 0.399552 0.299928
v -0.313500 0.402480 -0.301000
v -0.315298 0.401581 -0.297899
v -0.316233 0.401113 -0.293000
v -0.316233 0.401113 0.293000
v -0.315298 0.401581 0.297899
v -0.313500 0.402480 0.301000
v -0.313985 0.406480 -0.301485
v -0.316233 0.406480 -0.298367
v -0.317500 0.406480 -0.293000
v -0.317500 0.406480 0.293000
v -0.316233 0.406480 0.298367
v -0.313985 0.406480 0.301485
v -0.313985 0.502480 -0.301485
v -0.316233 0.502480 -0.298367
v -0.317500 0.502480 -0.293000
v -0.317500 0.502480 0.293000
v -0.316233 0.502480 0.298367
v -0.313985 0.502480 0.301485
v -0.313500 0.506480 -0.301000
v -0.315298 0.507379 -0.297899
v -0.316233 0.507847 -0.293000
v -0.316233 0.507847 0.293000
v -0.315298 0.507379 0.297899
v -0.313500 0.506480 0.301000
v -0.312428 0.509408 -0.299928
v -0.313500 0.510480 -0.297000
v -0.313985 0.510965 -0.293000
v -0.313985 0.510965 0.293000
v -0.313500 0.510480 0.297000
v -0.312428 0.509408 0.299928
v -0.287572 0.399552 -0.299928
v -0.286500 0.398480 -0.297000
v -0.286015 0.398150 -0.293000
v -0.286015 0.398150 0.293000
v -0.286500 0.398480 0.297000
v -0.287572 0.399552 0.299928
v -0.286500 0.402480 -0.301000
v -0.284702 0.401581 -0.297899
v -0.283767 0.401113 -0.293000
v -0.283767 0.401113 0.293000
v -0.284702 0.401581 0.297899
v -0.286500 0.402480 0.301000
v -0.286015 0.406480 -0.301485
v -0.283767 0.406480 -0.298367
v -0.282500 0.406480 -0.293000
v -0.282500 0.406480 0.293000
v -0.283767 0.406480 0.298367
v -0.286015 0.406480 0.301485
v -0.286015 0.502480 -0.301485
v -0.283767 0.502480 -0.298367
v -0.282500 0.502480 -0.293000
v -0.282500 0.502480 0.293000
v -0.283767 0.502480 0.298367
v -0.286015 0.502480 0.301485
v -0.286500 0.506480 -0.301000
v -0.284702 0.507379 -0.297899
v -0.283767 0.507847 -0.293000
v -0.283767 0.507847 0.293000
v -0.284702 0.507379 0.297899
v -0.286500 0.506480 0.301000
v -0.287572 0.509408 -0.299928
v -0.286500 0.510480 -0.297000
v -0.286015 0.510965 -0.293000
v -0.286015 0.510965 0.293000
v -0.286500 0.510480 0.297000
v -0.287572 0.509408 0.299928
v -0.312428 0.399552 -0.299928
v -0.309500 0.398480 -0.301000
v -0.305500 0.398150 -0.301485
v -0.294500 0.398150 -0.301485
v -0.290500 0.398480 -0.301000
v -0.287572 0.399552 -0.299928
v -0.313500 0.398480 -0.297000
v -0.310399 0.397257 -0.297899
v -0.305500 0.396621 -0.298367
v -0.294500 0.396621 -0.298367
v -0.289601 0.397257 -0.297899
v -0.286500 0.398480 -0.297000
v -0.313985 0.398150 -0.293000
v -0.310867 0.396621 -0.293000
v -0.305500 0.395760 -0.293000
v -0.294500 0.395760 -0.293000
v -0.289133 0.396621 -0.293000
v -0.286015 0.398150 -0.293000
v -0.313985 0.398150 0.293000
v -0.310867 0.396621 0.293000
v -0.305500 0.395760 0.293000
v -0.294500 0.395760 0.293000
v -0.289133 0.396621 0.293000
v -0.286015 0.398150 0.293000
v -0.313500 0.398480 0.297000
v -0.310399 0.397257 0.297899
v -0.305500 0.396621 0.298367
v -0.294500 0.396621 0.298367
v -0.289601 0.397257 0.297899
v -0.286500 0.398480 0.297000
v -0.312428 0.399552 0.299928
v -0.309500 0.398480 0.301000
v -0.305500 0.398150 0.301485
v -0.294500 0.398150 0.301485
v -0.290500 0.398480 0.301000
v -0.287572 0.399552 0.299928
v -0.312428 0.509408 -0.299928
v -0.309500 0.510480 -0.301000
v -0.305500 0.510965 -0.301485
v -0.294500 0.510965 -0.301485
v -0.290500 0.510480 -0.301000
v -0.287572 0.509408 -0.299928
v -0.313500 0.510480 -0.297000
v -0.310399 0.512278 -0.297899
v -0.305500 0.513213 -0.298367
v -0.294500 0.513213 -0.298367
v -0.289601 0.512278 -0.297899
v -0.286500 0.510480 -0.297000
v -0.313985 0.510965 -0.293000
v -0.310867 0.513213 -0.293000
v -0.305500 0.514480 -0.293000
v -0.294500 0.514480 -0.293000
v -0.289133 0.513213 -0.293000
v -0.286015 0.510965 -0.293000
v -0.313985 0.510965 0.293000
v -0.310867 0.513213 0.293000
v -0.305500 0.514480 0.293000
v -0.294500 0.514480 0.293000
v -0.289133 0.513213 0.293000
v -0.286015 0.510965 0.293000
v -0.313500 0.510480 0.297000
v -0.310399 0.512278 0.297899
v -0.305500 0.513213 0.298367
v -0.294500 0.513213 0.298367
v -0.289601 0.512278 0.297899
v -0.286500 0.510480 0.297000
v -0.312428 0.509408 0.299928
v -0.309500 0.510480 0.301000
v -0.305500 0.510965 0.301485
v -0.294500 0.510965 0.301485
v -0.290500 0.510480 0.301000
v -0.287572 0.509408 0.299928
v -0.312428 0.399552 -0.299928
v -0.313500 0.402480 -0.301000
v -0.313985 0.406480 -0.301485
v -0.313985 0.502480 -0.301485
v -0.313500 0.506480 -0.301000
v -0.312428 0.509408 -0.299928
v -0.309500 0.398480 -0.301000
v -0.310399 0.401581 -0.302798
v -0.310867 0.406480 -0.303733
v -0.310867 0.502480 -0.303733
v -0.310399 0.507379 -0.302798
v -0.309500 0.510480 -0.301000
v -0.305500 0.398150 -0.301485
v -0.305500 0.401113 -0.303733
v -0.305500 0.406480 -0.305000
v -0.305500 0.502480 -0.305000
v -0.305500 0.507847 -0.303733
v -0.305500 0.510965 -0.301485
v -0.294500 0.398150 -0.301485
v -0.294500 0.401113 -0.303733
v -0.294500 0.406480 -0.305000
v -0.294500 0.502480 -0.305000
v -0.294500 0.507847 -0.303733
v -0.294500 0.510965 -0.301485
v -0.290500 0.398480 -0.301000
v -0.289601 0.401581 -0.302798
v -0.289133 0.406480 -0.303733
v -0.289133 0.502480 -0.303733
v -0.289601 0.507379 -0.302798
v -0.290500 0.510480 -0.301000
v -0.287572 0.399552 -0.299928
v -0.286500 0.402480 -0.301000
v -0.286015 0.406480 -0.301485
v -0.286015 0.502480 -0.301485
v -0.286500 0.506480 -0.301000
v -0.287572 0.509408 -0.299928
v -0.312428 0.399552 0.299928
v -0.313500 0.402480 0.301000
v -0.313985 0.406480 0.301485
v -0.313985 0.502480 0.301485
v -0.313500 0.506480 0.301000
v -0.312428 0.509408 0.299928
v -0.309500 0.398480 0.301000
v -0.310399 0.401581 0.302798
v -0.310867 0.406480 0.303733
v -0.310867 0.502480 0.303733
v -0.310399 0.507379 0.302798
v -0.309500 0.510480 0.301000
v -0.305500 0.398150 0.301485
v -0.305500 0.401113 0.303733
v -0.305500 0.406480 0.305000
v -0.305500 0.502480 0.305000
v -0.305500 0.507847 0.303733
v -0.305500 0.510965 0.301485
v -0.294500 0.398150 0.301485
v -0.294500 0.401113 0.303733
v -0.294500 0.406480 0.305000
v -0.294500 0.502480 0.305000
v -0.294500 0.507847 0.303733
v -0.294500 0.510965 0.301485
v -0.290500 0.398480 0.301000
v -0.289601 0.401581 0.302798
v -0.289133 0.406480 0.303733
v -0.289133 0.502480 0.303733
v -0.289601 0.507379 0.302798
v -0.290500 0.510480 0.301000
v -0.287572 0.399552 0.299928
v -0.286500 0.402480 0.301000
v -0.286015 0.406480 0.301485
v -0.286015 0.502480 0.301485
v -0.286500 0.506480 0.301000
v -0.287572 0.509408 0.299928
v 0.287572 0.399552 -0.299928
v 0.286500 0.398480 -0.297000
v 0.286015 0.398150 -0.293000
v 0.286015 0.398150 0.293000
v 0.286500 0.398480 0.297000
v 0.287572 0.399552 0.299928
v 0.286500 0.402480 -0.301000
v 0.284702 0.401581 -0.297899
v 0.283767 0.401113 -0.293000
v 0.283767 0.401113 0.293000
v 0.284702 0.401581 0.297899
v 0.286500 0.402480 0.301000
v 0.286015 0.406480 -0.301485
v 0.283767 0.406480 -0.298367
v 0.282500 0.406480 -0.293000
v 0.282500 0.406480 0.293000
v 0.283767 0.406480 0.298367
v 0.286015 0.406480 0.301485
v 0.286015 0.502480 -0.301485
v 0.283767 0.502480 -0.298367
v 0.282500 0.502480 -0.293000
v 0.282500 0.502480 0.293000
v 0.283767 0.502480 0.298367
v 0.286015 0.502480 0.301485
v 0.286500 0.506480 -0.301000
v 0.284702 0.507379 -0.297899
v 0.283767 0.507847 -0.293000
v 0.283767 0.507847 0.293000
v 0.284702 0.507379 0.297899
v 0.286500 0.506480 0.301000
v 0.287572 0.509408 -0.299928
v 0.286500 0.510480 -0.297000
v 0.286015 0.510965 -0.293000
v 0.286015 0.510965 0.293000
v 0.286500 0.510480 0.297000
v 0.287572 0.509408 0.299928
v 0.312428 0.399552 -0.299928
v 0.313500 0.398480 -0.297000
v 0.313985 0.398150 -0.293000
v 0.313985 0.398150 0.293000
v 0.313500 0.398480 0.297000
v 0.312428 0.399552 0.299928
v 0.313500 0.402480 -0.301000
v 0.315298 0.401581 -0.297899
v 0.316233 0.401113 -0.293000
v 0.316233 0.401113 0.293000
v 0.315298 0.401581 0.297899
v 0.313500 0.402480 0.301000
v 0.313985 0.406480 -0.301485
v 0.316233 0.406480 -0.298367
v 0.317500 0.406480 -0.293000
v 0.317500 0.406480 0.293000
v 0.316233 0.406480 0.298367
v 0.313985 0.406480 0.301485
v 0.313985 0.502480 -0.301485
v 0.316233 0.502480 -0.298367
v 0.317500 0.502480 -0.293000
v 0.317500 0.502480 0.293000
v 0.316233 0.502480 0.298367
v 0.313985 0.502480 0.301485
v 0.313500 0.506480 -0.301000
v 0.315298 0.507379 -0.297899
v 0.316233 0.507847 -0.293000
v 0.316233 0.507847 0.293000
v 0.315298 0.507379 0.297899
v 0.313500 0.506480 0.301000
v 0.312428 0.509408 -0.299928
v 0.313500 0.510480 -0.297000
v 0.313985 0.510965 -0.293000
v 0.313985 0.510965 0.293000
v 0.313500 0.510480 0.297000
v 0.312428 0.509408 0.299928
v 0.287572 0.399552 -0.299928
v 0.290500 0.398480 -0.301000
v 0.294500 0.398150 -0.301485
v 0.305500 0.398150 -0.301485
v 0.309500 0.398480 -0.301000
v 0.312428 0.399552 -0.299928
v 0.286500 0.398480 -0.297000
v 0.289601 0.397257 -0.297899
v 0.294500 0.396621 -0.298367
v 0.305500 0.396621 -0.298367
v 0.310399 0.397257 -0.297899
v 0.313500 0.398480 -0.297000
v 0.286015 0.398150 -0.293000
v 0.289133 0.396621 -0.293000
v 0.294500 0.395760 -0.293000
v 0.305500 0.395760 -0.293000
v 0.310867 0.396621 -0.293000
v 0.313985 0.398150 -0.293000
v 0.286015 0.398150 0.293000
v 0.289133 0.396621 0.293000
v 0.294500 0.395760 0.293000
v 0.305500 0.395760 0.293000
v 0.310867 0.396621 0.293000
v 0.313985 0.398150 0.293000
v 0.286500 0.398480 0.297000
v 0.289601 0.397257 0.297899
v 0.294500 0.396621 0.298367
v 0.305500 0.396621 0.298367
v 0.310399 0.397257 0.297899
v 0.313500 0.398480 0.297000
v 0.287572 0.399552 0.299928
v 0.290500 0.398480 0.301000
v 0.294500 0.398150 0.301485
v 0.305500 0.398150 0.301485
v 0.309500 0.398480 0.301000
v 0.312428 0.399552 0.299928
v 0.287572 0.509408 -0.299928
v 0.290500 0.510480 -0.301000
v 0.294500 0.510965 -0.301485
v 0.305500 0.510965 -0.301485
v 0.309500 0.510480 -0.301000
v 0.312428 0.509408 -0.299928
v 0.286500 0.510480 -0.297000
v 0.289601 0.512278 -0.297899
v 0.294500 0.513213 -0.298367
v 0.305500 0.513213 -0.298367
v 0.310399 0.512278 -0.297899
v 0.313500 0.510480 -0.297000
v 0.286015 0.510965 -0.293000
v 0.289133 0.513213 -0.293000
v 0.294500 0.514480 -0.293000
v 0.305500 0.514480 -0.293000
v 0.310867 0.513213 -0.293000
v 0.313985 0.510965 -0.293000
v 0.286015 0.510965 0.293000
v 0.289133 0.513213 0.293000
v 0.294500 0.514480 0.293000
v 0.305500 0.514480 0.293000
v 0.310867 0.513213 0.293000
v 0.313985 0.510965 0.293000
v 0.286500 0.510480 0.297000
v 0.289601 0.512278 0.297899
v 0.294500 0.513213 0.298367
v 0.305500 0.513213 0.298367
v 0.310399 0.512278 0.297899
v 0.313500 0.510480 0.297000
v 0.287572 0.509408 0.299928
v 0.290500 0.510480 0.301000
v 0.294500 0.510965 0.301485
v 0.305500 0.510965 0.301485
v 0.309500 0.510480 0.301000
v 0.312428 0.509408 0.299928
v 0.287572 0.399552 -0.299928
v 0.286500 0.402480 -0.301000
v 0.286015 0.406480 -0.301485
v 0.286015 0.502480 -0.301485
v 0.286500 0.506480 -0.301000
v 0.287572 0.509408 -0.299928
v 0.290500 0.398480 -0.301000
v 0.289601 0.401581 -0.302798
v 0.289133 0.406480 -0.303733
v 0.289133 0.502480 -0.303733
v 0.289601 0.507379 -0.302798
v 0.290500 0.510480 -0.301000
v 0.294500 0.398150 -0.301485
v 0.294500 0.401113 -0.303733
v 0.294500 0.406480 -0.305000
v 0.294500 0.502480 -0.305000
v 0.294500 0.507847 -0.303733
v 0.294500 0.510965 -0.301485
v 0.305500 0.398150 -0.301485
v 0.305500 0.401113 -0.303733
v 0.305500 0.406480 -0.305000
v 0.305500 0.502480 -0.305000
v 0.305500 0.507847 -0.303733
v 0.305500 0.510965 -0.301485
v 0.309500 0.398480 -0.301000
v 0.310399 0.401581 -0.302798
v 0.310867 0.406480 -0.303733
v 0.310867 0.502480 -0.303733
v 0.310399 0.507379 -0.302798
v 0.309500 0.510480 -0.301000
v 0.312428 0.399552 -0.299928
v 0.313500 0.402480 -0.301000
v 0.313985 0.406480 -0.301485
v 0.313985 0.502480 -0.301485
v 0.313500 0.506480 -0.301000
v 0.312428 0.509408 -0.299928
v 0.287572 0.399552 0.299928
v 0.286500 0.402480 0.301000
v 0.286015 0.406480 0.301485
v 0.286015 0.502480 0.301485
v 0.286500 0.506480 0.301000
v 0.287572 0.509408 0.299928
v 0.290500 0.398480 0.301000
v 0.289601 0.401581 0.302798
v 0.289133 0.406480 0.303733
v 0.289133 0.502480 0.303733
v 0.289601 0.507379 0.302798
v 0.290500 0.510480 0.301000
v 0.294500 0.398150 0.301485
v 0.294500 0.401113 0.303733
v 0.294500 0.406480 0.305000
v 0.294500 0.502480 0.305000
v 0.294500 0.507847 0.303733
v 0.294500 0.510965 0.301485
v 0.305500 0.398150 0.301485
v 0.305500 0.401113 0.303733
v 0.305500 0.406480 0.305000
v 0.305500 0.502480 0.305000
v 0.305500 0.507847 0.303733
v 0.305500 0.510965 0.301485
v 0.309500 0.398480 0.301000
v 0.310399 0.401581 0.302798
v 0.310867 0.406480 0.303733
v 0.310867 0.502480 0.303733
v 0.310399 0.507379 0.302798
v 0.309500 0.510480 0.301000
v 0.312428 0.399552 0.299928
v 0.313500 0.402480 0.301000
v 0.313985 0.406480 0.301485
v 0.313985 0.502480 0.301485
v 0.313500 0.506480 0.301000
v 0.312428 0.509408 0.299928
v -0.294928 0.399552 -0.312428
v -0.296000 0.398480 -0.309500
v -0.296485 0.398150 -0.305500
v -0.296485 0.398150 -0.294500
v -0.296000 0.398480 -0.290500
v -0.294928 0.399552 -0.287572
v -0.296000 0.402480 -0.313500
v -0.297798 0.401581 -0.310399
v -0.298733 0.401113 -0.305500
v -0.298733 0.401113 -0.294500
v -0.297798 0.401581 -0.289601
v -0.296000 0.402480 -0.286500
v -0.296485 0.406480 -0.313985
v -0.298733 0.406480 -0.310867
v -0.300000 0.406480 -0.305500
v -0.300000 0.406480 -0.294500
v -0.298733 0.406480 -0.289133
v -0.296485 0.406480 -0.286015
v -0.296485 0.502480 -0.313985
v -0.298733 0.502480 -0.310867
v -0.300000 0.502480 -0.305500
v -0.300000 0.502480 -0.294500
v -0.298733 0.502480 -0.289133
v -0.296485 0.502480 -0.286015
v -0.296000 0.506480 -0.313500
v -0.297798 0.507379 -0.310399
v -0.298733 0.507847 -0.305500
v -0.298733 0.507847 -0.294500
v -0.297798 0.507379 -0.289601
v -0.296000 0.506480 -0.286500
v -0.294928 0.509408 -0.312428
v -0.296000 0.510480 -0.309500
v -0.296485 0.510965 -0.305500
v -0.296485 0.510965 -0.294500
v -0.296000 0.510480 -0.290500
v -0.294928 0.509408 -0.287572
v 0.294928 0.399552 -0.312428
v 0.296000 0.398480 -0.309500
v 0.296485 0.398150 -0.305500
v 0.296485 0.398150 -0.294500
v 0.296000 0.398480 -0.290500
v 0.294928 0.399552 -0.287572
v 0.296000 0.402480 -0.313500
v 0.297798 0.401581 -0.310399
v 0.298733 0.401113 -0.305500
v 0.298733 0.401113 -0.294500
v 0.297798 0.401581 -0.289601
v 0.296000 0.402480 -0.286500
v 0.296485 0.406480 -0.313985
v 0.298733 0.406480 -0.310867
v 0.300000 0.406480 -0.305500
v 0.300000 0.406480 -0.294500
v 0.298733 0.406480 -0.289133
v 0.296485 0.406480 -0.286015
v 0.296485 0.502480 -0.313985
v 0.298733 0.502480 -0.310867
v 0.300000 0.502480 -0.305500
v 0.300000 0.502480 -0.294500
v 0.298733 0.502480 -0.289133
v 0.296485 0.502480 -0.286015
v 0.296000 0.506480 -0.313500
v 0.297798 0.507379 -0.310399
v 0.298733 0.507847 -0.305500
v 0.298733 0.507847 -0.294500
v 0.297798 0.507379 -0.289601
v 0.296000 0.506480 -0.286500
v 0.294928 0.509408 -0.312428
v 0.296000 0.510480 -0.309500
v 0.296485 0.510965 -0.305500
v 0.296485 0.510965 -0.294500
v 0.296000 0.510480 -0.290500
v 0.294928 0.509408 -0.287572
v -0.294928 0.399552 -0.312428
v -0.292000 0.398480 -0.313500
v -0.288000 0.398150 -0.313985
v 0.288000 0.398150 -0.313985
v 0.292000 0.398480 -0.313500
v 0.294928 0.399552 -0.312428
v -0.296000 0.398480 -0.309500
v -0.292899 0.397257 -0.310399
v -0.288000 0.396621 -0.310867
v 0.288000 0.396621 -0.310867
v 0.292899 0.397257 -0.310399
v 0.296000 0.398480 -0.309500
v -0.296485 0.398150 -0.305500
v -0.293367 0.396621 -0.305500
v -0.288000 0.395760 -0.305500
v 0.288000 0.395760 -0.305500
v 0.293367 0.396621 -0.305500
v 0.296485 0.398150 -0.305500
v -0.296485 0.398150 -0.294500
v -0.293367 0.396621 -0.294500
v -0.288000 0.395760 -0.294500
v 0.288000 0.395760 -0.294500
v 0.293367 0.396621 -0.294500
v 0.296485 0.398150 -0.294500
v -0.296000 0.398480 -0.290500
v -0.292899 0.397257 -0.289601
v -0.288000 0.396621 -0.289133
v 0.288000 0.396621 -0.289133
v 0.292899 0.397257 -0.289601
v 0.296000 0.398480 -0.290500
v -0.294928 0.399552 -0.287572
v -0.292000 0.398480 -0.286500
v -0.288000 0.398150 -0.286015
v 0.288000 0.398150 -0.286015
v 0.292000 0.398480 -0.286500
v 0.294928 0.399552 -0.287572
v -0.294928 0.509408 -0.312428
v -0.292000 0.510480 -0.313500
v -0.288000 0.510965 -0.313985
v 0.288000 0.510965 -0.313985
v 0.292000 0.510480 -0.313500
v 0.294928 0.509408 -0.312428
v -0.296000 0.510480 -0.309500
v -0.292899 0.512278 -0.310399
v -0.288000 0.513213 -0.310867
v 0.288000 0.513213 -0.310867
v 0.292899 0.512278 -0.310399
v 0.296000 0.510480 -0.309500
v -0.296485 0.510965 -0.305500
v -0.293367 0.513213 -0.305500
v -0.288000 0.514480 -0.305500
v 0.288000 0.514480 -0.305500
v 0.293367 0.513213 -0.305500
v 0.296485 0.510965 -0.305500
v -0.296485 0.510965 -0.294500
v -0.293367 0.513213 -0.294500
v -0.288000 0.514480 -0.294500
v 0.288000 0.514480 -0.294500
v 0.293367 0.513213 -0.294500
v 0.296485 0.510965 -0.294500
v -0.296000 0.510480 -0.290500
v -0.292899 0.512278 -0.289601
v -0.288000 0.513213 -0.289133
v 0.288000 0.513213 -0.289133
v 0.292899 0.512278 -0.289601
v 0.296000 0.510480 -0.290500
v -0.294928 0.509408 -0.287572
v -0.292000 0.510480 -0.286500
v -0.288000 0.510965 -0.286015
v 0.288000 0.510965 -0.286015
v 0.292000 0.510480 -0.286500
v 0.294928 0.509408 -0.287572
v -0.294928 0.399552 -0.312428
v -0.296000 0.402480 -0.313500
v -0.296485 0.406480 -0.313985
v -0.296485 0.502480 -0.313985
v -0.296000 0.506480 -0.313500
v -0.294928 0.509408 -0.312428
v -0.292000 0.398480 -0.313500
v -0.292899 0.401581 -0.315298
v -0.293367 0.406480 -0.316233
v -0.293367 0.502480 -0.316233
v -0.292899 0.507379 -0.315298
v -0.292000 0.510480 -0.313500
v -0.288000 0.398150 -0.313985
v -0.288000 0.401113 -0.316233
v -0.288000 0.406480 -0.317500
v -0.288000 0.502480 -0.317500
v -0.288000 0.507847 -0.316233
v -0.288000 0.510965 -0.313985
v 0.288000 0.398150 -0.313985
v 0.288000 0.401113 -0.316233
v 0.288000 0.406480 -0.317500
v 0.288000 0.502480 -0.317500
v 0.288000 0.507847 -0.316233
v 0.288000 0.510965 -0.313985
v 0.292000 0.398480 -0.313500
v 0.292899 0.401581 -0.315298
v 0.293367 0.406480 -0.316233
v 0.293367 0.502480 -0.316233
v 0.292899 0.507379 -0.315298
v 0.292000 0.510480 -0.313500
v 0.294928 0.399552 -0.312428
v 0.296000 0.402480 -0.313500
v 0.296485 0.406480 -0.313985
v 0.296485 0.502480 -0.313985
v 0.296000 0.506480 -0.313500
v 0.294928 0.509408 -0.312428
v -0.294928 0.399552 -0.287572
v -0.296000 0.402480 -0.286500
v -0.296485 0.406480 -0.286015
v -0.296485 0.502480 -0.286015
v -0.296000 0.506480 -0.286500
v -0.294928 0.509408 -0.287572
v -0.292000 0.398480 -0.286500
v -0.292899 0.401581 -0.284702
v -0.293367 0.406480 -0.283767
v -0.293367 0.502480 -0.283767
v -0.292899 0.507379 -0.284702
v -0.292000 0.510480 -0.286500
v -0.288000 0.398150 -0.286015
v -0.288000 0.401113 -0.283767
v -0.288000 0.406480 -0.282500
v -0.288000 0.502480 -0.282500
v -0.288000 0.507847 -0.283767
v -0.288000 0.510965 -0.286015
v 0.288000 0.398150 -0.286015
v 0.288000 0.401113 -0.283767
v 0.288000 0.406480 -0.282500
v 0.288000 0.502480 -0.282500
v 0.288000 0.507847 -0.283767
v 0.288000 0.510965 -0.286015
v 0.292000 0.398480 -0.286500
v 0.292899 0.401581 -0.284702
v 0.293367 0.406480 -0.283767
v 0.293367 0.502480 -0.283767
v 0.292899 0.507379 -0.284702
v 0.292000 0.510480 -0.286500
v 0.294928 0.399552 -0.287572
v 0.296000 0.402480 -0.286500
v 0.296485 0.406480 -0.286015
v 0.296485 0.502480 -0.286015
v 0.296000 0.506480 -0.286500
v 0.294928 0.509408 -0.287572
v -0.294928 0.399552 0.287572
v -0.296000 0.398480 0.290500
v -0.296485 0.398150 0.294500
v -0.296485 0.398150 0.305500
v -0.296000 0.398480 0.309500
v -0.294928 0.399552 0.312428
v -0.296000 0.402480 0.286500
v -0.297798 0.401581 0.289601
v -0.298733 0.401113 0.294500
v -0.298733 0.401113 0.305500
v -0.297798 0.401581 0.310399
v -0.296000 0.402480 0.313500
v -0.296485 0.406480 0.286015
v -0.298733 0.406480 0.289133
v -0.300000 0.406480 0.294500
v -0.300000 0.406480 0.305500
v -0.298733 0.406480 0.310867
v -0.296485 0.406480 0.313985
v -0.296485 0.502480 0.286015
v -0.298733 0.502480 0.289133
v -0.300000 0.502480 0.294500
v -0.300000 0.502480 0.305500
v -0.298733 0.502480 0.310867
v -0.296485 0.502480 0.313985
v -0.296000 0.506480 0.286500
v -0.297798 0.507379 0.289601
v -0.298733 0.507847 0.294500
v -0.298733 0.507847 0.305500
v -0.297798 0.507379 0.310399
v -0.296000 0.506480 0.313500
v -0.294928 0.509408 0.287572
v -0.296000 0.510480 0.290500
v -0.296485 0.510965 0.294500
v -0.296485 0.510965 0.305500
v -0.296000 0.510480 0.309500
v -0.294928 0.509408 0.312428
v 0.294928 0.399552 0.287572
v 0.296000 0.398480 0.290500
v 0.296485 0.398150 0.294500
v 0.296485 0.398150 0.305500
v 0.296000 0.398480 0.309500
v 0.294928 0.399552 0.312428
v 0.296000 0.402480 0.286500
v 0.297798 0.401581 0.289601
v 0.298733 0.401113 0.294500
v 0.298733 0.401113 0.305500
v 0.297798 0.401581 0.310399
v 0.296000 0.402480 0.313500
v 0.296485 0.406480 0.286015
v 0.298733 0.406480 0.289133
v 0.300000 0.406480 0.294500
v 0.300000 0.406480 0.305500
v 0.298733 0.406480 0.310867
v 0.296485 0.406480 0.313985
v 0.296485 0.502480 0.286015
v 0.298733 0.502480 0.289133
v 0.300000 0.502480 0.294500
v 0.300000 0.502480 0.305500
v 0.298733 0.502480 0.310867
v 0.296485 0.502480 0.313985
v 0.296000 0.506480 0.286500
v 0.297798 0.507379 0.289601
v 0.298733 0.507847 0.294500
v 0.298733 0.507847 0.305500
v 0.297798 0.507379 0.310399
v 0.296000 0.506480 0.313500
v 0.294928 0.509408 0.287572
v 0.296000 0.510480 0.290500
v 0.296485 0.510965 0.294500
v 0.296485 0.510965 0.305500
v 0.296000 0.510480 0.309500
v 0.294928 0.509408 0.312428
v -0.294928 0.399552 0.287572
v -0.292000 0.398480 0.286500
v -0.288000 0.398150 0.286015
v 0.288000 0.398150 0.286015
v 0.292000 0.398480 0.286500
v 0.294928 0.399552 0.287572
v -0.296000 0.398480 0.290500
v -0.292899 0.397257 0.289601
v -0.288000 0.396621 0.289133
v 0.288000 0.396621 0.289133
v 0.292899 0.397257 0.289601
v 0.296000 0.398480 0.290500
v -0.296485 0.398150 0.294500
v -0.293367 0.396621 0.294500
v -0.288000 0.395760 0.294500
v 0.288000 0.395760 0.294500
v 0.293367 0.396621 0.294500
v 0.296485 0.398150 0.294500
v -0.296485 0.398150 0.305500
v -0.293367 0.396621 0.305500
v -0.288000 0.395760 0.305500
v 0.288000 0.395760 0.305500
v 0.293367 0.396621 0.305500
v 0.296485 0.398150 0.305500
v -0.296000 0.398480 0.309500
v -0.292899 0.397257 0.310399
v -0.288000 0.396621 0.310867
v 0.288000 0.396621 0.310867
v 0.292899 0.397257 0.310399
v 0.296000 0.398480 0.309500
v -0.294928 0.399552 0.312428
v -0.292000 0.398480 0.313500
v -0.288000 0.398150 0.313985
v 0.288000 0.398150 0.313985
v 0.292000 0.398480 0.313500
v 0.294928 0.399552 0.312428
v -0.294928 0.509408 0.287572
v -0.292000 0.510480 0.286500
v -0.288000 0.510965 0.286015
v 0.288000 0.510965 0.286015
v 0.292000 0.510480 0.286500
v 0.294928 0.509408 0.287572
v -0.296000 0.510480 0.290500
v -0.292899 0.512278 0.289601
v -0.288000 0.513213 0.289133
v 0.288000 0.513213 0.289133
v 0.292899 0.512278 0.289601
v 0.296000 0.510480 0.290500
v -0.296485 0.510965 0.294500
v -0.293367 0.513213 0.294500
v -0.288000 0.514480 0.294500
v 0.288000 0.514480 0.294500
v 0.293367 0.513213 0.294500
v 0.296485 0.510965 0.294500
v -0.296485 0.510965 0.305500
v -0.293367 0.513213 0.305500
v -0.288000 0.514480 0.305500
v 0.288000 0.514480 0.305500
v 0.293367 0.513213 0.305500
v 0.296485 0.510965 0.305500
v -0.296000 0.510480 0.309500
v -0.292899 0.512278 0.310399
v -0.288000 0.513213 0.310867
v 0.288000 0.513213 0.310867
v 0.292899 0.512278 0.310399
v 0.296000 0.510480 0.309500
v -0.294928 0.509408 0.312428
v -0.292000 0.510480 0.313500
v -0.288000 0.510965 0.313985
v 0.288000 0.510965 0.313985
v 0.292000 0.510480 0.313500
v 0.294928 0.509408 0.312428
v -0.294928 0.399552 0.287572
v -0.296000 0.402480 0.286500
v -0.296485 0.406480 0.286015
v -0.296485 0.502480 0.286015
v -0.296000 0.506480 0.286500
v -0.294928 0.509408 0.287572
v -0.292000 0.398480 0.286500
v -0.292899 0.401581 0.284702
v -0.293367 0.406480 0.283767
v -0.293367 0.502480 0.283767
v -0.292899 0.507379 0.284702
v -0.292000 0.510480 0.286500
v -0.288000 0.398150 0.286015
v -0.288000 0.401113 0.283767
v -0.288000 0.406480 0.282500
v -0.288000 0.502480 0.282500
v -0.288000 0.507847 0.283767
v -0.288000 0.510965 0.286015
v 0.288000 0.398150 0.286015
v 0.288000 0.401113 0.283767
v 0.288000 0.406480 0.282500
v 0.288000 0.502480 0.282500
v 0.288000 0.507847 0.283767
v 0.288000 0.510965 0.286015
v 0.292000 0.398480 0.286500
v 0.292899 0.401581 0.284702
v 0.293367 0.406480 0.283767
v 0.293367 0.502480 0.283767
v 0.292899 0.507379 0.284702
v 0.292000 0.510480 0.286500
v 0.294928 0.399552 0.287572
v 0.296000 0.402480 0.286500
v 0.296485 0.406480 0.286015
v 0.296485 0.502480 0.286015
v 0.296000 0.506480 0.286500
v 0.294928 0.509408 0.287572
v -0.294928 0.399552 0.312428
v -0.296000 0.402480 0.313500
v -0.296485 0.406480 0.313985
v -0.296485 0.502480 0.313985
v -0.296000 0.506480 0.313500
v -0.294928 0.509408 0.312428
v -0.292000 0.398480 0.313500
v -0.292899 0.401581 0.315298
v -0.293367 0.406480 0.316233
v -0.293367 0.502480 0.316233
v -0.292899 0.507379 0.315298
v -0.292000 0.510480 0.313500
v -0.288000 0.398150 0.313985
v -0.288000 0.401113 0.316233
v -0.288000 0.406480 0.317500
v -0.288000 0.502480 0.317500
v -0.288000 0.507847 0.316233
v -0.288000 0.510965 0.313985
v 0.288000 0.398150 0.313985
v 0.288000 0.401113 0.316233
v 0.288000 0.406480 0.317500
v 0.288000 0.502480 0.317500
v 0.288000 0.507847 0.316233
v 0.288000 0.510965 0.313985
v 0.292000 0.398480 0.313500
v 0.292899 0.401581 0.315298
v 0.293367 0.406480 0.316233
v 0.293367 0.502480 0.316233
v 0.292899 0.507379 0.315298
v 0.292000 0.510480 0.313500
v 0.294928 0.399552 0.312428
v 0.296000 0.402480 0.313500
v 0.296485 0.406480 0.313985
v 0.296485 0.502480 0.313985
v 0.296000 0.506480 0.313500
v 0.294928 0.509408 0.312428
vn -0.577350 -0.577350 -0.577350
vn -0.625875 -0.693330 -0.357175
vn -0.641979 -0.766718 -0.002459
vn -0.641855 -0.766826 0.000480
vn -0.633265 -0.734063 0.245207
vn -0.572120 -0.616455 0.540983
vn -0.653281 -0.382683 -0.653281
vn -0.855624 -0.368091 -0.363891
vn -0.891355 -0.453301 -0.002085
vn -0.943888 -0.330264 0.001347
vn -0.884494 -0.329902 0.329902
vn -0.679222 -0.317377 0.661762
vn -0.707016 -0.015991 -0.707016
vn -0.898846 -0.012005 -0.438101
vn -0.999717 -0.023444 -0.003930
vn -0.999978 -0.006489 0.001148
vn -0.943887 -0.008158 0.330169
vn -0.740614 -0.007837 0.671885
vn -0.707102 0.003501 -0.707102
vn -0.943887 0.008158 -0.330169
vn -0.999978 0.006489 -0.001148
vn -0.999717 0.023444 0.003930
vn -0.898846 0.012005 0.438101
vn -0.671885 0.007837 0.740614
vn -0.682272 0.262698 -0.682272
vn -0.884494 0.329902 -0.329902
vn -0.945038 0.326959 -0.001383
vn -0.896204 0.443638 0.002060
vn -0.855957 0.365607 0.365607
vn -0.661762 0.317377 0.679222
vn -0.587065 0.557412 -0.587065
vn -0.679222 0.661762 -0.317377
vn -0.743653 0.668565 -0.001330
vn -0.668565 0.743653 0.001330
vn -0.661762 0.679222 0.317377
vn -0.557412 0.587065 0.587065
vn 0.540983 -0.616455 -0.572120
vn 0.611551 -0.731152 -0.302363
vn 0.579817 -0.814746 -0.001252
vn 0.698716 -0.715398 0.001033
vn 0.649843 -0.702291 0.290675
vn 0.587065 -0.557412 0.587065
vn 0.661762 -0.317377 -0.679222
vn 0.855624 -0.368091 -0.363891
vn 0.891355 -0.453301 -0.002085
vn 0.943888 -0.330264 0.001347
vn 0.884494 -0.329902 0.329902
vn 0.682272 -0.262698 0.682272
vn 0.671885 -0.007837 -0.740614
vn 0.898846 -0.012005 -0.438101
vn 0.999717 -0.023444 -0.003930
vn 0.999978 -0.006489 0.001148
vn 0.943887 -0.008158 0.330169
vn 0.707102 -0.003501 0.707102
vn 0.740614 0.007837 -0.671885
vn 0.943887 0.008158 -0.330169
vn 0.999978 0.006489 -0.001148
vn 0.999717 0.023444 0.003930
vn 0.898846 0.012005 0.438101
vn 0.707016 0.015991 0.707016
vn 0.679222 0.317377 -0.661762
vn 0.884494 0.329902 -0.329902
vn 0.945038 0.326959 -0.001383
vn 0.896204 0.443638 0.002060
vn 0.855957 0.365607 0.365607
vn 0.653281 0.382683 0.653281
vn 0.587065 0.587065 -0.557412
vn 0.682272 0.682272 -0.262698
vn 0.707107 0.707107 -0.000584
vn 0.707104 0.707104 0.002812
vn 0.653281 0.653281 0.382683
vn 0.577350 0.577350 0.577350
vn -0.577350 -0.577350 -0.577350
vn -0.357175 -0.693330 -0.625875
vn -0.074287 -0.761511 -0.643881
vn 0.021707 -0.766645 -0.641704
vn 0.245207 -0.734063 -0.633265
vn 0.540983 -0.616455 -0.572120
vn -0.625875 -0.693330 -0.357175
vn -0.268668 -0.925005 -0.268668
vn -0.052517 -0.956536 -0.286848
vn 0.038225 -0.968108 -0.247599
vn 0.250258 -0.935276 -0.250258
vn 0.611551 -0.731152 -0.302363
vn -0.641979 -0.766718 -0.002459
vn -0.319023 -0.947746 -0.001481
vn -0.078490 -0.996913 -0.001824
vn 0.031743 -0.999495 -0.001084
vn 0.229010 -0.973424 -0.000969
vn 0.579817 -0.814746 -0.001252
vn -0.641855 -0.766826 0.000480
vn -0.229010 -0.973424 0.000969
vn -0.031743 -0.999495 0.001084
vn 0.078490 -0.996913 0.001824
vn 0.319023 -0.947746 0.001481
vn 0.698716 -0.715398 0.001033
vn -0.633265 -0.734063 0.245207
vn -0.250258 -0.935276 0.250258
vn -0.038225 -0.968108 0.247599
vn 0.052517 -0.956536 0.286848
vn 0.268668 -0.925005 0.268668
vn 0.649843 -0.702291 0.290675
vn -0.572120 -0.616455 0.540983
vn -0.302363 -0.731152 0.611551
vn -0.048316 -0.781785 0.621673
vn 0.040439 -0.747184 0.663386
vn 0.290675 -0.702291 0.649843
vn 0.587065 -0.557412 0.587065
vn -0.587065 0.557412 -0.587065
vn -0.317377 0.661762 -0.679222
vn -0.051696 0.693171 -0.718917
vn 0.051696 0.718917 -0.693171
vn 0.317377 0.679222 -0.661762
vn 0.587065 0.587065 -0.557412
vn -0.679222 0.661762 -0.317377
vn -0.365607 0.855957 -0.365607
vn -0.073674 0.912490 -0.402410
vn 0.054268 0.934607 -0.351517
vn 0.329902 0.884494 -0.329902
vn 0.682272 0.682272 -0.262698
vn -0.743653 0.668565 -0.001330
vn -0.443638 0.896204 -0.002060
vn -0.115014 0.993360 -0.002673
vn 0.046654 0.998910 -0.001593
vn 0.326959 0.945038 -0.001383
vn 0.707107 0.707107 -0.000584
vn -0.668565 0.743653 0.001330
vn -0.326959 0.945038 0.001383
vn -0.046654 0.998910 0.001593
vn 0.115014 0.993360 0.002673
vn 0.443638 0.896204 0.002060
vn 0.707104 0.707104 0.002812
vn -0.661762 0.679222 0.317377
vn -0.329902 0.884494 0.329902
vn -0.054268 0.934607 0.351517
vn 0.073674 0.912490 0.402410
vn 0.365607 0.855957 0.365607
vn 0.653281 0.653281 0.382683
vn -0.557412 0.587065 0.587065
vn -0.262698 0.682272 0.682272
vn -0.026387 0.706861 0.706861
vn 0.085213 0.704535 0.704535
vn 0.382683 0.653281 0.653281
vn 0.577350 0.577350 0.577350
vn -0.577350 -0.577350 -0.577350
vn -0.653281 -0.382683 -0.653281
vn -0.707016 -0.015991 -0.707016
vn -0.707102 0.003501 -0.707102
vn -0.682272 0.262698 -0.682272
vn -0.587065 0.557412 -0.587065
vn -0.357175 -0.693330 -0.625875
vn -0.363891 -0.368091 -0.855624
vn -0.438101 -0.012005 -0.898846
vn -0.330169 0.008158 -0.943887
vn -0.329902 0.329902 -0.884494
vn -0.317377 0.661762 -0.679222
vn -0.074287 -0.761511 -0.643881
vn -0.074320 -0.409707 -0.909185
vn -0.111254 -0.015426 -0.993672
vn -0.048661 0.009391 -0.998771
vn -0.054268 0.351517 -0.934607
vn -0.051696 0.693171 -0.718917
vn 0.021707 -0.766645 -0.641704
vn 0.052869 -0.355060 -0.933348
vn 0.048661 -0.009391 -0.998771
vn 0.111254 0.015426 -0.993672
vn 0.073674 0.402410 -0.912490
vn 0.051696 0.718917 -0.693171
vn 0.245207 -0.734063 -0.633265
vn 0.329902 -0.329902 -0.884494
vn 0.330169 -0.008158 -0.943887
vn 0.438101 0.012005 -0.898846
vn 0.365607 0.365607 -0.855957
vn 0.317377 0.679222 -0.661762
vn 0.540983 -0.616455 -0.572120
vn 0.661762 -0.317377 -0.679222
vn 0.671885 -0.007837 -0.740614
vn 0.740614 0.007837 -0.671885
vn 0.679222 0.317377 -0.661762
vn 0.587065 0.587065 -0.557412
vn -0.572120 -0.616455 0.540983
vn -0.679222 -0.317377 0.661762
vn -0.740614 -0.007837 0.671885
vn -0.671885 0.007837 0.740614
vn -0.661762 0.317377 0.679222
vn -0.557412 0.587065 0.587065
vn -0.302363 -0.731152 0.611551
vn -0.363891 -0.368091 0.855624
vn -0.438101 -0.012005 0.898846
vn -0.330169 0.008158 0.943887
vn -0.329902 0.329902 0.884494
vn -0.262698 0.682272 0.682272
vn -0.048316 -0.781785 0.621673
vn -0.074320 -0.409707 0.909185
vn -0.111254 -0.015426 0.993672
vn -0.048661 0.009391 0.998771
vn -0.054268 0.351517 0.934607
vn -0.026387 0.706861 0.706861
vn 0.040439 -0.747184 0.663386
vn 0.052869 -0.355060 0.933348
vn 0.048661 -0.009391 0.998771
vn 0.111254 0.015426 0.993672
vn 0.073674 0.402410 0.912490
vn 0.085213 0.704535 0.704535
vn 0.290675 -0.702291 0.649843
vn 0.329902 -0.329902 0.884494
vn 0.330169 -0.008158 0.943887
vn 0.438101 0.012005 0.898846
vn 0.365607 0.365607 0.855957
vn 0.382683 0.653281 0.653281
vn 0.587065 -0.557412 0.587065
vn 0.682272 -0.262698 0.682272
vn 0.707102 -0.003501 0.707102
vn 0.707016 0.015991 0.707016
vn 0.653281 0.382683 0.653281
vn 0.577350 0.577350 0.577350
vn -0.577350 -0.577350 -0.577350
vn -0.625875 -0.693330 -0.357175
vn -0.641979 -0.766718 -0.002459
vn -0.641855 -0.766826 0.000480
vn -0.633265 -0.734063 0.245207
vn -0.572120 -0.616455 0.540983
vn -0.653281 -0.382683 -0.653281
vn -0.855624 -0.368091 -0.363891
vn -0.891355 -0.453301 -0.002085
vn -0.943888 -0.330264 0.001347
vn -0.884494 -0.329902 0.329902
vn -0.679222 -0.317377 0.661762
vn -0.707016 -0.015991 -0.707016
vn -0.898846 -0.012005 -0.438101
vn -0.999717 -0.023444 -0.003930
vn -0.999978 -0.006489 0.001148
vn -0.943887 -0.008158 0.330169
vn -0.740614 -0.007837 0.671885
vn -0.707102 0.003501 -0.707102
vn -0.943887 0.008158 -0.330169
vn -0.999978 0.006489 -0.001148
vn -0.999717 0.023444 0.003930
vn -0.898846 0.012005 0.438101
vn -0.671885 0.007837 0.740614
vn -0.682272 0.262698 -0.682272
vn -0.884494 0.329902 -0.329902
vn -0.945038 0.326959 -0.001383
vn -0.896204 0.443638 0.002060
vn -0.855957 0.365607 0.365607
vn -0.661762 0.317377 0.679222
vn -0.587065 0.557412 -0.587065
vn -0.679222 0.661762 -0.317377
vn -0.743653 0.668565 -0.001330
vn -0.668565 0.743653 0.001330
vn -0.661762 0.679222 0.317377
vn -0.557412 0.587065 0.587065
vn 0.540983 -0.616455 -0.572120
vn 0.611551 -0.731152 -0.302363
vn 0.579817 -0.814746 -0.001252
vn 0.698716 -0.715398 0.001033
vn 0.649843 -0.702291 0.290675
vn 0.587065 -0.557412 0.587065
vn 0.661762 -0.317377 -0.679222
vn 0.855624 -0.368091 -0.363891
vn 0.891355 -0.453301 -0.002085
vn 0.943888 -0.330264 0.001347
vn 0.884494 -0.329902 0.329902
vn 0.682272 -0.262698 0.682272
vn 0.671885 -0.007837 -0.740614
vn 0.898846 -0.012005 -0.438101
vn 0.999717 -0.023444 -0.003930
vn 0.999978 -0.006489 0.001148
vn 0.943887 -0.008158 0.330169
vn 0.707102 -0.003501 0.707102
vn 0.740614 0.007837 -0.671885
vn 0.943887 0.008158 -0.330169
vn 0.999978 0.006489 -0.001148
vn 0.999717 0.023444 0.003930
vn 0.898846 0.012005 0.438101
vn 0.707016 0.015991 0.707016
vn 0.679222 0.317377 -0.661762
vn 0.884494 0.329902 -0.329902
vn 0.945038 0.326959 -0.001383
vn 0.896204 0.443638 0.002060
vn 0.855957 0.365607 0.365607
vn 0.653281 0.382683 0.653281
vn 0.587065 0.587065 -0.557412
vn 0.682272 0.682272 -0.262698
vn 0.707107 0.707107 -0.000584
vn 0.707104 0.707104 0.002812
vn 0.653281 0.653281 0.382683
vn 0.577350 0.577350 0.577350
vn -0.577350 -0.577350 -0.577350
vn -0.357175 -0.693330 -0.625875
vn -0.074287 -0.761511 -0.643881
vn 0.021707 -0.766645 -0.641704
vn 0.245207 -0.734063 -0.633265
vn 0.540983 -0.616455 -0.572120
vn -0.625875 -0.693330 -0.357175
vn -0.268668 -0.925005 -0.268668
vn -0.052517 -0.956536 -0.286848
vn 0.038225 -0.968108 -0.247599
vn 0.250258 -0.935276 -0.250258
vn 0.611551 -0.731152 -0.302363
vn -0.641979 -0.766718 -0.002459
vn -0.319023 -0.947746 -0.001481
vn -0.078490 -0.996913 -0.001824
vn 0.031743 -0.999495 -0.001084
vn 0.229010 -0.973424 -0.000969
vn 0.579817 -0.814746 -0.001252
vn -0.641855 -0.766826 0.000480
vn -0.229010 -0.973424 0.000969
vn -0.031743 -0.999495 0.001084
vn 0.078490 -0.996913 0.001824
vn 0.319023 -0.947746 0.001481
vn 0.698716 -0.715398 0.001033
vn -0.633265 -0.734063 0.245207
vn -0.250258 -0.935276 0.250258
vn -0.038225 -0.968108 0.247599
vn 0.052517 -0.956536 0.286848
vn 0.268668 -0.925005 0.268668
vn 0.649843 -0.702291 0.290675
vn -0.572120 -0.616455 0.540983
vn -0.302363 -0.731152 0.611551
vn -0.048316 -0.781785 0.621673
vn 0.040439 -0.747184 0.663386
vn 0.290675 -0.702291 0.649843
vn 0.587065 -0.557412 0.587065
vn -0.587065 0.557412 -0.587065
vn -0.317377 0.661762 -0.679222
vn -0.051696 0.693171 -0.718917
vn 0.051696 0.718917 -0.693171
vn 0.317377 0.679222 -0.661762
vn 0.587065 0.587065 -0.557412
vn -0.679222 0.661762 -0.317377
vn -0.365607 0.855957 -0.365607
vn -0.073674 0.912490 -0.402410
vn 0.054268 0.934607 -0.351517
vn 0.329902 0.884494 -0.329902
vn 0.682272 0.682272 -0.262698
vn -0.743653 0.668565 -0.001330
vn -0.443638 0.896204 -0.002060
vn -0.115014 0.993360 -0.002673
vn 0.046654 0.998910 -0.001593
vn 0.326959 0.945038 -0.001383
vn 0.707107 0.707107 -0.000584
vn -0.668565 0.743653 0.001330
vn -0.326959 0.945038 0.001383
vn -0.046654 0.998910 0.001593
vn 0.115014 0.993360 0.002673
vn 0.443638 0.896204 0.002060
vn 0.707104 0.707104 0.002812
vn -0.661762 0.679222 0.317377
vn -0.329902 0.884494 0.329902
vn -0.054268 0.934607 0.351517
vn 0.073674 0.912490 0.402410
vn 0.365607 0.855957 0.365607
vn 0.653281 0.653281 0.382683
vn -0.557412 0.587065 0.587065
vn -0.262698 0.682272 0.682272
vn -0.026387 0.706861 0.706861
vn 0.085213 0.704535 0.704535
vn 0.382683 0.653281 0.653281
vn 0.577350 0.577350 0.577350
vn -0.577350 -0.577350 -0.577350
vn -0.653281 -0.382683 -0.653281
vn -0.707016 -0.015991 -0.707016
vn -0.707102 0.003501 -0.707102
vn -0.682272 0.262698 -0.682272
vn -0.587065 0.557412 -0.587065
vn -0.357175 -0.693330 -0.625875
vn -0.363891 -0.368091 -0.855624
vn -0.438101 -0.012005 -0.898846
vn -0.330169 0.008158 -0.943887
vn -0.329902 0.329902 -0.884494
vn -0.317377 0.661762 -0.679222
vn -0.074287 -0.761511 -0.643881
vn -0.074320 -0.409707 -0.909185
vn -0.111254 -0.015426 -0.993672
vn -0.048661 0.009391 -0.998771
vn -0.054268 0.351517 -0.934607
vn -0.051696 0.693171 -0.718917
vn 0.021707 -0.766645 -0.641704
vn 0.052869 -0.355060 -0.933348
vn 0.048661 -0.009391 -0.998771
vn 0.111254 0.015426 -0.993672
vn 0.073674 0.402410 -0.912490
vn 0.051696 0.718917 -0.693171
vn 0.245207 -0.734063 -0.633265
vn 0.329902 -0.329902 -0.884494
vn 0.330169 -0.008158 -0.943887
vn 0.438101 0.012005 -0.898846
vn 0.365607 0.365607 -0.855957
vn 0.317377 0.679222 -0.661762
vn 0.540983 -0.616455 -0.572120
vn 0.661762 -0.317377 -0.679222
vn 0.671885 -0.007837 -0.740614
vn 0.740614 0.007837 -0.671885
vn 0.679222 0.317377 -0.661762
vn 0.587065 0.587065 -0.557412
vn -0.572120 -0.616455 0.540983
vn -0.679222 -0.317377 0.661762
vn -0.740614 -0.007837 0.671885
vn -0.671885 0.007837 0.740614
vn -0.661762 0.317377 0.679222
vn -0.557412 0.587065 0.587065
vn -0.302363 -0.731152 0.611551
vn -0.363891 -0.368091 0.855624
vn -0.438101 -0.012005 0.898846
vn -0.330169 0.008158 0.943887
vn -0.329902 0.329902 0.884494
vn -0.262698 0.682272 0.682272
vn -0.048316 -0.781785 0.621673
vn -0.074320 -0.409707 0.909185
vn -0.111254 -0.015426 0.993672
vn -0.048661 0.009391 0.998771
vn -0.054268 0.351517 0.934607
vn -0.026387 0.706861 0.706861
vn 0.040439 -0.747184 0.663386
vn 0.052869 -0.355060 0.933348
vn 0.048661 -0.009391 0.998771
vn 0.111254 0.015426 0.993672
vn 0.073674 0.402410 0.912490
vn 0.085213 0.704535 0.704535
vn 0.290675 -0.702291 0.649843
vn 0.329902 -0.329902 0.884494
vn 0.330169 -0.008158 0.943887
vn 0.438101 0.012005 0.898846
vn 0.365607 0.365607 0.855957
vn 0.382683 0.653281 0.653281
vn 0.587065 -0.557412 0.587065
vn 0.682272 -0.262698 0.682272
vn 0.707102 -0.003501 0.707102
vn 0.707016 0.015991 0.707016
vn 0.653281 0.382683 0.653281
vn 0.577350 0.577350 0.577350
vn -0.577350 -0.577350 -0.577350
vn -0.625875 -0.693330 -0.357175
vn -0.643881 -0.761511 -0.074287
vn -0.641704 -0.766645 0.021707
vn -0.633265 -0.734063 0.245207
vn -0.572120 -0.616455 0.540983
vn -0.653281 -0.382683 -0.653281
vn -0.855624 -0.368091 -0.363891
vn -0.909185 -0.409707 -0.074320
vn -0.933348 -0.355060 0.052869
vn -0.884494 -0.329902 0.329902
vn -0.679222 -0.317377 0.661762
vn -0.707016 -0.015991 -0.707016
vn -0.898846 -0.012005 -0.438101
vn -0.993672 -0.015426 -0.111254
vn -0.998771 -0.009391 0.048661
vn -0.943887 -0.008158 0.330169
vn -0.740614 -0.007837 0.671885
vn -0.707102 0.003501 -0.707102
vn -0.943887 0.008158 -0.330169
vn -0.998771 0.009391 -0.048661
vn -0.993672 0.015426 0.111254
vn -0.898846 0.012005 0.438101
vn -0.671885 0.007837 0.740614
vn -0.682272 0.262698 -0.682272
vn -0.884494 0.329902 -0.329902
vn -0.934607 0.351517 -0.054268
vn -0.912490 0.402410 0.073674
vn -0.855957 0.365607 0.365607
vn -0.661762 0.317377 0.679222
vn -0.587065 0.557412 -0.587065
vn -0.679222 0.661762 -0.317377
vn -0.718917 0.693171 -0.051696
vn -0.693171 0.718917 0.051696
vn -0.661762 0.679222 0.317377
vn -0.557412 0.587065 0.587065
vn 0.540983 -0.616455 -0.572120
vn 0.611551 -0.731152 -0.302363
vn 0.621673 -0.781785 -0.048316
vn 0.663386 -0.747184 0.040439
vn 0.649843 -0.702291 0.290675
vn 0.587065 -0.557412 0.587065
vn 0.661762 -0.317377 -0.679222
vn 0.855624 -0.368091 -0.363891
vn 0.909185 -0.409707 -0.074320
vn 0.933348 -0.355060 0.052869
vn 0.884494 -0.329902 0.329902
vn 0.682272 -0.262698 0.682272
vn 0.671885 -0.007837 -0.740614
vn 0.898846 -0.012005 -0.438101
vn 0.993672 -0.015426 -0.111254
vn 0.998771 -0.009391 0.048661
vn 0.943887 -0.008158 0.330169
vn 0.707102 -0.003501 0.707102
vn 0.740614 0.007837 -0.671885
vn 0.943887 0.008158 -0.330169
vn 0.998771 0.009391 -0.048661
vn 0.993672 0.015426 0.111254
vn 0.898846 0.012005 0.438101
vn 0.707016 0.015991 0.707016
vn 0.679222 0.317377 -0.661762
vn 0.884494 0.329902 -0.329902
vn 0.934607 0.351517 -0.054268
vn 0.912490 0.402410 0.073674
vn 0.855957 0.365607 0.365607
vn 0.653281 0.382683 0.653281
vn 0.587065 0.587065 -0.557412
vn 0.682272 0.682272 -0.262698
vn 0.706861 0.706861 -0.026387
vn 0.704535 0.704535 0.085213
vn 0.653281 0.653281 0.382683
vn 0.577350 0.577350 0.577350
vn -0.577350 -0.577350 -0.577350
vn -0.357175 -0.693330 -0.625875
vn -0.002502 -0.766716 -0.641981
vn 0.000488 -0.766826 -0.641855
vn 0.245207 -0.734063 -0.633265
vn 0.540983 -0.616455 -0.572120
vn -0.625875 -0.693330 -0.357175
vn -0.268668 -0.925005 -0.268668
vn -0.001507 -0.947751 -0.319008
vn 0.000985 -0.973422 -0.229019
vn 0.250258 -0.935276 -0.250258
vn 0.611551 -0.731152 -0.302363
vn -0.643881 -0.761511 -0.074287
vn -0.286848 -0.956536 -0.052517
vn -0.001856 -0.996914 -0.078480
vn 0.001103 -0.999495 -0.031748
vn 0.247599 -0.968108 -0.038225
vn 0.621673 -0.781785 -0.048316
vn -0.641704 -0.766645 0.021707
vn -0.247599 -0.968108 0.038225
vn -0.001103 -0.999495 0.031748
vn 0.001856 -0.996914 0.078480
vn 0.286848 -0.956536 0.052517
vn 0.663386 -0.747184 0.040439
vn -0.633265 -0.734063 0.245207
vn -0.250258 -0.935276 0.250258
vn -0.000985 -0.973422 0.229019
vn 0.001507 -0.947751 0.319008
vn 0.268668 -0.925005 0.268668
vn 0.649843 -0.702291 0.290675
vn -0.572120 -0.616455 0.540983
vn -0.302363 -0.731152 0.611551
vn -0.001274 -0.814732 0.579837
vn 0.001051 -0.715413 0.698701
vn 0.290675 -0.702291 0.649843
vn 0.587065 -0.557412 0.587065
vn -0.587065 0.557412 -0.587065
vn -0.317377 0.661762 -0.679222
vn -0.001353 0.668577 -0.743642
vn 0.001353 0.743642 -0.668577
vn 0.317377 0.679222 -0.661762
vn 0.587065 0.587065 -0.557412
vn -0.679222 0.661762 -0.317377
vn -0.365607 0.855957 -0.365607
vn -0.002095 0.896213 -0.443618
vn 0.001407 0.945034 -0.326970
vn 0.329902 0.884494 -0.329902
vn 0.682272 0.682272 -0.262698
vn -0.718917 0.693171 -0.051696
vn -0.402410 0.912490 -0.073674
vn -0.002719 0.993362 -0.115001
vn 0.001620 0.998909 -0.046661
vn 0.351517 0.934607 -0.054268
vn 0.706861 0.706861 -0.026387
vn -0.693171 0.718917 0.051696
vn -0.351517 0.934607 0.054268
vn -0.001620 0.998909 0.046661
vn 0.002719 0.993362 0.115001
vn 0.402410 0.912490 0.073674
vn 0.704535 0.704535 0.085213
vn -0.661762 0.679222 0.317377
vn -0.329902 0.884494 0.329902
vn -0.001407 0.945034 0.326970
vn 0.002095 0.896213 0.443618
vn 0.365607 0.855957 0.365607
vn 0.653281 0.653281 0.382683
vn -0.557412 0.587065 0.587065
vn -0.262698 0.682272 0.682272
vn -0.000594 0.707107 0.707107
vn 0.002860 0.707104 0.707104
vn 0.382683 0.653281 0.653281
vn 0.577350 0.577350 0.577350
vn -0.577350 -0.577350 -0.577350
vn -0.653281 -0.382683 -0.653281
vn -0.707016 -0.015991 -0.707016
vn -0.707102 0.003501 -0.707102
vn -0.682272 0.262698 -0.682272
vn -0.587065 0.557412 -0.587065
vn -0.357175 -0.693330 -0.625875
vn -0.363891 -0.368091 -0.855624
vn -0.438101 -0.012005 -0.898846
vn -0.330169 0.008158 -0.943887
vn -0.329902 0.329902 -0.884494
vn -0.317377 0.661762 -0.679222
vn -0.002502 -0.766716 -0.641981
vn -0.002121 -0.453280 -0.891366
vn -0.003997 -0.023439 -0.999717
vn -0.001168 0.006490 -0.999978
vn -0.001407 0.326970 -0.945034
vn -0.001353 0.668577 -0.743642
vn 0.000488 -0.766826 -0.641855
vn 0.001370 -0.330276 -0.943883
vn 0.001168 -0.006490 -0.999978
vn 0.003997 0.023439 -0.999717
vn 0.002095 0.443618 -0.896213
vn 0.001353 0.743642 -0.668577
vn 0.245207 -0.734063 -0.633265
vn 0.329902 -0.329902 -0.884494
vn 0.330169 -0.008158 -0.943887
vn 0.438101 0.012005 -0.898846
vn 0.365607 0.365607 -0.855957
vn 0.317377 0.679222 -0.661762
vn 0.540983 -0.616455 -0.572120
vn 0.661762 -0.317377 -0.679222
vn 0.671885 -0.007837 -0.740614
vn 0.740614 0.007837 -0.671885
vn 0.679222 0.317377 -0.661762
vn 0.587065 0.587065 -0.557412
vn -0.572120 -0.616455 0.540983
vn -0.679222 -0.317377 0.661762
vn -0.740614 -0.007837 0.671885
vn -0.671885 0.007837 0.740614
vn -0.661762 0.317377 0.679222
vn -0.557412 0.587065 0.587065
vn -0.302363 -0.731152 0.611551
vn -0.363891 -0.368091 0.855624
vn -0.438101 -0.012005 0.898846
vn -0.330169 0.008158 0.943887
vn -0.329902 0.329902 0.884494
vn -0.262698 0.682272 0.682272
vn -0.001274 -0.814732 0.579837
vn -0.002121 -0.453280 0.891366
vn -0.003997 -0.023439 0.999717
vn -0.001168 0.006490 0.999978
vn -0.001407 0.326970 0.945034
vn -0.000594 0.707107 0.707107
vn 0.001051 -0.715413 0.698701
vn 0.001370 -0.330276 0.943883
vn 0.001168 -0.006490 0.999978
vn 0.003997 0.023439 0.999717
vn 0.002095 0.443618 0.896213
vn 0.002860 0.707104 0.707104
vn 0.290675 -0.702291 0.649843
vn 0.329902 -0.329902 0.884494
vn 0.330169 -0.008158 0.943887
vn 0.438101 0.012005 0.898846
vn 0.365607 0.365607 0.855957
vn 0.382683 0.653281 0.653281
vn 0.587065 -0.557412 0.587065
vn 0.682272 -0.262698 0.682272
vn 0.707102 -0.003501 0.707102
vn 0.707016 0.015991 0.707016
vn 0.653281 0.382683 0.653281
vn 0.577350 0.577350 0.577350
vn -0.577350 -0.577350 -0.577350
vn -0.625875 -0.693330 -0.357175
vn -0.643881 -0.761511 -0.074287
vn -0.641704 -0.766645 0.021707
vn -0.633265 -0.734063 0.245207
vn -0.572120 -0.616455 0.540983
vn -0.653281 -0.382683 -0.653281
vn -0.855624 -0.368091 -0.363891
vn -0.909185 -0.409707 -0.074320
vn -0.933348 -0.355060 0.052869
vn -0.884494 -0.329902 0.329902
vn -0.679222 -0.317377 0.661762
vn -0.707016 -0.015991 -0.707016
vn -0.898846 -0.012005 -0.438101
vn -0.993672 -0.015426 -0.111254
vn -0.998771 -0.009391 0.048661
vn -0.943887 -0.008158 0.330169
vn -0.740614 -0.007837 0.671885
vn -0.707102 0.003501 -0.707102
vn -0.943887 0.008158 -0.330169
vn -0.998771 0.009391 -0.048661
vn -0.993672 0.015426 0.111254
vn -0.898846 0.012005 0.438101
vn -0.671885 0.007837 0.740614
vn -0.682272 0.262698 -0.682272
vn -0.884494 0.329902 -0.329902
vn -0.934607 0.351517 -0.054268
vn -0.912490 0.402410 0.073674
vn -0.855957 0.365607 0.365607
vn -0.661762 0.317377 0.679222
vn -0.587065 0.557412 -0.587065
vn -0.679222 0.661762 -0.317377
vn -0.718917 0.693171 -0.051696
vn -0.693171 0.718917 0.051696
vn -0.661762 0.679222 0.317377
vn -0.557412 0.587065 0.587065
vn 0.540983 -0.616455 -0.572120
vn 0.611551 -0.731152 -0.302363
vn 0.621673 -0.781785 -0.048316
vn 0.663386 -0.747184 0.040439
vn 0.649843 -0.702291 0.290675
vn 0.587065 -0.557412 0.587065
vn 0.661762 -0.317377 -0.679222
vn 0.855624 -0.368091 -0.363891
vn 0.909185 -0.409707 -0.074320
vn 0.933348 -0.355060 0.052869
vn 0.884494 -0.329902 0.329902
vn 0.682272 -0.262698 0.682272
vn 0.671885 -0.007837 -0.740614
vn 0.898846 -0.012005 -0.438101
vn 0.993672 -0.015426 -0.111254
vn 0.998771 -0.009391 0.048661
vn 0.943887 -0.008158 0.330169
vn 0.707102 -0.003501 0.707102
vn 0.740614 0.007837 -0.671885
vn 0.943887 0.008158 -0.330169
vn 0.998771 0.009391 -0.048661
vn 0.993672 0.015426 0.111254
vn 0.898846 0.012005 0.438101
vn 0.707016 0.015991 0.707016
vn 0.679222 0.317377 -0.661762
vn 0.884494 0.329902 -0.329902
vn 0.934607 0.351517 -0.054268
vn 0.912490 0.402410 0.073674
vn 0.855957 0.365607 0.365607
vn 0.653281 0.382683 0.653281
vn 0.587065 0.587065 -0.557412
vn 0.682272 0.682272 -0.262698
vn 0.706861 0.706861 -0.026387
vn 0.704535 0.704535 0.085213
vn 0.653281 0.653281 0.382683
vn 0.577350 0.577350 0.577350
vn -0.577350 -0.577350 -0.577350
vn -0.357175 -0.693330 -0.625875
vn -0.002502 -0.766716 -0.641981
vn 0.000488 -0.766826 -0.641855
vn 0.245207 -0.734063 -0.633265
vn 0.540983 -0.616455 -0.572120
vn -0.625875 -0.693330 -0.357175
vn -0.268668 -0.925005 -0.268668
vn -0.001507 -0.947751 -0.319008
vn 0.000985 -0.973422 -0.229019
vn 0.250258 -0.935276 -0.250258
vn 0.611551 -0.731152 -0.302363
vn -0.643881 -0.761511 -0.074287
vn -0.286848 -0.956536 -0.052517
vn -0.001856 -0.996914 -0.078480
vn 0.001103 -0.999495 -0.031748
vn 0.247599 -0.968108 -0.038225
vn 0.621673 -0.781785 -0.048316
vn -0.641704 -0.766645 0.021707
vn -0.247599 -0.968108 0.038225
vn -0.001103 -0.999495 0.031748
vn 0.001856 -0.996914 0.078480
vn 0.286848 -0.956536 0.052517
vn 0.663386 -0.747184 0.040439
vn -0.633265 -0.734063 0.245207
vn -0.250258 -0.935276 0.250258
vn -0.000985 -0.973422 0.229019
vn 0.001507 -0.947751 0.319008
vn 0.268668 -0.925005 0.268668
vn 0.649843 -0.702291 0.290675
vn -0.572120 -0.616455 0.540983
vn -0.302363 -0.731152 0.611551
vn -0.001274 -0.814732 0.579837
vn 0.001051 -0.715413 0.698701
vn 0.290675 -0.702291 0.649843
vn 0.587065 -0.557412 0.587065
vn -0.587065 0.557412 -0.587065
vn -0.317377 0.661762 -0.679222
vn -0.001353 0.668577 -0.743642
vn 0.001353 0.743642 -0.668577
vn 0.317377 0.679222 -0.661762
vn 0.587065 0.587065 -0.557412
vn -0.679222 0.661762 -0.317377
vn -0.365607 0.855957 -0.365607
vn -0.002095 0.896213 -0.443618
vn 0.001407 0.945034 -0.326970
vn 0.329902 0.884494 -0.329902
vn 0.682272 0.682272 -0.262698
vn -0.718917 0.693171 -0.051696
vn -0.402410 0.912490 -0.073674
vn -0.002719 0.993362 -0.115001
vn 0.001620 0.998909 -0.046661
vn 0.351517 0.934607 -0.054268
vn 0.706861 0.706861 -0.026387
vn -0.693171 0.718917 0.051696
vn -0.351517 0.934607 0.054268
vn -0.001620 0.998909 0.046661
vn 0.002719 0.993362 0.115001
vn 0.402410 0.912490 0.073674
vn 0.704535 0.704535 0.085213
vn -0.661762 0.679222 0.317377
vn -0.329902 0.884494 0.329902
vn -0.001407 0.945034 0.326970
vn 0.002095 0.896213 0.443618
vn 0.365607 0.855957 0.365607
vn 0.653281 0.653281 0.382683
vn -0.557412 0.587065 0.587065
vn -0.262698 0.682272 0.682272
vn -0.000594 0.707107 0.707107
vn 0.002860 0.707104 0.707104
vn 0.382683 0.653281 0.653281
vn 0.577350 0.577350 0.577350
vn -0.577350 -0.577350 -0.577350
vn -0.653281 -0.382683 -0.653281
vn -0.707016 -0.015991 -0.707016
vn -0.707102 0.003501 -0.707102
vn -0.682272 0.262698 -0.682272
vn -0.587065 0.557412 -0.587065
vn -0.357175 -0.693330 -0.625875
vn -0.363891 -0.368091 -0.855624
vn -0.438101 -0.012005 -0.898846
vn -0.330169 0.008158 -0.943887
vn -0.329902 0.329902 -0.884494
vn -0.317377 0.661762 -0.679222
vn -0.002502 -0.766716 -0.641981
vn -0.002121 -0.453280 -0.891366
vn -0.003997 -0.023439 -0.999717
vn -0.001168 0.006490 -0.999978
vn -0.001407 0.326970 -0.945034
vn -0.001353 0.668577 -0.743642
vn 0.000488 -0.766826 -0.641855
vn 0.001370 -0.330276 -0.943883
vn 0.001168 -0.006490 -0.999978
vn 0.003997 0.023439 -0.999717
vn 0.002095 0.443618 -0.896213
vn 0.001353 0.743642 -0.668577
vn 0.245207 -0.734063 -0.633265
vn 0.329902 -0.329902 -0.884494
vn 0.330169 -0.008158 -0.943887
vn 0.438101 0.012005 -0.898846
vn 0.365607 0.365607 -0.855957
vn 0.317377 0.679222 -0.661762
vn 0.540983 -0.616455 -0.572120
vn 0.661762 -0.317377 -0.679222
vn 0.671885 -0.007837 -0.740614
vn 0.740614 0.007837 -0.671885
vn 0.679222 0.317377 -0.661762
vn 0.587065 0.587065 -0.557412
vn -0.572120 -0.616455 0.540983
vn -0.679222 -0.317377 0.661762
vn -0.740614 -0.007837 0.671885
vn -0.671885 0.007837 0.740614
vn -0.661762 0.317377 0.679222
vn -0.557412 0.587065 0.587065
vn -0.302363 -0.731152 0.611551
vn -0.363891 -0.368091 0.855624
vn -0.438101 -0.012005 0.898846
vn -0.330169 0.008158 0.943887
vn -0.329902 0.329902 0.884494
vn -0.262698 0.682272 0.682272
vn -0.001274 -0.814732 0.579837
vn -0.002121 -0.453280 0.891366
vn -0.003997 -0.023439 0.999717
vn -0.001168 0.006490 0.999978
vn -0.001407 0.326970 0.945034
vn -0.000594 0.707107 0.707107
vn 0.001051 -0.715413 0.698701
vn 0.001370 -0.330276 0.943883
vn 0.001168 -0.006490 0.999978
vn 0.003997 0.023439 0.999717
vn 0.002095 0.443618 0.896213
vn 0.002860 0.707104 0.707104
vn 0.290675 -0.702291 0.649843
vn 0.329902 -0.329902 0.884494
vn 0.330169 -0.008158 0.943887
vn 0.438101 0.012005 0.898846
vn 0.365607 0.365607 0.855957
vn 0.382683 0.653281 0.653281
vn 0.587065 -0.557412 0.587065
vn 0.682272 -0.262698 0.682272
vn 0.707102 -0.003501 0.707102
vn 0.707016 0.015991 0.707016
vn 0.653281 0.382683 0.653281
vn 0.577350 0.577350 0.577350
f 1628//1628 1633//1633 1627//1627
f 1634//1634 1633//1633 1628//1628
f 1629//1629 1634//1634 1628//1628
f 1635//1635 1634//1634 1629//1629
f 1630//1630 1635//1635 1629//1629
f 1636//1636 1635//1635 1630//1630
f 1631//1631 1636//1636 1630//1630
f 1637//1637 1636//1636 1631//1631
f 1632//1632 1637//1637 1631//1631
f 1638//1638 1637//1637 1632//1632
f 1634//1634 1639//1639 1633//1633
f 1640//1640 1639//1639 1634//1634
f 1635//1635 1640//1640 1634//1634
f 1641//1641 1640//1640 1635//1635
f 1636//1636 1641//1641 1635//1635
f 1642//1642 1641//1641 1636//1636
f 1637//1637 1642//1642 1636//1636
f 1643//1643 1642//1642 1637//1637
f 1638//1638 1643//1643 1637//1637
f 1644//1644 1643//1643 1638//1638
f 1640//1640 1645//1645 1639//1639
f 1646//1646 1645//1645 1640//1640
f 1641//1641 1646//1646 1640//1640
f 1647//1647 1646//1646 1641//1641
f 1642//1642 1647//1647 1641//1641
f 1648//1648 1647//1647 1642//1642
f 1643//1643 1648//1648 1642//1642
f 1649//1649 1648//1648 1643//1643
f 1644//1644 1649//1649 1643//1643
f 1650//1650 1649//1649 1644//1644
f 1646//1646 1651//1651 1645//1645
f 1652//1652 1651//1651 1646//1646
f 1647//1647 1652//1652 1646//1646
f 1653//1653 1652//1652 1647//1647
f 1648//1648 1653//1653 1647//1647
f 1654//1654 1653//1653 1648//1648
f 1649//1649 1654//1654 1648//1648
f 1655//1655 1654//1654 1649//1649
f 1650//1650 1655//1655 1649//1649
f 1656//1656 1655//1655 1650//1650
f 1652//1652 1657//1657 1651//1651
f 1658//1658 1657//1657 1652//1652
f 1653//1653 1658//1658 1652//1652
f 1659//1659 1658//1658 1653//1653
f 1654//1654 1659//1659 1653//1653
f 1660//1660 1659//1659 1654//1654
f 1655//1655 1660//1660 1654//1654
f 1661//1661 1660//1660 1655//1655
f 1656//1656 1661//1661 1655//1655
f 1662//1662 1661//1661 1656//1656
f 1663//1663 1669//1669 1664//1664
f 1664//1664 1669//1669 1670//1670
f 1664//1664 1670//1670 1665//1665
f 1665//1665 1670//1670 1671//1671
f 1665//1665 1671//1671 1666//1666
f 1666//1666 1671//1671 1672//1672
f 1666//1666 1672//1672 1667//1667
f 1667//1667 1672//1672 1673//1673
f 1667//1667 1673//1673 1668//1668
f 1668//1668 1673//1673 1674//1674
f 1669//1669 1675//1675 1670//1670
f 1670//1670 1675//1675 1676//1676
f 1670//1670 1676//1676 1671//1671
f 1671//1671 1676//1676 1677//1677
f 1671//1671 1677//1677 1672//1672
f 1672//1672 1677//1677 1678//1678
f 1672//1672 1678//1678 1673//1673
f 1673//1673 1678//1678 1679//1679
f 1673//1673 1679//1679 1674//1674
f 1674//1674 1679//1679 1680//1680
f 1675//1675 1681//1681 1676//1676
f 1676//1676 1681//1681 1682//1682
f 1676//1676 1682//1682 1677//1677
f 1677//1677 1682//1682 1683//1683
f 1677//1677 1683//1683 1678//1678
f 1678//1678 1683//1683 1684//1684
f 1678//1678 1684//1684 1679//1679
f 1679//1679 1684//1684 1685//1685
f 1679//1679 1685//1685 1680//1680
f 1680//1680 1685//1685 1686//1686
f 1681//1681 1687//1687 1682//1682
f 1682//1682 1687//1687 1688//1688
f 1682//1682 1688//1688 1683//1683
f 1683//1683 1688//1688 1689//1689
f 1683//1683 1689//1689 1684//1684
f 1684//1684 1689//1689 1690//1690
f 1684//1684 1690//1690 1685//1685
f 1685//1685 1690//1690 1691//1691
f 1685//1685 1691//1691 1686//1686
f 1686//1686 1691//1691 1692//1692
f 1687//1687 1693//1693 1688//1688
f 1688//1688 1693//1693 1694//1694
f 1688//1688 1694//1694 1689//1689
f 1689//1689 1694//1694 1695//1695
f 1689//1689 1695//1695 1690//1690
f 1690//1690 1695//1695 1696//1696
f 1690//1690 1696//1696 1691//1691
f 1691//1691 1696//1696 1697//1697
f 1691//1691 1697//1697 1692//1692
f 1692//1692 1697//1697 1698//1698
f 1700//1700 1705//1705 1699//1699
f 1706//1706 1705//1705 1700//1700
f 1701//1701 1706//1706 1700//1700
f 1707//1707 1706//1706 1701//1701
f 1702//1702 1707//1707 1701//1701
f 1708//1708 1707//1707 1702//1702
f 1703//1703 1708//1708 1702//1702
f 1709//1709 1708//1708 1703//1703
f 1704//1704 1709//1709 1703//1703
f 1710//1710 1709//1709 1704//1704
f 1706//1706 1711//1711 1705//1705
f 1712//1712 1711//1711 1706//1706
f 1707//1707 1712//1712 1706//1706
f 1713//1713 1712//1712 1707//1707
f 1708//1708 1713//1713 1707//1707
f 1714//1714 1713//1713 1708//1708
f 1709//1709 1714//1714 1708//1708
f 1715//1715 1714//1714 1709//1709
f 1710//1710 1715//1715 1709//1709
f 1716//1716 1715//1715 1710//1710
f 1712//1712 1717//1717 1711//1711
f 1718//1718 1717//1717 1712//1712
f 1713//1713 1718//1718 1712//1712
f 1719//1719 1718//1718 1713//1713
f 1714//1714 1719//1719 1713//1713
f 1720//1720 1719//1719 1714//1714
f 1715//1715 1720//1720 1714//1714
f 1721//1721 1720//1720 1715//1715
f 1716//1716 1721//1721 1715//1715
f 1722//1722 1721//1721 1716//1716
f 1718//1718 1723//1723 1717//1717
f 1724//1724 1723//1723 1718//1718
f 1719//1719 1724//1724 1718//1718
f 1725//1725 1724//1724 1719//1719
f 1720//1720 1725//1725 1719//1719
f 1726//1726 1725//1725 1720//1720
f 1721//1721 1726//1726 1720//1720
f 1727//1727 1726//1726 1721//1721
f 1722//1722 1727//1727 1721//1721
f 1728//1728 1727//1727 1722//1722
f 1724//1724 1729//1729 1723//1723
f 1730//1730 1729//1729 1724//1724
f 1725//1725 1730//1730 1724//1724
f 1731//1731 1730//1730 1725//1725
f 1726//1726 1731//1731 1725//1725
f 1732//1732 1731//1731 1726//1726
f 1727//1727 1732//1732 1726//1726
f 1733//1733 1732//1732 1727//1727
f 1728//1728 1733//1733 1727//1727
f 1734//1734 1733//1733 1728//1728
f 1735//1735 1741//1741 1736//1736
f 1736//1736 1741//1741 1742//1742
f 1736//1736 1742//1742 1737//1737
f 1737//1737 1742//1742 1743//1743
f 1737//1737 1743//1743 1738//1738
f 1738//1738 1743//1743 1744//1744
f 1738//1738 1744//1744 1739//1739
f 1739//1739 1744//1744 1745//1745
f 1739//1739 1745//1745 1740//1740
f 1740//1740 1745//1745 1746//1746
f 1741//1741 1747//1747 1742//1742
f 1742//1742 1747//1747 1748//1748
f 1742//1742 1748//1748 1743//1743
f 1743//1743 1748//1748 1749//1749
f 1743//1743 1749//1749 1744//1744
f 1744//1744 1749//1749 1750//1750
f 1744//1744 1750//1750 1745//1745
f 1745//1745 1750//1750 1751//1751
f 1745//1745 1751//1751 1746//1746
f 1746//1746 1751//1751 1752//1752
f 1747//1747 1753//1753 1748//1748
f 1748//1748 1753//1753 1754//1754
f 1748//1748 1754//1754 1749//1749
f 1749//1749 1754//1754 1755//1755
f 1749//1749 1755//1755 1750//1750
f 1750//1750 1755//1755 1756//1756
f 1750//1750 1756//1756 1751//1751
f 1751//1751 1756//1756 1757//1757
f 1751//1751 1757//1757 1752//1752
f 1752//1752 1757//1757 1758//1758
f 1753//1753 1759//1759 1754//1754
f 1754//1754 1759//1759 1760//1760
f 1754//1754 1760//1760 1755//1755
f 1755//1755 1760//1760 1761//1761
f 1755//1755 1761//1761 1756//1756
f 1756//1756 1761//1761 1762//1762
f 1756//1756 1762//1762 1757//1757
f 1757//1757 1762//1762 1763//1763
f 1757//1757 1763//1763 1758//1758
f 1758//1758 1763//1763 1764//1764
f 1759//1759 1765//1765 1760//1760
f 1760//1760 1765//1765 1766//1766
f 1760//1760 1766//1766 1761//1761
f 1761//1761 1766//1766 1767//1767
f 1761//1761 1767//1767 1762//1762
f 1762//1762 1767//1767 1768//1768
f 1762//1762 1768//1768 1763//1763
f 1763//1763 1768//1768 1769//1769
f 1763//1763 1769//1769 1764//1764
f 1764//1764 1769//1769 1770//1770
f 1772//1772 1777//1777 1771//1771
f 1778//1778 1777//1777 1772//1772
f 1773//1773 1778//1778 1772//1772
f 1779//1779 1778//1778 1773//1773
f 1774//1774 1779//1779 1773//1773
f 1780//1780 1779//1779 1774//1774
f 1775//1775 1780//1780 1774//1774
f 1781//1781 1780//1780 1775//1775
f 1776//1776 1781//1781 1775//1775
f 1782//1782 1781//1781 1776//1776
f 1778//1778 1783//1783 1777//1777
f 1784//1784 1783//1783 1778//1778
f 1779//1779 1784//1784 1778//1778
f 1785//1785 1784//1784 1779//1779
f 1780//1780 1785//1785 1779//1779
f 1786//1786 1785//1785 1780//1780
f 1781//1781 1786//1786 1780//1780
f 1787//1787 1786//1786 1781//1781
f 1782//1782 1787//1787 1781//1781
f 1788//1788 1787//1787 1782//1782
f 1784//1784 1789//1789 1783//1783
f 1790//1790 1789//1789 1784//1784
f 1785//1785 1790//1790 1784//1784
f 1791//1791 1790//1790 1785//1785
f 1786//1786 1791//1791 1785//1785
f 1792//1792 1791//1791 1786//1786
f 1787//1787 1792//1792 1786//1786
f 1793//1793 1792//1792 1787//1787
f 1788//1788 1793//1793 1787//1787
f 1794//1794 1793//1793 1788//1788
f 1790//1790 1795//1795 1789//1789
f 1796//1796 1795//1795 1790//1790
f 1791//1791 1796//1796 1790//1790
f 1797//1797 1796//1796 1791//1791
f 1792//1792 1797//1797 1791//1791
f 1798//1798 1797//1797 1792//1792
f 1793//1793 1798//1798 1792//1792
f 1799//1799 1798//1798 1793//1793
f 1794//1794 1799//1799 1793//1793
f 1800//1800 1799//1799 1794//1794
f 1796//1796 1801//1801 1795//1795
f 1802//1802 1801//1801 1796//1796
f 1797//1797 1802//1802 1796//1796
f 1803//1803 1802//1802 1797//1797
f 1798//1798 1803//1803 1797//1797
f 1804//1804 1803//1803 1798//1798
f 1799//1799 1804//1804 1798//1798
f 1805//1805 1804//1804 1799//1799
f 1800//1800 1805//1805 1799//1799
f 1806//1806 1805//1805 1800//1800
f 1807//1807 1813//1813 1808//1808
f 1808//1808 1813//1813 1814//1814
f 1808//1808 1814//1814 1809//1809
f 1809//1809 1814//1814 1815//1815
f 1809//1809 1815//1815 1810//1810
f 1810//1810 1815//1815 1816//1816
f 1810//1810 1816//1816 1811//1811
f 1811//1811 1816//1816 1817//1817
f 1811//1811 1817//1817 1812//1812
f 1812//1812 1817//1817 1818//1818
f 1813//1813 1819//1819 1814//1814
f 1814//1814 1819//1819 1820//1820
f 1814//1814 1820//1820 1815//1815
f 1815//1815 1820//1820 1821//1821
f 1815//1815 1821//1821 1816//1816
f 1816//1816 1821//1821 1822//1822
f 1816//1816 1822//1822 1817//1817
f 1817//1817 1822//1822 1823//1823
f 1817//1817 1823//1823 1818//1818
f 1818//1818 1823//1823 1824//1824
f 1819//1819 1825//1825 1820//1820
f 1820//1820 1825//1825 1826//1826
f 1820//1820 1826//1826 1821//1821
f 1821//1821 1826//1826 1827//1827
f 1821//1821 1827//1827 1822//1822
f 1822//1822 1827//1827 1828//1828
f 1822//1822 1828//1828 1823//1823
f 1823//1823 1828//1828 1829//1829
f 1823//1823 1829//1829 1824//1824
f 1824//1824 1829//1829 1830//1830
f 1825//1825 1831//1831 1826//1826
f 1826//1826 1831//1831 1832//1832
f 1826//1826 1832//1832 1827//1827
f 1827//1827 1832//1832 1833//1833
f 1827//1827 1833//1833 1828//1828
f 1828//1828 1833//1833 1834//1834
f 1828//1828 1834//1834 1829//1829
f 1829//1829 1834//1834 1835//1835
f 1829//1829 1835//1835 1830//1830
f 1830//1830 1835//1835 1836//1836
f 1831//1831 1837//1837 1832//1832
f 1832//1832 1837//1837 1838//1838
f 1832//1832 1838//1838 1833//1833
f 1833//1833 1838//1838 1839//1839
f 1833//1833 1839//1839 1834//1834
f 1834//1834 1839//1839 1840//1840
f 1834//1834 1840//1840 1835//1835
f 1835//1835 1840//1840 1841//1841
f 1835//1835 1841//1841 1836//1836
f 1836//1836 1841//1841 1842//1842
f 1844//1844 1849//1849 1843//1843
f 1850//1850 1849//1849 1844//1844
f 1845//1845 1850//1850 1844//1844
f 1851//1851 1850//1850 1845//1845
f 1846//1846 1851//1851 1845//1845
f 1852//1852 1851//1851 1846//1846
f 1847//1847 1852//1852 1846//1846
f 1853//1853 1852//1852 1847//1847
f 1848//1848 1853//1853 1847//1847
f 1854//1854 1853//1853 1848//1848
f 1850//1850 1855//1855 1849//1849
f 1856//1856 1855//1855 1850//1850
f 1851//1851 1856//1856 1850//1850
f 1857//1857 1856//1856 1851//1851
f 1852//1852 1857//1857 1851//1851
f 1858//1858 1857//1857 1852//1852
f 1853//1853 1858//1858 1852//1852
f 1859//1859 1858//1858 1853//1853
f 1854//1854 1859//1859 1853//1853
f 1860//1860 1859//1859 1854//1854
f 1856//1856 1861//1861 1855//1855
f 1862//1862 1861//1861 1856//1856
f 1857//1857 1862//1862 1856//1856
f 1863//1863 1862//1862 1857//1857
f 1858//1858 1863//1863 1857//1857
f 1864//1864 1863//1863 1858//1858
f 1859//1859 1864//1864 1858//1858
f 1865//1865 1864//1864 1859//1859
f 1860//1860 1865//1865 1859//1859
f 1866//1866 1865//1865 1860//1860
f 1862//1862 1867//1867 1861//1861
f 1868//1868 1867//1867 1862//1862
f 1863//1863 1868//1868 1862//1862
f 1869//1869 1868//1868 1863//1863
f 1864//1864 1869//1869 1863//1863
f 1870//1870 1869//1869 1864//1864
f 1865//1865 1870//1870 1864//1864
f 1871//1871 1870//1870 1865//1865
f 1866//1866 1871//1871 1865//1865
f 1872//1872 1871//1871 1866//1866
f 1868//1868 1873//1873 1867//1867
f 1874//1874 1873//1873 1868//1868
f 1869//1869 1874//1874 1868//1868
f 1875//1875 1874//1874 1869//1869
f 1870//1870 1875//1875 1869//1869
f 1876//1876 1875//1875 1870//1870
f 1871//1871 1876//1876 1870//1870
f 1877//1877 1876//1876 1871//1871
f 1872//1872 1877//1877 1871//1871
f 1878//1878 1877//1877 1872//1872
f 1879//1879 1885//1885 1880//1880
f 1880//1880 1885//1885 1886//1886
f 1880//1880 1886//1886 1881//1881
f 1881//1881 1886//1886 1887//1887
f 1881//1881 1887//1887 1882//1882
f 1882//1882 1887//1887 1888//1888
f 1882//1882 1888//1888 1883//1883
f 1883//1883 1888//1888 1889//1889
f 1883//1883 1889//1889 1884//1884
f 1884//1884 1889//1889 1890//1890
f 1885//1885 1891//1891 1886//1886
f 1886//1886 1891//1891 1892//1892
f 1886//1886 1892//1892 1887//1887
f 1887//1887 1892//1892 1893//1893
f 1887//1887 1893//1893 1888//1888
f 1888//1888 1893//1893 1894//1894
f 1888//1888 1894//1894 1889//1889
f 1889//1889 1894//1894 1895//1895
f 1889//1889 1895//1895 1890//1890
f 1890//1890 1895//1895 1896//1896
f 1891//1891 1897//1897 1892//1892
f 1892//1892 1897//1897 1898//1898
f 1892//1892 1898//1898 1893//1893
f 1893//1893 1898//1898 1899//1899
f 1893//1893 1899//1899 1894//1894
f 1894//1894 1899//1899 1900//1900
f 1894//1894 1900//1900 1895//1895
f 1895//1895 1900//1900 1901//1901
f 1895//1895 1901//1901 1896//1896
f 1896//1896 1901//1901 1902//1902
f 1897//1897 1903//1903 1898//1898
f 1898//1898 1903//1903 1904//1904
f 1898//1898 1904//1904 1899//1899
f 1899//1899 1904//1904 1905//1905
f 1899//1899 1905//1905 1900//1900
f 1900//1900 1905//1905 1906//1906
f 1900//1900 1906//1906 1901//1901
f 1901//1901 1906//1906 1907//1907
f 1901//1901 1907//1907 1902//1902
f 1902//1902 1907//1907 1908//1908
f 1903//1903 1909//1909 1904//1904
f 1904//1904 1909//1909 1910//1910
f 1904//1904 1910//1910 1905//1905
f 1905//1905 1910//1910 1911//1911
f 1905//1905 1911//1911 1906//1906
f 1906//1906 1911//1911 1912//1912
f 1906//1906 1912//1912 1907//1907
f 1907//1907 1912//1912 1913//1913
f 1907//1907 1913//1913 1908//1908
f 1908//1908 1913//1913 1914//1914
f 1916//1916 1921//1921 1915//1915
f 1922//1922 1921//1921 1916//1916
f 1917//1917 1922//1922 1916//1916
f 1923//1923 1922//1922 1917//1917
f 1918//1918 1923//1923 1917//1917
f 1924//1924 1923//1923 1918//1918
f 1919//1919 1924//1924 1918//1918
f 1925//1925 1924//1924 1919//1919
f 1920//1920 1925//1925 1919//1919
f 1926//1926 1925//1925 1920//1920
f 1922//1922 1927//1927 1921//1921
f 1928//1928 1927//1927 1922//1922
f 1923//1923 1928//1928 1922//1922
f 1929//1929 1928//1928 1923//1923
f 1924//1924 1929//1929 1923//1923
f 1930//1930 1929//1929 1924//1924
f 1925//1925 1930//1930 1924//1924
f 1931//1931 1930//1930 1925//1925
f 1926//1926 1931//1931 1925//1925
f 1932//1932 1931//1931 1926//1926
f 1928//1928 1933//1933 1927//1927
f 1934//1934 1933//1933 1928//1928
f 1929//1929 1934//1934 1928//1928
f 1935//1935 1934//1934 1929//1929
f 1930//1930 1935//1935 1929//1929
f 1936//1936 1935//1935 1930//1930
f 1931//1931 1936//1936 1930//1930
f 1937//1937 1936//1936 1931//1931
f 1932//1932 1937//1937 1931//1931
f 1938//1938 1937//1937 1932//1932
f 1934//1934 1939//1939 1933//1933
f 1940//1940 1939//1939 1934//1934
f 1935//1935 1940//1940 1934//1934
f 1941//1941 1940//1940 1935//1935
f 1936//1936 1941//1941 1935//1935
f 1942//1942 1941//1941 1936//1936
f 1937//1937 1942//1942 1936//1936
f 1943//1943 1942//1942 1937//1937
f 1938//1938 1943//1943 1937//1937
f 1944//1944 1943//1943 1938//1938
f 1940//1940 1945//1945 1939//1939
f 1946//1946 1945//1945 1940//1940
f 1941//1941 1946//1946 1940//1940
f 1947//1947 1946//1946 1941//1941
f 1942//1942 1947//1947 1941//1941
f 1948//1948 1947//1947 1942//1942
f 1943//1943 1948//1948 1942//1942
f 1949//1949 1948//1948 1943//1943
f 1944//1944 1949//1949 1943//1943
f 1950//1950 1949//1949 1944//1944
f 1951//1951 1957//1957 1952//1952
f 1952//1952 1957//1957 1958//1958
f 1952//1952 1958//1958 1953//1953
f 1953//1953 1958//1958 1959//1959
f 1953//1953 1959//1959 1954//1954
f 1954//1954 1959//1959 1960//1960
f 1954//1954 1960//1960 1955//1955
f 1955//1955 1960//1960 1961//1961
f 1955//1955 1961//1961 1956//1956
f 1956//1956 1961//1961 1962//1962
f 1957//1957 1963//1963 1958//1958
f 1958//1958 1963//1963 1964//1964
f 1958//1958 1964//1964 1959//1959
f 1959//1959 1964//1964 1965//1965
f 1959//1959 1965//1965 1960//1960
f 1960//1960 1965//1965 1966//1966
f 1960//1960 1966//1966 1961//1961
f 1961//1961 1966//1966 1967//1967
f 1961//1961 1967//1967 1962//1962
f 1962//1962 1967//1967 1968//1968
f 1963//1963 1969//1969 1964//1964
f 1964//1964 1969//1969 1970//1970
f 1964//1964 1970//1970 1965//1965
f 1965//1965 1970//1970 1971//1971
f 1965//1965 1971//1971 1966//1966
f 1966//1966 1971//1971 1972//1972
f 1966//1966 1972//1972 1967//1967
f 1967//1967 1972//1972 1973//1973
f 1967//1967 1973//1973 1968//1968
f 1968//1968 1973//1973 1974//1974
f 1969//1969 1975//1975 1970//1970
f 1970//1970 1975//1975 1976//1976
f 1970//1970 1976//1976 1971//1971
f 1971//1971 1976//1976 1977//1977
f 1971//1971 1977//1977 1972//1972
f 1972//1972 1977//1977 1978//1978
f 1972//1972 1978//1978 1973//1973
f 1973//1973 1978//1978 1979//1979
f 1973//1973 1979//1979 1974//1974
f 1974//1974 1979//1979 1980//1980
f 1975//1975 1981//1981 1976//1976
f 1976//1976 1981//1981 1982//1982
f 1976//1976 1982//1982 1977//1977
f 1977//1977 1982//1982 1983//1983
f 1977//1977 1983//1983 1978//1978
f 1978//1978 1983//1983 1984//1984
f 1978//1978 1984//1984 1979//1979
f 1979//1979 1984//1984 1985//1985
f 1979//1979 1985//1985 1980//1980
f 1980//1980 1985//1985 1986//1986
f 1988//1988 1993//1993 1987//1987
f 1994//1994 1993//1993 1988//1988
f 1989//1989 1994//1994 1988//1988
f 1995//1995 1994//1994 1989//1989
f 1990//1990 1995//1995 1989//1989
f 1996//1996 1995//1995 1990//1990
f 1991//1991 1996//1996 1990//1990
f 1997//1997 1996//1996 1991//1991
f 1992//1992 1997//1997 1991//1991
f 1998//1998 1997//1997 1992//1992
f 1994//1994 1999//1999 1993//1993
f 2000//2000 1999//1999 1994//1994
f 1995//1995 2000//2000 1994//1994
f 2001//2001 2000//2000 1995//1995
f 1996//1996 2001//2001 1995//1995
f 2002//2002 2001//2001 1996//1996
f 1997//1997 2002//2002 1996//1996
f 2003//2003 2002//2002 1997//1997
f 1998//1998 2003//2003 1997//1997
f 2004//2004 2003//2003 1998//1998
f 2000//2000 2005//2005 1999//1999
f 2006//2006 2005//2005 2000//2000
f 2001//2001 2006//2006 2000//2000
f 2007//2007 2006//2006 2001//2001
f 2002//2002 2007//2007 2001//2001
f 2008//2008 2007//2007 2002//2002
f 2003//2003 2008//2008 2002//2002
f 2009//2009 2008//2008 2003//2003
f 2004//2004 2009//2009 2003//2003
f 2010//2010 2009//2009 2004//2004
f 2006//2006 2011//2011 2005//2005
f 2012//2012 2011//2011 2006//2006
f 2007//2007 2012//2012 2006//2006
f 2013//2013 2012//2012 2007//2007
f 2008//2008 2013//2013 2007//2007
f 2014//2014 2013//2013 2008//2008
f 2009//2009 2014//2014 2008//2008
f 2015//2015 2014//2014 2009//2009
f 2010//2010 2015//2015 2009//2009
f 2016//2016 2015//2015 2010//2010
f 2012//2012 2017//2017 2011//2011
f 2018//2018 2017//2017 2012//2012
f 2013//2013 2018//2018 2012//2012
f 2019//2019 2018//2018 2013//2013
f 2014//2014 2019//2019 2013//2013
f 2020//2020 2019//2019 2014//2014
f 2015//2015 2020//2020 2014//2014
f 2021//2021 2020//2020 2015//2015
f 2016//2016 2021//2021 2015//2015
f 2022//2022 2021//2021 2016//2016
f 2023//2023 2029//2029 2024//2024
f 2024//2024 2029//2029 2030//2030
f 2024//2024 2030//2030 2025//2025
f 2025//2025 2030//2030 2031//2031
f 2025//2025 2031//2031 2026//2026
f 2026//2026 2031//2031 2032//2032
f 2026//2026 2032//2032 2027//2027
f 2027//2027 2032//2032 2033//2033
f 2027//2027 2033//2033 2028//2028
f 2028//2028 2033//2033 2034//2034
f 2029//2029 2035//2035 2030//2030
f 2030//2030 2035//2035 2036//2036
f 2030//2030 2036//2036 2031//2031
f 2031//2031 2036//2036 2037//2037
f 2031//2031 2037//2037 2032//2032
f 2032//2032 2037//2037 2038//2038
f 2032//2032 2038//2038 2033//2033
f 2033//2033 2038//2038 2039//2039
f 2033//2033 2039//2039 2034//2034
f 2034//2034 2039//2039 2040//2040
f 2035//2035 2041//2041 2036//2036
f 2036//2036 2041//2041 2042//2042
f 2036//2036 2042//2042 2037//2037
f 2037//2037 2042//2042 2043//2043
f 2037//2037 2043//2043 2038//2038
f 2038//2038 2043//2043 2044//2044
f 2038//2038 2044//2044 2039//2039
f 2039//2039 2044//2044 2045//2045
f 2039//2039 2045//2045 2040//2040
f 2040//2040 2045//2045 2046//2046
f 2041//2041 2047//2047 2042//2042
f 2042//2042 2047//2047 2048//2048
f 2042//2042 2048//2048 2043//2043
f 2043//2043 2048//2048 2049//2049
f 2043//2043 2049//2049 2044//2044
f 2044//2044 2049//2049 2050//2050
f 2044//2044 2050//2050 2045//2045
f 2045//2045 2050//2050 2051//2051
f 2045//2045 2051//2051 2046//2046
f 2046//2046 2051//2051 2052//2052
f 2047//2047 2053//2053 2048//2048
f 2048//2048 2053//2053 2054//2054
f 2048//2048 2054//2054 2049//2049
f 2049//2049 2054//2054 2055//2055
f 2049//2049 2055//2055 2050//2050
f 2050//2050 2055//2055 2056//2056
f 2050//2050 2056//2056 2051//2051
f 2051//2051 2056//2056 2057//2057
f 2051//2051 2057//2057 2052//2052
f 2052//2052 2057//2057 2058//2058
f 2060//2060 2065//2065 2059//2059
f 2066//2066 2065//2065 2060//2060
f 2061//2061 2066//2066 2060//2060
f 2067//2067 2066//2066 2061//2061
f 2062//2062 2067//2067 2061//2061
f 2068//2068 2067//2067 2062//2062
f 2063//2063 2068//2068 2062//2062
f 2069//2069 2068//2068 2063//2063
f 2064//2064 2069//2069 2063//2063
f 2070//2070 2069//2069 2064//2064
f 2066//2066 2071//2071 2065//2065
f 2072//2072 2071//2071 2066//2066
f 2067//2067 2072//2072 2066//2066
f 2073//2073 2072//2072 2067//2067
f 2068//2068 2073//2073 2067//2067
f 2074//2074 2073//2073 2068//2068
f 2069//2069 2074//2074 2068//2068
f 2075//2075 2074//2074 2069//2069
f 2070//2070 2075//2075 2069//2069
f 2076//2076 2075//2075 2070//2070
f 2072//2072 2077//2077 2071//2071
f 2078//2078 2077//2077 2072//2072
f 2073//2073 2078//2078 2072//2072
f 2079//2079 2078//2078 2073//2073
f 2074//2074 2079//2079 2073//2073
f 2080//2080 2079//2079 2074//2074
f 2075//2075 2080//2080 2074//2074
f 2081//2081 2080//2080 2075//2075
f 2076//2076 2081//2081 2075//2075
f 2082//2082 2081//2081 2076//2076
f 2078//2078 2083//2083 2077//2077
f 2084//2084 2083//2083 2078//2078
f 2079//2079 2084//2084 2078//2078
f 2085//2085 2084//2084 2079//2079
f 2080//2080 2085//2085 2079//2079
f 2086//2086 2085//2085 2080//2080
f 2081//2081 2086//2086 2080//2080
f 2087//2087 2086//2086 2081//2081
f 2082//2082 2087//2087 2081//2081
f 2088//2088 2087//2087 2082//2082
f 2084//2084 2089//2089 2083//2083
f 2090//2090 2089//2089 2084//2084
f 2085//2085 2090//2090 2084//2084
f 2091//2091 2090//2090 2085//2085
f 2086//2086 2091//2091 2085//2085
f 2092//2092 2091//2091 2086//2086
f 2087//2087 2092//2092 2086//2086
f 2093//2093 2092//2092 2087//2087
f 2088//2088 2093//2093 2087//2087
f 2094//2094 2093//2093 2088//2088
f 2095//2095 2101//2101 2096//2096
f 2096//2096 2101//2101 2102//2102
f 2096//2096 2102//2102 2097//2097
f 2097//2097 2102//2102 2103//2103
f 2097//2097 2103//2103 2098//2098
f 2098//2098 2103//2103 2104//2104
f 2098//2098 2104//2104 2099//2099
f 2099//2099 2104//2104 2105//2105
f 2099//2099 2105//2105 2100//2100
f 2100//2100 2105//2105 2106//2106
f 2101//2101 2107//2107 2102//2102
f 2102//2102 2107//2107 2108//2108
f 2102//2102 2108//2108 2103//2103
f 2103//2103 2108//2108 2109//2109
f 2103//2103 2109//2109 2104//2104
f 2104//2104 2109//2109 2110//2110
f 2104//2104 2110//2110 2105//2105
f 2105//2105 2110//2110 2111//2111
f 2105//2105 2111//2111 2106//2106
f 2106//2106 2111//2111 2112//2112
f 2107//2107 2113//2113 2108//2108
f 2108//2108 2113//2113 2114//2114
f 2108//2108 2114//2114 2109//2109
f 2109//2109 2114//2114 2115//2115
f 2109//2109 2115//2115 2110//2110
f 2110//2110 2115//2115 2116//2116
f 2110//2110 2116//2116 2111//2111
f 2111//2111 2116//2116 2117//2117
f 2111//2111 2117//2117 2112//2112
f 2112//2112 2117//2117 2118//2118
f 2113//2113 2119//2119 2114//2114
f 2114//2114 2119//2119 2120//2120
f 2114//2114 2120//2120 2115//2115
f 2115//2115 2120//2120 2121//2121
f 2115//2115 2121//2121 2116//2116
f 2116//2116 2121//2121 2122//2122
f 2116//2116 2122//2122 2117//2117
f 2117//2117 2122//2122 2123//2123
f 2117//2117 2123//2123 2118//2118
f 2118//2118 2123//2123 2124//2124
f 2119//2119 2125//2125 2120//2120
f 2120//2120 2125//2125 2126//2126
f 2120//2120 2126//2126 2121//2121
f 2121//2121 2126//2126 2127//2127
f 2121//2121 2127//2127 2122//2122
f 2122//2122 2127//2127 2128//2128
f 2122//2122 2128//2128 2123//2123
f 2123//2123 2128//2128 2129//2129
f 2123//2123 2129//2129 2124//2124
f 2124//2124 2129//2129 2130//2130
f 2132//2132 2137//2137 2131//2131
f 2138//2138 2137//2137 2132//2132
f 2133//2133 2138//2138 2132//2132
f 2139//2139 2138//2138 2133//2133
f 2134//2134 2139//2139 2133//2133
f 2140//2140 2139//2139 2134//2134
f 2135//2135 2140//2140 2134//2134
f 2141//2141 2140//2140 2135//2135
f 2136//2136 2141//2141 2135//2135
f 2142//2142 2141//2141 2136//2136
f 2138//2138 2143//2143 2137//2137
f 2144//2144 2143//2143 2138//2138
f 2139//2139 2144//2144 2138//2138
f 2145//2145 2144//2144 2139//2139
f 2140//2140 2145//2145 2139//2139
f 2146//2146 2145//2145 2140//2140
f 2141//2141 2146//2146 2140//2140
f 2147//2147 2146//2146 2141//2141
f 2142//2142 2147//2147 2141//2141
f 2148//2148 2147//2147 2142//2142
f 2144//2144 2149//2149 2143//2143
f 2150//2150 2149//2149 2144//2144
f 2145//2145 2150//2150 2144//2144
f 2151//2151 2150//2150 2145//2145
f 2146//2146 2151//2151 2145//2145
f 2152//2152 2151//2151 2146//2146
f 2147//2147 2152//2152 2146//2146
f 2153//2153 2152//2152 2147//2147
f 2148//2148 2153//2153 2147//2147
f 2154//2154 2153//2153 2148//2148
f 2150//2150 2155//2155 2149//2149
f 2156//2156 2155//2155 2150//2150
f 2151//2151 2156//2156 2150//2150
f 2157//2157 2156//2156 2151//2151
f 2152//2152 2157//2157 2151//2151
f 2158//2158 2157//2157 2152//2152
f 2153//2153 2158//2158 2152//2152
f 2159//2159 2158//2158 2153//2153
f 2154//2154 2159//2159 2153//2153
f 2160//2160 2159//2159 2154//2154
f 2156//2156 2161//2161 2155//2155
f 2162//2162 2161//2161 2156//2156
f 2157//2157 2162//2162 2156//2156
f 2163//2163 2162//2162 2157//2157
f 2158//2158 2163//2163 2157//2157
f 2164//2164 2163//2163 2158//2158
f 2159//2159 2164//2164 2158//2158
f 2165//2165 2164//2164 2159//2159
f 2160//2160 2165//2165 2159//2159
f 2166//2166 2165//2165 2160//2160
f 2167//2167 2173//2173 2168//2168
f 2168//2168 2173//2173 2174//2174
f 2168//2168 2174//2174 2169//2169
f 2169//2169 2174//2174 2175//2175
f 2169//2169 2175//2175 2170//2170
f 2170//2170 2175//2175 2176//2176
f 2170//2170 2176//2176 2171//2171
f 2171//2171 2176//2176 2177//2177
f 2171//2171 2177//2177 2172//2172
f 2172//2172 2177//2177 2178//2178
f 2173//2173 2179//2179 2174//2174
f 2174//2174 2179//2179 2180//2180
f 2174//2174 2180//2180 2175//2175
f 2175//2175 2180//2180 2181//2181
f 2175//2175 2181//2181 2176//2176
f 2176//2176 2181//2181 2182//2182
f 2176//2176 2182//2182 2177//2177
f 2177//2177 2182//2182 2183//2183
f 2177//2177 2183//2183 2178//2178
f 2178//2178 2183//2183 2184//2184
f 2179//2179 2185//2185 2180//2180
f 2180//2180 2185//2185 2186//2186
f 2180//2180 2186//2186 2181//2181
f 2181//2181 2186//2186 2187//2187
f 2181//2181 2187//2187 2182//2182
f 2182//2182 2187//2187 2188//2188
f 2182//2182 2188//2188 2183//2183
f 2183//2183 2188//2188 2189//2189
f 2183//2183 2189//2189 2184//2184
f 2184//2184 2189//2189 2190//2190
f 2185//2185 2191//2191 2186//2186
f 2186//2186 2191//2191 2192//2192
f 2186//2186 2192//2192 2187//2187
f 2187//2187 2192//2192 2193//2193
f 2187//2187 2193//2193 2188//2188
f 2188//2188 2193//2193 2194//2194
f 2188//2188 2194//2194 2189//2189
f 2189//2189 2194//2194 2195//2195
f 2189//2189 2195//2195 2190//2190
f 2190//2190 2195//2195 2196//2196
f 2191//2191 2197//2197 2192//2192
f 2192//2192 2197//2197 2198//2198
f 2192//2192 2198//2198 2193//2193
f 2193//2193 2198//2198 2199//2199
f 2193//2193 2199//2199 2194//2194
f 2194//2194 2199//2199 2200//2200
f 2194//2194 2200//2200 2195//2195
f 2195//2195 2200//2200 2201//2201
f 2195//2195 2201//2201 2196//2196
f 2196//2196 2201//2201 2202//2202
f 2204//2204 2209//2209 2203//2203
f 2210//2210 2209//2209 2204//2204
f 2205//2205 2210//2210 2204//2204
f 2211//2211 2210//2210 2205//2205
f 2206//2206 2211//2211 2205//2205
f 2212//2212 2211//2211 2206//2206
f 2207//2207 2212//2212 2206//2206
f 2213//2213 2212//2212 2207//2207
f 2208//2208 2213//2213 2207//2207
f 2214//2214 2213//2213 2208//2208
f 2210//2210 2215//2215 2209//2209
f 2216//2216 2215//2215 2210//2210
f 2211//2211 2216//2216 2210//2210
f 2217//2217 2216//2216 2211//2211
f 2212//2212 2217//2217 2211//2211
f 2218//2218 2217//2217 2212//2212
f 2213//2213 2218//2218 2212//2212
f 2219//2219 2218//2218 2213//2213
f 2214//2214 2219//2219 2213//2213
f 2220//2220 2219//2219 2214//2214
f 2216//2216 2221//2221 2215//2215
f 2222//2222 2221//2221 2216//2216
f 2217//2217 2222//2222 2216//2216
f 2223//2223 2222//2222 2217//2217
f 2218//2218 2223//2223 2217//2217
f 2224//2224 2223//2223 2218//2218
f 2219//2219 2224//2224 2218//2218
f 2225//2225 2224//2224 2219//2219
f 2220//2220 2225//2225 2219//2219
f 2226//2226 2225//2225 2220//2220
f 2222//2222 2227//2227 2221//2221
f 2228//2228 2227//2227 2222//2222
f 2223//2223 2228//2228 2222//2222
f 2229//2229 2228//2228 2223//2223
f 2224//2224 2229//2229 2223//2223
f 2230//2230 2229//2229 2224//2224
f 2225//2225 2230//2230 2224//2224
f 2231//2231 2230//2230 2225//2225
f 2226//2226 2231//2231 2225//2225
f 2232//2232 2231//2231 2226//2226
f 2228//2228 2233//2233 2227//2227
f 2234//2234 2233//2233 2228//2228
f 2229//2229 2234//2234 2228//2228
f 2235//2235 2234//2234 2229//2229
f 2230//2230 2235//2235 2229//2229
f 2236//2236 2235//2235 2230//2230
f 2231//2231 2236//2236 2230//2230
f 2237//2237 2236//2236 2231//2231
f 2232//2232 2237//2237 2231//2231
f 2238//2238 2237//2237 2232//2232
f 2239//2239 2245//2245 2240//2240
f 2240//2240 2245//2245 2246//2246
f 2240//2240 2246//2246 2241//2241
f 2241//2241 2246//2246 2247//2247
f 2241//2241 2247//2247 2242//2242
f 2242//2242 2247//2247 2248//2248
f 2242//2242 2248//2248 2243//2243
f 2243//2243 2248//2248 2249//2249
f 2243//2243 2249//2249 2244//2244
f 2244//2244 2249//2249 2250//2250
f 2245//2245 2251//2251 2246//2246
f 2246//2246 2251//2251 2252//2252
f 2246//2246 2252//2252 2247//2247
f 2247//2247 2252//2252 2253//2253
f 2247//2247 2253//2253 2248//2248
f 2248//2248 2253//2253 2254//2254
f 2248//2248 2254//2254 2249//2249
f 2249//2249 2254//2254 2255//2255
f 2249//2249 2255//2255 2250//2250
f 2250//2250 2255//2255 2256//2256
f 2251//2251 2257//2257 2252//2252
f 2252//2252 2257//2257 2258//2258
f 2252//2252 2258//2258 2253//2253
f 2253//2253 2258//2258 2259//2259
f 2253//2253 2259//2259 2254//2254
f 2254//2254 2259//2259 2260//2260
f 2254//2254 2260//2260 2255//2255
f 2255//2255 2260//2260 2261//2261
f 2255//2255 2261//2261 2256//2256
f 2256//2256 2261//2261 2262//2262
f 2257//2257 2263//2263 2258//2258
f 2258//2258 2263//2263 2264//2264
f 2258//2258 2264//2264 2259//2259
f 2259//2259 2264//2264 2265//2265
f 2259//2259 2265//2265 2260//2260
f 2260//2260 2265//2265 2266//2266
f 2260//2260 2266//2266 2261//2261
f 2261//2261 2266//2266 2267//2267
f 2261//2261 2267//2267 2262//2262
f 2262//2262 2267//2267 2268//2268
f 2263//2263 2269//2269 2264//2264
f 2264//2264 2269//2269 2270//2270
f 2264//2264 2270//2270 2265//2265
f 2265//2265 2270//2270 2271//2271
f 2265//2265 2271//2271 2266//2266
f 2266//2266 2271//2271 2272//2272
f 2266//2266 2272//2272 2267//2267
f 2267//2267 2272//2272 2273//2273
f 2267//2267 2273//2273 2268//2268
f 2268//2268 2273//2273 2274//2274
f 2276//2276 2281//2281 2275//2275
f 2282//2282 2281//2281 2276//2276
f 2277//2277 2282//2282 2276//2276
f 2283//2283 2282//2282 2277//2277
f 2278//2278 2283//2283 2277//2277
f 2284//2284 2283//2283 2278//2278
f 2279//2279 2284//2284 2278//2278
f 2285//2285 2284//2284 2279//2279
f 2280//2280 2285//2285 2279//2279
f 2286//2286 2285//2285 2280//2280
f 2282//2282 2287//2287 2281//2281
f 2288//2288 2287//2287 2282//2282
f 2283//2283 2288//2288 2282//2282
f 2289//2289 2288//2288 2283//2283
f 2284//2284 2289//2289 2283//2283
f 2290//2290 2289//2289 2284//2284
f 2285//2285 2290//2290 2284//2284
f 2291//2291 2290//2290 2285//2285
f 2286//2286 2291//2291 2285//2285
f 2292//2292 2291//2291 2286//2286
f 2288//2288 2293//2293 2287//2287
f 2294//2294 2293//2293 2288//2288
f 2289//2289 2294//2294 2288//2288
f 2295//2295 2294//2294 2289//2289
f 2290//2290 2295//2295 2289//2289
f 2296//2296 2295//2295 2290//2290
f 2291//2291 2296//2296 2290//2290
f 2297//2297 2296//2296 2291//2291
f 2292//2292 2297//2297 2291//2291
f 2298//2298 2297//2297 2292//2292
f 2294//2294 2299//2299 2293//2293
f 2300//2300 2299//2299 2294//2294
f 2295//2295 2300//2300 2294//2294
f 2301//2301 2300//2300 2295//2295
f 2296//2296 2301//2301 2295//2295
f 2302//2302 2301//2301 2296//2296
f 2297//2297 2302//2302 2296//2296
f 2303//2303 2302//2302 2297//2297
f 2298//2298 2303//2303 2297//2297
f 2304//2304 2303//2303 2298//2298
f 2300//2300 2305//2305 2299//2299
f 2306//2306 2305//2305 2300//2300
f 2301//2301 2306//2306 2300//2300
f 2307//2307 2306//2306 2301//2301
f 2302//2302 2307//2307 2301//2301
f 2308//2308 2307//2307 2302//2302
f 2303//2303 2308//2308 2302//2302
f 2309//2309 2308//2308 2303//2303
f 2304//2304 2309//2309 2303//2303
f 2310//2310 2309//2309 2304//2304
f 2311//2311 2317//2317 2312//2312
f 2312//2312 2317//2317 2318//2318
f 2312//2312 2318//2318 2313//2313
f 2313//2313 2318//2318 2319//2319
f 2313//2313 2319//2319 2314//2314
f 2314//2314 2319//2319 2320//2320
f 2314//2314 2320//2320 2315//2315
f 2315//2315 2320//2320 2321//2321
f 2315//2315 2321//2321 2316//2316
f 2316//2316 2321//2321 2322//2322
f 2317//2317 2323//2323 2318//2318
f 2318//2318 2323//2323 2324//2324
f 2318//2318 2324//2324 2319//2319
f 2319//2319 2324//2324 2325//2325
f 2319//2319 2325//2325 2320//2320
f 2320//2320 2325//2325 2326//2326
f 2320//2320 2326//2326 2321//2321
f 2321//2321 2326//2326 2327//2327
f 2321//2321 2327//2327 2322//2322
f 2322//2322 2327//2327 2328//2328
f 2323//2323 2329//2329 2324//2324
f 2324//2324 2329//2329 2330//2330
f 2324//2324 2330//2330 2325//2325
f 2325//2325 2330//2330 2331//2331
f 2325//2325 2331//2331 2326//2326
f 2326//2326 2331//2331 2332//2332
f 2326//2326 2332//2332 2327//2327
f 2327//2327 2332//2332 2333//2333
f 2327//2327 2333//2333 2328//2328
f 2328//2328 2333//2333 2334//2334
f 2329//2329 2335//2335 2330//2330
f 2330//2330 2335//2335 2336//2336
f 2330//2330 2336//2336 2331//2331
f 2331//2331 2336//2336 2337//2337
f 2331//2331 2337//2337 2332//2332
f 2332//2332 2337//2337 2338//2338
f 2332//2332 2338//2338 2333//2333
f 2333//2333 2338//2338 2339//2339
f 2333//2333 2339//2339 2334//2334
f 2334//2334 2339//2339 2340//2340
f 2335//2335 2341//2341 2336//2336
f 2336//2336 2341//2341 2342//2342
f 2336//2336 2342//2342 2337//2337
f 2337//2337 2342//2342 2343//2343
f 2337//2337 2343//2343 2338//2338
f 2338//2338 2343//2343 2344//2344
f 2338//2338 2344//2344 2339//2339
f 2339//2339 2344//2344 2345//2345
f 2339//2339 2345//2345 2340//2340
f 2340//2340 2345//2345 2346//2346
f 2348//2348 2353//2353 2347//2347
f 2354//2354 2353//2353 2348//2348
f 2349//2349 2354//2354 2348//2348
f 2355//2355 2354//2354 2349//2349
f 2350//2350 2355//2355 2349//2349
f 2356//2356 2355//2355 2350//2350
f 2351//2351 2356//2356 2350//2350
f 2357//2357 2356//2356 2351//2351
f 2352//2352 2357//2357 2351//2351
f 2358//2358 2357//2357 2352//2352
f 2354//2354 2359//2359 2353//2353
f 2360//2360 2359//2359 2354//2354
f 2355//2355 2360//2360 2354//2354
f 2361//2361 2360//2360 2355//2355
f 2356//2356 2361//2361 2355//2355
f 2362//2362 2361//2361 2356//2356
f 2357//2357 2362//2362 2356//2356
f 2363//2363 2362//2362 2357//2357
f 2358//2358 2363//2363 2357//2357
f 2364//2364 2363//2363 2358//2358
f 2360//2360 2365//2365 2359//2359
f 2366//2366 2365//2365 2360//2360
f 2361//2361 2366//2366 2360//2360
f 2367//2367 2366//2366 2361//2361
f 2362//2362 2367//2367 2361//2361
f 2368//2368 2367//2367 2362//2362
f 2363//2363 2368//2368 2362//2362
f 2369//2369 2368//2368 2363//2363
f 2364//2364 2369//2369 2363//2363
f 2370//2370 2369//2369 2364//2364
f 2366//2366 2371//2371 2365//2365
f 2372//2372 2371//2371 2366//2366
f 2367//2367 2372//2372 2366//2366
f 2373//2373 2372//2372 2367//2367
f 2368//2368 2373//2373 2367//2367
f 2374//2374 2373//2373 2368//2368
f 2369//2369 2374//2374 2368//2368
f 2375//2375 2374//2374 2369//2369
f 2370//2370 2375//2375 2369//2369
f 2376//2376 2375//2375 2370//2370
f 2372//2372 2377//2377 2371//2371
f 2378//2378 2377//2377 2372//2372
f 2373//2373 2378//2378 2372//2372
f 2379//2379 2378//2378 2373//2373
f 2374//2374 2379//2379 2373//2373
f 2380//2380 2379//2379 2374//2374
f 2375//2375 2380//2380 2374//2374
f 2381//2381 2380//2380 2375//2375
f 2376//2376 2381//2381 2375//2375
f 2382//2382 2381//2381 2376//2376
f 2383//2383 2389//2389 2384//2384
f 2384//2384 2389//2389 2390//2390
f 2384//2384 2390//2390 2385//2385
f 2385//2385 2390//2390 2391//2391
f 2385//2385 2391//2391 2386//2386
f 2386//2386 2391//2391 2392//2392
f 2386//2386 2392//2392 2387//2387
f 2387//2387 2392//2392 2393//2393
f 2387//2387 2393//2393 2388//2388
f 2388//2388 2393//2393 2394//2394
f 2389//2389 2395//2395 2390//2390
f 2390//2390 2395//2395 2396//2396
f 2390//2390 2396//2396 2391//2391
f 2391//2391 2396//2396 2397//2397
f 2391//2391 2397//2397 2392//2392
f 2392//2392 2397//2397 2398//2398
f 2392//2392 2398//2398 2393//2393
f 2393//2393 2398//2398 2399//2399
f 2393//2393 2399//2399 2394//2394
f 2394//2394 2399//2399 2400//2400
f 2395//2395 2401//2401 2396//2396
f 2396//2396 2401//2401 2402//2402
f 2396//2396 2402//2402 2397//2397
f 2397//2397 2402//2402 2403//2403
f 2397//2397 2403//2403 2398//2398
f 2398//2398 2403//2403 2404//2404
f 2398//2398 2404//2404 2399//2399
f 2399//2399 2404//2404 2405//2405
f 2399//2399 2405//2405 2400//2400
f 2400//2400 2405//2405 2406//2406
f 2401//2401 2407//2407 2402//2402
f 2402//2402 2407//2407 2408//2408
f 2402//2402 2408//2408 2403//2403
f 2403//2403 2408//2408 2409//2409
f 2403//2403 2409//2409 2404//2404
f 2404//2404 2409//2409 2410//2410
f 2404//2404 2410//2410 2405//2405
f 2405//2405 2410//2410 2411//2411
f 2405//2405 2411//2411 2406//2406
f 2406//2406 2411//2411 2412//2412
f 2407//2407 2413//2413 2408//2408
f 2408//2408 2413//2413 2414//2414
f 2408//2408 2414//2414 2409//2409
f 2409//2409 2414//2414 2415//2415
f 2409//2409 2415//2415 2410//2410
f 2410//2410 2415//2415 2416//2416
f 2410//2410 2416//2416 2411//2411
f 2411//2411 2416//2416 2417//2417
f 2411//2411 2417//2417 2412//2412
f 2412//2412 2417//2417 2418//2418
f 2420//2420 2425//2425 2419//2419
f 2426//2426 2425//2425 2420//2420
f 2421//2421 2426//2426 2420//2420
f 2427//2427 2426//2426 2421//2421
f 2422//2422 2427//2427 2421//2421
f 2428//2428 2427//2427 2422//2422
f 2423//2423 2428//2428 2422//2422
f 2429//2429 2428//2428 2423//2423
f 2424//2424 2429//2429 2423//2423
f 2430//2430 2429//2429 2424//2424
f 2426//2426 2431//2431 2425//2425
f 2432//2432 2431//2431 2426//2426
f 2427//2427 2432//2432 2426//2426
f 2433//2433 2432//2432 2427//2427
f 2428//2428 2433//2433 2427//2427
f 2434//2434 2433//2433 2428//2428
f 2429//2429 2434//2434 2428//2428
f 2435//2435 2434//2434 2429//2429
f 2430//2430 2435//2435 2429//2429
f 2436//2436 2435//2435 2430//2430
f 2432//2432 2437//2437 2431//2431
f 2438//2438 2437//2437 2432//2432
f 2433//2433 2438//2438 2432//2432
f 2439//2439 2438//2438 2433//2433
f 2434//2434 2439//2439 2433//2433
f 2440//2440 2439//2439 2434//2434
f 2435//2435 2440//2440 2434//2434
f 2441//2441 2440//2440 2435//2435
f 2436//2436 2441//2441 2435//2435
f 2442//2442 2441//2441 2436//2436
f 2438//2438 2443//2443 2437//2437
f 2444//2444 2443//2443 2438//2438
f 2439//2439 2444//2444 2438//2438
f 2445//2445 2444//2444 2439//2439
f 2440//2440 2445//2445 2439//2439
f 2446//2446 2445//2445 2440//2440
f 2441//2441 2446//2446 2440//2440
f 2447//2447 2446//2446 2441//2441
f 2442//2442 2447//2447 2441//2441
f 2448//2448 2447//2447 2442//2442
f 2444//2444 2449//2449 2443//2443
f 2450//2450 2449//2449 2444//2444
f 2445//2445 2450//2450 2444//2444
f 2451//2451 2450//2450 2445//2445
f 2446//2446 2451//2451 2445//2445
f 2452//2452 2451//2451 2446//2446
f 2447//2447 2452//2452 2446//2446
f 2453//2453 2452//2452 2447//2447
f 2448//2448 2453//2453 2447//2447
f 2454//2454 2453//2453 2448//2448
f 2455//2455 2461//2461 2456//2456
f 2456//2456 2461//2461 2462//2462
f 2456//2456 2462//2462 2457//2457
f 2457//2457 2462//2462 2463//2463
f 2457//2457 2463//2463 2458//2458
f 2458//2458 2463//2463 2464//2464
f 2458//2458 2464//2464 2459//2459
f 2459//2459 2464//2464 2465//2465
f 2459//2459 2465//2465 2460//2460
f 2460//2460 2465//2465 2466//2466
f 2461//2461 2467//2467 2462//2462
f 2462//2462 2467//2467 2468//2468
f 2462//2462 2468//2468 2463//2463
f 2463//2463 2468//2468 2469//2469
f 2463//2463 2469//2469 2464//2464
f 2464//2464 2469//2469 2470//2470
f 2464//2464 2470//2470 2465//2465
f 2465//2465 2470//2470 2471//2471
f 2465//2465 2471//2471 2466//2466
f 2466//2466 2471//2471 2472//2472
f 2467//2467 2473//2473 2468//2468
f 2468//2468 2473//2473 2474//2474
f 2468//2468 2474//2474 2469//2469
f 2469//2469 2474//2474 2475//2475
f 2469//2469 2475//2475 2470//2470
f 2470//2470 2475//2475 2476//2476
f 2470//2470 2476//2476 2471//2471
f 2471//2471 2476//2476 2477//2477
f 2471//2471 2477//2477 2472//2472
f 2472//2472 2477//2477 2478//2478
f 2473//2473 2479//2479 2474//2474
f 2474//2474 2479//2479 2480//2480
f 2474//2474 2480//2480 2475//2475
f 2475//2475 2480//2480 2481//2481
f 2475//2475 2481//2481 2476//2476
f 2476//2476 2481//2481 2482//2482
f 2476//2476 2482//2482 2477//2477
f 2477//2477 2482//2482 2483//2483
f 2477//2477 2483//2483 2478//2478
f 2478//2478 2483//2483 2484//2484
f 2479//2479 2485//2485 2480//2480
f 2480//2480 2485//2485 2486//2486
f 2480//2480 2486//2486 2481//2481
f 2481//2481 2486//2486 2487//2487
f 2481//2481 2487//2487 2482//2482
f 2482//2482 2487//2487 2488//2488
f 2482//2482 2488//2488 2483//2483
f 2483//2483 2488//2488 2489//2489
f 2483//2483 2489//2489 2484//2484
f 2484//2484 2489//2489 2490//2490
o source-carrot_carrot
usemtl carrot
v -0.130000 0.474530 -0.217000
v -0.130000 0.474530 -0.217000
v -0.130000 0.474530 -0.217000
v -0.130000 0.474530 -0.217000
v -0.130000 0.474530 -0.217000
v -0.130000 0.474530 -0.217000
v -0.130000 0.474530 -0.217000
v -0.130000 0.474530 -0.217000
v -0.130000 0.474530 -0.217000
v -0.130000 0.474530 -0.217000
v -0.130000 0.474530 -0.217000
v -0.130000 0.474530 -0.217000
v -0.130000 0.474530 -0.217000
v -0.130000 0.474530 -0.217000
v -0.130000 0.474530 -0.217000
v -0.130000 0.474530 -0.217000
v -0.130000 0.474530 -0.217000
v -0.130000 0.474530 -0.217000
v -0.130000 0.474530 -0.217000
v -0.130000 0.474530 -0.217000
v -0.130000 0.474530 -0.217000
v -0.130000 0.474530 -0.217000
v -0.130000 0.474530 -0.217000
v -0.130000 0.474530 -0.217000
v -0.130000 0.474530 -0.217000
v -0.130000 0.474530 -0.217000
v -0.130000 0.474530 -0.217000
v -0.130000 0.474530 -0.217000
v -0.130000 0.474530 -0.217000
v -0.130000 0.474530 -0.217000
v -0.130000 0.474530 -0.217000
v -0.130000 0.474530 -0.217000
v -0.130000 0.474530 -0.217000
v -0.130000 0.474530 -0.217000
v -0.130000 0.474530 -0.217000
v -0.130000 0.474530 -0.217000
v -0.130000 0.474530 -0.217000
v -0.130000 0.474530 -0.217000
v -0.130000 0.474530 -0.217000
v -0.130000 0.474530 -0.217000
v -0.130000 0.474530 -0.217000
v -0.108750 0.479306 -0.205178
v -0.109012 0.476224 -0.203933
v -0.109790 0.473218 -0.202719
v -0.111066 0.470361 -0.201564
v -0.112808 0.467725 -0.200499
v -0.114974 0.465374 -0.199550
v -0.117510 0.463366 -0.198738
v -0.120353 0.461751 -0.198086
v -0.123433 0.460568 -0.197608
v -0.126676 0.459846 -0.197316
v -0.130000 0.459604 -0.197218
v -0.133324 0.459846 -0.197316
v -0.136567 0.460568 -0.197608
v -0.139647 0.461751 -0.198086
v -0.142490 0.463366 -0.198738
v -0.145026 0.465374 -0.199550
v -0.147192 0.467725 -0.200499
v -0.148934 0.470361 -0.201564
v -0.150210 0.473218 -0.202719
v -0.150988 0.476224 -0.203933
v -0.151250 0.479306 -0.205178
v -0.150988 0.482388 -0.206424
v -0.150210 0.485395 -0.207638
v -0.148934 0.488251 -0.208792
v -0.147192 0.490887 -0.209857
v -0.145026 0.493238 -0.210807
v -0.142490 0.495246 -0.211618
v -0.139647 0.496861 -0.212271
v -0.136567 0.498045 -0.212749
v -0.133324 0.498766 -0.213041
v -0.130000 0.499009 -0.213139
v -0.126676 0.498766 -0.213041
v -0.123433 0.498045 -0.212749
v -0.120353 0.496861 -0.212271
v -0.117510 0.495246 -0.211618
v -0.114974 0.493238 -0.210807
v -0.112808 0.490887 -0.209857
v -0.111066 0.488251 -0.208792
v -0.109790 0.485395 -0.207638
v -0.109012 0.482388 -0.206424
v -0.108750 0.479306 -0.205178
v -0.079850 0.519108 -0.106665
v -0.080467 0.511834 -0.103726
v -0.082305 0.504739 -0.100860
v -0.085316 0.497998 -0.098136
v -0.089428 0.491777 -0.095623
v -0.094539 0.486229 -0.093381
v -0.100523 0.481490 -0.091467
v -0.107232 0.477678 -0.089926
v -0.114503 0.474886 -0.088798
v -0.122155 0.473182 -0.088110
v -0.130000 0.472610 -0.087879
v -0.137845 0.473182 -0.088110
v -0.145497 0.474886 -0.088798
v -0.152768 0.477678 -0.089926
v -0.159477 0.481490 -0.091467
v -0.165461 0.486229 -0.093381
v -0.170572 0.491777 -0.095623
v -0.174684 0.497998 -0.098136
v -0.177695 0.504739 -0.100860
v -0.179533 0.511834 -0.103726
v -0.180150 0.519108 -0.106665
v -0.179533 0.526382 -0.109604
v -0.177695 0.533477 -0.112470
v -0.174684 0.540218 -0.115194
v -0.170572 0.546439 -0.117708
v -0.165461 0.551987 -0.119949
v -0.159477 0.556726 -0.121864
v -0.152768 0.560538 -0.123404
v -0.145497 0.563331 -0.124532
v -0.137845 0.565034 -0.125220
v -0.130000 0.565606 -0.125452
v -0.122155 0.565034 -0.125220
v -0.114503 0.563331 -0.124532
v -0.107232 0.560538 -0.123404
v -0.100523 0.556726 -0.121864
v -0.094539 0.551987 -0.119949
v -0.089428 0.546439 -0.117708
v -0.085316 0.540218 -0.115194
v -0.082305 0.533477 -0.112470
v -0.080467 0.526382 -0.109604
v -0.079850 0.519108 -0.106665
v -0.080700 0.539805 -0.055438
v -0.081307 0.532655 -0.052549
v -0.083113 0.525680 -0.049731
v -0.086073 0.519053 -0.047054
v -0.090115 0.512937 -0.044583
v -0.095140 0.507483 -0.042379
v -0.101022 0.502825 -0.040497
v -0.107618 0.499077 -0.038983
v -0.114765 0.496332 -0.037874
v -0.122288 0.494658 -0.037197
v -0.130000 0.494095 -0.036970
v -0.137712 0.494658 -0.037197
v -0.145235 0.496332 -0.037874
v -0.152382 0.499077 -0.038983
v -0.158978 0.502825 -0.040497
v -0.164860 0.507483 -0.042379
v -0.169885 0.512937 -0.044583
v -0.173927 0.519053 -0.047054
v -0.176887 0.525680 -0.049731
v -0.178693 0.532655 -0.052549
v -0.179300 0.539805 -0.055438
v -0.178693 0.546956 -0.058327
v -0.176887 0.553930 -0.061145
v -0.173927 0.560557 -0.063823
v -0.169885 0.566673 -0.066293
v -0.164860 0.572127 -0.068497
v -0.158978 0.576785 -0.070379
v -0.152382 0.580533 -0.071893
v -0.145235 0.583278 -0.073002
v -0.137712 0.584953 -0.073679
v -0.130000 0.585515 -0.073906
v -0.122288 0.584953 -0.073679
v -0.114765 0.583278 -0.073002
v -0.107618 0.580533 -0.071893
v -0.101022 0.576785 -0.070379
v -0.095140 0.572127 -0.068497
v -0.090115 0.566673 -0.066293
v -0.086073 0.560557 -0.063823
v -0.083113 0.553930 -0.061145
v -0.081307 0.546956 -0.058327
v -0.080700 0.539805 -0.055438
v -0.093450 0.548402 -0.034159
v -0.093900 0.543101 -0.032017
v -0.095239 0.537930 -0.029928
v -0.097434 0.533017 -0.027943
v -0.100430 0.528483 -0.026111
v -0.104155 0.524440 -0.024478
v -0.108516 0.520986 -0.023082
v -0.113407 0.518207 -0.021960
v -0.118705 0.516172 -0.021138
v -0.124282 0.514931 -0.020636
v -0.130000 0.514514 -0.020467
v -0.135718 0.514931 -0.020636
v -0.141295 0.516172 -0.021138
v -0.146593 0.518207 -0.021960
v -0.151484 0.520986 -0.023082
v -0.155845 0.524440 -0.024478
v -0.159570 0.528483 -0.026111
v -0.162566 0.533017 -0.027943
v -0.164761 0.537930 -0.029928
v -0.166100 0.543101 -0.032017
v -0.166550 0.548402 -0.034159
v -0.166100 0.553704 -0.036301
v -0.164761 0.558875 -0.038390
v -0.162566 0.563788 -0.040375
v -0.159570 0.568322 -0.042207
v -0.155845 0.572365 -0.043841
v -0.151484 0.575819 -0.045236
v -0.146593 0.578597 -0.046359
v -0.141295 0.580632 -0.047181
v -0.135718 0.581874 -0.047683
v -0.130000 0.582291 -0.047851
v -0.124282 0.581874 -0.047683
v -0.118705 0.580632 -0.047181
v -0.113407 0.578597 -0.046359
v -0.108516 0.575819 -0.045236
v -0.104155 0.572365 -0.043841
v -0.100430 0.568322 -0.042207
v -0.097434 0.563788 -0.040375
v -0.095239 0.558875 -0.038390
v -0.093900 0.553704 -0.036301
v -0.093450 0.548402 -0.034159
v -0.130000 0.550313 -0.029431
v -0.130000 0.550313 -0.029431
v -0.130000 0.550313 -0.029431
v -0.130000 0.550313 -0.029431
v -0.130000 0.550313 -0.029431
v -0.130000 0.550313 -0.029431
v -0.130000 0.550313 -0.029431
v -0.130000 0.550313 -0.029431
v -0.130000 0.550313 -0.029431
v -0.130000 0.550313 -0.029431
v -0.130000 0.550313 -0.029431
v -0.130000 0.550313 -0.029431
v -0.130000 0.550313 -0.029431
v -0.130000 0.550313 -0.029431
v -0.130000 0.550313 -0.029431
v -0.130000 0.550313 -0.029431
v -0.130000 0.550313 -0.029431
v -0.130000 0.550313 -0.029431
v -0.130000 0.550313 -0.029431
v -0.130000 0.550313 -0.029431
v -0.130000 0.550313 -0.029431
v -0.130000 0.550313 -0.029431
v -0.130000 0.550313 -0.029431
v -0.130000 0.550313 -0.029431
v -0.130000 0.550313 -0.029431
v -0.130000 0.550313 -0.029431
v -0.130000 0.550313 -0.029431
v -0.130000 0.550313 -0.029431
v -0.130000 0.550313 -0.029431
v -0.130000 0.550313 -0.029431
v -0.130000 0.550313 -0.029431
v -0.130000 0.550313 -0.029431
v -0.130000 0.550313 -0.029431
v -0.130000 0.550313 -0.029431
v -0.130000 0.550313 -0.029431
v -0.130000 0.550313 -0.029431
v -0.130000 0.550313 -0.029431
v -0.130000 0.550313 -0.029431
v -0.130000 0.550313 -0.029431
v -0.130000 0.550313 -0.029431
v -0.130000 0.550313 -0.029431
v 0.055402 0.474530 -0.184564
v 0.055402 0.474530 -0.184564
v 0.055402 0.474530 -0.184564
v 0.055402 0.474530 -0.184564
v 0.055402 0.474530 -0.184564
v 0.055402 0.474530 -0.184564
v 0.055402 0.474530 -0.184564
v 0.055402 0.474530 -0.184564
v 0.055402 0.474530 -0.184564
v 0.055402 0.474530 -0.184564
v 0.055402 0.474530 -0.184564
v 0.055402 0.474530 -0.184564
v 0.055402 0.474530 -0.184564
v 0.055402 0.474530 -0.184564
v 0.055402 0.474530 -0.184564
v 0.055402 0.474530 -0.184564
v 0.055402 0.474530 -0.184564
v 0.055402 0.474530 -0.184564
v 0.055402 0.474530 -0.184564
v 0.055402 0.474530 -0.184564
v 0.055402 0.474530 -0.184564
v 0.055402 0.474530 -0.184564
v 0.055402 0.474530 -0.184564
v 0.055402 0.474530 -0.184564
v 0.055402 0.474530 -0.184564
v 0.055402 0.474530 -0.184564
v 0.055402 0.474530 -0.184564
v 0.055402 0.474530 -0.184564
v 0.055402 0.474530 -0.184564
v 0.055402 0.474530 -0.184564
v 0.055402 0.474530 -0.184564
v 0.055402 0.474530 -0.184564
v 0.055402 0.474530 -0.184564
v 0.055402 0.474530 -0.184564
v 0.055402 0.474530 -0.184564
v 0.055402 0.474530 -0.184564
v 0.055402 0.474530 -0.184564
v 0.055402 0.474530 -0.184564
v 0.055402 0.474530 -0.184564
v 0.055402 0.474530 -0.184564
v 0.055402 0.474530 -0.184564
v 0.078540 0.479306 -0.192043
v 0.079272 0.476224 -0.191002
v 0.079630 0.473218 -0.189605
v 0.079604 0.470361 -0.187884
v 0.079194 0.467725 -0.185884
v 0.078412 0.465374 -0.183652
v 0.077276 0.463366 -0.181244
v 0.075814 0.461751 -0.178720
v 0.074063 0.460568 -0.176141
v 0.072065 0.459846 -0.173571
v 0.069870 0.459604 -0.171073
v 0.067531 0.459846 -0.168708
v 0.065106 0.460568 -0.166536
v 0.062656 0.461751 -0.164609
v 0.060239 0.463366 -0.162974
v 0.057917 0.465374 -0.161673
v 0.055745 0.467725 -0.160737
v 0.053778 0.470361 -0.160189
v 0.052064 0.473218 -0.160043
v 0.050644 0.476224 -0.160302
v 0.049555 0.479306 -0.160960
v 0.048823 0.482388 -0.162001
v 0.048465 0.485395 -0.163399
v 0.048492 0.488251 -0.165119
v 0.048901 0.490887 -0.167119
v 0.049683 0.493238 -0.169351
v 0.050819 0.495246 -0.171759
v 0.052281 0.496861 -0.174283
v 0.054032 0.498045 -0.176862
v 0.056030 0.498766 -0.179432
v 0.058226 0.499009 -0.181930
v 0.060565 0.498766 -0.184295
v 0.062989 0.498045 -0.186467
v 0.065440 0.496861 -0.188394
v 0.067856 0.495246 -0.190029
v 0.070179 0.493238 -0.191330
v 0.072350 0.490887 -0.192266
v 0.074318 0.488251 -0.192814
v 0.076032 0.485395 -0.192960
v 0.077451 0.482388 -0.192701
v 0.078540 0.479306 -0.192043
v 0.170298 0.519108 -0.145993
v 0.172026 0.511834 -0.143537
v 0.172870 0.504739 -0.140239
v 0.172808 0.497998 -0.136179
v 0.171842 0.491777 -0.131457
v 0.169996 0.486229 -0.126191
v 0.167315 0.481490 -0.120509
v 0.163865 0.477678 -0.114551
v 0.159732 0.474886 -0.108464
v 0.155017 0.473182 -0.102399
v 0.149835 0.472610 -0.096503
v 0.144316 0.473182 -0.090923
v 0.138594 0.474886 -0.085796
v 0.132810 0.477678 -0.081249
v 0.127108 0.481490 -0.077392
v 0.121626 0.486229 -0.074321
v 0.116501 0.491777 -0.072112
v 0.111859 0.497998 -0.070819
v 0.107813 0.504739 -0.070474
v 0.104464 0.511834 -0.071086
v 0.101894 0.519108 -0.072638
v 0.100165 0.526382 -0.075094
v 0.099322 0.533477 -0.078393
v 0.099384 0.540218 -0.082453
v 0.100350 0.546439 -0.087174
v 0.102196 0.551987 -0.092441
v 0.104877 0.556726 -0.098123
v 0.108326 0.560538 -0.104080
v 0.112460 0.563331 -0.110167
v 0.117175 0.565034 -0.116233
v 0.122356 0.565606 -0.122128
v 0.127876 0.565034 -0.127708
v 0.133598 0.563331 -0.132835
v 0.139381 0.560538 -0.137383
v 0.145084 0.556726 -0.141239
v 0.150565 0.551987 -0.144310
v 0.155690 0.546439 -0.146519
v 0.160332 0.540218 -0.147812
v 0.164378 0.533477 -0.148157
v 0.167728 0.526382 -0.147546
v 0.170298 0.519108 -0.145993
v 0.207183 0.539805 -0.110435
v 0.208882 0.532655 -0.108020
v 0.209711 0.525680 -0.104778
v 0.209651 0.519053 -0.100787
v 0.208701 0.512937 -0.096145
v 0.206886 0.507483 -0.090968
v 0.204251 0.502825 -0.085382
v 0.200860 0.499077 -0.079526
v 0.196796 0.496332 -0.073542
v 0.192161 0.494658 -0.067579
v 0.187067 0.494095 -0.061784
v 0.181641 0.494658 -0.056298
v 0.176016 0.496332 -0.051258
v 0.170331 0.499077 -0.046788
v 0.164725 0.502825 -0.042996
v 0.159337 0.507483 -0.039978
v 0.154299 0.512937 -0.037806
v 0.149735 0.519053 -0.036535
v 0.145758 0.525680 -0.036196
v 0.142465 0.532655 -0.036797
v 0.139938 0.539805 -0.038323
v 0.138239 0.546956 -0.040737
v 0.137410 0.553930 -0.043980
v 0.137471 0.560557 -0.047971
v 0.138420 0.566673 -0.052613
v 0.140235 0.572127 -0.057790
v 0.142871 0.576785 -0.063376
v 0.146262 0.580533 -0.069232
v 0.150325 0.583278 -0.075216
v 0.154961 0.584953 -0.081179
v 0.160054 0.585515 -0.086974
v 0.165480 0.584953 -0.092459
v 0.171105 0.583278 -0.097500
v 0.176790 0.580533 -0.101970
v 0.182396 0.576785 -0.105762
v 0.187785 0.572127 -0.108780
v 0.192823 0.566673 -0.110952
v 0.197387 0.560557 -0.112223
v 0.201364 0.553930 -0.112562
v 0.204656 0.546956 -0.111961
v 0.207183 0.539805 -0.110435
v 0.214050 0.548402 -0.086598
v 0.215310 0.543101 -0.084808
v 0.215925 0.537930 -0.082404
v 0.215879 0.533017 -0.079445
v 0.215175 0.528483 -0.076004
v 0.213830 0.524440 -0.072166
v 0.211876 0.520986 -0.068024
v 0.209362 0.518207 -0.063682
v 0.206349 0.516172 -0.059246
v 0.202913 0.514931 -0.054826
v 0.199137 0.514514 -0.050529
v 0.195114 0.514931 -0.046462
v 0.190944 0.516172 -0.042726
v 0.186729 0.518207 -0.039411
v 0.182573 0.520986 -0.036600
v 0.178578 0.524440 -0.034362
v 0.174843 0.528483 -0.032752
v 0.171459 0.533017 -0.031810
v 0.168510 0.537930 -0.031559
v 0.166069 0.543101 -0.032004
v 0.164196 0.548402 -0.033136
v 0.162936 0.553704 -0.034926
v 0.162322 0.558875 -0.037330
v 0.162367 0.563788 -0.040289
v 0.163071 0.568322 -0.043730
v 0.164416 0.572365 -0.047568
v 0.166370 0.575819 -0.051709
v 0.168884 0.578597 -0.056051
v 0.171897 0.580632 -0.060487
v 0.175333 0.581874 -0.064908
v 0.179110 0.582291 -0.069205
v 0.183132 0.581874 -0.073271
v 0.187302 0.580632 -0.077008
v 0.191518 0.578597 -0.080322
v 0.195674 0.575819 -0.083133
v 0.199669 0.572365 -0.085371
v 0.203404 0.568322 -0.086981
v 0.206787 0.563788 -0.087924
v 0.209736 0.558875 -0.088175
v 0.212177 0.553704 -0.087729
v 0.214050 0.548402 -0.086598
v 0.192581 0.550313 -0.056642
v 0.192581 0.550313 -0.056642
v 0.192581 0.550313 -0.056642
v 0.192581 0.550313 -0.056642
v 0.192581 0.550313 -0.056642
v 0.192581 0.550313 -0.056642
v 0.192581 0.550313 -0.056642
v 0.192581 0.550313 -0.056642
v 0.192581 0.550313 -0.056642
v 0.192581 0.550313 -0.056642
v 0.192581 0.550313 -0.056642
v 0.192581 0.550313 -0.056642
v 0.192581 0.550313 -0.056642
v 0.192581 0.550313 -0.056642
v 0.192581 0.550313 -0.056642
v 0.192581 0.550313 -0.056642
v 0.192581 0.550313 -0.056642
v 0.192581 0.550313 -0.056642
v 0.192581 0.550313 -0.056642
v 0.192581 0.550313 -0.056642
v 0.192581 0.550313 -0.056642
v 0.192581 0.550313 -0.056642
v 0.192581 0.550313 -0.056642
v 0.192581 0.550313 -0.056642
v 0.192581 0.550313 -0.056642
v 0.192581 0.550313 -0.056642
v 0.192581 0.550313 -0.056642
v 0.192581 0.550313 -0.056642
v 0.192581 0.550313 -0.056642
v 0.192581 0.550313 -0.056642
v 0.192581 0.550313 -0.056642
v 0.192581 0.550313 -0.056642
v 0.192581 0.550313 -0.056642
v 0.192581 0.550313 -0.056642
v 0.192581 0.550313 -0.056642
v 0.192581 0.550313 -0.056642
v 0.192581 0.550313 -0.056642
v 0.192581 0.550313 -0.056642
v 0.192581 0.550313 -0.056642
v 0.192581 0.550313 -0.056642
v 0.192581 0.550313 -0.056642
v -0.231752 0.474530 0.122115
v -0.231752 0.474530 0.122115
v -0.231752 0.474530 0.122115
v -0.231752 0.474530 0.122115
v -0.231752 0.474530 0.122115
v -0.231752 0.474530 0.122115
v -0.231752 0.474530 0.122115
v -0.231752 0.474530 0.122115
v -0.231752 0.474530 0.122115
v -0.231752 0.474530 0.122115
v -0.231752 0.474530 0.122115
v -0.231752 0.474530 0.122115
v -0.231752 0.474530 0.122115
v -0.231752 0.474530 0.122115
v -0.231752 0.474530 0.122115
v -0.231752 0.474530 0.122115
v -0.231752 0.474530 0.122115
v -0.231752 0.474530 0.122115
v -0.231752 0.474530 0.122115
v -0.231752 0.474530 0.122115
v -0.231752 0.474530 0.122115
v -0.231752 0.474530 0.122115
v -0.231752 0.474530 0.122115
v -0.231752 0.474530 0.122115
v -0.231752 0.474530 0.122115
v -0.231752 0.474530 0.122115
v -0.231752 0.474530 0.122115
v -0.231752 0.474530 0.122115
v -0.231752 0.474530 0.122115
v -0.231752 0.474530 0.122115
v -0.231752 0.474530 0.122115
v -0.231752 0.474530 0.122115
v -0.231752 0.474530 0.122115
v -0.231752 0.474530 0.122115
v -0.231752 0.474530 0.122115
v -0.231752 0.474530 0.122115
v -0.231752 0.474530 0.122115
v -0.231752 0.474530 0.122115
v -0.231752 0.474530 0.122115
v -0.231752 0.474530 0.122115
v -0.231752 0.474530 0.122115
v -0.221441 0.479306 0.100092
v -0.220181 0.476224 0.100266
v -0.218915 0.473218 0.100958
v -0.217674 0.470361 0.102151
v -0.216490 0.467725 0.103814
v -0.215392 0.465374 0.105908
v -0.214406 0.463366 0.108381
v -0.213556 0.461751 0.111172
v -0.212864 0.460568 0.114212
v -0.212347 0.459846 0.117426
v -0.212018 0.459604 0.120735
v -0.211884 0.459846 0.124058
v -0.211948 0.460568 0.127313
v -0.212210 0.461751 0.130420
v -0.212663 0.463366 0.133301
v -0.213295 0.465374 0.135887
v -0.214092 0.467725 0.138114
v -0.215033 0.470361 0.139926
v -0.216095 0.473218 0.141280
v -0.217252 0.476224 0.142141
v -0.218476 0.479306 0.142489
v -0.219737 0.482388 0.142315
v -0.221003 0.485395 0.141623
v -0.222243 0.488251 0.140430
v -0.223427 0.490887 0.138767
v -0.224526 0.493238 0.136673
v -0.225512 0.495246 0.134200
v -0.226361 0.496861 0.131409
v -0.227053 0.498045 0.128369
v -0.227570 0.498766 0.125155
v -0.227900 0.499009 0.121846
v -0.228034 0.498766 0.118523
v -0.227969 0.498045 0.115268
v -0.227707 0.496861 0.112161
v -0.227254 0.495246 0.109280
v -0.226622 0.493238 0.106694
v -0.225826 0.490887 0.104467
v -0.224885 0.488251 0.102655
v -0.223822 0.485395 0.101301
v -0.222665 0.482388 0.100440
v -0.221441 0.479306 0.100092
v -0.125184 0.519108 0.064391
v -0.122209 0.511834 0.064802
v -0.119221 0.504739 0.066434
v -0.116294 0.497998 0.069249
v -0.113500 0.491777 0.073175
v -0.110907 0.486229 0.078117
v -0.108580 0.481490 0.083953
v -0.106575 0.477678 0.090539
v -0.104943 0.474886 0.097713
v -0.103723 0.473182 0.105298
v -0.102945 0.472610 0.113108
v -0.102628 0.473182 0.120950
v -0.102781 0.474886 0.128632
v -0.103399 0.477678 0.135963
v -0.104468 0.481490 0.142764
v -0.105960 0.486229 0.148867
v -0.107840 0.491777 0.154122
v -0.110060 0.497998 0.158399
v -0.112567 0.504739 0.161593
v -0.115299 0.511834 0.163625
v -0.118187 0.519108 0.164446
v -0.121162 0.526382 0.164036
v -0.124150 0.533477 0.162403
v -0.127077 0.540218 0.159589
v -0.129871 0.546439 0.155662
v -0.132463 0.551987 0.150720
v -0.134791 0.556726 0.144884
v -0.136795 0.560538 0.138298
v -0.138428 0.563331 0.131124
v -0.139648 0.565034 0.123539
v -0.140426 0.565606 0.115729
v -0.140743 0.565034 0.107887
v -0.140590 0.563331 0.100205
v -0.139972 0.560538 0.092874
v -0.138903 0.556726 0.086073
v -0.137411 0.551987 0.079970
v -0.135531 0.546439 0.074715
v -0.133311 0.540218 0.070438
v -0.130804 0.533477 0.067244
v -0.128072 0.526382 0.065212
v -0.125184 0.519108 0.064391
v -0.074022 0.539805 0.061665
v -0.071098 0.532655 0.062069
v -0.068161 0.525680 0.063674
v -0.065284 0.519053 0.066441
v -0.062537 0.512937 0.070301
v -0.059988 0.507483 0.075159
v -0.057700 0.502825 0.080896
v -0.055729 0.499077 0.087370
v -0.054125 0.496332 0.094423
v -0.052925 0.494658 0.101879
v -0.052160 0.494095 0.109557
v -0.051849 0.494658 0.117266
v -0.051999 0.496332 0.124817
v -0.052607 0.499077 0.132025
v -0.053657 0.502825 0.138710
v -0.055124 0.507483 0.144710
v -0.056972 0.512937 0.149875
v -0.059155 0.519053 0.154080
v -0.061620 0.525680 0.157220
v -0.064305 0.532655 0.159218
v -0.067144 0.539805 0.160025
v -0.070069 0.546956 0.159621
v -0.073006 0.553930 0.158016
v -0.075883 0.560557 0.155250
v -0.078630 0.566673 0.151390
v -0.081179 0.572127 0.146532
v -0.083467 0.576785 0.140795
v -0.085437 0.580533 0.134320
v -0.087042 0.583278 0.127268
v -0.088242 0.584953 0.119811
v -0.089006 0.585515 0.112133
v -0.089318 0.584953 0.104424
v -0.089167 0.583278 0.096873
v -0.088560 0.580533 0.089666
v -0.087509 0.576785 0.082980
v -0.086042 0.572127 0.076981
v -0.084194 0.566673 0.071815
v -0.082011 0.560557 0.067610
v -0.079547 0.553930 0.064470
v -0.076862 0.546956 0.062472
v -0.074022 0.539805 0.061665
v -0.051906 0.548402 0.072900
v -0.049738 0.543101 0.073199
v -0.047560 0.537930 0.074389
v -0.045427 0.533017 0.076440
v -0.043391 0.528483 0.079302
v -0.041501 0.524440 0.082904
v -0.039805 0.520986 0.087157
v -0.038344 0.518207 0.091957
v -0.037154 0.516172 0.097185
v -0.036265 0.514931 0.102714
v -0.035698 0.514514 0.108406
v -0.035467 0.514931 0.114121
v -0.035578 0.516172 0.119720
v -0.036029 0.518207 0.125063
v -0.036808 0.520986 0.130019
v -0.037895 0.524440 0.134467
v -0.039265 0.528483 0.138297
v -0.040884 0.533017 0.141414
v -0.042711 0.537930 0.143742
v -0.044701 0.543101 0.145224
v -0.046807 0.548402 0.145822
v -0.048975 0.553704 0.145522
v -0.051152 0.558875 0.144332
v -0.053285 0.563788 0.142281
v -0.055322 0.568322 0.139420
v -0.057211 0.572365 0.135818
v -0.058908 0.575819 0.131565
v -0.060369 0.578597 0.126765
v -0.061558 0.580632 0.121536
v -0.062448 0.581874 0.116008
v -0.063015 0.582291 0.110316
v -0.063245 0.581874 0.104600
v -0.063134 0.580632 0.099002
v -0.062684 0.578597 0.093659
v -0.061905 0.575819 0.088702
v -0.060817 0.572365 0.084254
v -0.059447 0.568322 0.080425
v -0.057829 0.563788 0.077307
v -0.056002 0.558875 0.074980
v -0.054011 0.553704 0.073498
v -0.051906 0.548402 0.072900
v -0.044639 0.550313 0.109031
v -0.044639 0.550313 0.109031
v -0.044639 0.550313 0.109031
v -0.044639 0.550313 0.109031
v -0.044639 0.550313 0.109031
v -0.044639 0.550313 0.109031
v -0.044639 0.550313 0.109031
v -0.044639 0.550313 0.109031
v -0.044639 0.550313 0.109031
v -0.044639 0.550313 0.109031
v -0.044639 0.550313 0.109031
v -0.044639 0.550313 0.109031
v -0.044639 0.550313 0.109031
v -0.044639 0.550313 0.109031
v -0.044639 0.550313 0.109031
v -0.044639 0.550313 0.109031
v -0.044639 0.550313 0.109031
v -0.044639 0.550313 0.109031
v -0.044639 0.550313 0.109031
v -0.044639 0.550313 0.109031
v -0.044639 0.550313 0.109031
v -0.044639 0.550313 0.109031
v -0.044639 0.550313 0.109031
v -0.044639 0.550313 0.109031
v -0.044639 0.550313 0.109031
v -0.044639 0.550313 0.109031
v -0.044639 0.550313 0.109031
v -0.044639 0.550313 0.109031
v -0.044639 0.550313 0.109031
v -0.044639 0.550313 0.109031
v -0.044639 0.550313 0.109031
v -0.044639 0.550313 0.109031
v -0.044639 0.550313 0.109031
v -0.044639 0.550313 0.109031
v -0.044639 0.550313 0.109031
v -0.044639 0.550313 0.109031
v -0.044639 0.550313 0.109031
v -0.044639 0.550313 0.109031
v -0.044639 0.550313 0.109031
v -0.044639 0.550313 0.109031
v -0.044639 0.550313 0.109031
v 0.065809 0.474530 0.194269
v 0.065809 0.474530 0.194269
v 0.065809 0.474530 0.194269
v 0.065809 0.474530 0.194269
v 0.065809 0.474530 0.194269
v 0.065809 0.474530 0.194269
v 0.065809 0.474530 0.194269
v 0.065809 0.474530 0.194269
v 0.065809 0.474530 0.194269
v 0.065809 0.474530 0.194269
v 0.065809 0.474530 0.194269
v 0.065809 0.474530 0.194269
v 0.065809 0.474530 0.194269
v 0.065809 0.474530 0.194269
v 0.065809 0.474530 0.194269
v 0.065809 0.474530 0.194269
v 0.065809 0.474530 0.194269
v 0.065809 0.474530 0.194269
v 0.065809 0.474530 0.194269
v 0.065809 0.474530 0.194269
v 0.065809 0.474530 0.194269
v 0.065809 0.474530 0.194269
v 0.065809 0.474530 0.194269
v 0.065809 0.474530 0.194269
v 0.065809 0.474530 0.194269
v 0.065809 0.474530 0.194269
v 0.065809 0.474530 0.194269
v 0.065809 0.474530 0.194269
v 0.065809 0.474530 0.194269
v 0.065809 0.474530 0.194269
v 0.065809 0.474530 0.194269
v 0.065809 0.474530 0.194269
v 0.065809 0.474530 0.194269
v 0.065809 0.474530 0.194269
v 0.065809 0.474530 0.194269
v 0.065809 0.474530 0.194269
v 0.065809 0.474530 0.194269
v 0.065809 0.474530 0.194269
v 0.065809 0.474530 0.194269
v 0.065809 0.474530 0.194269
v 0.065809 0.474530 0.194269
v 0.056735 0.479306 0.171709
v 0.057722 0.476224 0.170906
v 0.059091 0.473218 0.170452
v 0.060809 0.470361 0.170358
v 0.062833 0.467725 0.170626
v 0.065114 0.465374 0.171251
v 0.067595 0.463366 0.172216
v 0.070215 0.461751 0.173498
v 0.072910 0.460568 0.175066
v 0.075613 0.459846 0.176880
v 0.078259 0.459604 0.178895
v 0.080780 0.459846 0.181064
v 0.083117 0.460568 0.183331
v 0.085210 0.461751 0.185641
v 0.087009 0.463366 0.187937
v 0.088469 0.465374 0.190164
v 0.089554 0.467725 0.192265
v 0.090238 0.470361 0.194189
v 0.090503 0.473218 0.195889
v 0.090344 0.476224 0.197322
v 0.089763 0.479306 0.198455
v 0.088776 0.482388 0.199258
v 0.087407 0.485395 0.199712
v 0.085689 0.488251 0.199806
v 0.083665 0.490887 0.199537
v 0.081384 0.493238 0.198912
v 0.078903 0.495246 0.197947
v 0.076283 0.496861 0.196665
v 0.073588 0.498045 0.195098
v 0.070884 0.498766 0.193284
v 0.068239 0.499009 0.191268
v 0.065718 0.498766 0.189100
v 0.063381 0.498045 0.186833
v 0.061288 0.496861 0.184523
v 0.059489 0.495246 0.182226
v 0.058029 0.493238 0.180000
v 0.056944 0.490887 0.177899
v 0.056260 0.488251 0.175975
v 0.055995 0.485395 0.174275
v 0.056154 0.482388 0.172841
v 0.056735 0.479306 0.171709
v 0.096271 0.519108 0.076962
v 0.098601 0.511834 0.075067
v 0.101832 0.504739 0.073995
v 0.105887 0.497998 0.073774
v 0.110664 0.491777 0.074408
v 0.116047 0.486229 0.075882
v 0.121902 0.481490 0.078160
v 0.128086 0.477678 0.081186
v 0.134446 0.474886 0.084885
v 0.140826 0.473182 0.089165
v 0.147068 0.472610 0.093923
v 0.153019 0.473182 0.099040
v 0.158533 0.474886 0.104390
v 0.163473 0.477678 0.109842
v 0.167718 0.481490 0.115262
v 0.171164 0.486229 0.120516
v 0.173725 0.491777 0.125474
v 0.175339 0.497998 0.130015
v 0.175965 0.504739 0.134027
v 0.175589 0.511834 0.137411
v 0.174219 0.519108 0.140083
v 0.171890 0.526382 0.141978
v 0.168658 0.533477 0.143050
v 0.164604 0.540218 0.143271
v 0.159827 0.546439 0.142637
v 0.154444 0.551987 0.141163
v 0.148589 0.556726 0.138885
v 0.142405 0.560538 0.135859
v 0.136045 0.563331 0.132161
v 0.129665 0.565034 0.127880
v 0.123423 0.565606 0.123122
v 0.117471 0.565034 0.118006
v 0.111958 0.563331 0.112655
v 0.107017 0.560538 0.107203
v 0.102772 0.556726 0.101783
v 0.099327 0.551987 0.096530
v 0.096766 0.546439 0.091571
v 0.095152 0.540218 0.087030
v 0.094526 0.533477 0.083018
v 0.094902 0.526382 0.079635
v 0.096271 0.519108 0.076962
v 0.129170 0.539805 0.037686
v 0.131460 0.532655 0.035823
v 0.134637 0.525680 0.034770
v 0.138622 0.519053 0.034552
v 0.143319 0.512937 0.035176
v 0.148610 0.507483 0.036625
v 0.154366 0.502825 0.038864
v 0.160445 0.499077 0.041838
v 0.166698 0.496332 0.045474
v 0.172969 0.494658 0.049683
v 0.179106 0.494095 0.054359
v 0.184956 0.494658 0.059390
v 0.190376 0.496332 0.064649
v 0.195233 0.499077 0.070009
v 0.199406 0.502825 0.075337
v 0.202793 0.507483 0.080501
v 0.205311 0.512937 0.085376
v 0.206897 0.519053 0.089840
v 0.207513 0.525680 0.093784
v 0.207143 0.532655 0.097110
v 0.205797 0.539805 0.099737
v 0.203507 0.546956 0.101601
v 0.200330 0.553930 0.102654
v 0.196344 0.560557 0.102872
v 0.191648 0.566673 0.102248
v 0.186357 0.572127 0.100799
v 0.180601 0.576785 0.098559
v 0.174522 0.580533 0.095585
v 0.168269 0.583278 0.091949
v 0.161998 0.584953 0.087741
v 0.155861 0.585515 0.083064
v 0.150011 0.584953 0.078034
v 0.144590 0.583278 0.072774
v 0.139734 0.580533 0.067415
v 0.135561 0.576785 0.062087
v 0.132174 0.572127 0.056922
v 0.129656 0.566673 0.052048
v 0.128070 0.560557 0.047584
v 0.127454 0.553930 0.043640
v 0.127824 0.546956 0.040313
v 0.129170 0.539805 0.037686
v 0.152470 0.548402 0.029173
v 0.154168 0.543101 0.027792
v 0.156523 0.537930 0.027011
v 0.159478 0.533017 0.026850
v 0.162959 0.528483 0.027312
v 0.166882 0.524440 0.028386
v 0.171150 0.520986 0.030047
v 0.175657 0.518207 0.032252
v 0.180292 0.516172 0.034947
v 0.184942 0.514931 0.038067
v 0.189491 0.514514 0.041534
v 0.193829 0.514931 0.045264
v 0.197847 0.516172 0.049163
v 0.201448 0.518207 0.053137
v 0.204541 0.520986 0.057087
v 0.207053 0.524440 0.060916
v 0.208919 0.528483 0.064529
v 0.210095 0.533017 0.067839
v 0.210552 0.537930 0.070763
v 0.210278 0.543101 0.073229
v 0.209279 0.548402 0.075177
v 0.207582 0.553704 0.076558
v 0.205226 0.558875 0.077339
v 0.202272 0.563788 0.077500
v 0.198790 0.568322 0.077038
v 0.194867 0.572365 0.075964
v 0.190600 0.575819 0.074303
v 0.186093 0.578597 0.072098
v 0.181457 0.580632 0.069403
v 0.176808 0.581874 0.066283
v 0.172258 0.582291 0.062816
v 0.167921 0.581874 0.059086
v 0.163902 0.580632 0.055187
v 0.160302 0.578597 0.051213
v 0.157208 0.575819 0.047263
v 0.154697 0.572365 0.043434
v 0.152830 0.568322 0.039821
v 0.151654 0.563788 0.036511
v 0.151198 0.558875 0.033587
v 0.151472 0.553704 0.031121
v 0.152470 0.548402 0.029173
v 0.183851 0.550313 0.048500
v 0.183851 0.550313 0.048500
v 0.183851 0.550313 0.048500
v 0.183851 0.550313 0.048500
v 0.183851 0.550313 0.048500
v 0.183851 0.550313 0.048500
v 0.183851 0.550313 0.048500
v 0.183851 0.550313 0.048500
v 0.183851 0.550313 0.048500
v 0.183851 0.550313 0.048500
v 0.183851 0.550313 0.048500
v 0.183851 0.550313 0.048500
v 0.183851 0.550313 0.048500
v 0.183851 0.550313 0.048500
v 0.183851 0.550313 0.048500
v 0.183851 0.550313 0.048500
v 0.183851 0.550313 0.048500
v 0.183851 0.550313 0.048500
v 0.183851 0.550313 0.048500
v 0.183851 0.550313 0.048500
v 0.183851 0.550313 0.048500
v 0.183851 0.550313 0.048500
v 0.183851 0.550313 0.048500
v 0.183851 0.550313 0.048500
v 0.183851 0.550313 0.048500
v 0.183851 0.550313 0.048500
v 0.183851 0.550313 0.048500
v 0.183851 0.550313 0.048500
v 0.183851 0.550313 0.048500
v 0.183851 0.550313 0.048500
v 0.183851 0.550313 0.048500
v 0.183851 0.550313 0.048500
v 0.183851 0.550313 0.048500
v 0.183851 0.550313 0.048500
v 0.183851 0.550313 0.048500
v 0.183851 0.550313 0.048500
v 0.183851 0.550313 0.048500
v 0.183851 0.550313 0.048500
v 0.183851 0.550313 0.048500
v 0.183851 0.550313 0.048500
v 0.183851 0.550313 0.048500
vn -0.000000 -0.374607 -0.927184
vn -0.000000 -0.374607 -0.927184
vn -0.000000 -0.374607 -0.927184
vn -0.000000 -0.374607 -0.927184
vn -0.000000 -0.374607 -0.927184
vn -0.000000 -0.374607 -0.927184
vn -0.000000 -0.374607 -0.927184
vn -0.000000 -0.374607 -0.927184
vn -0.000000 -0.374607 -0.927184
vn -0.000000 -0.374607 -0.927184
vn -0.000000 -0.374607 -0.927184
vn -0.000000 -0.374607 -0.927184
vn -0.000000 -0.374607 -0.927184
vn -0.000000 -0.374607 -0.927184
vn -0.000000 -0.374607 -0.927184
vn -0.000000 -0.374607 -0.927184
vn -0.000000 -0.374607 -0.927184
vn -0.000000 -0.374607 -0.927184
vn -0.000000 -0.374607 -0.927184
vn -0.000000 -0.374607 -0.927184
vn -0.000000 -0.374607 -0.927184
vn -0.000000 -0.374607 -0.927184
vn -0.000000 -0.374607 -0.927184
vn -0.000000 -0.374607 -0.927184
vn -0.000000 -0.374607 -0.927184
vn -0.000000 -0.374607 -0.927184
vn -0.000000 -0.374607 -0.927184
vn -0.000000 -0.374607 -0.927184
vn -0.000000 -0.374607 -0.927184
vn -0.000000 -0.374607 -0.927184
vn -0.000000 -0.374607 -0.927184
vn -0.000000 -0.374607 -0.927184
vn -0.000000 -0.374607 -0.927184
vn -0.000000 -0.374607 -0.927184
vn -0.000000 -0.374607 -0.927184
vn -0.000000 -0.374607 -0.927184
vn -0.000000 -0.374607 -0.927184
vn -0.000000 -0.374607 -0.927184
vn -0.000000 -0.374607 -0.927184
vn -0.000000 -0.374607 -0.927184
vn -0.000000 -0.374607 -0.927184
vn 0.944703 -0.086643 -0.316274
vn 0.939039 -0.224101 -0.260737
vn 0.910253 -0.359046 -0.206216
vn 0.859054 -0.488154 -0.154053
vn 0.786702 -0.608246 -0.105532
vn 0.694978 -0.716366 -0.061849
vn 0.586142 -0.809850 -0.024079
vn 0.462873 -0.886398 0.006848
vn 0.328207 -0.944124 0.030171
vn 0.185459 -0.981607 0.045315
vn 0.038145 -0.997923 0.051908
vn -0.110109 -0.992672 0.049786
vn -0.255652 -0.965982 0.039002
vn -0.394899 -0.918511 0.019823
vn -0.524423 -0.851427 -0.007281
vn -0.641034 -0.766382 -0.041641
vn -0.741860 -0.665471 -0.082412
vn -0.824419 -0.551178 -0.128589
vn -0.886679 -0.426318 -0.179036
vn -0.927105 -0.293964 -0.232510
vn -0.944703 -0.157377 -0.287695
vn -0.939039 -0.019918 -0.343232
vn -0.910253 0.115026 -0.397753
vn -0.859054 0.244134 -0.449916
vn -0.786702 0.364227 -0.498437
vn -0.694978 0.472346 -0.542120
vn -0.586142 0.565831 -0.579890
vn -0.462873 0.642379 -0.610817
vn -0.328207 0.700105 -0.634140
vn -0.185459 0.737587 -0.649284
vn -0.038145 0.753904 -0.655877
vn 0.110109 0.748653 -0.653755
vn 0.255652 0.721963 -0.642971
vn 0.394899 0.674491 -0.623792
vn 0.524423 0.607407 -0.596688
vn 0.641034 0.522363 -0.562328
vn 0.741860 0.421452 -0.521557
vn 0.824419 0.307159 -0.475380
vn 0.886679 0.182299 -0.424933
vn 0.927105 0.049945 -0.371459
vn 0.944703 -0.086643 -0.316274
vn 0.987462 -0.057545 -0.146993
vn 0.975572 -0.200789 -0.089118
vn 0.939661 -0.340546 -0.032653
vn 0.880612 -0.473373 0.021013
vn 0.799879 -0.596000 0.070557
vn 0.699450 -0.705407 0.114761
vn 0.581799 -0.798901 0.152535
vn 0.449822 -0.874179 0.182949
vn 0.306769 -0.929389 0.205255
vn 0.156162 -0.963169 0.218903
vn 0.001710 -0.974689 0.223558
vn -0.152784 -0.963665 0.219104
vn -0.303516 -0.930368 0.205651
vn -0.446775 -0.875619 0.183531
vn -0.579032 -0.800765 0.153288
vn -0.697032 -0.707649 0.115667
vn -0.797869 -0.598565 0.071594
vn -0.879059 -0.476198 0.022154
vn -0.938604 -0.343561 -0.031434
vn -0.975038 -0.203921 -0.087853
vn -0.987462 -0.060715 -0.145711
vn -0.975572 0.082529 -0.203586
vn -0.939661 0.222285 -0.260051
vn -0.880612 0.355112 -0.313717
vn -0.799879 0.477739 -0.363261
vn -0.699450 0.587147 -0.407465
vn -0.581799 0.680641 -0.445239
vn -0.449822 0.755919 -0.475653
vn -0.306769 0.811128 -0.497959
vn -0.156162 0.844909 -0.511608
vn -0.001710 0.856429 -0.516262
vn 0.152784 0.845405 -0.511808
vn 0.303516 0.812108 -0.498355
vn 0.446775 0.757359 -0.476235
vn 0.579032 0.682505 -0.445992
vn 0.697032 0.589389 -0.408371
vn 0.797869 0.480305 -0.364298
vn 0.879059 0.357938 -0.314858
vn 0.938604 0.225301 -0.261270
vn 0.975038 0.085661 -0.204851
vn 0.987462 -0.057545 -0.146993
vn 0.986827 0.048111 0.154463
vn 0.972604 -0.094870 0.212231
vn 0.934432 -0.234029 0.268454
vn 0.873251 -0.365937 0.321749
vn 0.790568 -0.487347 0.370802
vn 0.688419 -0.595271 0.414406
vn 0.569319 -0.687049 0.451486
vn 0.436200 -0.760423 0.481131
vn 0.292340 -0.813585 0.502610
vn 0.141282 -0.845227 0.515394
vn -0.013255 -0.854569 0.519169
vn -0.167465 -0.841382 0.513841
vn -0.317552 -0.805989 0.499542
vn -0.459820 -0.749264 0.476623
vn -0.590765 -0.672602 0.445649
vn -0.707164 -0.577890 0.407384
vn -0.806150 -0.467462 0.362768
vn -0.885286 -0.344037 0.312901
vn -0.942624 -0.210652 0.259010
vn -0.976751 -0.070594 0.202422
vn -0.986827 0.072690 0.144532
vn -0.972604 0.215672 0.086764
vn -0.934432 0.354830 0.030540
vn -0.873251 0.486738 -0.022754
vn -0.790568 0.608149 -0.071807
vn -0.688419 0.716072 -0.115411
vn -0.569319 0.807850 -0.152492
vn -0.436200 0.881224 -0.182137
vn -0.292340 0.934386 -0.203616
vn -0.141282 0.966028 -0.216400
vn 0.013255 0.975370 -0.220175
vn 0.167465 0.962183 -0.214847
vn 0.317552 0.926791 -0.200547
vn 0.459820 0.870065 -0.177629
vn 0.590765 0.793403 -0.146655
vn 0.707164 0.698692 -0.108389
vn 0.806150 0.588264 -0.063773
vn 0.885286 0.464838 -0.013906
vn 0.942624 0.331454 0.039985
vn 0.976751 0.191395 0.096572
vn 0.986827 0.048111 0.154463
vn 0.600832 0.283795 0.747303
vn 0.590804 0.196840 0.782435
vn 0.566229 0.112411 0.816547
vn 0.527711 0.032585 0.848799
vn 0.476200 -0.040672 0.878396
vn 0.412963 -0.105555 0.904611
vn 0.339557 -0.160467 0.926796
vn 0.257790 -0.204056 0.944408
vn 0.169676 -0.235248 0.957010
vn 0.077383 -0.253276 0.964294
vn -0.016814 -0.257696 0.966080
vn -0.110598 -0.248399 0.962323
vn -0.201659 -0.225613 0.953117
vn -0.287754 -0.189900 0.938688
vn -0.366763 -0.142140 0.919392
vn -0.436742 -0.083507 0.895703
vn -0.495966 -0.015446 0.868204
vn -0.542978 0.060366 0.837574
vn -0.576621 0.142065 0.804566
vn -0.596065 0.227637 0.769993
vn -0.600832 0.314975 0.734705
vn -0.590804 0.401930 0.699573
vn -0.566229 0.486360 0.665462
vn -0.527711 0.566186 0.633210
vn -0.476200 0.639442 0.603612
vn -0.412963 0.704325 0.577398
vn -0.339557 0.759237 0.555212
vn -0.257790 0.802826 0.537601
vn -0.169676 0.834019 0.524998
vn -0.077383 0.852047 0.517714
vn 0.016814 0.856466 0.515929
vn 0.110598 0.847169 0.519685
vn 0.201659 0.824383 0.528891
vn 0.287754 0.788671 0.543320
vn 0.366763 0.740910 0.562617
vn 0.436742 0.682277 0.586306
vn 0.495966 0.614217 0.613804
vn 0.542978 0.538404 0.644434
vn 0.576621 0.456706 0.677443
vn 0.596065 0.371134 0.712016
vn 0.600832 0.283795 0.747303
vn -0.000000 0.374607 0.927184
vn -0.000000 0.374607 0.927184
vn -0.000000 0.374607 0.927184
vn -0.000000 0.374607 0.927184
vn -0.000000 0.374607 0.927184
vn -0.000000 0.374607 0.927184
vn -0.000000 0.374607 0.927184
vn -0.000000 0.374607 0.927184
vn -0.000000 0.374607 0.927184
vn -0.000000 0.374607 0.927184
vn -0.000000 0.374607 0.927184
vn -0.000000 0.374607 0.927184
vn -0.000000 0.374607 0.927184
vn -0.000000 0.374607 0.927184
vn -0.000000 0.374607 0.927184
vn -0.000000 0.374607 0.927184
vn -0.000000 0.374607 0.927184
vn -0.000000 0.374607 0.927184
vn -0.000000 0.374607 0.927184
vn -0.000000 0.374607 0.927184
vn -0.000000 0.374607 0.927184
vn -0.000000 0.374607 0.927184
vn -0.000000 0.374607 0.927184
vn -0.000000 0.374607 0.927184
vn -0.000000 0.374607 0.927184
vn -0.000000 0.374607 0.927184
vn -0.000000 0.374607 0.927184
vn -0.000000 0.374607 0.927184
vn -0.000000 0.374607 0.927184
vn -0.000000 0.374607 0.927184
vn -0.000000 0.374607 0.927184
vn -0.000000 0.374607 0.927184
vn -0.000000 0.374607 0.927184
vn -0.000000 0.374607 0.927184
vn -0.000000 0.374607 0.927184
vn -0.000000 0.374607 0.927184
vn -0.000000 0.374607 0.927184
vn -0.000000 0.374607 0.927184
vn -0.000000 0.374607 0.927184
vn -0.000000 0.374607 0.927184
vn -0.000000 0.374607 0.927184
vn -0.678099 -0.374607 -0.632338
vn -0.678099 -0.374607 -0.632338
vn -0.678099 -0.374607 -0.632338
vn -0.678099 -0.374607 -0.632338
vn -0.678099 -0.374607 -0.632338
vn -0.678099 -0.374607 -0.632338
vn -0.678099 -0.374607 -0.632338
vn -0.678099 -0.374607 -0.632338
vn -0.678099 -0.374607 -0.632338
vn -0.678099 -0.374607 -0.632338
vn -0.678099 -0.374607 -0.632338
vn -0.678099 -0.374607 -0.632338
vn -0.678099 -0.374607 -0.632338
vn -0.678099 -0.374607 -0.632338
vn -0.678099 -0.374607 -0.632338
vn -0.678099 -0.374607 -0.632338
vn -0.678099 -0.374607 -0.632338
vn -0.678099 -0.374607 -0.632338
vn -0.678099 -0.374607 -0.632338
vn -0.678099 -0.374607 -0.632338
vn -0.678099 -0.374607 -0.632338
vn -0.678099 -0.374607 -0.632338
vn -0.678099 -0.374607 -0.632338
vn -0.678099 -0.374607 -0.632338
vn -0.678099 -0.374607 -0.632338
vn -0.678099 -0.374607 -0.632338
vn -0.678099 -0.374607 -0.632338
vn -0.678099 -0.374607 -0.632338
vn -0.678099 -0.374607 -0.632338
vn -0.678099 -0.374607 -0.632338
vn -0.678099 -0.374607 -0.632338
vn -0.678099 -0.374607 -0.632338
vn -0.678099 -0.374607 -0.632338
vn -0.678099 -0.374607 -0.632338
vn -0.678099 -0.374607 -0.632338
vn -0.678099 -0.374607 -0.632338
vn -0.678099 -0.374607 -0.632338
vn -0.678099 -0.374607 -0.632338
vn -0.678099 -0.374607 -0.632338
vn -0.678099 -0.374607 -0.632338
vn -0.678099 -0.374607 -0.632338
vn 0.412978 -0.086643 -0.906610
vn 0.449732 -0.224101 -0.864592
vn 0.469975 -0.359046 -0.806356
vn 0.473206 -0.488154 -0.733336
vn 0.459348 -0.608246 -0.647330
vn 0.428741 -0.716366 -0.550456
vn 0.382138 -0.809850 -0.445099
vn 0.320687 -0.886398 -0.333854
vn 0.245902 -0.944124 -0.219459
vn 0.159624 -0.981607 -0.104731
vn 0.063977 -0.997923 0.007504
vn -0.038683 -0.992672 0.114483
vn -0.145829 -0.965982 0.213571
vn -0.254823 -0.918511 0.302330
vn -0.362980 -0.851427 0.378573
vn -0.467638 -0.766382 0.440423
vn -0.566219 -0.665471 0.486357
vn -0.656297 -0.551178 0.515245
vn -0.735652 -0.426318 0.526374
vn -0.802331 -0.293964 0.519470
vn -0.854693 -0.157377 0.494704
vn -0.891447 -0.019918 0.452686
vn -0.911690 0.115026 0.394450
vn -0.914921 0.244134 0.321430
vn -0.901063 0.364227 0.235424
vn -0.870455 0.472346 0.138550
vn -0.823853 0.565831 0.033193
vn -0.762402 0.642379 -0.078052
vn -0.687617 0.700105 -0.192447
vn -0.601339 0.737587 -0.307175
vn -0.505692 0.753904 -0.419409
vn -0.403032 0.748653 -0.526388
vn -0.295886 0.721963 -0.625477
vn -0.186892 0.674491 -0.714236
vn -0.078735 0.607407 -0.790479
vn 0.025923 0.522363 -0.852329
vn 0.124504 0.421452 -0.898263
vn 0.214582 0.307159 -0.927150
vn 0.293937 0.182299 -0.938279
vn 0.360616 0.049945 -0.931376
vn 0.412978 -0.086643 -0.906610
vn 0.565944 -0.057545 -0.822433
vn 0.600162 -0.200789 -0.774267
vn 0.616966 -0.340546 -0.709494
vn 0.615943 -0.473373 -0.629708
vn 0.597118 -0.596000 -0.536874
vn 0.560955 -0.705407 -0.433279
vn 0.508343 -0.798901 -0.321472
vn 0.440579 -0.874179 -0.204208
vn 0.359330 -0.929389 -0.084373
vn 0.266598 -0.963169 0.035082
vn 0.164666 -0.974689 0.151216
vn 0.056044 -0.963665 0.261168
vn -0.056594 -0.930368 0.362232
vn -0.170474 -0.875619 0.451918
vn -0.282792 -0.800765 0.528020
vn -0.390782 -0.707649 0.588662
vn -0.491785 -0.598565 0.632351
vn -0.583314 -0.476198 0.658012
vn -0.663116 -0.343561 0.665013
vn -0.729225 -0.203921 0.653182
vn -0.780014 -0.060715 0.622809
vn -0.814232 0.082529 0.574643
vn -0.831037 0.222285 0.509870
vn -0.830014 0.355112 0.430084
vn -0.811189 0.477739 0.337251
vn -0.775025 0.587147 0.233655
vn -0.722413 0.680641 0.121849
vn -0.654649 0.755919 0.004584
vn -0.573400 0.811128 -0.115251
vn -0.480668 0.844909 -0.234706
vn -0.378736 0.856429 -0.350839
vn -0.270114 0.845405 -0.460792
vn -0.157476 0.812108 -0.561855
vn -0.043596 0.757359 -0.651542
vn 0.068721 0.682505 -0.727643
vn 0.176711 0.589389 -0.788285
vn 0.277715 0.480305 -0.831975
vn 0.369244 0.357938 -0.857636
vn 0.449046 0.225301 -0.864637
vn 0.515155 0.085661 -0.852806
vn 0.565944 -0.057545 -0.822433
vn 0.785981 0.048111 -0.616376
vn 0.818530 -0.094870 -0.566576
vn 0.833616 -0.234029 -0.500315
vn 0.830868 -0.365937 -0.419223
vn 0.810354 -0.487347 -0.325299
vn 0.772578 -0.595271 -0.220854
vn 0.718471 -0.687049 -0.108460
vn 0.649365 -0.760423 0.009114
vn 0.566961 -0.813585 0.128975
vn 0.473290 -0.845227 0.248171
vn 0.370656 -0.854569 0.363766
vn 0.261588 -0.841382 0.472915
vn 0.148771 -0.805989 0.572930
vn 0.034983 -0.749264 0.661347
vn -0.076974 -0.672602 0.735991
vn -0.184343 -0.577890 0.795022
vn -0.284482 -0.467462 0.836988
vn -0.374923 -0.344037 0.860855
vn -0.453440 -0.210652 0.866036
vn -0.518100 -0.070594 0.852402
vn -0.567310 0.072690 0.820290
vn -0.599859 0.215672 0.770490
vn -0.614945 0.354830 0.704228
vn -0.612197 0.486738 0.623137
vn -0.591683 0.608149 0.529213
vn -0.553907 0.716072 0.424768
vn -0.499800 0.807850 0.312374
vn -0.430694 0.881224 0.194799
vn -0.348291 0.934386 0.074938
vn -0.254619 0.966028 -0.044257
vn -0.151986 0.975370 -0.159853
vn -0.042918 0.962183 -0.269001
vn 0.069899 0.926791 -0.369016
vn 0.183687 0.870065 -0.457433
vn 0.295644 0.793403 -0.532077
vn 0.403014 0.698692 -0.591108
vn 0.503152 0.588264 -0.633074
vn 0.593594 0.464838 -0.656941
vn 0.672111 0.331454 -0.662122
vn 0.736771 0.191395 -0.648488
vn 0.785981 0.048111 -0.616376
vn 0.956309 0.283795 0.070239
vn 0.975164 0.196840 0.101533
vn 0.983352 0.112411 0.142770
vn 0.980670 0.032585 0.192936
vn 0.967186 -0.040672 0.250794
vn 0.943230 -0.105555 0.314921
vn 0.909393 -0.160467 0.383738
vn 0.866508 -0.204056 0.455549
vn 0.815631 -0.235248 0.528586
vn 0.758015 -0.253276 0.601052
vn 0.695079 -0.257696 0.671162
vn 0.628371 -0.248399 0.737189
vn 0.559535 -0.225613 0.797508
vn 0.490266 -0.189900 0.850634
vn 0.422269 -0.142140 0.895257
vn 0.357218 -0.083507 0.930280
vn 0.296716 -0.015446 0.954841
vn 0.242252 0.060366 0.968333
vn 0.195168 0.142065 0.970426
vn 0.156622 0.227637 0.961068
vn 0.127563 0.314975 0.940488
vn 0.108708 0.401930 0.909195
vn 0.100521 0.486360 0.867957
vn 0.103202 0.566186 0.817792
vn 0.116687 0.639442 0.759933
vn 0.140642 0.704325 0.695806
vn 0.174479 0.759237 0.626990
vn 0.217364 0.802826 0.555179
vn 0.268241 0.834019 0.482141
vn 0.325857 0.852047 0.409675
vn 0.388794 0.856466 0.339565
vn 0.455501 0.847169 0.273538
vn 0.524337 0.824383 0.213219
vn 0.593607 0.788671 0.160094
vn 0.661604 0.740910 0.115470
vn 0.726654 0.682277 0.080447
vn 0.787156 0.614217 0.055887
vn 0.841620 0.538404 0.042394
vn 0.888705 0.456706 0.040301
vn 0.927251 0.371134 0.049660
vn 0.956309 0.283795 0.070239
vn 0.678099 0.374607 0.632338
vn 0.678099 0.374607 0.632338
vn 0.678099 0.374607 0.632338
vn 0.678099 0.374607 0.632338
vn 0.678099 0.374607 0.632338
vn 0.678099 0.374607 0.632338
vn 0.678099 0.374607 0.632338
vn 0.678099 0.374607 0.632338
vn 0.678099 0.374607 0.632338
vn 0.678099 0.374607 0.632338
vn 0.678099 0.374607 0.632338
vn 0.678099 0.374607 0.632338
vn 0.678099 0.374607 0.632338
vn 0.678099 0.374607 0.632338
vn 0.678099 0.374607 0.632338
vn 0.678099 0.374607 0.632338
vn 0.678099 0.374607 0.632338
vn 0.678099 0.374607 0.632338
vn 0.678099 0.374607 0.632338
vn 0.678099 0.374607 0.632338
vn 0.678099 0.374607 0.632338
vn 0.678099 0.374607 0.632338
vn 0.678099 0.374607 0.632338
vn 0.678099 0.374607 0.632338
vn 0.678099 0.374607 0.632338
vn 0.678099 0.374607 0.632338
vn 0.678099 0.374607 0.632338
vn 0.678099 0.374607 0.632338
vn 0.678099 0.374607 0.632338
vn 0.678099 0.374607 0.632338
vn 0.678099 0.374607 0.632338
vn 0.678099 0.374607 0.632338
vn 0.678099 0.374607 0.632338
vn 0.678099 0.374607 0.632338
vn 0.678099 0.374607 0.632338
vn 0.678099 0.374607 0.632338
vn 0.678099 0.374607 0.632338
vn 0.678099 0.374607 0.632338
vn 0.678099 0.374607 0.632338
vn 0.678099 0.374607 0.632338
vn 0.678099 0.374607 0.632338
vn -0.924925 -0.374607 0.064677
vn -0.924925 -0.374607 0.064677
vn -0.924925 -0.374607 0.064677
vn -0.924925 -0.374607 0.064677
vn -0.924925 -0.374607 0.064677
vn -0.924925 -0.374607 0.064677
vn -0.924925 -0.374607 0.064677
vn -0.924925 -0.374607 0.064677
vn -0.924925 -0.374607 0.064677
vn -0.924925 -0.374607 0.064677
vn -0.924925 -0.374607 0.064677
vn -0.924925 -0.374607 0.064677
vn -0.924925 -0.374607 0.064677
vn -0.924925 -0.374607 0.064677
vn -0.924925 -0.374607 0.064677
vn -0.924925 -0.374607 0.064677
vn -0.924925 -0.374607 0.064677
vn -0.924925 -0.374607 0.064677
vn -0.924925 -0.374607 0.064677
vn -0.924925 -0.374607 0.064677
vn -0.924925 -0.374607 0.064677
vn -0.924925 -0.374607 0.064677
vn -0.924925 -0.374607 0.064677
vn -0.924925 -0.374607 0.064677
vn -0.924925 -0.374607 0.064677
vn -0.924925 -0.374607 0.064677
vn -0.924925 -0.374607 0.064677
vn -0.924925 -0.374607 0.064677
vn -0.924925 -0.374607 0.064677
vn -0.924925 -0.374607 0.064677
vn -0.924925 -0.374607 0.064677
vn -0.924925 -0.374607 0.064677
vn -0.924925 -0.374607 0.064677
vn -0.924925 -0.374607 0.064677
vn -0.924925 -0.374607 0.064677
vn -0.924925 -0.374607 0.064677
vn -0.924925 -0.374607 0.064677
vn -0.924925 -0.374607 0.064677
vn -0.924925 -0.374607 0.064677
vn -0.924925 -0.374607 0.064677
vn -0.924925 -0.374607 0.064677
vn -0.381402 -0.086643 -0.920340
vn -0.325606 -0.224101 -0.918564
vn -0.269209 -0.359046 -0.893651
vn -0.213602 -0.488154 -0.846215
vn -0.160153 -0.608246 -0.777424
vn -0.110178 -0.716366 -0.688971
vn -0.064907 -0.809850 -0.583035
vn -0.025457 -0.886398 -0.462224
vn 0.007203 -0.944124 -0.329512
vn 0.032268 -0.981607 -0.188168
vn 0.049120 -0.997923 -0.041673
vn 0.057345 -0.992672 0.106368
vn 0.056741 -0.965982 0.252308
vn 0.047321 -0.918511 0.392554
vn 0.029319 -0.851427 0.523653
vn 0.003177 -0.766382 0.642377
vn -0.030461 -0.665471 0.745802
vn -0.070767 -0.551178 0.831381
vn -0.116748 -0.426318 0.897008
vn -0.167272 -0.293964 0.941066
vn -0.221095 -0.157377 0.962470
vn -0.276892 -0.019918 0.960695
vn -0.333288 0.115026 0.935782
vn -0.388896 0.244134 0.888346
vn -0.442345 0.364227 0.819555
vn -0.492320 0.472346 0.731102
vn -0.537590 0.565831 0.625166
vn -0.577041 0.642379 0.504354
vn -0.609701 0.700105 0.371643
vn -0.634766 0.737587 0.230299
vn -0.651618 0.753904 0.083803
vn -0.659843 0.748653 -0.064237
vn -0.659239 0.721963 -0.210177
vn -0.649819 0.674491 -0.350424
vn -0.631817 0.607407 -0.481523
vn -0.605674 0.522363 -0.600246
vn -0.572036 0.421452 -0.703671
vn -0.531731 0.307159 -0.789250
vn -0.485749 0.182299 -0.854877
vn -0.435225 0.049945 -0.898935
vn -0.381402 -0.086643 -0.920340
vn -0.215516 -0.057545 -0.974803
vn -0.156953 -0.200789 -0.966979
vn -0.098121 -0.340546 -0.935094
vn -0.040467 -0.473373 -0.879932
vn 0.014589 -0.596000 -0.802852
vn 0.065690 -0.705407 -0.705752
vn 0.111579 -0.798901 -0.591022
vn 0.151126 -0.874179 -0.461488
vn 0.183356 -0.929389 -0.320339
vn 0.207477 -0.963169 -0.171052
vn 0.222894 -0.974689 -0.017300
vn 0.229228 -0.963665 0.137128
vn 0.226322 -0.930368 0.288432
vn 0.214249 -0.875619 0.432884
vn 0.193306 -0.800765 0.566929
vn 0.164007 -0.707649 0.687266
vn 0.127076 -0.598565 0.790931
vn 0.083420 -0.476198 0.875372
vn 0.034116 -0.343561 0.938510
vn -0.019624 -0.203921 0.978791
vn -0.076475 -0.060715 0.995221
vn -0.135038 0.082529 0.987397
vn -0.193870 0.222285 0.955512
vn -0.251524 0.355112 0.900350
vn -0.306580 0.477739 0.823270
vn -0.357681 0.587147 0.726170
vn -0.403570 0.680641 0.611440
vn -0.443117 0.755919 0.481906
vn -0.475347 0.811128 0.340757
vn -0.499468 0.844909 0.191470
vn -0.514885 0.856429 0.037718
vn -0.521219 0.845405 -0.116710
vn -0.518313 0.812108 -0.268014
vn -0.506240 0.757359 -0.412466
vn -0.485297 0.682505 -0.546511
vn -0.455998 0.589389 -0.666848
vn -0.419067 0.480305 -0.770513
vn -0.375411 0.357938 -0.854954
vn -0.326107 0.225301 -0.918092
vn -0.272368 0.085661 -0.958373
vn -0.215516 -0.057545 -0.974803
vn 0.085249 0.048111 -0.995197
vn 0.143868 -0.094870 -0.985039
vn 0.202618 -0.234029 -0.950882
vn 0.260050 -0.365937 -0.893568
vn 0.314751 -0.487347 -0.814509
vn 0.365374 -0.595271 -0.715650
vn 0.410673 -0.687049 -0.599426
vn 0.449532 -0.760423 -0.468699
vn 0.480993 -0.813585 -0.326688
vn 0.504284 -0.845227 -0.176890
vn 0.518829 -0.854569 -0.022993
vn 0.524271 -0.841382 0.131214
vn 0.520476 -0.805989 0.281932
vn 0.507537 -0.749264 0.425452
vn 0.485774 -0.672602 0.558239
vn 0.455721 -0.577890 0.677024
vn 0.418118 -0.467462 0.778881
vn 0.373893 -0.344037 0.861303
vn 0.324133 -0.210652 0.922260
vn 0.270064 -0.070594 0.960251
vn 0.213017 0.072690 0.974341
vn 0.154398 0.215672 0.964182
vn 0.095648 0.354830 0.930025
vn 0.038216 0.486738 0.872711
vn -0.016485 0.608149 0.793652
vn -0.067108 0.716072 0.694793
vn -0.112407 0.807850 0.578569
vn -0.151265 0.881224 0.447842
vn -0.182727 0.934386 0.305832
vn -0.206018 0.966028 0.156033
vn -0.220563 0.975370 0.002136
vn -0.226005 0.962183 -0.152070
vn -0.222210 0.926791 -0.302789
vn -0.209271 0.870065 -0.446309
vn -0.187507 0.793403 -0.579096
vn -0.157454 0.698692 -0.697881
vn -0.119852 0.588264 -0.799738
vn -0.075627 0.464838 -0.882160
vn -0.025867 0.331454 -0.943117
vn 0.028202 0.191395 -0.981108
vn 0.085249 0.048111 -0.995197
vn 0.703571 0.283795 -0.651497
vn 0.739317 0.196840 -0.643945
vn 0.775060 0.112411 -0.621809
vn 0.809920 0.032585 -0.585635
vn 0.843038 -0.040672 -0.536314
vn 0.873600 -0.105555 -0.475059
vn 0.900853 -0.160467 -0.403380
vn 0.924124 -0.204056 -0.323041
vn 0.942843 -0.235248 -0.236020
vn 0.956547 -0.253276 -0.144461
vn 0.964899 -0.257696 -0.050617
vn 0.967694 -0.248399 0.043200
vn 0.964863 -0.225613 0.134681
vn 0.956474 -0.189900 0.221573
vn 0.942736 -0.142140 0.301736
vn 0.923986 -0.083507 0.373197
vn 0.900686 -0.015446 0.434195
vn 0.873410 0.060366 0.483230
vn 0.842829 0.142065 0.519092
vn 0.809696 0.227637 0.540901
vn 0.774828 0.314975 0.548118
vn 0.739082 0.401930 0.540565
vn 0.703339 0.486360 0.518429
vn 0.668479 0.566186 0.482255
vn 0.635360 0.639442 0.432934
vn 0.604798 0.704325 0.371679
vn 0.577546 0.759237 0.300000
vn 0.554274 0.802826 0.219661
vn 0.535555 0.834019 0.132640
vn 0.521851 0.852047 0.041081
vn 0.513499 0.856466 -0.052763
vn 0.510704 0.847169 -0.146580
vn 0.513536 0.824383 -0.238061
vn 0.521924 0.788671 -0.324953
vn 0.535662 0.740910 -0.405116
vn 0.554412 0.682277 -0.476576
vn 0.577712 0.614217 -0.537575
vn 0.604988 0.538404 -0.586609
vn 0.635569 0.456706 -0.622472
vn 0.668702 0.371134 -0.644280
vn 0.703571 0.283795 -0.651497
vn 0.924925 0.374607 -0.064677
vn 0.924925 0.374607 -0.064677
vn 0.924925 0.374607 -0.064677
vn 0.924925 0.374607 -0.064677
vn 0.924925 0.374607 -0.064677
vn 0.924925 0.374607 -0.064677
vn 0.924925 0.374607 -0.064677
vn 0.924925 0.374607 -0.064677
vn 0.924925 0.374607 -0.064677
vn 0.924925 0.374607 -0.064677
vn 0.924925 0.374607 -0.064677
vn 0.924925 0.374607 -0.064677
vn 0.924925 0.374607 -0.064677
vn 0.924925 0.374607 -0.064677
vn 0.924925 0.374607 -0.064677
vn 0.924925 0.374607 -0.064677
vn 0.924925 0.374607 -0.064677
vn 0.924925 0.374607 -0.064677
vn 0.924925 0.374607 -0.064677
vn 0.924925 0.374607 -0.064677
vn 0.924925 0.374607 -0.064677
vn 0.924925 0.374607 -0.064677
vn 0.924925 0.374607 -0.064677
vn 0.924925 0.374607 -0.064677
vn 0.924925 0.374607 -0.064677
vn 0.924925 0.374607 -0.064677
vn 0.924925 0.374607 -0.064677
vn 0.924925 0.374607 -0.064677
vn 0.924925 0.374607 -0.064677
vn 0.924925 0.374607 -0.064677
vn 0.924925 0.374607 -0.064677
vn 0.924925 0.374607 -0.064677
vn 0.924925 0.374607 -0.064677
vn 0.924925 0.374607 -0.064677
vn 0.924925 0.374607 -0.064677
vn 0.924925 0.374607 -0.064677
vn 0.924925 0.374607 -0.064677
vn 0.924925 0.374607 -0.064677
vn 0.924925 0.374607 -0.064677
vn 0.924925 0.374607 -0.064677
vn 0.924925 0.374607 -0.064677
vn -0.583496 -0.374607 0.720557
vn -0.583496 -0.374607 0.720557
vn -0.583496 -0.374607 0.720557
vn -0.583496 -0.374607 0.720557
vn -0.583496 -0.374607 0.720557
vn -0.583496 -0.374607 0.720557
vn -0.583496 -0.374607 0.720557
vn -0.583496 -0.374607 0.720557
vn -0.583496 -0.374607 0.720557
vn -0.583496 -0.374607 0.720557
vn -0.583496 -0.374607 0.720557
vn -0.583496 -0.374607 0.720557
vn -0.583496 -0.374607 0.720557
vn -0.583496 -0.374607 0.720557
vn -0.583496 -0.374607 0.720557
vn -0.583496 -0.374607 0.720557
vn -0.583496 -0.374607 0.720557
vn -0.583496 -0.374607 0.720557
vn -0.583496 -0.374607 0.720557
vn -0.583496 -0.374607 0.720557
vn -0.583496 -0.374607 0.720557
vn -0.583496 -0.374607 0.720557
vn -0.583496 -0.374607 0.720557
vn -0.583496 -0.374607 0.720557
vn -0.583496 -0.374607 0.720557
vn -0.583496 -0.374607 0.720557
vn -0.583496 -0.374607 0.720557
vn -0.583496 -0.374607 0.720557
vn -0.583496 -0.374607 0.720557
vn -0.583496 -0.374607 0.720557
vn -0.583496 -0.374607 0.720557
vn -0.583496 -0.374607 0.720557
vn -0.583496 -0.374607 0.720557
vn -0.583496 -0.374607 0.720557
vn -0.583496 -0.374607 0.720557
vn -0.583496 -0.374607 0.720557
vn -0.583496 -0.374607 0.720557
vn -0.583496 -0.374607 0.720557
vn -0.583496 -0.374607 0.720557
vn -0.583496 -0.374607 0.720557
vn -0.583496 -0.374607 0.720557
vn -0.933210 -0.086643 -0.348730
vn -0.893858 -0.224101 -0.388326
vn -0.837176 -0.359046 -0.412581
vn -0.764559 -0.488154 -0.420899
vn -0.677796 -0.608246 -0.413074
vn -0.579022 -0.716366 -0.389298
vn -0.470671 -0.809850 -0.350158
vn -0.355410 -0.886398 -0.296618
vn -0.236077 -0.944124 -0.229995
vn -0.115611 -0.981607 -0.151930
vn 0.003022 -0.997923 -0.064345
vn 0.116902 -0.992672 0.030603
vn 0.223224 -0.965982 0.130576
vn 0.319369 -0.918511 0.233113
vn 0.402971 -0.851427 0.335688
vn 0.471971 -0.766382 0.435777
vn 0.524670 -0.665471 0.530914
vn 0.559770 -0.551178 0.618756
vn 0.576408 -0.426318 0.697142
vn 0.574173 -0.293964 0.764141
vn 0.553120 -0.157377 0.818102
vn 0.513768 -0.019918 0.857698
vn 0.457086 0.115026 0.881953
vn 0.384469 0.244134 0.890271
vn 0.297706 0.364227 0.882446
vn 0.198932 0.472346 0.858670
vn 0.090581 0.565831 0.819531
vn -0.024680 0.642379 0.765990
vn -0.144013 0.700105 0.699367
vn -0.264479 0.737587 0.621302
vn -0.383113 0.753904 0.533717
vn -0.496992 0.748653 0.438769
vn -0.603314 0.721963 0.338796
vn -0.699459 0.674491 0.236259
vn -0.783061 0.607407 0.133684
vn -0.852061 0.522363 0.033595
vn -0.904760 0.421452 -0.061542
vn -0.939860 0.307159 -0.149384
vn -0.956498 0.182299 -0.227770
vn -0.954263 0.049945 -0.294769
vn -0.933210 -0.086643 -0.348730
vn -0.859908 -0.057545 -0.507195
vn -0.814246 -0.200789 -0.544690
vn -0.750803 -0.340546 -0.565972
vn -0.671140 -0.473373 -0.570517
vn -0.577219 -0.596000 -0.558213
vn -0.471354 -0.705407 -0.529364
vn -0.356150 -0.798901 -0.484680
vn -0.234444 -0.874179 -0.425260
vn -0.109233 -0.929389 -0.352569
vn 0.016400 -0.963169 -0.268396
vn 0.139361 -0.974689 -0.174813
vn 0.256622 -0.963665 -0.074125
vn 0.365297 -0.930368 0.031188
vn 0.462709 -0.875619 0.138534
vn 0.546460 -0.800765 0.245270
vn 0.614487 -0.707649 0.348767
vn 0.665116 -0.598565 0.446476
vn 0.697099 -0.476198 0.535993
vn 0.709650 -0.343561 0.615112
vn 0.702459 -0.203921 0.681885
vn 0.675703 -0.060715 0.734669
vn 0.630041 0.082529 0.772164
vn 0.566598 0.222285 0.793446
vn 0.486935 0.355112 0.797991
vn 0.393015 0.477739 0.785687
vn 0.287149 0.587147 0.756838
vn 0.171945 0.680641 0.712154
vn 0.050239 0.755919 0.652734
vn -0.074972 0.811128 0.580043
vn -0.200604 0.844909 0.495870
vn -0.323565 0.856429 0.402287
vn -0.440827 0.845405 0.301599
vn -0.549502 0.812108 0.196286
vn -0.646914 0.757359 0.088939
vn -0.730665 0.682505 -0.017796
vn -0.798692 0.589389 -0.121293
vn -0.849321 0.480305 -0.219002
vn -0.881304 0.357938 -0.308519
vn -0.893855 0.225301 -0.387638
vn -0.886664 0.085661 -0.454412
vn -0.859908 -0.057545 -0.507195
vn -0.669702 0.048111 -0.741070
vn -0.622294 -0.094870 -0.777014
vn -0.557246 -0.234029 -0.796685
vn -0.476161 -0.365937 -0.799601
vn -0.381034 -0.487347 -0.785688
vn -0.274208 -0.595271 -0.755290
vn -0.158314 -0.687049 -0.709155
vn -0.036205 -0.760423 -0.648419
vn 0.089112 -0.813585 -0.574577
vn 0.214551 -0.845227 -0.489448
vn 0.337025 -0.854569 -0.395129
vn 0.453516 -0.841382 -0.293940
vn 0.561156 -0.805989 -0.188375
vn 0.657296 -0.749264 -0.081031
vn 0.739567 -0.672602 0.025446
vn 0.805945 -0.577890 0.128436
vn 0.854794 -0.467462 0.225403
vn 0.884911 -0.344037 0.313959
vn 0.895556 -0.210652 0.391924
vn 0.886466 -0.070594 0.457377
vn 0.857865 0.072690 0.508708
vn 0.810457 0.215672 0.544651
vn 0.745409 0.354830 0.564323
vn 0.664324 0.486738 0.567238
vn 0.569197 0.608149 0.553326
vn 0.462372 0.716072 0.522928
vn 0.346477 0.807850 0.476792
vn 0.224368 0.881224 0.416056
vn 0.099051 0.934386 0.342215
vn -0.026388 0.966028 0.257086
vn -0.148861 0.975370 0.162766
vn -0.265352 0.962183 0.061578
vn -0.372993 0.926791 -0.043988
vn -0.469132 0.870065 -0.151331
vn -0.551404 0.793403 -0.257808
vn -0.617781 0.698692 -0.360799
vn -0.666630 0.588264 -0.457766
vn -0.696748 0.464838 -0.546322
vn -0.707393 0.331454 -0.624286
vn -0.698303 0.191395 -0.689740
vn -0.669702 0.048111 -0.741070
vn 0.003359 0.283795 -0.958879
vn 0.033261 0.196840 -0.979871
vn 0.073827 0.112411 -0.990915
vn 0.124058 0.032585 -0.991740
vn 0.182716 -0.040672 -0.982324
vn 0.248358 -0.105555 -0.962900
vn 0.319367 -0.160467 -0.933946
vn 0.393994 -0.204056 -0.896175
vn 0.470403 -0.235248 -0.850517
vn 0.546712 -0.253276 -0.798096
vn 0.621041 -0.257696 -0.740203
vn 0.691561 -0.248399 -0.678264
vn 0.756534 -0.225613 -0.613803
vn 0.814362 -0.189900 -0.548409
vn 0.863620 -0.142140 -0.483690
vn 0.903096 -0.083507 -0.421241
vn 0.931817 -0.015446 -0.362600
vn 0.949076 0.060366 -0.309210
vn 0.954448 0.142065 -0.262386
vn 0.947801 0.227637 -0.223281
vn 0.929299 0.314975 -0.192858
vn 0.899397 0.401930 -0.171866
vn 0.858831 0.486360 -0.160821
vn 0.808601 0.566186 -0.159997
vn 0.749942 0.639442 -0.169413
vn 0.684300 0.704325 -0.188837
vn 0.613291 0.759237 -0.217791
vn 0.538664 0.802826 -0.255562
vn 0.462255 0.834019 -0.301220
vn 0.385946 0.852047 -0.353641
vn 0.311617 0.856466 -0.411534
vn 0.241098 0.847169 -0.473473
vn 0.176124 0.824383 -0.537933
vn 0.118296 0.788671 -0.603328
vn 0.069038 0.740910 -0.668047
vn 0.029562 0.682277 -0.730496
vn 0.000841 0.614217 -0.789137
vn -0.016418 0.538404 -0.842527
vn -0.021790 0.456706 -0.889351
vn -0.015143 0.371134 -0.928456
vn 0.003359 0.283795 -0.958879
vn 0.583496 0.374607 -0.720557
vn 0.583496 0.374607 -0.720557
vn 0.583496 0.374607 -0.720557
vn 0.583496 0.374607 -0.720557
vn 0.583496 0.374607 -0.720557
vn 0.583496 0.374607 -0.720557
vn 0.583496 0.374607 -0.720557
vn 0.583496 0.374607 -0.720557
vn 0.583496 0.374607 -0.720557
vn 0.583496 0.374607 -0.720557
vn 0.583496 0.374607 -0.720557
vn 0.583496 0.374607 -0.720557
vn 0.583496 0.374607 -0.720557
vn 0.583496 0.374607 -0.720557
vn 0.583496 0.374607 -0.720557
vn 0.583496 0.374607 -0.720557
vn 0.583496 0.374607 -0.720557
vn 0.583496 0.374607 -0.720557
vn 0.583496 0.374607 -0.720557
vn 0.583496 0.374607 -0.720557
vn 0.583496 0.374607 -0.720557
vn 0.583496 0.374607 -0.720557
vn 0.583496 0.374607 -0.720557
vn 0.583496 0.374607 -0.720557
vn 0.583496 0.374607 -0.720557
vn 0.583496 0.374607 -0.720557
vn 0.583496 0.374607 -0.720557
vn 0.583496 0.374607 -0.720557
vn 0.583496 0.374607 -0.720557
vn 0.583496 0.374607 -0.720557
vn 0.583496 0.374607 -0.720557
vn 0.583496 0.374607 -0.720557
vn 0.583496 0.374607 -0.720557
vn 0.583496 0.374607 -0.720557
vn 0.583496 0.374607 -0.720557
vn 0.583496 0.374607 -0.720557
vn 0.583496 0.374607 -0.720557
vn 0.583496 0.374607 -0.720557
vn 0.583496 0.374607 -0.720557
vn 0.583496 0.374607 -0.720557
vn 0.583496 0.374607 -0.720557
f 2491//2491 2532//2532 2492//2492
f 2492//2492 2532//2532 2533//2533
f 2492//2492 2533//2533 2493//2493
f 2493//2493 2533//2533 2534//2534
f 2493//2493 2534//2534 2494//2494
f 2494//2494 2534//2534 2535//2535
f 2494//2494 2535//2535 2495//2495
f 2495//2495 2535//2535 2536//2536
f 2495//2495 2536//2536 2496//2496
f 2496//2496 2536//2536 2537//2537
f 2496//2496 2537//2537 2497//2497
f 2497//2497 2537//2537 2538//2538
f 2497//2497 2538//2538 2498//2498
f 2498//2498 2538//2538 2539//2539
f 2498//2498 2539//2539 2499//2499
f 2499//2499 2539//2539 2540//2540
f 2499//2499 2540//2540 2500//2500
f 2500//2500 2540//2540 2541//2541
f 2500//2500 2541//2541 2501//2501
f 2501//2501 2541//2541 2542//2542
f 2501//2501 2542//2542 2502//2502
f 2502//2502 2542//2542 2543//2543
f 2502//2502 2543//2543 2503//2503
f 2503//2503 2543//2543 2544//2544
f 2503//2503 2544//2544 2504//2504
f 2504//2504 2544//2544 2545//2545
f 2504//2504 2545//2545 2505//2505
f 2505//2505 2545//2545 2546//2546
f 2505//2505 2546//2546 2506//2506
f 2506//2506 2546//2546 2547//2547
f 2506//2506 2547//2547 2507//2507
f 2507//2507 2547//2547 2548//2548
f 2507//2507 2548//2548 2508//2508
f 2508//2508 2548//2548 2549//2549
f 2508//2508 2549//2549 2509//2509
f 2509//2509 2549//2549 2550//2550
f 2509//2509 2550//2550 2510//2510
f 2510//2510 2550//2550 2551//2551
f 2510//2510 2551//2551 2511//2511
f 2511//2511 2551//2551 2552//2552
f 2511//2511 2552//2552 2512//2512
f 2512//2512 2552//2552 2553//2553
f 2512//2512 2553//2553 2513//2513
f 2513//2513 2553//2553 2554//2554
f 2513//2513 2554//2554 2514//2514
f 2514//2514 2554//2554 2555//2555
f 2514//2514 2555//2555 2515//2515
f 2515//2515 2555//2555 2556//2556
f 2515//2515 2556//2556 2516//2516
f 2516//2516 2556//2556 2557//2557
f 2516//2516 2557//2557 2517//2517
f 2517//2517 2557//2557 2558//2558
f 2517//2517 2558//2558 2518//2518
f 2518//2518 2558//2558 2559//2559
f 2518//2518 2559//2559 2519//2519
f 2519//2519 2559//2559 2560//2560
f 2519//2519 2560//2560 2520//2520
f 2520//2520 2560//2560 2561//2561
f 2520//2520 2561//2561 2521//2521
f 2521//2521 2561//2561 2562//2562
f 2521//2521 2562//2562 2522//2522
f 2522//2522 2562//2562 2563//2563
f 2522//2522 2563//2563 2523//2523
f 2523//2523 2563//2563 2564//2564
f 2523//2523 2564//2564 2524//2524
f 2524//2524 2564//2564 2565//2565
f 2524//2524 2565//2565 2525//2525
f 2525//2525 2565//2565 2566//2566
f 2525//2525 2566//2566 2526//2526
f 2526//2526 2566//2566 2567//2567
f 2526//2526 2567//2567 2527//2527
f 2527//2527 2567//2567 2568//2568
f 2527//2527 2568//2568 2528//2528
f 2528//2528 2568//2568 2569//2569
f 2528//2528 2569//2569 2529//2529
f 2529//2529 2569//2569 2570//2570
f 2529//2529 2570//2570 2530//2530
f 2530//2530 2570//2570 2571//2571
f 2530//2530 2571//2571 2531//2531
f 2531//2531 2571//2571 2572//2572
f 2532//2532 2573//2573 2533//2533
f 2533//2533 2573//2573 2574//2574
f 2533//2533 2574//2574 2534//2534
f 2534//2534 2574//2574 2575//2575
f 2534//2534 2575//2575 2535//2535
f 2535//2535 2575//2575 2576//2576
f 2535//2535 2576//2576 2536//2536
f 2536//2536 2576//2576 2577//2577
f 2536//2536 2577//2577 2537//2537
f 2537//2537 2577//2577 2578//2578
f 2537//2537 2578//2578 2538//2538
f 2538//2538 2578//2578 2579//2579
f 2538//2538 2579//2579 2539//2539
f 2539//2539 2579//2579 2580//2580
f 2539//2539 2580//2580 2540//2540
f 2540//2540 2580//2580 2581//2581
f 2540//2540 2581//2581 2541//2541
f 2541//2541 2581//2581 2582//2582
f 2541//2541 2582//2582 2542//2542
f 2542//2542 2582//2582 2583//2583
f 2542//2542 2583//2583 2543//2543
f 2543//2543 2583//2583 2584//2584
f 2543//2543 2584//2584 2544//2544
f 2544//2544 2584//2584 2585//2585
f 2544//2544 2585//2585 2545//2545
f 2545//2545 2585//2585 2586//2586
f 2545//2545 2586//2586 2546//2546
f 2546//2546 2586//2586 2587//2587
f 2546//2546 2587//2587 2547//2547
f 2547//2547 2587//2587 2588//2588
f 2547//2547 2588//2588 2548//2548
f 2548//2548 2588//2588 2589//2589
f 2548//2548 2589//2589 2549//2549
f 2549//2549 2589//2589 2590//2590
f 2549//2549 2590//2590 2550//2550
f 2550//2550 2590//2590 2591//2591
f 2550//2550 2591//2591 2551//2551
f 2551//2551 2591//2591 2592//2592
f 2551//2551 2592//2592 2552//2552
f 2552//2552 2592//2592 2593//2593
f 2552//2552 2593//2593 2553//2553
f 2553//2553 2593//2593 2594//2594
f 2553//2553 2594//2594 2554//2554
f 2554//2554 2594//2594 2595//2595
f 2554//2554 2595//2595 2555//2555
f 2555//2555 2595//2595 2596//2596
f 2555//2555 2596//2596 2556//2556
f 2556//2556 2596//2596 2597//2597
f 2556//2556 2597//2597 2557//2557
f 2557//2557 2597//2597 2598//2598
f 2557//2557 2598//2598 2558//2558
f 2558//2558 2598//2598 2599//2599
f 2558//2558 2599//2599 2559//2559
f 2559//2559 2599//2599 2600//2600
f 2559//2559 2600//2600 2560//2560
f 2560//2560 2600//2600 2601//2601
f 2560//2560 2601//2601 2561//2561
f 2561//2561 2601//2601 2602//2602
f 2561//2561 2602//2602 2562//2562
f 2562//2562 2602//2602 2603//2603
f 2562//2562 2603//2603 2563//2563
f 2563//2563 2603//2603 2604//2604
f 2563//2563 2604//2604 2564//2564
f 2564//2564 2604//2604 2605//2605
f 2564//2564 2605//2605 2565//2565
f 2565//2565 2605//2605 2606//2606
f 2565//2565 2606//2606 2566//2566
f 2566//2566 2606//2606 2607//2607
f 2566//2566 2607//2607 2567//2567
f 2567//2567 2607//2607 2608//2608
f 2567//2567 2608//2608 2568//2568
f 2568//2568 2608//2608 2609//2609
f 2568//2568 2609//2609 2569//2569
f 2569//2569 2609//2609 2610//2610
f 2569//2569 2610//2610 2570//2570
f 2570//2570 2610//2610 2611//2611
f 2570//2570 2611//2611 2571//2571
f 2571//2571 2611//2611 2612//2612
f 2571//2571 2612//2612 2572//2572
f 2572//2572 2612//2612 2613//2613
f 2573//2573 2614//2614 2574//2574
f 2574//2574 2614//2614 2615//2615
f 2574//2574 2615//2615 2575//2575
f 2575//2575 2615//2615 2616//2616
f 2575//2575 2616//2616 2576//2576
f 2576//2576 2616//2616 2617//2617
f 2576//2576 2617//2617 2577//2577
f 2577//2577 2617//2617 2618//2618
f 2577//2577 2618//2618 2578//2578
f 2578//2578 2618//2618 2619//2619
f 2578//2578 2619//2619 2579//2579
f 2579//2579 2619//2619 2620//2620
f 2579//2579 2620//2620 2580//2580
f 2580//2580 2620//2620 2621//2621
f 2580//2580 2621//2621 2581//2581
f 2581//2581 2621//2621 2622//2622
f 2581//2581 2622//2622 2582//2582
f 2582//2582 2622//2622 2623//2623
f 2582//2582 2623//2623 2583//2583
f 2583//2583 2623//2623 2624//2624
f 2583//2583 2624//2624 2584//2584
f 2584//2584 2624//2624 2625//2625
f 2584//2584 2625//2625 2585//2585
f 2585//2585 2625//2625 2626//2626
f 2585//2585 2626//2626 2586//2586
f 2586//2586 2626//2626 2627//2627
f 2586//2586 2627//2627 2587//2587
f 2587//2587 2627//2627 2628//2628
f 2587//2587 2628//2628 2588//2588
f 2588//2588 2628//2628 2629//2629
f 2588//2588 2629//2629 2589//2589
f 2589//2589 2629//2629 2630//2630
f 2589//2589 2630//2630 2590//2590
f 2590//2590 2630//2630 2631//2631
f 2590//2590 2631//2631 2591//2591
f 2591//2591 2631//2631 2632//2632
f 2591//2591 2632//2632 2592//2592
f 2592//2592 2632//2632 2633//2633
f 2592//2592 2633//2633 2593//2593
f 2593//2593 2633//2633 2634//2634
f 2593//2593 2634//2634 2594//2594
f 2594//2594 2634//2634 2635//2635
f 2594//2594 2635//2635 2595//2595
f 2595//2595 2635//2635 2636//2636
f 2595//2595 2636//2636 2596//2596
f 2596//2596 2636//2636 2637//2637
f 2596//2596 2637//2637 2597//2597
f 2597//2597 2637//2637 2638//2638
f 2597//2597 2638//2638 2598//2598
f 2598//2598 2638//2638 2639//2639
f 2598//2598 2639//2639 2599//2599
f 2599//2599 2639//2639 2640//2640
f 2599//2599 2640//2640 2600//2600
f 2600//2600 2640//2640 2641//2641
f 2600//2600 2641//2641 2601//2601
f 2601//2601 2641//2641 2642//2642
f 2601//2601 2642//2642 2602//2602
f 2602//2602 2642//2642 2643//2643
f 2602//2602 2643//2643 2603//2603
f 2603//2603 2643//2643 2644//2644
f 2603//2603 2644//2644 2604//2604
f 2604//2604 2644//2644 2645//2645
f 2604//2604 2645//2645 2605//2605
f 2605//2605 2645//2645 2646//2646
f 2605//2605 2646//2646 2606//2606
f 2606//2606 2646//2646 2647//2647
f 2606//2606 2647//2647 2607//2607
f 2607//2607 2647//2647 2648//2648
f 2607//2607 2648//2648 2608//2608
f 2608//2608 2648//2648 2649//2649
f 2608//2608 2649//2649 2609//2609
f 2609//2609 2649//2649 2650//2650
f 2609//2609 2650//2650 2610//2610
f 2610//2610 2650//2650 2651//2651
f 2610//2610 2651//2651 2611//2611
f 2611//2611 2651//2651 2652//2652
f 2611//2611 2652//2652 2612//2612
f 2612//2612 2652//2652 2653//2653
f 2612//2612 2653//2653 2613//2613
f 2613//2613 2653//2653 2654//2654
f 2614//2614 2655//2655 2615//2615
f 2615//2615 2655//2655 2656//2656
f 2615//2615 2656//2656 2616//2616
f 2616//2616 2656//2656 2657//2657
f 2616//2616 2657//2657 2617//2617
f 2617//2617 2657//2657 2658//2658
f 2617//2617 2658//2658 2618//2618
f 2618//2618 2658//2658 2659//2659
f 2618//2618 2659//2659 2619//2619
f 2619//2619 2659//2659 2660//2660
f 2619//2619 2660//2660 2620//2620
f 2620//2620 2660//2660 2661//2661
f 2620//2620 2661//2661 2621//2621
f 2621//2621 2661//2661 2662//2662
f 2621//2621 2662//2662 2622//2622
f 2622//2622 2662//2662 2663//2663
f 2622//2622 2663//2663 2623//2623
f 2623//2623 2663//2663 2664//2664
f 2623//2623 2664//2664 2624//2624
f 2624//2624 2664//2664 2665//2665
f 2624//2624 2665//2665 2625//2625
f 2625//2625 2665//2665 2666//2666
f 2625//2625 2666//2666 2626//2626
f 2626//2626 2666//2666 2667//2667
f 2626//2626 2667//2667 2627//2627
f 2627//2627 2667//2667 2668//2668
f 2627//2627 2668//2668 2628//2628
f 2628//2628 2668//2668 2669//2669
f 2628//2628 2669//2669 2629//2629
f 2629//2629 2669//2669 2670//2670
f 2629//2629 2670//2670 2630//2630
f 2630//2630 2670//2670 2671//2671
f 2630//2630 2671//2671 2631//2631
f 2631//2631 2671//2671 2672//2672
f 2631//2631 2672//2672 2632//2632
f 2632//2632 2672//2672 2673//2673
f 2632//2632 2673//2673 2633//2633
f 2633//2633 2673//2673 2674//2674
f 2633//2633 2674//2674 2634//2634
f 2634//2634 2674//2674 2675//2675
f 2634//2634 2675//2675 2635//2635
f 2635//2635 2675//2675 2676//2676
f 2635//2635 2676//2676 2636//2636
f 2636//2636 2676//2676 2677//2677
f 2636//2636 2677//2677 2637//2637
f 2637//2637 2677//2677 2678//2678
f 2637//2637 2678//2678 2638//2638
f 2638//2638 2678//2678 2679//2679
f 2638//2638 2679//2679 2639//2639
f 2639//2639 2679//2679 2680//2680
f 2639//2639 2680//2680 2640//2640
f 2640//2640 2680//2680 2681//2681
f 2640//2640 2681//2681 2641//2641
f 2641//2641 2681//2681 2682//2682
f 2641//2641 2682//2682 2642//2642
f 2642//2642 2682//2682 2683//2683
f 2642//2642 2683//2683 2643//2643
f 2643//2643 2683//2683 2684//2684
f 2643//2643 2684//2684 2644//2644
f 2644//2644 2684//2684 2685//2685
f 2644//2644 2685//2685 2645//2645
f 2645//2645 2685//2685 2686//2686
f 2645//2645 2686//2686 2646//2646
f 2646//2646 2686//2686 2687//2687
f 2646//2646 2687//2687 2647//2647
f 2647//2647 2687//2687 2688//2688
f 2647//2647 2688//2688 2648//2648
f 2648//2648 2688//2688 2689//2689
f 2648//2648 2689//2689 2649//2649
f 2649//2649 2689//2689 2690//2690
f 2649//2649 2690//2690 2650//2650
f 2650//2650 2690//2690 2691//2691
f 2650//2650 2691//2691 2651//2651
f 2651//2651 2691//2691 2692//2692
f 2651//2651 2692//2692 2652//2652
f 2652//2652 2692//2692 2693//2693
f 2652//2652 2693//2693 2653//2653
f 2653//2653 2693//2693 2694//2694
f 2653//2653 2694//2694 2654//2654
f 2654//2654 2694//2694 2695//2695
f 2655//2655 2696//2696 2656//2656
f 2656//2656 2696//2696 2697//2697
f 2656//2656 2697//2697 2657//2657
f 2657//2657 2697//2697 2698//2698
f 2657//2657 2698//2698 2658//2658
f 2658//2658 2698//2698 2699//2699
f 2658//2658 2699//2699 2659//2659
f 2659//2659 2699//2699 2700//2700
f 2659//2659 2700//2700 2660//2660
f 2660//2660 2700//2700 2701//2701
f 2660//2660 2701//2701 2661//2661
f 2661//2661 2701//2701 2702//2702
f 2661//2661 2702//2702 2662//2662
f 2662//2662 2702//2702 2703//2703
f 2662//2662 2703//2703 2663//2663
f 2663//2663 2703//2703 2704//2704
f 2663//2663 2704//2704 2664//2664
f 2664//2664 2704//2704 2705//2705
f 2664//2664 2705//2705 2665//2665
f 2665//2665 2705//2705 2706//2706
f 2665//2665 2706//2706 2666//2666
f 2666//2666 2706//2706 2707//2707
f 2666//2666 2707//2707 2667//2667
f 2667//2667 2707//2707 2708//2708
f 2667//2667 2708//2708 2668//2668
f 2668//2668 2708//2708 2709//2709
f 2668//2668 2709//2709 2669//2669
f 2669//2669 2709//2709 2710//2710
f 2669//2669 2710//2710 2670//2670
f 2670//2670 2710//2710 2711//2711
f 2670//2670 2711//2711 2671//2671
f 2671//2671 2711//2711 2712//2712
f 2671//2671 2712//2712 2672//2672
f 2672//2672 2712//2712 2713//2713
f 2672//2672 2713//2713 2673//2673
f 2673//2673 2713//2713 2714//2714
f 2673//2673 2714//2714 2674//2674
f 2674//2674 2714//2714 2715//2715
f 2674//2674 2715//2715 2675//2675
f 2675//2675 2715//2715 2716//2716
f 2675//2675 2716//2716 2676//2676
f 2676//2676 2716//2716 2717//2717
f 2676//2676 2717//2717 2677//2677
f 2677//2677 2717//2717 2718//2718
f 2677//2677 2718//2718 2678//2678
f 2678//2678 2718//2718 2719//2719
f 2678//2678 2719//2719 2679//2679
f 2679//2679 2719//2719 2720//2720
f 2679//2679 2720//2720 2680//2680
f 2680//2680 2720//2720 2721//2721
f 2680//2680 2721//2721 2681//2681
f 2681//2681 2721//2721 2722//2722
f 2681//2681 2722//2722 2682//2682
f 2682//2682 2722//2722 2723//2723
f 2682//2682 2723//2723 2683//2683
f 2683//2683 2723//2723 2724//2724
f 2683//2683 2724//2724 2684//2684
f 2684//2684 2724//2724 2725//2725
f 2684//2684 2725//2725 2685//2685
f 2685//2685 2725//2725 2726//2726
f 2685//2685 2726//2726 2686//2686
f 2686//2686 2726//2726 2727//2727
f 2686//2686 2727//2727 2687//2687
f 2687//2687 2727//2727 2728//2728
f 2687//2687 2728//2728 2688//2688
f 2688//2688 2728//2728 2729//2729
f 2688//2688 2729//2729 2689//2689
f 2689//2689 2729//2729 2730//2730
f 2689//2689 2730//2730 2690//2690
f 2690//2690 2730//2730 2731//2731
f 2690//2690 2731//2731 2691//2691
f 2691//2691 2731//2731 2732//2732
f 2691//2691 2732//2732 2692//2692
f 2692//2692 2732//2732 2733//2733
f 2692//2692 2733//2733 2693//2693
f 2693//2693 2733//2733 2734//2734
f 2693//2693 2734//2734 2694//2694
f 2694//2694 2734//2734 2735//2735
f 2694//2694 2735//2735 2695//2695
f 2695//2695 2735//2735 2736//2736
f 2737//2737 2778//2778 2738//2738
f 2738//2738 2778//2778 2779//2779
f 2738//2738 2779//2779 2739//2739
f 2739//2739 2779//2779 2780//2780
f 2739//2739 2780//2780 2740//2740
f 2740//2740 2780//2780 2781//2781
f 2740//2740 2781//2781 2741//2741
f 2741//2741 2781//2781 2782//2782
f 2741//2741 2782//2782 2742//2742
f 2742//2742 2782//2782 2783//2783
f 2742//2742 2783//2783 2743//2743
f 2743//2743 2783//2783 2784//2784
f 2743//2743 2784//2784 2744//2744
f 2744//2744 2784//2784 2785//2785
f 2744//2744 2785//2785 2745//2745
f 2745//2745 2785//2785 2786//2786
f 2745//2745 2786//2786 2746//2746
f 2746//2746 2786//2786 2787//2787
f 2746//2746 2787//2787 2747//2747
f 2747//2747 2787//2787 2788//2788
f 2747//2747 2788//2788 2748//2748
f 2748//2748 2788//2788 2789//2789
f 2748//2748 2789//2789 2749//2749
f 2749//2749 2789//2789 2790//2790
f 2749//2749 2790//2790 2750//2750
f 2750//2750 2790//2790 2791//2791
f 2750//2750 2791//2791 2751//2751
f 2751//2751 2791//2791 2792//2792
f 2751//2751 2792//2792 2752//2752
f 2752//2752 2792//2792 2793//2793
f 2752//2752 2793//2793 2753//2753
f 2753//2753 2793//2793 2794//2794
f 2753//2753 2794//2794 2754//2754
f 2754//2754 2794//2794 2795//2795
f 2754//2754 2795//2795 2755//2755
f 2755//2755 2795//2795 2796//2796
f 2755//2755 2796//2796 2756//2756
f 2756//2756 2796//2796 2797//2797
f 2756//2756 2797//2797 2757//2757
f 2757//2757 2797//2797 2798//2798
f 2757//2757 2798//2798 2758//2758
f 2758//2758 2798//2798 2799//2799
f 2758//2758 2799//2799 2759//2759
f 2759//2759 2799//2799 2800//2800
f 2759//2759 2800//2800 2760//2760
f 2760//2760 2800//2800 2801//2801
f 2760//2760 2801//2801 2761//2761
f 2761//2761 2801//2801 2802//2802
f 2761//2761 2802//2802 2762//2762
f 2762//2762 2802//2802 2803//2803
f 2762//2762 2803//2803 2763//2763
f 2763//2763 2803//2803 2804//2804
f 2763//2763 2804//2804 2764//2764
f 2764//2764 2804//2804 2805//2805
f 2764//2764 2805//2805 2765//2765
f 2765//2765 2805//2805 2806//2806
f 2765//2765 2806//2806 2766//2766
f 2766//2766 2806//2806 2807//2807
f 2766//2766 2807//2807 2767//2767
f 2767//2767 2807//2807 2808//2808
f 2767//2767 2808//2808 2768//2768
f 2768//2768 2808//2808 2809//2809
f 2768//2768 2809//2809 2769//2769
f 2769//2769 2809//2809 2810//2810
f 2769//2769 2810//2810 2770//2770
f 2770//2770 2810//2810 2811//2811
f 2770//2770 2811//2811 2771//2771
f 2771//2771 2811//2811 2812//2812
f 2771//2771 2812//2812 2772//2772
f 2772//2772 2812//2812 2813//2813
f 2772//2772 2813//2813 2773//2773
f 2773//2773 2813//2813 2814//2814
f 2773//2773 2814//2814 2774//2774
f 2774//2774 2814//2814 2815//2815
f 2774//2774 2815//2815 2775//2775
f 2775//2775 2815//2815 2816//2816
f 2775//2775 2816//2816 2776//2776
f 2776//2776 2816//2816 2817//2817
f 2776//2776 2817//2817 2777//2777
f 2777//2777 2817//2817 2818//2818
f 2778//2778 2819//2819 2779//2779
f 2779//2779 2819//2819 2820//2820
f 2779//2779 2820//2820 2780//2780
f 2780//2780 2820//2820 2821//2821
f 2780//2780 2821//2821 2781//2781
f 2781//2781 2821//2821 2822//2822
f 2781//2781 2822//2822 2782//2782
f 2782//2782 2822//2822 2823//2823
f 2782//2782 2823//2823 2783//2783
f 2783//2783 2823//2823 2824//2824
f 2783//2783 2824//2824 2784//2784
f 2784//2784 2824//2824 2825//2825
f 2784//2784 2825//2825 2785//2785
f 2785//2785 2825//2825 2826//2826
f 2785//2785 2826//2826 2786//2786
f 2786//2786 2826//2826 2827//2827
f 2786//2786 2827//2827 2787//2787
f 2787//2787 2827//2827 2828//2828
f 2787//2787 2828//2828 2788//2788
f 2788//2788 2828//2828 2829//2829
f 2788//2788 2829//2829 2789//2789
f 2789//2789 2829//2829 2830//2830
f 2789//2789 2830//2830 2790//2790
f 2790//2790 2830//2830 2831//2831
f 2790//2790 2831//2831 2791//2791
f 2791//2791 2831//2831 2832//2832
f 2791//2791 2832//2832 2792//2792
f 2792//2792 2832//2832 2833//2833
f 2792//2792 2833//2833 2793//2793
f 2793//2793 2833//2833 2834//2834
f 2793//2793 2834//2834 2794//2794
f 2794//2794 2834//2834 2835//2835
f 2794//2794 2835//2835 2795//2795
f 2795//2795 2835//2835 2836//2836
f 2795//2795 2836//2836 2796//2796
f 2796//2796 2836//2836 2837//2837
f 2796//2796 2837//2837 2797//2797
f 2797//2797 2837//2837 2838//2838
f 2797//2797 2838//2838 2798//2798
f 2798//2798 2838//2838 2839//2839
f 2798//2798 2839//2839 2799//2799
f 2799//2799 2839//2839 2840//2840
f 2799//2799 2840//2840 2800//2800
f 2800//2800 2840//2840 2841//2841
f 2800//2800 2841//2841 2801//2801
f 2801//2801 2841//2841 2842//2842
f 2801//2801 2842//2842 2802//2802
f 2802//2802 2842//2842 2843//2843
f 2802//2802 2843//2843 2803//2803
f 2803//2803 2843//2843 2844//2844
f 2803//2803 2844//2844 2804//2804
f 2804//2804 2844//2844 2845//2845
f 2804//2804 2845//2845 2805//2805
f 2805//2805 2845//2845 2846//2846
f 2805//2805 2846//2846 2806//2806
f 2806//2806 2846//2846 2847//2847
f 2806//2806 2847//2847 2807//2807
f 2807//2807 2847//2847 2848//2848
f 2807//2807 2848//2848 2808//2808
f 2808//2808 2848//2848 2849//2849
f 2808//2808 2849//2849 2809//2809
f 2809//2809 2849//2849 2850//2850
f 2809//2809 2850//2850 2810//2810
f 2810//2810 2850//2850 2851//2851
f 2810//2810 2851//2851 2811//2811
f 2811//2811 2851//2851 2852//2852
f 2811//2811 2852//2852 2812//2812
f 2812//2812 2852//2852 2853//2853
f 2812//2812 2853//2853 2813//2813
f 2813//2813 2853//2853 2854//2854
f 2813//2813 2854//2854 2814//2814
f 2814//2814 2854//2854 2855//2855
f 2814//2814 2855//2855 2815//2815
f 2815//2815 2855//2855 2856//2856
f 2815//2815 2856//2856 2816//2816
f 2816//2816 2856//2856 2857//2857
f 2816//2816 2857//2857 2817//2817
f 2817//2817 2857//2857 2858//2858
f 2817//2817 2858//2858 2818//2818
f 2818//2818 2858//2858 2859//2859
f 2819//2819 2860//2860 2820//2820
f 2820//2820 2860//2860 2861//2861
f 2820//2820 2861//2861 2821//2821
f 2821//2821 2861//2861 2862//2862
f 2821//2821 2862//2862 2822//2822
f 2822//2822 2862//2862 2863//2863
f 2822//2822 2863//2863 2823//2823
f 2823//2823 2863//2863 2864//2864
f 2823//2823 2864//2864 2824//2824
f 2824//2824 2864//2864 2865//2865
f 2824//2824 2865//2865 2825//2825
f 2825//2825 2865//2865 2866//2866
f 2825//2825 2866//2866 2826//2826
f 2826//2826 2866//2866 2867//2867
f 2826//2826 2867//2867 2827//2827
f 2827//2827 2867//2867 2868//2868
f 2827//2827 2868//2868 2828//2828
f 2828//2828 2868//2868 2869//2869
f 2828//2828 2869//2869 2829//2829
f 2829//2829 2869//2869 2870//2870
f 2829//2829 2870//2870 2830//2830
f 2830//2830 2870//2870 2871//2871
f 2830//2830 2871//2871 2831//2831
f 2831//2831 2871//2871 2872//2872
f 2831//2831 2872//2872 2832//2832
f 2832//2832 2872//2872 2873//2873
f 2832//2832 2873//2873 2833//2833
f 2833//2833 2873//2873 2874//2874
f 2833//2833 2874//2874 2834//2834
f 2834//2834 2874//2874 2875//2875
f 2834//2834 2875//2875 2835//2835
f 2835//2835 2875//2875 2876//2876
f 2835//2835 2876//2876 2836//2836
f 2836//2836 2876//2876 2877//2877
f 2836//2836 2877//2877 2837//2837
f 2837//2837 2877//2877 2878//2878
f 2837//2837 2878//2878 2838//2838
f 2838//2838 2878//2878 2879//2879
f 2838//2838 2879//2879 2839//2839
f 2839//2839 2879//2879 2880//2880
f 2839//2839 2880//2880 2840//2840
f 2840//2840 2880//2880 2881//2881
f 2840//2840 2881//2881 2841//2841
f 2841//2841 2881//2881 2882//2882
f 2841//2841 2882//2882 2842//2842
f 2842//2842 2882//2882 2883//2883
f 2842//2842 2883//2883 2843//2843
f 2843//2843 2883//2883 2884//2884
f 2843//2843 2884//2884 2844//2844
f 2844//2844 2884//2884 2885//2885
f 2844//2844 2885//2885 2845//2845
f 2845//2845 2885//2885 2886//2886
f 2845//2845 2886//2886 2846//2846
f 2846//2846 2886//2886 2887//2887
f 2846//2846 2887//2887 2847//2847
f 2847//2847 2887//2887 2888//2888
f 2847//2847 2888//2888 2848//2848
f 2848//2848 2888//2888 2889//2889
f 2848//2848 2889//2889 2849//2849
f 2849//2849 2889//2889 2890//2890
f 2849//2849 2890//2890 2850//2850
f 2850//2850 2890//2890 2891//2891
f 2850//2850 2891//2891 2851//2851
f 2851//2851 2891//2891 2892//2892
f 2851//2851 2892//2892 2852//2852
f 2852//2852 2892//2892 2893//2893
f 2852//2852 2893//2893 2853//2853
f 2853//2853 2893//2893 2894//2894
f 2853//2853 2894//2894 2854//2854
f 2854//2854 2894//2894 2895//2895
f 2854//2854 2895//2895 2855//2855
f 2855//2855 2895//2895 2896//2896
f 2855//2855 2896//2896 2856//2856
f 2856//2856 2896//2896 2897//2897
f 2856//2856 2897//2897 2857//2857
f 2857//2857 2897//2897 2898//2898
f 2857//2857 2898//2898 2858//2858
f 2858//2858 2898//2898 2899//2899
f 2858//2858 2899//2899 2859//2859
f 2859//2859 2899//2899 2900//2900
f 2860//2860 2901//2901 2861//2861
f 2861//2861 2901//2901 2902//2902
f 2861//2861 2902//2902 2862//2862
f 2862//2862 2902//2902 2903//2903
f 2862//2862 2903//2903 2863//2863
f 2863//2863 2903//2903 2904//2904
f 2863//2863 2904//2904 2864//2864
f 2864//2864 2904//2904 2905//2905
f 2864//2864 2905//2905 2865//2865
f 2865//2865 2905//2905 2906//2906
f 2865//2865 2906//2906 2866//2866
f 2866//2866 2906//2906 2907//2907
f 2866//2866 2907//2907 2867//2867
f 2867//2867 2907//2907 2908//2908
f 2867//2867 2908//2908 2868//2868
f 2868//2868 2908//2908 2909//2909
f 2868//2868 2909//2909 2869//2869
f 2869//2869 2909//2909 2910//2910
f 2869//2869 2910//2910 2870//2870
f 2870//2870 2910//2910 2911//2911
f 2870//2870 2911//2911 2871//2871
f 2871//2871 2911//2911 2912//2912
f 2871//2871 2912//2912 2872//2872
f 2872//2872 2912//2912 2913//2913
f 2872//2872 2913//2913 2873//2873
f 2873//2873 2913//2913 2914//2914
f 2873//2873 2914//2914 2874//2874
f 2874//2874 2914//2914 2915//2915
f 2874//2874 2915//2915 2875//2875
f 2875//2875 2915//2915 2916//2916
f 2875//2875 2916//2916 2876//2876
f 2876//2876 2916//2916 2917//2917
f 2876//2876 2917//2917 2877//2877
f 2877//2877 2917//2917 2918//2918
f 2877//2877 2918//2918 2878//2878
f 2878//2878 2918//2918 2919//2919
f 2878//2878 2919//2919 2879//2879
f 2879//2879 2919//2919 2920//2920
f 2879//2879 2920//2920 2880//2880
f 2880//2880 2920//2920 2921//2921
f 2880//2880 2921//2921 2881//2881
f 2881//2881 2921//2921 2922//2922
f 2881//2881 2922//2922 2882//2882
f 2882//2882 2922//2922 2923//2923
f 2882//2882 2923//2923 2883//2883
f 2883//2883 2923//2923 2924//2924
f 2883//2883 2924//2924 2884//2884
f 2884//2884 2924//2924 2925//2925
f 2884//2884 2925//2925 2885//2885
f 2885//2885 2925//2925 2926//2926
f 2885//2885 2926//2926 2886//2886
f 2886//2886 2926//2926 2927//2927
f 2886//2886 2927//2927 2887//2887
f 2887//2887 2927//2927 2928//2928
f 2887//2887 2928//2928 2888//2888
f 2888//2888 2928//2928 2929//2929
f 2888//2888 2929//2929 2889//2889
f 2889//2889 2929//2929 2930//2930
f 2889//2889 2930//2930 2890//2890
f 2890//2890 2930//2930 2931//2931
f 2890//2890 2931//2931 2891//2891
f 2891//2891 2931//2931 2932//2932
f 2891//2891 2932//2932 2892//2892
f 2892//2892 2932//2932 2933//2933
f 2892//2892 2933//2933 2893//2893
f 2893//2893 2933//2933 2934//2934
f 2893//2893 2934//2934 2894//2894
f 2894//2894 2934//2934 2935//2935
f 2894//2894 2935//2935 2895//2895
f 2895//2895 2935//2935 2936//2936
f 2895//2895 2936//2936 2896//2896
f 2896//2896 2936//2936 2937//2937
f 2896//2896 2937//2937 2897//2897
f 2897//2897 2937//2937 2938//2938
f 2897//2897 2938//2938 2898//2898
f 2898//2898 2938//2938 2939//2939
f 2898//2898 2939//2939 2899//2899
f 2899//2899 2939//2939 2940//2940
f 2899//2899 2940//2940 2900//2900
f 2900//2900 2940//2940 2941//2941
f 2901//2901 2942//2942 2902//2902
f 2902//2902 2942//2942 2943//2943
f 2902//2902 2943//2943 2903//2903
f 2903//2903 2943//2943 2944//2944
f 2903//2903 2944//2944 2904//2904
f 2904//2904 2944//2944 2945//2945
f 2904//2904 2945//2945 2905//2905
f 2905//2905 2945//2945 2946//2946
f 2905//2905 2946//2946 2906//2906
f 2906//2906 2946//2946 2947//2947
f 2906//2906 2947//2947 2907//2907
f 2907//2907 2947//2947 2948//2948
f 2907//2907 2948//2948 2908//2908
f 2908//2908 2948//2948 2949//2949
f 2908//2908 2949//2949 2909//2909
f 2909//2909 2949//2949 2950//2950
f 2909//2909 2950//2950 2910//2910
f 2910//2910 2950//2950 2951//2951
f 2910//2910 2951//2951 2911//2911
f 2911//2911 2951//2951 2952//2952
f 2911//2911 2952//2952 2912//2912
f 2912//2912 2952//2952 2953//2953
f 2912//2912 2953//2953 2913//2913
f 2913//2913 2953//2953 2954//2954
f 2913//2913 2954//2954 2914//2914
f 2914//2914 2954//2954 2955//2955
f 2914//2914 2955//2955 2915//2915
f 2915//2915 2955//2955 2956//2956
f 2915//2915 2956//2956 2916//2916
f 2916//2916 2956//2956 2957//2957
f 2916//2916 2957//2957 2917//2917
f 2917//2917 2957//2957 2958//2958
f 2917//2917 2958//2958 2918//2918
f 2918//2918 2958//2958 2959//2959
f 2918//2918 2959//2959 2919//2919
f 2919//2919 2959//2959 2960//2960
f 2919//2919 2960//2960 2920//2920
f 2920//2920 2960//2960 2961//2961
f 2920//2920 2961//2961 2921//2921
f 2921//2921 2961//2961 2962//2962
f 2921//2921 2962//2962 2922//2922
f 2922//2922 2962//2962 2963//2963
f 2922//2922 2963//2963 2923//2923
f 2923//2923 2963//2963 2964//2964
f 2923//2923 2964//2964 2924//2924
f 2924//2924 2964//2964 2965//2965
f 2924//2924 2965//2965 2925//2925
f 2925//2925 2965//2965 2966//2966
f 2925//2925 2966//2966 2926//2926
f 2926//2926 2966//2966 2967//2967
f 2926//2926 2967//2967 2927//2927
f 2927//2927 2967//2967 2968//2968
f 2927//2927 2968//2968 2928//2928
f 2928//2928 2968//2968 2969//2969
f 2928//2928 2969//2969 2929//2929
f 2929//2929 2969//2969 2970//2970
f 2929//2929 2970//2970 2930//2930
f 2930//2930 2970//2970 2971//2971
f 2930//2930 2971//2971 2931//2931
f 2931//2931 2971//2971 2972//2972
f 2931//2931 2972//2972 2932//2932
f 2932//2932 2972//2972 2973//2973
f 2932//2932 2973//2973 2933//2933
f 2933//2933 2973//2973 2974//2974
f 2933//2933 2974//2974 2934//2934
f 2934//2934 2974//2974 2975//2975
f 2934//2934 2975//2975 2935//2935
f 2935//2935 2975//2975 2976//2976
f 2935//2935 2976//2976 2936//2936
f 2936//2936 2976//2976 2977//2977
f 2936//2936 2977//2977 2937//2937
f 2937//2937 2977//2977 2978//2978
f 2937//2937 2978//2978 2938//2938
f 2938//2938 2978//2978 2979//2979
f 2938//2938 2979//2979 2939//2939
f 2939//2939 2979//2979 2980//2980
f 2939//2939 2980//2980 2940//2940
f 2940//2940 2980//2980 2981//2981
f 2940//2940 2981//2981 2941//2941
f 2941//2941 2981//2981 2982//2982
f 2983//2983 3024//3024 2984//2984
f 2984//2984 3024//3024 3025//3025
f 2984//2984 3025//3025 2985//2985
f 2985//2985 3025//3025 3026//3026
f 2985//2985 3026//3026 2986//2986
f 2986//2986 3026//3026 3027//3027
f 2986//2986 3027//3027 2987//2987
f 2987//2987 3027//3027 3028//3028
f 2987//2987 3028//3028 2988//2988
f 2988//2988 3028//3028 3029//3029
f 2988//2988 3029//3029 2989//2989
f 2989//2989 3029//3029 3030//3030
f 2989//2989 3030//3030 2990//2990
f 2990//2990 3030//3030 3031//3031
f 2990//2990 3031//3031 2991//2991
f 2991//2991 3031//3031 3032//3032
f 2991//2991 3032//3032 2992//2992
f 2992//2992 3032//3032 3033//3033
f 2992//2992 3033//3033 2993//2993
f 2993//2993 3033//3033 3034//3034
f 2993//2993 3034//3034 2994//2994
f 2994//2994 3034//3034 3035//3035
f 2994//2994 3035//3035 2995//2995
f 2995//2995 3035//3035 3036//3036
f 2995//2995 3036//3036 2996//2996
f 2996//2996 3036//3036 3037//3037
f 2996//2996 3037//3037 2997//2997
f 2997//2997 3037//3037 3038//3038
f 2997//2997 3038//3038 2998//2998
f 2998//2998 3038//3038 3039//3039
f 2998//2998 3039//3039 2999//2999
f 2999//2999 3039//3039 3040//3040
f 2999//2999 3040//3040 3000//3000
f 3000//3000 3040//3040 3041//3041
f 3000//3000 3041//3041 3001//3001
f 3001//3001 3041//3041 3042//3042
f 3001//3001 3042//3042 3002//3002
f 3002//3002 3042//3042 3043//3043
f 3002//3002 3043//3043 3003//3003
f 3003//3003 3043//3043 3044//3044
f 3003//3003 3044//3044 3004//3004
f 3004//3004 3044//3044 3045//3045
f 3004//3004 3045//3045 3005//3005
f 3005//3005 3045//3045 3046//3046
f 3005//3005 3046//3046 3006//3006
f 3006//3006 3046//3046 3047//3047
f 3006//3006 3047//3047 3007//3007
f 3007//3007 3047//3047 3048//3048
f 3007//3007 3048//3048 3008//3008
f 3008//3008 3048//3048 3049//3049
f 3008//3008 3049//3049 3009//3009
f 3009//3009 3049//3049 3050//3050
f 3009//3009 3050//3050 3010//3010
f 3010//3010 3050//3050 3051//3051
f 3010//3010 3051//3051 3011//3011
f 3011//3011 3051//3051 3052//3052
f 3011//3011 3052//3052 3012//3012
f 3012//3012 3052//3052 3053//3053
f 3012//3012 3053//3053 3013//3013
f 3013//3013 3053//3053 3054//3054
f 3013//3013 3054//3054 3014//3014
f 3014//3014 3054//3054 3055//3055
f 3014//3014 3055//3055 3015//3015
f 3015//3015 3055//3055 3056//3056
f 3015//3015 3056//3056 3016//3016
f 3016//3016 3056//3056 3057//3057
f 3016//3016 3057//3057 3017//3017
f 3017//3017 3057//3057 3058//3058
f 3017//3017 3058//3058 3018//3018
f 3018//3018 3058//3058 3059//3059
f 3018//3018 3059//3059 3019//3019
f 3019//3019 3059//3059 3060//3060
f 3019//3019 3060//3060 3020//3020
f 3020//3020 3060//3060 3061//3061
f 3020//3020 3061//3061 3021//3021
f 3021//3021 3061//3061 3062//3062
f 3021//3021 3062//3062 3022//3022
f 3022//3022 3062//3062 3063//3063
f 3022//3022 3063//3063 3023//3023
f 3023//3023 3063//3063 3064//3064
f 3024//3024 3065//3065 3025//3025
f 3025//3025 3065//3065 3066//3066
f 3025//3025 3066//3066 3026//3026
f 3026//3026 3066//3066 3067//3067
f 3026//3026 3067//3067 3027//3027
f 3027//3027 3067//3067 3068//3068
f 3027//3027 3068//3068 3028//3028
f 3028//3028 3068//3068 3069//3069
f 3028//3028 3069//3069 3029//3029
f 3029//3029 3069//3069 3070//3070
f 3029//3029 3070//3070 3030//3030
f 3030//3030 3070//3070 3071//3071
f 3030//3030 3071//3071 3031//3031
f 3031//3031 3071//3071 3072//3072
f 3031//3031 3072//3072 3032//3032
f 3032//3032 3072//3072 3073//3073
f 3032//3032 3073//3073 3033//3033
f 3033//3033 3073//3073 3074//3074
f 3033//3033 3074//3074 3034//3034
f 3034//3034 3074//3074 3075//3075
f 3034//3034 3075//3075 3035//3035
f 3035//3035 3075//3075 3076//3076
f 3035//3035 3076//3076 3036//3036
f 3036//3036 3076//3076 3077//3077
f 3036//3036 3077//3077 3037//3037
f 3037//3037 3077//3077 3078//3078
f 3037//3037 3078//3078 3038//3038
f 3038//3038 3078//3078 3079//3079
f 3038//3038 3079//3079 3039//3039
f 3039//3039 3079//3079 3080//3080
f 3039//3039 3080//3080 3040//3040
f 3040//3040 3080//3080 3081//3081
f 3040//3040 3081//3081 3041//3041
f 3041//3041 3081//3081 3082//3082
f 3041//3041 3082//3082 3042//3042
f 3042//3042 3082//3082 3083//3083
f 3042//3042 3083//3083 3043//3043
f 3043//3043 3083//3083 3084//3084
f 3043//3043 3084//3084 3044//3044
f 3044//3044 3084//3084 3085//3085
f 3044//3044 3085//3085 3045//3045
f 3045//3045 3085//3085 3086//3086
f 3045//3045 3086//3086 3046//3046
f 3046//3046 3086//3086 3087//3087
f 3046//3046 3087//3087 3047//3047
f 3047//3047 3087//3087 3088//3088
f 3047//3047 3088//3088 3048//3048
f 3048//3048 3088//3088 3089//3089
f 3048//3048 3089//3089 3049//3049
f 3049//3049 3089//3089 3090//3090
f 3049//3049 3090//3090 3050//3050
f 3050//3050 3090//3090 3091//3091
f 3050//3050 3091//3091 3051//3051
f 3051//3051 3091//3091 3092//3092
f 3051//3051 3092//3092 3052//3052
f 3052//3052 3092//3092 3093//3093
f 3052//3052 3093//3093 3053//3053
f 3053//3053 3093//3093 3094//3094
f 3053//3053 3094//3094 3054//3054
f 3054//3054 3094//3094 3095//3095
f 3054//3054 3095//3095 3055//3055
f 3055//3055 3095//3095 3096//3096
f 3055//3055 3096//3096 3056//3056
f 3056//3056 3096//3096 3097//3097
f 3056//3056 3097//3097 3057//3057
f 3057//3057 3097//3097 3098//3098
f 3057//3057 3098//3098 3058//3058
f 3058//3058 3098//3098 3099//3099
f 3058//3058 3099//3099 3059//3059
f 3059//3059 3099//3099 3100//3100
f 3059//3059 3100//3100 3060//3060
f 3060//3060 3100//3100 3101//3101
f 3060//3060 3101//3101 3061//3061
f 3061//3061 3101//3101 3102//3102
f 3061//3061 3102//3102 3062//3062
f 3062//3062 3102//3102 3103//3103
f 3062//3062 3103//3103 3063//3063
f 3063//3063 3103//3103 3104//3104
f 3063//3063 3104//3104 3064//3064
f 3064//3064 3104//3104 3105//3105
f 3065//3065 3106//3106 3066//3066
f 3066//3066 3106//3106 3107//3107
f 3066//3066 3107//3107 3067//3067
f 3067//3067 3107//3107 3108//3108
f 3067//3067 3108//3108 3068//3068
f 3068//3068 3108//3108 3109//3109
f 3068//3068 3109//3109 3069//3069
f 3069//3069 3109//3109 3110//3110
f 3069//3069 3110//3110 3070//3070
f 3070//3070 3110//3110 3111//3111
f 3070//3070 3111//3111 3071//3071
f 3071//3071 3111//3111 3112//3112
f 3071//3071 3112//3112 3072//3072
f 3072//3072 3112//3112 3113//3113
f 3072//3072 3113//3113 3073//3073
f 3073//3073 3113//3113 3114//3114
f 3073//3073 3114//3114 3074//3074
f 3074//3074 3114//3114 3115//3115
f 3074//3074 3115//3115 3075//3075
f 3075//3075 3115//3115 3116//3116
f 3075//3075 3116//3116 3076//3076
f 3076//3076 3116//3116 3117//3117
f 3076//3076 3117//3117 3077//3077
f 3077//3077 3117//3117 3118//3118
f 3077//3077 3118//3118 3078//3078
f 3078//3078 3118//3118 3119//3119
f 3078//3078 3119//3119 3079//3079
f 3079//3079 3119//3119 3120//3120
f 3079//3079 3120//3120 3080//3080
f 3080//3080 3120//3120 3121//3121
f 3080//3080 3121//3121 3081//3081
f 3081//3081 3121//3121 3122//3122
f 3081//3081 3122//3122 3082//3082
f 3082//3082 3122//3122 3123//3123
f 3082//3082 3123//3123 3083//3083
f 3083//3083 3123//3123 3124//3124
f 3083//3083 3124//3124 3084//3084
f 3084//3084 3124//3124 3125//3125
f 3084//3084 3125//3125 3085//3085
f 3085//3085 3125//3125 3126//3126
f 3085//3085 3126//3126 3086//3086
f 3086//3086 3126//3126 3127//3127
f 3086//3086 3127//3127 3087//3087
f 3087//3087 3127//3127 3128//3128
f 3087//3087 3128//3128 3088//3088
f 3088//3088 3128//3128 3129//3129
f 3088//3088 3129//3129 3089//3089
f 3089//3089 3129//3129 3130//3130
f 3089//3089 3130//3130 3090//3090
f 3090//3090 3130//3130 3131//3131
f 3090//3090 3131//3131 3091//3091
f 3091//3091 3131//3131 3132//3132
f 3091//3091 3132//3132 3092//3092
f 3092//3092 3132//3132 3133//3133
f 3092//3092 3133//3133 3093//3093
f 3093//3093 3133//3133 3134//3134
f 3093//3093 3134//3134 3094//3094
f 3094//3094 3134//3134 3135//3135
f 3094//3094 3135//3135 3095//3095
f 3095//3095 3135//3135 3136//3136
f 3095//3095 3136//3136 3096//3096
f 3096//3096 3136//3136 3137//3137
f 3096//3096 3137//3137 3097//3097
f 3097//3097 3137//3137 3138//3138
f 3097//3097 3138//3138 3098//3098
f 3098//3098 3138//3138 3139//3139
f 3098//3098 3139//3139 3099//3099
f 3099//3099 3139//3139 3140//3140
f 3099//3099 3140//3140 3100//3100
f 3100//3100 3140//3140 3141//3141
f 3100//3100 3141//3141 3101//3101
f 3101//3101 3141//3141 3142//3142
f 3101//3101 3142//3142 3102//3102
f 3102//3102 3142//3142 3143//3143
f 3102//3102 3143//3143 3103//3103
f 3103//3103 3143//3143 3144//3144
f 3103//3103 3144//3144 3104//3104
f 3104//3104 3144//3144 3145//3145
f 3104//3104 3145//3145 3105//3105
f 3105//3105 3145//3145 3146//3146
f 3106//3106 3147//3147 3107//3107
f 3107//3107 3147//3147 3148//3148
f 3107//3107 3148//3148 3108//3108
f 3108//3108 3148//3148 3149//3149
f 3108//3108 3149//3149 3109//3109
f 3109//3109 3149//3149 3150//3150
f 3109//3109 3150//3150 3110//3110
f 3110//3110 3150//3150 3151//3151
f 3110//3110 3151//3151 3111//3111
f 3111//3111 3151//3151 3152//3152
f 3111//3111 3152//3152 3112//3112
f 3112//3112 3152//3152 3153//3153
f 3112//3112 3153//3153 3113//3113
f 3113//3113 3153//3153 3154//3154
f 3113//3113 3154//3154 3114//3114
f 3114//3114 3154//3154 3155//3155
f 3114//3114 3155//3155 3115//3115
f 3115//3115 3155//3155 3156//3156
f 3115//3115 3156//3156 3116//3116
f 3116//3116 3156//3156 3157//3157
f 3116//3116 3157//3157 3117//3117
f 3117//3117 3157//3157 3158//3158
f 3117//3117 3158//3158 3118//3118
f 3118//3118 3158//3158 3159//3159
f 3118//3118 3159//3159 3119//3119
f 3119//3119 3159//3159 3160//3160
f 3119//3119 3160//3160 3120//3120
f 3120//3120 3160//3160 3161//3161
f 3120//3120 3161//3161 3121//3121
f 3121//3121 3161//3161 3162//3162
f 3121//3121 3162//3162 3122//3122
f 3122//3122 3162//3162 3163//3163
f 3122//3122 3163//3163 3123//3123
f 3123//3123 3163//3163 3164//3164
f 3123//3123 3164//3164 3124//3124
f 3124//3124 3164//3164 3165//3165
f 3124//3124 3165//3165 3125//3125
f 3125//3125 3165//3165 3166//3166
f 3125//3125 3166//3166 3126//3126
f 3126//3126 3166//3166 3167//3167
f 3126//3126 3167//3167 3127//3127
f 3127//3127 3167//3167 3168//3168
f 3127//3127 3168//3168 3128//3128
f 3128//3128 3168//3168 3169//3169
f 3128//3128 3169//3169 3129//3129
f 3129//3129 3169//3169 3170//3170
f 3129//3129 3170//3170 3130//3130
f 3130//3130 3170//3170 3171//3171
f 3130//3130 3171//3171 3131//3131
f 3131//3131 3171//3171 3172//3172
f 3131//3131 3172//3172 3132//3132
f 3132//3132 3172//3172 3173//3173
f 3132//3132 3173//3173 3133//3133
f 3133//3133 3173//3173 3174//3174
f 3133//3133 3174//3174 3134//3134
f 3134//3134 3174//3174 3175//3175
f 3134//3134 3175//3175 3135//3135
f 3135//3135 3175//3175 3176//3176
f 3135//3135 3176//3176 3136//3136
f 3136//3136 3176//3176 3177//3177
f 3136//3136 3177//3177 3137//3137
f 3137//3137 3177//3177 3178//3178
f 3137//3137 3178//3178 3138//3138
f 3138//3138 3178//3178 3179//3179
f 3138//3138 3179//3179 3139//3139
f 3139//3139 3179//3179 3180//3180
f 3139//3139 3180//3180 3140//3140
f 3140//3140 3180//3180 3181//3181
f 3140//3140 3181//3181 3141//3141
f 3141//3141 3181//3181 3182//3182
f 3141//3141 3182//3182 3142//3142
f 3142//3142 3182//3182 3183//3183
f 3142//3142 3183//3183 3143//3143
f 3143//3143 3183//3183 3184//3184
f 3143//3143 3184//3184 3144//3144
f 3144//3144 3184//3184 3185//3185
f 3144//3144 3185//3185 3145//3145
f 3145//3145 3185//3185 3186//3186
f 3145//3145 3186//3186 3146//3146
f 3146//3146 3186//3186 3187//3187
f 3147//3147 3188//3188 3148//3148
f 3148//3148 3188//3188 3189//3189
f 3148//3148 3189//3189 3149//3149
f 3149//3149 3189//3189 3190//3190
f 3149//3149 3190//3190 3150//3150
f 3150//3150 3190//3190 3191//3191
f 3150//3150 3191//3191 3151//3151
f 3151//3151 3191//3191 3192//3192
f 3151//3151 3192//3192 3152//3152
f 3152//3152 3192//3192 3193//3193
f 3152//3152 3193//3193 3153//3153
f 3153//3153 3193//3193 3194//3194
f 3153//3153 3194//3194 3154//3154
f 3154//3154 3194//3194 3195//3195
f 3154//3154 3195//3195 3155//3155
f 3155//3155 3195//3195 3196//3196
f 3155//3155 3196//3196 3156//3156
f 3156//3156 3196//3196 3197//3197
f 3156//3156 3197//3197 3157//3157
f 3157//3157 3197//3197 3198//3198
f 3157//3157 3198//3198 3158//3158
f 3158//3158 3198//3198 3199//3199
f 3158//3158 3199//3199 3159//3159
f 3159//3159 3199//3199 3200//3200
f 3159//3159 3200//3200 3160//3160
f 3160//3160 3200//3200 3201//3201
f 3160//3160 3201//3201 3161//3161
f 3161//3161 3201//3201 3202//3202
f 3161//3161 3202//3202 3162//3162
f 3162//3162 3202//3202 3203//3203
f 3162//3162 3203//3203 3163//3163
f 3163//3163 3203//3203 3204//3204
f 3163//3163 3204//3204 3164//3164
f 3164//3164 3204//3204 3205//3205
f 3164//3164 3205//3205 3165//3165
f 3165//3165 3205//3205 3206//3206
f 3165//3165 3206//3206 3166//3166
f 3166//3166 3206//3206 3207//3207
f 3166//3166 3207//3207 3167//3167
f 3167//3167 3207//3207 3208//3208
f 3167//3167 3208//3208 3168//3168
f 3168//3168 3208//3208 3209//3209
f 3168//3168 3209//3209 3169//3169
f 3169//3169 3209//3209 3210//3210
f 3169//3169 3210//3210 3170//3170
f 3170//3170 3210//3210 3211//3211
f 3170//3170 3211//3211 3171//3171
f 3171//3171 3211//3211 3212//3212
f 3171//3171 3212//3212 3172//3172
f 3172//3172 3212//3212 3213//3213
f 3172//3172 3213//3213 3173//3173
f 3173//3173 3213//3213 3214//3214
f 3173//3173 3214//3214 3174//3174
f 3174//3174 3214//3214 3215//3215
f 3174//3174 3215//3215 3175//3175
f 3175//3175 3215//3215 3216//3216
f 3175//3175 3216//3216 3176//3176
f 3176//3176 3216//3216 3217//3217
f 3176//3176 3217//3217 3177//3177
f 3177//3177 3217//3217 3218//3218
f 3177//3177 3218//3218 3178//3178
f 3178//3178 3218//3218 3219//3219
f 3178//3178 3219//3219 3179//3179
f 3179//3179 3219//3219 3220//3220
f 3179//3179 3220//3220 3180//3180
f 3180//3180 3220//3220 3221//3221
f 3180//3180 3221//3221 3181//3181
f 3181//3181 3221//3221 3222//3222
f 3181//3181 3222//3222 3182//3182
f 3182//3182 3222//3222 3223//3223
f 3182//3182 3223//3223 3183//3183
f 3183//3183 3223//3223 3224//3224
f 3183//3183 3224//3224 3184//3184
f 3184//3184 3224//3224 3225//3225
f 3184//3184 3225//3225 3185//3185
f 3185//3185 3225//3225 3226//3226
f 3185//3185 3226//3226 3186//3186
f 3186//3186 3226//3226 3227//3227
f 3186//3186 3227//3227 3187//3187
f 3187//3187 3227//3227 3228//3228
f 3229//3229 3270//3270 3230//3230
f 3230//3230 3270//3270 3271//3271
f 3230//3230 3271//3271 3231//3231
f 3231//3231 3271//3271 3272//3272
f 3231//3231 3272//3272 3232//3232
f 3232//3232 3272//3272 3273//3273
f 3232//3232 3273//3273 3233//3233
f 3233//3233 3273//3273 3274//3274
f 3233//3233 3274//3274 3234//3234
f 3234//3234 3274//3274 3275//3275
f 3234//3234 3275//3275 3235//3235
f 3235//3235 3275//3275 3276//3276
f 3235//3235 3276//3276 3236//3236
f 3236//3236 3276//3276 3277//3277
f 3236//3236 3277//3277 3237//3237
f 3237//3237 3277//3277 3278//3278
f 3237//3237 3278//3278 3238//3238
f 3238//3238 3278//3278 3279//3279
f 3238//3238 3279//3279 3239//3239
f 3239//3239 3279//3279 3280//3280
f 3239//3239 3280//3280 3240//3240
f 3240//3240 3280//3280 3281//3281
f 3240//3240 3281//3281 3241//3241
f 3241//3241 3281//3281 3282//3282
f 3241//3241 3282//3282 3242//3242
f 3242//3242 3282//3282 3283//3283
f 3242//3242 3283//3283 3243//3243
f 3243//3243 3283//3283 3284//3284
f 3243//3243 3284//3284 3244//3244
f 3244//3244 3284//3284 3285//3285
f 3244//3244 3285//3285 3245//3245
f 3245//3245 3285//3285 3286//3286
f 3245//3245 3286//3286 3246//3246
f 3246//3246 3286//3286 3287//3287
f 3246//3246 3287//3287 3247//3247
f 3247//3247 3287//3287 3288//3288
f 3247//3247 3288//3288 3248//3248
f 3248//3248 3288//3288 3289//3289
f 3248//3248 3289//3289 3249//3249
f 3249//3249 3289//3289 3290//3290
f 3249//3249 3290//3290 3250//3250
f 3250//3250 3290//3290 3291//3291
f 3250//3250 3291//3291 3251//3251
f 3251//3251 3291//3291 3292//3292
f 3251//3251 3292//3292 3252//3252
f 3252//3252 3292//3292 3293//3293
f 3252//3252 3293//3293 3253//3253
f 3253//3253 3293//3293 3294//3294
f 3253//3253 3294//3294 3254//3254
f 3254//3254 3294//3294 3295//3295
f 3254//3254 3295//3295 3255//3255
f 3255//3255 3295//3295 3296//3296
f 3255//3255 3296//3296 3256//3256
f 3256//3256 3296//3296 3297//3297
f 3256//3256 3297//3297 3257//3257
f 3257//3257 3297//3297 3298//3298
f 3257//3257 3298//3298 3258//3258
f 3258//3258 3298//3298 3299//3299
f 3258//3258 3299//3299 3259//3259
f 3259//3259 3299//3299 3300//3300
f 3259//3259 3300//3300 3260//3260
f 3260//3260 3300//3300 3301//3301
f 3260//3260 3301//3301 3261//3261
f 3261//3261 3301//3301 3302//3302
f 3261//3261 3302//3302 3262//3262
f 3262//3262 3302//3302 3303//3303
f 3262//3262 3303//3303 3263//3263
f 3263//3263 3303//3303 3304//3304
f 3263//3263 3304//3304 3264//3264
f 3264//3264 3304//3304 3305//3305
f 3264//3264 3305//3305 3265//3265
f 3265//3265 3305//3305 3306//3306
f 3265//3265 3306//3306 3266//3266
f 3266//3266 3306//3306 3307//3307
f 3266//3266 3307//3307 3267//3267
f 3267//3267 3307//3307 3308//3308
f 3267//3267 3308//3308 3268//3268
f 3268//3268 3308//3308 3309//3309
f 3268//3268 3309//3309 3269//3269
f 3269//3269 3309//3309 3310//3310
f 3270//3270 3311//3311 3271//3271
f 3271//3271 3311//3311 3312//3312
f 3271//3271 3312//3312 3272//3272
f 3272//3272 3312//3312 3313//3313
f 3272//3272 3313//3313 3273//3273
f 3273//3273 3313//3313 3314//3314
f 3273//3273 3314//3314 3274//3274
f 3274//3274 3314//3314 3315//3315
f 3274//3274 3315//3315 3275//3275
f 3275//3275 3315//3315 3316//3316
f 3275//3275 3316//3316 3276//3276
f 3276//3276 3316//3316 3317//3317
f 3276//3276 3317//3317 3277//3277
f 3277//3277 3317//3317 3318//3318
f 3277//3277 3318//3318 3278//3278
f 3278//3278 3318//3318 3319//3319
f 3278//3278 3319//3319 3279//3279
f 3279//3279 3319//3319 3320//3320
f 3279//3279 3320//3320 3280//3280
f 3280//3280 3320//3320 3321//3321
f 3280//3280 3321//3321 3281//3281
f 3281//3281 3321//3321 3322//3322
f 3281//3281 3322//3322 3282//3282
f 3282//3282 3322//3322 3323//3323
f 3282//3282 3323//3323 3283//3283
f 3283//3283 3323//3323 3324//3324
f 3283//3283 3324//3324 3284//3284
f 3284//3284 3324//3324 3325//3325
f 3284//3284 3325//3325 3285//3285
f 3285//3285 3325//3325 3326//3326
f 3285//3285 3326//3326 3286//3286
f 3286//3286 3326//3326 3327//3327
f 3286//3286 3327//3327 3287//3287
f 3287//3287 3327//3327 3328//3328
f 3287//3287 3328//3328 3288//3288
f 3288//3288 3328//3328 3329//3329
f 3288//3288 3329//3329 3289//3289
f 3289//3289 3329//3329 3330//3330
f 3289//3289 3330//3330 3290//3290
f 3290//3290 3330//3330 3331//3331
f 3290//3290 3331//3331 3291//3291
f 3291//3291 3331//3331 3332//3332
f 3291//3291 3332//3332 3292//3292
f 3292//3292 3332//3332 3333//3333
f 3292//3292 3333//3333 3293//3293
f 3293//3293 3333//3333 3334//3334
f 3293//3293 3334//3334 3294//3294
f 3294//3294 3334//3334 3335//3335
f 3294//3294 3335//3335 3295//3295
f 3295//3295 3335//3335 3336//3336
f 3295//3295 3336//3336 3296//3296
f 3296//3296 3336//3336 3337//3337
f 3296//3296 3337//3337 3297//3297
f 3297//3297 3337//3337 3338//3338
f 3297//3297 3338//3338 3298//3298
f 3298//3298 3338//3338 3339//3339
f 3298//3298 3339//3339 3299//3299
f 3299//3299 3339//3339 3340//3340
f 3299//3299 3340//3340 3300//3300
f 3300//3300 3340//3340 3341//3341
f 3300//3300 3341//3341 3301//3301
f 3301//3301 3341//3341 3342//3342
f 3301//3301 3342//3342 3302//3302
f 3302//3302 3342//3342 3343//3343
f 3302//3302 3343//3343 3303//3303
f 3303//3303 3343//3343 3344//3344
f 3303//3303 3344//3344 3304//3304
f 3304//3304 3344//3344 3345//3345
f 3304//3304 3345//3345 3305//3305
f 3305//3305 3345//3345 3346//3346
f 3305//3305 3346//3346 3306//3306
f 3306//3306 3346//3346 3347//3347
f 3306//3306 3347//3347 3307//3307
f 3307//3307 3347//3347 3348//3348
f 3307//3307 3348//3348 3308//3308
f 3308//3308 3348//3348 3349//3349
f 3308//3308 3349//3349 3309//3309
f 3309//3309 3349//3349 3350//3350
f 3309//3309 3350//3350 3310//3310
f 3310//3310 3350//3350 3351//3351
f 3311//3311 3352//3352 3312//3312
f 3312//3312 3352//3352 3353//3353
f 3312//3312 3353//3353 3313//3313
f 3313//3313 3353//3353 3354//3354
f 3313//3313 3354//3354 3314//3314
f 3314//3314 3354//3354 3355//3355
f 3314//3314 3355//3355 3315//3315
f 3315//3315 3355//3355 3356//3356
f 3315//3315 3356//3356 3316//3316
f 3316//3316 3356//3356 3357//3357
f 3316//3316 3357//3357 3317//3317
f 3317//3317 3357//3357 3358//3358
f 3317//3317 3358//3358 3318//3318
f 3318//3318 3358//3358 3359//3359
f 3318//3318 3359//3359 3319//3319
f 3319//3319 3359//3359 3360//3360
f 3319//3319 3360//3360 3320//3320
f 3320//3320 3360//3360 3361//3361
f 3320//3320 3361//3361 3321//3321
f 3321//3321 3361//3361 3362//3362
f 3321//3321 3362//3362 3322//3322
f 3322//3322 3362//3362 3363//3363
f 3322//3322 3363//3363 3323//3323
f 3323//3323 3363//3363 3364//3364
f 3323//3323 3364//3364 3324//3324
f 3324//3324 3364//3364 3365//3365
f 3324//3324 3365//3365 3325//3325
f 3325//3325 3365//3365 3366//3366
f 3325//3325 3366//3366 3326//3326
f 3326//3326 3366//3366 3367//3367
f 3326//3326 3367//3367 3327//3327
f 3327//3327 3367//3367 3368//3368
f 3327//3327 3368//3368 3328//3328
f 3328//3328 3368//3368 3369//3369
f 3328//3328 3369//3369 3329//3329
f 3329//3329 3369//3369 3370//3370
f 3329//3329 3370//3370 3330//3330
f 3330//3330 3370//3370 3371//3371
f 3330//3330 3371//3371 3331//3331
f 3331//3331 3371//3371 3372//3372
f 3331//3331 3372//3372 3332//3332
f 3332//3332 3372//3372 3373//3373
f 3332//3332 3373//3373 3333//3333
f 3333//3333 3373//3373 3374//3374
f 3333//3333 3374//3374 3334//3334
f 3334//3334 3374//3374 3375//3375
f 3334//3334 3375//3375 3335//3335
f 3335//3335 3375//3375 3376//3376
f 3335//3335 3376//3376 3336//3336
f 3336//3336 3376//3376 3377//3377
f 3336//3336 3377//3377 3337//3337
f 3337//3337 3377//3377 3378//3378
f 3337//3337 3378//3378 3338//3338
f 3338//3338 3378//3378 3379//3379
f 3338//3338 3379//3379 3339//3339
f 3339//3339 3379//3379 3380//3380
f 3339//3339 3380//3380 3340//3340
f 3340//3340 3380//3380 3381//3381
f 3340//3340 3381//3381 3341//3341
f 3341//3341 3381//3381 3382//3382
f 3341//3341 3382//3382 3342//3342
f 3342//3342 3382//3382 3383//3383
f 3342//3342 3383//3383 3343//3343
f 3343//3343 3383//3383 3384//3384
f 3343//3343 3384//3384 3344//3344
f 3344//3344 3384//3384 3385//3385
f 3344//3344 3385//3385 3345//3345
f 3345//3345 3385//3385 3386//3386
f 3345//3345 3386//3386 3346//3346
f 3346//3346 3386//3386 3387//3387
f 3346//3346 3387//3387 3347//3347
f 3347//3347 3387//3387 3388//3388
f 3347//3347 3388//3388 3348//3348
f 3348//3348 3388//3388 3389//3389
f 3348//3348 3389//3389 3349//3349
f 3349//3349 3389//3389 3390//3390
f 3349//3349 3390//3390 3350//3350
f 3350//3350 3390//3390 3391//3391
f 3350//3350 3391//3391 3351//3351
f 3351//3351 3391//3391 3392//3392
f 3352//3352 3393//3393 3353//3353
f 3353//3353 3393//3393 3394//3394
f 3353//3353 3394//3394 3354//3354
f 3354//3354 3394//3394 3395//3395
f 3354//3354 3395//3395 3355//3355
f 3355//3355 3395//3395 3396//3396
f 3355//3355 3396//3396 3356//3356
f 3356//3356 3396//3396 3397//3397
f 3356//3356 3397//3397 3357//3357
f 3357//3357 3397//3397 3398//3398
f 3357//3357 3398//3398 3358//3358
f 3358//3358 3398//3398 3399//3399
f 3358//3358 3399//3399 3359//3359
f 3359//3359 3399//3399 3400//3400
f 3359//3359 3400//3400 3360//3360
f 3360//3360 3400//3400 3401//3401
f 3360//3360 3401//3401 3361//3361
f 3361//3361 3401//3401 3402//3402
f 3361//3361 3402//3402 3362//3362
f 3362//3362 3402//3402 3403//3403
f 3362//3362 3403//3403 3363//3363
f 3363//3363 3403//3403 3404//3404
f 3363//3363 3404//3404 3364//3364
f 3364//3364 3404//3404 3405//3405
f 3364//3364 3405//3405 3365//3365
f 3365//3365 3405//3405 3406//3406
f 3365//3365 3406//3406 3366//3366
f 3366//3366 3406//3406 3407//3407
f 3366//3366 3407//3407 3367//3367
f 3367//3367 3407//3407 3408//3408
f 3367//3367 3408//3408 3368//3368
f 3368//3368 3408//3408 3409//3409
f 3368//3368 3409//3409 3369//3369
f 3369//3369 3409//3409 3410//3410
f 3369//3369 3410//3410 3370//3370
f 3370//3370 3410//3410 3411//3411
f 3370//3370 3411//3411 3371//3371
f 3371//3371 3411//3411 3412//3412
f 3371//3371 3412//3412 3372//3372
f 3372//3372 3412//3412 3413//3413
f 3372//3372 3413//3413 3373//3373
f 3373//3373 3413//3413 3414//3414
f 3373//3373 3414//3414 3374//3374
f 3374//3374 3414//3414 3415//3415
f 3374//3374 3415//3415 3375//3375
f 3375//3375 3415//3415 3416//3416
f 3375//3375 3416//3416 3376//3376
f 3376//3376 3416//3416 3417//3417
f 3376//3376 3417//3417 3377//3377
f 3377//3377 3417//3417 3418//3418
f 3377//3377 3418//3418 3378//3378
f 3378//3378 3418//3418 3419//3419
f 3378//3378 3419//3419 3379//3379
f 3379//3379 3419//3419 3420//3420
f 3379//3379 3420//3420 3380//3380
f 3380//3380 3420//3420 3421//3421
f 3380//3380 3421//3421 3381//3381
f 3381//3381 3421//3421 3422//3422
f 3381//3381 3422//3422 3382//3382
f 3382//3382 3422//3422 3423//3423
f 3382//3382 3423//3423 3383//3383
f 3383//3383 3423//3423 3424//3424
f 3383//3383 3424//3424 3384//3384
f 3384//3384 3424//3424 3425//3425
f 3384//3384 3425//3425 3385//3385
f 3385//3385 3425//3425 3426//3426
f 3385//3385 3426//3426 3386//3386
f 3386//3386 3426//3426 3427//3427
f 3386//3386 3427//3427 3387//3387
f 3387//3387 3427//3427 3428//3428
f 3387//3387 3428//3428 3388//3388
f 3388//3388 3428//3428 3429//3429
f 3388//3388 3429//3429 3389//3389
f 3389//3389 3429//3429 3430//3430
f 3389//3389 3430//3430 3390//3390
f 3390//3390 3430//3430 3431//3431
f 3390//3390 3431//3431 3391//3391
f 3391//3391 3431//3431 3432//3432
f 3391//3391 3432//3432 3392//3392
f 3392//3392 3432//3432 3433//3433
f 3393//3393 3434//3434 3394//3394
f 3394//3394 3434//3434 3435//3435
f 3394//3394 3435//3435 3395//3395
f 3395//3395 3435//3435 3436//3436
f 3395//3395 3436//3436 3396//3396
f 3396//3396 3436//3436 3437//3437
f 3396//3396 3437//3437 3397//3397
f 3397//3397 3437//3437 3438//3438
f 3397//3397 3438//3438 3398//3398
f 3398//3398 3438//3438 3439//3439
f 3398//3398 3439//3439 3399//3399
f 3399//3399 3439//3439 3440//3440
f 3399//3399 3440//3440 3400//3400
f 3400//3400 3440//3440 3441//3441
f 3400//3400 3441//3441 3401//3401
f 3401//3401 3441//3441 3442//3442
f 3401//3401 3442//3442 3402//3402
f 3402//3402 3442//3442 3443//3443
f 3402//3402 3443//3443 3403//3403
f 3403//3403 3443//3443 3444//3444
f 3403//3403 3444//3444 3404//3404
f 3404//3404 3444//3444 3445//3445
f 3404//3404 3445//3445 3405//3405
f 3405//3405 3445//3445 3446//3446
f 3405//3405 3446//3446 3406//3406
f 3406//3406 3446//3446 3447//3447
f 3406//3406 3447//3447 3407//3407
f 3407//3407 3447//3447 3448//3448
f 3407//3407 3448//3448 3408//3408
f 3408//3408 3448//3448 3449//3449
f 3408//3408 3449//3449 3409//3409
f 3409//3409 3449//3449 3450//3450
f 3409//3409 3450//3450 3410//3410
f 3410//3410 3450//3450 3451//3451
f 3410//3410 3451//3451 3411//3411
f 3411//3411 3451//3451 3452//3452
f 3411//3411 3452//3452 3412//3412
f 3412//3412 3452//3452 3453//3453
f 3412//3412 3453//3453 3413//3413
f 3413//3413 3453//3453 3454//3454
f 3413//3413 3454//3454 3414//3414
f 3414//3414 3454//3454 3455//3455
f 3414//3414 3455//3455 3415//3415
f 3415//3415 3455//3455 3456//3456
f 3415//3415 3456//3456 3416//3416
f 3416//3416 3456//3456 3457//3457
f 3416//3416 3457//3457 3417//3417
f 3417//3417 3457//3457 3458//3458
f 3417//3417 3458//3458 3418//3418
f 3418//3418 3458//3458 3459//3459
f 3418//3418 3459//3459 3419//3419
f 3419//3419 3459//3459 3460//3460
f 3419//3419 3460//3460 3420//3420
f 3420//3420 3460//3460 3461//3461
f 3420//3420 3461//3461 3421//3421
f 3421//3421 3461//3461 3462//3462
f 3421//3421 3462//3462 3422//3422
f 3422//3422 3462//3462 3463//3463
f 3422//3422 3463//3463 3423//3423
f 3423//3423 3463//3463 3464//3464
f 3423//3423 3464//3464 3424//3424
f 3424//3424 3464//3464 3465//3465
f 3424//3424 3465//3465 3425//3425
f 3425//3425 3465//3465 3466//3466
f 3425//3425 3466//3466 3426//3426
f 3426//3426 3466//3466 3467//3467
f 3426//3426 3467//3467 3427//3427
f 3427//3427 3467//3467 3468//3468
f 3427//3427 3468//3468 3428//3428
f 3428//3428 3468//3468 3469//3469
f 3428//3428 3469//3469 3429//3429
f 3429//3429 3469//3469 3470//3470
f 3429//3429 3470//3470 3430//3430
f 3430//3430 3470//3470 3471//3471
f 3430//3430 3471//3471 3431//3431
f 3431//3431 3471//3471 3472//3472
f 3431//3431 3472//3472 3432//3432
f 3432//3432 3472//3472 3473//3473
f 3432//3432 3473//3473 3433//3433
f 3433//3433 3473//3473 3474//3474
o source-carrot_leaf
usemtl leaf
v -0.151250 0.529780 -0.021500
v -0.151250 0.529780 -0.021500
v -0.151250 0.529780 -0.021500
v -0.151250 0.529780 -0.021500
v -0.151250 0.529780 -0.021500
v -0.151250 0.529780 -0.021500
v -0.151250 0.529780 -0.021500
v -0.151250 0.529780 -0.021500
v -0.151250 0.529780 -0.021500
v -0.151250 0.529780 -0.021500
v -0.151250 0.529780 -0.021500
v -0.151250 0.529780 -0.021500
v -0.151250 0.529780 -0.021500
v -0.151250 0.529780 -0.021500
v -0.151250 0.529780 -0.021500
v -0.151250 0.529780 -0.021500
v -0.151250 0.529780 -0.021500
v -0.151250 0.529780 -0.021500
v -0.151250 0.529780 -0.021500
v -0.151250 0.529780 -0.021500
v -0.151250 0.529780 -0.021500
v -0.147529 0.529403 -0.020146
v -0.149339 0.529403 -0.015740
v -0.151335 0.529403 -0.011898
v -0.153324 0.529403 -0.008997
v -0.155109 0.529403 -0.007319
v -0.156517 0.529403 -0.007029
v -0.157409 0.529403 -0.008156
v -0.157698 0.529403 -0.010589
v -0.157356 0.529403 -0.014090
v -0.156417 0.529403 -0.018316
v -0.154971 0.529403 -0.022854
v -0.153161 0.529403 -0.027260
v -0.151165 0.529403 -0.031102
v -0.149176 0.529403 -0.034003
v -0.147391 0.529403 -0.035681
v -0.145983 0.529403 -0.035971
v -0.145091 0.529403 -0.034844
v -0.144802 0.529403 -0.032411
v -0.145144 0.529403 -0.028910
v -0.146083 0.529403 -0.024684
v -0.147529 0.529403 -0.020146
v -0.144061 0.528300 -0.018884
v -0.147557 0.528300 -0.010373
v -0.151415 0.528300 -0.002951
v -0.155256 0.528300 0.002655
v -0.158706 0.528300 0.005896
v -0.161425 0.528300 0.006456
v -0.163149 0.528300 0.004279
v -0.163707 0.528300 -0.000421
v -0.163047 0.528300 -0.007185
v -0.161231 0.528300 -0.015350
v -0.158439 0.528300 -0.024116
v -0.154943 0.528300 -0.032627
v -0.151085 0.528300 -0.040049
v -0.147244 0.528300 -0.045655
v -0.143794 0.528300 -0.048896
v -0.141075 0.528300 -0.049456
v -0.139351 0.528300 -0.047279
v -0.138793 0.528300 -0.042579
v -0.139453 0.528300 -0.035815
v -0.141269 0.528300 -0.027650
v -0.144061 0.528300 -0.018884
v -0.141084 0.526544 -0.017800
v -0.146028 0.526544 -0.005764
v -0.151483 0.526544 0.004732
v -0.156916 0.526544 0.012660
v -0.161794 0.526544 0.017244
v -0.165640 0.526544 0.018036
v -0.168077 0.526544 0.014957
v -0.168867 0.526544 0.008310
v -0.167933 0.526544 -0.001255
v -0.165365 0.526544 -0.012802
v -0.161416 0.526544 -0.025200
v -0.156472 0.526544 -0.037236
v -0.151017 0.526544 -0.047732
v -0.145584 0.526544 -0.055660
v -0.140706 0.526544 -0.060244
v -0.136860 0.526544 -0.061036
v -0.134423 0.526544 -0.057957
v -0.133633 0.526544 -0.051310
v -0.134567 0.526544 -0.041745
v -0.137135 0.526544 -0.030198
v -0.141084 0.526544 -0.017800
v -0.138799 0.524255 -0.016968
v -0.144854 0.524255 -0.002227
v -0.151536 0.524255 0.010627
v -0.158189 0.524255 0.020337
v -0.164164 0.524255 0.025951
v -0.168874 0.524255 0.026921
v -0.171859 0.524255 0.023151
v -0.172827 0.524255 0.015010
v -0.171682 0.524255 0.003295
v -0.168538 0.524255 -0.010847
v -0.163701 0.524255 -0.026032
v -0.157646 0.524255 -0.040773
v -0.150964 0.524255 -0.053627
v -0.144311 0.524255 -0.063337
v -0.138336 0.524255 -0.068951
v -0.133626 0.524255 -0.069921
v -0.130641 0.524255 -0.066151
v -0.129673 0.524255 -0.058010
v -0.130818 0.524255 -0.046295
v -0.133962 0.524255 -0.032153
v -0.138799 0.524255 -0.016968
v -0.137363 0.521590 -0.016445
v -0.144117 0.521590 -0.000004
v -0.151569 0.521590 0.014334
v -0.158990 0.521590 0.025163
v -0.165653 0.521590 0.031425
v -0.170907 0.521590 0.032507
v -0.174236 0.521590 0.028301
v -0.175315 0.521590 0.019221
v -0.174039 0.521590 0.006155
v -0.170532 0.521590 -0.009618
v -0.165137 0.521590 -0.026555
v -0.158383 0.521590 -0.042996
v -0.150931 0.521590 -0.057334
v -0.143510 0.521590 -0.068163
v -0.136847 0.521590 -0.074425
v -0.131593 0.521590 -0.075507
v -0.128264 0.521590 -0.071301
v -0.127185 0.521590 -0.062221
v -0.128461 0.521590 -0.049155
v -0.131968 0.521590 -0.033382
v -0.137363 0.521590 -0.016445
v -0.136873 0.518730 -0.016267
v -0.143865 0.518730 0.000754
v -0.151580 0.518730 0.015598
v -0.159263 0.518730 0.026809
v -0.166161 0.518730 0.033292
v -0.171600 0.518730 0.034412
v -0.175047 0.518730 0.030058
v -0.176164 0.518730 0.020658
v -0.174843 0.518730 0.007131
v -0.171212 0.518730 -0.009199
v -0.165627 0.518730 -0.026733
v -0.158635 0.518730 -0.043754
v -0.150920 0.518730 -0.058598
v -0.143237 0.518730 -0.069809
v -0.136339 0.518730 -0.076292
v -0.130900 0.518730 -0.077412
v -0.127453 0.518730 -0.073058
v -0.126336 0.518730 -0.063658
v -0.127657 0.518730 -0.050131
v -0.131288 0.518730 -0.033801
v -0.136873 0.518730 -0.016267
v -0.137363 0.515870 -0.016445
v -0.144117 0.515870 -0.000004
v -0.151569 0.515870 0.014334
v -0.158990 0.515870 0.025163
v -0.165653 0.515870 0.031425
v -0.170907 0.515870 0.032507
v -0.174236 0.515870 0.028301
v -0.175315 0.515870 0.019221
v -0.174039 0.515870 0.006155
v -0.170532 0.515870 -0.009618
v -0.165137 0.515870 -0.026555
v -0.158383 0.515870 -0.042996
v -0.150931 0.515870 -0.057334
v -0.143510 0.515870 -0.068163
v -0.136847 0.515870 -0.074425
v -0.131593 0.515870 -0.075507
v -0.128264 0.515870 -0.071301
v -0.127185 0.515870 -0.062221
v -0.128461 0.515870 -0.049155
v -0.131968 0.515870 -0.033382
v -0.137363 0.515870 -0.016445
v -0.138799 0.513205 -0.016968
v -0.144854 0.513205 -0.002227
v -0.151536 0.513205 0.010627
v -0.158189 0.513205 0.020337
v -0.164164 0.513205 0.025951
v -0.168874 0.513205 0.026921
v -0.171859 0.513205 0.023151
v -0.172827 0.513205 0.015010
v -0.171682 0.513205 0.003295
v -0.168538 0.513205 -0.010847
v -0.163701 0.513205 -0.026032
v -0.157646 0.513205 -0.040773
v -0.150964 0.513205 -0.053627
v -0.144311 0.513205 -0.063337
v -0.138336 0.513205 -0.068951
v -0.133626 0.513205 -0.069921
v -0.130641 0.513205 -0.066151
v -0.129673 0.513205 -0.058010
v -0.130818 0.513205 -0.046295
v -0.133962 0.513205 -0.032153
v -0.138799 0.513205 -0.016968
v -0.141084 0.510916 -0.017800
v -0.146028 0.510916 -0.005764
v -0.151483 0.510916 0.004732
v -0.156916 0.510916 0.012660
v -0.161794 0.510916 0.017244
v -0.165640 0.510916 0.018036
v -0.168077 0.510916 0.014957
v -0.168867 0.510916 0.008310
v -0.167933 0.510916 -0.001255
v -0.165365 0.510916 -0.012802
v -0.161416 0.510916 -0.025200
v -0.156472 0.510916 -0.037236
v -0.151017 0.510916 -0.047732
v -0.145584 0.510916 -0.055660
v -0.140706 0.510916 -0.060244
v -0.136860 0.510916 -0.061036
v -0.134423 0.510916 -0.057957
v -0.133633 0.510916 -0.051310
v -0.134567 0.510916 -0.041745
v -0.137135 0.510916 -0.030198
v -0.141084 0.510916 -0.017800
v -0.144061 0.509160 -0.018884
v -0.147557 0.509160 -0.010373
v -0.151415 0.509160 -0.002951
v -0.155256 0.509160 0.002655
v -0.158706 0.509160 0.005896
v -0.161425 0.509160 0.006456
v -0.163149 0.509160 0.004279
v -0.163707 0.509160 -0.000421
v -0.163047 0.509160 -0.007185
v -0.161231 0.509160 -0.015350
v -0.158439 0.509160 -0.024116
v -0.154943 0.509160 -0.032627
v -0.151085 0.509160 -0.040049
v -0.147244 0.509160 -0.045655
v -0.143794 0.509160 -0.048896
v -0.141075 0.509160 -0.049456
v -0.139351 0.509160 -0.047279
v -0.138793 0.509160 -0.042579
v -0.139453 0.509160 -0.035815
v -0.141269 0.509160 -0.027650
v -0.144061 0.509160 -0.018884
v -0.147529 0.508057 -0.020146
v -0.149339 0.508057 -0.015740
v -0.151335 0.508057 -0.011898
v -0.153324 0.508057 -0.008997
v -0.155109 0.508057 -0.007319
v -0.156517 0.508057 -0.007029
v -0.157409 0.508057 -0.008156
v -0.157698 0.508057 -0.010589
v -0.157356 0.508057 -0.014090
v -0.156417 0.508057 -0.018316
v -0.154971 0.508057 -0.022854
v -0.153161 0.508057 -0.027260
v -0.151165 0.508057 -0.031102
v -0.149176 0.508057 -0.034003
v -0.147391 0.508057 -0.035681
v -0.145983 0.508057 -0.035971
v -0.145091 0.508057 -0.034844
v -0.144802 0.508057 -0.032411
v -0.145144 0.508057 -0.028910
v -0.146083 0.508057 -0.024684
v -0.147529 0.508057 -0.020146
v -0.151250 0.507680 -0.021500
v -0.151250 0.507680 -0.021500
v -0.151250 0.507680 -0.021500
v -0.151250 0.507680 -0.021500
v -0.151250 0.507680 -0.021500
v -0.151250 0.507680 -0.021500
v -0.151250 0.507680 -0.021500
v -0.151250 0.507680 -0.021500
v -0.151250 0.507680 -0.021500
v -0.151250 0.507680 -0.021500
v -0.151250 0.507680 -0.021500
v -0.151250 0.507680 -0.021500
v -0.151250 0.507680 -0.021500
v -0.151250 0.507680 -0.021500
v -0.151250 0.507680 -0.021500
v -0.151250 0.507680 -0.021500
v -0.151250 0.507680 -0.021500
v -0.151250 0.507680 -0.021500
v -0.151250 0.507680 -0.021500
v -0.151250 0.507680 -0.021500
v -0.151250 0.507680 -0.021500
v -0.130000 0.529780 -0.021500
v -0.130000 0.529780 -0.021500
v -0.130000 0.529780 -0.021500
v -0.130000 0.529780 -0.021500
v -0.130000 0.529780 -0.021500
v -0.130000 0.529780 -0.021500
v -0.130000 0.529780 -0.021500
v -0.130000 0.529780 -0.021500
v -0.130000 0.529780 -0.021500
v -0.130000 0.529780 -0.021500
v -0.130000 0.529780 -0.021500
v -0.130000 0.529780 -0.021500
v -0.130000 0.529780 -0.021500
v -0.130000 0.529780 -0.021500
v -0.130000 0.529780 -0.021500
v -0.130000 0.529780 -0.021500
v -0.130000 0.529780 -0.021500
v -0.130000 0.529780 -0.021500
v -0.130000 0.529780 -0.021500
v -0.130000 0.529780 -0.021500
v -0.130000 0.529780 -0.021500
v -0.126040 0.529403 -0.021500
v -0.126234 0.529403 -0.016741
v -0.126796 0.529403 -0.012448
v -0.127672 0.529403 -0.009041
v -0.128776 0.529403 -0.006854
v -0.130000 0.529403 -0.006100
v -0.131224 0.529403 -0.006854
v -0.132328 0.529403 -0.009041
v -0.133204 0.529403 -0.012448
v -0.133766 0.529403 -0.016741
v -0.133960 0.529403 -0.021500
v -0.133766 0.529403 -0.026259
v -0.133204 0.529403 -0.030552
v -0.132328 0.529403 -0.033959
v -0.131224 0.529403 -0.036146
v -0.130000 0.529403 -0.036900
v -0.128776 0.529403 -0.036146
v -0.127672 0.529403 -0.033959
v -0.126796 0.529403 -0.030552
v -0.126234 0.529403 -0.026259
v -0.126040 0.529403 -0.021500
v -0.122350 0.528300 -0.021500
v -0.122724 0.528300 -0.012307
v -0.123811 0.528300 -0.004013
v -0.125503 0.528300 0.002568
v -0.127636 0.528300 0.006794
v -0.130000 0.528300 0.008250
v -0.132364 0.528300 0.006794
v -0.134497 0.528300 0.002568
v -0.136189 0.528300 -0.004013
v -0.137276 0.528300 -0.012307
v -0.137650 0.528300 -0.021500
v -0.137276 0.528300 -0.030693
v -0.136189 0.528300 -0.038987
v -0.134497 0.528300 -0.045568
v -0.132364 0.528300 -0.049794
v -0.130000 0.528300 -0.051250
v -0.127636 0.528300 -0.049794
v -0.125503 0.528300 -0.045568
v -0.123811 0.528300 -0.038987
v -0.122724 0.528300 -0.030693
v -0.122350 0.528300 -0.021500
v -0.119181 0.526544 -0.021500
v -0.119711 0.526544 -0.008499
v -0.121247 0.526544 0.003230
v -0.123641 0.526544 0.012538
v -0.126657 0.526544 0.018514
v -0.130000 0.526544 0.020573
v -0.133343 0.526544 0.018514
v -0.136359 0.526544 0.012538
v -0.138753 0.526544 0.003230
v -0.140289 0.526544 -0.008499
v -0.140819 0.526544 -0.021500
v -0.140289 0.526544 -0.034501
v -0.138753 0.526544 -0.046230
v -0.136359 0.526544 -0.055538
v -0.133343 0.526544 -0.061514
v -0.130000 0.526544 -0.063573
v -0.126657 0.526544 -0.061514
v -0.123641 0.526544 -0.055538
v -0.121247 0.526544 -0.046230
v -0.119711 0.526544 -0.034501
v -0.119181 0.526544 -0.021500
v -0.116750 0.524255 -0.021500
v -0.117398 0.524255 -0.005577
v -0.119280 0.524255 0.008788
v -0.122212 0.524255 0.020187
v -0.125905 0.524255 0.027507
v -0.130000 0.524255 0.030029
v -0.134095 0.524255 0.027507
v -0.137788 0.524255 0.020187
v -0.140720 0.524255 0.008788
v -0.142602 0.524255 -0.005577
v -0.143250 0.524255 -0.021500
v -0.142602 0.524255 -0.037423
v -0.140720 0.524255 -0.051788
v -0.137788 0.524255 -0.063187
v -0.134095 0.524255 -0.070507
v -0.130000 0.524255 -0.073029
v -0.125905 0.524255 -0.070507
v -0.122212 0.524255 -0.063187
v -0.119280 0.524255 -0.051788
v -0.117398 0.524255 -0.037423
v -0.116750 0.524255 -0.021500
v -0.115221 0.521590 -0.021500
v -0.115945 0.521590 -0.003740
v -0.118044 0.521590 0.012282
v -0.121313 0.521590 0.024996
v -0.125433 0.521590 0.033160
v -0.130000 0.521590 0.035973
v -0.134567 0.521590 0.033160
v -0.138687 0.521590 0.024996
v -0.141956 0.521590 0.012282
v -0.144055 0.521590 -0.003740
v -0.144779 0.521590 -0.021500
v -0.144055 0.521590 -0.039260
v -0.141956 0.521590 -0.055282
v -0.138687 0.521590 -0.067996
v -0.134567 0.521590 -0.076160
v -0.130000 0.521590 -0.078973
v -0.125433 0.521590 -0.076160
v -0.121313 0.521590 -0.067996
v -0.118044 0.521590 -0.055282
v -0.115945 0.521590 -0.039260
v -0.115221 0.521590 -0.021500
v -0.114700 0.518730 -0.021500
v -0.115449 0.518730 -0.003113
v -0.117622 0.518730 0.013473
v -0.121007 0.518730 0.026637
v -0.125272 0.518730 0.035088
v -0.130000 0.518730 0.038000
v -0.134728 0.518730 0.035088
v -0.138993 0.518730 0.026637
v -0.142378 0.518730 0.013473
v -0.144551 0.518730 -0.003113
v -0.145300 0.518730 -0.021500
v -0.144551 0.518730 -0.039887
v -0.142378 0.518730 -0.056473
v -0.138993 0.518730 -0.069637
v -0.134728 0.518730 -0.078088
v -0.130000 0.518730 -0.081000
v -0.125272 0.518730 -0.078088
v -0.121007 0.518730 -0.069637
v -0.117622 0.518730 -0.056473
v -0.115449 0.518730 -0.039887
v -0.114700 0.518730 -0.021500
v -0.115221 0.515870 -0.021500
v -0.115945 0.515870 -0.003740
v -0.118044 0.515870 0.012282
v -0.121313 0.515870 0.024996
v -0.125433 0.515870 0.033160
v -0.130000 0.515870 0.035973
v -0.134567 0.515870 0.033160
v -0.138687 0.515870 0.024996
v -0.141956 0.515870 0.012282
v -0.144055 0.515870 -0.003740
v -0.144779 0.515870 -0.021500
v -0.144055 0.515870 -0.039260
v -0.141956 0.515870 -0.055282
v -0.138687 0.515870 -0.067996
v -0.134567 0.515870 -0.076160
v -0.130000 0.515870 -0.078973
v -0.125433 0.515870 -0.076160
v -0.121313 0.515870 -0.067996
v -0.118044 0.515870 -0.055282
v -0.115945 0.515870 -0.039260
v -0.115221 0.515870 -0.021500
v -0.116750 0.513205 -0.021500
v -0.117398 0.513205 -0.005577
v -0.119280 0.513205 0.008788
v -0.122212 0.513205 0.020187
v -0.125905 0.513205 0.027507
v -0.130000 0.513205 0.030029
v -0.134095 0.513205 0.027507
v -0.137788 0.513205 0.020187
v -0.140720 0.513205 0.008788
v -0.142602 0.513205 -0.005577
v -0.143250 0.513205 -0.021500
v -0.142602 0.513205 -0.037423
v -0.140720 0.513205 -0.051788
v -0.137788 0.513205 -0.063187
v -0.134095 0.513205 -0.070507
v -0.130000 0.513205 -0.073029
v -0.125905 0.513205 -0.070507
v -0.122212 0.513205 -0.063187
v -0.119280 0.513205 -0.051788
v -0.117398 0.513205 -0.037423
v -0.116750 0.513205 -0.021500
v -0.119181 0.510916 -0.021500
v -0.119711 0.510916 -0.008499
v -0.121247 0.510916 0.003230
v -0.123641 0.510916 0.012538
v -0.126657 0.510916 0.018514
v -0.130000 0.510916 0.020573
v -0.133343 0.510916 0.018514
v -0.136359 0.510916 0.012538
v -0.138753 0.510916 0.003230
v -0.140289 0.510916 -0.008499
v -0.140819 0.510916 -0.021500
v -0.140289 0.510916 -0.034501
v -0.138753 0.510916 -0.046230
v -0.136359 0.510916 -0.055538
v -0.133343 0.510916 -0.061514
v -0.130000 0.510916 -0.063573
v -0.126657 0.510916 -0.061514
v -0.123641 0.510916 -0.055538
v -0.121247 0.510916 -0.046230
v -0.119711 0.510916 -0.034501
v -0.119181 0.510916 -0.021500
v -0.122350 0.509160 -0.021500
v -0.122724 0.509160 -0.012307
v -0.123811 0.509160 -0.004013
v -0.125503 0.509160 0.002568
v -0.127636 0.509160 0.006794
v -0.130000 0.509160 0.008250
v -0.132364 0.509160 0.006794
v -0.134497 0.509160 0.002568
v -0.136189 0.509160 -0.004013
v -0.137276 0.509160 -0.012307
v -0.137650 0.509160 -0.021500
v -0.137276 0.509160 -0.030693
v -0.136189 0.509160 -0.038987
v -0.134497 0.509160 -0.045568
v -0.132364 0.509160 -0.049794
v -0.130000 0.509160 -0.051250
v -0.127636 0.509160 -0.049794
v -0.125503 0.509160 -0.045568
v -0.123811 0.509160 -0.038987
v -0.122724 0.509160 -0.030693
v -0.122350 0.509160 -0.021500
v -0.126040 0.508057 -0.021500
v -0.126234 0.508057 -0.016741
v -0.126796 0.508057 -0.012448
v -0.127672 0.508057 -0.009041
v -0.128776 0.508057 -0.006854
v -0.130000 0.508057 -0.006100
v -0.131224 0.508057 -0.006854
v -0.132328 0.508057 -0.009041
v -0.133204 0.508057 -0.012448
v -0.133766 0.508057 -0.016741
v -0.133960 0.508057 -0.021500
v -0.133766 0.508057 -0.026259
v -0.133204 0.508057 -0.030552
v -0.132328 0.508057 -0.033959
v -0.131224 0.508057 -0.036146
v -0.130000 0.508057 -0.036900
v -0.128776 0.508057 -0.036146
v -0.127672 0.508057 -0.033959
v -0.126796 0.508057 -0.030552
v -0.126234 0.508057 -0.026259
v -0.126040 0.508057 -0.021500
v -0.130000 0.507680 -0.021500
v -0.130000 0.507680 -0.021500
v -0.130000 0.507680 -0.021500
v -0.130000 0.507680 -0.021500
v -0.130000 0.507680 -0.021500
v -0.130000 0.507680 -0.021500
v -0.130000 0.507680 -0.021500
v -0.130000 0.507680 -0.021500
v -0.130000 0.507680 -0.021500
v -0.130000 0.507680 -0.021500
v -0.130000 0.507680 -0.021500
v -0.130000 0.507680 -0.021500
v -0.130000 0.507680 -0.021500
v -0.130000 0.507680 -0.021500
v -0.130000 0.507680 -0.021500
v -0.130000 0.507680 -0.021500
v -0.130000 0.507680 -0.021500
v -0.130000 0.507680 -0.021500
v -0.130000 0.507680 -0.021500
v -0.130000 0.507680 -0.021500
v -0.130000 0.507680 -0.021500
v -0.108750 0.529780 -0.021500
v -0.108750 0.529780 -0.021500
v -0.108750 0.529780 -0.021500
v -0.108750 0.529780 -0.021500
v -0.108750 0.529780 -0.021500
v -0.108750 0.529780 -0.021500
v -0.108750 0.529780 -0.021500
v -0.108750 0.529780 -0.021500
v -0.108750 0.529780 -0.021500
v -0.108750 0.529780 -0.021500
v -0.108750 0.529780 -0.021500
v -0.108750 0.529780 -0.021500
v -0.108750 0.529780 -0.021500
v -0.108750 0.529780 -0.021500
v -0.108750 0.529780 -0.021500
v -0.108750 0.529780 -0.021500
v -0.108750 0.529780 -0.021500
v -0.108750 0.529780 -0.021500
v -0.108750 0.529780 -0.021500
v -0.108750 0.529780 -0.021500
v -0.108750 0.529780 -0.021500
v -0.105029 0.529403 -0.022854
v -0.103583 0.529403 -0.018316
v -0.102644 0.529403 -0.014090
v -0.102302 0.529403 -0.010589
v -0.102591 0.529403 -0.008156
v -0.103483 0.529403 -0.007029
v -0.104891 0.529403 -0.007319
v -0.106676 0.529403 -0.008997
v -0.108665 0.529403 -0.011898
v -0.110661 0.529403 -0.015740
v -0.112471 0.529403 -0.020146
v -0.113917 0.529403 -0.024684
v -0.114856 0.529403 -0.028910
v -0.115198 0.529403 -0.032411
v -0.114909 0.529403 -0.034844
v -0.114017 0.529403 -0.035971
v -0.112609 0.529403 -0.035681
v -0.110824 0.529403 -0.034003
v -0.108835 0.529403 -0.031102
v -0.106839 0.529403 -0.027260
v -0.105029 0.529403 -0.022854
v -0.101561 0.528300 -0.024116
v -0.098769 0.528300 -0.015350
v -0.096953 0.528300 -0.007185
v -0.096293 0.528300 -0.000421
v -0.096851 0.528300 0.004279
v -0.098575 0.528300 0.006456
v -0.101294 0.528300 0.005896
v -0.104744 0.528300 0.002655
v -0.108585 0.528300 -0.002951
v -0.112443 0.528300 -0.010373
v -0.115939 0.528300 -0.018884
v -0.118731 0.528300 -0.027650
v -0.120547 0.528300 -0.035815
v -0.121207 0.528300 -0.042579
v -0.120649 0.528300 -0.047279
v -0.118925 0.528300 -0.049456
v -0.116206 0.528300 -0.048896
v -0.112756 0.528300 -0.045655
v -0.108915 0.528300 -0.040049
v -0.105057 0.528300 -0.032627
v -0.101561 0.528300 -0.024116
v -0.098584 0.526544 -0.025200
v -0.094635 0.526544 -0.012802
v -0.092067 0.526544 -0.001255
v -0.091133 0.526544 0.008310
v -0.091923 0.526544 0.014957
v -0.094360 0.526544 0.018036
v -0.098206 0.526544 0.017244
v -0.103084 0.526544 0.012660
v -0.108517 0.526544 0.004732
v -0.113972 0.526544 -0.005764
v -0.118916 0.526544 -0.017800
v -0.122865 0.526544 -0.030198
v -0.125433 0.526544 -0.041745
v -0.126367 0.526544 -0.051310
v -0.125577 0.526544 -0.057957
v -0.123140 0.526544 -0.061036
v -0.119294 0.526544 -0.060244
v -0.114416 0.526544 -0.055660
v -0.108983 0.526544 -0.047732
v -0.103528 0.526544 -0.037236
v -0.098584 0.526544 -0.025200
v -0.096299 0.524255 -0.026032
v -0.091462 0.524255 -0.010847
v -0.088318 0.524255 0.003295
v -0.087173 0.524255 0.015010
v -0.088141 0.524255 0.023151
v -0.091126 0.524255 0.026921
v -0.095836 0.524255 0.025951
v -0.101811 0.524255 0.020337
v -0.108464 0.524255 0.010627
v -0.115146 0.524255 -0.002227
v -0.121201 0.524255 -0.016968
v -0.126038 0.524255 -0.032153
v -0.129182 0.524255 -0.046295
v -0.130327 0.524255 -0.058010
v -0.129359 0.524255 -0.066151
v -0.126374 0.524255 -0.069921
v -0.121664 0.524255 -0.068951
v -0.115689 0.524255 -0.063337
v -0.109036 0.524255 -0.053627
v -0.102354 0.524255 -0.040773
v -0.096299 0.524255 -0.026032
v -0.094863 0.521590 -0.026555
v -0.089468 0.521590 -0.009618
v -0.085961 0.521590 0.006155
v -0.084685 0.521590 0.019221
v -0.085764 0.521590 0.028301
v -0.089093 0.521590 0.032507
v -0.094347 0.521590 0.031425
v -0.101010 0.521590 0.025163
v -0.108431 0.521590 0.014334
v -0.115883 0.521590 -0.000004
v -0.122637 0.521590 -0.016445
v -0.128032 0.521590 -0.033382
v -0.131539 0.521590 -0.049155
v -0.132815 0.521590 -0.062221
v -0.131736 0.521590 -0.071301
v -0.128407 0.521590 -0.075507
v -0.123153 0.521590 -0.074425
v -0.116490 0.521590 -0.068163
v -0.109069 0.521590 -0.057334
v -0.101617 0.521590 -0.042996
v -0.094863 0.521590 -0.026555
v -0.094373 0.518730 -0.026733
v -0.088788 0.518730 -0.009199
v -0.085157 0.518730 0.007131
v -0.083836 0.518730 0.020658
v -0.084953 0.518730 0.030058
v -0.088400 0.518730 0.034412
v -0.093839 0.518730 0.033292
v -0.100737 0.518730 0.026809
v -0.108420 0.518730 0.015598
v -0.116135 0.518730 0.000754
v -0.123127 0.518730 -0.016267
v -0.128712 0.518730 -0.033801
v -0.132343 0.518730 -0.050131
v -0.133664 0.518730 -0.063658
v -0.132547 0.518730 -0.073058
v -0.129100 0.518730 -0.077412
v -0.123661 0.518730 -0.076292
v -0.116763 0.518730 -0.069809
v -0.109080 0.518730 -0.058598
v -0.101365 0.518730 -0.043754
v -0.094373 0.518730 -0.026733
v -0.094863 0.515870 -0.026555
v -0.089468 0.515870 -0.009618
v -0.085961 0.515870 0.006155
v -0.084685 0.515870 0.019221
v -0.085764 0.515870 0.028301
v -0.089093 0.515870 0.032507
v -0.094347 0.515870 0.031425
v -0.101010 0.515870 0.025163
v -0.108431 0.515870 0.014334
v -0.115883 0.515870 -0.000004
v -0.122637 0.515870 -0.016445
v -0.128032 0.515870 -0.033382
v -0.131539 0.515870 -0.049155
v -0.132815 0.515870 -0.062221
v -0.131736 0.515870 -0.071301
v -0.128407 0.515870 -0.075507
v -0.123153 0.515870 -0.074425
v -0.116490 0.515870 -0.068163
v -0.109069 0.515870 -0.057334
v -0.101617 0.515870 -0.042996
v -0.094863 0.515870 -0.026555
v -0.096299 0.513205 -0.026032
v -0.091462 0.513205 -0.010847
v -0.088318 0.513205 0.003295
v -0.087173 0.513205 0.015010
v -0.088141 0.513205 0.023151
v -0.091126 0.513205 0.026921
v -0.095836 0.513205 0.025951
v -0.101811 0.513205 0.020337
v -0.108464 0.513205 0.010627
v -0.115146 0.513205 -0.002227
v -0.121201 0.513205 -0.016968
v -0.126038 0.513205 -0.032153
v -0.129182 0.513205 -0.046295
v -0.130327 0.513205 -0.058010
v -0.129359 0.513205 -0.066151
v -0.126374 0.513205 -0.069921
v -0.121664 0.513205 -0.068951
v -0.115689 0.513205 -0.063337
v -0.109036 0.513205 -0.053627
v -0.102354 0.513205 -0.040773
v -0.096299 0.513205 -0.026032
v -0.098584 0.510916 -0.025200
v -0.094635 0.510916 -0.012802
v -0.092067 0.510916 -0.001255
v -0.091133 0.510916 0.008310
v -0.091923 0.510916 0.014957
v -0.094360 0.510916 0.018036
v -0.098206 0.510916 0.017244
v -0.103084 0.510916 0.012660
v -0.108517 0.510916 0.004732
v -0.113972 0.510916 -0.005764
v -0.118916 0.510916 -0.017800
v -0.122865 0.510916 -0.030198
v -0.125433 0.510916 -0.041745
v -0.126367 0.510916 -0.051310
v -0.125577 0.510916 -0.057957
v -0.123140 0.510916 -0.061036
v -0.119294 0.510916 -0.060244
v -0.114416 0.510916 -0.055660
v -0.108983 0.510916 -0.047732
v -0.103528 0.510916 -0.037236
v -0.098584 0.510916 -0.025200
v -0.101561 0.509160 -0.024116
v -0.098769 0.509160 -0.015350
v -0.096953 0.509160 -0.007185
v -0.096293 0.509160 -0.000421
v -0.096851 0.509160 0.004279
v -0.098575 0.509160 0.006456
v -0.101294 0.509160 0.005896
v -0.104744 0.509160 0.002655
v -0.108585 0.509160 -0.002951
v -0.112443 0.509160 -0.010373
v -0.115939 0.509160 -0.018884
v -0.118731 0.509160 -0.027650
v -0.120547 0.509160 -0.035815
v -0.121207 0.509160 -0.042579
v -0.120649 0.509160 -0.047279
v -0.118925 0.509160 -0.049456
v -0.116206 0.509160 -0.048896
v -0.112756 0.509160 -0.045655
v -0.108915 0.509160 -0.040049
v -0.105057 0.509160 -0.032627
v -0.101561 0.509160 -0.024116
v -0.105029 0.508057 -0.022854
v -0.103583 0.508057 -0.018316
v -0.102644 0.508057 -0.014090
v -0.102302 0.508057 -0.010589
v -0.102591 0.508057 -0.008156
v -0.103483 0.508057 -0.007029
v -0.104891 0.508057 -0.007319
v -0.106676 0.508057 -0.008997
v -0.108665 0.508057 -0.011898
v -0.110661 0.508057 -0.015740
v -0.112471 0.508057 -0.020146
v -0.113917 0.508057 -0.024684
v -0.114856 0.508057 -0.028910
v -0.115198 0.508057 -0.032411
v -0.114909 0.508057 -0.034844
v -0.114017 0.508057 -0.035971
v -0.112609 0.508057 -0.035681
v -0.110824 0.508057 -0.034003
v -0.108835 0.508057 -0.031102
v -0.106839 0.508057 -0.027260
v -0.105029 0.508057 -0.022854
v -0.108750 0.507680 -0.021500
v -0.108750 0.507680 -0.021500
v -0.108750 0.507680 -0.021500
v -0.108750 0.507680 -0.021500
v -0.108750 0.507680 -0.021500
v -0.108750 0.507680 -0.021500
v -0.108750 0.507680 -0.021500
v -0.108750 0.507680 -0.021500
v -0.108750 0.507680 -0.021500
v -0.108750 0.507680 -0.021500
v -0.108750 0.507680 -0.021500
v -0.108750 0.507680 -0.021500
v -0.108750 0.507680 -0.021500
v -0.108750 0.507680 -0.021500
v -0.108750 0.507680 -0.021500
v -0.108750 0.507680 -0.021500
v -0.108750 0.507680 -0.021500
v -0.108750 0.507680 -0.021500
v -0.108750 0.507680 -0.021500
v -0.108750 0.507680 -0.021500
v -0.108750 0.507680 -0.021500
v 0.183889 0.529780 -0.035692
v 0.183889 0.529780 -0.035692
v 0.183889 0.529780 -0.035692
v 0.183889 0.529780 -0.035692
v 0.183889 0.529780 -0.035692
v 0.183889 0.529780 -0.035692
v 0.183889 0.529780 -0.035692
v 0.183889 0.529780 -0.035692
v 0.183889 0.529780 -0.035692
v 0.183889 0.529780 -0.035692
v 0.183889 0.529780 -0.035692
v 0.183889 0.529780 -0.035692
v 0.183889 0.529780 -0.035692
v 0.183889 0.529780 -0.035692
v 0.183889 0.529780 -0.035692
v 0.183889 0.529780 -0.035692
v 0.183889 0.529780 -0.035692
v 0.183889 0.529780 -0.035692
v 0.183889 0.529780 -0.035692
v 0.183889 0.529780 -0.035692
v 0.183889 0.529780 -0.035692
v 0.187417 0.529403 -0.037490
v 0.189405 0.529403 -0.033162
v 0.190853 0.529403 -0.029081
v 0.191619 0.529403 -0.025648
v 0.191629 0.529403 -0.023198
v 0.190880 0.529403 -0.021971
v 0.189448 0.529403 -0.022087
v 0.187471 0.529403 -0.023534
v 0.185144 0.529403 -0.026172
v 0.182694 0.529403 -0.029742
v 0.180361 0.529403 -0.033894
v 0.178373 0.529403 -0.038222
v 0.176925 0.529403 -0.042303
v 0.176159 0.529403 -0.045736
v 0.176150 0.529403 -0.048186
v 0.176898 0.529403 -0.049413
v 0.178330 0.529403 -0.049297
v 0.180307 0.529403 -0.047849
v 0.182634 0.529403 -0.045211
v 0.185084 0.529403 -0.041642
v 0.187417 0.529403 -0.037490
v 0.190705 0.528300 -0.039165
v 0.194545 0.528300 -0.030804
v 0.197342 0.528300 -0.022921
v 0.198822 0.528300 -0.016288
v 0.198841 0.528300 -0.011555
v 0.197395 0.528300 -0.009184
v 0.194628 0.528300 -0.009409
v 0.190809 0.528300 -0.012206
v 0.186313 0.528300 -0.017301
v 0.181580 0.528300 -0.024198
v 0.177073 0.528300 -0.032219
v 0.173233 0.528300 -0.040580
v 0.170436 0.528300 -0.048463
v 0.168956 0.528300 -0.055095
v 0.168938 0.528300 -0.059829
v 0.170383 0.528300 -0.062199
v 0.173150 0.528300 -0.061975
v 0.176969 0.528300 -0.059178
v 0.181465 0.528300 -0.054082
v 0.186198 0.528300 -0.047186
v 0.190705 0.528300 -0.039165
v 0.193529 0.526544 -0.040603
v 0.198959 0.526544 -0.028779
v 0.202915 0.526544 -0.017631
v 0.205008 0.526544 -0.008251
v 0.205034 0.526544 -0.001557
v 0.202990 0.526544 0.001795
v 0.199076 0.526544 0.001478
v 0.193676 0.526544 -0.002477
v 0.187318 0.526544 -0.009684
v 0.180624 0.526544 -0.019436
v 0.174250 0.526544 -0.030780
v 0.168819 0.526544 -0.042605
v 0.164863 0.526544 -0.053753
v 0.162770 0.526544 -0.063133
v 0.162744 0.526544 -0.069827
v 0.164788 0.526544 -0.073179
v 0.168702 0.526544 -0.072862
v 0.174102 0.526544 -0.068907
v 0.180461 0.526544 -0.061700
v 0.187154 0.526544 -0.051947
v 0.193529 0.526544 -0.040603
v 0.195695 0.524255 -0.041707
v 0.202346 0.524255 -0.027225
v 0.207191 0.524255 -0.013572
v 0.209754 0.524255 -0.002084
v 0.209786 0.524255 0.006114
v 0.207283 0.524255 0.010220
v 0.202489 0.524255 0.009832
v 0.195875 0.524255 0.004988
v 0.188088 0.524255 -0.003839
v 0.179890 0.524255 -0.015783
v 0.172083 0.524255 -0.029676
v 0.165432 0.524255 -0.044159
v 0.160588 0.524255 -0.057812
v 0.158024 0.524255 -0.069300
v 0.157992 0.524255 -0.077498
v 0.160496 0.524255 -0.081604
v 0.165289 0.524255 -0.081216
v 0.171903 0.524255 -0.076371
v 0.179690 0.524255 -0.067545
v 0.187888 0.524255 -0.055601
v 0.195695 0.524255 -0.041707
v 0.197057 0.521590 -0.042401
v 0.204475 0.521590 -0.026249
v 0.209879 0.521590 -0.011020
v 0.212738 0.521590 0.001793
v 0.212773 0.521590 0.010937
v 0.209981 0.521590 0.015517
v 0.204635 0.521590 0.015084
v 0.197258 0.521590 0.009680
v 0.188573 0.521590 -0.000164
v 0.179429 0.521590 -0.013487
v 0.170721 0.521590 -0.028983
v 0.163303 0.521590 -0.045135
v 0.157900 0.521590 -0.060363
v 0.155040 0.521590 -0.073177
v 0.155005 0.521590 -0.082321
v 0.157797 0.521590 -0.086900
v 0.163143 0.521590 -0.086467
v 0.170520 0.521590 -0.081064
v 0.179206 0.521590 -0.071219
v 0.188350 0.521590 -0.057897
v 0.197057 0.521590 -0.042401
v 0.197522 0.518730 -0.042638
v 0.205202 0.518730 -0.025915
v 0.210795 0.518730 -0.010150
v 0.213756 0.518730 0.003115
v 0.213792 0.518730 0.012582
v 0.210902 0.518730 0.017323
v 0.205367 0.518730 0.016875
v 0.197730 0.518730 0.011281
v 0.188738 0.518730 0.001089
v 0.179271 0.518730 -0.012703
v 0.170257 0.518730 -0.028746
v 0.162577 0.518730 -0.045468
v 0.156983 0.518730 -0.061234
v 0.154023 0.518730 -0.074499
v 0.153986 0.518730 -0.083966
v 0.156877 0.518730 -0.088707
v 0.162411 0.518730 -0.088258
v 0.170049 0.518730 -0.082665
v 0.179040 0.518730 -0.072473
v 0.188507 0.518730 -0.058680
v 0.197522 0.518730 -0.042638
v 0.197057 0.515870 -0.042401
v 0.204475 0.515870 -0.026249
v 0.209879 0.515870 -0.011020
v 0.212738 0.515870 0.001793
v 0.212773 0.515870 0.010937
v 0.209981 0.515870 0.015517
v 0.204635 0.515870 0.015084
v 0.197258 0.515870 0.009680
v 0.188573 0.515870 -0.000164
v 0.179429 0.515870 -0.013487
v 0.170721 0.515870 -0.028983
v 0.163303 0.515870 -0.045135
v 0.157900 0.515870 -0.060363
v 0.155040 0.515870 -0.073177
v 0.155005 0.515870 -0.082321
v 0.157797 0.515870 -0.086900
v 0.163143 0.515870 -0.086467
v 0.170520 0.515870 -0.081064
v 0.179206 0.515870 -0.071219
v 0.188350 0.515870 -0.057897
v 0.197057 0.515870 -0.042401
v 0.195695 0.513205 -0.041707
v 0.202346 0.513205 -0.027225
v 0.207191 0.513205 -0.013572
v 0.209754 0.513205 -0.002084
v 0.209786 0.513205 0.006114
v 0.207283 0.513205 0.010220
v 0.202489 0.513205 0.009832
v 0.195875 0.513205 0.004988
v 0.188088 0.513205 -0.003839
v 0.179890 0.513205 -0.015783
v 0.172083 0.513205 -0.029676
v 0.165432 0.513205 -0.044159
v 0.160588 0.513205 -0.057812
v 0.158024 0.513205 -0.069300
v 0.157992 0.513205 -0.077498
v 0.160496 0.513205 -0.081604
v 0.165289 0.513205 -0.081216
v 0.171903 0.513205 -0.076371
v 0.179690 0.513205 -0.067545
v 0.187888 0.513205 -0.055601
v 0.195695 0.513205 -0.041707
v 0.193529 0.510916 -0.040603
v 0.198959 0.510916 -0.028779
v 0.202915 0.510916 -0.017631
v 0.205008 0.510916 -0.008251
v 0.205034 0.510916 -0.001557
v 0.202990 0.510916 0.001795
v 0.199076 0.510916 0.001478
v 0.193676 0.510916 -0.002477
v 0.187318 0.510916 -0.009684
v 0.180624 0.510916 -0.019436
v 0.174250 0.510916 -0.030780
v 0.168819 0.510916 -0.042605
v 0.164863 0.510916 -0.053753
v 0.162770 0.510916 -0.063133
v 0.162744 0.510916 -0.069827
v 0.164788 0.510916 -0.073179
v 0.168702 0.510916 -0.072862
v 0.174102 0.510916 -0.068907
v 0.180461 0.510916 -0.061700
v 0.187154 0.510916 -0.051947
v 0.193529 0.510916 -0.040603
v 0.190705 0.509160 -0.039165
v 0.194545 0.509160 -0.030804
v 0.197342 0.509160 -0.022921
v 0.198822 0.509160 -0.016288
v 0.198841 0.509160 -0.011555
v 0.197395 0.509160 -0.009184
v 0.194628 0.509160 -0.009409
v 0.190809 0.509160 -0.012206
v 0.186313 0.509160 -0.017301
v 0.181580 0.509160 -0.024198
v 0.177073 0.509160 -0.032219
v 0.173233 0.509160 -0.040580
v 0.170436 0.509160 -0.048463
v 0.168956 0.509160 -0.055095
v 0.168938 0.509160 -0.059829
v 0.170383 0.509160 -0.062199
v 0.173150 0.509160 -0.061975
v 0.176969 0.509160 -0.059178
v 0.181465 0.509160 -0.054082
v 0.186198 0.509160 -0.047186
v 0.190705 0.509160 -0.039165
v 0.187417 0.508057 -0.037490
v 0.189405 0.508057 -0.033162
v 0.190853 0.508057 -0.029081
v 0.191619 0.508057 -0.025648
v 0.191629 0.508057 -0.023198
v 0.190880 0.508057 -0.021971
v 0.189448 0.508057 -0.022087
v 0.187471 0.508057 -0.023534
v 0.185144 0.508057 -0.026172
v 0.182694 0.508057 -0.029742
v 0.180361 0.508057 -0.033894
v 0.178373 0.508057 -0.038222
v 0.176925 0.508057 -0.042303
v 0.176159 0.508057 -0.045736
v 0.176150 0.508057 -0.048186
v 0.176898 0.508057 -0.049413
v 0.178330 0.508057 -0.049297
v 0.180307 0.508057 -0.047849
v 0.182634 0.508057 -0.045211
v 0.185084 0.508057 -0.041642
v 0.187417 0.508057 -0.037490
v 0.183889 0.507680 -0.035692
v 0.183889 0.507680 -0.035692
v 0.183889 0.507680 -0.035692
v 0.183889 0.507680 -0.035692
v 0.183889 0.507680 -0.035692
v 0.183889 0.507680 -0.035692
v 0.183889 0.507680 -0.035692
v 0.183889 0.507680 -0.035692
v 0.183889 0.507680 -0.035692
v 0.183889 0.507680 -0.035692
v 0.183889 0.507680 -0.035692
v 0.183889 0.507680 -0.035692
v 0.183889 0.507680 -0.035692
v 0.183889 0.507680 -0.035692
v 0.183889 0.507680 -0.035692
v 0.183889 0.507680 -0.035692
v 0.183889 0.507680 -0.035692
v 0.183889 0.507680 -0.035692
v 0.183889 0.507680 -0.035692
v 0.183889 0.507680 -0.035692
v 0.183889 0.507680 -0.035692
v 0.198382 0.529780 -0.051233
v 0.198382 0.529780 -0.051233
v 0.198382 0.529780 -0.051233
v 0.198382 0.529780 -0.051233
v 0.198382 0.529780 -0.051233
v 0.198382 0.529780 -0.051233
v 0.198382 0.529780 -0.051233
v 0.198382 0.529780 -0.051233
v 0.198382 0.529780 -0.051233
v 0.198382 0.529780 -0.051233
v 0.198382 0.529780 -0.051233
v 0.198382 0.529780 -0.051233
v 0.198382 0.529780 -0.051233
v 0.198382 0.529780 -0.051233
v 0.198382 0.529780 -0.051233
v 0.198382 0.529780 -0.051233
v 0.198382 0.529780 -0.051233
v 0.198382 0.529780 -0.051233
v 0.198382 0.529780 -0.051233
v 0.198382 0.529780 -0.051233
v 0.198382 0.529780 -0.051233
v 0.201082 0.529403 -0.054129
v 0.204430 0.529403 -0.050742
v 0.207186 0.529403 -0.047403
v 0.209081 0.529403 -0.044439
v 0.209928 0.529403 -0.042140
v 0.209644 0.529403 -0.040731
v 0.208258 0.529403 -0.040350
v 0.205906 0.529403 -0.041034
v 0.202817 0.529403 -0.042717
v 0.199293 0.529403 -0.045233
v 0.195681 0.529403 -0.048337
v 0.192333 0.529403 -0.051724
v 0.189577 0.529403 -0.055063
v 0.187682 0.529403 -0.058028
v 0.186836 0.529403 -0.060327
v 0.187119 0.529403 -0.061736
v 0.188505 0.529403 -0.062117
v 0.190857 0.529403 -0.061432
v 0.193946 0.529403 -0.059749
v 0.197470 0.529403 -0.057233
v 0.201082 0.529403 -0.054129
v 0.203599 0.528300 -0.056828
v 0.210067 0.528300 -0.050284
v 0.215391 0.528300 -0.043834
v 0.219051 0.528300 -0.038107
v 0.220687 0.528300 -0.033666
v 0.220139 0.528300 -0.030944
v 0.217462 0.528300 -0.030208
v 0.212917 0.528300 -0.031530
v 0.206950 0.528300 -0.034781
v 0.200143 0.528300 -0.039642
v 0.193164 0.528300 -0.045638
v 0.186696 0.528300 -0.052182
v 0.181372 0.528300 -0.058633
v 0.177713 0.528300 -0.064359
v 0.176076 0.528300 -0.068801
v 0.176624 0.528300 -0.071523
v 0.179301 0.528300 -0.072258
v 0.183846 0.528300 -0.070936
v 0.189814 0.528300 -0.067685
v 0.196620 0.528300 -0.062824
v 0.203599 0.528300 -0.056828
v 0.205760 0.526544 -0.059145
v 0.214907 0.526544 -0.049891
v 0.222437 0.526544 -0.040769
v 0.227612 0.526544 -0.032670
v 0.229926 0.526544 -0.026389
v 0.229152 0.526544 -0.022540
v 0.225366 0.526544 -0.021499
v 0.218938 0.526544 -0.023369
v 0.210499 0.526544 -0.027966
v 0.200873 0.526544 -0.034841
v 0.191003 0.526544 -0.043321
v 0.181856 0.526544 -0.052575
v 0.174326 0.526544 -0.061698
v 0.169151 0.526544 -0.069796
v 0.166837 0.526544 -0.076077
v 0.167611 0.526544 -0.079927
v 0.171397 0.526544 -0.080967
v 0.177825 0.526544 -0.079098
v 0.186265 0.526544 -0.074500
v 0.195890 0.526544 -0.067625
v 0.205760 0.526544 -0.059145
v 0.207418 0.524255 -0.060924
v 0.218621 0.524255 -0.049590
v 0.227843 0.524255 -0.038417
v 0.234181 0.524255 -0.028498
v 0.237015 0.524255 -0.020805
v 0.236067 0.524255 -0.016091
v 0.231430 0.524255 -0.014816
v 0.223558 0.524255 -0.017106
v 0.213222 0.524255 -0.022737
v 0.201433 0.524255 -0.031157
v 0.189345 0.524255 -0.041543
v 0.178142 0.524255 -0.052876
v 0.168920 0.524255 -0.064049
v 0.162582 0.524255 -0.073968
v 0.159748 0.524255 -0.081661
v 0.160696 0.524255 -0.086376
v 0.165333 0.524255 -0.087650
v 0.173205 0.524255 -0.085360
v 0.183541 0.524255 -0.079729
v 0.195330 0.524255 -0.071309
v 0.207418 0.524255 -0.060924
v 0.208461 0.521590 -0.062042
v 0.220956 0.521590 -0.049400
v 0.231242 0.521590 -0.036938
v 0.238311 0.521590 -0.025876
v 0.241472 0.521590 -0.017295
v 0.240414 0.521590 -0.012037
v 0.235243 0.521590 -0.010615
v 0.226463 0.521590 -0.013170
v 0.214934 0.521590 -0.019450
v 0.201785 0.521590 -0.028841
v 0.188303 0.521590 -0.040425
v 0.175807 0.521590 -0.053066
v 0.165521 0.521590 -0.065528
v 0.158452 0.521590 -0.076591
v 0.155291 0.521590 -0.085171
v 0.156349 0.521590 -0.090429
v 0.161521 0.521590 -0.091851
v 0.170301 0.521590 -0.089297
v 0.181829 0.521590 -0.083016
v 0.194978 0.521590 -0.073625
v 0.208461 0.521590 -0.062042
v 0.208816 0.518730 -0.062423
v 0.221752 0.518730 -0.049336
v 0.232401 0.518730 -0.036434
v 0.239720 0.518730 -0.024981
v 0.242992 0.518730 -0.016098
v 0.241897 0.518730 -0.010654
v 0.236543 0.518730 -0.009183
v 0.227453 0.518730 -0.011827
v 0.215518 0.518730 -0.018329
v 0.201905 0.518730 -0.028052
v 0.187947 0.518730 -0.040043
v 0.175011 0.518730 -0.053131
v 0.164362 0.518730 -0.066032
v 0.157043 0.518730 -0.077485
v 0.153771 0.518730 -0.086368
v 0.154866 0.518730 -0.091812
v 0.160220 0.518730 -0.093284
v 0.169310 0.518730 -0.090639
v 0.181246 0.518730 -0.084138
v 0.194858 0.518730 -0.074415
v 0.208816 0.518730 -0.062423
v 0.208461 0.515870 -0.062042
v 0.220956 0.515870 -0.049400
v 0.231242 0.515870 -0.036938
v 0.238311 0.515870 -0.025876
v 0.241472 0.515870 -0.017295
v 0.240414 0.515870 -0.012037
v 0.235243 0.515870 -0.010615
v 0.226463 0.515870 -0.013170
v 0.214934 0.515870 -0.019450
v 0.201785 0.515870 -0.028841
v 0.188303 0.515870 -0.040425
v 0.175807 0.515870 -0.053066
v 0.165521 0.515870 -0.065528
v 0.158452 0.515870 -0.076591
v 0.155291 0.515870 -0.085171
v 0.156349 0.515870 -0.090429
v 0.161521 0.515870 -0.091851
v 0.170301 0.515870 -0.089297
v 0.181829 0.515870 -0.083016
v 0.194978 0.515870 -0.073625
v 0.208461 0.515870 -0.062042
v 0.207418 0.513205 -0.060924
v 0.218621 0.513205 -0.049590
v 0.227843 0.513205 -0.038417
v 0.234181 0.513205 -0.028498
v 0.237015 0.513205 -0.020805
v 0.236067 0.513205 -0.016091
v 0.231430 0.513205 -0.014816
v 0.223558 0.513205 -0.017106
v 0.213222 0.513205 -0.022737
v 0.201433 0.513205 -0.031157
v 0.189345 0.513205 -0.041543
v 0.178142 0.513205 -0.052876
v 0.168920 0.513205 -0.064049
v 0.162582 0.513205 -0.073968
v 0.159748 0.513205 -0.081661
v 0.160696 0.513205 -0.086376
v 0.165333 0.513205 -0.087650
v 0.173205 0.513205 -0.085360
v 0.183541 0.513205 -0.079729
v 0.195330 0.513205 -0.071309
v 0.207418 0.513205 -0.060924
v 0.205760 0.510916 -0.059145
v 0.214907 0.510916 -0.049891
v 0.222437 0.510916 -0.040769
v 0.227612 0.510916 -0.032670
v 0.229926 0.510916 -0.026389
v 0.229152 0.510916 -0.022540
v 0.225366 0.510916 -0.021499
v 0.218938 0.510916 -0.023369
v 0.210499 0.510916 -0.027966
v 0.200873 0.510916 -0.034841
v 0.191003 0.510916 -0.043321
v 0.181856 0.510916 -0.052575
v 0.174326 0.510916 -0.061698
v 0.169151 0.510916 -0.069796
v 0.166837 0.510916 -0.076077
v 0.167611 0.510916 -0.079927
v 0.171397 0.510916 -0.080967
v 0.177825 0.510916 -0.079098
v 0.186265 0.510916 -0.074500
v 0.195890 0.510916 -0.067625
v 0.205760 0.510916 -0.059145
v 0.203599 0.509160 -0.056828
v 0.210067 0.509160 -0.050284
v 0.215391 0.509160 -0.043834
v 0.219051 0.509160 -0.038107
v 0.220687 0.509160 -0.033666
v 0.220139 0.509160 -0.030944
v 0.217462 0.509160 -0.030208
v 0.212917 0.509160 -0.031530
v 0.206950 0.509160 -0.034781
v 0.200143 0.509160 -0.039642
v 0.193164 0.509160 -0.045638
v 0.186696 0.509160 -0.052182
v 0.181372 0.509160 -0.058633
v 0.177713 0.509160 -0.064359
v 0.176076 0.509160 -0.068801
v 0.176624 0.509160 -0.071523
v 0.179301 0.509160 -0.072258
v 0.183846 0.509160 -0.070936
v 0.189814 0.509160 -0.067685
v 0.196620 0.509160 -0.062824
v 0.203599 0.509160 -0.056828
v 0.201082 0.508057 -0.054129
v 0.204430 0.508057 -0.050742
v 0.207186 0.508057 -0.047403
v 0.209081 0.508057 -0.044439
v 0.209928 0.508057 -0.042140
v 0.209644 0.508057 -0.040731
v 0.208258 0.508057 -0.040350
v 0.205906 0.508057 -0.041034
v 0.202817 0.508057 -0.042717
v 0.199293 0.508057 -0.045233
v 0.195681 0.508057 -0.048337
v 0.192333 0.508057 -0.051724
v 0.189577 0.508057 -0.055063
v 0.187682 0.508057 -0.058028
v 0.186836 0.508057 -0.060327
v 0.187119 0.508057 -0.061736
v 0.188505 0.508057 -0.062117
v 0.190857 0.508057 -0.061432
v 0.193946 0.508057 -0.059749
v 0.197470 0.508057 -0.057233
v 0.201082 0.508057 -0.054129
v 0.198382 0.507680 -0.051233
v 0.198382 0.507680 -0.051233
v 0.198382 0.507680 -0.051233
v 0.198382 0.507680 -0.051233
v 0.198382 0.507680 -0.051233
v 0.198382 0.507680 -0.051233
v 0.198382 0.507680 -0.051233
v 0.198382 0.507680 -0.051233
v 0.198382 0.507680 -0.051233
v 0.198382 0.507680 -0.051233
v 0.198382 0.507680 -0.051233
v 0.198382 0.507680 -0.051233
v 0.198382 0.507680 -0.051233
v 0.198382 0.507680 -0.051233
v 0.198382 0.507680 -0.051233
v 0.198382 0.507680 -0.051233
v 0.198382 0.507680 -0.051233
v 0.198382 0.507680 -0.051233
v 0.198382 0.507680 -0.051233
v 0.198382 0.507680 -0.051233
v 0.198382 0.507680 -0.051233
v 0.212874 0.529780 -0.066774
v 0.212874 0.529780 -0.066774
v 0.212874 0.529780 -0.066774
v 0.212874 0.529780 -0.066774
v 0.212874 0.529780 -0.066774
v 0.212874 0.529780 -0.066774
v 0.212874 0.529780 -0.066774
v 0.212874 0.529780 -0.066774
v 0.212874 0.529780 -0.066774
v 0.212874 0.529780 -0.066774
v 0.212874 0.529780 -0.066774
v 0.212874 0.529780 -0.066774
v 0.212874 0.529780 -0.066774
v 0.212874 0.529780 -0.066774
v 0.212874 0.529780 -0.066774
v 0.212874 0.529780 -0.066774
v 0.212874 0.529780 -0.066774
v 0.212874 0.529780 -0.066774
v 0.212874 0.529780 -0.066774
v 0.212874 0.529780 -0.066774
v 0.212874 0.529780 -0.066774
v 0.214421 0.529403 -0.070420
v 0.218726 0.529403 -0.068382
v 0.222458 0.529403 -0.066187
v 0.225252 0.529403 -0.064049
v 0.226834 0.529403 -0.062178
v 0.227050 0.529403 -0.060757
v 0.225878 0.529403 -0.059925
v 0.223433 0.529403 -0.059764
v 0.219954 0.529403 -0.060289
v 0.215783 0.529403 -0.061448
v 0.211327 0.529403 -0.063129
v 0.207022 0.529403 -0.065167
v 0.203290 0.529403 -0.067362
v 0.200496 0.529403 -0.069500
v 0.198914 0.529403 -0.071371
v 0.198699 0.529403 -0.072792
v 0.199870 0.529403 -0.073623
v 0.202315 0.529403 -0.073785
v 0.205794 0.529403 -0.073260
v 0.209965 0.529403 -0.072101
v 0.214421 0.529403 -0.070420
v 0.215863 0.528300 -0.073816
v 0.224179 0.528300 -0.069880
v 0.231389 0.528300 -0.065639
v 0.236786 0.528300 -0.061509
v 0.239842 0.528300 -0.057895
v 0.240259 0.528300 -0.055150
v 0.237995 0.528300 -0.053543
v 0.233272 0.528300 -0.053231
v 0.226552 0.528300 -0.054245
v 0.218494 0.528300 -0.056485
v 0.209885 0.528300 -0.059733
v 0.201569 0.528300 -0.063669
v 0.194359 0.528300 -0.067910
v 0.188962 0.528300 -0.072040
v 0.185906 0.528300 -0.075654
v 0.185489 0.528300 -0.078399
v 0.187753 0.528300 -0.080006
v 0.192476 0.528300 -0.080318
v 0.199196 0.528300 -0.079304
v 0.207254 0.528300 -0.077064
v 0.215863 0.528300 -0.073816
v 0.217101 0.526544 -0.076733
v 0.228862 0.526544 -0.071166
v 0.239058 0.526544 -0.065168
v 0.246691 0.526544 -0.059328
v 0.251013 0.526544 -0.054217
v 0.251602 0.526544 -0.050335
v 0.248401 0.526544 -0.048062
v 0.241721 0.526544 -0.047621
v 0.232218 0.526544 -0.049055
v 0.220821 0.526544 -0.052223
v 0.208647 0.526544 -0.056816
v 0.196886 0.526544 -0.062383
v 0.186690 0.526544 -0.068380
v 0.179058 0.526544 -0.074220
v 0.174735 0.526544 -0.079332
v 0.174146 0.526544 -0.083214
v 0.177348 0.526544 -0.085486
v 0.184027 0.526544 -0.085928
v 0.193530 0.526544 -0.084494
v 0.204927 0.526544 -0.081326
v 0.217101 0.526544 -0.076733
v 0.218051 0.524255 -0.078971
v 0.232455 0.524255 -0.072153
v 0.244943 0.524255 -0.064808
v 0.254291 0.524255 -0.057655
v 0.259585 0.524255 -0.051395
v 0.260306 0.524255 -0.046641
v 0.256385 0.524255 -0.043857
v 0.248204 0.524255 -0.043317
v 0.236566 0.524255 -0.045073
v 0.222608 0.524255 -0.048953
v 0.207697 0.524255 -0.054578
v 0.193293 0.524255 -0.061396
v 0.180806 0.524255 -0.068741
v 0.171457 0.524255 -0.075894
v 0.166163 0.524255 -0.082154
v 0.165442 0.524255 -0.086908
v 0.169363 0.524255 -0.089692
v 0.177544 0.524255 -0.090232
v 0.189183 0.524255 -0.088476
v 0.203141 0.524255 -0.084596
v 0.218051 0.524255 -0.078971
v 0.218649 0.521590 -0.080378
v 0.234714 0.521590 -0.072773
v 0.248642 0.521590 -0.064581
v 0.259068 0.521590 -0.056603
v 0.264973 0.521590 -0.049621
v 0.265778 0.521590 -0.044318
v 0.261404 0.521590 -0.041213
v 0.252280 0.521590 -0.040611
v 0.239298 0.521590 -0.042569
v 0.223730 0.521590 -0.046897
v 0.207100 0.521590 -0.053171
v 0.191034 0.521590 -0.060776
v 0.177106 0.521590 -0.068968
v 0.166680 0.521590 -0.076946
v 0.160775 0.521590 -0.083928
v 0.159970 0.521590 -0.089231
v 0.164344 0.521590 -0.092335
v 0.173468 0.521590 -0.092938
v 0.186450 0.521590 -0.090980
v 0.202018 0.521590 -0.086652
v 0.218649 0.521590 -0.080378
v 0.218852 0.518730 -0.080858
v 0.235485 0.518730 -0.072985
v 0.249904 0.518730 -0.064503
v 0.260698 0.518730 -0.056244
v 0.266811 0.518730 -0.049016
v 0.267644 0.518730 -0.043526
v 0.263116 0.518730 -0.040312
v 0.253670 0.518730 -0.039688
v 0.240231 0.518730 -0.041715
v 0.224113 0.518730 -0.046196
v 0.206896 0.518730 -0.052691
v 0.190264 0.518730 -0.060564
v 0.175845 0.518730 -0.069046
v 0.165050 0.518730 -0.077305
v 0.158937 0.518730 -0.084533
v 0.158104 0.518730 -0.090023
v 0.162632 0.518730 -0.093237
v 0.172078 0.518730 -0.093861
v 0.185517 0.518730 -0.091834
v 0.201635 0.518730 -0.087353
v 0.218852 0.518730 -0.080858
v 0.218649 0.515870 -0.080378
v 0.234714 0.515870 -0.072773
v 0.248642 0.515870 -0.064581
v 0.259068 0.515870 -0.056603
v 0.264973 0.515870 -0.049621
v 0.265778 0.515870 -0.044318
v 0.261404 0.515870 -0.041213
v 0.252280 0.515870 -0.040611
v 0.239298 0.515870 -0.042569
v 0.223730 0.515870 -0.046897
v 0.207100 0.515870 -0.053171
v 0.191034 0.515870 -0.060776
v 0.177106 0.515870 -0.068968
v 0.166680 0.515870 -0.076946
v 0.160775 0.515870 -0.083928
v 0.159970 0.515870 -0.089231
v 0.164344 0.515870 -0.092335
v 0.173468 0.515870 -0.092938
v 0.186450 0.515870 -0.090980
v 0.202018 0.515870 -0.086652
v 0.218649 0.515870 -0.080378
v 0.218051 0.513205 -0.078971
v 0.232455 0.513205 -0.072153
v 0.244943 0.513205 -0.064808
v 0.254291 0.513205 -0.057655
v 0.259585 0.513205 -0.051395
v 0.260306 0.513205 -0.046641
v 0.256385 0.513205 -0.043857
v 0.248204 0.513205 -0.043317
v 0.236566 0.513205 -0.045073
v 0.222608 0.513205 -0.048953
v 0.207697 0.513205 -0.054578
v 0.193293 0.513205 -0.061396
v 0.180806 0.513205 -0.068741
v 0.171457 0.513205 -0.075894
v 0.166163 0.513205 -0.082154
v 0.165442 0.513205 -0.086908
v 0.169363 0.513205 -0.089692
v 0.177544 0.513205 -0.090232
v 0.189183 0.513205 -0.088476
v 0.203141 0.513205 -0.084596
v 0.218051 0.513205 -0.078971
v 0.217101 0.510916 -0.076733
v 0.228862 0.510916 -0.071166
v 0.239058 0.510916 -0.065168
v 0.246691 0.510916 -0.059328
v 0.251013 0.510916 -0.054217
v 0.251602 0.510916 -0.050335
v 0.248401 0.510916 -0.048062
v 0.241721 0.510916 -0.047621
v 0.232218 0.510916 -0.049055
v 0.220821 0.510916 -0.052223
v 0.208647 0.510916 -0.056816
v 0.196886 0.510916 -0.062383
v 0.186690 0.510916 -0.068380
v 0.179058 0.510916 -0.074220
v 0.174735 0.510916 -0.079332
v 0.174146 0.510916 -0.083214
v 0.177348 0.510916 -0.085486
v 0.184027 0.510916 -0.085928
v 0.193530 0.510916 -0.084494
v 0.204927 0.510916 -0.081326
v 0.217101 0.510916 -0.076733
v 0.215863 0.509160 -0.073816
v 0.224179 0.509160 -0.069880
v 0.231389 0.509160 -0.065639
v 0.236786 0.509160 -0.061509
v 0.239842 0.509160 -0.057895
v 0.240259 0.509160 -0.055150
v 0.237995 0.509160 -0.053543
v 0.233272 0.509160 -0.053231
v 0.226552 0.509160 -0.054245
v 0.218494 0.509160 -0.056485
v 0.209885 0.509160 -0.059733
v 0.201569 0.509160 -0.063669
v 0.194359 0.509160 -0.067910
v 0.188962 0.509160 -0.072040
v 0.185906 0.509160 -0.075654
v 0.185489 0.509160 -0.078399
v 0.187753 0.509160 -0.080006
v 0.192476 0.509160 -0.080318
v 0.199196 0.509160 -0.079304
v 0.207254 0.509160 -0.077064
v 0.215863 0.509160 -0.073816
v 0.214421 0.508057 -0.070420
v 0.218726 0.508057 -0.068382
v 0.222458 0.508057 -0.066187
v 0.225252 0.508057 -0.064049
v 0.226834 0.508057 -0.062178
v 0.227050 0.508057 -0.060757
v 0.225878 0.508057 -0.059925
v 0.223433 0.508057 -0.059764
v 0.219954 0.508057 -0.060289
v 0.215783 0.508057 -0.061448
v 0.211327 0.508057 -0.063129
v 0.207022 0.508057 -0.065167
v 0.203290 0.508057 -0.067362
v 0.200496 0.508057 -0.069500
v 0.198914 0.508057 -0.071371
v 0.198699 0.508057 -0.072792
v 0.199870 0.508057 -0.073623
v 0.202315 0.508057 -0.073785
v 0.205794 0.508057 -0.073260
v 0.209965 0.508057 -0.072101
v 0.214421 0.508057 -0.070420
v 0.212874 0.507680 -0.066774
v 0.212874 0.507680 -0.066774
v 0.212874 0.507680 -0.066774
v 0.212874 0.507680 -0.066774
v 0.212874 0.507680 -0.066774
v 0.212874 0.507680 -0.066774
v 0.212874 0.507680 -0.066774
v 0.212874 0.507680 -0.066774
v 0.212874 0.507680 -0.066774
v 0.212874 0.507680 -0.066774
v 0.212874 0.507680 -0.066774
v 0.212874 0.507680 -0.066774
v 0.212874 0.507680 -0.066774
v 0.212874 0.507680 -0.066774
v 0.212874 0.507680 -0.066774
v 0.212874 0.507680 -0.066774
v 0.212874 0.507680 -0.066774
v 0.212874 0.507680 -0.066774
v 0.212874 0.507680 -0.066774
v 0.212874 0.507680 -0.066774
v 0.212874 0.507680 -0.066774
v -0.035245 0.529780 0.129676
v -0.035245 0.529780 0.129676
v -0.035245 0.529780 0.129676
v -0.035245 0.529780 0.129676
v -0.035245 0.529780 0.129676
v -0.035245 0.529780 0.129676
v -0.035245 0.529780 0.129676
v -0.035245 0.529780 0.129676
v -0.035245 0.529780 0.129676
v -0.035245 0.529780 0.129676
v -0.035245 0.529780 0.129676
v -0.035245 0.529780 0.129676
v -0.035245 0.529780 0.129676
v -0.035245 0.529780 0.129676
v -0.035245 0.529780 0.129676
v -0.035245 0.529780 0.129676
v -0.035245 0.529780 0.129676
v -0.035245 0.529780 0.129676
v -0.035245 0.529780 0.129676
v -0.035245 0.529780 0.129676
v -0.035245 0.529780 0.129676
v -0.034154 0.529403 0.125869
v -0.029633 0.529403 0.127367
v -0.025661 0.529403 0.129091
v -0.022628 0.529403 0.130873
v -0.020829 0.529403 0.132537
v -0.020442 0.529403 0.133921
v -0.021504 0.529403 0.134889
v -0.023911 0.529403 0.135347
v -0.027427 0.529403 0.135251
v -0.031709 0.529403 0.134608
v -0.036337 0.529403 0.133483
v -0.040858 0.529403 0.131985
v -0.044830 0.529403 0.130261
v -0.047863 0.529403 0.128479
v -0.049661 0.529403 0.126815
v -0.050049 0.529403 0.125431
v -0.048987 0.529403 0.124463
v -0.046580 0.529403 0.124005
v -0.043063 0.529403 0.124101
v -0.038782 0.529403 0.124744
v -0.034154 0.529403 0.125869
v -0.033137 0.528300 0.122322
v -0.024403 0.528300 0.125216
v -0.016730 0.528300 0.128547
v -0.010870 0.528300 0.131988
v -0.007396 0.528300 0.135202
v -0.006648 0.528300 0.137876
v -0.008699 0.528300 0.139747
v -0.013349 0.528300 0.140632
v -0.020142 0.528300 0.140445
v -0.028414 0.528300 0.139204
v -0.037354 0.528300 0.137030
v -0.046088 0.528300 0.134136
v -0.053761 0.528300 0.130805
v -0.059621 0.528300 0.127364
v -0.063095 0.528300 0.124150
v -0.063843 0.528300 0.121476
v -0.061792 0.528300 0.119605
v -0.057142 0.528300 0.118720
v -0.050349 0.528300 0.118907
v -0.042077 0.528300 0.120148
v -0.033137 0.528300 0.122322
v -0.032263 0.526544 0.119276
v -0.019912 0.526544 0.123369
v -0.009061 0.526544 0.128079
v -0.000774 0.526544 0.132945
v 0.004140 0.526544 0.137492
v 0.005198 0.526544 0.141273
v 0.002297 0.526544 0.143919
v -0.004279 0.526544 0.145171
v -0.013886 0.526544 0.144906
v -0.025584 0.526544 0.143150
v -0.038227 0.526544 0.140076
v -0.050579 0.526544 0.135983
v -0.061430 0.526544 0.131273
v -0.069717 0.526544 0.126407
v -0.074631 0.526544 0.121860
v -0.075688 0.526544 0.118079
v -0.072788 0.526544 0.115433
v -0.066212 0.526544 0.114181
v -0.056605 0.526544 0.114446
v -0.044907 0.526544 0.116202
v -0.032263 0.526544 0.119276
v -0.031593 0.524255 0.116939
v -0.016466 0.524255 0.121952
v -0.003176 0.524255 0.127720
v 0.006974 0.524255 0.133680
v 0.012991 0.524255 0.139248
v 0.014287 0.524255 0.143879
v 0.010734 0.524255 0.147120
v 0.002680 0.524255 0.148653
v -0.009086 0.524255 0.148329
v -0.023413 0.524255 0.146179
v -0.038898 0.524255 0.142413
v -0.054025 0.524255 0.137400
v -0.067315 0.524255 0.131632
v -0.077465 0.524255 0.125672
v -0.083482 0.524255 0.120104
v -0.084778 0.524255 0.115473
v -0.081225 0.524255 0.112232
v -0.073171 0.524255 0.110699
v -0.061405 0.524255 0.111023
v -0.047078 0.524255 0.113173
v -0.031593 0.524255 0.116939
v -0.031172 0.521590 0.115470
v -0.014299 0.521590 0.121060
v 0.000523 0.521590 0.127494
v 0.011844 0.521590 0.134142
v 0.018556 0.521590 0.140352
v 0.020001 0.521590 0.145518
v 0.016038 0.521590 0.149132
v 0.007055 0.521590 0.150842
v -0.006068 0.521590 0.150480
v -0.022048 0.521590 0.148082
v -0.039319 0.521590 0.143882
v -0.056192 0.521590 0.138292
v -0.071014 0.521590 0.131858
v -0.082335 0.521590 0.125210
v -0.089046 0.521590 0.119000
v -0.090492 0.521590 0.113834
v -0.086529 0.521590 0.110220
v -0.077546 0.521590 0.108510
v -0.064423 0.521590 0.108872
v -0.048443 0.521590 0.111270
v -0.031172 0.521590 0.115470
v -0.031028 0.518730 0.114969
v -0.013560 0.518730 0.120757
v 0.001785 0.518730 0.127417
v 0.013505 0.518730 0.134299
v 0.020454 0.518730 0.140729
v 0.021950 0.518730 0.146076
v 0.017847 0.518730 0.149819
v 0.008548 0.518730 0.151589
v -0.005039 0.518730 0.151214
v -0.021582 0.518730 0.148731
v -0.039463 0.518730 0.144383
v -0.056931 0.518730 0.138595
v -0.072276 0.518730 0.131935
v -0.083996 0.518730 0.125053
v -0.090944 0.518730 0.118623
v -0.092441 0.518730 0.113276
v -0.088338 0.518730 0.109533
v -0.079038 0.518730 0.107763
v -0.065452 0.518730 0.108138
v -0.048909 0.518730 0.110621
v -0.031028 0.518730 0.114969
v -0.031172 0.515870 0.115470
v -0.014299 0.515870 0.121060
v 0.000523 0.515870 0.127494
v 0.011844 0.515870 0.134142
v 0.018556 0.515870 0.140352
v 0.020001 0.515870 0.145518
v 0.016038 0.515870 0.149132
v 0.007055 0.515870 0.150842
v -0.006068 0.515870 0.150480
v -0.022048 0.515870 0.148082
v -0.039319 0.515870 0.143882
v -0.056192 0.515870 0.138292
v -0.071014 0.515870 0.131858
v -0.082335 0.515870 0.125210
v -0.089046 0.515870 0.119000
v -0.090492 0.515870 0.113834
v -0.086529 0.515870 0.110220
v -0.077546 0.515870 0.108510
v -0.064423 0.515870 0.108872
v -0.048443 0.515870 0.111270
v -0.031172 0.515870 0.115470
v -0.031593 0.513205 0.116939
v -0.016466 0.513205 0.121952
v -0.003176 0.513205 0.127720
v 0.006974 0.513205 0.133680
v 0.012991 0.513205 0.139248
v 0.014287 0.513205 0.143879
v 0.010734 0.513205 0.147120
v 0.002680 0.513205 0.148653
v -0.009086 0.513205 0.148329
v -0.023413 0.513205 0.146179
v -0.038898 0.513205 0.142413
v -0.054025 0.513205 0.137400
v -0.067315 0.513205 0.131632
v -0.077465 0.513205 0.125672
v -0.083482 0.513205 0.120104
v -0.084778 0.513205 0.115473
v -0.081225 0.513205 0.112232
v -0.073171 0.513205 0.110699
v -0.061405 0.513205 0.111023
v -0.047078 0.513205 0.113173
v -0.031593 0.513205 0.116939
v -0.032263 0.510916 0.119276
v -0.019912 0.510916 0.123369
v -0.009061 0.510916 0.128079
v -0.000774 0.510916 0.132945
v 0.004140 0.510916 0.137492
v 0.005198 0.510916 0.141273
v 0.002297 0.510916 0.143919
v -0.004279 0.510916 0.145171
v -0.013886 0.510916 0.144906
v -0.025584 0.510916 0.143150
v -0.038227 0.510916 0.140076
v -0.050579 0.510916 0.135983
v -0.061430 0.510916 0.131273
v -0.069717 0.510916 0.126407
v -0.074631 0.510916 0.121860
v -0.075688 0.510916 0.118079
v -0.072788 0.510916 0.115433
v -0.066212 0.510916 0.114181
v -0.056605 0.510916 0.114446
v -0.044907 0.510916 0.116202
v -0.032263 0.510916 0.119276
v -0.033137 0.509160 0.122322
v -0.024403 0.509160 0.125216
v -0.016730 0.509160 0.128547
v -0.010870 0.509160 0.131988
v -0.007396 0.509160 0.135202
v -0.006648 0.509160 0.137876
v -0.008699 0.509160 0.139747
v -0.013349 0.509160 0.140632
v -0.020142 0.509160 0.140445
v -0.028414 0.509160 0.139204
v -0.037354 0.509160 0.137030
v -0.046088 0.509160 0.134136
v -0.053761 0.509160 0.130805
v -0.059621 0.509160 0.127364
v -0.063095 0.509160 0.124150
v -0.063843 0.509160 0.121476
v -0.061792 0.509160 0.119605
v -0.057142 0.509160 0.118720
v -0.050349 0.509160 0.118907
v -0.042077 0.509160 0.120148
v -0.033137 0.509160 0.122322
v -0.034154 0.508057 0.125869
v -0.029633 0.508057 0.127367
v -0.025661 0.508057 0.129091
v -0.022628 0.508057 0.130873
v -0.020829 0.508057 0.132537
v -0.020442 0.508057 0.133921
v -0.021504 0.508057 0.134889
v -0.023911 0.508057 0.135347
v -0.027427 0.508057 0.135251
v -0.031709 0.508057 0.134608
v -0.036337 0.508057 0.133483
v -0.040858 0.508057 0.131985
v -0.044830 0.508057 0.130261
v -0.047863 0.508057 0.128479
v -0.049661 0.508057 0.126815
v -0.050049 0.508057 0.125431
v -0.048987 0.508057 0.124463
v -0.046580 0.508057 0.124005
v -0.043063 0.508057 0.124101
v -0.038782 0.508057 0.124744
v -0.034154 0.508057 0.125869
v -0.035245 0.507680 0.129676
v -0.035245 0.507680 0.129676
v -0.035245 0.507680 0.129676
v -0.035245 0.507680 0.129676
v -0.035245 0.507680 0.129676
v -0.035245 0.507680 0.129676
v -0.035245 0.507680 0.129676
v -0.035245 0.507680 0.129676
v -0.035245 0.507680 0.129676
v -0.035245 0.507680 0.129676
v -0.035245 0.507680 0.129676
v -0.035245 0.507680 0.129676
v -0.035245 0.507680 0.129676
v -0.035245 0.507680 0.129676
v -0.035245 0.507680 0.129676
v -0.035245 0.507680 0.129676
v -0.035245 0.507680 0.129676
v -0.035245 0.507680 0.129676
v -0.035245 0.507680 0.129676
v -0.035245 0.507680 0.129676
v -0.035245 0.507680 0.129676
v -0.036728 0.529780 0.108478
v -0.036728 0.529780 0.108478
v -0.036728 0.529780 0.108478
v -0.036728 0.529780 0.108478
v -0.036728 0.529780 0.108478
v -0.036728 0.529780 0.108478
v -0.036728 0.529780 0.108478
v -0.036728 0.529780 0.108478
v -0.036728 0.529780 0.108478
v -0.036728 0.529780 0.108478
v -0.036728 0.529780 0.108478
v -0.036728 0.529780 0.108478
v -0.036728 0.529780 0.108478
v -0.036728 0.529780 0.108478
v -0.036728 0.529780 0.108478
v -0.036728 0.529780 0.108478
v -0.036728 0.529780 0.108478
v -0.036728 0.529780 0.108478
v -0.036728 0.529780 0.108478
v -0.036728 0.529780 0.108478
v -0.036728 0.529780 0.108478
v -0.037004 0.529403 0.104527
v -0.032243 0.529403 0.104389
v -0.027922 0.529403 0.104651
v -0.024462 0.529403 0.105287
v -0.022203 0.529403 0.106235
v -0.021366 0.529403 0.107404
v -0.022032 0.529403 0.108677
v -0.024137 0.529403 0.109931
v -0.027475 0.529403 0.111042
v -0.031718 0.529403 0.111903
v -0.036452 0.529403 0.112428
v -0.041212 0.529403 0.112567
v -0.045534 0.529403 0.112305
v -0.048994 0.529403 0.111669
v -0.051253 0.529403 0.110720
v -0.052090 0.529403 0.109552
v -0.051423 0.529403 0.108279
v -0.049318 0.529403 0.107025
v -0.045981 0.529403 0.105913
v -0.041738 0.529403 0.105053
v -0.037004 0.529403 0.104527
v -0.037261 0.528300 0.100846
v -0.028064 0.528300 0.100579
v -0.019715 0.528300 0.101084
v -0.013032 0.528300 0.102313
v -0.008668 0.528300 0.104146
v -0.007050 0.528300 0.106403
v -0.008338 0.528300 0.108862
v -0.012404 0.528300 0.111284
v -0.018852 0.528300 0.113432
v -0.027049 0.528300 0.115094
v -0.036194 0.528300 0.116109
v -0.045391 0.528300 0.116377
v -0.053740 0.528300 0.115871
v -0.060424 0.528300 0.114642
v -0.064788 0.528300 0.112810
v -0.066405 0.528300 0.110553
v -0.065118 0.528300 0.108093
v -0.061051 0.528300 0.105671
v -0.054603 0.528300 0.103524
v -0.046406 0.528300 0.101861
v -0.037261 0.528300 0.100846
v -0.037482 0.526544 0.097685
v -0.024476 0.526544 0.097307
v -0.012669 0.526544 0.098021
v -0.003217 0.526544 0.099760
v 0.002955 0.526544 0.102352
v 0.005243 0.526544 0.105543
v 0.003422 0.526544 0.109022
v -0.002329 0.526544 0.112447
v -0.011448 0.526544 0.115484
v -0.023040 0.526544 0.117835
v -0.035973 0.526544 0.119270
v -0.048980 0.526544 0.119649
v -0.060787 0.526544 0.118934
v -0.070239 0.526544 0.117196
v -0.076411 0.526544 0.114604
v -0.078698 0.526544 0.111413
v -0.076877 0.526544 0.107934
v -0.071126 0.526544 0.104509
v -0.062008 0.526544 0.101472
v -0.050415 0.526544 0.099121
v -0.037482 0.526544 0.097685
v -0.037652 0.524255 0.095260
v -0.021722 0.524255 0.094796
v -0.007262 0.524255 0.095671
v 0.004315 0.524255 0.097801
v 0.011874 0.524255 0.100975
v 0.014675 0.524255 0.104883
v 0.012445 0.524255 0.109144
v 0.005401 0.524255 0.113339
v -0.005766 0.524255 0.117059
v -0.019964 0.524255 0.119938
v -0.035803 0.524255 0.121696
v -0.051733 0.524255 0.122159
v -0.066194 0.524255 0.121284
v -0.077770 0.524255 0.119155
v -0.085329 0.524255 0.115981
v -0.088131 0.524255 0.112072
v -0.085901 0.524255 0.107812
v -0.078857 0.524255 0.103616
v -0.067689 0.524255 0.099897
v -0.053491 0.524255 0.097018
v -0.037652 0.524255 0.095260
v -0.037759 0.521590 0.093735
v -0.019991 0.521590 0.093218
v -0.003863 0.521590 0.094194
v 0.009049 0.521590 0.096569
v 0.017480 0.521590 0.100109
v 0.020605 0.521590 0.104469
v 0.018117 0.521590 0.109221
v 0.010261 0.521590 0.113900
v -0.002194 0.521590 0.118048
v -0.018031 0.521590 0.121260
v -0.035697 0.521590 0.123220
v -0.053464 0.521590 0.123738
v -0.069593 0.521590 0.122761
v -0.082505 0.521590 0.120387
v -0.090936 0.521590 0.116846
v -0.094060 0.521590 0.112487
v -0.091573 0.521590 0.107735
v -0.083717 0.521590 0.103056
v -0.071261 0.521590 0.098907
v -0.055425 0.521590 0.095696
v -0.037759 0.521590 0.093735
v -0.037795 0.518730 0.093215
v -0.019401 0.518730 0.092679
v -0.002703 0.518730 0.093690
v 0.010664 0.518730 0.096149
v 0.019392 0.518730 0.099814
v 0.022627 0.518730 0.104327
v 0.020052 0.518730 0.109247
v 0.011919 0.518730 0.114091
v -0.000976 0.518730 0.118386
v -0.017371 0.518730 0.121711
v -0.035660 0.518730 0.123740
v -0.054054 0.518730 0.124276
v -0.070752 0.518730 0.123265
v -0.084120 0.518730 0.120807
v -0.092848 0.518730 0.117142
v -0.096083 0.518730 0.112628
v -0.093508 0.518730 0.107709
v -0.085374 0.518730 0.102864
v -0.072479 0.518730 0.098570
v -0.056085 0.518730 0.095245
v -0.037795 0.518730 0.093215
v -0.037759 0.515870 0.093735
v -0.019991 0.515870 0.093218
v -0.003863 0.515870 0.094194
v 0.009049 0.515870 0.096569
v 0.017480 0.515870 0.100109
v 0.020605 0.515870 0.104469
v 0.018117 0.515870 0.109221
v 0.010261 0.515870 0.113900
v -0.002194 0.515870 0.118048
v -0.018031 0.515870 0.121260
v -0.035697 0.515870 0.123220
v -0.053464 0.515870 0.123738
v -0.069593 0.515870 0.122761
v -0.082505 0.515870 0.120387
v -0.090936 0.515870 0.116846
v -0.094060 0.515870 0.112487
v -0.091573 0.515870 0.107735
v -0.083717 0.515870 0.103056
v -0.071261 0.515870 0.098907
v -0.055425 0.515870 0.095696
v -0.037759 0.515870 0.093735
v -0.037652 0.513205 0.095260
v -0.021722 0.513205 0.094796
v -0.007262 0.513205 0.095671
v 0.004315 0.513205 0.097801
v 0.011874 0.513205 0.100975
v 0.014675 0.513205 0.104883
v 0.012445 0.513205 0.109144
v 0.005401 0.513205 0.113339
v -0.005766 0.513205 0.117059
v -0.019964 0.513205 0.119938
v -0.035803 0.513205 0.121696
v -0.051733 0.513205 0.122159
v -0.066194 0.513205 0.121284
v -0.077770 0.513205 0.119155
v -0.085329 0.513205 0.115981
v -0.088131 0.513205 0.112072
v -0.085901 0.513205 0.107812
v -0.078857 0.513205 0.103616
v -0.067689 0.513205 0.099897
v -0.053491 0.513205 0.097018
v -0.037652 0.513205 0.095260
v -0.037482 0.510916 0.097685
v -0.024476 0.510916 0.097307
v -0.012669 0.510916 0.098021
v -0.003217 0.510916 0.099760
v 0.002955 0.510916 0.102352
v 0.005243 0.510916 0.105543
v 0.003422 0.510916 0.109022
v -0.002329 0.510916 0.112447
v -0.011448 0.510916 0.115484
v -0.023040 0.510916 0.117835
v -0.035973 0.510916 0.119270
v -0.048980 0.510916 0.119649
v -0.060787 0.510916 0.118934
v -0.070239 0.510916 0.117196
v -0.076411 0.510916 0.114604
v -0.078698 0.510916 0.111413
v -0.076877 0.510916 0.107934
v -0.071126 0.510916 0.104509
v -0.062008 0.510916 0.101472
v -0.050415 0.510916 0.099121
v -0.037482 0.510916 0.097685
v -0.037261 0.509160 0.100846
v -0.028064 0.509160 0.100579
v -0.019715 0.509160 0.101084
v -0.013032 0.509160 0.102313
v -0.008668 0.509160 0.104146
v -0.007050 0.509160 0.106403
v -0.008338 0.509160 0.108862
v -0.012404 0.509160 0.111284
v -0.018852 0.509160 0.113432
v -0.027049 0.509160 0.115094
v -0.036194 0.509160 0.116109
v -0.045391 0.509160 0.116377
v -0.053740 0.509160 0.115871
v -0.060424 0.509160 0.114642
v -0.064788 0.509160 0.112810
v -0.066405 0.509160 0.110553
v -0.065118 0.509160 0.108093
v -0.061051 0.509160 0.105671
v -0.054603 0.509160 0.103524
v -0.046406 0.509160 0.101861
v -0.037261 0.509160 0.100846
v -0.037004 0.508057 0.104527
v -0.032243 0.508057 0.104389
v -0.027922 0.508057 0.104651
v -0.024462 0.508057 0.105287
v -0.022203 0.508057 0.106235
v -0.021366 0.508057 0.107404
v -0.022032 0.508057 0.108677
v -0.024137 0.508057 0.109931
v -0.027475 0.508057 0.111042
v -0.031718 0.508057 0.111903
v -0.036452 0.508057 0.112428
v -0.041212 0.508057 0.112567
v -0.045534 0.508057 0.112305
v -0.048994 0.508057 0.111669
v -0.051253 0.508057 0.110720
v -0.052090 0.508057 0.109552
v -0.051423 0.508057 0.108279
v -0.049318 0.508057 0.107025
v -0.045981 0.508057 0.105913
v -0.041738 0.508057 0.105053
v -0.037004 0.508057 0.104527
v -0.036728 0.507680 0.108478
v -0.036728 0.507680 0.108478
v -0.036728 0.507680 0.108478
v -0.036728 0.507680 0.108478
v -0.036728 0.507680 0.108478
v -0.036728 0.507680 0.108478
v -0.036728 0.507680 0.108478
v -0.036728 0.507680 0.108478
v -0.036728 0.507680 0.108478
v -0.036728 0.507680 0.108478
v -0.036728 0.507680 0.108478
v -0.036728 0.507680 0.108478
v -0.036728 0.507680 0.108478
v -0.036728 0.507680 0.108478
v -0.036728 0.507680 0.108478
v -0.036728 0.507680 0.108478
v -0.036728 0.507680 0.108478
v -0.036728 0.507680 0.108478
v -0.036728 0.507680 0.108478
v -0.036728 0.507680 0.108478
v -0.036728 0.507680 0.108478
v -0.038210 0.529780 0.087280
v -0.038210 0.529780 0.087280
v -0.038210 0.529780 0.087280
v -0.038210 0.529780 0.087280
v -0.038210 0.529780 0.087280
v -0.038210 0.529780 0.087280
v -0.038210 0.529780 0.087280
v -0.038210 0.529780 0.087280
v -0.038210 0.529780 0.087280
v -0.038210 0.529780 0.087280
v -0.038210 0.529780 0.087280
v -0.038210 0.529780 0.087280
v -0.038210 0.529780 0.087280
v -0.038210 0.529780 0.087280
v -0.038210 0.529780 0.087280
v -0.038210 0.529780 0.087280
v -0.038210 0.529780 0.087280
v -0.038210 0.529780 0.087280
v -0.038210 0.529780 0.087280
v -0.038210 0.529780 0.087280
v -0.038210 0.529780 0.087280
v -0.039821 0.529403 0.083662
v -0.035395 0.529403 0.081903
v -0.031244 0.529403 0.080671
v -0.027775 0.529403 0.080086
v -0.025328 0.529403 0.080205
v -0.024142 0.529403 0.081016
v -0.024333 0.529403 0.082440
v -0.025882 0.529403 0.084339
v -0.028638 0.529403 0.086525
v -0.032331 0.529403 0.088784
v -0.036599 0.529403 0.090897
v -0.041026 0.529403 0.092656
v -0.045176 0.529403 0.093888
v -0.048645 0.529403 0.094473
v -0.051092 0.529403 0.094354
v -0.052278 0.529403 0.093543
v -0.052088 0.529403 0.092119
v -0.050538 0.529403 0.090221
v -0.047782 0.529403 0.088035
v -0.044089 0.529403 0.085775
v -0.039821 0.529403 0.083662
v -0.041322 0.528300 0.080291
v -0.032771 0.528300 0.076894
v -0.024753 0.528300 0.074513
v -0.018052 0.528300 0.073382
v -0.013324 0.528300 0.073612
v -0.011032 0.528300 0.075179
v -0.011401 0.528300 0.077931
v -0.014394 0.528300 0.081598
v -0.019718 0.528300 0.085821
v -0.026852 0.528300 0.090187
v -0.035099 0.528300 0.094268
v -0.043649 0.528300 0.097665
v -0.051668 0.528300 0.100046
v -0.058369 0.528300 0.101177
v -0.063096 0.528300 0.100947
v -0.065388 0.528300 0.099380
v -0.065019 0.528300 0.096628
v -0.062026 0.528300 0.092961
v -0.056702 0.528300 0.088738
v -0.049568 0.528300 0.084372
v -0.041322 0.528300 0.080291
v -0.042610 0.526544 0.077396
v -0.030518 0.526544 0.072592
v -0.019178 0.526544 0.069225
v -0.009702 0.526544 0.067626
v -0.003016 0.526544 0.067950
v 0.000225 0.526544 0.070167
v -0.000296 0.526544 0.074059
v -0.004529 0.526544 0.079244
v -0.012058 0.526544 0.085217
v -0.022148 0.526544 0.091391
v -0.033810 0.526544 0.097163
v -0.045902 0.526544 0.101967
v -0.057242 0.526544 0.105334
v -0.066719 0.526544 0.106933
v -0.073405 0.526544 0.106609
v -0.076646 0.526544 0.104392
v -0.076124 0.526544 0.100500
v -0.071892 0.526544 0.095315
v -0.064362 0.526544 0.089342
v -0.054272 0.526544 0.083168
v -0.042610 0.526544 0.077396
v -0.043599 0.524255 0.075175
v -0.028789 0.524255 0.069291
v -0.014901 0.524255 0.065168
v -0.003294 0.524255 0.063209
v 0.004894 0.524255 0.063606
v 0.008864 0.524255 0.066321
v 0.008225 0.524255 0.071087
v 0.003041 0.524255 0.077439
v -0.006181 0.524255 0.084753
v -0.018538 0.524255 0.092315
v -0.032821 0.524255 0.099384
v -0.047631 0.524255 0.105268
v -0.061519 0.524255 0.109392
v -0.073126 0.524255 0.111350
v -0.081314 0.524255 0.110953
v -0.085284 0.524255 0.108238
v -0.084645 0.524255 0.103472
v -0.079461 0.524255 0.097120
v -0.070239 0.524255 0.089806
v -0.057882 0.524255 0.082244
v -0.043599 0.524255 0.075175
v -0.044221 0.521590 0.073779
v -0.027702 0.521590 0.067216
v -0.012212 0.521590 0.062617
v 0.000733 0.521590 0.060432
v 0.009867 0.521590 0.060875
v 0.014294 0.521590 0.063903
v 0.013582 0.521590 0.069219
v 0.007800 0.521590 0.076303
v -0.002486 0.521590 0.084462
v -0.016269 0.521590 0.092896
v -0.032199 0.521590 0.100781
v -0.048718 0.521590 0.107343
v -0.064208 0.521590 0.111942
v -0.077153 0.521590 0.114127
v -0.086287 0.521590 0.113684
v -0.090714 0.521590 0.110656
v -0.090002 0.521590 0.105340
v -0.084220 0.521590 0.098256
v -0.073934 0.521590 0.090097
v -0.060151 0.521590 0.081663
v -0.044221 0.521590 0.073779
v -0.044433 0.518730 0.073302
v -0.027332 0.518730 0.066508
v -0.011295 0.518730 0.061747
v 0.002107 0.518730 0.059485
v 0.011562 0.518730 0.059944
v 0.016146 0.518730 0.063079
v 0.015409 0.518730 0.068582
v 0.009423 0.518730 0.075916
v -0.001226 0.518730 0.084362
v -0.015495 0.518730 0.093094
v -0.031987 0.518730 0.101257
v -0.049089 0.518730 0.108051
v -0.065125 0.518730 0.112812
v -0.078527 0.518730 0.115074
v -0.087983 0.518730 0.114615
v -0.092566 0.518730 0.111480
v -0.091829 0.518730 0.105977
v -0.085843 0.518730 0.098643
v -0.075194 0.518730 0.090197
v -0.060925 0.518730 0.081465
v -0.044433 0.518730 0.073302
v -0.044221 0.515870 0.073779
v -0.027702 0.515870 0.067216
v -0.012212 0.515870 0.062617
v 0.000733 0.515870 0.060432
v 0.009867 0.515870 0.060875
v 0.014294 0.515870 0.063903
v 0.013582 0.515870 0.069219
v 0.007800 0.515870 0.076303
v -0.002486 0.515870 0.084462
v -0.016269 0.515870 0.092896
v -0.032199 0.515870 0.100781
v -0.048718 0.515870 0.107343
v -0.064208 0.515870 0.111942
v -0.077153 0.515870 0.114127
v -0.086287 0.515870 0.113684
v -0.090714 0.515870 0.110656
v -0.090002 0.515870 0.105340
v -0.084220 0.515870 0.098256
v -0.073934 0.515870 0.090097
v -0.060151 0.515870 0.081663
v -0.044221 0.515870 0.073779
v -0.043599 0.513205 0.075175
v -0.028789 0.513205 0.069291
v -0.014901 0.513205 0.065168
v -0.003294 0.513205 0.063209
v 0.004894 0.513205 0.063606
v 0.008864 0.513205 0.066321
v 0.008225 0.513205 0.071087
v 0.003041 0.513205 0.077439
v -0.006181 0.513205 0.084753
v -0.018538 0.513205 0.092315
v -0.032821 0.513205 0.099384
v -0.047631 0.513205 0.105268
v -0.061519 0.513205 0.109392
v -0.073126 0.513205 0.111350
v -0.081314 0.513205 0.110953
v -0.085284 0.513205 0.108238
v -0.084645 0.513205 0.103472
v -0.079461 0.513205 0.097120
v -0.070239 0.513205 0.089806
v -0.057882 0.513205 0.082244
v -0.043599 0.513205 0.075175
v -0.042610 0.510916 0.077396
v -0.030518 0.510916 0.072592
v -0.019178 0.510916 0.069225
v -0.009702 0.510916 0.067626
v -0.003016 0.510916 0.067950
v 0.000225 0.510916 0.070167
v -0.000296 0.510916 0.074059
v -0.004529 0.510916 0.079244
v -0.012058 0.510916 0.085217
v -0.022148 0.510916 0.091391
v -0.033810 0.510916 0.097163
v -0.045902 0.510916 0.101967
v -0.057242 0.510916 0.105334
v -0.066719 0.510916 0.106933
v -0.073405 0.510916 0.106609
v -0.076646 0.510916 0.104392
v -0.076124 0.510916 0.100500
v -0.071892 0.510916 0.095315
v -0.064362 0.510916 0.089342
v -0.054272 0.510916 0.083168
v -0.042610 0.510916 0.077396
v -0.041322 0.509160 0.080291
v -0.032771 0.509160 0.076894
v -0.024753 0.509160 0.074513
v -0.018052 0.509160 0.073382
v -0.013324 0.509160 0.073612
v -0.011032 0.509160 0.075179
v -0.011401 0.509160 0.077931
v -0.014394 0.509160 0.081598
v -0.019718 0.509160 0.085821
v -0.026852 0.509160 0.090187
v -0.035099 0.509160 0.094268
v -0.043649 0.509160 0.097665
v -0.051668 0.509160 0.100046
v -0.058369 0.509160 0.101177
v -0.063096 0.509160 0.100947
v -0.065388 0.509160 0.099380
v -0.065019 0.509160 0.096628
v -0.062026 0.509160 0.092961
v -0.056702 0.509160 0.088738
v -0.049568 0.509160 0.084372
v -0.041322 0.509160 0.080291
v -0.039821 0.508057 0.083662
v -0.035395 0.508057 0.081903
v -0.031244 0.508057 0.080671
v -0.027775 0.508057 0.080086
v -0.025328 0.508057 0.080205
v -0.024142 0.508057 0.081016
v -0.024333 0.508057 0.082440
v -0.025882 0.508057 0.084339
v -0.028638 0.508057 0.086525
v -0.032331 0.508057 0.088784
v -0.036599 0.508057 0.090897
v -0.041026 0.508057 0.092656
v -0.045176 0.508057 0.093888
v -0.048645 0.508057 0.094473
v -0.051092 0.508057 0.094354
v -0.052278 0.508057 0.093543
v -0.052088 0.508057 0.092119
v -0.050538 0.508057 0.090221
v -0.047782 0.508057 0.088035
v -0.044089 0.508057 0.085775
v -0.039821 0.508057 0.083662
v -0.038210 0.507680 0.087280
v -0.038210 0.507680 0.087280
v -0.038210 0.507680 0.087280
v -0.038210 0.507680 0.087280
v -0.038210 0.507680 0.087280
v -0.038210 0.507680 0.087280
v -0.038210 0.507680 0.087280
v -0.038210 0.507680 0.087280
v -0.038210 0.507680 0.087280
v -0.038210 0.507680 0.087280
v -0.038210 0.507680 0.087280
v -0.038210 0.507680 0.087280
v -0.038210 0.507680 0.087280
v -0.038210 0.507680 0.087280
v -0.038210 0.507680 0.087280
v -0.038210 0.507680 0.087280
v -0.038210 0.507680 0.087280
v -0.038210 0.507680 0.087280
v -0.038210 0.507680 0.087280
v -0.038210 0.507680 0.087280
v -0.038210 0.507680 0.087280
v 0.205356 0.529780 0.055710
v 0.205356 0.529780 0.055710
v 0.205356 0.529780 0.055710
v 0.205356 0.529780 0.055710
v 0.205356 0.529780 0.055710
v 0.205356 0.529780 0.055710
v 0.205356 0.529780 0.055710
v 0.205356 0.529780 0.055710
v 0.205356 0.529780 0.055710
v 0.205356 0.529780 0.055710
v 0.205356 0.529780 0.055710
v 0.205356 0.529780 0.055710
v 0.205356 0.529780 0.055710
v 0.205356 0.529780 0.055710
v 0.205356 0.529780 0.055710
v 0.205356 0.529780 0.055710
v 0.205356 0.529780 0.055710
v 0.205356 0.529780 0.055710
v 0.205356 0.529780 0.055710
v 0.205356 0.529780 0.055710
v 0.205356 0.529780 0.055710
v 0.203316 0.529403 0.052316
v 0.207495 0.529403 0.050031
v 0.211465 0.529403 0.048302
v 0.214836 0.529403 0.047298
v 0.217280 0.529403 0.047118
v 0.218556 0.529403 0.047778
v 0.218540 0.529403 0.049216
v 0.217234 0.529403 0.051288
v 0.214765 0.529403 0.053794
v 0.211375 0.529403 0.056487
v 0.207395 0.529403 0.059104
v 0.203216 0.529403 0.061389
v 0.199247 0.529403 0.063118
v 0.195875 0.529403 0.064122
v 0.193432 0.529403 0.064302
v 0.192156 0.529403 0.063641
v 0.192171 0.529403 0.062204
v 0.193478 0.529403 0.060131
v 0.195947 0.529403 0.057626
v 0.199337 0.529403 0.054933
v 0.203316 0.529403 0.052316
v 0.201416 0.528300 0.049153
v 0.209489 0.528300 0.044739
v 0.217157 0.528300 0.041399
v 0.223670 0.528300 0.039460
v 0.228391 0.528300 0.039111
v 0.230857 0.528300 0.040388
v 0.230826 0.528300 0.043164
v 0.228302 0.528300 0.047168
v 0.223532 0.528300 0.052009
v 0.216983 0.528300 0.057211
v 0.209296 0.528300 0.062267
v 0.201223 0.528300 0.066681
v 0.193554 0.528300 0.070021
v 0.187041 0.528300 0.071960
v 0.182321 0.528300 0.072309
v 0.179855 0.528300 0.071032
v 0.179886 0.528300 0.068256
v 0.182409 0.528300 0.064252
v 0.187179 0.528300 0.059411
v 0.193728 0.528300 0.054208
v 0.201416 0.528300 0.049153
v 0.199784 0.526544 0.046436
v 0.211201 0.526544 0.040194
v 0.222045 0.526544 0.035471
v 0.231257 0.526544 0.032728
v 0.237932 0.526544 0.032236
v 0.241419 0.526544 0.034041
v 0.241376 0.526544 0.037967
v 0.237807 0.526544 0.043630
v 0.231061 0.526544 0.050476
v 0.221799 0.526544 0.057833
v 0.210928 0.526544 0.064983
v 0.199511 0.526544 0.071226
v 0.188666 0.526544 0.075949
v 0.179455 0.526544 0.078691
v 0.172779 0.526544 0.079184
v 0.169292 0.526544 0.077379
v 0.169336 0.526544 0.073453
v 0.172905 0.526544 0.067790
v 0.179650 0.526544 0.060944
v 0.188912 0.526544 0.053586
v 0.199784 0.526544 0.046436
v 0.198531 0.524255 0.044352
v 0.212514 0.524255 0.036707
v 0.225796 0.524255 0.030922
v 0.237078 0.524255 0.027563
v 0.245254 0.524255 0.026960
v 0.249524 0.524255 0.029171
v 0.249471 0.524255 0.033979
v 0.245100 0.524255 0.040915
v 0.236838 0.524255 0.049299
v 0.225495 0.524255 0.058311
v 0.212180 0.524255 0.067068
v 0.198197 0.524255 0.074713
v 0.184915 0.524255 0.080498
v 0.173634 0.524255 0.083856
v 0.165458 0.524255 0.084460
v 0.161187 0.524255 0.082249
v 0.161240 0.524255 0.077440
v 0.165611 0.524255 0.070505
v 0.173873 0.524255 0.062121
v 0.185217 0.524255 0.053109
v 0.198531 0.524255 0.044352
v 0.197744 0.521590 0.043042
v 0.213340 0.521590 0.034515
v 0.228154 0.521590 0.028063
v 0.240737 0.521590 0.024317
v 0.249856 0.521590 0.023644
v 0.254619 0.521590 0.026109
v 0.254560 0.521590 0.031473
v 0.249685 0.521590 0.039208
v 0.240470 0.521590 0.048560
v 0.227818 0.521590 0.058611
v 0.212967 0.521590 0.068378
v 0.197372 0.521590 0.076905
v 0.182557 0.521590 0.083357
v 0.169975 0.521590 0.087103
v 0.160855 0.521590 0.087776
v 0.156092 0.521590 0.085310
v 0.156151 0.521590 0.079947
v 0.161027 0.521590 0.072211
v 0.170241 0.521590 0.062860
v 0.182893 0.521590 0.052809
v 0.197744 0.521590 0.043042
v 0.197476 0.518730 0.042595
v 0.213622 0.518730 0.033767
v 0.228959 0.518730 0.027087
v 0.241985 0.518730 0.023209
v 0.251426 0.518730 0.022512
v 0.256357 0.518730 0.025065
v 0.256296 0.518730 0.030618
v 0.251249 0.518730 0.038626
v 0.241709 0.518730 0.048307
v 0.228611 0.518730 0.058713
v 0.213236 0.518730 0.068825
v 0.197090 0.518730 0.077652
v 0.181753 0.518730 0.084332
v 0.168727 0.518730 0.088211
v 0.159286 0.518730 0.088907
v 0.154354 0.518730 0.086355
v 0.154415 0.518730 0.080802
v 0.159463 0.518730 0.072793
v 0.169003 0.518730 0.063112
v 0.182101 0.518730 0.052707
v 0.197476 0.518730 0.042595
v 0.197744 0.515870 0.043042
v 0.213340 0.515870 0.034515
v 0.228154 0.515870 0.028063
v 0.240737 0.515870 0.024317
v 0.249856 0.515870 0.023644
v 0.254619 0.515870 0.026109
v 0.254560 0.515870 0.031473
v 0.249685 0.515870 0.039208
v 0.240470 0.515870 0.048560
v 0.227818 0.515870 0.058611
v 0.212967 0.515870 0.068378
v 0.197372 0.515870 0.076905
v 0.182557 0.515870 0.083357
v 0.169975 0.515870 0.087103
v 0.160855 0.515870 0.087776
v 0.156092 0.515870 0.085310
v 0.156151 0.515870 0.079947
v 0.161027 0.515870 0.072211
v 0.170241 0.515870 0.062860
v 0.182893 0.515870 0.052809
v 0.197744 0.515870 0.043042
v 0.198531 0.513205 0.044352
v 0.212514 0.513205 0.036707
v 0.225796 0.513205 0.030922
v 0.237078 0.513205 0.027563
v 0.245254 0.513205 0.026960
v 0.249524 0.513205 0.029171
v 0.249471 0.513205 0.033979
v 0.245100 0.513205 0.040915
v 0.236838 0.513205 0.049299
v 0.225495 0.513205 0.058311
v 0.212180 0.513205 0.067068
v 0.198197 0.513205 0.074713
v 0.184915 0.513205 0.080498
v 0.173634 0.513205 0.083856
v 0.165458 0.513205 0.084460
v 0.161187 0.513205 0.082249
v 0.161240 0.513205 0.077440
v 0.165611 0.513205 0.070505
v 0.173873 0.513205 0.062121
v 0.185217 0.513205 0.053109
v 0.198531 0.513205 0.044352
v 0.199784 0.510916 0.046436
v 0.211201 0.510916 0.040194
v 0.222045 0.510916 0.035471
v 0.231257 0.510916 0.032728
v 0.237932 0.510916 0.032236
v 0.241419 0.510916 0.034041
v 0.241376 0.510916 0.037967
v 0.237807 0.510916 0.043630
v 0.231061 0.510916 0.050476
v 0.221799 0.510916 0.057833
v 0.210928 0.510916 0.064983
v 0.199511 0.510916 0.071226
v 0.188666 0.510916 0.075949
v 0.179455 0.510916 0.078691
v 0.172779 0.510916 0.079184
v 0.169292 0.510916 0.077379
v 0.169336 0.510916 0.073453
v 0.172905 0.510916 0.067790
v 0.179650 0.510916 0.060944
v 0.188912 0.510916 0.053586
v 0.199784 0.510916 0.046436
v 0.201416 0.509160 0.049153
v 0.209489 0.509160 0.044739
v 0.217157 0.509160 0.041399
v 0.223670 0.509160 0.039460
v 0.228391 0.509160 0.039111
v 0.230857 0.509160 0.040388
v 0.230826 0.509160 0.043164
v 0.228302 0.509160 0.047168
v 0.223532 0.509160 0.052009
v 0.216983 0.509160 0.057211
v 0.209296 0.509160 0.062267
v 0.201223 0.509160 0.066681
v 0.193554 0.509160 0.070021
v 0.187041 0.509160 0.071960
v 0.182321 0.509160 0.072309
v 0.179855 0.509160 0.071032
v 0.179886 0.509160 0.068256
v 0.182409 0.509160 0.064252
v 0.187179 0.509160 0.059411
v 0.193728 0.509160 0.054208
v 0.201416 0.509160 0.049153
v 0.203316 0.508057 0.052316
v 0.207495 0.508057 0.050031
v 0.211465 0.508057 0.048302
v 0.214836 0.508057 0.047298
v 0.217280 0.508057 0.047118
v 0.218556 0.508057 0.047778
v 0.218540 0.508057 0.049216
v 0.217234 0.508057 0.051288
v 0.214765 0.508057 0.053794
v 0.211375 0.508057 0.056487
v 0.207395 0.508057 0.059104
v 0.203216 0.508057 0.061389
v 0.199247 0.508057 0.063118
v 0.195875 0.508057 0.064122
v 0.193432 0.508057 0.064302
v 0.192156 0.508057 0.063641
v 0.192171 0.508057 0.062204
v 0.193478 0.508057 0.060131
v 0.195947 0.508057 0.057626
v 0.199337 0.508057 0.054933
v 0.203316 0.508057 0.052316
v 0.205356 0.507680 0.055710
v 0.205356 0.507680 0.055710
v 0.205356 0.507680 0.055710
v 0.205356 0.507680 0.055710
v 0.205356 0.507680 0.055710
v 0.205356 0.507680 0.055710
v 0.205356 0.507680 0.055710
v 0.205356 0.507680 0.055710
v 0.205356 0.507680 0.055710
v 0.205356 0.507680 0.055710
v 0.205356 0.507680 0.055710
v 0.205356 0.507680 0.055710
v 0.205356 0.507680 0.055710
v 0.205356 0.507680 0.055710
v 0.205356 0.507680 0.055710
v 0.205356 0.507680 0.055710
v 0.205356 0.507680 0.055710
v 0.205356 0.507680 0.055710
v 0.205356 0.507680 0.055710
v 0.205356 0.507680 0.055710
v 0.205356 0.507680 0.055710
v 0.188841 0.529780 0.042337
v 0.188841 0.529780 0.042337
v 0.188841 0.529780 0.042337
v 0.188841 0.529780 0.042337
v 0.188841 0.529780 0.042337
v 0.188841 0.529780 0.042337
v 0.188841 0.529780 0.042337
v 0.188841 0.529780 0.042337
v 0.188841 0.529780 0.042337
v 0.188841 0.529780 0.042337
v 0.188841 0.529780 0.042337
v 0.188841 0.529780 0.042337
v 0.188841 0.529780 0.042337
v 0.188841 0.529780 0.042337
v 0.188841 0.529780 0.042337
v 0.188841 0.529780 0.042337
v 0.188841 0.529780 0.042337
v 0.188841 0.529780 0.042337
v 0.188841 0.529780 0.042337
v 0.188841 0.529780 0.042337
v 0.188841 0.529780 0.042337
v 0.185764 0.529403 0.039845
v 0.188909 0.529403 0.036268
v 0.192048 0.529403 0.033286
v 0.194873 0.529403 0.031190
v 0.197108 0.529403 0.030185
v 0.198533 0.529403 0.030369
v 0.199009 0.529403 0.031725
v 0.198491 0.529403 0.034119
v 0.197028 0.529403 0.037318
v 0.194763 0.529403 0.041009
v 0.191919 0.529403 0.044829
v 0.188773 0.529403 0.048405
v 0.185635 0.529403 0.051387
v 0.182810 0.529403 0.053484
v 0.180575 0.529403 0.054489
v 0.179150 0.529403 0.054305
v 0.178673 0.529403 0.052949
v 0.179192 0.529403 0.050554
v 0.180655 0.529403 0.047355
v 0.182920 0.529403 0.043665
v 0.185764 0.529403 0.039845
v 0.182896 0.528300 0.037523
v 0.188973 0.528300 0.030614
v 0.195036 0.528300 0.024852
v 0.200494 0.528300 0.020803
v 0.204810 0.528300 0.018861
v 0.207564 0.528300 0.019217
v 0.208485 0.528300 0.021836
v 0.207483 0.528300 0.026462
v 0.204656 0.528300 0.032642
v 0.200281 0.528300 0.039771
v 0.194787 0.528300 0.047151
v 0.188710 0.528300 0.054060
v 0.182647 0.528300 0.059821
v 0.177189 0.528300 0.063871
v 0.172873 0.528300 0.065813
v 0.170119 0.528300 0.065457
v 0.169198 0.528300 0.062838
v 0.170200 0.528300 0.058212
v 0.173027 0.528300 0.052032
v 0.177402 0.528300 0.044903
v 0.182896 0.528300 0.037523
v 0.180434 0.526544 0.035528
v 0.189027 0.526544 0.025758
v 0.197602 0.526544 0.017610
v 0.205320 0.526544 0.011883
v 0.211425 0.526544 0.009136
v 0.215319 0.526544 0.009640
v 0.216621 0.526544 0.013344
v 0.215204 0.526544 0.019887
v 0.211206 0.526544 0.028626
v 0.205020 0.526544 0.038708
v 0.197249 0.526544 0.049145
v 0.188656 0.526544 0.058916
v 0.180080 0.526544 0.067064
v 0.172363 0.526544 0.072791
v 0.166258 0.526544 0.075537
v 0.162364 0.526544 0.075034
v 0.161062 0.526544 0.071329
v 0.162479 0.526544 0.064787
v 0.166476 0.526544 0.056047
v 0.172663 0.526544 0.045965
v 0.180434 0.526544 0.035528
v 0.178544 0.524255 0.033998
v 0.189069 0.524255 0.022032
v 0.199571 0.524255 0.012053
v 0.209024 0.524255 0.005038
v 0.216500 0.524255 0.001675
v 0.221269 0.524255 0.002292
v 0.222864 0.524255 0.006828
v 0.221129 0.524255 0.014841
v 0.216233 0.524255 0.025545
v 0.208656 0.524255 0.037893
v 0.199139 0.524255 0.050675
v 0.188614 0.524255 0.062642
v 0.178112 0.524255 0.072621
v 0.168659 0.524255 0.079635
v 0.161183 0.524255 0.082999
v 0.156414 0.524255 0.082382
v 0.154819 0.524255 0.077845
v 0.156554 0.524255 0.069833
v 0.161450 0.524255 0.059129
v 0.169027 0.524255 0.046781
v 0.178544 0.524255 0.033998
v 0.177356 0.521590 0.033036
v 0.189095 0.521590 0.019689
v 0.200809 0.521590 0.008559
v 0.211352 0.521590 0.000736
v 0.219691 0.521590 -0.003016
v 0.225010 0.521590 -0.002328
v 0.226789 0.521590 0.002732
v 0.224853 0.521590 0.011669
v 0.219393 0.521590 0.023608
v 0.210941 0.521590 0.037380
v 0.200327 0.521590 0.051637
v 0.188588 0.521590 0.064984
v 0.176874 0.521590 0.076114
v 0.166331 0.521590 0.083938
v 0.157992 0.521590 0.087689
v 0.152673 0.521590 0.087001
v 0.150894 0.521590 0.081941
v 0.152830 0.521590 0.073005
v 0.158290 0.521590 0.061066
v 0.166742 0.521590 0.047294
v 0.177356 0.521590 0.033036
v 0.176951 0.518730 0.032708
v 0.189104 0.518730 0.018891
v 0.201231 0.518730 0.007368
v 0.212146 0.518730 -0.000732
v 0.220779 0.518730 -0.004616
v 0.226286 0.518730 -0.003903
v 0.228128 0.518730 0.001335
v 0.226124 0.518730 0.010587
v 0.220470 0.518730 0.022947
v 0.211721 0.518730 0.037205
v 0.200732 0.518730 0.051965
v 0.188579 0.518730 0.065783
v 0.176452 0.518730 0.077306
v 0.165537 0.518730 0.085405
v 0.156904 0.518730 0.089289
v 0.151397 0.518730 0.088577
v 0.149555 0.518730 0.083338
v 0.151559 0.518730 0.074086
v 0.157213 0.518730 0.061726
v 0.165962 0.518730 0.047469
v 0.176951 0.518730 0.032708
v 0.177356 0.515870 0.033036
v 0.189095 0.515870 0.019689
v 0.200809 0.515870 0.008559
v 0.211352 0.515870 0.000736
v 0.219691 0.515870 -0.003016
v 0.225010 0.515870 -0.002328
v 0.226789 0.515870 0.002732
v 0.224853 0.515870 0.011669
v 0.219393 0.515870 0.023608
v 0.210941 0.515870 0.037380
v 0.200327 0.515870 0.051637
v 0.188588 0.515870 0.064984
v 0.176874 0.515870 0.076114
v 0.166331 0.515870 0.083938
v 0.157992 0.515870 0.087689
v 0.152673 0.515870 0.087001
v 0.150894 0.515870 0.081941
v 0.152830 0.515870 0.073005
v 0.158290 0.515870 0.061066
v 0.166742 0.515870 0.047294
v 0.177356 0.515870 0.033036
v 0.178544 0.513205 0.033998
v 0.189069 0.513205 0.022032
v 0.199571 0.513205 0.012053
v 0.209024 0.513205 0.005038
v 0.216500 0.513205 0.001675
v 0.221269 0.513205 0.002292
v 0.222864 0.513205 0.006828
v 0.221129 0.513205 0.014841
v 0.216233 0.513205 0.025545
v 0.208656 0.513205 0.037893
v 0.199139 0.513205 0.050675
v 0.188614 0.513205 0.062642
v 0.178112 0.513205 0.072621
v 0.168659 0.513205 0.079635
v 0.161183 0.513205 0.082999
v 0.156414 0.513205 0.082382
v 0.154819 0.513205 0.077845
v 0.156554 0.513205 0.069833
v 0.161450 0.513205 0.059129
v 0.169027 0.513205 0.046781
v 0.178544 0.513205 0.033998
v 0.180434 0.510916 0.035528
v 0.189027 0.510916 0.025758
v 0.197602 0.510916 0.017610
v 0.205320 0.510916 0.011883
v 0.211425 0.510916 0.009136
v 0.215319 0.510916 0.009640
v 0.216621 0.510916 0.013344
v 0.215204 0.510916 0.019887
v 0.211206 0.510916 0.028626
v 0.205020 0.510916 0.038708
v 0.197249 0.510916 0.049145
v 0.188656 0.510916 0.058916
v 0.180080 0.510916 0.067064
v 0.172363 0.510916 0.072791
v 0.166258 0.510916 0.075537
v 0.162364 0.510916 0.075034
v 0.161062 0.510916 0.071329
v 0.162479 0.510916 0.064787
v 0.166476 0.510916 0.056047
v 0.172663 0.510916 0.045965
v 0.180434 0.510916 0.035528
v 0.182896 0.509160 0.037523
v 0.188973 0.509160 0.030614
v 0.195036 0.509160 0.024852
v 0.200494 0.509160 0.020803
v 0.204810 0.509160 0.018861
v 0.207564 0.509160 0.019217
v 0.208485 0.509160 0.021836
v 0.207483 0.509160 0.026462
v 0.204656 0.509160 0.032642
v 0.200281 0.509160 0.039771
v 0.194787 0.509160 0.047151
v 0.188710 0.509160 0.054060
v 0.182647 0.509160 0.059821
v 0.177189 0.509160 0.063871
v 0.172873 0.509160 0.065813
v 0.170119 0.509160 0.065457
v 0.169198 0.509160 0.062838
v 0.170200 0.509160 0.058212
v 0.173027 0.509160 0.052032
v 0.177402 0.509160 0.044903
v 0.182896 0.509160 0.037523
v 0.185764 0.508057 0.039845
v 0.188909 0.508057 0.036268
v 0.192048 0.508057 0.033286
v 0.194873 0.508057 0.031190
v 0.197108 0.508057 0.030185
v 0.198533 0.508057 0.030369
v 0.199009 0.508057 0.031725
v 0.198491 0.508057 0.034119
v 0.197028 0.508057 0.037318
v 0.194763 0.508057 0.041009
v 0.191919 0.508057 0.044829
v 0.188773 0.508057 0.048405
v 0.185635 0.508057 0.051387
v 0.182810 0.508057 0.053484
v 0.180575 0.508057 0.054489
v 0.179150 0.508057 0.054305
v 0.178673 0.508057 0.052949
v 0.179192 0.508057 0.050554
v 0.180655 0.508057 0.047355
v 0.182920 0.508057 0.043665
v 0.185764 0.508057 0.039845
v 0.188841 0.507680 0.042337
v 0.188841 0.507680 0.042337
v 0.188841 0.507680 0.042337
v 0.188841 0.507680 0.042337
v 0.188841 0.507680 0.042337
v 0.188841 0.507680 0.042337
v 0.188841 0.507680 0.042337
v 0.188841 0.507680 0.042337
v 0.188841 0.507680 0.042337
v 0.188841 0.507680 0.042337
v 0.188841 0.507680 0.042337
v 0.188841 0.507680 0.042337
v 0.188841 0.507680 0.042337
v 0.188841 0.507680 0.042337
v 0.188841 0.507680 0.042337
v 0.188841 0.507680 0.042337
v 0.188841 0.507680 0.042337
v 0.188841 0.507680 0.042337
v 0.188841 0.507680 0.042337
v 0.188841 0.507680 0.042337
v 0.188841 0.507680 0.042337
v 0.172327 0.529780 0.028964
v 0.172327 0.529780 0.028964
v 0.172327 0.529780 0.028964
v 0.172327 0.529780 0.028964
v 0.172327 0.529780 0.028964
v 0.172327 0.529780 0.028964
v 0.172327 0.529780 0.028964
v 0.172327 0.529780 0.028964
v 0.172327 0.529780 0.028964
v 0.172327 0.529780 0.028964
v 0.172327 0.529780 0.028964
v 0.172327 0.529780 0.028964
v 0.172327 0.529780 0.028964
v 0.172327 0.529780 0.028964
v 0.172327 0.529780 0.028964
v 0.172327 0.529780 0.028964
v 0.172327 0.529780 0.028964
v 0.172327 0.529780 0.028964
v 0.172327 0.529780 0.028964
v 0.172327 0.529780 0.028964
v 0.172327 0.529780 0.028964
v 0.168583 0.529403 0.027675
v 0.170315 0.529403 0.023238
v 0.172245 0.529403 0.019362
v 0.174182 0.529403 0.016426
v 0.175938 0.529403 0.014717
v 0.177341 0.529403 0.014403
v 0.178252 0.529403 0.015514
v 0.178584 0.529403 0.017942
v 0.178303 0.529403 0.021448
v 0.177437 0.529403 0.025690
v 0.176071 0.529403 0.030253
v 0.174339 0.529403 0.034689
v 0.172409 0.529403 0.038565
v 0.170472 0.529403 0.041501
v 0.168716 0.529403 0.043210
v 0.167313 0.529403 0.043525
v 0.166402 0.529403 0.042413
v 0.166070 0.529403 0.039986
v 0.166351 0.529403 0.036479
v 0.167217 0.529403 0.032237
v 0.168583 0.529403 0.027675
v 0.165094 0.528300 0.026473
v 0.168441 0.528300 0.017903
v 0.172168 0.528300 0.010415
v 0.175911 0.528300 0.004743
v 0.179304 0.528300 0.001442
v 0.182013 0.528300 0.000835
v 0.183774 0.528300 0.002981
v 0.184415 0.528300 0.007671
v 0.183872 0.528300 0.014445
v 0.182199 0.528300 0.022640
v 0.179560 0.528300 0.031454
v 0.176213 0.528300 0.040025
v 0.172486 0.528300 0.047513
v 0.168743 0.528300 0.053185
v 0.165351 0.528300 0.056486
v 0.162641 0.528300 0.057093
v 0.160880 0.528300 0.054947
v 0.160240 0.528300 0.050257
v 0.160782 0.528300 0.043483
v 0.162455 0.528300 0.035287
v 0.165094 0.528300 0.026473
v 0.162098 0.526544 0.025442
v 0.166831 0.526544 0.013321
v 0.172103 0.526544 0.002732
v 0.177396 0.526544 -0.005290
v 0.182193 0.526544 -0.009958
v 0.186025 0.526544 -0.010817
v 0.188515 0.526544 -0.007781
v 0.189421 0.526544 -0.001149
v 0.188654 0.526544 0.008431
v 0.186289 0.526544 0.020021
v 0.182556 0.526544 0.032486
v 0.177823 0.526544 0.044607
v 0.172552 0.526544 0.055196
v 0.167258 0.526544 0.063217
v 0.162461 0.526544 0.067886
v 0.158630 0.526544 0.068744
v 0.156139 0.526544 0.065709
v 0.155233 0.526544 0.059077
v 0.156000 0.526544 0.049497
v 0.158366 0.526544 0.037907
v 0.162098 0.526544 0.025442
v 0.159799 0.524255 0.024650
v 0.165596 0.524255 0.009805
v 0.172052 0.524255 -0.003164
v 0.178535 0.524255 -0.012988
v 0.184411 0.524255 -0.018706
v 0.189103 0.524255 -0.019757
v 0.192154 0.524255 -0.016040
v 0.193263 0.524255 -0.007917
v 0.192323 0.524255 0.003816
v 0.189426 0.524255 0.018011
v 0.184855 0.524255 0.033278
v 0.179058 0.524255 0.048122
v 0.172602 0.524255 0.061091
v 0.166119 0.524255 0.070916
v 0.160244 0.524255 0.076633
v 0.155551 0.524255 0.077685
v 0.152501 0.524255 0.073967
v 0.151391 0.524255 0.065844
v 0.152331 0.524255 0.054111
v 0.155228 0.524255 0.039917
v 0.159799 0.524255 0.024650
v 0.158354 0.521590 0.024152
v 0.164820 0.521590 0.007595
v 0.172020 0.521590 -0.006870
v 0.179251 0.521590 -0.017827
v 0.185805 0.521590 -0.024205
v 0.191038 0.521590 -0.025378
v 0.194441 0.521590 -0.021231
v 0.195678 0.521590 -0.012171
v 0.194630 0.521590 0.000915
v 0.191399 0.521590 0.016747
v 0.186301 0.521590 0.033775
v 0.179835 0.521590 0.050332
v 0.172634 0.521590 0.064797
v 0.165403 0.521590 0.075755
v 0.158850 0.521590 0.082132
v 0.153616 0.521590 0.083305
v 0.150214 0.521590 0.079159
v 0.148976 0.521590 0.070099
v 0.150024 0.521590 0.057012
v 0.153255 0.521590 0.041180
v 0.158354 0.521590 0.024152
v 0.157861 0.518730 0.023983
v 0.164555 0.518730 0.006842
v 0.172010 0.518730 -0.008134
v 0.179496 0.518730 -0.019478
v 0.186280 0.518730 -0.026080
v 0.191698 0.518730 -0.027295
v 0.195221 0.518730 -0.023002
v 0.196502 0.518730 -0.013622
v 0.195417 0.518730 -0.000074
v 0.192072 0.518730 0.016316
v 0.186794 0.518730 0.033945
v 0.180099 0.518730 0.051086
v 0.172645 0.518730 0.066061
v 0.165159 0.518730 0.077406
v 0.158374 0.518730 0.084008
v 0.152956 0.518730 0.085222
v 0.149434 0.518730 0.080929
v 0.148152 0.518730 0.071550
v 0.149237 0.518730 0.058002
v 0.152583 0.518730 0.041611
v 0.157861 0.518730 0.023983
v 0.158354 0.515870 0.024152
v 0.164820 0.515870 0.007595
v 0.172020 0.515870 -0.006870
v 0.179251 0.515870 -0.017827
v 0.185805 0.515870 -0.024205
v 0.191038 0.515870 -0.025378
v 0.194441 0.515870 -0.021231
v 0.195678 0.515870 -0.012171
v 0.194630 0.515870 0.000915
v 0.191399 0.515870 0.016747
v 0.186301 0.515870 0.033775
v 0.179835 0.515870 0.050332
v 0.172634 0.515870 0.064797
v 0.165403 0.515870 0.075755
v 0.158850 0.515870 0.082132
v 0.153616 0.515870 0.083305
v 0.150214 0.515870 0.079159
v 0.148976 0.515870 0.070099
v 0.150024 0.515870 0.057012
v 0.153255 0.515870 0.041180
v 0.158354 0.515870 0.024152
v 0.159799 0.513205 0.024650
v 0.165596 0.513205 0.009805
v 0.172052 0.513205 -0.003164
v 0.178535 0.513205 -0.012988
v 0.184411 0.513205 -0.018706
v 0.189103 0.513205 -0.019757
v 0.192154 0.513205 -0.016040
v 0.193263 0.513205 -0.007917
v 0.192323 0.513205 0.003816
v 0.189426 0.513205 0.018011
v 0.184855 0.513205 0.033278
v 0.179058 0.513205 0.048122
v 0.172602 0.513205 0.061091
v 0.166119 0.513205 0.070916
v 0.160244 0.513205 0.076633
v 0.155551 0.513205 0.077685
v 0.152501 0.513205 0.073967
v 0.151391 0.513205 0.065844
v 0.152331 0.513205 0.054111
v 0.155228 0.513205 0.039917
v 0.159799 0.513205 0.024650
v 0.162098 0.510916 0.025442
v 0.166831 0.510916 0.013321
v 0.172103 0.510916 0.002732
v 0.177396 0.510916 -0.005290
v 0.182193 0.510916 -0.009958
v 0.186025 0.510916 -0.010817
v 0.188515 0.510916 -0.007781
v 0.189421 0.510916 -0.001149
v 0.188654 0.510916 0.008431
v 0.186289 0.510916 0.020021
v 0.182556 0.510916 0.032486
v 0.177823 0.510916 0.044607
v 0.172552 0.510916 0.055196
v 0.167258 0.510916 0.063217
v 0.162461 0.510916 0.067886
v 0.158630 0.510916 0.068744
v 0.156139 0.510916 0.065709
v 0.155233 0.510916 0.059077
v 0.156000 0.510916 0.049497
v 0.158366 0.510916 0.037907
v 0.162098 0.510916 0.025442
v 0.165094 0.509160 0.026473
v 0.168441 0.509160 0.017903
v 0.172168 0.509160 0.010415
v 0.175911 0.509160 0.004743
v 0.179304 0.509160 0.001442
v 0.182013 0.509160 0.000835
v 0.183774 0.509160 0.002981
v 0.184415 0.509160 0.007671
v 0.183872 0.509160 0.014445
v 0.182199 0.509160 0.022640
v 0.179560 0.509160 0.031454
v 0.176213 0.509160 0.040025
v 0.172486 0.509160 0.047513
v 0.168743 0.509160 0.053185
v 0.165351 0.509160 0.056486
v 0.162641 0.509160 0.057093
v 0.160880 0.509160 0.054947
v 0.160240 0.509160 0.050257
v 0.160782 0.509160 0.043483
v 0.162455 0.509160 0.035287
v 0.165094 0.509160 0.026473
v 0.168583 0.508057 0.027675
v 0.170315 0.508057 0.023238
v 0.172245 0.508057 0.019362
v 0.174182 0.508057 0.016426
v 0.175938 0.508057 0.014717
v 0.177341 0.508057 0.014403
v 0.178252 0.508057 0.015514
v 0.178584 0.508057 0.017942
v 0.178303 0.508057 0.021448
v 0.177437 0.508057 0.025690
v 0.176071 0.508057 0.030253
v 0.174339 0.508057 0.034689
v 0.172409 0.508057 0.038565
v 0.170472 0.508057 0.041501
v 0.168716 0.508057 0.043210
v 0.167313 0.508057 0.043525
v 0.166402 0.508057 0.042413
v 0.166070 0.508057 0.039986
v 0.166351 0.508057 0.036479
v 0.167217 0.508057 0.032237
v 0.168583 0.508057 0.027675
v 0.172327 0.507680 0.028964
v 0.172327 0.507680 0.028964
v 0.172327 0.507680 0.028964
v 0.172327 0.507680 0.028964
v 0.172327 0.507680 0.028964
v 0.172327 0.507680 0.028964
v 0.172327 0.507680 0.028964
v 0.172327 0.507680 0.028964
v 0.172327 0.507680 0.028964
v 0.172327 0.507680 0.028964
v 0.172327 0.507680 0.028964
v 0.172327 0.507680 0.028964
v 0.172327 0.507680 0.028964
v 0.172327 0.507680 0.028964
v 0.172327 0.507680 0.028964
v 0.172327 0.507680 0.028964
v 0.172327 0.507680 0.028964
v 0.172327 0.507680 0.028964
v 0.172327 0.507680 0.028964
v 0.172327 0.507680 0.028964
v 0.172327 0.507680 0.028964
vn -0.000000 1.000000 0.000000
vn -0.000000 1.000000 0.000000
vn -0.000000 1.000000 0.000000
vn -0.000000 1.000000 0.000000
vn -0.000000 1.000000 0.000000
vn -0.000000 1.000000 0.000000
vn -0.000000 1.000000 0.000000
vn -0.000000 1.000000 0.000000
vn -0.000000 1.000000 0.000000
vn -0.000000 1.000000 0.000000
vn -0.000000 1.000000 0.000000
vn -0.000000 1.000000 0.000000
vn -0.000000 1.000000 0.000000
vn -0.000000 1.000000 0.000000
vn -0.000000 1.000000 0.000000
vn -0.000000 1.000000 0.000000
vn -0.000000 1.000000 0.000000
vn -0.000000 1.000000 0.000000
vn -0.000000 1.000000 0.000000
vn -0.000000 1.000000 0.000000
vn -0.000000 1.000000 0.000000
vn 0.209390 0.975164 0.072193
vn 0.197641 0.976419 0.086859
vn 0.167142 0.981498 0.093413
vn 0.120114 0.988578 0.091024
vn 0.060512 0.994991 0.079563
vn -0.005811 0.998187 0.059916
vn -0.071662 0.996846 0.034102
vn -0.129811 0.991526 0.005003
vn -0.174369 0.984382 -0.024227
vn -0.201515 0.978171 -0.050728
vn -0.209390 0.975164 -0.072193
vn -0.197641 0.976419 -0.086859
vn -0.167142 0.981498 -0.093413
vn -0.120114 0.988578 -0.091024
vn -0.060512 0.994991 -0.079563
vn 0.005811 0.998187 -0.059916
vn 0.071662 0.996846 -0.034102
vn 0.129811 0.991526 -0.005003
vn 0.174369 0.984382 0.024227
vn 0.201515 0.978171 0.050728
vn 0.209390 0.975164 0.072193
vn 0.377034 0.916535 0.133452
vn 0.353708 0.921719 0.159137
vn 0.299033 0.938688 0.171592
vn 0.213808 0.962244 0.168445
vn 0.102385 0.983714 0.147727
vn -0.024072 0.993652 0.109889
vn -0.148233 0.987166 0.059411
vn -0.252896 0.967486 0.003759
vn -0.327454 0.943553 -0.049813
vn -0.368640 0.924557 -0.096435
vn -0.377034 0.916535 -0.133452
vn -0.353708 0.921719 -0.159137
vn -0.299033 0.938688 -0.171592
vn -0.213808 0.962244 -0.168445
vn -0.102385 0.983714 -0.147727
vn 0.024072 0.993652 -0.109889
vn 0.148233 0.987166 -0.059411
vn 0.252896 0.967486 -0.003759
vn 0.327454 0.943553 0.049813
vn 0.368640 0.924557 0.096435
vn 0.377034 0.916535 0.133452
vn 0.559548 0.804219 0.200345
vn 0.526831 0.815525 0.239518
vn 0.453738 0.851288 0.263498
vn 0.332695 0.904484 0.266878
vn 0.159538 0.957330 0.240970
vn -0.049944 0.982311 0.180472
vn -0.253544 0.962735 0.094105
vn -0.410435 0.911888 0.002012
vn -0.508273 0.857452 -0.080216
vn -0.554715 0.818859 -0.147519
vn -0.559548 0.804219 -0.200345
vn -0.526831 0.815525 -0.239518
vn -0.453738 0.851288 -0.263498
vn -0.332695 0.904484 -0.266878
vn -0.159538 0.957330 -0.240970
vn 0.049944 0.982311 -0.180472
vn 0.253544 0.962735 -0.094105
vn 0.410435 0.911888 -0.002012
vn 0.508273 0.857452 0.080216
vn 0.554715 0.818859 0.147519
vn 0.559548 0.804219 0.200345
vn 0.739178 0.618546 0.266490
vn 0.702511 0.634960 0.321411
vn 0.626071 0.688410 0.366234
vn 0.486192 0.779800 0.394371
vn 0.246187 0.890407 0.382841
vn -0.092738 0.950474 0.296645
vn -0.414906 0.897914 0.146982
vn -0.615695 0.787984 -0.000584
vn -0.710778 0.694021 -0.114584
vn -0.743956 0.637665 -0.199781
vn -0.739178 0.618546 -0.266490
vn -0.702511 0.634960 -0.321411
vn -0.626071 0.688410 -0.366234
vn -0.486192 0.779800 -0.394371
vn -0.246187 0.890407 -0.382841
vn 0.092738 0.950474 -0.296645
vn 0.414906 0.897914 -0.146982
vn 0.615695 0.787984 0.000584
vn 0.710778 0.694021 0.114584
vn 0.743956 0.637665 0.199781
vn 0.739178 0.618546 0.266490
vn 0.882774 0.344068 0.319886
vn 0.848408 0.357929 0.389989
vn 0.787904 0.405522 0.463420
vn 0.668395 0.504313 0.546732
vn 0.391563 0.677393 0.622749
vn -0.184862 0.818504 0.543945
vn -0.689748 0.684516 0.235978
vn -0.860719 0.509061 -0.004496
vn -0.900998 0.407979 -0.147499
vn -0.900977 0.358968 -0.243686
vn -0.882774 0.344068 -0.319886
vn -0.848408 0.357929 -0.389989
vn -0.787904 0.405522 -0.463420
vn -0.668395 0.504313 -0.546732
vn -0.391563 0.677393 -0.622749
vn 0.184862 0.818504 -0.543945
vn 0.689748 0.684516 -0.235978
vn 0.860719 0.509061 0.004496
vn 0.900998 0.407979 0.147499
vn 0.900977 0.358968 0.243686
vn 0.882774 0.344068 0.319886
vn 0.939693 -0.000000 0.342020
vn 0.907953 0.000000 0.419072
vn 0.860899 -0.000000 0.508776
vn 0.771733 -0.000000 0.635947
vn 0.524606 0.000000 0.851345
vn -0.342020 -0.000000 0.939693
vn -0.949106 0.000000 0.314957
vn -0.999960 -0.000000 -0.008897
vn -0.986522 -0.000000 -0.163631
vn -0.964907 -0.000000 -0.262593
vn -0.939693 0.000000 -0.342020
vn -0.907953 0.000000 -0.419072
vn -0.860899 0.000000 -0.508776
vn -0.771733 0.000000 -0.635947
vn -0.524606 -0.000000 -0.851345
vn 0.342020 0.000000 -0.939693
vn 0.949106 0.000000 -0.314957
vn 0.999960 0.000000 0.008897
vn 0.986522 0.000000 0.163631
vn 0.964907 -0.000000 0.262593
vn 0.939693 -0.000000 0.342020
vn 0.881863 -0.344068 0.322390
vn 0.846827 -0.358968 0.392463
vn 0.785015 -0.407979 0.466159
vn 0.662239 -0.509061 0.549815
vn 0.376694 -0.684516 0.624131
vn -0.208028 -0.818504 0.535514
vn -0.700250 -0.677393 0.225362
vn -0.863453 -0.504313 -0.010815
vn -0.901451 -0.405522 -0.151454
vn -0.900598 -0.357929 -0.246597
vn -0.881863 -0.344068 -0.322390
vn -0.846827 -0.358968 -0.392463
vn -0.785015 -0.407979 -0.466159
vn -0.662239 -0.509061 -0.549815
vn -0.376694 -0.684516 -0.624131
vn 0.208028 -0.818504 -0.535514
vn 0.700250 -0.677393 -0.225362
vn 0.863453 -0.504313 0.010815
vn 0.901451 -0.405522 0.151454
vn 0.900598 -0.357929 0.246597
vn 0.881863 -0.344068 0.322390
vn 0.737540 -0.618546 0.270991
vn 0.698320 -0.637665 0.325164
vn 0.618141 -0.694021 0.369103
vn 0.472025 -0.787984 0.395314
vn 0.223358 -0.897914 0.379291
vn -0.119639 -0.950474 0.286854
vn -0.434676 -0.890407 0.135027
vn -0.625942 -0.779800 -0.010413
vn -0.715009 -0.688410 -0.121879
vn -0.744753 -0.634960 -0.205350
vn -0.737540 -0.618546 -0.270991
vn -0.698320 -0.637665 -0.325164
vn -0.618141 -0.694021 -0.369103
vn -0.472025 -0.787984 -0.395314
vn -0.223358 -0.897914 -0.379291
vn 0.119639 -0.950474 -0.286854
vn 0.434676 -0.890407 -0.135027
vn 0.625942 -0.779800 0.010413
vn 0.715009 -0.688410 0.121879
vn 0.744753 -0.634960 0.205350
vn 0.737540 -0.618546 0.270991
vn 0.557418 -0.804219 0.206198
vn 0.519759 -0.818859 0.243558
vn 0.440922 -0.857452 0.265263
vn 0.313118 -0.911888 0.265364
vn 0.133736 -0.962735 0.235064
vn -0.077746 -0.982311 0.170353
vn -0.277106 -0.957330 0.082045
vn -0.426405 -0.904484 -0.009412
vn -0.516957 -0.851288 -0.089806
vn -0.557535 -0.815525 -0.155159
vn -0.557418 -0.804219 -0.206198
vn -0.519759 -0.818859 -0.243558
vn -0.440922 -0.857452 -0.265263
vn -0.313118 -0.911888 -0.265364
vn -0.133736 -0.962735 -0.235064
vn 0.077746 -0.982311 -0.170353
vn 0.277106 -0.957330 -0.082045
vn 0.426405 -0.904484 0.009412
vn 0.516957 -0.851288 0.089806
vn 0.557535 -0.815525 0.155159
vn 0.557418 -0.804219 0.206198
vn 0.374606 -0.916535 0.140122
vn 0.344382 -0.924557 0.163084
vn 0.282864 -0.943553 0.172324
vn 0.191314 -0.967486 0.165438
vn 0.075364 -0.987166 0.140794
vn -0.052195 -0.993652 0.099653
vn -0.173388 -0.983714 0.047353
vn -0.272060 -0.962244 -0.008397
vn -0.339370 -0.938688 -0.060767
vn -0.373248 -0.921719 -0.105453
vn -0.374606 -0.916535 -0.140122
vn -0.344382 -0.924557 -0.163084
vn -0.282864 -0.943553 -0.172324
vn -0.191314 -0.967486 -0.165438
vn -0.075364 -0.987166 -0.140794
vn 0.052195 -0.993652 -0.099653
vn 0.173388 -0.983714 -0.047353
vn 0.272060 -0.962244 0.008397
vn 0.339370 -0.938688 0.060767
vn 0.373248 -0.921719 0.105453
vn 0.374606 -0.916535 0.140122
vn 0.206807 -0.975164 0.079290
vn 0.186977 -0.978171 0.090672
vn 0.149148 -0.984382 0.093524
vn 0.096225 -0.991526 0.087274
vn 0.032976 -0.996846 0.072187
vn -0.034062 -0.998187 0.049633
vn -0.097497 -0.994991 0.022053
vn -0.150522 -0.988578 -0.007479
vn -0.188083 -0.981498 -0.035878
vn -0.207234 -0.976419 -0.060503
vn -0.206807 -0.975164 -0.079290
vn -0.186977 -0.978171 -0.090672
vn -0.149148 -0.984382 -0.093524
vn -0.096225 -0.991526 -0.087274
vn -0.032976 -0.996846 -0.072187
vn 0.034062 -0.998187 -0.049633
vn 0.097497 -0.994991 -0.022053
vn 0.150522 -0.988578 0.007479
vn 0.188083 -0.981498 0.035878
vn 0.207234 -0.976419 0.060503
vn 0.206807 -0.975164 0.079290
vn 0.000000 -1.000000 -0.000000
vn 0.000000 -1.000000 -0.000000
vn 0.000000 -1.000000 -0.000000
vn 0.000000 -1.000000 -0.000000
vn 0.000000 -1.000000 -0.000000
vn 0.000000 -1.000000 -0.000000
vn 0.000000 -1.000000 -0.000000
vn 0.000000 -1.000000 -0.000000
vn 0.000000 -1.000000 -0.000000
vn 0.000000 -1.000000 -0.000000
vn 0.000000 -1.000000 -0.000000
vn 0.000000 -1.000000 -0.000000
vn 0.000000 -1.000000 -0.000000
vn 0.000000 -1.000000 -0.000000
vn 0.000000 -1.000000 -0.000000
vn 0.000000 -1.000000 -0.000000
vn 0.000000 -1.000000 -0.000000
vn 0.000000 -1.000000 -0.000000
vn 0.000000 -1.000000 -0.000000
vn 0.000000 -1.000000 -0.000000
vn 0.000000 -1.000000 -0.000000
vn 0.000000 1.000000 0.000000
vn 0.000000 1.000000 0.000000
vn 0.000000 1.000000 0.000000
vn 0.000000 1.000000 0.000000
vn 0.000000 1.000000 0.000000
vn 0.000000 1.000000 0.000000
vn 0.000000 1.000000 0.000000
vn 0.000000 1.000000 0.000000
vn 0.000000 1.000000 0.000000
vn 0.000000 1.000000 0.000000
vn 0.000000 1.000000 0.000000
vn 0.000000 1.000000 0.000000
vn 0.000000 1.000000 0.000000
vn 0.000000 1.000000 0.000000
vn 0.000000 1.000000 0.000000
vn 0.000000 1.000000 0.000000
vn 0.000000 1.000000 0.000000
vn 0.000000 1.000000 0.000000
vn 0.000000 1.000000 0.000000
vn 0.000000 1.000000 0.000000
vn 0.000000 1.000000 0.000000
vn 0.221454 0.975164 -0.003776
vn 0.215430 0.976419 0.014024
vn 0.189011 0.981498 0.030614
vn 0.144002 0.988578 0.044453
vn 0.084075 0.994991 0.054069
vn 0.015032 0.998187 0.058290
vn -0.055677 0.996846 0.056555
vn -0.120271 0.991526 0.049100
vn -0.172140 0.984382 0.036872
vn -0.206712 0.978171 0.021254
vn -0.221454 0.975164 0.003776
vn -0.215430 0.976419 -0.014024
vn -0.189011 0.981498 -0.030614
vn -0.144002 0.988578 -0.044453
vn -0.084075 0.994991 -0.054069
vn -0.015032 0.998187 -0.058290
vn 0.055677 0.996846 -0.056555
vn 0.120271 0.991526 -0.049100
vn 0.172140 0.984382 -0.036872
vn 0.206712 0.978171 -0.021254
vn 0.221454 0.975164 -0.003776
vn 0.399939 0.916535 -0.003549
vn 0.386805 0.921719 0.028565
vn 0.339687 0.938688 0.058969
vn 0.258525 0.962244 0.085160
vn 0.146736 0.983714 0.103800
vn 0.014964 0.993652 0.111495
vn -0.118973 0.987166 0.106527
vn -0.236359 0.967486 0.090028
vn -0.324743 0.943553 0.065187
vn -0.379391 0.924557 0.035463
vn -0.399939 0.916535 0.003549
vn -0.386805 0.921719 -0.028565
vn -0.339687 0.938688 -0.058969
vn -0.258525 0.962244 -0.085160
vn -0.146736 0.983714 -0.103800
vn -0.014964 0.993652 -0.111495
vn 0.118973 0.987166 -0.106527
vn 0.236359 0.967486 -0.090028
vn 0.324743 0.943553 -0.065187
vn 0.379391 0.924557 -0.035463
vn 0.399939 0.916535 -0.003549
vn 0.594325 0.804219 -0.003114
vn 0.576979 0.815525 0.044886
vn 0.516496 0.851288 0.092420
vn 0.403908 0.904484 0.136995
vn 0.232334 0.957330 0.171873
vn 0.014793 0.982311 0.186670
vn -0.206068 0.962735 0.175147
vn -0.384995 0.911888 0.142268
vn -0.505056 0.857452 0.098461
vn -0.571716 0.818859 0.051101
vn -0.594325 0.804219 0.003114
vn -0.576979 0.815525 -0.044886
vn -0.516496 0.851288 -0.092420
vn -0.403908 0.904484 -0.136995
vn -0.232334 0.957330 -0.171873
vn -0.014793 0.982311 -0.186670
vn 0.206068 0.962735 -0.175147
vn 0.384995 0.911888 -0.142268
vn 0.505056 0.857452 -0.098461
vn 0.571716 0.818859 -0.051101
vn 0.594325 0.804219 -0.003114
vn 0.785745 0.618546 -0.002395
vn 0.770073 0.634960 0.061755
vn 0.713574 0.688410 0.130018
vn 0.591754 0.779800 0.204300
vn 0.362280 0.890407 0.275552
vn 0.014314 0.950474 0.310474
vn -0.339613 0.897914 0.280024
vn -0.578764 0.787984 0.210031
vn -0.707103 0.694021 0.135427
vn -0.767419 0.637665 0.066715
vn -0.785745 0.618546 0.002395
vn -0.770073 0.634960 -0.061755
vn -0.713574 0.688410 -0.130018
vn -0.591754 0.779800 -0.204300
vn -0.362280 0.890407 -0.275552
vn -0.014314 0.950474 -0.310474
vn 0.339613 0.897914 -0.280024
vn 0.578764 0.787984 -0.210031
vn 0.707103 0.694021 -0.135427
vn 0.767419 0.637665 -0.066715
vn 0.785745 0.618546 -0.002395
vn 0.938944 0.344068 -0.001332
vn 0.930627 0.357929 0.076297
vn 0.898887 0.405522 0.165994
vn 0.815079 0.504313 0.285156
vn 0.580941 0.677393 0.451271
vn 0.012326 0.818504 0.574368
vn -0.567442 0.684516 0.457654
vn -0.810349 0.509061 0.290158
vn -0.897109 0.407979 0.169555
vn -0.929987 0.358968 0.079163
vn -0.938944 0.344068 0.001332
vn -0.930627 0.357929 -0.076297
vn -0.898887 0.405522 -0.165994
vn -0.815079 0.504313 -0.285156
vn -0.580941 0.677393 -0.451271
vn -0.012326 0.818504 -0.574368
vn 0.567442 0.684516 -0.457654
vn 0.810349 0.509061 -0.290158
vn 0.897109 0.407979 -0.169555
vn 0.929987 0.358968 -0.079163
vn 0.938944 0.344068 -0.001332
vn 1.000000 -0.000000 0.000000
vn 0.996528 0.000000 0.083261
vn 0.982992 0.000000 0.183648
vn 0.942698 -0.000000 0.333646
vn 0.784146 -0.000000 0.620576
vn -0.000000 0.000000 1.000000
vn -0.784146 0.000000 0.620576
vn -0.942698 0.000000 0.333646
vn -0.982992 0.000000 0.183648
vn -0.996528 -0.000000 0.083261
vn -1.000000 0.000000 -0.000000
vn -0.996528 0.000000 -0.083261
vn -0.982992 -0.000000 -0.183648
vn -0.942698 -0.000000 -0.333646
vn -0.784146 0.000000 -0.620576
vn 0.000000 0.000000 -1.000000
vn 0.784146 -0.000000 -0.620576
vn 0.942698 0.000000 -0.333646
vn 0.982992 0.000000 -0.183648
vn 0.996528 -0.000000 -0.083261
vn 1.000000 -0.000000 0.000000
vn 0.938944 -0.344068 0.001332
vn 0.929987 -0.358968 0.079163
vn 0.897109 -0.407979 0.169555
vn 0.810349 -0.509061 0.290158
vn 0.567442 -0.684516 0.457654
vn -0.012326 -0.818504 0.574368
vn -0.580941 -0.677393 0.451271
vn -0.815079 -0.504313 0.285156
vn -0.898887 -0.405522 0.165994
vn -0.930627 -0.357929 0.076297
vn -0.938944 -0.344068 -0.001332
vn -0.929987 -0.358968 -0.079163
vn -0.897109 -0.407979 -0.169555
vn -0.810349 -0.509061 -0.290158
vn -0.567442 -0.684516 -0.457654
vn 0.012326 -0.818504 -0.574368
vn 0.580941 -0.677393 -0.451271
vn 0.815079 -0.504313 -0.285156
vn 0.898887 -0.405522 -0.165994
vn 0.930627 -0.357929 -0.076297
vn 0.938944 -0.344068 0.001332
vn 0.785745 -0.618546 0.002395
vn 0.767419 -0.637665 0.066715
vn 0.707103 -0.694021 0.135427
vn 0.578764 -0.787984 0.210031
vn 0.339613 -0.897914 0.280024
vn -0.014314 -0.950474 0.310474
vn -0.362280 -0.890407 0.275552
vn -0.591754 -0.779800 0.204300
vn -0.713574 -0.688410 0.130018
vn -0.770073 -0.634960 0.061755
vn -0.785745 -0.618546 -0.002395
vn -0.767419 -0.637665 -0.066715
vn -0.707103 -0.694021 -0.135427
vn -0.578764 -0.787984 -0.210031
vn -0.339613 -0.897914 -0.280024
vn 0.014314 -0.950474 -0.310474
vn 0.362280 -0.890407 -0.275552
vn 0.591754 -0.779800 -0.204300
vn 0.713574 -0.688410 -0.130018
vn 0.770073 -0.634960 -0.061755
vn 0.785745 -0.618546 0.002395
vn 0.594325 -0.804219 0.003114
vn 0.571716 -0.818859 0.051101
vn 0.505056 -0.857452 0.098461
vn 0.384995 -0.911888 0.142268
vn 0.206068 -0.962735 0.175147
vn -0.014793 -0.982311 0.186670
vn -0.232334 -0.957330 0.171873
vn -0.403908 -0.904484 0.136995
vn -0.516496 -0.851288 0.092420
vn -0.576979 -0.815525 0.044886
vn -0.594325 -0.804219 -0.003114
vn -0.571716 -0.818859 -0.051101
vn -0.505056 -0.857452 -0.098461
vn -0.384995 -0.911888 -0.142268
vn -0.206068 -0.962735 -0.175147
vn 0.014793 -0.982311 -0.186670
vn 0.232334 -0.957330 -0.171873
vn 0.403908 -0.904484 -0.136995
vn 0.516496 -0.851288 -0.092420
vn 0.576979 -0.815525 -0.044886
vn 0.594325 -0.804219 0.003114
vn 0.399939 -0.916535 0.003549
vn 0.379391 -0.924557 0.035463
vn 0.324743 -0.943553 0.065187
vn 0.236359 -0.967486 0.090028
vn 0.118973 -0.987166 0.106527
vn -0.014964 -0.993652 0.111495
vn -0.146736 -0.983714 0.103800
vn -0.258525 -0.962244 0.085160
vn -0.339687 -0.938688 0.058969
vn -0.386805 -0.921719 0.028565
vn -0.399939 -0.916535 -0.003549
vn -0.379391 -0.924557 -0.035463
vn -0.324743 -0.943553 -0.065187
vn -0.236359 -0.967486 -0.090028
vn -0.118973 -0.987166 -0.106527
vn 0.014964 -0.993652 -0.111495
vn 0.146736 -0.983714 -0.103800
vn 0.258525 -0.962244 -0.085160
vn 0.339687 -0.938688 -0.058969
vn 0.386805 -0.921719 -0.028565
vn 0.399939 -0.916535 0.003549
vn 0.221454 -0.975164 0.003776
vn 0.206712 -0.978171 0.021254
vn 0.172140 -0.984382 0.036872
vn 0.120271 -0.991526 0.049100
vn 0.055677 -0.996846 0.056555
vn -0.015032 -0.998187 0.058290
vn -0.084075 -0.994991 0.054069
vn -0.144002 -0.988578 0.044453
vn -0.189011 -0.981498 0.030614
vn -0.215430 -0.976419 0.014024
vn -0.221454 -0.975164 -0.003776
vn -0.206712 -0.978171 -0.021254
vn -0.172140 -0.984382 -0.036872
vn -0.120271 -0.991526 -0.049100
vn -0.055677 -0.996846 -0.056555
vn 0.015032 -0.998187 -0.058290
vn 0.084075 -0.994991 -0.054069
vn 0.144002 -0.988578 -0.044453
vn 0.189011 -0.981498 -0.030614
vn 0.215430 -0.976419 -0.014024
vn 0.221454 -0.975164 0.003776
vn -0.000000 -1.000000 0.000000
vn -0.000000 -1.000000 0.000000
vn -0.000000 -1.000000 0.000000
vn -0.000000 -1.000000 0.000000
vn -0.000000 -1.000000 0.000000
vn -0.000000 -1.000000 0.000000
vn -0.000000 -1.000000 0.000000
vn -0.000000 -1.000000 0.000000
vn -0.000000 -1.000000 0.000000
vn -0.000000 -1.000000 0.000000
vn -0.000000 -1.000000 0.000000
vn -0.000000 -1.000000 0.000000
vn -0.000000 -1.000000 0.000000
vn -0.000000 -1.000000 0.000000
vn -0.000000 -1.000000 0.000000
vn -0.000000 -1.000000 0.000000
vn -0.000000 -1.000000 0.000000
vn -0.000000 -1.000000 0.000000
vn -0.000000 -1.000000 0.000000
vn -0.000000 -1.000000 0.000000
vn -0.000000 -1.000000 0.000000
vn -0.000000 1.000000 -0.000000
vn -0.000000 1.000000 -0.000000
vn -0.000000 1.000000 -0.000000
vn -0.000000 1.000000 -0.000000
vn -0.000000 1.000000 -0.000000
vn -0.000000 1.000000 -0.000000
vn -0.000000 1.000000 -0.000000
vn -0.000000 1.000000 -0.000000
vn -0.000000 1.000000 -0.000000
vn -0.000000 1.000000 -0.000000
vn -0.000000 1.000000 -0.000000
vn -0.000000 1.000000 -0.000000
vn -0.000000 1.000000 -0.000000
vn -0.000000 1.000000 -0.000000
vn -0.000000 1.000000 -0.000000
vn -0.000000 1.000000 -0.000000
vn -0.000000 1.000000 -0.000000
vn -0.000000 1.000000 -0.000000
vn -0.000000 1.000000 -0.000000
vn -0.000000 1.000000 -0.000000
vn -0.000000 1.000000 -0.000000
vn 0.206807 0.975164 -0.079290
vn 0.207234 0.976419 -0.060503
vn 0.188083 0.981498 -0.035878
vn 0.150522 0.988578 -0.007479
vn 0.097497 0.994991 0.022053
vn 0.034062 0.998187 0.049633
vn -0.032976 0.996846 0.072187
vn -0.096225 0.991526 0.087274
vn -0.149148 0.984382 0.093524
vn -0.186977 0.978171 0.090672
vn -0.206807 0.975164 0.079290
vn -0.207234 0.976419 0.060503
vn -0.188083 0.981498 0.035878
vn -0.150522 0.988578 0.007479
vn -0.097497 0.994991 -0.022053
vn -0.034062 0.998187 -0.049633
vn 0.032976 0.996846 -0.072187
vn 0.096225 0.991526 -0.087274
vn 0.149148 0.984382 -0.093524
vn 0.186977 0.978171 -0.090672
vn 0.206807 0.975164 -0.079290
vn 0.374606 0.916535 -0.140122
vn 0.373248 0.921719 -0.105453
vn 0.339370 0.938688 -0.060767
vn 0.272060 0.962244 -0.008397
vn 0.173388 0.983714 0.047353
vn 0.052195 0.993652 0.099653
vn -0.075364 0.987166 0.140794
vn -0.191314 0.967486 0.165438
vn -0.282864 0.943553 0.172324
vn -0.344382 0.924557 0.163084
vn -0.374606 0.916535 0.140122
vn -0.373248 0.921719 0.105453
vn -0.339370 0.938688 0.060767
vn -0.272060 0.962244 0.008397
vn -0.173388 0.983714 -0.047353
vn -0.052195 0.993652 -0.099653
vn 0.075364 0.987166 -0.140794
vn 0.191314 0.967486 -0.165438
vn 0.282864 0.943553 -0.172324
vn 0.344382 0.924557 -0.163084
vn 0.374606 0.916535 -0.140122
vn 0.557418 0.804219 -0.206198
vn 0.557535 0.815525 -0.155159
vn 0.516957 0.851288 -0.089806
vn 0.426405 0.904484 -0.009412
vn 0.277106 0.957330 0.082045
vn 0.077746 0.982311 0.170353
vn -0.133736 0.962735 0.235064
vn -0.313118 0.911888 0.265364
vn -0.440922 0.857452 0.265263
vn -0.519759 0.818859 0.243558
vn -0.557418 0.804219 0.206198
vn -0.557535 0.815525 0.155159
vn -0.516957 0.851288 0.089806
vn -0.426405 0.904484 0.009412
vn -0.277106 0.957330 -0.082045
vn -0.077746 0.982311 -0.170353
vn 0.133736 0.962735 -0.235064
vn 0.313118 0.911888 -0.265364
vn 0.440922 0.857452 -0.265263
vn 0.519759 0.818859 -0.243558
vn 0.557418 0.804219 -0.206198
vn 0.737540 0.618546 -0.270991
vn 0.744753 0.634960 -0.205350
vn 0.715009 0.688410 -0.121879
vn 0.625942 0.779800 -0.010413
vn 0.434676 0.890407 0.135027
vn 0.119639 0.950474 0.286854
vn -0.223358 0.897914 0.379291
vn -0.472025 0.787984 0.395314
vn -0.618141 0.694021 0.369103
vn -0.698320 0.637665 0.325164
vn -0.737540 0.618546 0.270991
vn -0.744753 0.634960 0.205350
vn -0.715009 0.688410 0.121879
vn -0.625942 0.779800 0.010413
vn -0.434676 0.890407 -0.135027
vn -0.119639 0.950474 -0.286854
vn 0.223358 0.897914 -0.379291
vn 0.472025 0.787984 -0.395314
vn 0.618141 0.694021 -0.369103
vn 0.698320 0.637665 -0.325164
vn 0.737540 0.618546 -0.270991
vn 0.881863 0.344068 -0.322390
vn 0.900598 0.357929 -0.246597
vn 0.901451 0.405522 -0.151454
vn 0.863453 0.504313 -0.010815
vn 0.700250 0.677393 0.225362
vn 0.208028 0.818504 0.535514
vn -0.376694 0.684516 0.624131
vn -0.662239 0.509061 0.549815
vn -0.785015 0.407979 0.466159
vn -0.846827 0.358968 0.392463
vn -0.881863 0.344068 0.322390
vn -0.900598 0.357929 0.246597
vn -0.901451 0.405522 0.151454
vn -0.863453 0.504313 0.010815
vn -0.700250 0.677393 -0.225362
vn -0.208028 0.818504 -0.535514
vn 0.376694 0.684516 -0.624131
vn 0.662239 0.509061 -0.549815
vn 0.785015 0.407979 -0.466159
vn 0.846827 0.358968 -0.392463
vn 0.881863 0.344068 -0.322390
vn 0.939693 -0.000000 -0.342020
vn 0.964907 -0.000000 -0.262593
vn 0.986522 0.000000 -0.163631
vn 0.999960 0.000000 -0.008897
vn 0.949106 -0.000000 0.314957
vn 0.342020 -0.000000 0.939693
vn -0.524606 -0.000000 0.851345
vn -0.771733 -0.000000 0.635947
vn -0.860899 -0.000000 0.508776
vn -0.907953 -0.000000 0.419072
vn -0.939693 -0.000000 0.342020
vn -0.964907 0.000000 0.262593
vn -0.986522 0.000000 0.163631
vn -0.999960 -0.000000 0.008897
vn -0.949106 -0.000000 -0.314957
vn -0.342020 0.000000 -0.939693
vn 0.524606 0.000000 -0.851345
vn 0.771733 -0.000000 -0.635947
vn 0.860899 -0.000000 -0.508776
vn 0.907953 0.000000 -0.419072
vn 0.939693 -0.000000 -0.342020
vn 0.882774 -0.344068 -0.319886
vn 0.900977 -0.358968 -0.243686
vn 0.900998 -0.407979 -0.147499
vn 0.860719 -0.509061 -0.004496
vn 0.689748 -0.684516 0.235978
vn 0.184862 -0.818504 0.543945
vn -0.391563 -0.677393 0.622749
vn -0.668395 -0.504313 0.546732
vn -0.787904 -0.405522 0.463420
vn -0.848408 -0.357929 0.389989
vn -0.882774 -0.344068 0.319886
vn -0.900977 -0.358968 0.243686
vn -0.900998 -0.407979 0.147499
vn -0.860719 -0.509061 0.004496
vn -0.689748 -0.684516 -0.235978
vn -0.184862 -0.818504 -0.543945
vn 0.391563 -0.677393 -0.622749
vn 0.668395 -0.504313 -0.546732
vn 0.787904 -0.405522 -0.463420
vn 0.848408 -0.357929 -0.389989
vn 0.882774 -0.344068 -0.319886
vn 0.739178 -0.618546 -0.266490
vn 0.743956 -0.637665 -0.199781
vn 0.710778 -0.694021 -0.114584
vn 0.615695 -0.787984 -0.000584
vn 0.414906 -0.897914 0.146982
vn 0.092738 -0.950474 0.296645
vn -0.246187 -0.890407 0.382841
vn -0.486192 -0.779800 0.394371
vn -0.626071 -0.688410 0.366234
vn -0.702511 -0.634960 0.321411
vn -0.739178 -0.618546 0.266490
vn -0.743956 -0.637665 0.199781
vn -0.710778 -0.694021 0.114584
vn -0.615695 -0.787984 0.000584
vn -0.414906 -0.897914 -0.146982
vn -0.092738 -0.950474 -0.296645
vn 0.246187 -0.890407 -0.382841
vn 0.486192 -0.779800 -0.394371
vn 0.626071 -0.688410 -0.366234
vn 0.702511 -0.634960 -0.321411
vn 0.739178 -0.618546 -0.266490
vn 0.559548 -0.804219 -0.200345
vn 0.554715 -0.818859 -0.147519
vn 0.508273 -0.857452 -0.080216
vn 0.410435 -0.911888 0.002012
vn 0.253544 -0.962735 0.094105
vn 0.049944 -0.982311 0.180472
vn -0.159538 -0.957330 0.240970
vn -0.332695 -0.904484 0.266878
vn -0.453738 -0.851288 0.263498
vn -0.526831 -0.815525 0.239518
vn -0.559548 -0.804219 0.200345
vn -0.554715 -0.818859 0.147519
vn -0.508273 -0.857452 0.080216
vn -0.410435 -0.911888 -0.002012
vn -0.253544 -0.962735 -0.094105
vn -0.049944 -0.982311 -0.180472
vn 0.159538 -0.957330 -0.240970
vn 0.332695 -0.904484 -0.266878
vn 0.453738 -0.851288 -0.263498
vn 0.526831 -0.815525 -0.239518
vn 0.559548 -0.804219 -0.200345
vn 0.377034 -0.916535 -0.133452
vn 0.368640 -0.924557 -0.096435
vn 0.327454 -0.943553 -0.049813
vn 0.252896 -0.967486 0.003759
vn 0.148233 -0.987166 0.059411
vn 0.024072 -0.993652 0.109889
vn -0.102385 -0.983714 0.147727
vn -0.213808 -0.962244 0.168445
vn -0.299033 -0.938688 0.171592
vn -0.353708 -0.921719 0.159137
vn -0.377034 -0.916535 0.133452
vn -0.368640 -0.924557 0.096435
vn -0.327454 -0.943553 0.049813
vn -0.252896 -0.967486 -0.003759
vn -0.148233 -0.987166 -0.059411
vn -0.024072 -0.993652 -0.109889
vn 0.102385 -0.983714 -0.147727
vn 0.213808 -0.962244 -0.168445
vn 0.299033 -0.938688 -0.171592
vn 0.353708 -0.921719 -0.159137
vn 0.377034 -0.916535 -0.133452
vn 0.209390 -0.975164 -0.072193
vn 0.201515 -0.978171 -0.050728
vn 0.174369 -0.984382 -0.024227
vn 0.129811 -0.991526 0.005003
vn 0.071662 -0.996846 0.034102
vn 0.005811 -0.998187 0.059916
vn -0.060512 -0.994991 0.079563
vn -0.120114 -0.988578 0.091024
vn -0.167142 -0.981498 0.093413
vn -0.197641 -0.976419 0.086859
vn -0.209390 -0.975164 0.072193
vn -0.201515 -0.978171 0.050728
vn -0.174369 -0.984382 0.024227
vn -0.129811 -0.991526 -0.005003
vn -0.071662 -0.996846 -0.034102
vn -0.005811 -0.998187 -0.059916
vn 0.060512 -0.994991 -0.079563
vn 0.120114 -0.988578 -0.091024
vn 0.167142 -0.981498 -0.093413
vn 0.197641 -0.976419 -0.086859
vn 0.209390 -0.975164 -0.072193
vn -0.000000 -1.000000 0.000000
vn -0.000000 -1.000000 0.000000
vn -0.000000 -1.000000 0.000000
vn -0.000000 -1.000000 0.000000
vn -0.000000 -1.000000 0.000000
vn -0.000000 -1.000000 0.000000
vn -0.000000 -1.000000 0.000000
vn -0.000000 -1.000000 0.000000
vn -0.000000 -1.000000 0.000000
vn -0.000000 -1.000000 0.000000
vn -0.000000 -1.000000 0.000000
vn -0.000000 -1.000000 0.000000
vn -0.000000 -1.000000 0.000000
vn -0.000000 -1.000000 0.000000
vn -0.000000 -1.000000 0.000000
vn -0.000000 -1.000000 0.000000
vn -0.000000 -1.000000 0.000000
vn -0.000000 -1.000000 0.000000
vn -0.000000 -1.000000 0.000000
vn -0.000000 -1.000000 0.000000
vn -0.000000 -1.000000 0.000000
vn 0.000000 1.000000 -0.000000
vn 0.000000 1.000000 -0.000000
vn 0.000000 1.000000 -0.000000
vn 0.000000 1.000000 -0.000000
vn 0.000000 1.000000 -0.000000
vn 0.000000 1.000000 -0.000000
vn 0.000000 1.000000 -0.000000
vn 0.000000 1.000000 -0.000000
vn 0.000000 1.000000 -0.000000
vn 0.000000 1.000000 -0.000000
vn 0.000000 1.000000 -0.000000
vn 0.000000 1.000000 -0.000000
vn 0.000000 1.000000 -0.000000
vn 0.000000 1.000000 -0.000000
vn 0.000000 1.000000 -0.000000
vn 0.000000 1.000000 -0.000000
vn 0.000000 1.000000 -0.000000
vn 0.000000 1.000000 -0.000000
vn 0.000000 1.000000 -0.000000
vn 0.000000 1.000000 -0.000000
vn 0.000000 1.000000 -0.000000
vn 0.195602 0.975164 -0.103902
vn 0.198316 0.976419 -0.085308
vn 0.182309 0.981498 -0.058532
vn 0.148488 0.988578 -0.025767
vn 0.099458 0.994991 0.010006
vn 0.039857 0.998187 0.045112
vn -0.023933 0.996846 0.075668
vn -0.084872 0.991526 0.098350
vn -0.136638 0.984382 0.111003
vn -0.174533 0.978171 0.112783
vn -0.195602 0.975164 0.103902
vn -0.198316 0.976419 0.085308
vn -0.182309 0.981498 0.058532
vn -0.148488 0.988578 0.025767
vn -0.099458 0.994991 -0.010006
vn -0.039857 0.998187 -0.045112
vn 0.023933 0.996846 -0.075668
vn 0.084872 0.991526 -0.098350
vn 0.136638 0.984382 -0.111003
vn 0.174533 0.978171 -0.112783
vn 0.195602 0.975164 -0.103902
vn 0.354737 0.916535 -0.184731
vn 0.357614 0.921719 -0.150154
vn 0.329435 0.938688 -0.101673
vn 0.269009 0.962244 -0.041490
vn 0.177867 0.983714 0.025870
vn 0.063950 0.993652 0.092549
vn -0.057644 0.987166 0.148929
vn -0.169726 0.967486 0.187520
vn -0.259754 0.943553 0.205512
vn -0.321940 0.924557 0.203838
vn -0.354737 0.916535 0.184731
vn -0.357614 0.921719 0.150154
vn -0.329435 0.938688 0.101673
vn -0.269009 0.962244 0.041490
vn -0.177867 0.983714 -0.025870
vn -0.063950 0.993652 -0.092549
vn 0.057644 0.987166 -0.148929
vn 0.169726 0.967486 -0.187520
vn 0.259754 0.943553 -0.205512
vn 0.321940 0.924557 -0.203838
vn 0.354737 0.916535 -0.184731
vn 0.528134 0.804219 -0.272593
vn 0.534470 0.815525 -0.221949
vn 0.502159 0.851288 -0.152138
vn 0.422079 0.904484 -0.061307
vn 0.285039 0.957330 0.047663
vn 0.097927 0.982311 0.159608
vn -0.104092 0.962735 0.249610
vn -0.278445 0.911888 0.301545
vn -0.405308 0.857452 0.317020
vn -0.486203 0.818859 0.305085
vn -0.528134 0.804219 0.272593
vn -0.534470 0.815525 0.221949
vn -0.502159 0.851288 0.152138
vn -0.422079 0.904484 0.061307
vn -0.285039 0.957330 -0.047663
vn -0.097927 0.982311 -0.159608
vn 0.104092 0.962735 -0.249610
vn 0.278445 0.911888 -0.301545
vn 0.405308 0.857452 -0.317020
vn 0.486203 0.818859 -0.305085
vn 0.528134 0.804219 -0.272593
vn 0.699017 0.618546 -0.358855
vn 0.714176 0.634960 -0.294582
vn 0.694826 0.688410 -0.208108
vn 0.620007 0.779800 -0.086618
vn 0.447891 0.890407 0.081047
vn 0.153706 0.950474 0.270136
vn -0.175470 0.897914 0.403684
vn -0.420330 0.787984 0.449892
vn -0.568551 0.694021 0.441684
vn -0.653488 0.637665 0.407844
vn -0.699017 0.618546 0.358855
vn -0.714176 0.634960 0.294582
vn -0.694826 0.688410 0.208108
vn -0.620007 0.779800 0.086618
vn -0.447891 0.890407 -0.081047
vn -0.153706 0.950474 -0.270136
vn 0.175470 0.897914 -0.403684
vn 0.420330 0.787984 -0.449892
vn 0.568551 0.694021 -0.441684
vn 0.653488 0.637665 -0.407844
vn 0.699017 0.618546 -0.358855
vn 0.836000 0.344068 -0.427459
vn 0.863833 0.357929 -0.354514
vn 0.876274 0.405522 -0.260185
vn 0.855699 0.504313 -0.115963
vn 0.722495 0.677393 0.138343
vn 0.271740 0.818504 0.506170
vn -0.297824 0.684516 0.665386
vn -0.590297 0.509061 0.626423
vn -0.722353 0.407979 0.558354
vn -0.792685 0.358968 0.492740
vn -0.836000 0.344068 0.427459
vn -0.863833 0.357929 0.354514
vn -0.876274 0.405522 0.260185
vn -0.855699 0.504313 0.115963
vn -0.722495 0.677393 -0.138343
vn -0.271740 0.818504 -0.506170
vn 0.297824 0.684516 -0.665386
vn 0.590297 0.509061 -0.626423
vn 0.722353 0.407979 -0.558354
vn 0.792685 0.358968 -0.492740
vn 0.836000 0.344068 -0.427459
vn 0.891007 -0.000000 -0.453990
vn 0.925712 0.000000 -0.378228
vn 0.959227 -0.000000 -0.282638
vn 0.991423 -0.000000 -0.130695
vn 0.980415 0.000000 0.196943
vn 0.453990 0.000000 0.891007
vn -0.416943 -0.000000 0.908932
vn -0.688478 -0.000000 0.725257
vn -0.792478 0.000000 0.609900
vn -0.850113 0.000000 0.526600
vn -0.891007 -0.000000 0.453990
vn -0.925712 0.000000 0.378228
vn -0.959227 0.000000 0.282638
vn -0.991423 -0.000000 0.130695
vn -0.980415 -0.000000 -0.196943
vn -0.453990 0.000000 -0.891007
vn 0.416943 0.000000 -0.908932
vn 0.688478 -0.000000 -0.725257
vn 0.792478 0.000000 -0.609900
vn 0.850113 0.000000 -0.526600
vn 0.891007 -0.000000 -0.453990
vn 0.837210 -0.344068 -0.425084
vn 0.864564 -0.358968 -0.351671
vn 0.876306 -0.407979 -0.256204
vn 0.853755 -0.509061 -0.109358
vn 0.713365 -0.684516 0.150159
vn 0.249775 -0.818504 0.517362
vn -0.312750 -0.677393 0.665827
vn -0.596783 -0.504313 0.624114
vn -0.725555 -0.405522 0.555988
vn -0.794556 -0.357929 0.490477
vn -0.837210 -0.344068 0.425084
vn -0.864564 -0.358968 0.351671
vn -0.876306 -0.407979 0.256204
vn -0.853755 -0.509061 0.109358
vn -0.713365 -0.684516 -0.150159
vn -0.249775 -0.818504 -0.517362
vn 0.312750 -0.677393 -0.665827
vn 0.596783 -0.504313 -0.624114
vn 0.725555 -0.405522 -0.555988
vn 0.794556 -0.357929 -0.490477
vn 0.837210 -0.344068 -0.425084
vn 0.701191 -0.618546 -0.354587
vn 0.714063 -0.637665 -0.288958
vn 0.691516 -0.694021 -0.200352
vn 0.611034 -0.787984 -0.075614
vn 0.429726 -0.897914 0.095322
vn 0.128198 -0.950474 0.283132
vn -0.197696 -0.890407 0.409990
vn -0.434506 -0.779800 0.450683
vn -0.576772 -0.688410 0.439803
vn -0.658104 -0.634960 0.404630
vn -0.701191 -0.618546 0.354587
vn -0.714063 -0.637665 0.288958
vn -0.691516 -0.694021 0.200352
vn -0.611034 -0.787984 0.075614
vn -0.429726 -0.897914 -0.095322
vn -0.128198 -0.950474 -0.283132
vn 0.197696 -0.890407 -0.409990
vn 0.434506 -0.779800 -0.450683
vn 0.576772 -0.688410 -0.439803
vn 0.658104 -0.634960 -0.404630
vn 0.701191 -0.618546 -0.354587
vn 0.530962 -0.804219 -0.267043
vn 0.532602 -0.818859 -0.214022
vn 0.494709 -0.857452 -0.141561
vn 0.407621 -0.911888 -0.048023
vn 0.263123 -0.962735 0.062505
vn 0.071565 -0.982311 0.173040
vn -0.128982 -0.957330 0.258617
vn -0.297691 -0.904484 0.305434
vn -0.418244 -0.851288 0.316831
vn -0.493714 -0.815525 0.301937
vn -0.530962 -0.804219 0.267043
vn -0.532602 -0.818859 0.214022
vn -0.494709 -0.857452 0.141561
vn -0.407621 -0.911888 0.048023
vn -0.263123 -0.962735 -0.062505
vn -0.071565 -0.982311 -0.173040
vn 0.128982 -0.957330 -0.258617
vn 0.297691 -0.904484 -0.305434
vn 0.418244 -0.851288 -0.316831
vn 0.493714 -0.815525 -0.301937
vn 0.530962 -0.804219 -0.267043
vn 0.357959 -0.916535 -0.178406
vn 0.354140 -0.924557 -0.140642
vn 0.318942 -0.943553 -0.089349
vn 0.251469 -0.967486 -0.027089
vn 0.154368 -0.987166 0.040903
vn 0.037284 -0.993652 0.106136
vn -0.083618 -0.983714 0.159103
vn -0.191686 -0.962244 0.193246
vn -0.275892 -0.938688 0.206756
vn -0.331678 -0.921719 0.201057
vn -0.357959 -0.916535 0.178406
vn -0.354140 -0.924557 0.140642
vn -0.318942 -0.943553 0.089349
vn -0.251469 -0.967486 0.027089
vn -0.154368 -0.987166 -0.040903
vn -0.037284 -0.993652 -0.106136
vn 0.083618 -0.983714 -0.159103
vn 0.191686 -0.962244 -0.193246
vn 0.275892 -0.938688 -0.206756
vn 0.331678 -0.921719 -0.201057
vn 0.357959 -0.916535 -0.178406
vn 0.199031 -0.975164 -0.097173
vn 0.193831 -0.978171 -0.074908
vn 0.170117 -0.984382 -0.045297
vn 0.129453 -0.991526 -0.010854
vn 0.075284 -0.996846 0.025114
vn 0.013069 -0.998187 0.058761
vn -0.050365 -0.994991 0.086345
vn -0.108125 -0.988578 0.104984
vn -0.154512 -0.981498 0.113087
vn -0.185583 -0.976419 0.110298
vn -0.199031 -0.975164 0.097173
vn -0.193831 -0.978171 0.074908
vn -0.170117 -0.984382 0.045297
vn -0.129453 -0.991526 0.010854
vn -0.075284 -0.996846 -0.025114
vn -0.013069 -0.998187 -0.058761
vn 0.050365 -0.994991 -0.086345
vn 0.108125 -0.988578 -0.104984
vn 0.154512 -0.981498 -0.113087
vn 0.185583 -0.976419 -0.110298
vn 0.199031 -0.975164 -0.097173
vn -0.000000 -1.000000 -0.000000
vn -0.000000 -1.000000 -0.000000
vn -0.000000 -1.000000 -0.000000
vn -0.000000 -1.000000 -0.000000
vn -0.000000 -1.000000 -0.000000
vn -0.000000 -1.000000 -0.000000
vn -0.000000 -1.000000 -0.000000
vn -0.000000 -1.000000 -0.000000
vn -0.000000 -1.000000 -0.000000
vn -0.000000 -1.000000 -0.000000
vn -0.000000 -1.000000 -0.000000
vn -0.000000 -1.000000 -0.000000
vn -0.000000 -1.000000 -0.000000
vn -0.000000 -1.000000 -0.000000
vn -0.000000 -1.000000 -0.000000
vn -0.000000 -1.000000 -0.000000
vn -0.000000 -1.000000 -0.000000
vn -0.000000 -1.000000 -0.000000
vn -0.000000 -1.000000 -0.000000
vn -0.000000 -1.000000 -0.000000
vn -0.000000 -1.000000 -0.000000
vn 0.000000 1.000000 -0.000000
vn 0.000000 1.000000 -0.000000
vn 0.000000 1.000000 -0.000000
vn 0.000000 1.000000 -0.000000
vn 0.000000 1.000000 -0.000000
vn 0.000000 1.000000 -0.000000
vn 0.000000 1.000000 -0.000000
vn 0.000000 1.000000 -0.000000
vn 0.000000 1.000000 -0.000000
vn 0.000000 1.000000 -0.000000
vn 0.000000 1.000000 -0.000000
vn 0.000000 1.000000 -0.000000
vn 0.000000 1.000000 -0.000000
vn 0.000000 1.000000 -0.000000
vn 0.000000 1.000000 -0.000000
vn 0.000000 1.000000 -0.000000
vn 0.000000 1.000000 -0.000000
vn 0.000000 1.000000 -0.000000
vn 0.000000 1.000000 -0.000000
vn 0.000000 1.000000 -0.000000
vn 0.000000 1.000000 -0.000000
vn 0.148269 0.975164 -0.164536
vn 0.157179 0.976419 -0.147991
vn 0.151295 0.981498 -0.117355
vn 0.130720 0.988578 -0.074999
vn 0.096882 0.994991 -0.024614
vn 0.052882 0.998187 0.028760
vn 0.003390 0.996846 0.079290
vn -0.046116 0.991526 0.121446
vn -0.090433 0.984382 0.151042
vn -0.125433 0.978171 0.165675
vn -0.148269 0.975164 0.164536
vn -0.157179 0.976419 0.147991
vn -0.151295 0.981498 0.117355
vn -0.130720 0.988578 0.074999
vn -0.096882 0.994991 0.024614
vn -0.052882 0.998187 -0.028760
vn -0.003390 0.996846 -0.079290
vn 0.046116 0.991526 -0.121446
vn 0.090433 0.984382 -0.151042
vn 0.125433 0.978171 -0.165675
vn 0.148269 0.975164 -0.164536
vn 0.270162 0.916535 -0.294917
vn 0.284692 0.921719 -0.263410
vn 0.274793 0.938688 -0.208215
vn 0.238595 0.962244 -0.130995
vn 0.175988 0.983714 -0.036524
vn 0.091747 0.993652 0.065095
vn -0.003231 0.987166 0.159663
vn -0.095354 0.967486 0.234261
vn -0.173800 0.943553 0.281959
vn -0.232808 0.924557 0.301655
vn -0.270162 0.916535 0.294917
vn -0.284692 0.921719 0.263410
vn -0.274793 0.938688 0.208215
vn -0.238595 0.962244 0.130995
vn -0.175988 0.983714 0.036524
vn -0.091747 0.993652 -0.065095
vn 0.003231 0.987166 -0.159663
vn 0.095354 0.967486 -0.234261
vn 0.173800 0.943553 -0.281959
vn 0.232808 0.924557 -0.301655
vn 0.270162 0.916535 -0.294917
vn 0.403051 0.804219 -0.436786
vn 0.426326 0.815525 -0.391363
vn 0.419841 0.851288 -0.314711
vn 0.375657 0.904484 -0.201969
vn 0.284151 0.957330 -0.052701
vn 0.146610 0.982311 0.116489
vn -0.012443 0.962735 0.270159
vn -0.158518 0.911888 0.378594
vn -0.272437 0.857452 0.436525
vn -0.352536 0.818859 0.452978
vn -0.403051 0.804219 0.436786
vn -0.426326 0.815525 0.391363
vn -0.419841 0.851288 0.314711
vn -0.375657 0.904484 0.201969
vn -0.284151 0.957330 0.052701
vn -0.146610 0.982311 -0.116489
vn 0.012443 0.962735 -0.270159
vn 0.158518 0.911888 -0.378594
vn 0.272437 0.857452 -0.436525
vn 0.352536 0.818859 -0.452978
vn 0.403051 0.804219 -0.436786
vn 0.534125 0.618546 -0.576291
vn 0.570353 0.634960 -0.521079
vn 0.581746 0.688410 -0.433202
vn 0.552991 0.779800 -0.293449
vn 0.448600 0.890407 -0.077029
vn 0.236828 0.950474 0.201274
vn -0.026819 0.897914 0.439353
vn -0.241109 0.787984 0.566522
vn -0.383198 0.694021 0.609503
vn -0.474586 0.637665 0.606754
vn -0.534125 0.618546 0.576291
vn -0.570353 0.634960 0.521079
vn -0.581746 0.688410 0.433202
vn -0.552991 0.779800 0.293449
vn -0.448600 0.890407 0.077029
vn -0.236828 0.950474 -0.201274
vn 0.026819 0.897914 -0.439353
vn 0.241109 0.787984 -0.566522
vn 0.383198 0.694021 -0.609503
vn 0.474586 0.637665 -0.606754
vn 0.534125 0.618546 -0.576291
vn 0.639384 0.344068 -0.687609
vn 0.690486 0.357929 -0.628583
vn 0.734439 0.405522 -0.544197
vn 0.764433 0.504313 -0.401635
vn 0.726240 0.677393 -0.117108
vn 0.428473 0.818504 0.382703
vn -0.052287 0.684516 0.727120
vn -0.340448 0.509061 0.790539
vn -0.487822 0.407979 0.771740
vn -0.576354 0.358968 0.734138
vn -0.639384 0.344068 0.687609
vn -0.690486 0.357929 0.628583
vn -0.734439 0.405522 0.544197
vn -0.764433 0.504313 0.401635
vn -0.726240 0.677393 0.117108
vn -0.428473 0.818504 -0.382703
vn 0.052287 0.684516 -0.727120
vn 0.340448 0.509061 -0.790539
vn 0.487822 0.407979 -0.771740
vn 0.576354 0.358968 -0.734138
vn 0.639384 0.344068 -0.687609
vn 0.681998 -0.000000 -0.731354
vn 0.740523 0.000000 -0.672031
vn 0.804710 0.000000 -0.593667
vn 0.886932 0.000000 -0.461900
vn 0.988647 0.000000 -0.150256
vn 0.731354 0.000000 0.681998
vn -0.080925 0.000000 0.996720
vn -0.398905 -0.000000 0.916992
vn -0.536088 -0.000000 0.844162
vn -0.618737 -0.000000 0.785598
vn -0.681998 0.000000 0.731354
vn -0.740523 -0.000000 0.672031
vn -0.804710 0.000000 0.593667
vn -0.886932 0.000000 0.461900
vn -0.988647 -0.000000 0.150256
vn -0.731354 0.000000 -0.681998
vn 0.080925 0.000000 -0.996720
vn 0.398905 -0.000000 -0.916992
vn 0.536088 0.000000 -0.844162
vn 0.618737 -0.000000 -0.785598
vn 0.681998 -0.000000 -0.731354
vn 0.641332 -0.344068 -0.685791
vn 0.692145 -0.358968 -0.626160
vn 0.735832 -0.407979 -0.540467
vn 0.764865 -0.509061 -0.394764
vn 0.721701 -0.684516 -0.102881
vn 0.411660 -0.818504 0.400733
vn -0.066163 -0.677393 0.732639
vn -0.347333 -0.504313 0.790587
vn -0.491639 -0.405522 0.770612
vn -0.578886 -0.357929 0.732652
vn -0.641332 -0.344068 0.685791
vn -0.692145 -0.358968 0.626160
vn -0.735832 -0.407979 0.540467
vn -0.764865 -0.509061 0.394764
vn -0.721701 -0.684516 0.102881
vn -0.411660 -0.818504 -0.400733
vn 0.066163 -0.677393 -0.732639
vn 0.347333 -0.504313 -0.790587
vn 0.491639 -0.405522 -0.770612
vn 0.578886 -0.357929 -0.732652
vn 0.641332 -0.344068 -0.685791
vn 0.537629 -0.618546 -0.573024
vn 0.572171 -0.637665 -0.515755
vn 0.581288 -0.694021 -0.424782
vn 0.548323 -0.787984 -0.280040
vn 0.436412 -0.897914 -0.057402
vn 0.217304 -0.950474 0.222211
vn -0.045549 -0.890407 0.452880
vn -0.254160 -0.779800 0.572114
vn -0.391567 -0.688410 0.610547
vn -0.480024 -0.634960 0.605312
vn -0.537629 -0.618546 0.573024
vn -0.572171 -0.637665 0.515755
vn -0.581288 -0.694021 0.424782
vn -0.548323 -0.787984 0.280040
vn -0.436412 -0.897914 0.057402
vn -0.217304 -0.950474 -0.222211
vn 0.045549 -0.890407 -0.452880
vn 0.254160 -0.779800 -0.572114
vn 0.391567 -0.688410 -0.610547
vn 0.480024 -0.634960 -0.605312
vn 0.537629 -0.618546 -0.573024
vn 0.407607 -0.804219 -0.432538
vn 0.427283 -0.818859 -0.383275
vn 0.416458 -0.857452 -0.302224
vn 0.366614 -0.911888 -0.184541
vn 0.268633 -0.962735 -0.031258
vn 0.126433 -0.982311 0.138127
vn -0.032751 -0.957330 0.287135
vn -0.175273 -0.904484 0.388830
vn -0.284658 -0.851288 0.440771
vn -0.360671 -0.815525 0.452588
vn -0.407607 -0.804219 0.432538
vn -0.427283 -0.818859 0.383275
vn -0.416458 -0.857452 0.302224
vn -0.366614 -0.911888 0.184541
vn -0.268633 -0.962735 0.031258
vn -0.126433 -0.982311 -0.138127
vn 0.032751 -0.957330 -0.287135
vn 0.175273 -0.904484 -0.388830
vn 0.284658 -0.851288 -0.440771
vn 0.360671 -0.815525 -0.452588
vn 0.407607 -0.804219 -0.432538
vn 0.275353 -0.916535 -0.290076
vn 0.284680 -0.924557 -0.253283
vn 0.269149 -0.943553 -0.193045
vn 0.227039 -0.967486 -0.111463
vn 0.159048 -0.987166 -0.014361
vn 0.071337 -0.993652 0.086983
vn -0.024159 -0.983714 0.178107
vn -0.114032 -0.962244 0.247152
vn -0.188539 -0.938688 0.288648
vn -0.242909 -0.921719 0.302373
vn -0.275353 -0.916535 0.290076
vn -0.284680 -0.924557 0.253283
vn -0.269149 -0.943553 0.193045
vn -0.227039 -0.967486 0.111463
vn -0.159048 -0.987166 0.014361
vn -0.071337 -0.993652 -0.086983
vn 0.024159 -0.983714 -0.178107
vn 0.114032 -0.962244 -0.247152
vn 0.188539 -0.938688 -0.288648
vn 0.242909 -0.921719 -0.302373
vn 0.275353 -0.916535 -0.290076
vn 0.153793 -0.975164 -0.159385
vn 0.156521 -0.978171 -0.136685
vn 0.144365 -0.984382 -0.100748
vn 0.117934 -0.991526 -0.054475
vn 0.079334 -0.996846 -0.002149
vn 0.032378 -0.998187 0.050747
vn -0.017796 -0.994991 0.098363
vn -0.065698 -0.988578 0.135633
vn -0.106516 -0.981498 0.159113
vn -0.136667 -0.976419 0.167119
vn -0.153793 -0.975164 0.159385
vn -0.156521 -0.978171 0.136685
vn -0.144365 -0.984382 0.100748
vn -0.117934 -0.991526 0.054475
vn -0.079334 -0.996846 0.002149
vn -0.032378 -0.998187 -0.050747
vn 0.017796 -0.994991 -0.098363
vn 0.065698 -0.988578 -0.135633
vn 0.106516 -0.981498 -0.159113
vn 0.136667 -0.976419 -0.167119
vn 0.153793 -0.975164 -0.159385
vn -0.000000 -1.000000 -0.000000
vn -0.000000 -1.000000 -0.000000
vn -0.000000 -1.000000 -0.000000
vn -0.000000 -1.000000 -0.000000
vn -0.000000 -1.000000 -0.000000
vn -0.000000 -1.000000 -0.000000
vn -0.000000 -1.000000 -0.000000
vn -0.000000 -1.000000 -0.000000
vn -0.000000 -1.000000 -0.000000
vn -0.000000 -1.000000 -0.000000
vn -0.000000 -1.000000 -0.000000
vn -0.000000 -1.000000 -0.000000
vn -0.000000 -1.000000 -0.000000
vn -0.000000 -1.000000 -0.000000
vn -0.000000 -1.000000 -0.000000
vn -0.000000 -1.000000 -0.000000
vn -0.000000 -1.000000 -0.000000
vn -0.000000 -1.000000 -0.000000
vn -0.000000 -1.000000 -0.000000
vn -0.000000 -1.000000 -0.000000
vn -0.000000 -1.000000 -0.000000
vn -0.000000 1.000000 0.000000
vn -0.000000 1.000000 0.000000
vn -0.000000 1.000000 0.000000
vn -0.000000 1.000000 0.000000
vn -0.000000 1.000000 0.000000
vn -0.000000 1.000000 0.000000
vn -0.000000 1.000000 0.000000
vn -0.000000 1.000000 0.000000
vn -0.000000 1.000000 0.000000
vn -0.000000 1.000000 0.000000
vn -0.000000 1.000000 0.000000
vn -0.000000 1.000000 0.000000
vn -0.000000 1.000000 0.000000
vn -0.000000 1.000000 0.000000
vn -0.000000 1.000000 0.000000
vn -0.000000 1.000000 0.000000
vn -0.000000 1.000000 0.000000
vn -0.000000 1.000000 0.000000
vn -0.000000 1.000000 0.000000
vn -0.000000 1.000000 0.000000
vn -0.000000 1.000000 0.000000
vn 0.083053 0.975164 -0.205325
vn 0.097084 0.976419 -0.192825
vn 0.102033 0.981498 -0.162024
vn 0.097185 0.988578 -0.115185
vn 0.082621 0.994991 -0.056265
vn 0.059529 0.998187 0.008938
vn 0.030304 0.996846 0.073349
vn -0.001797 0.991526 0.129895
vn -0.033320 0.984382 0.172863
vn -0.061205 0.978171 0.198584
vn -0.083053 0.975164 0.205325
vn -0.097084 0.976419 0.192825
vn -0.102033 0.981498 0.162024
vn -0.097185 0.988578 0.115185
vn -0.082621 0.994991 0.056265
vn -0.059529 0.998187 -0.008938
vn -0.030304 0.996846 -0.073349
vn 0.001797 0.991526 -0.129895
vn 0.033320 0.984382 -0.172863
vn 0.061205 0.978171 -0.198584
vn 0.083053 0.975164 -0.205325
vn 0.153001 0.916535 -0.369532
vn 0.177431 0.921719 -0.344895
vn 0.187007 0.938688 -0.289643
vn 0.179404 0.962244 -0.204699
vn 0.152883 0.983714 -0.094513
vn 0.108478 0.993652 0.029790
vn 0.051572 0.987166 0.151139
vn -0.009482 0.967486 0.252746
vn -0.066883 0.943553 0.324398
vn -0.115596 0.924557 0.363088
vn -0.153001 0.916535 0.369532
vn -0.177431 0.921719 0.344895
vn -0.187007 0.938688 0.289643
vn -0.179404 0.962244 0.204699
vn -0.152883 0.983714 0.094513
vn -0.108478 0.993652 -0.029790
vn -0.051572 0.987166 -0.151139
vn 0.009482 0.967486 -0.252746
vn 0.066883 0.943553 -0.324398
vn 0.115596 0.924557 -0.363088
vn 0.153001 0.916535 -0.369532
vn 0.229355 0.804219 -0.548296
vn 0.266762 0.815525 -0.513573
vn 0.286884 0.851288 -0.439326
vn 0.283924 0.904484 -0.318271
vn 0.248990 0.957330 -0.146708
vn 0.177610 0.982311 0.059320
vn 0.080707 0.962735 0.258122
vn -0.019471 0.911888 0.409978
vn -0.106707 0.857452 0.503378
vn -0.176348 0.818859 0.546234
vn -0.229355 0.804219 0.548296
vn -0.266762 0.815525 0.513573
vn -0.286884 0.851288 0.439326
vn -0.283924 0.904484 0.318271
vn -0.248990 0.957330 0.146708
vn -0.177610 0.982311 -0.059320
vn -0.080707 0.962735 -0.258122
vn 0.019471 0.911888 -0.409978
vn 0.106707 0.857452 -0.503378
vn 0.176348 0.818859 -0.546234
vn 0.229355 0.804219 -0.548296
vn 0.304810 0.618546 -0.724218
vn 0.357737 0.634960 -0.684726
vn 0.398498 0.688410 -0.606046
vn 0.419276 0.779800 -0.464886
vn 0.395201 0.890407 -0.225814
vn 0.291385 0.950474 0.108136
vn 0.125066 0.897914 0.422030
vn -0.032806 0.787984 0.614820
vn -0.151626 0.694021 0.703807
vn -0.238443 0.637665 0.732481
vn -0.304810 0.618546 0.724218
vn -0.357737 0.634960 0.684726
vn -0.398498 0.688410 0.606046
vn -0.419276 0.779800 0.464886
vn -0.395201 0.890407 0.225814
vn -0.291385 0.950474 -0.108136
vn -0.125066 0.897914 -0.422030
vn 0.032806 0.787984 -0.614820
vn 0.151626 0.694021 -0.703807
vn 0.238443 0.637665 -0.732481
vn 0.304810 0.618546 -0.724218
vn 0.365648 0.344068 -0.864823
vn 0.433857 0.357929 -0.826835
vn 0.504021 0.405522 -0.762571
vn 0.580964 0.504313 -0.638865
vn 0.642389 0.677393 -0.358434
vn 0.533525 0.818504 0.213077
vn 0.199556 0.684516 0.701153
vn -0.049537 0.509061 0.859304
vn -0.194452 0.407979 0.892044
vn -0.290505 0.358968 0.886989
vn -0.365648 0.344068 0.864823
vn -0.433857 0.357929 0.826835
vn -0.504021 0.405522 0.762571
vn -0.580964 0.504313 0.638865
vn -0.642389 0.677393 0.358434
vn -0.533525 0.818504 -0.213077
vn -0.199556 0.684516 -0.701153
vn 0.049537 0.509061 -0.859304
vn 0.194452 0.407979 -0.892044
vn 0.290505 0.358968 -0.886989
vn 0.365648 0.344068 -0.864823
vn 0.390731 0.000000 -0.920505
vn 0.466016 -0.000000 -0.884776
vn 0.553134 -0.000000 -0.833092
vn 0.675465 0.000000 -0.737392
vn 0.877634 0.000000 -0.479332
vn 0.920505 0.000000 0.390731
vn 0.264853 -0.000000 0.964289
vn -0.061219 -0.000000 0.998124
vn -0.215037 0.000000 0.976606
vn -0.312733 0.000000 0.949841
vn -0.390731 0.000000 0.920505
vn -0.466016 -0.000000 0.884776
vn -0.553134 -0.000000 0.833092
vn -0.675465 0.000000 0.737392
vn -0.877634 0.000000 0.479332
vn -0.920505 0.000000 -0.390731
vn -0.264853 0.000000 -0.964289
vn 0.061219 -0.000000 -0.998124
vn 0.215037 -0.000000 -0.976606
vn 0.312733 0.000000 -0.949841
vn 0.390731 0.000000 -0.920505
vn 0.368101 -0.344068 -0.863782
vn 0.436245 -0.358968 -0.825126
vn 0.506605 -0.407979 -0.759542
vn 0.583720 -0.509061 -0.632556
vn 0.642990 -0.684516 -0.343513
vn 0.523892 -0.818504 0.235770
vn 0.188405 -0.677393 0.711085
vn -0.055990 -0.504313 0.861704
vn -0.198425 -0.405522 0.892289
vn -0.293393 -0.357929 0.886458
vn -0.368101 -0.344068 0.863782
vn -0.436245 -0.358968 0.825126
vn -0.506605 -0.407979 0.759542
vn -0.583720 -0.509061 0.632556
vn -0.642990 -0.684516 0.343513
vn -0.523892 -0.818504 -0.235770
vn -0.188405 -0.677393 -0.711085
vn 0.055990 -0.504313 -0.861704
vn 0.198425 -0.405522 -0.892289
vn 0.293393 -0.357929 -0.886458
vn 0.368101 -0.344068 -0.863782
vn 0.309220 -0.618546 -0.722346
vn 0.361266 -0.637665 -0.680346
vn 0.400948 -0.694021 -0.597977
vn 0.419476 -0.787984 -0.450689
vn 0.390461 -0.897914 -0.203202
vn 0.280200 -0.950474 0.134488
vn 0.112093 -0.890407 0.441147
vn -0.043157 -0.779800 0.624539
vn -0.159133 -0.688410 0.707650
vn -0.244046 -0.634960 0.732985
vn -0.309220 -0.618546 0.722346
vn -0.361266 -0.637665 0.680346
vn -0.400948 -0.694021 0.597977
vn -0.419476 -0.787984 0.450689
vn -0.390461 -0.897914 0.203202
vn -0.280200 -0.950474 -0.134488
vn -0.112093 -0.890407 -0.441147
vn 0.043157 -0.779800 -0.624539
vn 0.159133 -0.688410 -0.707650
vn 0.244046 -0.634960 -0.732985
vn 0.309220 -0.618546 -0.722346
vn 0.235088 -0.804219 -0.545863
vn 0.270426 -0.818859 -0.506300
vn 0.287975 -0.857452 -0.426435
vn 0.281388 -0.911888 -0.298801
vn 0.241741 -0.962735 -0.121251
vn 0.166050 -0.982311 0.086555
vn 0.067430 -0.957330 0.281020
vn -0.031715 -0.904484 0.425328
vn -0.116738 -0.851288 0.511548
vn -0.184125 -0.815525 0.548650
vn -0.235088 -0.804219 0.545863
vn -0.270426 -0.818859 0.506300
vn -0.287975 -0.857452 0.426435
vn -0.281388 -0.911888 0.298801
vn -0.241741 -0.962735 0.121251
vn -0.166050 -0.982311 -0.086555
vn -0.067430 -0.957330 -0.281020
vn 0.031715 -0.904484 -0.425328
vn 0.116738 -0.851288 -0.511548
vn 0.184125 -0.815525 -0.548650
vn 0.235088 -0.804219 -0.545863
vn 0.159536 -0.916535 -0.366759
vn 0.180884 -0.924557 -0.335375
vn 0.186892 -0.943553 -0.273457
vn 0.175224 -0.967486 -0.182393
vn 0.144545 -0.987166 -0.067892
vn 0.096784 -0.993652 0.057339
vn 0.038214 -0.983714 0.175629
vn -0.022624 -0.962244 0.271248
vn -0.078445 -0.938688 0.335725
vn -0.124843 -0.921719 0.367217
vn -0.159536 -0.916535 0.366759
vn -0.180884 -0.924557 0.335375
vn -0.186892 -0.943553 0.273457
vn -0.175224 -0.967486 0.182393
vn -0.144545 -0.987166 0.067892
vn -0.096784 -0.993652 -0.057339
vn -0.038214 -0.983714 -0.175629
vn 0.022624 -0.962244 -0.271248
vn 0.078445 -0.938688 -0.335725
vn 0.124843 -0.921719 -0.367217
vn 0.159536 -0.916535 -0.366759
vn 0.090005 -0.975164 -0.202374
vn 0.100333 -0.978171 -0.181975
vn 0.101201 -0.984382 -0.144049
vn 0.092190 -0.991526 -0.091525
vn 0.073814 -0.996846 -0.029153
vn 0.047782 -0.998187 0.036613
vn 0.016920 -0.994991 0.098518
vn -0.015347 -0.988578 0.149924
vn -0.045672 -0.981498 0.185948
vn -0.071266 -0.976419 0.203784
vn -0.090005 -0.975164 0.202374
vn -0.100333 -0.978171 0.181975
vn -0.101201 -0.984382 0.144049
vn -0.092190 -0.991526 0.091525
vn -0.073814 -0.996846 0.029153
vn -0.047782 -0.998187 -0.036613
vn -0.016920 -0.994991 -0.098518
vn 0.015347 -0.988578 -0.149924
vn 0.045672 -0.981498 -0.185948
vn 0.071266 -0.976419 -0.203784
vn 0.090005 -0.975164 -0.202374
vn 0.000000 -1.000000 0.000000
vn 0.000000 -1.000000 0.000000
vn 0.000000 -1.000000 0.000000
vn 0.000000 -1.000000 0.000000
vn 0.000000 -1.000000 0.000000
vn 0.000000 -1.000000 0.000000
vn 0.000000 -1.000000 0.000000
vn 0.000000 -1.000000 0.000000
vn 0.000000 -1.000000 0.000000
vn 0.000000 -1.000000 0.000000
vn 0.000000 -1.000000 0.000000
vn 0.000000 -1.000000 0.000000
vn 0.000000 -1.000000 0.000000
vn 0.000000 -1.000000 0.000000
vn 0.000000 -1.000000 0.000000
vn 0.000000 -1.000000 0.000000
vn 0.000000 -1.000000 0.000000
vn 0.000000 -1.000000 0.000000
vn 0.000000 -1.000000 0.000000
vn 0.000000 -1.000000 0.000000
vn 0.000000 -1.000000 0.000000
vn -0.000000 1.000000 0.000000
vn -0.000000 1.000000 0.000000
vn -0.000000 1.000000 0.000000
vn -0.000000 1.000000 0.000000
vn -0.000000 1.000000 0.000000
vn -0.000000 1.000000 0.000000
vn -0.000000 1.000000 0.000000
vn -0.000000 1.000000 0.000000
vn -0.000000 1.000000 0.000000
vn -0.000000 1.000000 0.000000
vn -0.000000 1.000000 0.000000
vn -0.000000 1.000000 0.000000
vn -0.000000 1.000000 0.000000
vn -0.000000 1.000000 0.000000
vn -0.000000 1.000000 0.000000
vn -0.000000 1.000000 0.000000
vn -0.000000 1.000000 0.000000
vn -0.000000 1.000000 0.000000
vn -0.000000 1.000000 0.000000
vn -0.000000 1.000000 0.000000
vn -0.000000 1.000000 0.000000
vn 0.057411 0.975164 -0.213916
vn 0.072861 0.976419 -0.203219
vn 0.081527 0.981498 -0.173251
vn 0.082424 0.988578 -0.126171
vn 0.075148 0.994991 -0.065915
vn 0.060175 0.998187 0.001617
vn 0.039018 0.996846 0.069109
vn 0.014046 0.991526 0.129146
vn -0.012005 0.984382 0.175635
vn -0.036547 0.978171 0.204563
vn -0.057411 0.975164 0.213916
vn -0.072861 0.976419 0.203219
vn -0.081527 0.981498 0.173251
vn -0.082424 0.988578 0.126171
vn -0.075148 0.994991 0.065915
vn -0.060175 0.998187 -0.001617
vn -0.039018 0.996846 -0.069109
vn -0.014046 0.991526 -0.129146
vn 0.012005 0.984382 -0.175635
vn 0.036547 0.978171 -0.204563
vn 0.057411 0.975164 -0.213916
vn 0.106826 0.916535 -0.385424
vn 0.134076 0.921719 -0.363947
vn 0.150315 0.938688 -0.310274
vn 0.153120 0.962244 -0.225037
vn 0.140225 0.983714 -0.112440
vn 0.111300 0.993652 0.016348
vn 0.069607 0.987166 0.143727
vn 0.021391 0.967486 0.252018
vn -0.026850 0.943553 0.330131
vn -0.070485 0.924557 0.374469
vn -0.106826 0.916535 0.385424
vn -0.134076 0.921719 0.363947
vn -0.150315 0.938688 0.310274
vn -0.153120 0.962244 0.225037
vn -0.140225 0.983714 0.112440
vn -0.111300 0.993652 -0.016348
vn -0.069607 0.987166 -0.143727
vn -0.021391 0.967486 -0.252018
vn 0.026850 0.943553 -0.330131
vn 0.070485 0.924557 -0.374469
vn 0.106826 0.916535 -0.385424
vn 0.160825 0.804219 -0.572161
vn 0.202184 0.815525 -0.542255
vn 0.231205 0.851288 -0.471013
vn 0.243020 0.904484 -0.350501
vn 0.229255 0.957330 -0.175959
vn 0.183516 0.982311 0.037233
vn 0.111563 0.962735 0.246362
vn 0.030638 0.911888 0.409295
vn -0.044565 0.857452 0.512631
vn -0.108464 0.818859 0.563654
vn -0.160825 0.804219 0.572161
vn -0.202184 0.815525 0.542255
vn -0.231205 0.851288 0.471013
vn -0.243020 0.904484 0.350501
vn -0.229255 0.957330 0.175959
vn -0.183516 0.982311 -0.037233
vn -0.111563 0.962735 -0.246362
vn -0.030638 0.911888 -0.409295
vn 0.044565 0.857452 -0.512631
vn 0.108464 0.818859 -0.563654
vn 0.160825 0.804219 -0.572161
vn 0.214278 0.618546 -0.755967
vn 0.271623 0.634960 -0.723220
vn 0.321669 0.688410 -0.650093
vn 0.359495 0.779800 -0.512518
vn 0.364735 0.890407 -0.272293
vn 0.302392 0.950474 0.071819
vn 0.175566 0.897914 0.403642
vn 0.042366 0.787984 0.614236
vn -0.064724 0.694021 0.717040
vn -0.147399 0.637665 0.756080
vn -0.214278 0.618546 0.755967
vn -0.271623 0.634960 0.723220
vn -0.321669 0.688410 0.650093
vn -0.359495 0.779800 0.512518
vn -0.364735 0.890407 0.272293
vn -0.302392 0.950474 -0.071819
vn -0.175566 0.897914 -0.403642
vn -0.042366 0.787984 -0.614236
vn 0.064724 0.694021 -0.717040
vn 0.147399 0.637665 -0.756080
vn 0.214278 0.618546 -0.755967
vn 0.257527 0.344068 -0.902938
vn 0.329857 0.357929 -0.873545
vn 0.407330 0.405522 -0.818311
vn 0.498776 0.504313 -0.704905
vn 0.593918 0.677393 -0.434050
vn 0.555516 0.818504 0.146468
vn 0.283517 0.684516 0.671607
vn 0.055555 0.509061 0.858936
vn -0.084290 0.407979 0.909092
vn -0.180243 0.358968 0.915781
vn -0.257527 0.344068 0.902938
vn -0.329857 0.357929 0.873545
vn -0.407330 0.405522 0.818311
vn -0.498776 0.504313 0.704905
vn -0.593918 0.677393 0.434050
vn -0.555516 0.818504 -0.146468
vn -0.283517 0.684516 -0.671607
vn -0.055555 0.509061 -0.858936
vn 0.084290 0.407979 -0.909092
vn 0.180243 0.358968 -0.915781
vn 0.257527 0.344068 -0.902938
vn 0.275637 0.000000 -0.961262
vn 0.354716 0.000000 -0.934974
vn 0.447483 -0.000000 -0.894293
vn 0.580564 0.000000 -0.814214
vn 0.812676 0.000000 -0.582715
vn 0.961262 -0.000000 0.275637
vn 0.380396 0.000000 0.924824
vn 0.060878 -0.000000 0.998145
vn -0.094416 -0.000000 0.995533
vn -0.194645 -0.000000 0.980874
vn -0.275637 -0.000000 0.961262
vn -0.354716 0.000000 0.934974
vn -0.447483 0.000000 0.894293
vn -0.580564 -0.000000 0.814214
vn -0.812676 0.000000 0.582715
vn -0.961262 0.000000 -0.275637
vn -0.380396 0.000000 -0.924824
vn -0.060878 -0.000000 -0.998145
vn 0.094416 -0.000000 -0.995533
vn 0.194645 0.000000 -0.980874
vn 0.275637 0.000000 -0.961262
vn 0.260089 -0.344068 -0.902203
vn 0.332435 -0.358968 -0.872141
vn 0.410264 -0.407979 -0.815621
vn 0.502280 -0.509061 -0.698979
vn 0.596333 -0.684516 -0.419314
vn 0.548720 -0.818504 0.170166
vn 0.273660 -0.677393 0.682824
vn 0.049443 -0.504313 0.862104
vn -0.088203 -0.405522 0.909820
vn -0.183174 -0.357929 0.915606
vn -0.260089 -0.344068 0.902203
vn -0.332435 -0.358968 0.872141
vn -0.410264 -0.407979 0.815621
vn -0.502280 -0.509061 0.698979
vn -0.596333 -0.684516 0.419314
vn -0.548720 -0.818504 -0.170166
vn -0.273660 -0.677393 -0.682824
vn -0.049443 -0.504313 -0.862104
vn 0.088203 -0.405522 -0.909820
vn 0.183174 -0.357929 -0.915606
vn 0.260089 -0.344068 -0.902203
vn 0.218883 -0.618546 -0.754646
vn 0.275660 -0.637665 -0.719302
vn 0.325085 -0.694021 -0.642383
vn 0.361424 -0.787984 -0.498451
vn 0.362786 -0.897914 -0.249272
vn 0.294501 -0.950474 0.099337
vn 0.165019 -0.890407 0.424198
vn 0.033276 -0.779800 0.625143
vn -0.071706 -0.688410 0.721769
vn -0.152898 -0.634960 0.757264
vn -0.218883 -0.618546 0.754646
vn -0.275660 -0.637665 0.719302
vn -0.325085 -0.694021 0.642383
vn -0.361424 -0.787984 0.498451
vn -0.362786 -0.897914 0.249272
vn -0.294501 -0.950474 -0.099337
vn -0.165019 -0.890407 -0.424198
vn -0.033276 -0.779800 -0.625143
vn 0.071706 -0.688410 -0.721769
vn 0.152898 -0.634960 -0.757264
vn 0.218883 -0.618546 -0.754646
vn 0.166812 -0.804219 -0.570444
vn 0.206708 -0.818859 -0.535483
vn 0.233860 -0.857452 -0.458351
vn 0.242875 -0.911888 -0.330866
vn 0.225163 -0.962735 -0.149808
vn 0.175361 -0.982311 0.065673
vn 0.101175 -0.957330 0.270708
vn 0.020356 -0.904484 0.426023
vn -0.053526 -0.851288 0.521962
vn -0.115889 -0.815525 0.567000
vn -0.166812 -0.804219 0.570444
vn -0.206708 -0.818859 0.535483
vn -0.233860 -0.857452 0.458351
vn -0.242875 -0.911888 0.330866
vn -0.225163 -0.962735 0.149808
vn -0.175361 -0.982311 -0.065673
vn -0.101175 -0.957330 -0.270708
vn -0.020356 -0.904484 -0.426023
vn 0.053526 -0.851288 -0.521962
vn 0.115889 -0.815525 -0.567000
vn 0.166812 -0.804219 -0.570444
vn 0.113650 -0.916535 -0.383468
vn 0.138663 -0.924557 -0.354919
vn 0.152173 -0.943553 -0.294195
vn 0.151690 -0.967486 -0.202388
vn 0.135194 -0.987166 -0.085002
vn 0.103051 -0.993652 0.045116
vn 0.059333 -0.983714 0.169663
vn 0.010601 -0.962244 0.271984
vn -0.036946 -0.938688 0.342782
vn -0.079160 -0.921719 0.379695
vn -0.113650 -0.916535 0.383468
vn -0.138663 -0.924557 0.354919
vn -0.152173 -0.943553 0.294195
vn -0.151690 -0.967486 0.202388
vn -0.135194 -0.987166 0.085002
vn -0.103051 -0.993652 -0.045116
vn -0.059333 -0.983714 -0.169663
vn -0.010601 -0.962244 -0.271984
vn 0.036946 -0.938688 -0.342782
vn 0.079160 -0.921719 -0.379695
vn 0.113650 -0.916535 -0.383468
vn 0.064671 -0.975164 -0.211834
vn 0.077408 -0.978171 -0.192846
vn 0.082892 -0.984382 -0.155308
vn 0.080349 -0.991526 -0.102078
vn 0.069711 -0.996846 -0.037932
vn 0.051888 -0.998187 0.030517
vn 0.028800 -0.994991 0.095722
vn 0.003039 -0.988578 0.150677
vn -0.022670 -0.981498 0.190128
vn -0.045900 -0.976419 0.210950
vn -0.064671 -0.975164 0.211834
vn -0.077408 -0.978171 0.192846
vn -0.082892 -0.984382 0.155308
vn -0.080349 -0.991526 0.102078
vn -0.069711 -0.996846 0.037932
vn -0.051888 -0.998187 -0.030517
vn -0.028800 -0.994991 -0.095722
vn -0.003039 -0.988578 -0.150677
vn 0.022670 -0.981498 -0.190128
vn 0.045900 -0.976419 -0.210950
vn 0.064671 -0.975164 -0.211834
vn 0.000000 -1.000000 0.000000
vn 0.000000 -1.000000 0.000000
vn 0.000000 -1.000000 0.000000
vn 0.000000 -1.000000 0.000000
vn 0.000000 -1.000000 0.000000
vn 0.000000 -1.000000 0.000000
vn 0.000000 -1.000000 0.000000
vn 0.000000 -1.000000 0.000000
vn 0.000000 -1.000000 0.000000
vn 0.000000 -1.000000 0.000000
vn 0.000000 -1.000000 0.000000
vn 0.000000 -1.000000 0.000000
vn 0.000000 -1.000000 0.000000
vn 0.000000 -1.000000 0.000000
vn 0.000000 -1.000000 0.000000
vn 0.000000 -1.000000 0.000000
vn 0.000000 -1.000000 0.000000
vn 0.000000 -1.000000 0.000000
vn 0.000000 -1.000000 0.000000
vn 0.000000 -1.000000 0.000000
vn 0.000000 -1.000000 0.000000
vn -0.000000 1.000000 0.000000
vn -0.000000 1.000000 0.000000
vn -0.000000 1.000000 0.000000
vn -0.000000 1.000000 0.000000
vn -0.000000 1.000000 0.000000
vn -0.000000 1.000000 0.000000
vn -0.000000 1.000000 0.000000
vn -0.000000 1.000000 0.000000
vn -0.000000 1.000000 0.000000
vn -0.000000 1.000000 0.000000
vn -0.000000 1.000000 0.000000
vn -0.000000 1.000000 0.000000
vn -0.000000 1.000000 0.000000
vn -0.000000 1.000000 0.000000
vn -0.000000 1.000000 0.000000
vn -0.000000 1.000000 0.000000
vn -0.000000 1.000000 0.000000
vn -0.000000 1.000000 0.000000
vn -0.000000 1.000000 0.000000
vn -0.000000 1.000000 0.000000
vn -0.000000 1.000000 0.000000
vn -0.019215 0.975164 -0.220651
vn -0.001038 0.976419 -0.215883
vn 0.017355 0.981498 -0.190686
vn 0.034300 0.988578 -0.146752
vn 0.048072 0.994991 -0.087642
vn 0.057099 0.998187 -0.019062
vn 0.060301 0.996846 0.051596
vn 0.057370 0.991526 0.116553
vn 0.048790 0.984382 0.169148
vn 0.035622 0.978171 0.204726
vn 0.019215 0.975164 0.220651
vn 0.001038 0.976419 0.215883
vn -0.017355 0.981498 0.190686
vn -0.034300 0.988578 0.146752
vn -0.048072 0.994991 0.087642
vn -0.057099 0.998187 0.019062
vn -0.060301 0.996846 -0.051596
vn -0.057370 0.991526 -0.116553
vn -0.048790 0.984382 -0.169148
vn -0.035622 0.978171 -0.204726
vn -0.019215 0.975164 -0.220651
vn -0.031439 0.916535 -0.398717
vn 0.001513 0.921719 -0.387856
vn 0.035130 0.938688 -0.342973
vn 0.066918 0.962244 -0.263836
vn 0.093311 0.983714 -0.153619
vn 0.110179 0.993652 -0.022705
vn 0.114566 0.987166 0.111253
vn 0.106296 0.967486 0.229503
vn 0.087681 0.943553 0.319405
vn 0.061842 0.924557 0.375993
vn 0.031439 0.916535 0.398717
vn -0.001513 0.921719 0.387856
vn -0.035130 0.938688 0.342973
vn -0.066918 0.962244 0.263836
vn -0.093311 0.983714 0.153619
vn -0.110179 0.993652 0.022705
vn -0.114566 0.987166 -0.111253
vn -0.106296 0.967486 -0.229503
vn -0.087681 0.943553 -0.319405
vn -0.061842 0.924557 -0.375993
vn -0.031439 0.916535 -0.398717
vn -0.044565 0.804219 -0.592660
vn 0.004529 0.815525 -0.578704
vn 0.056166 0.851288 -0.521685
vn 0.108486 0.904484 -0.412481
vn 0.155247 0.957330 -0.243757
vn 0.185183 0.982311 -0.027779
vn 0.189095 0.962735 0.193348
vn 0.168777 0.911888 0.374133
vn 0.133453 0.857452 0.496957
vn 0.090858 0.818859 0.566759
vn 0.044565 0.804219 0.592660
vn -0.004529 0.815525 0.578704
vn -0.056166 0.851288 0.521685
vn -0.108486 0.904484 0.412481
vn -0.155247 0.957330 0.243757
vn -0.185183 0.982311 0.027779
vn -0.189095 0.962735 -0.193348
vn -0.168777 0.911888 -0.374133
vn -0.133453 0.857452 -0.496957
vn -0.090858 0.818859 -0.566759
vn -0.044565 0.804219 -0.592660
vn -0.057200 0.618546 -0.783664
vn 0.007887 0.634960 -0.772505
vn 0.079925 0.688410 -0.720905
vn 0.162524 0.779800 -0.604564
vn 0.249609 0.890407 -0.380619
vn 0.308719 0.950474 -0.035936
vn 0.303032 0.897914 0.319253
vn 0.249892 0.787984 0.562703
vn 0.184422 0.694021 0.695934
vn 0.120085 0.637665 0.760896
vn 0.057200 0.618546 0.783664
vn -0.007887 0.634960 0.772505
vn -0.079925 0.688410 0.720905
vn -0.162524 0.779800 0.604564
vn -0.249609 0.890407 0.380619
vn -0.308719 0.950474 0.035936
vn -0.303032 0.897914 -0.319253
vn -0.249892 0.787984 -0.562703
vn -0.184422 0.694021 -0.695934
vn -0.120085 0.637665 -0.760896
vn -0.057200 0.618546 -0.783664
vn -0.066827 0.344068 -0.936563
vn 0.011194 0.357929 -0.933682
vn 0.102886 0.405522 -0.908276
vn 0.227604 0.504313 -0.832985
vn 0.409647 0.677393 -0.611005
vn 0.572109 0.818504 -0.052362
vn 0.496122 0.684516 0.534135
vn 0.345978 0.509061 0.788134
vn 0.231722 0.407979 0.883096
vn 0.143843 0.358968 0.922199
vn 0.066827 0.344068 0.936563
vn -0.011194 0.357929 0.933682
vn -0.102886 0.405522 0.908276
vn -0.227604 0.504313 0.832985
vn -0.409647 0.677393 0.611005
vn -0.572109 0.818504 0.052362
vn -0.496122 0.684516 -0.534135
vn -0.345978 0.509061 -0.788134
vn -0.231722 0.407979 -0.883096
vn -0.143843 0.358968 -0.922199
vn -0.066827 0.344068 -0.936563
vn -0.069756 0.000000 -0.997564
vn 0.013544 0.000000 -0.999908
vn 0.114630 -0.000000 -0.993408
vn 0.267074 -0.000000 -0.963676
vn 0.564366 -0.000000 -0.825525
vn 0.997564 0.000000 -0.069756
vn 0.673764 -0.000000 0.738947
vn 0.398593 -0.000000 0.917128
vn 0.251770 0.000000 0.967787
vn 0.152572 0.000000 0.988292
vn 0.069756 0.000000 0.997564
vn -0.013544 0.000000 0.999908
vn -0.114630 -0.000000 0.993408
vn -0.267074 -0.000000 0.963676
vn -0.564366 0.000000 0.825525
vn -0.997564 -0.000000 0.069756
vn -0.673764 0.000000 -0.738947
vn -0.398593 0.000000 -0.917128
vn -0.251770 -0.000000 -0.967787
vn -0.152572 -0.000000 -0.988292
vn -0.069756 0.000000 -0.997564
vn -0.064168 -0.344068 -0.936749
vn 0.014097 -0.358968 -0.933244
vn 0.106563 -0.407979 -0.906751
vn 0.232924 -0.509061 -0.828615
vn 0.416956 -0.684516 -0.597984
vn 0.573829 -0.818504 -0.027770
vn 0.490696 -0.677393 0.548047
vn 0.341318 -0.504313 0.793202
vn 0.228292 -0.405522 0.885118
vn 0.141029 -0.357929 0.923037
vn 0.064168 -0.344068 0.936749
vn -0.014097 -0.358968 0.933244
vn -0.106563 -0.407979 0.906751
vn -0.232924 -0.509061 0.828615
vn -0.416956 -0.684516 0.597984
vn -0.573829 -0.818504 0.027770
vn -0.490696 -0.677393 -0.548047
vn -0.341318 -0.504313 -0.793202
vn -0.228292 -0.405522 -0.885118
vn -0.141029 -0.357929 -0.923037
vn -0.064168 -0.344068 -0.936749
vn -0.052421 -0.618546 -0.783998
vn 0.013020 -0.637665 -0.770204
vn 0.085772 -0.694021 -0.714828
vn 0.169147 -0.787984 -0.592005
vn 0.255651 -0.897914 -0.358320
vn 0.310716 -0.950474 -0.007379
vn 0.300152 -0.890407 0.342176
vn 0.245081 -0.779800 0.576061
vn 0.179478 -0.688410 0.702766
vn 0.115322 -0.634960 0.763889
vn 0.052421 -0.618546 0.783998
vn -0.013020 -0.637665 0.770204
vn -0.085772 -0.694021 0.714828
vn -0.169147 -0.787984 0.592005
vn -0.255651 -0.897914 0.358320
vn -0.310716 -0.950474 0.007379
vn -0.300152 -0.890407 -0.342176
vn -0.245081 -0.779800 -0.576061
vn -0.179478 -0.688410 -0.702766
vn -0.115322 -0.634960 -0.763889
vn -0.052421 -0.618546 -0.783998
vn -0.038351 -0.804219 -0.593095
vn 0.011096 -0.818859 -0.573888
vn 0.062991 -0.857452 -0.510694
vn 0.115065 -0.911888 -0.393981
vn 0.160346 -0.962735 -0.217783
vn 0.187247 -0.982311 0.001736
vn 0.187661 -0.957330 0.219778
vn 0.164837 -0.904484 0.393368
vn 0.128223 -0.851288 0.508791
vn 0.085025 -0.815525 0.572442
vn 0.038351 -0.804219 0.593095
vn -0.011096 -0.818859 0.573888
vn -0.062991 -0.857452 0.510694
vn -0.115065 -0.911888 0.393981
vn -0.160346 -0.962735 0.217783
vn -0.187247 -0.982311 -0.001736
vn -0.187661 -0.957330 -0.219778
vn -0.164837 -0.904484 -0.393368
vn -0.128223 -0.851288 -0.508791
vn -0.085025 -0.815525 -0.572442
vn -0.038351 -0.804219 -0.593095
vn -0.024358 -0.916535 -0.399212
vn 0.008912 -0.924557 -0.380940
vn 0.042375 -0.943553 -0.328499
vn 0.073321 -0.967486 -0.242063
vn 0.097968 -0.987166 -0.126114
vn 0.112267 -0.993652 0.007150
vn 0.113783 -0.983714 0.139138
vn 0.102986 -0.962244 0.251955
vn 0.082521 -0.938688 0.334746
vn 0.055477 -0.921719 0.383870
vn 0.024358 -0.916535 0.399212
vn -0.008912 -0.924557 0.380940
vn -0.042375 -0.943553 0.328499
vn -0.073321 -0.967486 0.242063
vn -0.097968 -0.987166 0.126114
vn -0.112267 -0.993652 -0.007150
vn -0.113783 -0.983714 -0.139138
vn -0.102986 -0.962244 -0.251955
vn -0.082521 -0.938688 -0.334746
vn -0.055477 -0.921719 -0.383870
vn -0.024358 -0.916535 -0.399212
vn -0.011681 -0.975164 -0.221178
vn 0.006783 -0.978171 -0.207691
vn 0.024774 -0.984382 -0.174293
vn 0.040590 -0.991526 -0.123403
vn 0.052534 -0.996846 -0.059487
vn 0.059196 -0.998187 0.010930
vn 0.059802 -0.994991 0.080099
vn 0.054390 -0.988578 0.140550
vn 0.043724 -0.981498 0.186415
vn 0.029017 -0.976419 0.213927
vn 0.011681 -0.975164 0.221178
vn -0.006783 -0.978171 0.207691
vn -0.024774 -0.984382 0.174293
vn -0.040590 -0.991526 0.123403
vn -0.052534 -0.996846 0.059487
vn -0.059196 -0.998187 -0.010930
vn -0.059802 -0.994991 -0.080099
vn -0.054390 -0.988578 -0.140550
vn -0.043724 -0.981498 -0.186415
vn -0.029017 -0.976419 -0.213927
vn -0.011681 -0.975164 -0.221178
vn 0.000000 -1.000000 0.000000
vn 0.000000 -1.000000 0.000000
vn 0.000000 -1.000000 0.000000
vn 0.000000 -1.000000 0.000000
vn 0.000000 -1.000000 0.000000
vn 0.000000 -1.000000 0.000000
vn 0.000000 -1.000000 0.000000
vn 0.000000 -1.000000 0.000000
vn 0.000000 -1.000000 0.000000
vn 0.000000 -1.000000 0.000000
vn 0.000000 -1.000000 0.000000
vn 0.000000 -1.000000 0.000000
vn 0.000000 -1.000000 0.000000
vn 0.000000 -1.000000 0.000000
vn 0.000000 -1.000000 0.000000
vn 0.000000 -1.000000 0.000000
vn 0.000000 -1.000000 0.000000
vn 0.000000 -1.000000 0.000000
vn 0.000000 -1.000000 0.000000
vn 0.000000 -1.000000 0.000000
vn 0.000000 -1.000000 0.000000
vn -0.000000 1.000000 0.000000
vn -0.000000 1.000000 0.000000
vn -0.000000 1.000000 0.000000
vn -0.000000 1.000000 0.000000
vn -0.000000 1.000000 0.000000
vn -0.000000 1.000000 0.000000
vn -0.000000 1.000000 0.000000
vn -0.000000 1.000000 0.000000
vn -0.000000 1.000000 0.000000
vn -0.000000 1.000000 0.000000
vn -0.000000 1.000000 0.000000
vn -0.000000 1.000000 0.000000
vn -0.000000 1.000000 0.000000
vn -0.000000 1.000000 0.000000
vn -0.000000 1.000000 0.000000
vn -0.000000 1.000000 0.000000
vn -0.000000 1.000000 0.000000
vn -0.000000 1.000000 0.000000
vn -0.000000 1.000000 0.000000
vn -0.000000 1.000000 0.000000
vn -0.000000 1.000000 0.000000
vn -0.093523 0.975164 -0.200772
vn -0.074812 0.976419 -0.202509
vn -0.048911 0.981498 -0.185122
vn -0.017961 0.988578 -0.149633
vn 0.015198 0.994991 -0.098798
vn 0.047136 0.998187 -0.037441
vn 0.074312 0.996846 0.027861
vn 0.093773 0.991526 0.089902
vn 0.103700 0.984382 0.142260
vn 0.103494 0.978171 0.180196
vn 0.093523 0.975164 0.200772
vn 0.074812 0.976419 0.202509
vn 0.048911 0.981498 0.185122
vn 0.017961 0.988578 0.149633
vn -0.015198 0.994991 0.098798
vn -0.047136 0.998187 0.037441
vn -0.074312 0.996846 -0.027861
vn -0.093773 0.991526 -0.089902
vn -0.103700 0.984382 -0.142260
vn -0.103494 0.978171 -0.180196
vn -0.093523 0.975164 -0.200772
vn -0.165912 0.916535 -0.363919
vn -0.131233 0.921719 -0.364983
vn -0.084292 0.938688 -0.334304
vn -0.027355 0.962244 -0.270812
vn 0.035143 0.983714 -0.176269
vn 0.095769 0.993652 -0.059019
vn 0.145708 0.987166 0.065359
vn 0.178380 0.967486 0.179307
vn 0.191636 0.943553 0.270154
vn 0.186709 0.924557 0.332167
vn 0.165912 0.916535 0.363919
vn 0.131233 0.921719 0.364983
vn 0.084292 0.938688 0.334304
vn 0.027355 0.962244 0.270812
vn -0.035143 0.983714 0.176269
vn -0.095769 0.993652 0.059019
vn -0.145708 0.987166 -0.065359
vn -0.178380 0.967486 -0.179307
vn -0.191636 0.943553 -0.270154
vn -0.186709 0.924557 -0.332167
vn -0.165912 0.916535 -0.363919
vn -0.244579 0.804219 -0.541677
vn -0.193673 0.815525 -0.545353
vn -0.125648 0.851288 -0.509433
vn -0.039133 0.904484 -0.424710
vn 0.062515 0.957330 -0.282154
vn 0.164514 0.982311 -0.089440
vn 0.243821 0.962735 0.117013
vn 0.286560 0.911888 0.293845
vn 0.295374 0.857452 0.421344
vn 0.279221 0.818859 0.501504
vn 0.244579 0.804219 0.541677
vn 0.193673 0.815525 0.545353
vn 0.125648 0.851288 0.509433
vn 0.039133 0.904484 0.424710
vn -0.062515 0.957330 0.282154
vn -0.164514 0.982311 0.089440
vn -0.243821 0.962735 -0.117013
vn -0.286560 0.911888 -0.293845
vn -0.295374 0.857452 -0.421344
vn -0.279221 0.818859 -0.501504
vn -0.244579 0.804219 -0.541677
vn -0.321780 0.618546 -0.716840
vn -0.256801 0.634960 -0.728615
vn -0.171459 0.688410 -0.704765
vn -0.054051 0.779800 -0.623690
vn 0.104376 0.890407 -0.443036
vn 0.277810 0.950474 -0.139357
vn 0.393948 0.897914 0.196356
vn 0.427278 0.787984 0.443299
vn 0.411323 0.694021 0.590888
vn 0.373085 0.637665 0.673937
vn 0.321780 0.618546 0.716840
vn 0.256801 0.634960 0.728615
vn 0.171459 0.688410 0.704765
vn 0.054051 0.779800 0.623690
vn -0.104376 0.890407 0.443036
vn -0.277810 0.950474 0.139357
vn -0.393948 0.897914 -0.196356
vn -0.427278 0.787984 -0.443299
vn -0.411323 0.694021 -0.590888
vn -0.373085 0.637665 -0.673937
vn -0.321780 0.618546 -0.716840
vn -0.383120 0.344068 -0.857226
vn -0.308819 0.357929 -0.881203
vn -0.213967 0.405522 -0.888690
vn -0.071020 0.504313 -0.860595
vn 0.175966 0.677393 -0.714265
vn 0.519698 0.818504 -0.244877
vn 0.648887 0.684516 0.332239
vn 0.594671 0.509061 0.622273
vn 0.519784 0.407979 0.750585
vn 0.450579 0.358968 0.817387
vn 0.383120 0.344068 0.857226
vn 0.308819 0.357929 0.881203
vn 0.213967 0.405522 0.888690
vn 0.071020 0.504313 0.860595
vn -0.175966 0.677393 0.714265
vn -0.519698 0.818504 0.244877
vn -0.648887 0.684516 -0.332239
vn -0.594671 0.509061 -0.622273
vn -0.519784 0.407979 -0.750585
vn -0.450579 0.358968 -0.817387
vn -0.383120 0.344068 -0.857226
vn -0.406737 0.000000 -0.913545
vn -0.329262 0.000000 -0.944239
vn -0.232048 -0.000000 -0.972704
vn -0.078629 0.000000 -0.996904
vn 0.247984 -0.000000 -0.968764
vn 0.913545 -0.000000 -0.406737
vn 0.885866 -0.000000 0.463942
vn 0.688231 -0.000000 0.725492
vn 0.567589 0.000000 0.823312
vn 0.481387 0.000000 0.876508
vn 0.406737 -0.000000 0.913545
vn 0.329262 -0.000000 0.944239
vn 0.232048 0.000000 0.972704
vn 0.078629 -0.000000 0.996904
vn -0.247984 -0.000000 0.968764
vn -0.913545 0.000000 0.406737
vn -0.885866 0.000000 -0.463942
vn -0.688231 -0.000000 -0.725492
vn -0.567589 -0.000000 -0.823312
vn -0.481387 0.000000 -0.876508
vn -0.406737 0.000000 -0.913545
vn -0.380686 -0.344068 -0.858310
vn -0.305941 -0.358968 -0.881784
vn -0.209990 -0.407979 -0.888514
vn -0.064526 -0.509061 -0.858308
vn 0.187288 -0.684516 -0.704529
vn 0.529725 -0.818504 -0.222356
vn 0.648546 -0.677393 0.347168
vn 0.592026 -0.504313 0.628629
vn 0.517253 -0.405522 0.753658
vn 0.448221 -0.357929 0.819137
vn 0.380686 -0.344068 0.858310
vn 0.305941 -0.358968 0.881784
vn 0.209990 -0.407979 0.888514
vn 0.064526 -0.509061 0.858308
vn -0.187288 -0.684516 0.704529
vn -0.529725 -0.818504 0.222356
vn -0.648546 -0.677393 -0.347168
vn -0.592026 -0.504313 -0.628629
vn -0.517253 -0.405522 -0.753658
vn -0.448221 -0.357929 -0.819137
vn -0.380686 -0.344068 -0.858310
vn -0.317403 -0.618546 -0.718788
vn -0.251190 -0.637665 -0.728208
vn -0.163886 -0.694021 -0.701054
vn -0.043531 -0.787984 -0.614154
vn 0.117681 -0.897914 -0.424148
vn 0.289454 -0.950474 -0.113205
vn 0.399081 -0.890407 0.218882
vn 0.427325 -0.779800 0.457498
vn 0.409014 -0.688410 0.598999
vn 0.369633 -0.634960 0.678379
vn 0.317403 -0.618546 0.718788
vn 0.251190 -0.637665 0.728208
vn 0.163886 -0.694021 0.701054
vn 0.043531 -0.787984 0.614154
vn -0.117681 -0.897914 0.424148
vn -0.289454 -0.950474 0.113205
vn -0.399081 -0.890407 -0.218882
vn -0.427325 -0.779800 -0.457498
vn -0.409014 -0.688410 -0.598999
vn -0.369633 -0.634960 -0.678379
vn -0.317403 -0.618546 -0.718788
vn -0.238889 -0.804219 -0.544210
vn -0.185854 -0.818859 -0.543073
vn -0.115476 -0.857452 -0.501439
vn -0.026623 -0.911888 -0.409576
vn 0.076190 -0.962735 -0.259491
vn 0.176548 -0.982311 -0.062411
vn 0.251512 -0.957330 0.142340
vn 0.289436 -0.904484 0.313268
vn 0.294507 -0.851288 0.434252
vn 0.275684 -0.815525 0.508839
vn 0.238889 -0.804219 0.544210
vn 0.185854 -0.818859 0.543073
vn 0.115476 -0.857452 0.501439
vn 0.026623 -0.911888 0.409576
vn -0.076190 -0.962735 0.259491
vn -0.176548 -0.982311 0.062411
vn -0.251512 -0.957330 -0.142340
vn -0.289436 -0.904484 -0.313268
vn -0.294507 -0.851288 -0.434252
vn -0.275684 -0.815525 -0.508839
vn -0.238889 -0.804219 -0.544210
vn -0.159427 -0.916535 -0.366806
vn -0.121915 -0.924557 -0.361015
vn -0.072534 -0.943553 -0.323182
vn -0.013891 -0.967486 -0.252542
vn 0.048926 -0.987166 -0.152016
vn 0.107942 -0.993652 -0.031679
vn 0.154509 -0.983714 0.091831
vn 0.182949 -0.962244 0.201537
vn 0.192034 -0.938688 0.286335
vn 0.183423 -0.921719 0.341746
vn 0.159427 -0.916535 0.366806
vn 0.121915 -0.924557 0.361015
vn 0.072534 -0.943553 0.323182
vn 0.013891 -0.967486 0.252542
vn -0.048926 -0.987166 0.152016
vn -0.107942 -0.993652 0.031679
vn -0.154509 -0.983714 -0.091831
vn -0.182949 -0.962244 -0.201537
vn -0.192034 -0.938688 -0.286335
vn -0.183423 -0.921719 -0.341746
vn -0.159427 -0.916535 -0.366806
vn -0.086623 -0.975164 -0.203844
vn -0.064661 -0.978171 -0.197486
vn -0.036331 -0.984382 -0.172255
vn -0.004064 -0.991526 -0.129844
vn 0.029020 -0.996846 -0.073867
vn 0.059364 -0.998187 -0.009976
vn 0.083591 -0.994991 0.054815
vn 0.099181 -0.988578 0.113472
vn 0.104845 -0.981498 0.160219
vn 0.100434 -0.976419 0.191101
vn 0.086623 -0.975164 0.203844
vn 0.064661 -0.978171 0.197486
vn 0.036331 -0.984382 0.172255
vn 0.004064 -0.991526 0.129844
vn -0.029020 -0.996846 0.073867
vn -0.059364 -0.998187 0.009976
vn -0.083591 -0.994991 -0.054815
vn -0.099181 -0.988578 -0.113472
vn -0.104845 -0.981498 -0.160219
vn -0.100434 -0.976419 -0.191101
vn -0.086623 -0.975164 -0.203844
vn 0.000000 -1.000000 0.000000
vn 0.000000 -1.000000 0.000000
vn 0.000000 -1.000000 0.000000
vn 0.000000 -1.000000 0.000000
vn 0.000000 -1.000000 0.000000
vn 0.000000 -1.000000 0.000000
vn 0.000000 -1.000000 0.000000
vn 0.000000 -1.000000 0.000000
vn 0.000000 -1.000000 0.000000
vn 0.000000 -1.000000 0.000000
vn 0.000000 -1.000000 0.000000
vn 0.000000 -1.000000 0.000000
vn 0.000000 -1.000000 0.000000
vn 0.000000 -1.000000 0.000000
vn 0.000000 -1.000000 0.000000
vn 0.000000 -1.000000 0.000000
vn 0.000000 -1.000000 0.000000
vn 0.000000 -1.000000 0.000000
vn 0.000000 -1.000000 0.000000
vn 0.000000 -1.000000 0.000000
vn 0.000000 -1.000000 0.000000
vn -0.000000 1.000000 0.000000
vn -0.000000 1.000000 0.000000
vn -0.000000 1.000000 0.000000
vn -0.000000 1.000000 0.000000
vn -0.000000 1.000000 0.000000
vn -0.000000 1.000000 0.000000
vn -0.000000 1.000000 0.000000
vn -0.000000 1.000000 0.000000
vn -0.000000 1.000000 0.000000
vn -0.000000 1.000000 0.000000
vn -0.000000 1.000000 0.000000
vn -0.000000 1.000000 0.000000
vn -0.000000 1.000000 0.000000
vn -0.000000 1.000000 0.000000
vn -0.000000 1.000000 0.000000
vn -0.000000 1.000000 0.000000
vn -0.000000 1.000000 0.000000
vn -0.000000 1.000000 0.000000
vn -0.000000 1.000000 0.000000
vn -0.000000 1.000000 0.000000
vn -0.000000 1.000000 0.000000
vn -0.117294 0.975164 -0.187878
vn -0.098934 0.976419 -0.191882
vn -0.071107 0.981498 -0.177782
vn -0.036063 0.988578 -0.146329
vn 0.003044 0.994991 -0.099914
vn 0.042222 0.998187 -0.042907
vn 0.077153 0.996846 0.018597
vn 0.104031 0.991526 0.077804
vn 0.120264 0.984382 0.128562
vn 0.124683 0.978171 0.166240
vn 0.117294 0.975164 0.187878
vn 0.098934 0.976419 0.191882
vn 0.071107 0.981498 0.177782
vn 0.036063 0.988578 0.146329
vn -0.003044 0.994991 0.099914
vn -0.042222 0.998187 0.042907
vn -0.077153 0.996846 -0.018597
vn -0.104031 0.991526 -0.077804
vn -0.120264 0.984382 -0.128562
vn -0.124683 0.978171 -0.166240
vn -0.117294 0.975164 -0.187878
vn -0.209026 0.916535 -0.340987
vn -0.174735 0.921719 -0.346269
vn -0.124405 0.938688 -0.321540
vn -0.060154 0.962244 -0.265460
vn 0.013399 0.983714 -0.179238
vn 0.087862 0.993652 -0.070251
vn 0.152587 0.987166 0.047115
vn 0.198903 0.967486 0.156232
vn 0.223131 0.943553 0.244786
vn 0.225798 0.924557 0.306937
vn 0.209026 0.916535 0.340987
vn 0.174735 0.921719 0.346269
vn 0.124405 0.938688 0.321540
vn 0.060154 0.962244 0.265460
vn -0.013399 0.983714 0.179238
vn -0.087862 0.993652 0.070251
vn -0.152587 0.987166 -0.047115
vn -0.198903 0.967486 -0.156232
vn -0.223131 0.943553 -0.244786
vn -0.225798 0.924557 -0.306937
vn -0.209026 0.916535 -0.340987
vn -0.308770 0.804219 -0.507832
vn -0.258691 0.815525 -0.517685
vn -0.186796 0.851288 -0.490323
vn -0.090601 0.904484 -0.416775
vn 0.027663 0.957330 -0.287670
vn 0.152388 0.982311 -0.108822
vn 0.256263 0.962735 0.086427
vn 0.320234 0.911888 0.256732
vn 0.344521 0.857452 0.382206
vn 0.338258 0.818859 0.463737
vn 0.308770 0.804219 0.507832
vn 0.258691 0.815525 0.517685
vn 0.186796 0.851288 0.490323
vn 0.090601 0.904484 0.416775
vn -0.027663 0.957330 0.287670
vn -0.152388 0.982311 0.108822
vn -0.256263 0.962735 -0.086427
vn -0.320234 0.911888 -0.256732
vn -0.344521 0.857452 -0.382206
vn -0.338258 0.818859 -0.463737
vn -0.308770 0.804219 -0.507832
vn -0.406742 0.618546 -0.672281
vn -0.343683 0.634960 -0.691887
vn -0.256070 0.688410 -0.678617
vn -0.129656 0.779800 -0.612454
vn 0.049606 0.890407 -0.452454
vn 0.258756 0.950474 -0.172175
vn 0.414941 0.897914 0.146883
vn 0.478117 0.787984 0.387923
vn 0.480268 0.694021 0.536356
vn 0.452436 0.637665 0.623446
vn 0.406742 0.618546 0.672281
vn 0.343683 0.634960 0.691887
vn 0.256070 0.688410 0.678617
vn 0.129656 0.779800 0.612454
vn -0.049606 0.890407 0.452454
vn -0.258756 0.950474 0.172175
vn -0.414941 0.897914 -0.146883
vn -0.478117 0.787984 -0.387923
vn -0.480268 0.694021 -0.536356
vn -0.452436 0.637665 -0.623446
vn -0.406742 0.618546 -0.672281
vn -0.484734 0.344068 -0.804146
vn -0.413909 0.357929 -0.836999
vn -0.320677 0.405522 -0.855990
vn -0.175371 0.504313 -0.845526
vn 0.087608 0.677393 -0.730386
vn 0.485981 0.818504 -0.306387
vn 0.684540 0.684516 0.250683
vn 0.666074 0.509061 0.545162
vn 0.607383 0.407979 0.681645
vn 0.546834 0.358968 0.756383
vn 0.484734 0.344068 0.804146
vn 0.413909 0.357929 0.836999
vn 0.320677 0.405522 0.855990
vn 0.175371 0.504313 0.845526
vn -0.087608 0.677393 0.730386
vn -0.485981 0.818504 0.306387
vn -0.684540 0.684516 -0.250683
vn -0.666074 0.509061 -0.545162
vn -0.607383 0.407979 -0.681645
vn -0.546834 0.358968 -0.756383
vn -0.484734 0.344068 -0.804146
vn -0.515038 -0.000000 -0.857167
vn -0.441881 0.000000 -0.897073
vn -0.348862 -0.000000 -0.937174
vn -0.199535 -0.000000 -0.979891
vn 0.128073 0.000000 -0.991765
vn 0.857167 -0.000000 -0.515038
vn 0.935803 -0.000000 0.352524
vn 0.771516 0.000000 0.636210
vn 0.663695 0.000000 0.748003
vn 0.584618 -0.000000 0.811309
vn 0.515038 0.000000 0.857167
vn 0.441881 0.000000 0.897073
vn 0.348862 0.000000 0.937174
vn 0.199535 0.000000 0.979891
vn -0.128073 -0.000000 0.991765
vn -0.857167 0.000000 0.515038
vn -0.935803 -0.000000 -0.352524
vn -0.771516 -0.000000 -0.636210
vn -0.663695 0.000000 -0.748003
vn -0.584618 0.000000 -0.811309
vn -0.515038 -0.000000 -0.857167
vn -0.482450 -0.344068 -0.805518
vn -0.411123 -0.358968 -0.837926
vn -0.316708 -0.407979 -0.856300
vn -0.168647 -0.509061 -0.844047
vn 0.100032 -0.684516 -0.722102
vn 0.498678 -0.818504 -0.285256
vn 0.686021 -0.677393 0.265542
vn 0.664223 -0.504313 0.551793
vn 0.605245 -0.405522 0.685003
vn 0.544708 -0.357929 0.758407
vn 0.482450 -0.344068 0.805518
vn 0.411123 -0.358968 0.837926
vn 0.316708 -0.407979 0.856300
vn 0.168647 -0.509061 0.844047
vn -0.100032 -0.684516 0.722102
vn -0.498678 -0.818504 0.285256
vn -0.686021 -0.677393 -0.265542
vn -0.664223 -0.504313 -0.551793
vn -0.605245 -0.405522 -0.685003
vn -0.544708 -0.357929 -0.758407
vn -0.482450 -0.344068 -0.805518
vn -0.402635 -0.618546 -0.674749
vn -0.338064 -0.637665 -0.692167
vn -0.248102 -0.694021 -0.675856
vn -0.118053 -0.787984 -0.604271
vn 0.065113 -0.897914 -0.435328
vn 0.273500 -0.950474 -0.147636
vn 0.422782 -0.890407 0.168615
vn 0.479895 -0.779800 0.402010
vn 0.478965 -0.688410 0.544688
vn 0.449551 -0.634960 0.628275
vn 0.402635 -0.618546 0.674749
vn 0.338064 -0.637665 0.692167
vn 0.248102 -0.694021 0.675856
vn 0.118053 -0.787984 0.604271
vn -0.065113 -0.897914 0.435328
vn -0.273500 -0.950474 0.147636
vn -0.422782 -0.890407 -0.168615
vn -0.479895 -0.779800 -0.402010
vn -0.478965 -0.688410 -0.544688
vn -0.449551 -0.634960 -0.628275
vn -0.402635 -0.618546 -0.674749
vn -0.303431 -0.804219 -0.511040
vn -0.250653 -0.818859 -0.516375
vn -0.175725 -0.857452 -0.483629
vn -0.076340 -0.911888 -0.403278
vn 0.043998 -0.962735 -0.266842
vn 0.167626 -0.982311 -0.083462
vn 0.266984 -0.957330 0.110628
vn 0.325456 -0.904484 0.275659
vn 0.345234 -0.851288 0.395124
vn 0.335641 -0.815525 0.471449
vn 0.303431 -0.804219 0.511040
vn 0.250653 -0.818859 0.516375
vn 0.175725 -0.857452 0.483629
vn 0.076340 -0.911888 0.403278
vn -0.043998 -0.962735 0.266842
vn -0.167626 -0.982311 0.083462
vn -0.266984 -0.957330 -0.110628
vn -0.325456 -0.904484 -0.275659
vn -0.345234 -0.851288 -0.395124
vn -0.335641 -0.815525 -0.471449
vn -0.303431 -0.804219 -0.511040
vn -0.202941 -0.916535 -0.344643
vn -0.165003 -0.924557 -0.343466
vn -0.111379 -0.943553 -0.311933
vn -0.044565 -0.967486 -0.248967
vn 0.030035 -0.987166 -0.156845
vn 0.103276 -0.993652 -0.044597
vn 0.164548 -0.983714 0.072316
vn 0.206146 -0.962244 0.177739
vn 0.225498 -0.938688 0.260797
vn 0.223704 -0.921719 0.316845
vn 0.202941 -0.916535 0.344643
vn 0.165003 -0.924557 0.343466
vn 0.111379 -0.943553 0.311933
vn 0.044565 -0.967486 0.248967
vn -0.030035 -0.987166 0.156845
vn -0.103276 -0.993652 0.044597
vn -0.164548 -0.983714 -0.072316
vn -0.206146 -0.962244 -0.177739
vn -0.225498 -0.938688 -0.260797
vn -0.223704 -0.921719 -0.316845
vn -0.202941 -0.916535 -0.344643
vn -0.110820 -0.975164 -0.191768
vn -0.088247 -0.978171 -0.188134
vn -0.057053 -0.984382 -0.166543
vn -0.019858 -0.991526 -0.128381
vn 0.019801 -0.996846 -0.076853
vn 0.057706 -0.998187 -0.017136
vn 0.089648 -0.994991 0.044219
vn 0.112270 -0.988578 0.100539
vn 0.123589 -0.981498 0.146247
vn 0.122975 -0.976419 0.177437
vn 0.110820 -0.975164 0.191768
vn 0.088247 -0.978171 0.188134
vn 0.057053 -0.984382 0.166543
vn 0.019858 -0.991526 0.128381
vn -0.019801 -0.996846 0.076853
vn -0.057706 -0.998187 0.017136
vn -0.089648 -0.994991 -0.044219
vn -0.112270 -0.988578 -0.100539
vn -0.123589 -0.981498 -0.146247
vn -0.122975 -0.976419 -0.177437
vn -0.110820 -0.975164 -0.191768
vn 0.000000 -1.000000 0.000000
vn 0.000000 -1.000000 0.000000
vn 0.000000 -1.000000 0.000000
vn 0.000000 -1.000000 0.000000
vn 0.000000 -1.000000 0.000000
vn 0.000000 -1.000000 0.000000
vn 0.000000 -1.000000 0.000000
vn 0.000000 -1.000000 0.000000
vn 0.000000 -1.000000 0.000000
vn 0.000000 -1.000000 0.000000
vn 0.000000 -1.000000 0.000000
vn 0.000000 -1.000000 0.000000
vn 0.000000 -1.000000 0.000000
vn 0.000000 -1.000000 0.000000
vn 0.000000 -1.000000 0.000000
vn 0.000000 -1.000000 0.000000
vn 0.000000 -1.000000 0.000000
vn 0.000000 -1.000000 0.000000
vn 0.000000 -1.000000 0.000000
vn 0.000000 -1.000000 0.000000
vn 0.000000 -1.000000 0.000000
vn -0.000000 1.000000 0.000000
vn -0.000000 1.000000 0.000000
vn -0.000000 1.000000 0.000000
vn -0.000000 1.000000 0.000000
vn -0.000000 1.000000 0.000000
vn -0.000000 1.000000 0.000000
vn -0.000000 1.000000 0.000000
vn -0.000000 1.000000 0.000000
vn -0.000000 1.000000 0.000000
vn -0.000000 1.000000 0.000000
vn -0.000000 1.000000 0.000000
vn -0.000000 1.000000 0.000000
vn -0.000000 1.000000 0.000000
vn -0.000000 1.000000 0.000000
vn -0.000000 1.000000 0.000000
vn -0.000000 1.000000 0.000000
vn -0.000000 1.000000 0.000000
vn -0.000000 1.000000 0.000000
vn -0.000000 1.000000 0.000000
vn -0.000000 1.000000 0.000000
vn -0.000000 1.000000 0.000000
vn -0.174478 0.975164 -0.136431
vn -0.158595 0.976419 -0.146473
vn -0.127623 0.981498 -0.142740
vn -0.083935 0.988578 -0.125170
vn -0.031312 0.994991 -0.094929
vn 0.025001 0.998187 -0.054760
vn 0.078861 0.996846 -0.008913
vn 0.124367 0.991526 0.037532
vn 0.156982 0.984382 0.079676
vn 0.174021 0.978171 0.113571
vn 0.174478 0.975164 0.136431
vn 0.158595 0.976419 0.146473
vn 0.127623 0.981498 0.142740
vn 0.083935 0.988578 0.125170
vn 0.031312 0.994991 0.094929
vn -0.025001 0.998187 0.054760
vn -0.078861 0.996846 0.008913
vn -0.124367 0.991526 -0.037532
vn -0.156982 0.984382 -0.079676
vn -0.174021 0.978171 -0.113571
vn -0.174478 0.975164 -0.136431
vn -0.313044 0.916535 -0.248931
vn -0.282628 0.921719 -0.265623
vn -0.226876 0.938688 -0.259599
vn -0.147319 0.962244 -0.228877
vn -0.048712 0.983714 -0.173012
vn 0.058537 0.993652 -0.096065
vn 0.159499 0.987166 -0.007914
vn 0.240342 0.967486 0.078781
vn 0.293396 0.943553 0.153708
vn 0.317160 0.924557 0.211199
vn 0.313044 0.916535 0.248931
vn 0.282628 0.921719 0.265623
vn 0.226876 0.938688 0.259599
vn 0.147319 0.962244 0.228877
vn 0.048712 0.983714 0.173012
vn -0.058537 0.993652 0.096065
vn -0.159499 0.987166 0.007914
vn -0.240342 0.967486 -0.078781
vn -0.293396 0.943553 -0.153708
vn -0.317160 0.924557 -0.211199
vn -0.313044 0.916535 -0.248931
vn -0.463837 0.804219 -0.371601
vn -0.420149 0.815525 -0.397988
vn -0.343231 0.851288 -0.396865
vn -0.227682 0.904484 -0.360653
vn -0.072394 0.957330 -0.279783
vn 0.105979 0.982311 -0.154379
vn 0.270369 0.962735 -0.006433
vn 0.388729 0.911888 0.131722
vn 0.454466 0.857452 0.241323
vn 0.476466 0.818859 0.320079
vn 0.463837 0.804219 0.371601
vn 0.420149 0.815525 0.397988
vn 0.343231 0.851288 0.396865
vn 0.227682 0.904484 0.360653
vn 0.072394 0.957330 0.279783
vn -0.105979 0.982311 0.154379
vn -0.270369 0.962735 0.006433
vn -0.388729 0.911888 -0.131722
vn -0.454466 0.857452 -0.241323
vn -0.476466 0.818859 -0.320079
vn -0.463837 0.804219 -0.371601
vn -0.612146 0.618546 -0.492624
vn -0.559596 0.634960 -0.532615
vn -0.472728 0.688410 -0.550110
vn -0.331309 0.779800 -0.531174
vn -0.108134 0.890407 -0.442134
vn 0.184263 0.950474 -0.250291
vn 0.440154 0.897914 -0.003894
vn 0.581961 0.787984 0.201003
vn 0.634749 0.694021 0.339748
vn 0.638382 0.637665 0.431105
vn 0.612146 0.618546 0.492624
vn 0.559596 0.634960 0.532615
vn 0.472728 0.688410 0.550110
vn 0.331309 0.779800 0.531174
vn 0.108134 0.890407 0.442134
vn -0.184263 0.950474 0.250291
vn -0.440154 0.897914 0.003894
vn -0.581961 0.787984 -0.201003
vn -0.634749 0.694021 -0.339748
vn -0.638382 0.637665 -0.431105
vn -0.612146 0.618546 -0.492624
vn -0.730535 0.344068 -0.589861
vn -0.675217 0.357929 -0.644956
vn -0.594103 0.405522 -0.694689
vn -0.453981 0.504313 -0.734554
vn -0.167482 0.677393 -0.716301
vn 0.351882 0.818504 -0.454125
vn 0.728996 0.684516 0.001439
vn 0.812362 0.509061 0.284474
vn 0.803889 0.407979 0.432800
vn 0.772554 0.358968 0.523739
vn 0.730535 0.344068 0.589861
vn 0.675217 0.357929 0.644956
vn 0.594103 0.405522 0.694689
vn 0.453981 0.504313 0.734554
vn 0.167482 0.677393 0.716301
vn -0.351882 0.818504 0.454125
vn -0.728996 0.684516 -0.001439
vn -0.812362 0.509061 -0.284474
vn -0.803889 0.407979 -0.432800
vn -0.772554 0.358968 -0.523739
vn -0.730535 0.344068 -0.589861
vn -0.777146 0.000000 -0.629320
vn -0.722050 0.000000 -0.691841
vn -0.648355 -0.000000 -0.761338
vn -0.522644 -0.000000 -0.852551
vn -0.218854 -0.000000 -0.975758
vn 0.629320 0.000000 -0.777146
vn 0.999937 0.000000 0.011201
vn 0.942585 0.000000 0.333968
vn 0.879502 -0.000000 0.475896
vn 0.826845 -0.000000 0.562430
vn 0.777146 0.000000 0.629320
vn 0.722050 -0.000000 0.691841
vn 0.648355 -0.000000 0.761338
vn 0.522644 -0.000000 0.852551
vn 0.218854 0.000000 0.975758
vn -0.629320 0.000000 0.777146
vn -0.999937 -0.000000 -0.011201
vn -0.942585 -0.000000 -0.333968
vn -0.879502 0.000000 -0.475896
vn -0.826845 0.000000 -0.562430
vn -0.777146 0.000000 -0.629320
vn -0.728858 -0.344068 -0.591932
vn -0.672917 -0.358968 -0.646781
vn -0.590480 -0.407979 -0.696338
vn -0.447157 -0.509061 -0.735464
vn -0.152974 -0.684516 -0.712767
vn 0.371041 -0.818504 -0.438611
vn 0.735470 -0.677393 0.014895
vn 0.812890 -0.504313 0.291338
vn 0.803030 -0.405522 0.436687
vn 0.771248 -0.357929 0.526368
vn 0.728858 -0.344068 0.591932
vn 0.672917 -0.358968 0.646781
vn 0.590480 -0.407979 0.696338
vn 0.447157 -0.509061 0.735464
vn 0.152974 -0.684516 0.712767
vn -0.371041 -0.818504 0.438611
vn -0.735470 -0.677393 -0.014895
vn -0.812890 -0.504313 -0.291338
vn -0.803030 -0.405522 -0.436687
vn -0.771248 -0.357929 -0.526368
vn -0.728858 -0.344068 -0.591932
vn -0.609131 -0.618546 -0.496347
vn -0.554412 -0.637665 -0.534800
vn -0.464296 -0.694021 -0.550241
vn -0.317607 -0.787984 -0.527453
vn -0.087705 -0.897914 -0.431345
vn 0.206511 -0.950474 -0.232275
vn 0.454955 -0.890407 0.013846
vn 0.588449 -0.779800 0.213632
vn 0.636374 -0.688410 0.348023
vn 0.637323 -0.634960 0.436630
vn 0.609131 -0.618546 0.496347
vn 0.554412 -0.637665 0.534800
vn 0.464296 -0.694021 0.550241
vn 0.317607 -0.787984 0.527453
vn 0.087705 -0.897914 0.431345
vn -0.206511 -0.950474 0.232275
vn -0.454955 -0.890407 -0.013846
vn -0.588449 -0.779800 -0.213632
vn -0.636374 -0.688410 -0.348023
vn -0.637323 -0.634960 -0.436630
vn -0.609131 -0.618546 -0.496347
vn -0.459918 -0.804219 -0.376441
vn -0.412147 -0.818859 -0.399506
vn -0.330538 -0.857452 -0.394361
vn -0.209665 -0.911888 -0.352848
vn -0.049921 -0.962735 -0.265798
vn 0.128971 -0.982311 -0.135760
vn 0.288720 -0.957330 0.012642
vn 0.400110 -0.904484 0.147723
vn 0.459554 -0.851288 0.253218
vn 0.476645 -0.815525 0.328221
vn 0.459918 -0.804219 0.376441
vn 0.412147 -0.818859 0.399506
vn 0.330538 -0.857452 0.394361
vn 0.209665 -0.911888 0.352848
vn 0.049921 -0.962735 0.265798
vn -0.128971 -0.982311 0.135760
vn -0.288720 -0.957330 -0.012642
vn -0.400110 -0.904484 -0.147723
vn -0.459554 -0.851288 -0.253218
vn -0.476645 -0.815525 -0.328221
vn -0.459918 -0.804219 -0.376441
vn -0.308577 -0.916535 -0.254448
vn -0.272525 -0.924557 -0.266318
vn -0.211350 -0.943553 -0.255027
vn -0.127029 -0.967486 -0.218710
vn -0.025420 -0.987166 -0.157659
vn 0.081795 -0.993652 -0.077230
vn 0.179359 -0.983714 0.011676
vn 0.254504 -0.962244 0.096514
vn 0.301097 -0.938688 0.167944
vn 0.318581 -0.921719 0.221225
vn 0.308577 -0.916535 0.254448
vn 0.272525 -0.924557 0.266318
vn 0.211350 -0.943553 0.255027
vn 0.127029 -0.967486 0.218710
vn 0.025420 -0.987166 0.157659
vn -0.081795 -0.993652 0.077230
vn -0.179359 -0.983714 -0.011676
vn -0.254504 -0.962244 -0.096514
vn -0.301097 -0.938688 -0.167944
vn -0.318581 -0.921719 -0.221225
vn -0.308577 -0.916535 -0.254448
vn -0.169725 -0.975164 -0.142300
vn -0.147270 -0.978171 -0.146606
vn -0.110573 -0.984382 -0.136986
vn -0.062569 -0.991526 -0.113847
vn -0.007678 -0.996846 -0.078990
vn 0.048365 -0.998187 -0.035839
vn 0.099365 -0.994991 0.010891
vn 0.139886 -0.988578 0.056077
vn 0.166155 -0.981498 0.095157
vn 0.176246 -0.976419 0.124676
vn 0.169725 -0.975164 0.142300
vn 0.147270 -0.978171 0.146606
vn 0.110573 -0.984382 0.136986
vn 0.062569 -0.991526 0.113847
vn 0.007678 -0.996846 0.078990
vn -0.048365 -0.998187 0.035839
vn -0.099365 -0.994991 -0.010891
vn -0.139886 -0.988578 -0.056077
vn -0.166155 -0.981498 -0.095157
vn -0.176246 -0.976419 -0.124676
vn -0.169725 -0.975164 -0.142300
vn 0.000000 -1.000000 -0.000000
vn 0.000000 -1.000000 -0.000000
vn 0.000000 -1.000000 -0.000000
vn 0.000000 -1.000000 -0.000000
vn 0.000000 -1.000000 -0.000000
vn 0.000000 -1.000000 -0.000000
vn 0.000000 -1.000000 -0.000000
vn 0.000000 -1.000000 -0.000000
vn 0.000000 -1.000000 -0.000000
vn 0.000000 -1.000000 -0.000000
vn 0.000000 -1.000000 -0.000000
vn 0.000000 -1.000000 -0.000000
vn 0.000000 -1.000000 -0.000000
vn 0.000000 -1.000000 -0.000000
vn 0.000000 -1.000000 -0.000000
vn 0.000000 -1.000000 -0.000000
vn 0.000000 -1.000000 -0.000000
vn 0.000000 -1.000000 -0.000000
vn 0.000000 -1.000000 -0.000000
vn 0.000000 -1.000000 -0.000000
vn 0.000000 -1.000000 -0.000000
vn 0.000000 1.000000 0.000000
vn 0.000000 1.000000 0.000000
vn 0.000000 1.000000 0.000000
vn 0.000000 1.000000 0.000000
vn 0.000000 1.000000 0.000000
vn 0.000000 1.000000 0.000000
vn 0.000000 1.000000 0.000000
vn 0.000000 1.000000 0.000000
vn 0.000000 1.000000 0.000000
vn 0.000000 1.000000 0.000000
vn 0.000000 1.000000 0.000000
vn 0.000000 1.000000 0.000000
vn 0.000000 1.000000 0.000000
vn 0.000000 1.000000 0.000000
vn 0.000000 1.000000 0.000000
vn 0.000000 1.000000 0.000000
vn 0.000000 1.000000 0.000000
vn 0.000000 1.000000 0.000000
vn 0.000000 1.000000 0.000000
vn 0.000000 1.000000 0.000000
vn 0.000000 1.000000 0.000000
vn -0.210618 0.975164 -0.068528
vn -0.199127 0.976419 -0.083397
vn -0.168747 0.981498 -0.090482
vn -0.121684 0.988578 -0.088914
vn -0.061892 0.994991 -0.078495
vn 0.004764 0.998187 -0.060008
vn 0.071056 0.996846 -0.035347
vn 0.129704 0.991526 -0.007268
vn 0.174766 0.984382 0.021180
vn 0.202370 0.978171 0.047203
vn 0.210618 0.975164 0.068528
vn 0.199127 0.976419 0.083397
vn 0.168747 0.981498 0.090482
vn 0.121684 0.988578 0.088914
vn 0.061892 0.994991 0.078495
vn -0.004764 0.998187 0.060008
vn -0.071056 0.996846 0.035347
vn -0.129704 0.991526 0.007268
vn -0.174766 0.984382 -0.021180
vn -0.202370 0.978171 -0.047203
vn -0.210618 0.975164 -0.068528
vn -0.379305 0.916535 -0.126851
vn -0.356432 0.921719 -0.152940
vn -0.301982 0.938688 -0.166348
vn -0.216715 0.962244 -0.164687
vn -0.104947 0.983714 -0.145917
vn 0.022150 0.993652 -0.110292
vn 0.147173 0.987166 -0.061989
vn 0.252792 0.967486 -0.008172
vn 0.328273 0.943553 0.044091
vn 0.370267 0.924557 0.089987
vn 0.379305 0.916535 0.126851
vn 0.356432 0.921719 0.152940
vn 0.301982 0.938688 0.166348
vn 0.216715 0.962244 0.164687
vn 0.104947 0.983714 0.145917
vn -0.022150 0.993652 0.110292
vn -0.147173 0.987166 0.061989
vn -0.252792 0.967486 0.008172
vn -0.328273 0.943553 -0.044091
vn -0.370267 0.924557 -0.089987
vn -0.379305 0.916535 -0.126851
vn -0.562960 0.804219 -0.190549
vn -0.530930 0.815525 -0.230287
vn -0.458268 0.851288 -0.255539
vn -0.337302 0.904484 -0.261031
vn -0.163719 0.957330 -0.238149
vn 0.046786 0.982311 -0.181316
vn 0.251863 0.962735 -0.098516
vn 0.410338 0.911888 -0.009175
vn 0.509596 0.857452 0.071333
vn 0.557205 0.818859 0.137815
vn 0.562960 0.804219 0.190549
vn 0.530930 0.815525 0.230287
vn 0.458268 0.851288 0.255539
vn 0.337302 0.904484 0.261031
vn 0.163719 0.957330 0.238149
vn -0.046786 0.982311 0.181316
vn -0.251863 0.962735 0.098516
vn -0.410338 0.911888 0.009175
vn -0.509596 0.857452 -0.071333
vn -0.557205 0.818859 -0.137815
vn -0.562960 0.804219 -0.190549
vn -0.743716 0.618546 -0.253549
vn -0.708013 0.634960 -0.309102
vn -0.632367 0.688410 -0.355252
vn -0.493001 0.779800 -0.385826
vn -0.252831 0.890407 -0.378486
vn 0.087546 0.950474 -0.298219
vn 0.412278 0.897914 -0.154200
vn 0.615611 0.787984 -0.010162
vn 0.712670 0.694021 0.102162
vn 0.747329 0.637665 0.186767
vn 0.743716 0.618546 0.253549
vn 0.708013 0.634960 0.309102
vn 0.632367 0.688410 0.355252
vn 0.493001 0.779800 0.385826
vn 0.252831 0.890407 0.378486
vn -0.087546 0.950474 0.298219
vn -0.412278 0.897914 0.154200
vn -0.615611 0.787984 0.010162
vn -0.712670 0.694021 -0.102162
vn -0.747329 0.637665 -0.186767
vn -0.743716 0.618546 -0.253549
vn -0.888222 0.344068 -0.304430
vn -0.855085 0.357929 -0.375123
vn -0.795872 0.405522 -0.449599
vn -0.677835 0.504313 -0.534984
vn -0.402371 0.677393 -0.615821
vn 0.175341 0.818504 -0.547089
vn 0.685524 0.684516 -0.247979
vn 0.860666 0.509061 -0.010526
vn 0.903435 0.407979 0.131752
vn 0.905093 0.358968 0.227924
vn 0.888222 0.344068 0.304430
vn 0.855085 0.357929 0.375123
vn 0.795872 0.405522 0.449599
vn 0.677835 0.504313 0.534984
vn 0.402371 0.677393 0.615821
vn -0.175341 0.818504 0.547089
vn -0.685524 0.684516 0.247979
vn -0.860666 0.509061 0.010526
vn -0.903435 0.407979 -0.131752
vn -0.905093 0.358968 -0.227924
vn -0.888222 0.344068 -0.304430
vn -0.945519 -0.000000 -0.325568
vn -0.915129 -0.000000 -0.403162
vn -0.869647 0.000000 -0.493673
vn -0.782714 -0.000000 -0.622381
vn -0.539385 -0.000000 -0.842060
vn 0.325568 -0.000000 -0.945519
vn 0.943464 -0.000000 -0.331474
vn 0.999963 0.000000 -0.008556
vn 0.989227 0.000000 0.146389
vn 0.969343 -0.000000 0.245713
vn 0.945519 -0.000000 0.325568
vn 0.915129 0.000000 0.403162
vn 0.869647 0.000000 0.493673
vn 0.782714 -0.000000 0.622381
vn 0.539385 -0.000000 0.842060
vn -0.325568 0.000000 0.945519
vn -0.943464 0.000000 0.331474
vn -0.999963 -0.000000 0.008556
vn -0.989227 0.000000 -0.146389
vn -0.969343 0.000000 -0.245713
vn -0.945519 -0.000000 -0.325568
vn -0.887355 -0.344068 -0.306950
vn -0.853547 -0.358968 -0.377624
vn -0.793031 -0.407979 -0.452388
vn -0.671734 -0.509061 -0.538174
vn -0.387529 -0.684516 -0.617461
vn 0.198651 -0.818504 -0.539063
vn 0.696210 -0.677393 -0.237549
vn 0.863510 -0.504313 -0.004256
vn 0.903957 -0.405522 0.135699
vn 0.904765 -0.357929 0.230842
vn 0.887355 -0.344068 0.306950
vn 0.853547 -0.358968 0.377624
vn 0.793031 -0.407979 0.452388
vn 0.671734 -0.509061 0.538174
vn 0.387529 -0.684516 0.617461
vn -0.198651 -0.818504 0.539063
vn -0.696210 -0.677393 0.237549
vn -0.863510 -0.504313 0.004256
vn -0.903957 -0.405522 -0.135699
vn -0.904765 -0.357929 -0.230842
vn -0.887355 -0.344068 -0.306950
vn -0.742157 -0.618546 -0.258078
vn -0.703889 -0.637665 -0.312927
vn -0.624489 -0.694021 -0.358259
vn -0.478852 -0.787984 -0.387016
vn -0.229944 -0.897914 -0.375335
vn 0.114614 -0.950474 -0.288898
vn 0.432253 -0.890407 -0.142592
vn 0.626028 -0.779800 -0.000513
vn 0.717027 -0.688410 0.109382
vn 0.748224 -0.634960 0.192321
vn 0.742157 -0.618546 0.258078
vn 0.703889 -0.637665 0.312927
vn 0.624489 -0.694021 0.358259
vn 0.478852 -0.787984 0.387016
vn 0.229944 -0.897914 0.375335
vn -0.114614 -0.950474 0.288898
vn -0.432253 -0.890407 0.142592
vn -0.626028 -0.779800 0.000513
vn -0.717027 -0.688410 -0.109382
vn -0.748224 -0.634960 -0.192321
vn -0.742157 -0.618546 -0.258078
vn -0.560932 -0.804219 -0.196438
vn -0.523931 -0.818859 -0.234450
vn -0.445484 -0.857452 -0.257527
vn -0.317702 -0.911888 -0.259859
vn -0.137818 -0.962735 -0.232694
vn 0.074761 -0.982311 -0.171683
vn 0.275632 -0.957330 -0.086869
vn 0.426504 -0.904484 0.001968
vn 0.518445 -0.851288 0.080770
vn 0.560158 -0.815525 0.145405
vn 0.560932 -0.804219 0.196438
vn 0.523931 -0.818859 0.234450
vn 0.445484 -0.857452 0.257527
vn 0.317702 -0.911888 0.259859
vn 0.137818 -0.962735 0.232694
vn -0.074761 -0.982311 0.171683
vn -0.275632 -0.957330 0.086869
vn -0.426504 -0.904484 -0.001968
vn -0.518445 -0.851288 -0.080770
vn -0.560158 -0.815525 -0.145405
vn -0.560932 -0.804219 -0.196438
vn -0.376994 -0.916535 -0.133563
vn -0.347176 -0.924557 -0.157048
vn -0.285828 -0.943553 -0.167361
vn -0.194172 -0.967486 -0.162074
vn -0.077810 -0.987166 -0.139457
vn 0.050448 -0.993652 -0.100548
vn 0.172535 -0.983714 -0.050372
vn 0.272166 -0.962244 0.003648
vn 0.340379 -0.938688 0.054835
vn 0.375031 -0.921719 0.098923
vn 0.376994 -0.916535 0.133563
vn 0.347176 -0.924557 0.157048
vn 0.285828 -0.943553 0.167361
vn 0.194172 -0.967486 0.162074
vn 0.077810 -0.987166 0.139457
vn -0.050448 -0.993652 0.100548
vn -0.172535 -0.983714 0.050372
vn -0.272166 -0.962244 -0.003648
vn -0.340379 -0.938688 -0.054835
vn -0.375031 -0.921719 -0.098923
vn -0.376994 -0.916535 -0.133563
vn -0.208159 -0.975164 -0.075669
vn -0.188531 -0.978171 -0.087395
vn -0.150757 -0.984382 -0.090906
vn -0.097733 -0.991526 -0.085581
vn -0.034231 -0.996846 -0.071601
vn 0.033191 -0.998187 -0.050220
vn 0.097098 -0.994991 -0.023751
vn 0.150629 -0.988578 0.004851
vn 0.188681 -0.981498 0.032590
vn 0.208259 -0.976419 0.056878
vn 0.208159 -0.975164 0.075669
vn 0.188531 -0.978171 0.087395
vn 0.150757 -0.984382 0.090906
vn 0.097733 -0.991526 0.085581
vn 0.034231 -0.996846 0.071601
vn -0.033191 -0.998187 0.050220
vn -0.097098 -0.994991 0.023751
vn -0.150629 -0.988578 -0.004851
vn -0.188681 -0.981498 -0.032590
vn -0.208259 -0.976419 -0.056878
vn -0.208159 -0.975164 -0.075669
vn -0.000000 -1.000000 0.000000
vn -0.000000 -1.000000 0.000000
vn -0.000000 -1.000000 0.000000
vn -0.000000 -1.000000 0.000000
vn -0.000000 -1.000000 0.000000
vn -0.000000 -1.000000 0.000000
vn -0.000000 -1.000000 0.000000
vn -0.000000 -1.000000 0.000000
vn -0.000000 -1.000000 0.000000
vn -0.000000 -1.000000 0.000000
vn -0.000000 -1.000000 0.000000
vn -0.000000 -1.000000 0.000000
vn -0.000000 -1.000000 0.000000
vn -0.000000 -1.000000 0.000000
vn -0.000000 -1.000000 0.000000
vn -0.000000 -1.000000 0.000000
vn -0.000000 -1.000000 0.000000
vn -0.000000 -1.000000 0.000000
vn -0.000000 -1.000000 0.000000
vn -0.000000 -1.000000 0.000000
vn -0.000000 -1.000000 0.000000
f 3475//3475 3476//3476 3496//3496
f 3476//3476 3497//3497 3496//3496
f 3476//3476 3477//3477 3497//3497
f 3477//3477 3498//3498 3497//3497
f 3477//3477 3478//3478 3498//3498
f 3478//3478 3499//3499 3498//3498
f 3478//3478 3479//3479 3499//3499
f 3479//3479 3500//3500 3499//3499
f 3479//3479 3480//3480 3500//3500
f 3480//3480 3501//3501 3500//3500
f 3480//3480 3481//3481 3501//3501
f 3481//3481 3502//3502 3501//3501
f 3481//3481 3482//3482 3502//3502
f 3482//3482 3503//3503 3502//3502
f 3482//3482 3483//3483 3503//3503
f 3483//3483 3504//3504 3503//3503
f 3483//3483 3484//3484 3504//3504
f 3484//3484 3505//3505 3504//3504
f 3484//3484 3485//3485 3505//3505
f 3485//3485 3506//3506 3505//3505
f 3485//3485 3486//3486 3506//3506
f 3486//3486 3507//3507 3506//3506
f 3486//3486 3487//3487 3507//3507
f 3487//3487 3508//3508 3507//3507
f 3487//3487 3488//3488 3508//3508
f 3488//3488 3509//3509 3508//3508
f 3488//3488 3489//3489 3509//3509
f 3489//3489 3510//3510 3509//3509
f 3489//3489 3490//3490 3510//3510
f 3490//3490 3511//3511 3510//3510
f 3490//3490 3491//3491 3511//3511
f 3491//3491 3512//3512 3511//3511
f 3491//3491 3492//3492 3512//3512
f 3492//3492 3513//3513 3512//3512
f 3492//3492 3493//3493 3513//3513
f 3493//3493 3514//3514 3513//3513
f 3493//3493 3494//3494 3514//3514
f 3494//3494 3515//3515 3514//3514
f 3494//3494 3495//3495 3515//3515
f 3495//3495 3516//3516 3515//3515
f 3496//3496 3497//3497 3517//3517
f 3497//3497 3518//3518 3517//3517
f 3497//3497 3498//3498 3518//3518
f 3498//3498 3519//3519 3518//3518
f 3498//3498 3499//3499 3519//3519
f 3499//3499 3520//3520 3519//3519
f 3499//3499 3500//3500 3520//3520
f 3500//3500 3521//3521 3520//3520
f 3500//3500 3501//3501 3521//3521
f 3501//3501 3522//3522 3521//3521
f 3501//3501 3502//3502 3522//3522
f 3502//3502 3523//3523 3522//3522
f 3502//3502 3503//3503 3523//3523
f 3503//3503 3524//3524 3523//3523
f 3503//3503 3504//3504 3524//3524
f 3504//3504 3525//3525 3524//3524
f 3504//3504 3505//3505 3525//3525
f 3505//3505 3526//3526 3525//3525
f 3505//3505 3506//3506 3526//3526
f 3506//3506 3527//3527 3526//3526
f 3506//3506 3507//3507 3527//3527
f 3507//3507 3528//3528 3527//3527
f 3507//3507 3508//3508 3528//3528
f 3508//3508 3529//3529 3528//3528
f 3508//3508 3509//3509 3529//3529
f 3509//3509 3530//3530 3529//3529
f 3509//3509 3510//3510 3530//3530
f 3510//3510 3531//3531 3530//3530
f 3510//3510 3511//3511 3531//3531
f 3511//3511 3532//3532 3531//3531
f 3511//3511 3512//3512 3532//3532
f 3512//3512 3533//3533 3532//3532
f 3512//3512 3513//3513 3533//3533
f 3513//3513 3534//3534 3533//3533
f 3513//3513 3514//3514 3534//3534
f 3514//3514 3535//3535 3534//3534
f 3514//3514 3515//3515 3535//3535
f 3515//3515 3536//3536 3535//3535
f 3515//3515 3516//3516 3536//3536
f 3516//3516 3537//3537 3536//3536
f 3517//3517 3518//3518 3538//3538
f 3518//3518 3539//3539 3538//3538
f 3518//3518 3519//3519 3539//3539
f 3519//3519 3540//3540 3539//3539
f 3519//3519 3520//3520 3540//3540
f 3520//3520 3541//3541 3540//3540
f 3520//3520 3521//3521 3541//3541
f 3521//3521 3542//3542 3541//3541
f 3521//3521 3522//3522 3542//3542
f 3522//3522 3543//3543 3542//3542
f 3522//3522 3523//3523 3543//3543
f 3523//3523 3544//3544 3543//3543
f 3523//3523 3524//3524 3544//3544
f 3524//3524 3545//3545 3544//3544
f 3524//3524 3525//3525 3545//3545
f 3525//3525 3546//3546 3545//3545
f 3525//3525 3526//3526 3546//3546
f 3526//3526 3547//3547 3546//3546
f 3526//3526 3527//3527 3547//3547
f 3527//3527 3548//3548 3547//3547
f 3527//3527 3528//3528 3548//3548
f 3528//3528 3549//3549 3548//3548
f 3528//3528 3529//3529 3549//3549
f 3529//3529 3550//3550 3549//3549
f 3529//3529 3530//3530 3550//3550
f 3530//3530 3551//3551 3550//3550
f 3530//3530 3531//3531 3551//3551
f 3531//3531 3552//3552 3551//3551
f 3531//3531 3532//3532 3552//3552
f 3532//3532 3553//3553 3552//3552
f 3532//3532 3533//3533 3553//3553
f 3533//3533 3554//3554 3553//3553
f 3533//3533 3534//3534 3554//3554
f 3534//3534 3555//3555 3554//3554
f 3534//3534 3535//3535 3555//3555
f 3535//3535 3556//3556 3555//3555
f 3535//3535 3536//3536 3556//3556
f 3536//3536 3557//3557 3556//3556
f 3536//3536 3537//3537 3557//3557
f 3537//3537 3558//3558 3557//3557
f 3538//3538 3539//3539 3559//3559
f 3539//3539 3560//3560 3559//3559
f 3539//3539 3540//3540 3560//3560
f 3540//3540 3561//3561 3560//3560
f 3540//3540 3541//3541 3561//3561
f 3541//3541 3562//3562 3561//3561
f 3541//3541 3542//3542 3562//3562
f 3542//3542 3563//3563 3562//3562
f 3542//3542 3543//3543 3563//3563
f 3543//3543 3564//3564 3563//3563
f 3543//3543 3544//3544 3564//3564
f 3544//3544 3565//3565 3564//3564
f 3544//3544 3545//3545 3565//3565
f 3545//3545 3566//3566 3565//3565
f 3545//3545 3546//3546 3566//3566
f 3546//3546 3567//3567 3566//3566
f 3546//3546 3547//3547 3567//3567
f 3547//3547 3568//3568 3567//3567
f 3547//3547 3548//3548 3568//3568
f 3548//3548 3569//3569 3568//3568
f 3548//3548 3549//3549 3569//3569
f 3549//3549 3570//3570 3569//3569
f 3549//3549 3550//3550 3570//3570
f 3550//3550 3571//3571 3570//3570
f 3550//3550 3551//3551 3571//3571
f 3551//3551 3572//3572 3571//3571
f 3551//3551 3552//3552 3572//3572
f 3552//3552 3573//3573 3572//3572
f 3552//3552 3553//3553 3573//3573
f 3553//3553 3574//3574 3573//3573
f 3553//3553 3554//3554 3574//3574
f 3554//3554 3575//3575 3574//3574
f 3554//3554 3555//3555 3575//3575
f 3555//3555 3576//3576 3575//3575
f 3555//3555 3556//3556 3576//3576
f 3556//3556 3577//3577 3576//3576
f 3556//3556 3557//3557 3577//3577
f 3557//3557 3578//3578 3577//3577
f 3557//3557 3558//3558 3578//3578
f 3558//3558 3579//3579 3578//3578
f 3559//3559 3560//3560 3580//3580
f 3560//3560 3581//3581 3580//3580
f 3560//3560 3561//3561 3581//3581
f 3561//3561 3582//3582 3581//3581
f 3561//3561 3562//3562 3582//3582
f 3562//3562 3583//3583 3582//3582
f 3562//3562 3563//3563 3583//3583
f 3563//3563 3584//3584 3583//3583
f 3563//3563 3564//3564 3584//3584
f 3564//3564 3585//3585 3584//3584
f 3564//3564 3565//3565 3585//3585
f 3565//3565 3586//3586 3585//3585
f 3565//3565 3566//3566 3586//3586
f 3566//3566 3587//3587 3586//3586
f 3566//3566 3567//3567 3587//3587
f 3567//3567 3588//3588 3587//3587
f 3567//3567 3568//3568 3588//3588
f 3568//3568 3589//3589 3588//3588
f 3568//3568 3569//3569 3589//3589
f 3569//3569 3590//3590 3589//3589
f 3569//3569 3570//3570 3590//3590
f 3570//3570 3591//3591 3590//3590
f 3570//3570 3571//3571 3591//3591
f 3571//3571 3592//3592 3591//3591
f 3571//3571 3572//3572 3592//3592
f 3572//3572 3593//3593 3592//3592
f 3572//3572 3573//3573 3593//3593
f 3573//3573 3594//3594 3593//3593
f 3573//3573 3574//3574 3594//3594
f 3574//3574 3595//3595 3594//3594
f 3574//3574 3575//3575 3595//3595
f 3575//3575 3596//3596 3595//3595
f 3575//3575 3576//3576 3596//3596
f 3576//3576 3597//3597 3596//3596
f 3576//3576 3577//3577 3597//3597
f 3577//3577 3598//3598 3597//3597
f 3577//3577 3578//3578 3598//3598
f 3578//3578 3599//3599 3598//3598
f 3578//3578 3579//3579 3599//3599
f 3579//3579 3600//3600 3599//3599
f 3580//3580 3581//3581 3601//3601
f 3581//3581 3602//3602 3601//3601
f 3581//3581 3582//3582 3602//3602
f 3582//3582 3603//3603 3602//3602
f 3582//3582 3583//3583 3603//3603
f 3583//3583 3604//3604 3603//3603
f 3583//3583 3584//3584 3604//3604
f 3584//3584 3605//3605 3604//3604
f 3584//3584 3585//3585 3605//3605
f 3585//3585 3606//3606 3605//3605
f 3585//3585 3586//3586 3606//3606
f 3586//3586 3607//3607 3606//3606
f 3586//3586 3587//3587 3607//3607
f 3587//3587 3608//3608 3607//3607
f 3587//3587 3588//3588 3608//3608
f 3588//3588 3609//3609 3608//3608
f 3588//3588 3589//3589 3609//3609
f 3589//3589 3610//3610 3609//3609
f 3589//3589 3590//3590 3610//3610
f 3590//3590 3611//3611 3610//3610
f 3590//3590 3591//3591 3611//3611
f 3591//3591 3612//3612 3611//3611
f 3591//3591 3592//3592 3612//3612
f 3592//3592 3613//3613 3612//3612
f 3592//3592 3593//3593 3613//3613
f 3593//3593 3614//3614 3613//3613
f 3593//3593 3594//3594 3614//3614
f 3594//3594 3615//3615 3614//3614
f 3594//3594 3595//3595 3615//3615
f 3595//3595 3616//3616 3615//3615
f 3595//3595 3596//3596 3616//3616
f 3596//3596 3617//3617 3616//3616
f 3596//3596 3597//3597 3617//3617
f 3597//3597 3618//3618 3617//3617
f 3597//3597 3598//3598 3618//3618
f 3598//3598 3619//3619 3618//3618
f 3598//3598 3599//3599 3619//3619
f 3599//3599 3620//3620 3619//3619
f 3599//3599 3600//3600 3620//3620
f 3600//3600 3621//3621 3620//3620
f 3601//3601 3602//3602 3622//3622
f 3602//3602 3623//3623 3622//3622
f 3602//3602 3603//3603 3623//3623
f 3603//3603 3624//3624 3623//3623
f 3603//3603 3604//3604 3624//3624
f 3604//3604 3625//3625 3624//3624
f 3604//3604 3605//3605 3625//3625
f 3605//3605 3626//3626 3625//3625
f 3605//3605 3606//3606 3626//3626
f 3606//3606 3627//3627 3626//3626
f 3606//3606 3607//3607 3627//3627
f 3607//3607 3628//3628 3627//3627
f 3607//3607 3608//3608 3628//3628
f 3608//3608 3629//3629 3628//3628
f 3608//3608 3609//3609 3629//3629
f 3609//3609 3630//3630 3629//3629
f 3609//3609 3610//3610 3630//3630
f 3610//3610 3631//3631 3630//3630
f 3610//3610 3611//3611 3631//3631
f 3611//3611 3632//3632 3631//3631
f 3611//3611 3612//3612 3632//3632
f 3612//3612 3633//3633 3632//3632
f 3612//3612 3613//3613 3633//3633
f 3613//3613 3634//3634 3633//3633
f 3613//3613 3614//3614 3634//3634
f 3614//3614 3635//3635 3634//3634
f 3614//3614 3615//3615 3635//3635
f 3615//3615 3636//3636 3635//3635
f 3615//3615 3616//3616 3636//3636
f 3616//3616 3637//3637 3636//3636
f 3616//3616 3617//3617 3637//3637
f 3617//3617 3638//3638 3637//3637
f 3617//3617 3618//3618 3638//3638
f 3618//3618 3639//3639 3638//3638
f 3618//3618 3619//3619 3639//3639
f 3619//3619 3640//3640 3639//3639
f 3619//3619 3620//3620 3640//3640
f 3620//3620 3641//3641 3640//3640
f 3620//3620 3621//3621 3641//3641
f 3621//3621 3642//3642 3641//3641
f 3622//3622 3623//3623 3643//3643
f 3623//3623 3644//3644 3643//3643
f 3623//3623 3624//3624 3644//3644
f 3624//3624 3645//3645 3644//3644
f 3624//3624 3625//3625 3645//3645
f 3625//3625 3646//3646 3645//3645
f 3625//3625 3626//3626 3646//3646
f 3626//3626 3647//3647 3646//3646
f 3626//3626 3627//3627 3647//3647
f 3627//3627 3648//3648 3647//3647
f 3627//3627 3628//3628 3648//3648
f 3628//3628 3649//3649 3648//3648
f 3628//3628 3629//3629 3649//3649
f 3629//3629 3650//3650 3649//3649
f 3629//3629 3630//3630 3650//3650
f 3630//3630 3651//3651 3650//3650
f 3630//3630 3631//3631 3651//3651
f 3631//3631 3652//3652 3651//3651
f 3631//3631 3632//3632 3652//3652
f 3632//3632 3653//3653 3652//3652
f 3632//3632 3633//3633 3653//3653
f 3633//3633 3654//3654 3653//3653
f 3633//3633 3634//3634 3654//3654
f 3634//3634 3655//3655 3654//3654
f 3634//3634 3635//3635 3655//3655
f 3635//3635 3656//3656 3655//3655
f 3635//3635 3636//3636 3656//3656
f 3636//3636 3657//3657 3656//3656
f 3636//3636 3637//3637 3657//3657
f 3637//3637 3658//3658 3657//3657
f 3637//3637 3638//3638 3658//3658
f 3638//3638 3659//3659 3658//3658
f 3638//3638 3639//3639 3659//3659
f 3639//3639 3660//3660 3659//3659
f 3639//3639 3640//3640 3660//3660
f 3640//3640 3661//3661 3660//3660
f 3640//3640 3641//3641 3661//3661
f 3641//3641 3662//3662 3661//3661
f 3641//3641 3642//3642 3662//3662
f 3642//3642 3663//3663 3662//3662
f 3643//3643 3644//3644 3664//3664
f 3644//3644 3665//3665 3664//3664
f 3644//3644 3645//3645 3665//3665
f 3645//3645 3666//3666 3665//3665
f 3645//3645 3646//3646 3666//3666
f 3646//3646 3667//3667 3666//3666
f 3646//3646 3647//3647 3667//3667
f 3647//3647 3668//3668 3667//3667
f 3647//3647 3648//3648 3668//3668
f 3648//3648 3669//3669 3668//3668
f 3648//3648 3649//3649 3669//3669
f 3649//3649 3670//3670 3669//3669
f 3649//3649 3650//3650 3670//3670
f 3650//3650 3671//3671 3670//3670
f 3650//3650 3651//3651 3671//3671
f 3651//3651 3672//3672 3671//3671
f 3651//3651 3652//3652 3672//3672
f 3652//3652 3673//3673 3672//3672
f 3652//3652 3653//3653 3673//3673
f 3653//3653 3674//3674 3673//3673
f 3653//3653 3654//3654 3674//3674
f 3654//3654 3675//3675 3674//3674
f 3654//3654 3655//3655 3675//3675
f 3655//3655 3676//3676 3675//3675
f 3655//3655 3656//3656 3676//3676
f 3656//3656 3677//3677 3676//3676
f 3656//3656 3657//3657 3677//3677
f 3657//3657 3678//3678 3677//3677
f 3657//3657 3658//3658 3678//3678
f 3658//3658 3679//3679 3678//3678
f 3658//3658 3659//3659 3679//3679
f 3659//3659 3680//3680 3679//3679
f 3659//3659 3660//3660 3680//3680
f 3660//3660 3681//3681 3680//3680
f 3660//3660 3661//3661 3681//3681
f 3661//3661 3682//3682 3681//3681
f 3661//3661 3662//3662 3682//3682
f 3662//3662 3683//3683 3682//3682
f 3662//3662 3663//3663 3683//3683
f 3663//3663 3684//3684 3683//3683
f 3664//3664 3665//3665 3685//3685
f 3665//3665 3686//3686 3685//3685
f 3665//3665 3666//3666 3686//3686
f 3666//3666 3687//3687 3686//3686
f 3666//3666 3667//3667 3687//3687
f 3667//3667 3688//3688 3687//3687
f 3667//3667 3668//3668 3688//3688
f 3668//3668 3689//3689 3688//3688
f 3668//3668 3669//3669 3689//3689
f 3669//3669 3690//3690 3689//3689
f 3669//3669 3670//3670 3690//3690
f 3670//3670 3691//3691 3690//3690
f 3670//3670 3671//3671 3691//3691
f 3671//3671 3692//3692 3691//3691
f 3671//3671 3672//3672 3692//3692
f 3672//3672 3693//3693 3692//3692
f 3672//3672 3673//3673 3693//3693
f 3673//3673 3694//3694 3693//3693
f 3673//3673 3674//3674 3694//3694
f 3674//3674 3695//3695 3694//3694
f 3674//3674 3675//3675 3695//3695
f 3675//3675 3696//3696 3695//3695
f 3675//3675 3676//3676 3696//3696
f 3676//3676 3697//3697 3696//3696
f 3676//3676 3677//3677 3697//3697
f 3677//3677 3698//3698 3697//3697
f 3677//3677 3678//3678 3698//3698
f 3678//3678 3699//3699 3698//3698
f 3678//3678 3679//3679 3699//3699
f 3679//3679 3700//3700 3699//3699
f 3679//3679 3680//3680 3700//3700
f 3680//3680 3701//3701 3700//3700
f 3680//3680 3681//3681 3701//3701
f 3681//3681 3702//3702 3701//3701
f 3681//3681 3682//3682 3702//3702
f 3682//3682 3703//3703 3702//3702
f 3682//3682 3683//3683 3703//3703
f 3683//3683 3704//3704 3703//3703
f 3683//3683 3684//3684 3704//3704
f 3684//3684 3705//3705 3704//3704
f 3685//3685 3686//3686 3706//3706
f 3686//3686 3707//3707 3706//3706
f 3686//3686 3687//3687 3707//3707
f 3687//3687 3708//3708 3707//3707
f 3687//3687 3688//3688 3708//3708
f 3688//3688 3709//3709 3708//3708
f 3688//3688 3689//3689 3709//3709
f 3689//3689 3710//3710 3709//3709
f 3689//3689 3690//3690 3710//3710
f 3690//3690 3711//3711 3710//3710
f 3690//3690 3691//3691 3711//3711
f 3691//3691 3712//3712 3711//3711
f 3691//3691 3692//3692 3712//3712
f 3692//3692 3713//3713 3712//3712
f 3692//3692 3693//3693 3713//3713
f 3693//3693 3714//3714 3713//3713
f 3693//3693 3694//3694 3714//3714
f 3694//3694 3715//3715 3714//3714
f 3694//3694 3695//3695 3715//3715
f 3695//3695 3716//3716 3715//3715
f 3695//3695 3696//3696 3716//3716
f 3696//3696 3717//3717 3716//3716
f 3696//3696 3697//3697 3717//3717
f 3697//3697 3718//3718 3717//3717
f 3697//3697 3698//3698 3718//3718
f 3698//3698 3719//3719 3718//3718
f 3698//3698 3699//3699 3719//3719
f 3699//3699 3720//3720 3719//3719
f 3699//3699 3700//3700 3720//3720
f 3700//3700 3721//3721 3720//3720
f 3700//3700 3701//3701 3721//3721
f 3701//3701 3722//3722 3721//3721
f 3701//3701 3702//3702 3722//3722
f 3702//3702 3723//3723 3722//3722
f 3702//3702 3703//3703 3723//3723
f 3703//3703 3724//3724 3723//3723
f 3703//3703 3704//3704 3724//3724
f 3704//3704 3725//3725 3724//3724
f 3704//3704 3705//3705 3725//3725
f 3705//3705 3726//3726 3725//3725
f 3706//3706 3707//3707 3727//3727
f 3707//3707 3728//3728 3727//3727
f 3707//3707 3708//3708 3728//3728
f 3708//3708 3729//3729 3728//3728
f 3708//3708 3709//3709 3729//3729
f 3709//3709 3730//3730 3729//3729
f 3709//3709 3710//3710 3730//3730
f 3710//3710 3731//3731 3730//3730
f 3710//3710 3711//3711 3731//3731
f 3711//3711 3732//3732 3731//3731
f 3711//3711 3712//3712 3732//3732
f 3712//3712 3733//3733 3732//3732
f 3712//3712 3713//3713 3733//3733
f 3713//3713 3734//3734 3733//3733
f 3713//3713 3714//3714 3734//3734
f 3714//3714 3735//3735 3734//3734
f 3714//3714 3715//3715 3735//3735
f 3715//3715 3736//3736 3735//3735
f 3715//3715 3716//3716 3736//3736
f 3716//3716 3737//3737 3736//3736
f 3716//3716 3717//3717 3737//3737
f 3717//3717 3738//3738 3737//3737
f 3717//3717 3718//3718 3738//3738
f 3718//3718 3739//3739 3738//3738
f 3718//3718 3719//3719 3739//3739
f 3719//3719 3740//3740 3739//3739
f 3719//3719 3720//3720 3740//3740
f 3720//3720 3741//3741 3740//3740
f 3720//3720 3721//3721 3741//3741
f 3721//3721 3742//3742 3741//3741
f 3721//3721 3722//3722 3742//3742
f 3722//3722 3743//3743 3742//3742
f 3722//3722 3723//3723 3743//3743
f 3723//3723 3744//3744 3743//3743
f 3723//3723 3724//3724 3744//3744
f 3724//3724 3745//3745 3744//3744
f 3724//3724 3725//3725 3745//3745
f 3725//3725 3746//3746 3745//3745
f 3725//3725 3726//3726 3746//3746
f 3726//3726 3747//3747 3746//3746
f 3748//3748 3749//3749 3769//3769
f 3749//3749 3770//3770 3769//3769
f 3749//3749 3750//3750 3770//3770
f 3750//3750 3771//3771 3770//3770
f 3750//3750 3751//3751 3771//3771
f 3751//3751 3772//3772 3771//3771
f 3751//3751 3752//3752 3772//3772
f 3752//3752 3773//3773 3772//3772
f 3752//3752 3753//3753 3773//3773
f 3753//3753 3774//3774 3773//3773
f 3753//3753 3754//3754 3774//3774
f 3754//3754 3775//3775 3774//3774
f 3754//3754 3755//3755 3775//3775
f 3755//3755 3776//3776 3775//3775
f 3755//3755 3756//3756 3776//3776
f 3756//3756 3777//3777 3776//3776
f 3756//3756 3757//3757 3777//3777
f 3757//3757 3778//3778 3777//3777
f 3757//3757 3758//3758 3778//3778
f 3758//3758 3779//3779 3778//3778
f 3758//3758 3759//3759 3779//3779
f 3759//3759 3780//3780 3779//3779
f 3759//3759 3760//3760 3780//3780
f 3760//3760 3781//3781 3780//3780
f 3760//3760 3761//3761 3781//3781
f 3761//3761 3782//3782 3781//3781
f 3761//3761 3762//3762 3782//3782
f 3762//3762 3783//3783 3782//3782
f 3762//3762 3763//3763 3783//3783
f 3763//3763 3784//3784 3783//3783
f 3763//3763 3764//3764 3784//3784
f 3764//3764 3785//3785 3784//3784
f 3764//3764 3765//3765 3785//3785
f 3765//3765 3786//3786 3785//3785
f 3765//3765 3766//3766 3786//3786
f 3766//3766 3787//3787 3786//3786
f 3766//3766 3767//3767 3787//3787
f 3767//3767 3788//3788 3787//3787
f 3767//3767 3768//3768 3788//3788
f 3768//3768 3789//3789 3788//3788
f 3769//3769 3770//3770 3790//3790
f 3770//3770 3791//3791 3790//3790
f 3770//3770 3771//3771 3791//3791
f 3771//3771 3792//3792 3791//3791
f 3771//3771 3772//3772 3792//3792
f 3772//3772 3793//3793 3792//3792
f 3772//3772 3773//3773 3793//3793
f 3773//3773 3794//3794 3793//3793
f 3773//3773 3774//3774 3794//3794
f 3774//3774 3795//3795 3794//3794
f 3774//3774 3775//3775 3795//3795
f 3775//3775 3796//3796 3795//3795
f 3775//3775 3776//3776 3796//3796
f 3776//3776 3797//3797 3796//3796
f 3776//3776 3777//3777 3797//3797
f 3777//3777 3798//3798 3797//3797
f 3777//3777 3778//3778 3798//3798
f 3778//3778 3799//3799 3798//3798
f 3778//3778 3779//3779 3799//3799
f 3779//3779 3800//3800 3799//3799
f 3779//3779 3780//3780 3800//3800
f 3780//3780 3801//3801 3800//3800
f 3780//3780 3781//3781 3801//3801
f 3781//3781 3802//3802 3801//3801
f 3781//3781 3782//3782 3802//3802
f 3782//3782 3803//3803 3802//3802
f 3782//3782 3783//3783 3803//3803
f 3783//3783 3804//3804 3803//3803
f 3783//3783 3784//3784 3804//3804
f 3784//3784 3805//3805 3804//3804
f 3784//3784 3785//3785 3805//3805
f 3785//3785 3806//3806 3805//3805
f 3785//3785 3786//3786 3806//3806
f 3786//3786 3807//3807 3806//3806
f 3786//3786 3787//3787 3807//3807
f 3787//3787 3808//3808 3807//3807
f 3787//3787 3788//3788 3808//3808
f 3788//3788 3809//3809 3808//3808
f 3788//3788 3789//3789 3809//3809
f 3789//3789 3810//3810 3809//3809
f 3790//3790 3791//3791 3811//3811
f 3791//3791 3812//3812 3811//3811
f 3791//3791 3792//3792 3812//3812
f 3792//3792 3813//3813 3812//3812
f 3792//3792 3793//3793 3813//3813
f 3793//3793 3814//3814 3813//3813
f 3793//3793 3794//3794 3814//3814
f 3794//3794 3815//3815 3814//3814
f 3794//3794 3795//3795 3815//3815
f 3795//3795 3816//3816 3815//3815
f 3795//3795 3796//3796 3816//3816
f 3796//3796 3817//3817 3816//3816
f 3796//3796 3797//3797 3817//3817
f 3797//3797 3818//3818 3817//3817
f 3797//3797 3798//3798 3818//3818
f 3798//3798 3819//3819 3818//3818
f 3798//3798 3799//3799 3819//3819
f 3799//3799 3820//3820 3819//3819
f 3799//3799 3800//3800 3820//3820
f 3800//3800 3821//3821 3820//3820
f 3800//3800 3801//3801 3821//3821
f 3801//3801 3822//3822 3821//3821
f 3801//3801 3802//3802 3822//3822
f 3802//3802 3823//3823 3822//3822
f 3802//3802 3803//3803 3823//3823
f 3803//3803 3824//3824 3823//3823
f 3803//3803 3804//3804 3824//3824
f 3804//3804 3825//3825 3824//3824
f 3804//3804 3805//3805 3825//3825
f 3805//3805 3826//3826 3825//3825
f 3805//3805 3806//3806 3826//3826
f 3806//3806 3827//3827 3826//3826
f 3806//3806 3807//3807 3827//3827
f 3807//3807 3828//3828 3827//3827
f 3807//3807 3808//3808 3828//3828
f 3808//3808 3829//3829 3828//3828
f 3808//3808 3809//3809 3829//3829
f 3809//3809 3830//3830 3829//3829
f 3809//3809 3810//3810 3830//3830
f 3810//3810 3831//3831 3830//3830
f 3811//3811 3812//3812 3832//3832
f 3812//3812 3833//3833 3832//3832
f 3812//3812 3813//3813 3833//3833
f 3813//3813 3834//3834 3833//3833
f 3813//3813 3814//3814 3834//3834
f 3814//3814 3835//3835 3834//3834
f 3814//3814 3815//3815 3835//3835
f 3815//3815 3836//3836 3835//3835
f 3815//3815 3816//3816 3836//3836
f 3816//3816 3837//3837 3836//3836
f 3816//3816 3817//3817 3837//3837
f 3817//3817 3838//3838 3837//3837
f 3817//3817 3818//3818 3838//3838
f 3818//3818 3839//3839 3838//3838
f 3818//3818 3819//3819 3839//3839
f 3819//3819 3840//3840 3839//3839
f 3819//3819 3820//3820 3840//3840
f 3820//3820 3841//3841 3840//3840
f 3820//3820 3821//3821 3841//3841
f 3821//3821 3842//3842 3841//3841
f 3821//3821 3822//3822 3842//3842
f 3822//3822 3843//3843 3842//3842
f 3822//3822 3823//3823 3843//3843
f 3823//3823 3844//3844 3843//3843
f 3823//3823 3824//3824 3844//3844
f 3824//3824 3845//3845 3844//3844
f 3824//3824 3825//3825 3845//3845
f 3825//3825 3846//3846 3845//3845
f 3825//3825 3826//3826 3846//3846
f 3826//3826 3847//3847 3846//3846
f 3826//3826 3827//3827 3847//3847
f 3827//3827 3848//3848 3847//3847
f 3827//3827 3828//3828 3848//3848
f 3828//3828 3849//3849 3848//3848
f 3828//3828 3829//3829 3849//3849
f 3829//3829 3850//3850 3849//3849
f 3829//3829 3830//3830 3850//3850
f 3830//3830 3851//3851 3850//3850
f 3830//3830 3831//3831 3851//3851
f 3831//3831 3852//3852 3851//3851
f 3832//3832 3833//3833 3853//3853
f 3833//3833 3854//3854 3853//3853
f 3833//3833 3834//3834 3854//3854
f 3834//3834 3855//3855 3854//3854
f 3834//3834 3835//3835 3855//3855
f 3835//3835 3856//3856 3855//3855
f 3835//3835 3836//3836 3856//3856
f 3836//3836 3857//3857 3856//3856
f 3836//3836 3837//3837 3857//3857
f 3837//3837 3858//3858 3857//3857
f 3837//3837 3838//3838 3858//3858
f 3838//3838 3859//3859 3858//3858
f 3838//3838 3839//3839 3859//3859
f 3839//3839 3860//3860 3859//3859
f 3839//3839 3840//3840 3860//3860
f 3840//3840 3861//3861 3860//3860
f 3840//3840 3841//3841 3861//3861
f 3841//3841 3862//3862 3861//3861
f 3841//3841 3842//3842 3862//3862
f 3842//3842 3863//3863 3862//3862
f 3842//3842 3843//3843 3863//3863
f 3843//3843 3864//3864 3863//3863
f 3843//3843 3844//3844 3864//3864
f 3844//3844 3865//3865 3864//3864
f 3844//3844 3845//3845 3865//3865
f 3845//3845 3866//3866 3865//3865
f 3845//3845 3846//3846 3866//3866
f 3846//3846 3867//3867 3866//3866
f 3846//3846 3847//3847 3867//3867
f 3847//3847 3868//3868 3867//3867
f 3847//3847 3848//3848 3868//3868
f 3848//3848 3869//3869 3868//3868
f 3848//3848 3849//3849 3869//3869
f 3849//3849 3870//3870 3869//3869
f 3849//3849 3850//3850 3870//3870
f 3850//3850 3871//3871 3870//3870
f 3850//3850 3851//3851 3871//3871
f 3851//3851 3872//3872 3871//3871
f 3851//3851 3852//3852 3872//3872
f 3852//3852 3873//3873 3872//3872
f 3853//3853 3854//3854 3874//3874
f 3854//3854 3875//3875 3874//3874
f 3854//3854 3855//3855 3875//3875
f 3855//3855 3876//3876 3875//3875
f 3855//3855 3856//3856 3876//3876
f 3856//3856 3877//3877 3876//3876
f 3856//3856 3857//3857 3877//3877
f 3857//3857 3878//3878 3877//3877
f 3857//3857 3858//3858 3878//3878
f 3858//3858 3879//3879 3878//3878
f 3858//3858 3859//3859 3879//3879
f 3859//3859 3880//3880 3879//3879
f 3859//3859 3860//3860 3880//3880
f 3860//3860 3881//3881 3880//3880
f 3860//3860 3861//3861 3881//3881
f 3861//3861 3882//3882 3881//3881
f 3861//3861 3862//3862 3882//3882
f 3862//3862 3883//3883 3882//3882
f 3862//3862 3863//3863 3883//3883
f 3863//3863 3884//3884 3883//3883
f 3863//3863 3864//3864 3884//3884
f 3864//3864 3885//3885 3884//3884
f 3864//3864 3865//3865 3885//3885
f 3865//3865 3886//3886 3885//3885
f 3865//3865 3866//3866 3886//3886
f 3866//3866 3887//3887 3886//3886
f 3866//3866 3867//3867 3887//3887
f 3867//3867 3888//3888 3887//3887
f 3867//3867 3868//3868 3888//3888
f 3868//3868 3889//3889 3888//3888
f 3868//3868 3869//3869 3889//3889
f 3869//3869 3890//3890 3889//3889
f 3869//3869 3870//3870 3890//3890
f 3870//3870 3891//3891 3890//3890
f 3870//3870 3871//3871 3891//3891
f 3871//3871 3892//3892 3891//3891
f 3871//3871 3872//3872 3892//3892
f 3872//3872 3893//3893 3892//3892
f 3872//3872 3873//3873 3893//3893
f 3873//3873 3894//3894 3893//3893
f 3874//3874 3875//3875 3895//3895
f 3875//3875 3896//3896 3895//3895
f 3875//3875 3876//3876 3896//3896
f 3876//3876 3897//3897 3896//3896
f 3876//3876 3877//3877 3897//3897
f 3877//3877 3898//3898 3897//3897
f 3877//3877 3878//3878 3898//3898
f 3878//3878 3899//3899 3898//3898
f 3878//3878 3879//3879 3899//3899
f 3879//3879 3900//3900 3899//3899
f 3879//3879 3880//3880 3900//3900
f 3880//3880 3901//3901 3900//3900
f 3880//3880 3881//3881 3901//3901
f 3881//3881 3902//3902 3901//3901
f 3881//3881 3882//3882 3902//3902
f 3882//3882 3903//3903 3902//3902
f 3882//3882 3883//3883 3903//3903
f 3883//3883 3904//3904 3903//3903
f 3883//3883 3884//3884 3904//3904
f 3884//3884 3905//3905 3904//3904
f 3884//3884 3885//3885 3905//3905
f 3885//3885 3906//3906 3905//3905
f 3885//3885 3886//3886 3906//3906
f 3886//3886 3907//3907 3906//3906
f 3886//3886 3887//3887 3907//3907
f 3887//3887 3908//3908 3907//3907
f 3887//3887 3888//3888 3908//3908
f 3888//3888 3909//3909 3908//3908
f 3888//3888 3889//3889 3909//3909
f 3889//3889 3910//3910 3909//3909
f 3889//3889 3890//3890 3910//3910
f 3890//3890 3911//3911 3910//3910
f 3890//3890 3891//3891 3911//3911
f 3891//3891 3912//3912 3911//3911
f 3891//3891 3892//3892 3912//3912
f 3892//3892 3913//3913 3912//3912
f 3892//3892 3893//3893 3913//3913
f 3893//3893 3914//3914 3913//3913
f 3893//3893 3894//3894 3914//3914
f 3894//3894 3915//3915 3914//3914
f 3895//3895 3896//3896 3916//3916
f 3896//3896 3917//3917 3916//3916
f 3896//3896 3897//3897 3917//3917
f 3897//3897 3918//3918 3917//3917
f 3897//3897 3898//3898 3918//3918
f 3898//3898 3919//3919 3918//3918
f 3898//3898 3899//3899 3919//3919
f 3899//3899 3920//3920 3919//3919
f 3899//3899 3900//3900 3920//3920
f 3900//3900 3921//3921 3920//3920
f 3900//3900 3901//3901 3921//3921
f 3901//3901 3922//3922 3921//3921
f 3901//3901 3902//3902 3922//3922
f 3902//3902 3923//3923 3922//3922
f 3902//3902 3903//3903 3923//3923
f 3903//3903 3924//3924 3923//3923
f 3903//3903 3904//3904 3924//3924
f 3904//3904 3925//3925 3924//3924
f 3904//3904 3905//3905 3925//3925
f 3905//3905 3926//3926 3925//3925
f 3905//3905 3906//3906 3926//3926
f 3906//3906 3927//3927 3926//3926
f 3906//3906 3907//3907 3927//3927
f 3907//3907 3928//3928 3927//3927
f 3907//3907 3908//3908 3928//3928
f 3908//3908 3929//3929 3928//3928
f 3908//3908 3909//3909 3929//3929
f 3909//3909 3930//3930 3929//3929
f 3909//3909 3910//3910 3930//3930
f 3910//3910 3931//3931 3930//3930
f 3910//3910 3911//3911 3931//3931
f 3911//3911 3932//3932 3931//3931
f 3911//3911 3912//3912 3932//3932
f 3912//3912 3933//3933 3932//3932
f 3912//3912 3913//3913 3933//3933
f 3913//3913 3934//3934 3933//3933
f 3913//3913 3914//3914 3934//3934
f 3914//3914 3935//3935 3934//3934
f 3914//3914 3915//3915 3935//3935
f 3915//3915 3936//3936 3935//3935
f 3916//3916 3917//3917 3937//3937
f 3917//3917 3938//3938 3937//3937
f 3917//3917 3918//3918 3938//3938
f 3918//3918 3939//3939 3938//3938
f 3918//3918 3919//3919 3939//3939
f 3919//3919 3940//3940 3939//3939
f 3919//3919 3920//3920 3940//3940
f 3920//3920 3941//3941 3940//3940
f 3920//3920 3921//3921 3941//3941
f 3921//3921 3942//3942 3941//3941
f 3921//3921 3922//3922 3942//3942
f 3922//3922 3943//3943 3942//3942
f 3922//3922 3923//3923 3943//3943
f 3923//3923 3944//3944 3943//3943
f 3923//3923 3924//3924 3944//3944
f 3924//3924 3945//3945 3944//3944
f 3924//3924 3925//3925 3945//3945
f 3925//3925 3946//3946 3945//3945
f 3925//3925 3926//3926 3946//3946
f 3926//3926 3947//3947 3946//3946
f 3926//3926 3927//3927 3947//3947
f 3927//3927 3948//3948 3947//3947
f 3927//3927 3928//3928 3948//3948
f 3928//3928 3949//3949 3948//3948
f 3928//3928 3929//3929 3949//3949
f 3929//3929 3950//3950 3949//3949
f 3929//3929 3930//3930 3950//3950
f 3930//3930 3951//3951 3950//3950
f 3930//3930 3931//3931 3951//3951
f 3931//3931 3952//3952 3951//3951
f 3931//3931 3932//3932 3952//3952
f 3932//3932 3953//3953 3952//3952
f 3932//3932 3933//3933 3953//3953
f 3933//3933 3954//3954 3953//3953
f 3933//3933 3934//3934 3954//3954
f 3934//3934 3955//3955 3954//3954
f 3934//3934 3935//3935 3955//3955
f 3935//3935 3956//3956 3955//3955
f 3935//3935 3936//3936 3956//3956
f 3936//3936 3957//3957 3956//3956
f 3937//3937 3938//3938 3958//3958
f 3938//3938 3959//3959 3958//3958
f 3938//3938 3939//3939 3959//3959
f 3939//3939 3960//3960 3959//3959
f 3939//3939 3940//3940 3960//3960
f 3940//3940 3961//3961 3960//3960
f 3940//3940 3941//3941 3961//3961
f 3941//3941 3962//3962 3961//3961
f 3941//3941 3942//3942 3962//3962
f 3942//3942 3963//3963 3962//3962
f 3942//3942 3943//3943 3963//3963
f 3943//3943 3964//3964 3963//3963
f 3943//3943 3944//3944 3964//3964
f 3944//3944 3965//3965 3964//3964
f 3944//3944 3945//3945 3965//3965
f 3945//3945 3966//3966 3965//3965
f 3945//3945 3946//3946 3966//3966
f 3946//3946 3967//3967 3966//3966
f 3946//3946 3947//3947 3967//3967
f 3947//3947 3968//3968 3967//3967
f 3947//3947 3948//3948 3968//3968
f 3948//3948 3969//3969 3968//3968
f 3948//3948 3949//3949 3969//3969
f 3949//3949 3970//3970 3969//3969
f 3949//3949 3950//3950 3970//3970
f 3950//3950 3971//3971 3970//3970
f 3950//3950 3951//3951 3971//3971
f 3951//3951 3972//3972 3971//3971
f 3951//3951 3952//3952 3972//3972
f 3952//3952 3973//3973 3972//3972
f 3952//3952 3953//3953 3973//3973
f 3953//3953 3974//3974 3973//3973
f 3953//3953 3954//3954 3974//3974
f 3954//3954 3975//3975 3974//3974
f 3954//3954 3955//3955 3975//3975
f 3955//3955 3976//3976 3975//3975
f 3955//3955 3956//3956 3976//3976
f 3956//3956 3977//3977 3976//3976
f 3956//3956 3957//3957 3977//3977
f 3957//3957 3978//3978 3977//3977
f 3958//3958 3959//3959 3979//3979
f 3959//3959 3980//3980 3979//3979
f 3959//3959 3960//3960 3980//3980
f 3960//3960 3981//3981 3980//3980
f 3960//3960 3961//3961 3981//3981
f 3961//3961 3982//3982 3981//3981
f 3961//3961 3962//3962 3982//3982
f 3962//3962 3983//3983 3982//3982
f 3962//3962 3963//3963 3983//3983
f 3963//3963 3984//3984 3983//3983
f 3963//3963 3964//3964 3984//3984
f 3964//3964 3985//3985 3984//3984
f 3964//3964 3965//3965 3985//3985
f 3965//3965 3986//3986 3985//3985
f 3965//3965 3966//3966 3986//3986
f 3966//3966 3987//3987 3986//3986
f 3966//3966 3967//3967 3987//3987
f 3967//3967 3988//3988 3987//3987
f 3967//3967 3968//3968 3988//3988
f 3968//3968 3989//3989 3988//3988
f 3968//3968 3969//3969 3989//3989
f 3969//3969 3990//3990 3989//3989
f 3969//3969 3970//3970 3990//3990
f 3970//3970 3991//3991 3990//3990
f 3970//3970 3971//3971 3991//3991
f 3971//3971 3992//3992 3991//3991
f 3971//3971 3972//3972 3992//3992
f 3972//3972 3993//3993 3992//3992
f 3972//3972 3973//3973 3993//3993
f 3973//3973 3994//3994 3993//3993
f 3973//3973 3974//3974 3994//3994
f 3974//3974 3995//3995 3994//3994
f 3974//3974 3975//3975 3995//3995
f 3975//3975 3996//3996 3995//3995
f 3975//3975 3976//3976 3996//3996
f 3976//3976 3997//3997 3996//3996
f 3976//3976 3977//3977 3997//3997
f 3977//3977 3998//3998 3997//3997
f 3977//3977 3978//3978 3998//3998
f 3978//3978 3999//3999 3998//3998
f 3979//3979 3980//3980 4000//4000
f 3980//3980 4001//4001 4000//4000
f 3980//3980 3981//3981 4001//4001
f 3981//3981 4002//4002 4001//4001
f 3981//3981 3982//3982 4002//4002
f 3982//3982 4003//4003 4002//4002
f 3982//3982 3983//3983 4003//4003
f 3983//3983 4004//4004 4003//4003
f 3983//3983 3984//3984 4004//4004
f 3984//3984 4005//4005 4004//4004
f 3984//3984 3985//3985 4005//4005
f 3985//3985 4006//4006 4005//4005
f 3985//3985 3986//3986 4006//4006
f 3986//3986 4007//4007 4006//4006
f 3986//3986 3987//3987 4007//4007
f 3987//3987 4008//4008 4007//4007
f 3987//3987 3988//3988 4008//4008
f 3988//3988 4009//4009 4008//4008
f 3988//3988 3989//3989 4009//4009
f 3989//3989 4010//4010 4009//4009
f 3989//3989 3990//3990 4010//4010
f 3990//3990 4011//4011 4010//4010
f 3990//3990 3991//3991 4011//4011
f 3991//3991 4012//4012 4011//4011
f 3991//3991 3992//3992 4012//4012
f 3992//3992 4013//4013 4012//4012
f 3992//3992 3993//3993 4013//4013
f 3993//3993 4014//4014 4013//4013
f 3993//3993 3994//3994 4014//4014
f 3994//3994 4015//4015 4014//4014
f 3994//3994 3995//3995 4015//4015
f 3995//3995 4016//4016 4015//4015
f 3995//3995 3996//3996 4016//4016
f 3996//3996 4017//4017 4016//4016
f 3996//3996 3997//3997 4017//4017
f 3997//3997 4018//4018 4017//4017
f 3997//3997 3998//3998 4018//4018
f 3998//3998 4019//4019 4018//4018
f 3998//3998 3999//3999 4019//4019
f 3999//3999 4020//4020 4019//4019
f 4021//4021 4022//4022 4042//4042
f 4022//4022 4043//4043 4042//4042
f 4022//4022 4023//4023 4043//4043
f 4023//4023 4044//4044 4043//4043
f 4023//4023 4024//4024 4044//4044
f 4024//4024 4045//4045 4044//4044
f 4024//4024 4025//4025 4045//4045
f 4025//4025 4046//4046 4045//4045
f 4025//4025 4026//4026 4046//4046
f 4026//4026 4047//4047 4046//4046
f 4026//4026 4027//4027 4047//4047
f 4027//4027 4048//4048 4047//4047
f 4027//4027 4028//4028 4048//4048
f 4028//4028 4049//4049 4048//4048
f 4028//4028 4029//4029 4049//4049
f 4029//4029 4050//4050 4049//4049
f 4029//4029 4030//4030 4050//4050
f 4030//4030 4051//4051 4050//4050
f 4030//4030 4031//4031 4051//4051
f 4031//4031 4052//4052 4051//4051
f 4031//4031 4032//4032 4052//4052
f 4032//4032 4053//4053 4052//4052
f 4032//4032 4033//4033 4053//4053
f 4033//4033 4054//4054 4053//4053
f 4033//4033 4034//4034 4054//4054
f 4034//4034 4055//4055 4054//4054
f 4034//4034 4035//4035 4055//4055
f 4035//4035 4056//4056 4055//4055
f 4035//4035 4036//4036 4056//4056
f 4036//4036 4057//4057 4056//4056
f 4036//4036 4037//4037 4057//4057
f 4037//4037 4058//4058 4057//4057
f 4037//4037 4038//4038 4058//4058
f 4038//4038 4059//4059 4058//4058
f 4038//4038 4039//4039 4059//4059
f 4039//4039 4060//4060 4059//4059
f 4039//4039 4040//4040 4060//4060
f 4040//4040 4061//4061 4060//4060
f 4040//4040 4041//4041 4061//4061
f 4041//4041 4062//4062 4061//4061
f 4042//4042 4043//4043 4063//4063
f 4043//4043 4064//4064 4063//4063
f 4043//4043 4044//4044 4064//4064
f 4044//4044 4065//4065 4064//4064
f 4044//4044 4045//4045 4065//4065
f 4045//4045 4066//4066 4065//4065
f 4045//4045 4046//4046 4066//4066
f 4046//4046 4067//4067 4066//4066
f 4046//4046 4047//4047 4067//4067
f 4047//4047 4068//4068 4067//4067
f 4047//4047 4048//4048 4068//4068
f 4048//4048 4069//4069 4068//4068
f 4048//4048 4049//4049 4069//4069
f 4049//4049 4070//4070 4069//4069
f 4049//4049 4050//4050 4070//4070
f 4050//4050 4071//4071 4070//4070
f 4050//4050 4051//4051 4071//4071
f 4051//4051 4072//4072 4071//4071
f 4051//4051 4052//4052 4072//4072
f 4052//4052 4073//4073 4072//4072
f 4052//4052 4053//4053 4073//4073
f 4053//4053 4074//4074 4073//4073
f 4053//4053 4054//4054 4074//4074
f 4054//4054 4075//4075 4074//4074
f 4054//4054 4055//4055 4075//4075
f 4055//4055 4076//4076 4075//4075
f 4055//4055 4056//4056 4076//4076
f 4056//4056 4077//4077 4076//4076
f 4056//4056 4057//4057 4077//4077
f 4057//4057 4078//4078 4077//4077
f 4057//4057 4058//4058 4078//4078
f 4058//4058 4079//4079 4078//4078
f 4058//4058 4059//4059 4079//4079
f 4059//4059 4080//4080 4079//4079
f 4059//4059 4060//4060 4080//4080
f 4060//4060 4081//4081 4080//4080
f 4060//4060 4061//4061 4081//4081
f 4061//4061 4082//4082 4081//4081
f 4061//4061 4062//4062 4082//4082
f 4062//4062 4083//4083 4082//4082
f 4063//4063 4064//4064 4084//4084
f 4064//4064 4085//4085 4084//4084
f 4064//4064 4065//4065 4085//4085
f 4065//4065 4086//4086 4085//4085
f 4065//4065 4066//4066 4086//4086
f 4066//4066 4087//4087 4086//4086
f 4066//4066 4067//4067 4087//4087
f 4067//4067 4088//4088 4087//4087
f 4067//4067 4068//4068 4088//4088
f 4068//4068 4089//4089 4088//4088
f 4068//4068 4069//4069 4089//4089
f 4069//4069 4090//4090 4089//4089
f 4069//4069 4070//4070 4090//4090
f 4070//4070 4091//4091 4090//4090
f 4070//4070 4071//4071 4091//4091
f 4071//4071 4092//4092 4091//4091
f 4071//4071 4072//4072 4092//4092
f 4072//4072 4093//4093 4092//4092
f 4072//4072 4073//4073 4093//4093
f 4073//4073 4094//4094 4093//4093
f 4073//4073 4074//4074 4094//4094
f 4074//4074 4095//4095 4094//4094
f 4074//4074 4075//4075 4095//4095
f 4075//4075 4096//4096 4095//4095
f 4075//4075 4076//4076 4096//4096
f 4076//4076 4097//4097 4096//4096
f 4076//4076 4077//4077 4097//4097
f 4077//4077 4098//4098 4097//4097
f 4077//4077 4078//4078 4098//4098
f 4078//4078 4099//4099 4098//4098
f 4078//4078 4079//4079 4099//4099
f 4079//4079 4100//4100 4099//4099
f 4079//4079 4080//4080 4100//4100
f 4080//4080 4101//4101 4100//4100
f 4080//4080 4081//4081 4101//4101
f 4081//4081 4102//4102 4101//4101
f 4081//4081 4082//4082 4102//4102
f 4082//4082 4103//4103 4102//4102
f 4082//4082 4083//4083 4103//4103
f 4083//4083 4104//4104 4103//4103
f 4084//4084 4085//4085 4105//4105
f 4085//4085 4106//4106 4105//4105
f 4085//4085 4086//4086 4106//4106
f 4086//4086 4107//4107 4106//4106
f 4086//4086 4087//4087 4107//4107
f 4087//4087 4108//4108 4107//4107
f 4087//4087 4088//4088 4108//4108
f 4088//4088 4109//4109 4108//4108
f 4088//4088 4089//4089 4109//4109
f 4089//4089 4110//4110 4109//4109
f 4089//4089 4090//4090 4110//4110
f 4090//4090 4111//4111 4110//4110
f 4090//4090 4091//4091 4111//4111
f 4091//4091 4112//4112 4111//4111
f 4091//4091 4092//4092 4112//4112
f 4092//4092 4113//4113 4112//4112
f 4092//4092 4093//4093 4113//4113
f 4093//4093 4114//4114 4113//4113
f 4093//4093 4094//4094 4114//4114
f 4094//4094 4115//4115 4114//4114
f 4094//4094 4095//4095 4115//4115
f 4095//4095 4116//4116 4115//4115
f 4095//4095 4096//4096 4116//4116
f 4096//4096 4117//4117 4116//4116
f 4096//4096 4097//4097 4117//4117
f 4097//4097 4118//4118 4117//4117
f 4097//4097 4098//4098 4118//4118
f 4098//4098 4119//4119 4118//4118
f 4098//4098 4099//4099 4119//4119
f 4099//4099 4120//4120 4119//4119
f 4099//4099 4100//4100 4120//4120
f 4100//4100 4121//4121 4120//4120
f 4100//4100 4101//4101 4121//4121
f 4101//4101 4122//4122 4121//4121
f 4101//4101 4102//4102 4122//4122
f 4102//4102 4123//4123 4122//4122
f 4102//4102 4103//4103 4123//4123
f 4103//4103 4124//4124 4123//4123
f 4103//4103 4104//4104 4124//4124
f 4104//4104 4125//4125 4124//4124
f 4105//4105 4106//4106 4126//4126
f 4106//4106 4127//4127 4126//4126
f 4106//4106 4107//4107 4127//4127
f 4107//4107 4128//4128 4127//4127
f 4107//4107 4108//4108 4128//4128
f 4108//4108 4129//4129 4128//4128
f 4108//4108 4109//4109 4129//4129
f 4109//4109 4130//4130 4129//4129
f 4109//4109 4110//4110 4130//4130
f 4110//4110 4131//4131 4130//4130
f 4110//4110 4111//4111 4131//4131
f 4111//4111 4132//4132 4131//4131
f 4111//4111 4112//4112 4132//4132
f 4112//4112 4133//4133 4132//4132
f 4112//4112 4113//4113 4133//4133
f 4113//4113 4134//4134 4133//4133
f 4113//4113 4114//4114 4134//4134
f 4114//4114 4135//4135 4134//4134
f 4114//4114 4115//4115 4135//4135
f 4115//4115 4136//4136 4135//4135
f 4115//4115 4116//4116 4136//4136
f 4116//4116 4137//4137 4136//4136
f 4116//4116 4117//4117 4137//4137
f 4117//4117 4138//4138 4137//4137
f 4117//4117 4118//4118 4138//4138
f 4118//4118 4139//4139 4138//4138
f 4118//4118 4119//4119 4139//4139
f 4119//4119 4140//4140 4139//4139
f 4119//4119 4120//4120 4140//4140
f 4120//4120 4141//4141 4140//4140
f 4120//4120 4121//4121 4141//4141
f 4121//4121 4142//4142 4141//4141
f 4121//4121 4122//4122 4142//4142
f 4122//4122 4143//4143 4142//4142
f 4122//4122 4123//4123 4143//4143
f 4123//4123 4144//4144 4143//4143
f 4123//4123 4124//4124 4144//4144
f 4124//4124 4145//4145 4144//4144
f 4124//4124 4125//4125 4145//4145
f 4125//4125 4146//4146 4145//4145
f 4126//4126 4127//4127 4147//4147
f 4127//4127 4148//4148 4147//4147
f 4127//4127 4128//4128 4148//4148
f 4128//4128 4149//4149 4148//4148
f 4128//4128 4129//4129 4149//4149
f 4129//4129 4150//4150 4149//4149
f 4129//4129 4130//4130 4150//4150
f 4130//4130 4151//4151 4150//4150
f 4130//4130 4131//4131 4151//4151
f 4131//4131 4152//4152 4151//4151
f 4131//4131 4132//4132 4152//4152
f 4132//4132 4153//4153 4152//4152
f 4132//4132 4133//4133 4153//4153
f 4133//4133 4154//4154 4153//4153
f 4133//4133 4134//4134 4154//4154
f 4134//4134 4155//4155 4154//4154
f 4134//4134 4135//4135 4155//4155
f 4135//4135 4156//4156 4155//4155
f 4135//4135 4136//4136 4156//4156
f 4136//4136 4157//4157 4156//4156
f 4136//4136 4137//4137 4157//4157
f 4137//4137 4158//4158 4157//4157
f 4137//4137 4138//4138 4158//4158
f 4138//4138 4159//4159 4158//4158
f 4138//4138 4139//4139 4159//4159
f 4139//4139 4160//4160 4159//4159
f 4139//4139 4140//4140 4160//4160
f 4140//4140 4161//4161 4160//4160
f 4140//4140 4141//4141 4161//4161
f 4141//4141 4162//4162 4161//4161
f 4141//4141 4142//4142 4162//4162
f 4142//4142 4163//4163 4162//4162
f 4142//4142 4143//4143 4163//4163
f 4143//4143 4164//4164 4163//4163
f 4143//4143 4144//4144 4164//4164
f 4144//4144 4165//4165 4164//4164
f 4144//4144 4145//4145 4165//4165
f 4145//4145 4166//4166 4165//4165
f 4145//4145 4146//4146 4166//4166
f 4146//4146 4167//4167 4166//4166
f 4147//4147 4148//4148 4168//4168
f 4148//4148 4169//4169 4168//4168
f 4148//4148 4149//4149 4169//4169
f 4149//4149 4170//4170 4169//4169
f 4149//4149 4150//4150 4170//4170
f 4150//4150 4171//4171 4170//4170
f 4150//4150 4151//4151 4171//4171
f 4151//4151 4172//4172 4171//4171
f 4151//4151 4152//4152 4172//4172
f 4152//4152 4173//4173 4172//4172
f 4152//4152 4153//4153 4173//4173
f 4153//4153 4174//4174 4173//4173
f 4153//4153 4154//4154 4174//4174
f 4154//4154 4175//4175 4174//4174
f 4154//4154 4155//4155 4175//4175
f 4155//4155 4176//4176 4175//4175
f 4155//4155 4156//4156 4176//4176
f 4156//4156 4177//4177 4176//4176
f 4156//4156 4157//4157 4177//4177
f 4157//4157 4178//4178 4177//4177
f 4157//4157 4158//4158 4178//4178
f 4158//4158 4179//4179 4178//4178
f 4158//4158 4159//4159 4179//4179
f 4159//4159 4180//4180 4179//4179
f 4159//4159 4160//4160 4180//4180
f 4160//4160 4181//4181 4180//4180
f 4160//4160 4161//4161 4181//4181
f 4161//4161 4182//4182 4181//4181
f 4161//4161 4162//4162 4182//4182
f 4162//4162 4183//4183 4182//4182
f 4162//4162 4163//4163 4183//4183
f 4163//4163 4184//4184 4183//4183
f 4163//4163 4164//4164 4184//4184
f 4164//4164 4185//4185 4184//4184
f 4164//4164 4165//4165 4185//4185
f 4165//4165 4186//4186 4185//4185
f 4165//4165 4166//4166 4186//4186
f 4166//4166 4187//4187 4186//4186
f 4166//4166 4167//4167 4187//4187
f 4167//4167 4188//4188 4187//4187
f 4168//4168 4169//4169 4189//4189
f 4169//4169 4190//4190 4189//4189
f 4169//4169 4170//4170 4190//4190
f 4170//4170 4191//4191 4190//4190
f 4170//4170 4171//4171 4191//4191
f 4171//4171 4192//4192 4191//4191
f 4171//4171 4172//4172 4192//4192
f 4172//4172 4193//4193 4192//4192
f 4172//4172 4173//4173 4193//4193
f 4173//4173 4194//4194 4193//4193
f 4173//4173 4174//4174 4194//4194
f 4174//4174 4195//4195 4194//4194
f 4174//4174 4175//4175 4195//4195
f 4175//4175 4196//4196 4195//4195
f 4175//4175 4176//4176 4196//4196
f 4176//4176 4197//4197 4196//4196
f 4176//4176 4177//4177 4197//4197
f 4177//4177 4198//4198 4197//4197
f 4177//4177 4178//4178 4198//4198
f 4178//4178 4199//4199 4198//4198
f 4178//4178 4179//4179 4199//4199
f 4179//4179 4200//4200 4199//4199
f 4179//4179 4180//4180 4200//4200
f 4180//4180 4201//4201 4200//4200
f 4180//4180 4181//4181 4201//4201
f 4181//4181 4202//4202 4201//4201
f 4181//4181 4182//4182 4202//4202
f 4182//4182 4203//4203 4202//4202
f 4182//4182 4183//4183 4203//4203
f 4183//4183 4204//4204 4203//4203
f 4183//4183 4184//4184 4204//4204
f 4184//4184 4205//4205 4204//4204
f 4184//4184 4185//4185 4205//4205
f 4185//4185 4206//4206 4205//4205
f 4185//4185 4186//4186 4206//4206
f 4186//4186 4207//4207 4206//4206
f 4186//4186 4187//4187 4207//4207
f 4187//4187 4208//4208 4207//4207
f 4187//4187 4188//4188 4208//4208
f 4188//4188 4209//4209 4208//4208
f 4189//4189 4190//4190 4210//4210
f 4190//4190 4211//4211 4210//4210
f 4190//4190 4191//4191 4211//4211
f 4191//4191 4212//4212 4211//4211
f 4191//4191 4192//4192 4212//4212
f 4192//4192 4213//4213 4212//4212
f 4192//4192 4193//4193 4213//4213
f 4193//4193 4214//4214 4213//4213
f 4193//4193 4194//4194 4214//4214
f 4194//4194 4215//4215 4214//4214
f 4194//4194 4195//4195 4215//4215
f 4195//4195 4216//4216 4215//4215
f 4195//4195 4196//4196 4216//4216
f 4196//4196 4217//4217 4216//4216
f 4196//4196 4197//4197 4217//4217
f 4197//4197 4218//4218 4217//4217
f 4197//4197 4198//4198 4218//4218
f 4198//4198 4219//4219 4218//4218
f 4198//4198 4199//4199 4219//4219
f 4199//4199 4220//4220 4219//4219
f 4199//4199 4200//4200 4220//4220
f 4200//4200 4221//4221 4220//4220
f 4200//4200 4201//4201 4221//4221
f 4201//4201 4222//4222 4221//4221
f 4201//4201 4202//4202 4222//4222
f 4202//4202 4223//4223 4222//4222
f 4202//4202 4203//4203 4223//4223
f 4203//4203 4224//4224 4223//4223
f 4203//4203 4204//4204 4224//4224
f 4204//4204 4225//4225 4224//4224
f 4204//4204 4205//4205 4225//4225
f 4205//4205 4226//4226 4225//4225
f 4205//4205 4206//4206 4226//4226
f 4206//4206 4227//4227 4226//4226
f 4206//4206 4207//4207 4227//4227
f 4207//4207 4228//4228 4227//4227
f 4207//4207 4208//4208 4228//4228
f 4208//4208 4229//4229 4228//4228
f 4208//4208 4209//4209 4229//4229
f 4209//4209 4230//4230 4229//4229
f 4210//4210 4211//4211 4231//4231
f 4211//4211 4232//4232 4231//4231
f 4211//4211 4212//4212 4232//4232
f 4212//4212 4233//4233 4232//4232
f 4212//4212 4213//4213 4233//4233
f 4213//4213 4234//4234 4233//4233
f 4213//4213 4214//4214 4234//4234
f 4214//4214 4235//4235 4234//4234
f 4214//4214 4215//4215 4235//4235
f 4215//4215 4236//4236 4235//4235
f 4215//4215 4216//4216 4236//4236
f 4216//4216 4237//4237 4236//4236
f 4216//4216 4217//4217 4237//4237
f 4217//4217 4238//4238 4237//4237
f 4217//4217 4218//4218 4238//4238
f 4218//4218 4239//4239 4238//4238
f 4218//4218 4219//4219 4239//4239
f 4219//4219 4240//4240 4239//4239
f 4219//4219 4220//4220 4240//4240
f 4220//4220 4241//4241 4240//4240
f 4220//4220 4221//4221 4241//4241
f 4221//4221 4242//4242 4241//4241
f 4221//4221 4222//4222 4242//4242
f 4222//4222 4243//4243 4242//4242
f 4222//4222 4223//4223 4243//4243
f 4223//4223 4244//4244 4243//4243
f 4223//4223 4224//4224 4244//4244
f 4224//4224 4245//4245 4244//4244
f 4224//4224 4225//4225 4245//4245
f 4225//4225 4246//4246 4245//4245
f 4225//4225 4226//4226 4246//4246
f 4226//4226 4247//4247 4246//4246
f 4226//4226 4227//4227 4247//4247
f 4227//4227 4248//4248 4247//4247
f 4227//4227 4228//4228 4248//4248
f 4228//4228 4249//4249 4248//4248
f 4228//4228 4229//4229 4249//4249
f 4229//4229 4250//4250 4249//4249
f 4229//4229 4230//4230 4250//4250
f 4230//4230 4251//4251 4250//4250
f 4231//4231 4232//4232 4252//4252
f 4232//4232 4253//4253 4252//4252
f 4232//4232 4233//4233 4253//4253
f 4233//4233 4254//4254 4253//4253
f 4233//4233 4234//4234 4254//4254
f 4234//4234 4255//4255 4254//4254
f 4234//4234 4235//4235 4255//4255
f 4235//4235 4256//4256 4255//4255
f 4235//4235 4236//4236 4256//4256
f 4236//4236 4257//4257 4256//4256
f 4236//4236 4237//4237 4257//4257
f 4237//4237 4258//4258 4257//4257
f 4237//4237 4238//4238 4258//4258
f 4238//4238 4259//4259 4258//4258
f 4238//4238 4239//4239 4259//4259
f 4239//4239 4260//4260 4259//4259
f 4239//4239 4240//4240 4260//4260
f 4240//4240 4261//4261 4260//4260
f 4240//4240 4241//4241 4261//4261
f 4241//4241 4262//4262 4261//4261
f 4241//4241 4242//4242 4262//4262
f 4242//4242 4263//4263 4262//4262
f 4242//4242 4243//4243 4263//4263
f 4243//4243 4264//4264 4263//4263
f 4243//4243 4244//4244 4264//4264
f 4244//4244 4265//4265 4264//4264
f 4244//4244 4245//4245 4265//4265
f 4245//4245 4266//4266 4265//4265
f 4245//4245 4246//4246 4266//4266
f 4246//4246 4267//4267 4266//4266
f 4246//4246 4247//4247 4267//4267
f 4247//4247 4268//4268 4267//4267
f 4247//4247 4248//4248 4268//4268
f 4248//4248 4269//4269 4268//4268
f 4248//4248 4249//4249 4269//4269
f 4249//4249 4270//4270 4269//4269
f 4249//4249 4250//4250 4270//4270
f 4250//4250 4271//4271 4270//4270
f 4250//4250 4251//4251 4271//4271
f 4251//4251 4272//4272 4271//4271
f 4252//4252 4253//4253 4273//4273
f 4253//4253 4274//4274 4273//4273
f 4253//4253 4254//4254 4274//4274
f 4254//4254 4275//4275 4274//4274
f 4254//4254 4255//4255 4275//4275
f 4255//4255 4276//4276 4275//4275
f 4255//4255 4256//4256 4276//4276
f 4256//4256 4277//4277 4276//4276
f 4256//4256 4257//4257 4277//4277
f 4257//4257 4278//4278 4277//4277
f 4257//4257 4258//4258 4278//4278
f 4258//4258 4279//4279 4278//4278
f 4258//4258 4259//4259 4279//4279
f 4259//4259 4280//4280 4279//4279
f 4259//4259 4260//4260 4280//4280
f 4260//4260 4281//4281 4280//4280
f 4260//4260 4261//4261 4281//4281
f 4261//4261 4282//4282 4281//4281
f 4261//4261 4262//4262 4282//4282
f 4262//4262 4283//4283 4282//4282
f 4262//4262 4263//4263 4283//4283
f 4263//4263 4284//4284 4283//4283
f 4263//4263 4264//4264 4284//4284
f 4264//4264 4285//4285 4284//4284
f 4264//4264 4265//4265 4285//4285
f 4265//4265 4286//4286 4285//4285
f 4265//4265 4266//4266 4286//4286
f 4266//4266 4287//4287 4286//4286
f 4266//4266 4267//4267 4287//4287
f 4267//4267 4288//4288 4287//4287
f 4267//4267 4268//4268 4288//4288
f 4268//4268 4289//4289 4288//4288
f 4268//4268 4269//4269 4289//4289
f 4269//4269 4290//4290 4289//4289
f 4269//4269 4270//4270 4290//4290
f 4270//4270 4291//4291 4290//4290
f 4270//4270 4271//4271 4291//4291
f 4271//4271 4292//4292 4291//4291
f 4271//4271 4272//4272 4292//4292
f 4272//4272 4293//4293 4292//4292
f 4294//4294 4295//4295 4315//4315
f 4295//4295 4316//4316 4315//4315
f 4295//4295 4296//4296 4316//4316
f 4296//4296 4317//4317 4316//4316
f 4296//4296 4297//4297 4317//4317
f 4297//4297 4318//4318 4317//4317
f 4297//4297 4298//4298 4318//4318
f 4298//4298 4319//4319 4318//4318
f 4298//4298 4299//4299 4319//4319
f 4299//4299 4320//4320 4319//4319
f 4299//4299 4300//4300 4320//4320
f 4300//4300 4321//4321 4320//4320
f 4300//4300 4301//4301 4321//4321
f 4301//4301 4322//4322 4321//4321
f 4301//4301 4302//4302 4322//4322
f 4302//4302 4323//4323 4322//4322
f 4302//4302 4303//4303 4323//4323
f 4303//4303 4324//4324 4323//4323
f 4303//4303 4304//4304 4324//4324
f 4304//4304 4325//4325 4324//4324
f 4304//4304 4305//4305 4325//4325
f 4305//4305 4326//4326 4325//4325
f 4305//4305 4306//4306 4326//4326
f 4306//4306 4327//4327 4326//4326
f 4306//4306 4307//4307 4327//4327
f 4307//4307 4328//4328 4327//4327
f 4307//4307 4308//4308 4328//4328
f 4308//4308 4329//4329 4328//4328
f 4308//4308 4309//4309 4329//4329
f 4309//4309 4330//4330 4329//4329
f 4309//4309 4310//4310 4330//4330
f 4310//4310 4331//4331 4330//4330
f 4310//4310 4311//4311 4331//4331
f 4311//4311 4332//4332 4331//4331
f 4311//4311 4312//4312 4332//4332
f 4312//4312 4333//4333 4332//4332
f 4312//4312 4313//4313 4333//4333
f 4313//4313 4334//4334 4333//4333
f 4313//4313 4314//4314 4334//4334
f 4314//4314 4335//4335 4334//4334
f 4315//4315 4316//4316 4336//4336
f 4316//4316 4337//4337 4336//4336
f 4316//4316 4317//4317 4337//4337
f 4317//4317 4338//4338 4337//4337
f 4317//4317 4318//4318 4338//4338
f 4318//4318 4339//4339 4338//4338
f 4318//4318 4319//4319 4339//4339
f 4319//4319 4340//4340 4339//4339
f 4319//4319 4320//4320 4340//4340
f 4320//4320 4341//4341 4340//4340
f 4320//4320 4321//4321 4341//4341
f 4321//4321 4342//4342 4341//4341
f 4321//4321 4322//4322 4342//4342
f 4322//4322 4343//4343 4342//4342
f 4322//4322 4323//4323 4343//4343
f 4323//4323 4344//4344 4343//4343
f 4323//4323 4324//4324 4344//4344
f 4324//4324 4345//4345 4344//4344
f 4324//4324 4325//4325 4345//4345
f 4325//4325 4346//4346 4345//4345
f 4325//4325 4326//4326 4346//4346
f 4326//4326 4347//4347 4346//4346
f 4326//4326 4327//4327 4347//4347
f 4327//4327 4348//4348 4347//4347
f 4327//4327 4328//4328 4348//4348
f 4328//4328 4349//4349 4348//4348
f 4328//4328 4329//4329 4349//4349
f 4329//4329 4350//4350 4349//4349
f 4329//4329 4330//4330 4350//4350
f 4330//4330 4351//4351 4350//4350
f 4330//4330 4331//4331 4351//4351
f 4331//4331 4352//4352 4351//4351
f 4331//4331 4332//4332 4352//4352
f 4332//4332 4353//4353 4352//4352
f 4332//4332 4333//4333 4353//4353
f 4333//4333 4354//4354 4353//4353
f 4333//4333 4334//4334 4354//4354
f 4334//4334 4355//4355 4354//4354
f 4334//4334 4335//4335 4355//4355
f 4335//4335 4356//4356 4355//4355
f 4336//4336 4337//4337 4357//4357
f 4337//4337 4358//4358 4357//4357
f 4337//4337 4338//4338 4358//4358
f 4338//4338 4359//4359 4358//4358
f 4338//4338 4339//4339 4359//4359
f 4339//4339 4360//4360 4359//4359
f 4339//4339 4340//4340 4360//4360
f 4340//4340 4361//4361 4360//4360
f 4340//4340 4341//4341 4361//4361
f 4341//4341 4362//4362 4361//4361
f 4341//4341 4342//4342 4362//4362
f 4342//4342 4363//4363 4362//4362
f 4342//4342 4343//4343 4363//4363
f 4343//4343 4364//4364 4363//4363
f 4343//4343 4344//4344 4364//4364
f 4344//4344 4365//4365 4364//4364
f 4344//4344 4345//4345 4365//4365
f 4345//4345 4366//4366 4365//4365
f 4345//4345 4346//4346 4366//4366
f 4346//4346 4367//4367 4366//4366
f 4346//4346 4347//4347 4367//4367
f 4347//4347 4368//4368 4367//4367
f 4347//4347 4348//4348 4368//4368
f 4348//4348 4369//4369 4368//4368
f 4348//4348 4349//4349 4369//4369
f 4349//4349 4370//4370 4369//4369
f 4349//4349 4350//4350 4370//4370
f 4350//4350 4371//4371 4370//4370
f 4350//4350 4351//4351 4371//4371
f 4351//4351 4372//4372 4371//4371
f 4351//4351 4352//4352 4372//4372
f 4352//4352 4373//4373 4372//4372
f 4352//4352 4353//4353 4373//4373
f 4353//4353 4374//4374 4373//4373
f 4353//4353 4354//4354 4374//4374
f 4354//4354 4375//4375 4374//4374
f 4354//4354 4355//4355 4375//4375
f 4355//4355 4376//4376 4375//4375
f 4355//4355 4356//4356 4376//4376
f 4356//4356 4377//4377 4376//4376
f 4357//4357 4358//4358 4378//4378
f 4358//4358 4379//4379 4378//4378
f 4358//4358 4359//4359 4379//4379
f 4359//4359 4380//4380 4379//4379
f 4359//4359 4360//4360 4380//4380
f 4360//4360 4381//4381 4380//4380
f 4360//4360 4361//4361 4381//4381
f 4361//4361 4382//4382 4381//4381
f 4361//4361 4362//4362 4382//4382
f 4362//4362 4383//4383 4382//4382
f 4362//4362 4363//4363 4383//4383
f 4363//4363 4384//4384 4383//4383
f 4363//4363 4364//4364 4384//4384
f 4364//4364 4385//4385 4384//4384
f 4364//4364 4365//4365 4385//4385
f 4365//4365 4386//4386 4385//4385
f 4365//4365 4366//4366 4386//4386
f 4366//4366 4387//4387 4386//4386
f 4366//4366 4367//4367 4387//4387
f 4367//4367 4388//4388 4387//4387
f 4367//4367 4368//4368 4388//4388
f 4368//4368 4389//4389 4388//4388
f 4368//4368 4369//4369 4389//4389
f 4369//4369 4390//4390 4389//4389
f 4369//4369 4370//4370 4390//4390
f 4370//4370 4391//4391 4390//4390
f 4370//4370 4371//4371 4391//4391
f 4371//4371 4392//4392 4391//4391
f 4371//4371 4372//4372 4392//4392
f 4372//4372 4393//4393 4392//4392
f 4372//4372 4373//4373 4393//4393
f 4373//4373 4394//4394 4393//4393
f 4373//4373 4374//4374 4394//4394
f 4374//4374 4395//4395 4394//4394
f 4374//4374 4375//4375 4395//4395
f 4375//4375 4396//4396 4395//4395
f 4375//4375 4376//4376 4396//4396
f 4376//4376 4397//4397 4396//4396
f 4376//4376 4377//4377 4397//4397
f 4377//4377 4398//4398 4397//4397
f 4378//4378 4379//4379 4399//4399
f 4379//4379 4400//4400 4399//4399
f 4379//4379 4380//4380 4400//4400
f 4380//4380 4401//4401 4400//4400
f 4380//4380 4381//4381 4401//4401
f 4381//4381 4402//4402 4401//4401
f 4381//4381 4382//4382 4402//4402
f 4382//4382 4403//4403 4402//4402
f 4382//4382 4383//4383 4403//4403
f 4383//4383 4404//4404 4403//4403
f 4383//4383 4384//4384 4404//4404
f 4384//4384 4405//4405 4404//4404
f 4384//4384 4385//4385 4405//4405
f 4385//4385 4406//4406 4405//4405
f 4385//4385 4386//4386 4406//4406
f 4386//4386 4407//4407 4406//4406
f 4386//4386 4387//4387 4407//4407
f 4387//4387 4408//4408 4407//4407
f 4387//4387 4388//4388 4408//4408
f 4388//4388 4409//4409 4408//4408
f 4388//4388 4389//4389 4409//4409
f 4389//4389 4410//4410 4409//4409
f 4389//4389 4390//4390 4410//4410
f 4390//4390 4411//4411 4410//4410
f 4390//4390 4391//4391 4411//4411
f 4391//4391 4412//4412 4411//4411
f 4391//4391 4392//4392 4412//4412
f 4392//4392 4413//4413 4412//4412
f 4392//4392 4393//4393 4413//4413
f 4393//4393 4414//4414 4413//4413
f 4393//4393 4394//4394 4414//4414
f 4394//4394 4415//4415 4414//4414
f 4394//4394 4395//4395 4415//4415
f 4395//4395 4416//4416 4415//4415
f 4395//4395 4396//4396 4416//4416
f 4396//4396 4417//4417 4416//4416
f 4396//4396 4397//4397 4417//4417
f 4397//4397 4418//4418 4417//4417
f 4397//4397 4398//4398 4418//4418
f 4398//4398 4419//4419 4418//4418
f 4399//4399 4400//4400 4420//4420
f 4400//4400 4421//4421 4420//4420
f 4400//4400 4401//4401 4421//4421
f 4401//4401 4422//4422 4421//4421
f 4401//4401 4402//4402 4422//4422
f 4402//4402 4423//4423 4422//4422
f 4402//4402 4403//4403 4423//4423
f 4403//4403 4424//4424 4423//4423
f 4403//4403 4404//4404 4424//4424
f 4404//4404 4425//4425 4424//4424
f 4404//4404 4405//4405 4425//4425
f 4405//4405 4426//4426 4425//4425
f 4405//4405 4406//4406 4426//4426
f 4406//4406 4427//4427 4426//4426
f 4406//4406 4407//4407 4427//4427
f 4407//4407 4428//4428 4427//4427
f 4407//4407 4408//4408 4428//4428
f 4408//4408 4429//4429 4428//4428
f 4408//4408 4409//4409 4429//4429
f 4409//4409 4430//4430 4429//4429
f 4409//4409 4410//4410 4430//4430
f 4410//4410 4431//4431 4430//4430
f 4410//4410 4411//4411 4431//4431
f 4411//4411 4432//4432 4431//4431
f 4411//4411 4412//4412 4432//4432
f 4412//4412 4433//4433 4432//4432
f 4412//4412 4413//4413 4433//4433
f 4413//4413 4434//4434 4433//4433
f 4413//4413 4414//4414 4434//4434
f 4414//4414 4435//4435 4434//4434
f 4414//4414 4415//4415 4435//4435
f 4415//4415 4436//4436 4435//4435
f 4415//4415 4416//4416 4436//4436
f 4416//4416 4437//4437 4436//4436
f 4416//4416 4417//4417 4437//4437
f 4417//4417 4438//4438 4437//4437
f 4417//4417 4418//4418 4438//4438
f 4418//4418 4439//4439 4438//4438
f 4418//4418 4419//4419 4439//4439
f 4419//4419 4440//4440 4439//4439
f 4420//4420 4421//4421 4441//4441
f 4421//4421 4442//4442 4441//4441
f 4421//4421 4422//4422 4442//4442
f 4422//4422 4443//4443 4442//4442
f 4422//4422 4423//4423 4443//4443
f 4423//4423 4444//4444 4443//4443
f 4423//4423 4424//4424 4444//4444
f 4424//4424 4445//4445 4444//4444
f 4424//4424 4425//4425 4445//4445
f 4425//4425 4446//4446 4445//4445
f 4425//4425 4426//4426 4446//4446
f 4426//4426 4447//4447 4446//4446
f 4426//4426 4427//4427 4447//4447
f 4427//4427 4448//4448 4447//4447
f 4427//4427 4428//4428 4448//4448
f 4428//4428 4449//4449 4448//4448
f 4428//4428 4429//4429 4449//4449
f 4429//4429 4450//4450 4449//4449
f 4429//4429 4430//4430 4450//4450
f 4430//4430 4451//4451 4450//4450
f 4430//4430 4431//4431 4451//4451
f 4431//4431 4452//4452 4451//4451
f 4431//4431 4432//4432 4452//4452
f 4432//4432 4453//4453 4452//4452
f 4432//4432 4433//4433 4453//4453
f 4433//4433 4454//4454 4453//4453
f 4433//4433 4434//4434 4454//4454
f 4434//4434 4455//4455 4454//4454
f 4434//4434 4435//4435 4455//4455
f 4435//4435 4456//4456 4455//4455
f 4435//4435 4436//4436 4456//4456
f 4436//4436 4457//4457 4456//4456
f 4436//4436 4437//4437 4457//4457
f 4437//4437 4458//4458 4457//4457
f 4437//4437 4438//4438 4458//4458
f 4438//4438 4459//4459 4458//4458
f 4438//4438 4439//4439 4459//4459
f 4439//4439 4460//4460 4459//4459
f 4439//4439 4440//4440 4460//4460
f 4440//4440 4461//4461 4460//4460
f 4441//4441 4442//4442 4462//4462
f 4442//4442 4463//4463 4462//4462
f 4442//4442 4443//4443 4463//4463
f 4443//4443 4464//4464 4463//4463
f 4443//4443 4444//4444 4464//4464
f 4444//4444 4465//4465 4464//4464
f 4444//4444 4445//4445 4465//4465
f 4445//4445 4466//4466 4465//4465
f 4445//4445 4446//4446 4466//4466
f 4446//4446 4467//4467 4466//4466
f 4446//4446 4447//4447 4467//4467
f 4447//4447 4468//4468 4467//4467
f 4447//4447 4448//4448 4468//4468
f 4448//4448 4469//4469 4468//4468
f 4448//4448 4449//4449 4469//4469
f 4449//4449 4470//4470 4469//4469
f 4449//4449 4450//4450 4470//4470
f 4450//4450 4471//4471 4470//4470
f 4450//4450 4451//4451 4471//4471
f 4451//4451 4472//4472 4471//4471
f 4451//4451 4452//4452 4472//4472
f 4452//4452 4473//4473 4472//4472
f 4452//4452 4453//4453 4473//4473
f 4453//4453 4474//4474 4473//4473
f 4453//4453 4454//4454 4474//4474
f 4454//4454 4475//4475 4474//4474
f 4454//4454 4455//4455 4475//4475
f 4455//4455 4476//4476 4475//4475
f 4455//4455 4456//4456 4476//4476
f 4456//4456 4477//4477 4476//4476
f 4456//4456 4457//4457 4477//4477
f 4457//4457 4478//4478 4477//4477
f 4457//4457 4458//4458 4478//4478
f 4458//4458 4479//4479 4478//4478
f 4458//4458 4459//4459 4479//4479
f 4459//4459 4480//4480 4479//4479
f 4459//4459 4460//4460 4480//4480
f 4460//4460 4481//4481 4480//4480
f 4460//4460 4461//4461 4481//4481
f 4461//4461 4482//4482 4481//4481
f 4462//4462 4463//4463 4483//4483
f 4463//4463 4484//4484 4483//4483
f 4463//4463 4464//4464 4484//4484
f 4464//4464 4485//4485 4484//4484
f 4464//4464 4465//4465 4485//4485
f 4465//4465 4486//4486 4485//4485
f 4465//4465 4466//4466 4486//4486
f 4466//4466 4487//4487 4486//4486
f 4466//4466 4467//4467 4487//4487
f 4467//4467 4488//4488 4487//4487
f 4467//4467 4468//4468 4488//4488
f 4468//4468 4489//4489 4488//4488
f 4468//4468 4469//4469 4489//4489
f 4469//4469 4490//4490 4489//4489
f 4469//4469 4470//4470 4490//4490
f 4470//4470 4491//4491 4490//4490
f 4470//4470 4471//4471 4491//4491
f 4471//4471 4492//4492 4491//4491
f 4471//4471 4472//4472 4492//4492
f 4472//4472 4493//4493 4492//4492
f 4472//4472 4473//4473 4493//4493
f 4473//4473 4494//4494 4493//4493
f 4473//4473 4474//4474 4494//4494
f 4474//4474 4495//4495 4494//4494
f 4474//4474 4475//4475 4495//4495
f 4475//4475 4496//4496 4495//4495
f 4475//4475 4476//4476 4496//4496
f 4476//4476 4497//4497 4496//4496
f 4476//4476 4477//4477 4497//4497
f 4477//4477 4498//4498 4497//4497
f 4477//4477 4478//4478 4498//4498
f 4478//4478 4499//4499 4498//4498
f 4478//4478 4479//4479 4499//4499
f 4479//4479 4500//4500 4499//4499
f 4479//4479 4480//4480 4500//4500
f 4480//4480 4501//4501 4500//4500
f 4480//4480 4481//4481 4501//4501
f 4481//4481 4502//4502 4501//4501
f 4481//4481 4482//4482 4502//4502
f 4482//4482 4503//4503 4502//4502
f 4483//4483 4484//4484 4504//4504
f 4484//4484 4505//4505 4504//4504
f 4484//4484 4485//4485 4505//4505
f 4485//4485 4506//4506 4505//4505
f 4485//4485 4486//4486 4506//4506
f 4486//4486 4507//4507 4506//4506
f 4486//4486 4487//4487 4507//4507
f 4487//4487 4508//4508 4507//4507
f 4487//4487 4488//4488 4508//4508
f 4488//4488 4509//4509 4508//4508
f 4488//4488 4489//4489 4509//4509
f 4489//4489 4510//4510 4509//4509
f 4489//4489 4490//4490 4510//4510
f 4490//4490 4511//4511 4510//4510
f 4490//4490 4491//4491 4511//4511
f 4491//4491 4512//4512 4511//4511
f 4491//4491 4492//4492 4512//4512
f 4492//4492 4513//4513 4512//4512
f 4492//4492 4493//4493 4513//4513
f 4493//4493 4514//4514 4513//4513
f 4493//4493 4494//4494 4514//4514
f 4494//4494 4515//4515 4514//4514
f 4494//4494 4495//4495 4515//4515
f 4495//4495 4516//4516 4515//4515
f 4495//4495 4496//4496 4516//4516
f 4496//4496 4517//4517 4516//4516
f 4496//4496 4497//4497 4517//4517
f 4497//4497 4518//4518 4517//4517
f 4497//4497 4498//4498 4518//4518
f 4498//4498 4519//4519 4518//4518
f 4498//4498 4499//4499 4519//4519
f 4499//4499 4520//4520 4519//4519
f 4499//4499 4500//4500 4520//4520
f 4500//4500 4521//4521 4520//4520
f 4500//4500 4501//4501 4521//4521
f 4501//4501 4522//4522 4521//4521
f 4501//4501 4502//4502 4522//4522
f 4502//4502 4523//4523 4522//4522
f 4502//4502 4503//4503 4523//4523
f 4503//4503 4524//4524 4523//4523
f 4504//4504 4505//4505 4525//4525
f 4505//4505 4526//4526 4525//4525
f 4505//4505 4506//4506 4526//4526
f 4506//4506 4527//4527 4526//4526
f 4506//4506 4507//4507 4527//4527
f 4507//4507 4528//4528 4527//4527
f 4507//4507 4508//4508 4528//4528
f 4508//4508 4529//4529 4528//4528
f 4508//4508 4509//4509 4529//4529
f 4509//4509 4530//4530 4529//4529
f 4509//4509 4510//4510 4530//4530
f 4510//4510 4531//4531 4530//4530
f 4510//4510 4511//4511 4531//4531
f 4511//4511 4532//4532 4531//4531
f 4511//4511 4512//4512 4532//4532
f 4512//4512 4533//4533 4532//4532
f 4512//4512 4513//4513 4533//4533
f 4513//4513 4534//4534 4533//4533
f 4513//4513 4514//4514 4534//4534
f 4514//4514 4535//4535 4534//4534
f 4514//4514 4515//4515 4535//4535
f 4515//4515 4536//4536 4535//4535
f 4515//4515 4516//4516 4536//4536
f 4516//4516 4537//4537 4536//4536
f 4516//4516 4517//4517 4537//4537
f 4517//4517 4538//4538 4537//4537
f 4517//4517 4518//4518 4538//4538
f 4518//4518 4539//4539 4538//4538
f 4518//4518 4519//4519 4539//4539
f 4519//4519 4540//4540 4539//4539
f 4519//4519 4520//4520 4540//4540
f 4520//4520 4541//4541 4540//4540
f 4520//4520 4521//4521 4541//4541
f 4521//4521 4542//4542 4541//4541
f 4521//4521 4522//4522 4542//4542
f 4522//4522 4543//4543 4542//4542
f 4522//4522 4523//4523 4543//4543
f 4523//4523 4544//4544 4543//4543
f 4523//4523 4524//4524 4544//4544
f 4524//4524 4545//4545 4544//4544
f 4525//4525 4526//4526 4546//4546
f 4526//4526 4547//4547 4546//4546
f 4526//4526 4527//4527 4547//4547
f 4527//4527 4548//4548 4547//4547
f 4527//4527 4528//4528 4548//4548
f 4528//4528 4549//4549 4548//4548
f 4528//4528 4529//4529 4549//4549
f 4529//4529 4550//4550 4549//4549
f 4529//4529 4530//4530 4550//4550
f 4530//4530 4551//4551 4550//4550
f 4530//4530 4531//4531 4551//4551
f 4531//4531 4552//4552 4551//4551
f 4531//4531 4532//4532 4552//4552
f 4532//4532 4553//4553 4552//4552
f 4532//4532 4533//4533 4553//4553
f 4533//4533 4554//4554 4553//4553
f 4533//4533 4534//4534 4554//4554
f 4534//4534 4555//4555 4554//4554
f 4534//4534 4535//4535 4555//4555
f 4535//4535 4556//4556 4555//4555
f 4535//4535 4536//4536 4556//4556
f 4536//4536 4557//4557 4556//4556
f 4536//4536 4537//4537 4557//4557
f 4537//4537 4558//4558 4557//4557
f 4537//4537 4538//4538 4558//4558
f 4538//4538 4559//4559 4558//4558
f 4538//4538 4539//4539 4559//4559
f 4539//4539 4560//4560 4559//4559
f 4539//4539 4540//4540 4560//4560
f 4540//4540 4561//4561 4560//4560
f 4540//4540 4541//4541 4561//4561
f 4541//4541 4562//4562 4561//4561
f 4541//4541 4542//4542 4562//4562
f 4542//4542 4563//4563 4562//4562
f 4542//4542 4543//4543 4563//4563
f 4543//4543 4564//4564 4563//4563
f 4543//4543 4544//4544 4564//4564
f 4544//4544 4565//4565 4564//4564
f 4544//4544 4545//4545 4565//4565
f 4545//4545 4566//4566 4565//4565
f 4567//4567 4568//4568 4588//4588
f 4568//4568 4589//4589 4588//4588
f 4568//4568 4569//4569 4589//4589
f 4569//4569 4590//4590 4589//4589
f 4569//4569 4570//4570 4590//4590
f 4570//4570 4591//4591 4590//4590
f 4570//4570 4571//4571 4591//4591
f 4571//4571 4592//4592 4591//4591
f 4571//4571 4572//4572 4592//4592
f 4572//4572 4593//4593 4592//4592
f 4572//4572 4573//4573 4593//4593
f 4573//4573 4594//4594 4593//4593
f 4573//4573 4574//4574 4594//4594
f 4574//4574 4595//4595 4594//4594
f 4574//4574 4575//4575 4595//4595
f 4575//4575 4596//4596 4595//4595
f 4575//4575 4576//4576 4596//4596
f 4576//4576 4597//4597 4596//4596
f 4576//4576 4577//4577 4597//4597
f 4577//4577 4598//4598 4597//4597
f 4577//4577 4578//4578 4598//4598
f 4578//4578 4599//4599 4598//4598
f 4578//4578 4579//4579 4599//4599
f 4579//4579 4600//4600 4599//4599
f 4579//4579 4580//4580 4600//4600
f 4580//4580 4601//4601 4600//4600
f 4580//4580 4581//4581 4601//4601
f 4581//4581 4602//4602 4601//4601
f 4581//4581 4582//4582 4602//4602
f 4582//4582 4603//4603 4602//4602
f 4582//4582 4583//4583 4603//4603
f 4583//4583 4604//4604 4603//4603
f 4583//4583 4584//4584 4604//4604
f 4584//4584 4605//4605 4604//4604
f 4584//4584 4585//4585 4605//4605
f 4585//4585 4606//4606 4605//4605
f 4585//4585 4586//4586 4606//4606
f 4586//4586 4607//4607 4606//4606
f 4586//4586 4587//4587 4607//4607
f 4587//4587 4608//4608 4607//4607
f 4588//4588 4589//4589 4609//4609
f 4589//4589 4610//4610 4609//4609
f 4589//4589 4590//4590 4610//4610
f 4590//4590 4611//4611 4610//4610
f 4590//4590 4591//4591 4611//4611
f 4591//4591 4612//4612 4611//4611
f 4591//4591 4592//4592 4612//4612
f 4592//4592 4613//4613 4612//4612
f 4592//4592 4593//4593 4613//4613
f 4593//4593 4614//4614 4613//4613
f 4593//4593 4594//4594 4614//4614
f 4594//4594 4615//4615 4614//4614
f 4594//4594 4595//4595 4615//4615
f 4595//4595 4616//4616 4615//4615
f 4595//4595 4596//4596 4616//4616
f 4596//4596 4617//4617 4616//4616
f 4596//4596 4597//4597 4617//4617
f 4597//4597 4618//4618 4617//4617
f 4597//4597 4598//4598 4618//4618
f 4598//4598 4619//4619 4618//4618
f 4598//4598 4599//4599 4619//4619
f 4599//4599 4620//4620 4619//4619
f 4599//4599 4600//4600 4620//4620
f 4600//4600 4621//4621 4620//4620
f 4600//4600 4601//4601 4621//4621
f 4601//4601 4622//4622 4621//4621
f 4601//4601 4602//4602 4622//4622
f 4602//4602 4623//4623 4622//4622
f 4602//4602 4603//4603 4623//4623
f 4603//4603 4624//4624 4623//4623
f 4603//4603 4604//4604 4624//4624
f 4604//4604 4625//4625 4624//4624
f 4604//4604 4605//4605 4625//4625
f 4605//4605 4626//4626 4625//4625
f 4605//4605 4606//4606 4626//4626
f 4606//4606 4627//4627 4626//4626
f 4606//4606 4607//4607 4627//4627
f 4607//4607 4628//4628 4627//4627
f 4607//4607 4608//4608 4628//4628
f 4608//4608 4629//4629 4628//4628
f 4609//4609 4610//4610 4630//4630
f 4610//4610 4631//4631 4630//4630
f 4610//4610 4611//4611 4631//4631
f 4611//4611 4632//4632 4631//4631
f 4611//4611 4612//4612 4632//4632
f 4612//4612 4633//4633 4632//4632
f 4612//4612 4613//4613 4633//4633
f 4613//4613 4634//4634 4633//4633
f 4613//4613 4614//4614 4634//4634
f 4614//4614 4635//4635 4634//4634
f 4614//4614 4615//4615 4635//4635
f 4615//4615 4636//4636 4635//4635
f 4615//4615 4616//4616 4636//4636
f 4616//4616 4637//4637 4636//4636
f 4616//4616 4617//4617 4637//4637
f 4617//4617 4638//4638 4637//4637
f 4617//4617 4618//4618 4638//4638
f 4618//4618 4639//4639 4638//4638
f 4618//4618 4619//4619 4639//4639
f 4619//4619 4640//4640 4639//4639
f 4619//4619 4620//4620 4640//4640
f 4620//4620 4641//4641 4640//4640
f 4620//4620 4621//4621 4641//4641
f 4621//4621 4642//4642 4641//4641
f 4621//4621 4622//4622 4642//4642
f 4622//4622 4643//4643 4642//4642
f 4622//4622 4623//4623 4643//4643
f 4623//4623 4644//4644 4643//4643
f 4623//4623 4624//4624 4644//4644
f 4624//4624 4645//4645 4644//4644
f 4624//4624 4625//4625 4645//4645
f 4625//4625 4646//4646 4645//4645
f 4625//4625 4626//4626 4646//4646
f 4626//4626 4647//4647 4646//4646
f 4626//4626 4627//4627 4647//4647
f 4627//4627 4648//4648 4647//4647
f 4627//4627 4628//4628 4648//4648
f 4628//4628 4649//4649 4648//4648
f 4628//4628 4629//4629 4649//4649
f 4629//4629 4650//4650 4649//4649
f 4630//4630 4631//4631 4651//4651
f 4631//4631 4652//4652 4651//4651
f 4631//4631 4632//4632 4652//4652
f 4632//4632 4653//4653 4652//4652
f 4632//4632 4633//4633 4653//4653
f 4633//4633 4654//4654 4653//4653
f 4633//4633 4634//4634 4654//4654
f 4634//4634 4655//4655 4654//4654
f 4634//4634 4635//4635 4655//4655
f 4635//4635 4656//4656 4655//4655
f 4635//4635 4636//4636 4656//4656
f 4636//4636 4657//4657 4656//4656
f 4636//4636 4637//4637 4657//4657
f 4637//4637 4658//4658 4657//4657
f 4637//4637 4638//4638 4658//4658
f 4638//4638 4659//4659 4658//4658
f 4638//4638 4639//4639 4659//4659
f 4639//4639 4660//4660 4659//4659
f 4639//4639 4640//4640 4660//4660
f 4640//4640 4661//4661 4660//4660
f 4640//4640 4641//4641 4661//4661
f 4641//4641 4662//4662 4661//4661
f 4641//4641 4642//4642 4662//4662
f 4642//4642 4663//4663 4662//4662
f 4642//4642 4643//4643 4663//4663
f 4643//4643 4664//4664 4663//4663
f 4643//4643 4644//4644 4664//4664
f 4644//4644 4665//4665 4664//4664
f 4644//4644 4645//4645 4665//4665
f 4645//4645 4666//4666 4665//4665
f 4645//4645 4646//4646 4666//4666
f 4646//4646 4667//4667 4666//4666
f 4646//4646 4647//4647 4667//4667
f 4647//4647 4668//4668 4667//4667
f 4647//4647 4648//4648 4668//4668
f 4648//4648 4669//4669 4668//4668
f 4648//4648 4649//4649 4669//4669
f 4649//4649 4670//4670 4669//4669
f 4649//4649 4650//4650 4670//4670
f 4650//4650 4671//4671 4670//4670
f 4651//4651 4652//4652 4672//4672
f 4652//4652 4673//4673 4672//4672
f 4652//4652 4653//4653 4673//4673
f 4653//4653 4674//4674 4673//4673
f 4653//4653 4654//4654 4674//4674
f 4654//4654 4675//4675 4674//4674
f 4654//4654 4655//4655 4675//4675
f 4655//4655 4676//4676 4675//4675
f 4655//4655 4656//4656 4676//4676
f 4656//4656 4677//4677 4676//4676
f 4656//4656 4657//4657 4677//4677
f 4657//4657 4678//4678 4677//4677
f 4657//4657 4658//4658 4678//4678
f 4658//4658 4679//4679 4678//4678
f 4658//4658 4659//4659 4679//4679
f 4659//4659 4680//4680 4679//4679
f 4659//4659 4660//4660 4680//4680
f 4660//4660 4681//4681 4680//4680
f 4660//4660 4661//4661 4681//4681
f 4661//4661 4682//4682 4681//4681
f 4661//4661 4662//4662 4682//4682
f 4662//4662 4683//4683 4682//4682
f 4662//4662 4663//4663 4683//4683
f 4663//4663 4684//4684 4683//4683
f 4663//4663 4664//4664 4684//4684
f 4664//4664 4685//4685 4684//4684
f 4664//4664 4665//4665 4685//4685
f 4665//4665 4686//4686 4685//4685
f 4665//4665 4666//4666 4686//4686
f 4666//4666 4687//4687 4686//4686
f 4666//4666 4667//4667 4687//4687
f 4667//4667 4688//4688 4687//4687
f 4667//4667 4668//4668 4688//4688
f 4668//4668 4689//4689 4688//4688
f 4668//4668 4669//4669 4689//4689
f 4669//4669 4690//4690 4689//4689
f 4669//4669 4670//4670 4690//4690
f 4670//4670 4691//4691 4690//4690
f 4670//4670 4671//4671 4691//4691
f 4671//4671 4692//4692 4691//4691
f 4672//4672 4673//4673 4693//4693
f 4673//4673 4694//4694 4693//4693
f 4673//4673 4674//4674 4694//4694
f 4674//4674 4695//4695 4694//4694
f 4674//4674 4675//4675 4695//4695
f 4675//4675 4696//4696 4695//4695
f 4675//4675 4676//4676 4696//4696
f 4676//4676 4697//4697 4696//4696
f 4676//4676 4677//4677 4697//4697
f 4677//4677 4698//4698 4697//4697
f 4677//4677 4678//4678 4698//4698
f 4678//4678 4699//4699 4698//4698
f 4678//4678 4679//4679 4699//4699
f 4679//4679 4700//4700 4699//4699
f 4679//4679 4680//4680 4700//4700
f 4680//4680 4701//4701 4700//4700
f 4680//4680 4681//4681 4701//4701
f 4681//4681 4702//4702 4701//4701
f 4681//4681 4682//4682 4702//4702
f 4682//4682 4703//4703 4702//4702
f 4682//4682 4683//4683 4703//4703
f 4683//4683 4704//4704 4703//4703
f 4683//4683 4684//4684 4704//4704
f 4684//4684 4705//4705 4704//4704
f 4684//4684 4685//4685 4705//4705
f 4685//4685 4706//4706 4705//4705
f 4685//4685 4686//4686 4706//4706
f 4686//4686 4707//4707 4706//4706
f 4686//4686 4687//4687 4707//4707
f 4687//4687 4708//4708 4707//4707
f 4687//4687 4688//4688 4708//4708
f 4688//4688 4709//4709 4708//4708
f 4688//4688 4689//4689 4709//4709
f 4689//4689 4710//4710 4709//4709
f 4689//4689 4690//4690 4710//4710
f 4690//4690 4711//4711 4710//4710
f 4690//4690 4691//4691 4711//4711
f 4691//4691 4712//4712 4711//4711
f 4691//4691 4692//4692 4712//4712
f 4692//4692 4713//4713 4712//4712
f 4693//4693 4694//4694 4714//4714
f 4694//4694 4715//4715 4714//4714
f 4694//4694 4695//4695 4715//4715
f 4695//4695 4716//4716 4715//4715
f 4695//4695 4696//4696 4716//4716
f 4696//4696 4717//4717 4716//4716
f 4696//4696 4697//4697 4717//4717
f 4697//4697 4718//4718 4717//4717
f 4697//4697 4698//4698 4718//4718
f 4698//4698 4719//4719 4718//4718
f 4698//4698 4699//4699 4719//4719
f 4699//4699 4720//4720 4719//4719
f 4699//4699 4700//4700 4720//4720
f 4700//4700 4721//4721 4720//4720
f 4700//4700 4701//4701 4721//4721
f 4701//4701 4722//4722 4721//4721
f 4701//4701 4702//4702 4722//4722
f 4702//4702 4723//4723 4722//4722
f 4702//4702 4703//4703 4723//4723
f 4703//4703 4724//4724 4723//4723
f 4703//4703 4704//4704 4724//4724
f 4704//4704 4725//4725 4724//4724
f 4704//4704 4705//4705 4725//4725
f 4705//4705 4726//4726 4725//4725
f 4705//4705 4706//4706 4726//4726
f 4706//4706 4727//4727 4726//4726
f 4706//4706 4707//4707 4727//4727
f 4707//4707 4728//4728 4727//4727
f 4707//4707 4708//4708 4728//4728
f 4708//4708 4729//4729 4728//4728
f 4708//4708 4709//4709 4729//4729
f 4709//4709 4730//4730 4729//4729
f 4709//4709 4710//4710 4730//4730
f 4710//4710 4731//4731 4730//4730
f 4710//4710 4711//4711 4731//4731
f 4711//4711 4732//4732 4731//4731
f 4711//4711 4712//4712 4732//4732
f 4712//4712 4733//4733 4732//4732
f 4712//4712 4713//4713 4733//4733
f 4713//4713 4734//4734 4733//4733
f 4714//4714 4715//4715 4735//4735
f 4715//4715 4736//4736 4735//4735
f 4715//4715 4716//4716 4736//4736
f 4716//4716 4737//4737 4736//4736
f 4716//4716 4717//4717 4737//4737
f 4717//4717 4738//4738 4737//4737
f 4717//4717 4718//4718 4738//4738
f 4718//4718 4739//4739 4738//4738
f 4718//4718 4719//4719 4739//4739
f 4719//4719 4740//4740 4739//4739
f 4719//4719 4720//4720 4740//4740
f 4720//4720 4741//4741 4740//4740
f 4720//4720 4721//4721 4741//4741
f 4721//4721 4742//4742 4741//4741
f 4721//4721 4722//4722 4742//4742
f 4722//4722 4743//4743 4742//4742
f 4722//4722 4723//4723 4743//4743
f 4723//4723 4744//4744 4743//4743
f 4723//4723 4724//4724 4744//4744
f 4724//4724 4745//4745 4744//4744
f 4724//4724 4725//4725 4745//4745
f 4725//4725 4746//4746 4745//4745
f 4725//4725 4726//4726 4746//4746
f 4726//4726 4747//4747 4746//4746
f 4726//4726 4727//4727 4747//4747
f 4727//4727 4748//4748 4747//4747
f 4727//4727 4728//4728 4748//4748
f 4728//4728 4749//4749 4748//4748
f 4728//4728 4729//4729 4749//4749
f 4729//4729 4750//4750 4749//4749
f 4729//4729 4730//4730 4750//4750
f 4730//4730 4751//4751 4750//4750
f 4730//4730 4731//4731 4751//4751
f 4731//4731 4752//4752 4751//4751
f 4731//4731 4732//4732 4752//4752
f 4732//4732 4753//4753 4752//4752
f 4732//4732 4733//4733 4753//4753
f 4733//4733 4754//4754 4753//4753
f 4733//4733 4734//4734 4754//4754
f 4734//4734 4755//4755 4754//4754
f 4735//4735 4736//4736 4756//4756
f 4736//4736 4757//4757 4756//4756
f 4736//4736 4737//4737 4757//4757
f 4737//4737 4758//4758 4757//4757
f 4737//4737 4738//4738 4758//4758
f 4738//4738 4759//4759 4758//4758
f 4738//4738 4739//4739 4759//4759
f 4739//4739 4760//4760 4759//4759
f 4739//4739 4740//4740 4760//4760
f 4740//4740 4761//4761 4760//4760
f 4740//4740 4741//4741 4761//4761
f 4741//4741 4762//4762 4761//4761
f 4741//4741 4742//4742 4762//4762
f 4742//4742 4763//4763 4762//4762
f 4742//4742 4743//4743 4763//4763
f 4743//4743 4764//4764 4763//4763
f 4743//4743 4744//4744 4764//4764
f 4744//4744 4765//4765 4764//4764
f 4744//4744 4745//4745 4765//4765
f 4745//4745 4766//4766 4765//4765
f 4745//4745 4746//4746 4766//4766
f 4746//4746 4767//4767 4766//4766
f 4746//4746 4747//4747 4767//4767
f 4747//4747 4768//4768 4767//4767
f 4747//4747 4748//4748 4768//4768
f 4748//4748 4769//4769 4768//4768
f 4748//4748 4749//4749 4769//4769
f 4749//4749 4770//4770 4769//4769
f 4749//4749 4750//4750 4770//4770
f 4750//4750 4771//4771 4770//4770
f 4750//4750 4751//4751 4771//4771
f 4751//4751 4772//4772 4771//4771
f 4751//4751 4752//4752 4772//4772
f 4752//4752 4773//4773 4772//4772
f 4752//4752 4753//4753 4773//4773
f 4753//4753 4774//4774 4773//4773
f 4753//4753 4754//4754 4774//4774
f 4754//4754 4775//4775 4774//4774
f 4754//4754 4755//4755 4775//4775
f 4755//4755 4776//4776 4775//4775
f 4756//4756 4757//4757 4777//4777
f 4757//4757 4778//4778 4777//4777
f 4757//4757 4758//4758 4778//4778
f 4758//4758 4779//4779 4778//4778
f 4758//4758 4759//4759 4779//4779
f 4759//4759 4780//4780 4779//4779
f 4759//4759 4760//4760 4780//4780
f 4760//4760 4781//4781 4780//4780
f 4760//4760 4761//4761 4781//4781
f 4761//4761 4782//4782 4781//4781
f 4761//4761 4762//4762 4782//4782
f 4762//4762 4783//4783 4782//4782
f 4762//4762 4763//4763 4783//4783
f 4763//4763 4784//4784 4783//4783
f 4763//4763 4764//4764 4784//4784
f 4764//4764 4785//4785 4784//4784
f 4764//4764 4765//4765 4785//4785
f 4765//4765 4786//4786 4785//4785
f 4765//4765 4766//4766 4786//4786
f 4766//4766 4787//4787 4786//4786
f 4766//4766 4767//4767 4787//4787
f 4767//4767 4788//4788 4787//4787
f 4767//4767 4768//4768 4788//4788
f 4768//4768 4789//4789 4788//4788
f 4768//4768 4769//4769 4789//4789
f 4769//4769 4790//4790 4789//4789
f 4769//4769 4770//4770 4790//4790
f 4770//4770 4791//4791 4790//4790
f 4770//4770 4771//4771 4791//4791
f 4771//4771 4792//4792 4791//4791
f 4771//4771 4772//4772 4792//4792
f 4772//4772 4793//4793 4792//4792
f 4772//4772 4773//4773 4793//4793
f 4773//4773 4794//4794 4793//4793
f 4773//4773 4774//4774 4794//4794
f 4774//4774 4795//4795 4794//4794
f 4774//4774 4775//4775 4795//4795
f 4775//4775 4796//4796 4795//4795
f 4775//4775 4776//4776 4796//4796
f 4776//4776 4797//4797 4796//4796
f 4777//4777 4778//4778 4798//4798
f 4778//4778 4799//4799 4798//4798
f 4778//4778 4779//4779 4799//4799
f 4779//4779 4800//4800 4799//4799
f 4779//4779 4780//4780 4800//4800
f 4780//4780 4801//4801 4800//4800
f 4780//4780 4781//4781 4801//4801
f 4781//4781 4802//4802 4801//4801
f 4781//4781 4782//4782 4802//4802
f 4782//4782 4803//4803 4802//4802
f 4782//4782 4783//4783 4803//4803
f 4783//4783 4804//4804 4803//4803
f 4783//4783 4784//4784 4804//4804
f 4784//4784 4805//4805 4804//4804
f 4784//4784 4785//4785 4805//4805
f 4785//4785 4806//4806 4805//4805
f 4785//4785 4786//4786 4806//4806
f 4786//4786 4807//4807 4806//4806
f 4786//4786 4787//4787 4807//4807
f 4787//4787 4808//4808 4807//4807
f 4787//4787 4788//4788 4808//4808
f 4788//4788 4809//4809 4808//4808
f 4788//4788 4789//4789 4809//4809
f 4789//4789 4810//4810 4809//4809
f 4789//4789 4790//4790 4810//4810
f 4790//4790 4811//4811 4810//4810
f 4790//4790 4791//4791 4811//4811
f 4791//4791 4812//4812 4811//4811
f 4791//4791 4792//4792 4812//4812
f 4792//4792 4813//4813 4812//4812
f 4792//4792 4793//4793 4813//4813
f 4793//4793 4814//4814 4813//4813
f 4793//4793 4794//4794 4814//4814
f 4794//4794 4815//4815 4814//4814
f 4794//4794 4795//4795 4815//4815
f 4795//4795 4816//4816 4815//4815
f 4795//4795 4796//4796 4816//4816
f 4796//4796 4817//4817 4816//4816
f 4796//4796 4797//4797 4817//4817
f 4797//4797 4818//4818 4817//4817
f 4798//4798 4799//4799 4819//4819
f 4799//4799 4820//4820 4819//4819
f 4799//4799 4800//4800 4820//4820
f 4800//4800 4821//4821 4820//4820
f 4800//4800 4801//4801 4821//4821
f 4801//4801 4822//4822 4821//4821
f 4801//4801 4802//4802 4822//4822
f 4802//4802 4823//4823 4822//4822
f 4802//4802 4803//4803 4823//4823
f 4803//4803 4824//4824 4823//4823
f 4803//4803 4804//4804 4824//4824
f 4804//4804 4825//4825 4824//4824
f 4804//4804 4805//4805 4825//4825
f 4805//4805 4826//4826 4825//4825
f 4805//4805 4806//4806 4826//4826
f 4806//4806 4827//4827 4826//4826
f 4806//4806 4807//4807 4827//4827
f 4807//4807 4828//4828 4827//4827
f 4807//4807 4808//4808 4828//4828
f 4808//4808 4829//4829 4828//4828
f 4808//4808 4809//4809 4829//4829
f 4809//4809 4830//4830 4829//4829
f 4809//4809 4810//4810 4830//4830
f 4810//4810 4831//4831 4830//4830
f 4810//4810 4811//4811 4831//4831
f 4811//4811 4832//4832 4831//4831
f 4811//4811 4812//4812 4832//4832
f 4812//4812 4833//4833 4832//4832
f 4812//4812 4813//4813 4833//4833
f 4813//4813 4834//4834 4833//4833
f 4813//4813 4814//4814 4834//4834
f 4814//4814 4835//4835 4834//4834
f 4814//4814 4815//4815 4835//4835
f 4815//4815 4836//4836 4835//4835
f 4815//4815 4816//4816 4836//4836
f 4816//4816 4837//4837 4836//4836
f 4816//4816 4817//4817 4837//4837
f 4817//4817 4838//4838 4837//4837
f 4817//4817 4818//4818 4838//4838
f 4818//4818 4839//4839 4838//4838
f 4840//4840 4841//4841 4861//4861
f 4841//4841 4862//4862 4861//4861
f 4841//4841 4842//4842 4862//4862
f 4842//4842 4863//4863 4862//4862
f 4842//4842 4843//4843 4863//4863
f 4843//4843 4864//4864 4863//4863
f 4843//4843 4844//4844 4864//4864
f 4844//4844 4865//4865 4864//4864
f 4844//4844 4845//4845 4865//4865
f 4845//4845 4866//4866 4865//4865
f 4845//4845 4846//4846 4866//4866
f 4846//4846 4867//4867 4866//4866
f 4846//4846 4847//4847 4867//4867
f 4847//4847 4868//4868 4867//4867
f 4847//4847 4848//4848 4868//4868
f 4848//4848 4869//4869 4868//4868
f 4848//4848 4849//4849 4869//4869
f 4849//4849 4870//4870 4869//4869
f 4849//4849 4850//4850 4870//4870
f 4850//4850 4871//4871 4870//4870
f 4850//4850 4851//4851 4871//4871
f 4851//4851 4872//4872 4871//4871
f 4851//4851 4852//4852 4872//4872
f 4852//4852 4873//4873 4872//4872
f 4852//4852 4853//4853 4873//4873
f 4853//4853 4874//4874 4873//4873
f 4853//4853 4854//4854 4874//4874
f 4854//4854 4875//4875 4874//4874
f 4854//4854 4855//4855 4875//4875
f 4855//4855 4876//4876 4875//4875
f 4855//4855 4856//4856 4876//4876
f 4856//4856 4877//4877 4876//4876
f 4856//4856 4857//4857 4877//4877
f 4857//4857 4878//4878 4877//4877
f 4857//4857 4858//4858 4878//4878
f 4858//4858 4879//4879 4878//4878
f 4858//4858 4859//4859 4879//4879
f 4859//4859 4880//4880 4879//4879
f 4859//4859 4860//4860 4880//4880
f 4860//4860 4881//4881 4880//4880
f 4861//4861 4862//4862 4882//4882
f 4862//4862 4883//4883 4882//4882
f 4862//4862 4863//4863 4883//4883
f 4863//4863 4884//4884 4883//4883
f 4863//4863 4864//4864 4884//4884
f 4864//4864 4885//4885 4884//4884
f 4864//4864 4865//4865 4885//4885
f 4865//4865 4886//4886 4885//4885
f 4865//4865 4866//4866 4886//4886
f 4866//4866 4887//4887 4886//4886
f 4866//4866 4867//4867 4887//4887
f 4867//4867 4888//4888 4887//4887
f 4867//4867 4868//4868 4888//4888
f 4868//4868 4889//4889 4888//4888
f 4868//4868 4869//4869 4889//4889
f 4869//4869 4890//4890 4889//4889
f 4869//4869 4870//4870 4890//4890
f 4870//4870 4891//4891 4890//4890
f 4870//4870 4871//4871 4891//4891
f 4871//4871 4892//4892 4891//4891
f 4871//4871 4872//4872 4892//4892
f 4872//4872 4893//4893 4892//4892
f 4872//4872 4873//4873 4893//4893
f 4873//4873 4894//4894 4893//4893
f 4873//4873 4874//4874 4894//4894
f 4874//4874 4895//4895 4894//4894
f 4874//4874 4875//4875 4895//4895
f 4875//4875 4896//4896 4895//4895
f 4875//4875 4876//4876 4896//4896
f 4876//4876 4897//4897 4896//4896
f 4876//4876 4877//4877 4897//4897
f 4877//4877 4898//4898 4897//4897
f 4877//4877 4878//4878 4898//4898
f 4878//4878 4899//4899 4898//4898
f 4878//4878 4879//4879 4899//4899
f 4879//4879 4900//4900 4899//4899
f 4879//4879 4880//4880 4900//4900
f 4880//4880 4901//4901 4900//4900
f 4880//4880 4881//4881 4901//4901
f 4881//4881 4902//4902 4901//4901
f 4882//4882 4883//4883 4903//4903
f 4883//4883 4904//4904 4903//4903
f 4883//4883 4884//4884 4904//4904
f 4884//4884 4905//4905 4904//4904
f 4884//4884 4885//4885 4905//4905
f 4885//4885 4906//4906 4905//4905
f 4885//4885 4886//4886 4906//4906
f 4886//4886 4907//4907 4906//4906
f 4886//4886 4887//4887 4907//4907
f 4887//4887 4908//4908 4907//4907
f 4887//4887 4888//4888 4908//4908
f 4888//4888 4909//4909 4908//4908
f 4888//4888 4889//4889 4909//4909
f 4889//4889 4910//4910 4909//4909
f 4889//4889 4890//4890 4910//4910
f 4890//4890 4911//4911 4910//4910
f 4890//4890 4891//4891 4911//4911
f 4891//4891 4912//4912 4911//4911
f 4891//4891 4892//4892 4912//4912
f 4892//4892 4913//4913 4912//4912
f 4892//4892 4893//4893 4913//4913
f 4893//4893 4914//4914 4913//4913
f 4893//4893 4894//4894 4914//4914
f 4894//4894 4915//4915 4914//4914
f 4894//4894 4895//4895 4915//4915
f 4895//4895 4916//4916 4915//4915
f 4895//4895 4896//4896 4916//4916
f 4896//4896 4917//4917 4916//4916
f 4896//4896 4897//4897 4917//4917
f 4897//4897 4918//4918 4917//4917
f 4897//4897 4898//4898 4918//4918
f 4898//4898 4919//4919 4918//4918
f 4898//4898 4899//4899 4919//4919
f 4899//4899 4920//4920 4919//4919
f 4899//4899 4900//4900 4920//4920
f 4900//4900 4921//4921 4920//4920
f 4900//4900 4901//4901 4921//4921
f 4901//4901 4922//4922 4921//4921
f 4901//4901 4902//4902 4922//4922
f 4902//4902 4923//4923 4922//4922
f 4903//4903 4904//4904 4924//4924
f 4904//4904 4925//4925 4924//4924
f 4904//4904 4905//4905 4925//4925
f 4905//4905 4926//4926 4925//4925
f 4905//4905 4906//4906 4926//4926
f 4906//4906 4927//4927 4926//4926
f 4906//4906 4907//4907 4927//4927
f 4907//4907 4928//4928 4927//4927
f 4907//4907 4908//4908 4928//4928
f 4908//4908 4929//4929 4928//4928
f 4908//4908 4909//4909 4929//4929
f 4909//4909 4930//4930 4929//4929
f 4909//4909 4910//4910 4930//4930
f 4910//4910 4931//4931 4930//4930
f 4910//4910 4911//4911 4931//4931
f 4911//4911 4932//4932 4931//4931
f 4911//4911 4912//4912 4932//4932
f 4912//4912 4933//4933 4932//4932
f 4912//4912 4913//4913 4933//4933
f 4913//4913 4934//4934 4933//4933
f 4913//4913 4914//4914 4934//4934
f 4914//4914 4935//4935 4934//4934
f 4914//4914 4915//4915 4935//4935
f 4915//4915 4936//4936 4935//4935
f 4915//4915 4916//4916 4936//4936
f 4916//4916 4937//4937 4936//4936
f 4916//4916 4917//4917 4937//4937
f 4917//4917 4938//4938 4937//4937
f 4917//4917 4918//4918 4938//4938
f 4918//4918 4939//4939 4938//4938
f 4918//4918 4919//4919 4939//4939
f 4919//4919 4940//4940 4939//4939
f 4919//4919 4920//4920 4940//4940
f 4920//4920 4941//4941 4940//4940
f 4920//4920 4921//4921 4941//4941
f 4921//4921 4942//4942 4941//4941
f 4921//4921 4922//4922 4942//4942
f 4922//4922 4943//4943 4942//4942
f 4922//4922 4923//4923 4943//4943
f 4923//4923 4944//4944 4943//4943
f 4924//4924 4925//4925 4945//4945
f 4925//4925 4946//4946 4945//4945
f 4925//4925 4926//4926 4946//4946
f 4926//4926 4947//4947 4946//4946
f 4926//4926 4927//4927 4947//4947
f 4927//4927 4948//4948 4947//4947
f 4927//4927 4928//4928 4948//4948
f 4928//4928 4949//4949 4948//4948
f 4928//4928 4929//4929 4949//4949
f 4929//4929 4950//4950 4949//4949
f 4929//4929 4930//4930 4950//4950
f 4930//4930 4951//4951 4950//4950
f 4930//4930 4931//4931 4951//4951
f 4931//4931 4952//4952 4951//4951
f 4931//4931 4932//4932 4952//4952
f 4932//4932 4953//4953 4952//4952
f 4932//4932 4933//4933 4953//4953
f 4933//4933 4954//4954 4953//4953
f 4933//4933 4934//4934 4954//4954
f 4934//4934 4955//4955 4954//4954
f 4934//4934 4935//4935 4955//4955
f 4935//4935 4956//4956 4955//4955
f 4935//4935 4936//4936 4956//4956
f 4936//4936 4957//4957 4956//4956
f 4936//4936 4937//4937 4957//4957
f 4937//4937 4958//4958 4957//4957
f 4937//4937 4938//4938 4958//4958
f 4938//4938 4959//4959 4958//4958
f 4938//4938 4939//4939 4959//4959
f 4939//4939 4960//4960 4959//4959
f 4939//4939 4940//4940 4960//4960
f 4940//4940 4961//4961 4960//4960
f 4940//4940 4941//4941 4961//4961
f 4941//4941 4962//4962 4961//4961
f 4941//4941 4942//4942 4962//4962
f 4942//4942 4963//4963 4962//4962
f 4942//4942 4943//4943 4963//4963
f 4943//4943 4964//4964 4963//4963
f 4943//4943 4944//4944 4964//4964
f 4944//4944 4965//4965 4964//4964
f 4945//4945 4946//4946 4966//4966
f 4946//4946 4967//4967 4966//4966
f 4946//4946 4947//4947 4967//4967
f 4947//4947 4968//4968 4967//4967
f 4947//4947 4948//4948 4968//4968
f 4948//4948 4969//4969 4968//4968
f 4948//4948 4949//4949 4969//4969
f 4949//4949 4970//4970 4969//4969
f 4949//4949 4950//4950 4970//4970
f 4950//4950 4971//4971 4970//4970
f 4950//4950 4951//4951 4971//4971
f 4951//4951 4972//4972 4971//4971
f 4951//4951 4952//4952 4972//4972
f 4952//4952 4973//4973 4972//4972
f 4952//4952 4953//4953 4973//4973
f 4953//4953 4974//4974 4973//4973
f 4953//4953 4954//4954 4974//4974
f 4954//4954 4975//4975 4974//4974
f 4954//4954 4955//4955 4975//4975
f 4955//4955 4976//4976 4975//4975
f 4955//4955 4956//4956 4976//4976
f 4956//4956 4977//4977 4976//4976
f 4956//4956 4957//4957 4977//4977
f 4957//4957 4978//4978 4977//4977
f 4957//4957 4958//4958 4978//4978
f 4958//4958 4979//4979 4978//4978
f 4958//4958 4959//4959 4979//4979
f 4959//4959 4980//4980 4979//4979
f 4959//4959 4960//4960 4980//4980
f 4960//4960 4981//4981 4980//4980
f 4960//4960 4961//4961 4981//4981
f 4961//4961 4982//4982 4981//4981
f 4961//4961 4962//4962 4982//4982
f 4962//4962 4983//4983 4982//4982
f 4962//4962 4963//4963 4983//4983
f 4963//4963 4984//4984 4983//4983
f 4963//4963 4964//4964 4984//4984
f 4964//4964 4985//4985 4984//4984
f 4964//4964 4965//4965 4985//4985
f 4965//4965 4986//4986 4985//4985
f 4966//4966 4967//4967 4987//4987
f 4967//4967 4988//4988 4987//4987
f 4967//4967 4968//4968 4988//4988
f 4968//4968 4989//4989 4988//4988
f 4968//4968 4969//4969 4989//4989
f 4969//4969 4990//4990 4989//4989
f 4969//4969 4970//4970 4990//4990
f 4970//4970 4991//4991 4990//4990
f 4970//4970 4971//4971 4991//4991
f 4971//4971 4992//4992 4991//4991
f 4971//4971 4972//4972 4992//4992
f 4972//4972 4993//4993 4992//4992
f 4972//4972 4973//4973 4993//4993
f 4973//4973 4994//4994 4993//4993
f 4973//4973 4974//4974 4994//4994
f 4974//4974 4995//4995 4994//4994
f 4974//4974 4975//4975 4995//4995
f 4975//4975 4996//4996 4995//4995
f 4975//4975 4976//4976 4996//4996
f 4976//4976 4997//4997 4996//4996
f 4976//4976 4977//4977 4997//4997
f 4977//4977 4998//4998 4997//4997
f 4977//4977 4978//4978 4998//4998
f 4978//4978 4999//4999 4998//4998
f 4978//4978 4979//4979 4999//4999
f 4979//4979 5000//5000 4999//4999
f 4979//4979 4980//4980 5000//5000
f 4980//4980 5001//5001 5000//5000
f 4980//4980 4981//4981 5001//5001
f 4981//4981 5002//5002 5001//5001
f 4981//4981 4982//4982 5002//5002
f 4982//4982 5003//5003 5002//5002
f 4982//4982 4983//4983 5003//5003
f 4983//4983 5004//5004 5003//5003
f 4983//4983 4984//4984 5004//5004
f 4984//4984 5005//5005 5004//5004
f 4984//4984 4985//4985 5005//5005
f 4985//4985 5006//5006 5005//5005
f 4985//4985 4986//4986 5006//5006
f 4986//4986 5007//5007 5006//5006
f 4987//4987 4988//4988 5008//5008
f 4988//4988 5009//5009 5008//5008
f 4988//4988 4989//4989 5009//5009
f 4989//4989 5010//5010 5009//5009
f 4989//4989 4990//4990 5010//5010
f 4990//4990 5011//5011 5010//5010
f 4990//4990 4991//4991 5011//5011
f 4991//4991 5012//5012 5011//5011
f 4991//4991 4992//4992 5012//5012
f 4992//4992 5013//5013 5012//5012
f 4992//4992 4993//4993 5013//5013
f 4993//4993 5014//5014 5013//5013
f 4993//4993 4994//4994 5014//5014
f 4994//4994 5015//5015 5014//5014
f 4994//4994 4995//4995 5015//5015
f 4995//4995 5016//5016 5015//5015
f 4995//4995 4996//4996 5016//5016
f 4996//4996 5017//5017 5016//5016
f 4996//4996 4997//4997 5017//5017
f 4997//4997 5018//5018 5017//5017
f 4997//4997 4998//4998 5018//5018
f 4998//4998 5019//5019 5018//5018
f 4998//4998 4999//4999 5019//5019
f 4999//4999 5020//5020 5019//5019
f 4999//4999 5000//5000 5020//5020
f 5000//5000 5021//5021 5020//5020
f 5000//5000 5001//5001 5021//5021
f 5001//5001 5022//5022 5021//5021
f 5001//5001 5002//5002 5022//5022
f 5002//5002 5023//5023 5022//5022
f 5002//5002 5003//5003 5023//5023
f 5003//5003 5024//5024 5023//5023
f 5003//5003 5004//5004 5024//5024
f 5004//5004 5025//5025 5024//5024
f 5004//5004 5005//5005 5025//5025
f 5005//5005 5026//5026 5025//5025
f 5005//5005 5006//5006 5026//5026
f 5006//5006 5027//5027 5026//5026
f 5006//5006 5007//5007 5027//5027
f 5007//5007 5028//5028 5027//5027
f 5008//5008 5009//5009 5029//5029
f 5009//5009 5030//5030 5029//5029
f 5009//5009 5010//5010 5030//5030
f 5010//5010 5031//5031 5030//5030
f 5010//5010 5011//5011 5031//5031
f 5011//5011 5032//5032 5031//5031
f 5011//5011 5012//5012 5032//5032
f 5012//5012 5033//5033 5032//5032
f 5012//5012 5013//5013 5033//5033
f 5013//5013 5034//5034 5033//5033
f 5013//5013 5014//5014 5034//5034
f 5014//5014 5035//5035 5034//5034
f 5014//5014 5015//5015 5035//5035
f 5015//5015 5036//5036 5035//5035
f 5015//5015 5016//5016 5036//5036
f 5016//5016 5037//5037 5036//5036
f 5016//5016 5017//5017 5037//5037
f 5017//5017 5038//5038 5037//5037
f 5017//5017 5018//5018 5038//5038
f 5018//5018 5039//5039 5038//5038
f 5018//5018 5019//5019 5039//5039
f 5019//5019 5040//5040 5039//5039
f 5019//5019 5020//5020 5040//5040
f 5020//5020 5041//5041 5040//5040
f 5020//5020 5021//5021 5041//5041
f 5021//5021 5042//5042 5041//5041
f 5021//5021 5022//5022 5042//5042
f 5022//5022 5043//5043 5042//5042
f 5022//5022 5023//5023 5043//5043
f 5023//5023 5044//5044 5043//5043
f 5023//5023 5024//5024 5044//5044
f 5024//5024 5045//5045 5044//5044
f 5024//5024 5025//5025 5045//5045
f 5025//5025 5046//5046 5045//5045
f 5025//5025 5026//5026 5046//5046
f 5026//5026 5047//5047 5046//5046
f 5026//5026 5027//5027 5047//5047
f 5027//5027 5048//5048 5047//5047
f 5027//5027 5028//5028 5048//5048
f 5028//5028 5049//5049 5048//5048
f 5029//5029 5030//5030 5050//5050
f 5030//5030 5051//5051 5050//5050
f 5030//5030 5031//5031 5051//5051
f 5031//5031 5052//5052 5051//5051
f 5031//5031 5032//5032 5052//5052
f 5032//5032 5053//5053 5052//5052
f 5032//5032 5033//5033 5053//5053
f 5033//5033 5054//5054 5053//5053
f 5033//5033 5034//5034 5054//5054
f 5034//5034 5055//5055 5054//5054
f 5034//5034 5035//5035 5055//5055
f 5035//5035 5056//5056 5055//5055
f 5035//5035 5036//5036 5056//5056
f 5036//5036 5057//5057 5056//5056
f 5036//5036 5037//5037 5057//5057
f 5037//5037 5058//5058 5057//5057
f 5037//5037 5038//5038 5058//5058
f 5038//5038 5059//5059 5058//5058
f 5038//5038 5039//5039 5059//5059
f 5039//5039 5060//5060 5059//5059
f 5039//5039 5040//5040 5060//5060
f 5040//5040 5061//5061 5060//5060
f 5040//5040 5041//5041 5061//5061
f 5041//5041 5062//5062 5061//5061
f 5041//5041 5042//5042 5062//5062
f 5042//5042 5063//5063 5062//5062
f 5042//5042 5043//5043 5063//5063
f 5043//5043 5064//5064 5063//5063
f 5043//5043 5044//5044 5064//5064
f 5044//5044 5065//5065 5064//5064
f 5044//5044 5045//5045 5065//5065
f 5045//5045 5066//5066 5065//5065
f 5045//5045 5046//5046 5066//5066
f 5046//5046 5067//5067 5066//5066
f 5046//5046 5047//5047 5067//5067
f 5047//5047 5068//5068 5067//5067
f 5047//5047 5048//5048 5068//5068
f 5048//5048 5069//5069 5068//5068
f 5048//5048 5049//5049 5069//5069
f 5049//5049 5070//5070 5069//5069
f 5050//5050 5051//5051 5071//5071
f 5051//5051 5072//5072 5071//5071
f 5051//5051 5052//5052 5072//5072
f 5052//5052 5073//5073 5072//5072
f 5052//5052 5053//5053 5073//5073
f 5053//5053 5074//5074 5073//5073
f 5053//5053 5054//5054 5074//5074
f 5054//5054 5075//5075 5074//5074
f 5054//5054 5055//5055 5075//5075
f 5055//5055 5076//5076 5075//5075
f 5055//5055 5056//5056 5076//5076
f 5056//5056 5077//5077 5076//5076
f 5056//5056 5057//5057 5077//5077
f 5057//5057 5078//5078 5077//5077
f 5057//5057 5058//5058 5078//5078
f 5058//5058 5079//5079 5078//5078
f 5058//5058 5059//5059 5079//5079
f 5059//5059 5080//5080 5079//5079
f 5059//5059 5060//5060 5080//5080
f 5060//5060 5081//5081 5080//5080
f 5060//5060 5061//5061 5081//5081
f 5061//5061 5082//5082 5081//5081
f 5061//5061 5062//5062 5082//5082
f 5062//5062 5083//5083 5082//5082
f 5062//5062 5063//5063 5083//5083
f 5063//5063 5084//5084 5083//5083
f 5063//5063 5064//5064 5084//5084
f 5064//5064 5085//5085 5084//5084
f 5064//5064 5065//5065 5085//5085
f 5065//5065 5086//5086 5085//5085
f 5065//5065 5066//5066 5086//5086
f 5066//5066 5087//5087 5086//5086
f 5066//5066 5067//5067 5087//5087
f 5067//5067 5088//5088 5087//5087
f 5067//5067 5068//5068 5088//5088
f 5068//5068 5089//5089 5088//5088
f 5068//5068 5069//5069 5089//5089
f 5069//5069 5090//5090 5089//5089
f 5069//5069 5070//5070 5090//5090
f 5070//5070 5091//5091 5090//5090
f 5071//5071 5072//5072 5092//5092
f 5072//5072 5093//5093 5092//5092
f 5072//5072 5073//5073 5093//5093
f 5073//5073 5094//5094 5093//5093
f 5073//5073 5074//5074 5094//5094
f 5074//5074 5095//5095 5094//5094
f 5074//5074 5075//5075 5095//5095
f 5075//5075 5096//5096 5095//5095
f 5075//5075 5076//5076 5096//5096
f 5076//5076 5097//5097 5096//5096
f 5076//5076 5077//5077 5097//5097
f 5077//5077 5098//5098 5097//5097
f 5077//5077 5078//5078 5098//5098
f 5078//5078 5099//5099 5098//5098
f 5078//5078 5079//5079 5099//5099
f 5079//5079 5100//5100 5099//5099
f 5079//5079 5080//5080 5100//5100
f 5080//5080 5101//5101 5100//5100
f 5080//5080 5081//5081 5101//5101
f 5081//5081 5102//5102 5101//5101
f 5081//5081 5082//5082 5102//5102
f 5082//5082 5103//5103 5102//5102
f 5082//5082 5083//5083 5103//5103
f 5083//5083 5104//5104 5103//5103
f 5083//5083 5084//5084 5104//5104
f 5084//5084 5105//5105 5104//5104
f 5084//5084 5085//5085 5105//5105
f 5085//5085 5106//5106 5105//5105
f 5085//5085 5086//5086 5106//5106
f 5086//5086 5107//5107 5106//5106
f 5086//5086 5087//5087 5107//5107
f 5087//5087 5108//5108 5107//5107
f 5087//5087 5088//5088 5108//5108
f 5088//5088 5109//5109 5108//5108
f 5088//5088 5089//5089 5109//5109
f 5089//5089 5110//5110 5109//5109
f 5089//5089 5090//5090 5110//5110
f 5090//5090 5111//5111 5110//5110
f 5090//5090 5091//5091 5111//5111
f 5091//5091 5112//5112 5111//5111
f 5113//5113 5114//5114 5134//5134
f 5114//5114 5135//5135 5134//5134
f 5114//5114 5115//5115 5135//5135
f 5115//5115 5136//5136 5135//5135
f 5115//5115 5116//5116 5136//5136
f 5116//5116 5137//5137 5136//5136
f 5116//5116 5117//5117 5137//5137
f 5117//5117 5138//5138 5137//5137
f 5117//5117 5118//5118 5138//5138
f 5118//5118 5139//5139 5138//5138
f 5118//5118 5119//5119 5139//5139
f 5119//5119 5140//5140 5139//5139
f 5119//5119 5120//5120 5140//5140
f 5120//5120 5141//5141 5140//5140
f 5120//5120 5121//5121 5141//5141
f 5121//5121 5142//5142 5141//5141
f 5121//5121 5122//5122 5142//5142
f 5122//5122 5143//5143 5142//5142
f 5122//5122 5123//5123 5143//5143
f 5123//5123 5144//5144 5143//5143
f 5123//5123 5124//5124 5144//5144
f 5124//5124 5145//5145 5144//5144
f 5124//5124 5125//5125 5145//5145
f 5125//5125 5146//5146 5145//5145
f 5125//5125 5126//5126 5146//5146
f 5126//5126 5147//5147 5146//5146
f 5126//5126 5127//5127 5147//5147
f 5127//5127 5148//5148 5147//5147
f 5127//5127 5128//5128 5148//5148
f 5128//5128 5149//5149 5148//5148
f 5128//5128 5129//5129 5149//5149
f 5129//5129 5150//5150 5149//5149
f 5129//5129 5130//5130 5150//5150
f 5130//5130 5151//5151 5150//5150
f 5130//5130 5131//5131 5151//5151
f 5131//5131 5152//5152 5151//5151
f 5131//5131 5132//5132 5152//5152
f 5132//5132 5153//5153 5152//5152
f 5132//5132 5133//5133 5153//5153
f 5133//5133 5154//5154 5153//5153
f 5134//5134 5135//5135 5155//5155
f 5135//5135 5156//5156 5155//5155
f 5135//5135 5136//5136 5156//5156
f 5136//5136 5157//5157 5156//5156
f 5136//5136 5137//5137 5157//5157
f 5137//5137 5158//5158 5157//5157
f 5137//5137 5138//5138 5158//5158
f 5138//5138 5159//5159 5158//5158
f 5138//5138 5139//5139 5159//5159
f 5139//5139 5160//5160 5159//5159
f 5139//5139 5140//5140 5160//5160
f 5140//5140 5161//5161 5160//5160
f 5140//5140 5141//5141 5161//5161
f 5141//5141 5162//5162 5161//5161
f 5141//5141 5142//5142 5162//5162
f 5142//5142 5163//5163 5162//5162
f 5142//5142 5143//5143 5163//5163
f 5143//5143 5164//5164 5163//5163
f 5143//5143 5144//5144 5164//5164
f 5144//5144 5165//5165 5164//5164
f 5144//5144 5145//5145 5165//5165
f 5145//5145 5166//5166 5165//5165
f 5145//5145 5146//5146 5166//5166
f 5146//5146 5167//5167 5166//5166
f 5146//5146 5147//5147 5167//5167
f 5147//5147 5168//5168 5167//5167
f 5147//5147 5148//5148 5168//5168
f 5148//5148 5169//5169 5168//5168
f 5148//5148 5149//5149 5169//5169
f 5149//5149 5170//5170 5169//5169
f 5149//5149 5150//5150 5170//5170
f 5150//5150 5171//5171 5170//5170
f 5150//5150 5151//5151 5171//5171
f 5151//5151 5172//5172 5171//5171
f 5151//5151 5152//5152 5172//5172
f 5152//5152 5173//5173 5172//5172
f 5152//5152 5153//5153 5173//5173
f 5153//5153 5174//5174 5173//5173
f 5153//5153 5154//5154 5174//5174
f 5154//5154 5175//5175 5174//5174
f 5155//5155 5156//5156 5176//5176
f 5156//5156 5177//5177 5176//5176
f 5156//5156 5157//5157 5177//5177
f 5157//5157 5178//5178 5177//5177
f 5157//5157 5158//5158 5178//5178
f 5158//5158 5179//5179 5178//5178
f 5158//5158 5159//5159 5179//5179
f 5159//5159 5180//5180 5179//5179
f 5159//5159 5160//5160 5180//5180
f 5160//5160 5181//5181 5180//5180
f 5160//5160 5161//5161 5181//5181
f 5161//5161 5182//5182 5181//5181
f 5161//5161 5162//5162 5182//5182
f 5162//5162 5183//5183 5182//5182
f 5162//5162 5163//5163 5183//5183
f 5163//5163 5184//5184 5183//5183
f 5163//5163 5164//5164 5184//5184
f 5164//5164 5185//5185 5184//5184
f 5164//5164 5165//5165 5185//5185
f 5165//5165 5186//5186 5185//5185
f 5165//5165 5166//5166 5186//5186
f 5166//5166 5187//5187 5186//5186
f 5166//5166 5167//5167 5187//5187
f 5167//5167 5188//5188 5187//5187
f 5167//5167 5168//5168 5188//5188
f 5168//5168 5189//5189 5188//5188
f 5168//5168 5169//5169 5189//5189
f 5169//5169 5190//5190 5189//5189
f 5169//5169 5170//5170 5190//5190
f 5170//5170 5191//5191 5190//5190
f 5170//5170 5171//5171 5191//5191
f 5171//5171 5192//5192 5191//5191
f 5171//5171 5172//5172 5192//5192
f 5172//5172 5193//5193 5192//5192
f 5172//5172 5173//5173 5193//5193
f 5173//5173 5194//5194 5193//5193
f 5173//5173 5174//5174 5194//5194
f 5174//5174 5195//5195 5194//5194
f 5174//5174 5175//5175 5195//5195
f 5175//5175 5196//5196 5195//5195
f 5176//5176 5177//5177 5197//5197
f 5177//5177 5198//5198 5197//5197
f 5177//5177 5178//5178 5198//5198
f 5178//5178 5199//5199 5198//5198
f 5178//5178 5179//5179 5199//5199
f 5179//5179 5200//5200 5199//5199
f 5179//5179 5180//5180 5200//5200
f 5180//5180 5201//5201 5200//5200
f 5180//5180 5181//5181 5201//5201
f 5181//5181 5202//5202 5201//5201
f 5181//5181 5182//5182 5202//5202
f 5182//5182 5203//5203 5202//5202
f 5182//5182 5183//5183 5203//5203
f 5183//5183 5204//5204 5203//5203
f 5183//5183 5184//5184 5204//5204
f 5184//5184 5205//5205 5204//5204
f 5184//5184 5185//5185 5205//5205
f 5185//5185 5206//5206 5205//5205
f 5185//5185 5186//5186 5206//5206
f 5186//5186 5207//5207 5206//5206
f 5186//5186 5187//5187 5207//5207
f 5187//5187 5208//5208 5207//5207
f 5187//5187 5188//5188 5208//5208
f 5188//5188 5209//5209 5208//5208
f 5188//5188 5189//5189 5209//5209
f 5189//5189 5210//5210 5209//5209
f 5189//5189 5190//5190 5210//5210
f 5190//5190 5211//5211 5210//5210
f 5190//5190 5191//5191 5211//5211
f 5191//5191 5212//5212 5211//5211
f 5191//5191 5192//5192 5212//5212
f 5192//5192 5213//5213 5212//5212
f 5192//5192 5193//5193 5213//5213
f 5193//5193 5214//5214 5213//5213
f 5193//5193 5194//5194 5214//5214
f 5194//5194 5215//5215 5214//5214
f 5194//5194 5195//5195 5215//5215
f 5195//5195 5216//5216 5215//5215
f 5195//5195 5196//5196 5216//5216
f 5196//5196 5217//5217 5216//5216
f 5197//5197 5198//5198 5218//5218
f 5198//5198 5219//5219 5218//5218
f 5198//5198 5199//5199 5219//5219
f 5199//5199 5220//5220 5219//5219
f 5199//5199 5200//5200 5220//5220
f 5200//5200 5221//5221 5220//5220
f 5200//5200 5201//5201 5221//5221
f 5201//5201 5222//5222 5221//5221
f 5201//5201 5202//5202 5222//5222
f 5202//5202 5223//5223 5222//5222
f 5202//5202 5203//5203 5223//5223
f 5203//5203 5224//5224 5223//5223
f 5203//5203 5204//5204 5224//5224
f 5204//5204 5225//5225 5224//5224
f 5204//5204 5205//5205 5225//5225
f 5205//5205 5226//5226 5225//5225
f 5205//5205 5206//5206 5226//5226
f 5206//5206 5227//5227 5226//5226
f 5206//5206 5207//5207 5227//5227
f 5207//5207 5228//5228 5227//5227
f 5207//5207 5208//5208 5228//5228
f 5208//5208 5229//5229 5228//5228
f 5208//5208 5209//5209 5229//5229
f 5209//5209 5230//5230 5229//5229
f 5209//5209 5210//5210 5230//5230
f 5210//5210 5231//5231 5230//5230
f 5210//5210 5211//5211 5231//5231
f 5211//5211 5232//5232 5231//5231
f 5211//5211 5212//5212 5232//5232
f 5212//5212 5233//5233 5232//5232
f 5212//5212 5213//5213 5233//5233
f 5213//5213 5234//5234 5233//5233
f 5213//5213 5214//5214 5234//5234
f 5214//5214 5235//5235 5234//5234
f 5214//5214 5215//5215 5235//5235
f 5215//5215 5236//5236 5235//5235
f 5215//5215 5216//5216 5236//5236
f 5216//5216 5237//5237 5236//5236
f 5216//5216 5217//5217 5237//5237
f 5217//5217 5238//5238 5237//5237
f 5218//5218 5219//5219 5239//5239
f 5219//5219 5240//5240 5239//5239
f 5219//5219 5220//5220 5240//5240
f 5220//5220 5241//5241 5240//5240
f 5220//5220 5221//5221 5241//5241
f 5221//5221 5242//5242 5241//5241
f 5221//5221 5222//5222 5242//5242
f 5222//5222 5243//5243 5242//5242
f 5222//5222 5223//5223 5243//5243
f 5223//5223 5244//5244 5243//5243
f 5223//5223 5224//5224 5244//5244
f 5224//5224 5245//5245 5244//5244
f 5224//5224 5225//5225 5245//5245
f 5225//5225 5246//5246 5245//5245
f 5225//5225 5226//5226 5246//5246
f 5226//5226 5247//5247 5246//5246
f 5226//5226 5227//5227 5247//5247
f 5227//5227 5248//5248 5247//5247
f 5227//5227 5228//5228 5248//5248
f 5228//5228 5249//5249 5248//5248
f 5228//5228 5229//5229 5249//5249
f 5229//5229 5250//5250 5249//5249
f 5229//5229 5230//5230 5250//5250
f 5230//5230 5251//5251 5250//5250
f 5230//5230 5231//5231 5251//5251
f 5231//5231 5252//5252 5251//5251
f 5231//5231 5232//5232 5252//5252
f 5232//5232 5253//5253 5252//5252
f 5232//5232 5233//5233 5253//5253
f 5233//5233 5254//5254 5253//5253
f 5233//5233 5234//5234 5254//5254
f 5234//5234 5255//5255 5254//5254
f 5234//5234 5235//5235 5255//5255
f 5235//5235 5256//5256 5255//5255
f 5235//5235 5236//5236 5256//5256
f 5236//5236 5257//5257 5256//5256
f 5236//5236 5237//5237 5257//5257
f 5237//5237 5258//5258 5257//5257
f 5237//5237 5238//5238 5258//5258
f 5238//5238 5259//5259 5258//5258
f 5239//5239 5240//5240 5260//5260
f 5240//5240 5261//5261 5260//5260
f 5240//5240 5241//5241 5261//5261
f 5241//5241 5262//5262 5261//5261
f 5241//5241 5242//5242 5262//5262
f 5242//5242 5263//5263 5262//5262
f 5242//5242 5243//5243 5263//5263
f 5243//5243 5264//5264 5263//5263
f 5243//5243 5244//5244 5264//5264
f 5244//5244 5265//5265 5264//5264
f 5244//5244 5245//5245 5265//5265
f 5245//5245 5266//5266 5265//5265
f 5245//5245 5246//5246 5266//5266
f 5246//5246 5267//5267 5266//5266
f 5246//5246 5247//5247 5267//5267
f 5247//5247 5268//5268 5267//5267
f 5247//5247 5248//5248 5268//5268
f 5248//5248 5269//5269 5268//5268
f 5248//5248 5249//5249 5269//5269
f 5249//5249 5270//5270 5269//5269
f 5249//5249 5250//5250 5270//5270
f 5250//5250 5271//5271 5270//5270
f 5250//5250 5251//5251 5271//5271
f 5251//5251 5272//5272 5271//5271
f 5251//5251 5252//5252 5272//5272
f 5252//5252 5273//5273 5272//5272
f 5252//5252 5253//5253 5273//5273
f 5253//5253 5274//5274 5273//5273
f 5253//5253 5254//5254 5274//5274
f 5254//5254 5275//5275 5274//5274
f 5254//5254 5255//5255 5275//5275
f 5255//5255 5276//5276 5275//5275
f 5255//5255 5256//5256 5276//5276
f 5256//5256 5277//5277 5276//5276
f 5256//5256 5257//5257 5277//5277
f 5257//5257 5278//5278 5277//5277
f 5257//5257 5258//5258 5278//5278
f 5258//5258 5279//5279 5278//5278
f 5258//5258 5259//5259 5279//5279
f 5259//5259 5280//5280 5279//5279
f 5260//5260 5261//5261 5281//5281
f 5261//5261 5282//5282 5281//5281
f 5261//5261 5262//5262 5282//5282
f 5262//5262 5283//5283 5282//5282
f 5262//5262 5263//5263 5283//5283
f 5263//5263 5284//5284 5283//5283
f 5263//5263 5264//5264 5284//5284
f 5264//5264 5285//5285 5284//5284
f 5264//5264 5265//5265 5285//5285
f 5265//5265 5286//5286 5285//5285
f 5265//5265 5266//5266 5286//5286
f 5266//5266 5287//5287 5286//5286
f 5266//5266 5267//5267 5287//5287
f 5267//5267 5288//5288 5287//5287
f 5267//5267 5268//5268 5288//5288
f 5268//5268 5289//5289 5288//5288
f 5268//5268 5269//5269 5289//5289
f 5269//5269 5290//5290 5289//5289
f 5269//5269 5270//5270 5290//5290
f 5270//5270 5291//5291 5290//5290
f 5270//5270 5271//5271 5291//5291
f 5271//5271 5292//5292 5291//5291
f 5271//5271 5272//5272 5292//5292
f 5272//5272 5293//5293 5292//5292
f 5272//5272 5273//5273 5293//5293
f 5273//5273 5294//5294 5293//5293
f 5273//5273 5274//5274 5294//5294
f 5274//5274 5295//5295 5294//5294
f 5274//5274 5275//5275 5295//5295
f 5275//5275 5296//5296 5295//5295
f 5275//5275 5276//5276 5296//5296
f 5276//5276 5297//5297 5296//5296
f 5276//5276 5277//5277 5297//5297
f 5277//5277 5298//5298 5297//5297
f 5277//5277 5278//5278 5298//5298
f 5278//5278 5299//5299 5298//5298
f 5278//5278 5279//5279 5299//5299
f 5279//5279 5300//5300 5299//5299
f 5279//5279 5280//5280 5300//5300
f 5280//5280 5301//5301 5300//5300
f 5281//5281 5282//5282 5302//5302
f 5282//5282 5303//5303 5302//5302
f 5282//5282 5283//5283 5303//5303
f 5283//5283 5304//5304 5303//5303
f 5283//5283 5284//5284 5304//5304
f 5284//5284 5305//5305 5304//5304
f 5284//5284 5285//5285 5305//5305
f 5285//5285 5306//5306 5305//5305
f 5285//5285 5286//5286 5306//5306
f 5286//5286 5307//5307 5306//5306
f 5286//5286 5287//5287 5307//5307
f 5287//5287 5308//5308 5307//5307
f 5287//5287 5288//5288 5308//5308
f 5288//5288 5309//5309 5308//5308
f 5288//5288 5289//5289 5309//5309
f 5289//5289 5310//5310 5309//5309
f 5289//5289 5290//5290 5310//5310
f 5290//5290 5311//5311 5310//5310
f 5290//5290 5291//5291 5311//5311
f 5291//5291 5312//5312 5311//5311
f 5291//5291 5292//5292 5312//5312
f 5292//5292 5313//5313 5312//5312
f 5292//5292 5293//5293 5313//5313
f 5293//5293 5314//5314 5313//5313
f 5293//5293 5294//5294 5314//5314
f 5294//5294 5315//5315 5314//5314
f 5294//5294 5295//5295 5315//5315
f 5295//5295 5316//5316 5315//5315
f 5295//5295 5296//5296 5316//5316
f 5296//5296 5317//5317 5316//5316
f 5296//5296 5297//5297 5317//5317
f 5297//5297 5318//5318 5317//5317
f 5297//5297 5298//5298 5318//5318
f 5298//5298 5319//5319 5318//5318
f 5298//5298 5299//5299 5319//5319
f 5299//5299 5320//5320 5319//5319
f 5299//5299 5300//5300 5320//5320
f 5300//5300 5321//5321 5320//5320
f 5300//5300 5301//5301 5321//5321
f 5301//5301 5322//5322 5321//5321
f 5302//5302 5303//5303 5323//5323
f 5303//5303 5324//5324 5323//5323
f 5303//5303 5304//5304 5324//5324
f 5304//5304 5325//5325 5324//5324
f 5304//5304 5305//5305 5325//5325
f 5305//5305 5326//5326 5325//5325
f 5305//5305 5306//5306 5326//5326
f 5306//5306 5327//5327 5326//5326
f 5306//5306 5307//5307 5327//5327
f 5307//5307 5328//5328 5327//5327
f 5307//5307 5308//5308 5328//5328
f 5308//5308 5329//5329 5328//5328
f 5308//5308 5309//5309 5329//5329
f 5309//5309 5330//5330 5329//5329
f 5309//5309 5310//5310 5330//5330
f 5310//5310 5331//5331 5330//5330
f 5310//5310 5311//5311 5331//5331
f 5311//5311 5332//5332 5331//5331
f 5311//5311 5312//5312 5332//5332
f 5312//5312 5333//5333 5332//5332
f 5312//5312 5313//5313 5333//5333
f 5313//5313 5334//5334 5333//5333
f 5313//5313 5314//5314 5334//5334
f 5314//5314 5335//5335 5334//5334
f 5314//5314 5315//5315 5335//5335
f 5315//5315 5336//5336 5335//5335
f 5315//5315 5316//5316 5336//5336
f 5316//5316 5337//5337 5336//5336
f 5316//5316 5317//5317 5337//5337
f 5317//5317 5338//5338 5337//5337
f 5317//5317 5318//5318 5338//5338
f 5318//5318 5339//5339 5338//5338
f 5318//5318 5319//5319 5339//5339
f 5319//5319 5340//5340 5339//5339
f 5319//5319 5320//5320 5340//5340
f 5320//5320 5341//5341 5340//5340
f 5320//5320 5321//5321 5341//5341
f 5321//5321 5342//5342 5341//5341
f 5321//5321 5322//5322 5342//5342
f 5322//5322 5343//5343 5342//5342
f 5323//5323 5324//5324 5344//5344
f 5324//5324 5345//5345 5344//5344
f 5324//5324 5325//5325 5345//5345
f 5325//5325 5346//5346 5345//5345
f 5325//5325 5326//5326 5346//5346
f 5326//5326 5347//5347 5346//5346
f 5326//5326 5327//5327 5347//5347
f 5327//5327 5348//5348 5347//5347
f 5327//5327 5328//5328 5348//5348
f 5328//5328 5349//5349 5348//5348
f 5328//5328 5329//5329 5349//5349
f 5329//5329 5350//5350 5349//5349
f 5329//5329 5330//5330 5350//5350
f 5330//5330 5351//5351 5350//5350
f 5330//5330 5331//5331 5351//5351
f 5331//5331 5352//5352 5351//5351
f 5331//5331 5332//5332 5352//5352
f 5332//5332 5353//5353 5352//5352
f 5332//5332 5333//5333 5353//5353
f 5333//5333 5354//5354 5353//5353
f 5333//5333 5334//5334 5354//5354
f 5334//5334 5355//5355 5354//5354
f 5334//5334 5335//5335 5355//5355
f 5335//5335 5356//5356 5355//5355
f 5335//5335 5336//5336 5356//5356
f 5336//5336 5357//5357 5356//5356
f 5336//5336 5337//5337 5357//5357
f 5337//5337 5358//5358 5357//5357
f 5337//5337 5338//5338 5358//5358
f 5338//5338 5359//5359 5358//5358
f 5338//5338 5339//5339 5359//5359
f 5339//5339 5360//5360 5359//5359
f 5339//5339 5340//5340 5360//5360
f 5340//5340 5361//5361 5360//5360
f 5340//5340 5341//5341 5361//5361
f 5341//5341 5362//5362 5361//5361
f 5341//5341 5342//5342 5362//5362
f 5342//5342 5363//5363 5362//5362
f 5342//5342 5343//5343 5363//5363
f 5343//5343 5364//5364 5363//5363
f 5344//5344 5345//5345 5365//5365
f 5345//5345 5366//5366 5365//5365
f 5345//5345 5346//5346 5366//5366
f 5346//5346 5367//5367 5366//5366
f 5346//5346 5347//5347 5367//5367
f 5347//5347 5368//5368 5367//5367
f 5347//5347 5348//5348 5368//5368
f 5348//5348 5369//5369 5368//5368
f 5348//5348 5349//5349 5369//5369
f 5349//5349 5370//5370 5369//5369
f 5349//5349 5350//5350 5370//5370
f 5350//5350 5371//5371 5370//5370
f 5350//5350 5351//5351 5371//5371
f 5351//5351 5372//5372 5371//5371
f 5351//5351 5352//5352 5372//5372
f 5352//5352 5373//5373 5372//5372
f 5352//5352 5353//5353 5373//5373
f 5353//5353 5374//5374 5373//5373
f 5353//5353 5354//5354 5374//5374
f 5354//5354 5375//5375 5374//5374
f 5354//5354 5355//5355 5375//5375
f 5355//5355 5376//5376 5375//5375
f 5355//5355 5356//5356 5376//5376
f 5356//5356 5377//5377 5376//5376
f 5356//5356 5357//5357 5377//5377
f 5357//5357 5378//5378 5377//5377
f 5357//5357 5358//5358 5378//5378
f 5358//5358 5379//5379 5378//5378
f 5358//5358 5359//5359 5379//5379
f 5359//5359 5380//5380 5379//5379
f 5359//5359 5360//5360 5380//5380
f 5360//5360 5381//5381 5380//5380
f 5360//5360 5361//5361 5381//5381
f 5361//5361 5382//5382 5381//5381
f 5361//5361 5362//5362 5382//5382
f 5362//5362 5383//5383 5382//5382
f 5362//5362 5363//5363 5383//5383
f 5363//5363 5384//5384 5383//5383
f 5363//5363 5364//5364 5384//5384
f 5364//5364 5385//5385 5384//5384
f 5386//5386 5387//5387 5407//5407
f 5387//5387 5408//5408 5407//5407
f 5387//5387 5388//5388 5408//5408
f 5388//5388 5409//5409 5408//5408
f 5388//5388 5389//5389 5409//5409
f 5389//5389 5410//5410 5409//5409
f 5389//5389 5390//5390 5410//5410
f 5390//5390 5411//5411 5410//5410
f 5390//5390 5391//5391 5411//5411
f 5391//5391 5412//5412 5411//5411
f 5391//5391 5392//5392 5412//5412
f 5392//5392 5413//5413 5412//5412
f 5392//5392 5393//5393 5413//5413
f 5393//5393 5414//5414 5413//5413
f 5393//5393 5394//5394 5414//5414
f 5394//5394 5415//5415 5414//5414
f 5394//5394 5395//5395 5415//5415
f 5395//5395 5416//5416 5415//5415
f 5395//5395 5396//5396 5416//5416
f 5396//5396 5417//5417 5416//5416
f 5396//5396 5397//5397 5417//5417
f 5397//5397 5418//5418 5417//5417
f 5397//5397 5398//5398 5418//5418
f 5398//5398 5419//5419 5418//5418
f 5398//5398 5399//5399 5419//5419
f 5399//5399 5420//5420 5419//5419
f 5399//5399 5400//5400 5420//5420
f 5400//5400 5421//5421 5420//5420
f 5400//5400 5401//5401 5421//5421
f 5401//5401 5422//5422 5421//5421
f 5401//5401 5402//5402 5422//5422
f 5402//5402 5423//5423 5422//5422
f 5402//5402 5403//5403 5423//5423
f 5403//5403 5424//5424 5423//5423
f 5403//5403 5404//5404 5424//5424
f 5404//5404 5425//5425 5424//5424
f 5404//5404 5405//5405 5425//5425
f 5405//5405 5426//5426 5425//5425
f 5405//5405 5406//5406 5426//5426
f 5406//5406 5427//5427 5426//5426
f 5407//5407 5408//5408 5428//5428
f 5408//5408 5429//5429 5428//5428
f 5408//5408 5409//5409 5429//5429
f 5409//5409 5430//5430 5429//5429
f 5409//5409 5410//5410 5430//5430
f 5410//5410 5431//5431 5430//5430
f 5410//5410 5411//5411 5431//5431
f 5411//5411 5432//5432 5431//5431
f 5411//5411 5412//5412 5432//5432
f 5412//5412 5433//5433 5432//5432
f 5412//5412 5413//5413 5433//5433
f 5413//5413 5434//5434 5433//5433
f 5413//5413 5414//5414 5434//5434
f 5414//5414 5435//5435 5434//5434
f 5414//5414 5415//5415 5435//5435
f 5415//5415 5436//5436 5435//5435
f 5415//5415 5416//5416 5436//5436
f 5416//5416 5437//5437 5436//5436
f 5416//5416 5417//5417 5437//5437
f 5417//5417 5438//5438 5437//5437
f 5417//5417 5418//5418 5438//5438
f 5418//5418 5439//5439 5438//5438
f 5418//5418 5419//5419 5439//5439
f 5419//5419 5440//5440 5439//5439
f 5419//5419 5420//5420 5440//5440
f 5420//5420 5441//5441 5440//5440
f 5420//5420 5421//5421 5441//5441
f 5421//5421 5442//5442 5441//5441
f 5421//5421 5422//5422 5442//5442
f 5422//5422 5443//5443 5442//5442
f 5422//5422 5423//5423 5443//5443
f 5423//5423 5444//5444 5443//5443
f 5423//5423 5424//5424 5444//5444
f 5424//5424 5445//5445 5444//5444
f 5424//5424 5425//5425 5445//5445
f 5425//5425 5446//5446 5445//5445
f 5425//5425 5426//5426 5446//5446
f 5426//5426 5447//5447 5446//5446
f 5426//5426 5427//5427 5447//5447
f 5427//5427 5448//5448 5447//5447
f 5428//5428 5429//5429 5449//5449
f 5429//5429 5450//5450 5449//5449
f 5429//5429 5430//5430 5450//5450
f 5430//5430 5451//5451 5450//5450
f 5430//5430 5431//5431 5451//5451
f 5431//5431 5452//5452 5451//5451
f 5431//5431 5432//5432 5452//5452
f 5432//5432 5453//5453 5452//5452
f 5432//5432 5433//5433 5453//5453
f 5433//5433 5454//5454 5453//5453
f 5433//5433 5434//5434 5454//5454
f 5434//5434 5455//5455 5454//5454
f 5434//5434 5435//5435 5455//5455
f 5435//5435 5456//5456 5455//5455
f 5435//5435 5436//5436 5456//5456
f 5436//5436 5457//5457 5456//5456
f 5436//5436 5437//5437 5457//5457
f 5437//5437 5458//5458 5457//5457
f 5437//5437 5438//5438 5458//5458
f 5438//5438 5459//5459 5458//5458
f 5438//5438 5439//5439 5459//5459
f 5439//5439 5460//5460 5459//5459
f 5439//5439 5440//5440 5460//5460
f 5440//5440 5461//5461 5460//5460
f 5440//5440 5441//5441 5461//5461
f 5441//5441 5462//5462 5461//5461
f 5441//5441 5442//5442 5462//5462
f 5442//5442 5463//5463 5462//5462
f 5442//5442 5443//5443 5463//5463
f 5443//5443 5464//5464 5463//5463
f 5443//5443 5444//5444 5464//5464
f 5444//5444 5465//5465 5464//5464
f 5444//5444 5445//5445 5465//5465
f 5445//5445 5466//5466 5465//5465
f 5445//5445 5446//5446 5466//5466
f 5446//5446 5467//5467 5466//5466
f 5446//5446 5447//5447 5467//5467
f 5447//5447 5468//5468 5467//5467
f 5447//5447 5448//5448 5468//5468
f 5448//5448 5469//5469 5468//5468
f 5449//5449 5450//5450 5470//5470
f 5450//5450 5471//5471 5470//5470
f 5450//5450 5451//5451 5471//5471
f 5451//5451 5472//5472 5471//5471
f 5451//5451 5452//5452 5472//5472
f 5452//5452 5473//5473 5472//5472
f 5452//5452 5453//5453 5473//5473
f 5453//5453 5474//5474 5473//5473
f 5453//5453 5454//5454 5474//5474
f 5454//5454 5475//5475 5474//5474
f 5454//5454 5455//5455 5475//5475
f 5455//5455 5476//5476 5475//5475
f 5455//5455 5456//5456 5476//5476
f 5456//5456 5477//5477 5476//5476
f 5456//5456 5457//5457 5477//5477
f 5457//5457 5478//5478 5477//5477
f 5457//5457 5458//5458 5478//5478
f 5458//5458 5479//5479 5478//5478
f 5458//5458 5459//5459 5479//5479
f 5459//5459 5480//5480 5479//5479
f 5459//5459 5460//5460 5480//5480
f 5460//5460 5481//5481 5480//5480
f 5460//5460 5461//5461 5481//5481
f 5461//5461 5482//5482 5481//5481
f 5461//5461 5462//5462 5482//5482
f 5462//5462 5483//5483 5482//5482
f 5462//5462 5463//5463 5483//5483
f 5463//5463 5484//5484 5483//5483
f 5463//5463 5464//5464 5484//5484
f 5464//5464 5485//5485 5484//5484
f 5464//5464 5465//5465 5485//5485
f 5465//5465 5486//5486 5485//5485
f 5465//5465 5466//5466 5486//5486
f 5466//5466 5487//5487 5486//5486
f 5466//5466 5467//5467 5487//5487
f 5467//5467 5488//5488 5487//5487
f 5467//5467 5468//5468 5488//5488
f 5468//5468 5489//5489 5488//5488
f 5468//5468 5469//5469 5489//5489
f 5469//5469 5490//5490 5489//5489
f 5470//5470 5471//5471 5491//5491
f 5471//5471 5492//5492 5491//5491
f 5471//5471 5472//5472 5492//5492
f 5472//5472 5493//5493 5492//5492
f 5472//5472 5473//5473 5493//5493
f 5473//5473 5494//5494 5493//5493
f 5473//5473 5474//5474 5494//5494
f 5474//5474 5495//5495 5494//5494
f 5474//5474 5475//5475 5495//5495
f 5475//5475 5496//5496 5495//5495
f 5475//5475 5476//5476 5496//5496
f 5476//5476 5497//5497 5496//5496
f 5476//5476 5477//5477 5497//5497
f 5477//5477 5498//5498 5497//5497
f 5477//5477 5478//5478 5498//5498
f 5478//5478 5499//5499 5498//5498
f 5478//5478 5479//5479 5499//5499
f 5479//5479 5500//5500 5499//5499
f 5479//5479 5480//5480 5500//5500
f 5480//5480 5501//5501 5500//5500
f 5480//5480 5481//5481 5501//5501
f 5481//5481 5502//5502 5501//5501
f 5481//5481 5482//5482 5502//5502
f 5482//5482 5503//5503 5502//5502
f 5482//5482 5483//5483 5503//5503
f 5483//5483 5504//5504 5503//5503
f 5483//5483 5484//5484 5504//5504
f 5484//5484 5505//5505 5504//5504
f 5484//5484 5485//5485 5505//5505
f 5485//5485 5506//5506 5505//5505
f 5485//5485 5486//5486 5506//5506
f 5486//5486 5507//5507 5506//5506
f 5486//5486 5487//5487 5507//5507
f 5487//5487 5508//5508 5507//5507
f 5487//5487 5488//5488 5508//5508
f 5488//5488 5509//5509 5508//5508
f 5488//5488 5489//5489 5509//5509
f 5489//5489 5510//5510 5509//5509
f 5489//5489 5490//5490 5510//5510
f 5490//5490 5511//5511 5510//5510
f 5491//5491 5492//5492 5512//5512
f 5492//5492 5513//5513 5512//5512
f 5492//5492 5493//5493 5513//5513
f 5493//5493 5514//5514 5513//5513
f 5493//5493 5494//5494 5514//5514
f 5494//5494 5515//5515 5514//5514
f 5494//5494 5495//5495 5515//5515
f 5495//5495 5516//5516 5515//5515
f 5495//5495 5496//5496 5516//5516
f 5496//5496 5517//5517 5516//5516
f 5496//5496 5497//5497 5517//5517
f 5497//5497 5518//5518 5517//5517
f 5497//5497 5498//5498 5518//5518
f 5498//5498 5519//5519 5518//5518
f 5498//5498 5499//5499 5519//5519
f 5499//5499 5520//5520 5519//5519
f 5499//5499 5500//5500 5520//5520
f 5500//5500 5521//5521 5520//5520
f 5500//5500 5501//5501 5521//5521
f 5501//5501 5522//5522 5521//5521
f 5501//5501 5502//5502 5522//5522
f 5502//5502 5523//5523 5522//5522
f 5502//5502 5503//5503 5523//5523
f 5503//5503 5524//5524 5523//5523
f 5503//5503 5504//5504 5524//5524
f 5504//5504 5525//5525 5524//5524
f 5504//5504 5505//5505 5525//5525
f 5505//5505 5526//5526 5525//5525
f 5505//5505 5506//5506 5526//5526
f 5506//5506 5527//5527 5526//5526
f 5506//5506 5507//5507 5527//5527
f 5507//5507 5528//5528 5527//5527
f 5507//5507 5508//5508 5528//5528
f 5508//5508 5529//5529 5528//5528
f 5508//5508 5509//5509 5529//5529
f 5509//5509 5530//5530 5529//5529
f 5509//5509 5510//5510 5530//5530
f 5510//5510 5531//5531 5530//5530
f 5510//5510 5511//5511 5531//5531
f 5511//5511 5532//5532 5531//5531
f 5512//5512 5513//5513 5533//5533
f 5513//5513 5534//5534 5533//5533
f 5513//5513 5514//5514 5534//5534
f 5514//5514 5535//5535 5534//5534
f 5514//5514 5515//5515 5535//5535
f 5515//5515 5536//5536 5535//5535
f 5515//5515 5516//5516 5536//5536
f 5516//5516 5537//5537 5536//5536
f 5516//5516 5517//5517 5537//5537
f 5517//5517 5538//5538 5537//5537
f 5517//5517 5518//5518 5538//5538
f 5518//5518 5539//5539 5538//5538
f 5518//5518 5519//5519 5539//5539
f 5519//5519 5540//5540 5539//5539
f 5519//5519 5520//5520 5540//5540
f 5520//5520 5541//5541 5540//5540
f 5520//5520 5521//5521 5541//5541
f 5521//5521 5542//5542 5541//5541
f 5521//5521 5522//5522 5542//5542
f 5522//5522 5543//5543 5542//5542
f 5522//5522 5523//5523 5543//5543
f 5523//5523 5544//5544 5543//5543
f 5523//5523 5524//5524 5544//5544
f 5524//5524 5545//5545 5544//5544
f 5524//5524 5525//5525 5545//5545
f 5525//5525 5546//5546 5545//5545
f 5525//5525 5526//5526 5546//5546
f 5526//5526 5547//5547 5546//5546
f 5526//5526 5527//5527 5547//5547
f 5527//5527 5548//5548 5547//5547
f 5527//5527 5528//5528 5548//5548
f 5528//5528 5549//5549 5548//5548
f 5528//5528 5529//5529 5549//5549
f 5529//5529 5550//5550 5549//5549
f 5529//5529 5530//5530 5550//5550
f 5530//5530 5551//5551 5550//5550
f 5530//5530 5531//5531 5551//5551
f 5531//5531 5552//5552 5551//5551
f 5531//5531 5532//5532 5552//5552
f 5532//5532 5553//5553 5552//5552
f 5533//5533 5534//5534 5554//5554
f 5534//5534 5555//5555 5554//5554
f 5534//5534 5535//5535 5555//5555
f 5535//5535 5556//5556 5555//5555
f 5535//5535 5536//5536 5556//5556
f 5536//5536 5557//5557 5556//5556
f 5536//5536 5537//5537 5557//5557
f 5537//5537 5558//5558 5557//5557
f 5537//5537 5538//5538 5558//5558
f 5538//5538 5559//5559 5558//5558
f 5538//5538 5539//5539 5559//5559
f 5539//5539 5560//5560 5559//5559
f 5539//5539 5540//5540 5560//5560
f 5540//5540 5561//5561 5560//5560
f 5540//5540 5541//5541 5561//5561
f 5541//5541 5562//5562 5561//5561
f 5541//5541 5542//5542 5562//5562
f 5542//5542 5563//5563 5562//5562
f 5542//5542 5543//5543 5563//5563
f 5543//5543 5564//5564 5563//5563
f 5543//5543 5544//5544 5564//5564
f 5544//5544 5565//5565 5564//5564
f 5544//5544 5545//5545 5565//5565
f 5545//5545 5566//5566 5565//5565
f 5545//5545 5546//5546 5566//5566
f 5546//5546 5567//5567 5566//5566
f 5546//5546 5547//5547 5567//5567
f 5547//5547 5568//5568 5567//5567
f 5547//5547 5548//5548 5568//5568
f 5548//5548 5569//5569 5568//5568
f 5548//5548 5549//5549 5569//5569
f 5549//5549 5570//5570 5569//5569
f 5549//5549 5550//5550 5570//5570
f 5550//5550 5571//5571 5570//5570
f 5550//5550 5551//5551 5571//5571
f 5551//5551 5572//5572 5571//5571
f 5551//5551 5552//5552 5572//5572
f 5552//5552 5573//5573 5572//5572
f 5552//5552 5553//5553 5573//5573
f 5553//5553 5574//5574 5573//5573
f 5554//5554 5555//5555 5575//5575
f 5555//5555 5576//5576 5575//5575
f 5555//5555 5556//5556 5576//5576
f 5556//5556 5577//5577 5576//5576
f 5556//5556 5557//5557 5577//5577
f 5557//5557 5578//5578 5577//5577
f 5557//5557 5558//5558 5578//5578
f 5558//5558 5579//5579 5578//5578
f 5558//5558 5559//5559 5579//5579
f 5559//5559 5580//5580 5579//5579
f 5559//5559 5560//5560 5580//5580
f 5560//5560 5581//5581 5580//5580
f 5560//5560 5561//5561 5581//5581
f 5561//5561 5582//5582 5581//5581
f 5561//5561 5562//5562 5582//5582
f 5562//5562 5583//5583 5582//5582
f 5562//5562 5563//5563 5583//5583
f 5563//5563 5584//5584 5583//5583
f 5563//5563 5564//5564 5584//5584
f 5564//5564 5585//5585 5584//5584
f 5564//5564 5565//5565 5585//5585
f 5565//5565 5586//5586 5585//5585
f 5565//5565 5566//5566 5586//5586
f 5566//5566 5587//5587 5586//5586
f 5566//5566 5567//5567 5587//5587
f 5567//5567 5588//5588 5587//5587
f 5567//5567 5568//5568 5588//5588
f 5568//5568 5589//5589 5588//5588
f 5568//5568 5569//5569 5589//5589
f 5569//5569 5590//5590 5589//5589
f 5569//5569 5570//5570 5590//5590
f 5570//5570 5591//5591 5590//5590
f 5570//5570 5571//5571 5591//5591
f 5571//5571 5592//5592 5591//5591
f 5571//5571 5572//5572 5592//5592
f 5572//5572 5593//5593 5592//5592
f 5572//5572 5573//5573 5593//5593
f 5573//5573 5594//5594 5593//5593
f 5573//5573 5574//5574 5594//5594
f 5574//5574 5595//5595 5594//5594
f 5575//5575 5576//5576 5596//5596
f 5576//5576 5597//5597 5596//5596
f 5576//5576 5577//5577 5597//5597
f 5577//5577 5598//5598 5597//5597
f 5577//5577 5578//5578 5598//5598
f 5578//5578 5599//5599 5598//5598
f 5578//5578 5579//5579 5599//5599
f 5579//5579 5600//5600 5599//5599
f 5579//5579 5580//5580 5600//5600
f 5580//5580 5601//5601 5600//5600
f 5580//5580 5581//5581 5601//5601
f 5581//5581 5602//5602 5601//5601
f 5581//5581 5582//5582 5602//5602
f 5582//5582 5603//5603 5602//5602
f 5582//5582 5583//5583 5603//5603
f 5583//5583 5604//5604 5603//5603
f 5583//5583 5584//5584 5604//5604
f 5584//5584 5605//5605 5604//5604
f 5584//5584 5585//5585 5605//5605
f 5585//5585 5606//5606 5605//5605
f 5585//5585 5586//5586 5606//5606
f 5586//5586 5607//5607 5606//5606
f 5586//5586 5587//5587 5607//5607
f 5587//5587 5608//5608 5607//5607
f 5587//5587 5588//5588 5608//5608
f 5588//5588 5609//5609 5608//5608
f 5588//5588 5589//5589 5609//5609
f 5589//5589 5610//5610 5609//5609
f 5589//5589 5590//5590 5610//5610
f 5590//5590 5611//5611 5610//5610
f 5590//5590 5591//5591 5611//5611
f 5591//5591 5612//5612 5611//5611
f 5591//5591 5592//5592 5612//5612
f 5592//5592 5613//5613 5612//5612
f 5592//5592 5593//5593 5613//5613
f 5593//5593 5614//5614 5613//5613
f 5593//5593 5594//5594 5614//5614
f 5594//5594 5615//5615 5614//5614
f 5594//5594 5595//5595 5615//5615
f 5595//5595 5616//5616 5615//5615
f 5596//5596 5597//5597 5617//5617
f 5597//5597 5618//5618 5617//5617
f 5597//5597 5598//5598 5618//5618
f 5598//5598 5619//5619 5618//5618
f 5598//5598 5599//5599 5619//5619
f 5599//5599 5620//5620 5619//5619
f 5599//5599 5600//5600 5620//5620
f 5600//5600 5621//5621 5620//5620
f 5600//5600 5601//5601 5621//5621
f 5601//5601 5622//5622 5621//5621
f 5601//5601 5602//5602 5622//5622
f 5602//5602 5623//5623 5622//5622
f 5602//5602 5603//5603 5623//5623
f 5603//5603 5624//5624 5623//5623
f 5603//5603 5604//5604 5624//5624
f 5604//5604 5625//5625 5624//5624
f 5604//5604 5605//5605 5625//5625
f 5605//5605 5626//5626 5625//5625
f 5605//5605 5606//5606 5626//5626
f 5606//5606 5627//5627 5626//5626
f 5606//5606 5607//5607 5627//5627
f 5607//5607 5628//5628 5627//5627
f 5607//5607 5608//5608 5628//5628
f 5608//5608 5629//5629 5628//5628
f 5608//5608 5609//5609 5629//5629
f 5609//5609 5630//5630 5629//5629
f 5609//5609 5610//5610 5630//5630
f 5610//5610 5631//5631 5630//5630
f 5610//5610 5611//5611 5631//5631
f 5611//5611 5632//5632 5631//5631
f 5611//5611 5612//5612 5632//5632
f 5612//5612 5633//5633 5632//5632
f 5612//5612 5613//5613 5633//5633
f 5613//5613 5634//5634 5633//5633
f 5613//5613 5614//5614 5634//5634
f 5614//5614 5635//5635 5634//5634
f 5614//5614 5615//5615 5635//5635
f 5615//5615 5636//5636 5635//5635
f 5615//5615 5616//5616 5636//5636
f 5616//5616 5637//5637 5636//5636
f 5617//5617 5618//5618 5638//5638
f 5618//5618 5639//5639 5638//5638
f 5618//5618 5619//5619 5639//5639
f 5619//5619 5640//5640 5639//5639
f 5619//5619 5620//5620 5640//5640
f 5620//5620 5641//5641 5640//5640
f 5620//5620 5621//5621 5641//5641
f 5621//5621 5642//5642 5641//5641
f 5621//5621 5622//5622 5642//5642
f 5622//5622 5643//5643 5642//5642
f 5622//5622 5623//5623 5643//5643
f 5623//5623 5644//5644 5643//5643
f 5623//5623 5624//5624 5644//5644
f 5624//5624 5645//5645 5644//5644
f 5624//5624 5625//5625 5645//5645
f 5625//5625 5646//5646 5645//5645
f 5625//5625 5626//5626 5646//5646
f 5626//5626 5647//5647 5646//5646
f 5626//5626 5627//5627 5647//5647
f 5627//5627 5648//5648 5647//5647
f 5627//5627 5628//5628 5648//5648
f 5628//5628 5649//5649 5648//5648
f 5628//5628 5629//5629 5649//5649
f 5629//5629 5650//5650 5649//5649
f 5629//5629 5630//5630 5650//5650
f 5630//5630 5651//5651 5650//5650
f 5630//5630 5631//5631 5651//5651
f 5631//5631 5652//5652 5651//5651
f 5631//5631 5632//5632 5652//5652
f 5632//5632 5653//5653 5652//5652
f 5632//5632 5633//5633 5653//5653
f 5633//5633 5654//5654 5653//5653
f 5633//5633 5634//5634 5654//5654
f 5634//5634 5655//5655 5654//5654
f 5634//5634 5635//5635 5655//5655
f 5635//5635 5656//5656 5655//5655
f 5635//5635 5636//5636 5656//5656
f 5636//5636 5657//5657 5656//5656
f 5636//5636 5637//5637 5657//5657
f 5637//5637 5658//5658 5657//5657
f 5659//5659 5660//5660 5680//5680
f 5660//5660 5681//5681 5680//5680
f 5660//5660 5661//5661 5681//5681
f 5661//5661 5682//5682 5681//5681
f 5661//5661 5662//5662 5682//5682
f 5662//5662 5683//5683 5682//5682
f 5662//5662 5663//5663 5683//5683
f 5663//5663 5684//5684 5683//5683
f 5663//5663 5664//5664 5684//5684
f 5664//5664 5685//5685 5684//5684
f 5664//5664 5665//5665 5685//5685
f 5665//5665 5686//5686 5685//5685
f 5665//5665 5666//5666 5686//5686
f 5666//5666 5687//5687 5686//5686
f 5666//5666 5667//5667 5687//5687
f 5667//5667 5688//5688 5687//5687
f 5667//5667 5668//5668 5688//5688
f 5668//5668 5689//5689 5688//5688
f 5668//5668 5669//5669 5689//5689
f 5669//5669 5690//5690 5689//5689
f 5669//5669 5670//5670 5690//5690
f 5670//5670 5691//5691 5690//5690
f 5670//5670 5671//5671 5691//5691
f 5671//5671 5692//5692 5691//5691
f 5671//5671 5672//5672 5692//5692
f 5672//5672 5693//5693 5692//5692
f 5672//5672 5673//5673 5693//5693
f 5673//5673 5694//5694 5693//5693
f 5673//5673 5674//5674 5694//5694
f 5674//5674 5695//5695 5694//5694
f 5674//5674 5675//5675 5695//5695
f 5675//5675 5696//5696 5695//5695
f 5675//5675 5676//5676 5696//5696
f 5676//5676 5697//5697 5696//5696
f 5676//5676 5677//5677 5697//5697
f 5677//5677 5698//5698 5697//5697
f 5677//5677 5678//5678 5698//5698
f 5678//5678 5699//5699 5698//5698
f 5678//5678 5679//5679 5699//5699
f 5679//5679 5700//5700 5699//5699
f 5680//5680 5681//5681 5701//5701
f 5681//5681 5702//5702 5701//5701
f 5681//5681 5682//5682 5702//5702
f 5682//5682 5703//5703 5702//5702
f 5682//5682 5683//5683 5703//5703
f 5683//5683 5704//5704 5703//5703
f 5683//5683 5684//5684 5704//5704
f 5684//5684 5705//5705 5704//5704
f 5684//5684 5685//5685 5705//5705
f 5685//5685 5706//5706 5705//5705
f 5685//5685 5686//5686 5706//5706
f 5686//5686 5707//5707 5706//5706
f 5686//5686 5687//5687 5707//5707
f 5687//5687 5708//5708 5707//5707
f 5687//5687 5688//5688 5708//5708
f 5688//5688 5709//5709 5708//5708
f 5688//5688 5689//5689 5709//5709
f 5689//5689 5710//5710 5709//5709
f 5689//5689 5690//5690 5710//5710
f 5690//5690 5711//5711 5710//5710
f 5690//5690 5691//5691 5711//5711
f 5691//5691 5712//5712 5711//5711
f 5691//5691 5692//5692 5712//5712
f 5692//5692 5713//5713 5712//5712
f 5692//5692 5693//5693 5713//5713
f 5693//5693 5714//5714 5713//5713
f 5693//5693 5694//5694 5714//5714
f 5694//5694 5715//5715 5714//5714
f 5694//5694 5695//5695 5715//5715
f 5695//5695 5716//5716 5715//5715
f 5695//5695 5696//5696 5716//5716
f 5696//5696 5717//5717 5716//5716
f 5696//5696 5697//5697 5717//5717
f 5697//5697 5718//5718 5717//5717
f 5697//5697 5698//5698 5718//5718
f 5698//5698 5719//5719 5718//5718
f 5698//5698 5699//5699 5719//5719
f 5699//5699 5720//5720 5719//5719
f 5699//5699 5700//5700 5720//5720
f 5700//5700 5721//5721 5720//5720
f 5701//5701 5702//5702 5722//5722
f 5702//5702 5723//5723 5722//5722
f 5702//5702 5703//5703 5723//5723
f 5703//5703 5724//5724 5723//5723
f 5703//5703 5704//5704 5724//5724
f 5704//5704 5725//5725 5724//5724
f 5704//5704 5705//5705 5725//5725
f 5705//5705 5726//5726 5725//5725
f 5705//5705 5706//5706 5726//5726
f 5706//5706 5727//5727 5726//5726
f 5706//5706 5707//5707 5727//5727
f 5707//5707 5728//5728 5727//5727
f 5707//5707 5708//5708 5728//5728
f 5708//5708 5729//5729 5728//5728
f 5708//5708 5709//5709 5729//5729
f 5709//5709 5730//5730 5729//5729
f 5709//5709 5710//5710 5730//5730
f 5710//5710 5731//5731 5730//5730
f 5710//5710 5711//5711 5731//5731
f 5711//5711 5732//5732 5731//5731
f 5711//5711 5712//5712 5732//5732
f 5712//5712 5733//5733 5732//5732
f 5712//5712 5713//5713 5733//5733
f 5713//5713 5734//5734 5733//5733
f 5713//5713 5714//5714 5734//5734
f 5714//5714 5735//5735 5734//5734
f 5714//5714 5715//5715 5735//5735
f 5715//5715 5736//5736 5735//5735
f 5715//5715 5716//5716 5736//5736
f 5716//5716 5737//5737 5736//5736
f 5716//5716 5717//5717 5737//5737
f 5717//5717 5738//5738 5737//5737
f 5717//5717 5718//5718 5738//5738
f 5718//5718 5739//5739 5738//5738
f 5718//5718 5719//5719 5739//5739
f 5719//5719 5740//5740 5739//5739
f 5719//5719 5720//5720 5740//5740
f 5720//5720 5741//5741 5740//5740
f 5720//5720 5721//5721 5741//5741
f 5721//5721 5742//5742 5741//5741
f 5722//5722 5723//5723 5743//5743
f 5723//5723 5744//5744 5743//5743
f 5723//5723 5724//5724 5744//5744
f 5724//5724 5745//5745 5744//5744
f 5724//5724 5725//5725 5745//5745
f 5725//5725 5746//5746 5745//5745
f 5725//5725 5726//5726 5746//5746
f 5726//5726 5747//5747 5746//5746
f 5726//5726 5727//5727 5747//5747
f 5727//5727 5748//5748 5747//5747
f 5727//5727 5728//5728 5748//5748
f 5728//5728 5749//5749 5748//5748
f 5728//5728 5729//5729 5749//5749
f 5729//5729 5750//5750 5749//5749
f 5729//5729 5730//5730 5750//5750
f 5730//5730 5751//5751 5750//5750
f 5730//5730 5731//5731 5751//5751
f 5731//5731 5752//5752 5751//5751
f 5731//5731 5732//5732 5752//5752
f 5732//5732 5753//5753 5752//5752
f 5732//5732 5733//5733 5753//5753
f 5733//5733 5754//5754 5753//5753
f 5733//5733 5734//5734 5754//5754
f 5734//5734 5755//5755 5754//5754
f 5734//5734 5735//5735 5755//5755
f 5735//5735 5756//5756 5755//5755
f 5735//5735 5736//5736 5756//5756
f 5736//5736 5757//5757 5756//5756
f 5736//5736 5737//5737 5757//5757
f 5737//5737 5758//5758 5757//5757
f 5737//5737 5738//5738 5758//5758
f 5738//5738 5759//5759 5758//5758
f 5738//5738 5739//5739 5759//5759
f 5739//5739 5760//5760 5759//5759
f 5739//5739 5740//5740 5760//5760
f 5740//5740 5761//5761 5760//5760
f 5740//5740 5741//5741 5761//5761
f 5741//5741 5762//5762 5761//5761
f 5741//5741 5742//5742 5762//5762
f 5742//5742 5763//5763 5762//5762
f 5743//5743 5744//5744 5764//5764
f 5744//5744 5765//5765 5764//5764
f 5744//5744 5745//5745 5765//5765
f 5745//5745 5766//5766 5765//5765
f 5745//5745 5746//5746 5766//5766
f 5746//5746 5767//5767 5766//5766
f 5746//5746 5747//5747 5767//5767
f 5747//5747 5768//5768 5767//5767
f 5747//5747 5748//5748 5768//5768
f 5748//5748 5769//5769 5768//5768
f 5748//5748 5749//5749 5769//5769
f 5749//5749 5770//5770 5769//5769
f 5749//5749 5750//5750 5770//5770
f 5750//5750 5771//5771 5770//5770
f 5750//5750 5751//5751 5771//5771
f 5751//5751 5772//5772 5771//5771
f 5751//5751 5752//5752 5772//5772
f 5752//5752 5773//5773 5772//5772
f 5752//5752 5753//5753 5773//5773
f 5753//5753 5774//5774 5773//5773
f 5753//5753 5754//5754 5774//5774
f 5754//5754 5775//5775 5774//5774
f 5754//5754 5755//5755 5775//5775
f 5755//5755 5776//5776 5775//5775
f 5755//5755 5756//5756 5776//5776
f 5756//5756 5777//5777 5776//5776
f 5756//5756 5757//5757 5777//5777
f 5757//5757 5778//5778 5777//5777
f 5757//5757 5758//5758 5778//5778
f 5758//5758 5779//5779 5778//5778
f 5758//5758 5759//5759 5779//5779
f 5759//5759 5780//5780 5779//5779
f 5759//5759 5760//5760 5780//5780
f 5760//5760 5781//5781 5780//5780
f 5760//5760 5761//5761 5781//5781
f 5761//5761 5782//5782 5781//5781
f 5761//5761 5762//5762 5782//5782
f 5762//5762 5783//5783 5782//5782
f 5762//5762 5763//5763 5783//5783
f 5763//5763 5784//5784 5783//5783
f 5764//5764 5765//5765 5785//5785
f 5765//5765 5786//5786 5785//5785
f 5765//5765 5766//5766 5786//5786
f 5766//5766 5787//5787 5786//5786
f 5766//5766 5767//5767 5787//5787
f 5767//5767 5788//5788 5787//5787
f 5767//5767 5768//5768 5788//5788
f 5768//5768 5789//5789 5788//5788
f 5768//5768 5769//5769 5789//5789
f 5769//5769 5790//5790 5789//5789
f 5769//5769 5770//5770 5790//5790
f 5770//5770 5791//5791 5790//5790
f 5770//5770 5771//5771 5791//5791
f 5771//5771 5792//5792 5791//5791
f 5771//5771 5772//5772 5792//5792
f 5772//5772 5793//5793 5792//5792
f 5772//5772 5773//5773 5793//5793
f 5773//5773 5794//5794 5793//5793
f 5773//5773 5774//5774 5794//5794
f 5774//5774 5795//5795 5794//5794
f 5774//5774 5775//5775 5795//5795
f 5775//5775 5796//5796 5795//5795
f 5775//5775 5776//5776 5796//5796
f 5776//5776 5797//5797 5796//5796
f 5776//5776 5777//5777 5797//5797
f 5777//5777 5798//5798 5797//5797
f 5777//5777 5778//5778 5798//5798
f 5778//5778 5799//5799 5798//5798
f 5778//5778 5779//5779 5799//5799
f 5779//5779 5800//5800 5799//5799
f 5779//5779 5780//5780 5800//5800
f 5780//5780 5801//5801 5800//5800
f 5780//5780 5781//5781 5801//5801
f 5781//5781 5802//5802 5801//5801
f 5781//5781 5782//5782 5802//5802
f 5782//5782 5803//5803 5802//5802
f 5782//5782 5783//5783 5803//5803
f 5783//5783 5804//5804 5803//5803
f 5783//5783 5784//5784 5804//5804
f 5784//5784 5805//5805 5804//5804
f 5785//5785 5786//5786 5806//5806
f 5786//5786 5807//5807 5806//5806
f 5786//5786 5787//5787 5807//5807
f 5787//5787 5808//5808 5807//5807
f 5787//5787 5788//5788 5808//5808
f 5788//5788 5809//5809 5808//5808
f 5788//5788 5789//5789 5809//5809
f 5789//5789 5810//5810 5809//5809
f 5789//5789 5790//5790 5810//5810
f 5790//5790 5811//5811 5810//5810
f 5790//5790 5791//5791 5811//5811
f 5791//5791 5812//5812 5811//5811
f 5791//5791 5792//5792 5812//5812
f 5792//5792 5813//5813 5812//5812
f 5792//5792 5793//5793 5813//5813
f 5793//5793 5814//5814 5813//5813
f 5793//5793 5794//5794 5814//5814
f 5794//5794 5815//5815 5814//5814
f 5794//5794 5795//5795 5815//5815
f 5795//5795 5816//5816 5815//5815
f 5795//5795 5796//5796 5816//5816
f 5796//5796 5817//5817 5816//5816
f 5796//5796 5797//5797 5817//5817
f 5797//5797 5818//5818 5817//5817
f 5797//5797 5798//5798 5818//5818
f 5798//5798 5819//5819 5818//5818
f 5798//5798 5799//5799 5819//5819
f 5799//5799 5820//5820 5819//5819
f 5799//5799 5800//5800 5820//5820
f 5800//5800 5821//5821 5820//5820
f 5800//5800 5801//5801 5821//5821
f 5801//5801 5822//5822 5821//5821
f 5801//5801 5802//5802 5822//5822
f 5802//5802 5823//5823 5822//5822
f 5802//5802 5803//5803 5823//5823
f 5803//5803 5824//5824 5823//5823
f 5803//5803 5804//5804 5824//5824
f 5804//5804 5825//5825 5824//5824
f 5804//5804 5805//5805 5825//5825
f 5805//5805 5826//5826 5825//5825
f 5806//5806 5807//5807 5827//5827
f 5807//5807 5828//5828 5827//5827
f 5807//5807 5808//5808 5828//5828
f 5808//5808 5829//5829 5828//5828
f 5808//5808 5809//5809 5829//5829
f 5809//5809 5830//5830 5829//5829
f 5809//5809 5810//5810 5830//5830
f 5810//5810 5831//5831 5830//5830
f 5810//5810 5811//5811 5831//5831
f 5811//5811 5832//5832 5831//5831
f 5811//5811 5812//5812 5832//5832
f 5812//5812 5833//5833 5832//5832
f 5812//5812 5813//5813 5833//5833
f 5813//5813 5834//5834 5833//5833
f 5813//5813 5814//5814 5834//5834
f 5814//5814 5835//5835 5834//5834
f 5814//5814 5815//5815 5835//5835
f 5815//5815 5836//5836 5835//5835
f 5815//5815 5816//5816 5836//5836
f 5816//5816 5837//5837 5836//5836
f 5816//5816 5817//5817 5837//5837
f 5817//5817 5838//5838 5837//5837
f 5817//5817 5818//5818 5838//5838
f 5818//5818 5839//5839 5838//5838
f 5818//5818 5819//5819 5839//5839
f 5819//5819 5840//5840 5839//5839
f 5819//5819 5820//5820 5840//5840
f 5820//5820 5841//5841 5840//5840
f 5820//5820 5821//5821 5841//5841
f 5821//5821 5842//5842 5841//5841
f 5821//5821 5822//5822 5842//5842
f 5822//5822 5843//5843 5842//5842
f 5822//5822 5823//5823 5843//5843
f 5823//5823 5844//5844 5843//5843
f 5823//5823 5824//5824 5844//5844
f 5824//5824 5845//5845 5844//5844
f 5824//5824 5825//5825 5845//5845
f 5825//5825 5846//5846 5845//5845
f 5825//5825 5826//5826 5846//5846
f 5826//5826 5847//5847 5846//5846
f 5827//5827 5828//5828 5848//5848
f 5828//5828 5849//5849 5848//5848
f 5828//5828 5829//5829 5849//5849
f 5829//5829 5850//5850 5849//5849
f 5829//5829 5830//5830 5850//5850
f 5830//5830 5851//5851 5850//5850
f 5830//5830 5831//5831 5851//5851
f 5831//5831 5852//5852 5851//5851
f 5831//5831 5832//5832 5852//5852
f 5832//5832 5853//5853 5852//5852
f 5832//5832 5833//5833 5853//5853
f 5833//5833 5854//5854 5853//5853
f 5833//5833 5834//5834 5854//5854
f 5834//5834 5855//5855 5854//5854
f 5834//5834 5835//5835 5855//5855
f 5835//5835 5856//5856 5855//5855
f 5835//5835 5836//5836 5856//5856
f 5836//5836 5857//5857 5856//5856
f 5836//5836 5837//5837 5857//5857
f 5837//5837 5858//5858 5857//5857
f 5837//5837 5838//5838 5858//5858
f 5838//5838 5859//5859 5858//5858
f 5838//5838 5839//5839 5859//5859
f 5839//5839 5860//5860 5859//5859
f 5839//5839 5840//5840 5860//5860
f 5840//5840 5861//5861 5860//5860
f 5840//5840 5841//5841 5861//5861
f 5841//5841 5862//5862 5861//5861
f 5841//5841 5842//5842 5862//5862
f 5842//5842 5863//5863 5862//5862
f 5842//5842 5843//5843 5863//5863
f 5843//5843 5864//5864 5863//5863
f 5843//5843 5844//5844 5864//5864
f 5844//5844 5865//5865 5864//5864
f 5844//5844 5845//5845 5865//5865
f 5845//5845 5866//5866 5865//5865
f 5845//5845 5846//5846 5866//5866
f 5846//5846 5867//5867 5866//5866
f 5846//5846 5847//5847 5867//5867
f 5847//5847 5868//5868 5867//5867
f 5848//5848 5849//5849 5869//5869
f 5849//5849 5870//5870 5869//5869
f 5849//5849 5850//5850 5870//5870
f 5850//5850 5871//5871 5870//5870
f 5850//5850 5851//5851 5871//5871
f 5851//5851 5872//5872 5871//5871
f 5851//5851 5852//5852 5872//5872
f 5852//5852 5873//5873 5872//5872
f 5852//5852 5853//5853 5873//5873
f 5853//5853 5874//5874 5873//5873
f 5853//5853 5854//5854 5874//5874
f 5854//5854 5875//5875 5874//5874
f 5854//5854 5855//5855 5875//5875
f 5855//5855 5876//5876 5875//5875
f 5855//5855 5856//5856 5876//5876
f 5856//5856 5877//5877 5876//5876
f 5856//5856 5857//5857 5877//5877
f 5857//5857 5878//5878 5877//5877
f 5857//5857 5858//5858 5878//5878
f 5858//5858 5879//5879 5878//5878
f 5858//5858 5859//5859 5879//5879
f 5859//5859 5880//5880 5879//5879
f 5859//5859 5860//5860 5880//5880
f 5860//5860 5881//5881 5880//5880
f 5860//5860 5861//5861 5881//5881
f 5861//5861 5882//5882 5881//5881
f 5861//5861 5862//5862 5882//5882
f 5862//5862 5883//5883 5882//5882
f 5862//5862 5863//5863 5883//5883
f 5863//5863 5884//5884 5883//5883
f 5863//5863 5864//5864 5884//5884
f 5864//5864 5885//5885 5884//5884
f 5864//5864 5865//5865 5885//5885
f 5865//5865 5886//5886 5885//5885
f 5865//5865 5866//5866 5886//5886
f 5866//5866 5887//5887 5886//5886
f 5866//5866 5867//5867 5887//5887
f 5867//5867 5888//5888 5887//5887
f 5867//5867 5868//5868 5888//5888
f 5868//5868 5889//5889 5888//5888
f 5869//5869 5870//5870 5890//5890
f 5870//5870 5891//5891 5890//5890
f 5870//5870 5871//5871 5891//5891
f 5871//5871 5892//5892 5891//5891
f 5871//5871 5872//5872 5892//5892
f 5872//5872 5893//5893 5892//5892
f 5872//5872 5873//5873 5893//5893
f 5873//5873 5894//5894 5893//5893
f 5873//5873 5874//5874 5894//5894
f 5874//5874 5895//5895 5894//5894
f 5874//5874 5875//5875 5895//5895
f 5875//5875 5896//5896 5895//5895
f 5875//5875 5876//5876 5896//5896
f 5876//5876 5897//5897 5896//5896
f 5876//5876 5877//5877 5897//5897
f 5877//5877 5898//5898 5897//5897
f 5877//5877 5878//5878 5898//5898
f 5878//5878 5899//5899 5898//5898
f 5878//5878 5879//5879 5899//5899
f 5879//5879 5900//5900 5899//5899
f 5879//5879 5880//5880 5900//5900
f 5880//5880 5901//5901 5900//5900
f 5880//5880 5881//5881 5901//5901
f 5881//5881 5902//5902 5901//5901
f 5881//5881 5882//5882 5902//5902
f 5882//5882 5903//5903 5902//5902
f 5882//5882 5883//5883 5903//5903
f 5883//5883 5904//5904 5903//5903
f 5883//5883 5884//5884 5904//5904
f 5884//5884 5905//5905 5904//5904
f 5884//5884 5885//5885 5905//5905
f 5885//5885 5906//5906 5905//5905
f 5885//5885 5886//5886 5906//5906
f 5886//5886 5907//5907 5906//5906
f 5886//5886 5887//5887 5907//5907
f 5887//5887 5908//5908 5907//5907
f 5887//5887 5888//5888 5908//5908
f 5888//5888 5909//5909 5908//5908
f 5888//5888 5889//5889 5909//5909
f 5889//5889 5910//5910 5909//5909
f 5890//5890 5891//5891 5911//5911
f 5891//5891 5912//5912 5911//5911
f 5891//5891 5892//5892 5912//5912
f 5892//5892 5913//5913 5912//5912
f 5892//5892 5893//5893 5913//5913
f 5893//5893 5914//5914 5913//5913
f 5893//5893 5894//5894 5914//5914
f 5894//5894 5915//5915 5914//5914
f 5894//5894 5895//5895 5915//5915
f 5895//5895 5916//5916 5915//5915
f 5895//5895 5896//5896 5916//5916
f 5896//5896 5917//5917 5916//5916
f 5896//5896 5897//5897 5917//5917
f 5897//5897 5918//5918 5917//5917
f 5897//5897 5898//5898 5918//5918
f 5898//5898 5919//5919 5918//5918
f 5898//5898 5899//5899 5919//5919
f 5899//5899 5920//5920 5919//5919
f 5899//5899 5900//5900 5920//5920
f 5900//5900 5921//5921 5920//5920
f 5900//5900 5901//5901 5921//5921
f 5901//5901 5922//5922 5921//5921
f 5901//5901 5902//5902 5922//5922
f 5902//5902 5923//5923 5922//5922
f 5902//5902 5903//5903 5923//5923
f 5903//5903 5924//5924 5923//5923
f 5903//5903 5904//5904 5924//5924
f 5904//5904 5925//5925 5924//5924
f 5904//5904 5905//5905 5925//5925
f 5905//5905 5926//5926 5925//5925
f 5905//5905 5906//5906 5926//5926
f 5906//5906 5927//5927 5926//5926
f 5906//5906 5907//5907 5927//5927
f 5907//5907 5928//5928 5927//5927
f 5907//5907 5908//5908 5928//5928
f 5908//5908 5929//5929 5928//5928
f 5908//5908 5909//5909 5929//5929
f 5909//5909 5930//5930 5929//5929
f 5909//5909 5910//5910 5930//5930
f 5910//5910 5931//5931 5930//5930
f 5932//5932 5933//5933 5953//5953
f 5933//5933 5954//5954 5953//5953
f 5933//5933 5934//5934 5954//5954
f 5934//5934 5955//5955 5954//5954
f 5934//5934 5935//5935 5955//5955
f 5935//5935 5956//5956 5955//5955
f 5935//5935 5936//5936 5956//5956
f 5936//5936 5957//5957 5956//5956
f 5936//5936 5937//5937 5957//5957
f 5937//5937 5958//5958 5957//5957
f 5937//5937 5938//5938 5958//5958
f 5938//5938 5959//5959 5958//5958
f 5938//5938 5939//5939 5959//5959
f 5939//5939 5960//5960 5959//5959
f 5939//5939 5940//5940 5960//5960
f 5940//5940 5961//5961 5960//5960
f 5940//5940 5941//5941 5961//5961
f 5941//5941 5962//5962 5961//5961
f 5941//5941 5942//5942 5962//5962
f 5942//5942 5963//5963 5962//5962
f 5942//5942 5943//5943 5963//5963
f 5943//5943 5964//5964 5963//5963
f 5943//5943 5944//5944 5964//5964
f 5944//5944 5965//5965 5964//5964
f 5944//5944 5945//5945 5965//5965
f 5945//5945 5966//5966 5965//5965
f 5945//5945 5946//5946 5966//5966
f 5946//5946 5967//5967 5966//5966
f 5946//5946 5947//5947 5967//5967
f 5947//5947 5968//5968 5967//5967
f 5947//5947 5948//5948 5968//5968
f 5948//5948 5969//5969 5968//5968
f 5948//5948 5949//5949 5969//5969
f 5949//5949 5970//5970 5969//5969
f 5949//5949 5950//5950 5970//5970
f 5950//5950 5971//5971 5970//5970
f 5950//5950 5951//5951 5971//5971
f 5951//5951 5972//5972 5971//5971
f 5951//5951 5952//5952 5972//5972
f 5952//5952 5973//5973 5972//5972
f 5953//5953 5954//5954 5974//5974
f 5954//5954 5975//5975 5974//5974
f 5954//5954 5955//5955 5975//5975
f 5955//5955 5976//5976 5975//5975
f 5955//5955 5956//5956 5976//5976
f 5956//5956 5977//5977 5976//5976
f 5956//5956 5957//5957 5977//5977
f 5957//5957 5978//5978 5977//5977
f 5957//5957 5958//5958 5978//5978
f 5958//5958 5979//5979 5978//5978
f 5958//5958 5959//5959 5979//5979
f 5959//5959 5980//5980 5979//5979
f 5959//5959 5960//5960 5980//5980
f 5960//5960 5981//5981 5980//5980
f 5960//5960 5961//5961 5981//5981
f 5961//5961 5982//5982 5981//5981
f 5961//5961 5962//5962 5982//5982
f 5962//5962 5983//5983 5982//5982
f 5962//5962 5963//5963 5983//5983
f 5963//5963 5984//5984 5983//5983
f 5963//5963 5964//5964 5984//5984
f 5964//5964 5985//5985 5984//5984
f 5964//5964 5965//5965 5985//5985
f 5965//5965 5986//5986 5985//5985
f 5965//5965 5966//5966 5986//5986
f 5966//5966 5987//5987 5986//5986
f 5966//5966 5967//5967 5987//5987
f 5967//5967 5988//5988 5987//5987
f 5967//5967 5968//5968 5988//5988
f 5968//5968 5989//5989 5988//5988
f 5968//5968 5969//5969 5989//5989
f 5969//5969 5990//5990 5989//5989
f 5969//5969 5970//5970 5990//5990
f 5970//5970 5991//5991 5990//5990
f 5970//5970 5971//5971 5991//5991
f 5971//5971 5992//5992 5991//5991
f 5971//5971 5972//5972 5992//5992
f 5972//5972 5993//5993 5992//5992
f 5972//5972 5973//5973 5993//5993
f 5973//5973 5994//5994 5993//5993
f 5974//5974 5975//5975 5995//5995
f 5975//5975 5996//5996 5995//5995
f 5975//5975 5976//5976 5996//5996
f 5976//5976 5997//5997 5996//5996
f 5976//5976 5977//5977 5997//5997
f 5977//5977 5998//5998 5997//5997
f 5977//5977 5978//5978 5998//5998
f 5978//5978 5999//5999 5998//5998
f 5978//5978 5979//5979 5999//5999
f 5979//5979 6000//6000 5999//5999
f 5979//5979 5980//5980 6000//6000
f 5980//5980 6001//6001 6000//6000
f 5980//5980 5981//5981 6001//6001
f 5981//5981 6002//6002 6001//6001
f 5981//5981 5982//5982 6002//6002
f 5982//5982 6003//6003 6002//6002
f 5982//5982 5983//5983 6003//6003
f 5983//5983 6004//6004 6003//6003
f 5983//5983 5984//5984 6004//6004
f 5984//5984 6005//6005 6004//6004
f 5984//5984 5985//5985 6005//6005
f 5985//5985 6006//6006 6005//6005
f 5985//5985 5986//5986 6006//6006
f 5986//5986 6007//6007 6006//6006
f 5986//5986 5987//5987 6007//6007
f 5987//5987 6008//6008 6007//6007
f 5987//5987 5988//5988 6008//6008
f 5988//5988 6009//6009 6008//6008
f 5988//5988 5989//5989 6009//6009
f 5989//5989 6010//6010 6009//6009
f 5989//5989 5990//5990 6010//6010
f 5990//5990 6011//6011 6010//6010
f 5990//5990 5991//5991 6011//6011
f 5991//5991 6012//6012 6011//6011
f 5991//5991 5992//5992 6012//6012
f 5992//5992 6013//6013 6012//6012
f 5992//5992 5993//5993 6013//6013
f 5993//5993 6014//6014 6013//6013
f 5993//5993 5994//5994 6014//6014
f 5994//5994 6015//6015 6014//6014
f 5995//5995 5996//5996 6016//6016
f 5996//5996 6017//6017 6016//6016
f 5996//5996 5997//5997 6017//6017
f 5997//5997 6018//6018 6017//6017
f 5997//5997 5998//5998 6018//6018
f 5998//5998 6019//6019 6018//6018
f 5998//5998 5999//5999 6019//6019
f 5999//5999 6020//6020 6019//6019
f 5999//5999 6000//6000 6020//6020
f 6000//6000 6021//6021 6020//6020
f 6000//6000 6001//6001 6021//6021
f 6001//6001 6022//6022 6021//6021
f 6001//6001 6002//6002 6022//6022
f 6002//6002 6023//6023 6022//6022
f 6002//6002 6003//6003 6023//6023
f 6003//6003 6024//6024 6023//6023
f 6003//6003 6004//6004 6024//6024
f 6004//6004 6025//6025 6024//6024
f 6004//6004 6005//6005 6025//6025
f 6005//6005 6026//6026 6025//6025
f 6005//6005 6006//6006 6026//6026
f 6006//6006 6027//6027 6026//6026
f 6006//6006 6007//6007 6027//6027
f 6007//6007 6028//6028 6027//6027
f 6007//6007 6008//6008 6028//6028
f 6008//6008 6029//6029 6028//6028
f 6008//6008 6009//6009 6029//6029
f 6009//6009 6030//6030 6029//6029
f 6009//6009 6010//6010 6030//6030
f 6010//6010 6031//6031 6030//6030
f 6010//6010 6011//6011 6031//6031
f 6011//6011 6032//6032 6031//6031
f 6011//6011 6012//6012 6032//6032
f 6012//6012 6033//6033 6032//6032
f 6012//6012 6013//6013 6033//6033
f 6013//6013 6034//6034 6033//6033
f 6013//6013 6014//6014 6034//6034
f 6014//6014 6035//6035 6034//6034
f 6014//6014 6015//6015 6035//6035
f 6015//6015 6036//6036 6035//6035
f 6016//6016 6017//6017 6037//6037
f 6017//6017 6038//6038 6037//6037
f 6017//6017 6018//6018 6038//6038
f 6018//6018 6039//6039 6038//6038
f 6018//6018 6019//6019 6039//6039
f 6019//6019 6040//6040 6039//6039
f 6019//6019 6020//6020 6040//6040
f 6020//6020 6041//6041 6040//6040
f 6020//6020 6021//6021 6041//6041
f 6021//6021 6042//6042 6041//6041
f 6021//6021 6022//6022 6042//6042
f 6022//6022 6043//6043 6042//6042
f 6022//6022 6023//6023 6043//6043
f 6023//6023 6044//6044 6043//6043
f 6023//6023 6024//6024 6044//6044
f 6024//6024 6045//6045 6044//6044
f 6024//6024 6025//6025 6045//6045
f 6025//6025 6046//6046 6045//6045
f 6025//6025 6026//6026 6046//6046
f 6026//6026 6047//6047 6046//6046
f 6026//6026 6027//6027 6047//6047
f 6027//6027 6048//6048 6047//6047
f 6027//6027 6028//6028 6048//6048
f 6028//6028 6049//6049 6048//6048
f 6028//6028 6029//6029 6049//6049
f 6029//6029 6050//6050 6049//6049
f 6029//6029 6030//6030 6050//6050
f 6030//6030 6051//6051 6050//6050
f 6030//6030 6031//6031 6051//6051
f 6031//6031 6052//6052 6051//6051
f 6031//6031 6032//6032 6052//6052
f 6032//6032 6053//6053 6052//6052
f 6032//6032 6033//6033 6053//6053
f 6033//6033 6054//6054 6053//6053
f 6033//6033 6034//6034 6054//6054
f 6034//6034 6055//6055 6054//6054
f 6034//6034 6035//6035 6055//6055
f 6035//6035 6056//6056 6055//6055
f 6035//6035 6036//6036 6056//6056
f 6036//6036 6057//6057 6056//6056
f 6037//6037 6038//6038 6058//6058
f 6038//6038 6059//6059 6058//6058
f 6038//6038 6039//6039 6059//6059
f 6039//6039 6060//6060 6059//6059
f 6039//6039 6040//6040 6060//6060
f 6040//6040 6061//6061 6060//6060
f 6040//6040 6041//6041 6061//6061
f 6041//6041 6062//6062 6061//6061
f 6041//6041 6042//6042 6062//6062
f 6042//6042 6063//6063 6062//6062
f 6042//6042 6043//6043 6063//6063
f 6043//6043 6064//6064 6063//6063
f 6043//6043 6044//6044 6064//6064
f 6044//6044 6065//6065 6064//6064
f 6044//6044 6045//6045 6065//6065
f 6045//6045 6066//6066 6065//6065
f 6045//6045 6046//6046 6066//6066
f 6046//6046 6067//6067 6066//6066
f 6046//6046 6047//6047 6067//6067
f 6047//6047 6068//6068 6067//6067
f 6047//6047 6048//6048 6068//6068
f 6048//6048 6069//6069 6068//6068
f 6048//6048 6049//6049 6069//6069
f 6049//6049 6070//6070 6069//6069
f 6049//6049 6050//6050 6070//6070
f 6050//6050 6071//6071 6070//6070
f 6050//6050 6051//6051 6071//6071
f 6051//6051 6072//6072 6071//6071
f 6051//6051 6052//6052 6072//6072
f 6052//6052 6073//6073 6072//6072
f 6052//6052 6053//6053 6073//6073
f 6053//6053 6074//6074 6073//6073
f 6053//6053 6054//6054 6074//6074
f 6054//6054 6075//6075 6074//6074
f 6054//6054 6055//6055 6075//6075
f 6055//6055 6076//6076 6075//6075
f 6055//6055 6056//6056 6076//6076
f 6056//6056 6077//6077 6076//6076
f 6056//6056 6057//6057 6077//6077
f 6057//6057 6078//6078 6077//6077
f 6058//6058 6059//6059 6079//6079
f 6059//6059 6080//6080 6079//6079
f 6059//6059 6060//6060 6080//6080
f 6060//6060 6081//6081 6080//6080
f 6060//6060 6061//6061 6081//6081
f 6061//6061 6082//6082 6081//6081
f 6061//6061 6062//6062 6082//6082
f 6062//6062 6083//6083 6082//6082
f 6062//6062 6063//6063 6083//6083
f 6063//6063 6084//6084 6083//6083
f 6063//6063 6064//6064 6084//6084
f 6064//6064 6085//6085 6084//6084
f 6064//6064 6065//6065 6085//6085
f 6065//6065 6086//6086 6085//6085
f 6065//6065 6066//6066 6086//6086
f 6066//6066 6087//6087 6086//6086
f 6066//6066 6067//6067 6087//6087
f 6067//6067 6088//6088 6087//6087
f 6067//6067 6068//6068 6088//6088
f 6068//6068 6089//6089 6088//6088
f 6068//6068 6069//6069 6089//6089
f 6069//6069 6090//6090 6089//6089
f 6069//6069 6070//6070 6090//6090
f 6070//6070 6091//6091 6090//6090
f 6070//6070 6071//6071 6091//6091
f 6071//6071 6092//6092 6091//6091
f 6071//6071 6072//6072 6092//6092
f 6072//6072 6093//6093 6092//6092
f 6072//6072 6073//6073 6093//6093
f 6073//6073 6094//6094 6093//6093
f 6073//6073 6074//6074 6094//6094
f 6074//6074 6095//6095 6094//6094
f 6074//6074 6075//6075 6095//6095
f 6075//6075 6096//6096 6095//6095
f 6075//6075 6076//6076 6096//6096
f 6076//6076 6097//6097 6096//6096
f 6076//6076 6077//6077 6097//6097
f 6077//6077 6098//6098 6097//6097
f 6077//6077 6078//6078 6098//6098
f 6078//6078 6099//6099 6098//6098
f 6079//6079 6080//6080 6100//6100
f 6080//6080 6101//6101 6100//6100
f 6080//6080 6081//6081 6101//6101
f 6081//6081 6102//6102 6101//6101
f 6081//6081 6082//6082 6102//6102
f 6082//6082 6103//6103 6102//6102
f 6082//6082 6083//6083 6103//6103
f 6083//6083 6104//6104 6103//6103
f 6083//6083 6084//6084 6104//6104
f 6084//6084 6105//6105 6104//6104
f 6084//6084 6085//6085 6105//6105
f 6085//6085 6106//6106 6105//6105
f 6085//6085 6086//6086 6106//6106
f 6086//6086 6107//6107 6106//6106
f 6086//6086 6087//6087 6107//6107
f 6087//6087 6108//6108 6107//6107
f 6087//6087 6088//6088 6108//6108
f 6088//6088 6109//6109 6108//6108
f 6088//6088 6089//6089 6109//6109
f 6089//6089 6110//6110 6109//6109
f 6089//6089 6090//6090 6110//6110
f 6090//6090 6111//6111 6110//6110
f 6090//6090 6091//6091 6111//6111
f 6091//6091 6112//6112 6111//6111
f 6091//6091 6092//6092 6112//6112
f 6092//6092 6113//6113 6112//6112
f 6092//6092 6093//6093 6113//6113
f 6093//6093 6114//6114 6113//6113
f 6093//6093 6094//6094 6114//6114
f 6094//6094 6115//6115 6114//6114
f 6094//6094 6095//6095 6115//6115
f 6095//6095 6116//6116 6115//6115
f 6095//6095 6096//6096 6116//6116
f 6096//6096 6117//6117 6116//6116
f 6096//6096 6097//6097 6117//6117
f 6097//6097 6118//6118 6117//6117
f 6097//6097 6098//6098 6118//6118
f 6098//6098 6119//6119 6118//6118
f 6098//6098 6099//6099 6119//6119
f 6099//6099 6120//6120 6119//6119
f 6100//6100 6101//6101 6121//6121
f 6101//6101 6122//6122 6121//6121
f 6101//6101 6102//6102 6122//6122
f 6102//6102 6123//6123 6122//6122
f 6102//6102 6103//6103 6123//6123
f 6103//6103 6124//6124 6123//6123
f 6103//6103 6104//6104 6124//6124
f 6104//6104 6125//6125 6124//6124
f 6104//6104 6105//6105 6125//6125
f 6105//6105 6126//6126 6125//6125
f 6105//6105 6106//6106 6126//6126
f 6106//6106 6127//6127 6126//6126
f 6106//6106 6107//6107 6127//6127
f 6107//6107 6128//6128 6127//6127
f 6107//6107 6108//6108 6128//6128
f 6108//6108 6129//6129 6128//6128
f 6108//6108 6109//6109 6129//6129
f 6109//6109 6130//6130 6129//6129
f 6109//6109 6110//6110 6130//6130
f 6110//6110 6131//6131 6130//6130
f 6110//6110 6111//6111 6131//6131
f 6111//6111 6132//6132 6131//6131
f 6111//6111 6112//6112 6132//6132
f 6112//6112 6133//6133 6132//6132
f 6112//6112 6113//6113 6133//6133
f 6113//6113 6134//6134 6133//6133
f 6113//6113 6114//6114 6134//6134
f 6114//6114 6135//6135 6134//6134
f 6114//6114 6115//6115 6135//6135
f 6115//6115 6136//6136 6135//6135
f 6115//6115 6116//6116 6136//6136
f 6116//6116 6137//6137 6136//6136
f 6116//6116 6117//6117 6137//6137
f 6117//6117 6138//6138 6137//6137
f 6117//6117 6118//6118 6138//6138
f 6118//6118 6139//6139 6138//6138
f 6118//6118 6119//6119 6139//6139
f 6119//6119 6140//6140 6139//6139
f 6119//6119 6120//6120 6140//6140
f 6120//6120 6141//6141 6140//6140
f 6121//6121 6122//6122 6142//6142
f 6122//6122 6143//6143 6142//6142
f 6122//6122 6123//6123 6143//6143
f 6123//6123 6144//6144 6143//6143
f 6123//6123 6124//6124 6144//6144
f 6124//6124 6145//6145 6144//6144
f 6124//6124 6125//6125 6145//6145
f 6125//6125 6146//6146 6145//6145
f 6125//6125 6126//6126 6146//6146
f 6126//6126 6147//6147 6146//6146
f 6126//6126 6127//6127 6147//6147
f 6127//6127 6148//6148 6147//6147
f 6127//6127 6128//6128 6148//6148
f 6128//6128 6149//6149 6148//6148
f 6128//6128 6129//6129 6149//6149
f 6129//6129 6150//6150 6149//6149
f 6129//6129 6130//6130 6150//6150
f 6130//6130 6151//6151 6150//6150
f 6130//6130 6131//6131 6151//6151
f 6131//6131 6152//6152 6151//6151
f 6131//6131 6132//6132 6152//6152
f 6132//6132 6153//6153 6152//6152
f 6132//6132 6133//6133 6153//6153
f 6133//6133 6154//6154 6153//6153
f 6133//6133 6134//6134 6154//6154
f 6134//6134 6155//6155 6154//6154
f 6134//6134 6135//6135 6155//6155
f 6135//6135 6156//6156 6155//6155
f 6135//6135 6136//6136 6156//6156
f 6136//6136 6157//6157 6156//6156
f 6136//6136 6137//6137 6157//6157
f 6137//6137 6158//6158 6157//6157
f 6137//6137 6138//6138 6158//6158
f 6138//6138 6159//6159 6158//6158
f 6138//6138 6139//6139 6159//6159
f 6139//6139 6160//6160 6159//6159
f 6139//6139 6140//6140 6160//6160
f 6140//6140 6161//6161 6160//6160
f 6140//6140 6141//6141 6161//6161
f 6141//6141 6162//6162 6161//6161
f 6142//6142 6143//6143 6163//6163
f 6143//6143 6164//6164 6163//6163
f 6143//6143 6144//6144 6164//6164
f 6144//6144 6165//6165 6164//6164
f 6144//6144 6145//6145 6165//6165
f 6145//6145 6166//6166 6165//6165
f 6145//6145 6146//6146 6166//6166
f 6146//6146 6167//6167 6166//6166
f 6146//6146 6147//6147 6167//6167
f 6147//6147 6168//6168 6167//6167
f 6147//6147 6148//6148 6168//6168
f 6148//6148 6169//6169 6168//6168
f 6148//6148 6149//6149 6169//6169
f 6149//6149 6170//6170 6169//6169
f 6149//6149 6150//6150 6170//6170
f 6150//6150 6171//6171 6170//6170
f 6150//6150 6151//6151 6171//6171
f 6151//6151 6172//6172 6171//6171
f 6151//6151 6152//6152 6172//6172
f 6152//6152 6173//6173 6172//6172
f 6152//6152 6153//6153 6173//6173
f 6153//6153 6174//6174 6173//6173
f 6153//6153 6154//6154 6174//6174
f 6154//6154 6175//6175 6174//6174
f 6154//6154 6155//6155 6175//6175
f 6155//6155 6176//6176 6175//6175
f 6155//6155 6156//6156 6176//6176
f 6156//6156 6177//6177 6176//6176
f 6156//6156 6157//6157 6177//6177
f 6157//6157 6178//6178 6177//6177
f 6157//6157 6158//6158 6178//6178
f 6158//6158 6179//6179 6178//6178
f 6158//6158 6159//6159 6179//6179
f 6159//6159 6180//6180 6179//6179
f 6159//6159 6160//6160 6180//6180
f 6160//6160 6181//6181 6180//6180
f 6160//6160 6161//6161 6181//6181
f 6161//6161 6182//6182 6181//6181
f 6161//6161 6162//6162 6182//6182
f 6162//6162 6183//6183 6182//6182
f 6163//6163 6164//6164 6184//6184
f 6164//6164 6185//6185 6184//6184
f 6164//6164 6165//6165 6185//6185
f 6165//6165 6186//6186 6185//6185
f 6165//6165 6166//6166 6186//6186
f 6166//6166 6187//6187 6186//6186
f 6166//6166 6167//6167 6187//6187
f 6167//6167 6188//6188 6187//6187
f 6167//6167 6168//6168 6188//6188
f 6168//6168 6189//6189 6188//6188
f 6168//6168 6169//6169 6189//6189
f 6169//6169 6190//6190 6189//6189
f 6169//6169 6170//6170 6190//6190
f 6170//6170 6191//6191 6190//6190
f 6170//6170 6171//6171 6191//6191
f 6171//6171 6192//6192 6191//6191
f 6171//6171 6172//6172 6192//6192
f 6172//6172 6193//6193 6192//6192
f 6172//6172 6173//6173 6193//6193
f 6173//6173 6194//6194 6193//6193
f 6173//6173 6174//6174 6194//6194
f 6174//6174 6195//6195 6194//6194
f 6174//6174 6175//6175 6195//6195
f 6175//6175 6196//6196 6195//6195
f 6175//6175 6176//6176 6196//6196
f 6176//6176 6197//6197 6196//6196
f 6176//6176 6177//6177 6197//6197
f 6177//6177 6198//6198 6197//6197
f 6177//6177 6178//6178 6198//6198
f 6178//6178 6199//6199 6198//6198
f 6178//6178 6179//6179 6199//6199
f 6179//6179 6200//6200 6199//6199
f 6179//6179 6180//6180 6200//6200
f 6180//6180 6201//6201 6200//6200
f 6180//6180 6181//6181 6201//6201
f 6181//6181 6202//6202 6201//6201
f 6181//6181 6182//6182 6202//6202
f 6182//6182 6203//6203 6202//6202
f 6182//6182 6183//6183 6203//6203
f 6183//6183 6204//6204 6203//6203
f 6205//6205 6206//6206 6226//6226
f 6206//6206 6227//6227 6226//6226
f 6206//6206 6207//6207 6227//6227
f 6207//6207 6228//6228 6227//6227
f 6207//6207 6208//6208 6228//6228
f 6208//6208 6229//6229 6228//6228
f 6208//6208 6209//6209 6229//6229
f 6209//6209 6230//6230 6229//6229
f 6209//6209 6210//6210 6230//6230
f 6210//6210 6231//6231 6230//6230
f 6210//6210 6211//6211 6231//6231
f 6211//6211 6232//6232 6231//6231
f 6211//6211 6212//6212 6232//6232
f 6212//6212 6233//6233 6232//6232
f 6212//6212 6213//6213 6233//6233
f 6213//6213 6234//6234 6233//6233
f 6213//6213 6214//6214 6234//6234
f 6214//6214 6235//6235 6234//6234
f 6214//6214 6215//6215 6235//6235
f 6215//6215 6236//6236 6235//6235
f 6215//6215 6216//6216 6236//6236
f 6216//6216 6237//6237 6236//6236
f 6216//6216 6217//6217 6237//6237
f 6217//6217 6238//6238 6237//6237
f 6217//6217 6218//6218 6238//6238
f 6218//6218 6239//6239 6238//6238
f 6218//6218 6219//6219 6239//6239
f 6219//6219 6240//6240 6239//6239
f 6219//6219 6220//6220 6240//6240
f 6220//6220 6241//6241 6240//6240
f 6220//6220 6221//6221 6241//6241
f 6221//6221 6242//6242 6241//6241
f 6221//6221 6222//6222 6242//6242
f 6222//6222 6243//6243 6242//6242
f 6222//6222 6223//6223 6243//6243
f 6223//6223 6244//6244 6243//6243
f 6223//6223 6224//6224 6244//6244
f 6224//6224 6245//6245 6244//6244
f 6224//6224 6225//6225 6245//6245
f 6225//6225 6246//6246 6245//6245
f 6226//6226 6227//6227 6247//6247
f 6227//6227 6248//6248 6247//6247
f 6227//6227 6228//6228 6248//6248
f 6228//6228 6249//6249 6248//6248
f 6228//6228 6229//6229 6249//6249
f 6229//6229 6250//6250 6249//6249
f 6229//6229 6230//6230 6250//6250
f 6230//6230 6251//6251 6250//6250
f 6230//6230 6231//6231 6251//6251
f 6231//6231 6252//6252 6251//6251
f 6231//6231 6232//6232 6252//6252
f 6232//6232 6253//6253 6252//6252
f 6232//6232 6233//6233 6253//6253
f 6233//6233 6254//6254 6253//6253
f 6233//6233 6234//6234 6254//6254
f 6234//6234 6255//6255 6254//6254
f 6234//6234 6235//6235 6255//6255
f 6235//6235 6256//6256 6255//6255
f 6235//6235 6236//6236 6256//6256
f 6236//6236 6257//6257 6256//6256
f 6236//6236 6237//6237 6257//6257
f 6237//6237 6258//6258 6257//6257
f 6237//6237 6238//6238 6258//6258
f 6238//6238 6259//6259 6258//6258
f 6238//6238 6239//6239 6259//6259
f 6239//6239 6260//6260 6259//6259
f 6239//6239 6240//6240 6260//6260
f 6240//6240 6261//6261 6260//6260
f 6240//6240 6241//6241 6261//6261
f 6241//6241 6262//6262 6261//6261
f 6241//6241 6242//6242 6262//6262
f 6242//6242 6263//6263 6262//6262
f 6242//6242 6243//6243 6263//6263
f 6243//6243 6264//6264 6263//6263
f 6243//6243 6244//6244 6264//6264
f 6244//6244 6265//6265 6264//6264
f 6244//6244 6245//6245 6265//6265
f 6245//6245 6266//6266 6265//6265
f 6245//6245 6246//6246 6266//6266
f 6246//6246 6267//6267 6266//6266
f 6247//6247 6248//6248 6268//6268
f 6248//6248 6269//6269 6268//6268
f 6248//6248 6249//6249 6269//6269
f 6249//6249 6270//6270 6269//6269
f 6249//6249 6250//6250 6270//6270
f 6250//6250 6271//6271 6270//6270
f 6250//6250 6251//6251 6271//6271
f 6251//6251 6272//6272 6271//6271
f 6251//6251 6252//6252 6272//6272
f 6252//6252 6273//6273 6272//6272
f 6252//6252 6253//6253 6273//6273
f 6253//6253 6274//6274 6273//6273
f 6253//6253 6254//6254 6274//6274
f 6254//6254 6275//6275 6274//6274
f 6254//6254 6255//6255 6275//6275
f 6255//6255 6276//6276 6275//6275
f 6255//6255 6256//6256 6276//6276
f 6256//6256 6277//6277 6276//6276
f 6256//6256 6257//6257 6277//6277
f 6257//6257 6278//6278 6277//6277
f 6257//6257 6258//6258 6278//6278
f 6258//6258 6279//6279 6278//6278
f 6258//6258 6259//6259 6279//6279
f 6259//6259 6280//6280 6279//6279
f 6259//6259 6260//6260 6280//6280
f 6260//6260 6281//6281 6280//6280
f 6260//6260 6261//6261 6281//6281
f 6261//6261 6282//6282 6281//6281
f 6261//6261 6262//6262 6282//6282
f 6262//6262 6283//6283 6282//6282
f 6262//6262 6263//6263 6283//6283
f 6263//6263 6284//6284 6283//6283
f 6263//6263 6264//6264 6284//6284
f 6264//6264 6285//6285 6284//6284
f 6264//6264 6265//6265 6285//6285
f 6265//6265 6286//6286 6285//6285
f 6265//6265 6266//6266 6286//6286
f 6266//6266 6287//6287 6286//6286
f 6266//6266 6267//6267 6287//6287
f 6267//6267 6288//6288 6287//6287
f 6268//6268 6269//6269 6289//6289
f 6269//6269 6290//6290 6289//6289
f 6269//6269 6270//6270 6290//6290
f 6270//6270 6291//6291 6290//6290
f 6270//6270 6271//6271 6291//6291
f 6271//6271 6292//6292 6291//6291
f 6271//6271 6272//6272 6292//6292
f 6272//6272 6293//6293 6292//6292
f 6272//6272 6273//6273 6293//6293
f 6273//6273 6294//6294 6293//6293
f 6273//6273 6274//6274 6294//6294
f 6274//6274 6295//6295 6294//6294
f 6274//6274 6275//6275 6295//6295
f 6275//6275 6296//6296 6295//6295
f 6275//6275 6276//6276 6296//6296
f 6276//6276 6297//6297 6296//6296
f 6276//6276 6277//6277 6297//6297
f 6277//6277 6298//6298 6297//6297
f 6277//6277 6278//6278 6298//6298
f 6278//6278 6299//6299 6298//6298
f 6278//6278 6279//6279 6299//6299
f 6279//6279 6300//6300 6299//6299
f 6279//6279 6280//6280 6300//6300
f 6280//6280 6301//6301 6300//6300
f 6280//6280 6281//6281 6301//6301
f 6281//6281 6302//6302 6301//6301
f 6281//6281 6282//6282 6302//6302
f 6282//6282 6303//6303 6302//6302
f 6282//6282 6283//6283 6303//6303
f 6283//6283 6304//6304 6303//6303
f 6283//6283 6284//6284 6304//6304
f 6284//6284 6305//6305 6304//6304
f 6284//6284 6285//6285 6305//6305
f 6285//6285 6306//6306 6305//6305
f 6285//6285 6286//6286 6306//6306
f 6286//6286 6307//6307 6306//6306
f 6286//6286 6287//6287 6307//6307
f 6287//6287 6308//6308 6307//6307
f 6287//6287 6288//6288 6308//6308
f 6288//6288 6309//6309 6308//6308
f 6289//6289 6290//6290 6310//6310
f 6290//6290 6311//6311 6310//6310
f 6290//6290 6291//6291 6311//6311
f 6291//6291 6312//6312 6311//6311
f 6291//6291 6292//6292 6312//6312
f 6292//6292 6313//6313 6312//6312
f 6292//6292 6293//6293 6313//6313
f 6293//6293 6314//6314 6313//6313
f 6293//6293 6294//6294 6314//6314
f 6294//6294 6315//6315 6314//6314
f 6294//6294 6295//6295 6315//6315
f 6295//6295 6316//6316 6315//6315
f 6295//6295 6296//6296 6316//6316
f 6296//6296 6317//6317 6316//6316
f 6296//6296 6297//6297 6317//6317
f 6297//6297 6318//6318 6317//6317
f 6297//6297 6298//6298 6318//6318
f 6298//6298 6319//6319 6318//6318
f 6298//6298 6299//6299 6319//6319
f 6299//6299 6320//6320 6319//6319
f 6299//6299 6300//6300 6320//6320
f 6300//6300 6321//6321 6320//6320
f 6300//6300 6301//6301 6321//6321
f 6301//6301 6322//6322 6321//6321
f 6301//6301 6302//6302 6322//6322
f 6302//6302 6323//6323 6322//6322
f 6302//6302 6303//6303 6323//6323
f 6303//6303 6324//6324 6323//6323
f 6303//6303 6304//6304 6324//6324
f 6304//6304 6325//6325 6324//6324
f 6304//6304 6305//6305 6325//6325
f 6305//6305 6326//6326 6325//6325
f 6305//6305 6306//6306 6326//6326
f 6306//6306 6327//6327 6326//6326
f 6306//6306 6307//6307 6327//6327
f 6307//6307 6328//6328 6327//6327
f 6307//6307 6308//6308 6328//6328
f 6308//6308 6329//6329 6328//6328
f 6308//6308 6309//6309 6329//6329
f 6309//6309 6330//6330 6329//6329
f 6310//6310 6311//6311 6331//6331
f 6311//6311 6332//6332 6331//6331
f 6311//6311 6312//6312 6332//6332
f 6312//6312 6333//6333 6332//6332
f 6312//6312 6313//6313 6333//6333
f 6313//6313 6334//6334 6333//6333
f 6313//6313 6314//6314 6334//6334
f 6314//6314 6335//6335 6334//6334
f 6314//6314 6315//6315 6335//6335
f 6315//6315 6336//6336 6335//6335
f 6315//6315 6316//6316 6336//6336
f 6316//6316 6337//6337 6336//6336
f 6316//6316 6317//6317 6337//6337
f 6317//6317 6338//6338 6337//6337
f 6317//6317 6318//6318 6338//6338
f 6318//6318 6339//6339 6338//6338
f 6318//6318 6319//6319 6339//6339
f 6319//6319 6340//6340 6339//6339
f 6319//6319 6320//6320 6340//6340
f 6320//6320 6341//6341 6340//6340
f 6320//6320 6321//6321 6341//6341
f 6321//6321 6342//6342 6341//6341
f 6321//6321 6322//6322 6342//6342
f 6322//6322 6343//6343 6342//6342
f 6322//6322 6323//6323 6343//6343
f 6323//6323 6344//6344 6343//6343
f 6323//6323 6324//6324 6344//6344
f 6324//6324 6345//6345 6344//6344
f 6324//6324 6325//6325 6345//6345
f 6325//6325 6346//6346 6345//6345
f 6325//6325 6326//6326 6346//6346
f 6326//6326 6347//6347 6346//6346
f 6326//6326 6327//6327 6347//6347
f 6327//6327 6348//6348 6347//6347
f 6327//6327 6328//6328 6348//6348
f 6328//6328 6349//6349 6348//6348
f 6328//6328 6329//6329 6349//6349
f 6329//6329 6350//6350 6349//6349
f 6329//6329 6330//6330 6350//6350
f 6330//6330 6351//6351 6350//6350
f 6331//6331 6332//6332 6352//6352
f 6332//6332 6353//6353 6352//6352
f 6332//6332 6333//6333 6353//6353
f 6333//6333 6354//6354 6353//6353
f 6333//6333 6334//6334 6354//6354
f 6334//6334 6355//6355 6354//6354
f 6334//6334 6335//6335 6355//6355
f 6335//6335 6356//6356 6355//6355
f 6335//6335 6336//6336 6356//6356
f 6336//6336 6357//6357 6356//6356
f 6336//6336 6337//6337 6357//6357
f 6337//6337 6358//6358 6357//6357
f 6337//6337 6338//6338 6358//6358
f 6338//6338 6359//6359 6358//6358
f 6338//6338 6339//6339 6359//6359
f 6339//6339 6360//6360 6359//6359
f 6339//6339 6340//6340 6360//6360
f 6340//6340 6361//6361 6360//6360
f 6340//6340 6341//6341 6361//6361
f 6341//6341 6362//6362 6361//6361
f 6341//6341 6342//6342 6362//6362
f 6342//6342 6363//6363 6362//6362
f 6342//6342 6343//6343 6363//6363
f 6343//6343 6364//6364 6363//6363
f 6343//6343 6344//6344 6364//6364
f 6344//6344 6365//6365 6364//6364
f 6344//6344 6345//6345 6365//6365
f 6345//6345 6366//6366 6365//6365
f 6345//6345 6346//6346 6366//6366
f 6346//6346 6367//6367 6366//6366
f 6346//6346 6347//6347 6367//6367
f 6347//6347 6368//6368 6367//6367
f 6347//6347 6348//6348 6368//6368
f 6348//6348 6369//6369 6368//6368
f 6348//6348 6349//6349 6369//6369
f 6349//6349 6370//6370 6369//6369
f 6349//6349 6350//6350 6370//6370
f 6350//6350 6371//6371 6370//6370
f 6350//6350 6351//6351 6371//6371
f 6351//6351 6372//6372 6371//6371
f 6352//6352 6353//6353 6373//6373
f 6353//6353 6374//6374 6373//6373
f 6353//6353 6354//6354 6374//6374
f 6354//6354 6375//6375 6374//6374
f 6354//6354 6355//6355 6375//6375
f 6355//6355 6376//6376 6375//6375
f 6355//6355 6356//6356 6376//6376
f 6356//6356 6377//6377 6376//6376
f 6356//6356 6357//6357 6377//6377
f 6357//6357 6378//6378 6377//6377
f 6357//6357 6358//6358 6378//6378
f 6358//6358 6379//6379 6378//6378
f 6358//6358 6359//6359 6379//6379
f 6359//6359 6380//6380 6379//6379
f 6359//6359 6360//6360 6380//6380
f 6360//6360 6381//6381 6380//6380
f 6360//6360 6361//6361 6381//6381
f 6361//6361 6382//6382 6381//6381
f 6361//6361 6362//6362 6382//6382
f 6362//6362 6383//6383 6382//6382
f 6362//6362 6363//6363 6383//6383
f 6363//6363 6384//6384 6383//6383
f 6363//6363 6364//6364 6384//6384
f 6364//6364 6385//6385 6384//6384
f 6364//6364 6365//6365 6385//6385
f 6365//6365 6386//6386 6385//6385
f 6365//6365 6366//6366 6386//6386
f 6366//6366 6387//6387 6386//6386
f 6366//6366 6367//6367 6387//6387
f 6367//6367 6388//6388 6387//6387
f 6367//6367 6368//6368 6388//6388
f 6368//6368 6389//6389 6388//6388
f 6368//6368 6369//6369 6389//6389
f 6369//6369 6390//6390 6389//6389
f 6369//6369 6370//6370 6390//6390
f 6370//6370 6391//6391 6390//6390
f 6370//6370 6371//6371 6391//6391
f 6371//6371 6392//6392 6391//6391
f 6371//6371 6372//6372 6392//6392
f 6372//6372 6393//6393 6392//6392
f 6373//6373 6374//6374 6394//6394
f 6374//6374 6395//6395 6394//6394
f 6374//6374 6375//6375 6395//6395
f 6375//6375 6396//6396 6395//6395
f 6375//6375 6376//6376 6396//6396
f 6376//6376 6397//6397 6396//6396
f 6376//6376 6377//6377 6397//6397
f 6377//6377 6398//6398 6397//6397
f 6377//6377 6378//6378 6398//6398
f 6378//6378 6399//6399 6398//6398
f 6378//6378 6379//6379 6399//6399
f 6379//6379 6400//6400 6399//6399
f 6379//6379 6380//6380 6400//6400
f 6380//6380 6401//6401 6400//6400
f 6380//6380 6381//6381 6401//6401
f 6381//6381 6402//6402 6401//6401
f 6381//6381 6382//6382 6402//6402
f 6382//6382 6403//6403 6402//6402
f 6382//6382 6383//6383 6403//6403
f 6383//6383 6404//6404 6403//6403
f 6383//6383 6384//6384 6404//6404
f 6384//6384 6405//6405 6404//6404
f 6384//6384 6385//6385 6405//6405
f 6385//6385 6406//6406 6405//6405
f 6385//6385 6386//6386 6406//6406
f 6386//6386 6407//6407 6406//6406
f 6386//6386 6387//6387 6407//6407
f 6387//6387 6408//6408 6407//6407
f 6387//6387 6388//6388 6408//6408
f 6388//6388 6409//6409 6408//6408
f 6388//6388 6389//6389 6409//6409
f 6389//6389 6410//6410 6409//6409
f 6389//6389 6390//6390 6410//6410
f 6390//6390 6411//6411 6410//6410
f 6390//6390 6391//6391 6411//6411
f 6391//6391 6412//6412 6411//6411
f 6391//6391 6392//6392 6412//6412
f 6392//6392 6413//6413 6412//6412
f 6392//6392 6393//6393 6413//6413
f 6393//6393 6414//6414 6413//6413
f 6394//6394 6395//6395 6415//6415
f 6395//6395 6416//6416 6415//6415
f 6395//6395 6396//6396 6416//6416
f 6396//6396 6417//6417 6416//6416
f 6396//6396 6397//6397 6417//6417
f 6397//6397 6418//6418 6417//6417
f 6397//6397 6398//6398 6418//6418
f 6398//6398 6419//6419 6418//6418
f 6398//6398 6399//6399 6419//6419
f 6399//6399 6420//6420 6419//6419
f 6399//6399 6400//6400 6420//6420
f 6400//6400 6421//6421 6420//6420
f 6400//6400 6401//6401 6421//6421
f 6401//6401 6422//6422 6421//6421
f 6401//6401 6402//6402 6422//6422
f 6402//6402 6423//6423 6422//6422
f 6402//6402 6403//6403 6423//6423
f 6403//6403 6424//6424 6423//6423
f 6403//6403 6404//6404 6424//6424
f 6404//6404 6425//6425 6424//6424
f 6404//6404 6405//6405 6425//6425
f 6405//6405 6426//6426 6425//6425
f 6405//6405 6406//6406 6426//6426
f 6406//6406 6427//6427 6426//6426
f 6406//6406 6407//6407 6427//6427
f 6407//6407 6428//6428 6427//6427
f 6407//6407 6408//6408 6428//6428
f 6408//6408 6429//6429 6428//6428
f 6408//6408 6409//6409 6429//6429
f 6409//6409 6430//6430 6429//6429
f 6409//6409 6410//6410 6430//6430
f 6410//6410 6431//6431 6430//6430
f 6410//6410 6411//6411 6431//6431
f 6411//6411 6432//6432 6431//6431
f 6411//6411 6412//6412 6432//6432
f 6412//6412 6433//6433 6432//6432
f 6412//6412 6413//6413 6433//6433
f 6413//6413 6434//6434 6433//6433
f 6413//6413 6414//6414 6434//6434
f 6414//6414 6435//6435 6434//6434
f 6415//6415 6416//6416 6436//6436
f 6416//6416 6437//6437 6436//6436
f 6416//6416 6417//6417 6437//6437
f 6417//6417 6438//6438 6437//6437
f 6417//6417 6418//6418 6438//6438
f 6418//6418 6439//6439 6438//6438
f 6418//6418 6419//6419 6439//6439
f 6419//6419 6440//6440 6439//6439
f 6419//6419 6420//6420 6440//6440
f 6420//6420 6441//6441 6440//6440
f 6420//6420 6421//6421 6441//6441
f 6421//6421 6442//6442 6441//6441
f 6421//6421 6422//6422 6442//6442
f 6422//6422 6443//6443 6442//6442
f 6422//6422 6423//6423 6443//6443
f 6423//6423 6444//6444 6443//6443
f 6423//6423 6424//6424 6444//6444
f 6424//6424 6445//6445 6444//6444
f 6424//6424 6425//6425 6445//6445
f 6425//6425 6446//6446 6445//6445
f 6425//6425 6426//6426 6446//6446
f 6426//6426 6447//6447 6446//6446
f 6426//6426 6427//6427 6447//6447
f 6427//6427 6448//6448 6447//6447
f 6427//6427 6428//6428 6448//6448
f 6428//6428 6449//6449 6448//6448
f 6428//6428 6429//6429 6449//6449
f 6429//6429 6450//6450 6449//6449
f 6429//6429 6430//6430 6450//6450
f 6430//6430 6451//6451 6450//6450
f 6430//6430 6431//6431 6451//6451
f 6431//6431 6452//6452 6451//6451
f 6431//6431 6432//6432 6452//6452
f 6432//6432 6453//6453 6452//6452
f 6432//6432 6433//6433 6453//6453
f 6433//6433 6454//6454 6453//6453
f 6433//6433 6434//6434 6454//6454
f 6434//6434 6455//6455 6454//6454
f 6434//6434 6435//6435 6455//6455
f 6435//6435 6456//6456 6455//6455
f 6436//6436 6437//6437 6457//6457
f 6437//6437 6458//6458 6457//6457
f 6437//6437 6438//6438 6458//6458
f 6438//6438 6459//6459 6458//6458
f 6438//6438 6439//6439 6459//6459
f 6439//6439 6460//6460 6459//6459
f 6439//6439 6440//6440 6460//6460
f 6440//6440 6461//6461 6460//6460
f 6440//6440 6441//6441 6461//6461
f 6441//6441 6462//6462 6461//6461
f 6441//6441 6442//6442 6462//6462
f 6442//6442 6463//6463 6462//6462
f 6442//6442 6443//6443 6463//6463
f 6443//6443 6464//6464 6463//6463
f 6443//6443 6444//6444 6464//6464
f 6444//6444 6465//6465 6464//6464
f 6444//6444 6445//6445 6465//6465
f 6445//6445 6466//6466 6465//6465
f 6445//6445 6446//6446 6466//6466
f 6446//6446 6467//6467 6466//6466
f 6446//6446 6447//6447 6467//6467
f 6447//6447 6468//6468 6467//6467
f 6447//6447 6448//6448 6468//6468
f 6448//6448 6469//6469 6468//6468
f 6448//6448 6449//6449 6469//6469
f 6449//6449 6470//6470 6469//6469
f 6449//6449 6450//6450 6470//6470
f 6450//6450 6471//6471 6470//6470
f 6450//6450 6451//6451 6471//6471
f 6451//6451 6472//6472 6471//6471
f 6451//6451 6452//6452 6472//6472
f 6452//6452 6473//6473 6472//6472
f 6452//6452 6453//6453 6473//6473
f 6453//6453 6474//6474 6473//6473
f 6453//6453 6454//6454 6474//6474
f 6454//6454 6475//6475 6474//6474
f 6454//6454 6455//6455 6475//6475
f 6455//6455 6476//6476 6475//6475
f 6455//6455 6456//6456 6476//6476
f 6456//6456 6477//6477 6476//6476
f 6478//6478 6479//6479 6499//6499
f 6479//6479 6500//6500 6499//6499
f 6479//6479 6480//6480 6500//6500
f 6480//6480 6501//6501 6500//6500
f 6480//6480 6481//6481 6501//6501
f 6481//6481 6502//6502 6501//6501
f 6481//6481 6482//6482 6502//6502
f 6482//6482 6503//6503 6502//6502
f 6482//6482 6483//6483 6503//6503
f 6483//6483 6504//6504 6503//6503
f 6483//6483 6484//6484 6504//6504
f 6484//6484 6505//6505 6504//6504
f 6484//6484 6485//6485 6505//6505
f 6485//6485 6506//6506 6505//6505
f 6485//6485 6486//6486 6506//6506
f 6486//6486 6507//6507 6506//6506
f 6486//6486 6487//6487 6507//6507
f 6487//6487 6508//6508 6507//6507
f 6487//6487 6488//6488 6508//6508
f 6488//6488 6509//6509 6508//6508
f 6488//6488 6489//6489 6509//6509
f 6489//6489 6510//6510 6509//6509
f 6489//6489 6490//6490 6510//6510
f 6490//6490 6511//6511 6510//6510
f 6490//6490 6491//6491 6511//6511
f 6491//6491 6512//6512 6511//6511
f 6491//6491 6492//6492 6512//6512
f 6492//6492 6513//6513 6512//6512
f 6492//6492 6493//6493 6513//6513
f 6493//6493 6514//6514 6513//6513
f 6493//6493 6494//6494 6514//6514
f 6494//6494 6515//6515 6514//6514
f 6494//6494 6495//6495 6515//6515
f 6495//6495 6516//6516 6515//6515
f 6495//6495 6496//6496 6516//6516
f 6496//6496 6517//6517 6516//6516
f 6496//6496 6497//6497 6517//6517
f 6497//6497 6518//6518 6517//6517
f 6497//6497 6498//6498 6518//6518
f 6498//6498 6519//6519 6518//6518
f 6499//6499 6500//6500 6520//6520
f 6500//6500 6521//6521 6520//6520
f 6500//6500 6501//6501 6521//6521
f 6501//6501 6522//6522 6521//6521
f 6501//6501 6502//6502 6522//6522
f 6502//6502 6523//6523 6522//6522
f 6502//6502 6503//6503 6523//6523
f 6503//6503 6524//6524 6523//6523
f 6503//6503 6504//6504 6524//6524
f 6504//6504 6525//6525 6524//6524
f 6504//6504 6505//6505 6525//6525
f 6505//6505 6526//6526 6525//6525
f 6505//6505 6506//6506 6526//6526
f 6506//6506 6527//6527 6526//6526
f 6506//6506 6507//6507 6527//6527
f 6507//6507 6528//6528 6527//6527
f 6507//6507 6508//6508 6528//6528
f 6508//6508 6529//6529 6528//6528
f 6508//6508 6509//6509 6529//6529
f 6509//6509 6530//6530 6529//6529
f 6509//6509 6510//6510 6530//6530
f 6510//6510 6531//6531 6530//6530
f 6510//6510 6511//6511 6531//6531
f 6511//6511 6532//6532 6531//6531
f 6511//6511 6512//6512 6532//6532
f 6512//6512 6533//6533 6532//6532
f 6512//6512 6513//6513 6533//6533
f 6513//6513 6534//6534 6533//6533
f 6513//6513 6514//6514 6534//6534
f 6514//6514 6535//6535 6534//6534
f 6514//6514 6515//6515 6535//6535
f 6515//6515 6536//6536 6535//6535
f 6515//6515 6516//6516 6536//6536
f 6516//6516 6537//6537 6536//6536
f 6516//6516 6517//6517 6537//6537
f 6517//6517 6538//6538 6537//6537
f 6517//6517 6518//6518 6538//6538
f 6518//6518 6539//6539 6538//6538
f 6518//6518 6519//6519 6539//6539
f 6519//6519 6540//6540 6539//6539
f 6520//6520 6521//6521 6541//6541
f 6521//6521 6542//6542 6541//6541
f 6521//6521 6522//6522 6542//6542
f 6522//6522 6543//6543 6542//6542
f 6522//6522 6523//6523 6543//6543
f 6523//6523 6544//6544 6543//6543
f 6523//6523 6524//6524 6544//6544
f 6524//6524 6545//6545 6544//6544
f 6524//6524 6525//6525 6545//6545
f 6525//6525 6546//6546 6545//6545
f 6525//6525 6526//6526 6546//6546
f 6526//6526 6547//6547 6546//6546
f 6526//6526 6527//6527 6547//6547
f 6527//6527 6548//6548 6547//6547
f 6527//6527 6528//6528 6548//6548
f 6528//6528 6549//6549 6548//6548
f 6528//6528 6529//6529 6549//6549
f 6529//6529 6550//6550 6549//6549
f 6529//6529 6530//6530 6550//6550
f 6530//6530 6551//6551 6550//6550
f 6530//6530 6531//6531 6551//6551
f 6531//6531 6552//6552 6551//6551
f 6531//6531 6532//6532 6552//6552
f 6532//6532 6553//6553 6552//6552
f 6532//6532 6533//6533 6553//6553
f 6533//6533 6554//6554 6553//6553
f 6533//6533 6534//6534 6554//6554
f 6534//6534 6555//6555 6554//6554
f 6534//6534 6535//6535 6555//6555
f 6535//6535 6556//6556 6555//6555
f 6535//6535 6536//6536 6556//6556
f 6536//6536 6557//6557 6556//6556
f 6536//6536 6537//6537 6557//6557
f 6537//6537 6558//6558 6557//6557
f 6537//6537 6538//6538 6558//6558
f 6538//6538 6559//6559 6558//6558
f 6538//6538 6539//6539 6559//6559
f 6539//6539 6560//6560 6559//6559
f 6539//6539 6540//6540 6560//6560
f 6540//6540 6561//6561 6560//6560
f 6541//6541 6542//6542 6562//6562
f 6542//6542 6563//6563 6562//6562
f 6542//6542 6543//6543 6563//6563
f 6543//6543 6564//6564 6563//6563
f 6543//6543 6544//6544 6564//6564
f 6544//6544 6565//6565 6564//6564
f 6544//6544 6545//6545 6565//6565
f 6545//6545 6566//6566 6565//6565
f 6545//6545 6546//6546 6566//6566
f 6546//6546 6567//6567 6566//6566
f 6546//6546 6547//6547 6567//6567
f 6547//6547 6568//6568 6567//6567
f 6547//6547 6548//6548 6568//6568
f 6548//6548 6569//6569 6568//6568
f 6548//6548 6549//6549 6569//6569
f 6549//6549 6570//6570 6569//6569
f 6549//6549 6550//6550 6570//6570
f 6550//6550 6571//6571 6570//6570
f 6550//6550 6551//6551 6571//6571
f 6551//6551 6572//6572 6571//6571
f 6551//6551 6552//6552 6572//6572
f 6552//6552 6573//6573 6572//6572
f 6552//6552 6553//6553 6573//6573
f 6553//6553 6574//6574 6573//6573
f 6553//6553 6554//6554 6574//6574
f 6554//6554 6575//6575 6574//6574
f 6554//6554 6555//6555 6575//6575
f 6555//6555 6576//6576 6575//6575
f 6555//6555 6556//6556 6576//6576
f 6556//6556 6577//6577 6576//6576
f 6556//6556 6557//6557 6577//6577
f 6557//6557 6578//6578 6577//6577
f 6557//6557 6558//6558 6578//6578
f 6558//6558 6579//6579 6578//6578
f 6558//6558 6559//6559 6579//6579
f 6559//6559 6580//6580 6579//6579
f 6559//6559 6560//6560 6580//6580
f 6560//6560 6581//6581 6580//6580
f 6560//6560 6561//6561 6581//6581
f 6561//6561 6582//6582 6581//6581
f 6562//6562 6563//6563 6583//6583
f 6563//6563 6584//6584 6583//6583
f 6563//6563 6564//6564 6584//6584
f 6564//6564 6585//6585 6584//6584
f 6564//6564 6565//6565 6585//6585
f 6565//6565 6586//6586 6585//6585
f 6565//6565 6566//6566 6586//6586
f 6566//6566 6587//6587 6586//6586
f 6566//6566 6567//6567 6587//6587
f 6567//6567 6588//6588 6587//6587
f 6567//6567 6568//6568 6588//6588
f 6568//6568 6589//6589 6588//6588
f 6568//6568 6569//6569 6589//6589
f 6569//6569 6590//6590 6589//6589
f 6569//6569 6570//6570 6590//6590
f 6570//6570 6591//6591 6590//6590
f 6570//6570 6571//6571 6591//6591
f 6571//6571 6592//6592 6591//6591
f 6571//6571 6572//6572 6592//6592
f 6572//6572 6593//6593 6592//6592
f 6572//6572 6573//6573 6593//6593
f 6573//6573 6594//6594 6593//6593
f 6573//6573 6574//6574 6594//6594
f 6574//6574 6595//6595 6594//6594
f 6574//6574 6575//6575 6595//6595
f 6575//6575 6596//6596 6595//6595
f 6575//6575 6576//6576 6596//6596
f 6576//6576 6597//6597 6596//6596
f 6576//6576 6577//6577 6597//6597
f 6577//6577 6598//6598 6597//6597
f 6577//6577 6578//6578 6598//6598
f 6578//6578 6599//6599 6598//6598
f 6578//6578 6579//6579 6599//6599
f 6579//6579 6600//6600 6599//6599
f 6579//6579 6580//6580 6600//6600
f 6580//6580 6601//6601 6600//6600
f 6580//6580 6581//6581 6601//6601
f 6581//6581 6602//6602 6601//6601
f 6581//6581 6582//6582 6602//6602
f 6582//6582 6603//6603 6602//6602
f 6583//6583 6584//6584 6604//6604
f 6584//6584 6605//6605 6604//6604
f 6584//6584 6585//6585 6605//6605
f 6585//6585 6606//6606 6605//6605
f 6585//6585 6586//6586 6606//6606
f 6586//6586 6607//6607 6606//6606
f 6586//6586 6587//6587 6607//6607
f 6587//6587 6608//6608 6607//6607
f 6587//6587 6588//6588 6608//6608
f 6588//6588 6609//6609 6608//6608
f 6588//6588 6589//6589 6609//6609
f 6589//6589 6610//6610 6609//6609
f 6589//6589 6590//6590 6610//6610
f 6590//6590 6611//6611 6610//6610
f 6590//6590 6591//6591 6611//6611
f 6591//6591 6612//6612 6611//6611
f 6591//6591 6592//6592 6612//6612
f 6592//6592 6613//6613 6612//6612
f 6592//6592 6593//6593 6613//6613
f 6593//6593 6614//6614 6613//6613
f 6593//6593 6594//6594 6614//6614
f 6594//6594 6615//6615 6614//6614
f 6594//6594 6595//6595 6615//6615
f 6595//6595 6616//6616 6615//6615
f 6595//6595 6596//6596 6616//6616
f 6596//6596 6617//6617 6616//6616
f 6596//6596 6597//6597 6617//6617
f 6597//6597 6618//6618 6617//6617
f 6597//6597 6598//6598 6618//6618
f 6598//6598 6619//6619 6618//6618
f 6598//6598 6599//6599 6619//6619
f 6599//6599 6620//6620 6619//6619
f 6599//6599 6600//6600 6620//6620
f 6600//6600 6621//6621 6620//6620
f 6600//6600 6601//6601 6621//6621
f 6601//6601 6622//6622 6621//6621
f 6601//6601 6602//6602 6622//6622
f 6602//6602 6623//6623 6622//6622
f 6602//6602 6603//6603 6623//6623
f 6603//6603 6624//6624 6623//6623
f 6604//6604 6605//6605 6625//6625
f 6605//6605 6626//6626 6625//6625
f 6605//6605 6606//6606 6626//6626
f 6606//6606 6627//6627 6626//6626
f 6606//6606 6607//6607 6627//6627
f 6607//6607 6628//6628 6627//6627
f 6607//6607 6608//6608 6628//6628
f 6608//6608 6629//6629 6628//6628
f 6608//6608 6609//6609 6629//6629
f 6609//6609 6630//6630 6629//6629
f 6609//6609 6610//6610 6630//6630
f 6610//6610 6631//6631 6630//6630
f 6610//6610 6611//6611 6631//6631
f 6611//6611 6632//6632 6631//6631
f 6611//6611 6612//6612 6632//6632
f 6612//6612 6633//6633 6632//6632
f 6612//6612 6613//6613 6633//6633
f 6613//6613 6634//6634 6633//6633
f 6613//6613 6614//6614 6634//6634
f 6614//6614 6635//6635 6634//6634
f 6614//6614 6615//6615 6635//6635
f 6615//6615 6636//6636 6635//6635
f 6615//6615 6616//6616 6636//6636
f 6616//6616 6637//6637 6636//6636
f 6616//6616 6617//6617 6637//6637
f 6617//6617 6638//6638 6637//6637
f 6617//6617 6618//6618 6638//6638
f 6618//6618 6639//6639 6638//6638
f 6618//6618 6619//6619 6639//6639
f 6619//6619 6640//6640 6639//6639
f 6619//6619 6620//6620 6640//6640
f 6620//6620 6641//6641 6640//6640
f 6620//6620 6621//6621 6641//6641
f 6621//6621 6642//6642 6641//6641
f 6621//6621 6622//6622 6642//6642
f 6622//6622 6643//6643 6642//6642
f 6622//6622 6623//6623 6643//6643
f 6623//6623 6644//6644 6643//6643
f 6623//6623 6624//6624 6644//6644
f 6624//6624 6645//6645 6644//6644
f 6625//6625 6626//6626 6646//6646
f 6626//6626 6647//6647 6646//6646
f 6626//6626 6627//6627 6647//6647
f 6627//6627 6648//6648 6647//6647
f 6627//6627 6628//6628 6648//6648
f 6628//6628 6649//6649 6648//6648
f 6628//6628 6629//6629 6649//6649
f 6629//6629 6650//6650 6649//6649
f 6629//6629 6630//6630 6650//6650
f 6630//6630 6651//6651 6650//6650
f 6630//6630 6631//6631 6651//6651
f 6631//6631 6652//6652 6651//6651
f 6631//6631 6632//6632 6652//6652
f 6632//6632 6653//6653 6652//6652
f 6632//6632 6633//6633 6653//6653
f 6633//6633 6654//6654 6653//6653
f 6633//6633 6634//6634 6654//6654
f 6634//6634 6655//6655 6654//6654
f 6634//6634 6635//6635 6655//6655
f 6635//6635 6656//6656 6655//6655
f 6635//6635 6636//6636 6656//6656
f 6636//6636 6657//6657 6656//6656
f 6636//6636 6637//6637 6657//6657
f 6637//6637 6658//6658 6657//6657
f 6637//6637 6638//6638 6658//6658
f 6638//6638 6659//6659 6658//6658
f 6638//6638 6639//6639 6659//6659
f 6639//6639 6660//6660 6659//6659
f 6639//6639 6640//6640 6660//6660
f 6640//6640 6661//6661 6660//6660
f 6640//6640 6641//6641 6661//6661
f 6641//6641 6662//6662 6661//6661
f 6641//6641 6642//6642 6662//6662
f 6642//6642 6663//6663 6662//6662
f 6642//6642 6643//6643 6663//6663
f 6643//6643 6664//6664 6663//6663
f 6643//6643 6644//6644 6664//6664
f 6644//6644 6665//6665 6664//6664
f 6644//6644 6645//6645 6665//6665
f 6645//6645 6666//6666 6665//6665
f 6646//6646 6647//6647 6667//6667
f 6647//6647 6668//6668 6667//6667
f 6647//6647 6648//6648 6668//6668
f 6648//6648 6669//6669 6668//6668
f 6648//6648 6649//6649 6669//6669
f 6649//6649 6670//6670 6669//6669
f 6649//6649 6650//6650 6670//6670
f 6650//6650 6671//6671 6670//6670
f 6650//6650 6651//6651 6671//6671
f 6651//6651 6672//6672 6671//6671
f 6651//6651 6652//6652 6672//6672
f 6652//6652 6673//6673 6672//6672
f 6652//6652 6653//6653 6673//6673
f 6653//6653 6674//6674 6673//6673
f 6653//6653 6654//6654 6674//6674
f 6654//6654 6675//6675 6674//6674
f 6654//6654 6655//6655 6675//6675
f 6655//6655 6676//6676 6675//6675
f 6655//6655 6656//6656 6676//6676
f 6656//6656 6677//6677 6676//6676
f 6656//6656 6657//6657 6677//6677
f 6657//6657 6678//6678 6677//6677
f 6657//6657 6658//6658 6678//6678
f 6658//6658 6679//6679 6678//6678
f 6658//6658 6659//6659 6679//6679
f 6659//6659 6680//6680 6679//6679
f 6659//6659 6660//6660 6680//6680
f 6660//6660 6681//6681 6680//6680
f 6660//6660 6661//6661 6681//6681
f 6661//6661 6682//6682 6681//6681
f 6661//6661 6662//6662 6682//6682
f 6662//6662 6683//6683 6682//6682
f 6662//6662 6663//6663 6683//6683
f 6663//6663 6684//6684 6683//6683
f 6663//6663 6664//6664 6684//6684
f 6664//6664 6685//6685 6684//6684
f 6664//6664 6665//6665 6685//6685
f 6665//6665 6686//6686 6685//6685
f 6665//6665 6666//6666 6686//6686
f 6666//6666 6687//6687 6686//6686
f 6667//6667 6668//6668 6688//6688
f 6668//6668 6689//6689 6688//6688
f 6668//6668 6669//6669 6689//6689
f 6669//6669 6690//6690 6689//6689
f 6669//6669 6670//6670 6690//6690
f 6670//6670 6691//6691 6690//6690
f 6670//6670 6671//6671 6691//6691
f 6671//6671 6692//6692 6691//6691
f 6671//6671 6672//6672 6692//6692
f 6672//6672 6693//6693 6692//6692
f 6672//6672 6673//6673 6693//6693
f 6673//6673 6694//6694 6693//6693
f 6673//6673 6674//6674 6694//6694
f 6674//6674 6695//6695 6694//6694
f 6674//6674 6675//6675 6695//6695
f 6675//6675 6696//6696 6695//6695
f 6675//6675 6676//6676 6696//6696
f 6676//6676 6697//6697 6696//6696
f 6676//6676 6677//6677 6697//6697
f 6677//6677 6698//6698 6697//6697
f 6677//6677 6678//6678 6698//6698
f 6678//6678 6699//6699 6698//6698
f 6678//6678 6679//6679 6699//6699
f 6679//6679 6700//6700 6699//6699
f 6679//6679 6680//6680 6700//6700
f 6680//6680 6701//6701 6700//6700
f 6680//6680 6681//6681 6701//6701
f 6681//6681 6702//6702 6701//6701
f 6681//6681 6682//6682 6702//6702
f 6682//6682 6703//6703 6702//6702
f 6682//6682 6683//6683 6703//6703
f 6683//6683 6704//6704 6703//6703
f 6683//6683 6684//6684 6704//6704
f 6684//6684 6705//6705 6704//6704
f 6684//6684 6685//6685 6705//6705
f 6685//6685 6706//6706 6705//6705
f 6685//6685 6686//6686 6706//6706
f 6686//6686 6707//6707 6706//6706
f 6686//6686 6687//6687 6707//6707
f 6687//6687 6708//6708 6707//6707
f 6688//6688 6689//6689 6709//6709
f 6689//6689 6710//6710 6709//6709
f 6689//6689 6690//6690 6710//6710
f 6690//6690 6711//6711 6710//6710
f 6690//6690 6691//6691 6711//6711
f 6691//6691 6712//6712 6711//6711
f 6691//6691 6692//6692 6712//6712
f 6692//6692 6713//6713 6712//6712
f 6692//6692 6693//6693 6713//6713
f 6693//6693 6714//6714 6713//6713
f 6693//6693 6694//6694 6714//6714
f 6694//6694 6715//6715 6714//6714
f 6694//6694 6695//6695 6715//6715
f 6695//6695 6716//6716 6715//6715
f 6695//6695 6696//6696 6716//6716
f 6696//6696 6717//6717 6716//6716
f 6696//6696 6697//6697 6717//6717
f 6697//6697 6718//6718 6717//6717
f 6697//6697 6698//6698 6718//6718
f 6698//6698 6719//6719 6718//6718
f 6698//6698 6699//6699 6719//6719
f 6699//6699 6720//6720 6719//6719
f 6699//6699 6700//6700 6720//6720
f 6700//6700 6721//6721 6720//6720
f 6700//6700 6701//6701 6721//6721
f 6701//6701 6722//6722 6721//6721
f 6701//6701 6702//6702 6722//6722
f 6702//6702 6723//6723 6722//6722
f 6702//6702 6703//6703 6723//6723
f 6703//6703 6724//6724 6723//6723
f 6703//6703 6704//6704 6724//6724
f 6704//6704 6725//6725 6724//6724
f 6704//6704 6705//6705 6725//6725
f 6705//6705 6726//6726 6725//6725
f 6705//6705 6706//6706 6726//6726
f 6706//6706 6727//6727 6726//6726
f 6706//6706 6707//6707 6727//6727
f 6707//6707 6728//6728 6727//6727
f 6707//6707 6708//6708 6728//6728
f 6708//6708 6729//6729 6728//6728
f 6709//6709 6710//6710 6730//6730
f 6710//6710 6731//6731 6730//6730
f 6710//6710 6711//6711 6731//6731
f 6711//6711 6732//6732 6731//6731
f 6711//6711 6712//6712 6732//6732
f 6712//6712 6733//6733 6732//6732
f 6712//6712 6713//6713 6733//6733
f 6713//6713 6734//6734 6733//6733
f 6713//6713 6714//6714 6734//6734
f 6714//6714 6735//6735 6734//6734
f 6714//6714 6715//6715 6735//6735
f 6715//6715 6736//6736 6735//6735
f 6715//6715 6716//6716 6736//6736
f 6716//6716 6737//6737 6736//6736
f 6716//6716 6717//6717 6737//6737
f 6717//6717 6738//6738 6737//6737
f 6717//6717 6718//6718 6738//6738
f 6718//6718 6739//6739 6738//6738
f 6718//6718 6719//6719 6739//6739
f 6719//6719 6740//6740 6739//6739
f 6719//6719 6720//6720 6740//6740
f 6720//6720 6741//6741 6740//6740
f 6720//6720 6721//6721 6741//6741
f 6721//6721 6742//6742 6741//6741
f 6721//6721 6722//6722 6742//6742
f 6722//6722 6743//6743 6742//6742
f 6722//6722 6723//6723 6743//6743
f 6723//6723 6744//6744 6743//6743
f 6723//6723 6724//6724 6744//6744
f 6724//6724 6745//6745 6744//6744
f 6724//6724 6725//6725 6745//6745
f 6725//6725 6746//6746 6745//6745
f 6725//6725 6726//6726 6746//6746
f 6726//6726 6747//6747 6746//6746
f 6726//6726 6727//6727 6747//6747
f 6727//6727 6748//6748 6747//6747
f 6727//6727 6728//6728 6748//6748
f 6728//6728 6749//6749 6748//6748
f 6728//6728 6729//6729 6749//6749
f 6729//6729 6750//6750 6749//6749
