# Bara Kitchen - metres, +Y up; editable mesh source
mtllib palette.mtl
o source-mushroom_oakDark
usemtl oakDark
v -0.339434 0.010585 -0.339434
v -0.341667 0.009067 -0.333333
v -0.342678 0.008379 -0.325000
v -0.342678 0.008379 0.325000
v -0.341667 0.009067 0.333333
v -0.339434 0.010585 0.339434
v -0.341667 0.014733 -0.341667
v -0.345412 0.013460 -0.335206
v -0.347361 0.012797 -0.325000
v -0.347361 0.012797 0.325000
v -0.345412 0.013460 0.335206
v -0.341667 0.014733 0.341667
v -0.342678 0.020400 -0.342678
v -0.347361 0.020400 -0.336180
v -0.350000 0.020400 -0.325000
v -0.350000 0.020400 0.325000
v -0.347361 0.020400 0.336180
v -0.342678 0.020400 0.342678
v -0.342678 0.054400 -0.342678
v -0.347361 0.054400 -0.336180
v -0.350000 0.054400 -0.325000
v -0.350000 0.054400 0.325000
v -0.347361 0.054400 0.336180
v -0.342678 0.054400 0.342678
v -0.341667 0.060067 -0.341667
v -0.345412 0.061340 -0.335206
v -0.347361 0.062003 -0.325000
v -0.347361 0.062003 0.325000
v -0.345412 0.061340 0.335206
v -0.341667 0.060067 0.341667
v -0.339434 0.064215 -0.339434
v -0.341667 0.065733 -0.333333
v -0.342678 0.066421 -0.325000
v -0.342678 0.066421 0.325000
v -0.341667 0.065733 0.333333
v -0.339434 0.064215 0.339434
v 0.339434 0.010585 -0.339434
v 0.341667 0.009067 -0.333333
v 0.342678 0.008379 -0.325000
v 0.342678 0.008379 0.325000
v 0.341667 0.009067 0.333333
v 0.339434 0.010585 0.339434
v 0.341667 0.014733 -0.341667
v 0.345412 0.013460 -0.335206
v 0.347361 0.012797 -0.325000
v 0.347361 0.012797 0.325000
v 0.345412 0.013460 0.335206
v 0.341667 0.014733 0.341667
v 0.342678 0.020400 -0.342678
v 0.347361 0.020400 -0.336180
v 0.350000 0.020400 -0.325000
v 0.350000 0.020400 0.325000
v 0.347361 0.020400 0.336180
v 0.342678 0.020400 0.342678
v 0.342678 0.054400 -0.342678
v 0.347361 0.054400 -0.336180
v 0.350000 0.054400 -0.325000
v 0.350000 0.054400 0.325000
v 0.347361 0.054400 0.336180
v 0.342678 0.054400 0.342678
v 0.341667 0.060067 -0.341667
v 0.345412 0.061340 -0.335206
v 0.347361 0.062003 -0.325000
v 0.347361 0.062003 0.325000
v 0.345412 0.061340 0.335206
v 0.341667 0.060067 0.341667
v 0.339434 0.064215 -0.339434
v 0.341667 0.065733 -0.333333
v 0.342678 0.066421 -0.325000
v 0.342678 0.066421 0.325000
v 0.341667 0.065733 0.333333
v 0.339434 0.064215 0.339434
v -0.339434 0.010585 -0.339434
v -0.333333 0.009067 -0.341667
v -0.325000 0.008379 -0.342678
v 0.325000 0.008379 -0.342678
v 0.333333 0.009067 -0.341667
v 0.339434 0.010585 -0.339434
v -0.341667 0.009067 -0.333333
v -0.335206 0.006520 -0.335206
v -0.325000 0.005195 -0.336180
v 0.325000 0.005195 -0.336180
v 0.335206 0.006520 -0.335206
v 0.341667 0.009067 -0.333333
v -0.342678 0.008379 -0.325000
v -0.336180 0.005195 -0.325000
v -0.325000 0.003400 -0.325000
v 0.325000 0.003400 -0.325000
v 0.336180 0.005195 -0.325000
v 0.342678 0.008379 -0.325000
v -0.342678 0.008379 0.325000
v -0.336180 0.005195 0.325000
v -0.325000 0.003400 0.325000
v 0.325000 0.003400 0.325000
v 0.336180 0.005195 0.325000
v 0.342678 0.008379 0.325000
v -0.341667 0.009067 0.333333
v -0.335206 0.006520 0.335206
v -0.325000 0.005195 0.336180
v 0.325000 0.005195 0.336180
v 0.335206 0.006520 0.335206
v 0.341667 0.009067 0.333333
v -0.339434 0.010585 0.339434
v -0.333333 0.009067 0.341667
v -0.325000 0.008379 0.342678
v 0.325000 0.008379 0.342678
v 0.333333 0.009067 0.341667
v 0.339434 0.010585 0.339434
v -0.339434 0.064215 -0.339434
v -0.333333 0.065733 -0.341667
v -0.325000 0.066421 -0.342678
v 0.325000 0.066421 -0.342678
v 0.333333 0.065733 -0.341667
v 0.339434 0.064215 -0.339434
v -0.341667 0.065733 -0.333333
v -0.335206 0.068280 -0.335206
v -0.325000 0.069605 -0.336180
v 0.325000 0.069605 -0.336180
v 0.335206 0.068280 -0.335206
v 0.341667 0.065733 -0.333333
v -0.342678 0.066421 -0.325000
v -0.336180 0.069605 -0.325000
v -0.325000 0.071400 -0.325000
v 0.325000 0.071400 -0.325000
v 0.336180 0.069605 -0.325000
v 0.342678 0.066421 -0.325000
v -0.342678 0.066421 0.325000
v -0.336180 0.069605 0.325000
v -0.325000 0.071400 0.325000
v 0.325000 0.071400 0.325000
v 0.336180 0.069605 0.325000
v 0.342678 0.066421 0.325000
v -0.341667 0.065733 0.333333
v -0.335206 0.068280 0.335206
v -0.325000 0.069605 0.336180
v 0.325000 0.069605 0.336180
v 0.335206 0.068280 0.335206
v 0.341667 0.065733 0.333333
v -0.339434 0.064215 0.339434
v -0.333333 0.065733 0.341667
v -0.325000 0.066421 0.342678
v 0.325000 0.066421 0.342678
v 0.333333 0.065733 0.341667
v 0.339434 0.064215 0.339434
v -0.339434 0.010585 -0.339434
v -0.341667 0.014733 -0.341667
v -0.342678 0.020400 -0.342678
v -0.342678 0.054400 -0.342678
v -0.341667 0.060067 -0.341667
v -0.339434 0.064215 -0.339434
v -0.333333 0.009067 -0.341667
v -0.335206 0.013460 -0.345412
v -0.336180 0.020400 -0.347361
v -0.336180 0.054400 -0.347361
v -0.335206 0.061340 -0.345412
v -0.333333 0.065733 -0.341667
v -0.325000 0.008379 -0.342678
v -0.325000 0.012797 -0.347361
v -0.325000 0.020400 -0.350000
v -0.325000 0.054400 -0.350000
v -0.325000 0.062003 -0.347361
v -0.325000 0.066421 -0.342678
v 0.325000 0.008379 -0.342678
v 0.325000 0.012797 -0.347361
v 0.325000 0.020400 -0.350000
v 0.325000 0.054400 -0.350000
v 0.325000 0.062003 -0.347361
v 0.325000 0.066421 -0.342678
v 0.333333 0.009067 -0.341667
v 0.335206 0.013460 -0.345412
v 0.336180 0.020400 -0.347361
v 0.336180 0.054400 -0.347361
v 0.335206 0.061340 -0.345412
v 0.333333 0.065733 -0.341667
v 0.339434 0.010585 -0.339434
v 0.341667 0.014733 -0.341667
v 0.342678 0.020400 -0.342678
v 0.342678 0.054400 -0.342678
v 0.341667 0.060067 -0.341667
v 0.339434 0.064215 -0.339434
v -0.339434 0.010585 0.339434
v -0.341667 0.014733 0.341667
v -0.342678 0.020400 0.342678
v -0.342678 0.054400 0.342678
v -0.341667 0.060067 0.341667
v -0.339434 0.064215 0.339434
v -0.333333 0.009067 0.341667
v -0.335206 0.013460 0.345412
v -0.336180 0.020400 0.347361
v -0.336180 0.054400 0.347361
v -0.335206 0.061340 0.345412
v -0.333333 0.065733 0.341667
v -0.325000 0.008379 0.342678
v -0.325000 0.012797 0.347361
v -0.325000 0.020400 0.350000
v -0.325000 0.054400 0.350000
v -0.325000 0.062003 0.347361
v -0.325000 0.066421 0.342678
v 0.325000 0.008379 0.342678
v 0.325000 0.012797 0.347361
v 0.325000 0.020400 0.350000
v 0.325000 0.054400 0.350000
v 0.325000 0.062003 0.347361
v 0.325000 0.066421 0.342678
v 0.333333 0.009067 0.341667
v 0.335206 0.013460 0.345412
v 0.336180 0.020400 0.347361
v 0.336180 0.054400 0.347361
v 0.335206 0.061340 0.345412
v 0.333333 0.065733 0.341667
v 0.339434 0.010585 0.339434
v 0.341667 0.014733 0.341667
v 0.342678 0.020400 0.342678
v 0.342678 0.054400 0.342678
v 0.341667 0.060067 0.341667
v 0.339434 0.064215 0.339434
vn -0.490135 -0.720787 -0.490135
vn -0.534082 -0.785415 -0.312858
vn -0.562305 -0.826919 -0.004148
vn -0.562310 -0.826926 0.000869
vn -0.549577 -0.808201 0.211606
vn -0.496038 -0.729467 0.470983
vn -0.603891 -0.520222 -0.603891
vn -0.796314 -0.500194 -0.340132
vn -0.809235 -0.587474 -0.003463
vn -0.890912 -0.454169 0.002435
vn -0.833341 -0.457092 0.310822
vn -0.642635 -0.441589 0.626115
vn -0.705098 -0.075326 -0.705098
vn -0.905016 -0.060655 -0.421030
vn -0.994472 -0.104832 -0.006045
vn -0.999365 -0.035544 0.002507
vn -0.939519 -0.042797 0.339813
vn -0.730640 -0.040959 0.681533
vn -0.706974 0.019405 -0.706974
vn -0.939519 0.042797 -0.339813
vn -0.999365 0.035544 -0.002507
vn -0.994472 0.104832 0.006045
vn -0.905016 0.060655 0.421030
vn -0.681533 0.040959 0.730640
vn -0.656445 0.371698 -0.656445
vn -0.833341 0.457092 -0.310822
vn -0.890912 0.454169 -0.002435
vn -0.809235 0.587474 0.003463
vn -0.796314 0.500194 0.340132
vn -0.626115 0.441589 0.642635
vn -0.503175 0.702588 -0.503175
vn -0.552899 0.792186 -0.258350
vn -0.602631 0.798017 -0.002013
vn -0.522200 0.852821 0.001938
vn -0.533893 0.805851 0.256051
vn -0.470983 0.729467 0.496038
vn 0.470983 -0.729467 -0.496038
vn 0.533893 -0.805851 -0.256051
vn 0.522200 -0.852821 -0.001938
vn 0.602631 -0.798017 0.002013
vn 0.552899 -0.792186 0.258350
vn 0.503175 -0.702588 0.503175
vn 0.626115 -0.441589 -0.642635
vn 0.796314 -0.500194 -0.340132
vn 0.809235 -0.587474 -0.003463
vn 0.890912 -0.454169 0.002435
vn 0.833341 -0.457092 0.310822
vn 0.656445 -0.371698 0.656445
vn 0.681533 -0.040959 -0.730640
vn 0.905016 -0.060655 -0.421030
vn 0.994472 -0.104832 -0.006045
vn 0.999365 -0.035544 0.002507
vn 0.939519 -0.042797 0.339813
vn 0.706974 -0.019405 0.706974
vn 0.730640 0.040959 -0.681533
vn 0.939519 0.042797 -0.339813
vn 0.999365 0.035544 -0.002507
vn 0.994472 0.104832 0.006045
vn 0.905016 0.060655 0.421030
vn 0.705098 0.075326 0.705098
vn 0.642635 0.441589 -0.626115
vn 0.833341 0.457092 -0.310822
vn 0.890912 0.454169 -0.002435
vn 0.809235 0.587474 0.003463
vn 0.796314 0.500194 0.340132
vn 0.603891 0.520222 0.603891
vn 0.496038 0.729467 -0.470983
vn 0.549577 0.808201 -0.211606
vn 0.562310 0.826926 -0.000869
vn 0.562305 0.826919 0.004148
vn 0.534082 0.785415 0.312858
vn 0.490135 0.720787 0.490135
vn -0.490135 -0.720787 -0.490135
vn -0.312858 -0.785415 -0.534082
vn -0.004148 -0.826919 -0.562305
vn 0.000869 -0.826926 -0.562310
vn 0.211606 -0.808201 -0.549577
vn 0.470983 -0.729467 -0.496038
vn -0.534082 -0.785415 -0.312858
vn -0.268668 -0.925005 -0.268668
vn -0.002759 -0.948009 -0.318232
vn 0.001809 -0.973323 -0.229434
vn 0.238736 -0.941281 -0.238736
vn 0.533893 -0.805851 -0.256051
vn -0.562305 -0.826919 -0.004148
vn -0.318232 -0.948009 -0.002759
vn -0.005210 -0.999973 -0.005210
vn 0.001397 -0.999998 -0.001397
vn 0.229434 -0.973323 -0.001809
vn 0.522200 -0.852821 -0.001938
vn -0.562310 -0.826926 0.000869
vn -0.229434 -0.973323 0.001809
vn -0.001397 -0.999998 0.001397
vn 0.005210 -0.999973 0.005210
vn 0.318232 -0.948009 0.002759
vn 0.602631 -0.798017 0.002013
vn -0.549577 -0.808201 0.211606
vn -0.238736 -0.941281 0.238736
vn -0.001809 -0.973323 0.229434
vn 0.002759 -0.948009 0.318232
vn 0.268668 -0.925005 0.268668
vn 0.552899 -0.792186 0.258350
vn -0.496038 -0.729467 0.470983
vn -0.256051 -0.805851 0.533893
vn -0.001938 -0.852821 0.522200
vn 0.002013 -0.798017 0.602631
vn 0.258350 -0.792186 0.552899
vn 0.503175 -0.702588 0.503175
vn -0.503175 0.702588 -0.503175
vn -0.258350 0.792186 -0.552899
vn -0.002013 0.798017 -0.602631
vn 0.001938 0.852821 -0.522200
vn 0.256051 0.805851 -0.533893
vn 0.496038 0.729467 -0.470983
vn -0.552899 0.792186 -0.258350
vn -0.268668 0.925005 -0.268668
vn -0.002759 0.948009 -0.318232
vn 0.001809 0.973323 -0.229434
vn 0.238736 0.941281 -0.238736
vn 0.549577 0.808201 -0.211606
vn -0.602631 0.798017 -0.002013
vn -0.318232 0.948009 -0.002759
vn -0.005210 0.999973 -0.005210
vn 0.001397 0.999998 -0.001397
vn 0.229434 0.973323 -0.001809
vn 0.562310 0.826926 -0.000869
vn -0.522200 0.852821 0.001938
vn -0.229434 0.973323 0.001809
vn -0.001397 0.999998 0.001397
vn 0.005210 0.999973 0.005210
vn 0.318232 0.948009 0.002759
vn 0.562305 0.826919 0.004148
vn -0.533893 0.805851 0.256051
vn -0.238736 0.941281 0.238736
vn -0.001809 0.973323 0.229434
vn 0.002759 0.948009 0.318232
vn 0.268668 0.925005 0.268668
vn 0.534082 0.785415 0.312858
vn -0.470983 0.729467 0.496038
vn -0.211606 0.808201 0.549577
vn -0.000869 0.826926 0.562310
vn 0.004148 0.826919 0.562305
vn 0.312858 0.785415 0.534082
vn 0.490135 0.720787 0.490135
vn -0.490135 -0.720787 -0.490135
vn -0.603891 -0.520222 -0.603891
vn -0.705098 -0.075326 -0.705098
vn -0.706974 0.019405 -0.706974
vn -0.656445 0.371698 -0.656445
vn -0.503175 0.702588 -0.503175
vn -0.312858 -0.785415 -0.534082
vn -0.340132 -0.500194 -0.796314
vn -0.421030 -0.060655 -0.905016
vn -0.339813 0.042797 -0.939519
vn -0.310822 0.457092 -0.833341
vn -0.258350 0.792186 -0.552899
vn -0.004148 -0.826919 -0.562305
vn -0.003463 -0.587474 -0.809235
vn -0.006045 -0.104832 -0.994472
vn -0.002507 0.035544 -0.999365
vn -0.002435 0.454169 -0.890912
vn -0.002013 0.798017 -0.602631
vn 0.000869 -0.826926 -0.562310
vn 0.002435 -0.454169 -0.890912
vn 0.002507 -0.035544 -0.999365
vn 0.006045 0.104832 -0.994472
vn 0.003463 0.587474 -0.809235
vn 0.001938 0.852821 -0.522200
vn 0.211606 -0.808201 -0.549577
vn 0.310822 -0.457092 -0.833341
vn 0.339813 -0.042797 -0.939519
vn 0.421030 0.060655 -0.905016
vn 0.340132 0.500194 -0.796314
vn 0.256051 0.805851 -0.533893
vn 0.470983 -0.729467 -0.496038
vn 0.626115 -0.441589 -0.642635
vn 0.681533 -0.040959 -0.730640
vn 0.730640 0.040959 -0.681533
vn 0.642635 0.441589 -0.626115
vn 0.496038 0.729467 -0.470983
vn -0.496038 -0.729467 0.470983
vn -0.642635 -0.441589 0.626115
vn -0.730640 -0.040959 0.681533
vn -0.681533 0.040959 0.730640
vn -0.626115 0.441589 0.642635
vn -0.470983 0.729467 0.496038
vn -0.256051 -0.805851 0.533893
vn -0.340132 -0.500194 0.796314
vn -0.421030 -0.060655 0.905016
vn -0.339813 0.042797 0.939519
vn -0.310822 0.457092 0.833341
vn -0.211606 0.808201 0.549577
vn -0.001938 -0.852821 0.522200
vn -0.003463 -0.587474 0.809235
vn -0.006045 -0.104832 0.994472
vn -0.002507 0.035544 0.999365
vn -0.002435 0.454169 0.890912
vn -0.000869 0.826926 0.562310
vn 0.002013 -0.798017 0.602631
vn 0.002435 -0.454169 0.890912
vn 0.002507 -0.035544 0.999365
vn 0.006045 0.104832 0.994472
vn 0.003463 0.587474 0.809235
vn 0.004148 0.826919 0.562305
vn 0.258350 -0.792186 0.552899
vn 0.310822 -0.457092 0.833341
vn 0.339813 -0.042797 0.939519
vn 0.421030 0.060655 0.905016
vn 0.340132 0.500194 0.796314
vn 0.312858 0.785415 0.534082
vn 0.503175 -0.702588 0.503175
vn 0.656445 -0.371698 0.656445
vn 0.706974 -0.019405 0.706974
vn 0.705098 0.075326 0.705098
vn 0.603891 0.520222 0.603891
vn 0.490135 0.720787 0.490135
f 2//2 7//7 1//1
f 8//8 7//7 2//2
f 3//3 8//8 2//2
f 9//9 8//8 3//3
f 4//4 9//9 3//3
f 10//10 9//9 4//4
f 5//5 10//10 4//4
f 11//11 10//10 5//5
f 6//6 11//11 5//5
f 12//12 11//11 6//6
f 8//8 13//13 7//7
f 14//14 13//13 8//8
f 9//9 14//14 8//8
f 15//15 14//14 9//9
f 10//10 15//15 9//9
f 16//16 15//15 10//10
f 11//11 16//16 10//10
f 17//17 16//16 11//11
f 12//12 17//17 11//11
f 18//18 17//17 12//12
f 14//14 19//19 13//13
f 20//20 19//19 14//14
f 15//15 20//20 14//14
f 21//21 20//20 15//15
f 16//16 21//21 15//15
f 22//22 21//21 16//16
f 17//17 22//22 16//16
f 23//23 22//22 17//17
f 18//18 23//23 17//17
f 24//24 23//23 18//18
f 20//20 25//25 19//19
f 26//26 25//25 20//20
f 21//21 26//26 20//20
f 27//27 26//26 21//21
f 22//22 27//27 21//21
f 28//28 27//27 22//22
f 23//23 28//28 22//22
f 29//29 28//28 23//23
f 24//24 29//29 23//23
f 30//30 29//29 24//24
f 26//26 31//31 25//25
f 32//32 31//31 26//26
f 27//27 32//32 26//26
f 33//33 32//32 27//27
f 28//28 33//33 27//27
f 34//34 33//33 28//28
f 29//29 34//34 28//28
f 35//35 34//34 29//29
f 30//30 35//35 29//29
f 36//36 35//35 30//30
f 37//37 43//43 38//38
f 38//38 43//43 44//44
f 38//38 44//44 39//39
f 39//39 44//44 45//45
f 39//39 45//45 40//40
f 40//40 45//45 46//46
f 40//40 46//46 41//41
f 41//41 46//46 47//47
f 41//41 47//47 42//42
f 42//42 47//47 48//48
f 43//43 49//49 44//44
f 44//44 49//49 50//50
f 44//44 50//50 45//45
f 45//45 50//50 51//51
f 45//45 51//51 46//46
f 46//46 51//51 52//52
f 46//46 52//52 47//47
f 47//47 52//52 53//53
f 47//47 53//53 48//48
f 48//48 53//53 54//54
f 49//49 55//55 50//50
f 50//50 55//55 56//56
f 50//50 56//56 51//51
f 51//51 56//56 57//57
f 51//51 57//57 52//52
f 52//52 57//57 58//58
f 52//52 58//58 53//53
f 53//53 58//58 59//59
f 53//53 59//59 54//54
f 54//54 59//59 60//60
f 55//55 61//61 56//56
f 56//56 61//61 62//62
f 56//56 62//62 57//57
f 57//57 62//62 63//63
f 57//57 63//63 58//58
f 58//58 63//63 64//64
f 58//58 64//64 59//59
f 59//59 64//64 65//65
f 59//59 65//65 60//60
f 60//60 65//65 66//66
f 61//61 67//67 62//62
f 62//62 67//67 68//68
f 62//62 68//68 63//63
f 63//63 68//68 69//69
f 63//63 69//69 64//64
f 64//64 69//69 70//70
f 64//64 70//70 65//65
f 65//65 70//70 71//71
f 65//65 71//71 66//66
f 66//66 71//71 72//72
f 74//74 79//79 73//73
f 80//80 79//79 74//74
f 75//75 80//80 74//74
f 81//81 80//80 75//75
f 76//76 81//81 75//75
f 82//82 81//81 76//76
f 77//77 82//82 76//76
f 83//83 82//82 77//77
f 78//78 83//83 77//77
f 84//84 83//83 78//78
f 80//80 85//85 79//79
f 86//86 85//85 80//80
f 81//81 86//86 80//80
f 87//87 86//86 81//81
f 82//82 87//87 81//81
f 88//88 87//87 82//82
f 83//83 88//88 82//82
f 89//89 88//88 83//83
f 84//84 89//89 83//83
f 90//90 89//89 84//84
f 86//86 91//91 85//85
f 92//92 91//91 86//86
f 87//87 92//92 86//86
f 93//93 92//92 87//87
f 88//88 93//93 87//87
f 94//94 93//93 88//88
f 89//89 94//94 88//88
f 95//95 94//94 89//89
f 90//90 95//95 89//89
f 96//96 95//95 90//90
f 92//92 97//97 91//91
f 98//98 97//97 92//92
f 93//93 98//98 92//92
f 99//99 98//98 93//93
f 94//94 99//99 93//93
f 100//100 99//99 94//94
f 95//95 100//100 94//94
f 101//101 100//100 95//95
f 96//96 101//101 95//95
f 102//102 101//101 96//96
f 98//98 103//103 97//97
f 104//104 103//103 98//98
f 99//99 104//104 98//98
f 105//105 104//104 99//99
f 100//100 105//105 99//99
f 106//106 105//105 100//100
f 101//101 106//106 100//100
f 107//107 106//106 101//101
f 102//102 107//107 101//101
f 108//108 107//107 102//102
f 109//109 115//115 110//110
f 110//110 115//115 116//116
f 110//110 116//116 111//111
f 111//111 116//116 117//117
f 111//111 117//117 112//112
f 112//112 117//117 118//118
f 112//112 118//118 113//113
f 113//113 118//118 119//119
f 113//113 119//119 114//114
f 114//114 119//119 120//120
f 115//115 121//121 116//116
f 116//116 121//121 122//122
f 116//116 122//122 117//117
f 117//117 122//122 123//123
f 117//117 123//123 118//118
f 118//118 123//123 124//124
f 118//118 124//124 119//119
f 119//119 124//124 125//125
f 119//119 125//125 120//120
f 120//120 125//125 126//126
f 121//121 127//127 122//122
f 122//122 127//127 128//128
f 122//122 128//128 123//123
f 123//123 128//128 129//129
f 123//123 129//129 124//124
f 124//124 129//129 130//130
f 124//124 130//130 125//125
f 125//125 130//130 131//131
f 125//125 131//131 126//126
f 126//126 131//131 132//132
f 127//127 133//133 128//128
f 128//128 133//133 134//134
f 128//128 134//134 129//129
f 129//129 134//134 135//135
f 129//129 135//135 130//130
f 130//130 135//135 136//136
f 130//130 136//136 131//131
f 131//131 136//136 137//137
f 131//131 137//137 132//132
f 132//132 137//137 138//138
f 133//133 139//139 134//134
f 134//134 139//139 140//140
f 134//134 140//140 135//135
f 135//135 140//140 141//141
f 135//135 141//141 136//136
f 136//136 141//141 142//142
f 136//136 142//142 137//137
f 137//137 142//142 143//143
f 137//137 143//143 138//138
f 138//138 143//143 144//144
f 146//146 151//151 145//145
f 152//152 151//151 146//146
f 147//147 152//152 146//146
f 153//153 152//152 147//147
f 148//148 153//153 147//147
f 154//154 153//153 148//148
f 149//149 154//154 148//148
f 155//155 154//154 149//149
f 150//150 155//155 149//149
f 156//156 155//155 150//150
f 152//152 157//157 151//151
f 158//158 157//157 152//152
f 153//153 158//158 152//152
f 159//159 158//158 153//153
f 154//154 159//159 153//153
f 160//160 159//159 154//154
f 155//155 160//160 154//154
f 161//161 160//160 155//155
f 156//156 161//161 155//155
f 162//162 161//161 156//156
f 158//158 163//163 157//157
f 164//164 163//163 158//158
f 159//159 164//164 158//158
f 165//165 164//164 159//159
f 160//160 165//165 159//159
f 166//166 165//165 160//160
f 161//161 166//166 160//160
f 167//167 166//166 161//161
f 162//162 167//167 161//161
f 168//168 167//167 162//162
f 164//164 169//169 163//163
f 170//170 169//169 164//164
f 165//165 170//170 164//164
f 171//171 170//170 165//165
f 166//166 171//171 165//165
f 172//172 171//171 166//166
f 167//167 172//172 166//166
f 173//173 172//172 167//167
f 168//168 173//173 167//167
f 174//174 173//173 168//168
f 170//170 175//175 169//169
f 176//176 175//175 170//170
f 171//171 176//176 170//170
f 177//177 176//176 171//171
f 172//172 177//177 171//171
f 178//178 177//177 172//172
f 173//173 178//178 172//172
f 179//179 178//178 173//173
f 174//174 179//179 173//173
f 180//180 179//179 174//174
f 181//181 187//187 182//182
f 182//182 187//187 188//188
f 182//182 188//188 183//183
f 183//183 188//188 189//189
f 183//183 189//189 184//184
f 184//184 189//189 190//190
f 184//184 190//190 185//185
f 185//185 190//190 191//191
f 185//185 191//191 186//186
f 186//186 191//191 192//192
f 187//187 193//193 188//188
f 188//188 193//193 194//194
f 188//188 194//194 189//189
f 189//189 194//194 195//195
f 189//189 195//195 190//190
f 190//190 195//195 196//196
f 190//190 196//196 191//191
f 191//191 196//196 197//197
f 191//191 197//197 192//192
f 192//192 197//197 198//198
f 193//193 199//199 194//194
f 194//194 199//199 200//200
f 194//194 200//200 195//195
f 195//195 200//200 201//201
f 195//195 201//201 196//196
f 196//196 201//201 202//202
f 196//196 202//202 197//197
f 197//197 202//202 203//203
f 197//197 203//203 198//198
f 198//198 203//203 204//204
f 199//199 205//205 200//200
f 200//200 205//205 206//206
f 200//200 206//206 201//201
f 201//201 206//206 207//207
f 201//201 207//207 202//202
f 202//202 207//207 208//208
f 202//202 208//208 203//203
f 203//203 208//208 209//209
f 203//203 209//209 204//204
f 204//204 209//209 210//210
f 205//205 211//211 206//206
f 206//206 211//211 212//212
f 206//206 212//212 207//207
f 207//207 212//212 213//213
f 207//207 213//213 208//208
f 208//208 213//213 214//214
f 208//208 214//214 209//209
f 209//209 214//214 215//215
f 209//209 215//215 210//210
f 210//210 215//215 216//216
o source-mushroom_sageDark
usemtl sageDark
v -0.350207 0.057659 -0.340207
v -0.353333 0.055533 -0.331667
v -0.354749 0.054571 -0.320000
v -0.354749 0.054571 0.320000
v -0.353333 0.055533 0.331667
v -0.350207 0.057659 0.340207
v -0.353333 0.063467 -0.343333
v -0.358577 0.061684 -0.334289
v -0.361305 0.060756 -0.320000
v -0.361305 0.060756 0.320000
v -0.358577 0.061684 0.334289
v -0.353333 0.063467 0.343333
v -0.354749 0.071400 -0.344749
v -0.361305 0.071400 -0.335652
v -0.365000 0.071400 -0.320000
v -0.365000 0.071400 0.320000
v -0.361305 0.071400 0.335652
v -0.354749 0.071400 0.344749
v -0.354749 0.323000 -0.344749
v -0.361305 0.323000 -0.335652
v -0.365000 0.323000 -0.320000
v -0.365000 0.323000 0.320000
v -0.361305 0.323000 0.335652
v -0.354749 0.323000 0.344749
v -0.353333 0.330933 -0.343333
v -0.358577 0.332716 -0.334289
v -0.361305 0.333644 -0.320000
v -0.361305 0.333644 0.320000
v -0.358577 0.332716 0.334289
v -0.353333 0.330933 0.343333
v -0.350207 0.336741 -0.340207
v -0.353333 0.338867 -0.331667
v -0.354749 0.339829 -0.320000
v -0.354749 0.339829 0.320000
v -0.353333 0.338867 0.331667
v -0.350207 0.336741 0.340207
v 0.350207 0.057659 -0.340207
v 0.353333 0.055533 -0.331667
v 0.354749 0.054571 -0.320000
v 0.354749 0.054571 0.320000
v 0.353333 0.055533 0.331667
v 0.350207 0.057659 0.340207
v 0.353333 0.063467 -0.343333
v 0.358577 0.061684 -0.334289
v 0.361305 0.060756 -0.320000
v 0.361305 0.060756 0.320000
v 0.358577 0.061684 0.334289
v 0.353333 0.063467 0.343333
v 0.354749 0.071400 -0.344749
v 0.361305 0.071400 -0.335652
v 0.365000 0.071400 -0.320000
v 0.365000 0.071400 0.320000
v 0.361305 0.071400 0.335652
v 0.354749 0.071400 0.344749
v 0.354749 0.323000 -0.344749
v 0.361305 0.323000 -0.335652
v 0.365000 0.323000 -0.320000
v 0.365000 0.323000 0.320000
v 0.361305 0.323000 0.335652
v 0.354749 0.323000 0.344749
v 0.353333 0.330933 -0.343333
v 0.358577 0.332716 -0.334289
v 0.361305 0.333644 -0.320000
v 0.361305 0.333644 0.320000
v 0.358577 0.332716 0.334289
v 0.353333 0.330933 0.343333
v 0.350207 0.336741 -0.340207
v 0.353333 0.338867 -0.331667
v 0.354749 0.339829 -0.320000
v 0.354749 0.339829 0.320000
v 0.353333 0.338867 0.331667
v 0.350207 0.336741 0.340207
v -0.350207 0.057659 -0.340207
v -0.341667 0.055533 -0.343333
v -0.330000 0.054571 -0.344749
v 0.330000 0.054571 -0.344749
v 0.341667 0.055533 -0.343333
v 0.350207 0.057659 -0.340207
v -0.353333 0.055533 -0.331667
v -0.344289 0.051967 -0.334289
v -0.330000 0.050113 -0.335652
v 0.330000 0.050113 -0.335652
v 0.344289 0.051967 -0.334289
v 0.353333 0.055533 -0.331667
v -0.354749 0.054571 -0.320000
v -0.345652 0.050113 -0.320000
v -0.330000 0.047600 -0.320000
v 0.330000 0.047600 -0.320000
v 0.345652 0.050113 -0.320000
v 0.354749 0.054571 -0.320000
v -0.354749 0.054571 0.320000
v -0.345652 0.050113 0.320000
v -0.330000 0.047600 0.320000
v 0.330000 0.047600 0.320000
v 0.345652 0.050113 0.320000
v 0.354749 0.054571 0.320000
v -0.353333 0.055533 0.331667
v -0.344289 0.051967 0.334289
v -0.330000 0.050113 0.335652
v 0.330000 0.050113 0.335652
v 0.344289 0.051967 0.334289
v 0.353333 0.055533 0.331667
v -0.350207 0.057659 0.340207
v -0.341667 0.055533 0.343333
v -0.330000 0.054571 0.344749
v 0.330000 0.054571 0.344749
v 0.341667 0.055533 0.343333
v 0.350207 0.057659 0.340207
v -0.350207 0.336741 -0.340207
v -0.341667 0.338867 -0.343333
v -0.330000 0.339829 -0.344749
v 0.330000 0.339829 -0.344749
v 0.341667 0.338867 -0.343333
v 0.350207 0.336741 -0.340207
v -0.353333 0.338867 -0.331667
v -0.344289 0.342433 -0.334289
v -0.330000 0.344287 -0.335652
v 0.330000 0.344287 -0.335652
v 0.344289 0.342433 -0.334289
v 0.353333 0.338867 -0.331667
v -0.354749 0.339829 -0.320000
v -0.345652 0.344287 -0.320000
v -0.330000 0.346800 -0.320000
v 0.330000 0.346800 -0.320000
v 0.345652 0.344287 -0.320000
v 0.354749 0.339829 -0.320000
v -0.354749 0.339829 0.320000
v -0.345652 0.344287 0.320000
v -0.330000 0.346800 0.320000
v 0.330000 0.346800 0.320000
v 0.345652 0.344287 0.320000
v 0.354749 0.339829 0.320000
v -0.353333 0.338867 0.331667
v -0.344289 0.342433 0.334289
v -0.330000 0.344287 0.335652
v 0.330000 0.344287 0.335652
v 0.344289 0.342433 0.334289
v 0.353333 0.338867 0.331667
v -0.350207 0.336741 0.340207
v -0.341667 0.338867 0.343333
v -0.330000 0.339829 0.344749
v 0.330000 0.339829 0.344749
v 0.341667 0.338867 0.343333
v 0.350207 0.336741 0.340207
v -0.350207 0.057659 -0.340207
v -0.353333 0.063467 -0.343333
v -0.354749 0.071400 -0.344749
v -0.354749 0.323000 -0.344749
v -0.353333 0.330933 -0.343333
v -0.350207 0.336741 -0.340207
v -0.341667 0.055533 -0.343333
v -0.344289 0.061684 -0.348577
v -0.345652 0.071400 -0.351305
v -0.345652 0.323000 -0.351305
v -0.344289 0.332716 -0.348577
v -0.341667 0.338867 -0.343333
v -0.330000 0.054571 -0.344749
v -0.330000 0.060756 -0.351305
v -0.330000 0.071400 -0.355000
v -0.330000 0.323000 -0.355000
v -0.330000 0.333644 -0.351305
v -0.330000 0.339829 -0.344749
v 0.330000 0.054571 -0.344749
v 0.330000 0.060756 -0.351305
v 0.330000 0.071400 -0.355000
v 0.330000 0.323000 -0.355000
v 0.330000 0.333644 -0.351305
v 0.330000 0.339829 -0.344749
v 0.341667 0.055533 -0.343333
v 0.344289 0.061684 -0.348577
v 0.345652 0.071400 -0.351305
v 0.345652 0.323000 -0.351305
v 0.344289 0.332716 -0.348577
v 0.341667 0.338867 -0.343333
v 0.350207 0.057659 -0.340207
v 0.353333 0.063467 -0.343333
v 0.354749 0.071400 -0.344749
v 0.354749 0.323000 -0.344749
v 0.353333 0.330933 -0.343333
v 0.350207 0.336741 -0.340207
v -0.350207 0.057659 0.340207
v -0.353333 0.063467 0.343333
v -0.354749 0.071400 0.344749
v -0.354749 0.323000 0.344749
v -0.353333 0.330933 0.343333
v -0.350207 0.336741 0.340207
v -0.341667 0.055533 0.343333
v -0.344289 0.061684 0.348577
v -0.345652 0.071400 0.351305
v -0.345652 0.323000 0.351305
v -0.344289 0.332716 0.348577
v -0.341667 0.338867 0.343333
v -0.330000 0.054571 0.344749
v -0.330000 0.060756 0.351305
v -0.330000 0.071400 0.355000
v -0.330000 0.323000 0.355000
v -0.330000 0.333644 0.351305
v -0.330000 0.339829 0.344749
v 0.330000 0.054571 0.344749
v 0.330000 0.060756 0.351305
v 0.330000 0.071400 0.355000
v 0.330000 0.323000 0.355000
v 0.330000 0.333644 0.351305
v 0.330000 0.339829 0.344749
v 0.341667 0.055533 0.343333
v 0.344289 0.061684 0.348577
v 0.345652 0.071400 0.351305
v 0.345652 0.323000 0.351305
v 0.344289 0.332716 0.348577
v 0.341667 0.338867 0.343333
v 0.350207 0.057659 0.340207
v 0.353333 0.063467 0.343333
v 0.354749 0.071400 0.344749
v 0.354749 0.323000 0.344749
v 0.353333 0.330933 0.343333
v 0.350207 0.336741 0.340207
v -0.325907 0.099683 0.358593
v -0.326667 0.099167 0.360667
v -0.327010 0.098933 0.363500
v -0.327010 0.098933 0.366500
v -0.326667 0.099167 0.369333
v -0.325907 0.099683 0.371407
v -0.326667 0.101093 0.357833
v -0.327940 0.100660 0.360030
v -0.328603 0.100435 0.363500
v -0.328603 0.100435 0.366500
v -0.327940 0.100660 0.369970
v -0.326667 0.101093 0.372167
v -0.327010 0.103020 0.357490
v -0.328603 0.103020 0.359699
v -0.329500 0.103020 0.363500
v -0.329500 0.103020 0.366500
v -0.328603 0.103020 0.370301
v -0.327010 0.103020 0.372510
v -0.327010 0.302260 0.357490
v -0.328603 0.302260 0.359699
v -0.329500 0.302260 0.363500
v -0.329500 0.302260 0.366500
v -0.328603 0.302260 0.370301
v -0.327010 0.302260 0.372510
v -0.326667 0.304187 0.357833
v -0.327940 0.304620 0.360030
v -0.328603 0.304845 0.363500
v -0.328603 0.304845 0.366500
v -0.327940 0.304620 0.369970
v -0.326667 0.304187 0.372167
v -0.325907 0.305597 0.358593
v -0.326667 0.306113 0.360667
v -0.327010 0.306347 0.363500
v -0.327010 0.306347 0.366500
v -0.326667 0.306113 0.369333
v -0.325907 0.305597 0.371407
v -0.018093 0.099683 0.358593
v -0.017333 0.099167 0.360667
v -0.016990 0.098933 0.363500
v -0.016990 0.098933 0.366500
v -0.017333 0.099167 0.369333
v -0.018093 0.099683 0.371407
v -0.017333 0.101093 0.357833
v -0.016060 0.100660 0.360030
v -0.015397 0.100435 0.363500
v -0.015397 0.100435 0.366500
v -0.016060 0.100660 0.369970
v -0.017333 0.101093 0.372167
v -0.016990 0.103020 0.357490
v -0.015397 0.103020 0.359699
v -0.014500 0.103020 0.363500
v -0.014500 0.103020 0.366500
v -0.015397 0.103020 0.370301
v -0.016990 0.103020 0.372510
v -0.016990 0.302260 0.357490
v -0.015397 0.302260 0.359699
v -0.014500 0.302260 0.363500
v -0.014500 0.302260 0.366500
v -0.015397 0.302260 0.370301
v -0.016990 0.302260 0.372510
v -0.017333 0.304187 0.357833
v -0.016060 0.304620 0.360030
v -0.015397 0.304845 0.363500
v -0.015397 0.304845 0.366500
v -0.016060 0.304620 0.369970
v -0.017333 0.304187 0.372167
v -0.018093 0.305597 0.358593
v -0.017333 0.306113 0.360667
v -0.016990 0.306347 0.363500
v -0.016990 0.306347 0.366500
v -0.017333 0.306113 0.369333
v -0.018093 0.305597 0.371407
v -0.325907 0.099683 0.358593
v -0.323833 0.099167 0.357833
v -0.321000 0.098933 0.357490
v -0.023000 0.098933 0.357490
v -0.020167 0.099167 0.357833
v -0.018093 0.099683 0.358593
v -0.326667 0.099167 0.360667
v -0.324470 0.098301 0.360030
v -0.321000 0.097850 0.359699
v -0.023000 0.097850 0.359699
v -0.019530 0.098301 0.360030
v -0.017333 0.099167 0.360667
v -0.327010 0.098933 0.363500
v -0.324801 0.097850 0.363500
v -0.321000 0.097240 0.363500
v -0.023000 0.097240 0.363500
v -0.019199 0.097850 0.363500
v -0.016990 0.098933 0.363500
v -0.327010 0.098933 0.366500
v -0.324801 0.097850 0.366500
v -0.321000 0.097240 0.366500
v -0.023000 0.097240 0.366500
v -0.019199 0.097850 0.366500
v -0.016990 0.098933 0.366500
v -0.326667 0.099167 0.369333
v -0.324470 0.098301 0.369970
v -0.321000 0.097850 0.370301
v -0.023000 0.097850 0.370301
v -0.019530 0.098301 0.369970
v -0.017333 0.099167 0.369333
v -0.325907 0.099683 0.371407
v -0.323833 0.099167 0.372167
v -0.321000 0.098933 0.372510
v -0.023000 0.098933 0.372510
v -0.020167 0.099167 0.372167
v -0.018093 0.099683 0.371407
v -0.325907 0.305597 0.358593
v -0.323833 0.306113 0.357833
v -0.321000 0.306347 0.357490
v -0.023000 0.306347 0.357490
v -0.020167 0.306113 0.357833
v -0.018093 0.305597 0.358593
v -0.326667 0.306113 0.360667
v -0.324470 0.306979 0.360030
v -0.321000 0.307430 0.359699
v -0.023000 0.307430 0.359699
v -0.019530 0.306979 0.360030
v -0.017333 0.306113 0.360667
v -0.327010 0.306347 0.363500
v -0.324801 0.307430 0.363500
v -0.321000 0.308040 0.363500
v -0.023000 0.308040 0.363500
v -0.019199 0.307430 0.363500
v -0.016990 0.306347 0.363500
v -0.327010 0.306347 0.366500
v -0.324801 0.307430 0.366500
v -0.321000 0.308040 0.366500
v -0.023000 0.308040 0.366500
v -0.019199 0.307430 0.366500
v -0.016990 0.306347 0.366500
v -0.326667 0.306113 0.369333
v -0.324470 0.306979 0.369970
v -0.321000 0.307430 0.370301
v -0.023000 0.307430 0.370301
v -0.019530 0.306979 0.369970
v -0.017333 0.306113 0.369333
v -0.325907 0.305597 0.371407
v -0.323833 0.306113 0.372167
v -0.321000 0.306347 0.372510
v -0.023000 0.306347 0.372510
v -0.020167 0.306113 0.372167
v -0.018093 0.305597 0.371407
v -0.325907 0.099683 0.358593
v -0.326667 0.101093 0.357833
v -0.327010 0.103020 0.357490
v -0.327010 0.302260 0.357490
v -0.326667 0.304187 0.357833
v -0.325907 0.305597 0.358593
v -0.323833 0.099167 0.357833
v -0.324470 0.100660 0.356560
v -0.324801 0.103020 0.355897
v -0.324801 0.302260 0.355897
v -0.324470 0.304620 0.356560
v -0.323833 0.306113 0.357833
v -0.321000 0.098933 0.357490
v -0.321000 0.100435 0.355897
v -0.321000 0.103020 0.355000
v -0.321000 0.302260 0.355000
v -0.321000 0.304845 0.355897
v -0.321000 0.306347 0.357490
v -0.023000 0.098933 0.357490
v -0.023000 0.100435 0.355897
v -0.023000 0.103020 0.355000
v -0.023000 0.302260 0.355000
v -0.023000 0.304845 0.355897
v -0.023000 0.306347 0.357490
v -0.020167 0.099167 0.357833
v -0.019530 0.100660 0.356560
v -0.019199 0.103020 0.355897
v -0.019199 0.302260 0.355897
v -0.019530 0.304620 0.356560
v -0.020167 0.306113 0.357833
v -0.018093 0.099683 0.358593
v -0.017333 0.101093 0.357833
v -0.016990 0.103020 0.357490
v -0.016990 0.302260 0.357490
v -0.017333 0.304187 0.357833
v -0.018093 0.305597 0.358593
v -0.325907 0.099683 0.371407
v -0.326667 0.101093 0.372167
v -0.327010 0.103020 0.372510
v -0.327010 0.302260 0.372510
v -0.326667 0.304187 0.372167
v -0.325907 0.305597 0.371407
v -0.323833 0.099167 0.372167
v -0.324470 0.100660 0.373440
v -0.324801 0.103020 0.374103
v -0.324801 0.302260 0.374103
v -0.324470 0.304620 0.373440
v -0.323833 0.306113 0.372167
v -0.321000 0.098933 0.372510
v -0.321000 0.100435 0.374103
v -0.321000 0.103020 0.375000
v -0.321000 0.302260 0.375000
v -0.321000 0.304845 0.374103
v -0.321000 0.306347 0.372510
v -0.023000 0.098933 0.372510
v -0.023000 0.100435 0.374103
v -0.023000 0.103020 0.375000
v -0.023000 0.302260 0.375000
v -0.023000 0.304845 0.374103
v -0.023000 0.306347 0.372510
v -0.020167 0.099167 0.372167
v -0.019530 0.100660 0.373440
v -0.019199 0.103020 0.374103
v -0.019199 0.302260 0.374103
v -0.019530 0.304620 0.373440
v -0.020167 0.306113 0.372167
v -0.018093 0.099683 0.371407
v -0.017333 0.101093 0.372167
v -0.016990 0.103020 0.372510
v -0.016990 0.302260 0.372510
v -0.017333 0.304187 0.372167
v -0.018093 0.305597 0.371407
v 0.018093 0.099683 0.358593
v 0.017333 0.099167 0.360667
v 0.016990 0.098933 0.363500
v 0.016990 0.098933 0.366500
v 0.017333 0.099167 0.369333
v 0.018093 0.099683 0.371407
v 0.017333 0.101093 0.357833
v 0.016060 0.100660 0.360030
v 0.015397 0.100435 0.363500
v 0.015397 0.100435 0.366500
v 0.016060 0.100660 0.369970
v 0.017333 0.101093 0.372167
v 0.016990 0.103020 0.357490
v 0.015397 0.103020 0.359699
v 0.014500 0.103020 0.363500
v 0.014500 0.103020 0.366500
v 0.015397 0.103020 0.370301
v 0.016990 0.103020 0.372510
v 0.016990 0.302260 0.357490
v 0.015397 0.302260 0.359699
v 0.014500 0.302260 0.363500
v 0.014500 0.302260 0.366500
v 0.015397 0.302260 0.370301
v 0.016990 0.302260 0.372510
v 0.017333 0.304187 0.357833
v 0.016060 0.304620 0.360030
v 0.015397 0.304845 0.363500
v 0.015397 0.304845 0.366500
v 0.016060 0.304620 0.369970
v 0.017333 0.304187 0.372167
v 0.018093 0.305597 0.358593
v 0.017333 0.306113 0.360667
v 0.016990 0.306347 0.363500
v 0.016990 0.306347 0.366500
v 0.017333 0.306113 0.369333
v 0.018093 0.305597 0.371407
v 0.325907 0.099683 0.358593
v 0.326667 0.099167 0.360667
v 0.327010 0.098933 0.363500
v 0.327010 0.098933 0.366500
v 0.326667 0.099167 0.369333
v 0.325907 0.099683 0.371407
v 0.326667 0.101093 0.357833
v 0.327940 0.100660 0.360030
v 0.328603 0.100435 0.363500
v 0.328603 0.100435 0.366500
v 0.327940 0.100660 0.369970
v 0.326667 0.101093 0.372167
v 0.327010 0.103020 0.357490
v 0.328603 0.103020 0.359699
v 0.329500 0.103020 0.363500
v 0.329500 0.103020 0.366500
v 0.328603 0.103020 0.370301
v 0.327010 0.103020 0.372510
v 0.327010 0.302260 0.357490
v 0.328603 0.302260 0.359699
v 0.329500 0.302260 0.363500
v 0.329500 0.302260 0.366500
v 0.328603 0.302260 0.370301
v 0.327010 0.302260 0.372510
v 0.326667 0.304187 0.357833
v 0.327940 0.304620 0.360030
v 0.328603 0.304845 0.363500
v 0.328603 0.304845 0.366500
v 0.327940 0.304620 0.369970
v 0.326667 0.304187 0.372167
v 0.325907 0.305597 0.358593
v 0.326667 0.306113 0.360667
v 0.327010 0.306347 0.363500
v 0.327010 0.306347 0.366500
v 0.326667 0.306113 0.369333
v 0.325907 0.305597 0.371407
v 0.018093 0.099683 0.358593
v 0.020167 0.099167 0.357833
v 0.023000 0.098933 0.357490
v 0.321000 0.098933 0.357490
v 0.323833 0.099167 0.357833
v 0.325907 0.099683 0.358593
v 0.017333 0.099167 0.360667
v 0.019530 0.098301 0.360030
v 0.023000 0.097850 0.359699
v 0.321000 0.097850 0.359699
v 0.324470 0.098301 0.360030
v 0.326667 0.099167 0.360667
v 0.016990 0.098933 0.363500
v 0.019199 0.097850 0.363500
v 0.023000 0.097240 0.363500
v 0.321000 0.097240 0.363500
v 0.324801 0.097850 0.363500
v 0.327010 0.098933 0.363500
v 0.016990 0.098933 0.366500
v 0.019199 0.097850 0.366500
v 0.023000 0.097240 0.366500
v 0.321000 0.097240 0.366500
v 0.324801 0.097850 0.366500
v 0.327010 0.098933 0.366500
v 0.017333 0.099167 0.369333
v 0.019530 0.098301 0.369970
v 0.023000 0.097850 0.370301
v 0.321000 0.097850 0.370301
v 0.324470 0.098301 0.369970
v 0.326667 0.099167 0.369333
v 0.018093 0.099683 0.371407
v 0.020167 0.099167 0.372167
v 0.023000 0.098933 0.372510
v 0.321000 0.098933 0.372510
v 0.323833 0.099167 0.372167
v 0.325907 0.099683 0.371407
v 0.018093 0.305597 0.358593
v 0.020167 0.306113 0.357833
v 0.023000 0.306347 0.357490
v 0.321000 0.306347 0.357490
v 0.323833 0.306113 0.357833
v 0.325907 0.305597 0.358593
v 0.017333 0.306113 0.360667
v 0.019530 0.306979 0.360030
v 0.023000 0.307430 0.359699
v 0.321000 0.307430 0.359699
v 0.324470 0.306979 0.360030
v 0.326667 0.306113 0.360667
v 0.016990 0.306347 0.363500
v 0.019199 0.307430 0.363500
v 0.023000 0.308040 0.363500
v 0.321000 0.308040 0.363500
v 0.324801 0.307430 0.363500
v 0.327010 0.306347 0.363500
v 0.016990 0.306347 0.366500
v 0.019199 0.307430 0.366500
v 0.023000 0.308040 0.366500
v 0.321000 0.308040 0.366500
v 0.324801 0.307430 0.366500
v 0.327010 0.306347 0.366500
v 0.017333 0.306113 0.369333
v 0.019530 0.306979 0.369970
v 0.023000 0.307430 0.370301
v 0.321000 0.307430 0.370301
v 0.324470 0.306979 0.369970
v 0.326667 0.306113 0.369333
v 0.018093 0.305597 0.371407
v 0.020167 0.306113 0.372167
v 0.023000 0.306347 0.372510
v 0.321000 0.306347 0.372510
v 0.323833 0.306113 0.372167
v 0.325907 0.305597 0.371407
v 0.018093 0.099683 0.358593
v 0.017333 0.101093 0.357833
v 0.016990 0.103020 0.357490
v 0.016990 0.302260 0.357490
v 0.017333 0.304187 0.357833
v 0.018093 0.305597 0.358593
v 0.020167 0.099167 0.357833
v 0.019530 0.100660 0.356560
v 0.019199 0.103020 0.355897
v 0.019199 0.302260 0.355897
v 0.019530 0.304620 0.356560
v 0.020167 0.306113 0.357833
v 0.023000 0.098933 0.357490
v 0.023000 0.100435 0.355897
v 0.023000 0.103020 0.355000
v 0.023000 0.302260 0.355000
v 0.023000 0.304845 0.355897
v 0.023000 0.306347 0.357490
v 0.321000 0.098933 0.357490
v 0.321000 0.100435 0.355897
v 0.321000 0.103020 0.355000
v 0.321000 0.302260 0.355000
v 0.321000 0.304845 0.355897
v 0.321000 0.306347 0.357490
v 0.323833 0.099167 0.357833
v 0.324470 0.100660 0.356560
v 0.324801 0.103020 0.355897
v 0.324801 0.302260 0.355897
v 0.324470 0.304620 0.356560
v 0.323833 0.306113 0.357833
v 0.325907 0.099683 0.358593
v 0.326667 0.101093 0.357833
v 0.327010 0.103020 0.357490
v 0.327010 0.302260 0.357490
v 0.326667 0.304187 0.357833
v 0.325907 0.305597 0.358593
v 0.018093 0.099683 0.371407
v 0.017333 0.101093 0.372167
v 0.016990 0.103020 0.372510
v 0.016990 0.302260 0.372510
v 0.017333 0.304187 0.372167
v 0.018093 0.305597 0.371407
v 0.020167 0.099167 0.372167
v 0.019530 0.100660 0.373440
v 0.019199 0.103020 0.374103
v 0.019199 0.302260 0.374103
v 0.019530 0.304620 0.373440
v 0.020167 0.306113 0.372167
v 0.023000 0.098933 0.372510
v 0.023000 0.100435 0.374103
v 0.023000 0.103020 0.375000
v 0.023000 0.302260 0.375000
v 0.023000 0.304845 0.374103
v 0.023000 0.306347 0.372510
v 0.321000 0.098933 0.372510
v 0.321000 0.100435 0.374103
v 0.321000 0.103020 0.375000
v 0.321000 0.302260 0.375000
v 0.321000 0.304845 0.374103
v 0.321000 0.306347 0.372510
v 0.323833 0.099167 0.372167
v 0.324470 0.100660 0.373440
v 0.324801 0.103020 0.374103
v 0.324801 0.302260 0.374103
v 0.324470 0.304620 0.373440
v 0.323833 0.306113 0.372167
v 0.325907 0.099683 0.371407
v 0.326667 0.101093 0.372167
v 0.327010 0.103020 0.372510
v 0.327010 0.302260 0.372510
v 0.326667 0.304187 0.372167
v 0.325907 0.305597 0.371407
vn -0.490135 -0.720787 -0.490135
vn -0.534082 -0.785415 -0.312858
vn -0.562300 -0.826912 -0.005832
vn -0.562310 -0.826926 0.001232
vn -0.549577 -0.808201 0.211606
vn -0.496038 -0.729467 0.470983
vn -0.603891 -0.520222 -0.603891
vn -0.796314 -0.500194 -0.340132
vn -0.809916 -0.586526 -0.004891
vn -0.890590 -0.454795 0.003443
vn -0.833341 -0.457092 0.310822
vn -0.642635 -0.441589 0.626115
vn -0.706990 -0.018156 -0.706990
vn -0.898070 -0.013538 -0.439644
vn -0.999603 -0.026195 -0.010389
vn -0.999968 -0.007401 0.002996
vn -0.944198 -0.009168 0.329252
vn -0.741465 -0.008811 0.670933
vn -0.707101 0.003916 -0.707101
vn -0.944198 0.009168 -0.329252
vn -0.999968 0.007401 -0.002996
vn -0.999603 0.026195 0.010389
vn -0.898070 0.013538 0.439644
vn -0.670933 0.008811 0.741465
vn -0.656445 0.371698 -0.656445
vn -0.833341 0.457092 -0.310822
vn -0.890590 0.454795 -0.003443
vn -0.809916 0.586526 0.004891
vn -0.796314 0.500194 0.340132
vn -0.626115 0.441589 0.642635
vn -0.503175 0.702588 -0.503175
vn -0.552899 0.792186 -0.258350
vn -0.602081 0.798430 -0.002846
vn -0.522742 0.852487 0.002740
vn -0.533893 0.805851 0.256051
vn -0.470983 0.729467 0.496038
vn 0.470983 -0.729467 -0.496038
vn 0.533893 -0.805851 -0.256051
vn 0.522742 -0.852487 -0.002740
vn 0.602081 -0.798430 0.002846
vn 0.552899 -0.792186 0.258350
vn 0.503175 -0.702588 0.503175
vn 0.626115 -0.441589 -0.642635
vn 0.796314 -0.500194 -0.340132
vn 0.809916 -0.586526 -0.004891
vn 0.890590 -0.454795 0.003443
vn 0.833341 -0.457092 0.310822
vn 0.656445 -0.371698 0.656445
vn 0.670933 -0.008811 -0.741465
vn 0.898070 -0.013538 -0.439644
vn 0.999603 -0.026195 -0.010389
vn 0.999968 -0.007401 0.002996
vn 0.944198 -0.009168 0.329252
vn 0.707101 -0.003916 0.707101
vn 0.741465 0.008811 -0.670933
vn 0.944198 0.009168 -0.329252
vn 0.999968 0.007401 -0.002996
vn 0.999603 0.026195 0.010389
vn 0.898070 0.013538 0.439644
vn 0.706990 0.018156 0.706990
vn 0.642635 0.441589 -0.626115
vn 0.833341 0.457092 -0.310822
vn 0.890590 0.454795 -0.003443
vn 0.809916 0.586526 0.004891
vn 0.796314 0.500194 0.340132
vn 0.603891 0.520222 0.603891
vn 0.496038 0.729467 -0.470983
vn 0.549577 0.808201 -0.211606
vn 0.562310 0.826926 -0.001232
vn 0.562300 0.826912 0.005832
vn 0.534082 0.785415 0.312858
vn 0.490135 0.720787 0.490135
vn -0.490135 -0.720787 -0.490135
vn -0.312858 -0.785415 -0.534082
vn -0.005662 -0.826913 -0.562301
vn 0.001195 -0.826926 -0.562310
vn 0.211606 -0.808201 -0.549577
vn 0.470983 -0.729467 -0.496038
vn -0.534082 -0.785415 -0.312858
vn -0.268668 -0.925005 -0.268668
vn -0.003778 -0.948217 -0.317601
vn 0.002482 -0.973241 -0.229773
vn 0.238736 -0.941281 -0.238736
vn 0.533893 -0.805851 -0.256051
vn -0.562300 -0.826912 -0.005832
vn -0.317529 -0.948240 -0.003894
vn -0.007026 -0.999949 -0.007243
vn 0.001937 -0.999996 -0.001995
vn 0.229812 -0.973232 -0.002558
vn 0.522742 -0.852487 -0.002740
vn -0.562310 -0.826926 0.001232
vn -0.229812 -0.973232 0.002558
vn -0.001937 -0.999996 0.001995
vn 0.007026 -0.999949 0.007243
vn 0.317529 -0.948240 0.003894
vn 0.602081 -0.798430 0.002846
vn -0.549577 -0.808201 0.211606
vn -0.238736 -0.941281 0.238736
vn -0.002482 -0.973241 0.229773
vn 0.003778 -0.948217 0.317601
vn 0.268668 -0.925005 0.268668
vn 0.552899 -0.792186 0.258350
vn -0.496038 -0.729467 0.470983
vn -0.256051 -0.805851 0.533893
vn -0.002659 -0.852521 0.522687
vn 0.002762 -0.798388 0.602137
vn 0.258350 -0.792186 0.552899
vn 0.503175 -0.702588 0.503175
vn -0.503175 0.702588 -0.503175
vn -0.258350 0.792186 -0.552899
vn -0.002762 0.798388 -0.602137
vn 0.002659 0.852521 -0.522687
vn 0.256051 0.805851 -0.533893
vn 0.496038 0.729467 -0.470983
vn -0.552899 0.792186 -0.258350
vn -0.268668 0.925005 -0.268668
vn -0.003778 0.948217 -0.317601
vn 0.002482 0.973241 -0.229773
vn 0.238736 0.941281 -0.238736
vn 0.549577 0.808201 -0.211606
vn -0.602081 0.798430 -0.002846
vn -0.317529 0.948240 -0.003894
vn -0.007026 0.999949 -0.007243
vn 0.001937 0.999996 -0.001995
vn 0.229812 0.973232 -0.002558
vn 0.562310 0.826926 -0.001232
vn -0.522742 0.852487 0.002740
vn -0.229812 0.973232 0.002558
vn -0.001937 0.999996 0.001995
vn 0.007026 0.999949 0.007243
vn 0.317529 0.948240 0.003894
vn 0.562300 0.826912 0.005832
vn -0.533893 0.805851 0.256051
vn -0.238736 0.941281 0.238736
vn -0.002482 0.973241 0.229773
vn 0.003778 0.948217 0.317601
vn 0.268668 0.925005 0.268668
vn 0.534082 0.785415 0.312858
vn -0.470983 0.729467 0.496038
vn -0.211606 0.808201 0.549577
vn -0.001195 0.826926 0.562310
vn 0.005662 0.826913 0.562301
vn 0.312858 0.785415 0.534082
vn 0.490135 0.720787 0.490135
vn -0.490135 -0.720787 -0.490135
vn -0.603891 -0.520222 -0.603891
vn -0.706990 -0.018156 -0.706990
vn -0.707101 0.003916 -0.707101
vn -0.656445 0.371698 -0.656445
vn -0.503175 0.702588 -0.503175
vn -0.312858 -0.785415 -0.534082
vn -0.340132 -0.500194 -0.796314
vn -0.439644 -0.013538 -0.898070
vn -0.329252 0.009168 -0.944198
vn -0.310822 0.457092 -0.833341
vn -0.258350 0.792186 -0.552899
vn -0.005662 -0.826913 -0.562301
vn -0.004746 -0.586622 -0.809847
vn -0.010087 -0.026221 -0.999605
vn -0.002906 0.007395 -0.999968
vn -0.003340 0.454731 -0.890623
vn -0.002762 0.798388 -0.602137
vn 0.001195 -0.826926 -0.562310
vn 0.003340 -0.454731 -0.890623
vn 0.002906 -0.007395 -0.999968
vn 0.010087 0.026221 -0.999605
vn 0.004746 0.586622 -0.809847
vn 0.002659 0.852521 -0.522687
vn 0.211606 -0.808201 -0.549577
vn 0.310822 -0.457092 -0.833341
vn 0.329252 -0.009168 -0.944198
vn 0.439644 0.013538 -0.898070
vn 0.340132 0.500194 -0.796314
vn 0.256051 0.805851 -0.533893
vn 0.470983 -0.729467 -0.496038
vn 0.626115 -0.441589 -0.642635
vn 0.670933 -0.008811 -0.741465
vn 0.741465 0.008811 -0.670933
vn 0.642635 0.441589 -0.626115
vn 0.496038 0.729467 -0.470983
vn -0.496038 -0.729467 0.470983
vn -0.642635 -0.441589 0.626115
vn -0.741465 -0.008811 0.670933
vn -0.670933 0.008811 0.741465
vn -0.626115 0.441589 0.642635
vn -0.470983 0.729467 0.496038
vn -0.256051 -0.805851 0.533893
vn -0.340132 -0.500194 0.796314
vn -0.439644 -0.013538 0.898070
vn -0.329252 0.009168 0.944198
vn -0.310822 0.457092 0.833341
vn -0.211606 0.808201 0.549577
vn -0.002659 -0.852521 0.522687
vn -0.004746 -0.586622 0.809847
vn -0.010087 -0.026221 0.999605
vn -0.002906 0.007395 0.999968
vn -0.003340 0.454731 0.890623
vn -0.001195 0.826926 0.562310
vn 0.002762 -0.798388 0.602137
vn 0.003340 -0.454731 0.890623
vn 0.002906 -0.007395 0.999968
vn 0.010087 0.026221 0.999605
vn 0.004746 0.586622 0.809847
vn 0.005662 0.826913 0.562301
vn 0.258350 -0.792186 0.552899
vn 0.310822 -0.457092 0.833341
vn 0.329252 -0.009168 0.944198
vn 0.439644 0.013538 0.898070
vn 0.340132 0.500194 0.796314
vn 0.312858 0.785415 0.534082
vn 0.503175 -0.702588 0.503175
vn 0.656445 -0.371698 0.656445
vn 0.707101 -0.003916 0.707101
vn 0.706990 0.018156 0.706990
vn 0.603891 0.520222 0.603891
vn 0.490135 0.720787 0.490135
vn -0.490135 -0.720787 -0.490135
vn -0.534082 -0.785415 -0.312858
vn -0.559294 -0.822491 -0.103437
vn -0.561772 -0.826136 0.043722
vn -0.549577 -0.808201 0.211606
vn -0.496038 -0.729467 0.470983
vn -0.603891 -0.520222 -0.603891
vn -0.796314 -0.500194 -0.340132
vn -0.854153 -0.507094 -0.115231
vn -0.857265 -0.506707 0.091347
vn -0.833341 -0.457092 0.310822
vn -0.642635 -0.441589 0.626115
vn -0.707095 -0.005824 -0.707095
vn -0.896429 -0.004275 -0.443166
vn -0.986115 -0.004057 -0.166014
vn -0.995748 -0.004339 0.092012
vn -0.944941 -0.002873 0.327229
vn -0.743397 -0.002763 0.668845
vn -0.707106 0.001214 -0.707106
vn -0.944941 0.002873 -0.327229
vn -0.995748 0.004339 -0.092012
vn -0.986115 0.004057 0.166014
vn -0.896429 0.004275 0.443166
vn -0.668845 0.002763 0.743397
vn -0.656445 0.371698 -0.656445
vn -0.833341 0.457092 -0.310822
vn -0.857265 0.506707 -0.091347
vn -0.854153 0.507094 0.115231
vn -0.796314 0.500194 0.340132
vn -0.626115 0.441589 0.642635
vn -0.503175 0.702588 -0.503175
vn -0.552899 0.792186 -0.258350
vn -0.552668 0.830131 -0.073762
vn -0.568873 0.819059 0.074335
vn -0.533893 0.805851 0.256051
vn -0.470983 0.729467 0.496038
vn 0.470983 -0.729467 -0.496038
vn 0.533893 -0.805851 -0.256051
vn 0.568873 -0.819059 -0.074335
vn 0.552668 -0.830131 0.073762
vn 0.552899 -0.792186 0.258350
vn 0.503175 -0.702588 0.503175
vn 0.626115 -0.441589 -0.642635
vn 0.796314 -0.500194 -0.340132
vn 0.854153 -0.507094 -0.115231
vn 0.857265 -0.506707 0.091347
vn 0.833341 -0.457092 0.310822
vn 0.656445 -0.371698 0.656445
vn 0.668845 -0.002763 -0.743397
vn 0.896429 -0.004275 -0.443166
vn 0.986115 -0.004057 -0.166014
vn 0.995748 -0.004339 0.092012
vn 0.944941 -0.002873 0.327229
vn 0.707106 -0.001214 0.707106
vn 0.743397 0.002763 -0.668845
vn 0.944941 0.002873 -0.327229
vn 0.995748 0.004339 -0.092012
vn 0.986115 0.004057 0.166014
vn 0.896429 0.004275 0.443166
vn 0.707095 0.005824 0.707095
vn 0.642635 0.441589 -0.626115
vn 0.833341 0.457092 -0.310822
vn 0.857265 0.506707 -0.091347
vn 0.854153 0.507094 0.115231
vn 0.796314 0.500194 0.340132
vn 0.603891 0.520222 0.603891
vn 0.496038 0.729467 -0.470983
vn 0.549577 0.808201 -0.211606
vn 0.561772 0.826136 -0.043722
vn 0.559294 0.822491 0.103437
vn 0.534082 0.785415 0.312858
vn 0.490135 0.720787 0.490135
vn -0.490135 -0.720787 -0.490135
vn -0.312858 -0.785415 -0.534082
vn -0.003098 -0.826923 -0.562307
vn 0.000646 -0.826926 -0.562310
vn 0.211606 -0.808201 -0.549577
vn 0.470983 -0.729467 -0.496038
vn -0.534082 -0.785415 -0.312858
vn -0.268668 -0.925005 -0.268668
vn -0.002055 -0.947864 -0.318668
vn 0.001346 -0.973378 -0.229200
vn 0.238736 -0.941281 -0.238736
vn 0.533893 -0.805851 -0.256051
vn -0.559294 -0.822491 -0.103437
vn -0.263694 -0.960573 -0.088120
vn -0.001859 -0.993508 -0.113746
vn 0.001978 -0.998030 -0.062702
vn 0.263001 -0.962273 -0.069724
vn 0.568873 -0.819059 -0.074335
vn -0.561772 -0.826136 0.043722
vn -0.263001 -0.962273 0.069724
vn -0.001978 -0.998030 0.062702
vn 0.001859 -0.993508 0.113746
vn 0.263694 -0.960573 0.088120
vn 0.552668 -0.830131 0.073762
vn -0.549577 -0.808201 0.211606
vn -0.238736 -0.941281 0.238736
vn -0.001346 -0.973378 0.229200
vn 0.002055 -0.947864 0.318668
vn 0.268668 -0.925005 0.268668
vn 0.552899 -0.792186 0.258350
vn -0.496038 -0.729467 0.470983
vn -0.256051 -0.805851 0.533893
vn -0.001442 -0.853027 0.521865
vn 0.001499 -0.797762 0.602971
vn 0.258350 -0.792186 0.552899
vn 0.503175 -0.702588 0.503175
vn -0.503175 0.702588 -0.503175
vn -0.258350 0.792186 -0.552899
vn -0.001499 0.797762 -0.602971
vn 0.001442 0.853027 -0.521865
vn 0.256051 0.805851 -0.533893
vn 0.496038 0.729467 -0.470983
vn -0.552899 0.792186 -0.258350
vn -0.268668 0.925005 -0.268668
vn -0.002055 0.947864 -0.318668
vn 0.001346 0.973378 -0.229200
vn 0.238736 0.941281 -0.238736
vn 0.549577 0.808201 -0.211606
vn -0.552668 0.830131 -0.073762
vn -0.263694 0.960573 -0.088120
vn -0.001859 0.993508 -0.113746
vn 0.001978 0.998030 -0.062702
vn 0.263001 0.962273 -0.069724
vn 0.561772 0.826136 -0.043722
vn -0.568873 0.819059 0.074335
vn -0.263001 0.962273 0.069724
vn -0.001978 0.998030 0.062702
vn 0.001859 0.993508 0.113746
vn 0.263694 0.960573 0.088120
vn 0.559294 0.822491 0.103437
vn -0.533893 0.805851 0.256051
vn -0.238736 0.941281 0.238736
vn -0.001346 0.973378 0.229200
vn 0.002055 0.947864 0.318668
vn 0.268668 0.925005 0.268668
vn 0.534082 0.785415 0.312858
vn -0.470983 0.729467 0.496038
vn -0.211606 0.808201 0.549577
vn -0.000646 0.826926 0.562310
vn 0.003098 0.826923 0.562307
vn 0.312858 0.785415 0.534082
vn 0.490135 0.720787 0.490135
vn -0.490135 -0.720787 -0.490135
vn -0.603891 -0.520222 -0.603891
vn -0.707095 -0.005824 -0.707095
vn -0.707106 0.001214 -0.707106
vn -0.656445 0.371698 -0.656445
vn -0.503175 0.702588 -0.503175
vn -0.312858 -0.785415 -0.534082
vn -0.340132 -0.500194 -0.796314
vn -0.443166 -0.004275 -0.896429
vn -0.327229 0.002873 -0.944941
vn -0.310822 0.457092 -0.833341
vn -0.258350 0.792186 -0.552899
vn -0.003098 -0.826923 -0.562307
vn -0.002579 -0.588061 -0.808813
vn -0.005764 -0.008620 -0.999946
vn -0.001520 0.002272 -0.999996
vn -0.001812 0.453782 -0.891111
vn -0.001499 0.797762 -0.602971
vn 0.000646 -0.826926 -0.562310
vn 0.001812 -0.453782 -0.891111
vn 0.001520 -0.002272 -0.999996
vn 0.005764 0.008620 -0.999946
vn 0.002579 0.588061 -0.808813
vn 0.001442 0.853027 -0.521865
vn 0.211606 -0.808201 -0.549577
vn 0.310822 -0.457092 -0.833341
vn 0.327229 -0.002873 -0.944941
vn 0.443166 0.004275 -0.896429
vn 0.340132 0.500194 -0.796314
vn 0.256051 0.805851 -0.533893
vn 0.470983 -0.729467 -0.496038
vn 0.626115 -0.441589 -0.642635
vn 0.668845 -0.002763 -0.743397
vn 0.743397 0.002763 -0.668845
vn 0.642635 0.441589 -0.626115
vn 0.496038 0.729467 -0.470983
vn -0.496038 -0.729467 0.470983
vn -0.642635 -0.441589 0.626115
vn -0.743397 -0.002763 0.668845
vn -0.668845 0.002763 0.743397
vn -0.626115 0.441589 0.642635
vn -0.470983 0.729467 0.496038
vn -0.256051 -0.805851 0.533893
vn -0.340132 -0.500194 0.796314
vn -0.443166 -0.004275 0.896429
vn -0.327229 0.002873 0.944941
vn -0.310822 0.457092 0.833341
vn -0.211606 0.808201 0.549577
vn -0.001442 -0.853027 0.521865
vn -0.002579 -0.588061 0.808813
vn -0.005764 -0.008620 0.999946
vn -0.001520 0.002272 0.999996
vn -0.001812 0.453782 0.891111
vn -0.000646 0.826926 0.562310
vn 0.001499 -0.797762 0.602971
vn 0.001812 -0.453782 0.891111
vn 0.001520 -0.002272 0.999996
vn 0.005764 0.008620 0.999946
vn 0.002579 0.588061 0.808813
vn 0.003098 0.826923 0.562307
vn 0.258350 -0.792186 0.552899
vn 0.310822 -0.457092 0.833341
vn 0.327229 -0.002873 0.944941
vn 0.443166 0.004275 0.896429
vn 0.340132 0.500194 0.796314
vn 0.312858 0.785415 0.534082
vn 0.503175 -0.702588 0.503175
vn 0.656445 -0.371698 0.656445
vn 0.707106 -0.001214 0.707106
vn 0.707095 0.005824 0.707095
vn 0.603891 0.520222 0.603891
vn 0.490135 0.720787 0.490135
vn -0.490135 -0.720787 -0.490135
vn -0.534082 -0.785415 -0.312858
vn -0.559294 -0.822491 -0.103437
vn -0.561772 -0.826136 0.043722
vn -0.549577 -0.808201 0.211606
vn -0.496038 -0.729467 0.470983
vn -0.603891 -0.520222 -0.603891
vn -0.796314 -0.500194 -0.340132
vn -0.854153 -0.507094 -0.115231
vn -0.857265 -0.506707 0.091347
vn -0.833341 -0.457092 0.310822
vn -0.642635 -0.441589 0.626115
vn -0.707095 -0.005824 -0.707095
vn -0.896429 -0.004275 -0.443166
vn -0.986115 -0.004057 -0.166014
vn -0.995748 -0.004339 0.092012
vn -0.944941 -0.002873 0.327229
vn -0.743397 -0.002763 0.668845
vn -0.707106 0.001214 -0.707106
vn -0.944941 0.002873 -0.327229
vn -0.995748 0.004339 -0.092012
vn -0.986115 0.004057 0.166014
vn -0.896429 0.004275 0.443166
vn -0.668845 0.002763 0.743397
vn -0.656445 0.371698 -0.656445
vn -0.833341 0.457092 -0.310822
vn -0.857265 0.506707 -0.091347
vn -0.854153 0.507094 0.115231
vn -0.796314 0.500194 0.340132
vn -0.626115 0.441589 0.642635
vn -0.503175 0.702588 -0.503175
vn -0.552899 0.792186 -0.258350
vn -0.552668 0.830131 -0.073762
vn -0.568873 0.819059 0.074335
vn -0.533893 0.805851 0.256051
vn -0.470983 0.729467 0.496038
vn 0.470983 -0.729467 -0.496038
vn 0.533893 -0.805851 -0.256051
vn 0.568873 -0.819059 -0.074335
vn 0.552668 -0.830131 0.073762
vn 0.552899 -0.792186 0.258350
vn 0.503175 -0.702588 0.503175
vn 0.626115 -0.441589 -0.642635
vn 0.796314 -0.500194 -0.340132
vn 0.854153 -0.507094 -0.115231
vn 0.857265 -0.506707 0.091347
vn 0.833341 -0.457092 0.310822
vn 0.656445 -0.371698 0.656445
vn 0.668845 -0.002763 -0.743397
vn 0.896429 -0.004275 -0.443166
vn 0.986115 -0.004057 -0.166014
vn 0.995748 -0.004339 0.092012
vn 0.944941 -0.002873 0.327229
vn 0.707106 -0.001214 0.707106
vn 0.743397 0.002763 -0.668845
vn 0.944941 0.002873 -0.327229
vn 0.995748 0.004339 -0.092012
vn 0.986115 0.004057 0.166014
vn 0.896429 0.004275 0.443166
vn 0.707095 0.005824 0.707095
vn 0.642635 0.441589 -0.626115
vn 0.833341 0.457092 -0.310822
vn 0.857265 0.506707 -0.091347
vn 0.854153 0.507094 0.115231
vn 0.796314 0.500194 0.340132
vn 0.603891 0.520222 0.603891
vn 0.496038 0.729467 -0.470983
vn 0.549577 0.808201 -0.211606
vn 0.561772 0.826136 -0.043722
vn 0.559294 0.822491 0.103437
vn 0.534082 0.785415 0.312858
vn 0.490135 0.720787 0.490135
vn -0.490135 -0.720787 -0.490135
vn -0.312858 -0.785415 -0.534082
vn -0.003098 -0.826923 -0.562307
vn 0.000646 -0.826926 -0.562310
vn 0.211606 -0.808201 -0.549577
vn 0.470983 -0.729467 -0.496038
vn -0.534082 -0.785415 -0.312858
vn -0.268668 -0.925005 -0.268668
vn -0.002055 -0.947864 -0.318668
vn 0.001346 -0.973378 -0.229200
vn 0.238736 -0.941281 -0.238736
vn 0.533893 -0.805851 -0.256051
vn -0.559294 -0.822491 -0.103437
vn -0.263694 -0.960573 -0.088120
vn -0.001859 -0.993508 -0.113746
vn 0.001978 -0.998030 -0.062702
vn 0.263001 -0.962273 -0.069724
vn 0.568873 -0.819059 -0.074335
vn -0.561772 -0.826136 0.043722
vn -0.263001 -0.962273 0.069724
vn -0.001978 -0.998030 0.062702
vn 0.001859 -0.993508 0.113746
vn 0.263694 -0.960573 0.088120
vn 0.552668 -0.830131 0.073762
vn -0.549577 -0.808201 0.211606
vn -0.238736 -0.941281 0.238736
vn -0.001346 -0.973378 0.229200
vn 0.002055 -0.947864 0.318668
vn 0.268668 -0.925005 0.268668
vn 0.552899 -0.792186 0.258350
vn -0.496038 -0.729467 0.470983
vn -0.256051 -0.805851 0.533893
vn -0.001442 -0.853027 0.521865
vn 0.001499 -0.797762 0.602971
vn 0.258350 -0.792186 0.552899
vn 0.503175 -0.702588 0.503175
vn -0.503175 0.702588 -0.503175
vn -0.258350 0.792186 -0.552899
vn -0.001499 0.797762 -0.602971
vn 0.001442 0.853027 -0.521865
vn 0.256051 0.805851 -0.533893
vn 0.496038 0.729467 -0.470983
vn -0.552899 0.792186 -0.258350
vn -0.268668 0.925005 -0.268668
vn -0.002055 0.947864 -0.318668
vn 0.001346 0.973378 -0.229200
vn 0.238736 0.941281 -0.238736
vn 0.549577 0.808201 -0.211606
vn -0.552668 0.830131 -0.073762
vn -0.263694 0.960573 -0.088120
vn -0.001859 0.993508 -0.113746
vn 0.001978 0.998030 -0.062702
vn 0.263001 0.962273 -0.069724
vn 0.561772 0.826136 -0.043722
vn -0.568873 0.819059 0.074335
vn -0.263001 0.962273 0.069724
vn -0.001978 0.998030 0.062702
vn 0.001859 0.993508 0.113746
vn 0.263694 0.960573 0.088120
vn 0.559294 0.822491 0.103437
vn -0.533893 0.805851 0.256051
vn -0.238736 0.941281 0.238736
vn -0.001346 0.973378 0.229200
vn 0.002055 0.947864 0.318668
vn 0.268668 0.925005 0.268668
vn 0.534082 0.785415 0.312858
vn -0.470983 0.729467 0.496038
vn -0.211606 0.808201 0.549577
vn -0.000646 0.826926 0.562310
vn 0.003098 0.826923 0.562307
vn 0.312858 0.785415 0.534082
vn 0.490135 0.720787 0.490135
vn -0.490135 -0.720787 -0.490135
vn -0.603891 -0.520222 -0.603891
vn -0.707095 -0.005824 -0.707095
vn -0.707106 0.001214 -0.707106
vn -0.656445 0.371698 -0.656445
vn -0.503175 0.702588 -0.503175
vn -0.312858 -0.785415 -0.534082
vn -0.340132 -0.500194 -0.796314
vn -0.443166 -0.004275 -0.896429
vn -0.327229 0.002873 -0.944941
vn -0.310822 0.457092 -0.833341
vn -0.258350 0.792186 -0.552899
vn -0.003098 -0.826923 -0.562307
vn -0.002579 -0.588061 -0.808813
vn -0.005764 -0.008620 -0.999946
vn -0.001520 0.002272 -0.999996
vn -0.001812 0.453782 -0.891111
vn -0.001499 0.797762 -0.602971
vn 0.000646 -0.826926 -0.562310
vn 0.001812 -0.453782 -0.891111
vn 0.001520 -0.002272 -0.999996
vn 0.005764 0.008620 -0.999946
vn 0.002579 0.588061 -0.808813
vn 0.001442 0.853027 -0.521865
vn 0.211606 -0.808201 -0.549577
vn 0.310822 -0.457092 -0.833341
vn 0.327229 -0.002873 -0.944941
vn 0.443166 0.004275 -0.896429
vn 0.340132 0.500194 -0.796314
vn 0.256051 0.805851 -0.533893
vn 0.470983 -0.729467 -0.496038
vn 0.626115 -0.441589 -0.642635
vn 0.668845 -0.002763 -0.743397
vn 0.743397 0.002763 -0.668845
vn 0.642635 0.441589 -0.626115
vn 0.496038 0.729467 -0.470983
vn -0.496038 -0.729467 0.470983
vn -0.642635 -0.441589 0.626115
vn -0.743397 -0.002763 0.668845
vn -0.668845 0.002763 0.743397
vn -0.626115 0.441589 0.642635
vn -0.470983 0.729467 0.496038
vn -0.256051 -0.805851 0.533893
vn -0.340132 -0.500194 0.796314
vn -0.443166 -0.004275 0.896429
vn -0.327229 0.002873 0.944941
vn -0.310822 0.457092 0.833341
vn -0.211606 0.808201 0.549577
vn -0.001442 -0.853027 0.521865
vn -0.002579 -0.588061 0.808813
vn -0.005764 -0.008620 0.999946
vn -0.001520 0.002272 0.999996
vn -0.001812 0.453782 0.891111
vn -0.000646 0.826926 0.562310
vn 0.001499 -0.797762 0.602971
vn 0.001812 -0.453782 0.891111
vn 0.001520 -0.002272 0.999996
vn 0.005764 0.008620 0.999946
vn 0.002579 0.588061 0.808813
vn 0.003098 0.826923 0.562307
vn 0.258350 -0.792186 0.552899
vn 0.310822 -0.457092 0.833341
vn 0.327229 -0.002873 0.944941
vn 0.443166 0.004275 0.896429
vn 0.340132 0.500194 0.796314
vn 0.312858 0.785415 0.534082
vn 0.503175 -0.702588 0.503175
vn 0.656445 -0.371698 0.656445
vn 0.707106 -0.001214 0.707106
vn 0.707095 0.005824 0.707095
vn 0.603891 0.520222 0.603891
vn 0.490135 0.720787 0.490135
f 218//218 223//223 217//217
f 224//224 223//223 218//218
f 219//219 224//224 218//218
f 225//225 224//224 219//219
f 220//220 225//225 219//219
f 226//226 225//225 220//220
f 221//221 226//226 220//220
f 227//227 226//226 221//221
f 222//222 227//227 221//221
f 228//228 227//227 222//222
f 224//224 229//229 223//223
f 230//230 229//229 224//224
f 225//225 230//230 224//224
f 231//231 230//230 225//225
f 226//226 231//231 225//225
f 232//232 231//231 226//226
f 227//227 232//232 226//226
f 233//233 232//232 227//227
f 228//228 233//233 227//227
f 234//234 233//233 228//228
f 230//230 235//235 229//229
f 236//236 235//235 230//230
f 231//231 236//236 230//230
f 237//237 236//236 231//231
f 232//232 237//237 231//231
f 238//238 237//237 232//232
f 233//233 238//238 232//232
f 239//239 238//238 233//233
f 234//234 239//239 233//233
f 240//240 239//239 234//234
f 236//236 241//241 235//235
f 242//242 241//241 236//236
f 237//237 242//242 236//236
f 243//243 242//242 237//237
f 238//238 243//243 237//237
f 244//244 243//243 238//238
f 239//239 244//244 238//238
f 245//245 244//244 239//239
f 240//240 245//245 239//239
f 246//246 245//245 240//240
f 242//242 247//247 241//241
f 248//248 247//247 242//242
f 243//243 248//248 242//242
f 249//249 248//248 243//243
f 244//244 249//249 243//243
f 250//250 249//249 244//244
f 245//245 250//250 244//244
f 251//251 250//250 245//245
f 246//246 251//251 245//245
f 252//252 251//251 246//246
f 253//253 259//259 254//254
f 254//254 259//259 260//260
f 254//254 260//260 255//255
f 255//255 260//260 261//261
f 255//255 261//261 256//256
f 256//256 261//261 262//262
f 256//256 262//262 257//257
f 257//257 262//262 263//263
f 257//257 263//263 258//258
f 258//258 263//263 264//264
f 259//259 265//265 260//260
f 260//260 265//265 266//266
f 260//260 266//266 261//261
f 261//261 266//266 267//267
f 261//261 267//267 262//262
f 262//262 267//267 268//268
f 262//262 268//268 263//263
f 263//263 268//268 269//269
f 263//263 269//269 264//264
f 264//264 269//269 270//270
f 265//265 271//271 266//266
f 266//266 271//271 272//272
f 266//266 272//272 267//267
f 267//267 272//272 273//273
f 267//267 273//273 268//268
f 268//268 273//273 274//274
f 268//268 274//274 269//269
f 269//269 274//274 275//275
f 269//269 275//275 270//270
f 270//270 275//275 276//276
f 271//271 277//277 272//272
f 272//272 277//277 278//278
f 272//272 278//278 273//273
f 273//273 278//278 279//279
f 273//273 279//279 274//274
f 274//274 279//279 280//280
f 274//274 280//280 275//275
f 275//275 280//280 281//281
f 275//275 281//281 276//276
f 276//276 281//281 282//282
f 277//277 283//283 278//278
f 278//278 283//283 284//284
f 278//278 284//284 279//279
f 279//279 284//284 285//285
f 279//279 285//285 280//280
f 280//280 285//285 286//286
f 280//280 286//286 281//281
f 281//281 286//286 287//287
f 281//281 287//287 282//282
f 282//282 287//287 288//288
f 290//290 295//295 289//289
f 296//296 295//295 290//290
f 291//291 296//296 290//290
f 297//297 296//296 291//291
f 292//292 297//297 291//291
f 298//298 297//297 292//292
f 293//293 298//298 292//292
f 299//299 298//298 293//293
f 294//294 299//299 293//293
f 300//300 299//299 294//294
f 296//296 301//301 295//295
f 302//302 301//301 296//296
f 297//297 302//302 296//296
f 303//303 302//302 297//297
f 298//298 303//303 297//297
f 304//304 303//303 298//298
f 299//299 304//304 298//298
f 305//305 304//304 299//299
f 300//300 305//305 299//299
f 306//306 305//305 300//300
f 302//302 307//307 301//301
f 308//308 307//307 302//302
f 303//303 308//308 302//302
f 309//309 308//308 303//303
f 304//304 309//309 303//303
f 310//310 309//309 304//304
f 305//305 310//310 304//304
f 311//311 310//310 305//305
f 306//306 311//311 305//305
f 312//312 311//311 306//306
f 308//308 313//313 307//307
f 314//314 313//313 308//308
f 309//309 314//314 308//308
f 315//315 314//314 309//309
f 310//310 315//315 309//309
f 316//316 315//315 310//310
f 311//311 316//316 310//310
f 317//317 316//316 311//311
f 312//312 317//317 311//311
f 318//318 317//317 312//312
f 314//314 319//319 313//313
f 320//320 319//319 314//314
f 315//315 320//320 314//314
f 321//321 320//320 315//315
f 316//316 321//321 315//315
f 322//322 321//321 316//316
f 317//317 322//322 316//316
f 323//323 322//322 317//317
f 318//318 323//323 317//317
f 324//324 323//323 318//318
f 325//325 331//331 326//326
f 326//326 331//331 332//332
f 326//326 332//332 327//327
f 327//327 332//332 333//333
f 327//327 333//333 328//328
f 328//328 333//333 334//334
f 328//328 334//334 329//329
f 329//329 334//334 335//335
f 329//329 335//335 330//330
f 330//330 335//335 336//336
f 331//331 337//337 332//332
f 332//332 337//337 338//338
f 332//332 338//338 333//333
f 333//333 338//338 339//339
f 333//333 339//339 334//334
f 334//334 339//339 340//340
f 334//334 340//340 335//335
f 335//335 340//340 341//341
f 335//335 341//341 336//336
f 336//336 341//341 342//342
f 337//337 343//343 338//338
f 338//338 343//343 344//344
f 338//338 344//344 339//339
f 339//339 344//344 345//345
f 339//339 345//345 340//340
f 340//340 345//345 346//346
f 340//340 346//346 341//341
f 341//341 346//346 347//347
f 341//341 347//347 342//342
f 342//342 347//347 348//348
f 343//343 349//349 344//344
f 344//344 349//349 350//350
f 344//344 350//350 345//345
f 345//345 350//350 351//351
f 345//345 351//351 346//346
f 346//346 351//351 352//352
f 346//346 352//352 347//347
f 347//347 352//352 353//353
f 347//347 353//353 348//348
f 348//348 353//353 354//354
f 349//349 355//355 350//350
f 350//350 355//355 356//356
f 350//350 356//356 351//351
f 351//351 356//356 357//357
f 351//351 357//357 352//352
f 352//352 357//357 358//358
f 352//352 358//358 353//353
f 353//353 358//358 359//359
f 353//353 359//359 354//354
f 354//354 359//359 360//360
f 362//362 367//367 361//361
f 368//368 367//367 362//362
f 363//363 368//368 362//362
f 369//369 368//368 363//363
f 364//364 369//369 363//363
f 370//370 369//369 364//364
f 365//365 370//370 364//364
f 371//371 370//370 365//365
f 366//366 371//371 365//365
f 372//372 371//371 366//366
f 368//368 373//373 367//367
f 374//374 373//373 368//368
f 369//369 374//374 368//368
f 375//375 374//374 369//369
f 370//370 375//375 369//369
f 376//376 375//375 370//370
f 371//371 376//376 370//370
f 377//377 376//376 371//371
f 372//372 377//377 371//371
f 378//378 377//377 372//372
f 374//374 379//379 373//373
f 380//380 379//379 374//374
f 375//375 380//380 374//374
f 381//381 380//380 375//375
f 376//376 381//381 375//375
f 382//382 381//381 376//376
f 377//377 382//382 376//376
f 383//383 382//382 377//377
f 378//378 383//383 377//377
f 384//384 383//383 378//378
f 380//380 385//385 379//379
f 386//386 385//385 380//380
f 381//381 386//386 380//380
f 387//387 386//386 381//381
f 382//382 387//387 381//381
f 388//388 387//387 382//382
f 383//383 388//388 382//382
f 389//389 388//388 383//383
f 384//384 389//389 383//383
f 390//390 389//389 384//384
f 386//386 391//391 385//385
f 392//392 391//391 386//386
f 387//387 392//392 386//386
f 393//393 392//392 387//387
f 388//388 393//393 387//387
f 394//394 393//393 388//388
f 389//389 394//394 388//388
f 395//395 394//394 389//389
f 390//390 395//395 389//389
f 396//396 395//395 390//390
f 397//397 403//403 398//398
f 398//398 403//403 404//404
f 398//398 404//404 399//399
f 399//399 404//404 405//405
f 399//399 405//405 400//400
f 400//400 405//405 406//406
f 400//400 406//406 401//401
f 401//401 406//406 407//407
f 401//401 407//407 402//402
f 402//402 407//407 408//408
f 403//403 409//409 404//404
f 404//404 409//409 410//410
f 404//404 410//410 405//405
f 405//405 410//410 411//411
f 405//405 411//411 406//406
f 406//406 411//411 412//412
f 406//406 412//412 407//407
f 407//407 412//412 413//413
f 407//407 413//413 408//408
f 408//408 413//413 414//414
f 409//409 415//415 410//410
f 410//410 415//415 416//416
f 410//410 416//416 411//411
f 411//411 416//416 417//417
f 411//411 417//417 412//412
f 412//412 417//417 418//418
f 412//412 418//418 413//413
f 413//413 418//418 419//419
f 413//413 419//419 414//414
f 414//414 419//419 420//420
f 415//415 421//421 416//416
f 416//416 421//421 422//422
f 416//416 422//422 417//417
f 417//417 422//422 423//423
f 417//417 423//423 418//418
f 418//418 423//423 424//424
f 418//418 424//424 419//419
f 419//419 424//424 425//425
f 419//419 425//425 420//420
f 420//420 425//425 426//426
f 421//421 427//427 422//422
f 422//422 427//427 428//428
f 422//422 428//428 423//423
f 423//423 428//428 429//429
f 423//423 429//429 424//424
f 424//424 429//429 430//430
f 424//424 430//430 425//425
f 425//425 430//430 431//431
f 425//425 431//431 426//426
f 426//426 431//431 432//432
f 434//434 439//439 433//433
f 440//440 439//439 434//434
f 435//435 440//440 434//434
f 441//441 440//440 435//435
f 436//436 441//441 435//435
f 442//442 441//441 436//436
f 437//437 442//442 436//436
f 443//443 442//442 437//437
f 438//438 443//443 437//437
f 444//444 443//443 438//438
f 440//440 445//445 439//439
f 446//446 445//445 440//440
f 441//441 446//446 440//440
f 447//447 446//446 441//441
f 442//442 447//447 441//441
f 448//448 447//447 442//442
f 443//443 448//448 442//442
f 449//449 448//448 443//443
f 444//444 449//449 443//443
f 450//450 449//449 444//444
f 446//446 451//451 445//445
f 452//452 451//451 446//446
f 447//447 452//452 446//446
f 453//453 452//452 447//447
f 448//448 453//453 447//447
f 454//454 453//453 448//448
f 449//449 454//454 448//448
f 455//455 454//454 449//449
f 450//450 455//455 449//449
f 456//456 455//455 450//450
f 452//452 457//457 451//451
f 458//458 457//457 452//452
f 453//453 458//458 452//452
f 459//459 458//458 453//453
f 454//454 459//459 453//453
f 460//460 459//459 454//454
f 455//455 460//460 454//454
f 461//461 460//460 455//455
f 456//456 461//461 455//455
f 462//462 461//461 456//456
f 458//458 463//463 457//457
f 464//464 463//463 458//458
f 459//459 464//464 458//458
f 465//465 464//464 459//459
f 460//460 465//465 459//459
f 466//466 465//465 460//460
f 461//461 466//466 460//460
f 467//467 466//466 461//461
f 462//462 467//467 461//461
f 468//468 467//467 462//462
f 469//469 475//475 470//470
f 470//470 475//475 476//476
f 470//470 476//476 471//471
f 471//471 476//476 477//477
f 471//471 477//477 472//472
f 472//472 477//477 478//478
f 472//472 478//478 473//473
f 473//473 478//478 479//479
f 473//473 479//479 474//474
f 474//474 479//479 480//480
f 475//475 481//481 476//476
f 476//476 481//481 482//482
f 476//476 482//482 477//477
f 477//477 482//482 483//483
f 477//477 483//483 478//478
f 478//478 483//483 484//484
f 478//478 484//484 479//479
f 479//479 484//484 485//485
f 479//479 485//485 480//480
f 480//480 485//485 486//486
f 481//481 487//487 482//482
f 482//482 487//487 488//488
f 482//482 488//488 483//483
f 483//483 488//488 489//489
f 483//483 489//489 484//484
f 484//484 489//489 490//490
f 484//484 490//490 485//485
f 485//485 490//490 491//491
f 485//485 491//491 486//486
f 486//486 491//491 492//492
f 487//487 493//493 488//488
f 488//488 493//493 494//494
f 488//488 494//494 489//489
f 489//489 494//494 495//495
f 489//489 495//495 490//490
f 490//490 495//495 496//496
f 490//490 496//496 491//491
f 491//491 496//496 497//497
f 491//491 497//497 492//492
f 492//492 497//497 498//498
f 493//493 499//499 494//494
f 494//494 499//499 500//500
f 494//494 500//500 495//495
f 495//495 500//500 501//501
f 495//495 501//501 496//496
f 496//496 501//501 502//502
f 496//496 502//502 497//497
f 497//497 502//502 503//503
f 497//497 503//503 498//498
f 498//498 503//503 504//504
f 506//506 511//511 505//505
f 512//512 511//511 506//506
f 507//507 512//512 506//506
f 513//513 512//512 507//507
f 508//508 513//513 507//507
f 514//514 513//513 508//508
f 509//509 514//514 508//508
f 515//515 514//514 509//509
f 510//510 515//515 509//509
f 516//516 515//515 510//510
f 512//512 517//517 511//511
f 518//518 517//517 512//512
f 513//513 518//518 512//512
f 519//519 518//518 513//513
f 514//514 519//519 513//513
f 520//520 519//519 514//514
f 515//515 520//520 514//514
f 521//521 520//520 515//515
f 516//516 521//521 515//515
f 522//522 521//521 516//516
f 518//518 523//523 517//517
f 524//524 523//523 518//518
f 519//519 524//524 518//518
f 525//525 524//524 519//519
f 520//520 525//525 519//519
f 526//526 525//525 520//520
f 521//521 526//526 520//520
f 527//527 526//526 521//521
f 522//522 527//527 521//521
f 528//528 527//527 522//522
f 524//524 529//529 523//523
f 530//530 529//529 524//524
f 525//525 530//530 524//524
f 531//531 530//530 525//525
f 526//526 531//531 525//525
f 532//532 531//531 526//526
f 527//527 532//532 526//526
f 533//533 532//532 527//527
f 528//528 533//533 527//527
f 534//534 533//533 528//528
f 530//530 535//535 529//529
f 536//536 535//535 530//530
f 531//531 536//536 530//530
f 537//537 536//536 531//531
f 532//532 537//537 531//531
f 538//538 537//537 532//532
f 533//533 538//538 532//532
f 539//539 538//538 533//533
f 534//534 539//539 533//533
f 540//540 539//539 534//534
f 541//541 547//547 542//542
f 542//542 547//547 548//548
f 542//542 548//548 543//543
f 543//543 548//548 549//549
f 543//543 549//549 544//544
f 544//544 549//549 550//550
f 544//544 550//550 545//545
f 545//545 550//550 551//551
f 545//545 551//551 546//546
f 546//546 551//551 552//552
f 547//547 553//553 548//548
f 548//548 553//553 554//554
f 548//548 554//554 549//549
f 549//549 554//554 555//555
f 549//549 555//555 550//550
f 550//550 555//555 556//556
f 550//550 556//556 551//551
f 551//551 556//556 557//557
f 551//551 557//557 552//552
f 552//552 557//557 558//558
f 553//553 559//559 554//554
f 554//554 559//559 560//560
f 554//554 560//560 555//555
f 555//555 560//560 561//561
f 555//555 561//561 556//556
f 556//556 561//561 562//562
f 556//556 562//562 557//557
f 557//557 562//562 563//563
f 557//557 563//563 558//558
f 558//558 563//563 564//564
f 559//559 565//565 560//560
f 560//560 565//565 566//566
f 560//560 566//566 561//561
f 561//561 566//566 567//567
f 561//561 567//567 562//562
f 562//562 567//567 568//568
f 562//562 568//568 563//563
f 563//563 568//568 569//569
f 563//563 569//569 564//564
f 564//564 569//569 570//570
f 565//565 571//571 566//566
f 566//566 571//571 572//572
f 566//566 572//572 567//567
f 567//567 572//572 573//573
f 567//567 573//573 568//568
f 568//568 573//573 574//574
f 568//568 574//574 569//569
f 569//569 574//574 575//575
f 569//569 575//575 570//570
f 570//570 575//575 576//576
f 578//578 583//583 577//577
f 584//584 583//583 578//578
f 579//579 584//584 578//578
f 585//585 584//584 579//579
f 580//580 585//585 579//579
f 586//586 585//585 580//580
f 581//581 586//586 580//580
f 587//587 586//586 581//581
f 582//582 587//587 581//581
f 588//588 587//587 582//582
f 584//584 589//589 583//583
f 590//590 589//589 584//584
f 585//585 590//590 584//584
f 591//591 590//590 585//585
f 586//586 591//591 585//585
f 592//592 591//591 586//586
f 587//587 592//592 586//586
f 593//593 592//592 587//587
f 588//588 593//593 587//587
f 594//594 593//593 588//588
f 590//590 595//595 589//589
f 596//596 595//595 590//590
f 591//591 596//596 590//590
f 597//597 596//596 591//591
f 592//592 597//597 591//591
f 598//598 597//597 592//592
f 593//593 598//598 592//592
f 599//599 598//598 593//593
f 594//594 599//599 593//593
f 600//600 599//599 594//594
f 596//596 601//601 595//595
f 602//602 601//601 596//596
f 597//597 602//602 596//596
f 603//603 602//602 597//597
f 598//598 603//603 597//597
f 604//604 603//603 598//598
f 599//599 604//604 598//598
f 605//605 604//604 599//599
f 600//600 605//605 599//599
f 606//606 605//605 600//600
f 602//602 607//607 601//601
f 608//608 607//607 602//602
f 603//603 608//608 602//602
f 609//609 608//608 603//603
f 604//604 609//609 603//603
f 610//610 609//609 604//604
f 605//605 610//610 604//604
f 611//611 610//610 605//605
f 606//606 611//611 605//605
f 612//612 611//611 606//606
f 613//613 619//619 614//614
f 614//614 619//619 620//620
f 614//614 620//620 615//615
f 615//615 620//620 621//621
f 615//615 621//621 616//616
f 616//616 621//621 622//622
f 616//616 622//622 617//617
f 617//617 622//622 623//623
f 617//617 623//623 618//618
f 618//618 623//623 624//624
f 619//619 625//625 620//620
f 620//620 625//625 626//626
f 620//620 626//626 621//621
f 621//621 626//626 627//627
f 621//621 627//627 622//622
f 622//622 627//627 628//628
f 622//622 628//628 623//623
f 623//623 628//628 629//629
f 623//623 629//629 624//624
f 624//624 629//629 630//630
f 625//625 631//631 626//626
f 626//626 631//631 632//632
f 626//626 632//632 627//627
f 627//627 632//632 633//633
f 627//627 633//633 628//628
f 628//628 633//633 634//634
f 628//628 634//634 629//629
f 629//629 634//634 635//635
f 629//629 635//635 630//630
f 630//630 635//635 636//636
f 631//631 637//637 632//632
f 632//632 637//637 638//638
f 632//632 638//638 633//633
f 633//633 638//638 639//639
f 633//633 639//639 634//634
f 634//634 639//639 640//640
f 634//634 640//640 635//635
f 635//635 640//640 641//641
f 635//635 641//641 636//636
f 636//636 641//641 642//642
f 637//637 643//643 638//638
f 638//638 643//643 644//644
f 638//638 644//644 639//639
f 639//639 644//644 645//645
f 639//639 645//645 640//640
f 640//640 645//645 646//646
f 640//640 646//646 641//641
f 641//641 646//646 647//647
f 641//641 647//647 642//642
f 642//642 647//647 648//648
f 650//650 655//655 649//649
f 656//656 655//655 650//650
f 651//651 656//656 650//650
f 657//657 656//656 651//651
f 652//652 657//657 651//651
f 658//658 657//657 652//652
f 653//653 658//658 652//652
f 659//659 658//658 653//653
f 654//654 659//659 653//653
f 660//660 659//659 654//654
f 656//656 661//661 655//655
f 662//662 661//661 656//656
f 657//657 662//662 656//656
f 663//663 662//662 657//657
f 658//658 663//663 657//657
f 664//664 663//663 658//658
f 659//659 664//664 658//658
f 665//665 664//664 659//659
f 660//660 665//665 659//659
f 666//666 665//665 660//660
f 662//662 667//667 661//661
f 668//668 667//667 662//662
f 663//663 668//668 662//662
f 669//669 668//668 663//663
f 664//664 669//669 663//663
f 670//670 669//669 664//664
f 665//665 670//670 664//664
f 671//671 670//670 665//665
f 666//666 671//671 665//665
f 672//672 671//671 666//666
f 668//668 673//673 667//667
f 674//674 673//673 668//668
f 669//669 674//674 668//668
f 675//675 674//674 669//669
f 670//670 675//675 669//669
f 676//676 675//675 670//670
f 671//671 676//676 670//670
f 677//677 676//676 671//671
f 672//672 677//677 671//671
f 678//678 677//677 672//672
f 674//674 679//679 673//673
f 680//680 679//679 674//674
f 675//675 680//680 674//674
f 681//681 680//680 675//675
f 676//676 681//681 675//675
f 682//682 681//681 676//676
f 677//677 682//682 676//676
f 683//683 682//682 677//677
f 678//678 683//683 677//677
f 684//684 683//683 678//678
f 685//685 691//691 686//686
f 686//686 691//691 692//692
f 686//686 692//692 687//687
f 687//687 692//692 693//693
f 687//687 693//693 688//688
f 688//688 693//693 694//694
f 688//688 694//694 689//689
f 689//689 694//694 695//695
f 689//689 695//695 690//690
f 690//690 695//695 696//696
f 691//691 697//697 692//692
f 692//692 697//697 698//698
f 692//692 698//698 693//693
f 693//693 698//698 699//699
f 693//693 699//699 694//694
f 694//694 699//699 700//700
f 694//694 700//700 695//695
f 695//695 700//700 701//701
f 695//695 701//701 696//696
f 696//696 701//701 702//702
f 697//697 703//703 698//698
f 698//698 703//703 704//704
f 698//698 704//704 699//699
f 699//699 704//704 705//705
f 699//699 705//705 700//700
f 700//700 705//705 706//706
f 700//700 706//706 701//701
f 701//701 706//706 707//707
f 701//701 707//707 702//702
f 702//702 707//707 708//708
f 703//703 709//709 704//704
f 704//704 709//709 710//710
f 704//704 710//710 705//705
f 705//705 710//710 711//711
f 705//705 711//711 706//706
f 706//706 711//711 712//712
f 706//706 712//712 707//707
f 707//707 712//712 713//713
f 707//707 713//713 708//708
f 708//708 713//713 714//714
f 709//709 715//715 710//710
f 710//710 715//715 716//716
f 710//710 716//716 711//711
f 711//711 716//716 717//717
f 711//711 717//717 712//712
f 712//712 717//717 718//718
f 712//712 718//718 713//713
f 713//713 718//718 719//719
f 713//713 719//719 714//714
f 714//714 719//719 720//720
f 722//722 727//727 721//721
f 728//728 727//727 722//722
f 723//723 728//728 722//722
f 729//729 728//728 723//723
f 724//724 729//729 723//723
f 730//730 729//729 724//724
f 725//725 730//730 724//724
f 731//731 730//730 725//725
f 726//726 731//731 725//725
f 732//732 731//731 726//726
f 728//728 733//733 727//727
f 734//734 733//733 728//728
f 729//729 734//734 728//728
f 735//735 734//734 729//729
f 730//730 735//735 729//729
f 736//736 735//735 730//730
f 731//731 736//736 730//730
f 737//737 736//736 731//731
f 732//732 737//737 731//731
f 738//738 737//737 732//732
f 734//734 739//739 733//733
f 740//740 739//739 734//734
f 735//735 740//740 734//734
f 741//741 740//740 735//735
f 736//736 741//741 735//735
f 742//742 741//741 736//736
f 737//737 742//742 736//736
f 743//743 742//742 737//737
f 738//738 743//743 737//737
f 744//744 743//743 738//738
f 740//740 745//745 739//739
f 746//746 745//745 740//740
f 741//741 746//746 740//740
f 747//747 746//746 741//741
f 742//742 747//747 741//741
f 748//748 747//747 742//742
f 743//743 748//748 742//742
f 749//749 748//748 743//743
f 744//744 749//749 743//743
f 750//750 749//749 744//744
f 746//746 751//751 745//745
f 752//752 751//751 746//746
f 747//747 752//752 746//746
f 753//753 752//752 747//747
f 748//748 753//753 747//747
f 754//754 753//753 748//748
f 749//749 754//754 748//748
f 755//755 754//754 749//749
f 750//750 755//755 749//749
f 756//756 755//755 750//750
f 757//757 763//763 758//758
f 758//758 763//763 764//764
f 758//758 764//764 759//759
f 759//759 764//764 765//765
f 759//759 765//765 760//760
f 760//760 765//765 766//766
f 760//760 766//766 761//761
f 761//761 766//766 767//767
f 761//761 767//767 762//762
f 762//762 767//767 768//768
f 763//763 769//769 764//764
f 764//764 769//769 770//770
f 764//764 770//770 765//765
f 765//765 770//770 771//771
f 765//765 771//771 766//766
f 766//766 771//771 772//772
f 766//766 772//772 767//767
f 767//767 772//772 773//773
f 767//767 773//773 768//768
f 768//768 773//773 774//774
f 769//769 775//775 770//770
f 770//770 775//775 776//776
f 770//770 776//776 771//771
f 771//771 776//776 777//777
f 771//771 777//777 772//772
f 772//772 777//777 778//778
f 772//772 778//778 773//773
f 773//773 778//778 779//779
f 773//773 779//779 774//774
f 774//774 779//779 780//780
f 775//775 781//781 776//776
f 776//776 781//781 782//782
f 776//776 782//782 777//777
f 777//777 782//782 783//783
f 777//777 783//783 778//778
f 778//778 783//783 784//784
f 778//778 784//784 779//779
f 779//779 784//784 785//785
f 779//779 785//785 780//780
f 780//780 785//785 786//786
f 781//781 787//787 782//782
f 782//782 787//787 788//788
f 782//782 788//788 783//783
f 783//783 788//788 789//789
f 783//783 789//789 784//784
f 784//784 789//789 790//790
f 784//784 790//790 785//785
f 785//785 790//790 791//791
f 785//785 791//791 786//786
f 786//786 791//791 792//792
f 794//794 799//799 793//793
f 800//800 799//799 794//794
f 795//795 800//800 794//794
f 801//801 800//800 795//795
f 796//796 801//801 795//795
f 802//802 801//801 796//796
f 797//797 802//802 796//796
f 803//803 802//802 797//797
f 798//798 803//803 797//797
f 804//804 803//803 798//798
f 800//800 805//805 799//799
f 806//806 805//805 800//800
f 801//801 806//806 800//800
f 807//807 806//806 801//801
f 802//802 807//807 801//801
f 808//808 807//807 802//802
f 803//803 808//808 802//802
f 809//809 808//808 803//803
f 804//804 809//809 803//803
f 810//810 809//809 804//804
f 806//806 811//811 805//805
f 812//812 811//811 806//806
f 807//807 812//812 806//806
f 813//813 812//812 807//807
f 808//808 813//813 807//807
f 814//814 813//813 808//808
f 809//809 814//814 808//808
f 815//815 814//814 809//809
f 810//810 815//815 809//809
f 816//816 815//815 810//810
f 812//812 817//817 811//811
f 818//818 817//817 812//812
f 813//813 818//818 812//812
f 819//819 818//818 813//813
f 814//814 819//819 813//813
f 820//820 819//819 814//814
f 815//815 820//820 814//814
f 821//821 820//820 815//815
f 816//816 821//821 815//815
f 822//822 821//821 816//816
f 818//818 823//823 817//817
f 824//824 823//823 818//818
f 819//819 824//824 818//818
f 825//825 824//824 819//819
f 820//820 825//825 819//819
f 826//826 825//825 820//820
f 821//821 826//826 820//820
f 827//827 826//826 821//821
f 822//822 827//827 821//821
f 828//828 827//827 822//822
f 829//829 835//835 830//830
f 830//830 835//835 836//836
f 830//830 836//836 831//831
f 831//831 836//836 837//837
f 831//831 837//837 832//832
f 832//832 837//837 838//838
f 832//832 838//838 833//833
f 833//833 838//838 839//839
f 833//833 839//839 834//834
f 834//834 839//839 840//840
f 835//835 841//841 836//836
f 836//836 841//841 842//842
f 836//836 842//842 837//837
f 837//837 842//842 843//843
f 837//837 843//843 838//838
f 838//838 843//843 844//844
f 838//838 844//844 839//839
f 839//839 844//844 845//845
f 839//839 845//845 840//840
f 840//840 845//845 846//846
f 841//841 847//847 842//842
f 842//842 847//847 848//848
f 842//842 848//848 843//843
f 843//843 848//848 849//849
f 843//843 849//849 844//844
f 844//844 849//849 850//850
f 844//844 850//850 845//845
f 845//845 850//850 851//851
f 845//845 851//851 846//846
f 846//846 851//851 852//852
f 847//847 853//853 848//848
f 848//848 853//853 854//854
f 848//848 854//854 849//849
f 849//849 854//854 855//855
f 849//849 855//855 850//850
f 850//850 855//855 856//856
f 850//850 856//856 851//851
f 851//851 856//856 857//857
f 851//851 857//857 852//852
f 852//852 857//857 858//858
f 853//853 859//859 854//854
f 854//854 859//859 860//860
f 854//854 860//860 855//855
f 855//855 860//860 861//861
f 855//855 861//861 856//856
f 856//856 861//861 862//862
f 856//856 862//862 857//857
f 857//857 862//862 863//863
f 857//857 863//863 858//858
f 858//858 863//863 864//864
o source-mushroom_oakLight
usemtl oakLight
v -0.376528 0.356301 -0.376528
v -0.379375 0.354365 -0.368750
v -0.380664 0.353488 -0.358125
v -0.380664 0.353488 0.358125
v -0.379375 0.354365 0.368750
v -0.376528 0.356301 0.376528
v -0.379375 0.361590 -0.379375
v -0.384151 0.359966 -0.371138
v -0.386635 0.359122 -0.358125
v -0.386635 0.359122 0.358125
v -0.384151 0.359966 0.371138
v -0.379375 0.361590 0.379375
v -0.380664 0.368815 -0.380664
v -0.386635 0.368815 -0.372380
v -0.390000 0.368815 -0.358125
v -0.390000 0.368815 0.358125
v -0.386635 0.368815 0.372380
v -0.380664 0.368815 0.380664
v -0.380664 0.376465 -0.380664
v -0.386635 0.376465 -0.372380
v -0.390000 0.376465 -0.358125
v -0.390000 0.376465 0.358125
v -0.386635 0.376465 0.372380
v -0.380664 0.376465 0.380664
v -0.379375 0.383690 -0.379375
v -0.384151 0.385314 -0.371138
v -0.386635 0.386158 -0.358125
v -0.386635 0.386158 0.358125
v -0.384151 0.385314 0.371138
v -0.379375 0.383690 0.379375
v -0.376528 0.388979 -0.376528
v -0.379375 0.390915 -0.368750
v -0.380664 0.391792 -0.358125
v -0.380664 0.391792 0.358125
v -0.379375 0.390915 0.368750
v -0.376528 0.388979 0.376528
v 0.376528 0.356301 -0.376528
v 0.379375 0.354365 -0.368750
v 0.380664 0.353488 -0.358125
v 0.380664 0.353488 0.358125
v 0.379375 0.354365 0.368750
v 0.376528 0.356301 0.376528
v 0.379375 0.361590 -0.379375
v 0.384151 0.359966 -0.371138
v 0.386635 0.359122 -0.358125
v 0.386635 0.359122 0.358125
v 0.384151 0.359966 0.371138
v 0.379375 0.361590 0.379375
v 0.380664 0.368815 -0.380664
v 0.386635 0.368815 -0.372380
v 0.390000 0.368815 -0.358125
v 0.390000 0.368815 0.358125
v 0.386635 0.368815 0.372380
v 0.380664 0.368815 0.380664
v 0.380664 0.376465 -0.380664
v 0.386635 0.376465 -0.372380
v 0.390000 0.376465 -0.358125
v 0.390000 0.376465 0.358125
v 0.386635 0.376465 0.372380
v 0.380664 0.376465 0.380664
v 0.379375 0.383690 -0.379375
v 0.384151 0.385314 -0.371138
v 0.386635 0.386158 -0.358125
v 0.386635 0.386158 0.358125
v 0.384151 0.385314 0.371138
v 0.379375 0.383690 0.379375
v 0.376528 0.388979 -0.376528
v 0.379375 0.390915 -0.368750
v 0.380664 0.391792 -0.358125
v 0.380664 0.391792 0.358125
v 0.379375 0.390915 0.368750
v 0.376528 0.388979 0.376528
v -0.376528 0.356301 -0.376528
v -0.368750 0.354365 -0.379375
v -0.358125 0.353488 -0.380664
v 0.358125 0.353488 -0.380664
v 0.368750 0.354365 -0.379375
v 0.376528 0.356301 -0.376528
v -0.379375 0.354365 -0.368750
v -0.371138 0.351117 -0.371138
v -0.358125 0.349428 -0.372380
v 0.358125 0.349428 -0.372380
v 0.371138 0.351117 -0.371138
v 0.379375 0.354365 -0.368750
v -0.380664 0.353488 -0.358125
v -0.372380 0.349428 -0.358125
v -0.358125 0.347140 -0.358125
v 0.358125 0.347140 -0.358125
v 0.372380 0.349428 -0.358125
v 0.380664 0.353488 -0.358125
v -0.380664 0.353488 0.358125
v -0.372380 0.349428 0.358125
v -0.358125 0.347140 0.358125
v 0.358125 0.347140 0.358125
v 0.372380 0.349428 0.358125
v 0.380664 0.353488 0.358125
v -0.379375 0.354365 0.368750
v -0.371138 0.351117 0.371138
v -0.358125 0.349428 0.372380
v 0.358125 0.349428 0.372380
v 0.371138 0.351117 0.371138
v 0.379375 0.354365 0.368750
v -0.376528 0.356301 0.376528
v -0.368750 0.354365 0.379375
v -0.358125 0.353488 0.380664
v 0.358125 0.353488 0.380664
v 0.368750 0.354365 0.379375
v 0.376528 0.356301 0.376528
v -0.376528 0.388979 -0.376528
v -0.368750 0.390915 -0.379375
v -0.358125 0.391792 -0.380664
v 0.358125 0.391792 -0.380664
v 0.368750 0.390915 -0.379375
v 0.376528 0.388979 -0.376528
v -0.379375 0.390915 -0.368750
v -0.371138 0.394163 -0.371138
v -0.358125 0.395852 -0.372380
v 0.358125 0.395852 -0.372380
v 0.371138 0.394163 -0.371138
v 0.379375 0.390915 -0.368750
v -0.380664 0.391792 -0.358125
v -0.372380 0.395852 -0.358125
v -0.358125 0.398140 -0.358125
v 0.358125 0.398140 -0.358125
v 0.372380 0.395852 -0.358125
v 0.380664 0.391792 -0.358125
v -0.380664 0.391792 0.358125
v -0.372380 0.395852 0.358125
v -0.358125 0.398140 0.358125
v 0.358125 0.398140 0.358125
v 0.372380 0.395852 0.358125
v 0.380664 0.391792 0.358125
v -0.379375 0.390915 0.368750
v -0.371138 0.394163 0.371138
v -0.358125 0.395852 0.372380
v 0.358125 0.395852 0.372380
v 0.371138 0.394163 0.371138
v 0.379375 0.390915 0.368750
v -0.376528 0.388979 0.376528
v -0.368750 0.390915 0.379375
v -0.358125 0.391792 0.380664
v 0.358125 0.391792 0.380664
v 0.368750 0.390915 0.379375
v 0.376528 0.388979 0.376528
v -0.376528 0.356301 -0.376528
v -0.379375 0.361590 -0.379375
v -0.380664 0.368815 -0.380664
v -0.380664 0.376465 -0.380664
v -0.379375 0.383690 -0.379375
v -0.376528 0.388979 -0.376528
v -0.368750 0.354365 -0.379375
v -0.371138 0.359966 -0.384151
v -0.372380 0.368815 -0.386635
v -0.372380 0.376465 -0.386635
v -0.371138 0.385314 -0.384151
v -0.368750 0.390915 -0.379375
v -0.358125 0.353488 -0.380664
v -0.358125 0.359122 -0.386635
v -0.358125 0.368815 -0.390000
v -0.358125 0.376465 -0.390000
v -0.358125 0.386158 -0.386635
v -0.358125 0.391792 -0.380664
v 0.358125 0.353488 -0.380664
v 0.358125 0.359122 -0.386635
v 0.358125 0.368815 -0.390000
v 0.358125 0.376465 -0.390000
v 0.358125 0.386158 -0.386635
v 0.358125 0.391792 -0.380664
v 0.368750 0.354365 -0.379375
v 0.371138 0.359966 -0.384151
v 0.372380 0.368815 -0.386635
v 0.372380 0.376465 -0.386635
v 0.371138 0.385314 -0.384151
v 0.368750 0.390915 -0.379375
v 0.376528 0.356301 -0.376528
v 0.379375 0.361590 -0.379375
v 0.380664 0.368815 -0.380664
v 0.380664 0.376465 -0.380664
v 0.379375 0.383690 -0.379375
v 0.376528 0.388979 -0.376528
v -0.376528 0.356301 0.376528
v -0.379375 0.361590 0.379375
v -0.380664 0.368815 0.380664
v -0.380664 0.376465 0.380664
v -0.379375 0.383690 0.379375
v -0.376528 0.388979 0.376528
v -0.368750 0.354365 0.379375
v -0.371138 0.359966 0.384151
v -0.372380 0.368815 0.386635
v -0.372380 0.376465 0.386635
v -0.371138 0.385314 0.384151
v -0.368750 0.390915 0.379375
v -0.358125 0.353488 0.380664
v -0.358125 0.359122 0.386635
v -0.358125 0.368815 0.390000
v -0.358125 0.376465 0.390000
v -0.358125 0.386158 0.386635
v -0.358125 0.391792 0.380664
v 0.358125 0.353488 0.380664
v 0.358125 0.359122 0.386635
v 0.358125 0.368815 0.390000
v 0.358125 0.376465 0.390000
v 0.358125 0.386158 0.386635
v 0.358125 0.391792 0.380664
v 0.368750 0.354365 0.379375
v 0.371138 0.359966 0.384151
v 0.372380 0.368815 0.386635
v 0.372380 0.376465 0.386635
v 0.371138 0.385314 0.384151
v 0.368750 0.390915 0.379375
v 0.376528 0.356301 0.376528
v 0.379375 0.361590 0.379375
v 0.380664 0.368815 0.380664
v 0.380664 0.376465 0.380664
v 0.379375 0.383690 0.379375
v 0.376528 0.388979 0.376528
vn -0.490135 -0.720787 -0.490135
vn -0.534082 -0.785415 -0.312858
vn -0.562304 -0.826917 -0.004779
vn -0.562310 -0.826926 0.001005
vn -0.549577 -0.808201 0.211606
vn -0.496038 -0.729467 0.470983
vn -0.603891 -0.520222 -0.603891
vn -0.796314 -0.500194 -0.340132
vn -0.809490 -0.587120 -0.003997
vn -0.890792 -0.454403 0.002811
vn -0.833341 -0.457092 0.310822
vn -0.642635 -0.441589 0.626115
vn -0.694383 -0.188854 -0.694383
vn -0.911984 -0.180931 -0.368170
vn -0.970846 -0.239669 -0.004140
vn -0.990796 -0.135286 0.004473
vn -0.918203 -0.143882 0.369054
vn -0.693082 -0.136034 0.707907
vn -0.704802 0.080667 -0.704802
vn -0.918203 0.143882 -0.369054
vn -0.990796 0.135286 -0.004473
vn -0.970846 0.239669 0.004140
vn -0.911984 0.180931 0.368170
vn -0.707907 0.136034 0.693082
vn -0.656445 0.371698 -0.656445
vn -0.833341 0.457092 -0.310822
vn -0.890792 0.454403 -0.002811
vn -0.809490 0.587120 0.003997
vn -0.796314 0.500194 0.340132
vn -0.626115 0.441589 0.642635
vn -0.503175 0.702588 -0.503175
vn -0.552899 0.792186 -0.258350
vn -0.602426 0.798172 -0.002325
vn -0.522402 0.852696 0.002237
vn -0.533893 0.805851 0.256051
vn -0.470983 0.729467 0.496038
vn 0.470983 -0.729467 -0.496038
vn 0.533893 -0.805851 -0.256051
vn 0.522402 -0.852696 -0.002237
vn 0.602426 -0.798172 0.002325
vn 0.552899 -0.792186 0.258350
vn 0.503175 -0.702588 0.503175
vn 0.626115 -0.441589 -0.642635
vn 0.796314 -0.500194 -0.340132
vn 0.809490 -0.587120 -0.003997
vn 0.890792 -0.454403 0.002811
vn 0.833341 -0.457092 0.310822
vn 0.656445 -0.371698 0.656445
vn 0.707907 -0.136034 -0.693082
vn 0.911984 -0.180931 -0.368170
vn 0.970846 -0.239669 -0.004140
vn 0.990796 -0.135286 0.004473
vn 0.918203 -0.143882 0.369054
vn 0.704802 -0.080667 0.704802
vn 0.693082 0.136034 -0.707907
vn 0.918203 0.143882 -0.369054
vn 0.990796 0.135286 -0.004473
vn 0.970846 0.239669 0.004140
vn 0.911984 0.180931 0.368170
vn 0.694383 0.188854 0.694383
vn 0.642635 0.441589 -0.626115
vn 0.833341 0.457092 -0.310822
vn 0.890792 0.454403 -0.002811
vn 0.809490 0.587120 0.003997
vn 0.796314 0.500194 0.340132
vn 0.603891 0.520222 0.603891
vn 0.496038 0.729467 -0.470983
vn 0.549577 0.808201 -0.211606
vn 0.562310 0.826926 -0.001005
vn 0.562304 0.826917 0.004779
vn 0.534082 0.785415 0.312858
vn 0.490135 0.720787 0.490135
vn -0.490135 -0.720787 -0.490135
vn -0.312858 -0.785415 -0.534082
vn -0.004779 -0.826917 -0.562304
vn 0.001005 -0.826926 -0.562310
vn 0.211606 -0.808201 -0.549577
vn 0.470983 -0.729467 -0.496038
vn -0.534082 -0.785415 -0.312858
vn -0.268668 -0.925005 -0.268668
vn -0.003183 -0.948096 -0.317969
vn 0.002089 -0.973289 -0.229575
vn 0.238736 -0.941281 -0.238736
vn 0.533893 -0.805851 -0.256051
vn -0.562304 -0.826917 -0.004779
vn -0.317969 -0.948096 -0.003183
vn -0.005975 -0.999964 -0.005975
vn 0.001620 -0.999997 -0.001620
vn 0.229575 -0.973289 -0.002089
vn 0.522402 -0.852696 -0.002237
vn -0.562310 -0.826926 0.001005
vn -0.229575 -0.973289 0.002089
vn -0.001620 -0.999997 0.001620
vn 0.005975 -0.999964 0.005975
vn 0.317969 -0.948096 0.003183
vn 0.602426 -0.798172 0.002325
vn -0.549577 -0.808201 0.211606
vn -0.238736 -0.941281 0.238736
vn -0.002089 -0.973289 0.229575
vn 0.003183 -0.948096 0.317969
vn 0.268668 -0.925005 0.268668
vn 0.552899 -0.792186 0.258350
vn -0.496038 -0.729467 0.470983
vn -0.256051 -0.805851 0.533893
vn -0.002237 -0.852696 0.522402
vn 0.002325 -0.798172 0.602426
vn 0.258350 -0.792186 0.552899
vn 0.503175 -0.702588 0.503175
vn -0.503175 0.702588 -0.503175
vn -0.258350 0.792186 -0.552899
vn -0.002325 0.798172 -0.602426
vn 0.002237 0.852696 -0.522402
vn 0.256051 0.805851 -0.533893
vn 0.496038 0.729467 -0.470983
vn -0.552899 0.792186 -0.258350
vn -0.268668 0.925005 -0.268668
vn -0.003183 0.948096 -0.317969
vn 0.002089 0.973289 -0.229575
vn 0.238736 0.941281 -0.238736
vn 0.549577 0.808201 -0.211606
vn -0.602426 0.798172 -0.002325
vn -0.317969 0.948096 -0.003183
vn -0.005975 0.999964 -0.005975
vn 0.001620 0.999997 -0.001620
vn 0.229575 0.973289 -0.002089
vn 0.562310 0.826926 -0.001005
vn -0.522402 0.852696 0.002237
vn -0.229575 0.973289 0.002089
vn -0.001620 0.999997 0.001620
vn 0.005975 0.999964 0.005975
vn 0.317969 0.948096 0.003183
vn 0.562304 0.826917 0.004779
vn -0.533893 0.805851 0.256051
vn -0.238736 0.941281 0.238736
vn -0.002089 0.973289 0.229575
vn 0.003183 0.948096 0.317969
vn 0.268668 0.925005 0.268668
vn 0.534082 0.785415 0.312858
vn -0.470983 0.729467 0.496038
vn -0.211606 0.808201 0.549577
vn -0.001005 0.826926 0.562310
vn 0.004779 0.826917 0.562304
vn 0.312858 0.785415 0.534082
vn 0.490135 0.720787 0.490135
vn -0.490135 -0.720787 -0.490135
vn -0.603891 -0.520222 -0.603891
vn -0.694383 -0.188854 -0.694383
vn -0.704802 0.080667 -0.704802
vn -0.656445 0.371698 -0.656445
vn -0.503175 0.702588 -0.503175
vn -0.312858 -0.785415 -0.534082
vn -0.340132 -0.500194 -0.796314
vn -0.368170 -0.180931 -0.911984
vn -0.369054 0.143882 -0.918203
vn -0.310822 0.457092 -0.833341
vn -0.258350 0.792186 -0.552899
vn -0.004779 -0.826917 -0.562304
vn -0.003997 -0.587120 -0.809490
vn -0.004140 -0.239669 -0.970846
vn -0.004473 0.135286 -0.990796
vn -0.002811 0.454403 -0.890792
vn -0.002325 0.798172 -0.602426
vn 0.001005 -0.826926 -0.562310
vn 0.002811 -0.454403 -0.890792
vn 0.004473 -0.135286 -0.990796
vn 0.004140 0.239669 -0.970846
vn 0.003997 0.587120 -0.809490
vn 0.002237 0.852696 -0.522402
vn 0.211606 -0.808201 -0.549577
vn 0.310822 -0.457092 -0.833341
vn 0.369054 -0.143882 -0.918203
vn 0.368170 0.180931 -0.911984
vn 0.340132 0.500194 -0.796314
vn 0.256051 0.805851 -0.533893
vn 0.470983 -0.729467 -0.496038
vn 0.626115 -0.441589 -0.642635
vn 0.707907 -0.136034 -0.693082
vn 0.693082 0.136034 -0.707907
vn 0.642635 0.441589 -0.626115
vn 0.496038 0.729467 -0.470983
vn -0.496038 -0.729467 0.470983
vn -0.642635 -0.441589 0.626115
vn -0.693082 -0.136034 0.707907
vn -0.707907 0.136034 0.693082
vn -0.626115 0.441589 0.642635
vn -0.470983 0.729467 0.496038
vn -0.256051 -0.805851 0.533893
vn -0.340132 -0.500194 0.796314
vn -0.368170 -0.180931 0.911984
vn -0.369054 0.143882 0.918203
vn -0.310822 0.457092 0.833341
vn -0.211606 0.808201 0.549577
vn -0.002237 -0.852696 0.522402
vn -0.003997 -0.587120 0.809490
vn -0.004140 -0.239669 0.970846
vn -0.004473 0.135286 0.990796
vn -0.002811 0.454403 0.890792
vn -0.001005 0.826926 0.562310
vn 0.002325 -0.798172 0.602426
vn 0.002811 -0.454403 0.890792
vn 0.004473 -0.135286 0.990796
vn 0.004140 0.239669 0.970846
vn 0.003997 0.587120 0.809490
vn 0.004779 0.826917 0.562304
vn 0.258350 -0.792186 0.552899
vn 0.310822 -0.457092 0.833341
vn 0.369054 -0.143882 0.918203
vn 0.368170 0.180931 0.911984
vn 0.340132 0.500194 0.796314
vn 0.312858 0.785415 0.534082
vn 0.503175 -0.702588 0.503175
vn 0.656445 -0.371698 0.656445
vn 0.704802 -0.080667 0.704802
vn 0.694383 0.188854 0.694383
vn 0.603891 0.520222 0.603891
vn 0.490135 0.720787 0.490135
f 866//866 871//871 865//865
f 872//872 871//871 866//866
f 867//867 872//872 866//866
f 873//873 872//872 867//867
f 868//868 873//873 867//867
f 874//874 873//873 868//868
f 869//869 874//874 868//868
f 875//875 874//874 869//869
f 870//870 875//875 869//869
f 876//876 875//875 870//870
f 872//872 877//877 871//871
f 878//878 877//877 872//872
f 873//873 878//878 872//872
f 879//879 878//878 873//873
f 874//874 879//879 873//873
f 880//880 879//879 874//874
f 875//875 880//880 874//874
f 881//881 880//880 875//875
f 876//876 881//881 875//875
f 882//882 881//881 876//876
f 878//878 883//883 877//877
f 884//884 883//883 878//878
f 879//879 884//884 878//878
f 885//885 884//884 879//879
f 880//880 885//885 879//879
f 886//886 885//885 880//880
f 881//881 886//886 880//880
f 887//887 886//886 881//881
f 882//882 887//887 881//881
f 888//888 887//887 882//882
f 884//884 889//889 883//883
f 890//890 889//889 884//884
f 885//885 890//890 884//884
f 891//891 890//890 885//885
f 886//886 891//891 885//885
f 892//892 891//891 886//886
f 887//887 892//892 886//886
f 893//893 892//892 887//887
f 888//888 893//893 887//887
f 894//894 893//893 888//888
f 890//890 895//895 889//889
f 896//896 895//895 890//890
f 891//891 896//896 890//890
f 897//897 896//896 891//891
f 892//892 897//897 891//891
f 898//898 897//897 892//892
f 893//893 898//898 892//892
f 899//899 898//898 893//893
f 894//894 899//899 893//893
f 900//900 899//899 894//894
f 901//901 907//907 902//902
f 902//902 907//907 908//908
f 902//902 908//908 903//903
f 903//903 908//908 909//909
f 903//903 909//909 904//904
f 904//904 909//909 910//910
f 904//904 910//910 905//905
f 905//905 910//910 911//911
f 905//905 911//911 906//906
f 906//906 911//911 912//912
f 907//907 913//913 908//908
f 908//908 913//913 914//914
f 908//908 914//914 909//909
f 909//909 914//914 915//915
f 909//909 915//915 910//910
f 910//910 915//915 916//916
f 910//910 916//916 911//911
f 911//911 916//916 917//917
f 911//911 917//917 912//912
f 912//912 917//917 918//918
f 913//913 919//919 914//914
f 914//914 919//919 920//920
f 914//914 920//920 915//915
f 915//915 920//920 921//921
f 915//915 921//921 916//916
f 916//916 921//921 922//922
f 916//916 922//922 917//917
f 917//917 922//922 923//923
f 917//917 923//923 918//918
f 918//918 923//923 924//924
f 919//919 925//925 920//920
f 920//920 925//925 926//926
f 920//920 926//926 921//921
f 921//921 926//926 927//927
f 921//921 927//927 922//922
f 922//922 927//927 928//928
f 922//922 928//928 923//923
f 923//923 928//928 929//929
f 923//923 929//929 924//924
f 924//924 929//929 930//930
f 925//925 931//931 926//926
f 926//926 931//931 932//932
f 926//926 932//932 927//927
f 927//927 932//932 933//933
f 927//927 933//933 928//928
f 928//928 933//933 934//934
f 928//928 934//934 929//929
f 929//929 934//934 935//935
f 929//929 935//935 930//930
f 930//930 935//935 936//936
f 938//938 943//943 937//937
f 944//944 943//943 938//938
f 939//939 944//944 938//938
f 945//945 944//944 939//939
f 940//940 945//945 939//939
f 946//946 945//945 940//940
f 941//941 946//946 940//940
f 947//947 946//946 941//941
f 942//942 947//947 941//941
f 948//948 947//947 942//942
f 944//944 949//949 943//943
f 950//950 949//949 944//944
f 945//945 950//950 944//944
f 951//951 950//950 945//945
f 946//946 951//951 945//945
f 952//952 951//951 946//946
f 947//947 952//952 946//946
f 953//953 952//952 947//947
f 948//948 953//953 947//947
f 954//954 953//953 948//948
f 950//950 955//955 949//949
f 956//956 955//955 950//950
f 951//951 956//956 950//950
f 957//957 956//956 951//951
f 952//952 957//957 951//951
f 958//958 957//957 952//952
f 953//953 958//958 952//952
f 959//959 958//958 953//953
f 954//954 959//959 953//953
f 960//960 959//959 954//954
f 956//956 961//961 955//955
f 962//962 961//961 956//956
f 957//957 962//962 956//956
f 963//963 962//962 957//957
f 958//958 963//963 957//957
f 964//964 963//963 958//958
f 959//959 964//964 958//958
f 965//965 964//964 959//959
f 960//960 965//965 959//959
f 966//966 965//965 960//960
f 962//962 967//967 961//961
f 968//968 967//967 962//962
f 963//963 968//968 962//962
f 969//969 968//968 963//963
f 964//964 969//969 963//963
f 970//970 969//969 964//964
f 965//965 970//970 964//964
f 971//971 970//970 965//965
f 966//966 971//971 965//965
f 972//972 971//971 966//966
f 973//973 979//979 974//974
f 974//974 979//979 980//980
f 974//974 980//980 975//975
f 975//975 980//980 981//981
f 975//975 981//981 976//976
f 976//976 981//981 982//982
f 976//976 982//982 977//977
f 977//977 982//982 983//983
f 977//977 983//983 978//978
f 978//978 983//983 984//984
f 979//979 985//985 980//980
f 980//980 985//985 986//986
f 980//980 986//986 981//981
f 981//981 986//986 987//987
f 981//981 987//987 982//982
f 982//982 987//987 988//988
f 982//982 988//988 983//983
f 983//983 988//988 989//989
f 983//983 989//989 984//984
f 984//984 989//989 990//990
f 985//985 991//991 986//986
f 986//986 991//991 992//992
f 986//986 992//992 987//987
f 987//987 992//992 993//993
f 987//987 993//993 988//988
f 988//988 993//993 994//994
f 988//988 994//994 989//989
f 989//989 994//994 995//995
f 989//989 995//995 990//990
f 990//990 995//995 996//996
f 991//991 997//997 992//992
f 992//992 997//997 998//998
f 992//992 998//998 993//993
f 993//993 998//998 999//999
f 993//993 999//999 994//994
f 994//994 999//999 1000//1000
f 994//994 1000//1000 995//995
f 995//995 1000//1000 1001//1001
f 995//995 1001//1001 996//996
f 996//996 1001//1001 1002//1002
f 997//997 1003//1003 998//998
f 998//998 1003//1003 1004//1004
f 998//998 1004//1004 999//999
f 999//999 1004//1004 1005//1005
f 999//999 1005//1005 1000//1000
f 1000//1000 1005//1005 1006//1006
f 1000//1000 1006//1006 1001//1001
f 1001//1001 1006//1006 1007//1007
f 1001//1001 1007//1007 1002//1002
f 1002//1002 1007//1007 1008//1008
f 1010//1010 1015//1015 1009//1009
f 1016//1016 1015//1015 1010//1010
f 1011//1011 1016//1016 1010//1010
f 1017//1017 1016//1016 1011//1011
f 1012//1012 1017//1017 1011//1011
f 1018//1018 1017//1017 1012//1012
f 1013//1013 1018//1018 1012//1012
f 1019//1019 1018//1018 1013//1013
f 1014//1014 1019//1019 1013//1013
f 1020//1020 1019//1019 1014//1014
f 1016//1016 1021//1021 1015//1015
f 1022//1022 1021//1021 1016//1016
f 1017//1017 1022//1022 1016//1016
f 1023//1023 1022//1022 1017//1017
f 1018//1018 1023//1023 1017//1017
f 1024//1024 1023//1023 1018//1018
f 1019//1019 1024//1024 1018//1018
f 1025//1025 1024//1024 1019//1019
f 1020//1020 1025//1025 1019//1019
f 1026//1026 1025//1025 1020//1020
f 1022//1022 1027//1027 1021//1021
f 1028//1028 1027//1027 1022//1022
f 1023//1023 1028//1028 1022//1022
f 1029//1029 1028//1028 1023//1023
f 1024//1024 1029//1029 1023//1023
f 1030//1030 1029//1029 1024//1024
f 1025//1025 1030//1030 1024//1024
f 1031//1031 1030//1030 1025//1025
f 1026//1026 1031//1031 1025//1025
f 1032//1032 1031//1031 1026//1026
f 1028//1028 1033//1033 1027//1027
f 1034//1034 1033//1033 1028//1028
f 1029//1029 1034//1034 1028//1028
f 1035//1035 1034//1034 1029//1029
f 1030//1030 1035//1035 1029//1029
f 1036//1036 1035//1035 1030//1030
f 1031//1031 1036//1036 1030//1030
f 1037//1037 1036//1036 1031//1031
f 1032//1032 1037//1037 1031//1031
f 1038//1038 1037//1037 1032//1032
f 1034//1034 1039//1039 1033//1033
f 1040//1040 1039//1039 1034//1034
f 1035//1035 1040//1040 1034//1034
f 1041//1041 1040//1040 1035//1035
f 1036//1036 1041//1041 1035//1035
f 1042//1042 1041//1041 1036//1036
f 1037//1037 1042//1042 1036//1036
f 1043//1043 1042//1042 1037//1037
f 1038//1038 1043//1043 1037//1037
f 1044//1044 1043//1043 1038//1038
f 1045//1045 1051//1051 1046//1046
f 1046//1046 1051//1051 1052//1052
f 1046//1046 1052//1052 1047//1047
f 1047//1047 1052//1052 1053//1053
f 1047//1047 1053//1053 1048//1048
f 1048//1048 1053//1053 1054//1054
f 1048//1048 1054//1054 1049//1049
f 1049//1049 1054//1054 1055//1055
f 1049//1049 1055//1055 1050//1050
f 1050//1050 1055//1055 1056//1056
f 1051//1051 1057//1057 1052//1052
f 1052//1052 1057//1057 1058//1058
f 1052//1052 1058//1058 1053//1053
f 1053//1053 1058//1058 1059//1059
f 1053//1053 1059//1059 1054//1054
f 1054//1054 1059//1059 1060//1060
f 1054//1054 1060//1060 1055//1055
f 1055//1055 1060//1060 1061//1061
f 1055//1055 1061//1061 1056//1056
f 1056//1056 1061//1061 1062//1062
f 1057//1057 1063//1063 1058//1058
f 1058//1058 1063//1063 1064//1064
f 1058//1058 1064//1064 1059//1059
f 1059//1059 1064//1064 1065//1065
f 1059//1059 1065//1065 1060//1060
f 1060//1060 1065//1065 1066//1066
f 1060//1060 1066//1066 1061//1061
f 1061//1061 1066//1066 1067//1067
f 1061//1061 1067//1067 1062//1062
f 1062//1062 1067//1067 1068//1068
f 1063//1063 1069//1069 1064//1064
f 1064//1064 1069//1069 1070//1070
f 1064//1064 1070//1070 1065//1065
f 1065//1065 1070//1070 1071//1071
f 1065//1065 1071//1071 1066//1066
f 1066//1066 1071//1071 1072//1072
f 1066//1066 1072//1072 1067//1067
f 1067//1067 1072//1072 1073//1073
f 1067//1067 1073//1073 1068//1068
f 1068//1068 1073//1073 1074//1074
f 1069//1069 1075//1075 1070//1070
f 1070//1070 1075//1075 1076//1076
f 1070//1070 1076//1076 1071//1071
f 1071//1071 1076//1076 1077//1077
f 1071//1071 1077//1077 1072//1072
f 1072//1072 1077//1077 1078//1078
f 1072//1072 1078//1078 1073//1073
f 1073//1073 1078//1078 1079//1079
f 1073//1073 1079//1079 1074//1074
f 1074//1074 1079//1079 1080//1080
o source-mushroom_cocoa
usemtl cocoa
v -0.172000 0.259080 0.387000
v -0.172000 0.259080 0.387000
v -0.172000 0.259080 0.387000
v -0.172000 0.259080 0.387000
v -0.172000 0.259080 0.387000
v -0.172000 0.259080 0.387000
v -0.172000 0.259080 0.387000
v -0.172000 0.259080 0.387000
v -0.172000 0.259080 0.387000
v -0.172000 0.259080 0.387000
v -0.172000 0.259080 0.387000
v -0.172000 0.259080 0.387000
v -0.172000 0.259080 0.387000
v -0.172000 0.259080 0.387000
v -0.172000 0.259080 0.387000
v -0.172000 0.259080 0.387000
v -0.172000 0.259080 0.387000
v -0.172000 0.259080 0.387000
v -0.172000 0.259080 0.387000
v -0.172000 0.259080 0.387000
v -0.172000 0.259080 0.387000
v -0.163977 0.258709 0.387000
v -0.164369 0.258709 0.388360
v -0.165509 0.258709 0.389586
v -0.167284 0.258709 0.390560
v -0.169521 0.258709 0.391185
v -0.172000 0.258709 0.391400
v -0.174479 0.258709 0.391185
v -0.176716 0.258709 0.390560
v -0.178491 0.258709 0.389586
v -0.179631 0.258709 0.388360
v -0.180023 0.258709 0.387000
v -0.179631 0.258709 0.385640
v -0.178491 0.258709 0.384414
v -0.176716 0.258709 0.383440
v -0.174479 0.258709 0.382815
v -0.172000 0.258709 0.382600
v -0.169521 0.258709 0.382815
v -0.167284 0.258709 0.383440
v -0.165509 0.258709 0.384414
v -0.164369 0.258709 0.385640
v -0.163977 0.258709 0.387000
v -0.156500 0.257622 0.387000
v -0.157259 0.257622 0.389627
v -0.159460 0.257622 0.391996
v -0.162889 0.257622 0.393877
v -0.167210 0.257622 0.395084
v -0.172000 0.257622 0.395500
v -0.176790 0.257622 0.395084
v -0.181111 0.257622 0.393877
v -0.184540 0.257622 0.391996
v -0.186741 0.257622 0.389627
v -0.187500 0.257622 0.387000
v -0.186741 0.257622 0.384373
v -0.184540 0.257622 0.382004
v -0.181111 0.257622 0.380123
v -0.176790 0.257622 0.378916
v -0.172000 0.257622 0.378500
v -0.167210 0.257622 0.378916
v -0.162889 0.257622 0.380123
v -0.159460 0.257622 0.382004
v -0.157259 0.257622 0.384373
v -0.156500 0.257622 0.387000
v -0.150080 0.255893 0.387000
v -0.151153 0.255893 0.390715
v -0.154266 0.255893 0.394066
v -0.159116 0.255893 0.396725
v -0.165226 0.255893 0.398432
v -0.172000 0.255893 0.399021
v -0.178774 0.255893 0.398432
v -0.184884 0.255893 0.396725
v -0.189734 0.255893 0.394066
v -0.192847 0.255893 0.390715
v -0.193920 0.255893 0.387000
v -0.192847 0.255893 0.383285
v -0.189734 0.255893 0.379934
v -0.184884 0.255893 0.377275
v -0.178774 0.255893 0.375568
v -0.172000 0.255893 0.374979
v -0.165226 0.255893 0.375568
v -0.159116 0.255893 0.377275
v -0.154266 0.255893 0.379934
v -0.151153 0.255893 0.383285
v -0.150080 0.255893 0.387000
v -0.145153 0.253640 0.387000
v -0.146467 0.253640 0.391549
v -0.150280 0.253640 0.395654
v -0.156220 0.253640 0.398911
v -0.163704 0.253640 0.401002
v -0.172000 0.253640 0.401722
v -0.180296 0.253640 0.401002
v -0.187780 0.253640 0.398911
v -0.193720 0.253640 0.395654
v -0.197533 0.253640 0.391549
v -0.198847 0.253640 0.387000
v -0.197533 0.253640 0.382451
v -0.193720 0.253640 0.378346
v -0.187780 0.253640 0.375089
v -0.180296 0.253640 0.372998
v -0.172000 0.253640 0.372278
v -0.163704 0.253640 0.372998
v -0.156220 0.253640 0.375089
v -0.150280 0.253640 0.378346
v -0.146467 0.253640 0.382451
v -0.145153 0.253640 0.387000
v -0.142056 0.251016 0.387000
v -0.143522 0.251016 0.392074
v -0.147775 0.251016 0.396652
v -0.154400 0.251016 0.400285
v -0.162747 0.251016 0.402617
v -0.172000 0.251016 0.403421
v -0.181253 0.251016 0.402617
v -0.189600 0.251016 0.400285
v -0.196225 0.251016 0.396652
v -0.200478 0.251016 0.392074
v -0.201944 0.251016 0.387000
v -0.200478 0.251016 0.381926
v -0.196225 0.251016 0.377348
v -0.189600 0.251016 0.373715
v -0.181253 0.251016 0.371383
v -0.172000 0.251016 0.370579
v -0.162747 0.251016 0.371383
v -0.154400 0.251016 0.373715
v -0.147775 0.251016 0.377348
v -0.143522 0.251016 0.381926
v -0.142056 0.251016 0.387000
v -0.141000 0.248200 0.387000
v -0.142517 0.248200 0.392253
v -0.146920 0.248200 0.396992
v -0.153779 0.248200 0.400753
v -0.162420 0.248200 0.403168
v -0.172000 0.248200 0.404000
v -0.181580 0.248200 0.403168
v -0.190221 0.248200 0.400753
v -0.197080 0.248200 0.396992
v -0.201483 0.248200 0.392253
v -0.203000 0.248200 0.387000
v -0.201483 0.248200 0.381747
v -0.197080 0.248200 0.377008
v -0.190221 0.248200 0.373247
v -0.181580 0.248200 0.370832
v -0.172000 0.248200 0.370000
v -0.162420 0.248200 0.370832
v -0.153779 0.248200 0.373247
v -0.146920 0.248200 0.377008
v -0.142517 0.248200 0.381747
v -0.141000 0.248200 0.387000
v -0.142056 0.245384 0.387000
v -0.143522 0.245384 0.392074
v -0.147775 0.245384 0.396652
v -0.154400 0.245384 0.400285
v -0.162747 0.245384 0.402617
v -0.172000 0.245384 0.403421
v -0.181253 0.245384 0.402617
v -0.189600 0.245384 0.400285
v -0.196225 0.245384 0.396652
v -0.200478 0.245384 0.392074
v -0.201944 0.245384 0.387000
v -0.200478 0.245384 0.381926
v -0.196225 0.245384 0.377348
v -0.189600 0.245384 0.373715
v -0.181253 0.245384 0.371383
v -0.172000 0.245384 0.370579
v -0.162747 0.245384 0.371383
v -0.154400 0.245384 0.373715
v -0.147775 0.245384 0.377348
v -0.143522 0.245384 0.381926
v -0.142056 0.245384 0.387000
v -0.145153 0.242760 0.387000
v -0.146467 0.242760 0.391549
v -0.150280 0.242760 0.395654
v -0.156220 0.242760 0.398911
v -0.163704 0.242760 0.401002
v -0.172000 0.242760 0.401722
v -0.180296 0.242760 0.401002
v -0.187780 0.242760 0.398911
v -0.193720 0.242760 0.395654
v -0.197533 0.242760 0.391549
v -0.198847 0.242760 0.387000
v -0.197533 0.242760 0.382451
v -0.193720 0.242760 0.378346
v -0.187780 0.242760 0.375089
v -0.180296 0.242760 0.372998
v -0.172000 0.242760 0.372278
v -0.163704 0.242760 0.372998
v -0.156220 0.242760 0.375089
v -0.150280 0.242760 0.378346
v -0.146467 0.242760 0.382451
v -0.145153 0.242760 0.387000
v -0.150080 0.240507 0.387000
v -0.151153 0.240507 0.390715
v -0.154266 0.240507 0.394066
v -0.159116 0.240507 0.396725
v -0.165226 0.240507 0.398432
v -0.172000 0.240507 0.399021
v -0.178774 0.240507 0.398432
v -0.184884 0.240507 0.396725
v -0.189734 0.240507 0.394066
v -0.192847 0.240507 0.390715
v -0.193920 0.240507 0.387000
v -0.192847 0.240507 0.383285
v -0.189734 0.240507 0.379934
v -0.184884 0.240507 0.377275
v -0.178774 0.240507 0.375568
v -0.172000 0.240507 0.374979
v -0.165226 0.240507 0.375568
v -0.159116 0.240507 0.377275
v -0.154266 0.240507 0.379934
v -0.151153 0.240507 0.383285
v -0.150080 0.240507 0.387000
v -0.156500 0.238778 0.387000
v -0.157259 0.238778 0.389627
v -0.159460 0.238778 0.391996
v -0.162889 0.238778 0.393877
v -0.167210 0.238778 0.395084
v -0.172000 0.238778 0.395500
v -0.176790 0.238778 0.395084
v -0.181111 0.238778 0.393877
v -0.184540 0.238778 0.391996
v -0.186741 0.238778 0.389627
v -0.187500 0.238778 0.387000
v -0.186741 0.238778 0.384373
v -0.184540 0.238778 0.382004
v -0.181111 0.238778 0.380123
v -0.176790 0.238778 0.378916
v -0.172000 0.238778 0.378500
v -0.167210 0.238778 0.378916
v -0.162889 0.238778 0.380123
v -0.159460 0.238778 0.382004
v -0.157259 0.238778 0.384373
v -0.156500 0.238778 0.387000
v -0.163977 0.237691 0.387000
v -0.164369 0.237691 0.388360
v -0.165509 0.237691 0.389586
v -0.167284 0.237691 0.390560
v -0.169521 0.237691 0.391185
v -0.172000 0.237691 0.391400
v -0.174479 0.237691 0.391185
v -0.176716 0.237691 0.390560
v -0.178491 0.237691 0.389586
v -0.179631 0.237691 0.388360
v -0.180023 0.237691 0.387000
v -0.179631 0.237691 0.385640
v -0.178491 0.237691 0.384414
v -0.176716 0.237691 0.383440
v -0.174479 0.237691 0.382815
v -0.172000 0.237691 0.382600
v -0.169521 0.237691 0.382815
v -0.167284 0.237691 0.383440
v -0.165509 0.237691 0.384414
v -0.164369 0.237691 0.385640
v -0.163977 0.237691 0.387000
v -0.172000 0.237320 0.387000
v -0.172000 0.237320 0.387000
v -0.172000 0.237320 0.387000
v -0.172000 0.237320 0.387000
v -0.172000 0.237320 0.387000
v -0.172000 0.237320 0.387000
v -0.172000 0.237320 0.387000
v -0.172000 0.237320 0.387000
v -0.172000 0.237320 0.387000
v -0.172000 0.237320 0.387000
v -0.172000 0.237320 0.387000
v -0.172000 0.237320 0.387000
v -0.172000 0.237320 0.387000
v -0.172000 0.237320 0.387000
v -0.172000 0.237320 0.387000
v -0.172000 0.237320 0.387000
v -0.172000 0.237320 0.387000
v -0.172000 0.237320 0.387000
v -0.172000 0.237320 0.387000
v -0.172000 0.237320 0.387000
v -0.172000 0.237320 0.387000
v 0.172000 0.259080 0.387000
v 0.172000 0.259080 0.387000
v 0.172000 0.259080 0.387000
v 0.172000 0.259080 0.387000
v 0.172000 0.259080 0.387000
v 0.172000 0.259080 0.387000
v 0.172000 0.259080 0.387000
v 0.172000 0.259080 0.387000
v 0.172000 0.259080 0.387000
v 0.172000 0.259080 0.387000
v 0.172000 0.259080 0.387000
v 0.172000 0.259080 0.387000
v 0.172000 0.259080 0.387000
v 0.172000 0.259080 0.387000
v 0.172000 0.259080 0.387000
v 0.172000 0.259080 0.387000
v 0.172000 0.259080 0.387000
v 0.172000 0.259080 0.387000
v 0.172000 0.259080 0.387000
v 0.172000 0.259080 0.387000
v 0.172000 0.259080 0.387000
v 0.180023 0.258709 0.387000
v 0.179631 0.258709 0.388360
v 0.178491 0.258709 0.389586
v 0.176716 0.258709 0.390560
v 0.174479 0.258709 0.391185
v 0.172000 0.258709 0.391400
v 0.169521 0.258709 0.391185
v 0.167284 0.258709 0.390560
v 0.165509 0.258709 0.389586
v 0.164369 0.258709 0.388360
v 0.163977 0.258709 0.387000
v 0.164369 0.258709 0.385640
v 0.165509 0.258709 0.384414
v 0.167284 0.258709 0.383440
v 0.169521 0.258709 0.382815
v 0.172000 0.258709 0.382600
v 0.174479 0.258709 0.382815
v 0.176716 0.258709 0.383440
v 0.178491 0.258709 0.384414
v 0.179631 0.258709 0.385640
v 0.180023 0.258709 0.387000
v 0.187500 0.257622 0.387000
v 0.186741 0.257622 0.389627
v 0.184540 0.257622 0.391996
v 0.181111 0.257622 0.393877
v 0.176790 0.257622 0.395084
v 0.172000 0.257622 0.395500
v 0.167210 0.257622 0.395084
v 0.162889 0.257622 0.393877
v 0.159460 0.257622 0.391996
v 0.157259 0.257622 0.389627
v 0.156500 0.257622 0.387000
v 0.157259 0.257622 0.384373
v 0.159460 0.257622 0.382004
v 0.162889 0.257622 0.380123
v 0.167210 0.257622 0.378916
v 0.172000 0.257622 0.378500
v 0.176790 0.257622 0.378916
v 0.181111 0.257622 0.380123
v 0.184540 0.257622 0.382004
v 0.186741 0.257622 0.384373
v 0.187500 0.257622 0.387000
v 0.193920 0.255893 0.387000
v 0.192847 0.255893 0.390715
v 0.189734 0.255893 0.394066
v 0.184884 0.255893 0.396725
v 0.178774 0.255893 0.398432
v 0.172000 0.255893 0.399021
v 0.165226 0.255893 0.398432
v 0.159116 0.255893 0.396725
v 0.154266 0.255893 0.394066
v 0.151153 0.255893 0.390715
v 0.150080 0.255893 0.387000
v 0.151153 0.255893 0.383285
v 0.154266 0.255893 0.379934
v 0.159116 0.255893 0.377275
v 0.165226 0.255893 0.375568
v 0.172000 0.255893 0.374979
v 0.178774 0.255893 0.375568
v 0.184884 0.255893 0.377275
v 0.189734 0.255893 0.379934
v 0.192847 0.255893 0.383285
v 0.193920 0.255893 0.387000
v 0.198847 0.253640 0.387000
v 0.197533 0.253640 0.391549
v 0.193720 0.253640 0.395654
v 0.187780 0.253640 0.398911
v 0.180296 0.253640 0.401002
v 0.172000 0.253640 0.401722
v 0.163704 0.253640 0.401002
v 0.156220 0.253640 0.398911
v 0.150280 0.253640 0.395654
v 0.146467 0.253640 0.391549
v 0.145153 0.253640 0.387000
v 0.146467 0.253640 0.382451
v 0.150280 0.253640 0.378346
v 0.156220 0.253640 0.375089
v 0.163704 0.253640 0.372998
v 0.172000 0.253640 0.372278
v 0.180296 0.253640 0.372998
v 0.187780 0.253640 0.375089
v 0.193720 0.253640 0.378346
v 0.197533 0.253640 0.382451
v 0.198847 0.253640 0.387000
v 0.201944 0.251016 0.387000
v 0.200478 0.251016 0.392074
v 0.196225 0.251016 0.396652
v 0.189600 0.251016 0.400285
v 0.181253 0.251016 0.402617
v 0.172000 0.251016 0.403421
v 0.162747 0.251016 0.402617
v 0.154400 0.251016 0.400285
v 0.147775 0.251016 0.396652
v 0.143522 0.251016 0.392074
v 0.142056 0.251016 0.387000
v 0.143522 0.251016 0.381926
v 0.147775 0.251016 0.377348
v 0.154400 0.251016 0.373715
v 0.162747 0.251016 0.371383
v 0.172000 0.251016 0.370579
v 0.181253 0.251016 0.371383
v 0.189600 0.251016 0.373715
v 0.196225 0.251016 0.377348
v 0.200478 0.251016 0.381926
v 0.201944 0.251016 0.387000
v 0.203000 0.248200 0.387000
v 0.201483 0.248200 0.392253
v 0.197080 0.248200 0.396992
v 0.190221 0.248200 0.400753
v 0.181580 0.248200 0.403168
v 0.172000 0.248200 0.404000
v 0.162420 0.248200 0.403168
v 0.153779 0.248200 0.400753
v 0.146920 0.248200 0.396992
v 0.142517 0.248200 0.392253
v 0.141000 0.248200 0.387000
v 0.142517 0.248200 0.381747
v 0.146920 0.248200 0.377008
v 0.153779 0.248200 0.373247
v 0.162420 0.248200 0.370832
v 0.172000 0.248200 0.370000
v 0.181580 0.248200 0.370832
v 0.190221 0.248200 0.373247
v 0.197080 0.248200 0.377008
v 0.201483 0.248200 0.381747
v 0.203000 0.248200 0.387000
v 0.201944 0.245384 0.387000
v 0.200478 0.245384 0.392074
v 0.196225 0.245384 0.396652
v 0.189600 0.245384 0.400285
v 0.181253 0.245384 0.402617
v 0.172000 0.245384 0.403421
v 0.162747 0.245384 0.402617
v 0.154400 0.245384 0.400285
v 0.147775 0.245384 0.396652
v 0.143522 0.245384 0.392074
v 0.142056 0.245384 0.387000
v 0.143522 0.245384 0.381926
v 0.147775 0.245384 0.377348
v 0.154400 0.245384 0.373715
v 0.162747 0.245384 0.371383
v 0.172000 0.245384 0.370579
v 0.181253 0.245384 0.371383
v 0.189600 0.245384 0.373715
v 0.196225 0.245384 0.377348
v 0.200478 0.245384 0.381926
v 0.201944 0.245384 0.387000
v 0.198847 0.242760 0.387000
v 0.197533 0.242760 0.391549
v 0.193720 0.242760 0.395654
v 0.187780 0.242760 0.398911
v 0.180296 0.242760 0.401002
v 0.172000 0.242760 0.401722
v 0.163704 0.242760 0.401002
v 0.156220 0.242760 0.398911
v 0.150280 0.242760 0.395654
v 0.146467 0.242760 0.391549
v 0.145153 0.242760 0.387000
v 0.146467 0.242760 0.382451
v 0.150280 0.242760 0.378346
v 0.156220 0.242760 0.375089
v 0.163704 0.242760 0.372998
v 0.172000 0.242760 0.372278
v 0.180296 0.242760 0.372998
v 0.187780 0.242760 0.375089
v 0.193720 0.242760 0.378346
v 0.197533 0.242760 0.382451
v 0.198847 0.242760 0.387000
v 0.193920 0.240507 0.387000
v 0.192847 0.240507 0.390715
v 0.189734 0.240507 0.394066
v 0.184884 0.240507 0.396725
v 0.178774 0.240507 0.398432
v 0.172000 0.240507 0.399021
v 0.165226 0.240507 0.398432
v 0.159116 0.240507 0.396725
v 0.154266 0.240507 0.394066
v 0.151153 0.240507 0.390715
v 0.150080 0.240507 0.387000
v 0.151153 0.240507 0.383285
v 0.154266 0.240507 0.379934
v 0.159116 0.240507 0.377275
v 0.165226 0.240507 0.375568
v 0.172000 0.240507 0.374979
v 0.178774 0.240507 0.375568
v 0.184884 0.240507 0.377275
v 0.189734 0.240507 0.379934
v 0.192847 0.240507 0.383285
v 0.193920 0.240507 0.387000
v 0.187500 0.238778 0.387000
v 0.186741 0.238778 0.389627
v 0.184540 0.238778 0.391996
v 0.181111 0.238778 0.393877
v 0.176790 0.238778 0.395084
v 0.172000 0.238778 0.395500
v 0.167210 0.238778 0.395084
v 0.162889 0.238778 0.393877
v 0.159460 0.238778 0.391996
v 0.157259 0.238778 0.389627
v 0.156500 0.238778 0.387000
v 0.157259 0.238778 0.384373
v 0.159460 0.238778 0.382004
v 0.162889 0.238778 0.380123
v 0.167210 0.238778 0.378916
v 0.172000 0.238778 0.378500
v 0.176790 0.238778 0.378916
v 0.181111 0.238778 0.380123
v 0.184540 0.238778 0.382004
v 0.186741 0.238778 0.384373
v 0.187500 0.238778 0.387000
v 0.180023 0.237691 0.387000
v 0.179631 0.237691 0.388360
v 0.178491 0.237691 0.389586
v 0.176716 0.237691 0.390560
v 0.174479 0.237691 0.391185
v 0.172000 0.237691 0.391400
v 0.169521 0.237691 0.391185
v 0.167284 0.237691 0.390560
v 0.165509 0.237691 0.389586
v 0.164369 0.237691 0.388360
v 0.163977 0.237691 0.387000
v 0.164369 0.237691 0.385640
v 0.165509 0.237691 0.384414
v 0.167284 0.237691 0.383440
v 0.169521 0.237691 0.382815
v 0.172000 0.237691 0.382600
v 0.174479 0.237691 0.382815
v 0.176716 0.237691 0.383440
v 0.178491 0.237691 0.384414
v 0.179631 0.237691 0.385640
v 0.180023 0.237691 0.387000
v 0.172000 0.237320 0.387000
v 0.172000 0.237320 0.387000
v 0.172000 0.237320 0.387000
v 0.172000 0.237320 0.387000
v 0.172000 0.237320 0.387000
v 0.172000 0.237320 0.387000
v 0.172000 0.237320 0.387000
v 0.172000 0.237320 0.387000
v 0.172000 0.237320 0.387000
v 0.172000 0.237320 0.387000
v 0.172000 0.237320 0.387000
v 0.172000 0.237320 0.387000
v 0.172000 0.237320 0.387000
v 0.172000 0.237320 0.387000
v 0.172000 0.237320 0.387000
v 0.172000 0.237320 0.387000
v 0.172000 0.237320 0.387000
v 0.172000 0.237320 0.387000
v 0.172000 0.237320 0.387000
v 0.172000 0.237320 0.387000
v 0.172000 0.237320 0.387000
vn 0.000000 1.000000 0.000000
vn 0.000000 1.000000 0.000000
vn 0.000000 1.000000 0.000000
vn 0.000000 1.000000 0.000000
vn 0.000000 1.000000 0.000000
vn 0.000000 1.000000 0.000000
vn 0.000000 1.000000 0.000000
vn 0.000000 1.000000 0.000000
vn 0.000000 1.000000 0.000000
vn 0.000000 1.000000 0.000000
vn 0.000000 1.000000 0.000000
vn 0.000000 1.000000 0.000000
vn 0.000000 1.000000 0.000000
vn 0.000000 1.000000 0.000000
vn 0.000000 1.000000 0.000000
vn 0.000000 1.000000 0.000000
vn 0.000000 1.000000 0.000000
vn 0.000000 1.000000 0.000000
vn 0.000000 1.000000 0.000000
vn 0.000000 1.000000 0.000000
vn 0.000000 1.000000 0.000000
vn 0.109682 0.993878 -0.013263
vn 0.106478 0.993099 0.049153
vn 0.092646 0.989996 0.106414
vn 0.069782 0.985796 0.152761
vn 0.040328 0.982114 0.183917
vn 0.007174 0.980321 0.197280
vn -0.026628 0.981070 0.191813
vn -0.058008 0.984090 0.167936
vn -0.083982 0.988268 0.127568
vn -0.101875 0.992020 0.074281
vn -0.109682 0.993878 0.013263
vn -0.106478 0.993099 -0.049153
vn -0.092646 0.989996 -0.106414
vn -0.069782 0.985796 -0.152761
vn -0.040328 0.982114 -0.183917
vn -0.007174 0.980321 -0.197280
vn 0.026628 0.981070 -0.191813
vn 0.058008 0.984090 -0.167936
vn 0.083982 0.988268 -0.127568
vn 0.101875 0.992020 -0.074281
vn 0.109682 0.993878 -0.013263
vn 0.207421 0.978165 -0.013054
vn 0.198736 0.974511 0.104077
vn 0.169389 0.963235 0.208530
vn 0.123920 0.949131 0.289474
vn 0.067966 0.937621 0.340950
vn 0.006826 0.932677 0.360649
vn -0.054812 0.935878 0.348034
vn -0.112334 0.946210 0.303427
vn -0.160592 0.960183 0.228602
vn -0.193938 0.972554 0.128555
vn -0.207421 0.978165 0.013054
vn -0.198736 0.974511 -0.104077
vn -0.169389 0.963235 -0.208530
vn -0.123920 0.949131 -0.289474
vn -0.067966 0.937621 -0.340950
vn -0.006826 0.932677 -0.360649
vn 0.054812 0.935878 -0.348034
vn 0.112334 0.946210 -0.303427
vn 0.160592 0.960183 -0.228602
vn 0.193938 0.972554 -0.128555
vn 0.207421 0.978165 -0.013054
vn 0.337964 0.941075 -0.012559
vn 0.320023 0.930814 0.176553
vn 0.266184 0.902806 0.337767
vn 0.188916 0.870541 0.454389
vn 0.099792 0.846152 0.523515
vn 0.006122 0.836559 0.547843
vn -0.087788 0.843985 0.529135
vn -0.177826 0.866732 0.465998
vn -0.257201 0.898560 0.355581
vn -0.314835 0.927930 0.199561
vn -0.337964 0.941075 0.012559
vn -0.320023 0.930814 -0.176553
vn -0.266184 0.902806 -0.337767
vn -0.188916 0.870541 -0.454389
vn -0.099792 0.846152 -0.523515
vn -0.006122 0.836559 -0.547843
vn 0.087788 0.843985 -0.529135
vn 0.177826 0.866732 -0.465998
vn 0.257201 0.898560 -0.355581
vn 0.314835 0.927930 -0.199561
vn 0.337964 0.941075 -0.012559
vn 0.525254 0.850870 -0.011355
vn 0.487812 0.827696 0.277415
vn 0.388933 0.772123 0.502550
vn 0.264003 0.715905 0.646361
vn 0.134022 0.677837 0.722894
vn 0.004860 0.664128 0.747603
vn -0.124235 0.675922 0.726426
vn -0.254228 0.712267 0.654251
vn -0.380034 0.767565 0.516157
vn -0.482034 0.824217 0.297171
vn -0.525254 0.850870 0.011355
vn -0.487812 0.827696 -0.277415
vn -0.388933 0.772123 -0.502550
vn -0.264003 0.715905 -0.646361
vn -0.134022 0.677837 -0.722894
vn -0.004860 0.664128 -0.747603
vn 0.124235 0.675922 -0.726426
vn 0.254228 0.712267 -0.654251
vn 0.380034 0.767565 -0.516157
vn 0.482034 0.824217 -0.297171
vn 0.525254 0.850870 -0.011355
vn 0.798414 0.602056 -0.008034
vn 0.713482 0.564687 0.414815
vn 0.528754 0.490871 0.692434
vn 0.337555 0.429782 0.837463
vn 0.164172 0.393923 0.904363
vn 0.002797 0.382134 0.924102
vn -0.158363 0.393115 0.905749
vn -0.331156 0.428089 0.840878
vn -0.521839 0.488352 0.699426
vn -0.707940 0.562314 0.427345
vn -0.798414 0.602056 0.008034
vn -0.713482 0.564687 -0.414815
vn -0.528754 0.490871 -0.692434
vn -0.337555 0.429782 -0.837463
vn -0.164172 0.393923 -0.904363
vn -0.002797 0.382134 -0.924102
vn 0.158363 0.393115 -0.905749
vn 0.331156 0.428089 -0.840878
vn 0.521839 0.488352 -0.699426
vn 0.707940 0.562314 -0.427345
vn 0.798414 0.602056 -0.008034
vn 1.000000 -0.000000 0.000000
vn 0.860326 -0.000000 0.509744
vn 0.602444 0.000000 0.798161
vn 0.370130 0.000000 0.928980
vn 0.175419 0.000000 0.984494
vn 0.000000 -0.000000 1.000000
vn -0.175419 -0.000000 0.984494
vn -0.370130 0.000000 0.928980
vn -0.602444 -0.000000 0.798161
vn -0.860326 0.000000 0.509744
vn -1.000000 -0.000000 0.000000
vn -0.860326 -0.000000 -0.509744
vn -0.602444 0.000000 -0.798161
vn -0.370130 0.000000 -0.928980
vn -0.175419 0.000000 -0.984494
vn -0.000000 -0.000000 -1.000000
vn 0.175419 -0.000000 -0.984494
vn 0.370130 0.000000 -0.928980
vn 0.602444 -0.000000 -0.798161
vn 0.860326 0.000000 -0.509744
vn 1.000000 -0.000000 0.000000
vn 0.798414 -0.602056 0.008034
vn 0.707940 -0.562314 0.427345
vn 0.521839 -0.488352 0.699426
vn 0.331156 -0.428089 0.840878
vn 0.158363 -0.393115 0.905749
vn -0.002797 -0.382134 0.924102
vn -0.164172 -0.393923 0.904363
vn -0.337555 -0.429782 0.837463
vn -0.528754 -0.490871 0.692434
vn -0.713482 -0.564687 0.414815
vn -0.798414 -0.602056 -0.008034
vn -0.707940 -0.562314 -0.427345
vn -0.521839 -0.488352 -0.699426
vn -0.331156 -0.428089 -0.840878
vn -0.158363 -0.393115 -0.905749
vn 0.002797 -0.382134 -0.924102
vn 0.164172 -0.393923 -0.904363
vn 0.337555 -0.429782 -0.837463
vn 0.528754 -0.490871 -0.692434
vn 0.713482 -0.564687 -0.414815
vn 0.798414 -0.602056 0.008034
vn 0.525254 -0.850870 0.011355
vn 0.482034 -0.824217 0.297171
vn 0.380034 -0.767565 0.516157
vn 0.254228 -0.712267 0.654251
vn 0.124235 -0.675922 0.726426
vn -0.004860 -0.664128 0.747603
vn -0.134022 -0.677837 0.722894
vn -0.264003 -0.715905 0.646361
vn -0.388933 -0.772123 0.502550
vn -0.487812 -0.827696 0.277415
vn -0.525254 -0.850870 -0.011355
vn -0.482034 -0.824217 -0.297171
vn -0.380034 -0.767565 -0.516157
vn -0.254228 -0.712267 -0.654251
vn -0.124235 -0.675922 -0.726426
vn 0.004860 -0.664128 -0.747603
vn 0.134022 -0.677837 -0.722894
vn 0.264003 -0.715905 -0.646361
vn 0.388933 -0.772123 -0.502550
vn 0.487812 -0.827696 -0.277415
vn 0.525254 -0.850870 0.011355
vn 0.337964 -0.941075 0.012559
vn 0.314835 -0.927930 0.199561
vn 0.257201 -0.898560 0.355581
vn 0.177826 -0.866732 0.465998
vn 0.087788 -0.843985 0.529135
vn -0.006122 -0.836559 0.547843
vn -0.099792 -0.846152 0.523515
vn -0.188916 -0.870541 0.454389
vn -0.266184 -0.902806 0.337767
vn -0.320023 -0.930814 0.176553
vn -0.337964 -0.941075 -0.012559
vn -0.314835 -0.927930 -0.199561
vn -0.257201 -0.898560 -0.355581
vn -0.177826 -0.866732 -0.465998
vn -0.087788 -0.843985 -0.529135
vn 0.006122 -0.836559 -0.547843
vn 0.099792 -0.846152 -0.523515
vn 0.188916 -0.870541 -0.454389
vn 0.266184 -0.902806 -0.337767
vn 0.320023 -0.930814 -0.176553
vn 0.337964 -0.941075 0.012559
vn 0.207421 -0.978165 0.013054
vn 0.193938 -0.972554 0.128555
vn 0.160592 -0.960183 0.228602
vn 0.112334 -0.946210 0.303427
vn 0.054812 -0.935878 0.348034
vn -0.006826 -0.932677 0.360649
vn -0.067966 -0.937621 0.340950
vn -0.123920 -0.949131 0.289474
vn -0.169389 -0.963235 0.208530
vn -0.198736 -0.974511 0.104077
vn -0.207421 -0.978165 -0.013054
vn -0.193938 -0.972554 -0.128555
vn -0.160592 -0.960183 -0.228602
vn -0.112334 -0.946210 -0.303427
vn -0.054812 -0.935878 -0.348034
vn 0.006826 -0.932677 -0.360649
vn 0.067966 -0.937621 -0.340950
vn 0.123920 -0.949131 -0.289474
vn 0.169389 -0.963235 -0.208530
vn 0.198736 -0.974511 -0.104077
vn 0.207421 -0.978165 0.013054
vn 0.109682 -0.993878 0.013263
vn 0.101875 -0.992020 0.074281
vn 0.083982 -0.988268 0.127568
vn 0.058008 -0.984090 0.167936
vn 0.026628 -0.981070 0.191813
vn -0.007174 -0.980321 0.197280
vn -0.040328 -0.982114 0.183917
vn -0.069782 -0.985796 0.152761
vn -0.092646 -0.989996 0.106414
vn -0.106478 -0.993099 0.049153
vn -0.109682 -0.993878 -0.013263
vn -0.101875 -0.992020 -0.074281
vn -0.083982 -0.988268 -0.127568
vn -0.058008 -0.984090 -0.167936
vn -0.026628 -0.981070 -0.191813
vn 0.007174 -0.980321 -0.197280
vn 0.040328 -0.982114 -0.183917
vn 0.069782 -0.985796 -0.152761
vn 0.092646 -0.989996 -0.106414
vn 0.106478 -0.993099 -0.049153
vn 0.109682 -0.993878 0.013263
vn 0.000000 -1.000000 0.000000
vn 0.000000 -1.000000 0.000000
vn 0.000000 -1.000000 0.000000
vn 0.000000 -1.000000 0.000000
vn 0.000000 -1.000000 0.000000
vn 0.000000 -1.000000 0.000000
vn 0.000000 -1.000000 0.000000
vn 0.000000 -1.000000 0.000000
vn 0.000000 -1.000000 0.000000
vn 0.000000 -1.000000 0.000000
vn 0.000000 -1.000000 0.000000
vn 0.000000 -1.000000 0.000000
vn 0.000000 -1.000000 0.000000
vn 0.000000 -1.000000 0.000000
vn 0.000000 -1.000000 0.000000
vn 0.000000 -1.000000 0.000000
vn 0.000000 -1.000000 0.000000
vn 0.000000 -1.000000 0.000000
vn 0.000000 -1.000000 0.000000
vn 0.000000 -1.000000 0.000000
vn 0.000000 -1.000000 0.000000
vn 0.000000 1.000000 0.000000
vn 0.000000 1.000000 0.000000
vn 0.000000 1.000000 0.000000
vn 0.000000 1.000000 0.000000
vn 0.000000 1.000000 0.000000
vn 0.000000 1.000000 0.000000
vn 0.000000 1.000000 0.000000
vn 0.000000 1.000000 0.000000
vn 0.000000 1.000000 0.000000
vn 0.000000 1.000000 0.000000
vn 0.000000 1.000000 0.000000
vn 0.000000 1.000000 0.000000
vn 0.000000 1.000000 0.000000
vn 0.000000 1.000000 0.000000
vn 0.000000 1.000000 0.000000
vn 0.000000 1.000000 0.000000
vn 0.000000 1.000000 0.000000
vn 0.000000 1.000000 0.000000
vn 0.000000 1.000000 0.000000
vn 0.000000 1.000000 0.000000
vn 0.000000 1.000000 0.000000
vn 0.109682 0.993878 -0.013263
vn 0.106478 0.993099 0.049153
vn 0.092646 0.989996 0.106414
vn 0.069782 0.985796 0.152761
vn 0.040328 0.982114 0.183917
vn 0.007174 0.980321 0.197280
vn -0.026628 0.981070 0.191813
vn -0.058008 0.984090 0.167936
vn -0.083982 0.988268 0.127568
vn -0.101875 0.992020 0.074281
vn -0.109682 0.993878 0.013263
vn -0.106478 0.993099 -0.049153
vn -0.092646 0.989996 -0.106414
vn -0.069782 0.985796 -0.152761
vn -0.040328 0.982114 -0.183917
vn -0.007174 0.980321 -0.197280
vn 0.026628 0.981070 -0.191813
vn 0.058008 0.984090 -0.167936
vn 0.083982 0.988268 -0.127568
vn 0.101875 0.992020 -0.074281
vn 0.109682 0.993878 -0.013263
vn 0.207421 0.978165 -0.013054
vn 0.198736 0.974511 0.104077
vn 0.169389 0.963235 0.208530
vn 0.123920 0.949131 0.289474
vn 0.067966 0.937621 0.340950
vn 0.006826 0.932677 0.360649
vn -0.054812 0.935878 0.348034
vn -0.112334 0.946210 0.303427
vn -0.160592 0.960183 0.228602
vn -0.193938 0.972554 0.128555
vn -0.207421 0.978165 0.013054
vn -0.198736 0.974511 -0.104077
vn -0.169389 0.963235 -0.208530
vn -0.123920 0.949131 -0.289474
vn -0.067966 0.937621 -0.340950
vn -0.006826 0.932677 -0.360649
vn 0.054812 0.935878 -0.348034
vn 0.112334 0.946210 -0.303427
vn 0.160592 0.960183 -0.228602
vn 0.193938 0.972554 -0.128555
vn 0.207421 0.978165 -0.013054
vn 0.337964 0.941075 -0.012559
vn 0.320023 0.930814 0.176553
vn 0.266184 0.902806 0.337767
vn 0.188916 0.870541 0.454389
vn 0.099792 0.846152 0.523515
vn 0.006122 0.836559 0.547843
vn -0.087788 0.843985 0.529135
vn -0.177826 0.866732 0.465998
vn -0.257201 0.898560 0.355581
vn -0.314835 0.927930 0.199561
vn -0.337964 0.941075 0.012559
vn -0.320023 0.930814 -0.176553
vn -0.266184 0.902806 -0.337767
vn -0.188916 0.870541 -0.454389
vn -0.099792 0.846152 -0.523515
vn -0.006122 0.836559 -0.547843
vn 0.087788 0.843985 -0.529135
vn 0.177826 0.866732 -0.465998
vn 0.257201 0.898560 -0.355581
vn 0.314835 0.927930 -0.199561
vn 0.337964 0.941075 -0.012559
vn 0.525254 0.850870 -0.011355
vn 0.487812 0.827696 0.277415
vn 0.388933 0.772123 0.502550
vn 0.264003 0.715905 0.646361
vn 0.134022 0.677837 0.722894
vn 0.004860 0.664128 0.747603
vn -0.124235 0.675922 0.726426
vn -0.254228 0.712267 0.654251
vn -0.380034 0.767565 0.516157
vn -0.482034 0.824217 0.297171
vn -0.525254 0.850870 0.011355
vn -0.487812 0.827696 -0.277415
vn -0.388933 0.772123 -0.502550
vn -0.264003 0.715905 -0.646361
vn -0.134022 0.677837 -0.722894
vn -0.004860 0.664128 -0.747603
vn 0.124235 0.675922 -0.726426
vn 0.254228 0.712267 -0.654251
vn 0.380034 0.767565 -0.516157
vn 0.482034 0.824217 -0.297171
vn 0.525254 0.850870 -0.011355
vn 0.798414 0.602056 -0.008034
vn 0.713482 0.564687 0.414815
vn 0.528754 0.490871 0.692434
vn 0.337555 0.429782 0.837463
vn 0.164172 0.393923 0.904363
vn 0.002797 0.382134 0.924102
vn -0.158363 0.393115 0.905749
vn -0.331156 0.428089 0.840878
vn -0.521839 0.488352 0.699426
vn -0.707940 0.562314 0.427345
vn -0.798414 0.602056 0.008034
vn -0.713482 0.564687 -0.414815
vn -0.528754 0.490871 -0.692434
vn -0.337555 0.429782 -0.837463
vn -0.164172 0.393923 -0.904363
vn -0.002797 0.382134 -0.924102
vn 0.158363 0.393115 -0.905749
vn 0.331156 0.428089 -0.840878
vn 0.521839 0.488352 -0.699426
vn 0.707940 0.562314 -0.427345
vn 0.798414 0.602056 -0.008034
vn 1.000000 -0.000000 0.000000
vn 0.860326 -0.000000 0.509744
vn 0.602444 0.000000 0.798161
vn 0.370130 0.000000 0.928980
vn 0.175419 0.000000 0.984494
vn 0.000000 -0.000000 1.000000
vn -0.175419 -0.000000 0.984494
vn -0.370130 0.000000 0.928980
vn -0.602444 -0.000000 0.798161
vn -0.860326 0.000000 0.509744
vn -1.000000 -0.000000 0.000000
vn -0.860326 -0.000000 -0.509744
vn -0.602444 0.000000 -0.798161
vn -0.370130 0.000000 -0.928980
vn -0.175419 0.000000 -0.984494
vn -0.000000 -0.000000 -1.000000
vn 0.175419 -0.000000 -0.984494
vn 0.370130 0.000000 -0.928980
vn 0.602444 -0.000000 -0.798161
vn 0.860326 0.000000 -0.509744
vn 1.000000 -0.000000 0.000000
vn 0.798414 -0.602056 0.008034
vn 0.707940 -0.562314 0.427345
vn 0.521839 -0.488352 0.699426
vn 0.331156 -0.428089 0.840878
vn 0.158363 -0.393115 0.905749
vn -0.002797 -0.382134 0.924102
vn -0.164172 -0.393923 0.904363
vn -0.337555 -0.429782 0.837463
vn -0.528754 -0.490871 0.692434
vn -0.713482 -0.564687 0.414815
vn -0.798414 -0.602056 -0.008034
vn -0.707940 -0.562314 -0.427345
vn -0.521839 -0.488352 -0.699426
vn -0.331156 -0.428089 -0.840878
vn -0.158363 -0.393115 -0.905749
vn 0.002797 -0.382134 -0.924102
vn 0.164172 -0.393923 -0.904363
vn 0.337555 -0.429782 -0.837463
vn 0.528754 -0.490871 -0.692434
vn 0.713482 -0.564687 -0.414815
vn 0.798414 -0.602056 0.008034
vn 0.525254 -0.850870 0.011355
vn 0.482034 -0.824217 0.297171
vn 0.380034 -0.767565 0.516157
vn 0.254228 -0.712267 0.654251
vn 0.124235 -0.675922 0.726426
vn -0.004860 -0.664128 0.747603
vn -0.134022 -0.677837 0.722894
vn -0.264003 -0.715905 0.646361
vn -0.388933 -0.772123 0.502550
vn -0.487812 -0.827696 0.277415
vn -0.525254 -0.850870 -0.011355
vn -0.482034 -0.824217 -0.297171
vn -0.380034 -0.767565 -0.516157
vn -0.254228 -0.712267 -0.654251
vn -0.124235 -0.675922 -0.726426
vn 0.004860 -0.664128 -0.747603
vn 0.134022 -0.677837 -0.722894
vn 0.264003 -0.715905 -0.646361
vn 0.388933 -0.772123 -0.502550
vn 0.487812 -0.827696 -0.277415
vn 0.525254 -0.850870 0.011355
vn 0.337964 -0.941075 0.012559
vn 0.314835 -0.927930 0.199561
vn 0.257201 -0.898560 0.355581
vn 0.177826 -0.866732 0.465998
vn 0.087788 -0.843985 0.529135
vn -0.006122 -0.836559 0.547843
vn -0.099792 -0.846152 0.523515
vn -0.188916 -0.870541 0.454389
vn -0.266184 -0.902806 0.337767
vn -0.320023 -0.930814 0.176553
vn -0.337964 -0.941075 -0.012559
vn -0.314835 -0.927930 -0.199561
vn -0.257201 -0.898560 -0.355581
vn -0.177826 -0.866732 -0.465998
vn -0.087788 -0.843985 -0.529135
vn 0.006122 -0.836559 -0.547843
vn 0.099792 -0.846152 -0.523515
vn 0.188916 -0.870541 -0.454389
vn 0.266184 -0.902806 -0.337767
vn 0.320023 -0.930814 -0.176553
vn 0.337964 -0.941075 0.012559
vn 0.207421 -0.978165 0.013054
vn 0.193938 -0.972554 0.128555
vn 0.160592 -0.960183 0.228602
vn 0.112334 -0.946210 0.303427
vn 0.054812 -0.935878 0.348034
vn -0.006826 -0.932677 0.360649
vn -0.067966 -0.937621 0.340950
vn -0.123920 -0.949131 0.289474
vn -0.169389 -0.963235 0.208530
vn -0.198736 -0.974511 0.104077
vn -0.207421 -0.978165 -0.013054
vn -0.193938 -0.972554 -0.128555
vn -0.160592 -0.960183 -0.228602
vn -0.112334 -0.946210 -0.303427
vn -0.054812 -0.935878 -0.348034
vn 0.006826 -0.932677 -0.360649
vn 0.067966 -0.937621 -0.340950
vn 0.123920 -0.949131 -0.289474
vn 0.169389 -0.963235 -0.208530
vn 0.198736 -0.974511 -0.104077
vn 0.207421 -0.978165 0.013054
vn 0.109682 -0.993878 0.013263
vn 0.101875 -0.992020 0.074281
vn 0.083982 -0.988268 0.127568
vn 0.058008 -0.984090 0.167936
vn 0.026628 -0.981070 0.191813
vn -0.007174 -0.980321 0.197280
vn -0.040328 -0.982114 0.183917
vn -0.069782 -0.985796 0.152761
vn -0.092646 -0.989996 0.106414
vn -0.106478 -0.993099 0.049153
vn -0.109682 -0.993878 -0.013263
vn -0.101875 -0.992020 -0.074281
vn -0.083982 -0.988268 -0.127568
vn -0.058008 -0.984090 -0.167936
vn -0.026628 -0.981070 -0.191813
vn 0.007174 -0.980321 -0.197280
vn 0.040328 -0.982114 -0.183917
vn 0.069782 -0.985796 -0.152761
vn 0.092646 -0.989996 -0.106414
vn 0.106478 -0.993099 -0.049153
vn 0.109682 -0.993878 0.013263
vn 0.000000 -1.000000 0.000000
vn 0.000000 -1.000000 0.000000
vn 0.000000 -1.000000 0.000000
vn 0.000000 -1.000000 0.000000
vn 0.000000 -1.000000 0.000000
vn 0.000000 -1.000000 0.000000
vn 0.000000 -1.000000 0.000000
vn 0.000000 -1.000000 0.000000
vn 0.000000 -1.000000 0.000000
vn 0.000000 -1.000000 0.000000
vn 0.000000 -1.000000 0.000000
vn 0.000000 -1.000000 0.000000
vn 0.000000 -1.000000 0.000000
vn 0.000000 -1.000000 0.000000
vn 0.000000 -1.000000 0.000000
vn 0.000000 -1.000000 0.000000
vn 0.000000 -1.000000 0.000000
vn 0.000000 -1.000000 0.000000
vn 0.000000 -1.000000 0.000000
vn 0.000000 -1.000000 0.000000
vn 0.000000 -1.000000 0.000000
f 1081//1081 1082//1082 1102//1102
f 1082//1082 1103//1103 1102//1102
f 1082//1082 1083//1083 1103//1103
f 1083//1083 1104//1104 1103//1103
f 1083//1083 1084//1084 1104//1104
f 1084//1084 1105//1105 1104//1104
f 1084//1084 1085//1085 1105//1105
f 1085//1085 1106//1106 1105//1105
f 1085//1085 1086//1086 1106//1106
f 1086//1086 1107//1107 1106//1106
f 1086//1086 1087//1087 1107//1107
f 1087//1087 1108//1108 1107//1107
f 1087//1087 1088//1088 1108//1108
f 1088//1088 1109//1109 1108//1108
f 1088//1088 1089//1089 1109//1109
f 1089//1089 1110//1110 1109//1109
f 1089//1089 1090//1090 1110//1110
f 1090//1090 1111//1111 1110//1110
f 1090//1090 1091//1091 1111//1111
f 1091//1091 1112//1112 1111//1111
f 1091//1091 1092//1092 1112//1112
f 1092//1092 1113//1113 1112//1112
f 1092//1092 1093//1093 1113//1113
f 1093//1093 1114//1114 1113//1113
f 1093//1093 1094//1094 1114//1114
f 1094//1094 1115//1115 1114//1114
f 1094//1094 1095//1095 1115//1115
f 1095//1095 1116//1116 1115//1115
f 1095//1095 1096//1096 1116//1116
f 1096//1096 1117//1117 1116//1116
f 1096//1096 1097//1097 1117//1117
f 1097//1097 1118//1118 1117//1117
f 1097//1097 1098//1098 1118//1118
f 1098//1098 1119//1119 1118//1118
f 1098//1098 1099//1099 1119//1119
f 1099//1099 1120//1120 1119//1119
f 1099//1099 1100//1100 1120//1120
f 1100//1100 1121//1121 1120//1120
f 1100//1100 1101//1101 1121//1121
f 1101//1101 1122//1122 1121//1121
f 1102//1102 1103//1103 1123//1123
f 1103//1103 1124//1124 1123//1123
f 1103//1103 1104//1104 1124//1124
f 1104//1104 1125//1125 1124//1124
f 1104//1104 1105//1105 1125//1125
f 1105//1105 1126//1126 1125//1125
f 1105//1105 1106//1106 1126//1126
f 1106//1106 1127//1127 1126//1126
f 1106//1106 1107//1107 1127//1127
f 1107//1107 1128//1128 1127//1127
f 1107//1107 1108//1108 1128//1128
f 1108//1108 1129//1129 1128//1128
f 1108//1108 1109//1109 1129//1129
f 1109//1109 1130//1130 1129//1129
f 1109//1109 1110//1110 1130//1130
f 1110//1110 1131//1131 1130//1130
f 1110//1110 1111//1111 1131//1131
f 1111//1111 1132//1132 1131//1131
f 1111//1111 1112//1112 1132//1132
f 1112//1112 1133//1133 1132//1132
f 1112//1112 1113//1113 1133//1133
f 1113//1113 1134//1134 1133//1133
f 1113//1113 1114//1114 1134//1134
f 1114//1114 1135//1135 1134//1134
f 1114//1114 1115//1115 1135//1135
f 1115//1115 1136//1136 1135//1135
f 1115//1115 1116//1116 1136//1136
f 1116//1116 1137//1137 1136//1136
f 1116//1116 1117//1117 1137//1137
f 1117//1117 1138//1138 1137//1137
f 1117//1117 1118//1118 1138//1138
f 1118//1118 1139//1139 1138//1138
f 1118//1118 1119//1119 1139//1139
f 1119//1119 1140//1140 1139//1139
f 1119//1119 1120//1120 1140//1140
f 1120//1120 1141//1141 1140//1140
f 1120//1120 1121//1121 1141//1141
f 1121//1121 1142//1142 1141//1141
f 1121//1121 1122//1122 1142//1142
f 1122//1122 1143//1143 1142//1142
f 1123//1123 1124//1124 1144//1144
f 1124//1124 1145//1145 1144//1144
f 1124//1124 1125//1125 1145//1145
f 1125//1125 1146//1146 1145//1145
f 1125//1125 1126//1126 1146//1146
f 1126//1126 1147//1147 1146//1146
f 1126//1126 1127//1127 1147//1147
f 1127//1127 1148//1148 1147//1147
f 1127//1127 1128//1128 1148//1148
f 1128//1128 1149//1149 1148//1148
f 1128//1128 1129//1129 1149//1149
f 1129//1129 1150//1150 1149//1149
f 1129//1129 1130//1130 1150//1150
f 1130//1130 1151//1151 1150//1150
f 1130//1130 1131//1131 1151//1151
f 1131//1131 1152//1152 1151//1151
f 1131//1131 1132//1132 1152//1152
f 1132//1132 1153//1153 1152//1152
f 1132//1132 1133//1133 1153//1153
f 1133//1133 1154//1154 1153//1153
f 1133//1133 1134//1134 1154//1154
f 1134//1134 1155//1155 1154//1154
f 1134//1134 1135//1135 1155//1155
f 1135//1135 1156//1156 1155//1155
f 1135//1135 1136//1136 1156//1156
f 1136//1136 1157//1157 1156//1156
f 1136//1136 1137//1137 1157//1157
f 1137//1137 1158//1158 1157//1157
f 1137//1137 1138//1138 1158//1158
f 1138//1138 1159//1159 1158//1158
f 1138//1138 1139//1139 1159//1159
f 1139//1139 1160//1160 1159//1159
f 1139//1139 1140//1140 1160//1160
f 1140//1140 1161//1161 1160//1160
f 1140//1140 1141//1141 1161//1161
f 1141//1141 1162//1162 1161//1161
f 1141//1141 1142//1142 1162//1162
f 1142//1142 1163//1163 1162//1162
f 1142//1142 1143//1143 1163//1163
f 1143//1143 1164//1164 1163//1163
f 1144//1144 1145//1145 1165//1165
f 1145//1145 1166//1166 1165//1165
f 1145//1145 1146//1146 1166//1166
f 1146//1146 1167//1167 1166//1166
f 1146//1146 1147//1147 1167//1167
f 1147//1147 1168//1168 1167//1167
f 1147//1147 1148//1148 1168//1168
f 1148//1148 1169//1169 1168//1168
f 1148//1148 1149//1149 1169//1169
f 1149//1149 1170//1170 1169//1169
f 1149//1149 1150//1150 1170//1170
f 1150//1150 1171//1171 1170//1170
f 1150//1150 1151//1151 1171//1171
f 1151//1151 1172//1172 1171//1171
f 1151//1151 1152//1152 1172//1172
f 1152//1152 1173//1173 1172//1172
f 1152//1152 1153//1153 1173//1173
f 1153//1153 1174//1174 1173//1173
f 1153//1153 1154//1154 1174//1174
f 1154//1154 1175//1175 1174//1174
f 1154//1154 1155//1155 1175//1175
f 1155//1155 1176//1176 1175//1175
f 1155//1155 1156//1156 1176//1176
f 1156//1156 1177//1177 1176//1176
f 1156//1156 1157//1157 1177//1177
f 1157//1157 1178//1178 1177//1177
f 1157//1157 1158//1158 1178//1178
f 1158//1158 1179//1179 1178//1178
f 1158//1158 1159//1159 1179//1179
f 1159//1159 1180//1180 1179//1179
f 1159//1159 1160//1160 1180//1180
f 1160//1160 1181//1181 1180//1180
f 1160//1160 1161//1161 1181//1181
f 1161//1161 1182//1182 1181//1181
f 1161//1161 1162//1162 1182//1182
f 1162//1162 1183//1183 1182//1182
f 1162//1162 1163//1163 1183//1183
f 1163//1163 1184//1184 1183//1183
f 1163//1163 1164//1164 1184//1184
f 1164//1164 1185//1185 1184//1184
f 1165//1165 1166//1166 1186//1186
f 1166//1166 1187//1187 1186//1186
f 1166//1166 1167//1167 1187//1187
f 1167//1167 1188//1188 1187//1187
f 1167//1167 1168//1168 1188//1188
f 1168//1168 1189//1189 1188//1188
f 1168//1168 1169//1169 1189//1189
f 1169//1169 1190//1190 1189//1189
f 1169//1169 1170//1170 1190//1190
f 1170//1170 1191//1191 1190//1190
f 1170//1170 1171//1171 1191//1191
f 1171//1171 1192//1192 1191//1191
f 1171//1171 1172//1172 1192//1192
f 1172//1172 1193//1193 1192//1192
f 1172//1172 1173//1173 1193//1193
f 1173//1173 1194//1194 1193//1193
f 1173//1173 1174//1174 1194//1194
f 1174//1174 1195//1195 1194//1194
f 1174//1174 1175//1175 1195//1195
f 1175//1175 1196//1196 1195//1195
f 1175//1175 1176//1176 1196//1196
f 1176//1176 1197//1197 1196//1196
f 1176//1176 1177//1177 1197//1197
f 1177//1177 1198//1198 1197//1197
f 1177//1177 1178//1178 1198//1198
f 1178//1178 1199//1199 1198//1198
f 1178//1178 1179//1179 1199//1199
f 1179//1179 1200//1200 1199//1199
f 1179//1179 1180//1180 1200//1200
f 1180//1180 1201//1201 1200//1200
f 1180//1180 1181//1181 1201//1201
f 1181//1181 1202//1202 1201//1201
f 1181//1181 1182//1182 1202//1202
f 1182//1182 1203//1203 1202//1202
f 1182//1182 1183//1183 1203//1203
f 1183//1183 1204//1204 1203//1203
f 1183//1183 1184//1184 1204//1204
f 1184//1184 1205//1205 1204//1204
f 1184//1184 1185//1185 1205//1205
f 1185//1185 1206//1206 1205//1205
f 1186//1186 1187//1187 1207//1207
f 1187//1187 1208//1208 1207//1207
f 1187//1187 1188//1188 1208//1208
f 1188//1188 1209//1209 1208//1208
f 1188//1188 1189//1189 1209//1209
f 1189//1189 1210//1210 1209//1209
f 1189//1189 1190//1190 1210//1210
f 1190//1190 1211//1211 1210//1210
f 1190//1190 1191//1191 1211//1211
f 1191//1191 1212//1212 1211//1211
f 1191//1191 1192//1192 1212//1212
f 1192//1192 1213//1213 1212//1212
f 1192//1192 1193//1193 1213//1213
f 1193//1193 1214//1214 1213//1213
f 1193//1193 1194//1194 1214//1214
f 1194//1194 1215//1215 1214//1214
f 1194//1194 1195//1195 1215//1215
f 1195//1195 1216//1216 1215//1215
f 1195//1195 1196//1196 1216//1216
f 1196//1196 1217//1217 1216//1216
f 1196//1196 1197//1197 1217//1217
f 1197//1197 1218//1218 1217//1217
f 1197//1197 1198//1198 1218//1218
f 1198//1198 1219//1219 1218//1218
f 1198//1198 1199//1199 1219//1219
f 1199//1199 1220//1220 1219//1219
f 1199//1199 1200//1200 1220//1220
f 1200//1200 1221//1221 1220//1220
f 1200//1200 1201//1201 1221//1221
f 1201//1201 1222//1222 1221//1221
f 1201//1201 1202//1202 1222//1222
f 1202//1202 1223//1223 1222//1222
f 1202//1202 1203//1203 1223//1223
f 1203//1203 1224//1224 1223//1223
f 1203//1203 1204//1204 1224//1224
f 1204//1204 1225//1225 1224//1224
f 1204//1204 1205//1205 1225//1225
f 1205//1205 1226//1226 1225//1225
f 1205//1205 1206//1206 1226//1226
f 1206//1206 1227//1227 1226//1226
f 1207//1207 1208//1208 1228//1228
f 1208//1208 1229//1229 1228//1228
f 1208//1208 1209//1209 1229//1229
f 1209//1209 1230//1230 1229//1229
f 1209//1209 1210//1210 1230//1230
f 1210//1210 1231//1231 1230//1230
f 1210//1210 1211//1211 1231//1231
f 1211//1211 1232//1232 1231//1231
f 1211//1211 1212//1212 1232//1232
f 1212//1212 1233//1233 1232//1232
f 1212//1212 1213//1213 1233//1233
f 1213//1213 1234//1234 1233//1233
f 1213//1213 1214//1214 1234//1234
f 1214//1214 1235//1235 1234//1234
f 1214//1214 1215//1215 1235//1235
f 1215//1215 1236//1236 1235//1235
f 1215//1215 1216//1216 1236//1236
f 1216//1216 1237//1237 1236//1236
f 1216//1216 1217//1217 1237//1237
f 1217//1217 1238//1238 1237//1237
f 1217//1217 1218//1218 1238//1238
f 1218//1218 1239//1239 1238//1238
f 1218//1218 1219//1219 1239//1239
f 1219//1219 1240//1240 1239//1239
f 1219//1219 1220//1220 1240//1240
f 1220//1220 1241//1241 1240//1240
f 1220//1220 1221//1221 1241//1241
f 1221//1221 1242//1242 1241//1241
f 1221//1221 1222//1222 1242//1242
f 1222//1222 1243//1243 1242//1242
f 1222//1222 1223//1223 1243//1243
f 1223//1223 1244//1244 1243//1243
f 1223//1223 1224//1224 1244//1244
f 1224//1224 1245//1245 1244//1244
f 1224//1224 1225//1225 1245//1245
f 1225//1225 1246//1246 1245//1245
f 1225//1225 1226//1226 1246//1246
f 1226//1226 1247//1247 1246//1246
f 1226//1226 1227//1227 1247//1247
f 1227//1227 1248//1248 1247//1247
f 1228//1228 1229//1229 1249//1249
f 1229//1229 1250//1250 1249//1249
f 1229//1229 1230//1230 1250//1250
f 1230//1230 1251//1251 1250//1250
f 1230//1230 1231//1231 1251//1251
f 1231//1231 1252//1252 1251//1251
f 1231//1231 1232//1232 1252//1252
f 1232//1232 1253//1253 1252//1252
f 1232//1232 1233//1233 1253//1253
f 1233//1233 1254//1254 1253//1253
f 1233//1233 1234//1234 1254//1254
f 1234//1234 1255//1255 1254//1254
f 1234//1234 1235//1235 1255//1255
f 1235//1235 1256//1256 1255//1255
f 1235//1235 1236//1236 1256//1256
f 1236//1236 1257//1257 1256//1256
f 1236//1236 1237//1237 1257//1257
f 1237//1237 1258//1258 1257//1257
f 1237//1237 1238//1238 1258//1258
f 1238//1238 1259//1259 1258//1258
f 1238//1238 1239//1239 1259//1259
f 1239//1239 1260//1260 1259//1259
f 1239//1239 1240//1240 1260//1260
f 1240//1240 1261//1261 1260//1260
f 1240//1240 1241//1241 1261//1261
f 1241//1241 1262//1262 1261//1261
f 1241//1241 1242//1242 1262//1262
f 1242//1242 1263//1263 1262//1262
f 1242//1242 1243//1243 1263//1263
f 1243//1243 1264//1264 1263//1263
f 1243//1243 1244//1244 1264//1264
f 1244//1244 1265//1265 1264//1264
f 1244//1244 1245//1245 1265//1265
f 1245//1245 1266//1266 1265//1265
f 1245//1245 1246//1246 1266//1266
f 1246//1246 1267//1267 1266//1266
f 1246//1246 1247//1247 1267//1267
f 1247//1247 1268//1268 1267//1267
f 1247//1247 1248//1248 1268//1268
f 1248//1248 1269//1269 1268//1268
f 1249//1249 1250//1250 1270//1270
f 1250//1250 1271//1271 1270//1270
f 1250//1250 1251//1251 1271//1271
f 1251//1251 1272//1272 1271//1271
f 1251//1251 1252//1252 1272//1272
f 1252//1252 1273//1273 1272//1272
f 1252//1252 1253//1253 1273//1273
f 1253//1253 1274//1274 1273//1273
f 1253//1253 1254//1254 1274//1274
f 1254//1254 1275//1275 1274//1274
f 1254//1254 1255//1255 1275//1275
f 1255//1255 1276//1276 1275//1275
f 1255//1255 1256//1256 1276//1276
f 1256//1256 1277//1277 1276//1276
f 1256//1256 1257//1257 1277//1277
f 1257//1257 1278//1278 1277//1277
f 1257//1257 1258//1258 1278//1278
f 1258//1258 1279//1279 1278//1278
f 1258//1258 1259//1259 1279//1279
f 1259//1259 1280//1280 1279//1279
f 1259//1259 1260//1260 1280//1280
f 1260//1260 1281//1281 1280//1280
f 1260//1260 1261//1261 1281//1281
f 1261//1261 1282//1282 1281//1281
f 1261//1261 1262//1262 1282//1282
f 1262//1262 1283//1283 1282//1282
f 1262//1262 1263//1263 1283//1283
f 1263//1263 1284//1284 1283//1283
f 1263//1263 1264//1264 1284//1284
f 1264//1264 1285//1285 1284//1284
f 1264//1264 1265//1265 1285//1285
f 1265//1265 1286//1286 1285//1285
f 1265//1265 1266//1266 1286//1286
f 1266//1266 1287//1287 1286//1286
f 1266//1266 1267//1267 1287//1287
f 1267//1267 1288//1288 1287//1287
f 1267//1267 1268//1268 1288//1288
f 1268//1268 1289//1289 1288//1288
f 1268//1268 1269//1269 1289//1289
f 1269//1269 1290//1290 1289//1289
f 1270//1270 1271//1271 1291//1291
f 1271//1271 1292//1292 1291//1291
f 1271//1271 1272//1272 1292//1292
f 1272//1272 1293//1293 1292//1292
f 1272//1272 1273//1273 1293//1293
f 1273//1273 1294//1294 1293//1293
f 1273//1273 1274//1274 1294//1294
f 1274//1274 1295//1295 1294//1294
f 1274//1274 1275//1275 1295//1295
f 1275//1275 1296//1296 1295//1295
f 1275//1275 1276//1276 1296//1296
f 1276//1276 1297//1297 1296//1296
f 1276//1276 1277//1277 1297//1297
f 1277//1277 1298//1298 1297//1297
f 1277//1277 1278//1278 1298//1298
f 1278//1278 1299//1299 1298//1298
f 1278//1278 1279//1279 1299//1299
f 1279//1279 1300//1300 1299//1299
f 1279//1279 1280//1280 1300//1300
f 1280//1280 1301//1301 1300//1300
f 1280//1280 1281//1281 1301//1301
f 1281//1281 1302//1302 1301//1301
f 1281//1281 1282//1282 1302//1302
f 1282//1282 1303//1303 1302//1302
f 1282//1282 1283//1283 1303//1303
f 1283//1283 1304//1304 1303//1303
f 1283//1283 1284//1284 1304//1304
f 1284//1284 1305//1305 1304//1304
f 1284//1284 1285//1285 1305//1305
f 1285//1285 1306//1306 1305//1305
f 1285//1285 1286//1286 1306//1306
f 1286//1286 1307//1307 1306//1306
f 1286//1286 1287//1287 1307//1307
f 1287//1287 1308//1308 1307//1307
f 1287//1287 1288//1288 1308//1308
f 1288//1288 1309//1309 1308//1308
f 1288//1288 1289//1289 1309//1309
f 1289//1289 1310//1310 1309//1309
f 1289//1289 1290//1290 1310//1310
f 1290//1290 1311//1311 1310//1310
f 1291//1291 1292//1292 1312//1312
f 1292//1292 1313//1313 1312//1312
f 1292//1292 1293//1293 1313//1313
f 1293//1293 1314//1314 1313//1313
f 1293//1293 1294//1294 1314//1314
f 1294//1294 1315//1315 1314//1314
f 1294//1294 1295//1295 1315//1315
f 1295//1295 1316//1316 1315//1315
f 1295//1295 1296//1296 1316//1316
f 1296//1296 1317//1317 1316//1316
f 1296//1296 1297//1297 1317//1317
f 1297//1297 1318//1318 1317//1317
f 1297//1297 1298//1298 1318//1318
f 1298//1298 1319//1319 1318//1318
f 1298//1298 1299//1299 1319//1319
f 1299//1299 1320//1320 1319//1319
f 1299//1299 1300//1300 1320//1320
f 1300//1300 1321//1321 1320//1320
f 1300//1300 1301//1301 1321//1321
f 1301//1301 1322//1322 1321//1321
f 1301//1301 1302//1302 1322//1322
f 1302//1302 1323//1323 1322//1322
f 1302//1302 1303//1303 1323//1323
f 1303//1303 1324//1324 1323//1323
f 1303//1303 1304//1304 1324//1324
f 1304//1304 1325//1325 1324//1324
f 1304//1304 1305//1305 1325//1325
f 1305//1305 1326//1326 1325//1325
f 1305//1305 1306//1306 1326//1326
f 1306//1306 1327//1327 1326//1326
f 1306//1306 1307//1307 1327//1327
f 1307//1307 1328//1328 1327//1327
f 1307//1307 1308//1308 1328//1328
f 1308//1308 1329//1329 1328//1328
f 1308//1308 1309//1309 1329//1329
f 1309//1309 1330//1330 1329//1329
f 1309//1309 1310//1310 1330//1330
f 1310//1310 1331//1331 1330//1330
f 1310//1310 1311//1311 1331//1331
f 1311//1311 1332//1332 1331//1331
f 1312//1312 1313//1313 1333//1333
f 1313//1313 1334//1334 1333//1333
f 1313//1313 1314//1314 1334//1334
f 1314//1314 1335//1335 1334//1334
f 1314//1314 1315//1315 1335//1335
f 1315//1315 1336//1336 1335//1335
f 1315//1315 1316//1316 1336//1336
f 1316//1316 1337//1337 1336//1336
f 1316//1316 1317//1317 1337//1337
f 1317//1317 1338//1338 1337//1337
f 1317//1317 1318//1318 1338//1338
f 1318//1318 1339//1339 1338//1338
f 1318//1318 1319//1319 1339//1339
f 1319//1319 1340//1340 1339//1339
f 1319//1319 1320//1320 1340//1340
f 1320//1320 1341//1341 1340//1340
f 1320//1320 1321//1321 1341//1341
f 1321//1321 1342//1342 1341//1341
f 1321//1321 1322//1322 1342//1342
f 1322//1322 1343//1343 1342//1342
f 1322//1322 1323//1323 1343//1343
f 1323//1323 1344//1344 1343//1343
f 1323//1323 1324//1324 1344//1344
f 1324//1324 1345//1345 1344//1344
f 1324//1324 1325//1325 1345//1345
f 1325//1325 1346//1346 1345//1345
f 1325//1325 1326//1326 1346//1346
f 1326//1326 1347//1347 1346//1346
f 1326//1326 1327//1327 1347//1347
f 1327//1327 1348//1348 1347//1347
f 1327//1327 1328//1328 1348//1348
f 1328//1328 1349//1349 1348//1348
f 1328//1328 1329//1329 1349//1349
f 1329//1329 1350//1350 1349//1349
f 1329//1329 1330//1330 1350//1350
f 1330//1330 1351//1351 1350//1350
f 1330//1330 1331//1331 1351//1351
f 1331//1331 1352//1352 1351//1351
f 1331//1331 1332//1332 1352//1352
f 1332//1332 1353//1353 1352//1352
f 1354//1354 1355//1355 1375//1375
f 1355//1355 1376//1376 1375//1375
f 1355//1355 1356//1356 1376//1376
f 1356//1356 1377//1377 1376//1376
f 1356//1356 1357//1357 1377//1377
f 1357//1357 1378//1378 1377//1377
f 1357//1357 1358//1358 1378//1378
f 1358//1358 1379//1379 1378//1378
f 1358//1358 1359//1359 1379//1379
f 1359//1359 1380//1380 1379//1379
f 1359//1359 1360//1360 1380//1380
f 1360//1360 1381//1381 1380//1380
f 1360//1360 1361//1361 1381//1381
f 1361//1361 1382//1382 1381//1381
f 1361//1361 1362//1362 1382//1382
f 1362//1362 1383//1383 1382//1382
f 1362//1362 1363//1363 1383//1383
f 1363//1363 1384//1384 1383//1383
f 1363//1363 1364//1364 1384//1384
f 1364//1364 1385//1385 1384//1384
f 1364//1364 1365//1365 1385//1385
f 1365//1365 1386//1386 1385//1385
f 1365//1365 1366//1366 1386//1386
f 1366//1366 1387//1387 1386//1386
f 1366//1366 1367//1367 1387//1387
f 1367//1367 1388//1388 1387//1387
f 1367//1367 1368//1368 1388//1388
f 1368//1368 1389//1389 1388//1388
f 1368//1368 1369//1369 1389//1389
f 1369//1369 1390//1390 1389//1389
f 1369//1369 1370//1370 1390//1390
f 1370//1370 1391//1391 1390//1390
f 1370//1370 1371//1371 1391//1391
f 1371//1371 1392//1392 1391//1391
f 1371//1371 1372//1372 1392//1392
f 1372//1372 1393//1393 1392//1392
f 1372//1372 1373//1373 1393//1393
f 1373//1373 1394//1394 1393//1393
f 1373//1373 1374//1374 1394//1394
f 1374//1374 1395//1395 1394//1394
f 1375//1375 1376//1376 1396//1396
f 1376//1376 1397//1397 1396//1396
f 1376//1376 1377//1377 1397//1397
f 1377//1377 1398//1398 1397//1397
f 1377//1377 1378//1378 1398//1398
f 1378//1378 1399//1399 1398//1398
f 1378//1378 1379//1379 1399//1399
f 1379//1379 1400//1400 1399//1399
f 1379//1379 1380//1380 1400//1400
f 1380//1380 1401//1401 1400//1400
f 1380//1380 1381//1381 1401//1401
f 1381//1381 1402//1402 1401//1401
f 1381//1381 1382//1382 1402//1402
f 1382//1382 1403//1403 1402//1402
f 1382//1382 1383//1383 1403//1403
f 1383//1383 1404//1404 1403//1403
f 1383//1383 1384//1384 1404//1404
f 1384//1384 1405//1405 1404//1404
f 1384//1384 1385//1385 1405//1405
f 1385//1385 1406//1406 1405//1405
f 1385//1385 1386//1386 1406//1406
f 1386//1386 1407//1407 1406//1406
f 1386//1386 1387//1387 1407//1407
f 1387//1387 1408//1408 1407//1407
f 1387//1387 1388//1388 1408//1408
f 1388//1388 1409//1409 1408//1408
f 1388//1388 1389//1389 1409//1409
f 1389//1389 1410//1410 1409//1409
f 1389//1389 1390//1390 1410//1410
f 1390//1390 1411//1411 1410//1410
f 1390//1390 1391//1391 1411//1411
f 1391//1391 1412//1412 1411//1411
f 1391//1391 1392//1392 1412//1412
f 1392//1392 1413//1413 1412//1412
f 1392//1392 1393//1393 1413//1413
f 1393//1393 1414//1414 1413//1413
f 1393//1393 1394//1394 1414//1414
f 1394//1394 1415//1415 1414//1414
f 1394//1394 1395//1395 1415//1415
f 1395//1395 1416//1416 1415//1415
f 1396//1396 1397//1397 1417//1417
f 1397//1397 1418//1418 1417//1417
f 1397//1397 1398//1398 1418//1418
f 1398//1398 1419//1419 1418//1418
f 1398//1398 1399//1399 1419//1419
f 1399//1399 1420//1420 1419//1419
f 1399//1399 1400//1400 1420//1420
f 1400//1400 1421//1421 1420//1420
f 1400//1400 1401//1401 1421//1421
f 1401//1401 1422//1422 1421//1421
f 1401//1401 1402//1402 1422//1422
f 1402//1402 1423//1423 1422//1422
f 1402//1402 1403//1403 1423//1423
f 1403//1403 1424//1424 1423//1423
f 1403//1403 1404//1404 1424//1424
f 1404//1404 1425//1425 1424//1424
f 1404//1404 1405//1405 1425//1425
f 1405//1405 1426//1426 1425//1425
f 1405//1405 1406//1406 1426//1426
f 1406//1406 1427//1427 1426//1426
f 1406//1406 1407//1407 1427//1427
f 1407//1407 1428//1428 1427//1427
f 1407//1407 1408//1408 1428//1428
f 1408//1408 1429//1429 1428//1428
f 1408//1408 1409//1409 1429//1429
f 1409//1409 1430//1430 1429//1429
f 1409//1409 1410//1410 1430//1430
f 1410//1410 1431//1431 1430//1430
f 1410//1410 1411//1411 1431//1431
f 1411//1411 1432//1432 1431//1431
f 1411//1411 1412//1412 1432//1432
f 1412//1412 1433//1433 1432//1432
f 1412//1412 1413//1413 1433//1433
f 1413//1413 1434//1434 1433//1433
f 1413//1413 1414//1414 1434//1434
f 1414//1414 1435//1435 1434//1434
f 1414//1414 1415//1415 1435//1435
f 1415//1415 1436//1436 1435//1435
f 1415//1415 1416//1416 1436//1436
f 1416//1416 1437//1437 1436//1436
f 1417//1417 1418//1418 1438//1438
f 1418//1418 1439//1439 1438//1438
f 1418//1418 1419//1419 1439//1439
f 1419//1419 1440//1440 1439//1439
f 1419//1419 1420//1420 1440//1440
f 1420//1420 1441//1441 1440//1440
f 1420//1420 1421//1421 1441//1441
f 1421//1421 1442//1442 1441//1441
f 1421//1421 1422//1422 1442//1442
f 1422//1422 1443//1443 1442//1442
f 1422//1422 1423//1423 1443//1443
f 1423//1423 1444//1444 1443//1443
f 1423//1423 1424//1424 1444//1444
f 1424//1424 1445//1445 1444//1444
f 1424//1424 1425//1425 1445//1445
f 1425//1425 1446//1446 1445//1445
f 1425//1425 1426//1426 1446//1446
f 1426//1426 1447//1447 1446//1446
f 1426//1426 1427//1427 1447//1447
f 1427//1427 1448//1448 1447//1447
f 1427//1427 1428//1428 1448//1448
f 1428//1428 1449//1449 1448//1448
f 1428//1428 1429//1429 1449//1449
f 1429//1429 1450//1450 1449//1449
f 1429//1429 1430//1430 1450//1450
f 1430//1430 1451//1451 1450//1450
f 1430//1430 1431//1431 1451//1451
f 1431//1431 1452//1452 1451//1451
f 1431//1431 1432//1432 1452//1452
f 1432//1432 1453//1453 1452//1452
f 1432//1432 1433//1433 1453//1453
f 1433//1433 1454//1454 1453//1453
f 1433//1433 1434//1434 1454//1454
f 1434//1434 1455//1455 1454//1454
f 1434//1434 1435//1435 1455//1455
f 1435//1435 1456//1456 1455//1455
f 1435//1435 1436//1436 1456//1456
f 1436//1436 1457//1457 1456//1456
f 1436//1436 1437//1437 1457//1457
f 1437//1437 1458//1458 1457//1457
f 1438//1438 1439//1439 1459//1459
f 1439//1439 1460//1460 1459//1459
f 1439//1439 1440//1440 1460//1460
f 1440//1440 1461//1461 1460//1460
f 1440//1440 1441//1441 1461//1461
f 1441//1441 1462//1462 1461//1461
f 1441//1441 1442//1442 1462//1462
f 1442//1442 1463//1463 1462//1462
f 1442//1442 1443//1443 1463//1463
f 1443//1443 1464//1464 1463//1463
f 1443//1443 1444//1444 1464//1464
f 1444//1444 1465//1465 1464//1464
f 1444//1444 1445//1445 1465//1465
f 1445//1445 1466//1466 1465//1465
f 1445//1445 1446//1446 1466//1466
f 1446//1446 1467//1467 1466//1466
f 1446//1446 1447//1447 1467//1467
f 1447//1447 1468//1468 1467//1467
f 1447//1447 1448//1448 1468//1468
f 1448//1448 1469//1469 1468//1468
f 1448//1448 1449//1449 1469//1469
f 1449//1449 1470//1470 1469//1469
f 1449//1449 1450//1450 1470//1470
f 1450//1450 1471//1471 1470//1470
f 1450//1450 1451//1451 1471//1471
f 1451//1451 1472//1472 1471//1471
f 1451//1451 1452//1452 1472//1472
f 1452//1452 1473//1473 1472//1472
f 1452//1452 1453//1453 1473//1473
f 1453//1453 1474//1474 1473//1473
f 1453//1453 1454//1454 1474//1474
f 1454//1454 1475//1475 1474//1474
f 1454//1454 1455//1455 1475//1475
f 1455//1455 1476//1476 1475//1475
f 1455//1455 1456//1456 1476//1476
f 1456//1456 1477//1477 1476//1476
f 1456//1456 1457//1457 1477//1477
f 1457//1457 1478//1478 1477//1477
f 1457//1457 1458//1458 1478//1478
f 1458//1458 1479//1479 1478//1478
f 1459//1459 1460//1460 1480//1480
f 1460//1460 1481//1481 1480//1480
f 1460//1460 1461//1461 1481//1481
f 1461//1461 1482//1482 1481//1481
f 1461//1461 1462//1462 1482//1482
f 1462//1462 1483//1483 1482//1482
f 1462//1462 1463//1463 1483//1483
f 1463//1463 1484//1484 1483//1483
f 1463//1463 1464//1464 1484//1484
f 1464//1464 1485//1485 1484//1484
f 1464//1464 1465//1465 1485//1485
f 1465//1465 1486//1486 1485//1485
f 1465//1465 1466//1466 1486//1486
f 1466//1466 1487//1487 1486//1486
f 1466//1466 1467//1467 1487//1487
f 1467//1467 1488//1488 1487//1487
f 1467//1467 1468//1468 1488//1488
f 1468//1468 1489//1489 1488//1488
f 1468//1468 1469//1469 1489//1489
f 1469//1469 1490//1490 1489//1489
f 1469//1469 1470//1470 1490//1490
f 1470//1470 1491//1491 1490//1490
f 1470//1470 1471//1471 1491//1491
f 1471//1471 1492//1492 1491//1491
f 1471//1471 1472//1472 1492//1492
f 1472//1472 1493//1493 1492//1492
f 1472//1472 1473//1473 1493//1493
f 1473//1473 1494//1494 1493//1493
f 1473//1473 1474//1474 1494//1494
f 1474//1474 1495//1495 1494//1494
f 1474//1474 1475//1475 1495//1495
f 1475//1475 1496//1496 1495//1495
f 1475//1475 1476//1476 1496//1496
f 1476//1476 1497//1497 1496//1496
f 1476//1476 1477//1477 1497//1497
f 1477//1477 1498//1498 1497//1497
f 1477//1477 1478//1478 1498//1498
f 1478//1478 1499//1499 1498//1498
f 1478//1478 1479//1479 1499//1499
f 1479//1479 1500//1500 1499//1499
f 1480//1480 1481//1481 1501//1501
f 1481//1481 1502//1502 1501//1501
f 1481//1481 1482//1482 1502//1502
f 1482//1482 1503//1503 1502//1502
f 1482//1482 1483//1483 1503//1503
f 1483//1483 1504//1504 1503//1503
f 1483//1483 1484//1484 1504//1504
f 1484//1484 1505//1505 1504//1504
f 1484//1484 1485//1485 1505//1505
f 1485//1485 1506//1506 1505//1505
f 1485//1485 1486//1486 1506//1506
f 1486//1486 1507//1507 1506//1506
f 1486//1486 1487//1487 1507//1507
f 1487//1487 1508//1508 1507//1507
f 1487//1487 1488//1488 1508//1508
f 1488//1488 1509//1509 1508//1508
f 1488//1488 1489//1489 1509//1509
f 1489//1489 1510//1510 1509//1509
f 1489//1489 1490//1490 1510//1510
f 1490//1490 1511//1511 1510//1510
f 1490//1490 1491//1491 1511//1511
f 1491//1491 1512//1512 1511//1511
f 1491//1491 1492//1492 1512//1512
f 1492//1492 1513//1513 1512//1512
f 1492//1492 1493//1493 1513//1513
f 1493//1493 1514//1514 1513//1513
f 1493//1493 1494//1494 1514//1514
f 1494//1494 1515//1515 1514//1514
f 1494//1494 1495//1495 1515//1515
f 1495//1495 1516//1516 1515//1515
f 1495//1495 1496//1496 1516//1516
f 1496//1496 1517//1517 1516//1516
f 1496//1496 1497//1497 1517//1517
f 1497//1497 1518//1518 1517//1517
f 1497//1497 1498//1498 1518//1518
f 1498//1498 1519//1519 1518//1518
f 1498//1498 1499//1499 1519//1519
f 1499//1499 1520//1520 1519//1519
f 1499//1499 1500//1500 1520//1520
f 1500//1500 1521//1521 1520//1520
f 1501//1501 1502//1502 1522//1522
f 1502//1502 1523//1523 1522//1522
f 1502//1502 1503//1503 1523//1523
f 1503//1503 1524//1524 1523//1523
f 1503//1503 1504//1504 1524//1524
f 1504//1504 1525//1525 1524//1524
f 1504//1504 1505//1505 1525//1525
f 1505//1505 1526//1526 1525//1525
f 1505//1505 1506//1506 1526//1526
f 1506//1506 1527//1527 1526//1526
f 1506//1506 1507//1507 1527//1527
f 1507//1507 1528//1528 1527//1527
f 1507//1507 1508//1508 1528//1528
f 1508//1508 1529//1529 1528//1528
f 1508//1508 1509//1509 1529//1529
f 1509//1509 1530//1530 1529//1529
f 1509//1509 1510//1510 1530//1530
f 1510//1510 1531//1531 1530//1530
f 1510//1510 1511//1511 1531//1531
f 1511//1511 1532//1532 1531//1531
f 1511//1511 1512//1512 1532//1532
f 1512//1512 1533//1533 1532//1532
f 1512//1512 1513//1513 1533//1533
f 1513//1513 1534//1534 1533//1533
f 1513//1513 1514//1514 1534//1534
f 1514//1514 1535//1535 1534//1534
f 1514//1514 1515//1515 1535//1535
f 1515//1515 1536//1536 1535//1535
f 1515//1515 1516//1516 1536//1536
f 1516//1516 1537//1537 1536//1536
f 1516//1516 1517//1517 1537//1537
f 1517//1517 1538//1538 1537//1537
f 1517//1517 1518//1518 1538//1538
f 1518//1518 1539//1539 1538//1538
f 1518//1518 1519//1519 1539//1539
f 1519//1519 1540//1540 1539//1539
f 1519//1519 1520//1520 1540//1540
f 1520//1520 1541//1541 1540//1540
f 1520//1520 1521//1521 1541//1541
f 1521//1521 1542//1542 1541//1541
f 1522//1522 1523//1523 1543//1543
f 1523//1523 1544//1544 1543//1543
f 1523//1523 1524//1524 1544//1544
f 1524//1524 1545//1545 1544//1544
f 1524//1524 1525//1525 1545//1545
f 1525//1525 1546//1546 1545//1545
f 1525//1525 1526//1526 1546//1546
f 1526//1526 1547//1547 1546//1546
f 1526//1526 1527//1527 1547//1547
f 1527//1527 1548//1548 1547//1547
f 1527//1527 1528//1528 1548//1548
f 1528//1528 1549//1549 1548//1548
f 1528//1528 1529//1529 1549//1549
f 1529//1529 1550//1550 1549//1549
f 1529//1529 1530//1530 1550//1550
f 1530//1530 1551//1551 1550//1550
f 1530//1530 1531//1531 1551//1551
f 1531//1531 1552//1552 1551//1551
f 1531//1531 1532//1532 1552//1552
f 1532//1532 1553//1553 1552//1552
f 1532//1532 1533//1533 1553//1553
f 1533//1533 1554//1554 1553//1553
f 1533//1533 1534//1534 1554//1554
f 1534//1534 1555//1555 1554//1554
f 1534//1534 1535//1535 1555//1555
f 1535//1535 1556//1556 1555//1555
f 1535//1535 1536//1536 1556//1556
f 1536//1536 1557//1557 1556//1556
f 1536//1536 1537//1537 1557//1557
f 1537//1537 1558//1558 1557//1557
f 1537//1537 1538//1538 1558//1558
f 1538//1538 1559//1559 1558//1558
f 1538//1538 1539//1539 1559//1559
f 1539//1539 1560//1560 1559//1559
f 1539//1539 1540//1540 1560//1560
f 1540//1540 1561//1561 1560//1560
f 1540//1540 1541//1541 1561//1561
f 1541//1541 1562//1562 1561//1561
f 1541//1541 1542//1542 1562//1562
f 1542//1542 1563//1563 1562//1562
f 1543//1543 1544//1544 1564//1564
f 1544//1544 1565//1565 1564//1564
f 1544//1544 1545//1545 1565//1565
f 1545//1545 1566//1566 1565//1565
f 1545//1545 1546//1546 1566//1566
f 1546//1546 1567//1567 1566//1566
f 1546//1546 1547//1547 1567//1567
f 1547//1547 1568//1568 1567//1567
f 1547//1547 1548//1548 1568//1568
f 1548//1548 1569//1569 1568//1568
f 1548//1548 1549//1549 1569//1569
f 1549//1549 1570//1570 1569//1569
f 1549//1549 1550//1550 1570//1570
f 1550//1550 1571//1571 1570//1570
f 1550//1550 1551//1551 1571//1571
f 1551//1551 1572//1572 1571//1571
f 1551//1551 1552//1552 1572//1572
f 1552//1552 1573//1573 1572//1572
f 1552//1552 1553//1553 1573//1573
f 1553//1553 1574//1574 1573//1573
f 1553//1553 1554//1554 1574//1574
f 1554//1554 1575//1575 1574//1574
f 1554//1554 1555//1555 1575//1575
f 1555//1555 1576//1576 1575//1575
f 1555//1555 1556//1556 1576//1576
f 1556//1556 1577//1577 1576//1576
f 1556//1556 1557//1557 1577//1577
f 1557//1557 1578//1578 1577//1577
f 1557//1557 1558//1558 1578//1578
f 1558//1558 1579//1579 1578//1578
f 1558//1558 1559//1559 1579//1579
f 1559//1559 1580//1580 1579//1579
f 1559//1559 1560//1560 1580//1580
f 1560//1560 1581//1581 1580//1580
f 1560//1560 1561//1561 1581//1581
f 1561//1561 1582//1582 1581//1581
f 1561//1561 1562//1562 1582//1582
f 1562//1562 1583//1583 1582//1582
f 1562//1562 1563//1563 1583//1583
f 1563//1563 1584//1584 1583//1583
f 1564//1564 1565//1565 1585//1585
f 1565//1565 1586//1586 1585//1585
f 1565//1565 1566//1566 1586//1586
f 1566//1566 1587//1587 1586//1586
f 1566//1566 1567//1567 1587//1587
f 1567//1567 1588//1588 1587//1587
f 1567//1567 1568//1568 1588//1588
f 1568//1568 1589//1589 1588//1588
f 1568//1568 1569//1569 1589//1589
f 1569//1569 1590//1590 1589//1589
f 1569//1569 1570//1570 1590//1590
f 1570//1570 1591//1591 1590//1590
f 1570//1570 1571//1571 1591//1591
f 1571//1571 1592//1592 1591//1591
f 1571//1571 1572//1572 1592//1592
f 1572//1572 1593//1593 1592//1592
f 1572//1572 1573//1573 1593//1593
f 1573//1573 1594//1594 1593//1593
f 1573//1573 1574//1574 1594//1594
f 1574//1574 1595//1595 1594//1594
f 1574//1574 1575//1575 1595//1595
f 1575//1575 1596//1596 1595//1595
f 1575//1575 1576//1576 1596//1596
f 1576//1576 1597//1597 1596//1596
f 1576//1576 1577//1577 1597//1597
f 1577//1577 1598//1598 1597//1597
f 1577//1577 1578//1578 1598//1598
f 1578//1578 1599//1599 1598//1598
f 1578//1578 1579//1579 1599//1599
f 1579//1579 1600//1600 1599//1599
f 1579//1579 1580//1580 1600//1600
f 1580//1580 1601//1601 1600//1600
f 1580//1580 1581//1581 1601//1601
f 1581//1581 1602//1602 1601//1601
f 1581//1581 1582//1582 1602//1602
f 1582//1582 1603//1603 1602//1602
f 1582//1582 1583//1583 1603//1603
f 1583//1583 1604//1604 1603//1603
f 1583//1583 1584//1584 1604//1604
f 1584//1584 1605//1605 1604//1604
f 1585//1585 1586//1586 1606//1606
f 1586//1586 1607//1607 1606//1606
f 1586//1586 1587//1587 1607//1607
f 1587//1587 1608//1608 1607//1607
f 1587//1587 1588//1588 1608//1608
f 1588//1588 1609//1609 1608//1608
f 1588//1588 1589//1589 1609//1609
f 1589//1589 1610//1610 1609//1609
f 1589//1589 1590//1590 1610//1610
f 1590//1590 1611//1611 1610//1610
f 1590//1590 1591//1591 1611//1611
f 1591//1591 1612//1612 1611//1611
f 1591//1591 1592//1592 1612//1612
f 1592//1592 1613//1613 1612//1612
f 1592//1592 1593//1593 1613//1613
f 1593//1593 1614//1614 1613//1613
f 1593//1593 1594//1594 1614//1614
f 1594//1594 1615//1615 1614//1614
f 1594//1594 1595//1595 1615//1615
f 1595//1595 1616//1616 1615//1615
f 1595//1595 1596//1596 1616//1616
f 1596//1596 1617//1617 1616//1616
f 1596//1596 1597//1597 1617//1617
f 1597//1597 1618//1618 1617//1617
f 1597//1597 1598//1598 1618//1618
f 1598//1598 1619//1619 1618//1618
f 1598//1598 1599//1599 1619//1619
f 1599//1599 1620//1620 1619//1619
f 1599//1599 1600//1600 1620//1620
f 1600//1600 1621//1621 1620//1620
f 1600//1600 1601//1601 1621//1621
f 1601//1601 1622//1622 1621//1621
f 1601//1601 1602//1602 1622//1622
f 1602//1602 1623//1623 1622//1622
f 1602//1602 1603//1603 1623//1623
f 1603//1603 1624//1624 1623//1623
f 1603//1603 1604//1604 1624//1624
f 1604//1604 1625//1625 1624//1624
f 1604//1604 1605//1605 1625//1625
f 1605//1605 1626//1626 1625//1625
o source-mushroom_oak
usemtl oak
v -0.312428 0.399552 -0.299928
v -0.313500 0.398480 -0.297000
v -0.313985 0.398150 -0.293000
v -0.313985 0.398150 0.293000
v -0.313500 0.398480 0.297000
v -0.312428 0.399552 0.299928
v -0.313500 0.402480 -0.301000
v -0.315298 0.401581 -0.297899
v -0.316233 0.401113 -0.293000
v -0.316233 0.401113 0.293000
v -0.315298 0.401581 0.297899
v -0.313500 0.402480 0.301000
v -0.313985 0.406480 -0.301485
v -0.316233 0.406480 -0.298367
v -0.317500 0.406480 -0.293000
v -0.317500 0.406480 0.293000
v -0.316233 0.406480 0.298367
v -0.313985 0.406480 0.301485
v -0.313985 0.502480 -0.301485
v -0.316233 0.502480 -0.298367
v -0.317500 0.502480 -0.293000
v -0.317500 0.502480 0.293000
v -0.316233 0.502480 0.298367
v -0.313985 0.502480 0.301485
v -0.313500 0.506480 -0.301000
v -0.315298 0.507379 -0.297899
v -0.316233 0.507847 -0.293000
v -0.316233 0.507847 0.293000
v -0.315298 0.507379 0.297899
v -0.313500 0.506480 0.301000
v -0.312428 0.509408 -0.299928
v -0.313500 0.510480 -0.297000
v -0.313985 0.510965 -0.293000
v -0.313985 0.510965 0.293000
v -0.313500 0.510480 0.297000
v -0.312428 0.509408 0.299928
v -0.287572 0.399552 -0.299928
v -0.286500 0.398480 -0.297000
v -0.286015 0.398150 -0.293000
v -0.286015 0.398150 0.293000
v -0.286500 0.398480 0.297000
v -0.287572 0.399552 0.299928
v -0.286500 0.402480 -0.301000
v -0.284702 0.401581 -0.297899
v -0.283767 0.401113 -0.293000
v -0.283767 0.401113 0.293000
v -0.284702 0.401581 0.297899
v -0.286500 0.402480 0.301000
v -0.286015 0.406480 -0.301485
v -0.283767 0.406480 -0.298367
v -0.282500 0.406480 -0.293000
v -0.282500 0.406480 0.293000
v -0.283767 0.406480 0.298367
v -0.286015 0.406480 0.301485
v -0.286015 0.502480 -0.301485
v -0.283767 0.502480 -0.298367
v -0.282500 0.502480 -0.293000
v -0.282500 0.502480 0.293000
v -0.283767 0.502480 0.298367
v -0.286015 0.502480 0.301485
v -0.286500 0.506480 -0.301000
v -0.284702 0.507379 -0.297899
v -0.283767 0.507847 -0.293000
v -0.283767 0.507847 0.293000
v -0.284702 0.507379 0.297899
v -0.286500 0.506480 0.301000
v -0.287572 0.509408 -0.299928
v -0.286500 0.510480 -0.297000
v -0.286015 0.510965 -0.293000
v -0.286015 0.510965 0.293000
v -0.286500 0.510480 0.297000
v -0.287572 0.509408 0.299928
v -0.312428 0.399552 -0.299928
v -0.309500 0.398480 -0.301000
v -0.305500 0.398150 -0.301485
v -0.294500 0.398150 -0.301485
v -0.290500 0.398480 -0.301000
v -0.287572 0.399552 -0.299928
v -0.313500 0.398480 -0.297000
v -0.310399 0.397257 -0.297899
v -0.305500 0.396621 -0.298367
v -0.294500 0.396621 -0.298367
v -0.289601 0.397257 -0.297899
v -0.286500 0.398480 -0.297000
v -0.313985 0.398150 -0.293000
v -0.310867 0.396621 -0.293000
v -0.305500 0.395760 -0.293000
v -0.294500 0.395760 -0.293000
v -0.289133 0.396621 -0.293000
v -0.286015 0.398150 -0.293000
v -0.313985 0.398150 0.293000
v -0.310867 0.396621 0.293000
v -0.305500 0.395760 0.293000
v -0.294500 0.395760 0.293000
v -0.289133 0.396621 0.293000
v -0.286015 0.398150 0.293000
v -0.313500 0.398480 0.297000
v -0.310399 0.397257 0.297899
v -0.305500 0.396621 0.298367
v -0.294500 0.396621 0.298367
v -0.289601 0.397257 0.297899
v -0.286500 0.398480 0.297000
v -0.312428 0.399552 0.299928
v -0.309500 0.398480 0.301000
v -0.305500 0.398150 0.301485
v -0.294500 0.398150 0.301485
v -0.290500 0.398480 0.301000
v -0.287572 0.399552 0.299928
v -0.312428 0.509408 -0.299928
v -0.309500 0.510480 -0.301000
v -0.305500 0.510965 -0.301485
v -0.294500 0.510965 -0.301485
v -0.290500 0.510480 -0.301000
v -0.287572 0.509408 -0.299928
v -0.313500 0.510480 -0.297000
v -0.310399 0.512278 -0.297899
v -0.305500 0.513213 -0.298367
v -0.294500 0.513213 -0.298367
v -0.289601 0.512278 -0.297899
v -0.286500 0.510480 -0.297000
v -0.313985 0.510965 -0.293000
v -0.310867 0.513213 -0.293000
v -0.305500 0.514480 -0.293000
v -0.294500 0.514480 -0.293000
v -0.289133 0.513213 -0.293000
v -0.286015 0.510965 -0.293000
v -0.313985 0.510965 0.293000
v -0.310867 0.513213 0.293000
v -0.305500 0.514480 0.293000
v -0.294500 0.514480 0.293000
v -0.289133 0.513213 0.293000
v -0.286015 0.510965 0.293000
v -0.313500 0.510480 0.297000
v -0.310399 0.512278 0.297899
v -0.305500 0.513213 0.298367
v -0.294500 0.513213 0.298367
v -0.289601 0.512278 0.297899
v -0.286500 0.510480 0.297000
v -0.312428 0.509408 0.299928
v -0.309500 0.510480 0.301000
v -0.305500 0.510965 0.301485
v -0.294500 0.510965 0.301485
v -0.290500 0.510480 0.301000
v -0.287572 0.509408 0.299928
v -0.312428 0.399552 -0.299928
v -0.313500 0.402480 -0.301000
v -0.313985 0.406480 -0.301485
v -0.313985 0.502480 -0.301485
v -0.313500 0.506480 -0.301000
v -0.312428 0.509408 -0.299928
v -0.309500 0.398480 -0.301000
v -0.310399 0.401581 -0.302798
v -0.310867 0.406480 -0.303733
v -0.310867 0.502480 -0.303733
v -0.310399 0.507379 -0.302798
v -0.309500 0.510480 -0.301000
v -0.305500 0.398150 -0.301485
v -0.305500 0.401113 -0.303733
v -0.305500 0.406480 -0.305000
v -0.305500 0.502480 -0.305000
v -0.305500 0.507847 -0.303733
v -0.305500 0.510965 -0.301485
v -0.294500 0.398150 -0.301485
v -0.294500 0.401113 -0.303733
v -0.294500 0.406480 -0.305000
v -0.294500 0.502480 -0.305000
v -0.294500 0.507847 -0.303733
v -0.294500 0.510965 -0.301485
v -0.290500 0.398480 -0.301000
v -0.289601 0.401581 -0.302798
v -0.289133 0.406480 -0.303733
v -0.289133 0.502480 -0.303733
v -0.289601 0.507379 -0.302798
v -0.290500 0.510480 -0.301000
v -0.287572 0.399552 -0.299928
v -0.286500 0.402480 -0.301000
v -0.286015 0.406480 -0.301485
v -0.286015 0.502480 -0.301485
v -0.286500 0.506480 -0.301000
v -0.287572 0.509408 -0.299928
v -0.312428 0.399552 0.299928
v -0.313500 0.402480 0.301000
v -0.313985 0.406480 0.301485
v -0.313985 0.502480 0.301485
v -0.313500 0.506480 0.301000
v -0.312428 0.509408 0.299928
v -0.309500 0.398480 0.301000
v -0.310399 0.401581 0.302798
v -0.310867 0.406480 0.303733
v -0.310867 0.502480 0.303733
v -0.310399 0.507379 0.302798
v -0.309500 0.510480 0.301000
v -0.305500 0.398150 0.301485
v -0.305500 0.401113 0.303733
v -0.305500 0.406480 0.305000
v -0.305500 0.502480 0.305000
v -0.305500 0.507847 0.303733
v -0.305500 0.510965 0.301485
v -0.294500 0.398150 0.301485
v -0.294500 0.401113 0.303733
v -0.294500 0.406480 0.305000
v -0.294500 0.502480 0.305000
v -0.294500 0.507847 0.303733
v -0.294500 0.510965 0.301485
v -0.290500 0.398480 0.301000
v -0.289601 0.401581 0.302798
v -0.289133 0.406480 0.303733
v -0.289133 0.502480 0.303733
v -0.289601 0.507379 0.302798
v -0.290500 0.510480 0.301000
v -0.287572 0.399552 0.299928
v -0.286500 0.402480 0.301000
v -0.286015 0.406480 0.301485
v -0.286015 0.502480 0.301485
v -0.286500 0.506480 0.301000
v -0.287572 0.509408 0.299928
v 0.287572 0.399552 -0.299928
v 0.286500 0.398480 -0.297000
v 0.286015 0.398150 -0.293000
v 0.286015 0.398150 0.293000
v 0.286500 0.398480 0.297000
v 0.287572 0.399552 0.299928
v 0.286500 0.402480 -0.301000
v 0.284702 0.401581 -0.297899
v 0.283767 0.401113 -0.293000
v 0.283767 0.401113 0.293000
v 0.284702 0.401581 0.297899
v 0.286500 0.402480 0.301000
v 0.286015 0.406480 -0.301485
v 0.283767 0.406480 -0.298367
v 0.282500 0.406480 -0.293000
v 0.282500 0.406480 0.293000
v 0.283767 0.406480 0.298367
v 0.286015 0.406480 0.301485
v 0.286015 0.502480 -0.301485
v 0.283767 0.502480 -0.298367
v 0.282500 0.502480 -0.293000
v 0.282500 0.502480 0.293000
v 0.283767 0.502480 0.298367
v 0.286015 0.502480 0.301485
v 0.286500 0.506480 -0.301000
v 0.284702 0.507379 -0.297899
v 0.283767 0.507847 -0.293000
v 0.283767 0.507847 0.293000
v 0.284702 0.507379 0.297899
v 0.286500 0.506480 0.301000
v 0.287572 0.509408 -0.299928
v 0.286500 0.510480 -0.297000
v 0.286015 0.510965 -0.293000
v 0.286015 0.510965 0.293000
v 0.286500 0.510480 0.297000
v 0.287572 0.509408 0.299928
v 0.312428 0.399552 -0.299928
v 0.313500 0.398480 -0.297000
v 0.313985 0.398150 -0.293000
v 0.313985 0.398150 0.293000
v 0.313500 0.398480 0.297000
v 0.312428 0.399552 0.299928
v 0.313500 0.402480 -0.301000
v 0.315298 0.401581 -0.297899
v 0.316233 0.401113 -0.293000
v 0.316233 0.401113 0.293000
v 0.315298 0.401581 0.297899
v 0.313500 0.402480 0.301000
v 0.313985 0.406480 -0.301485
v 0.316233 0.406480 -0.298367
v 0.317500 0.406480 -0.293000
v 0.317500 0.406480 0.293000
v 0.316233 0.406480 0.298367
v 0.313985 0.406480 0.301485
v 0.313985 0.502480 -0.301485
v 0.316233 0.502480 -0.298367
v 0.317500 0.502480 -0.293000
v 0.317500 0.502480 0.293000
v 0.316233 0.502480 0.298367
v 0.313985 0.502480 0.301485
v 0.313500 0.506480 -0.301000
v 0.315298 0.507379 -0.297899
v 0.316233 0.507847 -0.293000
v 0.316233 0.507847 0.293000
v 0.315298 0.507379 0.297899
v 0.313500 0.506480 0.301000
v 0.312428 0.509408 -0.299928
v 0.313500 0.510480 -0.297000
v 0.313985 0.510965 -0.293000
v 0.313985 0.510965 0.293000
v 0.313500 0.510480 0.297000
v 0.312428 0.509408 0.299928
v 0.287572 0.399552 -0.299928
v 0.290500 0.398480 -0.301000
v 0.294500 0.398150 -0.301485
v 0.305500 0.398150 -0.301485
v 0.309500 0.398480 -0.301000
v 0.312428 0.399552 -0.299928
v 0.286500 0.398480 -0.297000
v 0.289601 0.397257 -0.297899
v 0.294500 0.396621 -0.298367
v 0.305500 0.396621 -0.298367
v 0.310399 0.397257 -0.297899
v 0.313500 0.398480 -0.297000
v 0.286015 0.398150 -0.293000
v 0.289133 0.396621 -0.293000
v 0.294500 0.395760 -0.293000
v 0.305500 0.395760 -0.293000
v 0.310867 0.396621 -0.293000
v 0.313985 0.398150 -0.293000
v 0.286015 0.398150 0.293000
v 0.289133 0.396621 0.293000
v 0.294500 0.395760 0.293000
v 0.305500 0.395760 0.293000
v 0.310867 0.396621 0.293000
v 0.313985 0.398150 0.293000
v 0.286500 0.398480 0.297000
v 0.289601 0.397257 0.297899
v 0.294500 0.396621 0.298367
v 0.305500 0.396621 0.298367
v 0.310399 0.397257 0.297899
v 0.313500 0.398480 0.297000
v 0.287572 0.399552 0.299928
v 0.290500 0.398480 0.301000
v 0.294500 0.398150 0.301485
v 0.305500 0.398150 0.301485
v 0.309500 0.398480 0.301000
v 0.312428 0.399552 0.299928
v 0.287572 0.509408 -0.299928
v 0.290500 0.510480 -0.301000
v 0.294500 0.510965 -0.301485
v 0.305500 0.510965 -0.301485
v 0.309500 0.510480 -0.301000
v 0.312428 0.509408 -0.299928
v 0.286500 0.510480 -0.297000
v 0.289601 0.512278 -0.297899
v 0.294500 0.513213 -0.298367
v 0.305500 0.513213 -0.298367
v 0.310399 0.512278 -0.297899
v 0.313500 0.510480 -0.297000
v 0.286015 0.510965 -0.293000
v 0.289133 0.513213 -0.293000
v 0.294500 0.514480 -0.293000
v 0.305500 0.514480 -0.293000
v 0.310867 0.513213 -0.293000
v 0.313985 0.510965 -0.293000
v 0.286015 0.510965 0.293000
v 0.289133 0.513213 0.293000
v 0.294500 0.514480 0.293000
v 0.305500 0.514480 0.293000
v 0.310867 0.513213 0.293000
v 0.313985 0.510965 0.293000
v 0.286500 0.510480 0.297000
v 0.289601 0.512278 0.297899
v 0.294500 0.513213 0.298367
v 0.305500 0.513213 0.298367
v 0.310399 0.512278 0.297899
v 0.313500 0.510480 0.297000
v 0.287572 0.509408 0.299928
v 0.290500 0.510480 0.301000
v 0.294500 0.510965 0.301485
v 0.305500 0.510965 0.301485
v 0.309500 0.510480 0.301000
v 0.312428 0.509408 0.299928
v 0.287572 0.399552 -0.299928
v 0.286500 0.402480 -0.301000
v 0.286015 0.406480 -0.301485
v 0.286015 0.502480 -0.301485
v 0.286500 0.506480 -0.301000
v 0.287572 0.509408 -0.299928
v 0.290500 0.398480 -0.301000
v 0.289601 0.401581 -0.302798
v 0.289133 0.406480 -0.303733
v 0.289133 0.502480 -0.303733
v 0.289601 0.507379 -0.302798
v 0.290500 0.510480 -0.301000
v 0.294500 0.398150 -0.301485
v 0.294500 0.401113 -0.303733
v 0.294500 0.406480 -0.305000
v 0.294500 0.502480 -0.305000
v 0.294500 0.507847 -0.303733
v 0.294500 0.510965 -0.301485
v 0.305500 0.398150 -0.301485
v 0.305500 0.401113 -0.303733
v 0.305500 0.406480 -0.305000
v 0.305500 0.502480 -0.305000
v 0.305500 0.507847 -0.303733
v 0.305500 0.510965 -0.301485
v 0.309500 0.398480 -0.301000
v 0.310399 0.401581 -0.302798
v 0.310867 0.406480 -0.303733
v 0.310867 0.502480 -0.303733
v 0.310399 0.507379 -0.302798
v 0.309500 0.510480 -0.301000
v 0.312428 0.399552 -0.299928
v 0.313500 0.402480 -0.301000
v 0.313985 0.406480 -0.301485
v 0.313985 0.502480 -0.301485
v 0.313500 0.506480 -0.301000
v 0.312428 0.509408 -0.299928
v 0.287572 0.399552 0.299928
v 0.286500 0.402480 0.301000
v 0.286015 0.406480 0.301485
v 0.286015 0.502480 0.301485
v 0.286500 0.506480 0.301000
v 0.287572 0.509408 0.299928
v 0.290500 0.398480 0.301000
v 0.289601 0.401581 0.302798
v 0.289133 0.406480 0.303733
v 0.289133 0.502480 0.303733
v 0.289601 0.507379 0.302798
v 0.290500 0.510480 0.301000
v 0.294500 0.398150 0.301485
v 0.294500 0.401113 0.303733
v 0.294500 0.406480 0.305000
v 0.294500 0.502480 0.305000
v 0.294500 0.507847 0.303733
v 0.294500 0.510965 0.301485
v 0.305500 0.398150 0.301485
v 0.305500 0.401113 0.303733
v 0.305500 0.406480 0.305000
v 0.305500 0.502480 0.305000
v 0.305500 0.507847 0.303733
v 0.305500 0.510965 0.301485
v 0.309500 0.398480 0.301000
v 0.310399 0.401581 0.302798
v 0.310867 0.406480 0.303733
v 0.310867 0.502480 0.303733
v 0.310399 0.507379 0.302798
v 0.309500 0.510480 0.301000
v 0.312428 0.399552 0.299928
v 0.313500 0.402480 0.301000
v 0.313985 0.406480 0.301485
v 0.313985 0.502480 0.301485
v 0.313500 0.506480 0.301000
v 0.312428 0.509408 0.299928
v -0.294928 0.399552 -0.312428
v -0.296000 0.398480 -0.309500
v -0.296485 0.398150 -0.305500
v -0.296485 0.398150 -0.294500
v -0.296000 0.398480 -0.290500
v -0.294928 0.399552 -0.287572
v -0.296000 0.402480 -0.313500
v -0.297798 0.401581 -0.310399
v -0.298733 0.401113 -0.305500
v -0.298733 0.401113 -0.294500
v -0.297798 0.401581 -0.289601
v -0.296000 0.402480 -0.286500
v -0.296485 0.406480 -0.313985
v -0.298733 0.406480 -0.310867
v -0.300000 0.406480 -0.305500
v -0.300000 0.406480 -0.294500
v -0.298733 0.406480 -0.289133
v -0.296485 0.406480 -0.286015
v -0.296485 0.502480 -0.313985
v -0.298733 0.502480 -0.310867
v -0.300000 0.502480 -0.305500
v -0.300000 0.502480 -0.294500
v -0.298733 0.502480 -0.289133
v -0.296485 0.502480 -0.286015
v -0.296000 0.506480 -0.313500
v -0.297798 0.507379 -0.310399
v -0.298733 0.507847 -0.305500
v -0.298733 0.507847 -0.294500
v -0.297798 0.507379 -0.289601
v -0.296000 0.506480 -0.286500
v -0.294928 0.509408 -0.312428
v -0.296000 0.510480 -0.309500
v -0.296485 0.510965 -0.305500
v -0.296485 0.510965 -0.294500
v -0.296000 0.510480 -0.290500
v -0.294928 0.509408 -0.287572
v 0.294928 0.399552 -0.312428
v 0.296000 0.398480 -0.309500
v 0.296485 0.398150 -0.305500
v 0.296485 0.398150 -0.294500
v 0.296000 0.398480 -0.290500
v 0.294928 0.399552 -0.287572
v 0.296000 0.402480 -0.313500
v 0.297798 0.401581 -0.310399
v 0.298733 0.401113 -0.305500
v 0.298733 0.401113 -0.294500
v 0.297798 0.401581 -0.289601
v 0.296000 0.402480 -0.286500
v 0.296485 0.406480 -0.313985
v 0.298733 0.406480 -0.310867
v 0.300000 0.406480 -0.305500
v 0.300000 0.406480 -0.294500
v 0.298733 0.406480 -0.289133
v 0.296485 0.406480 -0.286015
v 0.296485 0.502480 -0.313985
v 0.298733 0.502480 -0.310867
v 0.300000 0.502480 -0.305500
v 0.300000 0.502480 -0.294500
v 0.298733 0.502480 -0.289133
v 0.296485 0.502480 -0.286015
v 0.296000 0.506480 -0.313500
v 0.297798 0.507379 -0.310399
v 0.298733 0.507847 -0.305500
v 0.298733 0.507847 -0.294500
v 0.297798 0.507379 -0.289601
v 0.296000 0.506480 -0.286500
v 0.294928 0.509408 -0.312428
v 0.296000 0.510480 -0.309500
v 0.296485 0.510965 -0.305500
v 0.296485 0.510965 -0.294500
v 0.296000 0.510480 -0.290500
v 0.294928 0.509408 -0.287572
v -0.294928 0.399552 -0.312428
v -0.292000 0.398480 -0.313500
v -0.288000 0.398150 -0.313985
v 0.288000 0.398150 -0.313985
v 0.292000 0.398480 -0.313500
v 0.294928 0.399552 -0.312428
v -0.296000 0.398480 -0.309500
v -0.292899 0.397257 -0.310399
v -0.288000 0.396621 -0.310867
v 0.288000 0.396621 -0.310867
v 0.292899 0.397257 -0.310399
v 0.296000 0.398480 -0.309500
v -0.296485 0.398150 -0.305500
v -0.293367 0.396621 -0.305500
v -0.288000 0.395760 -0.305500
v 0.288000 0.395760 -0.305500
v 0.293367 0.396621 -0.305500
v 0.296485 0.398150 -0.305500
v -0.296485 0.398150 -0.294500
v -0.293367 0.396621 -0.294500
v -0.288000 0.395760 -0.294500
v 0.288000 0.395760 -0.294500
v 0.293367 0.396621 -0.294500
v 0.296485 0.398150 -0.294500
v -0.296000 0.398480 -0.290500
v -0.292899 0.397257 -0.289601
v -0.288000 0.396621 -0.289133
v 0.288000 0.396621 -0.289133
v 0.292899 0.397257 -0.289601
v 0.296000 0.398480 -0.290500
v -0.294928 0.399552 -0.287572
v -0.292000 0.398480 -0.286500
v -0.288000 0.398150 -0.286015
v 0.288000 0.398150 -0.286015
v 0.292000 0.398480 -0.286500
v 0.294928 0.399552 -0.287572
v -0.294928 0.509408 -0.312428
v -0.292000 0.510480 -0.313500
v -0.288000 0.510965 -0.313985
v 0.288000 0.510965 -0.313985
v 0.292000 0.510480 -0.313500
v 0.294928 0.509408 -0.312428
v -0.296000 0.510480 -0.309500
v -0.292899 0.512278 -0.310399
v -0.288000 0.513213 -0.310867
v 0.288000 0.513213 -0.310867
v 0.292899 0.512278 -0.310399
v 0.296000 0.510480 -0.309500
v -0.296485 0.510965 -0.305500
v -0.293367 0.513213 -0.305500
v -0.288000 0.514480 -0.305500
v 0.288000 0.514480 -0.305500
v 0.293367 0.513213 -0.305500
v 0.296485 0.510965 -0.305500
v -0.296485 0.510965 -0.294500
v -0.293367 0.513213 -0.294500
v -0.288000 0.514480 -0.294500
v 0.288000 0.514480 -0.294500
v 0.293367 0.513213 -0.294500
v 0.296485 0.510965 -0.294500
v -0.296000 0.510480 -0.290500
v -0.292899 0.512278 -0.289601
v -0.288000 0.513213 -0.289133
v 0.288000 0.513213 -0.289133
v 0.292899 0.512278 -0.289601
v 0.296000 0.510480 -0.290500
v -0.294928 0.509408 -0.287572
v -0.292000 0.510480 -0.286500
v -0.288000 0.510965 -0.286015
v 0.288000 0.510965 -0.286015
v 0.292000 0.510480 -0.286500
v 0.294928 0.509408 -0.287572
v -0.294928 0.399552 -0.312428
v -0.296000 0.402480 -0.313500
v -0.296485 0.406480 -0.313985
v -0.296485 0.502480 -0.313985
v -0.296000 0.506480 -0.313500
v -0.294928 0.509408 -0.312428
v -0.292000 0.398480 -0.313500
v -0.292899 0.401581 -0.315298
v -0.293367 0.406480 -0.316233
v -0.293367 0.502480 -0.316233
v -0.292899 0.507379 -0.315298
v -0.292000 0.510480 -0.313500
v -0.288000 0.398150 -0.313985
v -0.288000 0.401113 -0.316233
v -0.288000 0.406480 -0.317500
v -0.288000 0.502480 -0.317500
v -0.288000 0.507847 -0.316233
v -0.288000 0.510965 -0.313985
v 0.288000 0.398150 -0.313985
v 0.288000 0.401113 -0.316233
v 0.288000 0.406480 -0.317500
v 0.288000 0.502480 -0.317500
v 0.288000 0.507847 -0.316233
v 0.288000 0.510965 -0.313985
v 0.292000 0.398480 -0.313500
v 0.292899 0.401581 -0.315298
v 0.293367 0.406480 -0.316233
v 0.293367 0.502480 -0.316233
v 0.292899 0.507379 -0.315298
v 0.292000 0.510480 -0.313500
v 0.294928 0.399552 -0.312428
v 0.296000 0.402480 -0.313500
v 0.296485 0.406480 -0.313985
v 0.296485 0.502480 -0.313985
v 0.296000 0.506480 -0.313500
v 0.294928 0.509408 -0.312428
v -0.294928 0.399552 -0.287572
v -0.296000 0.402480 -0.286500
v -0.296485 0.406480 -0.286015
v -0.296485 0.502480 -0.286015
v -0.296000 0.506480 -0.286500
v -0.294928 0.509408 -0.287572
v -0.292000 0.398480 -0.286500
v -0.292899 0.401581 -0.284702
v -0.293367 0.406480 -0.283767
v -0.293367 0.502480 -0.283767
v -0.292899 0.507379 -0.284702
v -0.292000 0.510480 -0.286500
v -0.288000 0.398150 -0.286015
v -0.288000 0.401113 -0.283767
v -0.288000 0.406480 -0.282500
v -0.288000 0.502480 -0.282500
v -0.288000 0.507847 -0.283767
v -0.288000 0.510965 -0.286015
v 0.288000 0.398150 -0.286015
v 0.288000 0.401113 -0.283767
v 0.288000 0.406480 -0.282500
v 0.288000 0.502480 -0.282500
v 0.288000 0.507847 -0.283767
v 0.288000 0.510965 -0.286015
v 0.292000 0.398480 -0.286500
v 0.292899 0.401581 -0.284702
v 0.293367 0.406480 -0.283767
v 0.293367 0.502480 -0.283767
v 0.292899 0.507379 -0.284702
v 0.292000 0.510480 -0.286500
v 0.294928 0.399552 -0.287572
v 0.296000 0.402480 -0.286500
v 0.296485 0.406480 -0.286015
v 0.296485 0.502480 -0.286015
v 0.296000 0.506480 -0.286500
v 0.294928 0.509408 -0.287572
v -0.294928 0.399552 0.287572
v -0.296000 0.398480 0.290500
v -0.296485 0.398150 0.294500
v -0.296485 0.398150 0.305500
v -0.296000 0.398480 0.309500
v -0.294928 0.399552 0.312428
v -0.296000 0.402480 0.286500
v -0.297798 0.401581 0.289601
v -0.298733 0.401113 0.294500
v -0.298733 0.401113 0.305500
v -0.297798 0.401581 0.310399
v -0.296000 0.402480 0.313500
v -0.296485 0.406480 0.286015
v -0.298733 0.406480 0.289133
v -0.300000 0.406480 0.294500
v -0.300000 0.406480 0.305500
v -0.298733 0.406480 0.310867
v -0.296485 0.406480 0.313985
v -0.296485 0.502480 0.286015
v -0.298733 0.502480 0.289133
v -0.300000 0.502480 0.294500
v -0.300000 0.502480 0.305500
v -0.298733 0.502480 0.310867
v -0.296485 0.502480 0.313985
v -0.296000 0.506480 0.286500
v -0.297798 0.507379 0.289601
v -0.298733 0.507847 0.294500
v -0.298733 0.507847 0.305500
v -0.297798 0.507379 0.310399
v -0.296000 0.506480 0.313500
v -0.294928 0.509408 0.287572
v -0.296000 0.510480 0.290500
v -0.296485 0.510965 0.294500
v -0.296485 0.510965 0.305500
v -0.296000 0.510480 0.309500
v -0.294928 0.509408 0.312428
v 0.294928 0.399552 0.287572
v 0.296000 0.398480 0.290500
v 0.296485 0.398150 0.294500
v 0.296485 0.398150 0.305500
v 0.296000 0.398480 0.309500
v 0.294928 0.399552 0.312428
v 0.296000 0.402480 0.286500
v 0.297798 0.401581 0.289601
v 0.298733 0.401113 0.294500
v 0.298733 0.401113 0.305500
v 0.297798 0.401581 0.310399
v 0.296000 0.402480 0.313500
v 0.296485 0.406480 0.286015
v 0.298733 0.406480 0.289133
v 0.300000 0.406480 0.294500
v 0.300000 0.406480 0.305500
v 0.298733 0.406480 0.310867
v 0.296485 0.406480 0.313985
v 0.296485 0.502480 0.286015
v 0.298733 0.502480 0.289133
v 0.300000 0.502480 0.294500
v 0.300000 0.502480 0.305500
v 0.298733 0.502480 0.310867
v 0.296485 0.502480 0.313985
v 0.296000 0.506480 0.286500
v 0.297798 0.507379 0.289601
v 0.298733 0.507847 0.294500
v 0.298733 0.507847 0.305500
v 0.297798 0.507379 0.310399
v 0.296000 0.506480 0.313500
v 0.294928 0.509408 0.287572
v 0.296000 0.510480 0.290500
v 0.296485 0.510965 0.294500
v 0.296485 0.510965 0.305500
v 0.296000 0.510480 0.309500
v 0.294928 0.509408 0.312428
v -0.294928 0.399552 0.287572
v -0.292000 0.398480 0.286500
v -0.288000 0.398150 0.286015
v 0.288000 0.398150 0.286015
v 0.292000 0.398480 0.286500
v 0.294928 0.399552 0.287572
v -0.296000 0.398480 0.290500
v -0.292899 0.397257 0.289601
v -0.288000 0.396621 0.289133
v 0.288000 0.396621 0.289133
v 0.292899 0.397257 0.289601
v 0.296000 0.398480 0.290500
v -0.296485 0.398150 0.294500
v -0.293367 0.396621 0.294500
v -0.288000 0.395760 0.294500
v 0.288000 0.395760 0.294500
v 0.293367 0.396621 0.294500
v 0.296485 0.398150 0.294500
v -0.296485 0.398150 0.305500
v -0.293367 0.396621 0.305500
v -0.288000 0.395760 0.305500
v 0.288000 0.395760 0.305500
v 0.293367 0.396621 0.305500
v 0.296485 0.398150 0.305500
v -0.296000 0.398480 0.309500
v -0.292899 0.397257 0.310399
v -0.288000 0.396621 0.310867
v 0.288000 0.396621 0.310867
v 0.292899 0.397257 0.310399
v 0.296000 0.398480 0.309500
v -0.294928 0.399552 0.312428
v -0.292000 0.398480 0.313500
v -0.288000 0.398150 0.313985
v 0.288000 0.398150 0.313985
v 0.292000 0.398480 0.313500
v 0.294928 0.399552 0.312428
v -0.294928 0.509408 0.287572
v -0.292000 0.510480 0.286500
v -0.288000 0.510965 0.286015
v 0.288000 0.510965 0.286015
v 0.292000 0.510480 0.286500
v 0.294928 0.509408 0.287572
v -0.296000 0.510480 0.290500
v -0.292899 0.512278 0.289601
v -0.288000 0.513213 0.289133
v 0.288000 0.513213 0.289133
v 0.292899 0.512278 0.289601
v 0.296000 0.510480 0.290500
v -0.296485 0.510965 0.294500
v -0.293367 0.513213 0.294500
v -0.288000 0.514480 0.294500
v 0.288000 0.514480 0.294500
v 0.293367 0.513213 0.294500
v 0.296485 0.510965 0.294500
v -0.296485 0.510965 0.305500
v -0.293367 0.513213 0.305500
v -0.288000 0.514480 0.305500
v 0.288000 0.514480 0.305500
v 0.293367 0.513213 0.305500
v 0.296485 0.510965 0.305500
v -0.296000 0.510480 0.309500
v -0.292899 0.512278 0.310399
v -0.288000 0.513213 0.310867
v 0.288000 0.513213 0.310867
v 0.292899 0.512278 0.310399
v 0.296000 0.510480 0.309500
v -0.294928 0.509408 0.312428
v -0.292000 0.510480 0.313500
v -0.288000 0.510965 0.313985
v 0.288000 0.510965 0.313985
v 0.292000 0.510480 0.313500
v 0.294928 0.509408 0.312428
v -0.294928 0.399552 0.287572
v -0.296000 0.402480 0.286500
v -0.296485 0.406480 0.286015
v -0.296485 0.502480 0.286015
v -0.296000 0.506480 0.286500
v -0.294928 0.509408 0.287572
v -0.292000 0.398480 0.286500
v -0.292899 0.401581 0.284702
v -0.293367 0.406480 0.283767
v -0.293367 0.502480 0.283767
v -0.292899 0.507379 0.284702
v -0.292000 0.510480 0.286500
v -0.288000 0.398150 0.286015
v -0.288000 0.401113 0.283767
v -0.288000 0.406480 0.282500
v -0.288000 0.502480 0.282500
v -0.288000 0.507847 0.283767
v -0.288000 0.510965 0.286015
v 0.288000 0.398150 0.286015
v 0.288000 0.401113 0.283767
v 0.288000 0.406480 0.282500
v 0.288000 0.502480 0.282500
v 0.288000 0.507847 0.283767
v 0.288000 0.510965 0.286015
v 0.292000 0.398480 0.286500
v 0.292899 0.401581 0.284702
v 0.293367 0.406480 0.283767
v 0.293367 0.502480 0.283767
v 0.292899 0.507379 0.284702
v 0.292000 0.510480 0.286500
v 0.294928 0.399552 0.287572
v 0.296000 0.402480 0.286500
v 0.296485 0.406480 0.286015
v 0.296485 0.502480 0.286015
v 0.296000 0.506480 0.286500
v 0.294928 0.509408 0.287572
v -0.294928 0.399552 0.312428
v -0.296000 0.402480 0.313500
v -0.296485 0.406480 0.313985
v -0.296485 0.502480 0.313985
v -0.296000 0.506480 0.313500
v -0.294928 0.509408 0.312428
v -0.292000 0.398480 0.313500
v -0.292899 0.401581 0.315298
v -0.293367 0.406480 0.316233
v -0.293367 0.502480 0.316233
v -0.292899 0.507379 0.315298
v -0.292000 0.510480 0.313500
v -0.288000 0.398150 0.313985
v -0.288000 0.401113 0.316233
v -0.288000 0.406480 0.317500
v -0.288000 0.502480 0.317500
v -0.288000 0.507847 0.316233
v -0.288000 0.510965 0.313985
v 0.288000 0.398150 0.313985
v 0.288000 0.401113 0.316233
v 0.288000 0.406480 0.317500
v 0.288000 0.502480 0.317500
v 0.288000 0.507847 0.316233
v 0.288000 0.510965 0.313985
v 0.292000 0.398480 0.313500
v 0.292899 0.401581 0.315298
v 0.293367 0.406480 0.316233
v 0.293367 0.502480 0.316233
v 0.292899 0.507379 0.315298
v 0.292000 0.510480 0.313500
v 0.294928 0.399552 0.312428
v 0.296000 0.402480 0.313500
v 0.296485 0.406480 0.313985
v 0.296485 0.502480 0.313985
v 0.296000 0.506480 0.313500
v 0.294928 0.509408 0.312428
vn -0.577350 -0.577350 -0.577350
vn -0.625875 -0.693330 -0.357175
vn -0.641979 -0.766718 -0.002459
vn -0.641855 -0.766826 0.000480
vn -0.633265 -0.734063 0.245207
vn -0.572120 -0.616455 0.540983
vn -0.653281 -0.382683 -0.653281
vn -0.855624 -0.368091 -0.363891
vn -0.891355 -0.453301 -0.002085
vn -0.943888 -0.330264 0.001347
vn -0.884494 -0.329902 0.329902
vn -0.679222 -0.317377 0.661762
vn -0.707016 -0.015991 -0.707016
vn -0.898846 -0.012005 -0.438101
vn -0.999717 -0.023444 -0.003930
vn -0.999978 -0.006489 0.001148
vn -0.943887 -0.008158 0.330169
vn -0.740614 -0.007837 0.671885
vn -0.707102 0.003501 -0.707102
vn -0.943887 0.008158 -0.330169
vn -0.999978 0.006489 -0.001148
vn -0.999717 0.023444 0.003930
vn -0.898846 0.012005 0.438101
vn -0.671885 0.007837 0.740614
vn -0.682272 0.262698 -0.682272
vn -0.884494 0.329902 -0.329902
vn -0.945038 0.326959 -0.001383
vn -0.896204 0.443638 0.002060
vn -0.855957 0.365607 0.365607
vn -0.661762 0.317377 0.679222
vn -0.587065 0.557412 -0.587065
vn -0.679222 0.661762 -0.317377
vn -0.743653 0.668565 -0.001330
vn -0.668565 0.743653 0.001330
vn -0.661762 0.679222 0.317377
vn -0.557412 0.587065 0.587065
vn 0.540983 -0.616455 -0.572120
vn 0.611551 -0.731152 -0.302363
vn 0.579817 -0.814746 -0.001252
vn 0.698716 -0.715398 0.001033
vn 0.649843 -0.702291 0.290675
vn 0.587065 -0.557412 0.587065
vn 0.661762 -0.317377 -0.679222
vn 0.855624 -0.368091 -0.363891
vn 0.891355 -0.453301 -0.002085
vn 0.943888 -0.330264 0.001347
vn 0.884494 -0.329902 0.329902
vn 0.682272 -0.262698 0.682272
vn 0.671885 -0.007837 -0.740614
vn 0.898846 -0.012005 -0.438101
vn 0.999717 -0.023444 -0.003930
vn 0.999978 -0.006489 0.001148
vn 0.943887 -0.008158 0.330169
vn 0.707102 -0.003501 0.707102
vn 0.740614 0.007837 -0.671885
vn 0.943887 0.008158 -0.330169
vn 0.999978 0.006489 -0.001148
vn 0.999717 0.023444 0.003930
vn 0.898846 0.012005 0.438101
vn 0.707016 0.015991 0.707016
vn 0.679222 0.317377 -0.661762
vn 0.884494 0.329902 -0.329902
vn 0.945038 0.326959 -0.001383
vn 0.896204 0.443638 0.002060
vn 0.855957 0.365607 0.365607
vn 0.653281 0.382683 0.653281
vn 0.587065 0.587065 -0.557412
vn 0.682272 0.682272 -0.262698
vn 0.707107 0.707107 -0.000584
vn 0.707104 0.707104 0.002812
vn 0.653281 0.653281 0.382683
vn 0.577350 0.577350 0.577350
vn -0.577350 -0.577350 -0.577350
vn -0.357175 -0.693330 -0.625875
vn -0.074287 -0.761511 -0.643881
vn 0.021707 -0.766645 -0.641704
vn 0.245207 -0.734063 -0.633265
vn 0.540983 -0.616455 -0.572120
vn -0.625875 -0.693330 -0.357175
vn -0.268668 -0.925005 -0.268668
vn -0.052517 -0.956536 -0.286848
vn 0.038225 -0.968108 -0.247599
vn 0.250258 -0.935276 -0.250258
vn 0.611551 -0.731152 -0.302363
vn -0.641979 -0.766718 -0.002459
vn -0.319023 -0.947746 -0.001481
vn -0.078490 -0.996913 -0.001824
vn 0.031743 -0.999495 -0.001084
vn 0.229010 -0.973424 -0.000969
vn 0.579817 -0.814746 -0.001252
vn -0.641855 -0.766826 0.000480
vn -0.229010 -0.973424 0.000969
vn -0.031743 -0.999495 0.001084
vn 0.078490 -0.996913 0.001824
vn 0.319023 -0.947746 0.001481
vn 0.698716 -0.715398 0.001033
vn -0.633265 -0.734063 0.245207
vn -0.250258 -0.935276 0.250258
vn -0.038225 -0.968108 0.247599
vn 0.052517 -0.956536 0.286848
vn 0.268668 -0.925005 0.268668
vn 0.649843 -0.702291 0.290675
vn -0.572120 -0.616455 0.540983
vn -0.302363 -0.731152 0.611551
vn -0.048316 -0.781785 0.621673
vn 0.040439 -0.747184 0.663386
vn 0.290675 -0.702291 0.649843
vn 0.587065 -0.557412 0.587065
vn -0.587065 0.557412 -0.587065
vn -0.317377 0.661762 -0.679222
vn -0.051696 0.693171 -0.718917
vn 0.051696 0.718917 -0.693171
vn 0.317377 0.679222 -0.661762
vn 0.587065 0.587065 -0.557412
vn -0.679222 0.661762 -0.317377
vn -0.365607 0.855957 -0.365607
vn -0.073674 0.912490 -0.402410
vn 0.054268 0.934607 -0.351517
vn 0.329902 0.884494 -0.329902
vn 0.682272 0.682272 -0.262698
vn -0.743653 0.668565 -0.001330
vn -0.443638 0.896204 -0.002060
vn -0.115014 0.993360 -0.002673
vn 0.046654 0.998910 -0.001593
vn 0.326959 0.945038 -0.001383
vn 0.707107 0.707107 -0.000584
vn -0.668565 0.743653 0.001330
vn -0.326959 0.945038 0.001383
vn -0.046654 0.998910 0.001593
vn 0.115014 0.993360 0.002673
vn 0.443638 0.896204 0.002060
vn 0.707104 0.707104 0.002812
vn -0.661762 0.679222 0.317377
vn -0.329902 0.884494 0.329902
vn -0.054268 0.934607 0.351517
vn 0.073674 0.912490 0.402410
vn 0.365607 0.855957 0.365607
vn 0.653281 0.653281 0.382683
vn -0.557412 0.587065 0.587065
vn -0.262698 0.682272 0.682272
vn -0.026387 0.706861 0.706861
vn 0.085213 0.704535 0.704535
vn 0.382683 0.653281 0.653281
vn 0.577350 0.577350 0.577350
vn -0.577350 -0.577350 -0.577350
vn -0.653281 -0.382683 -0.653281
vn -0.707016 -0.015991 -0.707016
vn -0.707102 0.003501 -0.707102
vn -0.682272 0.262698 -0.682272
vn -0.587065 0.557412 -0.587065
vn -0.357175 -0.693330 -0.625875
vn -0.363891 -0.368091 -0.855624
vn -0.438101 -0.012005 -0.898846
vn -0.330169 0.008158 -0.943887
vn -0.329902 0.329902 -0.884494
vn -0.317377 0.661762 -0.679222
vn -0.074287 -0.761511 -0.643881
vn -0.074320 -0.409707 -0.909185
vn -0.111254 -0.015426 -0.993672
vn -0.048661 0.009391 -0.998771
vn -0.054268 0.351517 -0.934607
vn -0.051696 0.693171 -0.718917
vn 0.021707 -0.766645 -0.641704
vn 0.052869 -0.355060 -0.933348
vn 0.048661 -0.009391 -0.998771
vn 0.111254 0.015426 -0.993672
vn 0.073674 0.402410 -0.912490
vn 0.051696 0.718917 -0.693171
vn 0.245207 -0.734063 -0.633265
vn 0.329902 -0.329902 -0.884494
vn 0.330169 -0.008158 -0.943887
vn 0.438101 0.012005 -0.898846
vn 0.365607 0.365607 -0.855957
vn 0.317377 0.679222 -0.661762
vn 0.540983 -0.616455 -0.572120
vn 0.661762 -0.317377 -0.679222
vn 0.671885 -0.007837 -0.740614
vn 0.740614 0.007837 -0.671885
vn 0.679222 0.317377 -0.661762
vn 0.587065 0.587065 -0.557412
vn -0.572120 -0.616455 0.540983
vn -0.679222 -0.317377 0.661762
vn -0.740614 -0.007837 0.671885
vn -0.671885 0.007837 0.740614
vn -0.661762 0.317377 0.679222
vn -0.557412 0.587065 0.587065
vn -0.302363 -0.731152 0.611551
vn -0.363891 -0.368091 0.855624
vn -0.438101 -0.012005 0.898846
vn -0.330169 0.008158 0.943887
vn -0.329902 0.329902 0.884494
vn -0.262698 0.682272 0.682272
vn -0.048316 -0.781785 0.621673
vn -0.074320 -0.409707 0.909185
vn -0.111254 -0.015426 0.993672
vn -0.048661 0.009391 0.998771
vn -0.054268 0.351517 0.934607
vn -0.026387 0.706861 0.706861
vn 0.040439 -0.747184 0.663386
vn 0.052869 -0.355060 0.933348
vn 0.048661 -0.009391 0.998771
vn 0.111254 0.015426 0.993672
vn 0.073674 0.402410 0.912490
vn 0.085213 0.704535 0.704535
vn 0.290675 -0.702291 0.649843
vn 0.329902 -0.329902 0.884494
vn 0.330169 -0.008158 0.943887
vn 0.438101 0.012005 0.898846
vn 0.365607 0.365607 0.855957
vn 0.382683 0.653281 0.653281
vn 0.587065 -0.557412 0.587065
vn 0.682272 -0.262698 0.682272
vn 0.707102 -0.003501 0.707102
vn 0.707016 0.015991 0.707016
vn 0.653281 0.382683 0.653281
vn 0.577350 0.577350 0.577350
vn -0.577350 -0.577350 -0.577350
vn -0.625875 -0.693330 -0.357175
vn -0.641979 -0.766718 -0.002459
vn -0.641855 -0.766826 0.000480
vn -0.633265 -0.734063 0.245207
vn -0.572120 -0.616455 0.540983
vn -0.653281 -0.382683 -0.653281
vn -0.855624 -0.368091 -0.363891
vn -0.891355 -0.453301 -0.002085
vn -0.943888 -0.330264 0.001347
vn -0.884494 -0.329902 0.329902
vn -0.679222 -0.317377 0.661762
vn -0.707016 -0.015991 -0.707016
vn -0.898846 -0.012005 -0.438101
vn -0.999717 -0.023444 -0.003930
vn -0.999978 -0.006489 0.001148
vn -0.943887 -0.008158 0.330169
vn -0.740614 -0.007837 0.671885
vn -0.707102 0.003501 -0.707102
vn -0.943887 0.008158 -0.330169
vn -0.999978 0.006489 -0.001148
vn -0.999717 0.023444 0.003930
vn -0.898846 0.012005 0.438101
vn -0.671885 0.007837 0.740614
vn -0.682272 0.262698 -0.682272
vn -0.884494 0.329902 -0.329902
vn -0.945038 0.326959 -0.001383
vn -0.896204 0.443638 0.002060
vn -0.855957 0.365607 0.365607
vn -0.661762 0.317377 0.679222
vn -0.587065 0.557412 -0.587065
vn -0.679222 0.661762 -0.317377
vn -0.743653 0.668565 -0.001330
vn -0.668565 0.743653 0.001330
vn -0.661762 0.679222 0.317377
vn -0.557412 0.587065 0.587065
vn 0.540983 -0.616455 -0.572120
vn 0.611551 -0.731152 -0.302363
vn 0.579817 -0.814746 -0.001252
vn 0.698716 -0.715398 0.001033
vn 0.649843 -0.702291 0.290675
vn 0.587065 -0.557412 0.587065
vn 0.661762 -0.317377 -0.679222
vn 0.855624 -0.368091 -0.363891
vn 0.891355 -0.453301 -0.002085
vn 0.943888 -0.330264 0.001347
vn 0.884494 -0.329902 0.329902
vn 0.682272 -0.262698 0.682272
vn 0.671885 -0.007837 -0.740614
vn 0.898846 -0.012005 -0.438101
vn 0.999717 -0.023444 -0.003930
vn 0.999978 -0.006489 0.001148
vn 0.943887 -0.008158 0.330169
vn 0.707102 -0.003501 0.707102
vn 0.740614 0.007837 -0.671885
vn 0.943887 0.008158 -0.330169
vn 0.999978 0.006489 -0.001148
vn 0.999717 0.023444 0.003930
vn 0.898846 0.012005 0.438101
vn 0.707016 0.015991 0.707016
vn 0.679222 0.317377 -0.661762
vn 0.884494 0.329902 -0.329902
vn 0.945038 0.326959 -0.001383
vn 0.896204 0.443638 0.002060
vn 0.855957 0.365607 0.365607
vn 0.653281 0.382683 0.653281
vn 0.587065 0.587065 -0.557412
vn 0.682272 0.682272 -0.262698
vn 0.707107 0.707107 -0.000584
vn 0.707104 0.707104 0.002812
vn 0.653281 0.653281 0.382683
vn 0.577350 0.577350 0.577350
vn -0.577350 -0.577350 -0.577350
vn -0.357175 -0.693330 -0.625875
vn -0.074287 -0.761511 -0.643881
vn 0.021707 -0.766645 -0.641704
vn 0.245207 -0.734063 -0.633265
vn 0.540983 -0.616455 -0.572120
vn -0.625875 -0.693330 -0.357175
vn -0.268668 -0.925005 -0.268668
vn -0.052517 -0.956536 -0.286848
vn 0.038225 -0.968108 -0.247599
vn 0.250258 -0.935276 -0.250258
vn 0.611551 -0.731152 -0.302363
vn -0.641979 -0.766718 -0.002459
vn -0.319023 -0.947746 -0.001481
vn -0.078490 -0.996913 -0.001824
vn 0.031743 -0.999495 -0.001084
vn 0.229010 -0.973424 -0.000969
vn 0.579817 -0.814746 -0.001252
vn -0.641855 -0.766826 0.000480
vn -0.229010 -0.973424 0.000969
vn -0.031743 -0.999495 0.001084
vn 0.078490 -0.996913 0.001824
vn 0.319023 -0.947746 0.001481
vn 0.698716 -0.715398 0.001033
vn -0.633265 -0.734063 0.245207
vn -0.250258 -0.935276 0.250258
vn -0.038225 -0.968108 0.247599
vn 0.052517 -0.956536 0.286848
vn 0.268668 -0.925005 0.268668
vn 0.649843 -0.702291 0.290675
vn -0.572120 -0.616455 0.540983
vn -0.302363 -0.731152 0.611551
vn -0.048316 -0.781785 0.621673
vn 0.040439 -0.747184 0.663386
vn 0.290675 -0.702291 0.649843
vn 0.587065 -0.557412 0.587065
vn -0.587065 0.557412 -0.587065
vn -0.317377 0.661762 -0.679222
vn -0.051696 0.693171 -0.718917
vn 0.051696 0.718917 -0.693171
vn 0.317377 0.679222 -0.661762
vn 0.587065 0.587065 -0.557412
vn -0.679222 0.661762 -0.317377
vn -0.365607 0.855957 -0.365607
vn -0.073674 0.912490 -0.402410
vn 0.054268 0.934607 -0.351517
vn 0.329902 0.884494 -0.329902
vn 0.682272 0.682272 -0.262698
vn -0.743653 0.668565 -0.001330
vn -0.443638 0.896204 -0.002060
vn -0.115014 0.993360 -0.002673
vn 0.046654 0.998910 -0.001593
vn 0.326959 0.945038 -0.001383
vn 0.707107 0.707107 -0.000584
vn -0.668565 0.743653 0.001330
vn -0.326959 0.945038 0.001383
vn -0.046654 0.998910 0.001593
vn 0.115014 0.993360 0.002673
vn 0.443638 0.896204 0.002060
vn 0.707104 0.707104 0.002812
vn -0.661762 0.679222 0.317377
vn -0.329902 0.884494 0.329902
vn -0.054268 0.934607 0.351517
vn 0.073674 0.912490 0.402410
vn 0.365607 0.855957 0.365607
vn 0.653281 0.653281 0.382683
vn -0.557412 0.587065 0.587065
vn -0.262698 0.682272 0.682272
vn -0.026387 0.706861 0.706861
vn 0.085213 0.704535 0.704535
vn 0.382683 0.653281 0.653281
vn 0.577350 0.577350 0.577350
vn -0.577350 -0.577350 -0.577350
vn -0.653281 -0.382683 -0.653281
vn -0.707016 -0.015991 -0.707016
vn -0.707102 0.003501 -0.707102
vn -0.682272 0.262698 -0.682272
vn -0.587065 0.557412 -0.587065
vn -0.357175 -0.693330 -0.625875
vn -0.363891 -0.368091 -0.855624
vn -0.438101 -0.012005 -0.898846
vn -0.330169 0.008158 -0.943887
vn -0.329902 0.329902 -0.884494
vn -0.317377 0.661762 -0.679222
vn -0.074287 -0.761511 -0.643881
vn -0.074320 -0.409707 -0.909185
vn -0.111254 -0.015426 -0.993672
vn -0.048661 0.009391 -0.998771
vn -0.054268 0.351517 -0.934607
vn -0.051696 0.693171 -0.718917
vn 0.021707 -0.766645 -0.641704
vn 0.052869 -0.355060 -0.933348
vn 0.048661 -0.009391 -0.998771
vn 0.111254 0.015426 -0.993672
vn 0.073674 0.402410 -0.912490
vn 0.051696 0.718917 -0.693171
vn 0.245207 -0.734063 -0.633265
vn 0.329902 -0.329902 -0.884494
vn 0.330169 -0.008158 -0.943887
vn 0.438101 0.012005 -0.898846
vn 0.365607 0.365607 -0.855957
vn 0.317377 0.679222 -0.661762
vn 0.540983 -0.616455 -0.572120
vn 0.661762 -0.317377 -0.679222
vn 0.671885 -0.007837 -0.740614
vn 0.740614 0.007837 -0.671885
vn 0.679222 0.317377 -0.661762
vn 0.587065 0.587065 -0.557412
vn -0.572120 -0.616455 0.540983
vn -0.679222 -0.317377 0.661762
vn -0.740614 -0.007837 0.671885
vn -0.671885 0.007837 0.740614
vn -0.661762 0.317377 0.679222
vn -0.557412 0.587065 0.587065
vn -0.302363 -0.731152 0.611551
vn -0.363891 -0.368091 0.855624
vn -0.438101 -0.012005 0.898846
vn -0.330169 0.008158 0.943887
vn -0.329902 0.329902 0.884494
vn -0.262698 0.682272 0.682272
vn -0.048316 -0.781785 0.621673
vn -0.074320 -0.409707 0.909185
vn -0.111254 -0.015426 0.993672
vn -0.048661 0.009391 0.998771
vn -0.054268 0.351517 0.934607
vn -0.026387 0.706861 0.706861
vn 0.040439 -0.747184 0.663386
vn 0.052869 -0.355060 0.933348
vn 0.048661 -0.009391 0.998771
vn 0.111254 0.015426 0.993672
vn 0.073674 0.402410 0.912490
vn 0.085213 0.704535 0.704535
vn 0.290675 -0.702291 0.649843
vn 0.329902 -0.329902 0.884494
vn 0.330169 -0.008158 0.943887
vn 0.438101 0.012005 0.898846
vn 0.365607 0.365607 0.855957
vn 0.382683 0.653281 0.653281
vn 0.587065 -0.557412 0.587065
vn 0.682272 -0.262698 0.682272
vn 0.707102 -0.003501 0.707102
vn 0.707016 0.015991 0.707016
vn 0.653281 0.382683 0.653281
vn 0.577350 0.577350 0.577350
vn -0.577350 -0.577350 -0.577350
vn -0.625875 -0.693330 -0.357175
vn -0.643881 -0.761511 -0.074287
vn -0.641704 -0.766645 0.021707
vn -0.633265 -0.734063 0.245207
vn -0.572120 -0.616455 0.540983
vn -0.653281 -0.382683 -0.653281
vn -0.855624 -0.368091 -0.363891
vn -0.909185 -0.409707 -0.074320
vn -0.933348 -0.355060 0.052869
vn -0.884494 -0.329902 0.329902
vn -0.679222 -0.317377 0.661762
vn -0.707016 -0.015991 -0.707016
vn -0.898846 -0.012005 -0.438101
vn -0.993672 -0.015426 -0.111254
vn -0.998771 -0.009391 0.048661
vn -0.943887 -0.008158 0.330169
vn -0.740614 -0.007837 0.671885
vn -0.707102 0.003501 -0.707102
vn -0.943887 0.008158 -0.330169
vn -0.998771 0.009391 -0.048661
vn -0.993672 0.015426 0.111254
vn -0.898846 0.012005 0.438101
vn -0.671885 0.007837 0.740614
vn -0.682272 0.262698 -0.682272
vn -0.884494 0.329902 -0.329902
vn -0.934607 0.351517 -0.054268
vn -0.912490 0.402410 0.073674
vn -0.855957 0.365607 0.365607
vn -0.661762 0.317377 0.679222
vn -0.587065 0.557412 -0.587065
vn -0.679222 0.661762 -0.317377
vn -0.718917 0.693171 -0.051696
vn -0.693171 0.718917 0.051696
vn -0.661762 0.679222 0.317377
vn -0.557412 0.587065 0.587065
vn 0.540983 -0.616455 -0.572120
vn 0.611551 -0.731152 -0.302363
vn 0.621673 -0.781785 -0.048316
vn 0.663386 -0.747184 0.040439
vn 0.649843 -0.702291 0.290675
vn 0.587065 -0.557412 0.587065
vn 0.661762 -0.317377 -0.679222
vn 0.855624 -0.368091 -0.363891
vn 0.909185 -0.409707 -0.074320
vn 0.933348 -0.355060 0.052869
vn 0.884494 -0.329902 0.329902
vn 0.682272 -0.262698 0.682272
vn 0.671885 -0.007837 -0.740614
vn 0.898846 -0.012005 -0.438101
vn 0.993672 -0.015426 -0.111254
vn 0.998771 -0.009391 0.048661
vn 0.943887 -0.008158 0.330169
vn 0.707102 -0.003501 0.707102
vn 0.740614 0.007837 -0.671885
vn 0.943887 0.008158 -0.330169
vn 0.998771 0.009391 -0.048661
vn 0.993672 0.015426 0.111254
vn 0.898846 0.012005 0.438101
vn 0.707016 0.015991 0.707016
vn 0.679222 0.317377 -0.661762
vn 0.884494 0.329902 -0.329902
vn 0.934607 0.351517 -0.054268
vn 0.912490 0.402410 0.073674
vn 0.855957 0.365607 0.365607
vn 0.653281 0.382683 0.653281
vn 0.587065 0.587065 -0.557412
vn 0.682272 0.682272 -0.262698
vn 0.706861 0.706861 -0.026387
vn 0.704535 0.704535 0.085213
vn 0.653281 0.653281 0.382683
vn 0.577350 0.577350 0.577350
vn -0.577350 -0.577350 -0.577350
vn -0.357175 -0.693330 -0.625875
vn -0.002502 -0.766716 -0.641981
vn 0.000488 -0.766826 -0.641855
vn 0.245207 -0.734063 -0.633265
vn 0.540983 -0.616455 -0.572120
vn -0.625875 -0.693330 -0.357175
vn -0.268668 -0.925005 -0.268668
vn -0.001507 -0.947751 -0.319008
vn 0.000985 -0.973422 -0.229019
vn 0.250258 -0.935276 -0.250258
vn 0.611551 -0.731152 -0.302363
vn -0.643881 -0.761511 -0.074287
vn -0.286848 -0.956536 -0.052517
vn -0.001856 -0.996914 -0.078480
vn 0.001103 -0.999495 -0.031748
vn 0.247599 -0.968108 -0.038225
vn 0.621673 -0.781785 -0.048316
vn -0.641704 -0.766645 0.021707
vn -0.247599 -0.968108 0.038225
vn -0.001103 -0.999495 0.031748
vn 0.001856 -0.996914 0.078480
vn 0.286848 -0.956536 0.052517
vn 0.663386 -0.747184 0.040439
vn -0.633265 -0.734063 0.245207
vn -0.250258 -0.935276 0.250258
vn -0.000985 -0.973422 0.229019
vn 0.001507 -0.947751 0.319008
vn 0.268668 -0.925005 0.268668
vn 0.649843 -0.702291 0.290675
vn -0.572120 -0.616455 0.540983
vn -0.302363 -0.731152 0.611551
vn -0.001274 -0.814732 0.579837
vn 0.001051 -0.715413 0.698701
vn 0.290675 -0.702291 0.649843
vn 0.587065 -0.557412 0.587065
vn -0.587065 0.557412 -0.587065
vn -0.317377 0.661762 -0.679222
vn -0.001353 0.668577 -0.743642
vn 0.001353 0.743642 -0.668577
vn 0.317377 0.679222 -0.661762
vn 0.587065 0.587065 -0.557412
vn -0.679222 0.661762 -0.317377
vn -0.365607 0.855957 -0.365607
vn -0.002095 0.896213 -0.443618
vn 0.001407 0.945034 -0.326970
vn 0.329902 0.884494 -0.329902
vn 0.682272 0.682272 -0.262698
vn -0.718917 0.693171 -0.051696
vn -0.402410 0.912490 -0.073674
vn -0.002719 0.993362 -0.115001
vn 0.001620 0.998909 -0.046661
vn 0.351517 0.934607 -0.054268
vn 0.706861 0.706861 -0.026387
vn -0.693171 0.718917 0.051696
vn -0.351517 0.934607 0.054268
vn -0.001620 0.998909 0.046661
vn 0.002719 0.993362 0.115001
vn 0.402410 0.912490 0.073674
vn 0.704535 0.704535 0.085213
vn -0.661762 0.679222 0.317377
vn -0.329902 0.884494 0.329902
vn -0.001407 0.945034 0.326970
vn 0.002095 0.896213 0.443618
vn 0.365607 0.855957 0.365607
vn 0.653281 0.653281 0.382683
vn -0.557412 0.587065 0.587065
vn -0.262698 0.682272 0.682272
vn -0.000594 0.707107 0.707107
vn 0.002860 0.707104 0.707104
vn 0.382683 0.653281 0.653281
vn 0.577350 0.577350 0.577350
vn -0.577350 -0.577350 -0.577350
vn -0.653281 -0.382683 -0.653281
vn -0.707016 -0.015991 -0.707016
vn -0.707102 0.003501 -0.707102
vn -0.682272 0.262698 -0.682272
vn -0.587065 0.557412 -0.587065
vn -0.357175 -0.693330 -0.625875
vn -0.363891 -0.368091 -0.855624
vn -0.438101 -0.012005 -0.898846
vn -0.330169 0.008158 -0.943887
vn -0.329902 0.329902 -0.884494
vn -0.317377 0.661762 -0.679222
vn -0.002502 -0.766716 -0.641981
vn -0.002121 -0.453280 -0.891366
vn -0.003997 -0.023439 -0.999717
vn -0.001168 0.006490 -0.999978
vn -0.001407 0.326970 -0.945034
vn -0.001353 0.668577 -0.743642
vn 0.000488 -0.766826 -0.641855
vn 0.001370 -0.330276 -0.943883
vn 0.001168 -0.006490 -0.999978
vn 0.003997 0.023439 -0.999717
vn 0.002095 0.443618 -0.896213
vn 0.001353 0.743642 -0.668577
vn 0.245207 -0.734063 -0.633265
vn 0.329902 -0.329902 -0.884494
vn 0.330169 -0.008158 -0.943887
vn 0.438101 0.012005 -0.898846
vn 0.365607 0.365607 -0.855957
vn 0.317377 0.679222 -0.661762
vn 0.540983 -0.616455 -0.572120
vn 0.661762 -0.317377 -0.679222
vn 0.671885 -0.007837 -0.740614
vn 0.740614 0.007837 -0.671885
vn 0.679222 0.317377 -0.661762
vn 0.587065 0.587065 -0.557412
vn -0.572120 -0.616455 0.540983
vn -0.679222 -0.317377 0.661762
vn -0.740614 -0.007837 0.671885
vn -0.671885 0.007837 0.740614
vn -0.661762 0.317377 0.679222
vn -0.557412 0.587065 0.587065
vn -0.302363 -0.731152 0.611551
vn -0.363891 -0.368091 0.855624
vn -0.438101 -0.012005 0.898846
vn -0.330169 0.008158 0.943887
vn -0.329902 0.329902 0.884494
vn -0.262698 0.682272 0.682272
vn -0.001274 -0.814732 0.579837
vn -0.002121 -0.453280 0.891366
vn -0.003997 -0.023439 0.999717
vn -0.001168 0.006490 0.999978
vn -0.001407 0.326970 0.945034
vn -0.000594 0.707107 0.707107
vn 0.001051 -0.715413 0.698701
vn 0.001370 -0.330276 0.943883
vn 0.001168 -0.006490 0.999978
vn 0.003997 0.023439 0.999717
vn 0.002095 0.443618 0.896213
vn 0.002860 0.707104 0.707104
vn 0.290675 -0.702291 0.649843
vn 0.329902 -0.329902 0.884494
vn 0.330169 -0.008158 0.943887
vn 0.438101 0.012005 0.898846
vn 0.365607 0.365607 0.855957
vn 0.382683 0.653281 0.653281
vn 0.587065 -0.557412 0.587065
vn 0.682272 -0.262698 0.682272
vn 0.707102 -0.003501 0.707102
vn 0.707016 0.015991 0.707016
vn 0.653281 0.382683 0.653281
vn 0.577350 0.577350 0.577350
vn -0.577350 -0.577350 -0.577350
vn -0.625875 -0.693330 -0.357175
vn -0.643881 -0.761511 -0.074287
vn -0.641704 -0.766645 0.021707
vn -0.633265 -0.734063 0.245207
vn -0.572120 -0.616455 0.540983
vn -0.653281 -0.382683 -0.653281
vn -0.855624 -0.368091 -0.363891
vn -0.909185 -0.409707 -0.074320
vn -0.933348 -0.355060 0.052869
vn -0.884494 -0.329902 0.329902
vn -0.679222 -0.317377 0.661762
vn -0.707016 -0.015991 -0.707016
vn -0.898846 -0.012005 -0.438101
vn -0.993672 -0.015426 -0.111254
vn -0.998771 -0.009391 0.048661
vn -0.943887 -0.008158 0.330169
vn -0.740614 -0.007837 0.671885
vn -0.707102 0.003501 -0.707102
vn -0.943887 0.008158 -0.330169
vn -0.998771 0.009391 -0.048661
vn -0.993672 0.015426 0.111254
vn -0.898846 0.012005 0.438101
vn -0.671885 0.007837 0.740614
vn -0.682272 0.262698 -0.682272
vn -0.884494 0.329902 -0.329902
vn -0.934607 0.351517 -0.054268
vn -0.912490 0.402410 0.073674
vn -0.855957 0.365607 0.365607
vn -0.661762 0.317377 0.679222
vn -0.587065 0.557412 -0.587065
vn -0.679222 0.661762 -0.317377
vn -0.718917 0.693171 -0.051696
vn -0.693171 0.718917 0.051696
vn -0.661762 0.679222 0.317377
vn -0.557412 0.587065 0.587065
vn 0.540983 -0.616455 -0.572120
vn 0.611551 -0.731152 -0.302363
vn 0.621673 -0.781785 -0.048316
vn 0.663386 -0.747184 0.040439
vn 0.649843 -0.702291 0.290675
vn 0.587065 -0.557412 0.587065
vn 0.661762 -0.317377 -0.679222
vn 0.855624 -0.368091 -0.363891
vn 0.909185 -0.409707 -0.074320
vn 0.933348 -0.355060 0.052869
vn 0.884494 -0.329902 0.329902
vn 0.682272 -0.262698 0.682272
vn 0.671885 -0.007837 -0.740614
vn 0.898846 -0.012005 -0.438101
vn 0.993672 -0.015426 -0.111254
vn 0.998771 -0.009391 0.048661
vn 0.943887 -0.008158 0.330169
vn 0.707102 -0.003501 0.707102
vn 0.740614 0.007837 -0.671885
vn 0.943887 0.008158 -0.330169
vn 0.998771 0.009391 -0.048661
vn 0.993672 0.015426 0.111254
vn 0.898846 0.012005 0.438101
vn 0.707016 0.015991 0.707016
vn 0.679222 0.317377 -0.661762
vn 0.884494 0.329902 -0.329902
vn 0.934607 0.351517 -0.054268
vn 0.912490 0.402410 0.073674
vn 0.855957 0.365607 0.365607
vn 0.653281 0.382683 0.653281
vn 0.587065 0.587065 -0.557412
vn 0.682272 0.682272 -0.262698
vn 0.706861 0.706861 -0.026387
vn 0.704535 0.704535 0.085213
vn 0.653281 0.653281 0.382683
vn 0.577350 0.577350 0.577350
vn -0.577350 -0.577350 -0.577350
vn -0.357175 -0.693330 -0.625875
vn -0.002502 -0.766716 -0.641981
vn 0.000488 -0.766826 -0.641855
vn 0.245207 -0.734063 -0.633265
vn 0.540983 -0.616455 -0.572120
vn -0.625875 -0.693330 -0.357175
vn -0.268668 -0.925005 -0.268668
vn -0.001507 -0.947751 -0.319008
vn 0.000985 -0.973422 -0.229019
vn 0.250258 -0.935276 -0.250258
vn 0.611551 -0.731152 -0.302363
vn -0.643881 -0.761511 -0.074287
vn -0.286848 -0.956536 -0.052517
vn -0.001856 -0.996914 -0.078480
vn 0.001103 -0.999495 -0.031748
vn 0.247599 -0.968108 -0.038225
vn 0.621673 -0.781785 -0.048316
vn -0.641704 -0.766645 0.021707
vn -0.247599 -0.968108 0.038225
vn -0.001103 -0.999495 0.031748
vn 0.001856 -0.996914 0.078480
vn 0.286848 -0.956536 0.052517
vn 0.663386 -0.747184 0.040439
vn -0.633265 -0.734063 0.245207
vn -0.250258 -0.935276 0.250258
vn -0.000985 -0.973422 0.229019
vn 0.001507 -0.947751 0.319008
vn 0.268668 -0.925005 0.268668
vn 0.649843 -0.702291 0.290675
vn -0.572120 -0.616455 0.540983
vn -0.302363 -0.731152 0.611551
vn -0.001274 -0.814732 0.579837
vn 0.001051 -0.715413 0.698701
vn 0.290675 -0.702291 0.649843
vn 0.587065 -0.557412 0.587065
vn -0.587065 0.557412 -0.587065
vn -0.317377 0.661762 -0.679222
vn -0.001353 0.668577 -0.743642
vn 0.001353 0.743642 -0.668577
vn 0.317377 0.679222 -0.661762
vn 0.587065 0.587065 -0.557412
vn -0.679222 0.661762 -0.317377
vn -0.365607 0.855957 -0.365607
vn -0.002095 0.896213 -0.443618
vn 0.001407 0.945034 -0.326970
vn 0.329902 0.884494 -0.329902
vn 0.682272 0.682272 -0.262698
vn -0.718917 0.693171 -0.051696
vn -0.402410 0.912490 -0.073674
vn -0.002719 0.993362 -0.115001
vn 0.001620 0.998909 -0.046661
vn 0.351517 0.934607 -0.054268
vn 0.706861 0.706861 -0.026387
vn -0.693171 0.718917 0.051696
vn -0.351517 0.934607 0.054268
vn -0.001620 0.998909 0.046661
vn 0.002719 0.993362 0.115001
vn 0.402410 0.912490 0.073674
vn 0.704535 0.704535 0.085213
vn -0.661762 0.679222 0.317377
vn -0.329902 0.884494 0.329902
vn -0.001407 0.945034 0.326970
vn 0.002095 0.896213 0.443618
vn 0.365607 0.855957 0.365607
vn 0.653281 0.653281 0.382683
vn -0.557412 0.587065 0.587065
vn -0.262698 0.682272 0.682272
vn -0.000594 0.707107 0.707107
vn 0.002860 0.707104 0.707104
vn 0.382683 0.653281 0.653281
vn 0.577350 0.577350 0.577350
vn -0.577350 -0.577350 -0.577350
vn -0.653281 -0.382683 -0.653281
vn -0.707016 -0.015991 -0.707016
vn -0.707102 0.003501 -0.707102
vn -0.682272 0.262698 -0.682272
vn -0.587065 0.557412 -0.587065
vn -0.357175 -0.693330 -0.625875
vn -0.363891 -0.368091 -0.855624
vn -0.438101 -0.012005 -0.898846
vn -0.330169 0.008158 -0.943887
vn -0.329902 0.329902 -0.884494
vn -0.317377 0.661762 -0.679222
vn -0.002502 -0.766716 -0.641981
vn -0.002121 -0.453280 -0.891366
vn -0.003997 -0.023439 -0.999717
vn -0.001168 0.006490 -0.999978
vn -0.001407 0.326970 -0.945034
vn -0.001353 0.668577 -0.743642
vn 0.000488 -0.766826 -0.641855
vn 0.001370 -0.330276 -0.943883
vn 0.001168 -0.006490 -0.999978
vn 0.003997 0.023439 -0.999717
vn 0.002095 0.443618 -0.896213
vn 0.001353 0.743642 -0.668577
vn 0.245207 -0.734063 -0.633265
vn 0.329902 -0.329902 -0.884494
vn 0.330169 -0.008158 -0.943887
vn 0.438101 0.012005 -0.898846
vn 0.365607 0.365607 -0.855957
vn 0.317377 0.679222 -0.661762
vn 0.540983 -0.616455 -0.572120
vn 0.661762 -0.317377 -0.679222
vn 0.671885 -0.007837 -0.740614
vn 0.740614 0.007837 -0.671885
vn 0.679222 0.317377 -0.661762
vn 0.587065 0.587065 -0.557412
vn -0.572120 -0.616455 0.540983
vn -0.679222 -0.317377 0.661762
vn -0.740614 -0.007837 0.671885
vn -0.671885 0.007837 0.740614
vn -0.661762 0.317377 0.679222
vn -0.557412 0.587065 0.587065
vn -0.302363 -0.731152 0.611551
vn -0.363891 -0.368091 0.855624
vn -0.438101 -0.012005 0.898846
vn -0.330169 0.008158 0.943887
vn -0.329902 0.329902 0.884494
vn -0.262698 0.682272 0.682272
vn -0.001274 -0.814732 0.579837
vn -0.002121 -0.453280 0.891366
vn -0.003997 -0.023439 0.999717
vn -0.001168 0.006490 0.999978
vn -0.001407 0.326970 0.945034
vn -0.000594 0.707107 0.707107
vn 0.001051 -0.715413 0.698701
vn 0.001370 -0.330276 0.943883
vn 0.001168 -0.006490 0.999978
vn 0.003997 0.023439 0.999717
vn 0.002095 0.443618 0.896213
vn 0.002860 0.707104 0.707104
vn 0.290675 -0.702291 0.649843
vn 0.329902 -0.329902 0.884494
vn 0.330169 -0.008158 0.943887
vn 0.438101 0.012005 0.898846
vn 0.365607 0.365607 0.855957
vn 0.382683 0.653281 0.653281
vn 0.587065 -0.557412 0.587065
vn 0.682272 -0.262698 0.682272
vn 0.707102 -0.003501 0.707102
vn 0.707016 0.015991 0.707016
vn 0.653281 0.382683 0.653281
vn 0.577350 0.577350 0.577350
f 1628//1628 1633//1633 1627//1627
f 1634//1634 1633//1633 1628//1628
f 1629//1629 1634//1634 1628//1628
f 1635//1635 1634//1634 1629//1629
f 1630//1630 1635//1635 1629//1629
f 1636//1636 1635//1635 1630//1630
f 1631//1631 1636//1636 1630//1630
f 1637//1637 1636//1636 1631//1631
f 1632//1632 1637//1637 1631//1631
f 1638//1638 1637//1637 1632//1632
f 1634//1634 1639//1639 1633//1633
f 1640//1640 1639//1639 1634//1634
f 1635//1635 1640//1640 1634//1634
f 1641//1641 1640//1640 1635//1635
f 1636//1636 1641//1641 1635//1635
f 1642//1642 1641//1641 1636//1636
f 1637//1637 1642//1642 1636//1636
f 1643//1643 1642//1642 1637//1637
f 1638//1638 1643//1643 1637//1637
f 1644//1644 1643//1643 1638//1638
f 1640//1640 1645//1645 1639//1639
f 1646//1646 1645//1645 1640//1640
f 1641//1641 1646//1646 1640//1640
f 1647//1647 1646//1646 1641//1641
f 1642//1642 1647//1647 1641//1641
f 1648//1648 1647//1647 1642//1642
f 1643//1643 1648//1648 1642//1642
f 1649//1649 1648//1648 1643//1643
f 1644//1644 1649//1649 1643//1643
f 1650//1650 1649//1649 1644//1644
f 1646//1646 1651//1651 1645//1645
f 1652//1652 1651//1651 1646//1646
f 1647//1647 1652//1652 1646//1646
f 1653//1653 1652//1652 1647//1647
f 1648//1648 1653//1653 1647//1647
f 1654//1654 1653//1653 1648//1648
f 1649//1649 1654//1654 1648//1648
f 1655//1655 1654//1654 1649//1649
f 1650//1650 1655//1655 1649//1649
f 1656//1656 1655//1655 1650//1650
f 1652//1652 1657//1657 1651//1651
f 1658//1658 1657//1657 1652//1652
f 1653//1653 1658//1658 1652//1652
f 1659//1659 1658//1658 1653//1653
f 1654//1654 1659//1659 1653//1653
f 1660//1660 1659//1659 1654//1654
f 1655//1655 1660//1660 1654//1654
f 1661//1661 1660//1660 1655//1655
f 1656//1656 1661//1661 1655//1655
f 1662//1662 1661//1661 1656//1656
f 1663//1663 1669//1669 1664//1664
f 1664//1664 1669//1669 1670//1670
f 1664//1664 1670//1670 1665//1665
f 1665//1665 1670//1670 1671//1671
f 1665//1665 1671//1671 1666//1666
f 1666//1666 1671//1671 1672//1672
f 1666//1666 1672//1672 1667//1667
f 1667//1667 1672//1672 1673//1673
f 1667//1667 1673//1673 1668//1668
f 1668//1668 1673//1673 1674//1674
f 1669//1669 1675//1675 1670//1670
f 1670//1670 1675//1675 1676//1676
f 1670//1670 1676//1676 1671//1671
f 1671//1671 1676//1676 1677//1677
f 1671//1671 1677//1677 1672//1672
f 1672//1672 1677//1677 1678//1678
f 1672//1672 1678//1678 1673//1673
f 1673//1673 1678//1678 1679//1679
f 1673//1673 1679//1679 1674//1674
f 1674//1674 1679//1679 1680//1680
f 1675//1675 1681//1681 1676//1676
f 1676//1676 1681//1681 1682//1682
f 1676//1676 1682//1682 1677//1677
f 1677//1677 1682//1682 1683//1683
f 1677//1677 1683//1683 1678//1678
f 1678//1678 1683//1683 1684//1684
f 1678//1678 1684//1684 1679//1679
f 1679//1679 1684//1684 1685//1685
f 1679//1679 1685//1685 1680//1680
f 1680//1680 1685//1685 1686//1686
f 1681//1681 1687//1687 1682//1682
f 1682//1682 1687//1687 1688//1688
f 1682//1682 1688//1688 1683//1683
f 1683//1683 1688//1688 1689//1689
f 1683//1683 1689//1689 1684//1684
f 1684//1684 1689//1689 1690//1690
f 1684//1684 1690//1690 1685//1685
f 1685//1685 1690//1690 1691//1691
f 1685//1685 1691//1691 1686//1686
f 1686//1686 1691//1691 1692//1692
f 1687//1687 1693//1693 1688//1688
f 1688//1688 1693//1693 1694//1694
f 1688//1688 1694//1694 1689//1689
f 1689//1689 1694//1694 1695//1695
f 1689//1689 1695//1695 1690//1690
f 1690//1690 1695//1695 1696//1696
f 1690//1690 1696//1696 1691//1691
f 1691//1691 1696//1696 1697//1697
f 1691//1691 1697//1697 1692//1692
f 1692//1692 1697//1697 1698//1698
f 1700//1700 1705//1705 1699//1699
f 1706//1706 1705//1705 1700//1700
f 1701//1701 1706//1706 1700//1700
f 1707//1707 1706//1706 1701//1701
f 1702//1702 1707//1707 1701//1701
f 1708//1708 1707//1707 1702//1702
f 1703//1703 1708//1708 1702//1702
f 1709//1709 1708//1708 1703//1703
f 1704//1704 1709//1709 1703//1703
f 1710//1710 1709//1709 1704//1704
f 1706//1706 1711//1711 1705//1705
f 1712//1712 1711//1711 1706//1706
f 1707//1707 1712//1712 1706//1706
f 1713//1713 1712//1712 1707//1707
f 1708//1708 1713//1713 1707//1707
f 1714//1714 1713//1713 1708//1708
f 1709//1709 1714//1714 1708//1708
f 1715//1715 1714//1714 1709//1709
f 1710//1710 1715//1715 1709//1709
f 1716//1716 1715//1715 1710//1710
f 1712//1712 1717//1717 1711//1711
f 1718//1718 1717//1717 1712//1712
f 1713//1713 1718//1718 1712//1712
f 1719//1719 1718//1718 1713//1713
f 1714//1714 1719//1719 1713//1713
f 1720//1720 1719//1719 1714//1714
f 1715//1715 1720//1720 1714//1714
f 1721//1721 1720//1720 1715//1715
f 1716//1716 1721//1721 1715//1715
f 1722//1722 1721//1721 1716//1716
f 1718//1718 1723//1723 1717//1717
f 1724//1724 1723//1723 1718//1718
f 1719//1719 1724//1724 1718//1718
f 1725//1725 1724//1724 1719//1719
f 1720//1720 1725//1725 1719//1719
f 1726//1726 1725//1725 1720//1720
f 1721//1721 1726//1726 1720//1720
f 1727//1727 1726//1726 1721//1721
f 1722//1722 1727//1727 1721//1721
f 1728//1728 1727//1727 1722//1722
f 1724//1724 1729//1729 1723//1723
f 1730//1730 1729//1729 1724//1724
f 1725//1725 1730//1730 1724//1724
f 1731//1731 1730//1730 1725//1725
f 1726//1726 1731//1731 1725//1725
f 1732//1732 1731//1731 1726//1726
f 1727//1727 1732//1732 1726//1726
f 1733//1733 1732//1732 1727//1727
f 1728//1728 1733//1733 1727//1727
f 1734//1734 1733//1733 1728//1728
f 1735//1735 1741//1741 1736//1736
f 1736//1736 1741//1741 1742//1742
f 1736//1736 1742//1742 1737//1737
f 1737//1737 1742//1742 1743//1743
f 1737//1737 1743//1743 1738//1738
f 1738//1738 1743//1743 1744//1744
f 1738//1738 1744//1744 1739//1739
f 1739//1739 1744//1744 1745//1745
f 1739//1739 1745//1745 1740//1740
f 1740//1740 1745//1745 1746//1746
f 1741//1741 1747//1747 1742//1742
f 1742//1742 1747//1747 1748//1748
f 1742//1742 1748//1748 1743//1743
f 1743//1743 1748//1748 1749//1749
f 1743//1743 1749//1749 1744//1744
f 1744//1744 1749//1749 1750//1750
f 1744//1744 1750//1750 1745//1745
f 1745//1745 1750//1750 1751//1751
f 1745//1745 1751//1751 1746//1746
f 1746//1746 1751//1751 1752//1752
f 1747//1747 1753//1753 1748//1748
f 1748//1748 1753//1753 1754//1754
f 1748//1748 1754//1754 1749//1749
f 1749//1749 1754//1754 1755//1755
f 1749//1749 1755//1755 1750//1750
f 1750//1750 1755//1755 1756//1756
f 1750//1750 1756//1756 1751//1751
f 1751//1751 1756//1756 1757//1757
f 1751//1751 1757//1757 1752//1752
f 1752//1752 1757//1757 1758//1758
f 1753//1753 1759//1759 1754//1754
f 1754//1754 1759//1759 1760//1760
f 1754//1754 1760//1760 1755//1755
f 1755//1755 1760//1760 1761//1761
f 1755//1755 1761//1761 1756//1756
f 1756//1756 1761//1761 1762//1762
f 1756//1756 1762//1762 1757//1757
f 1757//1757 1762//1762 1763//1763
f 1757//1757 1763//1763 1758//1758
f 1758//1758 1763//1763 1764//1764
f 1759//1759 1765//1765 1760//1760
f 1760//1760 1765//1765 1766//1766
f 1760//1760 1766//1766 1761//1761
f 1761//1761 1766//1766 1767//1767
f 1761//1761 1767//1767 1762//1762
f 1762//1762 1767//1767 1768//1768
f 1762//1762 1768//1768 1763//1763
f 1763//1763 1768//1768 1769//1769
f 1763//1763 1769//1769 1764//1764
f 1764//1764 1769//1769 1770//1770
f 1772//1772 1777//1777 1771//1771
f 1778//1778 1777//1777 1772//1772
f 1773//1773 1778//1778 1772//1772
f 1779//1779 1778//1778 1773//1773
f 1774//1774 1779//1779 1773//1773
f 1780//1780 1779//1779 1774//1774
f 1775//1775 1780//1780 1774//1774
f 1781//1781 1780//1780 1775//1775
f 1776//1776 1781//1781 1775//1775
f 1782//1782 1781//1781 1776//1776
f 1778//1778 1783//1783 1777//1777
f 1784//1784 1783//1783 1778//1778
f 1779//1779 1784//1784 1778//1778
f 1785//1785 1784//1784 1779//1779
f 1780//1780 1785//1785 1779//1779
f 1786//1786 1785//1785 1780//1780
f 1781//1781 1786//1786 1780//1780
f 1787//1787 1786//1786 1781//1781
f 1782//1782 1787//1787 1781//1781
f 1788//1788 1787//1787 1782//1782
f 1784//1784 1789//1789 1783//1783
f 1790//1790 1789//1789 1784//1784
f 1785//1785 1790//1790 1784//1784
f 1791//1791 1790//1790 1785//1785
f 1786//1786 1791//1791 1785//1785
f 1792//1792 1791//1791 1786//1786
f 1787//1787 1792//1792 1786//1786
f 1793//1793 1792//1792 1787//1787
f 1788//1788 1793//1793 1787//1787
f 1794//1794 1793//1793 1788//1788
f 1790//1790 1795//1795 1789//1789
f 1796//1796 1795//1795 1790//1790
f 1791//1791 1796//1796 1790//1790
f 1797//1797 1796//1796 1791//1791
f 1792//1792 1797//1797 1791//1791
f 1798//1798 1797//1797 1792//1792
f 1793//1793 1798//1798 1792//1792
f 1799//1799 1798//1798 1793//1793
f 1794//1794 1799//1799 1793//1793
f 1800//1800 1799//1799 1794//1794
f 1796//1796 1801//1801 1795//1795
f 1802//1802 1801//1801 1796//1796
f 1797//1797 1802//1802 1796//1796
f 1803//1803 1802//1802 1797//1797
f 1798//1798 1803//1803 1797//1797
f 1804//1804 1803//1803 1798//1798
f 1799//1799 1804//1804 1798//1798
f 1805//1805 1804//1804 1799//1799
f 1800//1800 1805//1805 1799//1799
f 1806//1806 1805//1805 1800//1800
f 1807//1807 1813//1813 1808//1808
f 1808//1808 1813//1813 1814//1814
f 1808//1808 1814//1814 1809//1809
f 1809//1809 1814//1814 1815//1815
f 1809//1809 1815//1815 1810//1810
f 1810//1810 1815//1815 1816//1816
f 1810//1810 1816//1816 1811//1811
f 1811//1811 1816//1816 1817//1817
f 1811//1811 1817//1817 1812//1812
f 1812//1812 1817//1817 1818//1818
f 1813//1813 1819//1819 1814//1814
f 1814//1814 1819//1819 1820//1820
f 1814//1814 1820//1820 1815//1815
f 1815//1815 1820//1820 1821//1821
f 1815//1815 1821//1821 1816//1816
f 1816//1816 1821//1821 1822//1822
f 1816//1816 1822//1822 1817//1817
f 1817//1817 1822//1822 1823//1823
f 1817//1817 1823//1823 1818//1818
f 1818//1818 1823//1823 1824//1824
f 1819//1819 1825//1825 1820//1820
f 1820//1820 1825//1825 1826//1826
f 1820//1820 1826//1826 1821//1821
f 1821//1821 1826//1826 1827//1827
f 1821//1821 1827//1827 1822//1822
f 1822//1822 1827//1827 1828//1828
f 1822//1822 1828//1828 1823//1823
f 1823//1823 1828//1828 1829//1829
f 1823//1823 1829//1829 1824//1824
f 1824//1824 1829//1829 1830//1830
f 1825//1825 1831//1831 1826//1826
f 1826//1826 1831//1831 1832//1832
f 1826//1826 1832//1832 1827//1827
f 1827//1827 1832//1832 1833//1833
f 1827//1827 1833//1833 1828//1828
f 1828//1828 1833//1833 1834//1834
f 1828//1828 1834//1834 1829//1829
f 1829//1829 1834//1834 1835//1835
f 1829//1829 1835//1835 1830//1830
f 1830//1830 1835//1835 1836//1836
f 1831//1831 1837//1837 1832//1832
f 1832//1832 1837//1837 1838//1838
f 1832//1832 1838//1838 1833//1833
f 1833//1833 1838//1838 1839//1839
f 1833//1833 1839//1839 1834//1834
f 1834//1834 1839//1839 1840//1840
f 1834//1834 1840//1840 1835//1835
f 1835//1835 1840//1840 1841//1841
f 1835//1835 1841//1841 1836//1836
f 1836//1836 1841//1841 1842//1842
f 1844//1844 1849//1849 1843//1843
f 1850//1850 1849//1849 1844//1844
f 1845//1845 1850//1850 1844//1844
f 1851//1851 1850//1850 1845//1845
f 1846//1846 1851//1851 1845//1845
f 1852//1852 1851//1851 1846//1846
f 1847//1847 1852//1852 1846//1846
f 1853//1853 1852//1852 1847//1847
f 1848//1848 1853//1853 1847//1847
f 1854//1854 1853//1853 1848//1848
f 1850//1850 1855//1855 1849//1849
f 1856//1856 1855//1855 1850//1850
f 1851//1851 1856//1856 1850//1850
f 1857//1857 1856//1856 1851//1851
f 1852//1852 1857//1857 1851//1851
f 1858//1858 1857//1857 1852//1852
f 1853//1853 1858//1858 1852//1852
f 1859//1859 1858//1858 1853//1853
f 1854//1854 1859//1859 1853//1853
f 1860//1860 1859//1859 1854//1854
f 1856//1856 1861//1861 1855//1855
f 1862//1862 1861//1861 1856//1856
f 1857//1857 1862//1862 1856//1856
f 1863//1863 1862//1862 1857//1857
f 1858//1858 1863//1863 1857//1857
f 1864//1864 1863//1863 1858//1858
f 1859//1859 1864//1864 1858//1858
f 1865//1865 1864//1864 1859//1859
f 1860//1860 1865//1865 1859//1859
f 1866//1866 1865//1865 1860//1860
f 1862//1862 1867//1867 1861//1861
f 1868//1868 1867//1867 1862//1862
f 1863//1863 1868//1868 1862//1862
f 1869//1869 1868//1868 1863//1863
f 1864//1864 1869//1869 1863//1863
f 1870//1870 1869//1869 1864//1864
f 1865//1865 1870//1870 1864//1864
f 1871//1871 1870//1870 1865//1865
f 1866//1866 1871//1871 1865//1865
f 1872//1872 1871//1871 1866//1866
f 1868//1868 1873//1873 1867//1867
f 1874//1874 1873//1873 1868//1868
f 1869//1869 1874//1874 1868//1868
f 1875//1875 1874//1874 1869//1869
f 1870//1870 1875//1875 1869//1869
f 1876//1876 1875//1875 1870//1870
f 1871//1871 1876//1876 1870//1870
f 1877//1877 1876//1876 1871//1871
f 1872//1872 1877//1877 1871//1871
f 1878//1878 1877//1877 1872//1872
f 1879//1879 1885//1885 1880//1880
f 1880//1880 1885//1885 1886//1886
f 1880//1880 1886//1886 1881//1881
f 1881//1881 1886//1886 1887//1887
f 1881//1881 1887//1887 1882//1882
f 1882//1882 1887//1887 1888//1888
f 1882//1882 1888//1888 1883//1883
f 1883//1883 1888//1888 1889//1889
f 1883//1883 1889//1889 1884//1884
f 1884//1884 1889//1889 1890//1890
f 1885//1885 1891//1891 1886//1886
f 1886//1886 1891//1891 1892//1892
f 1886//1886 1892//1892 1887//1887
f 1887//1887 1892//1892 1893//1893
f 1887//1887 1893//1893 1888//1888
f 1888//1888 1893//1893 1894//1894
f 1888//1888 1894//1894 1889//1889
f 1889//1889 1894//1894 1895//1895
f 1889//1889 1895//1895 1890//1890
f 1890//1890 1895//1895 1896//1896
f 1891//1891 1897//1897 1892//1892
f 1892//1892 1897//1897 1898//1898
f 1892//1892 1898//1898 1893//1893
f 1893//1893 1898//1898 1899//1899
f 1893//1893 1899//1899 1894//1894
f 1894//1894 1899//1899 1900//1900
f 1894//1894 1900//1900 1895//1895
f 1895//1895 1900//1900 1901//1901
f 1895//1895 1901//1901 1896//1896
f 1896//1896 1901//1901 1902//1902
f 1897//1897 1903//1903 1898//1898
f 1898//1898 1903//1903 1904//1904
f 1898//1898 1904//1904 1899//1899
f 1899//1899 1904//1904 1905//1905
f 1899//1899 1905//1905 1900//1900
f 1900//1900 1905//1905 1906//1906
f 1900//1900 1906//1906 1901//1901
f 1901//1901 1906//1906 1907//1907
f 1901//1901 1907//1907 1902//1902
f 1902//1902 1907//1907 1908//1908
f 1903//1903 1909//1909 1904//1904
f 1904//1904 1909//1909 1910//1910
f 1904//1904 1910//1910 1905//1905
f 1905//1905 1910//1910 1911//1911
f 1905//1905 1911//1911 1906//1906
f 1906//1906 1911//1911 1912//1912
f 1906//1906 1912//1912 1907//1907
f 1907//1907 1912//1912 1913//1913
f 1907//1907 1913//1913 1908//1908
f 1908//1908 1913//1913 1914//1914
f 1916//1916 1921//1921 1915//1915
f 1922//1922 1921//1921 1916//1916
f 1917//1917 1922//1922 1916//1916
f 1923//1923 1922//1922 1917//1917
f 1918//1918 1923//1923 1917//1917
f 1924//1924 1923//1923 1918//1918
f 1919//1919 1924//1924 1918//1918
f 1925//1925 1924//1924 1919//1919
f 1920//1920 1925//1925 1919//1919
f 1926//1926 1925//1925 1920//1920
f 1922//1922 1927//1927 1921//1921
f 1928//1928 1927//1927 1922//1922
f 1923//1923 1928//1928 1922//1922
f 1929//1929 1928//1928 1923//1923
f 1924//1924 1929//1929 1923//1923
f 1930//1930 1929//1929 1924//1924
f 1925//1925 1930//1930 1924//1924
f 1931//1931 1930//1930 1925//1925
f 1926//1926 1931//1931 1925//1925
f 1932//1932 1931//1931 1926//1926
f 1928//1928 1933//1933 1927//1927
f 1934//1934 1933//1933 1928//1928
f 1929//1929 1934//1934 1928//1928
f 1935//1935 1934//1934 1929//1929
f 1930//1930 1935//1935 1929//1929
f 1936//1936 1935//1935 1930//1930
f 1931//1931 1936//1936 1930//1930
f 1937//1937 1936//1936 1931//1931
f 1932//1932 1937//1937 1931//1931
f 1938//1938 1937//1937 1932//1932
f 1934//1934 1939//1939 1933//1933
f 1940//1940 1939//1939 1934//1934
f 1935//1935 1940//1940 1934//1934
f 1941//1941 1940//1940 1935//1935
f 1936//1936 1941//1941 1935//1935
f 1942//1942 1941//1941 1936//1936
f 1937//1937 1942//1942 1936//1936
f 1943//1943 1942//1942 1937//1937
f 1938//1938 1943//1943 1937//1937
f 1944//1944 1943//1943 1938//1938
f 1940//1940 1945//1945 1939//1939
f 1946//1946 1945//1945 1940//1940
f 1941//1941 1946//1946 1940//1940
f 1947//1947 1946//1946 1941//1941
f 1942//1942 1947//1947 1941//1941
f 1948//1948 1947//1947 1942//1942
f 1943//1943 1948//1948 1942//1942
f 1949//1949 1948//1948 1943//1943
f 1944//1944 1949//1949 1943//1943
f 1950//1950 1949//1949 1944//1944
f 1951//1951 1957//1957 1952//1952
f 1952//1952 1957//1957 1958//1958
f 1952//1952 1958//1958 1953//1953
f 1953//1953 1958//1958 1959//1959
f 1953//1953 1959//1959 1954//1954
f 1954//1954 1959//1959 1960//1960
f 1954//1954 1960//1960 1955//1955
f 1955//1955 1960//1960 1961//1961
f 1955//1955 1961//1961 1956//1956
f 1956//1956 1961//1961 1962//1962
f 1957//1957 1963//1963 1958//1958
f 1958//1958 1963//1963 1964//1964
f 1958//1958 1964//1964 1959//1959
f 1959//1959 1964//1964 1965//1965
f 1959//1959 1965//1965 1960//1960
f 1960//1960 1965//1965 1966//1966
f 1960//1960 1966//1966 1961//1961
f 1961//1961 1966//1966 1967//1967
f 1961//1961 1967//1967 1962//1962
f 1962//1962 1967//1967 1968//1968
f 1963//1963 1969//1969 1964//1964
f 1964//1964 1969//1969 1970//1970
f 1964//1964 1970//1970 1965//1965
f 1965//1965 1970//1970 1971//1971
f 1965//1965 1971//1971 1966//1966
f 1966//1966 1971//1971 1972//1972
f 1966//1966 1972//1972 1967//1967
f 1967//1967 1972//1972 1973//1973
f 1967//1967 1973//1973 1968//1968
f 1968//1968 1973//1973 1974//1974
f 1969//1969 1975//1975 1970//1970
f 1970//1970 1975//1975 1976//1976
f 1970//1970 1976//1976 1971//1971
f 1971//1971 1976//1976 1977//1977
f 1971//1971 1977//1977 1972//1972
f 1972//1972 1977//1977 1978//1978
f 1972//1972 1978//1978 1973//1973
f 1973//1973 1978//1978 1979//1979
f 1973//1973 1979//1979 1974//1974
f 1974//1974 1979//1979 1980//1980
f 1975//1975 1981//1981 1976//1976
f 1976//1976 1981//1981 1982//1982
f 1976//1976 1982//1982 1977//1977
f 1977//1977 1982//1982 1983//1983
f 1977//1977 1983//1983 1978//1978
f 1978//1978 1983//1983 1984//1984
f 1978//1978 1984//1984 1979//1979
f 1979//1979 1984//1984 1985//1985
f 1979//1979 1985//1985 1980//1980
f 1980//1980 1985//1985 1986//1986
f 1988//1988 1993//1993 1987//1987
f 1994//1994 1993//1993 1988//1988
f 1989//1989 1994//1994 1988//1988
f 1995//1995 1994//1994 1989//1989
f 1990//1990 1995//1995 1989//1989
f 1996//1996 1995//1995 1990//1990
f 1991//1991 1996//1996 1990//1990
f 1997//1997 1996//1996 1991//1991
f 1992//1992 1997//1997 1991//1991
f 1998//1998 1997//1997 1992//1992
f 1994//1994 1999//1999 1993//1993
f 2000//2000 1999//1999 1994//1994
f 1995//1995 2000//2000 1994//1994
f 2001//2001 2000//2000 1995//1995
f 1996//1996 2001//2001 1995//1995
f 2002//2002 2001//2001 1996//1996
f 1997//1997 2002//2002 1996//1996
f 2003//2003 2002//2002 1997//1997
f 1998//1998 2003//2003 1997//1997
f 2004//2004 2003//2003 1998//1998
f 2000//2000 2005//2005 1999//1999
f 2006//2006 2005//2005 2000//2000
f 2001//2001 2006//2006 2000//2000
f 2007//2007 2006//2006 2001//2001
f 2002//2002 2007//2007 2001//2001
f 2008//2008 2007//2007 2002//2002
f 2003//2003 2008//2008 2002//2002
f 2009//2009 2008//2008 2003//2003
f 2004//2004 2009//2009 2003//2003
f 2010//2010 2009//2009 2004//2004
f 2006//2006 2011//2011 2005//2005
f 2012//2012 2011//2011 2006//2006
f 2007//2007 2012//2012 2006//2006
f 2013//2013 2012//2012 2007//2007
f 2008//2008 2013//2013 2007//2007
f 2014//2014 2013//2013 2008//2008
f 2009//2009 2014//2014 2008//2008
f 2015//2015 2014//2014 2009//2009
f 2010//2010 2015//2015 2009//2009
f 2016//2016 2015//2015 2010//2010
f 2012//2012 2017//2017 2011//2011
f 2018//2018 2017//2017 2012//2012
f 2013//2013 2018//2018 2012//2012
f 2019//2019 2018//2018 2013//2013
f 2014//2014 2019//2019 2013//2013
f 2020//2020 2019//2019 2014//2014
f 2015//2015 2020//2020 2014//2014
f 2021//2021 2020//2020 2015//2015
f 2016//2016 2021//2021 2015//2015
f 2022//2022 2021//2021 2016//2016
f 2023//2023 2029//2029 2024//2024
f 2024//2024 2029//2029 2030//2030
f 2024//2024 2030//2030 2025//2025
f 2025//2025 2030//2030 2031//2031
f 2025//2025 2031//2031 2026//2026
f 2026//2026 2031//2031 2032//2032
f 2026//2026 2032//2032 2027//2027
f 2027//2027 2032//2032 2033//2033
f 2027//2027 2033//2033 2028//2028
f 2028//2028 2033//2033 2034//2034
f 2029//2029 2035//2035 2030//2030
f 2030//2030 2035//2035 2036//2036
f 2030//2030 2036//2036 2031//2031
f 2031//2031 2036//2036 2037//2037
f 2031//2031 2037//2037 2032//2032
f 2032//2032 2037//2037 2038//2038
f 2032//2032 2038//2038 2033//2033
f 2033//2033 2038//2038 2039//2039
f 2033//2033 2039//2039 2034//2034
f 2034//2034 2039//2039 2040//2040
f 2035//2035 2041//2041 2036//2036
f 2036//2036 2041//2041 2042//2042
f 2036//2036 2042//2042 2037//2037
f 2037//2037 2042//2042 2043//2043
f 2037//2037 2043//2043 2038//2038
f 2038//2038 2043//2043 2044//2044
f 2038//2038 2044//2044 2039//2039
f 2039//2039 2044//2044 2045//2045
f 2039//2039 2045//2045 2040//2040
f 2040//2040 2045//2045 2046//2046
f 2041//2041 2047//2047 2042//2042
f 2042//2042 2047//2047 2048//2048
f 2042//2042 2048//2048 2043//2043
f 2043//2043 2048//2048 2049//2049
f 2043//2043 2049//2049 2044//2044
f 2044//2044 2049//2049 2050//2050
f 2044//2044 2050//2050 2045//2045
f 2045//2045 2050//2050 2051//2051
f 2045//2045 2051//2051 2046//2046
f 2046//2046 2051//2051 2052//2052
f 2047//2047 2053//2053 2048//2048
f 2048//2048 2053//2053 2054//2054
f 2048//2048 2054//2054 2049//2049
f 2049//2049 2054//2054 2055//2055
f 2049//2049 2055//2055 2050//2050
f 2050//2050 2055//2055 2056//2056
f 2050//2050 2056//2056 2051//2051
f 2051//2051 2056//2056 2057//2057
f 2051//2051 2057//2057 2052//2052
f 2052//2052 2057//2057 2058//2058
f 2060//2060 2065//2065 2059//2059
f 2066//2066 2065//2065 2060//2060
f 2061//2061 2066//2066 2060//2060
f 2067//2067 2066//2066 2061//2061
f 2062//2062 2067//2067 2061//2061
f 2068//2068 2067//2067 2062//2062
f 2063//2063 2068//2068 2062//2062
f 2069//2069 2068//2068 2063//2063
f 2064//2064 2069//2069 2063//2063
f 2070//2070 2069//2069 2064//2064
f 2066//2066 2071//2071 2065//2065
f 2072//2072 2071//2071 2066//2066
f 2067//2067 2072//2072 2066//2066
f 2073//2073 2072//2072 2067//2067
f 2068//2068 2073//2073 2067//2067
f 2074//2074 2073//2073 2068//2068
f 2069//2069 2074//2074 2068//2068
f 2075//2075 2074//2074 2069//2069
f 2070//2070 2075//2075 2069//2069
f 2076//2076 2075//2075 2070//2070
f 2072//2072 2077//2077 2071//2071
f 2078//2078 2077//2077 2072//2072
f 2073//2073 2078//2078 2072//2072
f 2079//2079 2078//2078 2073//2073
f 2074//2074 2079//2079 2073//2073
f 2080//2080 2079//2079 2074//2074
f 2075//2075 2080//2080 2074//2074
f 2081//2081 2080//2080 2075//2075
f 2076//2076 2081//2081 2075//2075
f 2082//2082 2081//2081 2076//2076
f 2078//2078 2083//2083 2077//2077
f 2084//2084 2083//2083 2078//2078
f 2079//2079 2084//2084 2078//2078
f 2085//2085 2084//2084 2079//2079
f 2080//2080 2085//2085 2079//2079
f 2086//2086 2085//2085 2080//2080
f 2081//2081 2086//2086 2080//2080
f 2087//2087 2086//2086 2081//2081
f 2082//2082 2087//2087 2081//2081
f 2088//2088 2087//2087 2082//2082
f 2084//2084 2089//2089 2083//2083
f 2090//2090 2089//2089 2084//2084
f 2085//2085 2090//2090 2084//2084
f 2091//2091 2090//2090 2085//2085
f 2086//2086 2091//2091 2085//2085
f 2092//2092 2091//2091 2086//2086
f 2087//2087 2092//2092 2086//2086
f 2093//2093 2092//2092 2087//2087
f 2088//2088 2093//2093 2087//2087
f 2094//2094 2093//2093 2088//2088
f 2095//2095 2101//2101 2096//2096
f 2096//2096 2101//2101 2102//2102
f 2096//2096 2102//2102 2097//2097
f 2097//2097 2102//2102 2103//2103
f 2097//2097 2103//2103 2098//2098
f 2098//2098 2103//2103 2104//2104
f 2098//2098 2104//2104 2099//2099
f 2099//2099 2104//2104 2105//2105
f 2099//2099 2105//2105 2100//2100
f 2100//2100 2105//2105 2106//2106
f 2101//2101 2107//2107 2102//2102
f 2102//2102 2107//2107 2108//2108
f 2102//2102 2108//2108 2103//2103
f 2103//2103 2108//2108 2109//2109
f 2103//2103 2109//2109 2104//2104
f 2104//2104 2109//2109 2110//2110
f 2104//2104 2110//2110 2105//2105
f 2105//2105 2110//2110 2111//2111
f 2105//2105 2111//2111 2106//2106
f 2106//2106 2111//2111 2112//2112
f 2107//2107 2113//2113 2108//2108
f 2108//2108 2113//2113 2114//2114
f 2108//2108 2114//2114 2109//2109
f 2109//2109 2114//2114 2115//2115
f 2109//2109 2115//2115 2110//2110
f 2110//2110 2115//2115 2116//2116
f 2110//2110 2116//2116 2111//2111
f 2111//2111 2116//2116 2117//2117
f 2111//2111 2117//2117 2112//2112
f 2112//2112 2117//2117 2118//2118
f 2113//2113 2119//2119 2114//2114
f 2114//2114 2119//2119 2120//2120
f 2114//2114 2120//2120 2115//2115
f 2115//2115 2120//2120 2121//2121
f 2115//2115 2121//2121 2116//2116
f 2116//2116 2121//2121 2122//2122
f 2116//2116 2122//2122 2117//2117
f 2117//2117 2122//2122 2123//2123
f 2117//2117 2123//2123 2118//2118
f 2118//2118 2123//2123 2124//2124
f 2119//2119 2125//2125 2120//2120
f 2120//2120 2125//2125 2126//2126
f 2120//2120 2126//2126 2121//2121
f 2121//2121 2126//2126 2127//2127
f 2121//2121 2127//2127 2122//2122
f 2122//2122 2127//2127 2128//2128
f 2122//2122 2128//2128 2123//2123
f 2123//2123 2128//2128 2129//2129
f 2123//2123 2129//2129 2124//2124
f 2124//2124 2129//2129 2130//2130
f 2132//2132 2137//2137 2131//2131
f 2138//2138 2137//2137 2132//2132
f 2133//2133 2138//2138 2132//2132
f 2139//2139 2138//2138 2133//2133
f 2134//2134 2139//2139 2133//2133
f 2140//2140 2139//2139 2134//2134
f 2135//2135 2140//2140 2134//2134
f 2141//2141 2140//2140 2135//2135
f 2136//2136 2141//2141 2135//2135
f 2142//2142 2141//2141 2136//2136
f 2138//2138 2143//2143 2137//2137
f 2144//2144 2143//2143 2138//2138
f 2139//2139 2144//2144 2138//2138
f 2145//2145 2144//2144 2139//2139
f 2140//2140 2145//2145 2139//2139
f 2146//2146 2145//2145 2140//2140
f 2141//2141 2146//2146 2140//2140
f 2147//2147 2146//2146 2141//2141
f 2142//2142 2147//2147 2141//2141
f 2148//2148 2147//2147 2142//2142
f 2144//2144 2149//2149 2143//2143
f 2150//2150 2149//2149 2144//2144
f 2145//2145 2150//2150 2144//2144
f 2151//2151 2150//2150 2145//2145
f 2146//2146 2151//2151 2145//2145
f 2152//2152 2151//2151 2146//2146
f 2147//2147 2152//2152 2146//2146
f 2153//2153 2152//2152 2147//2147
f 2148//2148 2153//2153 2147//2147
f 2154//2154 2153//2153 2148//2148
f 2150//2150 2155//2155 2149//2149
f 2156//2156 2155//2155 2150//2150
f 2151//2151 2156//2156 2150//2150
f 2157//2157 2156//2156 2151//2151
f 2152//2152 2157//2157 2151//2151
f 2158//2158 2157//2157 2152//2152
f 2153//2153 2158//2158 2152//2152
f 2159//2159 2158//2158 2153//2153
f 2154//2154 2159//2159 2153//2153
f 2160//2160 2159//2159 2154//2154
f 2156//2156 2161//2161 2155//2155
f 2162//2162 2161//2161 2156//2156
f 2157//2157 2162//2162 2156//2156
f 2163//2163 2162//2162 2157//2157
f 2158//2158 2163//2163 2157//2157
f 2164//2164 2163//2163 2158//2158
f 2159//2159 2164//2164 2158//2158
f 2165//2165 2164//2164 2159//2159
f 2160//2160 2165//2165 2159//2159
f 2166//2166 2165//2165 2160//2160
f 2167//2167 2173//2173 2168//2168
f 2168//2168 2173//2173 2174//2174
f 2168//2168 2174//2174 2169//2169
f 2169//2169 2174//2174 2175//2175
f 2169//2169 2175//2175 2170//2170
f 2170//2170 2175//2175 2176//2176
f 2170//2170 2176//2176 2171//2171
f 2171//2171 2176//2176 2177//2177
f 2171//2171 2177//2177 2172//2172
f 2172//2172 2177//2177 2178//2178
f 2173//2173 2179//2179 2174//2174
f 2174//2174 2179//2179 2180//2180
f 2174//2174 2180//2180 2175//2175
f 2175//2175 2180//2180 2181//2181
f 2175//2175 2181//2181 2176//2176
f 2176//2176 2181//2181 2182//2182
f 2176//2176 2182//2182 2177//2177
f 2177//2177 2182//2182 2183//2183
f 2177//2177 2183//2183 2178//2178
f 2178//2178 2183//2183 2184//2184
f 2179//2179 2185//2185 2180//2180
f 2180//2180 2185//2185 2186//2186
f 2180//2180 2186//2186 2181//2181
f 2181//2181 2186//2186 2187//2187
f 2181//2181 2187//2187 2182//2182
f 2182//2182 2187//2187 2188//2188
f 2182//2182 2188//2188 2183//2183
f 2183//2183 2188//2188 2189//2189
f 2183//2183 2189//2189 2184//2184
f 2184//2184 2189//2189 2190//2190
f 2185//2185 2191//2191 2186//2186
f 2186//2186 2191//2191 2192//2192
f 2186//2186 2192//2192 2187//2187
f 2187//2187 2192//2192 2193//2193
f 2187//2187 2193//2193 2188//2188
f 2188//2188 2193//2193 2194//2194
f 2188//2188 2194//2194 2189//2189
f 2189//2189 2194//2194 2195//2195
f 2189//2189 2195//2195 2190//2190
f 2190//2190 2195//2195 2196//2196
f 2191//2191 2197//2197 2192//2192
f 2192//2192 2197//2197 2198//2198
f 2192//2192 2198//2198 2193//2193
f 2193//2193 2198//2198 2199//2199
f 2193//2193 2199//2199 2194//2194
f 2194//2194 2199//2199 2200//2200
f 2194//2194 2200//2200 2195//2195
f 2195//2195 2200//2200 2201//2201
f 2195//2195 2201//2201 2196//2196
f 2196//2196 2201//2201 2202//2202
f 2204//2204 2209//2209 2203//2203
f 2210//2210 2209//2209 2204//2204
f 2205//2205 2210//2210 2204//2204
f 2211//2211 2210//2210 2205//2205
f 2206//2206 2211//2211 2205//2205
f 2212//2212 2211//2211 2206//2206
f 2207//2207 2212//2212 2206//2206
f 2213//2213 2212//2212 2207//2207
f 2208//2208 2213//2213 2207//2207
f 2214//2214 2213//2213 2208//2208
f 2210//2210 2215//2215 2209//2209
f 2216//2216 2215//2215 2210//2210
f 2211//2211 2216//2216 2210//2210
f 2217//2217 2216//2216 2211//2211
f 2212//2212 2217//2217 2211//2211
f 2218//2218 2217//2217 2212//2212
f 2213//2213 2218//2218 2212//2212
f 2219//2219 2218//2218 2213//2213
f 2214//2214 2219//2219 2213//2213
f 2220//2220 2219//2219 2214//2214
f 2216//2216 2221//2221 2215//2215
f 2222//2222 2221//2221 2216//2216
f 2217//2217 2222//2222 2216//2216
f 2223//2223 2222//2222 2217//2217
f 2218//2218 2223//2223 2217//2217
f 2224//2224 2223//2223 2218//2218
f 2219//2219 2224//2224 2218//2218
f 2225//2225 2224//2224 2219//2219
f 2220//2220 2225//2225 2219//2219
f 2226//2226 2225//2225 2220//2220
f 2222//2222 2227//2227 2221//2221
f 2228//2228 2227//2227 2222//2222
f 2223//2223 2228//2228 2222//2222
f 2229//2229 2228//2228 2223//2223
f 2224//2224 2229//2229 2223//2223
f 2230//2230 2229//2229 2224//2224
f 2225//2225 2230//2230 2224//2224
f 2231//2231 2230//2230 2225//2225
f 2226//2226 2231//2231 2225//2225
f 2232//2232 2231//2231 2226//2226
f 2228//2228 2233//2233 2227//2227
f 2234//2234 2233//2233 2228//2228
f 2229//2229 2234//2234 2228//2228
f 2235//2235 2234//2234 2229//2229
f 2230//2230 2235//2235 2229//2229
f 2236//2236 2235//2235 2230//2230
f 2231//2231 2236//2236 2230//2230
f 2237//2237 2236//2236 2231//2231
f 2232//2232 2237//2237 2231//2231
f 2238//2238 2237//2237 2232//2232
f 2239//2239 2245//2245 2240//2240
f 2240//2240 2245//2245 2246//2246
f 2240//2240 2246//2246 2241//2241
f 2241//2241 2246//2246 2247//2247
f 2241//2241 2247//2247 2242//2242
f 2242//2242 2247//2247 2248//2248
f 2242//2242 2248//2248 2243//2243
f 2243//2243 2248//2248 2249//2249
f 2243//2243 2249//2249 2244//2244
f 2244//2244 2249//2249 2250//2250
f 2245//2245 2251//2251 2246//2246
f 2246//2246 2251//2251 2252//2252
f 2246//2246 2252//2252 2247//2247
f 2247//2247 2252//2252 2253//2253
f 2247//2247 2253//2253 2248//2248
f 2248//2248 2253//2253 2254//2254
f 2248//2248 2254//2254 2249//2249
f 2249//2249 2254//2254 2255//2255
f 2249//2249 2255//2255 2250//2250
f 2250//2250 2255//2255 2256//2256
f 2251//2251 2257//2257 2252//2252
f 2252//2252 2257//2257 2258//2258
f 2252//2252 2258//2258 2253//2253
f 2253//2253 2258//2258 2259//2259
f 2253//2253 2259//2259 2254//2254
f 2254//2254 2259//2259 2260//2260
f 2254//2254 2260//2260 2255//2255
f 2255//2255 2260//2260 2261//2261
f 2255//2255 2261//2261 2256//2256
f 2256//2256 2261//2261 2262//2262
f 2257//2257 2263//2263 2258//2258
f 2258//2258 2263//2263 2264//2264
f 2258//2258 2264//2264 2259//2259
f 2259//2259 2264//2264 2265//2265
f 2259//2259 2265//2265 2260//2260
f 2260//2260 2265//2265 2266//2266
f 2260//2260 2266//2266 2261//2261
f 2261//2261 2266//2266 2267//2267
f 2261//2261 2267//2267 2262//2262
f 2262//2262 2267//2267 2268//2268
f 2263//2263 2269//2269 2264//2264
f 2264//2264 2269//2269 2270//2270
f 2264//2264 2270//2270 2265//2265
f 2265//2265 2270//2270 2271//2271
f 2265//2265 2271//2271 2266//2266
f 2266//2266 2271//2271 2272//2272
f 2266//2266 2272//2272 2267//2267
f 2267//2267 2272//2272 2273//2273
f 2267//2267 2273//2273 2268//2268
f 2268//2268 2273//2273 2274//2274
f 2276//2276 2281//2281 2275//2275
f 2282//2282 2281//2281 2276//2276
f 2277//2277 2282//2282 2276//2276
f 2283//2283 2282//2282 2277//2277
f 2278//2278 2283//2283 2277//2277
f 2284//2284 2283//2283 2278//2278
f 2279//2279 2284//2284 2278//2278
f 2285//2285 2284//2284 2279//2279
f 2280//2280 2285//2285 2279//2279
f 2286//2286 2285//2285 2280//2280
f 2282//2282 2287//2287 2281//2281
f 2288//2288 2287//2287 2282//2282
f 2283//2283 2288//2288 2282//2282
f 2289//2289 2288//2288 2283//2283
f 2284//2284 2289//2289 2283//2283
f 2290//2290 2289//2289 2284//2284
f 2285//2285 2290//2290 2284//2284
f 2291//2291 2290//2290 2285//2285
f 2286//2286 2291//2291 2285//2285
f 2292//2292 2291//2291 2286//2286
f 2288//2288 2293//2293 2287//2287
f 2294//2294 2293//2293 2288//2288
f 2289//2289 2294//2294 2288//2288
f 2295//2295 2294//2294 2289//2289
f 2290//2290 2295//2295 2289//2289
f 2296//2296 2295//2295 2290//2290
f 2291//2291 2296//2296 2290//2290
f 2297//2297 2296//2296 2291//2291
f 2292//2292 2297//2297 2291//2291
f 2298//2298 2297//2297 2292//2292
f 2294//2294 2299//2299 2293//2293
f 2300//2300 2299//2299 2294//2294
f 2295//2295 2300//2300 2294//2294
f 2301//2301 2300//2300 2295//2295
f 2296//2296 2301//2301 2295//2295
f 2302//2302 2301//2301 2296//2296
f 2297//2297 2302//2302 2296//2296
f 2303//2303 2302//2302 2297//2297
f 2298//2298 2303//2303 2297//2297
f 2304//2304 2303//2303 2298//2298
f 2300//2300 2305//2305 2299//2299
f 2306//2306 2305//2305 2300//2300
f 2301//2301 2306//2306 2300//2300
f 2307//2307 2306//2306 2301//2301
f 2302//2302 2307//2307 2301//2301
f 2308//2308 2307//2307 2302//2302
f 2303//2303 2308//2308 2302//2302
f 2309//2309 2308//2308 2303//2303
f 2304//2304 2309//2309 2303//2303
f 2310//2310 2309//2309 2304//2304
f 2311//2311 2317//2317 2312//2312
f 2312//2312 2317//2317 2318//2318
f 2312//2312 2318//2318 2313//2313
f 2313//2313 2318//2318 2319//2319
f 2313//2313 2319//2319 2314//2314
f 2314//2314 2319//2319 2320//2320
f 2314//2314 2320//2320 2315//2315
f 2315//2315 2320//2320 2321//2321
f 2315//2315 2321//2321 2316//2316
f 2316//2316 2321//2321 2322//2322
f 2317//2317 2323//2323 2318//2318
f 2318//2318 2323//2323 2324//2324
f 2318//2318 2324//2324 2319//2319
f 2319//2319 2324//2324 2325//2325
f 2319//2319 2325//2325 2320//2320
f 2320//2320 2325//2325 2326//2326
f 2320//2320 2326//2326 2321//2321
f 2321//2321 2326//2326 2327//2327
f 2321//2321 2327//2327 2322//2322
f 2322//2322 2327//2327 2328//2328
f 2323//2323 2329//2329 2324//2324
f 2324//2324 2329//2329 2330//2330
f 2324//2324 2330//2330 2325//2325
f 2325//2325 2330//2330 2331//2331
f 2325//2325 2331//2331 2326//2326
f 2326//2326 2331//2331 2332//2332
f 2326//2326 2332//2332 2327//2327
f 2327//2327 2332//2332 2333//2333
f 2327//2327 2333//2333 2328//2328
f 2328//2328 2333//2333 2334//2334
f 2329//2329 2335//2335 2330//2330
f 2330//2330 2335//2335 2336//2336
f 2330//2330 2336//2336 2331//2331
f 2331//2331 2336//2336 2337//2337
f 2331//2331 2337//2337 2332//2332
f 2332//2332 2337//2337 2338//2338
f 2332//2332 2338//2338 2333//2333
f 2333//2333 2338//2338 2339//2339
f 2333//2333 2339//2339 2334//2334
f 2334//2334 2339//2339 2340//2340
f 2335//2335 2341//2341 2336//2336
f 2336//2336 2341//2341 2342//2342
f 2336//2336 2342//2342 2337//2337
f 2337//2337 2342//2342 2343//2343
f 2337//2337 2343//2343 2338//2338
f 2338//2338 2343//2343 2344//2344
f 2338//2338 2344//2344 2339//2339
f 2339//2339 2344//2344 2345//2345
f 2339//2339 2345//2345 2340//2340
f 2340//2340 2345//2345 2346//2346
f 2348//2348 2353//2353 2347//2347
f 2354//2354 2353//2353 2348//2348
f 2349//2349 2354//2354 2348//2348
f 2355//2355 2354//2354 2349//2349
f 2350//2350 2355//2355 2349//2349
f 2356//2356 2355//2355 2350//2350
f 2351//2351 2356//2356 2350//2350
f 2357//2357 2356//2356 2351//2351
f 2352//2352 2357//2357 2351//2351
f 2358//2358 2357//2357 2352//2352
f 2354//2354 2359//2359 2353//2353
f 2360//2360 2359//2359 2354//2354
f 2355//2355 2360//2360 2354//2354
f 2361//2361 2360//2360 2355//2355
f 2356//2356 2361//2361 2355//2355
f 2362//2362 2361//2361 2356//2356
f 2357//2357 2362//2362 2356//2356
f 2363//2363 2362//2362 2357//2357
f 2358//2358 2363//2363 2357//2357
f 2364//2364 2363//2363 2358//2358
f 2360//2360 2365//2365 2359//2359
f 2366//2366 2365//2365 2360//2360
f 2361//2361 2366//2366 2360//2360
f 2367//2367 2366//2366 2361//2361
f 2362//2362 2367//2367 2361//2361
f 2368//2368 2367//2367 2362//2362
f 2363//2363 2368//2368 2362//2362
f 2369//2369 2368//2368 2363//2363
f 2364//2364 2369//2369 2363//2363
f 2370//2370 2369//2369 2364//2364
f 2366//2366 2371//2371 2365//2365
f 2372//2372 2371//2371 2366//2366
f 2367//2367 2372//2372 2366//2366
f 2373//2373 2372//2372 2367//2367
f 2368//2368 2373//2373 2367//2367
f 2374//2374 2373//2373 2368//2368
f 2369//2369 2374//2374 2368//2368
f 2375//2375 2374//2374 2369//2369
f 2370//2370 2375//2375 2369//2369
f 2376//2376 2375//2375 2370//2370
f 2372//2372 2377//2377 2371//2371
f 2378//2378 2377//2377 2372//2372
f 2373//2373 2378//2378 2372//2372
f 2379//2379 2378//2378 2373//2373
f 2374//2374 2379//2379 2373//2373
f 2380//2380 2379//2379 2374//2374
f 2375//2375 2380//2380 2374//2374
f 2381//2381 2380//2380 2375//2375
f 2376//2376 2381//2381 2375//2375
f 2382//2382 2381//2381 2376//2376
f 2383//2383 2389//2389 2384//2384
f 2384//2384 2389//2389 2390//2390
f 2384//2384 2390//2390 2385//2385
f 2385//2385 2390//2390 2391//2391
f 2385//2385 2391//2391 2386//2386
f 2386//2386 2391//2391 2392//2392
f 2386//2386 2392//2392 2387//2387
f 2387//2387 2392//2392 2393//2393
f 2387//2387 2393//2393 2388//2388
f 2388//2388 2393//2393 2394//2394
f 2389//2389 2395//2395 2390//2390
f 2390//2390 2395//2395 2396//2396
f 2390//2390 2396//2396 2391//2391
f 2391//2391 2396//2396 2397//2397
f 2391//2391 2397//2397 2392//2392
f 2392//2392 2397//2397 2398//2398
f 2392//2392 2398//2398 2393//2393
f 2393//2393 2398//2398 2399//2399
f 2393//2393 2399//2399 2394//2394
f 2394//2394 2399//2399 2400//2400
f 2395//2395 2401//2401 2396//2396
f 2396//2396 2401//2401 2402//2402
f 2396//2396 2402//2402 2397//2397
f 2397//2397 2402//2402 2403//2403
f 2397//2397 2403//2403 2398//2398
f 2398//2398 2403//2403 2404//2404
f 2398//2398 2404//2404 2399//2399
f 2399//2399 2404//2404 2405//2405
f 2399//2399 2405//2405 2400//2400
f 2400//2400 2405//2405 2406//2406
f 2401//2401 2407//2407 2402//2402
f 2402//2402 2407//2407 2408//2408
f 2402//2402 2408//2408 2403//2403
f 2403//2403 2408//2408 2409//2409
f 2403//2403 2409//2409 2404//2404
f 2404//2404 2409//2409 2410//2410
f 2404//2404 2410//2410 2405//2405
f 2405//2405 2410//2410 2411//2411
f 2405//2405 2411//2411 2406//2406
f 2406//2406 2411//2411 2412//2412
f 2407//2407 2413//2413 2408//2408
f 2408//2408 2413//2413 2414//2414
f 2408//2408 2414//2414 2409//2409
f 2409//2409 2414//2414 2415//2415
f 2409//2409 2415//2415 2410//2410
f 2410//2410 2415//2415 2416//2416
f 2410//2410 2416//2416 2411//2411
f 2411//2411 2416//2416 2417//2417
f 2411//2411 2417//2417 2412//2412
f 2412//2412 2417//2417 2418//2418
f 2420//2420 2425//2425 2419//2419
f 2426//2426 2425//2425 2420//2420
f 2421//2421 2426//2426 2420//2420
f 2427//2427 2426//2426 2421//2421
f 2422//2422 2427//2427 2421//2421
f 2428//2428 2427//2427 2422//2422
f 2423//2423 2428//2428 2422//2422
f 2429//2429 2428//2428 2423//2423
f 2424//2424 2429//2429 2423//2423
f 2430//2430 2429//2429 2424//2424
f 2426//2426 2431//2431 2425//2425
f 2432//2432 2431//2431 2426//2426
f 2427//2427 2432//2432 2426//2426
f 2433//2433 2432//2432 2427//2427
f 2428//2428 2433//2433 2427//2427
f 2434//2434 2433//2433 2428//2428
f 2429//2429 2434//2434 2428//2428
f 2435//2435 2434//2434 2429//2429
f 2430//2430 2435//2435 2429//2429
f 2436//2436 2435//2435 2430//2430
f 2432//2432 2437//2437 2431//2431
f 2438//2438 2437//2437 2432//2432
f 2433//2433 2438//2438 2432//2432
f 2439//2439 2438//2438 2433//2433
f 2434//2434 2439//2439 2433//2433
f 2440//2440 2439//2439 2434//2434
f 2435//2435 2440//2440 2434//2434
f 2441//2441 2440//2440 2435//2435
f 2436//2436 2441//2441 2435//2435
f 2442//2442 2441//2441 2436//2436
f 2438//2438 2443//2443 2437//2437
f 2444//2444 2443//2443 2438//2438
f 2439//2439 2444//2444 2438//2438
f 2445//2445 2444//2444 2439//2439
f 2440//2440 2445//2445 2439//2439
f 2446//2446 2445//2445 2440//2440
f 2441//2441 2446//2446 2440//2440
f 2447//2447 2446//2446 2441//2441
f 2442//2442 2447//2447 2441//2441
f 2448//2448 2447//2447 2442//2442
f 2444//2444 2449//2449 2443//2443
f 2450//2450 2449//2449 2444//2444
f 2445//2445 2450//2450 2444//2444
f 2451//2451 2450//2450 2445//2445
f 2446//2446 2451//2451 2445//2445
f 2452//2452 2451//2451 2446//2446
f 2447//2447 2452//2452 2446//2446
f 2453//2453 2452//2452 2447//2447
f 2448//2448 2453//2453 2447//2447
f 2454//2454 2453//2453 2448//2448
f 2455//2455 2461//2461 2456//2456
f 2456//2456 2461//2461 2462//2462
f 2456//2456 2462//2462 2457//2457
f 2457//2457 2462//2462 2463//2463
f 2457//2457 2463//2463 2458//2458
f 2458//2458 2463//2463 2464//2464
f 2458//2458 2464//2464 2459//2459
f 2459//2459 2464//2464 2465//2465
f 2459//2459 2465//2465 2460//2460
f 2460//2460 2465//2465 2466//2466
f 2461//2461 2467//2467 2462//2462
f 2462//2462 2467//2467 2468//2468
f 2462//2462 2468//2468 2463//2463
f 2463//2463 2468//2468 2469//2469
f 2463//2463 2469//2469 2464//2464
f 2464//2464 2469//2469 2470//2470
f 2464//2464 2470//2470 2465//2465
f 2465//2465 2470//2470 2471//2471
f 2465//2465 2471//2471 2466//2466
f 2466//2466 2471//2471 2472//2472
f 2467//2467 2473//2473 2468//2468
f 2468//2468 2473//2473 2474//2474
f 2468//2468 2474//2474 2469//2469
f 2469//2469 2474//2474 2475//2475
f 2469//2469 2475//2475 2470//2470
f 2470//2470 2475//2475 2476//2476
f 2470//2470 2476//2476 2471//2471
f 2471//2471 2476//2476 2477//2477
f 2471//2471 2477//2477 2472//2472
f 2472//2472 2477//2477 2478//2478
f 2473//2473 2479//2479 2474//2474
f 2474//2474 2479//2479 2480//2480
f 2474//2474 2480//2480 2475//2475
f 2475//2475 2480//2480 2481//2481
f 2475//2475 2481//2481 2476//2476
f 2476//2476 2481//2481 2482//2482
f 2476//2476 2482//2482 2477//2477
f 2477//2477 2482//2482 2483//2483
f 2477//2477 2483//2483 2478//2478
f 2478//2478 2483//2483 2484//2484
f 2479//2479 2485//2485 2480//2480
f 2480//2480 2485//2485 2486//2486
f 2480//2480 2486//2486 2481//2481
f 2481//2481 2486//2486 2487//2487
f 2481//2481 2487//2487 2482//2482
f 2482//2482 2487//2487 2488//2488
f 2482//2482 2488//2488 2483//2483
f 2483//2483 2488//2488 2489//2489
f 2483//2483 2489//2489 2484//2484
f 2484//2484 2489//2489 2490//2490
o source-mushroom_mushroomFlesh
usemtl mushroomFlesh
v -0.130000 0.412480 -0.115000
v -0.130000 0.412480 -0.115000
v -0.130000 0.412480 -0.115000
v -0.130000 0.412480 -0.115000
v -0.130000 0.412480 -0.115000
v -0.130000 0.412480 -0.115000
v -0.130000 0.412480 -0.115000
v -0.130000 0.412480 -0.115000
v -0.130000 0.412480 -0.115000
v -0.130000 0.412480 -0.115000
v -0.130000 0.412480 -0.115000
v -0.130000 0.412480 -0.115000
v -0.130000 0.412480 -0.115000
v -0.130000 0.412480 -0.115000
v -0.130000 0.412480 -0.115000
v -0.130000 0.412480 -0.115000
v -0.130000 0.412480 -0.115000
v -0.130000 0.412480 -0.115000
v -0.130000 0.412480 -0.115000
v -0.130000 0.412480 -0.115000
v -0.130000 0.412480 -0.115000
v -0.130000 0.412480 -0.115000
v -0.130000 0.412480 -0.115000
v -0.130000 0.412480 -0.115000
v -0.130000 0.412480 -0.115000
v -0.130000 0.412480 -0.115000
v -0.130000 0.412480 -0.115000
v -0.130000 0.412480 -0.115000
v -0.130000 0.412480 -0.115000
v -0.130000 0.412480 -0.115000
v -0.130000 0.412480 -0.115000
v -0.130000 0.412480 -0.115000
v -0.130000 0.412480 -0.115000
v -0.130000 0.412480 -0.115000
v -0.130000 0.412480 -0.115000
v -0.130000 0.412480 -0.115000
v -0.130000 0.412480 -0.115000
v -0.130000 0.412480 -0.115000
v -0.130000 0.412480 -0.115000
v -0.130000 0.412480 -0.115000
v -0.130000 0.412480 -0.115000
v -0.087500 0.412480 -0.115000
v -0.088023 0.412480 -0.108352
v -0.089580 0.412480 -0.101867
v -0.092132 0.412480 -0.095705
v -0.095617 0.412480 -0.090019
v -0.099948 0.412480 -0.084948
v -0.105019 0.412480 -0.080617
v -0.110705 0.412480 -0.077132
v -0.116867 0.412480 -0.074580
v -0.123352 0.412480 -0.073023
v -0.130000 0.412480 -0.072500
v -0.136648 0.412480 -0.073023
v -0.143133 0.412480 -0.074580
v -0.149295 0.412480 -0.077132
v -0.154981 0.412480 -0.080617
v -0.160052 0.412480 -0.084948
v -0.164383 0.412480 -0.090019
v -0.167868 0.412480 -0.095705
v -0.170420 0.412480 -0.101867
v -0.171977 0.412480 -0.108352
v -0.172500 0.412480 -0.115000
v -0.171977 0.412480 -0.121648
v -0.170420 0.412480 -0.128133
v -0.167868 0.412480 -0.134295
v -0.164383 0.412480 -0.139981
v -0.160052 0.412480 -0.145052
v -0.154981 0.412480 -0.149383
v -0.149295 0.412480 -0.152868
v -0.143133 0.412480 -0.155420
v -0.136648 0.412480 -0.156977
v -0.130000 0.412480 -0.157500
v -0.123352 0.412480 -0.156977
v -0.116867 0.412480 -0.155420
v -0.110705 0.412480 -0.152868
v -0.105019 0.412480 -0.149383
v -0.099948 0.412480 -0.145052
v -0.095617 0.412480 -0.139981
v -0.092132 0.412480 -0.134295
v -0.089580 0.412480 -0.128133
v -0.088023 0.412480 -0.121648
v -0.087500 0.412480 -0.115000
v -0.090900 0.454980 -0.115000
v -0.091381 0.454980 -0.108883
v -0.092814 0.454980 -0.102917
v -0.095162 0.454980 -0.097249
v -0.098367 0.454980 -0.092018
v -0.102352 0.454980 -0.087352
v -0.107018 0.454980 -0.083367
v -0.112249 0.454980 -0.080162
v -0.117917 0.454980 -0.077814
v -0.123883 0.454980 -0.076381
v -0.130000 0.454980 -0.075900
v -0.136117 0.454980 -0.076381
v -0.142083 0.454980 -0.077814
v -0.147751 0.454980 -0.080162
v -0.152982 0.454980 -0.083367
v -0.157648 0.454980 -0.087352
v -0.161633 0.454980 -0.092018
v -0.164838 0.454980 -0.097249
v -0.167186 0.454980 -0.102917
v -0.168619 0.454980 -0.108883
v -0.169100 0.454980 -0.115000
v -0.168619 0.454980 -0.121117
v -0.167186 0.454980 -0.127083
v -0.164838 0.454980 -0.132751
v -0.161633 0.454980 -0.137982
v -0.157648 0.454980 -0.142648
v -0.152982 0.454980 -0.146633
v -0.147751 0.454980 -0.149838
v -0.142083 0.454980 -0.152186
v -0.136117 0.454980 -0.153619
v -0.130000 0.454980 -0.154100
v -0.123883 0.454980 -0.153619
v -0.117917 0.454980 -0.152186
v -0.112249 0.454980 -0.149838
v -0.107018 0.454980 -0.146633
v -0.102352 0.454980 -0.142648
v -0.098367 0.454980 -0.137982
v -0.095162 0.454980 -0.132751
v -0.092814 0.454980 -0.127083
v -0.091381 0.454980 -0.121117
v -0.090900 0.454980 -0.115000
v -0.101100 0.501730 -0.115000
v -0.101456 0.501730 -0.110479
v -0.102514 0.501730 -0.106069
v -0.104250 0.501730 -0.101880
v -0.106619 0.501730 -0.098013
v -0.109565 0.501730 -0.094565
v -0.113013 0.501730 -0.091619
v -0.116880 0.501730 -0.089250
v -0.121069 0.501730 -0.087514
v -0.125479 0.501730 -0.086456
v -0.130000 0.501730 -0.086100
v -0.134521 0.501730 -0.086456
v -0.138931 0.501730 -0.087514
v -0.143120 0.501730 -0.089250
v -0.146987 0.501730 -0.091619
v -0.150435 0.501730 -0.094565
v -0.153381 0.501730 -0.098013
v -0.155750 0.501730 -0.101880
v -0.157486 0.501730 -0.106069
v -0.158544 0.501730 -0.110479
v -0.158900 0.501730 -0.115000
v -0.158544 0.501730 -0.119521
v -0.157486 0.501730 -0.123931
v -0.155750 0.501730 -0.128120
v -0.153381 0.501730 -0.131987
v -0.150435 0.501730 -0.135435
v -0.146987 0.501730 -0.138381
v -0.143120 0.501730 -0.140750
v -0.138931 0.501730 -0.142486
v -0.134521 0.501730 -0.143544
v -0.130000 0.501730 -0.143900
v -0.125479 0.501730 -0.143544
v -0.121069 0.501730 -0.142486
v -0.116880 0.501730 -0.140750
v -0.113013 0.501730 -0.138381
v -0.109565 0.501730 -0.135435
v -0.106619 0.501730 -0.131987
v -0.104250 0.501730 -0.128120
v -0.102514 0.501730 -0.123931
v -0.101456 0.501730 -0.119521
v -0.101100 0.501730 -0.115000
v -0.130000 0.510230 -0.115000
v -0.130000 0.510230 -0.115000
v -0.130000 0.510230 -0.115000
v -0.130000 0.510230 -0.115000
v -0.130000 0.510230 -0.115000
v -0.130000 0.510230 -0.115000
v -0.130000 0.510230 -0.115000
v -0.130000 0.510230 -0.115000
v -0.130000 0.510230 -0.115000
v -0.130000 0.510230 -0.115000
v -0.130000 0.510230 -0.115000
v -0.130000 0.510230 -0.115000
v -0.130000 0.510230 -0.115000
v -0.130000 0.510230 -0.115000
v -0.130000 0.510230 -0.115000
v -0.130000 0.510230 -0.115000
v -0.130000 0.510230 -0.115000
v -0.130000 0.510230 -0.115000
v -0.130000 0.510230 -0.115000
v -0.130000 0.510230 -0.115000
v -0.130000 0.510230 -0.115000
v -0.130000 0.510230 -0.115000
v -0.130000 0.510230 -0.115000
v -0.130000 0.510230 -0.115000
v -0.130000 0.510230 -0.115000
v -0.130000 0.510230 -0.115000
v -0.130000 0.510230 -0.115000
v -0.130000 0.510230 -0.115000
v -0.130000 0.510230 -0.115000
v -0.130000 0.510230 -0.115000
v -0.130000 0.510230 -0.115000
v -0.130000 0.510230 -0.115000
v -0.130000 0.510230 -0.115000
v -0.130000 0.510230 -0.115000
v -0.130000 0.510230 -0.115000
v -0.130000 0.510230 -0.115000
v -0.130000 0.510230 -0.115000
v -0.130000 0.510230 -0.115000
v -0.130000 0.510230 -0.115000
v -0.130000 0.510230 -0.115000
v -0.130000 0.510230 -0.115000
v 0.130000 0.412480 -0.115000
v 0.130000 0.412480 -0.115000
v 0.130000 0.412480 -0.115000
v 0.130000 0.412480 -0.115000
v 0.130000 0.412480 -0.115000
v 0.130000 0.412480 -0.115000
v 0.130000 0.412480 -0.115000
v 0.130000 0.412480 -0.115000
v 0.130000 0.412480 -0.115000
v 0.130000 0.412480 -0.115000
v 0.130000 0.412480 -0.115000
v 0.130000 0.412480 -0.115000
v 0.130000 0.412480 -0.115000
v 0.130000 0.412480 -0.115000
v 0.130000 0.412480 -0.115000
v 0.130000 0.412480 -0.115000
v 0.130000 0.412480 -0.115000
v 0.130000 0.412480 -0.115000
v 0.130000 0.412480 -0.115000
v 0.130000 0.412480 -0.115000
v 0.130000 0.412480 -0.115000
v 0.130000 0.412480 -0.115000
v 0.130000 0.412480 -0.115000
v 0.130000 0.412480 -0.115000
v 0.130000 0.412480 -0.115000
v 0.130000 0.412480 -0.115000
v 0.130000 0.412480 -0.115000
v 0.130000 0.412480 -0.115000
v 0.130000 0.412480 -0.115000
v 0.130000 0.412480 -0.115000
v 0.130000 0.412480 -0.115000
v 0.130000 0.412480 -0.115000
v 0.130000 0.412480 -0.115000
v 0.130000 0.412480 -0.115000
v 0.130000 0.412480 -0.115000
v 0.130000 0.412480 -0.115000
v 0.130000 0.412480 -0.115000
v 0.130000 0.412480 -0.115000
v 0.130000 0.412480 -0.115000
v 0.130000 0.412480 -0.115000
v 0.130000 0.412480 -0.115000
v 0.158985 0.412480 -0.146083
v 0.163490 0.412480 -0.141166
v 0.167171 0.412480 -0.135604
v 0.169937 0.412480 -0.129536
v 0.171719 0.412480 -0.123109
v 0.172474 0.412480 -0.116483
v 0.172183 0.412480 -0.109821
v 0.170854 0.412480 -0.103285
v 0.168518 0.412480 -0.097039
v 0.165234 0.412480 -0.091234
v 0.161083 0.412480 -0.086015
v 0.156166 0.412480 -0.081510
v 0.150604 0.412480 -0.077829
v 0.144536 0.412480 -0.075063
v 0.138109 0.412480 -0.073281
v 0.131483 0.412480 -0.072526
v 0.124821 0.412480 -0.072817
v 0.118285 0.412480 -0.074146
v 0.112039 0.412480 -0.076482
v 0.106234 0.412480 -0.079766
v 0.101015 0.412480 -0.083917
v 0.096510 0.412480 -0.088834
v 0.092829 0.412480 -0.094396
v 0.090063 0.412480 -0.100464
v 0.088281 0.412480 -0.106891
v 0.087526 0.412480 -0.113517
v 0.087817 0.412480 -0.120179
v 0.089146 0.412480 -0.126715
v 0.091482 0.412480 -0.132961
v 0.094766 0.412480 -0.138766
v 0.098917 0.412480 -0.143985
v 0.103834 0.412480 -0.148490
v 0.109396 0.412480 -0.152171
v 0.115464 0.412480 -0.154937
v 0.121891 0.412480 -0.156719
v 0.128517 0.412480 -0.157474
v 0.135179 0.412480 -0.157183
v 0.141715 0.412480 -0.155854
v 0.147961 0.412480 -0.153518
v 0.153766 0.412480 -0.150234
v 0.158985 0.412480 -0.146083
v 0.156666 0.454980 -0.143596
v 0.160811 0.454980 -0.139072
v 0.164198 0.454980 -0.133956
v 0.166742 0.454980 -0.128373
v 0.168382 0.454980 -0.122461
v 0.169076 0.454980 -0.116365
v 0.168809 0.454980 -0.110235
v 0.167585 0.454980 -0.104223
v 0.165437 0.454980 -0.098476
v 0.162415 0.454980 -0.093136
v 0.158596 0.454980 -0.088334
v 0.154072 0.454980 -0.084189
v 0.148956 0.454980 -0.080802
v 0.143373 0.454980 -0.078258
v 0.137461 0.454980 -0.076618
v 0.131365 0.454980 -0.075924
v 0.125235 0.454980 -0.076191
v 0.119223 0.454980 -0.077415
v 0.113476 0.454980 -0.079563
v 0.108136 0.454980 -0.082585
v 0.103334 0.454980 -0.086404
v 0.099189 0.454980 -0.090928
v 0.095802 0.454980 -0.096044
v 0.093258 0.454980 -0.101627
v 0.091618 0.454980 -0.107539
v 0.090924 0.454980 -0.113635
v 0.091191 0.454980 -0.119765
v 0.092415 0.454980 -0.125777
v 0.094563 0.454980 -0.131524
v 0.097585 0.454980 -0.136864
v 0.101404 0.454980 -0.141666
v 0.105928 0.454980 -0.145811
v 0.111044 0.454980 -0.149198
v 0.116627 0.454980 -0.151742
v 0.122539 0.454980 -0.153382
v 0.128635 0.454980 -0.154076
v 0.134765 0.454980 -0.153809
v 0.140777 0.454980 -0.152585
v 0.146524 0.454980 -0.150437
v 0.151864 0.454980 -0.147415
v 0.156666 0.454980 -0.143596
v 0.149710 0.501730 -0.136136
v 0.152774 0.501730 -0.132793
v 0.155277 0.501730 -0.129011
v 0.157157 0.501730 -0.124884
v 0.158369 0.501730 -0.120514
v 0.158882 0.501730 -0.116009
v 0.158685 0.501730 -0.111478
v 0.157780 0.501730 -0.107034
v 0.156192 0.501730 -0.102786
v 0.153959 0.501730 -0.098839
v 0.151136 0.501730 -0.095290
v 0.147793 0.501730 -0.092226
v 0.144011 0.501730 -0.089723
v 0.139884 0.501730 -0.087843
v 0.135514 0.501730 -0.086631
v 0.131009 0.501730 -0.086118
v 0.126478 0.501730 -0.086315
v 0.122034 0.501730 -0.087220
v 0.117786 0.501730 -0.088808
v 0.113839 0.501730 -0.091041
v 0.110290 0.501730 -0.093864
v 0.107226 0.501730 -0.097207
v 0.104723 0.501730 -0.100989
v 0.102843 0.501730 -0.105116
v 0.101631 0.501730 -0.109486
v 0.101118 0.501730 -0.113991
v 0.101315 0.501730 -0.118522
v 0.102220 0.501730 -0.122966
v 0.103808 0.501730 -0.127214
v 0.106041 0.501730 -0.131161
v 0.108864 0.501730 -0.134710
v 0.112207 0.501730 -0.137774
v 0.115989 0.501730 -0.140277
v 0.120116 0.501730 -0.142157
v 0.124486 0.501730 -0.143369
v 0.128991 0.501730 -0.143882
v 0.133522 0.501730 -0.143685
v 0.137966 0.501730 -0.142780
v 0.142214 0.501730 -0.141192
v 0.146161 0.501730 -0.138959
v 0.149710 0.501730 -0.136136
v 0.130000 0.510230 -0.115000
v 0.130000 0.510230 -0.115000
v 0.130000 0.510230 -0.115000
v 0.130000 0.510230 -0.115000
v 0.130000 0.510230 -0.115000
v 0.130000 0.510230 -0.115000
v 0.130000 0.510230 -0.115000
v 0.130000 0.510230 -0.115000
v 0.130000 0.510230 -0.115000
v 0.130000 0.510230 -0.115000
v 0.130000 0.510230 -0.115000
v 0.130000 0.510230 -0.115000
v 0.130000 0.510230 -0.115000
v 0.130000 0.510230 -0.115000
v 0.130000 0.510230 -0.115000
v 0.130000 0.510230 -0.115000
v 0.130000 0.510230 -0.115000
v 0.130000 0.510230 -0.115000
v 0.130000 0.510230 -0.115000
v 0.130000 0.510230 -0.115000
v 0.130000 0.510230 -0.115000
v 0.130000 0.510230 -0.115000
v 0.130000 0.510230 -0.115000
v 0.130000 0.510230 -0.115000
v 0.130000 0.510230 -0.115000
v 0.130000 0.510230 -0.115000
v 0.130000 0.510230 -0.115000
v 0.130000 0.510230 -0.115000
v 0.130000 0.510230 -0.115000
v 0.130000 0.510230 -0.115000
v 0.130000 0.510230 -0.115000
v 0.130000 0.510230 -0.115000
v 0.130000 0.510230 -0.115000
v 0.130000 0.510230 -0.115000
v 0.130000 0.510230 -0.115000
v 0.130000 0.510230 -0.115000
v 0.130000 0.510230 -0.115000
v 0.130000 0.510230 -0.115000
v 0.130000 0.510230 -0.115000
v 0.130000 0.510230 -0.115000
v 0.130000 0.510230 -0.115000
v -0.130000 0.412480 0.115000
v -0.130000 0.412480 0.115000
v -0.130000 0.412480 0.115000
v -0.130000 0.412480 0.115000
v -0.130000 0.412480 0.115000
v -0.130000 0.412480 0.115000
v -0.130000 0.412480 0.115000
v -0.130000 0.412480 0.115000
v -0.130000 0.412480 0.115000
v -0.130000 0.412480 0.115000
v -0.130000 0.412480 0.115000
v -0.130000 0.412480 0.115000
v -0.130000 0.412480 0.115000
v -0.130000 0.412480 0.115000
v -0.130000 0.412480 0.115000
v -0.130000 0.412480 0.115000
v -0.130000 0.412480 0.115000
v -0.130000 0.412480 0.115000
v -0.130000 0.412480 0.115000
v -0.130000 0.412480 0.115000
v -0.130000 0.412480 0.115000
v -0.130000 0.412480 0.115000
v -0.130000 0.412480 0.115000
v -0.130000 0.412480 0.115000
v -0.130000 0.412480 0.115000
v -0.130000 0.412480 0.115000
v -0.130000 0.412480 0.115000
v -0.130000 0.412480 0.115000
v -0.130000 0.412480 0.115000
v -0.130000 0.412480 0.115000
v -0.130000 0.412480 0.115000
v -0.130000 0.412480 0.115000
v -0.130000 0.412480 0.115000
v -0.130000 0.412480 0.115000
v -0.130000 0.412480 0.115000
v -0.130000 0.412480 0.115000
v -0.130000 0.412480 0.115000
v -0.130000 0.412480 0.115000
v -0.130000 0.412480 0.115000
v -0.130000 0.412480 0.115000
v -0.130000 0.412480 0.115000
v -0.132965 0.412480 0.072604
v -0.126296 0.412480 0.072662
v -0.119718 0.412480 0.073762
v -0.113394 0.412480 0.075879
v -0.107478 0.412480 0.078958
v -0.102117 0.412480 0.082925
v -0.097443 0.412480 0.087682
v -0.093570 0.412480 0.093111
v -0.090595 0.412480 0.099079
v -0.088589 0.412480 0.105440
v -0.087604 0.412480 0.112035
v -0.087662 0.412480 0.118704
v -0.088762 0.412480 0.125282
v -0.090879 0.412480 0.131606
v -0.093958 0.412480 0.137522
v -0.097925 0.412480 0.142883
v -0.102682 0.412480 0.147557
v -0.108111 0.412480 0.151430
v -0.114079 0.412480 0.154405
v -0.120440 0.412480 0.156411
v -0.127035 0.412480 0.157396
v -0.133704 0.412480 0.157338
v -0.140282 0.412480 0.156238
v -0.146606 0.412480 0.154121
v -0.152522 0.412480 0.151042
v -0.157883 0.412480 0.147075
v -0.162557 0.412480 0.142318
v -0.166430 0.412480 0.136889
v -0.169405 0.412480 0.130921
v -0.171411 0.412480 0.124560
v -0.172396 0.412480 0.117965
v -0.172338 0.412480 0.111296
v -0.171238 0.412480 0.104718
v -0.169121 0.412480 0.098394
v -0.166042 0.412480 0.092478
v -0.162075 0.412480 0.087117
v -0.157318 0.412480 0.082443
v -0.151889 0.412480 0.078570
v -0.145921 0.412480 0.075595
v -0.139560 0.412480 0.073589
v -0.132965 0.412480 0.072604
v -0.132727 0.454980 0.075995
v -0.126592 0.454980 0.076049
v -0.120541 0.454980 0.077061
v -0.114722 0.454980 0.079008
v -0.109280 0.454980 0.081841
v -0.104348 0.454980 0.085491
v -0.100048 0.454980 0.089867
v -0.096485 0.454980 0.094862
v -0.093747 0.454980 0.100353
v -0.091902 0.454980 0.106204
v -0.090995 0.454980 0.112273
v -0.091049 0.454980 0.118408
v -0.092061 0.454980 0.124459
v -0.094008 0.454980 0.130278
v -0.096841 0.454980 0.135720
v -0.100491 0.454980 0.140652
v -0.104867 0.454980 0.144952
v -0.109862 0.454980 0.148515
v -0.115353 0.454980 0.151253
v -0.121204 0.454980 0.153098
v -0.127273 0.454980 0.154005
v -0.133408 0.454980 0.153951
v -0.139459 0.454980 0.152939
v -0.145278 0.454980 0.150992
v -0.150720 0.454980 0.148159
v -0.155652 0.454980 0.144509
v -0.159952 0.454980 0.140133
v -0.163515 0.454980 0.135138
v -0.166253 0.454980 0.129647
v -0.168098 0.454980 0.123796
v -0.169005 0.454980 0.117727
v -0.168951 0.454980 0.111592
v -0.167939 0.454980 0.105541
v -0.165992 0.454980 0.099722
v -0.163159 0.454980 0.094280
v -0.159509 0.454980 0.089348
v -0.155133 0.454980 0.085048
v -0.150138 0.454980 0.081485
v -0.144647 0.454980 0.078747
v -0.138796 0.454980 0.076902
v -0.132727 0.454980 0.075995
v -0.132016 0.501730 0.086170
v -0.127481 0.501730 0.086210
v -0.123008 0.501730 0.086958
v -0.118708 0.501730 0.088397
v -0.114685 0.501730 0.090491
v -0.111040 0.501730 0.093189
v -0.107861 0.501730 0.096423
v -0.105228 0.501730 0.100115
v -0.103204 0.501730 0.104174
v -0.101841 0.501730 0.108499
v -0.101170 0.501730 0.112984
v -0.101210 0.501730 0.117519
v -0.101958 0.501730 0.121992
v -0.103397 0.501730 0.126292
v -0.105491 0.501730 0.130315
v -0.108189 0.501730 0.133960
v -0.111423 0.501730 0.137139
v -0.115115 0.501730 0.139772
v -0.119174 0.501730 0.141796
v -0.123499 0.501730 0.143159
v -0.127984 0.501730 0.143830
v -0.132519 0.501730 0.143790
v -0.136992 0.501730 0.143042
v -0.141292 0.501730 0.141603
v -0.145315 0.501730 0.139509
v -0.148960 0.501730 0.136811
v -0.152139 0.501730 0.133577
v -0.154772 0.501730 0.129885
v -0.156796 0.501730 0.125826
v -0.158159 0.501730 0.121501
v -0.158830 0.501730 0.117016
v -0.158790 0.501730 0.112481
v -0.158042 0.501730 0.108008
v -0.156603 0.501730 0.103708
v -0.154509 0.501730 0.099685
v -0.151811 0.501730 0.096040
v -0.148577 0.501730 0.092861
v -0.144885 0.501730 0.090228
v -0.140826 0.501730 0.088204
v -0.136501 0.501730 0.086841
v -0.132016 0.501730 0.086170
v -0.130000 0.510230 0.115000
v -0.130000 0.510230 0.115000
v -0.130000 0.510230 0.115000
v -0.130000 0.510230 0.115000
v -0.130000 0.510230 0.115000
v -0.130000 0.510230 0.115000
v -0.130000 0.510230 0.115000
v -0.130000 0.510230 0.115000
v -0.130000 0.510230 0.115000
v -0.130000 0.510230 0.115000
v -0.130000 0.510230 0.115000
v -0.130000 0.510230 0.115000
v -0.130000 0.510230 0.115000
v -0.130000 0.510230 0.115000
v -0.130000 0.510230 0.115000
v -0.130000 0.510230 0.115000
v -0.130000 0.510230 0.115000
v -0.130000 0.510230 0.115000
v -0.130000 0.510230 0.115000
v -0.130000 0.510230 0.115000
v -0.130000 0.510230 0.115000
v -0.130000 0.510230 0.115000
v -0.130000 0.510230 0.115000
v -0.130000 0.510230 0.115000
v -0.130000 0.510230 0.115000
v -0.130000 0.510230 0.115000
v -0.130000 0.510230 0.115000
v -0.130000 0.510230 0.115000
v -0.130000 0.510230 0.115000
v -0.130000 0.510230 0.115000
v -0.130000 0.510230 0.115000
v -0.130000 0.510230 0.115000
v -0.130000 0.510230 0.115000
v -0.130000 0.510230 0.115000
v -0.130000 0.510230 0.115000
v -0.130000 0.510230 0.115000
v -0.130000 0.510230 0.115000
v -0.130000 0.510230 0.115000
v -0.130000 0.510230 0.115000
v -0.130000 0.510230 0.115000
v -0.130000 0.510230 0.115000
v 0.130000 0.412480 0.115000
v 0.130000 0.412480 0.115000
v 0.130000 0.412480 0.115000
v 0.130000 0.412480 0.115000
v 0.130000 0.412480 0.115000
v 0.130000 0.412480 0.115000
v 0.130000 0.412480 0.115000
v 0.130000 0.412480 0.115000
v 0.130000 0.412480 0.115000
v 0.130000 0.412480 0.115000
v 0.130000 0.412480 0.115000
v 0.130000 0.412480 0.115000
v 0.130000 0.412480 0.115000
v 0.130000 0.412480 0.115000
v 0.130000 0.412480 0.115000
v 0.130000 0.412480 0.115000
v 0.130000 0.412480 0.115000
v 0.130000 0.412480 0.115000
v 0.130000 0.412480 0.115000
v 0.130000 0.412480 0.115000
v 0.130000 0.412480 0.115000
v 0.130000 0.412480 0.115000
v 0.130000 0.412480 0.115000
v 0.130000 0.412480 0.115000
v 0.130000 0.412480 0.115000
v 0.130000 0.412480 0.115000
v 0.130000 0.412480 0.115000
v 0.130000 0.412480 0.115000
v 0.130000 0.412480 0.115000
v 0.130000 0.412480 0.115000
v 0.130000 0.412480 0.115000
v 0.130000 0.412480 0.115000
v 0.130000 0.412480 0.115000
v 0.130000 0.412480 0.115000
v 0.130000 0.412480 0.115000
v 0.130000 0.412480 0.115000
v 0.130000 0.412480 0.115000
v 0.130000 0.412480 0.115000
v 0.130000 0.412480 0.115000
v 0.130000 0.412480 0.115000
v 0.130000 0.412480 0.115000
v 0.096971 0.412480 0.088254
v 0.101562 0.412480 0.083416
v 0.106853 0.412480 0.079357
v 0.112714 0.412480 0.076174
v 0.119000 0.412480 0.073948
v 0.125558 0.412480 0.072733
v 0.132224 0.412480 0.072558
v 0.138836 0.412480 0.073429
v 0.145231 0.412480 0.075323
v 0.151250 0.412480 0.078194
v 0.156746 0.412480 0.081971
v 0.161584 0.412480 0.086562
v 0.165643 0.412480 0.091853
v 0.168826 0.412480 0.097714
v 0.171052 0.412480 0.104000
v 0.172267 0.412480 0.110558
v 0.172442 0.412480 0.117224
v 0.171571 0.412480 0.123836
v 0.169677 0.412480 0.130231
v 0.166806 0.412480 0.136250
v 0.163029 0.412480 0.141746
v 0.158438 0.412480 0.146584
v 0.153147 0.412480 0.150643
v 0.147286 0.412480 0.153826
v 0.141000 0.412480 0.156052
v 0.134442 0.412480 0.157267
v 0.127776 0.412480 0.157442
v 0.121164 0.412480 0.156571
v 0.114769 0.412480 0.154677
v 0.108750 0.412480 0.151806
v 0.103254 0.412480 0.148029
v 0.098416 0.412480 0.143438
v 0.094357 0.412480 0.138147
v 0.091174 0.412480 0.132286
v 0.088948 0.412480 0.126000
v 0.087733 0.412480 0.119442
v 0.087558 0.412480 0.112776
v 0.088429 0.412480 0.106164
v 0.090323 0.412480 0.099769
v 0.093194 0.412480 0.093750
v 0.096971 0.412480 0.088254
v 0.099614 0.454980 0.090394
v 0.103837 0.454980 0.085943
v 0.108705 0.454980 0.082208
v 0.114097 0.454980 0.079280
v 0.119880 0.454980 0.077232
v 0.125913 0.454980 0.076114
v 0.132046 0.454980 0.075954
v 0.138129 0.454980 0.076754
v 0.144012 0.454980 0.078497
v 0.149550 0.454980 0.081138
v 0.154606 0.454980 0.084614
v 0.159057 0.454980 0.088837
v 0.162792 0.454980 0.093705
v 0.165720 0.454980 0.099097
v 0.167768 0.454980 0.104880
v 0.168886 0.454980 0.110913
v 0.169046 0.454980 0.117046
v 0.168246 0.454980 0.123129
v 0.166503 0.454980 0.129012
v 0.163862 0.454980 0.134550
v 0.160386 0.454980 0.139606
v 0.156163 0.454980 0.144057
v 0.151295 0.454980 0.147792
v 0.145903 0.454980 0.150720
v 0.140120 0.454980 0.152768
v 0.134087 0.454980 0.153886
v 0.127954 0.454980 0.154046
v 0.121871 0.454980 0.153246
v 0.115988 0.454980 0.151503
v 0.110450 0.454980 0.148862
v 0.105394 0.454980 0.145386
v 0.100943 0.454980 0.141163
v 0.097208 0.454980 0.136295
v 0.094280 0.454980 0.130903
v 0.092232 0.454980 0.125120
v 0.091114 0.454980 0.119087
v 0.090954 0.454980 0.112954
v 0.091754 0.454980 0.106871
v 0.093497 0.454980 0.100988
v 0.096138 0.454980 0.095450
v 0.099614 0.454980 0.090394
v 0.107540 0.501730 0.096813
v 0.110662 0.501730 0.093523
v 0.114260 0.501730 0.090762
v 0.118245 0.501730 0.088599
v 0.122520 0.501730 0.087085
v 0.126979 0.501730 0.086258
v 0.131513 0.501730 0.086140
v 0.136009 0.501730 0.086732
v 0.140357 0.501730 0.088020
v 0.144450 0.501730 0.089972
v 0.148187 0.501730 0.092540
v 0.151477 0.501730 0.095662
v 0.154238 0.501730 0.099260
v 0.156401 0.501730 0.103245
v 0.157915 0.501730 0.107520
v 0.158742 0.501730 0.111979
v 0.158860 0.501730 0.116513
v 0.158268 0.501730 0.121009
v 0.156980 0.501730 0.125357
v 0.155028 0.501730 0.129450
v 0.152460 0.501730 0.133187
v 0.149338 0.501730 0.136477
v 0.145740 0.501730 0.139238
v 0.141755 0.501730 0.141401
v 0.137480 0.501730 0.142915
v 0.133021 0.501730 0.143742
v 0.128487 0.501730 0.143860
v 0.123991 0.501730 0.143268
v 0.119643 0.501730 0.141980
v 0.115550 0.501730 0.140028
v 0.111813 0.501730 0.137460
v 0.108523 0.501730 0.134338
v 0.105762 0.501730 0.130740
v 0.103599 0.501730 0.126755
v 0.102085 0.501730 0.122480
v 0.101258 0.501730 0.118021
v 0.101140 0.501730 0.113487
v 0.101732 0.501730 0.108991
v 0.103020 0.501730 0.104643
v 0.104972 0.501730 0.100550
v 0.107540 0.501730 0.096813
v 0.130000 0.510230 0.115000
v 0.130000 0.510230 0.115000
v 0.130000 0.510230 0.115000
v 0.130000 0.510230 0.115000
v 0.130000 0.510230 0.115000
v 0.130000 0.510230 0.115000
v 0.130000 0.510230 0.115000
v 0.130000 0.510230 0.115000
v 0.130000 0.510230 0.115000
v 0.130000 0.510230 0.115000
v 0.130000 0.510230 0.115000
v 0.130000 0.510230 0.115000
v 0.130000 0.510230 0.115000
v 0.130000 0.510230 0.115000
v 0.130000 0.510230 0.115000
v 0.130000 0.510230 0.115000
v 0.130000 0.510230 0.115000
v 0.130000 0.510230 0.115000
v 0.130000 0.510230 0.115000
v 0.130000 0.510230 0.115000
v 0.130000 0.510230 0.115000
v 0.130000 0.510230 0.115000
v 0.130000 0.510230 0.115000
v 0.130000 0.510230 0.115000
v 0.130000 0.510230 0.115000
v 0.130000 0.510230 0.115000
v 0.130000 0.510230 0.115000
v 0.130000 0.510230 0.115000
v 0.130000 0.510230 0.115000
v 0.130000 0.510230 0.115000
v 0.130000 0.510230 0.115000
v 0.130000 0.510230 0.115000
v 0.130000 0.510230 0.115000
v 0.130000 0.510230 0.115000
v 0.130000 0.510230 0.115000
v 0.130000 0.510230 0.115000
v 0.130000 0.510230 0.115000
v 0.130000 0.510230 0.115000
v 0.130000 0.510230 0.115000
v 0.130000 0.510230 0.115000
v 0.130000 0.510230 0.115000
vn 0.000000 -1.000000 0.000000
vn 0.000000 -1.000000 0.000000
vn 0.000000 -1.000000 0.000000
vn 0.000000 -1.000000 0.000000
vn 0.000000 -1.000000 0.000000
vn 0.000000 -1.000000 0.000000
vn 0.000000 -1.000000 0.000000
vn 0.000000 -1.000000 0.000000
vn 0.000000 -1.000000 0.000000
vn 0.000000 -1.000000 0.000000
vn 0.000000 -1.000000 0.000000
vn 0.000000 -1.000000 0.000000
vn 0.000000 -1.000000 0.000000
vn 0.000000 -1.000000 0.000000
vn 0.000000 -1.000000 0.000000
vn 0.000000 -1.000000 0.000000
vn 0.000000 -1.000000 0.000000
vn 0.000000 -1.000000 0.000000
vn 0.000000 -1.000000 0.000000
vn 0.000000 -1.000000 0.000000
vn 0.000000 -1.000000 0.000000
vn 0.000000 -1.000000 0.000000
vn 0.000000 -1.000000 0.000000
vn 0.000000 -1.000000 0.000000
vn 0.000000 -1.000000 0.000000
vn 0.000000 -1.000000 0.000000
vn 0.000000 -1.000000 0.000000
vn 0.000000 -1.000000 0.000000
vn 0.000000 -1.000000 0.000000
vn 0.000000 -1.000000 0.000000
vn 0.000000 -1.000000 0.000000
vn 0.000000 -1.000000 0.000000
vn 0.000000 -1.000000 0.000000
vn 0.000000 -1.000000 0.000000
vn 0.000000 -1.000000 0.000000
vn 0.000000 -1.000000 0.000000
vn 0.000000 -1.000000 0.000000
vn 0.000000 -1.000000 0.000000
vn 0.000000 -1.000000 0.000000
vn 0.000000 -1.000000 0.000000
vn 0.000000 -1.000000 0.000000
vn 0.855433 -0.517479 -0.021212
vn 0.848220 -0.517479 0.112869
vn 0.820120 -0.517479 0.244170
vn 0.771827 -0.517479 0.369459
vn 0.704528 -0.517479 0.485650
vn 0.619882 -0.517479 0.589884
vn 0.519972 -0.517479 0.679592
vn 0.407258 -0.517479 0.752567
vn 0.284517 -0.517479 0.807011
vn 0.154770 -0.517479 0.841583
vn 0.021212 -0.517479 0.855433
vn -0.112869 -0.517479 0.848220
vn -0.244170 -0.517479 0.820120
vn -0.369459 -0.517479 0.771827
vn -0.485650 -0.517479 0.704528
vn -0.589884 -0.517479 0.619882
vn -0.679592 -0.517479 0.519972
vn -0.752567 -0.517479 0.407258
vn -0.807011 -0.517479 0.284517
vn -0.841583 -0.517479 0.154770
vn -0.855433 -0.517479 0.021212
vn -0.848220 -0.517479 -0.112869
vn -0.820120 -0.517479 -0.244170
vn -0.771827 -0.517479 -0.369459
vn -0.704528 -0.517479 -0.485650
vn -0.619882 -0.517479 -0.589884
vn -0.519972 -0.517479 -0.679592
vn -0.407258 -0.517479 -0.752567
vn -0.284517 -0.517479 -0.807011
vn -0.154770 -0.517479 -0.841583
vn -0.021212 -0.517479 -0.855433
vn 0.112869 -0.517479 -0.848220
vn 0.244170 -0.517479 -0.820120
vn 0.369459 -0.517479 -0.771827
vn 0.485650 -0.517479 -0.704528
vn 0.589884 -0.517479 -0.619882
vn 0.679592 -0.517479 -0.519972
vn 0.752567 -0.517479 -0.407258
vn 0.807011 -0.517479 -0.284517
vn 0.841583 -0.517479 -0.154770
vn 0.855433 -0.517479 -0.021212
vn 0.989182 0.146650 0.003496
vn 0.976457 0.146650 0.158195
vn 0.939688 0.146650 0.308999
vn 0.879781 0.146650 0.452194
vn 0.798211 0.146650 0.584255
vn 0.696986 0.146650 0.701929
vn 0.578599 0.146650 0.802320
vn 0.445965 0.146650 0.882955
vn 0.302349 0.146650 0.941848
vn 0.151289 0.146650 0.977551
vn -0.003496 0.146650 0.989182
vn -0.158195 0.146650 0.976457
vn -0.308999 0.146650 0.939688
vn -0.452194 0.146650 0.879781
vn -0.584255 0.146650 0.798211
vn -0.701929 0.146650 0.696986
vn -0.802320 0.146650 0.578599
vn -0.882955 0.146650 0.445965
vn -0.941848 0.146650 0.302349
vn -0.977551 0.146650 0.151289
vn -0.989182 0.146650 -0.003496
vn -0.976457 0.146650 -0.158195
vn -0.939688 0.146650 -0.308999
vn -0.879781 0.146650 -0.452194
vn -0.798211 0.146650 -0.584255
vn -0.696986 0.146650 -0.701929
vn -0.578599 0.146650 -0.802320
vn -0.445965 0.146650 -0.882955
vn -0.302349 0.146650 -0.941848
vn -0.151289 0.146650 -0.977551
vn 0.003496 0.146650 -0.989182
vn 0.158195 0.146650 -0.976457
vn 0.308999 0.146650 -0.939688
vn 0.452194 0.146650 -0.879781
vn 0.584255 0.146650 -0.798211
vn 0.701929 0.146650 -0.696986
vn 0.802320 0.146650 -0.578599
vn 0.882955 0.146650 -0.445965
vn 0.941848 0.146650 -0.302349
vn 0.977551 0.146650 -0.151289
vn 0.989182 0.146650 0.003496
vn 0.883474 0.467796 0.025311
vn 0.868637 0.467796 0.163205
vn 0.832412 0.467796 0.297081
vn 0.775690 0.467796 0.423641
vn 0.699868 0.467796 0.539770
vn 0.606813 0.467796 0.642608
vn 0.498816 0.467796 0.729623
vn 0.378536 0.467796 0.798672
vn 0.248936 0.467796 0.848055
vn 0.113206 0.467796 0.876556
vn -0.025311 0.467796 0.883474
vn -0.163205 0.467796 0.868637
vn -0.297081 0.467796 0.832412
vn -0.423641 0.467796 0.775690
vn -0.539770 0.467796 0.699868
vn -0.642608 0.467796 0.606813
vn -0.729623 0.467796 0.498816
vn -0.798672 0.467796 0.378536
vn -0.848055 0.467796 0.248936
vn -0.876556 0.467796 0.113206
vn -0.883474 0.467796 -0.025311
vn -0.868637 0.467796 -0.163205
vn -0.832412 0.467796 -0.297081
vn -0.775690 0.467796 -0.423641
vn -0.699868 0.467796 -0.539770
vn -0.606813 0.467796 -0.642608
vn -0.498816 0.467796 -0.729623
vn -0.378536 0.467796 -0.798672
vn -0.248936 0.467796 -0.848055
vn -0.113206 0.467796 -0.876556
vn 0.025311 0.467796 -0.883474
vn 0.163205 0.467796 -0.868637
vn 0.297081 0.467796 -0.832412
vn 0.423641 0.467796 -0.775690
vn 0.539770 0.467796 -0.699868
vn 0.642608 0.467796 -0.606813
vn 0.729623 0.467796 -0.498816
vn 0.798672 0.467796 -0.378536
vn 0.848055 0.467796 -0.248936
vn 0.876556 0.467796 -0.113206
vn 0.883474 0.467796 0.025311
vn -0.000000 1.000000 -0.000000
vn -0.000000 1.000000 -0.000000
vn -0.000000 1.000000 -0.000000
vn -0.000000 1.000000 -0.000000
vn -0.000000 1.000000 -0.000000
vn -0.000000 1.000000 -0.000000
vn -0.000000 1.000000 -0.000000
vn -0.000000 1.000000 -0.000000
vn -0.000000 1.000000 -0.000000
vn -0.000000 1.000000 -0.000000
vn -0.000000 1.000000 -0.000000
vn -0.000000 1.000000 -0.000000
vn -0.000000 1.000000 -0.000000
vn -0.000000 1.000000 -0.000000
vn -0.000000 1.000000 -0.000000
vn -0.000000 1.000000 -0.000000
vn -0.000000 1.000000 -0.000000
vn -0.000000 1.000000 -0.000000
vn -0.000000 1.000000 -0.000000
vn -0.000000 1.000000 -0.000000
vn -0.000000 1.000000 -0.000000
vn -0.000000 1.000000 -0.000000
vn -0.000000 1.000000 -0.000000
vn -0.000000 1.000000 -0.000000
vn -0.000000 1.000000 -0.000000
vn -0.000000 1.000000 -0.000000
vn -0.000000 1.000000 -0.000000
vn -0.000000 1.000000 -0.000000
vn -0.000000 1.000000 -0.000000
vn -0.000000 1.000000 -0.000000
vn -0.000000 1.000000 -0.000000
vn -0.000000 1.000000 -0.000000
vn -0.000000 1.000000 -0.000000
vn -0.000000 1.000000 -0.000000
vn -0.000000 1.000000 -0.000000
vn -0.000000 1.000000 -0.000000
vn -0.000000 1.000000 -0.000000
vn -0.000000 1.000000 -0.000000
vn -0.000000 1.000000 -0.000000
vn -0.000000 1.000000 -0.000000
vn -0.000000 1.000000 -0.000000
vn 0.000000 -1.000000 0.000000
vn 0.000000 -1.000000 0.000000
vn 0.000000 -1.000000 0.000000
vn 0.000000 -1.000000 0.000000
vn 0.000000 -1.000000 0.000000
vn 0.000000 -1.000000 0.000000
vn 0.000000 -1.000000 0.000000
vn 0.000000 -1.000000 0.000000
vn 0.000000 -1.000000 0.000000
vn 0.000000 -1.000000 0.000000
vn 0.000000 -1.000000 0.000000
vn 0.000000 -1.000000 0.000000
vn 0.000000 -1.000000 0.000000
vn 0.000000 -1.000000 0.000000
vn 0.000000 -1.000000 0.000000
vn 0.000000 -1.000000 0.000000
vn 0.000000 -1.000000 0.000000
vn 0.000000 -1.000000 0.000000
vn 0.000000 -1.000000 0.000000
vn 0.000000 -1.000000 0.000000
vn 0.000000 -1.000000 0.000000
vn 0.000000 -1.000000 0.000000
vn 0.000000 -1.000000 0.000000
vn 0.000000 -1.000000 0.000000
vn 0.000000 -1.000000 0.000000
vn 0.000000 -1.000000 0.000000
vn 0.000000 -1.000000 0.000000
vn 0.000000 -1.000000 0.000000
vn 0.000000 -1.000000 0.000000
vn 0.000000 -1.000000 0.000000
vn 0.000000 -1.000000 0.000000
vn 0.000000 -1.000000 0.000000
vn 0.000000 -1.000000 0.000000
vn 0.000000 -1.000000 0.000000
vn 0.000000 -1.000000 0.000000
vn 0.000000 -1.000000 0.000000
vn 0.000000 -1.000000 0.000000
vn 0.000000 -1.000000 0.000000
vn 0.000000 -1.000000 0.000000
vn 0.000000 -1.000000 0.000000
vn 0.000000 -1.000000 0.000000
vn 0.567891 -0.517479 -0.640091
vn 0.661031 -0.517479 -0.543372
vn 0.737895 -0.517479 -0.433274
vn 0.796589 -0.517479 -0.312508
vn 0.835669 -0.517479 -0.184046
vn 0.854172 -0.517479 -0.051053
vn 0.851642 -0.517479 0.083198
vn 0.828142 -0.517479 0.215399
vn 0.784250 -0.517479 0.342297
vn 0.721048 -0.517479 0.460767
vn 0.640091 -0.517479 0.567891
vn 0.543372 -0.517479 0.661031
vn 0.433274 -0.517479 0.737895
vn 0.312508 -0.517479 0.796589
vn 0.184046 -0.517479 0.835669
vn 0.051053 -0.517479 0.854172
vn -0.083198 -0.517479 0.851642
vn -0.215399 -0.517479 0.828142
vn -0.342297 -0.517479 0.784250
vn -0.460767 -0.517479 0.721048
vn -0.567891 -0.517479 0.640091
vn -0.661031 -0.517479 0.543372
vn -0.737895 -0.517479 0.433274
vn -0.796589 -0.517479 0.312508
vn -0.835669 -0.517479 0.184046
vn -0.854172 -0.517479 0.051053
vn -0.851642 -0.517479 -0.083198
vn -0.828142 -0.517479 -0.215399
vn -0.784250 -0.517479 -0.342297
vn -0.721048 -0.517479 -0.460767
vn -0.640091 -0.517479 -0.567891
vn -0.543372 -0.517479 -0.661031
vn -0.433274 -0.517479 -0.737895
vn -0.312508 -0.517479 -0.796589
vn -0.184046 -0.517479 -0.835669
vn -0.051053 -0.517479 -0.854172
vn 0.083198 -0.517479 -0.851642
vn 0.215399 -0.517479 -0.828142
vn 0.342297 -0.517479 -0.784250
vn 0.460767 -0.517479 -0.721048
vn 0.567891 -0.517479 -0.640091
vn 0.677177 0.146650 -0.721058
vn 0.781638 0.146650 -0.606247
vn 0.866853 0.146650 -0.476508
vn 0.930723 0.146650 -0.335035
vn 0.971675 0.146650 -0.185313
vn 0.988702 0.146650 -0.031028
vn 0.981383 0.146650 0.124021
vn 0.949899 0.146650 0.276016
vn 0.895026 0.146650 0.421215
vn 0.818114 0.146650 0.556042
vn 0.721058 0.146650 0.677177
vn 0.606247 0.146650 0.781638
vn 0.476508 0.146650 0.866853
vn 0.335035 0.146650 0.930723
vn 0.185313 0.146650 0.971675
vn 0.031028 0.146650 0.988702
vn -0.124021 0.146650 0.981383
vn -0.276016 0.146650 0.949899
vn -0.421215 0.146650 0.895026
vn -0.556042 0.146650 0.818114
vn -0.677177 0.146650 0.721058
vn -0.781638 0.146650 0.606247
vn -0.866853 0.146650 0.476508
vn -0.930723 0.146650 0.335035
vn -0.971675 0.146650 0.185313
vn -0.988702 0.146650 0.031028
vn -0.981383 0.146650 -0.124021
vn -0.949899 0.146650 -0.276016
vn -0.895026 0.146650 -0.421215
vn -0.818114 0.146650 -0.556042
vn -0.721058 0.146650 -0.677177
vn -0.606247 0.146650 -0.781638
vn -0.476508 0.146650 -0.866853
vn -0.335035 0.146650 -0.930723
vn -0.185313 0.146650 -0.971675
vn -0.031028 0.146650 -0.988702
vn 0.124021 0.146650 -0.981383
vn 0.276016 0.146650 -0.949899
vn 0.421215 0.146650 -0.895026
vn 0.556042 0.146650 -0.818114
vn 0.677177 0.146650 -0.721058
vn 0.621039 0.467796 -0.628870
vn 0.711770 0.467796 -0.523975
vn 0.784975 0.467796 -0.406179
vn 0.838851 0.467796 -0.278381
vn 0.872072 0.467796 -0.143729
vn 0.883819 0.467796 -0.005537
vn 0.873804 0.467796 0.132791
vn 0.842273 0.467796 0.267849
vn 0.790002 0.467796 0.396312
vn 0.718279 0.467796 0.515016
vn 0.628870 0.467796 0.621039
vn 0.523975 0.467796 0.711770
vn 0.406179 0.467796 0.784975
vn 0.278381 0.467796 0.838851
vn 0.143729 0.467796 0.872072
vn 0.005537 0.467796 0.883819
vn -0.132791 0.467796 0.873804
vn -0.267849 0.467796 0.842273
vn -0.396312 0.467796 0.790002
vn -0.515016 0.467796 0.718279
vn -0.621039 0.467796 0.628870
vn -0.711770 0.467796 0.523975
vn -0.784975 0.467796 0.406179
vn -0.838851 0.467796 0.278381
vn -0.872072 0.467796 0.143729
vn -0.883819 0.467796 0.005537
vn -0.873804 0.467796 -0.132791
vn -0.842273 0.467796 -0.267849
vn -0.790002 0.467796 -0.396312
vn -0.718279 0.467796 -0.515016
vn -0.628870 0.467796 -0.621039
vn -0.523975 0.467796 -0.711770
vn -0.406179 0.467796 -0.784975
vn -0.278381 0.467796 -0.838851
vn -0.143729 0.467796 -0.872072
vn -0.005537 0.467796 -0.883819
vn 0.132791 0.467796 -0.873804
vn 0.267849 0.467796 -0.842273
vn 0.396312 0.467796 -0.790002
vn 0.515016 0.467796 -0.718279
vn 0.621039 0.467796 -0.628870
vn 0.000000 1.000000 -0.000000
vn 0.000000 1.000000 -0.000000
vn 0.000000 1.000000 -0.000000
vn 0.000000 1.000000 -0.000000
vn 0.000000 1.000000 -0.000000
vn 0.000000 1.000000 -0.000000
vn 0.000000 1.000000 -0.000000
vn 0.000000 1.000000 -0.000000
vn 0.000000 1.000000 -0.000000
vn 0.000000 1.000000 -0.000000
vn 0.000000 1.000000 -0.000000
vn 0.000000 1.000000 -0.000000
vn 0.000000 1.000000 -0.000000
vn 0.000000 1.000000 -0.000000
vn 0.000000 1.000000 -0.000000
vn 0.000000 1.000000 -0.000000
vn 0.000000 1.000000 -0.000000
vn 0.000000 1.000000 -0.000000
vn 0.000000 1.000000 -0.000000
vn 0.000000 1.000000 -0.000000
vn 0.000000 1.000000 -0.000000
vn 0.000000 1.000000 -0.000000
vn 0.000000 1.000000 -0.000000
vn 0.000000 1.000000 -0.000000
vn 0.000000 1.000000 -0.000000
vn 0.000000 1.000000 -0.000000
vn 0.000000 1.000000 -0.000000
vn 0.000000 1.000000 -0.000000
vn 0.000000 1.000000 -0.000000
vn 0.000000 1.000000 -0.000000
vn 0.000000 1.000000 -0.000000
vn 0.000000 1.000000 -0.000000
vn 0.000000 1.000000 -0.000000
vn 0.000000 1.000000 -0.000000
vn 0.000000 1.000000 -0.000000
vn 0.000000 1.000000 -0.000000
vn 0.000000 1.000000 -0.000000
vn 0.000000 1.000000 -0.000000
vn 0.000000 1.000000 -0.000000
vn 0.000000 1.000000 -0.000000
vn 0.000000 1.000000 -0.000000
vn 0.000000 -1.000000 0.000000
vn 0.000000 -1.000000 0.000000
vn 0.000000 -1.000000 0.000000
vn 0.000000 -1.000000 0.000000
vn 0.000000 -1.000000 0.000000
vn 0.000000 -1.000000 0.000000
vn 0.000000 -1.000000 0.000000
vn 0.000000 -1.000000 0.000000
vn 0.000000 -1.000000 0.000000
vn 0.000000 -1.000000 0.000000
vn 0.000000 -1.000000 0.000000
vn 0.000000 -1.000000 0.000000
vn 0.000000 -1.000000 0.000000
vn 0.000000 -1.000000 0.000000
vn 0.000000 -1.000000 0.000000
vn 0.000000 -1.000000 0.000000
vn 0.000000 -1.000000 0.000000
vn 0.000000 -1.000000 0.000000
vn 0.000000 -1.000000 0.000000
vn 0.000000 -1.000000 0.000000
vn 0.000000 -1.000000 0.000000
vn 0.000000 -1.000000 0.000000
vn 0.000000 -1.000000 0.000000
vn 0.000000 -1.000000 0.000000
vn 0.000000 -1.000000 0.000000
vn 0.000000 -1.000000 0.000000
vn 0.000000 -1.000000 0.000000
vn 0.000000 -1.000000 0.000000
vn 0.000000 -1.000000 0.000000
vn 0.000000 -1.000000 0.000000
vn 0.000000 -1.000000 0.000000
vn 0.000000 -1.000000 0.000000
vn 0.000000 -1.000000 0.000000
vn 0.000000 -1.000000 0.000000
vn 0.000000 -1.000000 0.000000
vn 0.000000 -1.000000 0.000000
vn 0.000000 -1.000000 0.000000
vn 0.000000 -1.000000 0.000000
vn 0.000000 -1.000000 0.000000
vn 0.000000 -1.000000 0.000000
vn 0.000000 -1.000000 0.000000
vn -0.080832 -0.517479 -0.851870
vn 0.053425 -0.517479 -0.854027
vn 0.186366 -0.517479 -0.835155
vn 0.314719 -0.517479 -0.795719
vn 0.435322 -0.517479 -0.736689
vn 0.545206 -0.517479 -0.659520
vn 0.641665 -0.517479 -0.566111
vn 0.722325 -0.517479 -0.458763
vn 0.785198 -0.517479 -0.340118
vn 0.828737 -0.517479 -0.213099
vn 0.851870 -0.517479 -0.080832
vn 0.854027 -0.517479 0.053425
vn 0.835155 -0.517479 0.186366
vn 0.795719 -0.517479 0.314719
vn 0.736689 -0.517479 0.435322
vn 0.659520 -0.517479 0.545206
vn 0.566111 -0.517479 0.641665
vn 0.458763 -0.517479 0.722325
vn 0.340118 -0.517479 0.785198
vn 0.213099 -0.517479 0.828737
vn 0.080832 -0.517479 0.851870
vn -0.053425 -0.517479 0.854027
vn -0.186366 -0.517479 0.835155
vn -0.314719 -0.517479 0.795719
vn -0.435322 -0.517479 0.736689
vn -0.545206 -0.517479 0.659520
vn -0.641665 -0.517479 0.566111
vn -0.722325 -0.517479 0.458763
vn -0.785198 -0.517479 0.340118
vn -0.828737 -0.517479 0.213099
vn -0.851870 -0.517479 0.080832
vn -0.854027 -0.517479 -0.053425
vn -0.835155 -0.517479 -0.186366
vn -0.795719 -0.517479 -0.314719
vn -0.736689 -0.517479 -0.435322
vn -0.659520 -0.517479 -0.545206
vn -0.566111 -0.517479 -0.641665
vn -0.458763 -0.517479 -0.722325
vn -0.340118 -0.517479 -0.785198
vn -0.213099 -0.517479 -0.828737
vn -0.080832 -0.517479 -0.851870
vn -0.065515 0.146650 -0.987017
vn 0.089695 0.146650 -0.985113
vn 0.242697 0.146650 -0.958954
vn 0.389722 0.146650 -0.909181
vn 0.527151 0.146650 -0.837022
vn 0.651600 0.146650 -0.744252
vn 0.760005 0.146650 -0.633156
vn 0.849695 0.146650 -0.506470
vn 0.918463 0.146650 -0.367313
vn 0.964616 0.146650 -0.219111
vn 0.987017 0.146650 -0.065515
vn 0.985113 0.146650 0.089695
vn 0.958954 0.146650 0.242697
vn 0.909181 0.146650 0.389722
vn 0.837022 0.146650 0.527151
vn 0.744252 0.146650 0.651600
vn 0.633156 0.146650 0.760005
vn 0.506470 0.146650 0.849695
vn 0.367313 0.146650 0.918463
vn 0.219111 0.146650 0.964616
vn 0.065515 0.146650 0.987017
vn -0.089695 0.146650 0.985113
vn -0.242697 0.146650 0.958954
vn -0.389722 0.146650 0.909181
vn -0.527151 0.146650 0.837022
vn -0.651600 0.146650 0.744252
vn -0.760005 0.146650 0.633156
vn -0.849695 0.146650 0.506470
vn -0.918463 0.146650 0.367313
vn -0.964616 0.146650 0.219111
vn -0.987017 0.146650 0.065515
vn -0.985113 0.146650 -0.089695
vn -0.958954 0.146650 -0.242697
vn -0.909181 0.146650 -0.389722
vn -0.837022 0.146650 -0.527151
vn -0.744252 0.146650 -0.651600
vn -0.633156 0.146650 -0.760005
vn -0.506470 0.146650 -0.849695
vn -0.367313 0.146650 -0.918463
vn -0.219111 0.146650 -0.964616
vn -0.065515 0.146650 -0.987017
vn -0.036378 0.467796 -0.883087
vn 0.102215 0.467796 -0.877906
vn 0.238291 0.467796 -0.851108
vn 0.368500 0.467796 -0.803352
vn 0.489635 0.467796 -0.735815
vn 0.598714 0.467796 -0.650161
vn 0.693050 0.467796 -0.548496
vn 0.770321 0.467796 -0.433327
vn 0.828624 0.467796 -0.307487
vn 0.866524 0.467796 -0.174076
vn 0.883087 0.467796 -0.036378
vn 0.877906 0.467796 0.102215
vn 0.851108 0.467796 0.238291
vn 0.803352 0.467796 0.368500
vn 0.735815 0.467796 0.489635
vn 0.650161 0.467796 0.598714
vn 0.548496 0.467796 0.693050
vn 0.433327 0.467796 0.770321
vn 0.307487 0.467796 0.828624
vn 0.174076 0.467796 0.866524
vn 0.036378 0.467796 0.883087
vn -0.102215 0.467796 0.877906
vn -0.238291 0.467796 0.851108
vn -0.368500 0.467796 0.803352
vn -0.489635 0.467796 0.735815
vn -0.598714 0.467796 0.650161
vn -0.693050 0.467796 0.548496
vn -0.770321 0.467796 0.433327
vn -0.828624 0.467796 0.307487
vn -0.866524 0.467796 0.174076
vn -0.883087 0.467796 0.036378
vn -0.877906 0.467796 -0.102215
vn -0.851108 0.467796 -0.238291
vn -0.803352 0.467796 -0.368500
vn -0.735815 0.467796 -0.489635
vn -0.650161 0.467796 -0.598714
vn -0.548496 0.467796 -0.693050
vn -0.433327 0.467796 -0.770321
vn -0.307487 0.467796 -0.828624
vn -0.174076 0.467796 -0.866524
vn -0.036378 0.467796 -0.883087
vn -0.000000 1.000000 -0.000000
vn -0.000000 1.000000 -0.000000
vn -0.000000 1.000000 -0.000000
vn -0.000000 1.000000 -0.000000
vn -0.000000 1.000000 -0.000000
vn -0.000000 1.000000 -0.000000
vn -0.000000 1.000000 -0.000000
vn -0.000000 1.000000 -0.000000
vn -0.000000 1.000000 -0.000000
vn -0.000000 1.000000 -0.000000
vn -0.000000 1.000000 -0.000000
vn -0.000000 1.000000 -0.000000
vn -0.000000 1.000000 -0.000000
vn -0.000000 1.000000 -0.000000
vn -0.000000 1.000000 -0.000000
vn -0.000000 1.000000 -0.000000
vn -0.000000 1.000000 -0.000000
vn -0.000000 1.000000 -0.000000
vn -0.000000 1.000000 -0.000000
vn -0.000000 1.000000 -0.000000
vn -0.000000 1.000000 -0.000000
vn -0.000000 1.000000 -0.000000
vn -0.000000 1.000000 -0.000000
vn -0.000000 1.000000 -0.000000
vn -0.000000 1.000000 -0.000000
vn -0.000000 1.000000 -0.000000
vn -0.000000 1.000000 -0.000000
vn -0.000000 1.000000 -0.000000
vn -0.000000 1.000000 -0.000000
vn -0.000000 1.000000 -0.000000
vn -0.000000 1.000000 -0.000000
vn -0.000000 1.000000 -0.000000
vn -0.000000 1.000000 -0.000000
vn -0.000000 1.000000 -0.000000
vn -0.000000 1.000000 -0.000000
vn -0.000000 1.000000 -0.000000
vn -0.000000 1.000000 -0.000000
vn -0.000000 1.000000 -0.000000
vn -0.000000 1.000000 -0.000000
vn -0.000000 1.000000 -0.000000
vn -0.000000 1.000000 -0.000000
vn 0.000000 -1.000000 0.000000
vn 0.000000 -1.000000 0.000000
vn 0.000000 -1.000000 0.000000
vn 0.000000 -1.000000 0.000000
vn 0.000000 -1.000000 0.000000
vn 0.000000 -1.000000 0.000000
vn 0.000000 -1.000000 0.000000
vn 0.000000 -1.000000 0.000000
vn 0.000000 -1.000000 0.000000
vn 0.000000 -1.000000 0.000000
vn 0.000000 -1.000000 0.000000
vn 0.000000 -1.000000 0.000000
vn 0.000000 -1.000000 0.000000
vn 0.000000 -1.000000 0.000000
vn 0.000000 -1.000000 0.000000
vn 0.000000 -1.000000 0.000000
vn 0.000000 -1.000000 0.000000
vn 0.000000 -1.000000 0.000000
vn 0.000000 -1.000000 0.000000
vn 0.000000 -1.000000 0.000000
vn 0.000000 -1.000000 0.000000
vn 0.000000 -1.000000 0.000000
vn 0.000000 -1.000000 0.000000
vn 0.000000 -1.000000 0.000000
vn 0.000000 -1.000000 0.000000
vn 0.000000 -1.000000 0.000000
vn 0.000000 -1.000000 0.000000
vn 0.000000 -1.000000 0.000000
vn 0.000000 -1.000000 0.000000
vn 0.000000 -1.000000 0.000000
vn 0.000000 -1.000000 0.000000
vn 0.000000 -1.000000 0.000000
vn 0.000000 -1.000000 0.000000
vn 0.000000 -1.000000 0.000000
vn 0.000000 -1.000000 0.000000
vn 0.000000 -1.000000 0.000000
vn 0.000000 -1.000000 0.000000
vn 0.000000 -1.000000 0.000000
vn 0.000000 -1.000000 0.000000
vn 0.000000 -1.000000 0.000000
vn 0.000000 -1.000000 0.000000
vn -0.678145 -0.517479 -0.521857
vn -0.588160 -0.517479 -0.621517
vn -0.483692 -0.517479 -0.705874
vn -0.367314 -0.517479 -0.772850
vn -0.241891 -0.517479 -0.820795
vn -0.110513 -0.517479 -0.848530
vn 0.023587 -0.517479 -0.855371
vn 0.157106 -0.517479 -0.841150
vn 0.286757 -0.517479 -0.806217
vn 0.409347 -0.517479 -0.751433
vn 0.521857 -0.517479 -0.678145
vn 0.621517 -0.517479 -0.588160
vn 0.705874 -0.517479 -0.483692
vn 0.772850 -0.517479 -0.367314
vn 0.820795 -0.517479 -0.241891
vn 0.848530 -0.517479 -0.110513
vn 0.855371 -0.517479 0.023587
vn 0.841150 -0.517479 0.157106
vn 0.806217 -0.517479 0.286757
vn 0.751433 -0.517479 0.409347
vn 0.678145 -0.517479 0.521857
vn 0.588160 -0.517479 0.621517
vn 0.483692 -0.517479 0.705874
vn 0.367314 -0.517479 0.772850
vn 0.241891 -0.517479 0.820795
vn 0.110513 -0.517479 0.848530
vn -0.023587 -0.517479 0.855371
vn -0.157106 -0.517479 0.841150
vn -0.286757 -0.517479 0.806217
vn -0.409347 -0.517479 0.751433
vn -0.521857 -0.517479 0.678145
vn -0.621517 -0.517479 0.588160
vn -0.705874 -0.517479 0.483692
vn -0.772850 -0.517479 0.367314
vn -0.820795 -0.517479 0.241891
vn -0.848530 -0.517479 0.110513
vn -0.855371 -0.517479 -0.023587
vn -0.841150 -0.517479 -0.157106
vn -0.806217 -0.517479 -0.286757
vn -0.751433 -0.517479 -0.409347
vn -0.678145 -0.517479 -0.521857
vn -0.766539 0.146650 -0.625229
vn -0.659294 0.146650 -0.737445
vn -0.535815 0.146650 -0.831502
vn -0.399143 0.146650 -0.905085
vn -0.252643 0.146650 -0.956381
vn -0.099921 0.146650 -0.984129
vn 0.055261 0.146650 -0.987644
vn 0.209082 0.146650 -0.966839
vn 0.357755 0.146650 -0.922228
vn 0.497619 0.146650 -0.854909
vn 0.625229 0.146650 -0.766539
vn 0.737445 0.146650 -0.659294
vn 0.831502 0.146650 -0.535815
vn 0.905085 0.146650 -0.399143
vn 0.956381 0.146650 -0.252643
vn 0.984129 0.146650 -0.099921
vn 0.987644 0.146650 0.055261
vn 0.966839 0.146650 0.209082
vn 0.922228 0.146650 0.357755
vn 0.854909 0.146650 0.497619
vn 0.766539 0.146650 0.625229
vn 0.659294 0.146650 0.737445
vn 0.535815 0.146650 0.831502
vn 0.399143 0.146650 0.905085
vn 0.252643 0.146650 0.956381
vn 0.099921 0.146650 0.984129
vn -0.055261 0.146650 0.987644
vn -0.209082 0.146650 0.966839
vn -0.357755 0.146650 0.922228
vn -0.497619 0.146650 0.854909
vn -0.625229 0.146650 0.766539
vn -0.737445 0.146650 0.659294
vn -0.831502 0.146650 0.535815
vn -0.905085 0.146650 0.399143
vn -0.956381 0.146650 0.252643
vn -0.984129 0.146650 0.099921
vn -0.987644 0.146650 -0.055261
vn -0.966839 0.146650 -0.209082
vn -0.922228 0.146650 -0.357755
vn -0.854909 0.146650 -0.497619
vn -0.766539 0.146650 -0.625229
vn -0.670659 0.467796 -0.575659
vn -0.572349 0.467796 -0.673486
vn -0.459947 0.467796 -0.754729
vn -0.336218 0.467796 -0.817389
vn -0.204211 0.467796 -0.859921
vn -0.067176 0.467796 -0.881280
vn 0.071514 0.467796 -0.880938
vn 0.208443 0.467796 -0.858905
vn 0.340239 0.467796 -0.815723
vn 0.463657 0.467796 -0.752455
vn 0.575659 0.467796 -0.670659
vn 0.673486 0.467796 -0.572349
vn 0.754729 0.467796 -0.459947
vn 0.817389 0.467796 -0.336218
vn 0.859921 0.467796 -0.204211
vn 0.881280 0.467796 -0.067176
vn 0.880938 0.467796 0.071514
vn 0.858905 0.467796 0.208443
vn 0.815723 0.467796 0.340239
vn 0.752455 0.467796 0.463657
vn 0.670659 0.467796 0.575659
vn 0.572349 0.467796 0.673486
vn 0.459947 0.467796 0.754729
vn 0.336218 0.467796 0.817389
vn 0.204211 0.467796 0.859921
vn 0.067176 0.467796 0.881280
vn -0.071514 0.467796 0.880938
vn -0.208443 0.467796 0.858905
vn -0.340239 0.467796 0.815723
vn -0.463657 0.467796 0.752455
vn -0.575659 0.467796 0.670659
vn -0.673486 0.467796 0.572349
vn -0.754729 0.467796 0.459947
vn -0.817389 0.467796 0.336218
vn -0.859921 0.467796 0.204211
vn -0.881280 0.467796 0.067176
vn -0.880938 0.467796 -0.071514
vn -0.858905 0.467796 -0.208443
vn -0.815723 0.467796 -0.340239
vn -0.752455 0.467796 -0.463657
vn -0.670659 0.467796 -0.575659
vn 0.000000 1.000000 -0.000000
vn 0.000000 1.000000 -0.000000
vn 0.000000 1.000000 -0.000000
vn 0.000000 1.000000 -0.000000
vn 0.000000 1.000000 -0.000000
vn 0.000000 1.000000 -0.000000
vn 0.000000 1.000000 -0.000000
vn 0.000000 1.000000 -0.000000
vn 0.000000 1.000000 -0.000000
vn 0.000000 1.000000 -0.000000
vn 0.000000 1.000000 -0.000000
vn 0.000000 1.000000 -0.000000
vn 0.000000 1.000000 -0.000000
vn 0.000000 1.000000 -0.000000
vn 0.000000 1.000000 -0.000000
vn 0.000000 1.000000 -0.000000
vn 0.000000 1.000000 -0.000000
vn 0.000000 1.000000 -0.000000
vn 0.000000 1.000000 -0.000000
vn 0.000000 1.000000 -0.000000
vn 0.000000 1.000000 -0.000000
vn 0.000000 1.000000 -0.000000
vn 0.000000 1.000000 -0.000000
vn 0.000000 1.000000 -0.000000
vn 0.000000 1.000000 -0.000000
vn 0.000000 1.000000 -0.000000
vn 0.000000 1.000000 -0.000000
vn 0.000000 1.000000 -0.000000
vn 0.000000 1.000000 -0.000000
vn 0.000000 1.000000 -0.000000
vn 0.000000 1.000000 -0.000000
vn 0.000000 1.000000 -0.000000
vn 0.000000 1.000000 -0.000000
vn 0.000000 1.000000 -0.000000
vn 0.000000 1.000000 -0.000000
vn 0.000000 1.000000 -0.000000
vn 0.000000 1.000000 -0.000000
vn 0.000000 1.000000 -0.000000
vn 0.000000 1.000000 -0.000000
vn 0.000000 1.000000 -0.000000
vn 0.000000 1.000000 -0.000000
f 2491//2491 2532//2532 2492//2492
f 2492//2492 2532//2532 2533//2533
f 2492//2492 2533//2533 2493//2493
f 2493//2493 2533//2533 2534//2534
f 2493//2493 2534//2534 2494//2494
f 2494//2494 2534//2534 2535//2535
f 2494//2494 2535//2535 2495//2495
f 2495//2495 2535//2535 2536//2536
f 2495//2495 2536//2536 2496//2496
f 2496//2496 2536//2536 2537//2537
f 2496//2496 2537//2537 2497//2497
f 2497//2497 2537//2537 2538//2538
f 2497//2497 2538//2538 2498//2498
f 2498//2498 2538//2538 2539//2539
f 2498//2498 2539//2539 2499//2499
f 2499//2499 2539//2539 2540//2540
f 2499//2499 2540//2540 2500//2500
f 2500//2500 2540//2540 2541//2541
f 2500//2500 2541//2541 2501//2501
f 2501//2501 2541//2541 2542//2542
f 2501//2501 2542//2542 2502//2502
f 2502//2502 2542//2542 2543//2543
f 2502//2502 2543//2543 2503//2503
f 2503//2503 2543//2543 2544//2544
f 2503//2503 2544//2544 2504//2504
f 2504//2504 2544//2544 2545//2545
f 2504//2504 2545//2545 2505//2505
f 2505//2505 2545//2545 2546//2546
f 2505//2505 2546//2546 2506//2506
f 2506//2506 2546//2546 2547//2547
f 2506//2506 2547//2547 2507//2507
f 2507//2507 2547//2547 2548//2548
f 2507//2507 2548//2548 2508//2508
f 2508//2508 2548//2548 2549//2549
f 2508//2508 2549//2549 2509//2509
f 2509//2509 2549//2549 2550//2550
f 2509//2509 2550//2550 2510//2510
f 2510//2510 2550//2550 2551//2551
f 2510//2510 2551//2551 2511//2511
f 2511//2511 2551//2551 2552//2552
f 2511//2511 2552//2552 2512//2512
f 2512//2512 2552//2552 2553//2553
f 2512//2512 2553//2553 2513//2513
f 2513//2513 2553//2553 2554//2554
f 2513//2513 2554//2554 2514//2514
f 2514//2514 2554//2554 2555//2555
f 2514//2514 2555//2555 2515//2515
f 2515//2515 2555//2555 2556//2556
f 2515//2515 2556//2556 2516//2516
f 2516//2516 2556//2556 2557//2557
f 2516//2516 2557//2557 2517//2517
f 2517//2517 2557//2557 2558//2558
f 2517//2517 2558//2558 2518//2518
f 2518//2518 2558//2558 2559//2559
f 2518//2518 2559//2559 2519//2519
f 2519//2519 2559//2559 2560//2560
f 2519//2519 2560//2560 2520//2520
f 2520//2520 2560//2560 2561//2561
f 2520//2520 2561//2561 2521//2521
f 2521//2521 2561//2561 2562//2562
f 2521//2521 2562//2562 2522//2522
f 2522//2522 2562//2562 2563//2563
f 2522//2522 2563//2563 2523//2523
f 2523//2523 2563//2563 2564//2564
f 2523//2523 2564//2564 2524//2524
f 2524//2524 2564//2564 2565//2565
f 2524//2524 2565//2565 2525//2525
f 2525//2525 2565//2565 2566//2566
f 2525//2525 2566//2566 2526//2526
f 2526//2526 2566//2566 2567//2567
f 2526//2526 2567//2567 2527//2527
f 2527//2527 2567//2567 2568//2568
f 2527//2527 2568//2568 2528//2528
f 2528//2528 2568//2568 2569//2569
f 2528//2528 2569//2569 2529//2529
f 2529//2529 2569//2569 2570//2570
f 2529//2529 2570//2570 2530//2530
f 2530//2530 2570//2570 2571//2571
f 2530//2530 2571//2571 2531//2531
f 2531//2531 2571//2571 2572//2572
f 2532//2532 2573//2573 2533//2533
f 2533//2533 2573//2573 2574//2574
f 2533//2533 2574//2574 2534//2534
f 2534//2534 2574//2574 2575//2575
f 2534//2534 2575//2575 2535//2535
f 2535//2535 2575//2575 2576//2576
f 2535//2535 2576//2576 2536//2536
f 2536//2536 2576//2576 2577//2577
f 2536//2536 2577//2577 2537//2537
f 2537//2537 2577//2577 2578//2578
f 2537//2537 2578//2578 2538//2538
f 2538//2538 2578//2578 2579//2579
f 2538//2538 2579//2579 2539//2539
f 2539//2539 2579//2579 2580//2580
f 2539//2539 2580//2580 2540//2540
f 2540//2540 2580//2580 2581//2581
f 2540//2540 2581//2581 2541//2541
f 2541//2541 2581//2581 2582//2582
f 2541//2541 2582//2582 2542//2542
f 2542//2542 2582//2582 2583//2583
f 2542//2542 2583//2583 2543//2543
f 2543//2543 2583//2583 2584//2584
f 2543//2543 2584//2584 2544//2544
f 2544//2544 2584//2584 2585//2585
f 2544//2544 2585//2585 2545//2545
f 2545//2545 2585//2585 2586//2586
f 2545//2545 2586//2586 2546//2546
f 2546//2546 2586//2586 2587//2587
f 2546//2546 2587//2587 2547//2547
f 2547//2547 2587//2587 2588//2588
f 2547//2547 2588//2588 2548//2548
f 2548//2548 2588//2588 2589//2589
f 2548//2548 2589//2589 2549//2549
f 2549//2549 2589//2589 2590//2590
f 2549//2549 2590//2590 2550//2550
f 2550//2550 2590//2590 2591//2591
f 2550//2550 2591//2591 2551//2551
f 2551//2551 2591//2591 2592//2592
f 2551//2551 2592//2592 2552//2552
f 2552//2552 2592//2592 2593//2593
f 2552//2552 2593//2593 2553//2553
f 2553//2553 2593//2593 2594//2594
f 2553//2553 2594//2594 2554//2554
f 2554//2554 2594//2594 2595//2595
f 2554//2554 2595//2595 2555//2555
f 2555//2555 2595//2595 2596//2596
f 2555//2555 2596//2596 2556//2556
f 2556//2556 2596//2596 2597//2597
f 2556//2556 2597//2597 2557//2557
f 2557//2557 2597//2597 2598//2598
f 2557//2557 2598//2598 2558//2558
f 2558//2558 2598//2598 2599//2599
f 2558//2558 2599//2599 2559//2559
f 2559//2559 2599//2599 2600//2600
f 2559//2559 2600//2600 2560//2560
f 2560//2560 2600//2600 2601//2601
f 2560//2560 2601//2601 2561//2561
f 2561//2561 2601//2601 2602//2602
f 2561//2561 2602//2602 2562//2562
f 2562//2562 2602//2602 2603//2603
f 2562//2562 2603//2603 2563//2563
f 2563//2563 2603//2603 2604//2604
f 2563//2563 2604//2604 2564//2564
f 2564//2564 2604//2604 2605//2605
f 2564//2564 2605//2605 2565//2565
f 2565//2565 2605//2605 2606//2606
f 2565//2565 2606//2606 2566//2566
f 2566//2566 2606//2606 2607//2607
f 2566//2566 2607//2607 2567//2567
f 2567//2567 2607//2607 2608//2608
f 2567//2567 2608//2608 2568//2568
f 2568//2568 2608//2608 2609//2609
f 2568//2568 2609//2609 2569//2569
f 2569//2569 2609//2609 2610//2610
f 2569//2569 2610//2610 2570//2570
f 2570//2570 2610//2610 2611//2611
f 2570//2570 2611//2611 2571//2571
f 2571//2571 2611//2611 2612//2612
f 2571//2571 2612//2612 2572//2572
f 2572//2572 2612//2612 2613//2613
f 2573//2573 2614//2614 2574//2574
f 2574//2574 2614//2614 2615//2615
f 2574//2574 2615//2615 2575//2575
f 2575//2575 2615//2615 2616//2616
f 2575//2575 2616//2616 2576//2576
f 2576//2576 2616//2616 2617//2617
f 2576//2576 2617//2617 2577//2577
f 2577//2577 2617//2617 2618//2618
f 2577//2577 2618//2618 2578//2578
f 2578//2578 2618//2618 2619//2619
f 2578//2578 2619//2619 2579//2579
f 2579//2579 2619//2619 2620//2620
f 2579//2579 2620//2620 2580//2580
f 2580//2580 2620//2620 2621//2621
f 2580//2580 2621//2621 2581//2581
f 2581//2581 2621//2621 2622//2622
f 2581//2581 2622//2622 2582//2582
f 2582//2582 2622//2622 2623//2623
f 2582//2582 2623//2623 2583//2583
f 2583//2583 2623//2623 2624//2624
f 2583//2583 2624//2624 2584//2584
f 2584//2584 2624//2624 2625//2625
f 2584//2584 2625//2625 2585//2585
f 2585//2585 2625//2625 2626//2626
f 2585//2585 2626//2626 2586//2586
f 2586//2586 2626//2626 2627//2627
f 2586//2586 2627//2627 2587//2587
f 2587//2587 2627//2627 2628//2628
f 2587//2587 2628//2628 2588//2588
f 2588//2588 2628//2628 2629//2629
f 2588//2588 2629//2629 2589//2589
f 2589//2589 2629//2629 2630//2630
f 2589//2589 2630//2630 2590//2590
f 2590//2590 2630//2630 2631//2631
f 2590//2590 2631//2631 2591//2591
f 2591//2591 2631//2631 2632//2632
f 2591//2591 2632//2632 2592//2592
f 2592//2592 2632//2632 2633//2633
f 2592//2592 2633//2633 2593//2593
f 2593//2593 2633//2633 2634//2634
f 2593//2593 2634//2634 2594//2594
f 2594//2594 2634//2634 2635//2635
f 2594//2594 2635//2635 2595//2595
f 2595//2595 2635//2635 2636//2636
f 2595//2595 2636//2636 2596//2596
f 2596//2596 2636//2636 2637//2637
f 2596//2596 2637//2637 2597//2597
f 2597//2597 2637//2637 2638//2638
f 2597//2597 2638//2638 2598//2598
f 2598//2598 2638//2638 2639//2639
f 2598//2598 2639//2639 2599//2599
f 2599//2599 2639//2639 2640//2640
f 2599//2599 2640//2640 2600//2600
f 2600//2600 2640//2640 2641//2641
f 2600//2600 2641//2641 2601//2601
f 2601//2601 2641//2641 2642//2642
f 2601//2601 2642//2642 2602//2602
f 2602//2602 2642//2642 2643//2643
f 2602//2602 2643//2643 2603//2603
f 2603//2603 2643//2643 2644//2644
f 2603//2603 2644//2644 2604//2604
f 2604//2604 2644//2644 2645//2645
f 2604//2604 2645//2645 2605//2605
f 2605//2605 2645//2645 2646//2646
f 2605//2605 2646//2646 2606//2606
f 2606//2606 2646//2646 2647//2647
f 2606//2606 2647//2647 2607//2607
f 2607//2607 2647//2647 2648//2648
f 2607//2607 2648//2648 2608//2608
f 2608//2608 2648//2648 2649//2649
f 2608//2608 2649//2649 2609//2609
f 2609//2609 2649//2649 2650//2650
f 2609//2609 2650//2650 2610//2610
f 2610//2610 2650//2650 2651//2651
f 2610//2610 2651//2651 2611//2611
f 2611//2611 2651//2651 2652//2652
f 2611//2611 2652//2652 2612//2612
f 2612//2612 2652//2652 2653//2653
f 2612//2612 2653//2653 2613//2613
f 2613//2613 2653//2653 2654//2654
f 2614//2614 2655//2655 2615//2615
f 2615//2615 2655//2655 2656//2656
f 2615//2615 2656//2656 2616//2616
f 2616//2616 2656//2656 2657//2657
f 2616//2616 2657//2657 2617//2617
f 2617//2617 2657//2657 2658//2658
f 2617//2617 2658//2658 2618//2618
f 2618//2618 2658//2658 2659//2659
f 2618//2618 2659//2659 2619//2619
f 2619//2619 2659//2659 2660//2660
f 2619//2619 2660//2660 2620//2620
f 2620//2620 2660//2660 2661//2661
f 2620//2620 2661//2661 2621//2621
f 2621//2621 2661//2661 2662//2662
f 2621//2621 2662//2662 2622//2622
f 2622//2622 2662//2662 2663//2663
f 2622//2622 2663//2663 2623//2623
f 2623//2623 2663//2663 2664//2664
f 2623//2623 2664//2664 2624//2624
f 2624//2624 2664//2664 2665//2665
f 2624//2624 2665//2665 2625//2625
f 2625//2625 2665//2665 2666//2666
f 2625//2625 2666//2666 2626//2626
f 2626//2626 2666//2666 2667//2667
f 2626//2626 2667//2667 2627//2627
f 2627//2627 2667//2667 2668//2668
f 2627//2627 2668//2668 2628//2628
f 2628//2628 2668//2668 2669//2669
f 2628//2628 2669//2669 2629//2629
f 2629//2629 2669//2669 2670//2670
f 2629//2629 2670//2670 2630//2630
f 2630//2630 2670//2670 2671//2671
f 2630//2630 2671//2671 2631//2631
f 2631//2631 2671//2671 2672//2672
f 2631//2631 2672//2672 2632//2632
f 2632//2632 2672//2672 2673//2673
f 2632//2632 2673//2673 2633//2633
f 2633//2633 2673//2673 2674//2674
f 2633//2633 2674//2674 2634//2634
f 2634//2634 2674//2674 2675//2675
f 2634//2634 2675//2675 2635//2635
f 2635//2635 2675//2675 2676//2676
f 2635//2635 2676//2676 2636//2636
f 2636//2636 2676//2676 2677//2677
f 2636//2636 2677//2677 2637//2637
f 2637//2637 2677//2677 2678//2678
f 2637//2637 2678//2678 2638//2638
f 2638//2638 2678//2678 2679//2679
f 2638//2638 2679//2679 2639//2639
f 2639//2639 2679//2679 2680//2680
f 2639//2639 2680//2680 2640//2640
f 2640//2640 2680//2680 2681//2681
f 2640//2640 2681//2681 2641//2641
f 2641//2641 2681//2681 2682//2682
f 2641//2641 2682//2682 2642//2642
f 2642//2642 2682//2682 2683//2683
f 2642//2642 2683//2683 2643//2643
f 2643//2643 2683//2683 2684//2684
f 2643//2643 2684//2684 2644//2644
f 2644//2644 2684//2684 2685//2685
f 2644//2644 2685//2685 2645//2645
f 2645//2645 2685//2685 2686//2686
f 2645//2645 2686//2686 2646//2646
f 2646//2646 2686//2686 2687//2687
f 2646//2646 2687//2687 2647//2647
f 2647//2647 2687//2687 2688//2688
f 2647//2647 2688//2688 2648//2648
f 2648//2648 2688//2688 2689//2689
f 2648//2648 2689//2689 2649//2649
f 2649//2649 2689//2689 2690//2690
f 2649//2649 2690//2690 2650//2650
f 2650//2650 2690//2690 2691//2691
f 2650//2650 2691//2691 2651//2651
f 2651//2651 2691//2691 2692//2692
f 2651//2651 2692//2692 2652//2652
f 2652//2652 2692//2692 2693//2693
f 2652//2652 2693//2693 2653//2653
f 2653//2653 2693//2693 2694//2694
f 2653//2653 2694//2694 2654//2654
f 2654//2654 2694//2694 2695//2695
f 2696//2696 2737//2737 2697//2697
f 2697//2697 2737//2737 2738//2738
f 2697//2697 2738//2738 2698//2698
f 2698//2698 2738//2738 2739//2739
f 2698//2698 2739//2739 2699//2699
f 2699//2699 2739//2739 2740//2740
f 2699//2699 2740//2740 2700//2700
f 2700//2700 2740//2740 2741//2741
f 2700//2700 2741//2741 2701//2701
f 2701//2701 2741//2741 2742//2742
f 2701//2701 2742//2742 2702//2702
f 2702//2702 2742//2742 2743//2743
f 2702//2702 2743//2743 2703//2703
f 2703//2703 2743//2743 2744//2744
f 2703//2703 2744//2744 2704//2704
f 2704//2704 2744//2744 2745//2745
f 2704//2704 2745//2745 2705//2705
f 2705//2705 2745//2745 2746//2746
f 2705//2705 2746//2746 2706//2706
f 2706//2706 2746//2746 2747//2747
f 2706//2706 2747//2747 2707//2707
f 2707//2707 2747//2747 2748//2748
f 2707//2707 2748//2748 2708//2708
f 2708//2708 2748//2748 2749//2749
f 2708//2708 2749//2749 2709//2709
f 2709//2709 2749//2749 2750//2750
f 2709//2709 2750//2750 2710//2710
f 2710//2710 2750//2750 2751//2751
f 2710//2710 2751//2751 2711//2711
f 2711//2711 2751//2751 2752//2752
f 2711//2711 2752//2752 2712//2712
f 2712//2712 2752//2752 2753//2753
f 2712//2712 2753//2753 2713//2713
f 2713//2713 2753//2753 2754//2754
f 2713//2713 2754//2754 2714//2714
f 2714//2714 2754//2754 2755//2755
f 2714//2714 2755//2755 2715//2715
f 2715//2715 2755//2755 2756//2756
f 2715//2715 2756//2756 2716//2716
f 2716//2716 2756//2756 2757//2757
f 2716//2716 2757//2757 2717//2717
f 2717//2717 2757//2757 2758//2758
f 2717//2717 2758//2758 2718//2718
f 2718//2718 2758//2758 2759//2759
f 2718//2718 2759//2759 2719//2719
f 2719//2719 2759//2759 2760//2760
f 2719//2719 2760//2760 2720//2720
f 2720//2720 2760//2760 2761//2761
f 2720//2720 2761//2761 2721//2721
f 2721//2721 2761//2761 2762//2762
f 2721//2721 2762//2762 2722//2722
f 2722//2722 2762//2762 2763//2763
f 2722//2722 2763//2763 2723//2723
f 2723//2723 2763//2763 2764//2764
f 2723//2723 2764//2764 2724//2724
f 2724//2724 2764//2764 2765//2765
f 2724//2724 2765//2765 2725//2725
f 2725//2725 2765//2765 2766//2766
f 2725//2725 2766//2766 2726//2726
f 2726//2726 2766//2766 2767//2767
f 2726//2726 2767//2767 2727//2727
f 2727//2727 2767//2767 2768//2768
f 2727//2727 2768//2768 2728//2728
f 2728//2728 2768//2768 2769//2769
f 2728//2728 2769//2769 2729//2729
f 2729//2729 2769//2769 2770//2770
f 2729//2729 2770//2770 2730//2730
f 2730//2730 2770//2770 2771//2771
f 2730//2730 2771//2771 2731//2731
f 2731//2731 2771//2771 2772//2772
f 2731//2731 2772//2772 2732//2732
f 2732//2732 2772//2772 2773//2773
f 2732//2732 2773//2773 2733//2733
f 2733//2733 2773//2773 2774//2774
f 2733//2733 2774//2774 2734//2734
f 2734//2734 2774//2774 2775//2775
f 2734//2734 2775//2775 2735//2735
f 2735//2735 2775//2775 2776//2776
f 2735//2735 2776//2776 2736//2736
f 2736//2736 2776//2776 2777//2777
f 2737//2737 2778//2778 2738//2738
f 2738//2738 2778//2778 2779//2779
f 2738//2738 2779//2779 2739//2739
f 2739//2739 2779//2779 2780//2780
f 2739//2739 2780//2780 2740//2740
f 2740//2740 2780//2780 2781//2781
f 2740//2740 2781//2781 2741//2741
f 2741//2741 2781//2781 2782//2782
f 2741//2741 2782//2782 2742//2742
f 2742//2742 2782//2782 2783//2783
f 2742//2742 2783//2783 2743//2743
f 2743//2743 2783//2783 2784//2784
f 2743//2743 2784//2784 2744//2744
f 2744//2744 2784//2784 2785//2785
f 2744//2744 2785//2785 2745//2745
f 2745//2745 2785//2785 2786//2786
f 2745//2745 2786//2786 2746//2746
f 2746//2746 2786//2786 2787//2787
f 2746//2746 2787//2787 2747//2747
f 2747//2747 2787//2787 2788//2788
f 2747//2747 2788//2788 2748//2748
f 2748//2748 2788//2788 2789//2789
f 2748//2748 2789//2789 2749//2749
f 2749//2749 2789//2789 2790//2790
f 2749//2749 2790//2790 2750//2750
f 2750//2750 2790//2790 2791//2791
f 2750//2750 2791//2791 2751//2751
f 2751//2751 2791//2791 2792//2792
f 2751//2751 2792//2792 2752//2752
f 2752//2752 2792//2792 2793//2793
f 2752//2752 2793//2793 2753//2753
f 2753//2753 2793//2793 2794//2794
f 2753//2753 2794//2794 2754//2754
f 2754//2754 2794//2794 2795//2795
f 2754//2754 2795//2795 2755//2755
f 2755//2755 2795//2795 2796//2796
f 2755//2755 2796//2796 2756//2756
f 2756//2756 2796//2796 2797//2797
f 2756//2756 2797//2797 2757//2757
f 2757//2757 2797//2797 2798//2798
f 2757//2757 2798//2798 2758//2758
f 2758//2758 2798//2798 2799//2799
f 2758//2758 2799//2799 2759//2759
f 2759//2759 2799//2799 2800//2800
f 2759//2759 2800//2800 2760//2760
f 2760//2760 2800//2800 2801//2801
f 2760//2760 2801//2801 2761//2761
f 2761//2761 2801//2801 2802//2802
f 2761//2761 2802//2802 2762//2762
f 2762//2762 2802//2802 2803//2803
f 2762//2762 2803//2803 2763//2763
f 2763//2763 2803//2803 2804//2804
f 2763//2763 2804//2804 2764//2764
f 2764//2764 2804//2804 2805//2805
f 2764//2764 2805//2805 2765//2765
f 2765//2765 2805//2805 2806//2806
f 2765//2765 2806//2806 2766//2766
f 2766//2766 2806//2806 2807//2807
f 2766//2766 2807//2807 2767//2767
f 2767//2767 2807//2807 2808//2808
f 2767//2767 2808//2808 2768//2768
f 2768//2768 2808//2808 2809//2809
f 2768//2768 2809//2809 2769//2769
f 2769//2769 2809//2809 2810//2810
f 2769//2769 2810//2810 2770//2770
f 2770//2770 2810//2810 2811//2811
f 2770//2770 2811//2811 2771//2771
f 2771//2771 2811//2811 2812//2812
f 2771//2771 2812//2812 2772//2772
f 2772//2772 2812//2812 2813//2813
f 2772//2772 2813//2813 2773//2773
f 2773//2773 2813//2813 2814//2814
f 2773//2773 2814//2814 2774//2774
f 2774//2774 2814//2814 2815//2815
f 2774//2774 2815//2815 2775//2775
f 2775//2775 2815//2815 2816//2816
f 2775//2775 2816//2816 2776//2776
f 2776//2776 2816//2816 2817//2817
f 2776//2776 2817//2817 2777//2777
f 2777//2777 2817//2817 2818//2818
f 2778//2778 2819//2819 2779//2779
f 2779//2779 2819//2819 2820//2820
f 2779//2779 2820//2820 2780//2780
f 2780//2780 2820//2820 2821//2821
f 2780//2780 2821//2821 2781//2781
f 2781//2781 2821//2821 2822//2822
f 2781//2781 2822//2822 2782//2782
f 2782//2782 2822//2822 2823//2823
f 2782//2782 2823//2823 2783//2783
f 2783//2783 2823//2823 2824//2824
f 2783//2783 2824//2824 2784//2784
f 2784//2784 2824//2824 2825//2825
f 2784//2784 2825//2825 2785//2785
f 2785//2785 2825//2825 2826//2826
f 2785//2785 2826//2826 2786//2786
f 2786//2786 2826//2826 2827//2827
f 2786//2786 2827//2827 2787//2787
f 2787//2787 2827//2827 2828//2828
f 2787//2787 2828//2828 2788//2788
f 2788//2788 2828//2828 2829//2829
f 2788//2788 2829//2829 2789//2789
f 2789//2789 2829//2829 2830//2830
f 2789//2789 2830//2830 2790//2790
f 2790//2790 2830//2830 2831//2831
f 2790//2790 2831//2831 2791//2791
f 2791//2791 2831//2831 2832//2832
f 2791//2791 2832//2832 2792//2792
f 2792//2792 2832//2832 2833//2833
f 2792//2792 2833//2833 2793//2793
f 2793//2793 2833//2833 2834//2834
f 2793//2793 2834//2834 2794//2794
f 2794//2794 2834//2834 2835//2835
f 2794//2794 2835//2835 2795//2795
f 2795//2795 2835//2835 2836//2836
f 2795//2795 2836//2836 2796//2796
f 2796//2796 2836//2836 2837//2837
f 2796//2796 2837//2837 2797//2797
f 2797//2797 2837//2837 2838//2838
f 2797//2797 2838//2838 2798//2798
f 2798//2798 2838//2838 2839//2839
f 2798//2798 2839//2839 2799//2799
f 2799//2799 2839//2839 2840//2840
f 2799//2799 2840//2840 2800//2800
f 2800//2800 2840//2840 2841//2841
f 2800//2800 2841//2841 2801//2801
f 2801//2801 2841//2841 2842//2842
f 2801//2801 2842//2842 2802//2802
f 2802//2802 2842//2842 2843//2843
f 2802//2802 2843//2843 2803//2803
f 2803//2803 2843//2843 2844//2844
f 2803//2803 2844//2844 2804//2804
f 2804//2804 2844//2844 2845//2845
f 2804//2804 2845//2845 2805//2805
f 2805//2805 2845//2845 2846//2846
f 2805//2805 2846//2846 2806//2806
f 2806//2806 2846//2846 2847//2847
f 2806//2806 2847//2847 2807//2807
f 2807//2807 2847//2847 2848//2848
f 2807//2807 2848//2848 2808//2808
f 2808//2808 2848//2848 2849//2849
f 2808//2808 2849//2849 2809//2809
f 2809//2809 2849//2849 2850//2850
f 2809//2809 2850//2850 2810//2810
f 2810//2810 2850//2850 2851//2851
f 2810//2810 2851//2851 2811//2811
f 2811//2811 2851//2851 2852//2852
f 2811//2811 2852//2852 2812//2812
f 2812//2812 2852//2852 2853//2853
f 2812//2812 2853//2853 2813//2813
f 2813//2813 2853//2853 2854//2854
f 2813//2813 2854//2854 2814//2814
f 2814//2814 2854//2854 2855//2855
f 2814//2814 2855//2855 2815//2815
f 2815//2815 2855//2855 2856//2856
f 2815//2815 2856//2856 2816//2816
f 2816//2816 2856//2856 2857//2857
f 2816//2816 2857//2857 2817//2817
f 2817//2817 2857//2857 2858//2858
f 2817//2817 2858//2858 2818//2818
f 2818//2818 2858//2858 2859//2859
f 2819//2819 2860//2860 2820//2820
f 2820//2820 2860//2860 2861//2861
f 2820//2820 2861//2861 2821//2821
f 2821//2821 2861//2861 2862//2862
f 2821//2821 2862//2862 2822//2822
f 2822//2822 2862//2862 2863//2863
f 2822//2822 2863//2863 2823//2823
f 2823//2823 2863//2863 2864//2864
f 2823//2823 2864//2864 2824//2824
f 2824//2824 2864//2864 2865//2865
f 2824//2824 2865//2865 2825//2825
f 2825//2825 2865//2865 2866//2866
f 2825//2825 2866//2866 2826//2826
f 2826//2826 2866//2866 2867//2867
f 2826//2826 2867//2867 2827//2827
f 2827//2827 2867//2867 2868//2868
f 2827//2827 2868//2868 2828//2828
f 2828//2828 2868//2868 2869//2869
f 2828//2828 2869//2869 2829//2829
f 2829//2829 2869//2869 2870//2870
f 2829//2829 2870//2870 2830//2830
f 2830//2830 2870//2870 2871//2871
f 2830//2830 2871//2871 2831//2831
f 2831//2831 2871//2871 2872//2872
f 2831//2831 2872//2872 2832//2832
f 2832//2832 2872//2872 2873//2873
f 2832//2832 2873//2873 2833//2833
f 2833//2833 2873//2873 2874//2874
f 2833//2833 2874//2874 2834//2834
f 2834//2834 2874//2874 2875//2875
f 2834//2834 2875//2875 2835//2835
f 2835//2835 2875//2875 2876//2876
f 2835//2835 2876//2876 2836//2836
f 2836//2836 2876//2876 2877//2877
f 2836//2836 2877//2877 2837//2837
f 2837//2837 2877//2877 2878//2878
f 2837//2837 2878//2878 2838//2838
f 2838//2838 2878//2878 2879//2879
f 2838//2838 2879//2879 2839//2839
f 2839//2839 2879//2879 2880//2880
f 2839//2839 2880//2880 2840//2840
f 2840//2840 2880//2880 2881//2881
f 2840//2840 2881//2881 2841//2841
f 2841//2841 2881//2881 2882//2882
f 2841//2841 2882//2882 2842//2842
f 2842//2842 2882//2882 2883//2883
f 2842//2842 2883//2883 2843//2843
f 2843//2843 2883//2883 2884//2884
f 2843//2843 2884//2884 2844//2844
f 2844//2844 2884//2884 2885//2885
f 2844//2844 2885//2885 2845//2845
f 2845//2845 2885//2885 2886//2886
f 2845//2845 2886//2886 2846//2846
f 2846//2846 2886//2886 2887//2887
f 2846//2846 2887//2887 2847//2847
f 2847//2847 2887//2887 2888//2888
f 2847//2847 2888//2888 2848//2848
f 2848//2848 2888//2888 2889//2889
f 2848//2848 2889//2889 2849//2849
f 2849//2849 2889//2889 2890//2890
f 2849//2849 2890//2890 2850//2850
f 2850//2850 2890//2890 2891//2891
f 2850//2850 2891//2891 2851//2851
f 2851//2851 2891//2891 2892//2892
f 2851//2851 2892//2892 2852//2852
f 2852//2852 2892//2892 2893//2893
f 2852//2852 2893//2893 2853//2853
f 2853//2853 2893//2893 2894//2894
f 2853//2853 2894//2894 2854//2854
f 2854//2854 2894//2894 2895//2895
f 2854//2854 2895//2895 2855//2855
f 2855//2855 2895//2895 2896//2896
f 2855//2855 2896//2896 2856//2856
f 2856//2856 2896//2896 2897//2897
f 2856//2856 2897//2897 2857//2857
f 2857//2857 2897//2897 2898//2898
f 2857//2857 2898//2898 2858//2858
f 2858//2858 2898//2898 2899//2899
f 2858//2858 2899//2899 2859//2859
f 2859//2859 2899//2899 2900//2900
f 2901//2901 2942//2942 2902//2902
f 2902//2902 2942//2942 2943//2943
f 2902//2902 2943//2943 2903//2903
f 2903//2903 2943//2943 2944//2944
f 2903//2903 2944//2944 2904//2904
f 2904//2904 2944//2944 2945//2945
f 2904//2904 2945//2945 2905//2905
f 2905//2905 2945//2945 2946//2946
f 2905//2905 2946//2946 2906//2906
f 2906//2906 2946//2946 2947//2947
f 2906//2906 2947//2947 2907//2907
f 2907//2907 2947//2947 2948//2948
f 2907//2907 2948//2948 2908//2908
f 2908//2908 2948//2948 2949//2949
f 2908//2908 2949//2949 2909//2909
f 2909//2909 2949//2949 2950//2950
f 2909//2909 2950//2950 2910//2910
f 2910//2910 2950//2950 2951//2951
f 2910//2910 2951//2951 2911//2911
f 2911//2911 2951//2951 2952//2952
f 2911//2911 2952//2952 2912//2912
f 2912//2912 2952//2952 2953//2953
f 2912//2912 2953//2953 2913//2913
f 2913//2913 2953//2953 2954//2954
f 2913//2913 2954//2954 2914//2914
f 2914//2914 2954//2954 2955//2955
f 2914//2914 2955//2955 2915//2915
f 2915//2915 2955//2955 2956//2956
f 2915//2915 2956//2956 2916//2916
f 2916//2916 2956//2956 2957//2957
f 2916//2916 2957//2957 2917//2917
f 2917//2917 2957//2957 2958//2958
f 2917//2917 2958//2958 2918//2918
f 2918//2918 2958//2958 2959//2959
f 2918//2918 2959//2959 2919//2919
f 2919//2919 2959//2959 2960//2960
f 2919//2919 2960//2960 2920//2920
f 2920//2920 2960//2960 2961//2961
f 2920//2920 2961//2961 2921//2921
f 2921//2921 2961//2961 2962//2962
f 2921//2921 2962//2962 2922//2922
f 2922//2922 2962//2962 2963//2963
f 2922//2922 2963//2963 2923//2923
f 2923//2923 2963//2963 2964//2964
f 2923//2923 2964//2964 2924//2924
f 2924//2924 2964//2964 2965//2965
f 2924//2924 2965//2965 2925//2925
f 2925//2925 2965//2965 2966//2966
f 2925//2925 2966//2966 2926//2926
f 2926//2926 2966//2966 2967//2967
f 2926//2926 2967//2967 2927//2927
f 2927//2927 2967//2967 2968//2968
f 2927//2927 2968//2968 2928//2928
f 2928//2928 2968//2968 2969//2969
f 2928//2928 2969//2969 2929//2929
f 2929//2929 2969//2969 2970//2970
f 2929//2929 2970//2970 2930//2930
f 2930//2930 2970//2970 2971//2971
f 2930//2930 2971//2971 2931//2931
f 2931//2931 2971//2971 2972//2972
f 2931//2931 2972//2972 2932//2932
f 2932//2932 2972//2972 2973//2973
f 2932//2932 2973//2973 2933//2933
f 2933//2933 2973//2973 2974//2974
f 2933//2933 2974//2974 2934//2934
f 2934//2934 2974//2974 2975//2975
f 2934//2934 2975//2975 2935//2935
f 2935//2935 2975//2975 2976//2976
f 2935//2935 2976//2976 2936//2936
f 2936//2936 2976//2976 2977//2977
f 2936//2936 2977//2977 2937//2937
f 2937//2937 2977//2977 2978//2978
f 2937//2937 2978//2978 2938//2938
f 2938//2938 2978//2978 2979//2979
f 2938//2938 2979//2979 2939//2939
f 2939//2939 2979//2979 2980//2980
f 2939//2939 2980//2980 2940//2940
f 2940//2940 2980//2980 2981//2981
f 2940//2940 2981//2981 2941//2941
f 2941//2941 2981//2981 2982//2982
f 2942//2942 2983//2983 2943//2943
f 2943//2943 2983//2983 2984//2984
f 2943//2943 2984//2984 2944//2944
f 2944//2944 2984//2984 2985//2985
f 2944//2944 2985//2985 2945//2945
f 2945//2945 2985//2985 2986//2986
f 2945//2945 2986//2986 2946//2946
f 2946//2946 2986//2986 2987//2987
f 2946//2946 2987//2987 2947//2947
f 2947//2947 2987//2987 2988//2988
f 2947//2947 2988//2988 2948//2948
f 2948//2948 2988//2988 2989//2989
f 2948//2948 2989//2989 2949//2949
f 2949//2949 2989//2989 2990//2990
f 2949//2949 2990//2990 2950//2950
f 2950//2950 2990//2990 2991//2991
f 2950//2950 2991//2991 2951//2951
f 2951//2951 2991//2991 2992//2992
f 2951//2951 2992//2992 2952//2952
f 2952//2952 2992//2992 2993//2993
f 2952//2952 2993//2993 2953//2953
f 2953//2953 2993//2993 2994//2994
f 2953//2953 2994//2994 2954//2954
f 2954//2954 2994//2994 2995//2995
f 2954//2954 2995//2995 2955//2955
f 2955//2955 2995//2995 2996//2996
f 2955//2955 2996//2996 2956//2956
f 2956//2956 2996//2996 2997//2997
f 2956//2956 2997//2997 2957//2957
f 2957//2957 2997//2997 2998//2998
f 2957//2957 2998//2998 2958//2958
f 2958//2958 2998//2998 2999//2999
f 2958//2958 2999//2999 2959//2959
f 2959//2959 2999//2999 3000//3000
f 2959//2959 3000//3000 2960//2960
f 2960//2960 3000//3000 3001//3001
f 2960//2960 3001//3001 2961//2961
f 2961//2961 3001//3001 3002//3002
f 2961//2961 3002//3002 2962//2962
f 2962//2962 3002//3002 3003//3003
f 2962//2962 3003//3003 2963//2963
f 2963//2963 3003//3003 3004//3004
f 2963//2963 3004//3004 2964//2964
f 2964//2964 3004//3004 3005//3005
f 2964//2964 3005//3005 2965//2965
f 2965//2965 3005//3005 3006//3006
f 2965//2965 3006//3006 2966//2966
f 2966//2966 3006//3006 3007//3007
f 2966//2966 3007//3007 2967//2967
f 2967//2967 3007//3007 3008//3008
f 2967//2967 3008//3008 2968//2968
f 2968//2968 3008//3008 3009//3009
f 2968//2968 3009//3009 2969//2969
f 2969//2969 3009//3009 3010//3010
f 2969//2969 3010//3010 2970//2970
f 2970//2970 3010//3010 3011//3011
f 2970//2970 3011//3011 2971//2971
f 2971//2971 3011//3011 3012//3012
f 2971//2971 3012//3012 2972//2972
f 2972//2972 3012//3012 3013//3013
f 2972//2972 3013//3013 2973//2973
f 2973//2973 3013//3013 3014//3014
f 2973//2973 3014//3014 2974//2974
f 2974//2974 3014//3014 3015//3015
f 2974//2974 3015//3015 2975//2975
f 2975//2975 3015//3015 3016//3016
f 2975//2975 3016//3016 2976//2976
f 2976//2976 3016//3016 3017//3017
f 2976//2976 3017//3017 2977//2977
f 2977//2977 3017//3017 3018//3018
f 2977//2977 3018//3018 2978//2978
f 2978//2978 3018//3018 3019//3019
f 2978//2978 3019//3019 2979//2979
f 2979//2979 3019//3019 3020//3020
f 2979//2979 3020//3020 2980//2980
f 2980//2980 3020//3020 3021//3021
f 2980//2980 3021//3021 2981//2981
f 2981//2981 3021//3021 3022//3022
f 2981//2981 3022//3022 2982//2982
f 2982//2982 3022//3022 3023//3023
f 2983//2983 3024//3024 2984//2984
f 2984//2984 3024//3024 3025//3025
f 2984//2984 3025//3025 2985//2985
f 2985//2985 3025//3025 3026//3026
f 2985//2985 3026//3026 2986//2986
f 2986//2986 3026//3026 3027//3027
f 2986//2986 3027//3027 2987//2987
f 2987//2987 3027//3027 3028//3028
f 2987//2987 3028//3028 2988//2988
f 2988//2988 3028//3028 3029//3029
f 2988//2988 3029//3029 2989//2989
f 2989//2989 3029//3029 3030//3030
f 2989//2989 3030//3030 2990//2990
f 2990//2990 3030//3030 3031//3031
f 2990//2990 3031//3031 2991//2991
f 2991//2991 3031//3031 3032//3032
f 2991//2991 3032//3032 2992//2992
f 2992//2992 3032//3032 3033//3033
f 2992//2992 3033//3033 2993//2993
f 2993//2993 3033//3033 3034//3034
f 2993//2993 3034//3034 2994//2994
f 2994//2994 3034//3034 3035//3035
f 2994//2994 3035//3035 2995//2995
f 2995//2995 3035//3035 3036//3036
f 2995//2995 3036//3036 2996//2996
f 2996//2996 3036//3036 3037//3037
f 2996//2996 3037//3037 2997//2997
f 2997//2997 3037//3037 3038//3038
f 2997//2997 3038//3038 2998//2998
f 2998//2998 3038//3038 3039//3039
f 2998//2998 3039//3039 2999//2999
f 2999//2999 3039//3039 3040//3040
f 2999//2999 3040//3040 3000//3000
f 3000//3000 3040//3040 3041//3041
f 3000//3000 3041//3041 3001//3001
f 3001//3001 3041//3041 3042//3042
f 3001//3001 3042//3042 3002//3002
f 3002//3002 3042//3042 3043//3043
f 3002//3002 3043//3043 3003//3003
f 3003//3003 3043//3043 3044//3044
f 3003//3003 3044//3044 3004//3004
f 3004//3004 3044//3044 3045//3045
f 3004//3004 3045//3045 3005//3005
f 3005//3005 3045//3045 3046//3046
f 3005//3005 3046//3046 3006//3006
f 3006//3006 3046//3046 3047//3047
f 3006//3006 3047//3047 3007//3007
f 3007//3007 3047//3047 3048//3048
f 3007//3007 3048//3048 3008//3008
f 3008//3008 3048//3048 3049//3049
f 3008//3008 3049//3049 3009//3009
f 3009//3009 3049//3049 3050//3050
f 3009//3009 3050//3050 3010//3010
f 3010//3010 3050//3050 3051//3051
f 3010//3010 3051//3051 3011//3011
f 3011//3011 3051//3051 3052//3052
f 3011//3011 3052//3052 3012//3012
f 3012//3012 3052//3052 3053//3053
f 3012//3012 3053//3053 3013//3013
f 3013//3013 3053//3053 3054//3054
f 3013//3013 3054//3054 3014//3014
f 3014//3014 3054//3054 3055//3055
f 3014//3014 3055//3055 3015//3015
f 3015//3015 3055//3055 3056//3056
f 3015//3015 3056//3056 3016//3016
f 3016//3016 3056//3056 3057//3057
f 3016//3016 3057//3057 3017//3017
f 3017//3017 3057//3057 3058//3058
f 3017//3017 3058//3058 3018//3018
f 3018//3018 3058//3058 3059//3059
f 3018//3018 3059//3059 3019//3019
f 3019//3019 3059//3059 3060//3060
f 3019//3019 3060//3060 3020//3020
f 3020//3020 3060//3060 3061//3061
f 3020//3020 3061//3061 3021//3021
f 3021//3021 3061//3061 3062//3062
f 3021//3021 3062//3062 3022//3022
f 3022//3022 3062//3062 3063//3063
f 3022//3022 3063//3063 3023//3023
f 3023//3023 3063//3063 3064//3064
f 3024//3024 3065//3065 3025//3025
f 3025//3025 3065//3065 3066//3066
f 3025//3025 3066//3066 3026//3026
f 3026//3026 3066//3066 3067//3067
f 3026//3026 3067//3067 3027//3027
f 3027//3027 3067//3067 3068//3068
f 3027//3027 3068//3068 3028//3028
f 3028//3028 3068//3068 3069//3069
f 3028//3028 3069//3069 3029//3029
f 3029//3029 3069//3069 3070//3070
f 3029//3029 3070//3070 3030//3030
f 3030//3030 3070//3070 3071//3071
f 3030//3030 3071//3071 3031//3031
f 3031//3031 3071//3071 3072//3072
f 3031//3031 3072//3072 3032//3032
f 3032//3032 3072//3072 3073//3073
f 3032//3032 3073//3073 3033//3033
f 3033//3033 3073//3073 3074//3074
f 3033//3033 3074//3074 3034//3034
f 3034//3034 3074//3074 3075//3075
f 3034//3034 3075//3075 3035//3035
f 3035//3035 3075//3075 3076//3076
f 3035//3035 3076//3076 3036//3036
f 3036//3036 3076//3076 3077//3077
f 3036//3036 3077//3077 3037//3037
f 3037//3037 3077//3077 3078//3078
f 3037//3037 3078//3078 3038//3038
f 3038//3038 3078//3078 3079//3079
f 3038//3038 3079//3079 3039//3039
f 3039//3039 3079//3079 3080//3080
f 3039//3039 3080//3080 3040//3040
f 3040//3040 3080//3080 3081//3081
f 3040//3040 3081//3081 3041//3041
f 3041//3041 3081//3081 3082//3082
f 3041//3041 3082//3082 3042//3042
f 3042//3042 3082//3082 3083//3083
f 3042//3042 3083//3083 3043//3043
f 3043//3043 3083//3083 3084//3084
f 3043//3043 3084//3084 3044//3044
f 3044//3044 3084//3084 3085//3085
f 3044//3044 3085//3085 3045//3045
f 3045//3045 3085//3085 3086//3086
f 3045//3045 3086//3086 3046//3046
f 3046//3046 3086//3086 3087//3087
f 3046//3046 3087//3087 3047//3047
f 3047//3047 3087//3087 3088//3088
f 3047//3047 3088//3088 3048//3048
f 3048//3048 3088//3088 3089//3089
f 3048//3048 3089//3089 3049//3049
f 3049//3049 3089//3089 3090//3090
f 3049//3049 3090//3090 3050//3050
f 3050//3050 3090//3090 3091//3091
f 3050//3050 3091//3091 3051//3051
f 3051//3051 3091//3091 3092//3092
f 3051//3051 3092//3092 3052//3052
f 3052//3052 3092//3092 3093//3093
f 3052//3052 3093//3093 3053//3053
f 3053//3053 3093//3093 3094//3094
f 3053//3053 3094//3094 3054//3054
f 3054//3054 3094//3094 3095//3095
f 3054//3054 3095//3095 3055//3055
f 3055//3055 3095//3095 3096//3096
f 3055//3055 3096//3096 3056//3056
f 3056//3056 3096//3096 3097//3097
f 3056//3056 3097//3097 3057//3057
f 3057//3057 3097//3097 3098//3098
f 3057//3057 3098//3098 3058//3058
f 3058//3058 3098//3098 3099//3099
f 3058//3058 3099//3099 3059//3059
f 3059//3059 3099//3099 3100//3100
f 3059//3059 3100//3100 3060//3060
f 3060//3060 3100//3100 3101//3101
f 3060//3060 3101//3101 3061//3061
f 3061//3061 3101//3101 3102//3102
f 3061//3061 3102//3102 3062//3062
f 3062//3062 3102//3102 3103//3103
f 3062//3062 3103//3103 3063//3063
f 3063//3063 3103//3103 3104//3104
f 3063//3063 3104//3104 3064//3064
f 3064//3064 3104//3104 3105//3105
f 3106//3106 3147//3147 3107//3107
f 3107//3107 3147//3147 3148//3148
f 3107//3107 3148//3148 3108//3108
f 3108//3108 3148//3148 3149//3149
f 3108//3108 3149//3149 3109//3109
f 3109//3109 3149//3149 3150//3150
f 3109//3109 3150//3150 3110//3110
f 3110//3110 3150//3150 3151//3151
f 3110//3110 3151//3151 3111//3111
f 3111//3111 3151//3151 3152//3152
f 3111//3111 3152//3152 3112//3112
f 3112//3112 3152//3152 3153//3153
f 3112//3112 3153//3153 3113//3113
f 3113//3113 3153//3153 3154//3154
f 3113//3113 3154//3154 3114//3114
f 3114//3114 3154//3154 3155//3155
f 3114//3114 3155//3155 3115//3115
f 3115//3115 3155//3155 3156//3156
f 3115//3115 3156//3156 3116//3116
f 3116//3116 3156//3156 3157//3157
f 3116//3116 3157//3157 3117//3117
f 3117//3117 3157//3157 3158//3158
f 3117//3117 3158//3158 3118//3118
f 3118//3118 3158//3158 3159//3159
f 3118//3118 3159//3159 3119//3119
f 3119//3119 3159//3159 3160//3160
f 3119//3119 3160//3160 3120//3120
f 3120//3120 3160//3160 3161//3161
f 3120//3120 3161//3161 3121//3121
f 3121//3121 3161//3161 3162//3162
f 3121//3121 3162//3162 3122//3122
f 3122//3122 3162//3162 3163//3163
f 3122//3122 3163//3163 3123//3123
f 3123//3123 3163//3163 3164//3164
f 3123//3123 3164//3164 3124//3124
f 3124//3124 3164//3164 3165//3165
f 3124//3124 3165//3165 3125//3125
f 3125//3125 3165//3165 3166//3166
f 3125//3125 3166//3166 3126//3126
f 3126//3126 3166//3166 3167//3167
f 3126//3126 3167//3167 3127//3127
f 3127//3127 3167//3167 3168//3168
f 3127//3127 3168//3168 3128//3128
f 3128//3128 3168//3168 3169//3169
f 3128//3128 3169//3169 3129//3129
f 3129//3129 3169//3169 3170//3170
f 3129//3129 3170//3170 3130//3130
f 3130//3130 3170//3170 3171//3171
f 3130//3130 3171//3171 3131//3131
f 3131//3131 3171//3171 3172//3172
f 3131//3131 3172//3172 3132//3132
f 3132//3132 3172//3172 3173//3173
f 3132//3132 3173//3173 3133//3133
f 3133//3133 3173//3173 3174//3174
f 3133//3133 3174//3174 3134//3134
f 3134//3134 3174//3174 3175//3175
f 3134//3134 3175//3175 3135//3135
f 3135//3135 3175//3175 3176//3176
f 3135//3135 3176//3176 3136//3136
f 3136//3136 3176//3176 3177//3177
f 3136//3136 3177//3177 3137//3137
f 3137//3137 3177//3177 3178//3178
f 3137//3137 3178//3178 3138//3138
f 3138//3138 3178//3178 3179//3179
f 3138//3138 3179//3179 3139//3139
f 3139//3139 3179//3179 3180//3180
f 3139//3139 3180//3180 3140//3140
f 3140//3140 3180//3180 3181//3181
f 3140//3140 3181//3181 3141//3141
f 3141//3141 3181//3181 3182//3182
f 3141//3141 3182//3182 3142//3142
f 3142//3142 3182//3182 3183//3183
f 3142//3142 3183//3183 3143//3143
f 3143//3143 3183//3183 3184//3184
f 3143//3143 3184//3184 3144//3144
f 3144//3144 3184//3184 3185//3185
f 3144//3144 3185//3185 3145//3145
f 3145//3145 3185//3185 3186//3186
f 3145//3145 3186//3186 3146//3146
f 3146//3146 3186//3186 3187//3187
f 3147//3147 3188//3188 3148//3148
f 3148//3148 3188//3188 3189//3189
f 3148//3148 3189//3189 3149//3149
f 3149//3149 3189//3189 3190//3190
f 3149//3149 3190//3190 3150//3150
f 3150//3150 3190//3190 3191//3191
f 3150//3150 3191//3191 3151//3151
f 3151//3151 3191//3191 3192//3192
f 3151//3151 3192//3192 3152//3152
f 3152//3152 3192//3192 3193//3193
f 3152//3152 3193//3193 3153//3153
f 3153//3153 3193//3193 3194//3194
f 3153//3153 3194//3194 3154//3154
f 3154//3154 3194//3194 3195//3195
f 3154//3154 3195//3195 3155//3155
f 3155//3155 3195//3195 3196//3196
f 3155//3155 3196//3196 3156//3156
f 3156//3156 3196//3196 3197//3197
f 3156//3156 3197//3197 3157//3157
f 3157//3157 3197//3197 3198//3198
f 3157//3157 3198//3198 3158//3158
f 3158//3158 3198//3198 3199//3199
f 3158//3158 3199//3199 3159//3159
f 3159//3159 3199//3199 3200//3200
f 3159//3159 3200//3200 3160//3160
f 3160//3160 3200//3200 3201//3201
f 3160//3160 3201//3201 3161//3161
f 3161//3161 3201//3201 3202//3202
f 3161//3161 3202//3202 3162//3162
f 3162//3162 3202//3202 3203//3203
f 3162//3162 3203//3203 3163//3163
f 3163//3163 3203//3203 3204//3204
f 3163//3163 3204//3204 3164//3164
f 3164//3164 3204//3204 3205//3205
f 3164//3164 3205//3205 3165//3165
f 3165//3165 3205//3205 3206//3206
f 3165//3165 3206//3206 3166//3166
f 3166//3166 3206//3206 3207//3207
f 3166//3166 3207//3207 3167//3167
f 3167//3167 3207//3207 3208//3208
f 3167//3167 3208//3208 3168//3168
f 3168//3168 3208//3208 3209//3209
f 3168//3168 3209//3209 3169//3169
f 3169//3169 3209//3209 3210//3210
f 3169//3169 3210//3210 3170//3170
f 3170//3170 3210//3210 3211//3211
f 3170//3170 3211//3211 3171//3171
f 3171//3171 3211//3211 3212//3212
f 3171//3171 3212//3212 3172//3172
f 3172//3172 3212//3212 3213//3213
f 3172//3172 3213//3213 3173//3173
f 3173//3173 3213//3213 3214//3214
f 3173//3173 3214//3214 3174//3174
f 3174//3174 3214//3214 3215//3215
f 3174//3174 3215//3215 3175//3175
f 3175//3175 3215//3215 3216//3216
f 3175//3175 3216//3216 3176//3176
f 3176//3176 3216//3216 3217//3217
f 3176//3176 3217//3217 3177//3177
f 3177//3177 3217//3217 3218//3218
f 3177//3177 3218//3218 3178//3178
f 3178//3178 3218//3218 3219//3219
f 3178//3178 3219//3219 3179//3179
f 3179//3179 3219//3219 3220//3220
f 3179//3179 3220//3220 3180//3180
f 3180//3180 3220//3220 3221//3221
f 3180//3180 3221//3221 3181//3181
f 3181//3181 3221//3221 3222//3222
f 3181//3181 3222//3222 3182//3182
f 3182//3182 3222//3222 3223//3223
f 3182//3182 3223//3223 3183//3183
f 3183//3183 3223//3223 3224//3224
f 3183//3183 3224//3224 3184//3184
f 3184//3184 3224//3224 3225//3225
f 3184//3184 3225//3225 3185//3185
f 3185//3185 3225//3225 3226//3226
f 3185//3185 3226//3226 3186//3186
f 3186//3186 3226//3226 3227//3227
f 3186//3186 3227//3227 3187//3187
f 3187//3187 3227//3227 3228//3228
f 3188//3188 3229//3229 3189//3189
f 3189//3189 3229//3229 3230//3230
f 3189//3189 3230//3230 3190//3190
f 3190//3190 3230//3230 3231//3231
f 3190//3190 3231//3231 3191//3191
f 3191//3191 3231//3231 3232//3232
f 3191//3191 3232//3232 3192//3192
f 3192//3192 3232//3232 3233//3233
f 3192//3192 3233//3233 3193//3193
f 3193//3193 3233//3233 3234//3234
f 3193//3193 3234//3234 3194//3194
f 3194//3194 3234//3234 3235//3235
f 3194//3194 3235//3235 3195//3195
f 3195//3195 3235//3235 3236//3236
f 3195//3195 3236//3236 3196//3196
f 3196//3196 3236//3236 3237//3237
f 3196//3196 3237//3237 3197//3197
f 3197//3197 3237//3237 3238//3238
f 3197//3197 3238//3238 3198//3198
f 3198//3198 3238//3238 3239//3239
f 3198//3198 3239//3239 3199//3199
f 3199//3199 3239//3239 3240//3240
f 3199//3199 3240//3240 3200//3200
f 3200//3200 3240//3240 3241//3241
f 3200//3200 3241//3241 3201//3201
f 3201//3201 3241//3241 3242//3242
f 3201//3201 3242//3242 3202//3202
f 3202//3202 3242//3242 3243//3243
f 3202//3202 3243//3243 3203//3203
f 3203//3203 3243//3243 3244//3244
f 3203//3203 3244//3244 3204//3204
f 3204//3204 3244//3244 3245//3245
f 3204//3204 3245//3245 3205//3205
f 3205//3205 3245//3245 3246//3246
f 3205//3205 3246//3246 3206//3206
f 3206//3206 3246//3246 3247//3247
f 3206//3206 3247//3247 3207//3207
f 3207//3207 3247//3247 3248//3248
f 3207//3207 3248//3248 3208//3208
f 3208//3208 3248//3248 3249//3249
f 3208//3208 3249//3249 3209//3209
f 3209//3209 3249//3249 3250//3250
f 3209//3209 3250//3250 3210//3210
f 3210//3210 3250//3250 3251//3251
f 3210//3210 3251//3251 3211//3211
f 3211//3211 3251//3251 3252//3252
f 3211//3211 3252//3252 3212//3212
f 3212//3212 3252//3252 3253//3253
f 3212//3212 3253//3253 3213//3213
f 3213//3213 3253//3253 3254//3254
f 3213//3213 3254//3254 3214//3214
f 3214//3214 3254//3254 3255//3255
f 3214//3214 3255//3255 3215//3215
f 3215//3215 3255//3255 3256//3256
f 3215//3215 3256//3256 3216//3216
f 3216//3216 3256//3256 3257//3257
f 3216//3216 3257//3257 3217//3217
f 3217//3217 3257//3257 3258//3258
f 3217//3217 3258//3258 3218//3218
f 3218//3218 3258//3258 3259//3259
f 3218//3218 3259//3259 3219//3219
f 3219//3219 3259//3259 3260//3260
f 3219//3219 3260//3260 3220//3220
f 3220//3220 3260//3260 3261//3261
f 3220//3220 3261//3261 3221//3221
f 3221//3221 3261//3261 3262//3262
f 3221//3221 3262//3262 3222//3222
f 3222//3222 3262//3262 3263//3263
f 3222//3222 3263//3263 3223//3223
f 3223//3223 3263//3263 3264//3264
f 3223//3223 3264//3264 3224//3224
f 3224//3224 3264//3264 3265//3265
f 3224//3224 3265//3265 3225//3225
f 3225//3225 3265//3265 3266//3266
f 3225//3225 3266//3266 3226//3226
f 3226//3226 3266//3266 3267//3267
f 3226//3226 3267//3267 3227//3227
f 3227//3227 3267//3267 3268//3268
f 3227//3227 3268//3268 3228//3228
f 3228//3228 3268//3268 3269//3269
f 3229//3229 3270//3270 3230//3230
f 3230//3230 3270//3270 3271//3271
f 3230//3230 3271//3271 3231//3231
f 3231//3231 3271//3271 3272//3272
f 3231//3231 3272//3272 3232//3232
f 3232//3232 3272//3272 3273//3273
f 3232//3232 3273//3273 3233//3233
f 3233//3233 3273//3273 3274//3274
f 3233//3233 3274//3274 3234//3234
f 3234//3234 3274//3274 3275//3275
f 3234//3234 3275//3275 3235//3235
f 3235//3235 3275//3275 3276//3276
f 3235//3235 3276//3276 3236//3236
f 3236//3236 3276//3276 3277//3277
f 3236//3236 3277//3277 3237//3237
f 3237//3237 3277//3277 3278//3278
f 3237//3237 3278//3278 3238//3238
f 3238//3238 3278//3278 3279//3279
f 3238//3238 3279//3279 3239//3239
f 3239//3239 3279//3279 3280//3280
f 3239//3239 3280//3280 3240//3240
f 3240//3240 3280//3280 3281//3281
f 3240//3240 3281//3281 3241//3241
f 3241//3241 3281//3281 3282//3282
f 3241//3241 3282//3282 3242//3242
f 3242//3242 3282//3282 3283//3283
f 3242//3242 3283//3283 3243//3243
f 3243//3243 3283//3283 3284//3284
f 3243//3243 3284//3284 3244//3244
f 3244//3244 3284//3284 3285//3285
f 3244//3244 3285//3285 3245//3245
f 3245//3245 3285//3285 3286//3286
f 3245//3245 3286//3286 3246//3246
f 3246//3246 3286//3286 3287//3287
f 3246//3246 3287//3287 3247//3247
f 3247//3247 3287//3287 3288//3288
f 3247//3247 3288//3288 3248//3248
f 3248//3248 3288//3288 3289//3289
f 3248//3248 3289//3289 3249//3249
f 3249//3249 3289//3289 3290//3290
f 3249//3249 3290//3290 3250//3250
f 3250//3250 3290//3290 3291//3291
f 3250//3250 3291//3291 3251//3251
f 3251//3251 3291//3291 3292//3292
f 3251//3251 3292//3292 3252//3252
f 3252//3252 3292//3292 3293//3293
f 3252//3252 3293//3293 3253//3253
f 3253//3253 3293//3293 3294//3294
f 3253//3253 3294//3294 3254//3254
f 3254//3254 3294//3294 3295//3295
f 3254//3254 3295//3295 3255//3255
f 3255//3255 3295//3295 3296//3296
f 3255//3255 3296//3296 3256//3256
f 3256//3256 3296//3296 3297//3297
f 3256//3256 3297//3297 3257//3257
f 3257//3257 3297//3297 3298//3298
f 3257//3257 3298//3298 3258//3258
f 3258//3258 3298//3298 3299//3299
f 3258//3258 3299//3299 3259//3259
f 3259//3259 3299//3299 3300//3300
f 3259//3259 3300//3300 3260//3260
f 3260//3260 3300//3300 3301//3301
f 3260//3260 3301//3301 3261//3261
f 3261//3261 3301//3301 3302//3302
f 3261//3261 3302//3302 3262//3262
f 3262//3262 3302//3302 3303//3303
f 3262//3262 3303//3303 3263//3263
f 3263//3263 3303//3303 3304//3304
f 3263//3263 3304//3304 3264//3264
f 3264//3264 3304//3304 3305//3305
f 3264//3264 3305//3305 3265//3265
f 3265//3265 3305//3305 3306//3306
f 3265//3265 3306//3306 3266//3266
f 3266//3266 3306//3306 3307//3307
f 3266//3266 3307//3307 3267//3267
f 3267//3267 3307//3307 3308//3308
f 3267//3267 3308//3308 3268//3268
f 3268//3268 3308//3308 3309//3309
f 3268//3268 3309//3309 3269//3269
f 3269//3269 3309//3309 3310//3310
o source-mushroom_mushroom
usemtl mushroom
v -0.130000 0.501730 -0.115000
v -0.130000 0.501730 -0.115000
v -0.130000 0.501730 -0.115000
v -0.130000 0.501730 -0.115000
v -0.130000 0.501730 -0.115000
v -0.130000 0.501730 -0.115000
v -0.130000 0.501730 -0.115000
v -0.130000 0.501730 -0.115000
v -0.130000 0.501730 -0.115000
v -0.130000 0.501730 -0.115000
v -0.130000 0.501730 -0.115000
v -0.130000 0.501730 -0.115000
v -0.130000 0.501730 -0.115000
v -0.130000 0.501730 -0.115000
v -0.130000 0.501730 -0.115000
v -0.130000 0.501730 -0.115000
v -0.130000 0.501730 -0.115000
v -0.130000 0.501730 -0.115000
v -0.130000 0.501730 -0.115000
v -0.130000 0.501730 -0.115000
v -0.130000 0.501730 -0.115000
v -0.130000 0.501730 -0.115000
v -0.130000 0.501730 -0.115000
v -0.130000 0.501730 -0.115000
v -0.130000 0.501730 -0.115000
v -0.130000 0.501730 -0.115000
v -0.130000 0.501730 -0.115000
v -0.130000 0.501730 -0.115000
v -0.130000 0.501730 -0.115000
v -0.130000 0.501730 -0.115000
v -0.130000 0.501730 -0.115000
v -0.130000 0.501730 -0.115000
v -0.130000 0.501730 -0.115000
v -0.130000 0.501730 -0.115000
v -0.130000 0.501730 -0.115000
v -0.130000 0.501730 -0.115000
v -0.130000 0.501730 -0.115000
v -0.130000 0.501730 -0.115000
v -0.130000 0.501730 -0.115000
v -0.130000 0.501730 -0.115000
v -0.130000 0.501730 -0.115000
v -0.042450 0.501730 -0.115000
v -0.043528 0.501730 -0.101304
v -0.046735 0.501730 -0.087946
v -0.051992 0.501730 -0.075253
v -0.059171 0.501730 -0.063539
v -0.068093 0.501730 -0.053093
v -0.078539 0.501730 -0.044171
v -0.090253 0.501730 -0.036992
v -0.102946 0.501730 -0.031735
v -0.116304 0.501730 -0.028528
v -0.130000 0.501730 -0.027450
v -0.143696 0.501730 -0.028528
v -0.157054 0.501730 -0.031735
v -0.169747 0.501730 -0.036992
v -0.181461 0.501730 -0.044171
v -0.191907 0.501730 -0.053093
v -0.200829 0.501730 -0.063539
v -0.208008 0.501730 -0.075253
v -0.213265 0.501730 -0.087946
v -0.216472 0.501730 -0.101304
v -0.217550 0.501730 -0.115000
v -0.216472 0.501730 -0.128696
v -0.213265 0.501730 -0.142054
v -0.208008 0.501730 -0.154747
v -0.200829 0.501730 -0.166461
v -0.191907 0.501730 -0.176907
v -0.181461 0.501730 -0.185829
v -0.169747 0.501730 -0.193008
v -0.157054 0.501730 -0.198265
v -0.143696 0.501730 -0.201472
v -0.130000 0.501730 -0.202550
v -0.116304 0.501730 -0.201472
v -0.102946 0.501730 -0.198265
v -0.090253 0.501730 -0.193008
v -0.078539 0.501730 -0.185829
v -0.068093 0.501730 -0.176907
v -0.059171 0.501730 -0.166461
v -0.051992 0.501730 -0.154747
v -0.046735 0.501730 -0.142054
v -0.043528 0.501730 -0.128696
v -0.042450 0.501730 -0.115000
v -0.032250 0.518730 -0.115000
v -0.033453 0.518730 -0.099709
v -0.037034 0.518730 -0.084794
v -0.042904 0.518730 -0.070622
v -0.050919 0.518730 -0.057544
v -0.060880 0.518730 -0.045880
v -0.072544 0.518730 -0.035919
v -0.085622 0.518730 -0.027904
v -0.099794 0.518730 -0.022034
v -0.114709 0.518730 -0.018453
v -0.130000 0.518730 -0.017250
v -0.145291 0.518730 -0.018453
v -0.160206 0.518730 -0.022034
v -0.174378 0.518730 -0.027904
v -0.187456 0.518730 -0.035919
v -0.199120 0.518730 -0.045880
v -0.209081 0.518730 -0.057544
v -0.217096 0.518730 -0.070622
v -0.222966 0.518730 -0.084794
v -0.226547 0.518730 -0.099709
v -0.227750 0.518730 -0.115000
v -0.226547 0.518730 -0.130291
v -0.222966 0.518730 -0.145206
v -0.217096 0.518730 -0.159378
v -0.209081 0.518730 -0.172456
v -0.199120 0.518730 -0.184120
v -0.187456 0.518730 -0.194081
v -0.174378 0.518730 -0.202096
v -0.160206 0.518730 -0.207966
v -0.145291 0.518730 -0.211547
v -0.130000 0.518730 -0.212750
v -0.114709 0.518730 -0.211547
v -0.099794 0.518730 -0.207966
v -0.085622 0.518730 -0.202096
v -0.072544 0.518730 -0.194081
v -0.060880 0.518730 -0.184120
v -0.050919 0.518730 -0.172456
v -0.042904 0.518730 -0.159378
v -0.037034 0.518730 -0.145206
v -0.033453 0.518730 -0.130291
v -0.032250 0.518730 -0.115000
v -0.043300 0.559530 -0.115000
v -0.044367 0.559530 -0.101437
v -0.047543 0.559530 -0.088208
v -0.052750 0.559530 -0.075639
v -0.059858 0.559530 -0.064039
v -0.068694 0.559530 -0.053694
v -0.079039 0.559530 -0.044858
v -0.090639 0.559530 -0.037750
v -0.103208 0.559530 -0.032543
v -0.116437 0.559530 -0.029367
v -0.130000 0.559530 -0.028300
v -0.143563 0.559530 -0.029367
v -0.156792 0.559530 -0.032543
v -0.169361 0.559530 -0.037750
v -0.180961 0.559530 -0.044858
v -0.191306 0.559530 -0.053694
v -0.200142 0.559530 -0.064039
v -0.207250 0.559530 -0.075639
v -0.212457 0.559530 -0.088208
v -0.215633 0.559530 -0.101437
v -0.216700 0.559530 -0.115000
v -0.215633 0.559530 -0.128563
v -0.212457 0.559530 -0.141792
v -0.207250 0.559530 -0.154361
v -0.200142 0.559530 -0.165961
v -0.191306 0.559530 -0.176306
v -0.180961 0.559530 -0.185142
v -0.169361 0.559530 -0.192250
v -0.156792 0.559530 -0.197457
v -0.143563 0.559530 -0.200633
v -0.130000 0.559530 -0.201700
v -0.116437 0.559530 -0.200633
v -0.103208 0.559530 -0.197457
v -0.090639 0.559530 -0.192250
v -0.079039 0.559530 -0.185142
v -0.068694 0.559530 -0.176306
v -0.059858 0.559530 -0.165961
v -0.052750 0.559530 -0.154361
v -0.047543 0.559530 -0.141792
v -0.044367 0.559530 -0.128563
v -0.043300 0.559530 -0.115000
v -0.075600 0.589280 -0.115000
v -0.076270 0.589280 -0.106490
v -0.078263 0.589280 -0.098189
v -0.081529 0.589280 -0.090303
v -0.085989 0.589280 -0.083024
v -0.091533 0.589280 -0.076533
v -0.098024 0.589280 -0.070989
v -0.105303 0.589280 -0.066529
v -0.113189 0.589280 -0.063263
v -0.121490 0.589280 -0.061270
v -0.130000 0.589280 -0.060600
v -0.138510 0.589280 -0.061270
v -0.146811 0.589280 -0.063263
v -0.154697 0.589280 -0.066529
v -0.161976 0.589280 -0.070989
v -0.168467 0.589280 -0.076533
v -0.174011 0.589280 -0.083024
v -0.178471 0.589280 -0.090303
v -0.181737 0.589280 -0.098189
v -0.183730 0.589280 -0.106490
v -0.184400 0.589280 -0.115000
v -0.183730 0.589280 -0.123510
v -0.181737 0.589280 -0.131811
v -0.178471 0.589280 -0.139697
v -0.174011 0.589280 -0.146976
v -0.168467 0.589280 -0.153467
v -0.161976 0.589280 -0.159011
v -0.154697 0.589280 -0.163471
v -0.146811 0.589280 -0.166737
v -0.138510 0.589280 -0.168730
v -0.130000 0.589280 -0.169400
v -0.121490 0.589280 -0.168730
v -0.113189 0.589280 -0.166737
v -0.105303 0.589280 -0.163471
v -0.098024 0.589280 -0.159011
v -0.091533 0.589280 -0.153467
v -0.085989 0.589280 -0.146976
v -0.081529 0.589280 -0.139697
v -0.078263 0.589280 -0.131811
v -0.076270 0.589280 -0.123510
v -0.075600 0.589280 -0.115000
v -0.130000 0.599480 -0.115000
v -0.130000 0.599480 -0.115000
v -0.130000 0.599480 -0.115000
v -0.130000 0.599480 -0.115000
v -0.130000 0.599480 -0.115000
v -0.130000 0.599480 -0.115000
v -0.130000 0.599480 -0.115000
v -0.130000 0.599480 -0.115000
v -0.130000 0.599480 -0.115000
v -0.130000 0.599480 -0.115000
v -0.130000 0.599480 -0.115000
v -0.130000 0.599480 -0.115000
v -0.130000 0.599480 -0.115000
v -0.130000 0.599480 -0.115000
v -0.130000 0.599480 -0.115000
v -0.130000 0.599480 -0.115000
v -0.130000 0.599480 -0.115000
v -0.130000 0.599480 -0.115000
v -0.130000 0.599480 -0.115000
v -0.130000 0.599480 -0.115000
v -0.130000 0.599480 -0.115000
v -0.130000 0.599480 -0.115000
v -0.130000 0.599480 -0.115000
v -0.130000 0.599480 -0.115000
v -0.130000 0.599480 -0.115000
v -0.130000 0.599480 -0.115000
v -0.130000 0.599480 -0.115000
v -0.130000 0.599480 -0.115000
v -0.130000 0.599480 -0.115000
v -0.130000 0.599480 -0.115000
v -0.130000 0.599480 -0.115000
v -0.130000 0.599480 -0.115000
v -0.130000 0.599480 -0.115000
v -0.130000 0.599480 -0.115000
v -0.130000 0.599480 -0.115000
v -0.130000 0.599480 -0.115000
v -0.130000 0.599480 -0.115000
v -0.130000 0.599480 -0.115000
v -0.130000 0.599480 -0.115000
v -0.130000 0.599480 -0.115000
v -0.130000 0.599480 -0.115000
v 0.130000 0.501730 -0.115000
v 0.130000 0.501730 -0.115000
v 0.130000 0.501730 -0.115000
v 0.130000 0.501730 -0.115000
v 0.130000 0.501730 -0.115000
v 0.130000 0.501730 -0.115000
v 0.130000 0.501730 -0.115000
v 0.130000 0.501730 -0.115000
v 0.130000 0.501730 -0.115000
v 0.130000 0.501730 -0.115000
v 0.130000 0.501730 -0.115000
v 0.130000 0.501730 -0.115000
v 0.130000 0.501730 -0.115000
v 0.130000 0.501730 -0.115000
v 0.130000 0.501730 -0.115000
v 0.130000 0.501730 -0.115000
v 0.130000 0.501730 -0.115000
v 0.130000 0.501730 -0.115000
v 0.130000 0.501730 -0.115000
v 0.130000 0.501730 -0.115000
v 0.130000 0.501730 -0.115000
v 0.130000 0.501730 -0.115000
v 0.130000 0.501730 -0.115000
v 0.130000 0.501730 -0.115000
v 0.130000 0.501730 -0.115000
v 0.130000 0.501730 -0.115000
v 0.130000 0.501730 -0.115000
v 0.130000 0.501730 -0.115000
v 0.130000 0.501730 -0.115000
v 0.130000 0.501730 -0.115000
v 0.130000 0.501730 -0.115000
v 0.130000 0.501730 -0.115000
v 0.130000 0.501730 -0.115000
v 0.130000 0.501730 -0.115000
v 0.130000 0.501730 -0.115000
v 0.130000 0.501730 -0.115000
v 0.130000 0.501730 -0.115000
v 0.130000 0.501730 -0.115000
v 0.130000 0.501730 -0.115000
v 0.130000 0.501730 -0.115000
v 0.130000 0.501730 -0.115000
v 0.189709 0.501730 -0.179030
v 0.198990 0.501730 -0.168901
v 0.206573 0.501730 -0.157445
v 0.212270 0.501730 -0.144944
v 0.215941 0.501730 -0.131705
v 0.217497 0.501730 -0.118055
v 0.216897 0.501730 -0.104330
v 0.214158 0.501730 -0.090868
v 0.209347 0.501730 -0.078000
v 0.202582 0.501730 -0.066043
v 0.194030 0.501730 -0.055291
v 0.183901 0.501730 -0.046010
v 0.172445 0.501730 -0.038427
v 0.159944 0.501730 -0.032730
v 0.146705 0.501730 -0.029059
v 0.133055 0.501730 -0.027503
v 0.119330 0.501730 -0.028103
v 0.105868 0.501730 -0.030842
v 0.093000 0.501730 -0.035653
v 0.081043 0.501730 -0.042418
v 0.070291 0.501730 -0.050970
v 0.061010 0.501730 -0.061099
v 0.053427 0.501730 -0.072555
v 0.047730 0.501730 -0.085056
v 0.044059 0.501730 -0.098295
v 0.042503 0.501730 -0.111945
v 0.043103 0.501730 -0.125670
v 0.045842 0.501730 -0.139132
v 0.050653 0.501730 -0.152000
v 0.057418 0.501730 -0.163957
v 0.065970 0.501730 -0.174709
v 0.076099 0.501730 -0.183990
v 0.087555 0.501730 -0.191573
v 0.100056 0.501730 -0.197270
v 0.113295 0.501730 -0.200941
v 0.126945 0.501730 -0.202497
v 0.140670 0.501730 -0.201897
v 0.154132 0.501730 -0.199158
v 0.167000 0.501730 -0.194347
v 0.178957 0.501730 -0.187582
v 0.189709 0.501730 -0.179030
v 0.196665 0.518730 -0.186490
v 0.207028 0.518730 -0.175181
v 0.215494 0.518730 -0.162390
v 0.221855 0.518730 -0.148432
v 0.225954 0.518730 -0.133652
v 0.227690 0.518730 -0.118411
v 0.227021 0.518730 -0.103087
v 0.223963 0.518730 -0.088056
v 0.218592 0.518730 -0.073689
v 0.211038 0.518730 -0.060339
v 0.201490 0.518730 -0.048335
v 0.190181 0.518730 -0.037972
v 0.177390 0.518730 -0.029506
v 0.163432 0.518730 -0.023145
v 0.148652 0.518730 -0.019046
v 0.133411 0.518730 -0.017310
v 0.118087 0.518730 -0.017979
v 0.103056 0.518730 -0.021037
v 0.088689 0.518730 -0.026408
v 0.075339 0.518730 -0.033962
v 0.063335 0.518730 -0.043510
v 0.052972 0.518730 -0.054819
v 0.044506 0.518730 -0.067610
v 0.038145 0.518730 -0.081568
v 0.034046 0.518730 -0.096348
v 0.032310 0.518730 -0.111589
v 0.032979 0.518730 -0.126913
v 0.036037 0.518730 -0.141944
v 0.041408 0.518730 -0.156311
v 0.048962 0.518730 -0.169661
v 0.058510 0.518730 -0.181665
v 0.069819 0.518730 -0.192028
v 0.082610 0.518730 -0.200494
v 0.096568 0.518730 -0.206855
v 0.111348 0.518730 -0.210954
v 0.126589 0.518730 -0.212690
v 0.141913 0.518730 -0.212021
v 0.156944 0.518730 -0.208963
v 0.171311 0.518730 -0.203592
v 0.184661 0.518730 -0.196038
v 0.196665 0.518730 -0.186490
v 0.189129 0.559530 -0.178408
v 0.198321 0.559530 -0.168378
v 0.205830 0.559530 -0.157033
v 0.211471 0.559530 -0.144653
v 0.215107 0.559530 -0.131543
v 0.216647 0.559530 -0.118026
v 0.216054 0.559530 -0.104434
v 0.213341 0.559530 -0.091102
v 0.208577 0.559530 -0.078359
v 0.201878 0.559530 -0.066518
v 0.193408 0.559530 -0.055871
v 0.183378 0.559530 -0.046679
v 0.172033 0.559530 -0.039170
v 0.159653 0.559530 -0.033529
v 0.146543 0.559530 -0.029893
v 0.133026 0.559530 -0.028353
v 0.119434 0.559530 -0.028946
v 0.106102 0.559530 -0.031659
v 0.093359 0.559530 -0.036423
v 0.081518 0.559530 -0.043122
v 0.070871 0.559530 -0.051592
v 0.061679 0.559530 -0.061622
v 0.054170 0.559530 -0.072967
v 0.048529 0.559530 -0.085347
v 0.044893 0.559530 -0.098457
v 0.043353 0.559530 -0.111974
v 0.043946 0.559530 -0.125566
v 0.046659 0.559530 -0.138898
v 0.051423 0.559530 -0.151641
v 0.058122 0.559530 -0.163482
v 0.066592 0.559530 -0.174129
v 0.076622 0.559530 -0.183321
v 0.087967 0.559530 -0.190830
v 0.100347 0.559530 -0.196471
v 0.113457 0.559530 -0.200107
v 0.126974 0.559530 -0.201647
v 0.140566 0.559530 -0.201054
v 0.153898 0.559530 -0.198341
v 0.166641 0.559530 -0.193577
v 0.178482 0.559530 -0.186878
v 0.189129 0.559530 -0.178408
v 0.167101 0.589280 -0.154786
v 0.172868 0.589280 -0.148492
v 0.177579 0.589280 -0.141374
v 0.181119 0.589280 -0.133606
v 0.183401 0.589280 -0.125380
v 0.184367 0.589280 -0.116899
v 0.183995 0.589280 -0.108370
v 0.182293 0.589280 -0.100005
v 0.179303 0.589280 -0.092010
v 0.175100 0.589280 -0.084580
v 0.169786 0.589280 -0.077899
v 0.163492 0.589280 -0.072132
v 0.156374 0.589280 -0.067421
v 0.148606 0.589280 -0.063881
v 0.140380 0.589280 -0.061599
v 0.131899 0.589280 -0.060633
v 0.123370 0.589280 -0.061005
v 0.115005 0.589280 -0.062707
v 0.107010 0.589280 -0.065697
v 0.099580 0.589280 -0.069900
v 0.092899 0.589280 -0.075214
v 0.087132 0.589280 -0.081508
v 0.082421 0.589280 -0.088626
v 0.078881 0.589280 -0.096394
v 0.076599 0.589280 -0.104620
v 0.075633 0.589280 -0.113101
v 0.076005 0.589280 -0.121630
v 0.077707 0.589280 -0.129995
v 0.080697 0.589280 -0.137990
v 0.084900 0.589280 -0.145420
v 0.090214 0.589280 -0.152101
v 0.096508 0.589280 -0.157868
v 0.103626 0.589280 -0.162579
v 0.111394 0.589280 -0.166119
v 0.119620 0.589280 -0.168401
v 0.128101 0.589280 -0.169367
v 0.136630 0.589280 -0.168995
v 0.144995 0.589280 -0.167293
v 0.152990 0.589280 -0.164303
v 0.160420 0.589280 -0.160100
v 0.167101 0.589280 -0.154786
v 0.130000 0.599480 -0.115000
v 0.130000 0.599480 -0.115000
v 0.130000 0.599480 -0.115000
v 0.130000 0.599480 -0.115000
v 0.130000 0.599480 -0.115000
v 0.130000 0.599480 -0.115000
v 0.130000 0.599480 -0.115000
v 0.130000 0.599480 -0.115000
v 0.130000 0.599480 -0.115000
v 0.130000 0.599480 -0.115000
v 0.130000 0.599480 -0.115000
v 0.130000 0.599480 -0.115000
v 0.130000 0.599480 -0.115000
v 0.130000 0.599480 -0.115000
v 0.130000 0.599480 -0.115000
v 0.130000 0.599480 -0.115000
v 0.130000 0.599480 -0.115000
v 0.130000 0.599480 -0.115000
v 0.130000 0.599480 -0.115000
v 0.130000 0.599480 -0.115000
v 0.130000 0.599480 -0.115000
v 0.130000 0.599480 -0.115000
v 0.130000 0.599480 -0.115000
v 0.130000 0.599480 -0.115000
v 0.130000 0.599480 -0.115000
v 0.130000 0.599480 -0.115000
v 0.130000 0.599480 -0.115000
v 0.130000 0.599480 -0.115000
v 0.130000 0.599480 -0.115000
v 0.130000 0.599480 -0.115000
v 0.130000 0.599480 -0.115000
v 0.130000 0.599480 -0.115000
v 0.130000 0.599480 -0.115000
v 0.130000 0.599480 -0.115000
v 0.130000 0.599480 -0.115000
v 0.130000 0.599480 -0.115000
v 0.130000 0.599480 -0.115000
v 0.130000 0.599480 -0.115000
v 0.130000 0.599480 -0.115000
v 0.130000 0.599480 -0.115000
v 0.130000 0.599480 -0.115000
v -0.130000 0.501730 0.115000
v -0.130000 0.501730 0.115000
v -0.130000 0.501730 0.115000
v -0.130000 0.501730 0.115000
v -0.130000 0.501730 0.115000
v -0.130000 0.501730 0.115000
v -0.130000 0.501730 0.115000
v -0.130000 0.501730 0.115000
v -0.130000 0.501730 0.115000
v -0.130000 0.501730 0.115000
v -0.130000 0.501730 0.115000
v -0.130000 0.501730 0.115000
v -0.130000 0.501730 0.115000
v -0.130000 0.501730 0.115000
v -0.130000 0.501730 0.115000
v -0.130000 0.501730 0.115000
v -0.130000 0.501730 0.115000
v -0.130000 0.501730 0.115000
v -0.130000 0.501730 0.115000
v -0.130000 0.501730 0.115000
v -0.130000 0.501730 0.115000
v -0.130000 0.501730 0.115000
v -0.130000 0.501730 0.115000
v -0.130000 0.501730 0.115000
v -0.130000 0.501730 0.115000
v -0.130000 0.501730 0.115000
v -0.130000 0.501730 0.115000
v -0.130000 0.501730 0.115000
v -0.130000 0.501730 0.115000
v -0.130000 0.501730 0.115000
v -0.130000 0.501730 0.115000
v -0.130000 0.501730 0.115000
v -0.130000 0.501730 0.115000
v -0.130000 0.501730 0.115000
v -0.130000 0.501730 0.115000
v -0.130000 0.501730 0.115000
v -0.130000 0.501730 0.115000
v -0.130000 0.501730 0.115000
v -0.130000 0.501730 0.115000
v -0.130000 0.501730 0.115000
v -0.130000 0.501730 0.115000
v -0.136107 0.501730 0.027663
v -0.122370 0.501730 0.027783
v -0.108820 0.501730 0.030051
v -0.095791 0.501730 0.034410
v -0.083606 0.501730 0.040753
v -0.072562 0.501730 0.048925
v -0.062933 0.501730 0.058724
v -0.054955 0.501730 0.069908
v -0.048825 0.501730 0.082203
v -0.044694 0.501730 0.095306
v -0.042663 0.501730 0.108893
v -0.042783 0.501730 0.122630
v -0.045051 0.501730 0.136180
v -0.049410 0.501730 0.149209
v -0.055753 0.501730 0.161394
v -0.063925 0.501730 0.172438
v -0.073724 0.501730 0.182067
v -0.084908 0.501730 0.190045
v -0.097203 0.501730 0.196175
v -0.110306 0.501730 0.200306
v -0.123893 0.501730 0.202337
v -0.137630 0.501730 0.202217
v -0.151180 0.501730 0.199949
v -0.164209 0.501730 0.195590
v -0.176394 0.501730 0.189247
v -0.187438 0.501730 0.181075
v -0.197067 0.501730 0.171276
v -0.205045 0.501730 0.160092
v -0.211175 0.501730 0.147797
v -0.215306 0.501730 0.134694
v -0.217337 0.501730 0.121107
v -0.217217 0.501730 0.107370
v -0.214949 0.501730 0.093820
v -0.210590 0.501730 0.080791
v -0.204247 0.501730 0.068606
v -0.196075 0.501730 0.057562
v -0.186276 0.501730 0.047933
v -0.175092 0.501730 0.039955
v -0.162797 0.501730 0.033825
v -0.149694 0.501730 0.029694
v -0.136107 0.501730 0.027663
v -0.136819 0.518730 0.017488
v -0.121481 0.518730 0.017622
v -0.106352 0.518730 0.020154
v -0.091806 0.518730 0.025021
v -0.078200 0.518730 0.032103
v -0.065870 0.518730 0.041227
v -0.055119 0.518730 0.052168
v -0.046212 0.518730 0.064655
v -0.039368 0.518730 0.078382
v -0.034755 0.518730 0.093011
v -0.032488 0.518730 0.108181
v -0.032622 0.518730 0.123519
v -0.035154 0.518730 0.138648
v -0.040021 0.518730 0.153194
v -0.047103 0.518730 0.166800
v -0.056227 0.518730 0.179130
v -0.067168 0.518730 0.189881
v -0.079655 0.518730 0.198788
v -0.093382 0.518730 0.205632
v -0.108011 0.518730 0.210245
v -0.123181 0.518730 0.212512
v -0.138519 0.518730 0.212378
v -0.153648 0.518730 0.209846
v -0.168194 0.518730 0.204979
v -0.181800 0.518730 0.197897
v -0.194130 0.518730 0.188773
v -0.204881 0.518730 0.177832
v -0.213788 0.518730 0.165345
v -0.220632 0.518730 0.151618
v -0.225245 0.518730 0.136989
v -0.227512 0.518730 0.121819
v -0.227378 0.518730 0.106481
v -0.224846 0.518730 0.091352
v -0.219979 0.518730 0.076806
v -0.212897 0.518730 0.063200
v -0.203773 0.518730 0.050870
v -0.192832 0.518730 0.040119
v -0.180345 0.518730 0.031212
v -0.166618 0.518730 0.024368
v -0.151989 0.518730 0.019755
v -0.136819 0.518730 0.017488
v -0.136048 0.559530 0.028511
v -0.122444 0.559530 0.028630
v -0.109025 0.559530 0.030875
v -0.096124 0.559530 0.035192
v -0.084056 0.559530 0.041474
v -0.073120 0.559530 0.049567
v -0.063584 0.559530 0.059270
v -0.055684 0.559530 0.070346
v -0.049613 0.559530 0.082522
v -0.045522 0.559530 0.095497
v -0.043511 0.559530 0.108952
v -0.043630 0.559530 0.122556
v -0.045875 0.559530 0.135975
v -0.050192 0.559530 0.148876
v -0.056474 0.559530 0.160944
v -0.064567 0.559530 0.171880
v -0.074270 0.559530 0.181416
v -0.085346 0.559530 0.189316
v -0.097522 0.559530 0.195387
v -0.110497 0.559530 0.199478
v -0.123952 0.559530 0.201489
v -0.137556 0.559530 0.201370
v -0.150975 0.559530 0.199125
v -0.163876 0.559530 0.194808
v -0.175944 0.559530 0.188526
v -0.186880 0.559530 0.180433
v -0.196416 0.559530 0.170730
v -0.204316 0.559530 0.159654
v -0.210387 0.559530 0.147478
v -0.214478 0.559530 0.134503
v -0.216489 0.559530 0.121048
v -0.216370 0.559530 0.107444
v -0.214125 0.559530 0.094025
v -0.209808 0.559530 0.081124
v -0.203526 0.559530 0.069056
v -0.195433 0.559530 0.058120
v -0.185730 0.559530 0.048584
v -0.174654 0.559530 0.040684
v -0.162478 0.559530 0.034613
v -0.149503 0.559530 0.030522
v -0.136048 0.559530 0.028511
v -0.133795 0.589280 0.060733
v -0.125259 0.589280 0.060807
v -0.116839 0.589280 0.062216
v -0.108744 0.589280 0.064925
v -0.101172 0.589280 0.068866
v -0.094310 0.589280 0.073944
v -0.088327 0.589280 0.080032
v -0.083370 0.589280 0.086982
v -0.079561 0.589280 0.094621
v -0.076994 0.589280 0.102763
v -0.075733 0.589280 0.111205
v -0.075807 0.589280 0.119741
v -0.077216 0.589280 0.128161
v -0.079925 0.589280 0.136256
v -0.083866 0.589280 0.143828
v -0.088944 0.589280 0.150690
v -0.095032 0.589280 0.156673
v -0.101982 0.589280 0.161630
v -0.109621 0.589280 0.165439
v -0.117763 0.589280 0.168006
v -0.126205 0.589280 0.169267
v -0.134741 0.589280 0.169193
v -0.143161 0.589280 0.167784
v -0.151256 0.589280 0.165075
v -0.158828 0.589280 0.161134
v -0.165690 0.589280 0.156056
v -0.171673 0.589280 0.149968
v -0.176630 0.589280 0.143018
v -0.180439 0.589280 0.135379
v -0.183006 0.589280 0.127237
v -0.184267 0.589280 0.118795
v -0.184193 0.589280 0.110259
v -0.182784 0.589280 0.101839
v -0.180075 0.589280 0.093744
v -0.176134 0.589280 0.086172
v -0.171056 0.589280 0.079310
v -0.164968 0.589280 0.073327
v -0.158018 0.589280 0.068370
v -0.150379 0.589280 0.064561
v -0.142237 0.589280 0.061994
v -0.133795 0.589280 0.060733
v -0.130000 0.599480 0.115000
v -0.130000 0.599480 0.115000
v -0.130000 0.599480 0.115000
v -0.130000 0.599480 0.115000
v -0.130000 0.599480 0.115000
v -0.130000 0.599480 0.115000
v -0.130000 0.599480 0.115000
v -0.130000 0.599480 0.115000
v -0.130000 0.599480 0.115000
v -0.130000 0.599480 0.115000
v -0.130000 0.599480 0.115000
v -0.130000 0.599480 0.115000
v -0.130000 0.599480 0.115000
v -0.130000 0.599480 0.115000
v -0.130000 0.599480 0.115000
v -0.130000 0.599480 0.115000
v -0.130000 0.599480 0.115000
v -0.130000 0.599480 0.115000
v -0.130000 0.599480 0.115000
v -0.130000 0.599480 0.115000
v -0.130000 0.599480 0.115000
v -0.130000 0.599480 0.115000
v -0.130000 0.599480 0.115000
v -0.130000 0.599480 0.115000
v -0.130000 0.599480 0.115000
v -0.130000 0.599480 0.115000
v -0.130000 0.599480 0.115000
v -0.130000 0.599480 0.115000
v -0.130000 0.599480 0.115000
v -0.130000 0.599480 0.115000
v -0.130000 0.599480 0.115000
v -0.130000 0.599480 0.115000
v -0.130000 0.599480 0.115000
v -0.130000 0.599480 0.115000
v -0.130000 0.599480 0.115000
v -0.130000 0.599480 0.115000
v -0.130000 0.599480 0.115000
v -0.130000 0.599480 0.115000
v -0.130000 0.599480 0.115000
v -0.130000 0.599480 0.115000
v -0.130000 0.599480 0.115000
v 0.130000 0.501730 0.115000
v 0.130000 0.501730 0.115000
v 0.130000 0.501730 0.115000
v 0.130000 0.501730 0.115000
v 0.130000 0.501730 0.115000
v 0.130000 0.501730 0.115000
v 0.130000 0.501730 0.115000
v 0.130000 0.501730 0.115000
v 0.130000 0.501730 0.115000
v 0.130000 0.501730 0.115000
v 0.130000 0.501730 0.115000
v 0.130000 0.501730 0.115000
v 0.130000 0.501730 0.115000
v 0.130000 0.501730 0.115000
v 0.130000 0.501730 0.115000
v 0.130000 0.501730 0.115000
v 0.130000 0.501730 0.115000
v 0.130000 0.501730 0.115000
v 0.130000 0.501730 0.115000
v 0.130000 0.501730 0.115000
v 0.130000 0.501730 0.115000
v 0.130000 0.501730 0.115000
v 0.130000 0.501730 0.115000
v 0.130000 0.501730 0.115000
v 0.130000 0.501730 0.115000
v 0.130000 0.501730 0.115000
v 0.130000 0.501730 0.115000
v 0.130000 0.501730 0.115000
v 0.130000 0.501730 0.115000
v 0.130000 0.501730 0.115000
v 0.130000 0.501730 0.115000
v 0.130000 0.501730 0.115000
v 0.130000 0.501730 0.115000
v 0.130000 0.501730 0.115000
v 0.130000 0.501730 0.115000
v 0.130000 0.501730 0.115000
v 0.130000 0.501730 0.115000
v 0.130000 0.501730 0.115000
v 0.130000 0.501730 0.115000
v 0.130000 0.501730 0.115000
v 0.130000 0.501730 0.115000
v 0.061961 0.501730 0.059903
v 0.071418 0.501730 0.049938
v 0.082317 0.501730 0.041574
v 0.094390 0.501730 0.035019
v 0.107340 0.501730 0.030433
v 0.120849 0.501730 0.027930
v 0.134582 0.501730 0.027570
v 0.148203 0.501730 0.029363
v 0.161375 0.501730 0.033265
v 0.173775 0.501730 0.039179
v 0.185097 0.501730 0.046961
v 0.195062 0.501730 0.056418
v 0.203426 0.501730 0.067317
v 0.209981 0.501730 0.079390
v 0.214567 0.501730 0.092340
v 0.217070 0.501730 0.105849
v 0.217430 0.501730 0.119582
v 0.215637 0.501730 0.133203
v 0.211735 0.501730 0.146375
v 0.205821 0.501730 0.158775
v 0.198039 0.501730 0.170097
v 0.188582 0.501730 0.180062
v 0.177683 0.501730 0.188426
v 0.165610 0.501730 0.194981
v 0.152660 0.501730 0.199567
v 0.139151 0.501730 0.202070
v 0.125418 0.501730 0.202430
v 0.111797 0.501730 0.200637
v 0.098625 0.501730 0.196735
v 0.086225 0.501730 0.190821
v 0.074903 0.501730 0.183039
v 0.064938 0.501730 0.173582
v 0.056574 0.501730 0.162683
v 0.050019 0.501730 0.150610
v 0.045433 0.501730 0.137660
v 0.042930 0.501730 0.124151
v 0.042570 0.501730 0.110418
v 0.044363 0.501730 0.096797
v 0.048265 0.501730 0.083625
v 0.054179 0.501730 0.071225
v 0.061961 0.501730 0.059903
v 0.054034 0.518730 0.053484
v 0.064592 0.518730 0.042358
v 0.076762 0.518730 0.033020
v 0.090241 0.518730 0.025701
v 0.104700 0.518730 0.020581
v 0.119782 0.518730 0.017785
v 0.135116 0.518730 0.017384
v 0.150323 0.518730 0.019386
v 0.165030 0.518730 0.023743
v 0.178875 0.518730 0.030346
v 0.191516 0.518730 0.039034
v 0.202642 0.518730 0.049592
v 0.211980 0.518730 0.061762
v 0.219299 0.518730 0.075241
v 0.224419 0.518730 0.089700
v 0.227215 0.518730 0.104782
v 0.227616 0.518730 0.120116
v 0.225614 0.518730 0.135323
v 0.221257 0.518730 0.150030
v 0.214654 0.518730 0.163875
v 0.205966 0.518730 0.176516
v 0.195408 0.518730 0.187642
v 0.183238 0.518730 0.196980
v 0.169759 0.518730 0.204299
v 0.155300 0.518730 0.209419
v 0.140218 0.518730 0.212215
v 0.124884 0.518730 0.212616
v 0.109677 0.518730 0.210614
v 0.094970 0.518730 0.206257
v 0.081125 0.518730 0.199654
v 0.068484 0.518730 0.190966
v 0.057358 0.518730 0.180408
v 0.048020 0.518730 0.168238
v 0.040701 0.518730 0.154759
v 0.035581 0.518730 0.140300
v 0.032785 0.518730 0.125218
v 0.032384 0.518730 0.109884
v 0.034386 0.518730 0.094677
v 0.038743 0.518730 0.079970
v 0.045346 0.518730 0.066125
v 0.054034 0.518730 0.053484
v 0.062621 0.559530 0.060438
v 0.071986 0.559530 0.050569
v 0.082780 0.559530 0.042287
v 0.094736 0.559530 0.035796
v 0.107560 0.559530 0.031254
v 0.120937 0.559530 0.028775
v 0.134538 0.559530 0.028419
v 0.148026 0.559530 0.030195
v 0.161071 0.559530 0.034059
v 0.173350 0.559530 0.039916
v 0.184562 0.559530 0.047621
v 0.194431 0.559530 0.056986
v 0.202713 0.559530 0.067780
v 0.209204 0.559530 0.079736
v 0.213746 0.559530 0.092560
v 0.216225 0.559530 0.105937
v 0.216581 0.559530 0.119538
v 0.214805 0.559530 0.133026
v 0.210941 0.559530 0.146071
v 0.205084 0.559530 0.158350
v 0.197379 0.559530 0.169562
v 0.188014 0.559530 0.179431
v 0.177220 0.559530 0.187713
v 0.165264 0.559530 0.194204
v 0.152440 0.559530 0.198746
v 0.139063 0.559530 0.201225
v 0.125462 0.559530 0.201581
v 0.111974 0.559530 0.199805
v 0.098929 0.559530 0.195941
v 0.086650 0.559530 0.190084
v 0.075438 0.559530 0.182379
v 0.065569 0.559530 0.173014
v 0.057287 0.559530 0.162220
v 0.050796 0.559530 0.150264
v 0.046254 0.559530 0.137440
v 0.043775 0.559530 0.124063
v 0.043419 0.559530 0.110462
v 0.045195 0.559530 0.096974
v 0.049059 0.559530 0.083929
v 0.054916 0.559530 0.071650
v 0.062621 0.559530 0.060438
v 0.087723 0.589280 0.080765
v 0.093599 0.589280 0.074573
v 0.100372 0.589280 0.069376
v 0.107874 0.589280 0.065303
v 0.115920 0.589280 0.062454
v 0.124314 0.589280 0.060898
v 0.132847 0.589280 0.060675
v 0.141310 0.589280 0.061789
v 0.149495 0.589280 0.064213
v 0.157200 0.589280 0.067888
v 0.164235 0.589280 0.072723
v 0.170427 0.589280 0.078599
v 0.175624 0.589280 0.085372
v 0.179697 0.589280 0.092874
v 0.182546 0.589280 0.100920
v 0.184102 0.589280 0.109314
v 0.184325 0.589280 0.117847
v 0.183211 0.589280 0.126310
v 0.180787 0.589280 0.134495
v 0.177112 0.589280 0.142200
v 0.172277 0.589280 0.149235
v 0.166401 0.589280 0.155427
v 0.159628 0.589280 0.160624
v 0.152126 0.589280 0.164697
v 0.144080 0.589280 0.167546
v 0.135686 0.589280 0.169102
v 0.127153 0.589280 0.169325
v 0.118690 0.589280 0.168211
v 0.110505 0.589280 0.165787
v 0.102800 0.589280 0.162112
v 0.095765 0.589280 0.157277
v 0.089573 0.589280 0.151401
v 0.084376 0.589280 0.144628
v 0.080303 0.589280 0.137126
v 0.077454 0.589280 0.129080
v 0.075898 0.589280 0.120686
v 0.075675 0.589280 0.112153
v 0.076789 0.589280 0.103690
v 0.079213 0.589280 0.095505
v 0.082888 0.589280 0.087800
v 0.087723 0.589280 0.080765
v 0.130000 0.599480 0.115000
v 0.130000 0.599480 0.115000
v 0.130000 0.599480 0.115000
v 0.130000 0.599480 0.115000
v 0.130000 0.599480 0.115000
v 0.130000 0.599480 0.115000
v 0.130000 0.599480 0.115000
v 0.130000 0.599480 0.115000
v 0.130000 0.599480 0.115000
v 0.130000 0.599480 0.115000
v 0.130000 0.599480 0.115000
v 0.130000 0.599480 0.115000
v 0.130000 0.599480 0.115000
v 0.130000 0.599480 0.115000
v 0.130000 0.599480 0.115000
v 0.130000 0.599480 0.115000
v 0.130000 0.599480 0.115000
v 0.130000 0.599480 0.115000
v 0.130000 0.599480 0.115000
v 0.130000 0.599480 0.115000
v 0.130000 0.599480 0.115000
v 0.130000 0.599480 0.115000
v 0.130000 0.599480 0.115000
v 0.130000 0.599480 0.115000
v 0.130000 0.599480 0.115000
v 0.130000 0.599480 0.115000
v 0.130000 0.599480 0.115000
v 0.130000 0.599480 0.115000
v 0.130000 0.599480 0.115000
v 0.130000 0.599480 0.115000
v 0.130000 0.599480 0.115000
v 0.130000 0.599480 0.115000
v 0.130000 0.599480 0.115000
v 0.130000 0.599480 0.115000
v 0.130000 0.599480 0.115000
v 0.130000 0.599480 0.115000
v 0.130000 0.599480 0.115000
v 0.130000 0.599480 0.115000
v 0.130000 0.599480 0.115000
v 0.130000 0.599480 0.115000
v 0.130000 0.599480 0.115000
vn 0.000000 -1.000000 0.000000
vn 0.000000 -1.000000 0.000000
vn 0.000000 -1.000000 0.000000
vn 0.000000 -1.000000 0.000000
vn 0.000000 -1.000000 0.000000
vn 0.000000 -1.000000 0.000000
vn 0.000000 -1.000000 0.000000
vn 0.000000 -1.000000 0.000000
vn 0.000000 -1.000000 0.000000
vn 0.000000 -1.000000 0.000000
vn 0.000000 -1.000000 0.000000
vn 0.000000 -1.000000 0.000000
vn 0.000000 -1.000000 0.000000
vn 0.000000 -1.000000 0.000000
vn 0.000000 -1.000000 0.000000
vn 0.000000 -1.000000 0.000000
vn 0.000000 -1.000000 0.000000
vn 0.000000 -1.000000 0.000000
vn 0.000000 -1.000000 0.000000
vn 0.000000 -1.000000 0.000000
vn 0.000000 -1.000000 0.000000
vn 0.000000 -1.000000 0.000000
vn 0.000000 -1.000000 0.000000
vn 0.000000 -1.000000 0.000000
vn 0.000000 -1.000000 0.000000
vn 0.000000 -1.000000 0.000000
vn 0.000000 -1.000000 0.000000
vn 0.000000 -1.000000 0.000000
vn 0.000000 -1.000000 0.000000
vn 0.000000 -1.000000 0.000000
vn 0.000000 -1.000000 0.000000
vn 0.000000 -1.000000 0.000000
vn 0.000000 -1.000000 0.000000
vn 0.000000 -1.000000 0.000000
vn 0.000000 -1.000000 0.000000
vn 0.000000 -1.000000 0.000000
vn 0.000000 -1.000000 0.000000
vn 0.000000 -1.000000 0.000000
vn 0.000000 -1.000000 0.000000
vn 0.000000 -1.000000 0.000000
vn 0.000000 -1.000000 0.000000
vn 0.248072 -0.968716 -0.006994
vn 0.246112 -0.968716 0.031899
vn 0.238092 -0.968716 0.070006
vn 0.224209 -0.968716 0.106390
vn 0.204806 -0.968716 0.140154
vn 0.180359 -0.968716 0.170467
vn 0.151472 -0.968716 0.196583
vn 0.118854 -0.968716 0.217858
vn 0.083311 -0.968716 0.233769
vn 0.045715 -0.968716 0.243923
vn 0.006994 -0.968716 0.248072
vn -0.031899 -0.968716 0.246112
vn -0.070006 -0.968716 0.238092
vn -0.106390 -0.968716 0.224209
vn -0.140154 -0.968716 0.204806
vn -0.170467 -0.968716 0.180359
vn -0.196583 -0.968716 0.151472
vn -0.217858 -0.968716 0.118854
vn -0.233769 -0.968716 0.083311
vn -0.243923 -0.968716 0.045715
vn -0.248072 -0.968716 0.006994
vn -0.246112 -0.968716 -0.031899
vn -0.238092 -0.968716 -0.070006
vn -0.224209 -0.968716 -0.106390
vn -0.204806 -0.968716 -0.140154
vn -0.180359 -0.968716 -0.170467
vn -0.151472 -0.968716 -0.196583
vn -0.118854 -0.968716 -0.217858
vn -0.083311 -0.968716 -0.233769
vn -0.045715 -0.968716 -0.243923
vn -0.006994 -0.968716 -0.248072
vn 0.031899 -0.968716 -0.246112
vn 0.070006 -0.968716 -0.238092
vn 0.106390 -0.968716 -0.224209
vn 0.140154 -0.968716 -0.204806
vn 0.170467 -0.968716 -0.180359
vn 0.196583 -0.968716 -0.151472
vn 0.217858 -0.968716 -0.118854
vn 0.233769 -0.968716 -0.083311
vn 0.243923 -0.968716 -0.045715
vn 0.248072 -0.968716 -0.006994
vn 0.999851 0.014160 -0.009876
vn 0.989086 0.014160 0.146656
vn 0.953967 0.014160 0.299578
vn 0.895357 0.014160 0.445123
vn 0.814702 0.014160 0.579708
vn 0.713985 0.014160 0.700018
vn 0.595688 0.014160 0.803091
vn 0.462723 0.014160 0.886390
vn 0.318364 0.014160 0.947863
vn 0.166166 0.014160 0.985996
vn 0.009876 0.014160 0.999851
vn -0.146656 0.014160 0.989086
vn -0.299578 0.014160 0.953967
vn -0.445123 0.014160 0.895357
vn -0.579708 0.014160 0.814702
vn -0.700018 0.014160 0.713985
vn -0.803091 0.014160 0.595688
vn -0.886390 0.014160 0.462723
vn -0.947863 0.014160 0.318364
vn -0.985996 0.014160 0.166166
vn -0.999851 0.014160 0.009876
vn -0.989086 0.014160 -0.146656
vn -0.953967 0.014160 -0.299578
vn -0.895357 0.014160 -0.445123
vn -0.814702 0.014160 -0.579708
vn -0.713985 0.014160 -0.700018
vn -0.595688 0.014160 -0.803091
vn -0.462723 0.014160 -0.886390
vn -0.318364 0.014160 -0.947863
vn -0.166166 0.014160 -0.985996
vn -0.009876 0.014160 -0.999851
vn 0.146656 0.014160 -0.989086
vn 0.299578 0.014160 -0.953967
vn 0.445123 0.014160 -0.895357
vn 0.579708 0.014160 -0.814702
vn 0.700018 0.014160 -0.713985
vn 0.803091 0.014160 -0.595688
vn 0.886390 0.014160 -0.462723
vn 0.947863 0.014160 -0.318364
vn 0.985996 0.014160 -0.166166
vn 0.999851 0.014160 -0.009876
vn 0.864849 0.501950 0.009042
vn 0.852787 0.501950 0.144222
vn 0.819727 0.501950 0.275852
vn 0.766482 0.501950 0.400689
vn 0.694363 0.501950 0.515660
vn 0.605147 0.501950 0.617934
vn 0.501031 0.501950 0.704992
vn 0.384577 0.501950 0.774691
vn 0.258654 0.501950 0.825315
vn 0.126362 0.501950 0.855616
vn -0.009042 0.501950 0.864849
vn -0.144222 0.501950 0.852787
vn -0.275852 0.501950 0.819727
vn -0.400689 0.501950 0.766482
vn -0.515660 0.501950 0.694363
vn -0.617934 0.501950 0.605147
vn -0.704992 0.501950 0.501031
vn -0.774691 0.501950 0.384577
vn -0.825315 0.501950 0.258654
vn -0.855616 0.501950 0.126362
vn -0.864849 0.501950 -0.009042
vn -0.852787 0.501950 -0.144222
vn -0.819727 0.501950 -0.275852
vn -0.766482 0.501950 -0.400689
vn -0.694363 0.501950 -0.515660
vn -0.605147 0.501950 -0.617934
vn -0.501031 0.501950 -0.704992
vn -0.384577 0.501950 -0.774691
vn -0.258654 0.501950 -0.825315
vn -0.126362 0.501950 -0.855616
vn 0.009042 0.501950 -0.864849
vn 0.144222 0.501950 -0.852787
vn 0.275852 0.501950 -0.819727
vn 0.400689 0.501950 -0.766482
vn 0.515660 0.501950 -0.694363
vn 0.617934 0.501950 -0.605147
vn 0.704992 0.501950 -0.501031
vn 0.774691 0.501950 -0.384577
vn 0.825315 0.501950 -0.258654
vn 0.855616 0.501950 -0.126362
vn 0.864849 0.501950 0.009042
vn 0.492619 0.870125 0.014439
vn 0.484295 0.870125 0.091323
vn 0.464047 0.870125 0.165960
vn 0.432372 0.870125 0.236509
vn 0.390050 0.870125 0.301235
vn 0.338124 0.870125 0.358544
vn 0.277873 0.870125 0.407024
vn 0.210779 0.870125 0.445482
vn 0.138496 0.870125 0.472970
vn 0.062802 0.870125 0.488813
vn -0.014439 0.870125 0.492619
vn -0.091323 0.870125 0.484295
vn -0.165960 0.870125 0.464047
vn -0.236509 0.870125 0.432372
vn -0.301235 0.870125 0.390050
vn -0.358544 0.870125 0.338124
vn -0.407024 0.870125 0.277873
vn -0.445482 0.870125 0.210779
vn -0.472970 0.870125 0.138496
vn -0.488813 0.870125 0.062802
vn -0.492619 0.870125 -0.014439
vn -0.484295 0.870125 -0.091323
vn -0.464047 0.870125 -0.165960
vn -0.432372 0.870125 -0.236509
vn -0.390050 0.870125 -0.301235
vn -0.338124 0.870125 -0.358544
vn -0.277873 0.870125 -0.407024
vn -0.210779 0.870125 -0.445482
vn -0.138496 0.870125 -0.472970
vn -0.062802 0.870125 -0.488813
vn 0.014439 0.870125 -0.492619
vn 0.091323 0.870125 -0.484295
vn 0.165960 0.870125 -0.464047
vn 0.236509 0.870125 -0.432372
vn 0.301235 0.870125 -0.390050
vn 0.358544 0.870125 -0.338124
vn 0.407024 0.870125 -0.277873
vn 0.445482 0.870125 -0.210779
vn 0.472970 0.870125 -0.138496
vn 0.488813 0.870125 -0.062802
vn 0.492619 0.870125 0.014439
vn 0.000000 1.000000 0.000000
vn 0.000000 1.000000 0.000000
vn 0.000000 1.000000 0.000000
vn 0.000000 1.000000 0.000000
vn 0.000000 1.000000 0.000000
vn 0.000000 1.000000 0.000000
vn 0.000000 1.000000 0.000000
vn 0.000000 1.000000 0.000000
vn 0.000000 1.000000 0.000000
vn 0.000000 1.000000 0.000000
vn 0.000000 1.000000 0.000000
vn 0.000000 1.000000 0.000000
vn 0.000000 1.000000 0.000000
vn 0.000000 1.000000 0.000000
vn 0.000000 1.000000 0.000000
vn 0.000000 1.000000 0.000000
vn 0.000000 1.000000 0.000000
vn 0.000000 1.000000 0.000000
vn 0.000000 1.000000 0.000000
vn 0.000000 1.000000 0.000000
vn 0.000000 1.000000 0.000000
vn 0.000000 1.000000 0.000000
vn 0.000000 1.000000 0.000000
vn 0.000000 1.000000 0.000000
vn 0.000000 1.000000 0.000000
vn 0.000000 1.000000 0.000000
vn 0.000000 1.000000 0.000000
vn 0.000000 1.000000 0.000000
vn 0.000000 1.000000 0.000000
vn 0.000000 1.000000 0.000000
vn 0.000000 1.000000 0.000000
vn 0.000000 1.000000 0.000000
vn 0.000000 1.000000 0.000000
vn 0.000000 1.000000 0.000000
vn 0.000000 1.000000 0.000000
vn 0.000000 1.000000 0.000000
vn 0.000000 1.000000 0.000000
vn 0.000000 1.000000 0.000000
vn 0.000000 1.000000 0.000000
vn 0.000000 1.000000 0.000000
vn 0.000000 1.000000 0.000000
vn 0.000000 -1.000000 0.000000
vn 0.000000 -1.000000 0.000000
vn 0.000000 -1.000000 0.000000
vn 0.000000 -1.000000 0.000000
vn 0.000000 -1.000000 0.000000
vn 0.000000 -1.000000 0.000000
vn 0.000000 -1.000000 0.000000
vn 0.000000 -1.000000 0.000000
vn 0.000000 -1.000000 0.000000
vn 0.000000 -1.000000 0.000000
vn 0.000000 -1.000000 0.000000
vn 0.000000 -1.000000 0.000000
vn 0.000000 -1.000000 0.000000
vn 0.000000 -1.000000 0.000000
vn 0.000000 -1.000000 0.000000
vn 0.000000 -1.000000 0.000000
vn 0.000000 -1.000000 0.000000
vn 0.000000 -1.000000 0.000000
vn 0.000000 -1.000000 0.000000
vn 0.000000 -1.000000 0.000000
vn 0.000000 -1.000000 0.000000
vn 0.000000 -1.000000 0.000000
vn 0.000000 -1.000000 0.000000
vn 0.000000 -1.000000 0.000000
vn 0.000000 -1.000000 0.000000
vn 0.000000 -1.000000 0.000000
vn 0.000000 -1.000000 0.000000
vn 0.000000 -1.000000 0.000000
vn 0.000000 -1.000000 0.000000
vn 0.000000 -1.000000 0.000000
vn 0.000000 -1.000000 0.000000
vn 0.000000 -1.000000 0.000000
vn 0.000000 -1.000000 0.000000
vn 0.000000 -1.000000 0.000000
vn 0.000000 -1.000000 0.000000
vn 0.000000 -1.000000 0.000000
vn 0.000000 -1.000000 0.000000
vn 0.000000 -1.000000 0.000000
vn 0.000000 -1.000000 0.000000
vn 0.000000 -1.000000 0.000000
vn 0.000000 -1.000000 0.000000
vn 0.164069 -0.968716 -0.186198
vn 0.191177 -0.968716 -0.158240
vn 0.213577 -0.968716 -0.126385
vn 0.230719 -0.968716 -0.091418
vn 0.242179 -0.968716 -0.054200
vn 0.247677 -0.968716 -0.015648
vn 0.247075 -0.968716 0.023290
vn 0.240390 -0.968716 0.061654
vn 0.227785 -0.968716 0.098501
vn 0.209572 -0.968716 0.132921
vn 0.186198 -0.968716 0.164069
vn 0.158240 -0.968716 0.191177
vn 0.126385 -0.968716 0.213577
vn 0.091418 -0.968716 0.230719
vn 0.054200 -0.968716 0.242179
vn 0.015648 -0.968716 0.247677
vn -0.023290 -0.968716 0.247075
vn -0.061654 -0.968716 0.240390
vn -0.098501 -0.968716 0.227785
vn -0.132921 -0.968716 0.209572
vn -0.164069 -0.968716 0.186198
vn -0.191177 -0.968716 0.158240
vn -0.213577 -0.968716 0.126385
vn -0.230719 -0.968716 0.091418
vn -0.242179 -0.968716 0.054200
vn -0.247677 -0.968716 0.015648
vn -0.247075 -0.968716 -0.023290
vn -0.240390 -0.968716 -0.061654
vn -0.227785 -0.968716 -0.098501
vn -0.209572 -0.968716 -0.132921
vn -0.186198 -0.968716 -0.164069
vn -0.158240 -0.968716 -0.191177
vn -0.126385 -0.968716 -0.213577
vn -0.091418 -0.968716 -0.230719
vn -0.054200 -0.968716 -0.242179
vn -0.015648 -0.968716 -0.247677
vn 0.023290 -0.968716 -0.247075
vn 0.061654 -0.968716 -0.240390
vn 0.098501 -0.968716 -0.227785
vn 0.132921 -0.968716 -0.209572
vn 0.164069 -0.968716 -0.186198
vn 0.674674 0.014160 -0.737980
vn 0.781813 0.014160 -0.623352
vn 0.869701 0.014160 -0.493375
vn 0.936175 0.014160 -0.351250
vn 0.979596 0.014160 -0.200475
vn 0.998897 0.014160 -0.044765
vn 0.993602 0.014160 0.112049
vn 0.963841 0.014160 0.266103
vn 0.910347 0.014160 0.413604
vn 0.834437 0.014160 0.550922
vn 0.737980 0.014160 0.674674
vn 0.623352 0.014160 0.781813
vn 0.493375 0.014160 0.869701
vn 0.351250 0.014160 0.936175
vn 0.200475 0.014160 0.979596
vn 0.044765 0.014160 0.998897
vn -0.112049 0.014160 0.993602
vn -0.266103 0.014160 0.963841
vn -0.413604 0.014160 0.910347
vn -0.550922 0.014160 0.834437
vn -0.674674 0.014160 0.737980
vn -0.781813 0.014160 0.623352
vn -0.869701 0.014160 0.493375
vn -0.936175 0.014160 0.351250
vn -0.979596 0.014160 0.200475
vn -0.998897 0.014160 0.044765
vn -0.993602 0.014160 -0.112049
vn -0.963841 0.014160 -0.266103
vn -0.910347 0.014160 -0.413604
vn -0.834437 0.014160 -0.550922
vn -0.737980 0.014160 -0.674674
vn -0.623352 0.014160 -0.781813
vn -0.493375 0.014160 -0.869701
vn -0.351250 0.014160 -0.936175
vn -0.200475 0.014160 -0.979596
vn -0.044765 0.014160 -0.998897
vn 0.112049 0.014160 -0.993602
vn 0.266103 0.014160 -0.963841
vn 0.413604 0.014160 -0.910347
vn 0.550922 0.014160 -0.834437
vn 0.674674 0.014160 -0.737980
vn 0.596438 0.501950 -0.626344
vn 0.687077 0.501950 -0.525330
vn 0.760798 0.501950 -0.411379
vn 0.815785 0.501950 -0.287300
vn 0.850685 0.501950 -0.156146
vn 0.864638 0.501950 -0.021147
vn 0.857301 0.501950 0.114373
vn 0.828854 0.501950 0.247076
vn 0.779998 0.501950 0.373696
vn 0.711937 0.501950 0.491113
vn 0.626344 0.501950 0.596438
vn 0.525330 0.501950 0.687077
vn 0.411379 0.501950 0.760798
vn 0.287300 0.501950 0.815785
vn 0.156146 0.501950 0.850685
vn 0.021147 0.501950 0.864638
vn -0.114373 0.501950 0.857301
vn -0.247076 0.501950 0.828854
vn -0.373696 0.501950 0.779998
vn -0.491113 0.501950 0.711937
vn -0.596438 0.501950 0.626344
vn -0.687077 0.501950 0.525330
vn -0.760798 0.501950 0.411379
vn -0.815785 0.501950 0.287300
vn -0.850685 0.501950 0.156146
vn -0.864638 0.501950 0.021147
vn -0.857301 0.501950 -0.114373
vn -0.828854 0.501950 -0.247076
vn -0.779998 0.501950 -0.373696
vn -0.711937 0.501950 -0.491113
vn -0.626344 0.501950 -0.596438
vn -0.525330 0.501950 -0.687077
vn -0.411379 0.501950 -0.760798
vn -0.287300 0.501950 -0.815785
vn -0.156146 0.501950 -0.850685
vn -0.021147 0.501950 -0.864638
vn 0.114373 0.501950 -0.857301
vn 0.247076 0.501950 -0.828854
vn 0.373696 0.501950 -0.779998
vn 0.491113 0.501950 -0.711937
vn 0.596438 0.501950 -0.626344
vn 0.346525 0.870125 -0.350431
vn 0.397078 0.870125 -0.291909
vn 0.437854 0.870125 -0.226198
vn 0.467849 0.870125 -0.154918
vn 0.486323 0.870125 -0.079823
vn 0.492823 0.870125 -0.002762
vn 0.487187 0.870125 0.074366
vn 0.469556 0.870125 0.149663
vn 0.440362 0.870125 0.221276
vn 0.400326 0.870125 0.287439
vn 0.350431 0.870125 0.346525
vn 0.291909 0.870125 0.397078
vn 0.226198 0.870125 0.437854
vn 0.154918 0.870125 0.467849
vn 0.079823 0.870125 0.486323
vn 0.002762 0.870125 0.492823
vn -0.074366 0.870125 0.487187
vn -0.149663 0.870125 0.469556
vn -0.221276 0.870125 0.440362
vn -0.287439 0.870125 0.400326
vn -0.346525 0.870125 0.350431
vn -0.397078 0.870125 0.291909
vn -0.437854 0.870125 0.226198
vn -0.467849 0.870125 0.154918
vn -0.486323 0.870125 0.079823
vn -0.492823 0.870125 0.002762
vn -0.487187 0.870125 -0.074366
vn -0.469556 0.870125 -0.149663
vn -0.440362 0.870125 -0.221276
vn -0.400326 0.870125 -0.287439
vn -0.350431 0.870125 -0.346525
vn -0.291909 0.870125 -0.397078
vn -0.226198 0.870125 -0.437854
vn -0.154918 0.870125 -0.467849
vn -0.079823 0.870125 -0.486323
vn -0.002762 0.870125 -0.492823
vn 0.074366 0.870125 -0.487187
vn 0.149663 0.870125 -0.469556
vn 0.221276 0.870125 -0.440362
vn 0.287439 0.870125 -0.400326
vn 0.346525 0.870125 -0.350431
vn 0.000000 1.000000 -0.000000
vn 0.000000 1.000000 -0.000000
vn 0.000000 1.000000 -0.000000
vn 0.000000 1.000000 -0.000000
vn 0.000000 1.000000 -0.000000
vn 0.000000 1.000000 -0.000000
vn 0.000000 1.000000 -0.000000
vn 0.000000 1.000000 -0.000000
vn 0.000000 1.000000 -0.000000
vn 0.000000 1.000000 -0.000000
vn 0.000000 1.000000 -0.000000
vn 0.000000 1.000000 -0.000000
vn 0.000000 1.000000 -0.000000
vn 0.000000 1.000000 -0.000000
vn 0.000000 1.000000 -0.000000
vn 0.000000 1.000000 -0.000000
vn 0.000000 1.000000 -0.000000
vn 0.000000 1.000000 -0.000000
vn 0.000000 1.000000 -0.000000
vn 0.000000 1.000000 -0.000000
vn 0.000000 1.000000 -0.000000
vn 0.000000 1.000000 -0.000000
vn 0.000000 1.000000 -0.000000
vn 0.000000 1.000000 -0.000000
vn 0.000000 1.000000 -0.000000
vn 0.000000 1.000000 -0.000000
vn 0.000000 1.000000 -0.000000
vn 0.000000 1.000000 -0.000000
vn 0.000000 1.000000 -0.000000
vn 0.000000 1.000000 -0.000000
vn 0.000000 1.000000 -0.000000
vn 0.000000 1.000000 -0.000000
vn 0.000000 1.000000 -0.000000
vn 0.000000 1.000000 -0.000000
vn 0.000000 1.000000 -0.000000
vn 0.000000 1.000000 -0.000000
vn 0.000000 1.000000 -0.000000
vn 0.000000 1.000000 -0.000000
vn 0.000000 1.000000 -0.000000
vn 0.000000 1.000000 -0.000000
vn 0.000000 1.000000 -0.000000
vn 0.000000 -1.000000 0.000000
vn 0.000000 -1.000000 0.000000
vn 0.000000 -1.000000 0.000000
vn 0.000000 -1.000000 0.000000
vn 0.000000 -1.000000 0.000000
vn 0.000000 -1.000000 0.000000
vn 0.000000 -1.000000 0.000000
vn 0.000000 -1.000000 0.000000
vn 0.000000 -1.000000 0.000000
vn 0.000000 -1.000000 0.000000
vn 0.000000 -1.000000 0.000000
vn 0.000000 -1.000000 0.000000
vn 0.000000 -1.000000 0.000000
vn 0.000000 -1.000000 0.000000
vn 0.000000 -1.000000 0.000000
vn 0.000000 -1.000000 0.000000
vn 0.000000 -1.000000 0.000000
vn 0.000000 -1.000000 0.000000
vn 0.000000 -1.000000 0.000000
vn 0.000000 -1.000000 0.000000
vn 0.000000 -1.000000 0.000000
vn 0.000000 -1.000000 0.000000
vn 0.000000 -1.000000 0.000000
vn 0.000000 -1.000000 0.000000
vn 0.000000 -1.000000 0.000000
vn 0.000000 -1.000000 0.000000
vn 0.000000 -1.000000 0.000000
vn 0.000000 -1.000000 0.000000
vn 0.000000 -1.000000 0.000000
vn 0.000000 -1.000000 0.000000
vn 0.000000 -1.000000 0.000000
vn 0.000000 -1.000000 0.000000
vn 0.000000 -1.000000 0.000000
vn 0.000000 -1.000000 0.000000
vn 0.000000 -1.000000 0.000000
vn 0.000000 -1.000000 0.000000
vn 0.000000 -1.000000 0.000000
vn 0.000000 -1.000000 0.000000
vn 0.000000 -1.000000 0.000000
vn 0.000000 -1.000000 0.000000
vn 0.000000 -1.000000 0.000000
vn -0.024282 -0.968716 -0.246980
vn 0.014653 -0.968716 -0.247737
vn 0.053227 -0.968716 -0.242395
vn 0.090491 -0.968716 -0.231084
vn 0.125526 -0.968716 -0.214083
vn 0.157471 -0.968716 -0.191811
vn 0.185538 -0.968716 -0.164816
vn 0.209037 -0.968716 -0.133762
vn 0.227388 -0.968716 -0.099414
vn 0.240140 -0.968716 -0.062619
vn 0.246980 -0.968716 -0.024282
vn 0.247737 -0.968716 0.014653
vn 0.242395 -0.968716 0.053227
vn 0.231084 -0.968716 0.090491
vn 0.214083 -0.968716 0.125526
vn 0.191811 -0.968716 0.157471
vn 0.164816 -0.968716 0.185538
vn 0.133762 -0.968716 0.209037
vn 0.099414 -0.968716 0.227388
vn 0.062619 -0.968716 0.240140
vn 0.024282 -0.968716 0.246980
vn -0.014653 -0.968716 0.247737
vn -0.053227 -0.968716 0.242395
vn -0.090491 -0.968716 0.231084
vn -0.125526 -0.968716 0.214083
vn -0.157471 -0.968716 0.191811
vn -0.185538 -0.968716 0.164816
vn -0.209037 -0.968716 0.133762
vn -0.227388 -0.968716 0.099414
vn -0.240140 -0.968716 0.062619
vn -0.246980 -0.968716 0.024282
vn -0.247737 -0.968716 -0.014653
vn -0.242395 -0.968716 -0.053227
vn -0.231084 -0.968716 -0.090491
vn -0.214083 -0.968716 -0.125526
vn -0.191811 -0.968716 -0.157471
vn -0.164816 -0.968716 -0.185538
vn -0.133762 -0.968716 -0.209037
vn -0.099414 -0.968716 -0.227388
vn -0.062619 -0.968716 -0.240140
vn -0.024282 -0.968716 -0.246980
vn -0.079598 0.014160 -0.996726
vn 0.077304 0.014160 -0.996907
vn 0.232303 0.014160 -0.972540
vn 0.381582 0.014160 -0.924227
vn 0.521465 0.014160 -0.853155
vn 0.648508 0.014160 -0.761077
vn 0.759582 0.014160 -0.650257
vn 0.851953 0.014160 -0.523427
vn 0.923346 0.014160 -0.383708
vn 0.972003 0.014160 -0.234541
vn 0.996726 0.014160 -0.079598
vn 0.996907 0.014160 0.077304
vn 0.972540 0.014160 0.232303
vn 0.924227 0.014160 0.381582
vn 0.853155 0.014160 0.521465
vn 0.761077 0.014160 0.648508
vn 0.650257 0.014160 0.759582
vn 0.523427 0.014160 0.851953
vn 0.383708 0.014160 0.923346
vn 0.234541 0.014160 0.972003
vn 0.079598 0.014160 0.996726
vn -0.077304 0.014160 0.996907
vn -0.232303 0.014160 0.972540
vn -0.381582 0.014160 0.924227
vn -0.521465 0.014160 0.853155
vn -0.648508 0.014160 0.761077
vn -0.759582 0.014160 0.650257
vn -0.851953 0.014160 0.523427
vn -0.923346 0.014160 0.383708
vn -0.972003 0.014160 0.234541
vn -0.996726 0.014160 0.079598
vn -0.996907 0.014160 -0.077304
vn -0.972540 0.014160 -0.232303
vn -0.924227 0.014160 -0.381582
vn -0.853155 0.014160 -0.521465
vn -0.761077 0.014160 -0.648508
vn -0.650257 0.014160 -0.759582
vn -0.523427 0.014160 -0.851953
vn -0.383708 0.014160 -0.923346
vn -0.234541 0.014160 -0.972003
vn -0.079598 0.014160 -0.996726
vn -0.051309 0.501950 -0.863373
vn 0.084384 0.501950 -0.860770
vn 0.217999 0.501950 -0.836972
vn 0.346246 0.501950 -0.792565
vn 0.465968 0.501950 -0.728642
vn 0.574216 0.501950 -0.646778
vn 0.668325 0.501950 -0.548988
vn 0.745977 0.501950 -0.437680
vn 0.805261 0.501950 -0.315595
vn 0.844717 0.501950 -0.185739
vn 0.863373 0.501950 -0.051309
vn 0.860770 0.501950 0.084384
vn 0.836972 0.501950 0.217999
vn 0.792565 0.501950 0.346246
vn 0.728642 0.501950 0.465968
vn 0.646778 0.501950 0.574216
vn 0.548988 0.501950 0.668325
vn 0.437680 0.501950 0.745977
vn 0.315595 0.501950 0.805261
vn 0.185739 0.501950 0.844717
vn 0.051309 0.501950 0.863373
vn -0.084384 0.501950 0.860770
vn -0.217999 0.501950 0.836972
vn -0.346246 0.501950 0.792565
vn -0.465968 0.501950 0.728642
vn -0.574216 0.501950 0.646778
vn -0.668325 0.501950 0.548988
vn -0.745977 0.501950 0.437680
vn -0.805261 0.501950 0.315595
vn -0.844717 0.501950 0.185739
vn -0.863373 0.501950 0.051309
vn -0.860770 0.501950 -0.084384
vn -0.836972 0.501950 -0.217999
vn -0.792565 0.501950 -0.346246
vn -0.728642 0.501950 -0.465968
vn -0.646778 0.501950 -0.574216
vn -0.548988 0.501950 -0.668325
vn -0.437680 0.501950 -0.745977
vn -0.315595 0.501950 -0.805261
vn -0.185739 0.501950 -0.844717
vn -0.051309 0.501950 -0.863373
vn -0.019960 0.870125 -0.492426
vn 0.057318 0.870125 -0.489486
vn 0.133185 0.870125 -0.474493
vn 0.205772 0.870125 -0.447816
vn 0.273293 0.870125 -0.410113
vn 0.334084 0.870125 -0.362312
vn 0.386649 0.870125 -0.305589
vn 0.429693 0.870125 -0.241341
vn 0.462157 0.870125 -0.171151
vn 0.483241 0.870125 -0.096747
vn 0.492426 0.870125 -0.019960
vn 0.489486 0.870125 0.057318
vn 0.474493 0.870125 0.133185
vn 0.447816 0.870125 0.205772
vn 0.410113 0.870125 0.273293
vn 0.362312 0.870125 0.334084
vn 0.305589 0.870125 0.386649
vn 0.241341 0.870125 0.429693
vn 0.171151 0.870125 0.462157
vn 0.096747 0.870125 0.483241
vn 0.019960 0.870125 0.492426
vn -0.057318 0.870125 0.489486
vn -0.133185 0.870125 0.474493
vn -0.205772 0.870125 0.447816
vn -0.273293 0.870125 0.410113
vn -0.334084 0.870125 0.362312
vn -0.386649 0.870125 0.305589
vn -0.429693 0.870125 0.241341
vn -0.462157 0.870125 0.171151
vn -0.483241 0.870125 0.096747
vn -0.492426 0.870125 0.019960
vn -0.489486 0.870125 -0.057318
vn -0.474493 0.870125 -0.133185
vn -0.447816 0.870125 -0.205772
vn -0.410113 0.870125 -0.273293
vn -0.362312 0.870125 -0.334084
vn -0.305589 0.870125 -0.386649
vn -0.241341 0.870125 -0.429693
vn -0.171151 0.870125 -0.462157
vn -0.096747 0.870125 -0.483241
vn -0.019960 0.870125 -0.492426
vn -0.000000 1.000000 0.000000
vn -0.000000 1.000000 0.000000
vn -0.000000 1.000000 0.000000
vn -0.000000 1.000000 0.000000
vn -0.000000 1.000000 0.000000
vn -0.000000 1.000000 0.000000
vn -0.000000 1.000000 0.000000
vn -0.000000 1.000000 0.000000
vn -0.000000 1.000000 0.000000
vn -0.000000 1.000000 0.000000
vn -0.000000 1.000000 0.000000
vn -0.000000 1.000000 0.000000
vn -0.000000 1.000000 0.000000
vn -0.000000 1.000000 0.000000
vn -0.000000 1.000000 0.000000
vn -0.000000 1.000000 0.000000
vn -0.000000 1.000000 0.000000
vn -0.000000 1.000000 0.000000
vn -0.000000 1.000000 0.000000
vn -0.000000 1.000000 0.000000
vn -0.000000 1.000000 0.000000
vn -0.000000 1.000000 0.000000
vn -0.000000 1.000000 0.000000
vn -0.000000 1.000000 0.000000
vn -0.000000 1.000000 0.000000
vn -0.000000 1.000000 0.000000
vn -0.000000 1.000000 0.000000
vn -0.000000 1.000000 0.000000
vn -0.000000 1.000000 0.000000
vn -0.000000 1.000000 0.000000
vn -0.000000 1.000000 0.000000
vn -0.000000 1.000000 0.000000
vn -0.000000 1.000000 0.000000
vn -0.000000 1.000000 0.000000
vn -0.000000 1.000000 0.000000
vn -0.000000 1.000000 0.000000
vn -0.000000 1.000000 0.000000
vn -0.000000 1.000000 0.000000
vn -0.000000 1.000000 0.000000
vn -0.000000 1.000000 0.000000
vn -0.000000 1.000000 0.000000
vn 0.000000 -1.000000 0.000000
vn 0.000000 -1.000000 0.000000
vn 0.000000 -1.000000 0.000000
vn 0.000000 -1.000000 0.000000
vn 0.000000 -1.000000 0.000000
vn 0.000000 -1.000000 0.000000
vn 0.000000 -1.000000 0.000000
vn 0.000000 -1.000000 0.000000
vn 0.000000 -1.000000 0.000000
vn 0.000000 -1.000000 0.000000
vn 0.000000 -1.000000 0.000000
vn 0.000000 -1.000000 0.000000
vn 0.000000 -1.000000 0.000000
vn 0.000000 -1.000000 0.000000
vn 0.000000 -1.000000 0.000000
vn 0.000000 -1.000000 0.000000
vn 0.000000 -1.000000 0.000000
vn 0.000000 -1.000000 0.000000
vn 0.000000 -1.000000 0.000000
vn 0.000000 -1.000000 0.000000
vn 0.000000 -1.000000 0.000000
vn 0.000000 -1.000000 0.000000
vn 0.000000 -1.000000 0.000000
vn 0.000000 -1.000000 0.000000
vn 0.000000 -1.000000 0.000000
vn 0.000000 -1.000000 0.000000
vn 0.000000 -1.000000 0.000000
vn 0.000000 -1.000000 0.000000
vn 0.000000 -1.000000 0.000000
vn 0.000000 -1.000000 0.000000
vn 0.000000 -1.000000 0.000000
vn 0.000000 -1.000000 0.000000
vn 0.000000 -1.000000 0.000000
vn 0.000000 -1.000000 0.000000
vn 0.000000 -1.000000 0.000000
vn 0.000000 -1.000000 0.000000
vn 0.000000 -1.000000 0.000000
vn 0.000000 -1.000000 0.000000
vn 0.000000 -1.000000 0.000000
vn 0.000000 -1.000000 0.000000
vn 0.000000 -1.000000 0.000000
vn -0.197190 -0.968716 -0.150681
vn -0.171190 -0.968716 -0.179673
vn -0.140976 -0.968716 -0.204241
vn -0.107290 -0.968716 -0.223780
vn -0.070962 -0.968716 -0.237809
vn -0.032887 -0.968716 -0.245982
vn 0.005998 -0.968716 -0.248098
vn 0.044735 -0.968716 -0.244105
vn 0.082371 -0.968716 -0.234102
vn 0.117979 -0.968716 -0.218334
vn 0.150681 -0.968716 -0.197190
vn 0.179673 -0.968716 -0.171190
vn 0.204241 -0.968716 -0.140976
vn 0.223780 -0.968716 -0.107290
vn 0.237809 -0.968716 -0.070962
vn 0.245982 -0.968716 -0.032887
vn 0.248098 -0.968716 0.005998
vn 0.244105 -0.968716 0.044735
vn 0.234102 -0.968716 0.082371
vn 0.218334 -0.968716 0.117979
vn 0.197190 -0.968716 0.150681
vn 0.171190 -0.968716 0.179673
vn 0.140976 -0.968716 0.204241
vn 0.107290 -0.968716 0.223780
vn 0.070962 -0.968716 0.237809
vn 0.032887 -0.968716 0.245982
vn -0.005998 -0.968716 0.248098
vn -0.044735 -0.968716 0.244105
vn -0.082371 -0.968716 0.234102
vn -0.117979 -0.968716 0.218334
vn -0.150681 -0.968716 0.197190
vn -0.179673 -0.968716 0.171190
vn -0.204241 -0.968716 0.140976
vn -0.223780 -0.968716 0.107290
vn -0.237809 -0.968716 0.070962
vn -0.245982 -0.968716 0.032887
vn -0.248098 -0.968716 -0.005998
vn -0.244105 -0.968716 -0.044735
vn -0.234102 -0.968716 -0.082371
vn -0.218334 -0.968716 -0.117979
vn -0.197190 -0.968716 -0.150681
vn -0.783245 0.014160 -0.621551
vn -0.676370 0.014160 -0.736426
vn -0.552841 0.014160 -0.833167
vn -0.415698 0.014160 -0.909392
vn -0.268320 0.014160 -0.963226
vn -0.114335 0.014160 -0.993341
vn 0.042465 0.014160 -0.998998
vn 0.198220 0.014160 -0.980055
vn 0.349094 0.014160 -0.936981
vn 0.491372 0.014160 -0.870834
vn 0.621551 0.014160 -0.783245
vn 0.736426 0.014160 -0.676370
vn 0.833167 0.014160 -0.552841
vn 0.909392 0.014160 -0.415698
vn 0.963226 0.014160 -0.268320
vn 0.993341 0.014160 -0.114335
vn 0.998998 0.014160 0.042465
vn 0.980055 0.014160 0.198220
vn 0.936981 0.014160 0.349094
vn 0.870834 0.014160 0.491372
vn 0.783245 0.014160 0.621551
vn 0.676370 0.014160 0.736426
vn 0.552841 0.014160 0.833167
vn 0.415698 0.014160 0.909392
vn 0.268320 0.014160 0.963226
vn 0.114335 0.014160 0.993341
vn -0.042465 0.014160 0.998998
vn -0.198220 0.014160 0.980055
vn -0.349094 0.014160 0.936981
vn -0.491372 0.014160 0.870834
vn -0.621551 0.014160 0.783245
vn -0.736426 0.014160 0.676370
vn -0.833167 0.014160 0.552841
vn -0.909392 0.014160 0.415698
vn -0.963226 0.014160 0.268320
vn -0.993341 0.014160 0.114335
vn -0.998998 0.014160 -0.042465
vn -0.980055 0.014160 -0.198220
vn -0.936981 0.014160 -0.349094
vn -0.870834 0.014160 -0.491372
vn -0.783245 0.014160 -0.621551
vn -0.666424 0.501950 -0.551294
vn -0.571978 0.501950 -0.648758
vn -0.463448 0.501950 -0.730248
vn -0.343506 0.501950 -0.793757
vn -0.215106 0.501950 -0.837720
vn -0.081409 0.501950 -0.861057
vn 0.054292 0.501950 -0.863191
vn 0.188656 0.501950 -0.844070
vn 0.318375 0.501950 -0.804166
vn 0.440255 0.501950 -0.744461
vn 0.551294 0.501950 -0.666424
vn 0.648758 0.501950 -0.571978
vn 0.730248 0.501950 -0.463448
vn 0.793757 0.501950 -0.343506
vn 0.837720 0.501950 -0.215106
vn 0.861057 0.501950 -0.081409
vn 0.863191 0.501950 0.054292
vn 0.844070 0.501950 0.188656
vn 0.804166 0.501950 0.318375
vn 0.744461 0.501950 0.440255
vn 0.666424 0.501950 0.551294
vn 0.571978 0.501950 0.648758
vn 0.463448 0.501950 0.730248
vn 0.343506 0.501950 0.793757
vn 0.215106 0.501950 0.837720
vn 0.081409 0.501950 0.861057
vn -0.054292 0.501950 0.863191
vn -0.188656 0.501950 0.844070
vn -0.318375 0.501950 0.804166
vn -0.440255 0.501950 0.744461
vn -0.551294 0.501950 0.666424
vn -0.648758 0.501950 0.571978
vn -0.730248 0.501950 0.463448
vn -0.793757 0.501950 0.343506
vn -0.837720 0.501950 0.215106
vn -0.861057 0.501950 0.081409
vn -0.863191 0.501950 -0.054292
vn -0.844070 0.501950 -0.188656
vn -0.804166 0.501950 -0.318375
vn -0.744461 0.501950 -0.440255
vn -0.666424 0.501950 -0.551294
vn -0.373750 0.870125 -0.321236
vn -0.318896 0.870125 -0.375748
vn -0.256190 0.870125 -0.421009
vn -0.187176 0.870125 -0.455902
vn -0.113552 0.870125 -0.479570
vn -0.037133 0.870125 -0.491429
vn 0.040201 0.870125 -0.491188
vn 0.116544 0.870125 -0.478852
vn 0.190018 0.870125 -0.454725
vn 0.258814 0.870125 -0.419401
vn 0.321236 0.870125 -0.373750
vn 0.375748 0.870125 -0.318896
vn 0.421009 0.870125 -0.256190
vn 0.455902 0.870125 -0.187176
vn 0.479570 0.870125 -0.113552
vn 0.491429 0.870125 -0.037133
vn 0.491188 0.870125 0.040201
vn 0.478852 0.870125 0.116544
vn 0.454725 0.870125 0.190018
vn 0.419401 0.870125 0.258814
vn 0.373750 0.870125 0.321236
vn 0.318896 0.870125 0.375748
vn 0.256190 0.870125 0.421009
vn 0.187176 0.870125 0.455902
vn 0.113552 0.870125 0.479570
vn 0.037133 0.870125 0.491429
vn -0.040201 0.870125 0.491188
vn -0.116544 0.870125 0.478852
vn -0.190018 0.870125 0.454725
vn -0.258814 0.870125 0.419401
vn -0.321236 0.870125 0.373750
vn -0.375748 0.870125 0.318896
vn -0.421009 0.870125 0.256190
vn -0.455902 0.870125 0.187176
vn -0.479570 0.870125 0.113552
vn -0.491429 0.870125 0.037133
vn -0.491188 0.870125 -0.040201
vn -0.478852 0.870125 -0.116544
vn -0.454725 0.870125 -0.190018
vn -0.419401 0.870125 -0.258814
vn -0.373750 0.870125 -0.321236
vn 0.000000 1.000000 0.000000
vn 0.000000 1.000000 0.000000
vn 0.000000 1.000000 0.000000
vn 0.000000 1.000000 0.000000
vn 0.000000 1.000000 0.000000
vn 0.000000 1.000000 0.000000
vn 0.000000 1.000000 0.000000
vn 0.000000 1.000000 0.000000
vn 0.000000 1.000000 0.000000
vn 0.000000 1.000000 0.000000
vn 0.000000 1.000000 0.000000
vn 0.000000 1.000000 0.000000
vn 0.000000 1.000000 0.000000
vn 0.000000 1.000000 0.000000
vn 0.000000 1.000000 0.000000
vn 0.000000 1.000000 0.000000
vn 0.000000 1.000000 0.000000
vn 0.000000 1.000000 0.000000
vn 0.000000 1.000000 0.000000
vn 0.000000 1.000000 0.000000
vn 0.000000 1.000000 0.000000
vn 0.000000 1.000000 0.000000
vn 0.000000 1.000000 0.000000
vn 0.000000 1.000000 0.000000
vn 0.000000 1.000000 0.000000
vn 0.000000 1.000000 0.000000
vn 0.000000 1.000000 0.000000
vn 0.000000 1.000000 0.000000
vn 0.000000 1.000000 0.000000
vn 0.000000 1.000000 0.000000
vn 0.000000 1.000000 0.000000
vn 0.000000 1.000000 0.000000
vn 0.000000 1.000000 0.000000
vn 0.000000 1.000000 0.000000
vn 0.000000 1.000000 0.000000
vn 0.000000 1.000000 0.000000
vn 0.000000 1.000000 0.000000
vn 0.000000 1.000000 0.000000
vn 0.000000 1.000000 0.000000
vn 0.000000 1.000000 0.000000
vn 0.000000 1.000000 0.000000
f 3311//3311 3352//3352 3312//3312
f 3312//3312 3352//3352 3353//3353
f 3312//3312 3353//3353 3313//3313
f 3313//3313 3353//3353 3354//3354
f 3313//3313 3354//3354 3314//3314
f 3314//3314 3354//3354 3355//3355
f 3314//3314 3355//3355 3315//3315
f 3315//3315 3355//3355 3356//3356
f 3315//3315 3356//3356 3316//3316
f 3316//3316 3356//3356 3357//3357
f 3316//3316 3357//3357 3317//3317
f 3317//3317 3357//3357 3358//3358
f 3317//3317 3358//3358 3318//3318
f 3318//3318 3358//3358 3359//3359
f 3318//3318 3359//3359 3319//3319
f 3319//3319 3359//3359 3360//3360
f 3319//3319 3360//3360 3320//3320
f 3320//3320 3360//3360 3361//3361
f 3320//3320 3361//3361 3321//3321
f 3321//3321 3361//3361 3362//3362
f 3321//3321 3362//3362 3322//3322
f 3322//3322 3362//3362 3363//3363
f 3322//3322 3363//3363 3323//3323
f 3323//3323 3363//3363 3364//3364
f 3323//3323 3364//3364 3324//3324
f 3324//3324 3364//3364 3365//3365
f 3324//3324 3365//3365 3325//3325
f 3325//3325 3365//3365 3366//3366
f 3325//3325 3366//3366 3326//3326
f 3326//3326 3366//3366 3367//3367
f 3326//3326 3367//3367 3327//3327
f 3327//3327 3367//3367 3368//3368
f 3327//3327 3368//3368 3328//3328
f 3328//3328 3368//3368 3369//3369
f 3328//3328 3369//3369 3329//3329
f 3329//3329 3369//3369 3370//3370
f 3329//3329 3370//3370 3330//3330
f 3330//3330 3370//3370 3371//3371
f 3330//3330 3371//3371 3331//3331
f 3331//3331 3371//3371 3372//3372
f 3331//3331 3372//3372 3332//3332
f 3332//3332 3372//3372 3373//3373
f 3332//3332 3373//3373 3333//3333
f 3333//3333 3373//3373 3374//3374
f 3333//3333 3374//3374 3334//3334
f 3334//3334 3374//3374 3375//3375
f 3334//3334 3375//3375 3335//3335
f 3335//3335 3375//3375 3376//3376
f 3335//3335 3376//3376 3336//3336
f 3336//3336 3376//3376 3377//3377
f 3336//3336 3377//3377 3337//3337
f 3337//3337 3377//3377 3378//3378
f 3337//3337 3378//3378 3338//3338
f 3338//3338 3378//3378 3379//3379
f 3338//3338 3379//3379 3339//3339
f 3339//3339 3379//3379 3380//3380
f 3339//3339 3380//3380 3340//3340
f 3340//3340 3380//3380 3381//3381
f 3340//3340 3381//3381 3341//3341
f 3341//3341 3381//3381 3382//3382
f 3341//3341 3382//3382 3342//3342
f 3342//3342 3382//3382 3383//3383
f 3342//3342 3383//3383 3343//3343
f 3343//3343 3383//3383 3384//3384
f 3343//3343 3384//3384 3344//3344
f 3344//3344 3384//3384 3385//3385
f 3344//3344 3385//3385 3345//3345
f 3345//3345 3385//3385 3386//3386
f 3345//3345 3386//3386 3346//3346
f 3346//3346 3386//3386 3387//3387
f 3346//3346 3387//3387 3347//3347
f 3347//3347 3387//3387 3388//3388
f 3347//3347 3388//3388 3348//3348
f 3348//3348 3388//3388 3389//3389
f 3348//3348 3389//3389 3349//3349
f 3349//3349 3389//3389 3390//3390
f 3349//3349 3390//3390 3350//3350
f 3350//3350 3390//3390 3391//3391
f 3350//3350 3391//3391 3351//3351
f 3351//3351 3391//3391 3392//3392
f 3352//3352 3393//3393 3353//3353
f 3353//3353 3393//3393 3394//3394
f 3353//3353 3394//3394 3354//3354
f 3354//3354 3394//3394 3395//3395
f 3354//3354 3395//3395 3355//3355
f 3355//3355 3395//3395 3396//3396
f 3355//3355 3396//3396 3356//3356
f 3356//3356 3396//3396 3397//3397
f 3356//3356 3397//3397 3357//3357
f 3357//3357 3397//3397 3398//3398
f 3357//3357 3398//3398 3358//3358
f 3358//3358 3398//3398 3399//3399
f 3358//3358 3399//3399 3359//3359
f 3359//3359 3399//3399 3400//3400
f 3359//3359 3400//3400 3360//3360
f 3360//3360 3400//3400 3401//3401
f 3360//3360 3401//3401 3361//3361
f 3361//3361 3401//3401 3402//3402
f 3361//3361 3402//3402 3362//3362
f 3362//3362 3402//3402 3403//3403
f 3362//3362 3403//3403 3363//3363
f 3363//3363 3403//3403 3404//3404
f 3363//3363 3404//3404 3364//3364
f 3364//3364 3404//3404 3405//3405
f 3364//3364 3405//3405 3365//3365
f 3365//3365 3405//3405 3406//3406
f 3365//3365 3406//3406 3366//3366
f 3366//3366 3406//3406 3407//3407
f 3366//3366 3407//3407 3367//3367
f 3367//3367 3407//3407 3408//3408
f 3367//3367 3408//3408 3368//3368
f 3368//3368 3408//3408 3409//3409
f 3368//3368 3409//3409 3369//3369
f 3369//3369 3409//3409 3410//3410
f 3369//3369 3410//3410 3370//3370
f 3370//3370 3410//3410 3411//3411
f 3370//3370 3411//3411 3371//3371
f 3371//3371 3411//3411 3412//3412
f 3371//3371 3412//3412 3372//3372
f 3372//3372 3412//3412 3413//3413
f 3372//3372 3413//3413 3373//3373
f 3373//3373 3413//3413 3414//3414
f 3373//3373 3414//3414 3374//3374
f 3374//3374 3414//3414 3415//3415
f 3374//3374 3415//3415 3375//3375
f 3375//3375 3415//3415 3416//3416
f 3375//3375 3416//3416 3376//3376
f 3376//3376 3416//3416 3417//3417
f 3376//3376 3417//3417 3377//3377
f 3377//3377 3417//3417 3418//3418
f 3377//3377 3418//3418 3378//3378
f 3378//3378 3418//3418 3419//3419
f 3378//3378 3419//3419 3379//3379
f 3379//3379 3419//3419 3420//3420
f 3379//3379 3420//3420 3380//3380
f 3380//3380 3420//3420 3421//3421
f 3380//3380 3421//3421 3381//3381
f 3381//3381 3421//3421 3422//3422
f 3381//3381 3422//3422 3382//3382
f 3382//3382 3422//3422 3423//3423
f 3382//3382 3423//3423 3383//3383
f 3383//3383 3423//3423 3424//3424
f 3383//3383 3424//3424 3384//3384
f 3384//3384 3424//3424 3425//3425
f 3384//3384 3425//3425 3385//3385
f 3385//3385 3425//3425 3426//3426
f 3385//3385 3426//3426 3386//3386
f 3386//3386 3426//3426 3427//3427
f 3386//3386 3427//3427 3387//3387
f 3387//3387 3427//3427 3428//3428
f 3387//3387 3428//3428 3388//3388
f 3388//3388 3428//3428 3429//3429
f 3388//3388 3429//3429 3389//3389
f 3389//3389 3429//3429 3430//3430
f 3389//3389 3430//3430 3390//3390
f 3390//3390 3430//3430 3431//3431
f 3390//3390 3431//3431 3391//3391
f 3391//3391 3431//3431 3432//3432
f 3391//3391 3432//3432 3392//3392
f 3392//3392 3432//3432 3433//3433
f 3393//3393 3434//3434 3394//3394
f 3394//3394 3434//3434 3435//3435
f 3394//3394 3435//3435 3395//3395
f 3395//3395 3435//3435 3436//3436
f 3395//3395 3436//3436 3396//3396
f 3396//3396 3436//3436 3437//3437
f 3396//3396 3437//3437 3397//3397
f 3397//3397 3437//3437 3438//3438
f 3397//3397 3438//3438 3398//3398
f 3398//3398 3438//3438 3439//3439
f 3398//3398 3439//3439 3399//3399
f 3399//3399 3439//3439 3440//3440
f 3399//3399 3440//3440 3400//3400
f 3400//3400 3440//3440 3441//3441
f 3400//3400 3441//3441 3401//3401
f 3401//3401 3441//3441 3442//3442
f 3401//3401 3442//3442 3402//3402
f 3402//3402 3442//3442 3443//3443
f 3402//3402 3443//3443 3403//3403
f 3403//3403 3443//3443 3444//3444
f 3403//3403 3444//3444 3404//3404
f 3404//3404 3444//3444 3445//3445
f 3404//3404 3445//3445 3405//3405
f 3405//3405 3445//3445 3446//3446
f 3405//3405 3446//3446 3406//3406
f 3406//3406 3446//3446 3447//3447
f 3406//3406 3447//3447 3407//3407
f 3407//3407 3447//3447 3448//3448
f 3407//3407 3448//3448 3408//3408
f 3408//3408 3448//3448 3449//3449
f 3408//3408 3449//3449 3409//3409
f 3409//3409 3449//3449 3450//3450
f 3409//3409 3450//3450 3410//3410
f 3410//3410 3450//3450 3451//3451
f 3410//3410 3451//3451 3411//3411
f 3411//3411 3451//3451 3452//3452
f 3411//3411 3452//3452 3412//3412
f 3412//3412 3452//3452 3453//3453
f 3412//3412 3453//3453 3413//3413
f 3413//3413 3453//3453 3454//3454
f 3413//3413 3454//3454 3414//3414
f 3414//3414 3454//3454 3455//3455
f 3414//3414 3455//3455 3415//3415
f 3415//3415 3455//3455 3456//3456
f 3415//3415 3456//3456 3416//3416
f 3416//3416 3456//3456 3457//3457
f 3416//3416 3457//3457 3417//3417
f 3417//3417 3457//3457 3458//3458
f 3417//3417 3458//3458 3418//3418
f 3418//3418 3458//3458 3459//3459
f 3418//3418 3459//3459 3419//3419
f 3419//3419 3459//3459 3460//3460
f 3419//3419 3460//3460 3420//3420
f 3420//3420 3460//3460 3461//3461
f 3420//3420 3461//3461 3421//3421
f 3421//3421 3461//3461 3462//3462
f 3421//3421 3462//3462 3422//3422
f 3422//3422 3462//3462 3463//3463
f 3422//3422 3463//3463 3423//3423
f 3423//3423 3463//3463 3464//3464
f 3423//3423 3464//3464 3424//3424
f 3424//3424 3464//3464 3465//3465
f 3424//3424 3465//3465 3425//3425
f 3425//3425 3465//3465 3466//3466
f 3425//3425 3466//3466 3426//3426
f 3426//3426 3466//3466 3467//3467
f 3426//3426 3467//3467 3427//3427
f 3427//3427 3467//3467 3468//3468
f 3427//3427 3468//3468 3428//3428
f 3428//3428 3468//3468 3469//3469
f 3428//3428 3469//3469 3429//3429
f 3429//3429 3469//3469 3470//3470
f 3429//3429 3470//3470 3430//3430
f 3430//3430 3470//3470 3471//3471
f 3430//3430 3471//3471 3431//3431
f 3431//3431 3471//3471 3472//3472
f 3431//3431 3472//3472 3432//3432
f 3432//3432 3472//3472 3473//3473
f 3432//3432 3473//3473 3433//3433
f 3433//3433 3473//3473 3474//3474
f 3434//3434 3475//3475 3435//3435
f 3435//3435 3475//3475 3476//3476
f 3435//3435 3476//3476 3436//3436
f 3436//3436 3476//3476 3477//3477
f 3436//3436 3477//3477 3437//3437
f 3437//3437 3477//3477 3478//3478
f 3437//3437 3478//3478 3438//3438
f 3438//3438 3478//3478 3479//3479
f 3438//3438 3479//3479 3439//3439
f 3439//3439 3479//3479 3480//3480
f 3439//3439 3480//3480 3440//3440
f 3440//3440 3480//3480 3481//3481
f 3440//3440 3481//3481 3441//3441
f 3441//3441 3481//3481 3482//3482
f 3441//3441 3482//3482 3442//3442
f 3442//3442 3482//3482 3483//3483
f 3442//3442 3483//3483 3443//3443
f 3443//3443 3483//3483 3484//3484
f 3443//3443 3484//3484 3444//3444
f 3444//3444 3484//3484 3485//3485
f 3444//3444 3485//3485 3445//3445
f 3445//3445 3485//3485 3486//3486
f 3445//3445 3486//3486 3446//3446
f 3446//3446 3486//3486 3487//3487
f 3446//3446 3487//3487 3447//3447
f 3447//3447 3487//3487 3488//3488
f 3447//3447 3488//3488 3448//3448
f 3448//3448 3488//3488 3489//3489
f 3448//3448 3489//3489 3449//3449
f 3449//3449 3489//3489 3490//3490
f 3449//3449 3490//3490 3450//3450
f 3450//3450 3490//3490 3491//3491
f 3450//3450 3491//3491 3451//3451
f 3451//3451 3491//3491 3492//3492
f 3451//3451 3492//3492 3452//3452
f 3452//3452 3492//3492 3493//3493
f 3452//3452 3493//3493 3453//3453
f 3453//3453 3493//3493 3494//3494
f 3453//3453 3494//3494 3454//3454
f 3454//3454 3494//3494 3495//3495
f 3454//3454 3495//3495 3455//3455
f 3455//3455 3495//3495 3496//3496
f 3455//3455 3496//3496 3456//3456
f 3456//3456 3496//3496 3497//3497
f 3456//3456 3497//3497 3457//3457
f 3457//3457 3497//3497 3498//3498
f 3457//3457 3498//3498 3458//3458
f 3458//3458 3498//3498 3499//3499
f 3458//3458 3499//3499 3459//3459
f 3459//3459 3499//3499 3500//3500
f 3459//3459 3500//3500 3460//3460
f 3460//3460 3500//3500 3501//3501
f 3460//3460 3501//3501 3461//3461
f 3461//3461 3501//3501 3502//3502
f 3461//3461 3502//3502 3462//3462
f 3462//3462 3502//3502 3503//3503
f 3462//3462 3503//3503 3463//3463
f 3463//3463 3503//3503 3504//3504
f 3463//3463 3504//3504 3464//3464
f 3464//3464 3504//3504 3505//3505
f 3464//3464 3505//3505 3465//3465
f 3465//3465 3505//3505 3506//3506
f 3465//3465 3506//3506 3466//3466
f 3466//3466 3506//3506 3507//3507
f 3466//3466 3507//3507 3467//3467
f 3467//3467 3507//3507 3508//3508
f 3467//3467 3508//3508 3468//3468
f 3468//3468 3508//3508 3509//3509
f 3468//3468 3509//3509 3469//3469
f 3469//3469 3509//3509 3510//3510
f 3469//3469 3510//3510 3470//3470
f 3470//3470 3510//3510 3511//3511
f 3470//3470 3511//3511 3471//3471
f 3471//3471 3511//3511 3512//3512
f 3471//3471 3512//3512 3472//3472
f 3472//3472 3512//3512 3513//3513
f 3472//3472 3513//3513 3473//3473
f 3473//3473 3513//3513 3514//3514
f 3473//3473 3514//3514 3474//3474
f 3474//3474 3514//3514 3515//3515
f 3475//3475 3516//3516 3476//3476
f 3476//3476 3516//3516 3517//3517
f 3476//3476 3517//3517 3477//3477
f 3477//3477 3517//3517 3518//3518
f 3477//3477 3518//3518 3478//3478
f 3478//3478 3518//3518 3519//3519
f 3478//3478 3519//3519 3479//3479
f 3479//3479 3519//3519 3520//3520
f 3479//3479 3520//3520 3480//3480
f 3480//3480 3520//3520 3521//3521
f 3480//3480 3521//3521 3481//3481
f 3481//3481 3521//3521 3522//3522
f 3481//3481 3522//3522 3482//3482
f 3482//3482 3522//3522 3523//3523
f 3482//3482 3523//3523 3483//3483
f 3483//3483 3523//3523 3524//3524
f 3483//3483 3524//3524 3484//3484
f 3484//3484 3524//3524 3525//3525
f 3484//3484 3525//3525 3485//3485
f 3485//3485 3525//3525 3526//3526
f 3485//3485 3526//3526 3486//3486
f 3486//3486 3526//3526 3527//3527
f 3486//3486 3527//3527 3487//3487
f 3487//3487 3527//3527 3528//3528
f 3487//3487 3528//3528 3488//3488
f 3488//3488 3528//3528 3529//3529
f 3488//3488 3529//3529 3489//3489
f 3489//3489 3529//3529 3530//3530
f 3489//3489 3530//3530 3490//3490
f 3490//3490 3530//3530 3531//3531
f 3490//3490 3531//3531 3491//3491
f 3491//3491 3531//3531 3532//3532
f 3491//3491 3532//3532 3492//3492
f 3492//3492 3532//3532 3533//3533
f 3492//3492 3533//3533 3493//3493
f 3493//3493 3533//3533 3534//3534
f 3493//3493 3534//3534 3494//3494
f 3494//3494 3534//3534 3535//3535
f 3494//3494 3535//3535 3495//3495
f 3495//3495 3535//3535 3536//3536
f 3495//3495 3536//3536 3496//3496
f 3496//3496 3536//3536 3537//3537
f 3496//3496 3537//3537 3497//3497
f 3497//3497 3537//3537 3538//3538
f 3497//3497 3538//3538 3498//3498
f 3498//3498 3538//3538 3539//3539
f 3498//3498 3539//3539 3499//3499
f 3499//3499 3539//3539 3540//3540
f 3499//3499 3540//3540 3500//3500
f 3500//3500 3540//3540 3541//3541
f 3500//3500 3541//3541 3501//3501
f 3501//3501 3541//3541 3542//3542
f 3501//3501 3542//3542 3502//3502
f 3502//3502 3542//3542 3543//3543
f 3502//3502 3543//3543 3503//3503
f 3503//3503 3543//3543 3544//3544
f 3503//3503 3544//3544 3504//3504
f 3504//3504 3544//3544 3545//3545
f 3504//3504 3545//3545 3505//3505
f 3505//3505 3545//3545 3546//3546
f 3505//3505 3546//3546 3506//3506
f 3506//3506 3546//3546 3547//3547
f 3506//3506 3547//3547 3507//3507
f 3507//3507 3547//3547 3548//3548
f 3507//3507 3548//3548 3508//3508
f 3508//3508 3548//3548 3549//3549
f 3508//3508 3549//3549 3509//3509
f 3509//3509 3549//3549 3550//3550
f 3509//3509 3550//3550 3510//3510
f 3510//3510 3550//3550 3551//3551
f 3510//3510 3551//3551 3511//3511
f 3511//3511 3551//3551 3552//3552
f 3511//3511 3552//3552 3512//3512
f 3512//3512 3552//3552 3553//3553
f 3512//3512 3553//3553 3513//3513
f 3513//3513 3553//3553 3554//3554
f 3513//3513 3554//3554 3514//3514
f 3514//3514 3554//3554 3555//3555
f 3514//3514 3555//3555 3515//3515
f 3515//3515 3555//3555 3556//3556
f 3557//3557 3598//3598 3558//3558
f 3558//3558 3598//3598 3599//3599
f 3558//3558 3599//3599 3559//3559
f 3559//3559 3599//3599 3600//3600
f 3559//3559 3600//3600 3560//3560
f 3560//3560 3600//3600 3601//3601
f 3560//3560 3601//3601 3561//3561
f 3561//3561 3601//3601 3602//3602
f 3561//3561 3602//3602 3562//3562
f 3562//3562 3602//3602 3603//3603
f 3562//3562 3603//3603 3563//3563
f 3563//3563 3603//3603 3604//3604
f 3563//3563 3604//3604 3564//3564
f 3564//3564 3604//3604 3605//3605
f 3564//3564 3605//3605 3565//3565
f 3565//3565 3605//3605 3606//3606
f 3565//3565 3606//3606 3566//3566
f 3566//3566 3606//3606 3607//3607
f 3566//3566 3607//3607 3567//3567
f 3567//3567 3607//3607 3608//3608
f 3567//3567 3608//3608 3568//3568
f 3568//3568 3608//3608 3609//3609
f 3568//3568 3609//3609 3569//3569
f 3569//3569 3609//3609 3610//3610
f 3569//3569 3610//3610 3570//3570
f 3570//3570 3610//3610 3611//3611
f 3570//3570 3611//3611 3571//3571
f 3571//3571 3611//3611 3612//3612
f 3571//3571 3612//3612 3572//3572
f 3572//3572 3612//3612 3613//3613
f 3572//3572 3613//3613 3573//3573
f 3573//3573 3613//3613 3614//3614
f 3573//3573 3614//3614 3574//3574
f 3574//3574 3614//3614 3615//3615
f 3574//3574 3615//3615 3575//3575
f 3575//3575 3615//3615 3616//3616
f 3575//3575 3616//3616 3576//3576
f 3576//3576 3616//3616 3617//3617
f 3576//3576 3617//3617 3577//3577
f 3577//3577 3617//3617 3618//3618
f 3577//3577 3618//3618 3578//3578
f 3578//3578 3618//3618 3619//3619
f 3578//3578 3619//3619 3579//3579
f 3579//3579 3619//3619 3620//3620
f 3579//3579 3620//3620 3580//3580
f 3580//3580 3620//3620 3621//3621
f 3580//3580 3621//3621 3581//3581
f 3581//3581 3621//3621 3622//3622
f 3581//3581 3622//3622 3582//3582
f 3582//3582 3622//3622 3623//3623
f 3582//3582 3623//3623 3583//3583
f 3583//3583 3623//3623 3624//3624
f 3583//3583 3624//3624 3584//3584
f 3584//3584 3624//3624 3625//3625
f 3584//3584 3625//3625 3585//3585
f 3585//3585 3625//3625 3626//3626
f 3585//3585 3626//3626 3586//3586
f 3586//3586 3626//3626 3627//3627
f 3586//3586 3627//3627 3587//3587
f 3587//3587 3627//3627 3628//3628
f 3587//3587 3628//3628 3588//3588
f 3588//3588 3628//3628 3629//3629
f 3588//3588 3629//3629 3589//3589
f 3589//3589 3629//3629 3630//3630
f 3589//3589 3630//3630 3590//3590
f 3590//3590 3630//3630 3631//3631
f 3590//3590 3631//3631 3591//3591
f 3591//3591 3631//3631 3632//3632
f 3591//3591 3632//3632 3592//3592
f 3592//3592 3632//3632 3633//3633
f 3592//3592 3633//3633 3593//3593
f 3593//3593 3633//3633 3634//3634
f 3593//3593 3634//3634 3594//3594
f 3594//3594 3634//3634 3635//3635
f 3594//3594 3635//3635 3595//3595
f 3595//3595 3635//3635 3636//3636
f 3595//3595 3636//3636 3596//3596
f 3596//3596 3636//3636 3637//3637
f 3596//3596 3637//3637 3597//3597
f 3597//3597 3637//3637 3638//3638
f 3598//3598 3639//3639 3599//3599
f 3599//3599 3639//3639 3640//3640
f 3599//3599 3640//3640 3600//3600
f 3600//3600 3640//3640 3641//3641
f 3600//3600 3641//3641 3601//3601
f 3601//3601 3641//3641 3642//3642
f 3601//3601 3642//3642 3602//3602
f 3602//3602 3642//3642 3643//3643
f 3602//3602 3643//3643 3603//3603
f 3603//3603 3643//3643 3644//3644
f 3603//3603 3644//3644 3604//3604
f 3604//3604 3644//3644 3645//3645
f 3604//3604 3645//3645 3605//3605
f 3605//3605 3645//3645 3646//3646
f 3605//3605 3646//3646 3606//3606
f 3606//3606 3646//3646 3647//3647
f 3606//3606 3647//3647 3607//3607
f 3607//3607 3647//3647 3648//3648
f 3607//3607 3648//3648 3608//3608
f 3608//3608 3648//3648 3649//3649
f 3608//3608 3649//3649 3609//3609
f 3609//3609 3649//3649 3650//3650
f 3609//3609 3650//3650 3610//3610
f 3610//3610 3650//3650 3651//3651
f 3610//3610 3651//3651 3611//3611
f 3611//3611 3651//3651 3652//3652
f 3611//3611 3652//3652 3612//3612
f 3612//3612 3652//3652 3653//3653
f 3612//3612 3653//3653 3613//3613
f 3613//3613 3653//3653 3654//3654
f 3613//3613 3654//3654 3614//3614
f 3614//3614 3654//3654 3655//3655
f 3614//3614 3655//3655 3615//3615
f 3615//3615 3655//3655 3656//3656
f 3615//3615 3656//3656 3616//3616
f 3616//3616 3656//3656 3657//3657
f 3616//3616 3657//3657 3617//3617
f 3617//3617 3657//3657 3658//3658
f 3617//3617 3658//3658 3618//3618
f 3618//3618 3658//3658 3659//3659
f 3618//3618 3659//3659 3619//3619
f 3619//3619 3659//3659 3660//3660
f 3619//3619 3660//3660 3620//3620
f 3620//3620 3660//3660 3661//3661
f 3620//3620 3661//3661 3621//3621
f 3621//3621 3661//3661 3662//3662
f 3621//3621 3662//3662 3622//3622
f 3622//3622 3662//3662 3663//3663
f 3622//3622 3663//3663 3623//3623
f 3623//3623 3663//3663 3664//3664
f 3623//3623 3664//3664 3624//3624
f 3624//3624 3664//3664 3665//3665
f 3624//3624 3665//3665 3625//3625
f 3625//3625 3665//3665 3666//3666
f 3625//3625 3666//3666 3626//3626
f 3626//3626 3666//3666 3667//3667
f 3626//3626 3667//3667 3627//3627
f 3627//3627 3667//3667 3668//3668
f 3627//3627 3668//3668 3628//3628
f 3628//3628 3668//3668 3669//3669
f 3628//3628 3669//3669 3629//3629
f 3629//3629 3669//3669 3670//3670
f 3629//3629 3670//3670 3630//3630
f 3630//3630 3670//3670 3671//3671
f 3630//3630 3671//3671 3631//3631
f 3631//3631 3671//3671 3672//3672
f 3631//3631 3672//3672 3632//3632
f 3632//3632 3672//3672 3673//3673
f 3632//3632 3673//3673 3633//3633
f 3633//3633 3673//3673 3674//3674
f 3633//3633 3674//3674 3634//3634
f 3634//3634 3674//3674 3675//3675
f 3634//3634 3675//3675 3635//3635
f 3635//3635 3675//3675 3676//3676
f 3635//3635 3676//3676 3636//3636
f 3636//3636 3676//3676 3677//3677
f 3636//3636 3677//3677 3637//3637
f 3637//3637 3677//3677 3678//3678
f 3637//3637 3678//3678 3638//3638
f 3638//3638 3678//3678 3679//3679
f 3639//3639 3680//3680 3640//3640
f 3640//3640 3680//3680 3681//3681
f 3640//3640 3681//3681 3641//3641
f 3641//3641 3681//3681 3682//3682
f 3641//3641 3682//3682 3642//3642
f 3642//3642 3682//3682 3683//3683
f 3642//3642 3683//3683 3643//3643
f 3643//3643 3683//3683 3684//3684
f 3643//3643 3684//3684 3644//3644
f 3644//3644 3684//3684 3685//3685
f 3644//3644 3685//3685 3645//3645
f 3645//3645 3685//3685 3686//3686
f 3645//3645 3686//3686 3646//3646
f 3646//3646 3686//3686 3687//3687
f 3646//3646 3687//3687 3647//3647
f 3647//3647 3687//3687 3688//3688
f 3647//3647 3688//3688 3648//3648
f 3648//3648 3688//3688 3689//3689
f 3648//3648 3689//3689 3649//3649
f 3649//3649 3689//3689 3690//3690
f 3649//3649 3690//3690 3650//3650
f 3650//3650 3690//3690 3691//3691
f 3650//3650 3691//3691 3651//3651
f 3651//3651 3691//3691 3692//3692
f 3651//3651 3692//3692 3652//3652
f 3652//3652 3692//3692 3693//3693
f 3652//3652 3693//3693 3653//3653
f 3653//3653 3693//3693 3694//3694
f 3653//3653 3694//3694 3654//3654
f 3654//3654 3694//3694 3695//3695
f 3654//3654 3695//3695 3655//3655
f 3655//3655 3695//3695 3696//3696
f 3655//3655 3696//3696 3656//3656
f 3656//3656 3696//3696 3697//3697
f 3656//3656 3697//3697 3657//3657
f 3657//3657 3697//3697 3698//3698
f 3657//3657 3698//3698 3658//3658
f 3658//3658 3698//3698 3699//3699
f 3658//3658 3699//3699 3659//3659
f 3659//3659 3699//3699 3700//3700
f 3659//3659 3700//3700 3660//3660
f 3660//3660 3700//3700 3701//3701
f 3660//3660 3701//3701 3661//3661
f 3661//3661 3701//3701 3702//3702
f 3661//3661 3702//3702 3662//3662
f 3662//3662 3702//3702 3703//3703
f 3662//3662 3703//3703 3663//3663
f 3663//3663 3703//3703 3704//3704
f 3663//3663 3704//3704 3664//3664
f 3664//3664 3704//3704 3705//3705
f 3664//3664 3705//3705 3665//3665
f 3665//3665 3705//3705 3706//3706
f 3665//3665 3706//3706 3666//3666
f 3666//3666 3706//3706 3707//3707
f 3666//3666 3707//3707 3667//3667
f 3667//3667 3707//3707 3708//3708
f 3667//3667 3708//3708 3668//3668
f 3668//3668 3708//3708 3709//3709
f 3668//3668 3709//3709 3669//3669
f 3669//3669 3709//3709 3710//3710
f 3669//3669 3710//3710 3670//3670
f 3670//3670 3710//3710 3711//3711
f 3670//3670 3711//3711 3671//3671
f 3671//3671 3711//3711 3712//3712
f 3671//3671 3712//3712 3672//3672
f 3672//3672 3712//3712 3713//3713
f 3672//3672 3713//3713 3673//3673
f 3673//3673 3713//3713 3714//3714
f 3673//3673 3714//3714 3674//3674
f 3674//3674 3714//3714 3715//3715
f 3674//3674 3715//3715 3675//3675
f 3675//3675 3715//3715 3716//3716
f 3675//3675 3716//3716 3676//3676
f 3676//3676 3716//3716 3717//3717
f 3676//3676 3717//3717 3677//3677
f 3677//3677 3717//3717 3718//3718
f 3677//3677 3718//3718 3678//3678
f 3678//3678 3718//3718 3719//3719
f 3678//3678 3719//3719 3679//3679
f 3679//3679 3719//3719 3720//3720
f 3680//3680 3721//3721 3681//3681
f 3681//3681 3721//3721 3722//3722
f 3681//3681 3722//3722 3682//3682
f 3682//3682 3722//3722 3723//3723
f 3682//3682 3723//3723 3683//3683
f 3683//3683 3723//3723 3724//3724
f 3683//3683 3724//3724 3684//3684
f 3684//3684 3724//3724 3725//3725
f 3684//3684 3725//3725 3685//3685
f 3685//3685 3725//3725 3726//3726
f 3685//3685 3726//3726 3686//3686
f 3686//3686 3726//3726 3727//3727
f 3686//3686 3727//3727 3687//3687
f 3687//3687 3727//3727 3728//3728
f 3687//3687 3728//3728 3688//3688
f 3688//3688 3728//3728 3729//3729
f 3688//3688 3729//3729 3689//3689
f 3689//3689 3729//3729 3730//3730
f 3689//3689 3730//3730 3690//3690
f 3690//3690 3730//3730 3731//3731
f 3690//3690 3731//3731 3691//3691
f 3691//3691 3731//3731 3732//3732
f 3691//3691 3732//3732 3692//3692
f 3692//3692 3732//3732 3733//3733
f 3692//3692 3733//3733 3693//3693
f 3693//3693 3733//3733 3734//3734
f 3693//3693 3734//3734 3694//3694
f 3694//3694 3734//3734 3735//3735
f 3694//3694 3735//3735 3695//3695
f 3695//3695 3735//3735 3736//3736
f 3695//3695 3736//3736 3696//3696
f 3696//3696 3736//3736 3737//3737
f 3696//3696 3737//3737 3697//3697
f 3697//3697 3737//3737 3738//3738
f 3697//3697 3738//3738 3698//3698
f 3698//3698 3738//3738 3739//3739
f 3698//3698 3739//3739 3699//3699
f 3699//3699 3739//3739 3740//3740
f 3699//3699 3740//3740 3700//3700
f 3700//3700 3740//3740 3741//3741
f 3700//3700 3741//3741 3701//3701
f 3701//3701 3741//3741 3742//3742
f 3701//3701 3742//3742 3702//3702
f 3702//3702 3742//3742 3743//3743
f 3702//3702 3743//3743 3703//3703
f 3703//3703 3743//3743 3744//3744
f 3703//3703 3744//3744 3704//3704
f 3704//3704 3744//3744 3745//3745
f 3704//3704 3745//3745 3705//3705
f 3705//3705 3745//3745 3746//3746
f 3705//3705 3746//3746 3706//3706
f 3706//3706 3746//3746 3747//3747
f 3706//3706 3747//3747 3707//3707
f 3707//3707 3747//3747 3748//3748
f 3707//3707 3748//3748 3708//3708
f 3708//3708 3748//3748 3749//3749
f 3708//3708 3749//3749 3709//3709
f 3709//3709 3749//3749 3750//3750
f 3709//3709 3750//3750 3710//3710
f 3710//3710 3750//3750 3751//3751
f 3710//3710 3751//3751 3711//3711
f 3711//3711 3751//3751 3752//3752
f 3711//3711 3752//3752 3712//3712
f 3712//3712 3752//3752 3753//3753
f 3712//3712 3753//3753 3713//3713
f 3713//3713 3753//3753 3754//3754
f 3713//3713 3754//3754 3714//3714
f 3714//3714 3754//3754 3755//3755
f 3714//3714 3755//3755 3715//3715
f 3715//3715 3755//3755 3756//3756
f 3715//3715 3756//3756 3716//3716
f 3716//3716 3756//3756 3757//3757
f 3716//3716 3757//3757 3717//3717
f 3717//3717 3757//3757 3758//3758
f 3717//3717 3758//3758 3718//3718
f 3718//3718 3758//3758 3759//3759
f 3718//3718 3759//3759 3719//3719
f 3719//3719 3759//3759 3760//3760
f 3719//3719 3760//3760 3720//3720
f 3720//3720 3760//3760 3761//3761
f 3721//3721 3762//3762 3722//3722
f 3722//3722 3762//3762 3763//3763
f 3722//3722 3763//3763 3723//3723
f 3723//3723 3763//3763 3764//3764
f 3723//3723 3764//3764 3724//3724
f 3724//3724 3764//3764 3765//3765
f 3724//3724 3765//3765 3725//3725
f 3725//3725 3765//3765 3766//3766
f 3725//3725 3766//3766 3726//3726
f 3726//3726 3766//3766 3767//3767
f 3726//3726 3767//3767 3727//3727
f 3727//3727 3767//3767 3768//3768
f 3727//3727 3768//3768 3728//3728
f 3728//3728 3768//3768 3769//3769
f 3728//3728 3769//3769 3729//3729
f 3729//3729 3769//3769 3770//3770
f 3729//3729 3770//3770 3730//3730
f 3730//3730 3770//3770 3771//3771
f 3730//3730 3771//3771 3731//3731
f 3731//3731 3771//3771 3772//3772
f 3731//3731 3772//3772 3732//3732
f 3732//3732 3772//3772 3773//3773
f 3732//3732 3773//3773 3733//3733
f 3733//3733 3773//3773 3774//3774
f 3733//3733 3774//3774 3734//3734
f 3734//3734 3774//3774 3775//3775
f 3734//3734 3775//3775 3735//3735
f 3735//3735 3775//3775 3776//3776
f 3735//3735 3776//3776 3736//3736
f 3736//3736 3776//3776 3777//3777
f 3736//3736 3777//3777 3737//3737
f 3737//3737 3777//3777 3778//3778
f 3737//3737 3778//3778 3738//3738
f 3738//3738 3778//3778 3779//3779
f 3738//3738 3779//3779 3739//3739
f 3739//3739 3779//3779 3780//3780
f 3739//3739 3780//3780 3740//3740
f 3740//3740 3780//3780 3781//3781
f 3740//3740 3781//3781 3741//3741
f 3741//3741 3781//3781 3782//3782
f 3741//3741 3782//3782 3742//3742
f 3742//3742 3782//3782 3783//3783
f 3742//3742 3783//3783 3743//3743
f 3743//3743 3783//3783 3784//3784
f 3743//3743 3784//3784 3744//3744
f 3744//3744 3784//3784 3785//3785
f 3744//3744 3785//3785 3745//3745
f 3745//3745 3785//3785 3786//3786
f 3745//3745 3786//3786 3746//3746
f 3746//3746 3786//3786 3787//3787
f 3746//3746 3787//3787 3747//3747
f 3747//3747 3787//3787 3788//3788
f 3747//3747 3788//3788 3748//3748
f 3748//3748 3788//3788 3789//3789
f 3748//3748 3789//3789 3749//3749
f 3749//3749 3789//3789 3790//3790
f 3749//3749 3790//3790 3750//3750
f 3750//3750 3790//3790 3791//3791
f 3750//3750 3791//3791 3751//3751
f 3751//3751 3791//3791 3792//3792
f 3751//3751 3792//3792 3752//3752
f 3752//3752 3792//3792 3793//3793
f 3752//3752 3793//3793 3753//3753
f 3753//3753 3793//3793 3794//3794
f 3753//3753 3794//3794 3754//3754
f 3754//3754 3794//3794 3795//3795
f 3754//3754 3795//3795 3755//3755
f 3755//3755 3795//3795 3796//3796
f 3755//3755 3796//3796 3756//3756
f 3756//3756 3796//3796 3797//3797
f 3756//3756 3797//3797 3757//3757
f 3757//3757 3797//3797 3798//3798
f 3757//3757 3798//3798 3758//3758
f 3758//3758 3798//3798 3799//3799
f 3758//3758 3799//3799 3759//3759
f 3759//3759 3799//3799 3800//3800
f 3759//3759 3800//3800 3760//3760
f 3760//3760 3800//3800 3801//3801
f 3760//3760 3801//3801 3761//3761
f 3761//3761 3801//3801 3802//3802
f 3803//3803 3844//3844 3804//3804
f 3804//3804 3844//3844 3845//3845
f 3804//3804 3845//3845 3805//3805
f 3805//3805 3845//3845 3846//3846
f 3805//3805 3846//3846 3806//3806
f 3806//3806 3846//3846 3847//3847
f 3806//3806 3847//3847 3807//3807
f 3807//3807 3847//3847 3848//3848
f 3807//3807 3848//3848 3808//3808
f 3808//3808 3848//3848 3849//3849
f 3808//3808 3849//3849 3809//3809
f 3809//3809 3849//3849 3850//3850
f 3809//3809 3850//3850 3810//3810
f 3810//3810 3850//3850 3851//3851
f 3810//3810 3851//3851 3811//3811
f 3811//3811 3851//3851 3852//3852
f 3811//3811 3852//3852 3812//3812
f 3812//3812 3852//3852 3853//3853
f 3812//3812 3853//3853 3813//3813
f 3813//3813 3853//3853 3854//3854
f 3813//3813 3854//3854 3814//3814
f 3814//3814 3854//3854 3855//3855
f 3814//3814 3855//3855 3815//3815
f 3815//3815 3855//3855 3856//3856
f 3815//3815 3856//3856 3816//3816
f 3816//3816 3856//3856 3857//3857
f 3816//3816 3857//3857 3817//3817
f 3817//3817 3857//3857 3858//3858
f 3817//3817 3858//3858 3818//3818
f 3818//3818 3858//3858 3859//3859
f 3818//3818 3859//3859 3819//3819
f 3819//3819 3859//3859 3860//3860
f 3819//3819 3860//3860 3820//3820
f 3820//3820 3860//3860 3861//3861
f 3820//3820 3861//3861 3821//3821
f 3821//3821 3861//3861 3862//3862
f 3821//3821 3862//3862 3822//3822
f 3822//3822 3862//3862 3863//3863
f 3822//3822 3863//3863 3823//3823
f 3823//3823 3863//3863 3864//3864
f 3823//3823 3864//3864 3824//3824
f 3824//3824 3864//3864 3865//3865
f 3824//3824 3865//3865 3825//3825
f 3825//3825 3865//3865 3866//3866
f 3825//3825 3866//3866 3826//3826
f 3826//3826 3866//3866 3867//3867
f 3826//3826 3867//3867 3827//3827
f 3827//3827 3867//3867 3868//3868
f 3827//3827 3868//3868 3828//3828
f 3828//3828 3868//3868 3869//3869
f 3828//3828 3869//3869 3829//3829
f 3829//3829 3869//3869 3870//3870
f 3829//3829 3870//3870 3830//3830
f 3830//3830 3870//3870 3871//3871
f 3830//3830 3871//3871 3831//3831
f 3831//3831 3871//3871 3872//3872
f 3831//3831 3872//3872 3832//3832
f 3832//3832 3872//3872 3873//3873
f 3832//3832 3873//3873 3833//3833
f 3833//3833 3873//3873 3874//3874
f 3833//3833 3874//3874 3834//3834
f 3834//3834 3874//3874 3875//3875
f 3834//3834 3875//3875 3835//3835
f 3835//3835 3875//3875 3876//3876
f 3835//3835 3876//3876 3836//3836
f 3836//3836 3876//3876 3877//3877
f 3836//3836 3877//3877 3837//3837
f 3837//3837 3877//3877 3878//3878
f 3837//3837 3878//3878 3838//3838
f 3838//3838 3878//3878 3879//3879
f 3838//3838 3879//3879 3839//3839
f 3839//3839 3879//3879 3880//3880
f 3839//3839 3880//3880 3840//3840
f 3840//3840 3880//3880 3881//3881
f 3840//3840 3881//3881 3841//3841
f 3841//3841 3881//3881 3882//3882
f 3841//3841 3882//3882 3842//3842
f 3842//3842 3882//3882 3883//3883
f 3842//3842 3883//3883 3843//3843
f 3843//3843 3883//3883 3884//3884
f 3844//3844 3885//3885 3845//3845
f 3845//3845 3885//3885 3886//3886
f 3845//3845 3886//3886 3846//3846
f 3846//3846 3886//3886 3887//3887
f 3846//3846 3887//3887 3847//3847
f 3847//3847 3887//3887 3888//3888
f 3847//3847 3888//3888 3848//3848
f 3848//3848 3888//3888 3889//3889
f 3848//3848 3889//3889 3849//3849
f 3849//3849 3889//3889 3890//3890
f 3849//3849 3890//3890 3850//3850
f 3850//3850 3890//3890 3891//3891
f 3850//3850 3891//3891 3851//3851
f 3851//3851 3891//3891 3892//3892
f 3851//3851 3892//3892 3852//3852
f 3852//3852 3892//3892 3893//3893
f 3852//3852 3893//3893 3853//3853
f 3853//3853 3893//3893 3894//3894
f 3853//3853 3894//3894 3854//3854
f 3854//3854 3894//3894 3895//3895
f 3854//3854 3895//3895 3855//3855
f 3855//3855 3895//3895 3896//3896
f 3855//3855 3896//3896 3856//3856
f 3856//3856 3896//3896 3897//3897
f 3856//3856 3897//3897 3857//3857
f 3857//3857 3897//3897 3898//3898
f 3857//3857 3898//3898 3858//3858
f 3858//3858 3898//3898 3899//3899
f 3858//3858 3899//3899 3859//3859
f 3859//3859 3899//3899 3900//3900
f 3859//3859 3900//3900 3860//3860
f 3860//3860 3900//3900 3901//3901
f 3860//3860 3901//3901 3861//3861
f 3861//3861 3901//3901 3902//3902
f 3861//3861 3902//3902 3862//3862
f 3862//3862 3902//3902 3903//3903
f 3862//3862 3903//3903 3863//3863
f 3863//3863 3903//3903 3904//3904
f 3863//3863 3904//3904 3864//3864
f 3864//3864 3904//3904 3905//3905
f 3864//3864 3905//3905 3865//3865
f 3865//3865 3905//3905 3906//3906
f 3865//3865 3906//3906 3866//3866
f 3866//3866 3906//3906 3907//3907
f 3866//3866 3907//3907 3867//3867
f 3867//3867 3907//3907 3908//3908
f 3867//3867 3908//3908 3868//3868
f 3868//3868 3908//3908 3909//3909
f 3868//3868 3909//3909 3869//3869
f 3869//3869 3909//3909 3910//3910
f 3869//3869 3910//3910 3870//3870
f 3870//3870 3910//3910 3911//3911
f 3870//3870 3911//3911 3871//3871
f 3871//3871 3911//3911 3912//3912
f 3871//3871 3912//3912 3872//3872
f 3872//3872 3912//3912 3913//3913
f 3872//3872 3913//3913 3873//3873
f 3873//3873 3913//3913 3914//3914
f 3873//3873 3914//3914 3874//3874
f 3874//3874 3914//3914 3915//3915
f 3874//3874 3915//3915 3875//3875
f 3875//3875 3915//3915 3916//3916
f 3875//3875 3916//3916 3876//3876
f 3876//3876 3916//3916 3917//3917
f 3876//3876 3917//3917 3877//3877
f 3877//3877 3917//3917 3918//3918
f 3877//3877 3918//3918 3878//3878
f 3878//3878 3918//3918 3919//3919
f 3878//3878 3919//3919 3879//3879
f 3879//3879 3919//3919 3920//3920
f 3879//3879 3920//3920 3880//3880
f 3880//3880 3920//3920 3921//3921
f 3880//3880 3921//3921 3881//3881
f 3881//3881 3921//3921 3922//3922
f 3881//3881 3922//3922 3882//3882
f 3882//3882 3922//3922 3923//3923
f 3882//3882 3923//3923 3883//3883
f 3883//3883 3923//3923 3924//3924
f 3883//3883 3924//3924 3884//3884
f 3884//3884 3924//3924 3925//3925
f 3885//3885 3926//3926 3886//3886
f 3886//3886 3926//3926 3927//3927
f 3886//3886 3927//3927 3887//3887
f 3887//3887 3927//3927 3928//3928
f 3887//3887 3928//3928 3888//3888
f 3888//3888 3928//3928 3929//3929
f 3888//3888 3929//3929 3889//3889
f 3889//3889 3929//3929 3930//3930
f 3889//3889 3930//3930 3890//3890
f 3890//3890 3930//3930 3931//3931
f 3890//3890 3931//3931 3891//3891
f 3891//3891 3931//3931 3932//3932
f 3891//3891 3932//3932 3892//3892
f 3892//3892 3932//3932 3933//3933
f 3892//3892 3933//3933 3893//3893
f 3893//3893 3933//3933 3934//3934
f 3893//3893 3934//3934 3894//3894
f 3894//3894 3934//3934 3935//3935
f 3894//3894 3935//3935 3895//3895
f 3895//3895 3935//3935 3936//3936
f 3895//3895 3936//3936 3896//3896
f 3896//3896 3936//3936 3937//3937
f 3896//3896 3937//3937 3897//3897
f 3897//3897 3937//3937 3938//3938
f 3897//3897 3938//3938 3898//3898
f 3898//3898 3938//3938 3939//3939
f 3898//3898 3939//3939 3899//3899
f 3899//3899 3939//3939 3940//3940
f 3899//3899 3940//3940 3900//3900
f 3900//3900 3940//3940 3941//3941
f 3900//3900 3941//3941 3901//3901
f 3901//3901 3941//3941 3942//3942
f 3901//3901 3942//3942 3902//3902
f 3902//3902 3942//3942 3943//3943
f 3902//3902 3943//3943 3903//3903
f 3903//3903 3943//3943 3944//3944
f 3903//3903 3944//3944 3904//3904
f 3904//3904 3944//3944 3945//3945
f 3904//3904 3945//3945 3905//3905
f 3905//3905 3945//3945 3946//3946
f 3905//3905 3946//3946 3906//3906
f 3906//3906 3946//3946 3947//3947
f 3906//3906 3947//3947 3907//3907
f 3907//3907 3947//3947 3948//3948
f 3907//3907 3948//3948 3908//3908
f 3908//3908 3948//3948 3949//3949
f 3908//3908 3949//3949 3909//3909
f 3909//3909 3949//3949 3950//3950
f 3909//3909 3950//3950 3910//3910
f 3910//3910 3950//3950 3951//3951
f 3910//3910 3951//3951 3911//3911
f 3911//3911 3951//3951 3952//3952
f 3911//3911 3952//3952 3912//3912
f 3912//3912 3952//3952 3953//3953
f 3912//3912 3953//3953 3913//3913
f 3913//3913 3953//3953 3954//3954
f 3913//3913 3954//3954 3914//3914
f 3914//3914 3954//3954 3955//3955
f 3914//3914 3955//3955 3915//3915
f 3915//3915 3955//3955 3956//3956
f 3915//3915 3956//3956 3916//3916
f 3916//3916 3956//3956 3957//3957
f 3916//3916 3957//3957 3917//3917
f 3917//3917 3957//3957 3958//3958
f 3917//3917 3958//3958 3918//3918
f 3918//3918 3958//3958 3959//3959
f 3918//3918 3959//3959 3919//3919
f 3919//3919 3959//3959 3960//3960
f 3919//3919 3960//3960 3920//3920
f 3920//3920 3960//3960 3961//3961
f 3920//3920 3961//3961 3921//3921
f 3921//3921 3961//3961 3962//3962
f 3921//3921 3962//3962 3922//3922
f 3922//3922 3962//3962 3963//3963
f 3922//3922 3963//3963 3923//3923
f 3923//3923 3963//3963 3964//3964
f 3923//3923 3964//3964 3924//3924
f 3924//3924 3964//3964 3965//3965
f 3924//3924 3965//3965 3925//3925
f 3925//3925 3965//3965 3966//3966
f 3926//3926 3967//3967 3927//3927
f 3927//3927 3967//3967 3968//3968
f 3927//3927 3968//3968 3928//3928
f 3928//3928 3968//3968 3969//3969
f 3928//3928 3969//3969 3929//3929
f 3929//3929 3969//3969 3970//3970
f 3929//3929 3970//3970 3930//3930
f 3930//3930 3970//3970 3971//3971
f 3930//3930 3971//3971 3931//3931
f 3931//3931 3971//3971 3972//3972
f 3931//3931 3972//3972 3932//3932
f 3932//3932 3972//3972 3973//3973
f 3932//3932 3973//3973 3933//3933
f 3933//3933 3973//3973 3974//3974
f 3933//3933 3974//3974 3934//3934
f 3934//3934 3974//3974 3975//3975
f 3934//3934 3975//3975 3935//3935
f 3935//3935 3975//3975 3976//3976
f 3935//3935 3976//3976 3936//3936
f 3936//3936 3976//3976 3977//3977
f 3936//3936 3977//3977 3937//3937
f 3937//3937 3977//3977 3978//3978
f 3937//3937 3978//3978 3938//3938
f 3938//3938 3978//3978 3979//3979
f 3938//3938 3979//3979 3939//3939
f 3939//3939 3979//3979 3980//3980
f 3939//3939 3980//3980 3940//3940
f 3940//3940 3980//3980 3981//3981
f 3940//3940 3981//3981 3941//3941
f 3941//3941 3981//3981 3982//3982
f 3941//3941 3982//3982 3942//3942
f 3942//3942 3982//3982 3983//3983
f 3942//3942 3983//3983 3943//3943
f 3943//3943 3983//3983 3984//3984
f 3943//3943 3984//3984 3944//3944
f 3944//3944 3984//3984 3985//3985
f 3944//3944 3985//3985 3945//3945
f 3945//3945 3985//3985 3986//3986
f 3945//3945 3986//3986 3946//3946
f 3946//3946 3986//3986 3987//3987
f 3946//3946 3987//3987 3947//3947
f 3947//3947 3987//3987 3988//3988
f 3947//3947 3988//3988 3948//3948
f 3948//3948 3988//3988 3989//3989
f 3948//3948 3989//3989 3949//3949
f 3949//3949 3989//3989 3990//3990
f 3949//3949 3990//3990 3950//3950
f 3950//3950 3990//3990 3991//3991
f 3950//3950 3991//3991 3951//3951
f 3951//3951 3991//3991 3992//3992
f 3951//3951 3992//3992 3952//3952
f 3952//3952 3992//3992 3993//3993
f 3952//3952 3993//3993 3953//3953
f 3953//3953 3993//3993 3994//3994
f 3953//3953 3994//3994 3954//3954
f 3954//3954 3994//3994 3995//3995
f 3954//3954 3995//3995 3955//3955
f 3955//3955 3995//3995 3996//3996
f 3955//3955 3996//3996 3956//3956
f 3956//3956 3996//3996 3997//3997
f 3956//3956 3997//3997 3957//3957
f 3957//3957 3997//3997 3998//3998
f 3957//3957 3998//3998 3958//3958
f 3958//3958 3998//3998 3999//3999
f 3958//3958 3999//3999 3959//3959
f 3959//3959 3999//3999 4000//4000
f 3959//3959 4000//4000 3960//3960
f 3960//3960 4000//4000 4001//4001
f 3960//3960 4001//4001 3961//3961
f 3961//3961 4001//4001 4002//4002
f 3961//3961 4002//4002 3962//3962
f 3962//3962 4002//4002 4003//4003
f 3962//3962 4003//4003 3963//3963
f 3963//3963 4003//4003 4004//4004
f 3963//3963 4004//4004 3964//3964
f 3964//3964 4004//4004 4005//4005
f 3964//3964 4005//4005 3965//3965
f 3965//3965 4005//4005 4006//4006
f 3965//3965 4006//4006 3966//3966
f 3966//3966 4006//4006 4007//4007
f 3967//3967 4008//4008 3968//3968
f 3968//3968 4008//4008 4009//4009
f 3968//3968 4009//4009 3969//3969
f 3969//3969 4009//4009 4010//4010
f 3969//3969 4010//4010 3970//3970
f 3970//3970 4010//4010 4011//4011
f 3970//3970 4011//4011 3971//3971
f 3971//3971 4011//4011 4012//4012
f 3971//3971 4012//4012 3972//3972
f 3972//3972 4012//4012 4013//4013
f 3972//3972 4013//4013 3973//3973
f 3973//3973 4013//4013 4014//4014
f 3973//3973 4014//4014 3974//3974
f 3974//3974 4014//4014 4015//4015
f 3974//3974 4015//4015 3975//3975
f 3975//3975 4015//4015 4016//4016
f 3975//3975 4016//4016 3976//3976
f 3976//3976 4016//4016 4017//4017
f 3976//3976 4017//4017 3977//3977
f 3977//3977 4017//4017 4018//4018
f 3977//3977 4018//4018 3978//3978
f 3978//3978 4018//4018 4019//4019
f 3978//3978 4019//4019 3979//3979
f 3979//3979 4019//4019 4020//4020
f 3979//3979 4020//4020 3980//3980
f 3980//3980 4020//4020 4021//4021
f 3980//3980 4021//4021 3981//3981
f 3981//3981 4021//4021 4022//4022
f 3981//3981 4022//4022 3982//3982
f 3982//3982 4022//4022 4023//4023
f 3982//3982 4023//4023 3983//3983
f 3983//3983 4023//4023 4024//4024
f 3983//3983 4024//4024 3984//3984
f 3984//3984 4024//4024 4025//4025
f 3984//3984 4025//4025 3985//3985
f 3985//3985 4025//4025 4026//4026
f 3985//3985 4026//4026 3986//3986
f 3986//3986 4026//4026 4027//4027
f 3986//3986 4027//4027 3987//3987
f 3987//3987 4027//4027 4028//4028
f 3987//3987 4028//4028 3988//3988
f 3988//3988 4028//4028 4029//4029
f 3988//3988 4029//4029 3989//3989
f 3989//3989 4029//4029 4030//4030
f 3989//3989 4030//4030 3990//3990
f 3990//3990 4030//4030 4031//4031
f 3990//3990 4031//4031 3991//3991
f 3991//3991 4031//4031 4032//4032
f 3991//3991 4032//4032 3992//3992
f 3992//3992 4032//4032 4033//4033
f 3992//3992 4033//4033 3993//3993
f 3993//3993 4033//4033 4034//4034
f 3993//3993 4034//4034 3994//3994
f 3994//3994 4034//4034 4035//4035
f 3994//3994 4035//4035 3995//3995
f 3995//3995 4035//4035 4036//4036
f 3995//3995 4036//4036 3996//3996
f 3996//3996 4036//4036 4037//4037
f 3996//3996 4037//4037 3997//3997
f 3997//3997 4037//4037 4038//4038
f 3997//3997 4038//4038 3998//3998
f 3998//3998 4038//4038 4039//4039
f 3998//3998 4039//4039 3999//3999
f 3999//3999 4039//4039 4040//4040
f 3999//3999 4040//4040 4000//4000
f 4000//4000 4040//4040 4041//4041
f 4000//4000 4041//4041 4001//4001
f 4001//4001 4041//4041 4042//4042
f 4001//4001 4042//4042 4002//4002
f 4002//4002 4042//4042 4043//4043
f 4002//4002 4043//4043 4003//4003
f 4003//4003 4043//4043 4044//4044
f 4003//4003 4044//4044 4004//4004
f 4004//4004 4044//4044 4045//4045
f 4004//4004 4045//4045 4005//4005
f 4005//4005 4045//4045 4046//4046
f 4005//4005 4046//4046 4006//4006
f 4006//4006 4046//4046 4047//4047
f 4006//4006 4047//4047 4007//4007
f 4007//4007 4047//4047 4048//4048
f 4049//4049 4090//4090 4050//4050
f 4050//4050 4090//4090 4091//4091
f 4050//4050 4091//4091 4051//4051
f 4051//4051 4091//4091 4092//4092
f 4051//4051 4092//4092 4052//4052
f 4052//4052 4092//4092 4093//4093
f 4052//4052 4093//4093 4053//4053
f 4053//4053 4093//4093 4094//4094
f 4053//4053 4094//4094 4054//4054
f 4054//4054 4094//4094 4095//4095
f 4054//4054 4095//4095 4055//4055
f 4055//4055 4095//4095 4096//4096
f 4055//4055 4096//4096 4056//4056
f 4056//4056 4096//4096 4097//4097
f 4056//4056 4097//4097 4057//4057
f 4057//4057 4097//4097 4098//4098
f 4057//4057 4098//4098 4058//4058
f 4058//4058 4098//4098 4099//4099
f 4058//4058 4099//4099 4059//4059
f 4059//4059 4099//4099 4100//4100
f 4059//4059 4100//4100 4060//4060
f 4060//4060 4100//4100 4101//4101
f 4060//4060 4101//4101 4061//4061
f 4061//4061 4101//4101 4102//4102
f 4061//4061 4102//4102 4062//4062
f 4062//4062 4102//4102 4103//4103
f 4062//4062 4103//4103 4063//4063
f 4063//4063 4103//4103 4104//4104
f 4063//4063 4104//4104 4064//4064
f 4064//4064 4104//4104 4105//4105
f 4064//4064 4105//4105 4065//4065
f 4065//4065 4105//4105 4106//4106
f 4065//4065 4106//4106 4066//4066
f 4066//4066 4106//4106 4107//4107
f 4066//4066 4107//4107 4067//4067
f 4067//4067 4107//4107 4108//4108
f 4067//4067 4108//4108 4068//4068
f 4068//4068 4108//4108 4109//4109
f 4068//4068 4109//4109 4069//4069
f 4069//4069 4109//4109 4110//4110
f 4069//4069 4110//4110 4070//4070
f 4070//4070 4110//4110 4111//4111
f 4070//4070 4111//4111 4071//4071
f 4071//4071 4111//4111 4112//4112
f 4071//4071 4112//4112 4072//4072
f 4072//4072 4112//4112 4113//4113
f 4072//4072 4113//4113 4073//4073
f 4073//4073 4113//4113 4114//4114
f 4073//4073 4114//4114 4074//4074
f 4074//4074 4114//4114 4115//4115
f 4074//4074 4115//4115 4075//4075
f 4075//4075 4115//4115 4116//4116
f 4075//4075 4116//4116 4076//4076
f 4076//4076 4116//4116 4117//4117
f 4076//4076 4117//4117 4077//4077
f 4077//4077 4117//4117 4118//4118
f 4077//4077 4118//4118 4078//4078
f 4078//4078 4118//4118 4119//4119
f 4078//4078 4119//4119 4079//4079
f 4079//4079 4119//4119 4120//4120
f 4079//4079 4120//4120 4080//4080
f 4080//4080 4120//4120 4121//4121
f 4080//4080 4121//4121 4081//4081
f 4081//4081 4121//4121 4122//4122
f 4081//4081 4122//4122 4082//4082
f 4082//4082 4122//4122 4123//4123
f 4082//4082 4123//4123 4083//4083
f 4083//4083 4123//4123 4124//4124
f 4083//4083 4124//4124 4084//4084
f 4084//4084 4124//4124 4125//4125
f 4084//4084 4125//4125 4085//4085
f 4085//4085 4125//4125 4126//4126
f 4085//4085 4126//4126 4086//4086
f 4086//4086 4126//4126 4127//4127
f 4086//4086 4127//4127 4087//4087
f 4087//4087 4127//4127 4128//4128
f 4087//4087 4128//4128 4088//4088
f 4088//4088 4128//4128 4129//4129
f 4088//4088 4129//4129 4089//4089
f 4089//4089 4129//4129 4130//4130
f 4090//4090 4131//4131 4091//4091
f 4091//4091 4131//4131 4132//4132
f 4091//4091 4132//4132 4092//4092
f 4092//4092 4132//4132 4133//4133
f 4092//4092 4133//4133 4093//4093
f 4093//4093 4133//4133 4134//4134
f 4093//4093 4134//4134 4094//4094
f 4094//4094 4134//4134 4135//4135
f 4094//4094 4135//4135 4095//4095
f 4095//4095 4135//4135 4136//4136
f 4095//4095 4136//4136 4096//4096
f 4096//4096 4136//4136 4137//4137
f 4096//4096 4137//4137 4097//4097
f 4097//4097 4137//4137 4138//4138
f 4097//4097 4138//4138 4098//4098
f 4098//4098 4138//4138 4139//4139
f 4098//4098 4139//4139 4099//4099
f 4099//4099 4139//4139 4140//4140
f 4099//4099 4140//4140 4100//4100
f 4100//4100 4140//4140 4141//4141
f 4100//4100 4141//4141 4101//4101
f 4101//4101 4141//4141 4142//4142
f 4101//4101 4142//4142 4102//4102
f 4102//4102 4142//4142 4143//4143
f 4102//4102 4143//4143 4103//4103
f 4103//4103 4143//4143 4144//4144
f 4103//4103 4144//4144 4104//4104
f 4104//4104 4144//4144 4145//4145
f 4104//4104 4145//4145 4105//4105
f 4105//4105 4145//4145 4146//4146
f 4105//4105 4146//4146 4106//4106
f 4106//4106 4146//4146 4147//4147
f 4106//4106 4147//4147 4107//4107
f 4107//4107 4147//4147 4148//4148
f 4107//4107 4148//4148 4108//4108
f 4108//4108 4148//4148 4149//4149
f 4108//4108 4149//4149 4109//4109
f 4109//4109 4149//4149 4150//4150
f 4109//4109 4150//4150 4110//4110
f 4110//4110 4150//4150 4151//4151
f 4110//4110 4151//4151 4111//4111
f 4111//4111 4151//4151 4152//4152
f 4111//4111 4152//4152 4112//4112
f 4112//4112 4152//4152 4153//4153
f 4112//4112 4153//4153 4113//4113
f 4113//4113 4153//4153 4154//4154
f 4113//4113 4154//4154 4114//4114
f 4114//4114 4154//4154 4155//4155
f 4114//4114 4155//4155 4115//4115
f 4115//4115 4155//4155 4156//4156
f 4115//4115 4156//4156 4116//4116
f 4116//4116 4156//4156 4157//4157
f 4116//4116 4157//4157 4117//4117
f 4117//4117 4157//4157 4158//4158
f 4117//4117 4158//4158 4118//4118
f 4118//4118 4158//4158 4159//4159
f 4118//4118 4159//4159 4119//4119
f 4119//4119 4159//4159 4160//4160
f 4119//4119 4160//4160 4120//4120
f 4120//4120 4160//4160 4161//4161
f 4120//4120 4161//4161 4121//4121
f 4121//4121 4161//4161 4162//4162
f 4121//4121 4162//4162 4122//4122
f 4122//4122 4162//4162 4163//4163
f 4122//4122 4163//4163 4123//4123
f 4123//4123 4163//4163 4164//4164
f 4123//4123 4164//4164 4124//4124
f 4124//4124 4164//4164 4165//4165
f 4124//4124 4165//4165 4125//4125
f 4125//4125 4165//4165 4166//4166
f 4125//4125 4166//4166 4126//4126
f 4126//4126 4166//4166 4167//4167
f 4126//4126 4167//4167 4127//4127
f 4127//4127 4167//4167 4168//4168
f 4127//4127 4168//4168 4128//4128
f 4128//4128 4168//4168 4169//4169
f 4128//4128 4169//4169 4129//4129
f 4129//4129 4169//4169 4170//4170
f 4129//4129 4170//4170 4130//4130
f 4130//4130 4170//4170 4171//4171
f 4131//4131 4172//4172 4132//4132
f 4132//4132 4172//4172 4173//4173
f 4132//4132 4173//4173 4133//4133
f 4133//4133 4173//4173 4174//4174
f 4133//4133 4174//4174 4134//4134
f 4134//4134 4174//4174 4175//4175
f 4134//4134 4175//4175 4135//4135
f 4135//4135 4175//4175 4176//4176
f 4135//4135 4176//4176 4136//4136
f 4136//4136 4176//4176 4177//4177
f 4136//4136 4177//4177 4137//4137
f 4137//4137 4177//4177 4178//4178
f 4137//4137 4178//4178 4138//4138
f 4138//4138 4178//4178 4179//4179
f 4138//4138 4179//4179 4139//4139
f 4139//4139 4179//4179 4180//4180
f 4139//4139 4180//4180 4140//4140
f 4140//4140 4180//4180 4181//4181
f 4140//4140 4181//4181 4141//4141
f 4141//4141 4181//4181 4182//4182
f 4141//4141 4182//4182 4142//4142
f 4142//4142 4182//4182 4183//4183
f 4142//4142 4183//4183 4143//4143
f 4143//4143 4183//4183 4184//4184
f 4143//4143 4184//4184 4144//4144
f 4144//4144 4184//4184 4185//4185
f 4144//4144 4185//4185 4145//4145
f 4145//4145 4185//4185 4186//4186
f 4145//4145 4186//4186 4146//4146
f 4146//4146 4186//4186 4187//4187
f 4146//4146 4187//4187 4147//4147
f 4147//4147 4187//4187 4188//4188
f 4147//4147 4188//4188 4148//4148
f 4148//4148 4188//4188 4189//4189
f 4148//4148 4189//4189 4149//4149
f 4149//4149 4189//4189 4190//4190
f 4149//4149 4190//4190 4150//4150
f 4150//4150 4190//4190 4191//4191
f 4150//4150 4191//4191 4151//4151
f 4151//4151 4191//4191 4192//4192
f 4151//4151 4192//4192 4152//4152
f 4152//4152 4192//4192 4193//4193
f 4152//4152 4193//4193 4153//4153
f 4153//4153 4193//4193 4194//4194
f 4153//4153 4194//4194 4154//4154
f 4154//4154 4194//4194 4195//4195
f 4154//4154 4195//4195 4155//4155
f 4155//4155 4195//4195 4196//4196
f 4155//4155 4196//4196 4156//4156
f 4156//4156 4196//4196 4197//4197
f 4156//4156 4197//4197 4157//4157
f 4157//4157 4197//4197 4198//4198
f 4157//4157 4198//4198 4158//4158
f 4158//4158 4198//4198 4199//4199
f 4158//4158 4199//4199 4159//4159
f 4159//4159 4199//4199 4200//4200
f 4159//4159 4200//4200 4160//4160
f 4160//4160 4200//4200 4201//4201
f 4160//4160 4201//4201 4161//4161
f 4161//4161 4201//4201 4202//4202
f 4161//4161 4202//4202 4162//4162
f 4162//4162 4202//4202 4203//4203
f 4162//4162 4203//4203 4163//4163
f 4163//4163 4203//4203 4204//4204
f 4163//4163 4204//4204 4164//4164
f 4164//4164 4204//4204 4205//4205
f 4164//4164 4205//4205 4165//4165
f 4165//4165 4205//4205 4206//4206
f 4165//4165 4206//4206 4166//4166
f 4166//4166 4206//4206 4207//4207
f 4166//4166 4207//4207 4167//4167
f 4167//4167 4207//4207 4208//4208
f 4167//4167 4208//4208 4168//4168
f 4168//4168 4208//4208 4209//4209
f 4168//4168 4209//4209 4169//4169
f 4169//4169 4209//4209 4210//4210
f 4169//4169 4210//4210 4170//4170
f 4170//4170 4210//4210 4211//4211
f 4170//4170 4211//4211 4171//4171
f 4171//4171 4211//4211 4212//4212
f 4172//4172 4213//4213 4173//4173
f 4173//4173 4213//4213 4214//4214
f 4173//4173 4214//4214 4174//4174
f 4174//4174 4214//4214 4215//4215
f 4174//4174 4215//4215 4175//4175
f 4175//4175 4215//4215 4216//4216
f 4175//4175 4216//4216 4176//4176
f 4176//4176 4216//4216 4217//4217
f 4176//4176 4217//4217 4177//4177
f 4177//4177 4217//4217 4218//4218
f 4177//4177 4218//4218 4178//4178
f 4178//4178 4218//4218 4219//4219
f 4178//4178 4219//4219 4179//4179
f 4179//4179 4219//4219 4220//4220
f 4179//4179 4220//4220 4180//4180
f 4180//4180 4220//4220 4221//4221
f 4180//4180 4221//4221 4181//4181
f 4181//4181 4221//4221 4222//4222
f 4181//4181 4222//4222 4182//4182
f 4182//4182 4222//4222 4223//4223
f 4182//4182 4223//4223 4183//4183
f 4183//4183 4223//4223 4224//4224
f 4183//4183 4224//4224 4184//4184
f 4184//4184 4224//4224 4225//4225
f 4184//4184 4225//4225 4185//4185
f 4185//4185 4225//4225 4226//4226
f 4185//4185 4226//4226 4186//4186
f 4186//4186 4226//4226 4227//4227
f 4186//4186 4227//4227 4187//4187
f 4187//4187 4227//4227 4228//4228
f 4187//4187 4228//4228 4188//4188
f 4188//4188 4228//4228 4229//4229
f 4188//4188 4229//4229 4189//4189
f 4189//4189 4229//4229 4230//4230
f 4189//4189 4230//4230 4190//4190
f 4190//4190 4230//4230 4231//4231
f 4190//4190 4231//4231 4191//4191
f 4191//4191 4231//4231 4232//4232
f 4191//4191 4232//4232 4192//4192
f 4192//4192 4232//4232 4233//4233
f 4192//4192 4233//4233 4193//4193
f 4193//4193 4233//4233 4234//4234
f 4193//4193 4234//4234 4194//4194
f 4194//4194 4234//4234 4235//4235
f 4194//4194 4235//4235 4195//4195
f 4195//4195 4235//4235 4236//4236
f 4195//4195 4236//4236 4196//4196
f 4196//4196 4236//4236 4237//4237
f 4196//4196 4237//4237 4197//4197
f 4197//4197 4237//4237 4238//4238
f 4197//4197 4238//4238 4198//4198
f 4198//4198 4238//4238 4239//4239
f 4198//4198 4239//4239 4199//4199
f 4199//4199 4239//4239 4240//4240
f 4199//4199 4240//4240 4200//4200
f 4200//4200 4240//4240 4241//4241
f 4200//4200 4241//4241 4201//4201
f 4201//4201 4241//4241 4242//4242
f 4201//4201 4242//4242 4202//4202
f 4202//4202 4242//4242 4243//4243
f 4202//4202 4243//4243 4203//4203
f 4203//4203 4243//4243 4244//4244
f 4203//4203 4244//4244 4204//4204
f 4204//4204 4244//4244 4245//4245
f 4204//4204 4245//4245 4205//4205
f 4205//4205 4245//4245 4246//4246
f 4205//4205 4246//4246 4206//4206
f 4206//4206 4246//4246 4247//4247
f 4206//4206 4247//4247 4207//4207
f 4207//4207 4247//4247 4248//4248
f 4207//4207 4248//4248 4208//4208
f 4208//4208 4248//4248 4249//4249
f 4208//4208 4249//4249 4209//4209
f 4209//4209 4249//4249 4250//4250
f 4209//4209 4250//4250 4210//4210
f 4210//4210 4250//4250 4251//4251
f 4210//4210 4251//4251 4211//4211
f 4211//4211 4251//4251 4252//4252
f 4211//4211 4252//4252 4212//4212
f 4212//4212 4252//4252 4253//4253
f 4213//4213 4254//4254 4214//4214
f 4214//4214 4254//4254 4255//4255
f 4214//4214 4255//4255 4215//4215
f 4215//4215 4255//4255 4256//4256
f 4215//4215 4256//4256 4216//4216
f 4216//4216 4256//4256 4257//4257
f 4216//4216 4257//4257 4217//4217
f 4217//4217 4257//4257 4258//4258
f 4217//4217 4258//4258 4218//4218
f 4218//4218 4258//4258 4259//4259
f 4218//4218 4259//4259 4219//4219
f 4219//4219 4259//4259 4260//4260
f 4219//4219 4260//4260 4220//4220
f 4220//4220 4260//4260 4261//4261
f 4220//4220 4261//4261 4221//4221
f 4221//4221 4261//4261 4262//4262
f 4221//4221 4262//4262 4222//4222
f 4222//4222 4262//4262 4263//4263
f 4222//4222 4263//4263 4223//4223
f 4223//4223 4263//4263 4264//4264
f 4223//4223 4264//4264 4224//4224
f 4224//4224 4264//4264 4265//4265
f 4224//4224 4265//4265 4225//4225
f 4225//4225 4265//4265 4266//4266
f 4225//4225 4266//4266 4226//4226
f 4226//4226 4266//4266 4267//4267
f 4226//4226 4267//4267 4227//4227
f 4227//4227 4267//4267 4268//4268
f 4227//4227 4268//4268 4228//4228
f 4228//4228 4268//4268 4269//4269
f 4228//4228 4269//4269 4229//4229
f 4229//4229 4269//4269 4270//4270
f 4229//4229 4270//4270 4230//4230
f 4230//4230 4270//4270 4271//4271
f 4230//4230 4271//4271 4231//4231
f 4231//4231 4271//4271 4272//4272
f 4231//4231 4272//4272 4232//4232
f 4232//4232 4272//4272 4273//4273
f 4232//4232 4273//4273 4233//4233
f 4233//4233 4273//4273 4274//4274
f 4233//4233 4274//4274 4234//4234
f 4234//4234 4274//4274 4275//4275
f 4234//4234 4275//4275 4235//4235
f 4235//4235 4275//4275 4276//4276
f 4235//4235 4276//4276 4236//4236
f 4236//4236 4276//4276 4277//4277
f 4236//4236 4277//4277 4237//4237
f 4237//4237 4277//4277 4278//4278
f 4237//4237 4278//4278 4238//4238
f 4238//4238 4278//4278 4279//4279
f 4238//4238 4279//4279 4239//4239
f 4239//4239 4279//4279 4280//4280
f 4239//4239 4280//4280 4240//4240
f 4240//4240 4280//4280 4281//4281
f 4240//4240 4281//4281 4241//4241
f 4241//4241 4281//4281 4282//4282
f 4241//4241 4282//4282 4242//4242
f 4242//4242 4282//4282 4283//4283
f 4242//4242 4283//4283 4243//4243
f 4243//4243 4283//4283 4284//4284
f 4243//4243 4284//4284 4244//4244
f 4244//4244 4284//4284 4285//4285
f 4244//4244 4285//4285 4245//4245
f 4245//4245 4285//4285 4286//4286
f 4245//4245 4286//4286 4246//4246
f 4246//4246 4286//4286 4287//4287
f 4246//4246 4287//4287 4247//4247
f 4247//4247 4287//4287 4288//4288
f 4247//4247 4288//4288 4248//4248
f 4248//4248 4288//4288 4289//4289
f 4248//4248 4289//4289 4249//4249
f 4249//4249 4289//4289 4290//4290
f 4249//4249 4290//4290 4250//4250
f 4250//4250 4290//4290 4291//4291
f 4250//4250 4291//4291 4251//4251
f 4251//4251 4291//4291 4292//4292
f 4251//4251 4292//4292 4252//4252
f 4252//4252 4292//4292 4293//4293
f 4252//4252 4293//4293 4253//4253
f 4253//4253 4293//4293 4294//4294
