# Bara Kitchen - metres, +Y up; editable mesh source
mtllib palette.mtl
o station-pot_oakDark
usemtl oakDark
v -0.339434 0.010585 -0.339434
v -0.341667 0.009067 -0.333333
v -0.342678 0.008379 -0.325000
v -0.342678 0.008379 0.325000
v -0.341667 0.009067 0.333333
v -0.339434 0.010585 0.339434
v -0.341667 0.014733 -0.341667
v -0.345412 0.013460 -0.335206
v -0.347361 0.012797 -0.325000
v -0.347361 0.012797 0.325000
v -0.345412 0.013460 0.335206
v -0.341667 0.014733 0.341667
v -0.342678 0.020400 -0.342678
v -0.347361 0.020400 -0.336180
v -0.350000 0.020400 -0.325000
v -0.350000 0.020400 0.325000
v -0.347361 0.020400 0.336180
v -0.342678 0.020400 0.342678
v -0.342678 0.054400 -0.342678
v -0.347361 0.054400 -0.336180
v -0.350000 0.054400 -0.325000
v -0.350000 0.054400 0.325000
v -0.347361 0.054400 0.336180
v -0.342678 0.054400 0.342678
v -0.341667 0.060067 -0.341667
v -0.345412 0.061340 -0.335206
v -0.347361 0.062003 -0.325000
v -0.347361 0.062003 0.325000
v -0.345412 0.061340 0.335206
v -0.341667 0.060067 0.341667
v -0.339434 0.064215 -0.339434
v -0.341667 0.065733 -0.333333
v -0.342678 0.066421 -0.325000
v -0.342678 0.066421 0.325000
v -0.341667 0.065733 0.333333
v -0.339434 0.064215 0.339434
v 0.339434 0.010585 -0.339434
v 0.341667 0.009067 -0.333333
v 0.342678 0.008379 -0.325000
v 0.342678 0.008379 0.325000
v 0.341667 0.009067 0.333333
v 0.339434 0.010585 0.339434
v 0.341667 0.014733 -0.341667
v 0.345412 0.013460 -0.335206
v 0.347361 0.012797 -0.325000
v 0.347361 0.012797 0.325000
v 0.345412 0.013460 0.335206
v 0.341667 0.014733 0.341667
v 0.342678 0.020400 -0.342678
v 0.347361 0.020400 -0.336180
v 0.350000 0.020400 -0.325000
v 0.350000 0.020400 0.325000
v 0.347361 0.020400 0.336180
v 0.342678 0.020400 0.342678
v 0.342678 0.054400 -0.342678
v 0.347361 0.054400 -0.336180
v 0.350000 0.054400 -0.325000
v 0.350000 0.054400 0.325000
v 0.347361 0.054400 0.336180
v 0.342678 0.054400 0.342678
v 0.341667 0.060067 -0.341667
v 0.345412 0.061340 -0.335206
v 0.347361 0.062003 -0.325000
v 0.347361 0.062003 0.325000
v 0.345412 0.061340 0.335206
v 0.341667 0.060067 0.341667
v 0.339434 0.064215 -0.339434
v 0.341667 0.065733 -0.333333
v 0.342678 0.066421 -0.325000
v 0.342678 0.066421 0.325000
v 0.341667 0.065733 0.333333
v 0.339434 0.064215 0.339434
v -0.339434 0.010585 -0.339434
v -0.333333 0.009067 -0.341667
v -0.325000 0.008379 -0.342678
v 0.325000 0.008379 -0.342678
v 0.333333 0.009067 -0.341667
v 0.339434 0.010585 -0.339434
v -0.341667 0.009067 -0.333333
v -0.335206 0.006520 -0.335206
v -0.325000 0.005195 -0.336180
v 0.325000 0.005195 -0.336180
v 0.335206 0.006520 -0.335206
v 0.341667 0.009067 -0.333333
v -0.342678 0.008379 -0.325000
v -0.336180 0.005195 -0.325000
v -0.325000 0.003400 -0.325000
v 0.325000 0.003400 -0.325000
v 0.336180 0.005195 -0.325000
v 0.342678 0.008379 -0.325000
v -0.342678 0.008379 0.325000
v -0.336180 0.005195 0.325000
v -0.325000 0.003400 0.325000
v 0.325000 0.003400 0.325000
v 0.336180 0.005195 0.325000
v 0.342678 0.008379 0.325000
v -0.341667 0.009067 0.333333
v -0.335206 0.006520 0.335206
v -0.325000 0.005195 0.336180
v 0.325000 0.005195 0.336180
v 0.335206 0.006520 0.335206
v 0.341667 0.009067 0.333333
v -0.339434 0.010585 0.339434
v -0.333333 0.009067 0.341667
v -0.325000 0.008379 0.342678
v 0.325000 0.008379 0.342678
v 0.333333 0.009067 0.341667
v 0.339434 0.010585 0.339434
v -0.339434 0.064215 -0.339434
v -0.333333 0.065733 -0.341667
v -0.325000 0.066421 -0.342678
v 0.325000 0.066421 -0.342678
v 0.333333 0.065733 -0.341667
v 0.339434 0.064215 -0.339434
v -0.341667 0.065733 -0.333333
v -0.335206 0.068280 -0.335206
v -0.325000 0.069605 -0.336180
v 0.325000 0.069605 -0.336180
v 0.335206 0.068280 -0.335206
v 0.341667 0.065733 -0.333333
v -0.342678 0.066421 -0.325000
v -0.336180 0.069605 -0.325000
v -0.325000 0.071400 -0.325000
v 0.325000 0.071400 -0.325000
v 0.336180 0.069605 -0.325000
v 0.342678 0.066421 -0.325000
v -0.342678 0.066421 0.325000
v -0.336180 0.069605 0.325000
v -0.325000 0.071400 0.325000
v 0.325000 0.071400 0.325000
v 0.336180 0.069605 0.325000
v 0.342678 0.066421 0.325000
v -0.341667 0.065733 0.333333
v -0.335206 0.068280 0.335206
v -0.325000 0.069605 0.336180
v 0.325000 0.069605 0.336180
v 0.335206 0.068280 0.335206
v 0.341667 0.065733 0.333333
v -0.339434 0.064215 0.339434
v -0.333333 0.065733 0.341667
v -0.325000 0.066421 0.342678
v 0.325000 0.066421 0.342678
v 0.333333 0.065733 0.341667
v 0.339434 0.064215 0.339434
v -0.339434 0.010585 -0.339434
v -0.341667 0.014733 -0.341667
v -0.342678 0.020400 -0.342678
v -0.342678 0.054400 -0.342678
v -0.341667 0.060067 -0.341667
v -0.339434 0.064215 -0.339434
v -0.333333 0.009067 -0.341667
v -0.335206 0.013460 -0.345412
v -0.336180 0.020400 -0.347361
v -0.336180 0.054400 -0.347361
v -0.335206 0.061340 -0.345412
v -0.333333 0.065733 -0.341667
v -0.325000 0.008379 -0.342678
v -0.325000 0.012797 -0.347361
v -0.325000 0.020400 -0.350000
v -0.325000 0.054400 -0.350000
v -0.325000 0.062003 -0.347361
v -0.325000 0.066421 -0.342678
v 0.325000 0.008379 -0.342678
v 0.325000 0.012797 -0.347361
v 0.325000 0.020400 -0.350000
v 0.325000 0.054400 -0.350000
v 0.325000 0.062003 -0.347361
v 0.325000 0.066421 -0.342678
v 0.333333 0.009067 -0.341667
v 0.335206 0.013460 -0.345412
v 0.336180 0.020400 -0.347361
v 0.336180 0.054400 -0.347361
v 0.335206 0.061340 -0.345412
v 0.333333 0.065733 -0.341667
v 0.339434 0.010585 -0.339434
v 0.341667 0.014733 -0.341667
v 0.342678 0.020400 -0.342678
v 0.342678 0.054400 -0.342678
v 0.341667 0.060067 -0.341667
v 0.339434 0.064215 -0.339434
v -0.339434 0.010585 0.339434
v -0.341667 0.014733 0.341667
v -0.342678 0.020400 0.342678
v -0.342678 0.054400 0.342678
v -0.341667 0.060067 0.341667
v -0.339434 0.064215 0.339434
v -0.333333 0.009067 0.341667
v -0.335206 0.013460 0.345412
v -0.336180 0.020400 0.347361
v -0.336180 0.054400 0.347361
v -0.335206 0.061340 0.345412
v -0.333333 0.065733 0.341667
v -0.325000 0.008379 0.342678
v -0.325000 0.012797 0.347361
v -0.325000 0.020400 0.350000
v -0.325000 0.054400 0.350000
v -0.325000 0.062003 0.347361
v -0.325000 0.066421 0.342678
v 0.325000 0.008379 0.342678
v 0.325000 0.012797 0.347361
v 0.325000 0.020400 0.350000
v 0.325000 0.054400 0.350000
v 0.325000 0.062003 0.347361
v 0.325000 0.066421 0.342678
v 0.333333 0.009067 0.341667
v 0.335206 0.013460 0.345412
v 0.336180 0.020400 0.347361
v 0.336180 0.054400 0.347361
v 0.335206 0.061340 0.345412
v 0.333333 0.065733 0.341667
v 0.339434 0.010585 0.339434
v 0.341667 0.014733 0.341667
v 0.342678 0.020400 0.342678
v 0.342678 0.054400 0.342678
v 0.341667 0.060067 0.341667
v 0.339434 0.064215 0.339434
vn -0.490135 -0.720787 -0.490135
vn -0.534082 -0.785415 -0.312858
vn -0.562305 -0.826919 -0.004148
vn -0.562310 -0.826926 0.000869
vn -0.549577 -0.808201 0.211606
vn -0.496038 -0.729467 0.470983
vn -0.603891 -0.520222 -0.603891
vn -0.796314 -0.500194 -0.340132
vn -0.809235 -0.587474 -0.003463
vn -0.890912 -0.454169 0.002435
vn -0.833341 -0.457092 0.310822
vn -0.642635 -0.441589 0.626115
vn -0.705098 -0.075326 -0.705098
vn -0.905016 -0.060655 -0.421030
vn -0.994472 -0.104832 -0.006045
vn -0.999365 -0.035544 0.002507
vn -0.939519 -0.042797 0.339813
vn -0.730640 -0.040959 0.681533
vn -0.706974 0.019405 -0.706974
vn -0.939519 0.042797 -0.339813
vn -0.999365 0.035544 -0.002507
vn -0.994472 0.104832 0.006045
vn -0.905016 0.060655 0.421030
vn -0.681533 0.040959 0.730640
vn -0.656445 0.371698 -0.656445
vn -0.833341 0.457092 -0.310822
vn -0.890912 0.454169 -0.002435
vn -0.809235 0.587474 0.003463
vn -0.796314 0.500194 0.340132
vn -0.626115 0.441589 0.642635
vn -0.503175 0.702588 -0.503175
vn -0.552899 0.792186 -0.258350
vn -0.602631 0.798017 -0.002013
vn -0.522200 0.852821 0.001938
vn -0.533893 0.805851 0.256051
vn -0.470983 0.729467 0.496038
vn 0.470983 -0.729467 -0.496038
vn 0.533893 -0.805851 -0.256051
vn 0.522200 -0.852821 -0.001938
vn 0.602631 -0.798017 0.002013
vn 0.552899 -0.792186 0.258350
vn 0.503175 -0.702588 0.503175
vn 0.626115 -0.441589 -0.642635
vn 0.796314 -0.500194 -0.340132
vn 0.809235 -0.587474 -0.003463
vn 0.890912 -0.454169 0.002435
vn 0.833341 -0.457092 0.310822
vn 0.656445 -0.371698 0.656445
vn 0.681533 -0.040959 -0.730640
vn 0.905016 -0.060655 -0.421030
vn 0.994472 -0.104832 -0.006045
vn 0.999365 -0.035544 0.002507
vn 0.939519 -0.042797 0.339813
vn 0.706974 -0.019405 0.706974
vn 0.730640 0.040959 -0.681533
vn 0.939519 0.042797 -0.339813
vn 0.999365 0.035544 -0.002507
vn 0.994472 0.104832 0.006045
vn 0.905016 0.060655 0.421030
vn 0.705098 0.075326 0.705098
vn 0.642635 0.441589 -0.626115
vn 0.833341 0.457092 -0.310822
vn 0.890912 0.454169 -0.002435
vn 0.809235 0.587474 0.003463
vn 0.796314 0.500194 0.340132
vn 0.603891 0.520222 0.603891
vn 0.496038 0.729467 -0.470983
vn 0.549577 0.808201 -0.211606
vn 0.562310 0.826926 -0.000869
vn 0.562305 0.826919 0.004148
vn 0.534082 0.785415 0.312858
vn 0.490135 0.720787 0.490135
vn -0.490135 -0.720787 -0.490135
vn -0.312858 -0.785415 -0.534082
vn -0.004148 -0.826919 -0.562305
vn 0.000869 -0.826926 -0.562310
vn 0.211606 -0.808201 -0.549577
vn 0.470983 -0.729467 -0.496038
vn -0.534082 -0.785415 -0.312858
vn -0.268668 -0.925005 -0.268668
vn -0.002759 -0.948009 -0.318232
vn 0.001809 -0.973323 -0.229434
vn 0.238736 -0.941281 -0.238736
vn 0.533893 -0.805851 -0.256051
vn -0.562305 -0.826919 -0.004148
vn -0.318232 -0.948009 -0.002759
vn -0.005210 -0.999973 -0.005210
vn 0.001397 -0.999998 -0.001397
vn 0.229434 -0.973323 -0.001809
vn 0.522200 -0.852821 -0.001938
vn -0.562310 -0.826926 0.000869
vn -0.229434 -0.973323 0.001809
vn -0.001397 -0.999998 0.001397
vn 0.005210 -0.999973 0.005210
vn 0.318232 -0.948009 0.002759
vn 0.602631 -0.798017 0.002013
vn -0.549577 -0.808201 0.211606
vn -0.238736 -0.941281 0.238736
vn -0.001809 -0.973323 0.229434
vn 0.002759 -0.948009 0.318232
vn 0.268668 -0.925005 0.268668
vn 0.552899 -0.792186 0.258350
vn -0.496038 -0.729467 0.470983
vn -0.256051 -0.805851 0.533893
vn -0.001938 -0.852821 0.522200
vn 0.002013 -0.798017 0.602631
vn 0.258350 -0.792186 0.552899
vn 0.503175 -0.702588 0.503175
vn -0.503175 0.702588 -0.503175
vn -0.258350 0.792186 -0.552899
vn -0.002013 0.798017 -0.602631
vn 0.001938 0.852821 -0.522200
vn 0.256051 0.805851 -0.533893
vn 0.496038 0.729467 -0.470983
vn -0.552899 0.792186 -0.258350
vn -0.268668 0.925005 -0.268668
vn -0.002759 0.948009 -0.318232
vn 0.001809 0.973323 -0.229434
vn 0.238736 0.941281 -0.238736
vn 0.549577 0.808201 -0.211606
vn -0.602631 0.798017 -0.002013
vn -0.318232 0.948009 -0.002759
vn -0.005210 0.999973 -0.005210
vn 0.001397 0.999998 -0.001397
vn 0.229434 0.973323 -0.001809
vn 0.562310 0.826926 -0.000869
vn -0.522200 0.852821 0.001938
vn -0.229434 0.973323 0.001809
vn -0.001397 0.999998 0.001397
vn 0.005210 0.999973 0.005210
vn 0.318232 0.948009 0.002759
vn 0.562305 0.826919 0.004148
vn -0.533893 0.805851 0.256051
vn -0.238736 0.941281 0.238736
vn -0.001809 0.973323 0.229434
vn 0.002759 0.948009 0.318232
vn 0.268668 0.925005 0.268668
vn 0.534082 0.785415 0.312858
vn -0.470983 0.729467 0.496038
vn -0.211606 0.808201 0.549577
vn -0.000869 0.826926 0.562310
vn 0.004148 0.826919 0.562305
vn 0.312858 0.785415 0.534082
vn 0.490135 0.720787 0.490135
vn -0.490135 -0.720787 -0.490135
vn -0.603891 -0.520222 -0.603891
vn -0.705098 -0.075326 -0.705098
vn -0.706974 0.019405 -0.706974
vn -0.656445 0.371698 -0.656445
vn -0.503175 0.702588 -0.503175
vn -0.312858 -0.785415 -0.534082
vn -0.340132 -0.500194 -0.796314
vn -0.421030 -0.060655 -0.905016
vn -0.339813 0.042797 -0.939519
vn -0.310822 0.457092 -0.833341
vn -0.258350 0.792186 -0.552899
vn -0.004148 -0.826919 -0.562305
vn -0.003463 -0.587474 -0.809235
vn -0.006045 -0.104832 -0.994472
vn -0.002507 0.035544 -0.999365
vn -0.002435 0.454169 -0.890912
vn -0.002013 0.798017 -0.602631
vn 0.000869 -0.826926 -0.562310
vn 0.002435 -0.454169 -0.890912
vn 0.002507 -0.035544 -0.999365
vn 0.006045 0.104832 -0.994472
vn 0.003463 0.587474 -0.809235
vn 0.001938 0.852821 -0.522200
vn 0.211606 -0.808201 -0.549577
vn 0.310822 -0.457092 -0.833341
vn 0.339813 -0.042797 -0.939519
vn 0.421030 0.060655 -0.905016
vn 0.340132 0.500194 -0.796314
vn 0.256051 0.805851 -0.533893
vn 0.470983 -0.729467 -0.496038
vn 0.626115 -0.441589 -0.642635
vn 0.681533 -0.040959 -0.730640
vn 0.730640 0.040959 -0.681533
vn 0.642635 0.441589 -0.626115
vn 0.496038 0.729467 -0.470983
vn -0.496038 -0.729467 0.470983
vn -0.642635 -0.441589 0.626115
vn -0.730640 -0.040959 0.681533
vn -0.681533 0.040959 0.730640
vn -0.626115 0.441589 0.642635
vn -0.470983 0.729467 0.496038
vn -0.256051 -0.805851 0.533893
vn -0.340132 -0.500194 0.796314
vn -0.421030 -0.060655 0.905016
vn -0.339813 0.042797 0.939519
vn -0.310822 0.457092 0.833341
vn -0.211606 0.808201 0.549577
vn -0.001938 -0.852821 0.522200
vn -0.003463 -0.587474 0.809235
vn -0.006045 -0.104832 0.994472
vn -0.002507 0.035544 0.999365
vn -0.002435 0.454169 0.890912
vn -0.000869 0.826926 0.562310
vn 0.002013 -0.798017 0.602631
vn 0.002435 -0.454169 0.890912
vn 0.002507 -0.035544 0.999365
vn 0.006045 0.104832 0.994472
vn 0.003463 0.587474 0.809235
vn 0.004148 0.826919 0.562305
vn 0.258350 -0.792186 0.552899
vn 0.310822 -0.457092 0.833341
vn 0.339813 -0.042797 0.939519
vn 0.421030 0.060655 0.905016
vn 0.340132 0.500194 0.796314
vn 0.312858 0.785415 0.534082
vn 0.503175 -0.702588 0.503175
vn 0.656445 -0.371698 0.656445
vn 0.706974 -0.019405 0.706974
vn 0.705098 0.075326 0.705098
vn 0.603891 0.520222 0.603891
vn 0.490135 0.720787 0.490135
f 2//2 7//7 1//1
f 8//8 7//7 2//2
f 3//3 8//8 2//2
f 9//9 8//8 3//3
f 4//4 9//9 3//3
f 10//10 9//9 4//4
f 5//5 10//10 4//4
f 11//11 10//10 5//5
f 6//6 11//11 5//5
f 12//12 11//11 6//6
f 8//8 13//13 7//7
f 14//14 13//13 8//8
f 9//9 14//14 8//8
f 15//15 14//14 9//9
f 10//10 15//15 9//9
f 16//16 15//15 10//10
f 11//11 16//16 10//10
f 17//17 16//16 11//11
f 12//12 17//17 11//11
f 18//18 17//17 12//12
f 14//14 19//19 13//13
f 20//20 19//19 14//14
f 15//15 20//20 14//14
f 21//21 20//20 15//15
f 16//16 21//21 15//15
f 22//22 21//21 16//16
f 17//17 22//22 16//16
f 23//23 22//22 17//17
f 18//18 23//23 17//17
f 24//24 23//23 18//18
f 20//20 25//25 19//19
f 26//26 25//25 20//20
f 21//21 26//26 20//20
f 27//27 26//26 21//21
f 22//22 27//27 21//21
f 28//28 27//27 22//22
f 23//23 28//28 22//22
f 29//29 28//28 23//23
f 24//24 29//29 23//23
f 30//30 29//29 24//24
f 26//26 31//31 25//25
f 32//32 31//31 26//26
f 27//27 32//32 26//26
f 33//33 32//32 27//27
f 28//28 33//33 27//27
f 34//34 33//33 28//28
f 29//29 34//34 28//28
f 35//35 34//34 29//29
f 30//30 35//35 29//29
f 36//36 35//35 30//30
f 37//37 43//43 38//38
f 38//38 43//43 44//44
f 38//38 44//44 39//39
f 39//39 44//44 45//45
f 39//39 45//45 40//40
f 40//40 45//45 46//46
f 40//40 46//46 41//41
f 41//41 46//46 47//47
f 41//41 47//47 42//42
f 42//42 47//47 48//48
f 43//43 49//49 44//44
f 44//44 49//49 50//50
f 44//44 50//50 45//45
f 45//45 50//50 51//51
f 45//45 51//51 46//46
f 46//46 51//51 52//52
f 46//46 52//52 47//47
f 47//47 52//52 53//53
f 47//47 53//53 48//48
f 48//48 53//53 54//54
f 49//49 55//55 50//50
f 50//50 55//55 56//56
f 50//50 56//56 51//51
f 51//51 56//56 57//57
f 51//51 57//57 52//52
f 52//52 57//57 58//58
f 52//52 58//58 53//53
f 53//53 58//58 59//59
f 53//53 59//59 54//54
f 54//54 59//59 60//60
f 55//55 61//61 56//56
f 56//56 61//61 62//62
f 56//56 62//62 57//57
f 57//57 62//62 63//63
f 57//57 63//63 58//58
f 58//58 63//63 64//64
f 58//58 64//64 59//59
f 59//59 64//64 65//65
f 59//59 65//65 60//60
f 60//60 65//65 66//66
f 61//61 67//67 62//62
f 62//62 67//67 68//68
f 62//62 68//68 63//63
f 63//63 68//68 69//69
f 63//63 69//69 64//64
f 64//64 69//69 70//70
f 64//64 70//70 65//65
f 65//65 70//70 71//71
f 65//65 71//71 66//66
f 66//66 71//71 72//72
f 74//74 79//79 73//73
f 80//80 79//79 74//74
f 75//75 80//80 74//74
f 81//81 80//80 75//75
f 76//76 81//81 75//75
f 82//82 81//81 76//76
f 77//77 82//82 76//76
f 83//83 82//82 77//77
f 78//78 83//83 77//77
f 84//84 83//83 78//78
f 80//80 85//85 79//79
f 86//86 85//85 80//80
f 81//81 86//86 80//80
f 87//87 86//86 81//81
f 82//82 87//87 81//81
f 88//88 87//87 82//82
f 83//83 88//88 82//82
f 89//89 88//88 83//83
f 84//84 89//89 83//83
f 90//90 89//89 84//84
f 86//86 91//91 85//85
f 92//92 91//91 86//86
f 87//87 92//92 86//86
f 93//93 92//92 87//87
f 88//88 93//93 87//87
f 94//94 93//93 88//88
f 89//89 94//94 88//88
f 95//95 94//94 89//89
f 90//90 95//95 89//89
f 96//96 95//95 90//90
f 92//92 97//97 91//91
f 98//98 97//97 92//92
f 93//93 98//98 92//92
f 99//99 98//98 93//93
f 94//94 99//99 93//93
f 100//100 99//99 94//94
f 95//95 100//100 94//94
f 101//101 100//100 95//95
f 96//96 101//101 95//95
f 102//102 101//101 96//96
f 98//98 103//103 97//97
f 104//104 103//103 98//98
f 99//99 104//104 98//98
f 105//105 104//104 99//99
f 100//100 105//105 99//99
f 106//106 105//105 100//100
f 101//101 106//106 100//100
f 107//107 106//106 101//101
f 102//102 107//107 101//101
f 108//108 107//107 102//102
f 109//109 115//115 110//110
f 110//110 115//115 116//116
f 110//110 116//116 111//111
f 111//111 116//116 117//117
f 111//111 117//117 112//112
f 112//112 117//117 118//118
f 112//112 118//118 113//113
f 113//113 118//118 119//119
f 113//113 119//119 114//114
f 114//114 119//119 120//120
f 115//115 121//121 116//116
f 116//116 121//121 122//122
f 116//116 122//122 117//117
f 117//117 122//122 123//123
f 117//117 123//123 118//118
f 118//118 123//123 124//124
f 118//118 124//124 119//119
f 119//119 124//124 125//125
f 119//119 125//125 120//120
f 120//120 125//125 126//126
f 121//121 127//127 122//122
f 122//122 127//127 128//128
f 122//122 128//128 123//123
f 123//123 128//128 129//129
f 123//123 129//129 124//124
f 124//124 129//129 130//130
f 124//124 130//130 125//125
f 125//125 130//130 131//131
f 125//125 131//131 126//126
f 126//126 131//131 132//132
f 127//127 133//133 128//128
f 128//128 133//133 134//134
f 128//128 134//134 129//129
f 129//129 134//134 135//135
f 129//129 135//135 130//130
f 130//130 135//135 136//136
f 130//130 136//136 131//131
f 131//131 136//136 137//137
f 131//131 137//137 132//132
f 132//132 137//137 138//138
f 133//133 139//139 134//134
f 134//134 139//139 140//140
f 134//134 140//140 135//135
f 135//135 140//140 141//141
f 135//135 141//141 136//136
f 136//136 141//141 142//142
f 136//136 142//142 137//137
f 137//137 142//142 143//143
f 137//137 143//143 138//138
f 138//138 143//143 144//144
f 146//146 151//151 145//145
f 152//152 151//151 146//146
f 147//147 152//152 146//146
f 153//153 152//152 147//147
f 148//148 153//153 147//147
f 154//154 153//153 148//148
f 149//149 154//154 148//148
f 155//155 154//154 149//149
f 150//150 155//155 149//149
f 156//156 155//155 150//150
f 152//152 157//157 151//151
f 158//158 157//157 152//152
f 153//153 158//158 152//152
f 159//159 158//158 153//153
f 154//154 159//159 153//153
f 160//160 159//159 154//154
f 155//155 160//160 154//154
f 161//161 160//160 155//155
f 156//156 161//161 155//155
f 162//162 161//161 156//156
f 158//158 163//163 157//157
f 164//164 163//163 158//158
f 159//159 164//164 158//158
f 165//165 164//164 159//159
f 160//160 165//165 159//159
f 166//166 165//165 160//160
f 161//161 166//166 160//160
f 167//167 166//166 161//161
f 162//162 167//167 161//161
f 168//168 167//167 162//162
f 164//164 169//169 163//163
f 170//170 169//169 164//164
f 165//165 170//170 164//164
f 171//171 170//170 165//165
f 166//166 171//171 165//165
f 172//172 171//171 166//166
f 167//167 172//172 166//166
f 173//173 172//172 167//167
f 168//168 173//173 167//167
f 174//174 173//173 168//168
f 170//170 175//175 169//169
f 176//176 175//175 170//170
f 171//171 176//176 170//170
f 177//177 176//176 171//171
f 172//172 177//177 171//171
f 178//178 177//177 172//172
f 173//173 178//178 172//172
f 179//179 178//178 173//173
f 174//174 179//179 173//173
f 180//180 179//179 174//174
f 181//181 187//187 182//182
f 182//182 187//187 188//188
f 182//182 188//188 183//183
f 183//183 188//188 189//189
f 183//183 189//189 184//184
f 184//184 189//189 190//190
f 184//184 190//190 185//185
f 185//185 190//190 191//191
f 185//185 191//191 186//186
f 186//186 191//191 192//192
f 187//187 193//193 188//188
f 188//188 193//193 194//194
f 188//188 194//194 189//189
f 189//189 194//194 195//195
f 189//189 195//195 190//190
f 190//190 195//195 196//196
f 190//190 196//196 191//191
f 191//191 196//196 197//197
f 191//191 197//197 192//192
f 192//192 197//197 198//198
f 193//193 199//199 194//194
f 194//194 199//199 200//200
f 194//194 200//200 195//195
f 195//195 200//200 201//201
f 195//195 201//201 196//196
f 196//196 201//201 202//202
f 196//196 202//202 197//197
f 197//197 202//202 203//203
f 197//197 203//203 198//198
f 198//198 203//203 204//204
f 199//199 205//205 200//200
f 200//200 205//205 206//206
f 200//200 206//206 201//201
f 201//201 206//206 207//207
f 201//201 207//207 202//202
f 202//202 207//207 208//208
f 202//202 208//208 203//203
f 203//203 208//208 209//209
f 203//203 209//209 204//204
f 204//204 209//209 210//210
f 205//205 211//211 206//206
f 206//206 211//211 212//212
f 206//206 212//212 207//207
f 207//207 212//212 213//213
f 207//207 213//213 208//208
f 208//208 213//213 214//214
f 208//208 214//214 209//209
f 209//209 214//214 215//215
f 209//209 215//215 210//210
f 210//210 215//215 216//216
o station-pot_teal
usemtl teal
v -0.350207 0.057659 -0.340207
v -0.353333 0.055533 -0.331667
v -0.354749 0.054571 -0.320000
v -0.354749 0.054571 0.320000
v -0.353333 0.055533 0.331667
v -0.350207 0.057659 0.340207
v -0.353333 0.063467 -0.343333
v -0.358577 0.061684 -0.334289
v -0.361305 0.060756 -0.320000
v -0.361305 0.060756 0.320000
v -0.358577 0.061684 0.334289
v -0.353333 0.063467 0.343333
v -0.354749 0.071400 -0.344749
v -0.361305 0.071400 -0.335652
v -0.365000 0.071400 -0.320000
v -0.365000 0.071400 0.320000
v -0.361305 0.071400 0.335652
v -0.354749 0.071400 0.344749
v -0.354749 0.323000 -0.344749
v -0.361305 0.323000 -0.335652
v -0.365000 0.323000 -0.320000
v -0.365000 0.323000 0.320000
v -0.361305 0.323000 0.335652
v -0.354749 0.323000 0.344749
v -0.353333 0.330933 -0.343333
v -0.358577 0.332716 -0.334289
v -0.361305 0.333644 -0.320000
v -0.361305 0.333644 0.320000
v -0.358577 0.332716 0.334289
v -0.353333 0.330933 0.343333
v -0.350207 0.336741 -0.340207
v -0.353333 0.338867 -0.331667
v -0.354749 0.339829 -0.320000
v -0.354749 0.339829 0.320000
v -0.353333 0.338867 0.331667
v -0.350207 0.336741 0.340207
v 0.350207 0.057659 -0.340207
v 0.353333 0.055533 -0.331667
v 0.354749 0.054571 -0.320000
v 0.354749 0.054571 0.320000
v 0.353333 0.055533 0.331667
v 0.350207 0.057659 0.340207
v 0.353333 0.063467 -0.343333
v 0.358577 0.061684 -0.334289
v 0.361305 0.060756 -0.320000
v 0.361305 0.060756 0.320000
v 0.358577 0.061684 0.334289
v 0.353333 0.063467 0.343333
v 0.354749 0.071400 -0.344749
v 0.361305 0.071400 -0.335652
v 0.365000 0.071400 -0.320000
v 0.365000 0.071400 0.320000
v 0.361305 0.071400 0.335652
v 0.354749 0.071400 0.344749
v 0.354749 0.323000 -0.344749
v 0.361305 0.323000 -0.335652
v 0.365000 0.323000 -0.320000
v 0.365000 0.323000 0.320000
v 0.361305 0.323000 0.335652
v 0.354749 0.323000 0.344749
v 0.353333 0.330933 -0.343333
v 0.358577 0.332716 -0.334289
v 0.361305 0.333644 -0.320000
v 0.361305 0.333644 0.320000
v 0.358577 0.332716 0.334289
v 0.353333 0.330933 0.343333
v 0.350207 0.336741 -0.340207
v 0.353333 0.338867 -0.331667
v 0.354749 0.339829 -0.320000
v 0.354749 0.339829 0.320000
v 0.353333 0.338867 0.331667
v 0.350207 0.336741 0.340207
v -0.350207 0.057659 -0.340207
v -0.341667 0.055533 -0.343333
v -0.330000 0.054571 -0.344749
v 0.330000 0.054571 -0.344749
v 0.341667 0.055533 -0.343333
v 0.350207 0.057659 -0.340207
v -0.353333 0.055533 -0.331667
v -0.344289 0.051967 -0.334289
v -0.330000 0.050113 -0.335652
v 0.330000 0.050113 -0.335652
v 0.344289 0.051967 -0.334289
v 0.353333 0.055533 -0.331667
v -0.354749 0.054571 -0.320000
v -0.345652 0.050113 -0.320000
v -0.330000 0.047600 -0.320000
v 0.330000 0.047600 -0.320000
v 0.345652 0.050113 -0.320000
v 0.354749 0.054571 -0.320000
v -0.354749 0.054571 0.320000
v -0.345652 0.050113 0.320000
v -0.330000 0.047600 0.320000
v 0.330000 0.047600 0.320000
v 0.345652 0.050113 0.320000
v 0.354749 0.054571 0.320000
v -0.353333 0.055533 0.331667
v -0.344289 0.051967 0.334289
v -0.330000 0.050113 0.335652
v 0.330000 0.050113 0.335652
v 0.344289 0.051967 0.334289
v 0.353333 0.055533 0.331667
v -0.350207 0.057659 0.340207
v -0.341667 0.055533 0.343333
v -0.330000 0.054571 0.344749
v 0.330000 0.054571 0.344749
v 0.341667 0.055533 0.343333
v 0.350207 0.057659 0.340207
v -0.350207 0.336741 -0.340207
v -0.341667 0.338867 -0.343333
v -0.330000 0.339829 -0.344749
v 0.330000 0.339829 -0.344749
v 0.341667 0.338867 -0.343333
v 0.350207 0.336741 -0.340207
v -0.353333 0.338867 -0.331667
v -0.344289 0.342433 -0.334289
v -0.330000 0.344287 -0.335652
v 0.330000 0.344287 -0.335652
v 0.344289 0.342433 -0.334289
v 0.353333 0.338867 -0.331667
v -0.354749 0.339829 -0.320000
v -0.345652 0.344287 -0.320000
v -0.330000 0.346800 -0.320000
v 0.330000 0.346800 -0.320000
v 0.345652 0.344287 -0.320000
v 0.354749 0.339829 -0.320000
v -0.354749 0.339829 0.320000
v -0.345652 0.344287 0.320000
v -0.330000 0.346800 0.320000
v 0.330000 0.346800 0.320000
v 0.345652 0.344287 0.320000
v 0.354749 0.339829 0.320000
v -0.353333 0.338867 0.331667
v -0.344289 0.342433 0.334289
v -0.330000 0.344287 0.335652
v 0.330000 0.344287 0.335652
v 0.344289 0.342433 0.334289
v 0.353333 0.338867 0.331667
v -0.350207 0.336741 0.340207
v -0.341667 0.338867 0.343333
v -0.330000 0.339829 0.344749
v 0.330000 0.339829 0.344749
v 0.341667 0.338867 0.343333
v 0.350207 0.336741 0.340207
v -0.350207 0.057659 -0.340207
v -0.353333 0.063467 -0.343333
v -0.354749 0.071400 -0.344749
v -0.354749 0.323000 -0.344749
v -0.353333 0.330933 -0.343333
v -0.350207 0.336741 -0.340207
v -0.341667 0.055533 -0.343333
v -0.344289 0.061684 -0.348577
v -0.345652 0.071400 -0.351305
v -0.345652 0.323000 -0.351305
v -0.344289 0.332716 -0.348577
v -0.341667 0.338867 -0.343333
v -0.330000 0.054571 -0.344749
v -0.330000 0.060756 -0.351305
v -0.330000 0.071400 -0.355000
v -0.330000 0.323000 -0.355000
v -0.330000 0.333644 -0.351305
v -0.330000 0.339829 -0.344749
v 0.330000 0.054571 -0.344749
v 0.330000 0.060756 -0.351305
v 0.330000 0.071400 -0.355000
v 0.330000 0.323000 -0.355000
v 0.330000 0.333644 -0.351305
v 0.330000 0.339829 -0.344749
v 0.341667 0.055533 -0.343333
v 0.344289 0.061684 -0.348577
v 0.345652 0.071400 -0.351305
v 0.345652 0.323000 -0.351305
v 0.344289 0.332716 -0.348577
v 0.341667 0.338867 -0.343333
v 0.350207 0.057659 -0.340207
v 0.353333 0.063467 -0.343333
v 0.354749 0.071400 -0.344749
v 0.354749 0.323000 -0.344749
v 0.353333 0.330933 -0.343333
v 0.350207 0.336741 -0.340207
v -0.350207 0.057659 0.340207
v -0.353333 0.063467 0.343333
v -0.354749 0.071400 0.344749
v -0.354749 0.323000 0.344749
v -0.353333 0.330933 0.343333
v -0.350207 0.336741 0.340207
v -0.341667 0.055533 0.343333
v -0.344289 0.061684 0.348577
v -0.345652 0.071400 0.351305
v -0.345652 0.323000 0.351305
v -0.344289 0.332716 0.348577
v -0.341667 0.338867 0.343333
v -0.330000 0.054571 0.344749
v -0.330000 0.060756 0.351305
v -0.330000 0.071400 0.355000
v -0.330000 0.323000 0.355000
v -0.330000 0.333644 0.351305
v -0.330000 0.339829 0.344749
v 0.330000 0.054571 0.344749
v 0.330000 0.060756 0.351305
v 0.330000 0.071400 0.355000
v 0.330000 0.323000 0.355000
v 0.330000 0.333644 0.351305
v 0.330000 0.339829 0.344749
v 0.341667 0.055533 0.343333
v 0.344289 0.061684 0.348577
v 0.345652 0.071400 0.351305
v 0.345652 0.323000 0.351305
v 0.344289 0.332716 0.348577
v 0.341667 0.338867 0.343333
v 0.350207 0.057659 0.340207
v 0.353333 0.063467 0.343333
v 0.354749 0.071400 0.344749
v 0.354749 0.323000 0.344749
v 0.353333 0.330933 0.343333
v 0.350207 0.336741 0.340207
v -0.325907 0.099683 0.358593
v -0.326667 0.099167 0.360667
v -0.327010 0.098933 0.363500
v -0.327010 0.098933 0.366500
v -0.326667 0.099167 0.369333
v -0.325907 0.099683 0.371407
v -0.326667 0.101093 0.357833
v -0.327940 0.100660 0.360030
v -0.328603 0.100435 0.363500
v -0.328603 0.100435 0.366500
v -0.327940 0.100660 0.369970
v -0.326667 0.101093 0.372167
v -0.327010 0.103020 0.357490
v -0.328603 0.103020 0.359699
v -0.329500 0.103020 0.363500
v -0.329500 0.103020 0.366500
v -0.328603 0.103020 0.370301
v -0.327010 0.103020 0.372510
v -0.327010 0.302260 0.357490
v -0.328603 0.302260 0.359699
v -0.329500 0.302260 0.363500
v -0.329500 0.302260 0.366500
v -0.328603 0.302260 0.370301
v -0.327010 0.302260 0.372510
v -0.326667 0.304187 0.357833
v -0.327940 0.304620 0.360030
v -0.328603 0.304845 0.363500
v -0.328603 0.304845 0.366500
v -0.327940 0.304620 0.369970
v -0.326667 0.304187 0.372167
v -0.325907 0.305597 0.358593
v -0.326667 0.306113 0.360667
v -0.327010 0.306347 0.363500
v -0.327010 0.306347 0.366500
v -0.326667 0.306113 0.369333
v -0.325907 0.305597 0.371407
v -0.018093 0.099683 0.358593
v -0.017333 0.099167 0.360667
v -0.016990 0.098933 0.363500
v -0.016990 0.098933 0.366500
v -0.017333 0.099167 0.369333
v -0.018093 0.099683 0.371407
v -0.017333 0.101093 0.357833
v -0.016060 0.100660 0.360030
v -0.015397 0.100435 0.363500
v -0.015397 0.100435 0.366500
v -0.016060 0.100660 0.369970
v -0.017333 0.101093 0.372167
v -0.016990 0.103020 0.357490
v -0.015397 0.103020 0.359699
v -0.014500 0.103020 0.363500
v -0.014500 0.103020 0.366500
v -0.015397 0.103020 0.370301
v -0.016990 0.103020 0.372510
v -0.016990 0.302260 0.357490
v -0.015397 0.302260 0.359699
v -0.014500 0.302260 0.363500
v -0.014500 0.302260 0.366500
v -0.015397 0.302260 0.370301
v -0.016990 0.302260 0.372510
v -0.017333 0.304187 0.357833
v -0.016060 0.304620 0.360030
v -0.015397 0.304845 0.363500
v -0.015397 0.304845 0.366500
v -0.016060 0.304620 0.369970
v -0.017333 0.304187 0.372167
v -0.018093 0.305597 0.358593
v -0.017333 0.306113 0.360667
v -0.016990 0.306347 0.363500
v -0.016990 0.306347 0.366500
v -0.017333 0.306113 0.369333
v -0.018093 0.305597 0.371407
v -0.325907 0.099683 0.358593
v -0.323833 0.099167 0.357833
v -0.321000 0.098933 0.357490
v -0.023000 0.098933 0.357490
v -0.020167 0.099167 0.357833
v -0.018093 0.099683 0.358593
v -0.326667 0.099167 0.360667
v -0.324470 0.098301 0.360030
v -0.321000 0.097850 0.359699
v -0.023000 0.097850 0.359699
v -0.019530 0.098301 0.360030
v -0.017333 0.099167 0.360667
v -0.327010 0.098933 0.363500
v -0.324801 0.097850 0.363500
v -0.321000 0.097240 0.363500
v -0.023000 0.097240 0.363500
v -0.019199 0.097850 0.363500
v -0.016990 0.098933 0.363500
v -0.327010 0.098933 0.366500
v -0.324801 0.097850 0.366500
v -0.321000 0.097240 0.366500
v -0.023000 0.097240 0.366500
v -0.019199 0.097850 0.366500
v -0.016990 0.098933 0.366500
v -0.326667 0.099167 0.369333
v -0.324470 0.098301 0.369970
v -0.321000 0.097850 0.370301
v -0.023000 0.097850 0.370301
v -0.019530 0.098301 0.369970
v -0.017333 0.099167 0.369333
v -0.325907 0.099683 0.371407
v -0.323833 0.099167 0.372167
v -0.321000 0.098933 0.372510
v -0.023000 0.098933 0.372510
v -0.020167 0.099167 0.372167
v -0.018093 0.099683 0.371407
v -0.325907 0.305597 0.358593
v -0.323833 0.306113 0.357833
v -0.321000 0.306347 0.357490
v -0.023000 0.306347 0.357490
v -0.020167 0.306113 0.357833
v -0.018093 0.305597 0.358593
v -0.326667 0.306113 0.360667
v -0.324470 0.306979 0.360030
v -0.321000 0.307430 0.359699
v -0.023000 0.307430 0.359699
v -0.019530 0.306979 0.360030
v -0.017333 0.306113 0.360667
v -0.327010 0.306347 0.363500
v -0.324801 0.307430 0.363500
v -0.321000 0.308040 0.363500
v -0.023000 0.308040 0.363500
v -0.019199 0.307430 0.363500
v -0.016990 0.306347 0.363500
v -0.327010 0.306347 0.366500
v -0.324801 0.307430 0.366500
v -0.321000 0.308040 0.366500
v -0.023000 0.308040 0.366500
v -0.019199 0.307430 0.366500
v -0.016990 0.306347 0.366500
v -0.326667 0.306113 0.369333
v -0.324470 0.306979 0.369970
v -0.321000 0.307430 0.370301
v -0.023000 0.307430 0.370301
v -0.019530 0.306979 0.369970
v -0.017333 0.306113 0.369333
v -0.325907 0.305597 0.371407
v -0.323833 0.306113 0.372167
v -0.321000 0.306347 0.372510
v -0.023000 0.306347 0.372510
v -0.020167 0.306113 0.372167
v -0.018093 0.305597 0.371407
v -0.325907 0.099683 0.358593
v -0.326667 0.101093 0.357833
v -0.327010 0.103020 0.357490
v -0.327010 0.302260 0.357490
v -0.326667 0.304187 0.357833
v -0.325907 0.305597 0.358593
v -0.323833 0.099167 0.357833
v -0.324470 0.100660 0.356560
v -0.324801 0.103020 0.355897
v -0.324801 0.302260 0.355897
v -0.324470 0.304620 0.356560
v -0.323833 0.306113 0.357833
v -0.321000 0.098933 0.357490
v -0.321000 0.100435 0.355897
v -0.321000 0.103020 0.355000
v -0.321000 0.302260 0.355000
v -0.321000 0.304845 0.355897
v -0.321000 0.306347 0.357490
v -0.023000 0.098933 0.357490
v -0.023000 0.100435 0.355897
v -0.023000 0.103020 0.355000
v -0.023000 0.302260 0.355000
v -0.023000 0.304845 0.355897
v -0.023000 0.306347 0.357490
v -0.020167 0.099167 0.357833
v -0.019530 0.100660 0.356560
v -0.019199 0.103020 0.355897
v -0.019199 0.302260 0.355897
v -0.019530 0.304620 0.356560
v -0.020167 0.306113 0.357833
v -0.018093 0.099683 0.358593
v -0.017333 0.101093 0.357833
v -0.016990 0.103020 0.357490
v -0.016990 0.302260 0.357490
v -0.017333 0.304187 0.357833
v -0.018093 0.305597 0.358593
v -0.325907 0.099683 0.371407
v -0.326667 0.101093 0.372167
v -0.327010 0.103020 0.372510
v -0.327010 0.302260 0.372510
v -0.326667 0.304187 0.372167
v -0.325907 0.305597 0.371407
v -0.323833 0.099167 0.372167
v -0.324470 0.100660 0.373440
v -0.324801 0.103020 0.374103
v -0.324801 0.302260 0.374103
v -0.324470 0.304620 0.373440
v -0.323833 0.306113 0.372167
v -0.321000 0.098933 0.372510
v -0.321000 0.100435 0.374103
v -0.321000 0.103020 0.375000
v -0.321000 0.302260 0.375000
v -0.321000 0.304845 0.374103
v -0.321000 0.306347 0.372510
v -0.023000 0.098933 0.372510
v -0.023000 0.100435 0.374103
v -0.023000 0.103020 0.375000
v -0.023000 0.302260 0.375000
v -0.023000 0.304845 0.374103
v -0.023000 0.306347 0.372510
v -0.020167 0.099167 0.372167
v -0.019530 0.100660 0.373440
v -0.019199 0.103020 0.374103
v -0.019199 0.302260 0.374103
v -0.019530 0.304620 0.373440
v -0.020167 0.306113 0.372167
v -0.018093 0.099683 0.371407
v -0.017333 0.101093 0.372167
v -0.016990 0.103020 0.372510
v -0.016990 0.302260 0.372510
v -0.017333 0.304187 0.372167
v -0.018093 0.305597 0.371407
v 0.018093 0.099683 0.358593
v 0.017333 0.099167 0.360667
v 0.016990 0.098933 0.363500
v 0.016990 0.098933 0.366500
v 0.017333 0.099167 0.369333
v 0.018093 0.099683 0.371407
v 0.017333 0.101093 0.357833
v 0.016060 0.100660 0.360030
v 0.015397 0.100435 0.363500
v 0.015397 0.100435 0.366500
v 0.016060 0.100660 0.369970
v 0.017333 0.101093 0.372167
v 0.016990 0.103020 0.357490
v 0.015397 0.103020 0.359699
v 0.014500 0.103020 0.363500
v 0.014500 0.103020 0.366500
v 0.015397 0.103020 0.370301
v 0.016990 0.103020 0.372510
v 0.016990 0.302260 0.357490
v 0.015397 0.302260 0.359699
v 0.014500 0.302260 0.363500
v 0.014500 0.302260 0.366500
v 0.015397 0.302260 0.370301
v 0.016990 0.302260 0.372510
v 0.017333 0.304187 0.357833
v 0.016060 0.304620 0.360030
v 0.015397 0.304845 0.363500
v 0.015397 0.304845 0.366500
v 0.016060 0.304620 0.369970
v 0.017333 0.304187 0.372167
v 0.018093 0.305597 0.358593
v 0.017333 0.306113 0.360667
v 0.016990 0.306347 0.363500
v 0.016990 0.306347 0.366500
v 0.017333 0.306113 0.369333
v 0.018093 0.305597 0.371407
v 0.325907 0.099683 0.358593
v 0.326667 0.099167 0.360667
v 0.327010 0.098933 0.363500
v 0.327010 0.098933 0.366500
v 0.326667 0.099167 0.369333
v 0.325907 0.099683 0.371407
v 0.326667 0.101093 0.357833
v 0.327940 0.100660 0.360030
v 0.328603 0.100435 0.363500
v 0.328603 0.100435 0.366500
v 0.327940 0.100660 0.369970
v 0.326667 0.101093 0.372167
v 0.327010 0.103020 0.357490
v 0.328603 0.103020 0.359699
v 0.329500 0.103020 0.363500
v 0.329500 0.103020 0.366500
v 0.328603 0.103020 0.370301
v 0.327010 0.103020 0.372510
v 0.327010 0.302260 0.357490
v 0.328603 0.302260 0.359699
v 0.329500 0.302260 0.363500
v 0.329500 0.302260 0.366500
v 0.328603 0.302260 0.370301
v 0.327010 0.302260 0.372510
v 0.326667 0.304187 0.357833
v 0.327940 0.304620 0.360030
v 0.328603 0.304845 0.363500
v 0.328603 0.304845 0.366500
v 0.327940 0.304620 0.369970
v 0.326667 0.304187 0.372167
v 0.325907 0.305597 0.358593
v 0.326667 0.306113 0.360667
v 0.327010 0.306347 0.363500
v 0.327010 0.306347 0.366500
v 0.326667 0.306113 0.369333
v 0.325907 0.305597 0.371407
v 0.018093 0.099683 0.358593
v 0.020167 0.099167 0.357833
v 0.023000 0.098933 0.357490
v 0.321000 0.098933 0.357490
v 0.323833 0.099167 0.357833
v 0.325907 0.099683 0.358593
v 0.017333 0.099167 0.360667
v 0.019530 0.098301 0.360030
v 0.023000 0.097850 0.359699
v 0.321000 0.097850 0.359699
v 0.324470 0.098301 0.360030
v 0.326667 0.099167 0.360667
v 0.016990 0.098933 0.363500
v 0.019199 0.097850 0.363500
v 0.023000 0.097240 0.363500
v 0.321000 0.097240 0.363500
v 0.324801 0.097850 0.363500
v 0.327010 0.098933 0.363500
v 0.016990 0.098933 0.366500
v 0.019199 0.097850 0.366500
v 0.023000 0.097240 0.366500
v 0.321000 0.097240 0.366500
v 0.324801 0.097850 0.366500
v 0.327010 0.098933 0.366500
v 0.017333 0.099167 0.369333
v 0.019530 0.098301 0.369970
v 0.023000 0.097850 0.370301
v 0.321000 0.097850 0.370301
v 0.324470 0.098301 0.369970
v 0.326667 0.099167 0.369333
v 0.018093 0.099683 0.371407
v 0.020167 0.099167 0.372167
v 0.023000 0.098933 0.372510
v 0.321000 0.098933 0.372510
v 0.323833 0.099167 0.372167
v 0.325907 0.099683 0.371407
v 0.018093 0.305597 0.358593
v 0.020167 0.306113 0.357833
v 0.023000 0.306347 0.357490
v 0.321000 0.306347 0.357490
v 0.323833 0.306113 0.357833
v 0.325907 0.305597 0.358593
v 0.017333 0.306113 0.360667
v 0.019530 0.306979 0.360030
v 0.023000 0.307430 0.359699
v 0.321000 0.307430 0.359699
v 0.324470 0.306979 0.360030
v 0.326667 0.306113 0.360667
v 0.016990 0.306347 0.363500
v 0.019199 0.307430 0.363500
v 0.023000 0.308040 0.363500
v 0.321000 0.308040 0.363500
v 0.324801 0.307430 0.363500
v 0.327010 0.306347 0.363500
v 0.016990 0.306347 0.366500
v 0.019199 0.307430 0.366500
v 0.023000 0.308040 0.366500
v 0.321000 0.308040 0.366500
v 0.324801 0.307430 0.366500
v 0.327010 0.306347 0.366500
v 0.017333 0.306113 0.369333
v 0.019530 0.306979 0.369970
v 0.023000 0.307430 0.370301
v 0.321000 0.307430 0.370301
v 0.324470 0.306979 0.369970
v 0.326667 0.306113 0.369333
v 0.018093 0.305597 0.371407
v 0.020167 0.306113 0.372167
v 0.023000 0.306347 0.372510
v 0.321000 0.306347 0.372510
v 0.323833 0.306113 0.372167
v 0.325907 0.305597 0.371407
v 0.018093 0.099683 0.358593
v 0.017333 0.101093 0.357833
v 0.016990 0.103020 0.357490
v 0.016990 0.302260 0.357490
v 0.017333 0.304187 0.357833
v 0.018093 0.305597 0.358593
v 0.020167 0.099167 0.357833
v 0.019530 0.100660 0.356560
v 0.019199 0.103020 0.355897
v 0.019199 0.302260 0.355897
v 0.019530 0.304620 0.356560
v 0.020167 0.306113 0.357833
v 0.023000 0.098933 0.357490
v 0.023000 0.100435 0.355897
v 0.023000 0.103020 0.355000
v 0.023000 0.302260 0.355000
v 0.023000 0.304845 0.355897
v 0.023000 0.306347 0.357490
v 0.321000 0.098933 0.357490
v 0.321000 0.100435 0.355897
v 0.321000 0.103020 0.355000
v 0.321000 0.302260 0.355000
v 0.321000 0.304845 0.355897
v 0.321000 0.306347 0.357490
v 0.323833 0.099167 0.357833
v 0.324470 0.100660 0.356560
v 0.324801 0.103020 0.355897
v 0.324801 0.302260 0.355897
v 0.324470 0.304620 0.356560
v 0.323833 0.306113 0.357833
v 0.325907 0.099683 0.358593
v 0.326667 0.101093 0.357833
v 0.327010 0.103020 0.357490
v 0.327010 0.302260 0.357490
v 0.326667 0.304187 0.357833
v 0.325907 0.305597 0.358593
v 0.018093 0.099683 0.371407
v 0.017333 0.101093 0.372167
v 0.016990 0.103020 0.372510
v 0.016990 0.302260 0.372510
v 0.017333 0.304187 0.372167
v 0.018093 0.305597 0.371407
v 0.020167 0.099167 0.372167
v 0.019530 0.100660 0.373440
v 0.019199 0.103020 0.374103
v 0.019199 0.302260 0.374103
v 0.019530 0.304620 0.373440
v 0.020167 0.306113 0.372167
v 0.023000 0.098933 0.372510
v 0.023000 0.100435 0.374103
v 0.023000 0.103020 0.375000
v 0.023000 0.302260 0.375000
v 0.023000 0.304845 0.374103
v 0.023000 0.306347 0.372510
v 0.321000 0.098933 0.372510
v 0.321000 0.100435 0.374103
v 0.321000 0.103020 0.375000
v 0.321000 0.302260 0.375000
v 0.321000 0.304845 0.374103
v 0.321000 0.306347 0.372510
v 0.323833 0.099167 0.372167
v 0.324470 0.100660 0.373440
v 0.324801 0.103020 0.374103
v 0.324801 0.302260 0.374103
v 0.324470 0.304620 0.373440
v 0.323833 0.306113 0.372167
v 0.325907 0.099683 0.371407
v 0.326667 0.101093 0.372167
v 0.327010 0.103020 0.372510
v 0.327010 0.302260 0.372510
v 0.326667 0.304187 0.372167
v 0.325907 0.305597 0.371407
v 0.000000 0.435480 0.000000
v 0.000000 0.435480 0.000000
v 0.000000 0.435480 0.000000
v 0.000000 0.435480 0.000000
v 0.000000 0.435480 0.000000
v 0.000000 0.435480 0.000000
v 0.000000 0.435480 0.000000
v 0.000000 0.435480 0.000000
v 0.000000 0.435480 0.000000
v 0.000000 0.435480 0.000000
v 0.000000 0.435480 0.000000
v 0.000000 0.435480 0.000000
v 0.000000 0.435480 0.000000
v 0.000000 0.435480 0.000000
v 0.000000 0.435480 0.000000
v 0.000000 0.435480 0.000000
v 0.000000 0.435480 0.000000
v 0.000000 0.435480 0.000000
v 0.000000 0.435480 0.000000
v 0.000000 0.435480 0.000000
v 0.000000 0.435480 0.000000
v 0.000000 0.435480 0.000000
v 0.000000 0.435480 0.000000
v 0.000000 0.435480 0.000000
v 0.000000 0.435480 0.000000
v 0.000000 0.435480 0.000000
v 0.000000 0.435480 0.000000
v 0.000000 0.435480 0.000000
v 0.000000 0.435480 0.000000
v 0.000000 0.435480 0.000000
v 0.000000 0.435480 0.000000
v 0.000000 0.435480 0.000000
v 0.000000 0.435480 0.000000
v 0.000000 0.435480 0.000000
v 0.000000 0.435480 0.000000
v 0.000000 0.435480 0.000000
v 0.000000 0.435480 0.000000
v 0.000000 0.435480 0.000000
v 0.000000 0.435480 0.000000
v 0.000000 0.435480 0.000000
v 0.000000 0.435480 0.000000
v 0.125000 0.435480 0.000000
v 0.123461 0.435480 0.019554
v 0.118882 0.435480 0.038627
v 0.111376 0.435480 0.056749
v 0.101127 0.435480 0.073473
v 0.088388 0.435480 0.088388
v 0.073473 0.435480 0.101127
v 0.056749 0.435480 0.111376
v 0.038627 0.435480 0.118882
v 0.019554 0.435480 0.123461
v 0.000000 0.435480 0.125000
v -0.019554 0.435480 0.123461
v -0.038627 0.435480 0.118882
v -0.056749 0.435480 0.111376
v -0.073473 0.435480 0.101127
v -0.088388 0.435480 0.088388
v -0.101127 0.435480 0.073473
v -0.111376 0.435480 0.056749
v -0.118882 0.435480 0.038627
v -0.123461 0.435480 0.019554
v -0.125000 0.435480 0.000000
v -0.123461 0.435480 -0.019554
v -0.118882 0.435480 -0.038627
v -0.111376 0.435480 -0.056749
v -0.101127 0.435480 -0.073473
v -0.088388 0.435480 -0.088388
v -0.073473 0.435480 -0.101127
v -0.056749 0.435480 -0.111376
v -0.038627 0.435480 -0.118882
v -0.019554 0.435480 -0.123461
v -0.000000 0.435480 -0.125000
v 0.019554 0.435480 -0.123461
v 0.038627 0.435480 -0.118882
v 0.056749 0.435480 -0.111376
v 0.073473 0.435480 -0.101127
v 0.088388 0.435480 -0.088388
v 0.101127 0.435480 -0.073473
v 0.111376 0.435480 -0.056749
v 0.118882 0.435480 -0.038627
v 0.123461 0.435480 -0.019554
v 0.125000 0.435480 -0.000000
v 0.155000 0.462480 0.000000
v 0.153092 0.462480 0.024247
v 0.147414 0.462480 0.047898
v 0.138106 0.462480 0.070369
v 0.125398 0.462480 0.091107
v 0.109602 0.462480 0.109602
v 0.091107 0.462480 0.125398
v 0.070369 0.462480 0.138106
v 0.047898 0.462480 0.147414
v 0.024247 0.462480 0.153092
v 0.000000 0.462480 0.155000
v -0.024247 0.462480 0.153092
v -0.047898 0.462480 0.147414
v -0.070369 0.462480 0.138106
v -0.091107 0.462480 0.125398
v -0.109602 0.462480 0.109602
v -0.125398 0.462480 0.091107
v -0.138106 0.462480 0.070369
v -0.147414 0.462480 0.047898
v -0.153092 0.462480 0.024247
v -0.155000 0.462480 0.000000
v -0.153092 0.462480 -0.024247
v -0.147414 0.462480 -0.047898
v -0.138106 0.462480 -0.070369
v -0.125398 0.462480 -0.091107
v -0.109602 0.462480 -0.109602
v -0.091107 0.462480 -0.125398
v -0.070369 0.462480 -0.138106
v -0.047898 0.462480 -0.147414
v -0.024247 0.462480 -0.153092
v -0.000000 0.462480 -0.155000
v 0.024247 0.462480 -0.153092
v 0.047898 0.462480 -0.147414
v 0.070369 0.462480 -0.138106
v 0.091107 0.462480 -0.125398
v 0.109602 0.462480 -0.109602
v 0.125398 0.462480 -0.091107
v 0.138106 0.462480 -0.070369
v 0.147414 0.462480 -0.047898
v 0.153092 0.462480 -0.024247
v 0.155000 0.462480 -0.000000
v 0.166000 0.600480 0.000000
v 0.163956 0.600480 0.025968
v 0.157875 0.600480 0.051297
v 0.147907 0.600480 0.075362
v 0.134297 0.600480 0.097572
v 0.117380 0.600480 0.117380
v 0.097572 0.600480 0.134297
v 0.075362 0.600480 0.147907
v 0.051297 0.600480 0.157875
v 0.025968 0.600480 0.163956
v 0.000000 0.600480 0.166000
v -0.025968 0.600480 0.163956
v -0.051297 0.600480 0.157875
v -0.075362 0.600480 0.147907
v -0.097572 0.600480 0.134297
v -0.117380 0.600480 0.117380
v -0.134297 0.600480 0.097572
v -0.147907 0.600480 0.075362
v -0.157875 0.600480 0.051297
v -0.163956 0.600480 0.025968
v -0.166000 0.600480 0.000000
v -0.163956 0.600480 -0.025968
v -0.157875 0.600480 -0.051297
v -0.147907 0.600480 -0.075362
v -0.134297 0.600480 -0.097572
v -0.117380 0.600480 -0.117380
v -0.097572 0.600480 -0.134297
v -0.075362 0.600480 -0.147907
v -0.051297 0.600480 -0.157875
v -0.025968 0.600480 -0.163956
v -0.000000 0.600480 -0.166000
v 0.025968 0.600480 -0.163956
v 0.051297 0.600480 -0.157875
v 0.075362 0.600480 -0.147907
v 0.097572 0.600480 -0.134297
v 0.117380 0.600480 -0.117380
v 0.134297 0.600480 -0.097572
v 0.147907 0.600480 -0.075362
v 0.157875 0.600480 -0.051297
v 0.163956 0.600480 -0.025968
v 0.166000 0.600480 -0.000000
v 0.170000 0.625480 0.000000
v 0.167907 0.625480 0.026594
v 0.161680 0.625480 0.052533
v 0.151471 0.625480 0.077178
v 0.137533 0.625480 0.099923
v 0.120208 0.625480 0.120208
v 0.099923 0.625480 0.137533
v 0.077178 0.625480 0.151471
v 0.052533 0.625480 0.161680
v 0.026594 0.625480 0.167907
v 0.000000 0.625480 0.170000
v -0.026594 0.625480 0.167907
v -0.052533 0.625480 0.161680
v -0.077178 0.625480 0.151471
v -0.099923 0.625480 0.137533
v -0.120208 0.625480 0.120208
v -0.137533 0.625480 0.099923
v -0.151471 0.625480 0.077178
v -0.161680 0.625480 0.052533
v -0.167907 0.625480 0.026594
v -0.170000 0.625480 0.000000
v -0.167907 0.625480 -0.026594
v -0.161680 0.625480 -0.052533
v -0.151471 0.625480 -0.077178
v -0.137533 0.625480 -0.099923
v -0.120208 0.625480 -0.120208
v -0.099923 0.625480 -0.137533
v -0.077178 0.625480 -0.151471
v -0.052533 0.625480 -0.161680
v -0.026594 0.625480 -0.167907
v -0.000000 0.625480 -0.170000
v 0.026594 0.625480 -0.167907
v 0.052533 0.625480 -0.161680
v 0.077178 0.625480 -0.151471
v 0.099923 0.625480 -0.137533
v 0.120208 0.625480 -0.120208
v 0.137533 0.625480 -0.099923
v 0.151471 0.625480 -0.077178
v 0.161680 0.625480 -0.052533
v 0.167907 0.625480 -0.026594
v 0.170000 0.625480 -0.000000
v 0.160000 0.635480 0.000000
v 0.158030 0.635480 0.025030
v 0.152169 0.635480 0.049443
v 0.142561 0.635480 0.072638
v 0.129443 0.635480 0.094046
v 0.113137 0.635480 0.113137
v 0.094046 0.635480 0.129443
v 0.072638 0.635480 0.142561
v 0.049443 0.635480 0.152169
v 0.025030 0.635480 0.158030
v 0.000000 0.635480 0.160000
v -0.025030 0.635480 0.158030
v -0.049443 0.635480 0.152169
v -0.072638 0.635480 0.142561
v -0.094046 0.635480 0.129443
v -0.113137 0.635480 0.113137
v -0.129443 0.635480 0.094046
v -0.142561 0.635480 0.072638
v -0.152169 0.635480 0.049443
v -0.158030 0.635480 0.025030
v -0.160000 0.635480 0.000000
v -0.158030 0.635480 -0.025030
v -0.152169 0.635480 -0.049443
v -0.142561 0.635480 -0.072638
v -0.129443 0.635480 -0.094046
v -0.113137 0.635480 -0.113137
v -0.094046 0.635480 -0.129443
v -0.072638 0.635480 -0.142561
v -0.049443 0.635480 -0.152169
v -0.025030 0.635480 -0.158030
v -0.000000 0.635480 -0.160000
v 0.025030 0.635480 -0.158030
v 0.049443 0.635480 -0.152169
v 0.072638 0.635480 -0.142561
v 0.094046 0.635480 -0.129443
v 0.113137 0.635480 -0.113137
v 0.129443 0.635480 -0.094046
v 0.142561 0.635480 -0.072638
v 0.152169 0.635480 -0.049443
v 0.158030 0.635480 -0.025030
v 0.160000 0.635480 -0.000000
v 0.152000 0.622480 0.000000
v 0.150129 0.622480 0.023778
v 0.144561 0.622480 0.046971
v 0.135433 0.622480 0.069007
v 0.122971 0.622480 0.089343
v 0.107480 0.622480 0.107480
v 0.089343 0.622480 0.122971
v 0.069007 0.622480 0.135433
v 0.046971 0.622480 0.144561
v 0.023778 0.622480 0.150129
v 0.000000 0.622480 0.152000
v -0.023778 0.622480 0.150129
v -0.046971 0.622480 0.144561
v -0.069007 0.622480 0.135433
v -0.089343 0.622480 0.122971
v -0.107480 0.622480 0.107480
v -0.122971 0.622480 0.089343
v -0.135433 0.622480 0.069007
v -0.144561 0.622480 0.046971
v -0.150129 0.622480 0.023778
v -0.152000 0.622480 0.000000
v -0.150129 0.622480 -0.023778
v -0.144561 0.622480 -0.046971
v -0.135433 0.622480 -0.069007
v -0.122971 0.622480 -0.089343
v -0.107480 0.622480 -0.107480
v -0.089343 0.622480 -0.122971
v -0.069007 0.622480 -0.135433
v -0.046971 0.622480 -0.144561
v -0.023778 0.622480 -0.150129
v -0.000000 0.622480 -0.152000
v 0.023778 0.622480 -0.150129
v 0.046971 0.622480 -0.144561
v 0.069007 0.622480 -0.135433
v 0.089343 0.622480 -0.122971
v 0.107480 0.622480 -0.107480
v 0.122971 0.622480 -0.089343
v 0.135433 0.622480 -0.069007
v 0.144561 0.622480 -0.046971
v 0.150129 0.622480 -0.023778
v 0.152000 0.622480 -0.000000
v 0.141000 0.470480 0.000000
v 0.139264 0.470480 0.022057
v 0.134099 0.470480 0.043571
v 0.125632 0.470480 0.064013
v 0.114071 0.470480 0.082878
v 0.099702 0.470480 0.099702
v 0.082878 0.470480 0.114071
v 0.064013 0.470480 0.125632
v 0.043571 0.470480 0.134099
v 0.022057 0.470480 0.139264
v 0.000000 0.470480 0.141000
v -0.022057 0.470480 0.139264
v -0.043571 0.470480 0.134099
v -0.064013 0.470480 0.125632
v -0.082878 0.470480 0.114071
v -0.099702 0.470480 0.099702
v -0.114071 0.470480 0.082878
v -0.125632 0.470480 0.064013
v -0.134099 0.470480 0.043571
v -0.139264 0.470480 0.022057
v -0.141000 0.470480 0.000000
v -0.139264 0.470480 -0.022057
v -0.134099 0.470480 -0.043571
v -0.125632 0.470480 -0.064013
v -0.114071 0.470480 -0.082878
v -0.099702 0.470480 -0.099702
v -0.082878 0.470480 -0.114071
v -0.064013 0.470480 -0.125632
v -0.043571 0.470480 -0.134099
v -0.022057 0.470480 -0.139264
v -0.000000 0.470480 -0.141000
v 0.022057 0.470480 -0.139264
v 0.043571 0.470480 -0.134099
v 0.064013 0.470480 -0.125632
v 0.082878 0.470480 -0.114071
v 0.099702 0.470480 -0.099702
v 0.114071 0.470480 -0.082878
v 0.125632 0.470480 -0.064013
v 0.134099 0.470480 -0.043571
v 0.139264 0.470480 -0.022057
v 0.141000 0.470480 -0.000000
v 0.000000 0.470480 0.000000
v 0.000000 0.470480 0.000000
v 0.000000 0.470480 0.000000
v 0.000000 0.470480 0.000000
v 0.000000 0.470480 0.000000
v 0.000000 0.470480 0.000000
v 0.000000 0.470480 0.000000
v 0.000000 0.470480 0.000000
v 0.000000 0.470480 0.000000
v 0.000000 0.470480 0.000000
v 0.000000 0.470480 0.000000
v 0.000000 0.470480 0.000000
v 0.000000 0.470480 0.000000
v 0.000000 0.470480 0.000000
v 0.000000 0.470480 0.000000
v 0.000000 0.470480 0.000000
v 0.000000 0.470480 0.000000
v 0.000000 0.470480 0.000000
v 0.000000 0.470480 0.000000
v 0.000000 0.470480 0.000000
v 0.000000 0.470480 0.000000
v 0.000000 0.470480 0.000000
v 0.000000 0.470480 0.000000
v 0.000000 0.470480 0.000000
v 0.000000 0.470480 0.000000
v 0.000000 0.470480 0.000000
v 0.000000 0.470480 0.000000
v 0.000000 0.470480 0.000000
v 0.000000 0.470480 0.000000
v 0.000000 0.470480 0.000000
v 0.000000 0.470480 0.000000
v 0.000000 0.470480 0.000000
v 0.000000 0.470480 0.000000
v 0.000000 0.470480 0.000000
v 0.000000 0.470480 0.000000
v 0.000000 0.470480 0.000000
v 0.000000 0.470480 0.000000
v 0.000000 0.470480 0.000000
v 0.000000 0.470480 0.000000
v 0.000000 0.470480 0.000000
v 0.000000 0.470480 0.000000
vn -0.490135 -0.720787 -0.490135
vn -0.534082 -0.785415 -0.312858
vn -0.562300 -0.826912 -0.005832
vn -0.562310 -0.826926 0.001232
vn -0.549577 -0.808201 0.211606
vn -0.496038 -0.729467 0.470983
vn -0.603891 -0.520222 -0.603891
vn -0.796314 -0.500194 -0.340132
vn -0.809916 -0.586526 -0.004891
vn -0.890590 -0.454795 0.003443
vn -0.833341 -0.457092 0.310822
vn -0.642635 -0.441589 0.626115
vn -0.706990 -0.018156 -0.706990
vn -0.898070 -0.013538 -0.439644
vn -0.999603 -0.026195 -0.010389
vn -0.999968 -0.007401 0.002996
vn -0.944198 -0.009168 0.329252
vn -0.741465 -0.008811 0.670933
vn -0.707101 0.003916 -0.707101
vn -0.944198 0.009168 -0.329252
vn -0.999968 0.007401 -0.002996
vn -0.999603 0.026195 0.010389
vn -0.898070 0.013538 0.439644
vn -0.670933 0.008811 0.741465
vn -0.656445 0.371698 -0.656445
vn -0.833341 0.457092 -0.310822
vn -0.890590 0.454795 -0.003443
vn -0.809916 0.586526 0.004891
vn -0.796314 0.500194 0.340132
vn -0.626115 0.441589 0.642635
vn -0.503175 0.702588 -0.503175
vn -0.552899 0.792186 -0.258350
vn -0.602081 0.798430 -0.002846
vn -0.522742 0.852487 0.002740
vn -0.533893 0.805851 0.256051
vn -0.470983 0.729467 0.496038
vn 0.470983 -0.729467 -0.496038
vn 0.533893 -0.805851 -0.256051
vn 0.522742 -0.852487 -0.002740
vn 0.602081 -0.798430 0.002846
vn 0.552899 -0.792186 0.258350
vn 0.503175 -0.702588 0.503175
vn 0.626115 -0.441589 -0.642635
vn 0.796314 -0.500194 -0.340132
vn 0.809916 -0.586526 -0.004891
vn 0.890590 -0.454795 0.003443
vn 0.833341 -0.457092 0.310822
vn 0.656445 -0.371698 0.656445
vn 0.670933 -0.008811 -0.741465
vn 0.898070 -0.013538 -0.439644
vn 0.999603 -0.026195 -0.010389
vn 0.999968 -0.007401 0.002996
vn 0.944198 -0.009168 0.329252
vn 0.707101 -0.003916 0.707101
vn 0.741465 0.008811 -0.670933
vn 0.944198 0.009168 -0.329252
vn 0.999968 0.007401 -0.002996
vn 0.999603 0.026195 0.010389
vn 0.898070 0.013538 0.439644
vn 0.706990 0.018156 0.706990
vn 0.642635 0.441589 -0.626115
vn 0.833341 0.457092 -0.310822
vn 0.890590 0.454795 -0.003443
vn 0.809916 0.586526 0.004891
vn 0.796314 0.500194 0.340132
vn 0.603891 0.520222 0.603891
vn 0.496038 0.729467 -0.470983
vn 0.549577 0.808201 -0.211606
vn 0.562310 0.826926 -0.001232
vn 0.562300 0.826912 0.005832
vn 0.534082 0.785415 0.312858
vn 0.490135 0.720787 0.490135
vn -0.490135 -0.720787 -0.490135
vn -0.312858 -0.785415 -0.534082
vn -0.005662 -0.826913 -0.562301
vn 0.001195 -0.826926 -0.562310
vn 0.211606 -0.808201 -0.549577
vn 0.470983 -0.729467 -0.496038
vn -0.534082 -0.785415 -0.312858
vn -0.268668 -0.925005 -0.268668
vn -0.003778 -0.948217 -0.317601
vn 0.002482 -0.973241 -0.229773
vn 0.238736 -0.941281 -0.238736
vn 0.533893 -0.805851 -0.256051
vn -0.562300 -0.826912 -0.005832
vn -0.317529 -0.948240 -0.003894
vn -0.007026 -0.999949 -0.007243
vn 0.001937 -0.999996 -0.001995
vn 0.229812 -0.973232 -0.002558
vn 0.522742 -0.852487 -0.002740
vn -0.562310 -0.826926 0.001232
vn -0.229812 -0.973232 0.002558
vn -0.001937 -0.999996 0.001995
vn 0.007026 -0.999949 0.007243
vn 0.317529 -0.948240 0.003894
vn 0.602081 -0.798430 0.002846
vn -0.549577 -0.808201 0.211606
vn -0.238736 -0.941281 0.238736
vn -0.002482 -0.973241 0.229773
vn 0.003778 -0.948217 0.317601
vn 0.268668 -0.925005 0.268668
vn 0.552899 -0.792186 0.258350
vn -0.496038 -0.729467 0.470983
vn -0.256051 -0.805851 0.533893
vn -0.002659 -0.852521 0.522687
vn 0.002762 -0.798388 0.602137
vn 0.258350 -0.792186 0.552899
vn 0.503175 -0.702588 0.503175
vn -0.503175 0.702588 -0.503175
vn -0.258350 0.792186 -0.552899
vn -0.002762 0.798388 -0.602137
vn 0.002659 0.852521 -0.522687
vn 0.256051 0.805851 -0.533893
vn 0.496038 0.729467 -0.470983
vn -0.552899 0.792186 -0.258350
vn -0.268668 0.925005 -0.268668
vn -0.003778 0.948217 -0.317601
vn 0.002482 0.973241 -0.229773
vn 0.238736 0.941281 -0.238736
vn 0.549577 0.808201 -0.211606
vn -0.602081 0.798430 -0.002846
vn -0.317529 0.948240 -0.003894
vn -0.007026 0.999949 -0.007243
vn 0.001937 0.999996 -0.001995
vn 0.229812 0.973232 -0.002558
vn 0.562310 0.826926 -0.001232
vn -0.522742 0.852487 0.002740
vn -0.229812 0.973232 0.002558
vn -0.001937 0.999996 0.001995
vn 0.007026 0.999949 0.007243
vn 0.317529 0.948240 0.003894
vn 0.562300 0.826912 0.005832
vn -0.533893 0.805851 0.256051
vn -0.238736 0.941281 0.238736
vn -0.002482 0.973241 0.229773
vn 0.003778 0.948217 0.317601
vn 0.268668 0.925005 0.268668
vn 0.534082 0.785415 0.312858
vn -0.470983 0.729467 0.496038
vn -0.211606 0.808201 0.549577
vn -0.001195 0.826926 0.562310
vn 0.005662 0.826913 0.562301
vn 0.312858 0.785415 0.534082
vn 0.490135 0.720787 0.490135
vn -0.490135 -0.720787 -0.490135
vn -0.603891 -0.520222 -0.603891
vn -0.706990 -0.018156 -0.706990
vn -0.707101 0.003916 -0.707101
vn -0.656445 0.371698 -0.656445
vn -0.503175 0.702588 -0.503175
vn -0.312858 -0.785415 -0.534082
vn -0.340132 -0.500194 -0.796314
vn -0.439644 -0.013538 -0.898070
vn -0.329252 0.009168 -0.944198
vn -0.310822 0.457092 -0.833341
vn -0.258350 0.792186 -0.552899
vn -0.005662 -0.826913 -0.562301
vn -0.004746 -0.586622 -0.809847
vn -0.010087 -0.026221 -0.999605
vn -0.002906 0.007395 -0.999968
vn -0.003340 0.454731 -0.890623
vn -0.002762 0.798388 -0.602137
vn 0.001195 -0.826926 -0.562310
vn 0.003340 -0.454731 -0.890623
vn 0.002906 -0.007395 -0.999968
vn 0.010087 0.026221 -0.999605
vn 0.004746 0.586622 -0.809847
vn 0.002659 0.852521 -0.522687
vn 0.211606 -0.808201 -0.549577
vn 0.310822 -0.457092 -0.833341
vn 0.329252 -0.009168 -0.944198
vn 0.439644 0.013538 -0.898070
vn 0.340132 0.500194 -0.796314
vn 0.256051 0.805851 -0.533893
vn 0.470983 -0.729467 -0.496038
vn 0.626115 -0.441589 -0.642635
vn 0.670933 -0.008811 -0.741465
vn 0.741465 0.008811 -0.670933
vn 0.642635 0.441589 -0.626115
vn 0.496038 0.729467 -0.470983
vn -0.496038 -0.729467 0.470983
vn -0.642635 -0.441589 0.626115
vn -0.741465 -0.008811 0.670933
vn -0.670933 0.008811 0.741465
vn -0.626115 0.441589 0.642635
vn -0.470983 0.729467 0.496038
vn -0.256051 -0.805851 0.533893
vn -0.340132 -0.500194 0.796314
vn -0.439644 -0.013538 0.898070
vn -0.329252 0.009168 0.944198
vn -0.310822 0.457092 0.833341
vn -0.211606 0.808201 0.549577
vn -0.002659 -0.852521 0.522687
vn -0.004746 -0.586622 0.809847
vn -0.010087 -0.026221 0.999605
vn -0.002906 0.007395 0.999968
vn -0.003340 0.454731 0.890623
vn -0.001195 0.826926 0.562310
vn 0.002762 -0.798388 0.602137
vn 0.003340 -0.454731 0.890623
vn 0.002906 -0.007395 0.999968
vn 0.010087 0.026221 0.999605
vn 0.004746 0.586622 0.809847
vn 0.005662 0.826913 0.562301
vn 0.258350 -0.792186 0.552899
vn 0.310822 -0.457092 0.833341
vn 0.329252 -0.009168 0.944198
vn 0.439644 0.013538 0.898070
vn 0.340132 0.500194 0.796314
vn 0.312858 0.785415 0.534082
vn 0.503175 -0.702588 0.503175
vn 0.656445 -0.371698 0.656445
vn 0.707101 -0.003916 0.707101
vn 0.706990 0.018156 0.706990
vn 0.603891 0.520222 0.603891
vn 0.490135 0.720787 0.490135
vn -0.490135 -0.720787 -0.490135
vn -0.534082 -0.785415 -0.312858
vn -0.559294 -0.822491 -0.103437
vn -0.561772 -0.826136 0.043722
vn -0.549577 -0.808201 0.211606
vn -0.496038 -0.729467 0.470983
vn -0.603891 -0.520222 -0.603891
vn -0.796314 -0.500194 -0.340132
vn -0.854153 -0.507094 -0.115231
vn -0.857265 -0.506707 0.091347
vn -0.833341 -0.457092 0.310822
vn -0.642635 -0.441589 0.626115
vn -0.707095 -0.005824 -0.707095
vn -0.896429 -0.004275 -0.443166
vn -0.986115 -0.004057 -0.166014
vn -0.995748 -0.004339 0.092012
vn -0.944941 -0.002873 0.327229
vn -0.743397 -0.002763 0.668845
vn -0.707106 0.001214 -0.707106
vn -0.944941 0.002873 -0.327229
vn -0.995748 0.004339 -0.092012
vn -0.986115 0.004057 0.166014
vn -0.896429 0.004275 0.443166
vn -0.668845 0.002763 0.743397
vn -0.656445 0.371698 -0.656445
vn -0.833341 0.457092 -0.310822
vn -0.857265 0.506707 -0.091347
vn -0.854153 0.507094 0.115231
vn -0.796314 0.500194 0.340132
vn -0.626115 0.441589 0.642635
vn -0.503175 0.702588 -0.503175
vn -0.552899 0.792186 -0.258350
vn -0.552668 0.830131 -0.073762
vn -0.568873 0.819059 0.074335
vn -0.533893 0.805851 0.256051
vn -0.470983 0.729467 0.496038
vn 0.470983 -0.729467 -0.496038
vn 0.533893 -0.805851 -0.256051
vn 0.568873 -0.819059 -0.074335
vn 0.552668 -0.830131 0.073762
vn 0.552899 -0.792186 0.258350
vn 0.503175 -0.702588 0.503175
vn 0.626115 -0.441589 -0.642635
vn 0.796314 -0.500194 -0.340132
vn 0.854153 -0.507094 -0.115231
vn 0.857265 -0.506707 0.091347
vn 0.833341 -0.457092 0.310822
vn 0.656445 -0.371698 0.656445
vn 0.668845 -0.002763 -0.743397
vn 0.896429 -0.004275 -0.443166
vn 0.986115 -0.004057 -0.166014
vn 0.995748 -0.004339 0.092012
vn 0.944941 -0.002873 0.327229
vn 0.707106 -0.001214 0.707106
vn 0.743397 0.002763 -0.668845
vn 0.944941 0.002873 -0.327229
vn 0.995748 0.004339 -0.092012
vn 0.986115 0.004057 0.166014
vn 0.896429 0.004275 0.443166
vn 0.707095 0.005824 0.707095
vn 0.642635 0.441589 -0.626115
vn 0.833341 0.457092 -0.310822
vn 0.857265 0.506707 -0.091347
vn 0.854153 0.507094 0.115231
vn 0.796314 0.500194 0.340132
vn 0.603891 0.520222 0.603891
vn 0.496038 0.729467 -0.470983
vn 0.549577 0.808201 -0.211606
vn 0.561772 0.826136 -0.043722
vn 0.559294 0.822491 0.103437
vn 0.534082 0.785415 0.312858
vn 0.490135 0.720787 0.490135
vn -0.490135 -0.720787 -0.490135
vn -0.312858 -0.785415 -0.534082
vn -0.003098 -0.826923 -0.562307
vn 0.000646 -0.826926 -0.562310
vn 0.211606 -0.808201 -0.549577
vn 0.470983 -0.729467 -0.496038
vn -0.534082 -0.785415 -0.312858
vn -0.268668 -0.925005 -0.268668
vn -0.002055 -0.947864 -0.318668
vn 0.001346 -0.973378 -0.229200
vn 0.238736 -0.941281 -0.238736
vn 0.533893 -0.805851 -0.256051
vn -0.559294 -0.822491 -0.103437
vn -0.263694 -0.960573 -0.088120
vn -0.001859 -0.993508 -0.113746
vn 0.001978 -0.998030 -0.062702
vn 0.263001 -0.962273 -0.069724
vn 0.568873 -0.819059 -0.074335
vn -0.561772 -0.826136 0.043722
vn -0.263001 -0.962273 0.069724
vn -0.001978 -0.998030 0.062702
vn 0.001859 -0.993508 0.113746
vn 0.263694 -0.960573 0.088120
vn 0.552668 -0.830131 0.073762
vn -0.549577 -0.808201 0.211606
vn -0.238736 -0.941281 0.238736
vn -0.001346 -0.973378 0.229200
vn 0.002055 -0.947864 0.318668
vn 0.268668 -0.925005 0.268668
vn 0.552899 -0.792186 0.258350
vn -0.496038 -0.729467 0.470983
vn -0.256051 -0.805851 0.533893
vn -0.001442 -0.853027 0.521865
vn 0.001499 -0.797762 0.602971
vn 0.258350 -0.792186 0.552899
vn 0.503175 -0.702588 0.503175
vn -0.503175 0.702588 -0.503175
vn -0.258350 0.792186 -0.552899
vn -0.001499 0.797762 -0.602971
vn 0.001442 0.853027 -0.521865
vn 0.256051 0.805851 -0.533893
vn 0.496038 0.729467 -0.470983
vn -0.552899 0.792186 -0.258350
vn -0.268668 0.925005 -0.268668
vn -0.002055 0.947864 -0.318668
vn 0.001346 0.973378 -0.229200
vn 0.238736 0.941281 -0.238736
vn 0.549577 0.808201 -0.211606
vn -0.552668 0.830131 -0.073762
vn -0.263694 0.960573 -0.088120
vn -0.001859 0.993508 -0.113746
vn 0.001978 0.998030 -0.062702
vn 0.263001 0.962273 -0.069724
vn 0.561772 0.826136 -0.043722
vn -0.568873 0.819059 0.074335
vn -0.263001 0.962273 0.069724
vn -0.001978 0.998030 0.062702
vn 0.001859 0.993508 0.113746
vn 0.263694 0.960573 0.088120
vn 0.559294 0.822491 0.103437
vn -0.533893 0.805851 0.256051
vn -0.238736 0.941281 0.238736
vn -0.001346 0.973378 0.229200
vn 0.002055 0.947864 0.318668
vn 0.268668 0.925005 0.268668
vn 0.534082 0.785415 0.312858
vn -0.470983 0.729467 0.496038
vn -0.211606 0.808201 0.549577
vn -0.000646 0.826926 0.562310
vn 0.003098 0.826923 0.562307
vn 0.312858 0.785415 0.534082
vn 0.490135 0.720787 0.490135
vn -0.490135 -0.720787 -0.490135
vn -0.603891 -0.520222 -0.603891
vn -0.707095 -0.005824 -0.707095
vn -0.707106 0.001214 -0.707106
vn -0.656445 0.371698 -0.656445
vn -0.503175 0.702588 -0.503175
vn -0.312858 -0.785415 -0.534082
vn -0.340132 -0.500194 -0.796314
vn -0.443166 -0.004275 -0.896429
vn -0.327229 0.002873 -0.944941
vn -0.310822 0.457092 -0.833341
vn -0.258350 0.792186 -0.552899
vn -0.003098 -0.826923 -0.562307
vn -0.002579 -0.588061 -0.808813
vn -0.005764 -0.008620 -0.999946
vn -0.001520 0.002272 -0.999996
vn -0.001812 0.453782 -0.891111
vn -0.001499 0.797762 -0.602971
vn 0.000646 -0.826926 -0.562310
vn 0.001812 -0.453782 -0.891111
vn 0.001520 -0.002272 -0.999996
vn 0.005764 0.008620 -0.999946
vn 0.002579 0.588061 -0.808813
vn 0.001442 0.853027 -0.521865
vn 0.211606 -0.808201 -0.549577
vn 0.310822 -0.457092 -0.833341
vn 0.327229 -0.002873 -0.944941
vn 0.443166 0.004275 -0.896429
vn 0.340132 0.500194 -0.796314
vn 0.256051 0.805851 -0.533893
vn 0.470983 -0.729467 -0.496038
vn 0.626115 -0.441589 -0.642635
vn 0.668845 -0.002763 -0.743397
vn 0.743397 0.002763 -0.668845
vn 0.642635 0.441589 -0.626115
vn 0.496038 0.729467 -0.470983
vn -0.496038 -0.729467 0.470983
vn -0.642635 -0.441589 0.626115
vn -0.743397 -0.002763 0.668845
vn -0.668845 0.002763 0.743397
vn -0.626115 0.441589 0.642635
vn -0.470983 0.729467 0.496038
vn -0.256051 -0.805851 0.533893
vn -0.340132 -0.500194 0.796314
vn -0.443166 -0.004275 0.896429
vn -0.327229 0.002873 0.944941
vn -0.310822 0.457092 0.833341
vn -0.211606 0.808201 0.549577
vn -0.001442 -0.853027 0.521865
vn -0.002579 -0.588061 0.808813
vn -0.005764 -0.008620 0.999946
vn -0.001520 0.002272 0.999996
vn -0.001812 0.453782 0.891111
vn -0.000646 0.826926 0.562310
vn 0.001499 -0.797762 0.602971
vn 0.001812 -0.453782 0.891111
vn 0.001520 -0.002272 0.999996
vn 0.005764 0.008620 0.999946
vn 0.002579 0.588061 0.808813
vn 0.003098 0.826923 0.562307
vn 0.258350 -0.792186 0.552899
vn 0.310822 -0.457092 0.833341
vn 0.327229 -0.002873 0.944941
vn 0.443166 0.004275 0.896429
vn 0.340132 0.500194 0.796314
vn 0.312858 0.785415 0.534082
vn 0.503175 -0.702588 0.503175
vn 0.656445 -0.371698 0.656445
vn 0.707106 -0.001214 0.707106
vn 0.707095 0.005824 0.707095
vn 0.603891 0.520222 0.603891
vn 0.490135 0.720787 0.490135
vn -0.490135 -0.720787 -0.490135
vn -0.534082 -0.785415 -0.312858
vn -0.559294 -0.822491 -0.103437
vn -0.561772 -0.826136 0.043722
vn -0.549577 -0.808201 0.211606
vn -0.496038 -0.729467 0.470983
vn -0.603891 -0.520222 -0.603891
vn -0.796314 -0.500194 -0.340132
vn -0.854153 -0.507094 -0.115231
vn -0.857265 -0.506707 0.091347
vn -0.833341 -0.457092 0.310822
vn -0.642635 -0.441589 0.626115
vn -0.707095 -0.005824 -0.707095
vn -0.896429 -0.004275 -0.443166
vn -0.986115 -0.004057 -0.166014
vn -0.995748 -0.004339 0.092012
vn -0.944941 -0.002873 0.327229
vn -0.743397 -0.002763 0.668845
vn -0.707106 0.001214 -0.707106
vn -0.944941 0.002873 -0.327229
vn -0.995748 0.004339 -0.092012
vn -0.986115 0.004057 0.166014
vn -0.896429 0.004275 0.443166
vn -0.668845 0.002763 0.743397
vn -0.656445 0.371698 -0.656445
vn -0.833341 0.457092 -0.310822
vn -0.857265 0.506707 -0.091347
vn -0.854153 0.507094 0.115231
vn -0.796314 0.500194 0.340132
vn -0.626115 0.441589 0.642635
vn -0.503175 0.702588 -0.503175
vn -0.552899 0.792186 -0.258350
vn -0.552668 0.830131 -0.073762
vn -0.568873 0.819059 0.074335
vn -0.533893 0.805851 0.256051
vn -0.470983 0.729467 0.496038
vn 0.470983 -0.729467 -0.496038
vn 0.533893 -0.805851 -0.256051
vn 0.568873 -0.819059 -0.074335
vn 0.552668 -0.830131 0.073762
vn 0.552899 -0.792186 0.258350
vn 0.503175 -0.702588 0.503175
vn 0.626115 -0.441589 -0.642635
vn 0.796314 -0.500194 -0.340132
vn 0.854153 -0.507094 -0.115231
vn 0.857265 -0.506707 0.091347
vn 0.833341 -0.457092 0.310822
vn 0.656445 -0.371698 0.656445
vn 0.668845 -0.002763 -0.743397
vn 0.896429 -0.004275 -0.443166
vn 0.986115 -0.004057 -0.166014
vn 0.995748 -0.004339 0.092012
vn 0.944941 -0.002873 0.327229
vn 0.707106 -0.001214 0.707106
vn 0.743397 0.002763 -0.668845
vn 0.944941 0.002873 -0.327229
vn 0.995748 0.004339 -0.092012
vn 0.986115 0.004057 0.166014
vn 0.896429 0.004275 0.443166
vn 0.707095 0.005824 0.707095
vn 0.642635 0.441589 -0.626115
vn 0.833341 0.457092 -0.310822
vn 0.857265 0.506707 -0.091347
vn 0.854153 0.507094 0.115231
vn 0.796314 0.500194 0.340132
vn 0.603891 0.520222 0.603891
vn 0.496038 0.729467 -0.470983
vn 0.549577 0.808201 -0.211606
vn 0.561772 0.826136 -0.043722
vn 0.559294 0.822491 0.103437
vn 0.534082 0.785415 0.312858
vn 0.490135 0.720787 0.490135
vn -0.490135 -0.720787 -0.490135
vn -0.312858 -0.785415 -0.534082
vn -0.003098 -0.826923 -0.562307
vn 0.000646 -0.826926 -0.562310
vn 0.211606 -0.808201 -0.549577
vn 0.470983 -0.729467 -0.496038
vn -0.534082 -0.785415 -0.312858
vn -0.268668 -0.925005 -0.268668
vn -0.002055 -0.947864 -0.318668
vn 0.001346 -0.973378 -0.229200
vn 0.238736 -0.941281 -0.238736
vn 0.533893 -0.805851 -0.256051
vn -0.559294 -0.822491 -0.103437
vn -0.263694 -0.960573 -0.088120
vn -0.001859 -0.993508 -0.113746
vn 0.001978 -0.998030 -0.062702
vn 0.263001 -0.962273 -0.069724
vn 0.568873 -0.819059 -0.074335
vn -0.561772 -0.826136 0.043722
vn -0.263001 -0.962273 0.069724
vn -0.001978 -0.998030 0.062702
vn 0.001859 -0.993508 0.113746
vn 0.263694 -0.960573 0.088120
vn 0.552668 -0.830131 0.073762
vn -0.549577 -0.808201 0.211606
vn -0.238736 -0.941281 0.238736
vn -0.001346 -0.973378 0.229200
vn 0.002055 -0.947864 0.318668
vn 0.268668 -0.925005 0.268668
vn 0.552899 -0.792186 0.258350
vn -0.496038 -0.729467 0.470983
vn -0.256051 -0.805851 0.533893
vn -0.001442 -0.853027 0.521865
vn 0.001499 -0.797762 0.602971
vn 0.258350 -0.792186 0.552899
vn 0.503175 -0.702588 0.503175
vn -0.503175 0.702588 -0.503175
vn -0.258350 0.792186 -0.552899
vn -0.001499 0.797762 -0.602971
vn 0.001442 0.853027 -0.521865
vn 0.256051 0.805851 -0.533893
vn 0.496038 0.729467 -0.470983
vn -0.552899 0.792186 -0.258350
vn -0.268668 0.925005 -0.268668
vn -0.002055 0.947864 -0.318668
vn 0.001346 0.973378 -0.229200
vn 0.238736 0.941281 -0.238736
vn 0.549577 0.808201 -0.211606
vn -0.552668 0.830131 -0.073762
vn -0.263694 0.960573 -0.088120
vn -0.001859 0.993508 -0.113746
vn 0.001978 0.998030 -0.062702
vn 0.263001 0.962273 -0.069724
vn 0.561772 0.826136 -0.043722
vn -0.568873 0.819059 0.074335
vn -0.263001 0.962273 0.069724
vn -0.001978 0.998030 0.062702
vn 0.001859 0.993508 0.113746
vn 0.263694 0.960573 0.088120
vn 0.559294 0.822491 0.103437
vn -0.533893 0.805851 0.256051
vn -0.238736 0.941281 0.238736
vn -0.001346 0.973378 0.229200
vn 0.002055 0.947864 0.318668
vn 0.268668 0.925005 0.268668
vn 0.534082 0.785415 0.312858
vn -0.470983 0.729467 0.496038
vn -0.211606 0.808201 0.549577
vn -0.000646 0.826926 0.562310
vn 0.003098 0.826923 0.562307
vn 0.312858 0.785415 0.534082
vn 0.490135 0.720787 0.490135
vn -0.490135 -0.720787 -0.490135
vn -0.603891 -0.520222 -0.603891
vn -0.707095 -0.005824 -0.707095
vn -0.707106 0.001214 -0.707106
vn -0.656445 0.371698 -0.656445
vn -0.503175 0.702588 -0.503175
vn -0.312858 -0.785415 -0.534082
vn -0.340132 -0.500194 -0.796314
vn -0.443166 -0.004275 -0.896429
vn -0.327229 0.002873 -0.944941
vn -0.310822 0.457092 -0.833341
vn -0.258350 0.792186 -0.552899
vn -0.003098 -0.826923 -0.562307
vn -0.002579 -0.588061 -0.808813
vn -0.005764 -0.008620 -0.999946
vn -0.001520 0.002272 -0.999996
vn -0.001812 0.453782 -0.891111
vn -0.001499 0.797762 -0.602971
vn 0.000646 -0.826926 -0.562310
vn 0.001812 -0.453782 -0.891111
vn 0.001520 -0.002272 -0.999996
vn 0.005764 0.008620 -0.999946
vn 0.002579 0.588061 -0.808813
vn 0.001442 0.853027 -0.521865
vn 0.211606 -0.808201 -0.549577
vn 0.310822 -0.457092 -0.833341
vn 0.327229 -0.002873 -0.944941
vn 0.443166 0.004275 -0.896429
vn 0.340132 0.500194 -0.796314
vn 0.256051 0.805851 -0.533893
vn 0.470983 -0.729467 -0.496038
vn 0.626115 -0.441589 -0.642635
vn 0.668845 -0.002763 -0.743397
vn 0.743397 0.002763 -0.668845
vn 0.642635 0.441589 -0.626115
vn 0.496038 0.729467 -0.470983
vn -0.496038 -0.729467 0.470983
vn -0.642635 -0.441589 0.626115
vn -0.743397 -0.002763 0.668845
vn -0.668845 0.002763 0.743397
vn -0.626115 0.441589 0.642635
vn -0.470983 0.729467 0.496038
vn -0.256051 -0.805851 0.533893
vn -0.340132 -0.500194 0.796314
vn -0.443166 -0.004275 0.896429
vn -0.327229 0.002873 0.944941
vn -0.310822 0.457092 0.833341
vn -0.211606 0.808201 0.549577
vn -0.001442 -0.853027 0.521865
vn -0.002579 -0.588061 0.808813
vn -0.005764 -0.008620 0.999946
vn -0.001520 0.002272 0.999996
vn -0.001812 0.453782 0.891111
vn -0.000646 0.826926 0.562310
vn 0.001499 -0.797762 0.602971
vn 0.001812 -0.453782 0.891111
vn 0.001520 -0.002272 0.999996
vn 0.005764 0.008620 0.999946
vn 0.002579 0.588061 0.808813
vn 0.003098 0.826923 0.562307
vn 0.258350 -0.792186 0.552899
vn 0.310822 -0.457092 0.833341
vn 0.327229 -0.002873 0.944941
vn 0.443166 0.004275 0.896429
vn 0.340132 0.500194 0.796314
vn 0.312858 0.785415 0.534082
vn 0.503175 -0.702588 0.503175
vn 0.656445 -0.371698 0.656445
vn 0.707106 -0.001214 0.707106
vn 0.707095 0.005824 0.707095
vn 0.603891 0.520222 0.603891
vn 0.490135 0.720787 0.490135
vn 0.000000 -1.000000 0.000000
vn 0.000000 -1.000000 0.000000
vn 0.000000 -1.000000 0.000000
vn 0.000000 -1.000000 0.000000
vn 0.000000 -1.000000 0.000000
vn 0.000000 -1.000000 0.000000
vn 0.000000 -1.000000 0.000000
vn 0.000000 -1.000000 0.000000
vn 0.000000 -1.000000 0.000000
vn 0.000000 -1.000000 0.000000
vn 0.000000 -1.000000 0.000000
vn 0.000000 -1.000000 0.000000
vn 0.000000 -1.000000 0.000000
vn 0.000000 -1.000000 0.000000
vn 0.000000 -1.000000 0.000000
vn 0.000000 -1.000000 0.000000
vn 0.000000 -1.000000 0.000000
vn 0.000000 -1.000000 0.000000
vn 0.000000 -1.000000 0.000000
vn 0.000000 -1.000000 0.000000
vn 0.000000 -1.000000 0.000000
vn 0.000000 -1.000000 0.000000
vn 0.000000 -1.000000 0.000000
vn 0.000000 -1.000000 0.000000
vn 0.000000 -1.000000 0.000000
vn 0.000000 -1.000000 0.000000
vn 0.000000 -1.000000 0.000000
vn 0.000000 -1.000000 0.000000
vn 0.000000 -1.000000 0.000000
vn 0.000000 -1.000000 0.000000
vn 0.000000 -1.000000 0.000000
vn 0.000000 -1.000000 0.000000
vn 0.000000 -1.000000 0.000000
vn 0.000000 -1.000000 0.000000
vn 0.000000 -1.000000 0.000000
vn 0.000000 -1.000000 0.000000
vn 0.000000 -1.000000 0.000000
vn 0.000000 -1.000000 0.000000
vn 0.000000 -1.000000 0.000000
vn 0.000000 -1.000000 0.000000
vn 0.000000 -1.000000 0.000000
vn 0.244316 -0.969668 -0.007359
vn 0.242459 -0.969668 0.030951
vn 0.234632 -0.969668 0.068499
vn 0.221028 -0.969668 0.104360
vn 0.201981 -0.969668 0.137652
vn 0.177961 -0.969668 0.167554
vn 0.149559 -0.969668 0.193330
vn 0.117474 -0.969668 0.214346
vn 0.082497 -0.969668 0.230084
vn 0.045488 -0.969668 0.240157
vn 0.007359 -0.969668 0.244316
vn -0.030951 -0.969668 0.242459
vn -0.068499 -0.969668 0.234632
vn -0.104360 -0.969668 0.221028
vn -0.137652 -0.969668 0.201981
vn -0.167554 -0.969668 0.177961
vn -0.193330 -0.969668 0.149559
vn -0.214346 -0.969668 0.117474
vn -0.230084 -0.969668 0.082497
vn -0.240157 -0.969668 0.045488
vn -0.244316 -0.969668 0.007359
vn -0.242459 -0.969668 -0.030951
vn -0.234632 -0.969668 -0.068499
vn -0.221028 -0.969668 -0.104360
vn -0.201981 -0.969668 -0.137652
vn -0.177961 -0.969668 -0.167554
vn -0.149559 -0.969668 -0.193330
vn -0.117474 -0.969668 -0.214346
vn -0.082497 -0.969668 -0.230084
vn -0.045488 -0.969668 -0.240157
vn -0.007359 -0.969668 -0.244316
vn 0.030951 -0.969668 -0.242459
vn 0.068499 -0.969668 -0.234632
vn 0.104360 -0.969668 -0.221028
vn 0.137652 -0.969668 -0.201981
vn 0.167554 -0.969668 -0.177961
vn 0.193330 -0.969668 -0.149559
vn 0.214346 -0.969668 -0.117474
vn 0.230084 -0.969668 -0.082497
vn 0.240157 -0.969668 -0.045488
vn 0.244316 -0.969668 -0.007359
vn 0.973049 -0.229788 -0.019318
vn 0.964091 -0.229788 0.133138
vn 0.931394 -0.229788 0.282316
vn 0.875763 -0.229788 0.424543
vn 0.798568 -0.229788 0.556315
vn 0.701709 -0.229788 0.674390
vn 0.587572 -0.229788 0.775858
vn 0.458967 -0.229788 0.858223
vn 0.319061 -0.229788 0.919455
vn 0.171299 -0.229788 0.958047
vn 0.019318 -0.229788 0.973049
vn -0.133138 -0.229788 0.964091
vn -0.282316 -0.229788 0.931394
vn -0.424543 -0.229788 0.875763
vn -0.556315 -0.229788 0.798568
vn -0.674390 -0.229788 0.701709
vn -0.775858 -0.229788 0.587572
vn -0.858223 -0.229788 0.458967
vn -0.919455 -0.229788 0.319061
vn -0.958047 -0.229788 0.171299
vn -0.973049 -0.229788 0.019318
vn -0.964091 -0.229788 -0.133138
vn -0.931394 -0.229788 -0.282316
vn -0.875763 -0.229788 -0.424543
vn -0.798568 -0.229788 -0.556315
vn -0.701709 -0.229788 -0.674390
vn -0.587572 -0.229788 -0.775858
vn -0.458967 -0.229788 -0.858223
vn -0.319061 -0.229788 -0.919455
vn -0.171299 -0.229788 -0.958047
vn -0.019318 -0.229788 -0.973049
vn 0.133138 -0.229788 -0.964091
vn 0.282316 -0.229788 -0.931394
vn 0.424543 -0.229788 -0.875763
vn 0.556315 -0.229788 -0.798568
vn 0.674390 -0.229788 -0.701709
vn 0.775858 -0.229788 -0.587572
vn 0.858223 -0.229788 -0.458967
vn 0.919455 -0.229788 -0.319061
vn 0.958047 -0.229788 -0.171299
vn 0.973049 -0.229788 -0.019318
vn 0.995622 -0.091940 0.016839
vn 0.980730 -0.091940 0.172382
vn 0.941689 -0.091940 0.323679
vn 0.879461 -0.091940 0.467007
vn 0.795577 -0.091940 0.598835
vn 0.692104 -0.091940 0.715918
vn 0.571589 -0.091940 0.815373
vn 0.436999 -0.091940 0.894751
vn 0.291649 -0.091940 0.952097
vn 0.139118 -0.091940 0.985999
vn -0.016839 -0.091940 0.995622
vn -0.172382 -0.091940 0.980730
vn -0.323679 -0.091940 0.941689
vn -0.467007 -0.091940 0.879461
vn -0.598835 -0.091940 0.795577
vn -0.715918 -0.091940 0.692104
vn -0.815373 -0.091940 0.571589
vn -0.894751 -0.091940 0.436999
vn -0.952097 -0.091940 0.291649
vn -0.985999 -0.091940 0.139118
vn -0.995622 -0.091940 -0.016839
vn -0.980730 -0.091940 -0.172382
vn -0.941689 -0.091940 -0.323679
vn -0.879461 -0.091940 -0.467007
vn -0.795577 -0.091940 -0.598835
vn -0.692104 -0.091940 -0.715918
vn -0.571589 -0.091940 -0.815373
vn -0.436999 -0.091940 -0.894751
vn -0.291649 -0.091940 -0.952097
vn -0.139118 -0.091940 -0.985999
vn 0.016839 -0.091940 -0.995622
vn 0.172382 -0.091940 -0.980730
vn 0.323679 -0.091940 -0.941689
vn 0.467007 -0.091940 -0.879461
vn 0.598835 -0.091940 -0.795577
vn 0.715918 -0.091940 -0.692104
vn 0.815373 -0.091940 -0.571589
vn 0.894751 -0.091940 -0.436999
vn 0.952097 -0.091940 -0.291649
vn 0.985999 -0.091940 -0.139118
vn 0.995622 -0.091940 0.016839
vn 0.986019 0.166255 0.011212
vn 0.972126 0.166255 0.165321
vn 0.934295 0.166255 0.315359
vn 0.873460 0.166255 0.457633
vn 0.791116 0.166255 0.588638
vn 0.689293 0.166255 0.705149
vn 0.570497 0.166255 0.804296
vn 0.437654 0.166255 0.883639
vn 0.294034 0.166255 0.941224
vn 0.143174 0.166255 0.975633
vn -0.011212 0.166255 0.986019
vn -0.165321 0.166255 0.972126
vn -0.315359 0.166255 0.934295
vn -0.457633 0.166255 0.873460
vn -0.588638 0.166255 0.791116
vn -0.705149 0.166255 0.689293
vn -0.804296 0.166255 0.570497
vn -0.883639 0.166255 0.437654
vn -0.941224 0.166255 0.294034
vn -0.975633 0.166255 0.143174
vn -0.986019 0.166255 -0.011212
vn -0.972126 0.166255 -0.165321
vn -0.934295 0.166255 -0.315359
vn -0.873460 0.166255 -0.457633
vn -0.791116 0.166255 -0.588638
vn -0.689293 0.166255 -0.705149
vn -0.570497 0.166255 -0.804296
vn -0.437654 0.166255 -0.883639
vn -0.294034 0.166255 -0.941224
vn -0.143174 0.166255 -0.975633
vn 0.011212 0.166255 -0.986019
vn 0.165321 0.166255 -0.972126
vn 0.315359 0.166255 -0.934295
vn 0.457633 0.166255 -0.873460
vn 0.588638 0.166255 -0.791116
vn 0.705149 0.166255 -0.689293
vn 0.804296 0.166255 -0.570497
vn 0.883639 0.166255 -0.437654
vn 0.941224 0.166255 -0.294034
vn 0.975633 0.166255 -0.143174
vn 0.986019 0.166255 0.011212
vn -0.140961 0.989465 0.032994
vn -0.144387 0.989465 0.010537
vn -0.144258 0.989465 -0.012180
vn -0.140576 0.989465 -0.034597
vn -0.133434 0.989465 -0.056162
vn -0.123005 0.989465 -0.076344
vn -0.109548 0.989465 -0.094646
vn -0.093393 0.989465 -0.110618
vn -0.074939 0.989465 -0.123866
vn -0.054639 0.989465 -0.134064
vn -0.032994 0.989465 -0.140961
vn -0.010537 0.989465 -0.144387
vn 0.012180 0.989465 -0.144258
vn 0.034597 0.989465 -0.140576
vn 0.056162 0.989465 -0.133434
vn 0.076344 0.989465 -0.123005
vn 0.094646 0.989465 -0.109548
vn 0.110618 0.989465 -0.093393
vn 0.123866 0.989465 -0.074939
vn 0.134064 0.989465 -0.054639
vn 0.140961 0.989465 -0.032994
vn 0.144387 0.989465 -0.010537
vn 0.144258 0.989465 0.012180
vn 0.140576 0.989465 0.034597
vn 0.133434 0.989465 0.056162
vn 0.123005 0.989465 0.076344
vn 0.109548 0.989465 0.094646
vn 0.093393 0.989465 0.110618
vn 0.074939 0.989465 0.123866
vn 0.054639 0.989465 0.134064
vn 0.032994 0.989465 0.140961
vn 0.010537 0.989465 0.144387
vn -0.012180 0.989465 0.144258
vn -0.034597 0.989465 0.140576
vn -0.056162 0.989465 0.133434
vn -0.076344 0.989465 0.123005
vn -0.094646 0.989465 0.109548
vn -0.110618 0.989465 0.093393
vn -0.123866 0.989465 0.074939
vn -0.134064 0.989465 0.054639
vn -0.140961 0.989465 0.032994
vn -0.993035 0.116015 0.020529
vn -0.984021 0.116015 -0.135068
vn -0.950777 0.116015 -0.287340
vn -0.894121 0.116015 -0.432537
vn -0.815449 0.116015 -0.567083
vn -0.716698 0.116015 -0.687666
vn -0.600300 0.116015 -0.791316
vn -0.469120 0.116015 -0.875481
vn -0.326389 0.116015 -0.938089
vn -0.175621 0.116015 -0.977598
vn -0.020529 0.116015 -0.993035
vn 0.135068 0.116015 -0.984021
vn 0.287340 0.116015 -0.950777
vn 0.432537 0.116015 -0.894121
vn 0.567083 0.116015 -0.815449
vn 0.687666 0.116015 -0.716698
vn 0.791316 0.116015 -0.600300
vn 0.875481 0.116015 -0.469120
vn 0.938089 0.116015 -0.326389
vn 0.977598 0.116015 -0.175621
vn 0.993035 0.116015 -0.020529
vn 0.984021 0.116015 0.135068
vn 0.950777 0.116015 0.287340
vn 0.894121 0.116015 0.432537
vn 0.815449 0.116015 0.567083
vn 0.716698 0.116015 0.687666
vn 0.600300 0.116015 0.791316
vn 0.469120 0.116015 0.875481
vn 0.326389 0.116015 0.938089
vn 0.175621 0.116015 0.977598
vn 0.020529 0.116015 0.993035
vn -0.135068 0.116015 0.984021
vn -0.287340 0.116015 0.950777
vn -0.432537 0.116015 0.894121
vn -0.567083 0.116015 0.815449
vn -0.687666 0.116015 0.716698
vn -0.791316 0.116015 0.600300
vn -0.875481 0.116015 0.469120
vn -0.938089 0.116015 0.326389
vn -0.977598 0.116015 0.175621
vn -0.993035 0.116015 0.020529
vn -0.828588 0.559392 -0.022839
vn -0.814814 0.559392 -0.152178
vn -0.780977 0.559392 -0.277769
vn -0.727909 0.559392 -0.396521
vn -0.656918 0.559392 -0.505509
vn -0.569751 0.559392 -0.602050
vn -0.468555 0.559392 -0.683766
vn -0.355821 0.559392 -0.748646
vn -0.234327 0.559392 -0.795092
vn -0.107062 0.559392 -0.821960
vn 0.022839 0.559392 -0.828588
vn 0.152178 0.559392 -0.814814
vn 0.277769 0.559392 -0.780977
vn 0.396521 0.559392 -0.727909
vn 0.505509 0.559392 -0.656918
vn 0.602050 0.559392 -0.569751
vn 0.683766 0.559392 -0.468555
vn 0.748646 0.559392 -0.355821
vn 0.795092 0.559392 -0.234327
vn 0.821960 0.559392 -0.107062
vn 0.828588 0.559392 0.022839
vn 0.814814 0.559392 0.152178
vn 0.780977 0.559392 0.277769
vn 0.727909 0.559392 0.396521
vn 0.656918 0.559392 0.505509
vn 0.569751 0.559392 0.602050
vn 0.468555 0.559392 0.683766
vn 0.355821 0.559392 0.748646
vn 0.234327 0.559392 0.795092
vn 0.107062 0.559392 0.821960
vn -0.022839 0.559392 0.828588
vn -0.152178 0.559392 0.814814
vn -0.277769 0.559392 0.780977
vn -0.396521 0.559392 0.727909
vn -0.505509 0.559392 0.656918
vn -0.602050 0.559392 0.569751
vn -0.683766 0.559392 0.468555
vn -0.748646 0.559392 0.355821
vn -0.795092 0.559392 0.234327
vn -0.821960 0.559392 0.107062
vn -0.828588 0.559392 -0.022839
vn 0.000000 1.000000 0.000000
vn 0.000000 1.000000 0.000000
vn 0.000000 1.000000 0.000000
vn 0.000000 1.000000 0.000000
vn 0.000000 1.000000 0.000000
vn 0.000000 1.000000 0.000000
vn 0.000000 1.000000 0.000000
vn 0.000000 1.000000 0.000000
vn 0.000000 1.000000 0.000000
vn 0.000000 1.000000 0.000000
vn 0.000000 1.000000 0.000000
vn 0.000000 1.000000 0.000000
vn 0.000000 1.000000 0.000000
vn 0.000000 1.000000 0.000000
vn 0.000000 1.000000 0.000000
vn 0.000000 1.000000 0.000000
vn 0.000000 1.000000 0.000000
vn 0.000000 1.000000 0.000000
vn 0.000000 1.000000 0.000000
vn 0.000000 1.000000 0.000000
vn 0.000000 1.000000 0.000000
vn 0.000000 1.000000 0.000000
vn 0.000000 1.000000 0.000000
vn 0.000000 1.000000 0.000000
vn 0.000000 1.000000 0.000000
vn 0.000000 1.000000 0.000000
vn 0.000000 1.000000 0.000000
vn 0.000000 1.000000 0.000000
vn 0.000000 1.000000 0.000000
vn 0.000000 1.000000 0.000000
vn 0.000000 1.000000 0.000000
vn 0.000000 1.000000 0.000000
vn 0.000000 1.000000 0.000000
vn 0.000000 1.000000 0.000000
vn 0.000000 1.000000 0.000000
vn 0.000000 1.000000 0.000000
vn 0.000000 1.000000 0.000000
vn 0.000000 1.000000 0.000000
vn 0.000000 1.000000 0.000000
vn 0.000000 1.000000 0.000000
vn 0.000000 1.000000 0.000000
f 218//218 223//223 217//217
f 224//224 223//223 218//218
f 219//219 224//224 218//218
f 225//225 224//224 219//219
f 220//220 225//225 219//219
f 226//226 225//225 220//220
f 221//221 226//226 220//220
f 227//227 226//226 221//221
f 222//222 227//227 221//221
f 228//228 227//227 222//222
f 224//224 229//229 223//223
f 230//230 229//229 224//224
f 225//225 230//230 224//224
f 231//231 230//230 225//225
f 226//226 231//231 225//225
f 232//232 231//231 226//226
f 227//227 232//232 226//226
f 233//233 232//232 227//227
f 228//228 233//233 227//227
f 234//234 233//233 228//228
f 230//230 235//235 229//229
f 236//236 235//235 230//230
f 231//231 236//236 230//230
f 237//237 236//236 231//231
f 232//232 237//237 231//231
f 238//238 237//237 232//232
f 233//233 238//238 232//232
f 239//239 238//238 233//233
f 234//234 239//239 233//233
f 240//240 239//239 234//234
f 236//236 241//241 235//235
f 242//242 241//241 236//236
f 237//237 242//242 236//236
f 243//243 242//242 237//237
f 238//238 243//243 237//237
f 244//244 243//243 238//238
f 239//239 244//244 238//238
f 245//245 244//244 239//239
f 240//240 245//245 239//239
f 246//246 245//245 240//240
f 242//242 247//247 241//241
f 248//248 247//247 242//242
f 243//243 248//248 242//242
f 249//249 248//248 243//243
f 244//244 249//249 243//243
f 250//250 249//249 244//244
f 245//245 250//250 244//244
f 251//251 250//250 245//245
f 246//246 251//251 245//245
f 252//252 251//251 246//246
f 253//253 259//259 254//254
f 254//254 259//259 260//260
f 254//254 260//260 255//255
f 255//255 260//260 261//261
f 255//255 261//261 256//256
f 256//256 261//261 262//262
f 256//256 262//262 257//257
f 257//257 262//262 263//263
f 257//257 263//263 258//258
f 258//258 263//263 264//264
f 259//259 265//265 260//260
f 260//260 265//265 266//266
f 260//260 266//266 261//261
f 261//261 266//266 267//267
f 261//261 267//267 262//262
f 262//262 267//267 268//268
f 262//262 268//268 263//263
f 263//263 268//268 269//269
f 263//263 269//269 264//264
f 264//264 269//269 270//270
f 265//265 271//271 266//266
f 266//266 271//271 272//272
f 266//266 272//272 267//267
f 267//267 272//272 273//273
f 267//267 273//273 268//268
f 268//268 273//273 274//274
f 268//268 274//274 269//269
f 269//269 274//274 275//275
f 269//269 275//275 270//270
f 270//270 275//275 276//276
f 271//271 277//277 272//272
f 272//272 277//277 278//278
f 272//272 278//278 273//273
f 273//273 278//278 279//279
f 273//273 279//279 274//274
f 274//274 279//279 280//280
f 274//274 280//280 275//275
f 275//275 280//280 281//281
f 275//275 281//281 276//276
f 276//276 281//281 282//282
f 277//277 283//283 278//278
f 278//278 283//283 284//284
f 278//278 284//284 279//279
f 279//279 284//284 285//285
f 279//279 285//285 280//280
f 280//280 285//285 286//286
f 280//280 286//286 281//281
f 281//281 286//286 287//287
f 281//281 287//287 282//282
f 282//282 287//287 288//288
f 290//290 295//295 289//289
f 296//296 295//295 290//290
f 291//291 296//296 290//290
f 297//297 296//296 291//291
f 292//292 297//297 291//291
f 298//298 297//297 292//292
f 293//293 298//298 292//292
f 299//299 298//298 293//293
f 294//294 299//299 293//293
f 300//300 299//299 294//294
f 296//296 301//301 295//295
f 302//302 301//301 296//296
f 297//297 302//302 296//296
f 303//303 302//302 297//297
f 298//298 303//303 297//297
f 304//304 303//303 298//298
f 299//299 304//304 298//298
f 305//305 304//304 299//299
f 300//300 305//305 299//299
f 306//306 305//305 300//300
f 302//302 307//307 301//301
f 308//308 307//307 302//302
f 303//303 308//308 302//302
f 309//309 308//308 303//303
f 304//304 309//309 303//303
f 310//310 309//309 304//304
f 305//305 310//310 304//304
f 311//311 310//310 305//305
f 306//306 311//311 305//305
f 312//312 311//311 306//306
f 308//308 313//313 307//307
f 314//314 313//313 308//308
f 309//309 314//314 308//308
f 315//315 314//314 309//309
f 310//310 315//315 309//309
f 316//316 315//315 310//310
f 311//311 316//316 310//310
f 317//317 316//316 311//311
f 312//312 317//317 311//311
f 318//318 317//317 312//312
f 314//314 319//319 313//313
f 320//320 319//319 314//314
f 315//315 320//320 314//314
f 321//321 320//320 315//315
f 316//316 321//321 315//315
f 322//322 321//321 316//316
f 317//317 322//322 316//316
f 323//323 322//322 317//317
f 318//318 323//323 317//317
f 324//324 323//323 318//318
f 325//325 331//331 326//326
f 326//326 331//331 332//332
f 326//326 332//332 327//327
f 327//327 332//332 333//333
f 327//327 333//333 328//328
f 328//328 333//333 334//334
f 328//328 334//334 329//329
f 329//329 334//334 335//335
f 329//329 335//335 330//330
f 330//330 335//335 336//336
f 331//331 337//337 332//332
f 332//332 337//337 338//338
f 332//332 338//338 333//333
f 333//333 338//338 339//339
f 333//333 339//339 334//334
f 334//334 339//339 340//340
f 334//334 340//340 335//335
f 335//335 340//340 341//341
f 335//335 341//341 336//336
f 336//336 341//341 342//342
f 337//337 343//343 338//338
f 338//338 343//343 344//344
f 338//338 344//344 339//339
f 339//339 344//344 345//345
f 339//339 345//345 340//340
f 340//340 345//345 346//346
f 340//340 346//346 341//341
f 341//341 346//346 347//347
f 341//341 347//347 342//342
f 342//342 347//347 348//348
f 343//343 349//349 344//344
f 344//344 349//349 350//350
f 344//344 350//350 345//345
f 345//345 350//350 351//351
f 345//345 351//351 346//346
f 346//346 351//351 352//352
f 346//346 352//352 347//347
f 347//347 352//352 353//353
f 347//347 353//353 348//348
f 348//348 353//353 354//354
f 349//349 355//355 350//350
f 350//350 355//355 356//356
f 350//350 356//356 351//351
f 351//351 356//356 357//357
f 351//351 357//357 352//352
f 352//352 357//357 358//358
f 352//352 358//358 353//353
f 353//353 358//358 359//359
f 353//353 359//359 354//354
f 354//354 359//359 360//360
f 362//362 367//367 361//361
f 368//368 367//367 362//362
f 363//363 368//368 362//362
f 369//369 368//368 363//363
f 364//364 369//369 363//363
f 370//370 369//369 364//364
f 365//365 370//370 364//364
f 371//371 370//370 365//365
f 366//366 371//371 365//365
f 372//372 371//371 366//366
f 368//368 373//373 367//367
f 374//374 373//373 368//368
f 369//369 374//374 368//368
f 375//375 374//374 369//369
f 370//370 375//375 369//369
f 376//376 375//375 370//370
f 371//371 376//376 370//370
f 377//377 376//376 371//371
f 372//372 377//377 371//371
f 378//378 377//377 372//372
f 374//374 379//379 373//373
f 380//380 379//379 374//374
f 375//375 380//380 374//374
f 381//381 380//380 375//375
f 376//376 381//381 375//375
f 382//382 381//381 376//376
f 377//377 382//382 376//376
f 383//383 382//382 377//377
f 378//378 383//383 377//377
f 384//384 383//383 378//378
f 380//380 385//385 379//379
f 386//386 385//385 380//380
f 381//381 386//386 380//380
f 387//387 386//386 381//381
f 382//382 387//387 381//381
f 388//388 387//387 382//382
f 383//383 388//388 382//382
f 389//389 388//388 383//383
f 384//384 389//389 383//383
f 390//390 389//389 384//384
f 386//386 391//391 385//385
f 392//392 391//391 386//386
f 387//387 392//392 386//386
f 393//393 392//392 387//387
f 388//388 393//393 387//387
f 394//394 393//393 388//388
f 389//389 394//394 388//388
f 395//395 394//394 389//389
f 390//390 395//395 389//389
f 396//396 395//395 390//390
f 397//397 403//403 398//398
f 398//398 403//403 404//404
f 398//398 404//404 399//399
f 399//399 404//404 405//405
f 399//399 405//405 400//400
f 400//400 405//405 406//406
f 400//400 406//406 401//401
f 401//401 406//406 407//407
f 401//401 407//407 402//402
f 402//402 407//407 408//408
f 403//403 409//409 404//404
f 404//404 409//409 410//410
f 404//404 410//410 405//405
f 405//405 410//410 411//411
f 405//405 411//411 406//406
f 406//406 411//411 412//412
f 406//406 412//412 407//407
f 407//407 412//412 413//413
f 407//407 413//413 408//408
f 408//408 413//413 414//414
f 409//409 415//415 410//410
f 410//410 415//415 416//416
f 410//410 416//416 411//411
f 411//411 416//416 417//417
f 411//411 417//417 412//412
f 412//412 417//417 418//418
f 412//412 418//418 413//413
f 413//413 418//418 419//419
f 413//413 419//419 414//414
f 414//414 419//419 420//420
f 415//415 421//421 416//416
f 416//416 421//421 422//422
f 416//416 422//422 417//417
f 417//417 422//422 423//423
f 417//417 423//423 418//418
f 418//418 423//423 424//424
f 418//418 424//424 419//419
f 419//419 424//424 425//425
f 419//419 425//425 420//420
f 420//420 425//425 426//426
f 421//421 427//427 422//422
f 422//422 427//427 428//428
f 422//422 428//428 423//423
f 423//423 428//428 429//429
f 423//423 429//429 424//424
f 424//424 429//429 430//430
f 424//424 430//430 425//425
f 425//425 430//430 431//431
f 425//425 431//431 426//426
f 426//426 431//431 432//432
f 434//434 439//439 433//433
f 440//440 439//439 434//434
f 435//435 440//440 434//434
f 441//441 440//440 435//435
f 436//436 441//441 435//435
f 442//442 441//441 436//436
f 437//437 442//442 436//436
f 443//443 442//442 437//437
f 438//438 443//443 437//437
f 444//444 443//443 438//438
f 440//440 445//445 439//439
f 446//446 445//445 440//440
f 441//441 446//446 440//440
f 447//447 446//446 441//441
f 442//442 447//447 441//441
f 448//448 447//447 442//442
f 443//443 448//448 442//442
f 449//449 448//448 443//443
f 444//444 449//449 443//443
f 450//450 449//449 444//444
f 446//446 451//451 445//445
f 452//452 451//451 446//446
f 447//447 452//452 446//446
f 453//453 452//452 447//447
f 448//448 453//453 447//447
f 454//454 453//453 448//448
f 449//449 454//454 448//448
f 455//455 454//454 449//449
f 450//450 455//455 449//449
f 456//456 455//455 450//450
f 452//452 457//457 451//451
f 458//458 457//457 452//452
f 453//453 458//458 452//452
f 459//459 458//458 453//453
f 454//454 459//459 453//453
f 460//460 459//459 454//454
f 455//455 460//460 454//454
f 461//461 460//460 455//455
f 456//456 461//461 455//455
f 462//462 461//461 456//456
f 458//458 463//463 457//457
f 464//464 463//463 458//458
f 459//459 464//464 458//458
f 465//465 464//464 459//459
f 460//460 465//465 459//459
f 466//466 465//465 460//460
f 461//461 466//466 460//460
f 467//467 466//466 461//461
f 462//462 467//467 461//461
f 468//468 467//467 462//462
f 469//469 475//475 470//470
f 470//470 475//475 476//476
f 470//470 476//476 471//471
f 471//471 476//476 477//477
f 471//471 477//477 472//472
f 472//472 477//477 478//478
f 472//472 478//478 473//473
f 473//473 478//478 479//479
f 473//473 479//479 474//474
f 474//474 479//479 480//480
f 475//475 481//481 476//476
f 476//476 481//481 482//482
f 476//476 482//482 477//477
f 477//477 482//482 483//483
f 477//477 483//483 478//478
f 478//478 483//483 484//484
f 478//478 484//484 479//479
f 479//479 484//484 485//485
f 479//479 485//485 480//480
f 480//480 485//485 486//486
f 481//481 487//487 482//482
f 482//482 487//487 488//488
f 482//482 488//488 483//483
f 483//483 488//488 489//489
f 483//483 489//489 484//484
f 484//484 489//489 490//490
f 484//484 490//490 485//485
f 485//485 490//490 491//491
f 485//485 491//491 486//486
f 486//486 491//491 492//492
f 487//487 493//493 488//488
f 488//488 493//493 494//494
f 488//488 494//494 489//489
f 489//489 494//494 495//495
f 489//489 495//495 490//490
f 490//490 495//495 496//496
f 490//490 496//496 491//491
f 491//491 496//496 497//497
f 491//491 497//497 492//492
f 492//492 497//497 498//498
f 493//493 499//499 494//494
f 494//494 499//499 500//500
f 494//494 500//500 495//495
f 495//495 500//500 501//501
f 495//495 501//501 496//496
f 496//496 501//501 502//502
f 496//496 502//502 497//497
f 497//497 502//502 503//503
f 497//497 503//503 498//498
f 498//498 503//503 504//504
f 506//506 511//511 505//505
f 512//512 511//511 506//506
f 507//507 512//512 506//506
f 513//513 512//512 507//507
f 508//508 513//513 507//507
f 514//514 513//513 508//508
f 509//509 514//514 508//508
f 515//515 514//514 509//509
f 510//510 515//515 509//509
f 516//516 515//515 510//510
f 512//512 517//517 511//511
f 518//518 517//517 512//512
f 513//513 518//518 512//512
f 519//519 518//518 513//513
f 514//514 519//519 513//513
f 520//520 519//519 514//514
f 515//515 520//520 514//514
f 521//521 520//520 515//515
f 516//516 521//521 515//515
f 522//522 521//521 516//516
f 518//518 523//523 517//517
f 524//524 523//523 518//518
f 519//519 524//524 518//518
f 525//525 524//524 519//519
f 520//520 525//525 519//519
f 526//526 525//525 520//520
f 521//521 526//526 520//520
f 527//527 526//526 521//521
f 522//522 527//527 521//521
f 528//528 527//527 522//522
f 524//524 529//529 523//523
f 530//530 529//529 524//524
f 525//525 530//530 524//524
f 531//531 530//530 525//525
f 526//526 531//531 525//525
f 532//532 531//531 526//526
f 527//527 532//532 526//526
f 533//533 532//532 527//527
f 528//528 533//533 527//527
f 534//534 533//533 528//528
f 530//530 535//535 529//529
f 536//536 535//535 530//530
f 531//531 536//536 530//530
f 537//537 536//536 531//531
f 532//532 537//537 531//531
f 538//538 537//537 532//532
f 533//533 538//538 532//532
f 539//539 538//538 533//533
f 534//534 539//539 533//533
f 540//540 539//539 534//534
f 541//541 547//547 542//542
f 542//542 547//547 548//548
f 542//542 548//548 543//543
f 543//543 548//548 549//549
f 543//543 549//549 544//544
f 544//544 549//549 550//550
f 544//544 550//550 545//545
f 545//545 550//550 551//551
f 545//545 551//551 546//546
f 546//546 551//551 552//552
f 547//547 553//553 548//548
f 548//548 553//553 554//554
f 548//548 554//554 549//549
f 549//549 554//554 555//555
f 549//549 555//555 550//550
f 550//550 555//555 556//556
f 550//550 556//556 551//551
f 551//551 556//556 557//557
f 551//551 557//557 552//552
f 552//552 557//557 558//558
f 553//553 559//559 554//554
f 554//554 559//559 560//560
f 554//554 560//560 555//555
f 555//555 560//560 561//561
f 555//555 561//561 556//556
f 556//556 561//561 562//562
f 556//556 562//562 557//557
f 557//557 562//562 563//563
f 557//557 563//563 558//558
f 558//558 563//563 564//564
f 559//559 565//565 560//560
f 560//560 565//565 566//566
f 560//560 566//566 561//561
f 561//561 566//566 567//567
f 561//561 567//567 562//562
f 562//562 567//567 568//568
f 562//562 568//568 563//563
f 563//563 568//568 569//569
f 563//563 569//569 564//564
f 564//564 569//569 570//570
f 565//565 571//571 566//566
f 566//566 571//571 572//572
f 566//566 572//572 567//567
f 567//567 572//572 573//573
f 567//567 573//573 568//568
f 568//568 573//573 574//574
f 568//568 574//574 569//569
f 569//569 574//574 575//575
f 569//569 575//575 570//570
f 570//570 575//575 576//576
f 578//578 583//583 577//577
f 584//584 583//583 578//578
f 579//579 584//584 578//578
f 585//585 584//584 579//579
f 580//580 585//585 579//579
f 586//586 585//585 580//580
f 581//581 586//586 580//580
f 587//587 586//586 581//581
f 582//582 587//587 581//581
f 588//588 587//587 582//582
f 584//584 589//589 583//583
f 590//590 589//589 584//584
f 585//585 590//590 584//584
f 591//591 590//590 585//585
f 586//586 591//591 585//585
f 592//592 591//591 586//586
f 587//587 592//592 586//586
f 593//593 592//592 587//587
f 588//588 593//593 587//587
f 594//594 593//593 588//588
f 590//590 595//595 589//589
f 596//596 595//595 590//590
f 591//591 596//596 590//590
f 597//597 596//596 591//591
f 592//592 597//597 591//591
f 598//598 597//597 592//592
f 593//593 598//598 592//592
f 599//599 598//598 593//593
f 594//594 599//599 593//593
f 600//600 599//599 594//594
f 596//596 601//601 595//595
f 602//602 601//601 596//596
f 597//597 602//602 596//596
f 603//603 602//602 597//597
f 598//598 603//603 597//597
f 604//604 603//603 598//598
f 599//599 604//604 598//598
f 605//605 604//604 599//599
f 600//600 605//605 599//599
f 606//606 605//605 600//600
f 602//602 607//607 601//601
f 608//608 607//607 602//602
f 603//603 608//608 602//602
f 609//609 608//608 603//603
f 604//604 609//609 603//603
f 610//610 609//609 604//604
f 605//605 610//610 604//604
f 611//611 610//610 605//605
f 606//606 611//611 605//605
f 612//612 611//611 606//606
f 613//613 619//619 614//614
f 614//614 619//619 620//620
f 614//614 620//620 615//615
f 615//615 620//620 621//621
f 615//615 621//621 616//616
f 616//616 621//621 622//622
f 616//616 622//622 617//617
f 617//617 622//622 623//623
f 617//617 623//623 618//618
f 618//618 623//623 624//624
f 619//619 625//625 620//620
f 620//620 625//625 626//626
f 620//620 626//626 621//621
f 621//621 626//626 627//627
f 621//621 627//627 622//622
f 622//622 627//627 628//628
f 622//622 628//628 623//623
f 623//623 628//628 629//629
f 623//623 629//629 624//624
f 624//624 629//629 630//630
f 625//625 631//631 626//626
f 626//626 631//631 632//632
f 626//626 632//632 627//627
f 627//627 632//632 633//633
f 627//627 633//633 628//628
f 628//628 633//633 634//634
f 628//628 634//634 629//629
f 629//629 634//634 635//635
f 629//629 635//635 630//630
f 630//630 635//635 636//636
f 631//631 637//637 632//632
f 632//632 637//637 638//638
f 632//632 638//638 633//633
f 633//633 638//638 639//639
f 633//633 639//639 634//634
f 634//634 639//639 640//640
f 634//634 640//640 635//635
f 635//635 640//640 641//641
f 635//635 641//641 636//636
f 636//636 641//641 642//642
f 637//637 643//643 638//638
f 638//638 643//643 644//644
f 638//638 644//644 639//639
f 639//639 644//644 645//645
f 639//639 645//645 640//640
f 640//640 645//645 646//646
f 640//640 646//646 641//641
f 641//641 646//646 647//647
f 641//641 647//647 642//642
f 642//642 647//647 648//648
f 650//650 655//655 649//649
f 656//656 655//655 650//650
f 651//651 656//656 650//650
f 657//657 656//656 651//651
f 652//652 657//657 651//651
f 658//658 657//657 652//652
f 653//653 658//658 652//652
f 659//659 658//658 653//653
f 654//654 659//659 653//653
f 660//660 659//659 654//654
f 656//656 661//661 655//655
f 662//662 661//661 656//656
f 657//657 662//662 656//656
f 663//663 662//662 657//657
f 658//658 663//663 657//657
f 664//664 663//663 658//658
f 659//659 664//664 658//658
f 665//665 664//664 659//659
f 660//660 665//665 659//659
f 666//666 665//665 660//660
f 662//662 667//667 661//661
f 668//668 667//667 662//662
f 663//663 668//668 662//662
f 669//669 668//668 663//663
f 664//664 669//669 663//663
f 670//670 669//669 664//664
f 665//665 670//670 664//664
f 671//671 670//670 665//665
f 666//666 671//671 665//665
f 672//672 671//671 666//666
f 668//668 673//673 667//667
f 674//674 673//673 668//668
f 669//669 674//674 668//668
f 675//675 674//674 669//669
f 670//670 675//675 669//669
f 676//676 675//675 670//670
f 671//671 676//676 670//670
f 677//677 676//676 671//671
f 672//672 677//677 671//671
f 678//678 677//677 672//672
f 674//674 679//679 673//673
f 680//680 679//679 674//674
f 675//675 680//680 674//674
f 681//681 680//680 675//675
f 676//676 681//681 675//675
f 682//682 681//681 676//676
f 677//677 682//682 676//676
f 683//683 682//682 677//677
f 678//678 683//683 677//677
f 684//684 683//683 678//678
f 685//685 691//691 686//686
f 686//686 691//691 692//692
f 686//686 692//692 687//687
f 687//687 692//692 693//693
f 687//687 693//693 688//688
f 688//688 693//693 694//694
f 688//688 694//694 689//689
f 689//689 694//694 695//695
f 689//689 695//695 690//690
f 690//690 695//695 696//696
f 691//691 697//697 692//692
f 692//692 697//697 698//698
f 692//692 698//698 693//693
f 693//693 698//698 699//699
f 693//693 699//699 694//694
f 694//694 699//699 700//700
f 694//694 700//700 695//695
f 695//695 700//700 701//701
f 695//695 701//701 696//696
f 696//696 701//701 702//702
f 697//697 703//703 698//698
f 698//698 703//703 704//704
f 698//698 704//704 699//699
f 699//699 704//704 705//705
f 699//699 705//705 700//700
f 700//700 705//705 706//706
f 700//700 706//706 701//701
f 701//701 706//706 707//707
f 701//701 707//707 702//702
f 702//702 707//707 708//708
f 703//703 709//709 704//704
f 704//704 709//709 710//710
f 704//704 710//710 705//705
f 705//705 710//710 711//711
f 705//705 711//711 706//706
f 706//706 711//711 712//712
f 706//706 712//712 707//707
f 707//707 712//712 713//713
f 707//707 713//713 708//708
f 708//708 713//713 714//714
f 709//709 715//715 710//710
f 710//710 715//715 716//716
f 710//710 716//716 711//711
f 711//711 716//716 717//717
f 711//711 717//717 712//712
f 712//712 717//717 718//718
f 712//712 718//718 713//713
f 713//713 718//718 719//719
f 713//713 719//719 714//714
f 714//714 719//719 720//720
f 722//722 727//727 721//721
f 728//728 727//727 722//722
f 723//723 728//728 722//722
f 729//729 728//728 723//723
f 724//724 729//729 723//723
f 730//730 729//729 724//724
f 725//725 730//730 724//724
f 731//731 730//730 725//725
f 726//726 731//731 725//725
f 732//732 731//731 726//726
f 728//728 733//733 727//727
f 734//734 733//733 728//728
f 729//729 734//734 728//728
f 735//735 734//734 729//729
f 730//730 735//735 729//729
f 736//736 735//735 730//730
f 731//731 736//736 730//730
f 737//737 736//736 731//731
f 732//732 737//737 731//731
f 738//738 737//737 732//732
f 734//734 739//739 733//733
f 740//740 739//739 734//734
f 735//735 740//740 734//734
f 741//741 740//740 735//735
f 736//736 741//741 735//735
f 742//742 741//741 736//736
f 737//737 742//742 736//736
f 743//743 742//742 737//737
f 738//738 743//743 737//737
f 744//744 743//743 738//738
f 740//740 745//745 739//739
f 746//746 745//745 740//740
f 741//741 746//746 740//740
f 747//747 746//746 741//741
f 742//742 747//747 741//741
f 748//748 747//747 742//742
f 743//743 748//748 742//742
f 749//749 748//748 743//743
f 744//744 749//749 743//743
f 750//750 749//749 744//744
f 746//746 751//751 745//745
f 752//752 751//751 746//746
f 747//747 752//752 746//746
f 753//753 752//752 747//747
f 748//748 753//753 747//747
f 754//754 753//753 748//748
f 749//749 754//754 748//748
f 755//755 754//754 749//749
f 750//750 755//755 749//749
f 756//756 755//755 750//750
f 757//757 763//763 758//758
f 758//758 763//763 764//764
f 758//758 764//764 759//759
f 759//759 764//764 765//765
f 759//759 765//765 760//760
f 760//760 765//765 766//766
f 760//760 766//766 761//761
f 761//761 766//766 767//767
f 761//761 767//767 762//762
f 762//762 767//767 768//768
f 763//763 769//769 764//764
f 764//764 769//769 770//770
f 764//764 770//770 765//765
f 765//765 770//770 771//771
f 765//765 771//771 766//766
f 766//766 771//771 772//772
f 766//766 772//772 767//767
f 767//767 772//772 773//773
f 767//767 773//773 768//768
f 768//768 773//773 774//774
f 769//769 775//775 770//770
f 770//770 775//775 776//776
f 770//770 776//776 771//771
f 771//771 776//776 777//777
f 771//771 777//777 772//772
f 772//772 777//777 778//778
f 772//772 778//778 773//773
f 773//773 778//778 779//779
f 773//773 779//779 774//774
f 774//774 779//779 780//780
f 775//775 781//781 776//776
f 776//776 781//781 782//782
f 776//776 782//782 777//777
f 777//777 782//782 783//783
f 777//777 783//783 778//778
f 778//778 783//783 784//784
f 778//778 784//784 779//779
f 779//779 784//784 785//785
f 779//779 785//785 780//780
f 780//780 785//785 786//786
f 781//781 787//787 782//782
f 782//782 787//787 788//788
f 782//782 788//788 783//783
f 783//783 788//788 789//789
f 783//783 789//789 784//784
f 784//784 789//789 790//790
f 784//784 790//790 785//785
f 785//785 790//790 791//791
f 785//785 791//791 786//786
f 786//786 791//791 792//792
f 794//794 799//799 793//793
f 800//800 799//799 794//794
f 795//795 800//800 794//794
f 801//801 800//800 795//795
f 796//796 801//801 795//795
f 802//802 801//801 796//796
f 797//797 802//802 796//796
f 803//803 802//802 797//797
f 798//798 803//803 797//797
f 804//804 803//803 798//798
f 800//800 805//805 799//799
f 806//806 805//805 800//800
f 801//801 806//806 800//800
f 807//807 806//806 801//801
f 802//802 807//807 801//801
f 808//808 807//807 802//802
f 803//803 808//808 802//802
f 809//809 808//808 803//803
f 804//804 809//809 803//803
f 810//810 809//809 804//804
f 806//806 811//811 805//805
f 812//812 811//811 806//806
f 807//807 812//812 806//806
f 813//813 812//812 807//807
f 808//808 813//813 807//807
f 814//814 813//813 808//808
f 809//809 814//814 808//808
f 815//815 814//814 809//809
f 810//810 815//815 809//809
f 816//816 815//815 810//810
f 812//812 817//817 811//811
f 818//818 817//817 812//812
f 813//813 818//818 812//812
f 819//819 818//818 813//813
f 814//814 819//819 813//813
f 820//820 819//819 814//814
f 815//815 820//820 814//814
f 821//821 820//820 815//815
f 816//816 821//821 815//815
f 822//822 821//821 816//816
f 818//818 823//823 817//817
f 824//824 823//823 818//818
f 819//819 824//824 818//818
f 825//825 824//824 819//819
f 820//820 825//825 819//819
f 826//826 825//825 820//820
f 821//821 826//826 820//820
f 827//827 826//826 821//821
f 822//822 827//827 821//821
f 828//828 827//827 822//822
f 829//829 835//835 830//830
f 830//830 835//835 836//836
f 830//830 836//836 831//831
f 831//831 836//836 837//837
f 831//831 837//837 832//832
f 832//832 837//837 838//838
f 832//832 838//838 833//833
f 833//833 838//838 839//839
f 833//833 839//839 834//834
f 834//834 839//839 840//840
f 835//835 841//841 836//836
f 836//836 841//841 842//842
f 836//836 842//842 837//837
f 837//837 842//842 843//843
f 837//837 843//843 838//838
f 838//838 843//843 844//844
f 838//838 844//844 839//839
f 839//839 844//844 845//845
f 839//839 845//845 840//840
f 840//840 845//845 846//846
f 841//841 847//847 842//842
f 842//842 847//847 848//848
f 842//842 848//848 843//843
f 843//843 848//848 849//849
f 843//843 849//849 844//844
f 844//844 849//849 850//850
f 844//844 850//850 845//845
f 845//845 850//850 851//851
f 845//845 851//851 846//846
f 846//846 851//851 852//852
f 847//847 853//853 848//848
f 848//848 853//853 854//854
f 848//848 854//854 849//849
f 849//849 854//854 855//855
f 849//849 855//855 850//850
f 850//850 855//855 856//856
f 850//850 856//856 851//851
f 851//851 856//856 857//857
f 851//851 857//857 852//852
f 852//852 857//857 858//858
f 853//853 859//859 854//854
f 854//854 859//859 860//860
f 854//854 860//860 855//855
f 855//855 860//860 861//861
f 855//855 861//861 856//856
f 856//856 861//861 862//862
f 856//856 862//862 857//857
f 857//857 862//862 863//863
f 857//857 863//863 858//858
f 858//858 863//863 864//864
f 865//865 906//906 866//866
f 866//866 906//906 907//907
f 866//866 907//907 867//867
f 867//867 907//907 908//908
f 867//867 908//908 868//868
f 868//868 908//908 909//909
f 868//868 909//909 869//869
f 869//869 909//909 910//910
f 869//869 910//910 870//870
f 870//870 910//910 911//911
f 870//870 911//911 871//871
f 871//871 911//911 912//912
f 871//871 912//912 872//872
f 872//872 912//912 913//913
f 872//872 913//913 873//873
f 873//873 913//913 914//914
f 873//873 914//914 874//874
f 874//874 914//914 915//915
f 874//874 915//915 875//875
f 875//875 915//915 916//916
f 875//875 916//916 876//876
f 876//876 916//916 917//917
f 876//876 917//917 877//877
f 877//877 917//917 918//918
f 877//877 918//918 878//878
f 878//878 918//918 919//919
f 878//878 919//919 879//879
f 879//879 919//919 920//920
f 879//879 920//920 880//880
f 880//880 920//920 921//921
f 880//880 921//921 881//881
f 881//881 921//921 922//922
f 881//881 922//922 882//882
f 882//882 922//922 923//923
f 882//882 923//923 883//883
f 883//883 923//923 924//924
f 883//883 924//924 884//884
f 884//884 924//924 925//925
f 884//884 925//925 885//885
f 885//885 925//925 926//926
f 885//885 926//926 886//886
f 886//886 926//926 927//927
f 886//886 927//927 887//887
f 887//887 927//927 928//928
f 887//887 928//928 888//888
f 888//888 928//928 929//929
f 888//888 929//929 889//889
f 889//889 929//929 930//930
f 889//889 930//930 890//890
f 890//890 930//930 931//931
f 890//890 931//931 891//891
f 891//891 931//931 932//932
f 891//891 932//932 892//892
f 892//892 932//932 933//933
f 892//892 933//933 893//893
f 893//893 933//933 934//934
f 893//893 934//934 894//894
f 894//894 934//934 935//935
f 894//894 935//935 895//895
f 895//895 935//935 936//936
f 895//895 936//936 896//896
f 896//896 936//936 937//937
f 896//896 937//937 897//897
f 897//897 937//937 938//938
f 897//897 938//938 898//898
f 898//898 938//938 939//939
f 898//898 939//939 899//899
f 899//899 939//939 940//940
f 899//899 940//940 900//900
f 900//900 940//940 941//941
f 900//900 941//941 901//901
f 901//901 941//941 942//942
f 901//901 942//942 902//902
f 902//902 942//942 943//943
f 902//902 943//943 903//903
f 903//903 943//943 944//944
f 903//903 944//944 904//904
f 904//904 944//944 945//945
f 904//904 945//945 905//905
f 905//905 945//945 946//946
f 906//906 947//947 907//907
f 907//907 947//947 948//948
f 907//907 948//948 908//908
f 908//908 948//948 949//949
f 908//908 949//949 909//909
f 909//909 949//949 950//950
f 909//909 950//950 910//910
f 910//910 950//950 951//951
f 910//910 951//951 911//911
f 911//911 951//951 952//952
f 911//911 952//952 912//912
f 912//912 952//952 953//953
f 912//912 953//953 913//913
f 913//913 953//953 954//954
f 913//913 954//954 914//914
f 914//914 954//954 955//955
f 914//914 955//955 915//915
f 915//915 955//955 956//956
f 915//915 956//956 916//916
f 916//916 956//956 957//957
f 916//916 957//957 917//917
f 917//917 957//957 958//958
f 917//917 958//958 918//918
f 918//918 958//958 959//959
f 918//918 959//959 919//919
f 919//919 959//959 960//960
f 919//919 960//960 920//920
f 920//920 960//960 961//961
f 920//920 961//961 921//921
f 921//921 961//961 962//962
f 921//921 962//962 922//922
f 922//922 962//962 963//963
f 922//922 963//963 923//923
f 923//923 963//963 964//964
f 923//923 964//964 924//924
f 924//924 964//964 965//965
f 924//924 965//965 925//925
f 925//925 965//965 966//966
f 925//925 966//966 926//926
f 926//926 966//966 967//967
f 926//926 967//967 927//927
f 927//927 967//967 968//968
f 927//927 968//968 928//928
f 928//928 968//968 969//969
f 928//928 969//969 929//929
f 929//929 969//969 970//970
f 929//929 970//970 930//930
f 930//930 970//970 971//971
f 930//930 971//971 931//931
f 931//931 971//971 972//972
f 931//931 972//972 932//932
f 932//932 972//972 973//973
f 932//932 973//973 933//933
f 933//933 973//973 974//974
f 933//933 974//974 934//934
f 934//934 974//974 975//975
f 934//934 975//975 935//935
f 935//935 975//975 976//976
f 935//935 976//976 936//936
f 936//936 976//976 977//977
f 936//936 977//977 937//937
f 937//937 977//977 978//978
f 937//937 978//978 938//938
f 938//938 978//978 979//979
f 938//938 979//979 939//939
f 939//939 979//979 980//980
f 939//939 980//980 940//940
f 940//940 980//980 981//981
f 940//940 981//981 941//941
f 941//941 981//981 982//982
f 941//941 982//982 942//942
f 942//942 982//982 983//983
f 942//942 983//983 943//943
f 943//943 983//983 984//984
f 943//943 984//984 944//944
f 944//944 984//984 985//985
f 944//944 985//985 945//945
f 945//945 985//985 986//986
f 945//945 986//986 946//946
f 946//946 986//986 987//987
f 947//947 988//988 948//948
f 948//948 988//988 989//989
f 948//948 989//989 949//949
f 949//949 989//989 990//990
f 949//949 990//990 950//950
f 950//950 990//990 991//991
f 950//950 991//991 951//951
f 951//951 991//991 992//992
f 951//951 992//992 952//952
f 952//952 992//992 993//993
f 952//952 993//993 953//953
f 953//953 993//993 994//994
f 953//953 994//994 954//954
f 954//954 994//994 995//995
f 954//954 995//995 955//955
f 955//955 995//995 996//996
f 955//955 996//996 956//956
f 956//956 996//996 997//997
f 956//956 997//997 957//957
f 957//957 997//997 998//998
f 957//957 998//998 958//958
f 958//958 998//998 999//999
f 958//958 999//999 959//959
f 959//959 999//999 1000//1000
f 959//959 1000//1000 960//960
f 960//960 1000//1000 1001//1001
f 960//960 1001//1001 961//961
f 961//961 1001//1001 1002//1002
f 961//961 1002//1002 962//962
f 962//962 1002//1002 1003//1003
f 962//962 1003//1003 963//963
f 963//963 1003//1003 1004//1004
f 963//963 1004//1004 964//964
f 964//964 1004//1004 1005//1005
f 964//964 1005//1005 965//965
f 965//965 1005//1005 1006//1006
f 965//965 1006//1006 966//966
f 966//966 1006//1006 1007//1007
f 966//966 1007//1007 967//967
f 967//967 1007//1007 1008//1008
f 967//967 1008//1008 968//968
f 968//968 1008//1008 1009//1009
f 968//968 1009//1009 969//969
f 969//969 1009//1009 1010//1010
f 969//969 1010//1010 970//970
f 970//970 1010//1010 1011//1011
f 970//970 1011//1011 971//971
f 971//971 1011//1011 1012//1012
f 971//971 1012//1012 972//972
f 972//972 1012//1012 1013//1013
f 972//972 1013//1013 973//973
f 973//973 1013//1013 1014//1014
f 973//973 1014//1014 974//974
f 974//974 1014//1014 1015//1015
f 974//974 1015//1015 975//975
f 975//975 1015//1015 1016//1016
f 975//975 1016//1016 976//976
f 976//976 1016//1016 1017//1017
f 976//976 1017//1017 977//977
f 977//977 1017//1017 1018//1018
f 977//977 1018//1018 978//978
f 978//978 1018//1018 1019//1019
f 978//978 1019//1019 979//979
f 979//979 1019//1019 1020//1020
f 979//979 1020//1020 980//980
f 980//980 1020//1020 1021//1021
f 980//980 1021//1021 981//981
f 981//981 1021//1021 1022//1022
f 981//981 1022//1022 982//982
f 982//982 1022//1022 1023//1023
f 982//982 1023//1023 983//983
f 983//983 1023//1023 1024//1024
f 983//983 1024//1024 984//984
f 984//984 1024//1024 1025//1025
f 984//984 1025//1025 985//985
f 985//985 1025//1025 1026//1026
f 985//985 1026//1026 986//986
f 986//986 1026//1026 1027//1027
f 986//986 1027//1027 987//987
f 987//987 1027//1027 1028//1028
f 988//988 1029//1029 989//989
f 989//989 1029//1029 1030//1030
f 989//989 1030//1030 990//990
f 990//990 1030//1030 1031//1031
f 990//990 1031//1031 991//991
f 991//991 1031//1031 1032//1032
f 991//991 1032//1032 992//992
f 992//992 1032//1032 1033//1033
f 992//992 1033//1033 993//993
f 993//993 1033//1033 1034//1034
f 993//993 1034//1034 994//994
f 994//994 1034//1034 1035//1035
f 994//994 1035//1035 995//995
f 995//995 1035//1035 1036//1036
f 995//995 1036//1036 996//996
f 996//996 1036//1036 1037//1037
f 996//996 1037//1037 997//997
f 997//997 1037//1037 1038//1038
f 997//997 1038//1038 998//998
f 998//998 1038//1038 1039//1039
f 998//998 1039//1039 999//999
f 999//999 1039//1039 1040//1040
f 999//999 1040//1040 1000//1000
f 1000//1000 1040//1040 1041//1041
f 1000//1000 1041//1041 1001//1001
f 1001//1001 1041//1041 1042//1042
f 1001//1001 1042//1042 1002//1002
f 1002//1002 1042//1042 1043//1043
f 1002//1002 1043//1043 1003//1003
f 1003//1003 1043//1043 1044//1044
f 1003//1003 1044//1044 1004//1004
f 1004//1004 1044//1044 1045//1045
f 1004//1004 1045//1045 1005//1005
f 1005//1005 1045//1045 1046//1046
f 1005//1005 1046//1046 1006//1006
f 1006//1006 1046//1046 1047//1047
f 1006//1006 1047//1047 1007//1007
f 1007//1007 1047//1047 1048//1048
f 1007//1007 1048//1048 1008//1008
f 1008//1008 1048//1048 1049//1049
f 1008//1008 1049//1049 1009//1009
f 1009//1009 1049//1049 1050//1050
f 1009//1009 1050//1050 1010//1010
f 1010//1010 1050//1050 1051//1051
f 1010//1010 1051//1051 1011//1011
f 1011//1011 1051//1051 1052//1052
f 1011//1011 1052//1052 1012//1012
f 1012//1012 1052//1052 1053//1053
f 1012//1012 1053//1053 1013//1013
f 1013//1013 1053//1053 1054//1054
f 1013//1013 1054//1054 1014//1014
f 1014//1014 1054//1054 1055//1055
f 1014//1014 1055//1055 1015//1015
f 1015//1015 1055//1055 1056//1056
f 1015//1015 1056//1056 1016//1016
f 1016//1016 1056//1056 1057//1057
f 1016//1016 1057//1057 1017//1017
f 1017//1017 1057//1057 1058//1058
f 1017//1017 1058//1058 1018//1018
f 1018//1018 1058//1058 1059//1059
f 1018//1018 1059//1059 1019//1019
f 1019//1019 1059//1059 1060//1060
f 1019//1019 1060//1060 1020//1020
f 1020//1020 1060//1060 1061//1061
f 1020//1020 1061//1061 1021//1021
f 1021//1021 1061//1061 1062//1062
f 1021//1021 1062//1062 1022//1022
f 1022//1022 1062//1062 1063//1063
f 1022//1022 1063//1063 1023//1023
f 1023//1023 1063//1063 1064//1064
f 1023//1023 1064//1064 1024//1024
f 1024//1024 1064//1064 1065//1065
f 1024//1024 1065//1065 1025//1025
f 1025//1025 1065//1065 1066//1066
f 1025//1025 1066//1066 1026//1026
f 1026//1026 1066//1066 1067//1067
f 1026//1026 1067//1067 1027//1027
f 1027//1027 1067//1067 1068//1068
f 1027//1027 1068//1068 1028//1028
f 1028//1028 1068//1068 1069//1069
f 1029//1029 1070//1070 1030//1030
f 1030//1030 1070//1070 1071//1071
f 1030//1030 1071//1071 1031//1031
f 1031//1031 1071//1071 1072//1072
f 1031//1031 1072//1072 1032//1032
f 1032//1032 1072//1072 1073//1073
f 1032//1032 1073//1073 1033//1033
f 1033//1033 1073//1073 1074//1074
f 1033//1033 1074//1074 1034//1034
f 1034//1034 1074//1074 1075//1075
f 1034//1034 1075//1075 1035//1035
f 1035//1035 1075//1075 1076//1076
f 1035//1035 1076//1076 1036//1036
f 1036//1036 1076//1076 1077//1077
f 1036//1036 1077//1077 1037//1037
f 1037//1037 1077//1077 1078//1078
f 1037//1037 1078//1078 1038//1038
f 1038//1038 1078//1078 1079//1079
f 1038//1038 1079//1079 1039//1039
f 1039//1039 1079//1079 1080//1080
f 1039//1039 1080//1080 1040//1040
f 1040//1040 1080//1080 1081//1081
f 1040//1040 1081//1081 1041//1041
f 1041//1041 1081//1081 1082//1082
f 1041//1041 1082//1082 1042//1042
f 1042//1042 1082//1082 1083//1083
f 1042//1042 1083//1083 1043//1043
f 1043//1043 1083//1083 1084//1084
f 1043//1043 1084//1084 1044//1044
f 1044//1044 1084//1084 1085//1085
f 1044//1044 1085//1085 1045//1045
f 1045//1045 1085//1085 1086//1086
f 1045//1045 1086//1086 1046//1046
f 1046//1046 1086//1086 1087//1087
f 1046//1046 1087//1087 1047//1047
f 1047//1047 1087//1087 1088//1088
f 1047//1047 1088//1088 1048//1048
f 1048//1048 1088//1088 1089//1089
f 1048//1048 1089//1089 1049//1049
f 1049//1049 1089//1089 1090//1090
f 1049//1049 1090//1090 1050//1050
f 1050//1050 1090//1090 1091//1091
f 1050//1050 1091//1091 1051//1051
f 1051//1051 1091//1091 1092//1092
f 1051//1051 1092//1092 1052//1052
f 1052//1052 1092//1092 1093//1093
f 1052//1052 1093//1093 1053//1053
f 1053//1053 1093//1093 1094//1094
f 1053//1053 1094//1094 1054//1054
f 1054//1054 1094//1094 1095//1095
f 1054//1054 1095//1095 1055//1055
f 1055//1055 1095//1095 1096//1096
f 1055//1055 1096//1096 1056//1056
f 1056//1056 1096//1096 1097//1097
f 1056//1056 1097//1097 1057//1057
f 1057//1057 1097//1097 1098//1098
f 1057//1057 1098//1098 1058//1058
f 1058//1058 1098//1098 1099//1099
f 1058//1058 1099//1099 1059//1059
f 1059//1059 1099//1099 1100//1100
f 1059//1059 1100//1100 1060//1060
f 1060//1060 1100//1100 1101//1101
f 1060//1060 1101//1101 1061//1061
f 1061//1061 1101//1101 1102//1102
f 1061//1061 1102//1102 1062//1062
f 1062//1062 1102//1102 1103//1103
f 1062//1062 1103//1103 1063//1063
f 1063//1063 1103//1103 1104//1104
f 1063//1063 1104//1104 1064//1064
f 1064//1064 1104//1104 1105//1105
f 1064//1064 1105//1105 1065//1065
f 1065//1065 1105//1105 1106//1106
f 1065//1065 1106//1106 1066//1066
f 1066//1066 1106//1106 1107//1107
f 1066//1066 1107//1107 1067//1067
f 1067//1067 1107//1107 1108//1108
f 1067//1067 1108//1108 1068//1068
f 1068//1068 1108//1108 1109//1109
f 1068//1068 1109//1109 1069//1069
f 1069//1069 1109//1109 1110//1110
f 1070//1070 1111//1111 1071//1071
f 1071//1071 1111//1111 1112//1112
f 1071//1071 1112//1112 1072//1072
f 1072//1072 1112//1112 1113//1113
f 1072//1072 1113//1113 1073//1073
f 1073//1073 1113//1113 1114//1114
f 1073//1073 1114//1114 1074//1074
f 1074//1074 1114//1114 1115//1115
f 1074//1074 1115//1115 1075//1075
f 1075//1075 1115//1115 1116//1116
f 1075//1075 1116//1116 1076//1076
f 1076//1076 1116//1116 1117//1117
f 1076//1076 1117//1117 1077//1077
f 1077//1077 1117//1117 1118//1118
f 1077//1077 1118//1118 1078//1078
f 1078//1078 1118//1118 1119//1119
f 1078//1078 1119//1119 1079//1079
f 1079//1079 1119//1119 1120//1120
f 1079//1079 1120//1120 1080//1080
f 1080//1080 1120//1120 1121//1121
f 1080//1080 1121//1121 1081//1081
f 1081//1081 1121//1121 1122//1122
f 1081//1081 1122//1122 1082//1082
f 1082//1082 1122//1122 1123//1123
f 1082//1082 1123//1123 1083//1083
f 1083//1083 1123//1123 1124//1124
f 1083//1083 1124//1124 1084//1084
f 1084//1084 1124//1124 1125//1125
f 1084//1084 1125//1125 1085//1085
f 1085//1085 1125//1125 1126//1126
f 1085//1085 1126//1126 1086//1086
f 1086//1086 1126//1126 1127//1127
f 1086//1086 1127//1127 1087//1087
f 1087//1087 1127//1127 1128//1128
f 1087//1087 1128//1128 1088//1088
f 1088//1088 1128//1128 1129//1129
f 1088//1088 1129//1129 1089//1089
f 1089//1089 1129//1129 1130//1130
f 1089//1089 1130//1130 1090//1090
f 1090//1090 1130//1130 1131//1131
f 1090//1090 1131//1131 1091//1091
f 1091//1091 1131//1131 1132//1132
f 1091//1091 1132//1132 1092//1092
f 1092//1092 1132//1132 1133//1133
f 1092//1092 1133//1133 1093//1093
f 1093//1093 1133//1133 1134//1134
f 1093//1093 1134//1134 1094//1094
f 1094//1094 1134//1134 1135//1135
f 1094//1094 1135//1135 1095//1095
f 1095//1095 1135//1135 1136//1136
f 1095//1095 1136//1136 1096//1096
f 1096//1096 1136//1136 1137//1137
f 1096//1096 1137//1137 1097//1097
f 1097//1097 1137//1137 1138//1138
f 1097//1097 1138//1138 1098//1098
f 1098//1098 1138//1138 1139//1139
f 1098//1098 1139//1139 1099//1099
f 1099//1099 1139//1139 1140//1140
f 1099//1099 1140//1140 1100//1100
f 1100//1100 1140//1140 1141//1141
f 1100//1100 1141//1141 1101//1101
f 1101//1101 1141//1141 1142//1142
f 1101//1101 1142//1142 1102//1102
f 1102//1102 1142//1142 1143//1143
f 1102//1102 1143//1143 1103//1103
f 1103//1103 1143//1143 1144//1144
f 1103//1103 1144//1144 1104//1104
f 1104//1104 1144//1144 1145//1145
f 1104//1104 1145//1145 1105//1105
f 1105//1105 1145//1145 1146//1146
f 1105//1105 1146//1146 1106//1106
f 1106//1106 1146//1146 1147//1147
f 1106//1106 1147//1147 1107//1107
f 1107//1107 1147//1147 1148//1148
f 1107//1107 1148//1148 1108//1108
f 1108//1108 1148//1148 1149//1149
f 1108//1108 1149//1149 1109//1109
f 1109//1109 1149//1149 1150//1150
f 1109//1109 1150//1150 1110//1110
f 1110//1110 1150//1150 1151//1151
f 1111//1111 1152//1152 1112//1112
f 1112//1112 1152//1152 1153//1153
f 1112//1112 1153//1153 1113//1113
f 1113//1113 1153//1153 1154//1154
f 1113//1113 1154//1154 1114//1114
f 1114//1114 1154//1154 1155//1155
f 1114//1114 1155//1155 1115//1115
f 1115//1115 1155//1155 1156//1156
f 1115//1115 1156//1156 1116//1116
f 1116//1116 1156//1156 1157//1157
f 1116//1116 1157//1157 1117//1117
f 1117//1117 1157//1157 1158//1158
f 1117//1117 1158//1158 1118//1118
f 1118//1118 1158//1158 1159//1159
f 1118//1118 1159//1159 1119//1119
f 1119//1119 1159//1159 1160//1160
f 1119//1119 1160//1160 1120//1120
f 1120//1120 1160//1160 1161//1161
f 1120//1120 1161//1161 1121//1121
f 1121//1121 1161//1161 1162//1162
f 1121//1121 1162//1162 1122//1122
f 1122//1122 1162//1162 1163//1163
f 1122//1122 1163//1163 1123//1123
f 1123//1123 1163//1163 1164//1164
f 1123//1123 1164//1164 1124//1124
f 1124//1124 1164//1164 1165//1165
f 1124//1124 1165//1165 1125//1125
f 1125//1125 1165//1165 1166//1166
f 1125//1125 1166//1166 1126//1126
f 1126//1126 1166//1166 1167//1167
f 1126//1126 1167//1167 1127//1127
f 1127//1127 1167//1167 1168//1168
f 1127//1127 1168//1168 1128//1128
f 1128//1128 1168//1168 1169//1169
f 1128//1128 1169//1169 1129//1129
f 1129//1129 1169//1169 1170//1170
f 1129//1129 1170//1170 1130//1130
f 1130//1130 1170//1170 1171//1171
f 1130//1130 1171//1171 1131//1131
f 1131//1131 1171//1171 1172//1172
f 1131//1131 1172//1172 1132//1132
f 1132//1132 1172//1172 1173//1173
f 1132//1132 1173//1173 1133//1133
f 1133//1133 1173//1173 1174//1174
f 1133//1133 1174//1174 1134//1134
f 1134//1134 1174//1174 1175//1175
f 1134//1134 1175//1175 1135//1135
f 1135//1135 1175//1175 1176//1176
f 1135//1135 1176//1176 1136//1136
f 1136//1136 1176//1176 1177//1177
f 1136//1136 1177//1177 1137//1137
f 1137//1137 1177//1177 1178//1178
f 1137//1137 1178//1178 1138//1138
f 1138//1138 1178//1178 1179//1179
f 1138//1138 1179//1179 1139//1139
f 1139//1139 1179//1179 1180//1180
f 1139//1139 1180//1180 1140//1140
f 1140//1140 1180//1180 1181//1181
f 1140//1140 1181//1181 1141//1141
f 1141//1141 1181//1181 1182//1182
f 1141//1141 1182//1182 1142//1142
f 1142//1142 1182//1182 1183//1183
f 1142//1142 1183//1183 1143//1143
f 1143//1143 1183//1183 1184//1184
f 1143//1143 1184//1184 1144//1144
f 1144//1144 1184//1184 1185//1185
f 1144//1144 1185//1185 1145//1145
f 1145//1145 1185//1185 1186//1186
f 1145//1145 1186//1186 1146//1146
f 1146//1146 1186//1186 1187//1187
f 1146//1146 1187//1187 1147//1147
f 1147//1147 1187//1187 1188//1188
f 1147//1147 1188//1188 1148//1148
f 1148//1148 1188//1188 1189//1189
f 1148//1148 1189//1189 1149//1149
f 1149//1149 1189//1189 1190//1190
f 1149//1149 1190//1190 1150//1150
f 1150//1150 1190//1190 1191//1191
f 1150//1150 1191//1191 1151//1151
f 1151//1151 1191//1191 1192//1192
f 1152//1152 1193//1193 1153//1153
f 1153//1153 1193//1193 1194//1194
f 1153//1153 1194//1194 1154//1154
f 1154//1154 1194//1194 1195//1195
f 1154//1154 1195//1195 1155//1155
f 1155//1155 1195//1195 1196//1196
f 1155//1155 1196//1196 1156//1156
f 1156//1156 1196//1196 1197//1197
f 1156//1156 1197//1197 1157//1157
f 1157//1157 1197//1197 1198//1198
f 1157//1157 1198//1198 1158//1158
f 1158//1158 1198//1198 1199//1199
f 1158//1158 1199//1199 1159//1159
f 1159//1159 1199//1199 1200//1200
f 1159//1159 1200//1200 1160//1160
f 1160//1160 1200//1200 1201//1201
f 1160//1160 1201//1201 1161//1161
f 1161//1161 1201//1201 1202//1202
f 1161//1161 1202//1202 1162//1162
f 1162//1162 1202//1202 1203//1203
f 1162//1162 1203//1203 1163//1163
f 1163//1163 1203//1203 1204//1204
f 1163//1163 1204//1204 1164//1164
f 1164//1164 1204//1204 1205//1205
f 1164//1164 1205//1205 1165//1165
f 1165//1165 1205//1205 1206//1206
f 1165//1165 1206//1206 1166//1166
f 1166//1166 1206//1206 1207//1207
f 1166//1166 1207//1207 1167//1167
f 1167//1167 1207//1207 1208//1208
f 1167//1167 1208//1208 1168//1168
f 1168//1168 1208//1208 1209//1209
f 1168//1168 1209//1209 1169//1169
f 1169//1169 1209//1209 1210//1210
f 1169//1169 1210//1210 1170//1170
f 1170//1170 1210//1210 1211//1211
f 1170//1170 1211//1211 1171//1171
f 1171//1171 1211//1211 1212//1212
f 1171//1171 1212//1212 1172//1172
f 1172//1172 1212//1212 1213//1213
f 1172//1172 1213//1213 1173//1173
f 1173//1173 1213//1213 1214//1214
f 1173//1173 1214//1214 1174//1174
f 1174//1174 1214//1214 1215//1215
f 1174//1174 1215//1215 1175//1175
f 1175//1175 1215//1215 1216//1216
f 1175//1175 1216//1216 1176//1176
f 1176//1176 1216//1216 1217//1217
f 1176//1176 1217//1217 1177//1177
f 1177//1177 1217//1217 1218//1218
f 1177//1177 1218//1218 1178//1178
f 1178//1178 1218//1218 1219//1219
f 1178//1178 1219//1219 1179//1179
f 1179//1179 1219//1219 1220//1220
f 1179//1179 1220//1220 1180//1180
f 1180//1180 1220//1220 1221//1221
f 1180//1180 1221//1221 1181//1181
f 1181//1181 1221//1221 1222//1222
f 1181//1181 1222//1222 1182//1182
f 1182//1182 1222//1222 1223//1223
f 1182//1182 1223//1223 1183//1183
f 1183//1183 1223//1223 1224//1224
f 1183//1183 1224//1224 1184//1184
f 1184//1184 1224//1224 1225//1225
f 1184//1184 1225//1225 1185//1185
f 1185//1185 1225//1225 1226//1226
f 1185//1185 1226//1226 1186//1186
f 1186//1186 1226//1226 1227//1227
f 1186//1186 1227//1227 1187//1187
f 1187//1187 1227//1227 1228//1228
f 1187//1187 1228//1228 1188//1188
f 1188//1188 1228//1228 1229//1229
f 1188//1188 1229//1229 1189//1189
f 1189//1189 1229//1229 1230//1230
f 1189//1189 1230//1230 1190//1190
f 1190//1190 1230//1230 1231//1231
f 1190//1190 1231//1231 1191//1191
f 1191//1191 1231//1231 1232//1232
f 1191//1191 1232//1232 1192//1192
f 1192//1192 1232//1232 1233//1233
o station-pot_oakLight
usemtl oakLight
v -0.376528 0.356301 -0.376528
v -0.379375 0.354365 -0.368750
v -0.380664 0.353488 -0.358125
v -0.380664 0.353488 0.358125
v -0.379375 0.354365 0.368750
v -0.376528 0.356301 0.376528
v -0.379375 0.361590 -0.379375
v -0.384151 0.359966 -0.371138
v -0.386635 0.359122 -0.358125
v -0.386635 0.359122 0.358125
v -0.384151 0.359966 0.371138
v -0.379375 0.361590 0.379375
v -0.380664 0.368815 -0.380664
v -0.386635 0.368815 -0.372380
v -0.390000 0.368815 -0.358125
v -0.390000 0.368815 0.358125
v -0.386635 0.368815 0.372380
v -0.380664 0.368815 0.380664
v -0.380664 0.376465 -0.380664
v -0.386635 0.376465 -0.372380
v -0.390000 0.376465 -0.358125
v -0.390000 0.376465 0.358125
v -0.386635 0.376465 0.372380
v -0.380664 0.376465 0.380664
v -0.379375 0.383690 -0.379375
v -0.384151 0.385314 -0.371138
v -0.386635 0.386158 -0.358125
v -0.386635 0.386158 0.358125
v -0.384151 0.385314 0.371138
v -0.379375 0.383690 0.379375
v -0.376528 0.388979 -0.376528
v -0.379375 0.390915 -0.368750
v -0.380664 0.391792 -0.358125
v -0.380664 0.391792 0.358125
v -0.379375 0.390915 0.368750
v -0.376528 0.388979 0.376528
v 0.376528 0.356301 -0.376528
v 0.379375 0.354365 -0.368750
v 0.380664 0.353488 -0.358125
v 0.380664 0.353488 0.358125
v 0.379375 0.354365 0.368750
v 0.376528 0.356301 0.376528
v 0.379375 0.361590 -0.379375
v 0.384151 0.359966 -0.371138
v 0.386635 0.359122 -0.358125
v 0.386635 0.359122 0.358125
v 0.384151 0.359966 0.371138
v 0.379375 0.361590 0.379375
v 0.380664 0.368815 -0.380664
v 0.386635 0.368815 -0.372380
v 0.390000 0.368815 -0.358125
v 0.390000 0.368815 0.358125
v 0.386635 0.368815 0.372380
v 0.380664 0.368815 0.380664
v 0.380664 0.376465 -0.380664
v 0.386635 0.376465 -0.372380
v 0.390000 0.376465 -0.358125
v 0.390000 0.376465 0.358125
v 0.386635 0.376465 0.372380
v 0.380664 0.376465 0.380664
v 0.379375 0.383690 -0.379375
v 0.384151 0.385314 -0.371138
v 0.386635 0.386158 -0.358125
v 0.386635 0.386158 0.358125
v 0.384151 0.385314 0.371138
v 0.379375 0.383690 0.379375
v 0.376528 0.388979 -0.376528
v 0.379375 0.390915 -0.368750
v 0.380664 0.391792 -0.358125
v 0.380664 0.391792 0.358125
v 0.379375 0.390915 0.368750
v 0.376528 0.388979 0.376528
v -0.376528 0.356301 -0.376528
v -0.368750 0.354365 -0.379375
v -0.358125 0.353488 -0.380664
v 0.358125 0.353488 -0.380664
v 0.368750 0.354365 -0.379375
v 0.376528 0.356301 -0.376528
v -0.379375 0.354365 -0.368750
v -0.371138 0.351117 -0.371138
v -0.358125 0.349428 -0.372380
v 0.358125 0.349428 -0.372380
v 0.371138 0.351117 -0.371138
v 0.379375 0.354365 -0.368750
v -0.380664 0.353488 -0.358125
v -0.372380 0.349428 -0.358125
v -0.358125 0.347140 -0.358125
v 0.358125 0.347140 -0.358125
v 0.372380 0.349428 -0.358125
v 0.380664 0.353488 -0.358125
v -0.380664 0.353488 0.358125
v -0.372380 0.349428 0.358125
v -0.358125 0.347140 0.358125
v 0.358125 0.347140 0.358125
v 0.372380 0.349428 0.358125
v 0.380664 0.353488 0.358125
v -0.379375 0.354365 0.368750
v -0.371138 0.351117 0.371138
v -0.358125 0.349428 0.372380
v 0.358125 0.349428 0.372380
v 0.371138 0.351117 0.371138
v 0.379375 0.354365 0.368750
v -0.376528 0.356301 0.376528
v -0.368750 0.354365 0.379375
v -0.358125 0.353488 0.380664
v 0.358125 0.353488 0.380664
v 0.368750 0.354365 0.379375
v 0.376528 0.356301 0.376528
v -0.376528 0.388979 -0.376528
v -0.368750 0.390915 -0.379375
v -0.358125 0.391792 -0.380664
v 0.358125 0.391792 -0.380664
v 0.368750 0.390915 -0.379375
v 0.376528 0.388979 -0.376528
v -0.379375 0.390915 -0.368750
v -0.371138 0.394163 -0.371138
v -0.358125 0.395852 -0.372380
v 0.358125 0.395852 -0.372380
v 0.371138 0.394163 -0.371138
v 0.379375 0.390915 -0.368750
v -0.380664 0.391792 -0.358125
v -0.372380 0.395852 -0.358125
v -0.358125 0.398140 -0.358125
v 0.358125 0.398140 -0.358125
v 0.372380 0.395852 -0.358125
v 0.380664 0.391792 -0.358125
v -0.380664 0.391792 0.358125
v -0.372380 0.395852 0.358125
v -0.358125 0.398140 0.358125
v 0.358125 0.398140 0.358125
v 0.372380 0.395852 0.358125
v 0.380664 0.391792 0.358125
v -0.379375 0.390915 0.368750
v -0.371138 0.394163 0.371138
v -0.358125 0.395852 0.372380
v 0.358125 0.395852 0.372380
v 0.371138 0.394163 0.371138
v 0.379375 0.390915 0.368750
v -0.376528 0.388979 0.376528
v -0.368750 0.390915 0.379375
v -0.358125 0.391792 0.380664
v 0.358125 0.391792 0.380664
v 0.368750 0.390915 0.379375
v 0.376528 0.388979 0.376528
v -0.376528 0.356301 -0.376528
v -0.379375 0.361590 -0.379375
v -0.380664 0.368815 -0.380664
v -0.380664 0.376465 -0.380664
v -0.379375 0.383690 -0.379375
v -0.376528 0.388979 -0.376528
v -0.368750 0.354365 -0.379375
v -0.371138 0.359966 -0.384151
v -0.372380 0.368815 -0.386635
v -0.372380 0.376465 -0.386635
v -0.371138 0.385314 -0.384151
v -0.368750 0.390915 -0.379375
v -0.358125 0.353488 -0.380664
v -0.358125 0.359122 -0.386635
v -0.358125 0.368815 -0.390000
v -0.358125 0.376465 -0.390000
v -0.358125 0.386158 -0.386635
v -0.358125 0.391792 -0.380664
v 0.358125 0.353488 -0.380664
v 0.358125 0.359122 -0.386635
v 0.358125 0.368815 -0.390000
v 0.358125 0.376465 -0.390000
v 0.358125 0.386158 -0.386635
v 0.358125 0.391792 -0.380664
v 0.368750 0.354365 -0.379375
v 0.371138 0.359966 -0.384151
v 0.372380 0.368815 -0.386635
v 0.372380 0.376465 -0.386635
v 0.371138 0.385314 -0.384151
v 0.368750 0.390915 -0.379375
v 0.376528 0.356301 -0.376528
v 0.379375 0.361590 -0.379375
v 0.380664 0.368815 -0.380664
v 0.380664 0.376465 -0.380664
v 0.379375 0.383690 -0.379375
v 0.376528 0.388979 -0.376528
v -0.376528 0.356301 0.376528
v -0.379375 0.361590 0.379375
v -0.380664 0.368815 0.380664
v -0.380664 0.376465 0.380664
v -0.379375 0.383690 0.379375
v -0.376528 0.388979 0.376528
v -0.368750 0.354365 0.379375
v -0.371138 0.359966 0.384151
v -0.372380 0.368815 0.386635
v -0.372380 0.376465 0.386635
v -0.371138 0.385314 0.384151
v -0.368750 0.390915 0.379375
v -0.358125 0.353488 0.380664
v -0.358125 0.359122 0.386635
v -0.358125 0.368815 0.390000
v -0.358125 0.376465 0.390000
v -0.358125 0.386158 0.386635
v -0.358125 0.391792 0.380664
v 0.358125 0.353488 0.380664
v 0.358125 0.359122 0.386635
v 0.358125 0.368815 0.390000
v 0.358125 0.376465 0.390000
v 0.358125 0.386158 0.386635
v 0.358125 0.391792 0.380664
v 0.368750 0.354365 0.379375
v 0.371138 0.359966 0.384151
v 0.372380 0.368815 0.386635
v 0.372380 0.376465 0.386635
v 0.371138 0.385314 0.384151
v 0.368750 0.390915 0.379375
v 0.376528 0.356301 0.376528
v 0.379375 0.361590 0.379375
v 0.380664 0.368815 0.380664
v 0.380664 0.376465 0.380664
v 0.379375 0.383690 0.379375
v 0.376528 0.388979 0.376528
vn -0.490135 -0.720787 -0.490135
vn -0.534082 -0.785415 -0.312858
vn -0.562304 -0.826917 -0.004779
vn -0.562310 -0.826926 0.001005
vn -0.549577 -0.808201 0.211606
vn -0.496038 -0.729467 0.470983
vn -0.603891 -0.520222 -0.603891
vn -0.796314 -0.500194 -0.340132
vn -0.809490 -0.587120 -0.003997
vn -0.890792 -0.454403 0.002811
vn -0.833341 -0.457092 0.310822
vn -0.642635 -0.441589 0.626115
vn -0.694383 -0.188854 -0.694383
vn -0.911984 -0.180931 -0.368170
vn -0.970846 -0.239669 -0.004140
vn -0.990796 -0.135286 0.004473
vn -0.918203 -0.143882 0.369054
vn -0.693082 -0.136034 0.707907
vn -0.704802 0.080667 -0.704802
vn -0.918203 0.143882 -0.369054
vn -0.990796 0.135286 -0.004473
vn -0.970846 0.239669 0.004140
vn -0.911984 0.180931 0.368170
vn -0.707907 0.136034 0.693082
vn -0.656445 0.371698 -0.656445
vn -0.833341 0.457092 -0.310822
vn -0.890792 0.454403 -0.002811
vn -0.809490 0.587120 0.003997
vn -0.796314 0.500194 0.340132
vn -0.626115 0.441589 0.642635
vn -0.503175 0.702588 -0.503175
vn -0.552899 0.792186 -0.258350
vn -0.602426 0.798172 -0.002325
vn -0.522402 0.852696 0.002237
vn -0.533893 0.805851 0.256051
vn -0.470983 0.729467 0.496038
vn 0.470983 -0.729467 -0.496038
vn 0.533893 -0.805851 -0.256051
vn 0.522402 -0.852696 -0.002237
vn 0.602426 -0.798172 0.002325
vn 0.552899 -0.792186 0.258350
vn 0.503175 -0.702588 0.503175
vn 0.626115 -0.441589 -0.642635
vn 0.796314 -0.500194 -0.340132
vn 0.809490 -0.587120 -0.003997
vn 0.890792 -0.454403 0.002811
vn 0.833341 -0.457092 0.310822
vn 0.656445 -0.371698 0.656445
vn 0.707907 -0.136034 -0.693082
vn 0.911984 -0.180931 -0.368170
vn 0.970846 -0.239669 -0.004140
vn 0.990796 -0.135286 0.004473
vn 0.918203 -0.143882 0.369054
vn 0.704802 -0.080667 0.704802
vn 0.693082 0.136034 -0.707907
vn 0.918203 0.143882 -0.369054
vn 0.990796 0.135286 -0.004473
vn 0.970846 0.239669 0.004140
vn 0.911984 0.180931 0.368170
vn 0.694383 0.188854 0.694383
vn 0.642635 0.441589 -0.626115
vn 0.833341 0.457092 -0.310822
vn 0.890792 0.454403 -0.002811
vn 0.809490 0.587120 0.003997
vn 0.796314 0.500194 0.340132
vn 0.603891 0.520222 0.603891
vn 0.496038 0.729467 -0.470983
vn 0.549577 0.808201 -0.211606
vn 0.562310 0.826926 -0.001005
vn 0.562304 0.826917 0.004779
vn 0.534082 0.785415 0.312858
vn 0.490135 0.720787 0.490135
vn -0.490135 -0.720787 -0.490135
vn -0.312858 -0.785415 -0.534082
vn -0.004779 -0.826917 -0.562304
vn 0.001005 -0.826926 -0.562310
vn 0.211606 -0.808201 -0.549577
vn 0.470983 -0.729467 -0.496038
vn -0.534082 -0.785415 -0.312858
vn -0.268668 -0.925005 -0.268668
vn -0.003183 -0.948096 -0.317969
vn 0.002089 -0.973289 -0.229575
vn 0.238736 -0.941281 -0.238736
vn 0.533893 -0.805851 -0.256051
vn -0.562304 -0.826917 -0.004779
vn -0.317969 -0.948096 -0.003183
vn -0.005975 -0.999964 -0.005975
vn 0.001620 -0.999997 -0.001620
vn 0.229575 -0.973289 -0.002089
vn 0.522402 -0.852696 -0.002237
vn -0.562310 -0.826926 0.001005
vn -0.229575 -0.973289 0.002089
vn -0.001620 -0.999997 0.001620
vn 0.005975 -0.999964 0.005975
vn 0.317969 -0.948096 0.003183
vn 0.602426 -0.798172 0.002325
vn -0.549577 -0.808201 0.211606
vn -0.238736 -0.941281 0.238736
vn -0.002089 -0.973289 0.229575
vn 0.003183 -0.948096 0.317969
vn 0.268668 -0.925005 0.268668
vn 0.552899 -0.792186 0.258350
vn -0.496038 -0.729467 0.470983
vn -0.256051 -0.805851 0.533893
vn -0.002237 -0.852696 0.522402
vn 0.002325 -0.798172 0.602426
vn 0.258350 -0.792186 0.552899
vn 0.503175 -0.702588 0.503175
vn -0.503175 0.702588 -0.503175
vn -0.258350 0.792186 -0.552899
vn -0.002325 0.798172 -0.602426
vn 0.002237 0.852696 -0.522402
vn 0.256051 0.805851 -0.533893
vn 0.496038 0.729467 -0.470983
vn -0.552899 0.792186 -0.258350
vn -0.268668 0.925005 -0.268668
vn -0.003183 0.948096 -0.317969
vn 0.002089 0.973289 -0.229575
vn 0.238736 0.941281 -0.238736
vn 0.549577 0.808201 -0.211606
vn -0.602426 0.798172 -0.002325
vn -0.317969 0.948096 -0.003183
vn -0.005975 0.999964 -0.005975
vn 0.001620 0.999997 -0.001620
vn 0.229575 0.973289 -0.002089
vn 0.562310 0.826926 -0.001005
vn -0.522402 0.852696 0.002237
vn -0.229575 0.973289 0.002089
vn -0.001620 0.999997 0.001620
vn 0.005975 0.999964 0.005975
vn 0.317969 0.948096 0.003183
vn 0.562304 0.826917 0.004779
vn -0.533893 0.805851 0.256051
vn -0.238736 0.941281 0.238736
vn -0.002089 0.973289 0.229575
vn 0.003183 0.948096 0.317969
vn 0.268668 0.925005 0.268668
vn 0.534082 0.785415 0.312858
vn -0.470983 0.729467 0.496038
vn -0.211606 0.808201 0.549577
vn -0.001005 0.826926 0.562310
vn 0.004779 0.826917 0.562304
vn 0.312858 0.785415 0.534082
vn 0.490135 0.720787 0.490135
vn -0.490135 -0.720787 -0.490135
vn -0.603891 -0.520222 -0.603891
vn -0.694383 -0.188854 -0.694383
vn -0.704802 0.080667 -0.704802
vn -0.656445 0.371698 -0.656445
vn -0.503175 0.702588 -0.503175
vn -0.312858 -0.785415 -0.534082
vn -0.340132 -0.500194 -0.796314
vn -0.368170 -0.180931 -0.911984
vn -0.369054 0.143882 -0.918203
vn -0.310822 0.457092 -0.833341
vn -0.258350 0.792186 -0.552899
vn -0.004779 -0.826917 -0.562304
vn -0.003997 -0.587120 -0.809490
vn -0.004140 -0.239669 -0.970846
vn -0.004473 0.135286 -0.990796
vn -0.002811 0.454403 -0.890792
vn -0.002325 0.798172 -0.602426
vn 0.001005 -0.826926 -0.562310
vn 0.002811 -0.454403 -0.890792
vn 0.004473 -0.135286 -0.990796
vn 0.004140 0.239669 -0.970846
vn 0.003997 0.587120 -0.809490
vn 0.002237 0.852696 -0.522402
vn 0.211606 -0.808201 -0.549577
vn 0.310822 -0.457092 -0.833341
vn 0.369054 -0.143882 -0.918203
vn 0.368170 0.180931 -0.911984
vn 0.340132 0.500194 -0.796314
vn 0.256051 0.805851 -0.533893
vn 0.470983 -0.729467 -0.496038
vn 0.626115 -0.441589 -0.642635
vn 0.707907 -0.136034 -0.693082
vn 0.693082 0.136034 -0.707907
vn 0.642635 0.441589 -0.626115
vn 0.496038 0.729467 -0.470983
vn -0.496038 -0.729467 0.470983
vn -0.642635 -0.441589 0.626115
vn -0.693082 -0.136034 0.707907
vn -0.707907 0.136034 0.693082
vn -0.626115 0.441589 0.642635
vn -0.470983 0.729467 0.496038
vn -0.256051 -0.805851 0.533893
vn -0.340132 -0.500194 0.796314
vn -0.368170 -0.180931 0.911984
vn -0.369054 0.143882 0.918203
vn -0.310822 0.457092 0.833341
vn -0.211606 0.808201 0.549577
vn -0.002237 -0.852696 0.522402
vn -0.003997 -0.587120 0.809490
vn -0.004140 -0.239669 0.970846
vn -0.004473 0.135286 0.990796
vn -0.002811 0.454403 0.890792
vn -0.001005 0.826926 0.562310
vn 0.002325 -0.798172 0.602426
vn 0.002811 -0.454403 0.890792
vn 0.004473 -0.135286 0.990796
vn 0.004140 0.239669 0.970846
vn 0.003997 0.587120 0.809490
vn 0.004779 0.826917 0.562304
vn 0.258350 -0.792186 0.552899
vn 0.310822 -0.457092 0.833341
vn 0.369054 -0.143882 0.918203
vn 0.368170 0.180931 0.911984
vn 0.340132 0.500194 0.796314
vn 0.312858 0.785415 0.534082
vn 0.503175 -0.702588 0.503175
vn 0.656445 -0.371698 0.656445
vn 0.704802 -0.080667 0.704802
vn 0.694383 0.188854 0.694383
vn 0.603891 0.520222 0.603891
vn 0.490135 0.720787 0.490135
f 1235//1235 1240//1240 1234//1234
f 1241//1241 1240//1240 1235//1235
f 1236//1236 1241//1241 1235//1235
f 1242//1242 1241//1241 1236//1236
f 1237//1237 1242//1242 1236//1236
f 1243//1243 1242//1242 1237//1237
f 1238//1238 1243//1243 1237//1237
f 1244//1244 1243//1243 1238//1238
f 1239//1239 1244//1244 1238//1238
f 1245//1245 1244//1244 1239//1239
f 1241//1241 1246//1246 1240//1240
f 1247//1247 1246//1246 1241//1241
f 1242//1242 1247//1247 1241//1241
f 1248//1248 1247//1247 1242//1242
f 1243//1243 1248//1248 1242//1242
f 1249//1249 1248//1248 1243//1243
f 1244//1244 1249//1249 1243//1243
f 1250//1250 1249//1249 1244//1244
f 1245//1245 1250//1250 1244//1244
f 1251//1251 1250//1250 1245//1245
f 1247//1247 1252//1252 1246//1246
f 1253//1253 1252//1252 1247//1247
f 1248//1248 1253//1253 1247//1247
f 1254//1254 1253//1253 1248//1248
f 1249//1249 1254//1254 1248//1248
f 1255//1255 1254//1254 1249//1249
f 1250//1250 1255//1255 1249//1249
f 1256//1256 1255//1255 1250//1250
f 1251//1251 1256//1256 1250//1250
f 1257//1257 1256//1256 1251//1251
f 1253//1253 1258//1258 1252//1252
f 1259//1259 1258//1258 1253//1253
f 1254//1254 1259//1259 1253//1253
f 1260//1260 1259//1259 1254//1254
f 1255//1255 1260//1260 1254//1254
f 1261//1261 1260//1260 1255//1255
f 1256//1256 1261//1261 1255//1255
f 1262//1262 1261//1261 1256//1256
f 1257//1257 1262//1262 1256//1256
f 1263//1263 1262//1262 1257//1257
f 1259//1259 1264//1264 1258//1258
f 1265//1265 1264//1264 1259//1259
f 1260//1260 1265//1265 1259//1259
f 1266//1266 1265//1265 1260//1260
f 1261//1261 1266//1266 1260//1260
f 1267//1267 1266//1266 1261//1261
f 1262//1262 1267//1267 1261//1261
f 1268//1268 1267//1267 1262//1262
f 1263//1263 1268//1268 1262//1262
f 1269//1269 1268//1268 1263//1263
f 1270//1270 1276//1276 1271//1271
f 1271//1271 1276//1276 1277//1277
f 1271//1271 1277//1277 1272//1272
f 1272//1272 1277//1277 1278//1278
f 1272//1272 1278//1278 1273//1273
f 1273//1273 1278//1278 1279//1279
f 1273//1273 1279//1279 1274//1274
f 1274//1274 1279//1279 1280//1280
f 1274//1274 1280//1280 1275//1275
f 1275//1275 1280//1280 1281//1281
f 1276//1276 1282//1282 1277//1277
f 1277//1277 1282//1282 1283//1283
f 1277//1277 1283//1283 1278//1278
f 1278//1278 1283//1283 1284//1284
f 1278//1278 1284//1284 1279//1279
f 1279//1279 1284//1284 1285//1285
f 1279//1279 1285//1285 1280//1280
f 1280//1280 1285//1285 1286//1286
f 1280//1280 1286//1286 1281//1281
f 1281//1281 1286//1286 1287//1287
f 1282//1282 1288//1288 1283//1283
f 1283//1283 1288//1288 1289//1289
f 1283//1283 1289//1289 1284//1284
f 1284//1284 1289//1289 1290//1290
f 1284//1284 1290//1290 1285//1285
f 1285//1285 1290//1290 1291//1291
f 1285//1285 1291//1291 1286//1286
f 1286//1286 1291//1291 1292//1292
f 1286//1286 1292//1292 1287//1287
f 1287//1287 1292//1292 1293//1293
f 1288//1288 1294//1294 1289//1289
f 1289//1289 1294//1294 1295//1295
f 1289//1289 1295//1295 1290//1290
f 1290//1290 1295//1295 1296//1296
f 1290//1290 1296//1296 1291//1291
f 1291//1291 1296//1296 1297//1297
f 1291//1291 1297//1297 1292//1292
f 1292//1292 1297//1297 1298//1298
f 1292//1292 1298//1298 1293//1293
f 1293//1293 1298//1298 1299//1299
f 1294//1294 1300//1300 1295//1295
f 1295//1295 1300//1300 1301//1301
f 1295//1295 1301//1301 1296//1296
f 1296//1296 1301//1301 1302//1302
f 1296//1296 1302//1302 1297//1297
f 1297//1297 1302//1302 1303//1303
f 1297//1297 1303//1303 1298//1298
f 1298//1298 1303//1303 1304//1304
f 1298//1298 1304//1304 1299//1299
f 1299//1299 1304//1304 1305//1305
f 1307//1307 1312//1312 1306//1306
f 1313//1313 1312//1312 1307//1307
f 1308//1308 1313//1313 1307//1307
f 1314//1314 1313//1313 1308//1308
f 1309//1309 1314//1314 1308//1308
f 1315//1315 1314//1314 1309//1309
f 1310//1310 1315//1315 1309//1309
f 1316//1316 1315//1315 1310//1310
f 1311//1311 1316//1316 1310//1310
f 1317//1317 1316//1316 1311//1311
f 1313//1313 1318//1318 1312//1312
f 1319//1319 1318//1318 1313//1313
f 1314//1314 1319//1319 1313//1313
f 1320//1320 1319//1319 1314//1314
f 1315//1315 1320//1320 1314//1314
f 1321//1321 1320//1320 1315//1315
f 1316//1316 1321//1321 1315//1315
f 1322//1322 1321//1321 1316//1316
f 1317//1317 1322//1322 1316//1316
f 1323//1323 1322//1322 1317//1317
f 1319//1319 1324//1324 1318//1318
f 1325//1325 1324//1324 1319//1319
f 1320//1320 1325//1325 1319//1319
f 1326//1326 1325//1325 1320//1320
f 1321//1321 1326//1326 1320//1320
f 1327//1327 1326//1326 1321//1321
f 1322//1322 1327//1327 1321//1321
f 1328//1328 1327//1327 1322//1322
f 1323//1323 1328//1328 1322//1322
f 1329//1329 1328//1328 1323//1323
f 1325//1325 1330//1330 1324//1324
f 1331//1331 1330//1330 1325//1325
f 1326//1326 1331//1331 1325//1325
f 1332//1332 1331//1331 1326//1326
f 1327//1327 1332//1332 1326//1326
f 1333//1333 1332//1332 1327//1327
f 1328//1328 1333//1333 1327//1327
f 1334//1334 1333//1333 1328//1328
f 1329//1329 1334//1334 1328//1328
f 1335//1335 1334//1334 1329//1329
f 1331//1331 1336//1336 1330//1330
f 1337//1337 1336//1336 1331//1331
f 1332//1332 1337//1337 1331//1331
f 1338//1338 1337//1337 1332//1332
f 1333//1333 1338//1338 1332//1332
f 1339//1339 1338//1338 1333//1333
f 1334//1334 1339//1339 1333//1333
f 1340//1340 1339//1339 1334//1334
f 1335//1335 1340//1340 1334//1334
f 1341//1341 1340//1340 1335//1335
f 1342//1342 1348//1348 1343//1343
f 1343//1343 1348//1348 1349//1349
f 1343//1343 1349//1349 1344//1344
f 1344//1344 1349//1349 1350//1350
f 1344//1344 1350//1350 1345//1345
f 1345//1345 1350//1350 1351//1351
f 1345//1345 1351//1351 1346//1346
f 1346//1346 1351//1351 1352//1352
f 1346//1346 1352//1352 1347//1347
f 1347//1347 1352//1352 1353//1353
f 1348//1348 1354//1354 1349//1349
f 1349//1349 1354//1354 1355//1355
f 1349//1349 1355//1355 1350//1350
f 1350//1350 1355//1355 1356//1356
f 1350//1350 1356//1356 1351//1351
f 1351//1351 1356//1356 1357//1357
f 1351//1351 1357//1357 1352//1352
f 1352//1352 1357//1357 1358//1358
f 1352//1352 1358//1358 1353//1353
f 1353//1353 1358//1358 1359//1359
f 1354//1354 1360//1360 1355//1355
f 1355//1355 1360//1360 1361//1361
f 1355//1355 1361//1361 1356//1356
f 1356//1356 1361//1361 1362//1362
f 1356//1356 1362//1362 1357//1357
f 1357//1357 1362//1362 1363//1363
f 1357//1357 1363//1363 1358//1358
f 1358//1358 1363//1363 1364//1364
f 1358//1358 1364//1364 1359//1359
f 1359//1359 1364//1364 1365//1365
f 1360//1360 1366//1366 1361//1361
f 1361//1361 1366//1366 1367//1367
f 1361//1361 1367//1367 1362//1362
f 1362//1362 1367//1367 1368//1368
f 1362//1362 1368//1368 1363//1363
f 1363//1363 1368//1368 1369//1369
f 1363//1363 1369//1369 1364//1364
f 1364//1364 1369//1369 1370//1370
f 1364//1364 1370//1370 1365//1365
f 1365//1365 1370//1370 1371//1371
f 1366//1366 1372//1372 1367//1367
f 1367//1367 1372//1372 1373//1373
f 1367//1367 1373//1373 1368//1368
f 1368//1368 1373//1373 1374//1374
f 1368//1368 1374//1374 1369//1369
f 1369//1369 1374//1374 1375//1375
f 1369//1369 1375//1375 1370//1370
f 1370//1370 1375//1375 1376//1376
f 1370//1370 1376//1376 1371//1371
f 1371//1371 1376//1376 1377//1377
f 1379//1379 1384//1384 1378//1378
f 1385//1385 1384//1384 1379//1379
f 1380//1380 1385//1385 1379//1379
f 1386//1386 1385//1385 1380//1380
f 1381//1381 1386//1386 1380//1380
f 1387//1387 1386//1386 1381//1381
f 1382//1382 1387//1387 1381//1381
f 1388//1388 1387//1387 1382//1382
f 1383//1383 1388//1388 1382//1382
f 1389//1389 1388//1388 1383//1383
f 1385//1385 1390//1390 1384//1384
f 1391//1391 1390//1390 1385//1385
f 1386//1386 1391//1391 1385//1385
f 1392//1392 1391//1391 1386//1386
f 1387//1387 1392//1392 1386//1386
f 1393//1393 1392//1392 1387//1387
f 1388//1388 1393//1393 1387//1387
f 1394//1394 1393//1393 1388//1388
f 1389//1389 1394//1394 1388//1388
f 1395//1395 1394//1394 1389//1389
f 1391//1391 1396//1396 1390//1390
f 1397//1397 1396//1396 1391//1391
f 1392//1392 1397//1397 1391//1391
f 1398//1398 1397//1397 1392//1392
f 1393//1393 1398//1398 1392//1392
f 1399//1399 1398//1398 1393//1393
f 1394//1394 1399//1399 1393//1393
f 1400//1400 1399//1399 1394//1394
f 1395//1395 1400//1400 1394//1394
f 1401//1401 1400//1400 1395//1395
f 1397//1397 1402//1402 1396//1396
f 1403//1403 1402//1402 1397//1397
f 1398//1398 1403//1403 1397//1397
f 1404//1404 1403//1403 1398//1398
f 1399//1399 1404//1404 1398//1398
f 1405//1405 1404//1404 1399//1399
f 1400//1400 1405//1405 1399//1399
f 1406//1406 1405//1405 1400//1400
f 1401//1401 1406//1406 1400//1400
f 1407//1407 1406//1406 1401//1401
f 1403//1403 1408//1408 1402//1402
f 1409//1409 1408//1408 1403//1403
f 1404//1404 1409//1409 1403//1403
f 1410//1410 1409//1409 1404//1404
f 1405//1405 1410//1410 1404//1404
f 1411//1411 1410//1410 1405//1405
f 1406//1406 1411//1411 1405//1405
f 1412//1412 1411//1411 1406//1406
f 1407//1407 1412//1412 1406//1406
f 1413//1413 1412//1412 1407//1407
f 1414//1414 1420//1420 1415//1415
f 1415//1415 1420//1420 1421//1421
f 1415//1415 1421//1421 1416//1416
f 1416//1416 1421//1421 1422//1422
f 1416//1416 1422//1422 1417//1417
f 1417//1417 1422//1422 1423//1423
f 1417//1417 1423//1423 1418//1418
f 1418//1418 1423//1423 1424//1424
f 1418//1418 1424//1424 1419//1419
f 1419//1419 1424//1424 1425//1425
f 1420//1420 1426//1426 1421//1421
f 1421//1421 1426//1426 1427//1427
f 1421//1421 1427//1427 1422//1422
f 1422//1422 1427//1427 1428//1428
f 1422//1422 1428//1428 1423//1423
f 1423//1423 1428//1428 1429//1429
f 1423//1423 1429//1429 1424//1424
f 1424//1424 1429//1429 1430//1430
f 1424//1424 1430//1430 1425//1425
f 1425//1425 1430//1430 1431//1431
f 1426//1426 1432//1432 1427//1427
f 1427//1427 1432//1432 1433//1433
f 1427//1427 1433//1433 1428//1428
f 1428//1428 1433//1433 1434//1434
f 1428//1428 1434//1434 1429//1429
f 1429//1429 1434//1434 1435//1435
f 1429//1429 1435//1435 1430//1430
f 1430//1430 1435//1435 1436//1436
f 1430//1430 1436//1436 1431//1431
f 1431//1431 1436//1436 1437//1437
f 1432//1432 1438//1438 1433//1433
f 1433//1433 1438//1438 1439//1439
f 1433//1433 1439//1439 1434//1434
f 1434//1434 1439//1439 1440//1440
f 1434//1434 1440//1440 1435//1435
f 1435//1435 1440//1440 1441//1441
f 1435//1435 1441//1441 1436//1436
f 1436//1436 1441//1441 1442//1442
f 1436//1436 1442//1442 1437//1437
f 1437//1437 1442//1442 1443//1443
f 1438//1438 1444//1444 1439//1439
f 1439//1439 1444//1444 1445//1445
f 1439//1439 1445//1445 1440//1440
f 1440//1440 1445//1445 1446//1446
f 1440//1440 1446//1446 1441//1441
f 1441//1441 1446//1446 1447//1447
f 1441//1441 1447//1447 1442//1442
f 1442//1442 1447//1447 1448//1448
f 1442//1442 1448//1448 1443//1443
f 1443//1443 1448//1448 1449//1449
o station-pot_cocoa
usemtl cocoa
v -0.172000 0.259080 0.387000
v -0.172000 0.259080 0.387000
v -0.172000 0.259080 0.387000
v -0.172000 0.259080 0.387000
v -0.172000 0.259080 0.387000
v -0.172000 0.259080 0.387000
v -0.172000 0.259080 0.387000
v -0.172000 0.259080 0.387000
v -0.172000 0.259080 0.387000
v -0.172000 0.259080 0.387000
v -0.172000 0.259080 0.387000
v -0.172000 0.259080 0.387000
v -0.172000 0.259080 0.387000
v -0.172000 0.259080 0.387000
v -0.172000 0.259080 0.387000
v -0.172000 0.259080 0.387000
v -0.172000 0.259080 0.387000
v -0.172000 0.259080 0.387000
v -0.172000 0.259080 0.387000
v -0.172000 0.259080 0.387000
v -0.172000 0.259080 0.387000
v -0.163977 0.258709 0.387000
v -0.164369 0.258709 0.388360
v -0.165509 0.258709 0.389586
v -0.167284 0.258709 0.390560
v -0.169521 0.258709 0.391185
v -0.172000 0.258709 0.391400
v -0.174479 0.258709 0.391185
v -0.176716 0.258709 0.390560
v -0.178491 0.258709 0.389586
v -0.179631 0.258709 0.388360
v -0.180023 0.258709 0.387000
v -0.179631 0.258709 0.385640
v -0.178491 0.258709 0.384414
v -0.176716 0.258709 0.383440
v -0.174479 0.258709 0.382815
v -0.172000 0.258709 0.382600
v -0.169521 0.258709 0.382815
v -0.167284 0.258709 0.383440
v -0.165509 0.258709 0.384414
v -0.164369 0.258709 0.385640
v -0.163977 0.258709 0.387000
v -0.156500 0.257622 0.387000
v -0.157259 0.257622 0.389627
v -0.159460 0.257622 0.391996
v -0.162889 0.257622 0.393877
v -0.167210 0.257622 0.395084
v -0.172000 0.257622 0.395500
v -0.176790 0.257622 0.395084
v -0.181111 0.257622 0.393877
v -0.184540 0.257622 0.391996
v -0.186741 0.257622 0.389627
v -0.187500 0.257622 0.387000
v -0.186741 0.257622 0.384373
v -0.184540 0.257622 0.382004
v -0.181111 0.257622 0.380123
v -0.176790 0.257622 0.378916
v -0.172000 0.257622 0.378500
v -0.167210 0.257622 0.378916
v -0.162889 0.257622 0.380123
v -0.159460 0.257622 0.382004
v -0.157259 0.257622 0.384373
v -0.156500 0.257622 0.387000
v -0.150080 0.255893 0.387000
v -0.151153 0.255893 0.390715
v -0.154266 0.255893 0.394066
v -0.159116 0.255893 0.396725
v -0.165226 0.255893 0.398432
v -0.172000 0.255893 0.399021
v -0.178774 0.255893 0.398432
v -0.184884 0.255893 0.396725
v -0.189734 0.255893 0.394066
v -0.192847 0.255893 0.390715
v -0.193920 0.255893 0.387000
v -0.192847 0.255893 0.383285
v -0.189734 0.255893 0.379934
v -0.184884 0.255893 0.377275
v -0.178774 0.255893 0.375568
v -0.172000 0.255893 0.374979
v -0.165226 0.255893 0.375568
v -0.159116 0.255893 0.377275
v -0.154266 0.255893 0.379934
v -0.151153 0.255893 0.383285
v -0.150080 0.255893 0.387000
v -0.145153 0.253640 0.387000
v -0.146467 0.253640 0.391549
v -0.150280 0.253640 0.395654
v -0.156220 0.253640 0.398911
v -0.163704 0.253640 0.401002
v -0.172000 0.253640 0.401722
v -0.180296 0.253640 0.401002
v -0.187780 0.253640 0.398911
v -0.193720 0.253640 0.395654
v -0.197533 0.253640 0.391549
v -0.198847 0.253640 0.387000
v -0.197533 0.253640 0.382451
v -0.193720 0.253640 0.378346
v -0.187780 0.253640 0.375089
v -0.180296 0.253640 0.372998
v -0.172000 0.253640 0.372278
v -0.163704 0.253640 0.372998
v -0.156220 0.253640 0.375089
v -0.150280 0.253640 0.378346
v -0.146467 0.253640 0.382451
v -0.145153 0.253640 0.387000
v -0.142056 0.251016 0.387000
v -0.143522 0.251016 0.392074
v -0.147775 0.251016 0.396652
v -0.154400 0.251016 0.400285
v -0.162747 0.251016 0.402617
v -0.172000 0.251016 0.403421
v -0.181253 0.251016 0.402617
v -0.189600 0.251016 0.400285
v -0.196225 0.251016 0.396652
v -0.200478 0.251016 0.392074
v -0.201944 0.251016 0.387000
v -0.200478 0.251016 0.381926
v -0.196225 0.251016 0.377348
v -0.189600 0.251016 0.373715
v -0.181253 0.251016 0.371383
v -0.172000 0.251016 0.370579
v -0.162747 0.251016 0.371383
v -0.154400 0.251016 0.373715
v -0.147775 0.251016 0.377348
v -0.143522 0.251016 0.381926
v -0.142056 0.251016 0.387000
v -0.141000 0.248200 0.387000
v -0.142517 0.248200 0.392253
v -0.146920 0.248200 0.396992
v -0.153779 0.248200 0.400753
v -0.162420 0.248200 0.403168
v -0.172000 0.248200 0.404000
v -0.181580 0.248200 0.403168
v -0.190221 0.248200 0.400753
v -0.197080 0.248200 0.396992
v -0.201483 0.248200 0.392253
v -0.203000 0.248200 0.387000
v -0.201483 0.248200 0.381747
v -0.197080 0.248200 0.377008
v -0.190221 0.248200 0.373247
v -0.181580 0.248200 0.370832
v -0.172000 0.248200 0.370000
v -0.162420 0.248200 0.370832
v -0.153779 0.248200 0.373247
v -0.146920 0.248200 0.377008
v -0.142517 0.248200 0.381747
v -0.141000 0.248200 0.387000
v -0.142056 0.245384 0.387000
v -0.143522 0.245384 0.392074
v -0.147775 0.245384 0.396652
v -0.154400 0.245384 0.400285
v -0.162747 0.245384 0.402617
v -0.172000 0.245384 0.403421
v -0.181253 0.245384 0.402617
v -0.189600 0.245384 0.400285
v -0.196225 0.245384 0.396652
v -0.200478 0.245384 0.392074
v -0.201944 0.245384 0.387000
v -0.200478 0.245384 0.381926
v -0.196225 0.245384 0.377348
v -0.189600 0.245384 0.373715
v -0.181253 0.245384 0.371383
v -0.172000 0.245384 0.370579
v -0.162747 0.245384 0.371383
v -0.154400 0.245384 0.373715
v -0.147775 0.245384 0.377348
v -0.143522 0.245384 0.381926
v -0.142056 0.245384 0.387000
v -0.145153 0.242760 0.387000
v -0.146467 0.242760 0.391549
v -0.150280 0.242760 0.395654
v -0.156220 0.242760 0.398911
v -0.163704 0.242760 0.401002
v -0.172000 0.242760 0.401722
v -0.180296 0.242760 0.401002
v -0.187780 0.242760 0.398911
v -0.193720 0.242760 0.395654
v -0.197533 0.242760 0.391549
v -0.198847 0.242760 0.387000
v -0.197533 0.242760 0.382451
v -0.193720 0.242760 0.378346
v -0.187780 0.242760 0.375089
v -0.180296 0.242760 0.372998
v -0.172000 0.242760 0.372278
v -0.163704 0.242760 0.372998
v -0.156220 0.242760 0.375089
v -0.150280 0.242760 0.378346
v -0.146467 0.242760 0.382451
v -0.145153 0.242760 0.387000
v -0.150080 0.240507 0.387000
v -0.151153 0.240507 0.390715
v -0.154266 0.240507 0.394066
v -0.159116 0.240507 0.396725
v -0.165226 0.240507 0.398432
v -0.172000 0.240507 0.399021
v -0.178774 0.240507 0.398432
v -0.184884 0.240507 0.396725
v -0.189734 0.240507 0.394066
v -0.192847 0.240507 0.390715
v -0.193920 0.240507 0.387000
v -0.192847 0.240507 0.383285
v -0.189734 0.240507 0.379934
v -0.184884 0.240507 0.377275
v -0.178774 0.240507 0.375568
v -0.172000 0.240507 0.374979
v -0.165226 0.240507 0.375568
v -0.159116 0.240507 0.377275
v -0.154266 0.240507 0.379934
v -0.151153 0.240507 0.383285
v -0.150080 0.240507 0.387000
v -0.156500 0.238778 0.387000
v -0.157259 0.238778 0.389627
v -0.159460 0.238778 0.391996
v -0.162889 0.238778 0.393877
v -0.167210 0.238778 0.395084
v -0.172000 0.238778 0.395500
v -0.176790 0.238778 0.395084
v -0.181111 0.238778 0.393877
v -0.184540 0.238778 0.391996
v -0.186741 0.238778 0.389627
v -0.187500 0.238778 0.387000
v -0.186741 0.238778 0.384373
v -0.184540 0.238778 0.382004
v -0.181111 0.238778 0.380123
v -0.176790 0.238778 0.378916
v -0.172000 0.238778 0.378500
v -0.167210 0.238778 0.378916
v -0.162889 0.238778 0.380123
v -0.159460 0.238778 0.382004
v -0.157259 0.238778 0.384373
v -0.156500 0.238778 0.387000
v -0.163977 0.237691 0.387000
v -0.164369 0.237691 0.388360
v -0.165509 0.237691 0.389586
v -0.167284 0.237691 0.390560
v -0.169521 0.237691 0.391185
v -0.172000 0.237691 0.391400
v -0.174479 0.237691 0.391185
v -0.176716 0.237691 0.390560
v -0.178491 0.237691 0.389586
v -0.179631 0.237691 0.388360
v -0.180023 0.237691 0.387000
v -0.179631 0.237691 0.385640
v -0.178491 0.237691 0.384414
v -0.176716 0.237691 0.383440
v -0.174479 0.237691 0.382815
v -0.172000 0.237691 0.382600
v -0.169521 0.237691 0.382815
v -0.167284 0.237691 0.383440
v -0.165509 0.237691 0.384414
v -0.164369 0.237691 0.385640
v -0.163977 0.237691 0.387000
v -0.172000 0.237320 0.387000
v -0.172000 0.237320 0.387000
v -0.172000 0.237320 0.387000
v -0.172000 0.237320 0.387000
v -0.172000 0.237320 0.387000
v -0.172000 0.237320 0.387000
v -0.172000 0.237320 0.387000
v -0.172000 0.237320 0.387000
v -0.172000 0.237320 0.387000
v -0.172000 0.237320 0.387000
v -0.172000 0.237320 0.387000
v -0.172000 0.237320 0.387000
v -0.172000 0.237320 0.387000
v -0.172000 0.237320 0.387000
v -0.172000 0.237320 0.387000
v -0.172000 0.237320 0.387000
v -0.172000 0.237320 0.387000
v -0.172000 0.237320 0.387000
v -0.172000 0.237320 0.387000
v -0.172000 0.237320 0.387000
v -0.172000 0.237320 0.387000
v 0.172000 0.259080 0.387000
v 0.172000 0.259080 0.387000
v 0.172000 0.259080 0.387000
v 0.172000 0.259080 0.387000
v 0.172000 0.259080 0.387000
v 0.172000 0.259080 0.387000
v 0.172000 0.259080 0.387000
v 0.172000 0.259080 0.387000
v 0.172000 0.259080 0.387000
v 0.172000 0.259080 0.387000
v 0.172000 0.259080 0.387000
v 0.172000 0.259080 0.387000
v 0.172000 0.259080 0.387000
v 0.172000 0.259080 0.387000
v 0.172000 0.259080 0.387000
v 0.172000 0.259080 0.387000
v 0.172000 0.259080 0.387000
v 0.172000 0.259080 0.387000
v 0.172000 0.259080 0.387000
v 0.172000 0.259080 0.387000
v 0.172000 0.259080 0.387000
v 0.180023 0.258709 0.387000
v 0.179631 0.258709 0.388360
v 0.178491 0.258709 0.389586
v 0.176716 0.258709 0.390560
v 0.174479 0.258709 0.391185
v 0.172000 0.258709 0.391400
v 0.169521 0.258709 0.391185
v 0.167284 0.258709 0.390560
v 0.165509 0.258709 0.389586
v 0.164369 0.258709 0.388360
v 0.163977 0.258709 0.387000
v 0.164369 0.258709 0.385640
v 0.165509 0.258709 0.384414
v 0.167284 0.258709 0.383440
v 0.169521 0.258709 0.382815
v 0.172000 0.258709 0.382600
v 0.174479 0.258709 0.382815
v 0.176716 0.258709 0.383440
v 0.178491 0.258709 0.384414
v 0.179631 0.258709 0.385640
v 0.180023 0.258709 0.387000
v 0.187500 0.257622 0.387000
v 0.186741 0.257622 0.389627
v 0.184540 0.257622 0.391996
v 0.181111 0.257622 0.393877
v 0.176790 0.257622 0.395084
v 0.172000 0.257622 0.395500
v 0.167210 0.257622 0.395084
v 0.162889 0.257622 0.393877
v 0.159460 0.257622 0.391996
v 0.157259 0.257622 0.389627
v 0.156500 0.257622 0.387000
v 0.157259 0.257622 0.384373
v 0.159460 0.257622 0.382004
v 0.162889 0.257622 0.380123
v 0.167210 0.257622 0.378916
v 0.172000 0.257622 0.378500
v 0.176790 0.257622 0.378916
v 0.181111 0.257622 0.380123
v 0.184540 0.257622 0.382004
v 0.186741 0.257622 0.384373
v 0.187500 0.257622 0.387000
v 0.193920 0.255893 0.387000
v 0.192847 0.255893 0.390715
v 0.189734 0.255893 0.394066
v 0.184884 0.255893 0.396725
v 0.178774 0.255893 0.398432
v 0.172000 0.255893 0.399021
v 0.165226 0.255893 0.398432
v 0.159116 0.255893 0.396725
v 0.154266 0.255893 0.394066
v 0.151153 0.255893 0.390715
v 0.150080 0.255893 0.387000
v 0.151153 0.255893 0.383285
v 0.154266 0.255893 0.379934
v 0.159116 0.255893 0.377275
v 0.165226 0.255893 0.375568
v 0.172000 0.255893 0.374979
v 0.178774 0.255893 0.375568
v 0.184884 0.255893 0.377275
v 0.189734 0.255893 0.379934
v 0.192847 0.255893 0.383285
v 0.193920 0.255893 0.387000
v 0.198847 0.253640 0.387000
v 0.197533 0.253640 0.391549
v 0.193720 0.253640 0.395654
v 0.187780 0.253640 0.398911
v 0.180296 0.253640 0.401002
v 0.172000 0.253640 0.401722
v 0.163704 0.253640 0.401002
v 0.156220 0.253640 0.398911
v 0.150280 0.253640 0.395654
v 0.146467 0.253640 0.391549
v 0.145153 0.253640 0.387000
v 0.146467 0.253640 0.382451
v 0.150280 0.253640 0.378346
v 0.156220 0.253640 0.375089
v 0.163704 0.253640 0.372998
v 0.172000 0.253640 0.372278
v 0.180296 0.253640 0.372998
v 0.187780 0.253640 0.375089
v 0.193720 0.253640 0.378346
v 0.197533 0.253640 0.382451
v 0.198847 0.253640 0.387000
v 0.201944 0.251016 0.387000
v 0.200478 0.251016 0.392074
v 0.196225 0.251016 0.396652
v 0.189600 0.251016 0.400285
v 0.181253 0.251016 0.402617
v 0.172000 0.251016 0.403421
v 0.162747 0.251016 0.402617
v 0.154400 0.251016 0.400285
v 0.147775 0.251016 0.396652
v 0.143522 0.251016 0.392074
v 0.142056 0.251016 0.387000
v 0.143522 0.251016 0.381926
v 0.147775 0.251016 0.377348
v 0.154400 0.251016 0.373715
v 0.162747 0.251016 0.371383
v 0.172000 0.251016 0.370579
v 0.181253 0.251016 0.371383
v 0.189600 0.251016 0.373715
v 0.196225 0.251016 0.377348
v 0.200478 0.251016 0.381926
v 0.201944 0.251016 0.387000
v 0.203000 0.248200 0.387000
v 0.201483 0.248200 0.392253
v 0.197080 0.248200 0.396992
v 0.190221 0.248200 0.400753
v 0.181580 0.248200 0.403168
v 0.172000 0.248200 0.404000
v 0.162420 0.248200 0.403168
v 0.153779 0.248200 0.400753
v 0.146920 0.248200 0.396992
v 0.142517 0.248200 0.392253
v 0.141000 0.248200 0.387000
v 0.142517 0.248200 0.381747
v 0.146920 0.248200 0.377008
v 0.153779 0.248200 0.373247
v 0.162420 0.248200 0.370832
v 0.172000 0.248200 0.370000
v 0.181580 0.248200 0.370832
v 0.190221 0.248200 0.373247
v 0.197080 0.248200 0.377008
v 0.201483 0.248200 0.381747
v 0.203000 0.248200 0.387000
v 0.201944 0.245384 0.387000
v 0.200478 0.245384 0.392074
v 0.196225 0.245384 0.396652
v 0.189600 0.245384 0.400285
v 0.181253 0.245384 0.402617
v 0.172000 0.245384 0.403421
v 0.162747 0.245384 0.402617
v 0.154400 0.245384 0.400285
v 0.147775 0.245384 0.396652
v 0.143522 0.245384 0.392074
v 0.142056 0.245384 0.387000
v 0.143522 0.245384 0.381926
v 0.147775 0.245384 0.377348
v 0.154400 0.245384 0.373715
v 0.162747 0.245384 0.371383
v 0.172000 0.245384 0.370579
v 0.181253 0.245384 0.371383
v 0.189600 0.245384 0.373715
v 0.196225 0.245384 0.377348
v 0.200478 0.245384 0.381926
v 0.201944 0.245384 0.387000
v 0.198847 0.242760 0.387000
v 0.197533 0.242760 0.391549
v 0.193720 0.242760 0.395654
v 0.187780 0.242760 0.398911
v 0.180296 0.242760 0.401002
v 0.172000 0.242760 0.401722
v 0.163704 0.242760 0.401002
v 0.156220 0.242760 0.398911
v 0.150280 0.242760 0.395654
v 0.146467 0.242760 0.391549
v 0.145153 0.242760 0.387000
v 0.146467 0.242760 0.382451
v 0.150280 0.242760 0.378346
v 0.156220 0.242760 0.375089
v 0.163704 0.242760 0.372998
v 0.172000 0.242760 0.372278
v 0.180296 0.242760 0.372998
v 0.187780 0.242760 0.375089
v 0.193720 0.242760 0.378346
v 0.197533 0.242760 0.382451
v 0.198847 0.242760 0.387000
v 0.193920 0.240507 0.387000
v 0.192847 0.240507 0.390715
v 0.189734 0.240507 0.394066
v 0.184884 0.240507 0.396725
v 0.178774 0.240507 0.398432
v 0.172000 0.240507 0.399021
v 0.165226 0.240507 0.398432
v 0.159116 0.240507 0.396725
v 0.154266 0.240507 0.394066
v 0.151153 0.240507 0.390715
v 0.150080 0.240507 0.387000
v 0.151153 0.240507 0.383285
v 0.154266 0.240507 0.379934
v 0.159116 0.240507 0.377275
v 0.165226 0.240507 0.375568
v 0.172000 0.240507 0.374979
v 0.178774 0.240507 0.375568
v 0.184884 0.240507 0.377275
v 0.189734 0.240507 0.379934
v 0.192847 0.240507 0.383285
v 0.193920 0.240507 0.387000
v 0.187500 0.238778 0.387000
v 0.186741 0.238778 0.389627
v 0.184540 0.238778 0.391996
v 0.181111 0.238778 0.393877
v 0.176790 0.238778 0.395084
v 0.172000 0.238778 0.395500
v 0.167210 0.238778 0.395084
v 0.162889 0.238778 0.393877
v 0.159460 0.238778 0.391996
v 0.157259 0.238778 0.389627
v 0.156500 0.238778 0.387000
v 0.157259 0.238778 0.384373
v 0.159460 0.238778 0.382004
v 0.162889 0.238778 0.380123
v 0.167210 0.238778 0.378916
v 0.172000 0.238778 0.378500
v 0.176790 0.238778 0.378916
v 0.181111 0.238778 0.380123
v 0.184540 0.238778 0.382004
v 0.186741 0.238778 0.384373
v 0.187500 0.238778 0.387000
v 0.180023 0.237691 0.387000
v 0.179631 0.237691 0.388360
v 0.178491 0.237691 0.389586
v 0.176716 0.237691 0.390560
v 0.174479 0.237691 0.391185
v 0.172000 0.237691 0.391400
v 0.169521 0.237691 0.391185
v 0.167284 0.237691 0.390560
v 0.165509 0.237691 0.389586
v 0.164369 0.237691 0.388360
v 0.163977 0.237691 0.387000
v 0.164369 0.237691 0.385640
v 0.165509 0.237691 0.384414
v 0.167284 0.237691 0.383440
v 0.169521 0.237691 0.382815
v 0.172000 0.237691 0.382600
v 0.174479 0.237691 0.382815
v 0.176716 0.237691 0.383440
v 0.178491 0.237691 0.384414
v 0.179631 0.237691 0.385640
v 0.180023 0.237691 0.387000
v 0.172000 0.237320 0.387000
v 0.172000 0.237320 0.387000
v 0.172000 0.237320 0.387000
v 0.172000 0.237320 0.387000
v 0.172000 0.237320 0.387000
v 0.172000 0.237320 0.387000
v 0.172000 0.237320 0.387000
v 0.172000 0.237320 0.387000
v 0.172000 0.237320 0.387000
v 0.172000 0.237320 0.387000
v 0.172000 0.237320 0.387000
v 0.172000 0.237320 0.387000
v 0.172000 0.237320 0.387000
v 0.172000 0.237320 0.387000
v 0.172000 0.237320 0.387000
v 0.172000 0.237320 0.387000
v 0.172000 0.237320 0.387000
v 0.172000 0.237320 0.387000
v 0.172000 0.237320 0.387000
v 0.172000 0.237320 0.387000
v 0.172000 0.237320 0.387000
v -0.143000 0.585480 0.000000
v -0.145292 0.585480 0.007053
v -0.151292 0.585480 0.011413
v -0.158708 0.585480 0.011413
v -0.164708 0.585480 0.007053
v -0.167000 0.585480 0.000000
v -0.164708 0.585480 -0.007053
v -0.158708 0.585480 -0.011413
v -0.151292 0.585480 -0.011413
v -0.145292 0.585480 -0.007053
v -0.143000 0.585480 -0.000000
v -0.143640 0.577345 0.000000
v -0.145904 0.577704 0.007053
v -0.151830 0.578643 0.011413
v -0.159155 0.579803 0.011413
v -0.165081 0.580741 0.007053
v -0.167345 0.581100 0.000000
v -0.165081 0.580741 -0.007053
v -0.159155 0.579803 -0.011413
v -0.151830 0.578643 -0.011413
v -0.145904 0.577704 -0.007053
v -0.143640 0.577345 -0.000000
v -0.145545 0.569411 0.000000
v -0.147725 0.570119 0.007053
v -0.153431 0.571973 0.011413
v -0.160484 0.574265 0.011413
v -0.166191 0.576119 0.007053
v -0.168370 0.576828 0.000000
v -0.166191 0.576119 -0.007053
v -0.160484 0.574265 -0.011413
v -0.153431 0.571973 -0.011413
v -0.147725 0.570119 -0.007053
v -0.145545 0.569411 -0.000000
v -0.148668 0.561872 0.000000
v -0.150710 0.562913 0.007053
v -0.156056 0.565637 0.011413
v -0.162664 0.569004 0.011413
v -0.168010 0.571728 0.007053
v -0.170052 0.572768 0.000000
v -0.168010 0.571728 -0.007053
v -0.162664 0.569004 -0.011413
v -0.156056 0.565637 -0.011413
v -0.150710 0.562913 -0.007053
v -0.148668 0.561872 -0.000000
v -0.152931 0.554915 0.000000
v -0.154785 0.556262 0.007053
v -0.159639 0.559789 0.011413
v -0.165639 0.564148 0.011413
v -0.170493 0.567675 0.007053
v -0.172348 0.569022 0.000000
v -0.170493 0.567675 -0.007053
v -0.165639 0.564148 -0.011413
v -0.159639 0.559789 -0.011413
v -0.154785 0.556262 -0.007053
v -0.152931 0.554915 -0.000000
v -0.158230 0.548710 0.000000
v -0.159851 0.550331 0.007053
v -0.164094 0.554574 0.011413
v -0.169338 0.559818 0.011413
v -0.173580 0.564060 0.007053
v -0.175201 0.565681 0.000000
v -0.173580 0.564060 -0.007053
v -0.169338 0.559818 -0.011413
v -0.164094 0.554574 -0.011413
v -0.159851 0.550331 -0.007053
v -0.158230 0.548710 -0.000000
v -0.164435 0.543411 0.000000
v -0.165782 0.545265 0.007053
v -0.169309 0.550119 0.011413
v -0.173668 0.556119 0.011413
v -0.177195 0.560973 0.007053
v -0.178542 0.562828 0.000000
v -0.177195 0.560973 -0.007053
v -0.173668 0.556119 -0.011413
v -0.169309 0.550119 -0.011413
v -0.165782 0.545265 -0.007053
v -0.164435 0.543411 -0.000000
v -0.171392 0.539148 0.000000
v -0.172433 0.541190 0.007053
v -0.175157 0.546536 0.011413
v -0.178524 0.553144 0.011413
v -0.181248 0.558490 0.007053
v -0.182288 0.560532 0.000000
v -0.181248 0.558490 -0.007053
v -0.178524 0.553144 -0.011413
v -0.175157 0.546536 -0.011413
v -0.172433 0.541190 -0.007053
v -0.171392 0.539148 -0.000000
v -0.178931 0.536025 0.000000
v -0.179639 0.538205 0.007053
v -0.181493 0.543911 0.011413
v -0.183785 0.550964 0.011413
v -0.185639 0.556671 0.007053
v -0.186348 0.558850 0.000000
v -0.185639 0.556671 -0.007053
v -0.183785 0.550964 -0.011413
v -0.181493 0.543911 -0.011413
v -0.179639 0.538205 -0.007053
v -0.178931 0.536025 0.000000
v -0.186865 0.534120 0.000000
v -0.187224 0.536384 0.007053
v -0.188163 0.542310 0.011413
v -0.189323 0.549635 0.011413
v -0.190261 0.555561 0.007053
v -0.190620 0.557825 0.000000
v -0.190261 0.555561 -0.007053
v -0.189323 0.549635 -0.011413
v -0.188163 0.542310 -0.011413
v -0.187224 0.536384 -0.007053
v -0.186865 0.534120 0.000000
v -0.195000 0.533480 0.000000
v -0.195000 0.535772 0.007053
v -0.195000 0.541772 0.011413
v -0.195000 0.549188 0.011413
v -0.195000 0.555188 0.007053
v -0.195000 0.557480 0.000000
v -0.195000 0.555188 -0.007053
v -0.195000 0.549188 -0.011413
v -0.195000 0.541772 -0.011413
v -0.195000 0.535772 -0.007053
v -0.195000 0.533480 0.000000
v -0.203135 0.534120 0.000000
v -0.202776 0.536384 0.007053
v -0.201837 0.542310 0.011413
v -0.200677 0.549635 0.011413
v -0.199739 0.555561 0.007053
v -0.199380 0.557825 0.000000
v -0.199739 0.555561 -0.007053
v -0.200677 0.549635 -0.011413
v -0.201837 0.542310 -0.011413
v -0.202776 0.536384 -0.007053
v -0.203135 0.534120 0.000000
v -0.211069 0.536025 0.000000
v -0.210361 0.538205 0.007053
v -0.208507 0.543911 0.011413
v -0.206215 0.550964 0.011413
v -0.204361 0.556671 0.007053
v -0.203652 0.558850 0.000000
v -0.204361 0.556671 -0.007053
v -0.206215 0.550964 -0.011413
v -0.208507 0.543911 -0.011413
v -0.210361 0.538205 -0.007053
v -0.211069 0.536025 0.000000
v -0.218608 0.539148 0.000000
v -0.217567 0.541190 0.007053
v -0.214843 0.546536 0.011413
v -0.211476 0.553144 0.011413
v -0.208752 0.558490 0.007053
v -0.207712 0.560532 0.000000
v -0.208752 0.558490 -0.007053
v -0.211476 0.553144 -0.011413
v -0.214843 0.546536 -0.011413
v -0.217567 0.541190 -0.007053
v -0.218608 0.539148 -0.000000
v -0.225565 0.543411 0.000000
v -0.224218 0.545265 0.007053
v -0.220691 0.550119 0.011413
v -0.216332 0.556119 0.011413
v -0.212805 0.560973 0.007053
v -0.211458 0.562828 0.000000
v -0.212805 0.560973 -0.007053
v -0.216332 0.556119 -0.011413
v -0.220691 0.550119 -0.011413
v -0.224218 0.545265 -0.007053
v -0.225565 0.543411 -0.000000
v -0.231770 0.548710 0.000000
v -0.230149 0.550331 0.007053
v -0.225906 0.554574 0.011413
v -0.220662 0.559818 0.011413
v -0.216420 0.564060 0.007053
v -0.214799 0.565681 0.000000
v -0.216420 0.564060 -0.007053
v -0.220662 0.559818 -0.011413
v -0.225906 0.554574 -0.011413
v -0.230149 0.550331 -0.007053
v -0.231770 0.548710 -0.000000
v -0.237069 0.554915 0.000000
v -0.235215 0.556262 0.007053
v -0.230361 0.559789 0.011413
v -0.224361 0.564148 0.011413
v -0.219507 0.567675 0.007053
v -0.217652 0.569022 0.000000
v -0.219507 0.567675 -0.007053
v -0.224361 0.564148 -0.011413
v -0.230361 0.559789 -0.011413
v -0.235215 0.556262 -0.007053
v -0.237069 0.554915 -0.000000
v -0.241332 0.561872 0.000000
v -0.239290 0.562913 0.007053
v -0.233944 0.565637 0.011413
v -0.227336 0.569004 0.011413
v -0.221990 0.571728 0.007053
v -0.219948 0.572768 0.000000
v -0.221990 0.571728 -0.007053
v -0.227336 0.569004 -0.011413
v -0.233944 0.565637 -0.011413
v -0.239290 0.562913 -0.007053
v -0.241332 0.561872 -0.000000
v -0.244455 0.569411 0.000000
v -0.242275 0.570119 0.007053
v -0.236569 0.571973 0.011413
v -0.229516 0.574265 0.011413
v -0.223809 0.576119 0.007053
v -0.221630 0.576828 0.000000
v -0.223809 0.576119 -0.007053
v -0.229516 0.574265 -0.011413
v -0.236569 0.571973 -0.011413
v -0.242275 0.570119 -0.007053
v -0.244455 0.569411 -0.000000
v -0.246360 0.577345 0.000000
v -0.244096 0.577704 0.007053
v -0.238170 0.578643 0.011413
v -0.230845 0.579803 0.011413
v -0.224919 0.580741 0.007053
v -0.222655 0.581100 0.000000
v -0.224919 0.580741 -0.007053
v -0.230845 0.579803 -0.011413
v -0.238170 0.578643 -0.011413
v -0.244096 0.577704 -0.007053
v -0.246360 0.577345 -0.000000
v -0.247000 0.585480 0.000000
v -0.244708 0.585480 0.007053
v -0.238708 0.585480 0.011413
v -0.231292 0.585480 0.011413
v -0.225292 0.585480 0.007053
v -0.223000 0.585480 0.000000
v -0.225292 0.585480 -0.007053
v -0.231292 0.585480 -0.011413
v -0.238708 0.585480 -0.011413
v -0.244708 0.585480 -0.007053
v -0.247000 0.585480 -0.000000
v -0.246360 0.593615 -0.000000
v -0.244096 0.593256 0.007053
v -0.238170 0.592317 0.011413
v -0.230845 0.591157 0.011413
v -0.224919 0.590219 0.007053
v -0.222655 0.589860 0.000000
v -0.224919 0.590219 -0.007053
v -0.230845 0.591157 -0.011413
v -0.238170 0.592317 -0.011413
v -0.244096 0.593256 -0.007053
v -0.246360 0.593615 -0.000000
v -0.244455 0.601549 -0.000000
v -0.242275 0.600841 0.007053
v -0.236569 0.598987 0.011413
v -0.229516 0.596695 0.011413
v -0.223809 0.594841 0.007053
v -0.221630 0.594132 0.000000
v -0.223809 0.594841 -0.007053
v -0.229516 0.596695 -0.011413
v -0.236569 0.598987 -0.011413
v -0.242275 0.600841 -0.007053
v -0.244455 0.601549 -0.000000
v -0.241332 0.609088 -0.000000
v -0.239290 0.608047 0.007053
v -0.233944 0.605323 0.011413
v -0.227336 0.601956 0.011413
v -0.221990 0.599232 0.007053
v -0.219948 0.598192 0.000000
v -0.221990 0.599232 -0.007053
v -0.227336 0.601956 -0.011413
v -0.233944 0.605323 -0.011413
v -0.239290 0.608047 -0.007053
v -0.241332 0.609088 -0.000000
v -0.237069 0.616045 -0.000000
v -0.235215 0.614698 0.007053
v -0.230361 0.611171 0.011413
v -0.224361 0.606812 0.011413
v -0.219507 0.603285 0.007053
v -0.217652 0.601938 0.000000
v -0.219507 0.603285 -0.007053
v -0.224361 0.606812 -0.011413
v -0.230361 0.611171 -0.011413
v -0.235215 0.614698 -0.007053
v -0.237069 0.616045 -0.000000
v -0.231770 0.622250 -0.000000
v -0.230149 0.620629 0.007053
v -0.225906 0.616386 0.011413
v -0.220662 0.611142 0.011413
v -0.216420 0.606900 0.007053
v -0.214799 0.605279 0.000000
v -0.216420 0.606900 -0.007053
v -0.220662 0.611142 -0.011413
v -0.225906 0.616386 -0.011413
v -0.230149 0.620629 -0.007053
v -0.231770 0.622250 -0.000000
v -0.225565 0.627549 -0.000000
v -0.224218 0.625695 0.007053
v -0.220691 0.620841 0.011413
v -0.216332 0.614841 0.011413
v -0.212805 0.609987 0.007053
v -0.211458 0.608132 0.000000
v -0.212805 0.609987 -0.007053
v -0.216332 0.614841 -0.011413
v -0.220691 0.620841 -0.011413
v -0.224218 0.625695 -0.007053
v -0.225565 0.627549 -0.000000
v -0.218608 0.631812 -0.000000
v -0.217567 0.629770 0.007053
v -0.214843 0.624424 0.011413
v -0.211476 0.617816 0.011413
v -0.208752 0.612470 0.007053
v -0.207712 0.610428 -0.000000
v -0.208752 0.612470 -0.007053
v -0.211476 0.617816 -0.011413
v -0.214843 0.624424 -0.011413
v -0.217567 0.629770 -0.007053
v -0.218608 0.631812 -0.000000
v -0.211069 0.634935 -0.000000
v -0.210361 0.632755 0.007053
v -0.208507 0.627049 0.011413
v -0.206215 0.619996 0.011413
v -0.204361 0.614289 0.007053
v -0.203652 0.612110 -0.000000
v -0.204361 0.614289 -0.007053
v -0.206215 0.619996 -0.011413
v -0.208507 0.627049 -0.011413
v -0.210361 0.632755 -0.007053
v -0.211069 0.634935 -0.000000
v -0.203135 0.636840 -0.000000
v -0.202776 0.634576 0.007053
v -0.201837 0.628650 0.011413
v -0.200677 0.621325 0.011413
v -0.199739 0.615399 0.007053
v -0.199380 0.613135 -0.000000
v -0.199739 0.615399 -0.007053
v -0.200677 0.621325 -0.011413
v -0.201837 0.628650 -0.011413
v -0.202776 0.634576 -0.007053
v -0.203135 0.636840 -0.000000
v -0.195000 0.637480 -0.000000
v -0.195000 0.635188 0.007053
v -0.195000 0.629188 0.011413
v -0.195000 0.621772 0.011413
v -0.195000 0.615772 0.007053
v -0.195000 0.613480 -0.000000
v -0.195000 0.615772 -0.007053
v -0.195000 0.621772 -0.011413
v -0.195000 0.629188 -0.011413
v -0.195000 0.635188 -0.007053
v -0.195000 0.637480 -0.000000
v -0.186865 0.636840 -0.000000
v -0.187224 0.634576 0.007053
v -0.188163 0.628650 0.011413
v -0.189323 0.621325 0.011413
v -0.190261 0.615399 0.007053
v -0.190620 0.613135 -0.000000
v -0.190261 0.615399 -0.007053
v -0.189323 0.621325 -0.011413
v -0.188163 0.628650 -0.011413
v -0.187224 0.634576 -0.007053
v -0.186865 0.636840 -0.000000
v -0.178931 0.634935 -0.000000
v -0.179639 0.632755 0.007053
v -0.181493 0.627049 0.011413
v -0.183785 0.619996 0.011413
v -0.185639 0.614289 0.007053
v -0.186348 0.612110 -0.000000
v -0.185639 0.614289 -0.007053
v -0.183785 0.619996 -0.011413
v -0.181493 0.627049 -0.011413
v -0.179639 0.632755 -0.007053
v -0.178931 0.634935 -0.000000
v -0.171392 0.631812 -0.000000
v -0.172433 0.629770 0.007053
v -0.175157 0.624424 0.011413
v -0.178524 0.617816 0.011413
v -0.181248 0.612470 0.007053
v -0.182288 0.610428 -0.000000
v -0.181248 0.612470 -0.007053
v -0.178524 0.617816 -0.011413
v -0.175157 0.624424 -0.011413
v -0.172433 0.629770 -0.007053
v -0.171392 0.631812 -0.000000
v -0.164435 0.627549 -0.000000
v -0.165782 0.625695 0.007053
v -0.169309 0.620841 0.011413
v -0.173668 0.614841 0.011413
v -0.177195 0.609987 0.007053
v -0.178542 0.608132 0.000000
v -0.177195 0.609987 -0.007053
v -0.173668 0.614841 -0.011413
v -0.169309 0.620841 -0.011413
v -0.165782 0.625695 -0.007053
v -0.164435 0.627549 -0.000000
v -0.158230 0.622250 -0.000000
v -0.159851 0.620629 0.007053
v -0.164094 0.616386 0.011413
v -0.169338 0.611142 0.011413
v -0.173580 0.606900 0.007053
v -0.175201 0.605279 0.000000
v -0.173580 0.606900 -0.007053
v -0.169338 0.611142 -0.011413
v -0.164094 0.616386 -0.011413
v -0.159851 0.620629 -0.007053
v -0.158230 0.622250 -0.000000
v -0.152931 0.616045 -0.000000
v -0.154785 0.614698 0.007053
v -0.159639 0.611171 0.011413
v -0.165639 0.606812 0.011413
v -0.170493 0.603285 0.007053
v -0.172348 0.601938 0.000000
v -0.170493 0.603285 -0.007053
v -0.165639 0.606812 -0.011413
v -0.159639 0.611171 -0.011413
v -0.154785 0.614698 -0.007053
v -0.152931 0.616045 -0.000000
v -0.148668 0.609088 -0.000000
v -0.150710 0.608047 0.007053
v -0.156056 0.605323 0.011413
v -0.162664 0.601956 0.011413
v -0.168010 0.599232 0.007053
v -0.170052 0.598192 0.000000
v -0.168010 0.599232 -0.007053
v -0.162664 0.601956 -0.011413
v -0.156056 0.605323 -0.011413
v -0.150710 0.608047 -0.007053
v -0.148668 0.609088 -0.000000
v -0.145545 0.601549 -0.000000
v -0.147725 0.600841 0.007053
v -0.153431 0.598987 0.011413
v -0.160484 0.596695 0.011413
v -0.166191 0.594841 0.007053
v -0.168370 0.594132 0.000000
v -0.166191 0.594841 -0.007053
v -0.160484 0.596695 -0.011413
v -0.153431 0.598987 -0.011413
v -0.147725 0.600841 -0.007053
v -0.145545 0.601549 -0.000000
v -0.143640 0.593615 -0.000000
v -0.145904 0.593256 0.007053
v -0.151830 0.592317 0.011413
v -0.159155 0.591157 0.011413
v -0.165081 0.590219 0.007053
v -0.167345 0.589860 0.000000
v -0.165081 0.590219 -0.007053
v -0.159155 0.591157 -0.011413
v -0.151830 0.592317 -0.011413
v -0.145904 0.593256 -0.007053
v -0.143640 0.593615 -0.000000
v -0.143000 0.585480 -0.000000
v -0.145292 0.585480 0.007053
v -0.151292 0.585480 0.011413
v -0.158708 0.585480 0.011413
v -0.164708 0.585480 0.007053
v -0.167000 0.585480 0.000000
v -0.164708 0.585480 -0.007053
v -0.158708 0.585480 -0.011413
v -0.151292 0.585480 -0.011413
v -0.145292 0.585480 -0.007053
v -0.143000 0.585480 -0.000000
v 0.247000 0.585480 0.000000
v 0.244708 0.585480 0.007053
v 0.238708 0.585480 0.011413
v 0.231292 0.585480 0.011413
v 0.225292 0.585480 0.007053
v 0.223000 0.585480 0.000000
v 0.225292 0.585480 -0.007053
v 0.231292 0.585480 -0.011413
v 0.238708 0.585480 -0.011413
v 0.244708 0.585480 -0.007053
v 0.247000 0.585480 -0.000000
v 0.246360 0.577345 0.000000
v 0.244096 0.577704 0.007053
v 0.238170 0.578643 0.011413
v 0.230845 0.579803 0.011413
v 0.224919 0.580741 0.007053
v 0.222655 0.581100 0.000000
v 0.224919 0.580741 -0.007053
v 0.230845 0.579803 -0.011413
v 0.238170 0.578643 -0.011413
v 0.244096 0.577704 -0.007053
v 0.246360 0.577345 -0.000000
v 0.244455 0.569411 0.000000
v 0.242275 0.570119 0.007053
v 0.236569 0.571973 0.011413
v 0.229516 0.574265 0.011413
v 0.223809 0.576119 0.007053
v 0.221630 0.576828 0.000000
v 0.223809 0.576119 -0.007053
v 0.229516 0.574265 -0.011413
v 0.236569 0.571973 -0.011413
v 0.242275 0.570119 -0.007053
v 0.244455 0.569411 -0.000000
v 0.241332 0.561872 0.000000
v 0.239290 0.562913 0.007053
v 0.233944 0.565637 0.011413
v 0.227336 0.569004 0.011413
v 0.221990 0.571728 0.007053
v 0.219948 0.572768 0.000000
v 0.221990 0.571728 -0.007053
v 0.227336 0.569004 -0.011413
v 0.233944 0.565637 -0.011413
v 0.239290 0.562913 -0.007053
v 0.241332 0.561872 -0.000000
v 0.237069 0.554915 0.000000
v 0.235215 0.556262 0.007053
v 0.230361 0.559789 0.011413
v 0.224361 0.564148 0.011413
v 0.219507 0.567675 0.007053
v 0.217652 0.569022 0.000000
v 0.219507 0.567675 -0.007053
v 0.224361 0.564148 -0.011413
v 0.230361 0.559789 -0.011413
v 0.235215 0.556262 -0.007053
v 0.237069 0.554915 -0.000000
v 0.231770 0.548710 0.000000
v 0.230149 0.550331 0.007053
v 0.225906 0.554574 0.011413
v 0.220662 0.559818 0.011413
v 0.216420 0.564060 0.007053
v 0.214799 0.565681 0.000000
v 0.216420 0.564060 -0.007053
v 0.220662 0.559818 -0.011413
v 0.225906 0.554574 -0.011413
v 0.230149 0.550331 -0.007053
v 0.231770 0.548710 -0.000000
v 0.225565 0.543411 0.000000
v 0.224218 0.545265 0.007053
v 0.220691 0.550119 0.011413
v 0.216332 0.556119 0.011413
v 0.212805 0.560973 0.007053
v 0.211458 0.562828 0.000000
v 0.212805 0.560973 -0.007053
v 0.216332 0.556119 -0.011413
v 0.220691 0.550119 -0.011413
v 0.224218 0.545265 -0.007053
v 0.225565 0.543411 -0.000000
v 0.218608 0.539148 0.000000
v 0.217567 0.541190 0.007053
v 0.214843 0.546536 0.011413
v 0.211476 0.553144 0.011413
v 0.208752 0.558490 0.007053
v 0.207712 0.560532 0.000000
v 0.208752 0.558490 -0.007053
v 0.211476 0.553144 -0.011413
v 0.214843 0.546536 -0.011413
v 0.217567 0.541190 -0.007053
v 0.218608 0.539148 -0.000000
v 0.211069 0.536025 0.000000
v 0.210361 0.538205 0.007053
v 0.208507 0.543911 0.011413
v 0.206215 0.550964 0.011413
v 0.204361 0.556671 0.007053
v 0.203652 0.558850 0.000000
v 0.204361 0.556671 -0.007053
v 0.206215 0.550964 -0.011413
v 0.208507 0.543911 -0.011413
v 0.210361 0.538205 -0.007053
v 0.211069 0.536025 0.000000
v 0.203135 0.534120 0.000000
v 0.202776 0.536384 0.007053
v 0.201837 0.542310 0.011413
v 0.200677 0.549635 0.011413
v 0.199739 0.555561 0.007053
v 0.199380 0.557825 0.000000
v 0.199739 0.555561 -0.007053
v 0.200677 0.549635 -0.011413
v 0.201837 0.542310 -0.011413
v 0.202776 0.536384 -0.007053
v 0.203135 0.534120 0.000000
v 0.195000 0.533480 0.000000
v 0.195000 0.535772 0.007053
v 0.195000 0.541772 0.011413
v 0.195000 0.549188 0.011413
v 0.195000 0.555188 0.007053
v 0.195000 0.557480 0.000000
v 0.195000 0.555188 -0.007053
v 0.195000 0.549188 -0.011413
v 0.195000 0.541772 -0.011413
v 0.195000 0.535772 -0.007053
v 0.195000 0.533480 0.000000
v 0.186865 0.534120 0.000000
v 0.187224 0.536384 0.007053
v 0.188163 0.542310 0.011413
v 0.189323 0.549635 0.011413
v 0.190261 0.555561 0.007053
v 0.190620 0.557825 0.000000
v 0.190261 0.555561 -0.007053
v 0.189323 0.549635 -0.011413
v 0.188163 0.542310 -0.011413
v 0.187224 0.536384 -0.007053
v 0.186865 0.534120 0.000000
v 0.178931 0.536025 0.000000
v 0.179639 0.538205 0.007053
v 0.181493 0.543911 0.011413
v 0.183785 0.550964 0.011413
v 0.185639 0.556671 0.007053
v 0.186348 0.558850 0.000000
v 0.185639 0.556671 -0.007053
v 0.183785 0.550964 -0.011413
v 0.181493 0.543911 -0.011413
v 0.179639 0.538205 -0.007053
v 0.178931 0.536025 0.000000
v 0.171392 0.539148 0.000000
v 0.172433 0.541190 0.007053
v 0.175157 0.546536 0.011413
v 0.178524 0.553144 0.011413
v 0.181248 0.558490 0.007053
v 0.182288 0.560532 0.000000
v 0.181248 0.558490 -0.007053
v 0.178524 0.553144 -0.011413
v 0.175157 0.546536 -0.011413
v 0.172433 0.541190 -0.007053
v 0.171392 0.539148 -0.000000
v 0.164435 0.543411 0.000000
v 0.165782 0.545265 0.007053
v 0.169309 0.550119 0.011413
v 0.173668 0.556119 0.011413
v 0.177195 0.560973 0.007053
v 0.178542 0.562828 0.000000
v 0.177195 0.560973 -0.007053
v 0.173668 0.556119 -0.011413
v 0.169309 0.550119 -0.011413
v 0.165782 0.545265 -0.007053
v 0.164435 0.543411 -0.000000
v 0.158230 0.548710 0.000000
v 0.159851 0.550331 0.007053
v 0.164094 0.554574 0.011413
v 0.169338 0.559818 0.011413
v 0.173580 0.564060 0.007053
v 0.175201 0.565681 0.000000
v 0.173580 0.564060 -0.007053
v 0.169338 0.559818 -0.011413
v 0.164094 0.554574 -0.011413
v 0.159851 0.550331 -0.007053
v 0.158230 0.548710 -0.000000
v 0.152931 0.554915 0.000000
v 0.154785 0.556262 0.007053
v 0.159639 0.559789 0.011413
v 0.165639 0.564148 0.011413
v 0.170493 0.567675 0.007053
v 0.172348 0.569022 0.000000
v 0.170493 0.567675 -0.007053
v 0.165639 0.564148 -0.011413
v 0.159639 0.559789 -0.011413
v 0.154785 0.556262 -0.007053
v 0.152931 0.554915 -0.000000
v 0.148668 0.561872 0.000000
v 0.150710 0.562913 0.007053
v 0.156056 0.565637 0.011413
v 0.162664 0.569004 0.011413
v 0.168010 0.571728 0.007053
v 0.170052 0.572768 0.000000
v 0.168010 0.571728 -0.007053
v 0.162664 0.569004 -0.011413
v 0.156056 0.565637 -0.011413
v 0.150710 0.562913 -0.007053
v 0.148668 0.561872 -0.000000
v 0.145545 0.569411 0.000000
v 0.147725 0.570119 0.007053
v 0.153431 0.571973 0.011413
v 0.160484 0.574265 0.011413
v 0.166191 0.576119 0.007053
v 0.168370 0.576828 0.000000
v 0.166191 0.576119 -0.007053
v 0.160484 0.574265 -0.011413
v 0.153431 0.571973 -0.011413
v 0.147725 0.570119 -0.007053
v 0.145545 0.569411 -0.000000
v 0.143640 0.577345 0.000000
v 0.145904 0.577704 0.007053
v 0.151830 0.578643 0.011413
v 0.159155 0.579803 0.011413
v 0.165081 0.580741 0.007053
v 0.167345 0.581100 0.000000
v 0.165081 0.580741 -0.007053
v 0.159155 0.579803 -0.011413
v 0.151830 0.578643 -0.011413
v 0.145904 0.577704 -0.007053
v 0.143640 0.577345 -0.000000
v 0.143000 0.585480 0.000000
v 0.145292 0.585480 0.007053
v 0.151292 0.585480 0.011413
v 0.158708 0.585480 0.011413
v 0.164708 0.585480 0.007053
v 0.167000 0.585480 0.000000
v 0.164708 0.585480 -0.007053
v 0.158708 0.585480 -0.011413
v 0.151292 0.585480 -0.011413
v 0.145292 0.585480 -0.007053
v 0.143000 0.585480 -0.000000
v 0.143640 0.593615 -0.000000
v 0.145904 0.593256 0.007053
v 0.151830 0.592317 0.011413
v 0.159155 0.591157 0.011413
v 0.165081 0.590219 0.007053
v 0.167345 0.589860 0.000000
v 0.165081 0.590219 -0.007053
v 0.159155 0.591157 -0.011413
v 0.151830 0.592317 -0.011413
v 0.145904 0.593256 -0.007053
v 0.143640 0.593615 -0.000000
v 0.145545 0.601549 -0.000000
v 0.147725 0.600841 0.007053
v 0.153431 0.598987 0.011413
v 0.160484 0.596695 0.011413
v 0.166191 0.594841 0.007053
v 0.168370 0.594132 0.000000
v 0.166191 0.594841 -0.007053
v 0.160484 0.596695 -0.011413
v 0.153431 0.598987 -0.011413
v 0.147725 0.600841 -0.007053
v 0.145545 0.601549 -0.000000
v 0.148668 0.609088 -0.000000
v 0.150710 0.608047 0.007053
v 0.156056 0.605323 0.011413
v 0.162664 0.601956 0.011413
v 0.168010 0.599232 0.007053
v 0.170052 0.598192 0.000000
v 0.168010 0.599232 -0.007053
v 0.162664 0.601956 -0.011413
v 0.156056 0.605323 -0.011413
v 0.150710 0.608047 -0.007053
v 0.148668 0.609088 -0.000000
v 0.152931 0.616045 -0.000000
v 0.154785 0.614698 0.007053
v 0.159639 0.611171 0.011413
v 0.165639 0.606812 0.011413
v 0.170493 0.603285 0.007053
v 0.172348 0.601938 0.000000
v 0.170493 0.603285 -0.007053
v 0.165639 0.606812 -0.011413
v 0.159639 0.611171 -0.011413
v 0.154785 0.614698 -0.007053
v 0.152931 0.616045 -0.000000
v 0.158230 0.622250 -0.000000
v 0.159851 0.620629 0.007053
v 0.164094 0.616386 0.011413
v 0.169338 0.611142 0.011413
v 0.173580 0.606900 0.007053
v 0.175201 0.605279 0.000000
v 0.173580 0.606900 -0.007053
v 0.169338 0.611142 -0.011413
v 0.164094 0.616386 -0.011413
v 0.159851 0.620629 -0.007053
v 0.158230 0.622250 -0.000000
v 0.164435 0.627549 -0.000000
v 0.165782 0.625695 0.007053
v 0.169309 0.620841 0.011413
v 0.173668 0.614841 0.011413
v 0.177195 0.609987 0.007053
v 0.178542 0.608132 0.000000
v 0.177195 0.609987 -0.007053
v 0.173668 0.614841 -0.011413
v 0.169309 0.620841 -0.011413
v 0.165782 0.625695 -0.007053
v 0.164435 0.627549 -0.000000
v 0.171392 0.631812 -0.000000
v 0.172433 0.629770 0.007053
v 0.175157 0.624424 0.011413
v 0.178524 0.617816 0.011413
v 0.181248 0.612470 0.007053
v 0.182288 0.610428 -0.000000
v 0.181248 0.612470 -0.007053
v 0.178524 0.617816 -0.011413
v 0.175157 0.624424 -0.011413
v 0.172433 0.629770 -0.007053
v 0.171392 0.631812 -0.000000
v 0.178931 0.634935 -0.000000
v 0.179639 0.632755 0.007053
v 0.181493 0.627049 0.011413
v 0.183785 0.619996 0.011413
v 0.185639 0.614289 0.007053
v 0.186348 0.612110 -0.000000
v 0.185639 0.614289 -0.007053
v 0.183785 0.619996 -0.011413
v 0.181493 0.627049 -0.011413
v 0.179639 0.632755 -0.007053
v 0.178931 0.634935 -0.000000
v 0.186865 0.636840 -0.000000
v 0.187224 0.634576 0.007053
v 0.188163 0.628650 0.011413
v 0.189323 0.621325 0.011413
v 0.190261 0.615399 0.007053
v 0.190620 0.613135 -0.000000
v 0.190261 0.615399 -0.007053
v 0.189323 0.621325 -0.011413
v 0.188163 0.628650 -0.011413
v 0.187224 0.634576 -0.007053
v 0.186865 0.636840 -0.000000
v 0.195000 0.637480 -0.000000
v 0.195000 0.635188 0.007053
v 0.195000 0.629188 0.011413
v 0.195000 0.621772 0.011413
v 0.195000 0.615772 0.007053
v 0.195000 0.613480 -0.000000
v 0.195000 0.615772 -0.007053
v 0.195000 0.621772 -0.011413
v 0.195000 0.629188 -0.011413
v 0.195000 0.635188 -0.007053
v 0.195000 0.637480 -0.000000
v 0.203135 0.636840 -0.000000
v 0.202776 0.634576 0.007053
v 0.201837 0.628650 0.011413
v 0.200677 0.621325 0.011413
v 0.199739 0.615399 0.007053
v 0.199380 0.613135 -0.000000
v 0.199739 0.615399 -0.007053
v 0.200677 0.621325 -0.011413
v 0.201837 0.628650 -0.011413
v 0.202776 0.634576 -0.007053
v 0.203135 0.636840 -0.000000
v 0.211069 0.634935 -0.000000
v 0.210361 0.632755 0.007053
v 0.208507 0.627049 0.011413
v 0.206215 0.619996 0.011413
v 0.204361 0.614289 0.007053
v 0.203652 0.612110 -0.000000
v 0.204361 0.614289 -0.007053
v 0.206215 0.619996 -0.011413
v 0.208507 0.627049 -0.011413
v 0.210361 0.632755 -0.007053
v 0.211069 0.634935 -0.000000
v 0.218608 0.631812 -0.000000
v 0.217567 0.629770 0.007053
v 0.214843 0.624424 0.011413
v 0.211476 0.617816 0.011413
v 0.208752 0.612470 0.007053
v 0.207712 0.610428 -0.000000
v 0.208752 0.612470 -0.007053
v 0.211476 0.617816 -0.011413
v 0.214843 0.624424 -0.011413
v 0.217567 0.629770 -0.007053
v 0.218608 0.631812 -0.000000
v 0.225565 0.627549 -0.000000
v 0.224218 0.625695 0.007053
v 0.220691 0.620841 0.011413
v 0.216332 0.614841 0.011413
v 0.212805 0.609987 0.007053
v 0.211458 0.608132 0.000000
v 0.212805 0.609987 -0.007053
v 0.216332 0.614841 -0.011413
v 0.220691 0.620841 -0.011413
v 0.224218 0.625695 -0.007053
v 0.225565 0.627549 -0.000000
v 0.231770 0.622250 -0.000000
v 0.230149 0.620629 0.007053
v 0.225906 0.616386 0.011413
v 0.220662 0.611142 0.011413
v 0.216420 0.606900 0.007053
v 0.214799 0.605279 0.000000
v 0.216420 0.606900 -0.007053
v 0.220662 0.611142 -0.011413
v 0.225906 0.616386 -0.011413
v 0.230149 0.620629 -0.007053
v 0.231770 0.622250 -0.000000
v 0.237069 0.616045 -0.000000
v 0.235215 0.614698 0.007053
v 0.230361 0.611171 0.011413
v 0.224361 0.606812 0.011413
v 0.219507 0.603285 0.007053
v 0.217652 0.601938 0.000000
v 0.219507 0.603285 -0.007053
v 0.224361 0.606812 -0.011413
v 0.230361 0.611171 -0.011413
v 0.235215 0.614698 -0.007053
v 0.237069 0.616045 -0.000000
v 0.241332 0.609088 -0.000000
v 0.239290 0.608047 0.007053
v 0.233944 0.605323 0.011413
v 0.227336 0.601956 0.011413
v 0.221990 0.599232 0.007053
v 0.219948 0.598192 0.000000
v 0.221990 0.599232 -0.007053
v 0.227336 0.601956 -0.011413
v 0.233944 0.605323 -0.011413
v 0.239290 0.608047 -0.007053
v 0.241332 0.609088 -0.000000
v 0.244455 0.601549 -0.000000
v 0.242275 0.600841 0.007053
v 0.236569 0.598987 0.011413
v 0.229516 0.596695 0.011413
v 0.223809 0.594841 0.007053
v 0.221630 0.594132 0.000000
v 0.223809 0.594841 -0.007053
v 0.229516 0.596695 -0.011413
v 0.236569 0.598987 -0.011413
v 0.242275 0.600841 -0.007053
v 0.244455 0.601549 -0.000000
v 0.246360 0.593615 -0.000000
v 0.244096 0.593256 0.007053
v 0.238170 0.592317 0.011413
v 0.230845 0.591157 0.011413
v 0.224919 0.590219 0.007053
v 0.222655 0.589860 0.000000
v 0.224919 0.590219 -0.007053
v 0.230845 0.591157 -0.011413
v 0.238170 0.592317 -0.011413
v 0.244096 0.593256 -0.007053
v 0.246360 0.593615 -0.000000
v 0.247000 0.585480 -0.000000
v 0.244708 0.585480 0.007053
v 0.238708 0.585480 0.011413
v 0.231292 0.585480 0.011413
v 0.225292 0.585480 0.007053
v 0.223000 0.585480 0.000000
v 0.225292 0.585480 -0.007053
v 0.231292 0.585480 -0.011413
v 0.238708 0.585480 -0.011413
v 0.244708 0.585480 -0.007053
v 0.247000 0.585480 -0.000000
v -0.180000 0.319600 0.397000
v -0.180000 0.319600 0.397000
v -0.180000 0.319600 0.397000
v -0.180000 0.319600 0.397000
v -0.180000 0.319600 0.397000
v -0.180000 0.319600 0.397000
v -0.180000 0.319600 0.397000
v -0.180000 0.319600 0.397000
v -0.180000 0.319600 0.397000
v -0.180000 0.319600 0.397000
v -0.180000 0.319600 0.397000
v -0.180000 0.319600 0.397000
v -0.180000 0.319600 0.397000
v -0.180000 0.319600 0.397000
v -0.180000 0.319600 0.397000
v -0.180000 0.319600 0.397000
v -0.180000 0.319600 0.397000
v -0.180000 0.319600 0.397000
v -0.180000 0.319600 0.397000
v -0.180000 0.319600 0.397000
v -0.180000 0.319600 0.397000
v -0.180000 0.319600 0.397000
v -0.180000 0.319600 0.397000
v -0.180000 0.319600 0.397000
v -0.180000 0.319600 0.397000
v -0.180000 0.319600 0.397000
v -0.180000 0.319600 0.397000
v -0.180000 0.319600 0.397000
v -0.180000 0.319600 0.397000
v -0.180000 0.319600 0.397000
v -0.180000 0.319600 0.397000
v -0.180000 0.319600 0.397000
v -0.180000 0.319600 0.397000
v -0.180000 0.319600 0.397000
v -0.180000 0.319600 0.397000
v -0.180000 0.319600 0.397000
v -0.180000 0.319600 0.397000
v -0.180000 0.319600 0.397000
v -0.180000 0.319600 0.397000
v -0.180000 0.319600 0.397000
v -0.180000 0.319600 0.397000
v -0.147100 0.319600 0.397000
v -0.147505 0.316100 0.397000
v -0.148710 0.312687 0.397000
v -0.150686 0.309443 0.397000
v -0.153383 0.306450 0.397000
v -0.156736 0.303781 0.397000
v -0.160662 0.301501 0.397000
v -0.165064 0.299666 0.397000
v -0.169833 0.298323 0.397000
v -0.174853 0.297503 0.397000
v -0.180000 0.297228 0.397000
v -0.185147 0.297503 0.397000
v -0.190167 0.298323 0.397000
v -0.194936 0.299666 0.397000
v -0.199338 0.301501 0.397000
v -0.203264 0.303781 0.397000
v -0.206617 0.306450 0.397000
v -0.209314 0.309443 0.397000
v -0.211290 0.312687 0.397000
v -0.212495 0.316100 0.397000
v -0.212900 0.319600 0.397000
v -0.212495 0.323100 0.397000
v -0.211290 0.326513 0.397000
v -0.209314 0.329757 0.397000
v -0.206617 0.332750 0.397000
v -0.203264 0.335419 0.397000
v -0.199338 0.337699 0.397000
v -0.194936 0.339534 0.397000
v -0.190167 0.340877 0.397000
v -0.185147 0.341697 0.397000
v -0.180000 0.341972 0.397000
v -0.174853 0.341697 0.397000
v -0.169833 0.340877 0.397000
v -0.165064 0.339534 0.397000
v -0.160662 0.337699 0.397000
v -0.156736 0.335419 0.397000
v -0.153383 0.332750 0.397000
v -0.150686 0.329757 0.397000
v -0.148710 0.326513 0.397000
v -0.147505 0.323100 0.397000
v -0.147100 0.319600 0.397000
v -0.145000 0.319600 0.398360
v -0.145431 0.315877 0.398360
v -0.146713 0.312245 0.398360
v -0.148815 0.308795 0.398360
v -0.151684 0.305611 0.398360
v -0.155251 0.302771 0.398360
v -0.159428 0.300345 0.398360
v -0.164110 0.298394 0.398360
v -0.169184 0.296965 0.398360
v -0.174525 0.296093 0.398360
v -0.180000 0.295800 0.398360
v -0.185475 0.296093 0.398360
v -0.190816 0.296965 0.398360
v -0.195890 0.298394 0.398360
v -0.200572 0.300345 0.398360
v -0.204749 0.302771 0.398360
v -0.208316 0.305611 0.398360
v -0.211185 0.308795 0.398360
v -0.213287 0.312245 0.398360
v -0.214569 0.315877 0.398360
v -0.215000 0.319600 0.398360
v -0.214569 0.323323 0.398360
v -0.213287 0.326955 0.398360
v -0.211185 0.330405 0.398360
v -0.208316 0.333589 0.398360
v -0.204749 0.336429 0.398360
v -0.200572 0.338855 0.398360
v -0.195890 0.340806 0.398360
v -0.190816 0.342235 0.398360
v -0.185475 0.343107 0.398360
v -0.180000 0.343400 0.398360
v -0.174525 0.343107 0.398360
v -0.169184 0.342235 0.398360
v -0.164110 0.340806 0.398360
v -0.159428 0.338855 0.398360
v -0.155251 0.336429 0.398360
v -0.151684 0.333589 0.398360
v -0.148815 0.330405 0.398360
v -0.146713 0.326955 0.398360
v -0.145431 0.323323 0.398360
v -0.145000 0.319600 0.398360
v -0.145000 0.319600 0.412640
v -0.145431 0.315877 0.412640
v -0.146713 0.312245 0.412640
v -0.148815 0.308795 0.412640
v -0.151684 0.305611 0.412640
v -0.155251 0.302771 0.412640
v -0.159428 0.300345 0.412640
v -0.164110 0.298394 0.412640
v -0.169184 0.296965 0.412640
v -0.174525 0.296093 0.412640
v -0.180000 0.295800 0.412640
v -0.185475 0.296093 0.412640
v -0.190816 0.296965 0.412640
v -0.195890 0.298394 0.412640
v -0.200572 0.300345 0.412640
v -0.204749 0.302771 0.412640
v -0.208316 0.305611 0.412640
v -0.211185 0.308795 0.412640
v -0.213287 0.312245 0.412640
v -0.214569 0.315877 0.412640
v -0.215000 0.319600 0.412640
v -0.214569 0.323323 0.412640
v -0.213287 0.326955 0.412640
v -0.211185 0.330405 0.412640
v -0.208316 0.333589 0.412640
v -0.204749 0.336429 0.412640
v -0.200572 0.338855 0.412640
v -0.195890 0.340806 0.412640
v -0.190816 0.342235 0.412640
v -0.185475 0.343107 0.412640
v -0.180000 0.343400 0.412640
v -0.174525 0.343107 0.412640
v -0.169184 0.342235 0.412640
v -0.164110 0.340806 0.412640
v -0.159428 0.338855 0.412640
v -0.155251 0.336429 0.412640
v -0.151684 0.333589 0.412640
v -0.148815 0.330405 0.412640
v -0.146713 0.326955 0.412640
v -0.145431 0.323323 0.412640
v -0.145000 0.319600 0.412640
v -0.147100 0.319600 0.414000
v -0.147505 0.316100 0.414000
v -0.148710 0.312687 0.414000
v -0.150686 0.309443 0.414000
v -0.153383 0.306450 0.414000
v -0.156736 0.303781 0.414000
v -0.160662 0.301501 0.414000
v -0.165064 0.299666 0.414000
v -0.169833 0.298323 0.414000
v -0.174853 0.297503 0.414000
v -0.180000 0.297228 0.414000
v -0.185147 0.297503 0.414000
v -0.190167 0.298323 0.414000
v -0.194936 0.299666 0.414000
v -0.199338 0.301501 0.414000
v -0.203264 0.303781 0.414000
v -0.206617 0.306450 0.414000
v -0.209314 0.309443 0.414000
v -0.211290 0.312687 0.414000
v -0.212495 0.316100 0.414000
v -0.212900 0.319600 0.414000
v -0.212495 0.323100 0.414000
v -0.211290 0.326513 0.414000
v -0.209314 0.329757 0.414000
v -0.206617 0.332750 0.414000
v -0.203264 0.335419 0.414000
v -0.199338 0.337699 0.414000
v -0.194936 0.339534 0.414000
v -0.190167 0.340877 0.414000
v -0.185147 0.341697 0.414000
v -0.180000 0.341972 0.414000
v -0.174853 0.341697 0.414000
v -0.169833 0.340877 0.414000
v -0.165064 0.339534 0.414000
v -0.160662 0.337699 0.414000
v -0.156736 0.335419 0.414000
v -0.153383 0.332750 0.414000
v -0.150686 0.329757 0.414000
v -0.148710 0.326513 0.414000
v -0.147505 0.323100 0.414000
v -0.147100 0.319600 0.414000
v -0.180000 0.319600 0.414000
v -0.180000 0.319600 0.414000
v -0.180000 0.319600 0.414000
v -0.180000 0.319600 0.414000
v -0.180000 0.319600 0.414000
v -0.180000 0.319600 0.414000
v -0.180000 0.319600 0.414000
v -0.180000 0.319600 0.414000
v -0.180000 0.319600 0.414000
v -0.180000 0.319600 0.414000
v -0.180000 0.319600 0.414000
v -0.180000 0.319600 0.414000
v -0.180000 0.319600 0.414000
v -0.180000 0.319600 0.414000
v -0.180000 0.319600 0.414000
v -0.180000 0.319600 0.414000
v -0.180000 0.319600 0.414000
v -0.180000 0.319600 0.414000
v -0.180000 0.319600 0.414000
v -0.180000 0.319600 0.414000
v -0.180000 0.319600 0.414000
v -0.180000 0.319600 0.414000
v -0.180000 0.319600 0.414000
v -0.180000 0.319600 0.414000
v -0.180000 0.319600 0.414000
v -0.180000 0.319600 0.414000
v -0.180000 0.319600 0.414000
v -0.180000 0.319600 0.414000
v -0.180000 0.319600 0.414000
v -0.180000 0.319600 0.414000
v -0.180000 0.319600 0.414000
v -0.180000 0.319600 0.414000
v -0.180000 0.319600 0.414000
v -0.180000 0.319600 0.414000
v -0.180000 0.319600 0.414000
v -0.180000 0.319600 0.414000
v -0.180000 0.319600 0.414000
v -0.180000 0.319600 0.414000
v -0.180000 0.319600 0.414000
v -0.180000 0.319600 0.414000
v -0.180000 0.319600 0.414000
v 0.180000 0.319600 0.397000
v 0.180000 0.319600 0.397000
v 0.180000 0.319600 0.397000
v 0.180000 0.319600 0.397000
v 0.180000 0.319600 0.397000
v 0.180000 0.319600 0.397000
v 0.180000 0.319600 0.397000
v 0.180000 0.319600 0.397000
v 0.180000 0.319600 0.397000
v 0.180000 0.319600 0.397000
v 0.180000 0.319600 0.397000
v 0.180000 0.319600 0.397000
v 0.180000 0.319600 0.397000
v 0.180000 0.319600 0.397000
v 0.180000 0.319600 0.397000
v 0.180000 0.319600 0.397000
v 0.180000 0.319600 0.397000
v 0.180000 0.319600 0.397000
v 0.180000 0.319600 0.397000
v 0.180000 0.319600 0.397000
v 0.180000 0.319600 0.397000
v 0.180000 0.319600 0.397000
v 0.180000 0.319600 0.397000
v 0.180000 0.319600 0.397000
v 0.180000 0.319600 0.397000
v 0.180000 0.319600 0.397000
v 0.180000 0.319600 0.397000
v 0.180000 0.319600 0.397000
v 0.180000 0.319600 0.397000
v 0.180000 0.319600 0.397000
v 0.180000 0.319600 0.397000
v 0.180000 0.319600 0.397000
v 0.180000 0.319600 0.397000
v 0.180000 0.319600 0.397000
v 0.180000 0.319600 0.397000
v 0.180000 0.319600 0.397000
v 0.180000 0.319600 0.397000
v 0.180000 0.319600 0.397000
v 0.180000 0.319600 0.397000
v 0.180000 0.319600 0.397000
v 0.180000 0.319600 0.397000
v 0.212900 0.319600 0.397000
v 0.212495 0.316100 0.397000
v 0.211290 0.312687 0.397000
v 0.209314 0.309443 0.397000
v 0.206617 0.306450 0.397000
v 0.203264 0.303781 0.397000
v 0.199338 0.301501 0.397000
v 0.194936 0.299666 0.397000
v 0.190167 0.298323 0.397000
v 0.185147 0.297503 0.397000
v 0.180000 0.297228 0.397000
v 0.174853 0.297503 0.397000
v 0.169833 0.298323 0.397000
v 0.165064 0.299666 0.397000
v 0.160662 0.301501 0.397000
v 0.156736 0.303781 0.397000
v 0.153383 0.306450 0.397000
v 0.150686 0.309443 0.397000
v 0.148710 0.312687 0.397000
v 0.147505 0.316100 0.397000
v 0.147100 0.319600 0.397000
v 0.147505 0.323100 0.397000
v 0.148710 0.326513 0.397000
v 0.150686 0.329757 0.397000
v 0.153383 0.332750 0.397000
v 0.156736 0.335419 0.397000
v 0.160662 0.337699 0.397000
v 0.165064 0.339534 0.397000
v 0.169833 0.340877 0.397000
v 0.174853 0.341697 0.397000
v 0.180000 0.341972 0.397000
v 0.185147 0.341697 0.397000
v 0.190167 0.340877 0.397000
v 0.194936 0.339534 0.397000
v 0.199338 0.337699 0.397000
v 0.203264 0.335419 0.397000
v 0.206617 0.332750 0.397000
v 0.209314 0.329757 0.397000
v 0.211290 0.326513 0.397000
v 0.212495 0.323100 0.397000
v 0.212900 0.319600 0.397000
v 0.215000 0.319600 0.398360
v 0.214569 0.315877 0.398360
v 0.213287 0.312245 0.398360
v 0.211185 0.308795 0.398360
v 0.208316 0.305611 0.398360
v 0.204749 0.302771 0.398360
v 0.200572 0.300345 0.398360
v 0.195890 0.298394 0.398360
v 0.190816 0.296965 0.398360
v 0.185475 0.296093 0.398360
v 0.180000 0.295800 0.398360
v 0.174525 0.296093 0.398360
v 0.169184 0.296965 0.398360
v 0.164110 0.298394 0.398360
v 0.159428 0.300345 0.398360
v 0.155251 0.302771 0.398360
v 0.151684 0.305611 0.398360
v 0.148815 0.308795 0.398360
v 0.146713 0.312245 0.398360
v 0.145431 0.315877 0.398360
v 0.145000 0.319600 0.398360
v 0.145431 0.323323 0.398360
v 0.146713 0.326955 0.398360
v 0.148815 0.330405 0.398360
v 0.151684 0.333589 0.398360
v 0.155251 0.336429 0.398360
v 0.159428 0.338855 0.398360
v 0.164110 0.340806 0.398360
v 0.169184 0.342235 0.398360
v 0.174525 0.343107 0.398360
v 0.180000 0.343400 0.398360
v 0.185475 0.343107 0.398360
v 0.190816 0.342235 0.398360
v 0.195890 0.340806 0.398360
v 0.200572 0.338855 0.398360
v 0.204749 0.336429 0.398360
v 0.208316 0.333589 0.398360
v 0.211185 0.330405 0.398360
v 0.213287 0.326955 0.398360
v 0.214569 0.323323 0.398360
v 0.215000 0.319600 0.398360
v 0.215000 0.319600 0.412640
v 0.214569 0.315877 0.412640
v 0.213287 0.312245 0.412640
v 0.211185 0.308795 0.412640
v 0.208316 0.305611 0.412640
v 0.204749 0.302771 0.412640
v 0.200572 0.300345 0.412640
v 0.195890 0.298394 0.412640
v 0.190816 0.296965 0.412640
v 0.185475 0.296093 0.412640
v 0.180000 0.295800 0.412640
v 0.174525 0.296093 0.412640
v 0.169184 0.296965 0.412640
v 0.164110 0.298394 0.412640
v 0.159428 0.300345 0.412640
v 0.155251 0.302771 0.412640
v 0.151684 0.305611 0.412640
v 0.148815 0.308795 0.412640
v 0.146713 0.312245 0.412640
v 0.145431 0.315877 0.412640
v 0.145000 0.319600 0.412640
v 0.145431 0.323323 0.412640
v 0.146713 0.326955 0.412640
v 0.148815 0.330405 0.412640
v 0.151684 0.333589 0.412640
v 0.155251 0.336429 0.412640
v 0.159428 0.338855 0.412640
v 0.164110 0.340806 0.412640
v 0.169184 0.342235 0.412640
v 0.174525 0.343107 0.412640
v 0.180000 0.343400 0.412640
v 0.185475 0.343107 0.412640
v 0.190816 0.342235 0.412640
v 0.195890 0.340806 0.412640
v 0.200572 0.338855 0.412640
v 0.204749 0.336429 0.412640
v 0.208316 0.333589 0.412640
v 0.211185 0.330405 0.412640
v 0.213287 0.326955 0.412640
v 0.214569 0.323323 0.412640
v 0.215000 0.319600 0.412640
v 0.212900 0.319600 0.414000
v 0.212495 0.316100 0.414000
v 0.211290 0.312687 0.414000
v 0.209314 0.309443 0.414000
v 0.206617 0.306450 0.414000
v 0.203264 0.303781 0.414000
v 0.199338 0.301501 0.414000
v 0.194936 0.299666 0.414000
v 0.190167 0.298323 0.414000
v 0.185147 0.297503 0.414000
v 0.180000 0.297228 0.414000
v 0.174853 0.297503 0.414000
v 0.169833 0.298323 0.414000
v 0.165064 0.299666 0.414000
v 0.160662 0.301501 0.414000
v 0.156736 0.303781 0.414000
v 0.153383 0.306450 0.414000
v 0.150686 0.309443 0.414000
v 0.148710 0.312687 0.414000
v 0.147505 0.316100 0.414000
v 0.147100 0.319600 0.414000
v 0.147505 0.323100 0.414000
v 0.148710 0.326513 0.414000
v 0.150686 0.329757 0.414000
v 0.153383 0.332750 0.414000
v 0.156736 0.335419 0.414000
v 0.160662 0.337699 0.414000
v 0.165064 0.339534 0.414000
v 0.169833 0.340877 0.414000
v 0.174853 0.341697 0.414000
v 0.180000 0.341972 0.414000
v 0.185147 0.341697 0.414000
v 0.190167 0.340877 0.414000
v 0.194936 0.339534 0.414000
v 0.199338 0.337699 0.414000
v 0.203264 0.335419 0.414000
v 0.206617 0.332750 0.414000
v 0.209314 0.329757 0.414000
v 0.211290 0.326513 0.414000
v 0.212495 0.323100 0.414000
v 0.212900 0.319600 0.414000
v 0.180000 0.319600 0.414000
v 0.180000 0.319600 0.414000
v 0.180000 0.319600 0.414000
v 0.180000 0.319600 0.414000
v 0.180000 0.319600 0.414000
v 0.180000 0.319600 0.414000
v 0.180000 0.319600 0.414000
v 0.180000 0.319600 0.414000
v 0.180000 0.319600 0.414000
v 0.180000 0.319600 0.414000
v 0.180000 0.319600 0.414000
v 0.180000 0.319600 0.414000
v 0.180000 0.319600 0.414000
v 0.180000 0.319600 0.414000
v 0.180000 0.319600 0.414000
v 0.180000 0.319600 0.414000
v 0.180000 0.319600 0.414000
v 0.180000 0.319600 0.414000
v 0.180000 0.319600 0.414000
v 0.180000 0.319600 0.414000
v 0.180000 0.319600 0.414000
v 0.180000 0.319600 0.414000
v 0.180000 0.319600 0.414000
v 0.180000 0.319600 0.414000
v 0.180000 0.319600 0.414000
v 0.180000 0.319600 0.414000
v 0.180000 0.319600 0.414000
v 0.180000 0.319600 0.414000
v 0.180000 0.319600 0.414000
v 0.180000 0.319600 0.414000
v 0.180000 0.319600 0.414000
v 0.180000 0.319600 0.414000
v 0.180000 0.319600 0.414000
v 0.180000 0.319600 0.414000
v 0.180000 0.319600 0.414000
v 0.180000 0.319600 0.414000
v 0.180000 0.319600 0.414000
v 0.180000 0.319600 0.414000
v 0.180000 0.319600 0.414000
v 0.180000 0.319600 0.414000
v 0.180000 0.319600 0.414000
vn 0.000000 1.000000 0.000000
vn 0.000000 1.000000 0.000000
vn 0.000000 1.000000 0.000000
vn 0.000000 1.000000 0.000000
vn 0.000000 1.000000 0.000000
vn 0.000000 1.000000 0.000000
vn 0.000000 1.000000 0.000000
vn 0.000000 1.000000 0.000000
vn 0.000000 1.000000 0.000000
vn 0.000000 1.000000 0.000000
vn 0.000000 1.000000 0.000000
vn 0.000000 1.000000 0.000000
vn 0.000000 1.000000 0.000000
vn 0.000000 1.000000 0.000000
vn 0.000000 1.000000 0.000000
vn 0.000000 1.000000 0.000000
vn 0.000000 1.000000 0.000000
vn 0.000000 1.000000 0.000000
vn 0.000000 1.000000 0.000000
vn 0.000000 1.000000 0.000000
vn 0.000000 1.000000 0.000000
vn 0.109682 0.993878 -0.013263
vn 0.106478 0.993099 0.049153
vn 0.092646 0.989996 0.106414
vn 0.069782 0.985796 0.152761
vn 0.040328 0.982114 0.183917
vn 0.007174 0.980321 0.197280
vn -0.026628 0.981070 0.191813
vn -0.058008 0.984090 0.167936
vn -0.083982 0.988268 0.127568
vn -0.101875 0.992020 0.074281
vn -0.109682 0.993878 0.013263
vn -0.106478 0.993099 -0.049153
vn -0.092646 0.989996 -0.106414
vn -0.069782 0.985796 -0.152761
vn -0.040328 0.982114 -0.183917
vn -0.007174 0.980321 -0.197280
vn 0.026628 0.981070 -0.191813
vn 0.058008 0.984090 -0.167936
vn 0.083982 0.988268 -0.127568
vn 0.101875 0.992020 -0.074281
vn 0.109682 0.993878 -0.013263
vn 0.207421 0.978165 -0.013054
vn 0.198736 0.974511 0.104077
vn 0.169389 0.963235 0.208530
vn 0.123920 0.949131 0.289474
vn 0.067966 0.937621 0.340950
vn 0.006826 0.932677 0.360649
vn -0.054812 0.935878 0.348034
vn -0.112334 0.946210 0.303427
vn -0.160592 0.960183 0.228602
vn -0.193938 0.972554 0.128555
vn -0.207421 0.978165 0.013054
vn -0.198736 0.974511 -0.104077
vn -0.169389 0.963235 -0.208530
vn -0.123920 0.949131 -0.289474
vn -0.067966 0.937621 -0.340950
vn -0.006826 0.932677 -0.360649
vn 0.054812 0.935878 -0.348034
vn 0.112334 0.946210 -0.303427
vn 0.160592 0.960183 -0.228602
vn 0.193938 0.972554 -0.128555
vn 0.207421 0.978165 -0.013054
vn 0.337964 0.941075 -0.012559
vn 0.320023 0.930814 0.176553
vn 0.266184 0.902806 0.337767
vn 0.188916 0.870541 0.454389
vn 0.099792 0.846152 0.523515
vn 0.006122 0.836559 0.547843
vn -0.087788 0.843985 0.529135
vn -0.177826 0.866732 0.465998
vn -0.257201 0.898560 0.355581
vn -0.314835 0.927930 0.199561
vn -0.337964 0.941075 0.012559
vn -0.320023 0.930814 -0.176553
vn -0.266184 0.902806 -0.337767
vn -0.188916 0.870541 -0.454389
vn -0.099792 0.846152 -0.523515
vn -0.006122 0.836559 -0.547843
vn 0.087788 0.843985 -0.529135
vn 0.177826 0.866732 -0.465998
vn 0.257201 0.898560 -0.355581
vn 0.314835 0.927930 -0.199561
vn 0.337964 0.941075 -0.012559
vn 0.525254 0.850870 -0.011355
vn 0.487812 0.827696 0.277415
vn 0.388933 0.772123 0.502550
vn 0.264003 0.715905 0.646361
vn 0.134022 0.677837 0.722894
vn 0.004860 0.664128 0.747603
vn -0.124235 0.675922 0.726426
vn -0.254228 0.712267 0.654251
vn -0.380034 0.767565 0.516157
vn -0.482034 0.824217 0.297171
vn -0.525254 0.850870 0.011355
vn -0.487812 0.827696 -0.277415
vn -0.388933 0.772123 -0.502550
vn -0.264003 0.715905 -0.646361
vn -0.134022 0.677837 -0.722894
vn -0.004860 0.664128 -0.747603
vn 0.124235 0.675922 -0.726426
vn 0.254228 0.712267 -0.654251
vn 0.380034 0.767565 -0.516157
vn 0.482034 0.824217 -0.297171
vn 0.525254 0.850870 -0.011355
vn 0.798414 0.602056 -0.008034
vn 0.713482 0.564687 0.414815
vn 0.528754 0.490871 0.692434
vn 0.337555 0.429782 0.837463
vn 0.164172 0.393923 0.904363
vn 0.002797 0.382134 0.924102
vn -0.158363 0.393115 0.905749
vn -0.331156 0.428089 0.840878
vn -0.521839 0.488352 0.699426
vn -0.707940 0.562314 0.427345
vn -0.798414 0.602056 0.008034
vn -0.713482 0.564687 -0.414815
vn -0.528754 0.490871 -0.692434
vn -0.337555 0.429782 -0.837463
vn -0.164172 0.393923 -0.904363
vn -0.002797 0.382134 -0.924102
vn 0.158363 0.393115 -0.905749
vn 0.331156 0.428089 -0.840878
vn 0.521839 0.488352 -0.699426
vn 0.707940 0.562314 -0.427345
vn 0.798414 0.602056 -0.008034
vn 1.000000 -0.000000 0.000000
vn 0.860326 -0.000000 0.509744
vn 0.602444 0.000000 0.798161
vn 0.370130 0.000000 0.928980
vn 0.175419 0.000000 0.984494
vn 0.000000 -0.000000 1.000000
vn -0.175419 -0.000000 0.984494
vn -0.370130 0.000000 0.928980
vn -0.602444 -0.000000 0.798161
vn -0.860326 0.000000 0.509744
vn -1.000000 -0.000000 0.000000
vn -0.860326 -0.000000 -0.509744
vn -0.602444 0.000000 -0.798161
vn -0.370130 0.000000 -0.928980
vn -0.175419 0.000000 -0.984494
vn -0.000000 -0.000000 -1.000000
vn 0.175419 -0.000000 -0.984494
vn 0.370130 0.000000 -0.928980
vn 0.602444 -0.000000 -0.798161
vn 0.860326 0.000000 -0.509744
vn 1.000000 -0.000000 0.000000
vn 0.798414 -0.602056 0.008034
vn 0.707940 -0.562314 0.427345
vn 0.521839 -0.488352 0.699426
vn 0.331156 -0.428089 0.840878
vn 0.158363 -0.393115 0.905749
vn -0.002797 -0.382134 0.924102
vn -0.164172 -0.393923 0.904363
vn -0.337555 -0.429782 0.837463
vn -0.528754 -0.490871 0.692434
vn -0.713482 -0.564687 0.414815
vn -0.798414 -0.602056 -0.008034
vn -0.707940 -0.562314 -0.427345
vn -0.521839 -0.488352 -0.699426
vn -0.331156 -0.428089 -0.840878
vn -0.158363 -0.393115 -0.905749
vn 0.002797 -0.382134 -0.924102
vn 0.164172 -0.393923 -0.904363
vn 0.337555 -0.429782 -0.837463
vn 0.528754 -0.490871 -0.692434
vn 0.713482 -0.564687 -0.414815
vn 0.798414 -0.602056 0.008034
vn 0.525254 -0.850870 0.011355
vn 0.482034 -0.824217 0.297171
vn 0.380034 -0.767565 0.516157
vn 0.254228 -0.712267 0.654251
vn 0.124235 -0.675922 0.726426
vn -0.004860 -0.664128 0.747603
vn -0.134022 -0.677837 0.722894
vn -0.264003 -0.715905 0.646361
vn -0.388933 -0.772123 0.502550
vn -0.487812 -0.827696 0.277415
vn -0.525254 -0.850870 -0.011355
vn -0.482034 -0.824217 -0.297171
vn -0.380034 -0.767565 -0.516157
vn -0.254228 -0.712267 -0.654251
vn -0.124235 -0.675922 -0.726426
vn 0.004860 -0.664128 -0.747603
vn 0.134022 -0.677837 -0.722894
vn 0.264003 -0.715905 -0.646361
vn 0.388933 -0.772123 -0.502550
vn 0.487812 -0.827696 -0.277415
vn 0.525254 -0.850870 0.011355
vn 0.337964 -0.941075 0.012559
vn 0.314835 -0.927930 0.199561
vn 0.257201 -0.898560 0.355581
vn 0.177826 -0.866732 0.465998
vn 0.087788 -0.843985 0.529135
vn -0.006122 -0.836559 0.547843
vn -0.099792 -0.846152 0.523515
vn -0.188916 -0.870541 0.454389
vn -0.266184 -0.902806 0.337767
vn -0.320023 -0.930814 0.176553
vn -0.337964 -0.941075 -0.012559
vn -0.314835 -0.927930 -0.199561
vn -0.257201 -0.898560 -0.355581
vn -0.177826 -0.866732 -0.465998
vn -0.087788 -0.843985 -0.529135
vn 0.006122 -0.836559 -0.547843
vn 0.099792 -0.846152 -0.523515
vn 0.188916 -0.870541 -0.454389
vn 0.266184 -0.902806 -0.337767
vn 0.320023 -0.930814 -0.176553
vn 0.337964 -0.941075 0.012559
vn 0.207421 -0.978165 0.013054
vn 0.193938 -0.972554 0.128555
vn 0.160592 -0.960183 0.228602
vn 0.112334 -0.946210 0.303427
vn 0.054812 -0.935878 0.348034
vn -0.006826 -0.932677 0.360649
vn -0.067966 -0.937621 0.340950
vn -0.123920 -0.949131 0.289474
vn -0.169389 -0.963235 0.208530
vn -0.198736 -0.974511 0.104077
vn -0.207421 -0.978165 -0.013054
vn -0.193938 -0.972554 -0.128555
vn -0.160592 -0.960183 -0.228602
vn -0.112334 -0.946210 -0.303427
vn -0.054812 -0.935878 -0.348034
vn 0.006826 -0.932677 -0.360649
vn 0.067966 -0.937621 -0.340950
vn 0.123920 -0.949131 -0.289474
vn 0.169389 -0.963235 -0.208530
vn 0.198736 -0.974511 -0.104077
vn 0.207421 -0.978165 0.013054
vn 0.109682 -0.993878 0.013263
vn 0.101875 -0.992020 0.074281
vn 0.083982 -0.988268 0.127568
vn 0.058008 -0.984090 0.167936
vn 0.026628 -0.981070 0.191813
vn -0.007174 -0.980321 0.197280
vn -0.040328 -0.982114 0.183917
vn -0.069782 -0.985796 0.152761
vn -0.092646 -0.989996 0.106414
vn -0.106478 -0.993099 0.049153
vn -0.109682 -0.993878 -0.013263
vn -0.101875 -0.992020 -0.074281
vn -0.083982 -0.988268 -0.127568
vn -0.058008 -0.984090 -0.167936
vn -0.026628 -0.981070 -0.191813
vn 0.007174 -0.980321 -0.197280
vn 0.040328 -0.982114 -0.183917
vn 0.069782 -0.985796 -0.152761
vn 0.092646 -0.989996 -0.106414
vn 0.106478 -0.993099 -0.049153
vn 0.109682 -0.993878 0.013263
vn 0.000000 -1.000000 0.000000
vn 0.000000 -1.000000 0.000000
vn 0.000000 -1.000000 0.000000
vn 0.000000 -1.000000 0.000000
vn 0.000000 -1.000000 0.000000
vn 0.000000 -1.000000 0.000000
vn 0.000000 -1.000000 0.000000
vn 0.000000 -1.000000 0.000000
vn 0.000000 -1.000000 0.000000
vn 0.000000 -1.000000 0.000000
vn 0.000000 -1.000000 0.000000
vn 0.000000 -1.000000 0.000000
vn 0.000000 -1.000000 0.000000
vn 0.000000 -1.000000 0.000000
vn 0.000000 -1.000000 0.000000
vn 0.000000 -1.000000 0.000000
vn 0.000000 -1.000000 0.000000
vn 0.000000 -1.000000 0.000000
vn 0.000000 -1.000000 0.000000
vn 0.000000 -1.000000 0.000000
vn 0.000000 -1.000000 0.000000
vn 0.000000 1.000000 0.000000
vn 0.000000 1.000000 0.000000
vn 0.000000 1.000000 0.000000
vn 0.000000 1.000000 0.000000
vn 0.000000 1.000000 0.000000
vn 0.000000 1.000000 0.000000
vn 0.000000 1.000000 0.000000
vn 0.000000 1.000000 0.000000
vn 0.000000 1.000000 0.000000
vn 0.000000 1.000000 0.000000
vn 0.000000 1.000000 0.000000
vn 0.000000 1.000000 0.000000
vn 0.000000 1.000000 0.000000
vn 0.000000 1.000000 0.000000
vn 0.000000 1.000000 0.000000
vn 0.000000 1.000000 0.000000
vn 0.000000 1.000000 0.000000
vn 0.000000 1.000000 0.000000
vn 0.000000 1.000000 0.000000
vn 0.000000 1.000000 0.000000
vn 0.000000 1.000000 0.000000
vn 0.109682 0.993878 -0.013263
vn 0.106478 0.993099 0.049153
vn 0.092646 0.989996 0.106414
vn 0.069782 0.985796 0.152761
vn 0.040328 0.982114 0.183917
vn 0.007174 0.980321 0.197280
vn -0.026628 0.981070 0.191813
vn -0.058008 0.984090 0.167936
vn -0.083982 0.988268 0.127568
vn -0.101875 0.992020 0.074281
vn -0.109682 0.993878 0.013263
vn -0.106478 0.993099 -0.049153
vn -0.092646 0.989996 -0.106414
vn -0.069782 0.985796 -0.152761
vn -0.040328 0.982114 -0.183917
vn -0.007174 0.980321 -0.197280
vn 0.026628 0.981070 -0.191813
vn 0.058008 0.984090 -0.167936
vn 0.083982 0.988268 -0.127568
vn 0.101875 0.992020 -0.074281
vn 0.109682 0.993878 -0.013263
vn 0.207421 0.978165 -0.013054
vn 0.198736 0.974511 0.104077
vn 0.169389 0.963235 0.208530
vn 0.123920 0.949131 0.289474
vn 0.067966 0.937621 0.340950
vn 0.006826 0.932677 0.360649
vn -0.054812 0.935878 0.348034
vn -0.112334 0.946210 0.303427
vn -0.160592 0.960183 0.228602
vn -0.193938 0.972554 0.128555
vn -0.207421 0.978165 0.013054
vn -0.198736 0.974511 -0.104077
vn -0.169389 0.963235 -0.208530
vn -0.123920 0.949131 -0.289474
vn -0.067966 0.937621 -0.340950
vn -0.006826 0.932677 -0.360649
vn 0.054812 0.935878 -0.348034
vn 0.112334 0.946210 -0.303427
vn 0.160592 0.960183 -0.228602
vn 0.193938 0.972554 -0.128555
vn 0.207421 0.978165 -0.013054
vn 0.337964 0.941075 -0.012559
vn 0.320023 0.930814 0.176553
vn 0.266184 0.902806 0.337767
vn 0.188916 0.870541 0.454389
vn 0.099792 0.846152 0.523515
vn 0.006122 0.836559 0.547843
vn -0.087788 0.843985 0.529135
vn -0.177826 0.866732 0.465998
vn -0.257201 0.898560 0.355581
vn -0.314835 0.927930 0.199561
vn -0.337964 0.941075 0.012559
vn -0.320023 0.930814 -0.176553
vn -0.266184 0.902806 -0.337767
vn -0.188916 0.870541 -0.454389
vn -0.099792 0.846152 -0.523515
vn -0.006122 0.836559 -0.547843
vn 0.087788 0.843985 -0.529135
vn 0.177826 0.866732 -0.465998
vn 0.257201 0.898560 -0.355581
vn 0.314835 0.927930 -0.199561
vn 0.337964 0.941075 -0.012559
vn 0.525254 0.850870 -0.011355
vn 0.487812 0.827696 0.277415
vn 0.388933 0.772123 0.502550
vn 0.264003 0.715905 0.646361
vn 0.134022 0.677837 0.722894
vn 0.004860 0.664128 0.747603
vn -0.124235 0.675922 0.726426
vn -0.254228 0.712267 0.654251
vn -0.380034 0.767565 0.516157
vn -0.482034 0.824217 0.297171
vn -0.525254 0.850870 0.011355
vn -0.487812 0.827696 -0.277415
vn -0.388933 0.772123 -0.502550
vn -0.264003 0.715905 -0.646361
vn -0.134022 0.677837 -0.722894
vn -0.004860 0.664128 -0.747603
vn 0.124235 0.675922 -0.726426
vn 0.254228 0.712267 -0.654251
vn 0.380034 0.767565 -0.516157
vn 0.482034 0.824217 -0.297171
vn 0.525254 0.850870 -0.011355
vn 0.798414 0.602056 -0.008034
vn 0.713482 0.564687 0.414815
vn 0.528754 0.490871 0.692434
vn 0.337555 0.429782 0.837463
vn 0.164172 0.393923 0.904363
vn 0.002797 0.382134 0.924102
vn -0.158363 0.393115 0.905749
vn -0.331156 0.428089 0.840878
vn -0.521839 0.488352 0.699426
vn -0.707940 0.562314 0.427345
vn -0.798414 0.602056 0.008034
vn -0.713482 0.564687 -0.414815
vn -0.528754 0.490871 -0.692434
vn -0.337555 0.429782 -0.837463
vn -0.164172 0.393923 -0.904363
vn -0.002797 0.382134 -0.924102
vn 0.158363 0.393115 -0.905749
vn 0.331156 0.428089 -0.840878
vn 0.521839 0.488352 -0.699426
vn 0.707940 0.562314 -0.427345
vn 0.798414 0.602056 -0.008034
vn 1.000000 -0.000000 0.000000
vn 0.860326 -0.000000 0.509744
vn 0.602444 0.000000 0.798161
vn 0.370130 0.000000 0.928980
vn 0.175419 0.000000 0.984494
vn 0.000000 -0.000000 1.000000
vn -0.175419 -0.000000 0.984494
vn -0.370130 0.000000 0.928980
vn -0.602444 -0.000000 0.798161
vn -0.860326 0.000000 0.509744
vn -1.000000 -0.000000 0.000000
vn -0.860326 -0.000000 -0.509744
vn -0.602444 0.000000 -0.798161
vn -0.370130 0.000000 -0.928980
vn -0.175419 0.000000 -0.984494
vn -0.000000 -0.000000 -1.000000
vn 0.175419 -0.000000 -0.984494
vn 0.370130 0.000000 -0.928980
vn 0.602444 -0.000000 -0.798161
vn 0.860326 0.000000 -0.509744
vn 1.000000 -0.000000 0.000000
vn 0.798414 -0.602056 0.008034
vn 0.707940 -0.562314 0.427345
vn 0.521839 -0.488352 0.699426
vn 0.331156 -0.428089 0.840878
vn 0.158363 -0.393115 0.905749
vn -0.002797 -0.382134 0.924102
vn -0.164172 -0.393923 0.904363
vn -0.337555 -0.429782 0.837463
vn -0.528754 -0.490871 0.692434
vn -0.713482 -0.564687 0.414815
vn -0.798414 -0.602056 -0.008034
vn -0.707940 -0.562314 -0.427345
vn -0.521839 -0.488352 -0.699426
vn -0.331156 -0.428089 -0.840878
vn -0.158363 -0.393115 -0.905749
vn 0.002797 -0.382134 -0.924102
vn 0.164172 -0.393923 -0.904363
vn 0.337555 -0.429782 -0.837463
vn 0.528754 -0.490871 -0.692434
vn 0.713482 -0.564687 -0.414815
vn 0.798414 -0.602056 0.008034
vn 0.525254 -0.850870 0.011355
vn 0.482034 -0.824217 0.297171
vn 0.380034 -0.767565 0.516157
vn 0.254228 -0.712267 0.654251
vn 0.124235 -0.675922 0.726426
vn -0.004860 -0.664128 0.747603
vn -0.134022 -0.677837 0.722894
vn -0.264003 -0.715905 0.646361
vn -0.388933 -0.772123 0.502550
vn -0.487812 -0.827696 0.277415
vn -0.525254 -0.850870 -0.011355
vn -0.482034 -0.824217 -0.297171
vn -0.380034 -0.767565 -0.516157
vn -0.254228 -0.712267 -0.654251
vn -0.124235 -0.675922 -0.726426
vn 0.004860 -0.664128 -0.747603
vn 0.134022 -0.677837 -0.722894
vn 0.264003 -0.715905 -0.646361
vn 0.388933 -0.772123 -0.502550
vn 0.487812 -0.827696 -0.277415
vn 0.525254 -0.850870 0.011355
vn 0.337964 -0.941075 0.012559
vn 0.314835 -0.927930 0.199561
vn 0.257201 -0.898560 0.355581
vn 0.177826 -0.866732 0.465998
vn 0.087788 -0.843985 0.529135
vn -0.006122 -0.836559 0.547843
vn -0.099792 -0.846152 0.523515
vn -0.188916 -0.870541 0.454389
vn -0.266184 -0.902806 0.337767
vn -0.320023 -0.930814 0.176553
vn -0.337964 -0.941075 -0.012559
vn -0.314835 -0.927930 -0.199561
vn -0.257201 -0.898560 -0.355581
vn -0.177826 -0.866732 -0.465998
vn -0.087788 -0.843985 -0.529135
vn 0.006122 -0.836559 -0.547843
vn 0.099792 -0.846152 -0.523515
vn 0.188916 -0.870541 -0.454389
vn 0.266184 -0.902806 -0.337767
vn 0.320023 -0.930814 -0.176553
vn 0.337964 -0.941075 0.012559
vn 0.207421 -0.978165 0.013054
vn 0.193938 -0.972554 0.128555
vn 0.160592 -0.960183 0.228602
vn 0.112334 -0.946210 0.303427
vn 0.054812 -0.935878 0.348034
vn -0.006826 -0.932677 0.360649
vn -0.067966 -0.937621 0.340950
vn -0.123920 -0.949131 0.289474
vn -0.169389 -0.963235 0.208530
vn -0.198736 -0.974511 0.104077
vn -0.207421 -0.978165 -0.013054
vn -0.193938 -0.972554 -0.128555
vn -0.160592 -0.960183 -0.228602
vn -0.112334 -0.946210 -0.303427
vn -0.054812 -0.935878 -0.348034
vn 0.006826 -0.932677 -0.360649
vn 0.067966 -0.937621 -0.340950
vn 0.123920 -0.949131 -0.289474
vn 0.169389 -0.963235 -0.208530
vn 0.198736 -0.974511 -0.104077
vn 0.207421 -0.978165 0.013054
vn 0.109682 -0.993878 0.013263
vn 0.101875 -0.992020 0.074281
vn 0.083982 -0.988268 0.127568
vn 0.058008 -0.984090 0.167936
vn 0.026628 -0.981070 0.191813
vn -0.007174 -0.980321 0.197280
vn -0.040328 -0.982114 0.183917
vn -0.069782 -0.985796 0.152761
vn -0.092646 -0.989996 0.106414
vn -0.106478 -0.993099 0.049153
vn -0.109682 -0.993878 -0.013263
vn -0.101875 -0.992020 -0.074281
vn -0.083982 -0.988268 -0.127568
vn -0.058008 -0.984090 -0.167936
vn -0.026628 -0.981070 -0.191813
vn 0.007174 -0.980321 -0.197280
vn 0.040328 -0.982114 -0.183917
vn 0.069782 -0.985796 -0.152761
vn 0.092646 -0.989996 -0.106414
vn 0.106478 -0.993099 -0.049153
vn 0.109682 -0.993878 0.013263
vn 0.000000 -1.000000 0.000000
vn 0.000000 -1.000000 0.000000
vn 0.000000 -1.000000 0.000000
vn 0.000000 -1.000000 0.000000
vn 0.000000 -1.000000 0.000000
vn 0.000000 -1.000000 0.000000
vn 0.000000 -1.000000 0.000000
vn 0.000000 -1.000000 0.000000
vn 0.000000 -1.000000 0.000000
vn 0.000000 -1.000000 0.000000
vn 0.000000 -1.000000 0.000000
vn 0.000000 -1.000000 0.000000
vn 0.000000 -1.000000 0.000000
vn 0.000000 -1.000000 0.000000
vn 0.000000 -1.000000 0.000000
vn 0.000000 -1.000000 0.000000
vn 0.000000 -1.000000 0.000000
vn 0.000000 -1.000000 0.000000
vn 0.000000 -1.000000 0.000000
vn 0.000000 -1.000000 0.000000
vn 0.000000 -1.000000 0.000000
vn 1.000000 -0.000000 0.000000
vn 0.814341 -0.006676 0.580348
vn 0.324853 -0.009268 0.945719
vn -0.290036 -0.006721 0.956992
vn -0.800392 -0.002364 0.599473
vn -1.000000 0.000000 0.000000
vn -0.800392 0.002364 -0.599473
vn -0.290036 0.006721 -0.956992
vn 0.324853 0.009268 -0.945719
vn 0.814341 0.006676 -0.580348
vn 1.000000 -0.000000 0.000000
vn 0.987688 -0.156434 0.000000
vn 0.803271 -0.133985 0.580348
vn 0.319403 -0.059972 0.945719
vn -0.287517 0.038733 0.956992
vn -0.790907 0.122874 0.599473
vn -0.987688 0.156434 -0.000000
vn -0.790168 0.127543 -0.599473
vn -0.285414 0.052010 -0.956992
vn 0.322303 -0.041664 -0.945719
vn 0.805360 -0.120797 -0.580348
vn 0.987688 -0.156434 0.000000
vn 0.951057 -0.309017 0.000000
vn 0.772422 -0.257995 0.580348
vn 0.306089 -0.109199 0.945719
vn -0.277918 0.083234 0.956992
vn -0.761948 0.245087 0.599473
vn -0.951057 0.309017 0.000000
vn -0.760487 0.249583 -0.599473
vn -0.273764 0.096018 -0.956992
vn 0.311817 -0.091571 -0.945719
vn 0.776548 -0.245296 -0.580348
vn 0.951057 -0.309017 0.000000
vn 0.891007 -0.453990 0.000000
vn 0.722552 -0.375652 0.580348
vn 0.285238 -0.155738 0.945719
vn -0.261476 0.125685 0.956992
vn -0.714227 0.361264 0.599473
vn -0.891007 0.453990 -0.000000
vn -0.712081 0.365476 -0.599473
vn -0.255373 0.137662 -0.956992
vn 0.293653 -0.139222 -0.945719
vn 0.728614 -0.363755 -0.580348
vn 0.891007 -0.453990 0.000000
vn 0.809017 -0.587785 -0.000000
vn 0.654892 -0.484059 0.580348
vn 0.257364 -0.198441 0.945719
vn -0.238595 0.165042 0.956992
vn -0.648920 0.468546 0.599473
vn -0.809017 0.587785 -0.000000
vn -0.646141 0.472371 -0.599473
vn -0.230694 0.175917 -0.956992
vn 0.268259 -0.183446 -0.945719
vn 0.662740 -0.473257 -0.580348
vn 0.809017 -0.587785 -0.000000
vn 0.707107 -0.707107 -0.000000
vn 0.571106 -0.580547 0.580348
vn 0.223152 -0.236259 0.945719
vn -0.209839 0.200334 0.956992
vn -0.567634 0.564291 0.599473
vn -0.707107 0.707107 0.000000
vn -0.564291 0.567634 -0.599473
vn -0.200334 0.209839 -0.956992
vn 0.236259 -0.223152 -0.945719
vn 0.580547 -0.571106 -0.580348
vn 0.707107 -0.707107 -0.000000
vn 0.587785 -0.809017 0.000000
vn 0.473257 -0.662740 0.580348
vn 0.183446 -0.268259 0.945719
vn -0.175917 0.230694 0.956992
vn -0.472371 0.646141 0.599473
vn -0.587785 0.809017 0.000000
vn -0.468546 0.648920 -0.599473
vn -0.165042 0.238595 -0.956992
vn 0.198441 -0.257364 -0.945719
vn 0.484059 -0.654892 -0.580348
vn 0.587785 -0.809017 0.000000
vn 0.453990 -0.891007 0.000000
vn 0.363755 -0.728614 0.580348
vn 0.139222 -0.293653 0.945719
vn -0.137662 0.255373 0.956992
vn -0.365476 0.712081 0.599473
vn -0.453990 0.891007 -0.000000
vn -0.361264 0.714227 -0.599473
vn -0.125685 0.261476 -0.956992
vn 0.155738 -0.285238 -0.945719
vn 0.375652 -0.722552 -0.580348
vn 0.453990 -0.891007 0.000000
vn 0.309017 -0.951057 -0.000000
vn 0.245296 -0.776548 0.580348
vn 0.091571 -0.311817 0.945719
vn -0.096018 0.273764 0.956992
vn -0.249583 0.760487 0.599473
vn -0.309017 0.951057 0.000000
vn -0.245087 0.761948 -0.599473
vn -0.083234 0.277918 -0.956992
vn 0.109199 -0.306089 -0.945719
vn 0.257995 -0.772422 -0.580348
vn 0.309017 -0.951057 -0.000000
vn 0.156434 -0.987688 -0.000000
vn 0.120797 -0.805360 0.580348
vn 0.041664 -0.322303 0.945719
vn -0.052010 0.285414 0.956992
vn -0.127543 0.790168 0.599473
vn -0.156434 0.987688 0.000000
vn -0.122874 0.790907 -0.599473
vn -0.038733 0.287517 -0.956992
vn 0.059972 -0.319403 -0.945719
vn 0.133985 -0.803271 -0.580348
vn 0.156434 -0.987688 -0.000000
vn 0.000000 -1.000000 0.000000
vn -0.006676 -0.814341 0.580348
vn -0.009268 -0.324853 0.945719
vn -0.006721 0.290036 0.956992
vn -0.002364 0.800392 0.599473
vn 0.000000 1.000000 0.000000
vn 0.002364 0.800392 -0.599473
vn 0.006721 0.290036 -0.956992
vn 0.009268 -0.324853 -0.945719
vn 0.006676 -0.814341 -0.580348
vn 0.000000 -1.000000 0.000000
vn -0.156434 -0.987688 0.000000
vn -0.133985 -0.803271 0.580348
vn -0.059972 -0.319403 0.945719
vn 0.038733 0.287517 0.956992
vn 0.122874 0.790907 0.599473
vn 0.156434 0.987688 -0.000000
vn 0.127543 0.790168 -0.599473
vn 0.052010 0.285414 -0.956992
vn -0.041664 -0.322303 -0.945719
vn -0.120797 -0.805360 -0.580348
vn -0.156434 -0.987688 0.000000
vn -0.309017 -0.951057 0.000000
vn -0.257995 -0.772422 0.580348
vn -0.109199 -0.306089 0.945719
vn 0.083234 0.277918 0.956992
vn 0.245087 0.761948 0.599473
vn 0.309017 0.951057 -0.000000
vn 0.249583 0.760487 -0.599473
vn 0.096018 0.273764 -0.956992
vn -0.091571 -0.311817 -0.945719
vn -0.245296 -0.776548 -0.580348
vn -0.309017 -0.951057 0.000000
vn -0.453990 -0.891007 -0.000000
vn -0.375652 -0.722552 0.580348
vn -0.155738 -0.285238 0.945719
vn 0.125685 0.261476 0.956992
vn 0.361264 0.714227 0.599473
vn 0.453990 0.891007 0.000000
vn 0.365476 0.712081 -0.599473
vn 0.137662 0.255373 -0.956992
vn -0.139222 -0.293653 -0.945719
vn -0.363755 -0.728614 -0.580348
vn -0.453990 -0.891007 -0.000000
vn -0.587785 -0.809017 -0.000000
vn -0.484059 -0.654892 0.580348
vn -0.198441 -0.257364 0.945719
vn 0.165042 0.238595 0.956992
vn 0.468546 0.648920 0.599473
vn 0.587785 0.809017 -0.000000
vn 0.472371 0.646141 -0.599473
vn 0.175917 0.230694 -0.956992
vn -0.183446 -0.268259 -0.945719
vn -0.473257 -0.662740 -0.580348
vn -0.587785 -0.809017 -0.000000
vn -0.707107 -0.707107 0.000000
vn -0.580547 -0.571106 0.580348
vn -0.236259 -0.223152 0.945719
vn 0.200334 0.209839 0.956992
vn 0.564291 0.567634 0.599473
vn 0.707107 0.707107 -0.000000
vn 0.567634 0.564291 -0.599473
vn 0.209839 0.200334 -0.956992
vn -0.223152 -0.236259 -0.945719
vn -0.571106 -0.580547 -0.580348
vn -0.707107 -0.707107 0.000000
vn -0.809017 -0.587785 0.000000
vn -0.662740 -0.473257 0.580348
vn -0.268259 -0.183446 0.945719
vn 0.230694 0.175917 0.956992
vn 0.646141 0.472371 0.599473
vn 0.809017 0.587785 0.000000
vn 0.648920 0.468546 -0.599473
vn 0.238595 0.165042 -0.956992
vn -0.257364 -0.198441 -0.945719
vn -0.654892 -0.484059 -0.580348
vn -0.809017 -0.587785 0.000000
vn -0.891007 -0.453990 -0.000000
vn -0.728614 -0.363755 0.580348
vn -0.293653 -0.139222 0.945719
vn 0.255373 0.137662 0.956992
vn 0.712081 0.365476 0.599473
vn 0.891007 0.453990 0.000000
vn 0.714227 0.361264 -0.599473
vn 0.261476 0.125685 -0.956992
vn -0.285238 -0.155738 -0.945719
vn -0.722552 -0.375652 -0.580348
vn -0.891007 -0.453990 -0.000000
vn -0.951057 -0.309017 -0.000000
vn -0.776548 -0.245296 0.580348
vn -0.311817 -0.091571 0.945719
vn 0.273764 0.096018 0.956992
vn 0.760487 0.249583 0.599473
vn 0.951057 0.309017 -0.000000
vn 0.761948 0.245087 -0.599473
vn 0.277918 0.083234 -0.956992
vn -0.306089 -0.109199 -0.945719
vn -0.772422 -0.257995 -0.580348
vn -0.951057 -0.309017 -0.000000
vn -0.987688 -0.156434 -0.000000
vn -0.805360 -0.120797 0.580348
vn -0.322303 -0.041664 0.945719
vn 0.285414 0.052010 0.956992
vn 0.790168 0.127543 0.599473
vn 0.987688 0.156434 0.000000
vn 0.790907 0.122874 -0.599473
vn 0.287517 0.038733 -0.956992
vn -0.319403 -0.059972 -0.945719
vn -0.803271 -0.133985 -0.580348
vn -0.987688 -0.156434 -0.000000
vn -1.000000 0.000000 -0.000000
vn -0.814341 0.006676 0.580348
vn -0.324853 0.009268 0.945719
vn 0.290036 0.006721 0.956992
vn 0.800392 0.002364 0.599473
vn 1.000000 0.000000 -0.000000
vn 0.800392 -0.002364 -0.599473
vn 0.290036 -0.006721 -0.956992
vn -0.324853 -0.009268 -0.945719
vn -0.814341 -0.006676 -0.580348
vn -1.000000 0.000000 -0.000000
vn -0.987688 0.156434 -0.000000
vn -0.803271 0.133985 0.580348
vn -0.319403 0.059972 0.945719
vn 0.287517 -0.038733 0.956992
vn 0.790907 -0.122874 0.599473
vn 0.987688 -0.156434 -0.000000
vn 0.790168 -0.127543 -0.599473
vn 0.285414 -0.052010 -0.956992
vn -0.322303 0.041664 -0.945719
vn -0.805360 0.120797 -0.580348
vn -0.987688 0.156434 -0.000000
vn -0.951057 0.309017 0.000000
vn -0.772422 0.257995 0.580348
vn -0.306089 0.109199 0.945719
vn 0.277918 -0.083234 0.956992
vn 0.761948 -0.245087 0.599473
vn 0.951057 -0.309017 0.000000
vn 0.760487 -0.249583 -0.599473
vn 0.273764 -0.096018 -0.956992
vn -0.311817 0.091571 -0.945719
vn -0.776548 0.245296 -0.580348
vn -0.951057 0.309017 0.000000
vn -0.891007 0.453990 0.000000
vn -0.722552 0.375652 0.580348
vn -0.285238 0.155738 0.945719
vn 0.261476 -0.125685 0.956992
vn 0.714227 -0.361264 0.599473
vn 0.891007 -0.453990 0.000000
vn 0.712081 -0.365476 -0.599473
vn 0.255373 -0.137662 -0.956992
vn -0.293653 0.139222 -0.945719
vn -0.728614 0.363755 -0.580348
vn -0.891007 0.453990 0.000000
vn -0.809017 0.587785 -0.000000
vn -0.654892 0.484059 0.580348
vn -0.257364 0.198441 0.945719
vn 0.238595 -0.165042 0.956992
vn 0.648920 -0.468546 0.599473
vn 0.809017 -0.587785 -0.000000
vn 0.646141 -0.472371 -0.599473
vn 0.230694 -0.175917 -0.956992
vn -0.268259 0.183446 -0.945719
vn -0.662740 0.473257 -0.580348
vn -0.809017 0.587785 -0.000000
vn -0.707107 0.707107 -0.000000
vn -0.571106 0.580547 0.580348
vn -0.223152 0.236259 0.945719
vn 0.209839 -0.200334 0.956992
vn 0.567634 -0.564291 0.599473
vn 0.707107 -0.707107 0.000000
vn 0.564291 -0.567634 -0.599473
vn 0.200334 -0.209839 -0.956992
vn -0.236259 0.223152 -0.945719
vn -0.580547 0.571106 -0.580348
vn -0.707107 0.707107 -0.000000
vn -0.587785 0.809017 -0.000000
vn -0.473257 0.662740 0.580348
vn -0.183446 0.268259 0.945719
vn 0.175917 -0.230694 0.956992
vn 0.472371 -0.646141 0.599473
vn 0.587785 -0.809017 -0.000000
vn 0.468546 -0.648920 -0.599473
vn 0.165042 -0.238595 -0.956992
vn -0.198441 0.257364 -0.945719
vn -0.484059 0.654892 -0.580348
vn -0.587785 0.809017 -0.000000
vn -0.453990 0.891007 0.000000
vn -0.363755 0.728614 0.580348
vn -0.139222 0.293653 0.945719
vn 0.137662 -0.255373 0.956992
vn 0.365476 -0.712081 0.599473
vn 0.453990 -0.891007 -0.000000
vn 0.361264 -0.714227 -0.599473
vn 0.125685 -0.261476 -0.956992
vn -0.155738 0.285238 -0.945719
vn -0.375652 0.722552 -0.580348
vn -0.453990 0.891007 0.000000
vn -0.309017 0.951057 0.000000
vn -0.245296 0.776548 0.580348
vn -0.091571 0.311817 0.945719
vn 0.096018 -0.273764 0.956992
vn 0.249583 -0.760487 0.599473
vn 0.309017 -0.951057 0.000000
vn 0.245087 -0.761948 -0.599473
vn 0.083234 -0.277918 -0.956992
vn -0.109199 0.306089 -0.945719
vn -0.257995 0.772422 -0.580348
vn -0.309017 0.951057 0.000000
vn -0.156434 0.987688 -0.000000
vn -0.120797 0.805360 0.580348
vn -0.041664 0.322303 0.945719
vn 0.052010 -0.285414 0.956992
vn 0.127543 -0.790168 0.599473
vn 0.156434 -0.987688 0.000000
vn 0.122874 -0.790907 -0.599473
vn 0.038733 -0.287517 -0.956992
vn -0.059972 0.319403 -0.945719
vn -0.133985 0.803271 -0.580348
vn -0.156434 0.987688 -0.000000
vn 0.000000 1.000000 0.000000
vn 0.006676 0.814341 0.580348
vn 0.009268 0.324853 0.945719
vn 0.006721 -0.290036 0.956992
vn 0.002364 -0.800392 0.599473
vn -0.000000 -1.000000 0.000000
vn -0.002364 -0.800392 -0.599473
vn -0.006721 -0.290036 -0.956992
vn -0.009268 0.324853 -0.945719
vn -0.006676 0.814341 -0.580348
vn 0.000000 1.000000 0.000000
vn 0.156434 0.987688 0.000000
vn 0.133985 0.803271 0.580348
vn 0.059972 0.319403 0.945719
vn -0.038733 -0.287517 0.956992
vn -0.122874 -0.790907 0.599473
vn -0.156434 -0.987688 -0.000000
vn -0.127543 -0.790168 -0.599473
vn -0.052010 -0.285414 -0.956992
vn 0.041664 0.322303 -0.945719
vn 0.120797 0.805360 -0.580348
vn 0.156434 0.987688 0.000000
vn 0.309017 0.951057 -0.000000
vn 0.257995 0.772422 0.580348
vn 0.109199 0.306089 0.945719
vn -0.083234 -0.277918 0.956992
vn -0.245087 -0.761948 0.599473
vn -0.309017 -0.951057 -0.000000
vn -0.249583 -0.760487 -0.599473
vn -0.096018 -0.273764 -0.956992
vn 0.091571 0.311817 -0.945719
vn 0.245296 0.776548 -0.580348
vn 0.309017 0.951057 -0.000000
vn 0.453990 0.891007 -0.000000
vn 0.375652 0.722552 0.580348
vn 0.155738 0.285238 0.945719
vn -0.125685 -0.261476 0.956992
vn -0.361264 -0.714227 0.599473
vn -0.453990 -0.891007 -0.000000
vn -0.365476 -0.712081 -0.599473
vn -0.137662 -0.255373 -0.956992
vn 0.139222 0.293653 -0.945719
vn 0.363755 0.728614 -0.580348
vn 0.453990 0.891007 -0.000000
vn 0.587785 0.809017 0.000000
vn 0.484059 0.654892 0.580348
vn 0.198441 0.257364 0.945719
vn -0.165042 -0.238595 0.956992
vn -0.468546 -0.648920 0.599473
vn -0.587785 -0.809017 0.000000
vn -0.472371 -0.646141 -0.599473
vn -0.175917 -0.230694 -0.956992
vn 0.183446 0.268259 -0.945719
vn 0.473257 0.662740 -0.580348
vn 0.587785 0.809017 0.000000
vn 0.707107 0.707107 -0.000000
vn 0.580547 0.571106 0.580348
vn 0.236259 0.223152 0.945719
vn -0.200334 -0.209839 0.956992
vn -0.564291 -0.567634 0.599473
vn -0.707107 -0.707107 -0.000000
vn -0.567634 -0.564291 -0.599473
vn -0.209839 -0.200334 -0.956992
vn 0.223152 0.236259 -0.945719
vn 0.571106 0.580547 -0.580348
vn 0.707107 0.707107 -0.000000
vn 0.809017 0.587785 -0.000000
vn 0.662740 0.473257 0.580348
vn 0.268259 0.183446 0.945719
vn -0.230694 -0.175917 0.956992
vn -0.646141 -0.472371 0.599473
vn -0.809017 -0.587785 0.000000
vn -0.648920 -0.468546 -0.599473
vn -0.238595 -0.165042 -0.956992
vn 0.257364 0.198441 -0.945719
vn 0.654892 0.484059 -0.580348
vn 0.809017 0.587785 -0.000000
vn 0.891007 0.453990 0.000000
vn 0.728614 0.363755 0.580348
vn 0.293653 0.139222 0.945719
vn -0.255373 -0.137662 0.956992
vn -0.712081 -0.365476 0.599473
vn -0.891007 -0.453990 -0.000000
vn -0.714227 -0.361264 -0.599473
vn -0.261476 -0.125685 -0.956992
vn 0.285238 0.155738 -0.945719
vn 0.722552 0.375652 -0.580348
vn 0.891007 0.453990 0.000000
vn 0.951057 0.309017 -0.000000
vn 0.776548 0.245296 0.580348
vn 0.311817 0.091571 0.945719
vn -0.273764 -0.096018 0.956992
vn -0.760487 -0.249583 0.599473
vn -0.951057 -0.309017 -0.000000
vn -0.761948 -0.245087 -0.599473
vn -0.277918 -0.083234 -0.956992
vn 0.306089 0.109199 -0.945719
vn 0.772422 0.257995 -0.580348
vn 0.951057 0.309017 -0.000000
vn 0.987688 0.156434 0.000000
vn 0.805360 0.120797 0.580348
vn 0.322303 0.041664 0.945719
vn -0.285414 -0.052010 0.956992
vn -0.790168 -0.127543 0.599473
vn -0.987688 -0.156434 0.000000
vn -0.790907 -0.122874 -0.599473
vn -0.287517 -0.038733 -0.956992
vn 0.319403 0.059972 -0.945719
vn 0.803271 0.133985 -0.580348
vn 0.987688 0.156434 0.000000
vn 1.000000 -0.000000 0.000000
vn 0.814341 -0.006676 0.580348
vn 0.324853 -0.009268 0.945719
vn -0.290036 -0.006721 0.956992
vn -0.800392 -0.002364 0.599473
vn -1.000000 0.000000 0.000000
vn -0.800392 0.002364 -0.599473
vn -0.290036 0.006721 -0.956992
vn 0.324853 0.009268 -0.945719
vn 0.814341 0.006676 -0.580348
vn 1.000000 -0.000000 0.000000
vn 1.000000 -0.000000 0.000000
vn 0.814341 -0.006676 0.580348
vn 0.324853 -0.009268 0.945719
vn -0.290036 -0.006721 0.956992
vn -0.800392 -0.002364 0.599473
vn -1.000000 0.000000 0.000000
vn -0.800392 0.002364 -0.599473
vn -0.290036 0.006721 -0.956992
vn 0.324853 0.009268 -0.945719
vn 0.814341 0.006676 -0.580348
vn 1.000000 -0.000000 0.000000
vn 0.987688 -0.156434 0.000000
vn 0.803271 -0.133985 0.580348
vn 0.319403 -0.059972 0.945719
vn -0.287517 0.038733 0.956992
vn -0.790907 0.122874 0.599473
vn -0.987688 0.156434 -0.000000
vn -0.790168 0.127543 -0.599473
vn -0.285414 0.052010 -0.956992
vn 0.322303 -0.041664 -0.945719
vn 0.805360 -0.120797 -0.580348
vn 0.987688 -0.156434 0.000000
vn 0.951057 -0.309017 0.000000
vn 0.772422 -0.257995 0.580348
vn 0.306089 -0.109199 0.945719
vn -0.277918 0.083234 0.956992
vn -0.761948 0.245087 0.599473
vn -0.951057 0.309017 0.000000
vn -0.760487 0.249583 -0.599473
vn -0.273764 0.096018 -0.956992
vn 0.311817 -0.091571 -0.945719
vn 0.776548 -0.245296 -0.580348
vn 0.951057 -0.309017 0.000000
vn 0.891007 -0.453990 0.000000
vn 0.722552 -0.375652 0.580348
vn 0.285238 -0.155738 0.945719
vn -0.261476 0.125685 0.956992
vn -0.714227 0.361264 0.599473
vn -0.891007 0.453990 -0.000000
vn -0.712081 0.365476 -0.599473
vn -0.255373 0.137662 -0.956992
vn 0.293653 -0.139222 -0.945719
vn 0.728614 -0.363755 -0.580348
vn 0.891007 -0.453990 0.000000
vn 0.809017 -0.587785 -0.000000
vn 0.654892 -0.484059 0.580348
vn 0.257364 -0.198441 0.945719
vn -0.238595 0.165042 0.956992
vn -0.648920 0.468546 0.599473
vn -0.809017 0.587785 -0.000000
vn -0.646141 0.472371 -0.599473
vn -0.230694 0.175917 -0.956992
vn 0.268259 -0.183446 -0.945719
vn 0.662740 -0.473257 -0.580348
vn 0.809017 -0.587785 -0.000000
vn 0.707107 -0.707107 -0.000000
vn 0.571106 -0.580547 0.580348
vn 0.223152 -0.236259 0.945719
vn -0.209839 0.200334 0.956992
vn -0.567634 0.564291 0.599473
vn -0.707107 0.707107 0.000000
vn -0.564291 0.567634 -0.599473
vn -0.200334 0.209839 -0.956992
vn 0.236259 -0.223152 -0.945719
vn 0.580547 -0.571106 -0.580348
vn 0.707107 -0.707107 -0.000000
vn 0.587785 -0.809017 0.000000
vn 0.473257 -0.662740 0.580348
vn 0.183446 -0.268259 0.945719
vn -0.175917 0.230694 0.956992
vn -0.472371 0.646141 0.599473
vn -0.587785 0.809017 0.000000
vn -0.468546 0.648920 -0.599473
vn -0.165042 0.238595 -0.956992
vn 0.198441 -0.257364 -0.945719
vn 0.484059 -0.654892 -0.580348
vn 0.587785 -0.809017 0.000000
vn 0.453990 -0.891007 0.000000
vn 0.363755 -0.728614 0.580348
vn 0.139222 -0.293653 0.945719
vn -0.137662 0.255373 0.956992
vn -0.365476 0.712081 0.599473
vn -0.453990 0.891007 -0.000000
vn -0.361264 0.714227 -0.599473
vn -0.125685 0.261476 -0.956992
vn 0.155738 -0.285238 -0.945719
vn 0.375652 -0.722552 -0.580348
vn 0.453990 -0.891007 0.000000
vn 0.309017 -0.951057 -0.000000
vn 0.245296 -0.776548 0.580348
vn 0.091571 -0.311817 0.945719
vn -0.096018 0.273764 0.956992
vn -0.249583 0.760487 0.599473
vn -0.309017 0.951057 0.000000
vn -0.245087 0.761948 -0.599473
vn -0.083234 0.277918 -0.956992
vn 0.109199 -0.306089 -0.945719
vn 0.257995 -0.772422 -0.580348
vn 0.309017 -0.951057 -0.000000
vn 0.156434 -0.987688 -0.000000
vn 0.120797 -0.805360 0.580348
vn 0.041664 -0.322303 0.945719
vn -0.052010 0.285414 0.956992
vn -0.127543 0.790168 0.599473
vn -0.156434 0.987688 0.000000
vn -0.122874 0.790907 -0.599473
vn -0.038733 0.287517 -0.956992
vn 0.059972 -0.319403 -0.945719
vn 0.133985 -0.803271 -0.580348
vn 0.156434 -0.987688 -0.000000
vn 0.000000 -1.000000 0.000000
vn -0.006676 -0.814341 0.580348
vn -0.009268 -0.324853 0.945719
vn -0.006721 0.290036 0.956992
vn -0.002364 0.800392 0.599473
vn 0.000000 1.000000 0.000000
vn 0.002364 0.800392 -0.599473
vn 0.006721 0.290036 -0.956992
vn 0.009268 -0.324853 -0.945719
vn 0.006676 -0.814341 -0.580348
vn 0.000000 -1.000000 0.000000
vn -0.156434 -0.987688 0.000000
vn -0.133985 -0.803271 0.580348
vn -0.059972 -0.319403 0.945719
vn 0.038733 0.287517 0.956992
vn 0.122874 0.790907 0.599473
vn 0.156434 0.987688 -0.000000
vn 0.127543 0.790168 -0.599473
vn 0.052010 0.285414 -0.956992
vn -0.041664 -0.322303 -0.945719
vn -0.120797 -0.805360 -0.580348
vn -0.156434 -0.987688 0.000000
vn -0.309017 -0.951057 0.000000
vn -0.257995 -0.772422 0.580348
vn -0.109199 -0.306089 0.945719
vn 0.083234 0.277918 0.956992
vn 0.245087 0.761948 0.599473
vn 0.309017 0.951057 -0.000000
vn 0.249583 0.760487 -0.599473
vn 0.096018 0.273764 -0.956992
vn -0.091571 -0.311817 -0.945719
vn -0.245296 -0.776548 -0.580348
vn -0.309017 -0.951057 0.000000
vn -0.453990 -0.891007 -0.000000
vn -0.375652 -0.722552 0.580348
vn -0.155738 -0.285238 0.945719
vn 0.125685 0.261476 0.956992
vn 0.361264 0.714227 0.599473
vn 0.453990 0.891007 0.000000
vn 0.365476 0.712081 -0.599473
vn 0.137662 0.255373 -0.956992
vn -0.139222 -0.293653 -0.945719
vn -0.363755 -0.728614 -0.580348
vn -0.453990 -0.891007 -0.000000
vn -0.587785 -0.809017 -0.000000
vn -0.484059 -0.654892 0.580348
vn -0.198441 -0.257364 0.945719
vn 0.165042 0.238595 0.956992
vn 0.468546 0.648920 0.599473
vn 0.587785 0.809017 -0.000000
vn 0.472371 0.646141 -0.599473
vn 0.175917 0.230694 -0.956992
vn -0.183446 -0.268259 -0.945719
vn -0.473257 -0.662740 -0.580348
vn -0.587785 -0.809017 -0.000000
vn -0.707107 -0.707107 0.000000
vn -0.580547 -0.571106 0.580348
vn -0.236259 -0.223152 0.945719
vn 0.200334 0.209839 0.956992
vn 0.564291 0.567634 0.599473
vn 0.707107 0.707107 -0.000000
vn 0.567634 0.564291 -0.599473
vn 0.209839 0.200334 -0.956992
vn -0.223152 -0.236259 -0.945719
vn -0.571106 -0.580547 -0.580348
vn -0.707107 -0.707107 0.000000
vn -0.809017 -0.587785 0.000000
vn -0.662740 -0.473257 0.580348
vn -0.268259 -0.183446 0.945719
vn 0.230694 0.175917 0.956992
vn 0.646141 0.472371 0.599473
vn 0.809017 0.587785 0.000000
vn 0.648920 0.468546 -0.599473
vn 0.238595 0.165042 -0.956992
vn -0.257364 -0.198441 -0.945719
vn -0.654892 -0.484059 -0.580348
vn -0.809017 -0.587785 0.000000
vn -0.891007 -0.453990 -0.000000
vn -0.728614 -0.363755 0.580348
vn -0.293653 -0.139222 0.945719
vn 0.255373 0.137662 0.956992
vn 0.712081 0.365476 0.599473
vn 0.891007 0.453990 0.000000
vn 0.714227 0.361264 -0.599473
vn 0.261476 0.125685 -0.956992
vn -0.285238 -0.155738 -0.945719
vn -0.722552 -0.375652 -0.580348
vn -0.891007 -0.453990 -0.000000
vn -0.951057 -0.309017 -0.000000
vn -0.776548 -0.245296 0.580348
vn -0.311817 -0.091571 0.945719
vn 0.273764 0.096018 0.956992
vn 0.760487 0.249583 0.599473
vn 0.951057 0.309017 -0.000000
vn 0.761948 0.245087 -0.599473
vn 0.277918 0.083234 -0.956992
vn -0.306089 -0.109199 -0.945719
vn -0.772422 -0.257995 -0.580348
vn -0.951057 -0.309017 -0.000000
vn -0.987688 -0.156434 -0.000000
vn -0.805360 -0.120797 0.580348
vn -0.322303 -0.041664 0.945719
vn 0.285414 0.052010 0.956992
vn 0.790168 0.127543 0.599473
vn 0.987688 0.156434 0.000000
vn 0.790907 0.122874 -0.599473
vn 0.287517 0.038733 -0.956992
vn -0.319403 -0.059972 -0.945719
vn -0.803271 -0.133985 -0.580348
vn -0.987688 -0.156434 -0.000000
vn -1.000000 0.000000 -0.000000
vn -0.814341 0.006676 0.580348
vn -0.324853 0.009268 0.945719
vn 0.290036 0.006721 0.956992
vn 0.800392 0.002364 0.599473
vn 1.000000 0.000000 -0.000000
vn 0.800392 -0.002364 -0.599473
vn 0.290036 -0.006721 -0.956992
vn -0.324853 -0.009268 -0.945719
vn -0.814341 -0.006676 -0.580348
vn -1.000000 0.000000 -0.000000
vn -0.987688 0.156434 -0.000000
vn -0.803271 0.133985 0.580348
vn -0.319403 0.059972 0.945719
vn 0.287517 -0.038733 0.956992
vn 0.790907 -0.122874 0.599473
vn 0.987688 -0.156434 -0.000000
vn 0.790168 -0.127543 -0.599473
vn 0.285414 -0.052010 -0.956992
vn -0.322303 0.041664 -0.945719
vn -0.805360 0.120797 -0.580348
vn -0.987688 0.156434 -0.000000
vn -0.951057 0.309017 0.000000
vn -0.772422 0.257995 0.580348
vn -0.306089 0.109199 0.945719
vn 0.277918 -0.083234 0.956992
vn 0.761948 -0.245087 0.599473
vn 0.951057 -0.309017 0.000000
vn 0.760487 -0.249583 -0.599473
vn 0.273764 -0.096018 -0.956992
vn -0.311817 0.091571 -0.945719
vn -0.776548 0.245296 -0.580348
vn -0.951057 0.309017 0.000000
vn -0.891007 0.453990 0.000000
vn -0.722552 0.375652 0.580348
vn -0.285238 0.155738 0.945719
vn 0.261476 -0.125685 0.956992
vn 0.714227 -0.361264 0.599473
vn 0.891007 -0.453990 0.000000
vn 0.712081 -0.365476 -0.599473
vn 0.255373 -0.137662 -0.956992
vn -0.293653 0.139222 -0.945719
vn -0.728614 0.363755 -0.580348
vn -0.891007 0.453990 0.000000
vn -0.809017 0.587785 -0.000000
vn -0.654892 0.484059 0.580348
vn -0.257364 0.198441 0.945719
vn 0.238595 -0.165042 0.956992
vn 0.648920 -0.468546 0.599473
vn 0.809017 -0.587785 -0.000000
vn 0.646141 -0.472371 -0.599473
vn 0.230694 -0.175917 -0.956992
vn -0.268259 0.183446 -0.945719
vn -0.662740 0.473257 -0.580348
vn -0.809017 0.587785 -0.000000
vn -0.707107 0.707107 -0.000000
vn -0.571106 0.580547 0.580348
vn -0.223152 0.236259 0.945719
vn 0.209839 -0.200334 0.956992
vn 0.567634 -0.564291 0.599473
vn 0.707107 -0.707107 0.000000
vn 0.564291 -0.567634 -0.599473
vn 0.200334 -0.209839 -0.956992
vn -0.236259 0.223152 -0.945719
vn -0.580547 0.571106 -0.580348
vn -0.707107 0.707107 -0.000000
vn -0.587785 0.809017 -0.000000
vn -0.473257 0.662740 0.580348
vn -0.183446 0.268259 0.945719
vn 0.175917 -0.230694 0.956992
vn 0.472371 -0.646141 0.599473
vn 0.587785 -0.809017 -0.000000
vn 0.468546 -0.648920 -0.599473
vn 0.165042 -0.238595 -0.956992
vn -0.198441 0.257364 -0.945719
vn -0.484059 0.654892 -0.580348
vn -0.587785 0.809017 -0.000000
vn -0.453990 0.891007 0.000000
vn -0.363755 0.728614 0.580348
vn -0.139222 0.293653 0.945719
vn 0.137662 -0.255373 0.956992
vn 0.365476 -0.712081 0.599473
vn 0.453990 -0.891007 -0.000000
vn 0.361264 -0.714227 -0.599473
vn 0.125685 -0.261476 -0.956992
vn -0.155738 0.285238 -0.945719
vn -0.375652 0.722552 -0.580348
vn -0.453990 0.891007 0.000000
vn -0.309017 0.951057 0.000000
vn -0.245296 0.776548 0.580348
vn -0.091571 0.311817 0.945719
vn 0.096018 -0.273764 0.956992
vn 0.249583 -0.760487 0.599473
vn 0.309017 -0.951057 0.000000
vn 0.245087 -0.761948 -0.599473
vn 0.083234 -0.277918 -0.956992
vn -0.109199 0.306089 -0.945719
vn -0.257995 0.772422 -0.580348
vn -0.309017 0.951057 0.000000
vn -0.156434 0.987688 -0.000000
vn -0.120797 0.805360 0.580348
vn -0.041664 0.322303 0.945719
vn 0.052010 -0.285414 0.956992
vn 0.127543 -0.790168 0.599473
vn 0.156434 -0.987688 0.000000
vn 0.122874 -0.790907 -0.599473
vn 0.038733 -0.287517 -0.956992
vn -0.059972 0.319403 -0.945719
vn -0.133985 0.803271 -0.580348
vn -0.156434 0.987688 -0.000000
vn 0.000000 1.000000 0.000000
vn 0.006676 0.814341 0.580348
vn 0.009268 0.324853 0.945719
vn 0.006721 -0.290036 0.956992
vn 0.002364 -0.800392 0.599473
vn -0.000000 -1.000000 0.000000
vn -0.002364 -0.800392 -0.599473
vn -0.006721 -0.290036 -0.956992
vn -0.009268 0.324853 -0.945719
vn -0.006676 0.814341 -0.580348
vn 0.000000 1.000000 0.000000
vn 0.156434 0.987688 0.000000
vn 0.133985 0.803271 0.580348
vn 0.059972 0.319403 0.945719
vn -0.038733 -0.287517 0.956992
vn -0.122874 -0.790907 0.599473
vn -0.156434 -0.987688 -0.000000
vn -0.127543 -0.790168 -0.599473
vn -0.052010 -0.285414 -0.956992
vn 0.041664 0.322303 -0.945719
vn 0.120797 0.805360 -0.580348
vn 0.156434 0.987688 0.000000
vn 0.309017 0.951057 -0.000000
vn 0.257995 0.772422 0.580348
vn 0.109199 0.306089 0.945719
vn -0.083234 -0.277918 0.956992
vn -0.245087 -0.761948 0.599473
vn -0.309017 -0.951057 -0.000000
vn -0.249583 -0.760487 -0.599473
vn -0.096018 -0.273764 -0.956992
vn 0.091571 0.311817 -0.945719
vn 0.245296 0.776548 -0.580348
vn 0.309017 0.951057 -0.000000
vn 0.453990 0.891007 -0.000000
vn 0.375652 0.722552 0.580348
vn 0.155738 0.285238 0.945719
vn -0.125685 -0.261476 0.956992
vn -0.361264 -0.714227 0.599473
vn -0.453990 -0.891007 -0.000000
vn -0.365476 -0.712081 -0.599473
vn -0.137662 -0.255373 -0.956992
vn 0.139222 0.293653 -0.945719
vn 0.363755 0.728614 -0.580348
vn 0.453990 0.891007 -0.000000
vn 0.587785 0.809017 0.000000
vn 0.484059 0.654892 0.580348
vn 0.198441 0.257364 0.945719
vn -0.165042 -0.238595 0.956992
vn -0.468546 -0.648920 0.599473
vn -0.587785 -0.809017 0.000000
vn -0.472371 -0.646141 -0.599473
vn -0.175917 -0.230694 -0.956992
vn 0.183446 0.268259 -0.945719
vn 0.473257 0.662740 -0.580348
vn 0.587785 0.809017 0.000000
vn 0.707107 0.707107 -0.000000
vn 0.580547 0.571106 0.580348
vn 0.236259 0.223152 0.945719
vn -0.200334 -0.209839 0.956992
vn -0.564291 -0.567634 0.599473
vn -0.707107 -0.707107 -0.000000
vn -0.567634 -0.564291 -0.599473
vn -0.209839 -0.200334 -0.956992
vn 0.223152 0.236259 -0.945719
vn 0.571106 0.580547 -0.580348
vn 0.707107 0.707107 -0.000000
vn 0.809017 0.587785 -0.000000
vn 0.662740 0.473257 0.580348
vn 0.268259 0.183446 0.945719
vn -0.230694 -0.175917 0.956992
vn -0.646141 -0.472371 0.599473
vn -0.809017 -0.587785 0.000000
vn -0.648920 -0.468546 -0.599473
vn -0.238595 -0.165042 -0.956992
vn 0.257364 0.198441 -0.945719
vn 0.654892 0.484059 -0.580348
vn 0.809017 0.587785 -0.000000
vn 0.891007 0.453990 0.000000
vn 0.728614 0.363755 0.580348
vn 0.293653 0.139222 0.945719
vn -0.255373 -0.137662 0.956992
vn -0.712081 -0.365476 0.599473
vn -0.891007 -0.453990 -0.000000
vn -0.714227 -0.361264 -0.599473
vn -0.261476 -0.125685 -0.956992
vn 0.285238 0.155738 -0.945719
vn 0.722552 0.375652 -0.580348
vn 0.891007 0.453990 0.000000
vn 0.951057 0.309017 -0.000000
vn 0.776548 0.245296 0.580348
vn 0.311817 0.091571 0.945719
vn -0.273764 -0.096018 0.956992
vn -0.760487 -0.249583 0.599473
vn -0.951057 -0.309017 -0.000000
vn -0.761948 -0.245087 -0.599473
vn -0.277918 -0.083234 -0.956992
vn 0.306089 0.109199 -0.945719
vn 0.772422 0.257995 -0.580348
vn 0.951057 0.309017 -0.000000
vn 0.987688 0.156434 0.000000
vn 0.805360 0.120797 0.580348
vn 0.322303 0.041664 0.945719
vn -0.285414 -0.052010 0.956992
vn -0.790168 -0.127543 0.599473
vn -0.987688 -0.156434 0.000000
vn -0.790907 -0.122874 -0.599473
vn -0.287517 -0.038733 -0.956992
vn 0.319403 0.059972 -0.945719
vn 0.803271 0.133985 -0.580348
vn 0.987688 0.156434 0.000000
vn 1.000000 -0.000000 0.000000
vn 0.814341 -0.006676 0.580348
vn 0.324853 -0.009268 0.945719
vn -0.290036 -0.006721 0.956992
vn -0.800392 -0.002364 0.599473
vn -1.000000 0.000000 0.000000
vn -0.800392 0.002364 -0.599473
vn -0.290036 0.006721 -0.956992
vn 0.324853 0.009268 -0.945719
vn 0.814341 0.006676 -0.580348
vn 1.000000 -0.000000 0.000000
vn 0.000000 0.000000 -1.000000
vn 0.000000 0.000000 -1.000000
vn 0.000000 0.000000 -1.000000
vn 0.000000 0.000000 -1.000000
vn 0.000000 0.000000 -1.000000
vn 0.000000 0.000000 -1.000000
vn 0.000000 0.000000 -1.000000
vn 0.000000 0.000000 -1.000000
vn 0.000000 0.000000 -1.000000
vn 0.000000 0.000000 -1.000000
vn 0.000000 0.000000 -1.000000
vn 0.000000 0.000000 -1.000000
vn 0.000000 0.000000 -1.000000
vn 0.000000 0.000000 -1.000000
vn 0.000000 0.000000 -1.000000
vn 0.000000 0.000000 -1.000000
vn 0.000000 0.000000 -1.000000
vn 0.000000 0.000000 -1.000000
vn 0.000000 0.000000 -1.000000
vn 0.000000 0.000000 -1.000000
vn 0.000000 0.000000 -1.000000
vn 0.000000 0.000000 -1.000000
vn 0.000000 0.000000 -1.000000
vn 0.000000 0.000000 -1.000000
vn 0.000000 0.000000 -1.000000
vn 0.000000 0.000000 -1.000000
vn 0.000000 0.000000 -1.000000
vn 0.000000 0.000000 -1.000000
vn 0.000000 0.000000 -1.000000
vn 0.000000 0.000000 -1.000000
vn 0.000000 0.000000 -1.000000
vn 0.000000 0.000000 -1.000000
vn 0.000000 0.000000 -1.000000
vn 0.000000 0.000000 -1.000000
vn 0.000000 0.000000 -1.000000
vn 0.000000 0.000000 -1.000000
vn 0.000000 0.000000 -1.000000
vn 0.000000 0.000000 -1.000000
vn 0.000000 0.000000 -1.000000
vn 0.000000 0.000000 -1.000000
vn 0.000000 0.000000 -1.000000
vn 0.057589 0.002314 -0.998338
vn 0.057124 -0.010962 -0.998307
vn 0.055248 -0.023966 -0.998185
vn 0.052008 -0.036373 -0.997984
vn 0.047486 -0.047878 -0.997724
vn 0.041796 -0.058195 -0.997430
vn 0.035081 -0.067074 -0.997131
vn 0.027506 -0.074298 -0.996857
vn 0.019260 -0.079693 -0.996633
vn 0.010544 -0.083130 -0.996483
vn 0.001571 -0.084527 -0.996420
vn -0.007440 -0.083850 -0.996451
vn -0.016270 -0.081116 -0.996572
vn -0.024704 -0.076390 -0.996772
vn -0.032534 -0.069784 -0.997031
vn -0.039569 -0.061459 -0.997325
vn -0.045633 -0.051615 -0.997624
vn -0.050575 -0.040493 -0.997899
vn -0.054272 -0.028365 -0.998123
vn -0.056630 -0.015533 -0.998274
vn -0.057589 -0.002314 -0.998338
vn -0.057124 0.010962 -0.998307
vn -0.055248 0.023966 -0.998185
vn -0.052008 0.036373 -0.997984
vn -0.047486 0.047878 -0.997724
vn -0.041796 0.058195 -0.997430
vn -0.035081 0.067074 -0.997131
vn -0.027506 0.074298 -0.996857
vn -0.019260 0.079693 -0.996633
vn -0.010544 0.083130 -0.996483
vn -0.001571 0.084527 -0.996420
vn 0.007440 0.083850 -0.996451
vn 0.016270 0.081116 -0.996572
vn 0.024704 0.076390 -0.996772
vn 0.032534 0.069784 -0.997031
vn 0.039569 0.061459 -0.997325
vn 0.045633 0.051615 -0.997624
vn 0.050575 0.040493 -0.997899
vn 0.054272 0.028365 -0.998123
vn 0.056630 0.015533 -0.998274
vn 0.057589 0.002314 -0.998338
vn 0.990921 0.031835 -0.130618
vn 0.972328 -0.194562 -0.129318
vn 0.907295 -0.401528 -0.124863
vn 0.809913 -0.574455 -0.118499
vn 0.695656 -0.709657 -0.111574
vn 0.575920 -0.810727 -0.105064
vn 0.457053 -0.883856 -0.099505
vn 0.341650 -0.935002 -0.095119
vn 0.230081 -0.968817 -0.091961
vn 0.121567 -0.988493 -0.090019
vn 0.014795 -0.995898 -0.089266
vn -0.091761 -0.991734 -0.089691
vn -0.199645 -0.975606 -0.091300
vn -0.310255 -0.945983 -0.094117
vn -0.424564 -0.900061 -0.098163
vn -0.542608 -0.833596 -0.103409
vn -0.662549 -0.740943 -0.109692
vn -0.779246 -0.615780 -0.116579
vn -0.882758 -0.453381 -0.123224
vn -0.958410 -0.254904 -0.128352
vn -0.990921 -0.031835 -0.130618
vn -0.972328 0.194562 -0.129318
vn -0.907295 0.401528 -0.124863
vn -0.809913 0.574455 -0.118499
vn -0.695656 0.709657 -0.111574
vn -0.575920 0.810727 -0.105064
vn -0.457053 0.883856 -0.099505
vn -0.341650 0.935002 -0.095119
vn -0.230081 0.968817 -0.091961
vn -0.121567 0.988493 -0.090019
vn -0.014795 0.995898 -0.089266
vn 0.091761 0.991734 -0.089691
vn 0.199645 0.975606 -0.091300
vn 0.310255 0.945983 -0.094117
vn 0.424564 0.900061 -0.098163
vn 0.542608 0.833596 -0.103409
vn 0.662549 0.740943 -0.109692
vn 0.779246 0.615780 -0.116579
vn 0.882758 0.453381 -0.123224
vn 0.958410 0.254904 -0.128352
vn 0.990921 0.031835 -0.130618
vn 0.990921 -0.031835 0.130618
vn 0.958410 -0.254904 0.128352
vn 0.882758 -0.453381 0.123224
vn 0.779246 -0.615780 0.116579
vn 0.662549 -0.740943 0.109692
vn 0.542608 -0.833596 0.103409
vn 0.424564 -0.900061 0.098163
vn 0.310255 -0.945983 0.094117
vn 0.199645 -0.975606 0.091300
vn 0.091761 -0.991734 0.089691
vn -0.014795 -0.995898 0.089266
vn -0.121567 -0.988493 0.090019
vn -0.230081 -0.968817 0.091961
vn -0.341650 -0.935002 0.095119
vn -0.457053 -0.883856 0.099505
vn -0.575920 -0.810727 0.105064
vn -0.695656 -0.709657 0.111574
vn -0.809913 -0.574455 0.118499
vn -0.907295 -0.401528 0.124863
vn -0.972328 -0.194562 0.129318
vn -0.990921 0.031835 0.130618
vn -0.958410 0.254904 0.128352
vn -0.882758 0.453381 0.123224
vn -0.779246 0.615780 0.116579
vn -0.662549 0.740943 0.109692
vn -0.542608 0.833596 0.103409
vn -0.424564 0.900061 0.098163
vn -0.310255 0.945983 0.094117
vn -0.199645 0.975606 0.091300
vn -0.091761 0.991734 0.089691
vn 0.014795 0.995898 0.089266
vn 0.121567 0.988493 0.090019
vn 0.230081 0.968817 0.091961
vn 0.341650 0.935002 0.095119
vn 0.457053 0.883856 0.099505
vn 0.575920 0.810727 0.105064
vn 0.695656 0.709657 0.111574
vn 0.809913 0.574455 0.118499
vn 0.907295 0.401528 0.124863
vn 0.972328 0.194562 0.129318
vn 0.990921 -0.031835 0.130618
vn 0.057589 -0.002314 0.998338
vn 0.056630 -0.015533 0.998274
vn 0.054272 -0.028365 0.998123
vn 0.050575 -0.040493 0.997899
vn 0.045633 -0.051615 0.997624
vn 0.039569 -0.061459 0.997325
vn 0.032534 -0.069784 0.997031
vn 0.024704 -0.076390 0.996772
vn 0.016270 -0.081116 0.996572
vn 0.007440 -0.083850 0.996451
vn -0.001571 -0.084527 0.996420
vn -0.010544 -0.083130 0.996483
vn -0.019260 -0.079693 0.996633
vn -0.027506 -0.074298 0.996857
vn -0.035081 -0.067074 0.997131
vn -0.041796 -0.058195 0.997430
vn -0.047486 -0.047878 0.997724
vn -0.052008 -0.036373 0.997984
vn -0.055248 -0.023966 0.998185
vn -0.057124 -0.010962 0.998307
vn -0.057589 0.002314 0.998338
vn -0.056630 0.015533 0.998274
vn -0.054272 0.028365 0.998123
vn -0.050575 0.040493 0.997899
vn -0.045633 0.051615 0.997624
vn -0.039569 0.061459 0.997325
vn -0.032534 0.069784 0.997031
vn -0.024704 0.076390 0.996772
vn -0.016270 0.081116 0.996572
vn -0.007440 0.083850 0.996451
vn 0.001571 0.084527 0.996420
vn 0.010544 0.083130 0.996483
vn 0.019260 0.079693 0.996633
vn 0.027506 0.074298 0.996857
vn 0.035081 0.067074 0.997131
vn 0.041796 0.058195 0.997430
vn 0.047486 0.047878 0.997724
vn 0.052008 0.036373 0.997984
vn 0.055248 0.023966 0.998185
vn 0.057124 0.010962 0.998307
vn 0.057589 -0.002314 0.998338
vn 0.000000 0.000000 1.000000
vn 0.000000 0.000000 1.000000
vn 0.000000 0.000000 1.000000
vn 0.000000 0.000000 1.000000
vn 0.000000 0.000000 1.000000
vn 0.000000 0.000000 1.000000
vn 0.000000 0.000000 1.000000
vn 0.000000 0.000000 1.000000
vn 0.000000 0.000000 1.000000
vn 0.000000 0.000000 1.000000
vn 0.000000 0.000000 1.000000
vn 0.000000 0.000000 1.000000
vn 0.000000 0.000000 1.000000
vn 0.000000 0.000000 1.000000
vn 0.000000 0.000000 1.000000
vn 0.000000 0.000000 1.000000
vn 0.000000 0.000000 1.000000
vn 0.000000 0.000000 1.000000
vn 0.000000 0.000000 1.000000
vn 0.000000 0.000000 1.000000
vn 0.000000 0.000000 1.000000
vn 0.000000 0.000000 1.000000
vn 0.000000 0.000000 1.000000
vn 0.000000 0.000000 1.000000
vn 0.000000 0.000000 1.000000
vn 0.000000 0.000000 1.000000
vn 0.000000 0.000000 1.000000
vn 0.000000 0.000000 1.000000
vn 0.000000 0.000000 1.000000
vn 0.000000 0.000000 1.000000
vn 0.000000 0.000000 1.000000
vn 0.000000 0.000000 1.000000
vn 0.000000 0.000000 1.000000
vn 0.000000 0.000000 1.000000
vn 0.000000 0.000000 1.000000
vn 0.000000 0.000000 1.000000
vn 0.000000 0.000000 1.000000
vn 0.000000 0.000000 1.000000
vn 0.000000 0.000000 1.000000
vn 0.000000 0.000000 1.000000
vn 0.000000 0.000000 1.000000
vn 0.000000 0.000000 -1.000000
vn 0.000000 0.000000 -1.000000
vn 0.000000 0.000000 -1.000000
vn 0.000000 0.000000 -1.000000
vn 0.000000 0.000000 -1.000000
vn 0.000000 0.000000 -1.000000
vn 0.000000 0.000000 -1.000000
vn 0.000000 0.000000 -1.000000
vn 0.000000 0.000000 -1.000000
vn 0.000000 0.000000 -1.000000
vn 0.000000 0.000000 -1.000000
vn 0.000000 0.000000 -1.000000
vn 0.000000 0.000000 -1.000000
vn 0.000000 0.000000 -1.000000
vn 0.000000 0.000000 -1.000000
vn 0.000000 0.000000 -1.000000
vn 0.000000 0.000000 -1.000000
vn 0.000000 0.000000 -1.000000
vn 0.000000 0.000000 -1.000000
vn 0.000000 0.000000 -1.000000
vn 0.000000 0.000000 -1.000000
vn 0.000000 0.000000 -1.000000
vn 0.000000 0.000000 -1.000000
vn 0.000000 0.000000 -1.000000
vn 0.000000 0.000000 -1.000000
vn 0.000000 0.000000 -1.000000
vn 0.000000 0.000000 -1.000000
vn 0.000000 0.000000 -1.000000
vn 0.000000 0.000000 -1.000000
vn 0.000000 0.000000 -1.000000
vn 0.000000 0.000000 -1.000000
vn 0.000000 0.000000 -1.000000
vn 0.000000 0.000000 -1.000000
vn 0.000000 0.000000 -1.000000
vn 0.000000 0.000000 -1.000000
vn 0.000000 0.000000 -1.000000
vn 0.000000 0.000000 -1.000000
vn 0.000000 0.000000 -1.000000
vn 0.000000 0.000000 -1.000000
vn 0.000000 0.000000 -1.000000
vn 0.000000 0.000000 -1.000000
vn 0.057589 0.002314 -0.998338
vn 0.057124 -0.010962 -0.998307
vn 0.055248 -0.023966 -0.998185
vn 0.052008 -0.036373 -0.997984
vn 0.047486 -0.047878 -0.997724
vn 0.041796 -0.058195 -0.997430
vn 0.035081 -0.067074 -0.997131
vn 0.027506 -0.074298 -0.996857
vn 0.019260 -0.079693 -0.996633
vn 0.010544 -0.083130 -0.996483
vn 0.001571 -0.084527 -0.996420
vn -0.007440 -0.083850 -0.996451
vn -0.016270 -0.081116 -0.996572
vn -0.024704 -0.076390 -0.996772
vn -0.032534 -0.069784 -0.997031
vn -0.039569 -0.061459 -0.997325
vn -0.045633 -0.051615 -0.997624
vn -0.050575 -0.040493 -0.997899
vn -0.054272 -0.028365 -0.998123
vn -0.056630 -0.015533 -0.998274
vn -0.057589 -0.002314 -0.998338
vn -0.057124 0.010962 -0.998307
vn -0.055248 0.023966 -0.998185
vn -0.052008 0.036373 -0.997984
vn -0.047486 0.047878 -0.997724
vn -0.041796 0.058195 -0.997430
vn -0.035081 0.067074 -0.997131
vn -0.027506 0.074298 -0.996857
vn -0.019260 0.079693 -0.996633
vn -0.010544 0.083130 -0.996483
vn -0.001571 0.084527 -0.996420
vn 0.007440 0.083850 -0.996451
vn 0.016270 0.081116 -0.996572
vn 0.024704 0.076390 -0.996772
vn 0.032534 0.069784 -0.997031
vn 0.039569 0.061459 -0.997325
vn 0.045633 0.051615 -0.997624
vn 0.050575 0.040493 -0.997899
vn 0.054272 0.028365 -0.998123
vn 0.056630 0.015533 -0.998274
vn 0.057589 0.002314 -0.998338
vn 0.990921 0.031835 -0.130618
vn 0.972328 -0.194562 -0.129318
vn 0.907295 -0.401528 -0.124863
vn 0.809913 -0.574455 -0.118499
vn 0.695656 -0.709657 -0.111574
vn 0.575920 -0.810727 -0.105064
vn 0.457053 -0.883856 -0.099505
vn 0.341650 -0.935002 -0.095119
vn 0.230081 -0.968817 -0.091961
vn 0.121567 -0.988493 -0.090019
vn 0.014795 -0.995898 -0.089266
vn -0.091761 -0.991734 -0.089691
vn -0.199645 -0.975606 -0.091300
vn -0.310255 -0.945983 -0.094117
vn -0.424564 -0.900061 -0.098163
vn -0.542608 -0.833596 -0.103409
vn -0.662549 -0.740943 -0.109692
vn -0.779246 -0.615780 -0.116579
vn -0.882758 -0.453381 -0.123224
vn -0.958410 -0.254904 -0.128352
vn -0.990921 -0.031835 -0.130618
vn -0.972328 0.194562 -0.129318
vn -0.907295 0.401528 -0.124863
vn -0.809913 0.574455 -0.118499
vn -0.695656 0.709657 -0.111574
vn -0.575920 0.810727 -0.105064
vn -0.457053 0.883856 -0.099505
vn -0.341650 0.935002 -0.095119
vn -0.230081 0.968817 -0.091961
vn -0.121567 0.988493 -0.090019
vn -0.014795 0.995898 -0.089266
vn 0.091761 0.991734 -0.089691
vn 0.199645 0.975606 -0.091300
vn 0.310255 0.945983 -0.094117
vn 0.424564 0.900061 -0.098163
vn 0.542608 0.833596 -0.103409
vn 0.662549 0.740943 -0.109692
vn 0.779246 0.615780 -0.116579
vn 0.882758 0.453381 -0.123224
vn 0.958410 0.254904 -0.128352
vn 0.990921 0.031835 -0.130618
vn 0.990921 -0.031835 0.130618
vn 0.958410 -0.254904 0.128352
vn 0.882758 -0.453381 0.123224
vn 0.779246 -0.615780 0.116579
vn 0.662549 -0.740943 0.109692
vn 0.542608 -0.833596 0.103409
vn 0.424564 -0.900061 0.098163
vn 0.310255 -0.945983 0.094117
vn 0.199645 -0.975606 0.091300
vn 0.091761 -0.991734 0.089691
vn -0.014795 -0.995898 0.089266
vn -0.121567 -0.988493 0.090019
vn -0.230081 -0.968817 0.091961
vn -0.341650 -0.935002 0.095119
vn -0.457053 -0.883856 0.099505
vn -0.575920 -0.810727 0.105064
vn -0.695656 -0.709657 0.111574
vn -0.809913 -0.574455 0.118499
vn -0.907295 -0.401528 0.124863
vn -0.972328 -0.194562 0.129318
vn -0.990921 0.031835 0.130618
vn -0.958410 0.254904 0.128352
vn -0.882758 0.453381 0.123224
vn -0.779246 0.615780 0.116579
vn -0.662549 0.740943 0.109692
vn -0.542608 0.833596 0.103409
vn -0.424564 0.900061 0.098163
vn -0.310255 0.945983 0.094117
vn -0.199645 0.975606 0.091300
vn -0.091761 0.991734 0.089691
vn 0.014795 0.995898 0.089266
vn 0.121567 0.988493 0.090019
vn 0.230081 0.968817 0.091961
vn 0.341650 0.935002 0.095119
vn 0.457053 0.883856 0.099505
vn 0.575920 0.810727 0.105064
vn 0.695656 0.709657 0.111574
vn 0.809913 0.574455 0.118499
vn 0.907295 0.401528 0.124863
vn 0.972328 0.194562 0.129318
vn 0.990921 -0.031835 0.130618
vn 0.057589 -0.002314 0.998338
vn 0.056630 -0.015533 0.998274
vn 0.054272 -0.028365 0.998123
vn 0.050575 -0.040493 0.997899
vn 0.045633 -0.051615 0.997624
vn 0.039569 -0.061459 0.997325
vn 0.032534 -0.069784 0.997031
vn 0.024704 -0.076390 0.996772
vn 0.016270 -0.081116 0.996572
vn 0.007440 -0.083850 0.996451
vn -0.001571 -0.084527 0.996420
vn -0.010544 -0.083130 0.996483
vn -0.019260 -0.079693 0.996633
vn -0.027506 -0.074298 0.996857
vn -0.035081 -0.067074 0.997131
vn -0.041796 -0.058195 0.997430
vn -0.047486 -0.047878 0.997724
vn -0.052008 -0.036373 0.997984
vn -0.055248 -0.023966 0.998185
vn -0.057124 -0.010962 0.998307
vn -0.057589 0.002314 0.998338
vn -0.056630 0.015533 0.998274
vn -0.054272 0.028365 0.998123
vn -0.050575 0.040493 0.997899
vn -0.045633 0.051615 0.997624
vn -0.039569 0.061459 0.997325
vn -0.032534 0.069784 0.997031
vn -0.024704 0.076390 0.996772
vn -0.016270 0.081116 0.996572
vn -0.007440 0.083850 0.996451
vn 0.001571 0.084527 0.996420
vn 0.010544 0.083130 0.996483
vn 0.019260 0.079693 0.996633
vn 0.027506 0.074298 0.996857
vn 0.035081 0.067074 0.997131
vn 0.041796 0.058195 0.997430
vn 0.047486 0.047878 0.997724
vn 0.052008 0.036373 0.997984
vn 0.055248 0.023966 0.998185
vn 0.057124 0.010962 0.998307
vn 0.057589 -0.002314 0.998338
vn 0.000000 0.000000 1.000000
vn 0.000000 0.000000 1.000000
vn 0.000000 0.000000 1.000000
vn 0.000000 0.000000 1.000000
vn 0.000000 0.000000 1.000000
vn 0.000000 0.000000 1.000000
vn 0.000000 0.000000 1.000000
vn 0.000000 0.000000 1.000000
vn 0.000000 0.000000 1.000000
vn 0.000000 0.000000 1.000000
vn 0.000000 0.000000 1.000000
vn 0.000000 0.000000 1.000000
vn 0.000000 0.000000 1.000000
vn 0.000000 0.000000 1.000000
vn 0.000000 0.000000 1.000000
vn 0.000000 0.000000 1.000000
vn 0.000000 0.000000 1.000000
vn 0.000000 0.000000 1.000000
vn 0.000000 0.000000 1.000000
vn 0.000000 0.000000 1.000000
vn 0.000000 0.000000 1.000000
vn 0.000000 0.000000 1.000000
vn 0.000000 0.000000 1.000000
vn 0.000000 0.000000 1.000000
vn 0.000000 0.000000 1.000000
vn 0.000000 0.000000 1.000000
vn 0.000000 0.000000 1.000000
vn 0.000000 0.000000 1.000000
vn 0.000000 0.000000 1.000000
vn 0.000000 0.000000 1.000000
vn 0.000000 0.000000 1.000000
vn 0.000000 0.000000 1.000000
vn 0.000000 0.000000 1.000000
vn 0.000000 0.000000 1.000000
vn 0.000000 0.000000 1.000000
vn 0.000000 0.000000 1.000000
vn 0.000000 0.000000 1.000000
vn 0.000000 0.000000 1.000000
vn 0.000000 0.000000 1.000000
vn 0.000000 0.000000 1.000000
vn 0.000000 0.000000 1.000000
f 1450//1450 1451//1451 1471//1471
f 1451//1451 1472//1472 1471//1471
f 1451//1451 1452//1452 1472//1472
f 1452//1452 1473//1473 1472//1472
f 1452//1452 1453//1453 1473//1473
f 1453//1453 1474//1474 1473//1473
f 1453//1453 1454//1454 1474//1474
f 1454//1454 1475//1475 1474//1474
f 1454//1454 1455//1455 1475//1475
f 1455//1455 1476//1476 1475//1475
f 1455//1455 1456//1456 1476//1476
f 1456//1456 1477//1477 1476//1476
f 1456//1456 1457//1457 1477//1477
f 1457//1457 1478//1478 1477//1477
f 1457//1457 1458//1458 1478//1478
f 1458//1458 1479//1479 1478//1478
f 1458//1458 1459//1459 1479//1479
f 1459//1459 1480//1480 1479//1479
f 1459//1459 1460//1460 1480//1480
f 1460//1460 1481//1481 1480//1480
f 1460//1460 1461//1461 1481//1481
f 1461//1461 1482//1482 1481//1481
f 1461//1461 1462//1462 1482//1482
f 1462//1462 1483//1483 1482//1482
f 1462//1462 1463//1463 1483//1483
f 1463//1463 1484//1484 1483//1483
f 1463//1463 1464//1464 1484//1484
f 1464//1464 1485//1485 1484//1484
f 1464//1464 1465//1465 1485//1485
f 1465//1465 1486//1486 1485//1485
f 1465//1465 1466//1466 1486//1486
f 1466//1466 1487//1487 1486//1486
f 1466//1466 1467//1467 1487//1487
f 1467//1467 1488//1488 1487//1487
f 1467//1467 1468//1468 1488//1488
f 1468//1468 1489//1489 1488//1488
f 1468//1468 1469//1469 1489//1489
f 1469//1469 1490//1490 1489//1489
f 1469//1469 1470//1470 1490//1490
f 1470//1470 1491//1491 1490//1490
f 1471//1471 1472//1472 1492//1492
f 1472//1472 1493//1493 1492//1492
f 1472//1472 1473//1473 1493//1493
f 1473//1473 1494//1494 1493//1493
f 1473//1473 1474//1474 1494//1494
f 1474//1474 1495//1495 1494//1494
f 1474//1474 1475//1475 1495//1495
f 1475//1475 1496//1496 1495//1495
f 1475//1475 1476//1476 1496//1496
f 1476//1476 1497//1497 1496//1496
f 1476//1476 1477//1477 1497//1497
f 1477//1477 1498//1498 1497//1497
f 1477//1477 1478//1478 1498//1498
f 1478//1478 1499//1499 1498//1498
f 1478//1478 1479//1479 1499//1499
f 1479//1479 1500//1500 1499//1499
f 1479//1479 1480//1480 1500//1500
f 1480//1480 1501//1501 1500//1500
f 1480//1480 1481//1481 1501//1501
f 1481//1481 1502//1502 1501//1501
f 1481//1481 1482//1482 1502//1502
f 1482//1482 1503//1503 1502//1502
f 1482//1482 1483//1483 1503//1503
f 1483//1483 1504//1504 1503//1503
f 1483//1483 1484//1484 1504//1504
f 1484//1484 1505//1505 1504//1504
f 1484//1484 1485//1485 1505//1505
f 1485//1485 1506//1506 1505//1505
f 1485//1485 1486//1486 1506//1506
f 1486//1486 1507//1507 1506//1506
f 1486//1486 1487//1487 1507//1507
f 1487//1487 1508//1508 1507//1507
f 1487//1487 1488//1488 1508//1508
f 1488//1488 1509//1509 1508//1508
f 1488//1488 1489//1489 1509//1509
f 1489//1489 1510//1510 1509//1509
f 1489//1489 1490//1490 1510//1510
f 1490//1490 1511//1511 1510//1510
f 1490//1490 1491//1491 1511//1511
f 1491//1491 1512//1512 1511//1511
f 1492//1492 1493//1493 1513//1513
f 1493//1493 1514//1514 1513//1513
f 1493//1493 1494//1494 1514//1514
f 1494//1494 1515//1515 1514//1514
f 1494//1494 1495//1495 1515//1515
f 1495//1495 1516//1516 1515//1515
f 1495//1495 1496//1496 1516//1516
f 1496//1496 1517//1517 1516//1516
f 1496//1496 1497//1497 1517//1517
f 1497//1497 1518//1518 1517//1517
f 1497//1497 1498//1498 1518//1518
f 1498//1498 1519//1519 1518//1518
f 1498//1498 1499//1499 1519//1519
f 1499//1499 1520//1520 1519//1519
f 1499//1499 1500//1500 1520//1520
f 1500//1500 1521//1521 1520//1520
f 1500//1500 1501//1501 1521//1521
f 1501//1501 1522//1522 1521//1521
f 1501//1501 1502//1502 1522//1522
f 1502//1502 1523//1523 1522//1522
f 1502//1502 1503//1503 1523//1523
f 1503//1503 1524//1524 1523//1523
f 1503//1503 1504//1504 1524//1524
f 1504//1504 1525//1525 1524//1524
f 1504//1504 1505//1505 1525//1525
f 1505//1505 1526//1526 1525//1525
f 1505//1505 1506//1506 1526//1526
f 1506//1506 1527//1527 1526//1526
f 1506//1506 1507//1507 1527//1527
f 1507//1507 1528//1528 1527//1527
f 1507//1507 1508//1508 1528//1528
f 1508//1508 1529//1529 1528//1528
f 1508//1508 1509//1509 1529//1529
f 1509//1509 1530//1530 1529//1529
f 1509//1509 1510//1510 1530//1530
f 1510//1510 1531//1531 1530//1530
f 1510//1510 1511//1511 1531//1531
f 1511//1511 1532//1532 1531//1531
f 1511//1511 1512//1512 1532//1532
f 1512//1512 1533//1533 1532//1532
f 1513//1513 1514//1514 1534//1534
f 1514//1514 1535//1535 1534//1534
f 1514//1514 1515//1515 1535//1535
f 1515//1515 1536//1536 1535//1535
f 1515//1515 1516//1516 1536//1536
f 1516//1516 1537//1537 1536//1536
f 1516//1516 1517//1517 1537//1537
f 1517//1517 1538//1538 1537//1537
f 1517//1517 1518//1518 1538//1538
f 1518//1518 1539//1539 1538//1538
f 1518//1518 1519//1519 1539//1539
f 1519//1519 1540//1540 1539//1539
f 1519//1519 1520//1520 1540//1540
f 1520//1520 1541//1541 1540//1540
f 1520//1520 1521//1521 1541//1541
f 1521//1521 1542//1542 1541//1541
f 1521//1521 1522//1522 1542//1542
f 1522//1522 1543//1543 1542//1542
f 1522//1522 1523//1523 1543//1543
f 1523//1523 1544//1544 1543//1543
f 1523//1523 1524//1524 1544//1544
f 1524//1524 1545//1545 1544//1544
f 1524//1524 1525//1525 1545//1545
f 1525//1525 1546//1546 1545//1545
f 1525//1525 1526//1526 1546//1546
f 1526//1526 1547//1547 1546//1546
f 1526//1526 1527//1527 1547//1547
f 1527//1527 1548//1548 1547//1547
f 1527//1527 1528//1528 1548//1548
f 1528//1528 1549//1549 1548//1548
f 1528//1528 1529//1529 1549//1549
f 1529//1529 1550//1550 1549//1549
f 1529//1529 1530//1530 1550//1550
f 1530//1530 1551//1551 1550//1550
f 1530//1530 1531//1531 1551//1551
f 1531//1531 1552//1552 1551//1551
f 1531//1531 1532//1532 1552//1552
f 1532//1532 1553//1553 1552//1552
f 1532//1532 1533//1533 1553//1553
f 1533//1533 1554//1554 1553//1553
f 1534//1534 1535//1535 1555//1555
f 1535//1535 1556//1556 1555//1555
f 1535//1535 1536//1536 1556//1556
f 1536//1536 1557//1557 1556//1556
f 1536//1536 1537//1537 1557//1557
f 1537//1537 1558//1558 1557//1557
f 1537//1537 1538//1538 1558//1558
f 1538//1538 1559//1559 1558//1558
f 1538//1538 1539//1539 1559//1559
f 1539//1539 1560//1560 1559//1559
f 1539//1539 1540//1540 1560//1560
f 1540//1540 1561//1561 1560//1560
f 1540//1540 1541//1541 1561//1561
f 1541//1541 1562//1562 1561//1561
f 1541//1541 1542//1542 1562//1562
f 1542//1542 1563//1563 1562//1562
f 1542//1542 1543//1543 1563//1563
f 1543//1543 1564//1564 1563//1563
f 1543//1543 1544//1544 1564//1564
f 1544//1544 1565//1565 1564//1564
f 1544//1544 1545//1545 1565//1565
f 1545//1545 1566//1566 1565//1565
f 1545//1545 1546//1546 1566//1566
f 1546//1546 1567//1567 1566//1566
f 1546//1546 1547//1547 1567//1567
f 1547//1547 1568//1568 1567//1567
f 1547//1547 1548//1548 1568//1568
f 1548//1548 1569//1569 1568//1568
f 1548//1548 1549//1549 1569//1569
f 1549//1549 1570//1570 1569//1569
f 1549//1549 1550//1550 1570//1570
f 1550//1550 1571//1571 1570//1570
f 1550//1550 1551//1551 1571//1571
f 1551//1551 1572//1572 1571//1571
f 1551//1551 1552//1552 1572//1572
f 1552//1552 1573//1573 1572//1572
f 1552//1552 1553//1553 1573//1573
f 1553//1553 1574//1574 1573//1573
f 1553//1553 1554//1554 1574//1574
f 1554//1554 1575//1575 1574//1574
f 1555//1555 1556//1556 1576//1576
f 1556//1556 1577//1577 1576//1576
f 1556//1556 1557//1557 1577//1577
f 1557//1557 1578//1578 1577//1577
f 1557//1557 1558//1558 1578//1578
f 1558//1558 1579//1579 1578//1578
f 1558//1558 1559//1559 1579//1579
f 1559//1559 1580//1580 1579//1579
f 1559//1559 1560//1560 1580//1580
f 1560//1560 1581//1581 1580//1580
f 1560//1560 1561//1561 1581//1581
f 1561//1561 1582//1582 1581//1581
f 1561//1561 1562//1562 1582//1582
f 1562//1562 1583//1583 1582//1582
f 1562//1562 1563//1563 1583//1583
f 1563//1563 1584//1584 1583//1583
f 1563//1563 1564//1564 1584//1584
f 1564//1564 1585//1585 1584//1584
f 1564//1564 1565//1565 1585//1585
f 1565//1565 1586//1586 1585//1585
f 1565//1565 1566//1566 1586//1586
f 1566//1566 1587//1587 1586//1586
f 1566//1566 1567//1567 1587//1587
f 1567//1567 1588//1588 1587//1587
f 1567//1567 1568//1568 1588//1588
f 1568//1568 1589//1589 1588//1588
f 1568//1568 1569//1569 1589//1589
f 1569//1569 1590//1590 1589//1589
f 1569//1569 1570//1570 1590//1590
f 1570//1570 1591//1591 1590//1590
f 1570//1570 1571//1571 1591//1591
f 1571//1571 1592//1592 1591//1591
f 1571//1571 1572//1572 1592//1592
f 1572//1572 1593//1593 1592//1592
f 1572//1572 1573//1573 1593//1593
f 1573//1573 1594//1594 1593//1593
f 1573//1573 1574//1574 1594//1594
f 1574//1574 1595//1595 1594//1594
f 1574//1574 1575//1575 1595//1595
f 1575//1575 1596//1596 1595//1595
f 1576//1576 1577//1577 1597//1597
f 1577//1577 1598//1598 1597//1597
f 1577//1577 1578//1578 1598//1598
f 1578//1578 1599//1599 1598//1598
f 1578//1578 1579//1579 1599//1599
f 1579//1579 1600//1600 1599//1599
f 1579//1579 1580//1580 1600//1600
f 1580//1580 1601//1601 1600//1600
f 1580//1580 1581//1581 1601//1601
f 1581//1581 1602//1602 1601//1601
f 1581//1581 1582//1582 1602//1602
f 1582//1582 1603//1603 1602//1602
f 1582//1582 1583//1583 1603//1603
f 1583//1583 1604//1604 1603//1603
f 1583//1583 1584//1584 1604//1604
f 1584//1584 1605//1605 1604//1604
f 1584//1584 1585//1585 1605//1605
f 1585//1585 1606//1606 1605//1605
f 1585//1585 1586//1586 1606//1606
f 1586//1586 1607//1607 1606//1606
f 1586//1586 1587//1587 1607//1607
f 1587//1587 1608//1608 1607//1607
f 1587//1587 1588//1588 1608//1608
f 1588//1588 1609//1609 1608//1608
f 1588//1588 1589//1589 1609//1609
f 1589//1589 1610//1610 1609//1609
f 1589//1589 1590//1590 1610//1610
f 1590//1590 1611//1611 1610//1610
f 1590//1590 1591//1591 1611//1611
f 1591//1591 1612//1612 1611//1611
f 1591//1591 1592//1592 1612//1612
f 1592//1592 1613//1613 1612//1612
f 1592//1592 1593//1593 1613//1613
f 1593//1593 1614//1614 1613//1613
f 1593//1593 1594//1594 1614//1614
f 1594//1594 1615//1615 1614//1614
f 1594//1594 1595//1595 1615//1615
f 1595//1595 1616//1616 1615//1615
f 1595//1595 1596//1596 1616//1616
f 1596//1596 1617//1617 1616//1616
f 1597//1597 1598//1598 1618//1618
f 1598//1598 1619//1619 1618//1618
f 1598//1598 1599//1599 1619//1619
f 1599//1599 1620//1620 1619//1619
f 1599//1599 1600//1600 1620//1620
f 1600//1600 1621//1621 1620//1620
f 1600//1600 1601//1601 1621//1621
f 1601//1601 1622//1622 1621//1621
f 1601//1601 1602//1602 1622//1622
f 1602//1602 1623//1623 1622//1622
f 1602//1602 1603//1603 1623//1623
f 1603//1603 1624//1624 1623//1623
f 1603//1603 1604//1604 1624//1624
f 1604//1604 1625//1625 1624//1624
f 1604//1604 1605//1605 1625//1625
f 1605//1605 1626//1626 1625//1625
f 1605//1605 1606//1606 1626//1626
f 1606//1606 1627//1627 1626//1626
f 1606//1606 1607//1607 1627//1627
f 1607//1607 1628//1628 1627//1627
f 1607//1607 1608//1608 1628//1628
f 1608//1608 1629//1629 1628//1628
f 1608//1608 1609//1609 1629//1629
f 1609//1609 1630//1630 1629//1629
f 1609//1609 1610//1610 1630//1630
f 1610//1610 1631//1631 1630//1630
f 1610//1610 1611//1611 1631//1631
f 1611//1611 1632//1632 1631//1631
f 1611//1611 1612//1612 1632//1632
f 1612//1612 1633//1633 1632//1632
f 1612//1612 1613//1613 1633//1633
f 1613//1613 1634//1634 1633//1633
f 1613//1613 1614//1614 1634//1634
f 1614//1614 1635//1635 1634//1634
f 1614//1614 1615//1615 1635//1635
f 1615//1615 1636//1636 1635//1635
f 1615//1615 1616//1616 1636//1636
f 1616//1616 1637//1637 1636//1636
f 1616//1616 1617//1617 1637//1637
f 1617//1617 1638//1638 1637//1637
f 1618//1618 1619//1619 1639//1639
f 1619//1619 1640//1640 1639//1639
f 1619//1619 1620//1620 1640//1640
f 1620//1620 1641//1641 1640//1640
f 1620//1620 1621//1621 1641//1641
f 1621//1621 1642//1642 1641//1641
f 1621//1621 1622//1622 1642//1642
f 1622//1622 1643//1643 1642//1642
f 1622//1622 1623//1623 1643//1643
f 1623//1623 1644//1644 1643//1643
f 1623//1623 1624//1624 1644//1644
f 1624//1624 1645//1645 1644//1644
f 1624//1624 1625//1625 1645//1645
f 1625//1625 1646//1646 1645//1645
f 1625//1625 1626//1626 1646//1646
f 1626//1626 1647//1647 1646//1646
f 1626//1626 1627//1627 1647//1647
f 1627//1627 1648//1648 1647//1647
f 1627//1627 1628//1628 1648//1648
f 1628//1628 1649//1649 1648//1648
f 1628//1628 1629//1629 1649//1649
f 1629//1629 1650//1650 1649//1649
f 1629//1629 1630//1630 1650//1650
f 1630//1630 1651//1651 1650//1650
f 1630//1630 1631//1631 1651//1651
f 1631//1631 1652//1652 1651//1651
f 1631//1631 1632//1632 1652//1652
f 1632//1632 1653//1653 1652//1652
f 1632//1632 1633//1633 1653//1653
f 1633//1633 1654//1654 1653//1653
f 1633//1633 1634//1634 1654//1654
f 1634//1634 1655//1655 1654//1654
f 1634//1634 1635//1635 1655//1655
f 1635//1635 1656//1656 1655//1655
f 1635//1635 1636//1636 1656//1656
f 1636//1636 1657//1657 1656//1656
f 1636//1636 1637//1637 1657//1657
f 1637//1637 1658//1658 1657//1657
f 1637//1637 1638//1638 1658//1658
f 1638//1638 1659//1659 1658//1658
f 1639//1639 1640//1640 1660//1660
f 1640//1640 1661//1661 1660//1660
f 1640//1640 1641//1641 1661//1661
f 1641//1641 1662//1662 1661//1661
f 1641//1641 1642//1642 1662//1662
f 1642//1642 1663//1663 1662//1662
f 1642//1642 1643//1643 1663//1663
f 1643//1643 1664//1664 1663//1663
f 1643//1643 1644//1644 1664//1664
f 1644//1644 1665//1665 1664//1664
f 1644//1644 1645//1645 1665//1665
f 1645//1645 1666//1666 1665//1665
f 1645//1645 1646//1646 1666//1666
f 1646//1646 1667//1667 1666//1666
f 1646//1646 1647//1647 1667//1667
f 1647//1647 1668//1668 1667//1667
f 1647//1647 1648//1648 1668//1668
f 1648//1648 1669//1669 1668//1668
f 1648//1648 1649//1649 1669//1669
f 1649//1649 1670//1670 1669//1669
f 1649//1649 1650//1650 1670//1670
f 1650//1650 1671//1671 1670//1670
f 1650//1650 1651//1651 1671//1671
f 1651//1651 1672//1672 1671//1671
f 1651//1651 1652//1652 1672//1672
f 1652//1652 1673//1673 1672//1672
f 1652//1652 1653//1653 1673//1673
f 1653//1653 1674//1674 1673//1673
f 1653//1653 1654//1654 1674//1674
f 1654//1654 1675//1675 1674//1674
f 1654//1654 1655//1655 1675//1675
f 1655//1655 1676//1676 1675//1675
f 1655//1655 1656//1656 1676//1676
f 1656//1656 1677//1677 1676//1676
f 1656//1656 1657//1657 1677//1677
f 1657//1657 1678//1678 1677//1677
f 1657//1657 1658//1658 1678//1678
f 1658//1658 1679//1679 1678//1678
f 1658//1658 1659//1659 1679//1679
f 1659//1659 1680//1680 1679//1679
f 1660//1660 1661//1661 1681//1681
f 1661//1661 1682//1682 1681//1681
f 1661//1661 1662//1662 1682//1682
f 1662//1662 1683//1683 1682//1682
f 1662//1662 1663//1663 1683//1683
f 1663//1663 1684//1684 1683//1683
f 1663//1663 1664//1664 1684//1684
f 1664//1664 1685//1685 1684//1684
f 1664//1664 1665//1665 1685//1685
f 1665//1665 1686//1686 1685//1685
f 1665//1665 1666//1666 1686//1686
f 1666//1666 1687//1687 1686//1686
f 1666//1666 1667//1667 1687//1687
f 1667//1667 1688//1688 1687//1687
f 1667//1667 1668//1668 1688//1688
f 1668//1668 1689//1689 1688//1688
f 1668//1668 1669//1669 1689//1689
f 1669//1669 1690//1690 1689//1689
f 1669//1669 1670//1670 1690//1690
f 1670//1670 1691//1691 1690//1690
f 1670//1670 1671//1671 1691//1691
f 1671//1671 1692//1692 1691//1691
f 1671//1671 1672//1672 1692//1692
f 1672//1672 1693//1693 1692//1692
f 1672//1672 1673//1673 1693//1693
f 1673//1673 1694//1694 1693//1693
f 1673//1673 1674//1674 1694//1694
f 1674//1674 1695//1695 1694//1694
f 1674//1674 1675//1675 1695//1695
f 1675//1675 1696//1696 1695//1695
f 1675//1675 1676//1676 1696//1696
f 1676//1676 1697//1697 1696//1696
f 1676//1676 1677//1677 1697//1697
f 1677//1677 1698//1698 1697//1697
f 1677//1677 1678//1678 1698//1698
f 1678//1678 1699//1699 1698//1698
f 1678//1678 1679//1679 1699//1699
f 1679//1679 1700//1700 1699//1699
f 1679//1679 1680//1680 1700//1700
f 1680//1680 1701//1701 1700//1700
f 1681//1681 1682//1682 1702//1702
f 1682//1682 1703//1703 1702//1702
f 1682//1682 1683//1683 1703//1703
f 1683//1683 1704//1704 1703//1703
f 1683//1683 1684//1684 1704//1704
f 1684//1684 1705//1705 1704//1704
f 1684//1684 1685//1685 1705//1705
f 1685//1685 1706//1706 1705//1705
f 1685//1685 1686//1686 1706//1706
f 1686//1686 1707//1707 1706//1706
f 1686//1686 1687//1687 1707//1707
f 1687//1687 1708//1708 1707//1707
f 1687//1687 1688//1688 1708//1708
f 1688//1688 1709//1709 1708//1708
f 1688//1688 1689//1689 1709//1709
f 1689//1689 1710//1710 1709//1709
f 1689//1689 1690//1690 1710//1710
f 1690//1690 1711//1711 1710//1710
f 1690//1690 1691//1691 1711//1711
f 1691//1691 1712//1712 1711//1711
f 1691//1691 1692//1692 1712//1712
f 1692//1692 1713//1713 1712//1712
f 1692//1692 1693//1693 1713//1713
f 1693//1693 1714//1714 1713//1713
f 1693//1693 1694//1694 1714//1714
f 1694//1694 1715//1715 1714//1714
f 1694//1694 1695//1695 1715//1715
f 1695//1695 1716//1716 1715//1715
f 1695//1695 1696//1696 1716//1716
f 1696//1696 1717//1717 1716//1716
f 1696//1696 1697//1697 1717//1717
f 1697//1697 1718//1718 1717//1717
f 1697//1697 1698//1698 1718//1718
f 1698//1698 1719//1719 1718//1718
f 1698//1698 1699//1699 1719//1719
f 1699//1699 1720//1720 1719//1719
f 1699//1699 1700//1700 1720//1720
f 1700//1700 1721//1721 1720//1720
f 1700//1700 1701//1701 1721//1721
f 1701//1701 1722//1722 1721//1721
f 1723//1723 1724//1724 1744//1744
f 1724//1724 1745//1745 1744//1744
f 1724//1724 1725//1725 1745//1745
f 1725//1725 1746//1746 1745//1745
f 1725//1725 1726//1726 1746//1746
f 1726//1726 1747//1747 1746//1746
f 1726//1726 1727//1727 1747//1747
f 1727//1727 1748//1748 1747//1747
f 1727//1727 1728//1728 1748//1748
f 1728//1728 1749//1749 1748//1748
f 1728//1728 1729//1729 1749//1749
f 1729//1729 1750//1750 1749//1749
f 1729//1729 1730//1730 1750//1750
f 1730//1730 1751//1751 1750//1750
f 1730//1730 1731//1731 1751//1751
f 1731//1731 1752//1752 1751//1751
f 1731//1731 1732//1732 1752//1752
f 1732//1732 1753//1753 1752//1752
f 1732//1732 1733//1733 1753//1753
f 1733//1733 1754//1754 1753//1753
f 1733//1733 1734//1734 1754//1754
f 1734//1734 1755//1755 1754//1754
f 1734//1734 1735//1735 1755//1755
f 1735//1735 1756//1756 1755//1755
f 1735//1735 1736//1736 1756//1756
f 1736//1736 1757//1757 1756//1756
f 1736//1736 1737//1737 1757//1757
f 1737//1737 1758//1758 1757//1757
f 1737//1737 1738//1738 1758//1758
f 1738//1738 1759//1759 1758//1758
f 1738//1738 1739//1739 1759//1759
f 1739//1739 1760//1760 1759//1759
f 1739//1739 1740//1740 1760//1760
f 1740//1740 1761//1761 1760//1760
f 1740//1740 1741//1741 1761//1761
f 1741//1741 1762//1762 1761//1761
f 1741//1741 1742//1742 1762//1762
f 1742//1742 1763//1763 1762//1762
f 1742//1742 1743//1743 1763//1763
f 1743//1743 1764//1764 1763//1763
f 1744//1744 1745//1745 1765//1765
f 1745//1745 1766//1766 1765//1765
f 1745//1745 1746//1746 1766//1766
f 1746//1746 1767//1767 1766//1766
f 1746//1746 1747//1747 1767//1767
f 1747//1747 1768//1768 1767//1767
f 1747//1747 1748//1748 1768//1768
f 1748//1748 1769//1769 1768//1768
f 1748//1748 1749//1749 1769//1769
f 1749//1749 1770//1770 1769//1769
f 1749//1749 1750//1750 1770//1770
f 1750//1750 1771//1771 1770//1770
f 1750//1750 1751//1751 1771//1771
f 1751//1751 1772//1772 1771//1771
f 1751//1751 1752//1752 1772//1772
f 1752//1752 1773//1773 1772//1772
f 1752//1752 1753//1753 1773//1773
f 1753//1753 1774//1774 1773//1773
f 1753//1753 1754//1754 1774//1774
f 1754//1754 1775//1775 1774//1774
f 1754//1754 1755//1755 1775//1775
f 1755//1755 1776//1776 1775//1775
f 1755//1755 1756//1756 1776//1776
f 1756//1756 1777//1777 1776//1776
f 1756//1756 1757//1757 1777//1777
f 1757//1757 1778//1778 1777//1777
f 1757//1757 1758//1758 1778//1778
f 1758//1758 1779//1779 1778//1778
f 1758//1758 1759//1759 1779//1779
f 1759//1759 1780//1780 1779//1779
f 1759//1759 1760//1760 1780//1780
f 1760//1760 1781//1781 1780//1780
f 1760//1760 1761//1761 1781//1781
f 1761//1761 1782//1782 1781//1781
f 1761//1761 1762//1762 1782//1782
f 1762//1762 1783//1783 1782//1782
f 1762//1762 1763//1763 1783//1783
f 1763//1763 1784//1784 1783//1783
f 1763//1763 1764//1764 1784//1784
f 1764//1764 1785//1785 1784//1784
f 1765//1765 1766//1766 1786//1786
f 1766//1766 1787//1787 1786//1786
f 1766//1766 1767//1767 1787//1787
f 1767//1767 1788//1788 1787//1787
f 1767//1767 1768//1768 1788//1788
f 1768//1768 1789//1789 1788//1788
f 1768//1768 1769//1769 1789//1789
f 1769//1769 1790//1790 1789//1789
f 1769//1769 1770//1770 1790//1790
f 1770//1770 1791//1791 1790//1790
f 1770//1770 1771//1771 1791//1791
f 1771//1771 1792//1792 1791//1791
f 1771//1771 1772//1772 1792//1792
f 1772//1772 1793//1793 1792//1792
f 1772//1772 1773//1773 1793//1793
f 1773//1773 1794//1794 1793//1793
f 1773//1773 1774//1774 1794//1794
f 1774//1774 1795//1795 1794//1794
f 1774//1774 1775//1775 1795//1795
f 1775//1775 1796//1796 1795//1795
f 1775//1775 1776//1776 1796//1796
f 1776//1776 1797//1797 1796//1796
f 1776//1776 1777//1777 1797//1797
f 1777//1777 1798//1798 1797//1797
f 1777//1777 1778//1778 1798//1798
f 1778//1778 1799//1799 1798//1798
f 1778//1778 1779//1779 1799//1799
f 1779//1779 1800//1800 1799//1799
f 1779//1779 1780//1780 1800//1800
f 1780//1780 1801//1801 1800//1800
f 1780//1780 1781//1781 1801//1801
f 1781//1781 1802//1802 1801//1801
f 1781//1781 1782//1782 1802//1802
f 1782//1782 1803//1803 1802//1802
f 1782//1782 1783//1783 1803//1803
f 1783//1783 1804//1804 1803//1803
f 1783//1783 1784//1784 1804//1804
f 1784//1784 1805//1805 1804//1804
f 1784//1784 1785//1785 1805//1805
f 1785//1785 1806//1806 1805//1805
f 1786//1786 1787//1787 1807//1807
f 1787//1787 1808//1808 1807//1807
f 1787//1787 1788//1788 1808//1808
f 1788//1788 1809//1809 1808//1808
f 1788//1788 1789//1789 1809//1809
f 1789//1789 1810//1810 1809//1809
f 1789//1789 1790//1790 1810//1810
f 1790//1790 1811//1811 1810//1810
f 1790//1790 1791//1791 1811//1811
f 1791//1791 1812//1812 1811//1811
f 1791//1791 1792//1792 1812//1812
f 1792//1792 1813//1813 1812//1812
f 1792//1792 1793//1793 1813//1813
f 1793//1793 1814//1814 1813//1813
f 1793//1793 1794//1794 1814//1814
f 1794//1794 1815//1815 1814//1814
f 1794//1794 1795//1795 1815//1815
f 1795//1795 1816//1816 1815//1815
f 1795//1795 1796//1796 1816//1816
f 1796//1796 1817//1817 1816//1816
f 1796//1796 1797//1797 1817//1817
f 1797//1797 1818//1818 1817//1817
f 1797//1797 1798//1798 1818//1818
f 1798//1798 1819//1819 1818//1818
f 1798//1798 1799//1799 1819//1819
f 1799//1799 1820//1820 1819//1819
f 1799//1799 1800//1800 1820//1820
f 1800//1800 1821//1821 1820//1820
f 1800//1800 1801//1801 1821//1821
f 1801//1801 1822//1822 1821//1821
f 1801//1801 1802//1802 1822//1822
f 1802//1802 1823//1823 1822//1822
f 1802//1802 1803//1803 1823//1823
f 1803//1803 1824//1824 1823//1823
f 1803//1803 1804//1804 1824//1824
f 1804//1804 1825//1825 1824//1824
f 1804//1804 1805//1805 1825//1825
f 1805//1805 1826//1826 1825//1825
f 1805//1805 1806//1806 1826//1826
f 1806//1806 1827//1827 1826//1826
f 1807//1807 1808//1808 1828//1828
f 1808//1808 1829//1829 1828//1828
f 1808//1808 1809//1809 1829//1829
f 1809//1809 1830//1830 1829//1829
f 1809//1809 1810//1810 1830//1830
f 1810//1810 1831//1831 1830//1830
f 1810//1810 1811//1811 1831//1831
f 1811//1811 1832//1832 1831//1831
f 1811//1811 1812//1812 1832//1832
f 1812//1812 1833//1833 1832//1832
f 1812//1812 1813//1813 1833//1833
f 1813//1813 1834//1834 1833//1833
f 1813//1813 1814//1814 1834//1834
f 1814//1814 1835//1835 1834//1834
f 1814//1814 1815//1815 1835//1835
f 1815//1815 1836//1836 1835//1835
f 1815//1815 1816//1816 1836//1836
f 1816//1816 1837//1837 1836//1836
f 1816//1816 1817//1817 1837//1837
f 1817//1817 1838//1838 1837//1837
f 1817//1817 1818//1818 1838//1838
f 1818//1818 1839//1839 1838//1838
f 1818//1818 1819//1819 1839//1839
f 1819//1819 1840//1840 1839//1839
f 1819//1819 1820//1820 1840//1840
f 1820//1820 1841//1841 1840//1840
f 1820//1820 1821//1821 1841//1841
f 1821//1821 1842//1842 1841//1841
f 1821//1821 1822//1822 1842//1842
f 1822//1822 1843//1843 1842//1842
f 1822//1822 1823//1823 1843//1843
f 1823//1823 1844//1844 1843//1843
f 1823//1823 1824//1824 1844//1844
f 1824//1824 1845//1845 1844//1844
f 1824//1824 1825//1825 1845//1845
f 1825//1825 1846//1846 1845//1845
f 1825//1825 1826//1826 1846//1846
f 1826//1826 1847//1847 1846//1846
f 1826//1826 1827//1827 1847//1847
f 1827//1827 1848//1848 1847//1847
f 1828//1828 1829//1829 1849//1849
f 1829//1829 1850//1850 1849//1849
f 1829//1829 1830//1830 1850//1850
f 1830//1830 1851//1851 1850//1850
f 1830//1830 1831//1831 1851//1851
f 1831//1831 1852//1852 1851//1851
f 1831//1831 1832//1832 1852//1852
f 1832//1832 1853//1853 1852//1852
f 1832//1832 1833//1833 1853//1853
f 1833//1833 1854//1854 1853//1853
f 1833//1833 1834//1834 1854//1854
f 1834//1834 1855//1855 1854//1854
f 1834//1834 1835//1835 1855//1855
f 1835//1835 1856//1856 1855//1855
f 1835//1835 1836//1836 1856//1856
f 1836//1836 1857//1857 1856//1856
f 1836//1836 1837//1837 1857//1857
f 1837//1837 1858//1858 1857//1857
f 1837//1837 1838//1838 1858//1858
f 1838//1838 1859//1859 1858//1858
f 1838//1838 1839//1839 1859//1859
f 1839//1839 1860//1860 1859//1859
f 1839//1839 1840//1840 1860//1860
f 1840//1840 1861//1861 1860//1860
f 1840//1840 1841//1841 1861//1861
f 1841//1841 1862//1862 1861//1861
f 1841//1841 1842//1842 1862//1862
f 1842//1842 1863//1863 1862//1862
f 1842//1842 1843//1843 1863//1863
f 1843//1843 1864//1864 1863//1863
f 1843//1843 1844//1844 1864//1864
f 1844//1844 1865//1865 1864//1864
f 1844//1844 1845//1845 1865//1865
f 1845//1845 1866//1866 1865//1865
f 1845//1845 1846//1846 1866//1866
f 1846//1846 1867//1867 1866//1866
f 1846//1846 1847//1847 1867//1867
f 1847//1847 1868//1868 1867//1867
f 1847//1847 1848//1848 1868//1868
f 1848//1848 1869//1869 1868//1868
f 1849//1849 1850//1850 1870//1870
f 1850//1850 1871//1871 1870//1870
f 1850//1850 1851//1851 1871//1871
f 1851//1851 1872//1872 1871//1871
f 1851//1851 1852//1852 1872//1872
f 1852//1852 1873//1873 1872//1872
f 1852//1852 1853//1853 1873//1873
f 1853//1853 1874//1874 1873//1873
f 1853//1853 1854//1854 1874//1874
f 1854//1854 1875//1875 1874//1874
f 1854//1854 1855//1855 1875//1875
f 1855//1855 1876//1876 1875//1875
f 1855//1855 1856//1856 1876//1876
f 1856//1856 1877//1877 1876//1876
f 1856//1856 1857//1857 1877//1877
f 1857//1857 1878//1878 1877//1877
f 1857//1857 1858//1858 1878//1878
f 1858//1858 1879//1879 1878//1878
f 1858//1858 1859//1859 1879//1879
f 1859//1859 1880//1880 1879//1879
f 1859//1859 1860//1860 1880//1880
f 1860//1860 1881//1881 1880//1880
f 1860//1860 1861//1861 1881//1881
f 1861//1861 1882//1882 1881//1881
f 1861//1861 1862//1862 1882//1882
f 1862//1862 1883//1883 1882//1882
f 1862//1862 1863//1863 1883//1883
f 1863//1863 1884//1884 1883//1883
f 1863//1863 1864//1864 1884//1884
f 1864//1864 1885//1885 1884//1884
f 1864//1864 1865//1865 1885//1885
f 1865//1865 1886//1886 1885//1885
f 1865//1865 1866//1866 1886//1886
f 1866//1866 1887//1887 1886//1886
f 1866//1866 1867//1867 1887//1887
f 1867//1867 1888//1888 1887//1887
f 1867//1867 1868//1868 1888//1888
f 1868//1868 1889//1889 1888//1888
f 1868//1868 1869//1869 1889//1889
f 1869//1869 1890//1890 1889//1889
f 1870//1870 1871//1871 1891//1891
f 1871//1871 1892//1892 1891//1891
f 1871//1871 1872//1872 1892//1892
f 1872//1872 1893//1893 1892//1892
f 1872//1872 1873//1873 1893//1893
f 1873//1873 1894//1894 1893//1893
f 1873//1873 1874//1874 1894//1894
f 1874//1874 1895//1895 1894//1894
f 1874//1874 1875//1875 1895//1895
f 1875//1875 1896//1896 1895//1895
f 1875//1875 1876//1876 1896//1896
f 1876//1876 1897//1897 1896//1896
f 1876//1876 1877//1877 1897//1897
f 1877//1877 1898//1898 1897//1897
f 1877//1877 1878//1878 1898//1898
f 1878//1878 1899//1899 1898//1898
f 1878//1878 1879//1879 1899//1899
f 1879//1879 1900//1900 1899//1899
f 1879//1879 1880//1880 1900//1900
f 1880//1880 1901//1901 1900//1900
f 1880//1880 1881//1881 1901//1901
f 1881//1881 1902//1902 1901//1901
f 1881//1881 1882//1882 1902//1902
f 1882//1882 1903//1903 1902//1902
f 1882//1882 1883//1883 1903//1903
f 1883//1883 1904//1904 1903//1903
f 1883//1883 1884//1884 1904//1904
f 1884//1884 1905//1905 1904//1904
f 1884//1884 1885//1885 1905//1905
f 1885//1885 1906//1906 1905//1905
f 1885//1885 1886//1886 1906//1906
f 1886//1886 1907//1907 1906//1906
f 1886//1886 1887//1887 1907//1907
f 1887//1887 1908//1908 1907//1907
f 1887//1887 1888//1888 1908//1908
f 1888//1888 1909//1909 1908//1908
f 1888//1888 1889//1889 1909//1909
f 1889//1889 1910//1910 1909//1909
f 1889//1889 1890//1890 1910//1910
f 1890//1890 1911//1911 1910//1910
f 1891//1891 1892//1892 1912//1912
f 1892//1892 1913//1913 1912//1912
f 1892//1892 1893//1893 1913//1913
f 1893//1893 1914//1914 1913//1913
f 1893//1893 1894//1894 1914//1914
f 1894//1894 1915//1915 1914//1914
f 1894//1894 1895//1895 1915//1915
f 1895//1895 1916//1916 1915//1915
f 1895//1895 1896//1896 1916//1916
f 1896//1896 1917//1917 1916//1916
f 1896//1896 1897//1897 1917//1917
f 1897//1897 1918//1918 1917//1917
f 1897//1897 1898//1898 1918//1918
f 1898//1898 1919//1919 1918//1918
f 1898//1898 1899//1899 1919//1919
f 1899//1899 1920//1920 1919//1919
f 1899//1899 1900//1900 1920//1920
f 1900//1900 1921//1921 1920//1920
f 1900//1900 1901//1901 1921//1921
f 1901//1901 1922//1922 1921//1921
f 1901//1901 1902//1902 1922//1922
f 1902//1902 1923//1923 1922//1922
f 1902//1902 1903//1903 1923//1923
f 1903//1903 1924//1924 1923//1923
f 1903//1903 1904//1904 1924//1924
f 1904//1904 1925//1925 1924//1924
f 1904//1904 1905//1905 1925//1925
f 1905//1905 1926//1926 1925//1925
f 1905//1905 1906//1906 1926//1926
f 1906//1906 1927//1927 1926//1926
f 1906//1906 1907//1907 1927//1927
f 1907//1907 1928//1928 1927//1927
f 1907//1907 1908//1908 1928//1928
f 1908//1908 1929//1929 1928//1928
f 1908//1908 1909//1909 1929//1929
f 1909//1909 1930//1930 1929//1929
f 1909//1909 1910//1910 1930//1930
f 1910//1910 1931//1931 1930//1930
f 1910//1910 1911//1911 1931//1931
f 1911//1911 1932//1932 1931//1931
f 1912//1912 1913//1913 1933//1933
f 1913//1913 1934//1934 1933//1933
f 1913//1913 1914//1914 1934//1934
f 1914//1914 1935//1935 1934//1934
f 1914//1914 1915//1915 1935//1935
f 1915//1915 1936//1936 1935//1935
f 1915//1915 1916//1916 1936//1936
f 1916//1916 1937//1937 1936//1936
f 1916//1916 1917//1917 1937//1937
f 1917//1917 1938//1938 1937//1937
f 1917//1917 1918//1918 1938//1938
f 1918//1918 1939//1939 1938//1938
f 1918//1918 1919//1919 1939//1939
f 1919//1919 1940//1940 1939//1939
f 1919//1919 1920//1920 1940//1940
f 1920//1920 1941//1941 1940//1940
f 1920//1920 1921//1921 1941//1941
f 1921//1921 1942//1942 1941//1941
f 1921//1921 1922//1922 1942//1942
f 1922//1922 1943//1943 1942//1942
f 1922//1922 1923//1923 1943//1943
f 1923//1923 1944//1944 1943//1943
f 1923//1923 1924//1924 1944//1944
f 1924//1924 1945//1945 1944//1944
f 1924//1924 1925//1925 1945//1945
f 1925//1925 1946//1946 1945//1945
f 1925//1925 1926//1926 1946//1946
f 1926//1926 1947//1947 1946//1946
f 1926//1926 1927//1927 1947//1947
f 1927//1927 1948//1948 1947//1947
f 1927//1927 1928//1928 1948//1948
f 1928//1928 1949//1949 1948//1948
f 1928//1928 1929//1929 1949//1949
f 1929//1929 1950//1950 1949//1949
f 1929//1929 1930//1930 1950//1950
f 1930//1930 1951//1951 1950//1950
f 1930//1930 1931//1931 1951//1951
f 1931//1931 1952//1952 1951//1951
f 1931//1931 1932//1932 1952//1952
f 1932//1932 1953//1953 1952//1952
f 1933//1933 1934//1934 1954//1954
f 1934//1934 1955//1955 1954//1954
f 1934//1934 1935//1935 1955//1955
f 1935//1935 1956//1956 1955//1955
f 1935//1935 1936//1936 1956//1956
f 1936//1936 1957//1957 1956//1956
f 1936//1936 1937//1937 1957//1957
f 1937//1937 1958//1958 1957//1957
f 1937//1937 1938//1938 1958//1958
f 1938//1938 1959//1959 1958//1958
f 1938//1938 1939//1939 1959//1959
f 1939//1939 1960//1960 1959//1959
f 1939//1939 1940//1940 1960//1960
f 1940//1940 1961//1961 1960//1960
f 1940//1940 1941//1941 1961//1961
f 1941//1941 1962//1962 1961//1961
f 1941//1941 1942//1942 1962//1962
f 1942//1942 1963//1963 1962//1962
f 1942//1942 1943//1943 1963//1963
f 1943//1943 1964//1964 1963//1963
f 1943//1943 1944//1944 1964//1964
f 1944//1944 1965//1965 1964//1964
f 1944//1944 1945//1945 1965//1965
f 1945//1945 1966//1966 1965//1965
f 1945//1945 1946//1946 1966//1966
f 1946//1946 1967//1967 1966//1966
f 1946//1946 1947//1947 1967//1967
f 1947//1947 1968//1968 1967//1967
f 1947//1947 1948//1948 1968//1968
f 1948//1948 1969//1969 1968//1968
f 1948//1948 1949//1949 1969//1969
f 1949//1949 1970//1970 1969//1969
f 1949//1949 1950//1950 1970//1970
f 1950//1950 1971//1971 1970//1970
f 1950//1950 1951//1951 1971//1971
f 1951//1951 1972//1972 1971//1971
f 1951//1951 1952//1952 1972//1972
f 1952//1952 1973//1973 1972//1972
f 1952//1952 1953//1953 1973//1973
f 1953//1953 1974//1974 1973//1973
f 1954//1954 1955//1955 1975//1975
f 1955//1955 1976//1976 1975//1975
f 1955//1955 1956//1956 1976//1976
f 1956//1956 1977//1977 1976//1976
f 1956//1956 1957//1957 1977//1977
f 1957//1957 1978//1978 1977//1977
f 1957//1957 1958//1958 1978//1978
f 1958//1958 1979//1979 1978//1978
f 1958//1958 1959//1959 1979//1979
f 1959//1959 1980//1980 1979//1979
f 1959//1959 1960//1960 1980//1980
f 1960//1960 1981//1981 1980//1980
f 1960//1960 1961//1961 1981//1981
f 1961//1961 1982//1982 1981//1981
f 1961//1961 1962//1962 1982//1982
f 1962//1962 1983//1983 1982//1982
f 1962//1962 1963//1963 1983//1983
f 1963//1963 1984//1984 1983//1983
f 1963//1963 1964//1964 1984//1984
f 1964//1964 1985//1985 1984//1984
f 1964//1964 1965//1965 1985//1985
f 1965//1965 1986//1986 1985//1985
f 1965//1965 1966//1966 1986//1986
f 1966//1966 1987//1987 1986//1986
f 1966//1966 1967//1967 1987//1987
f 1967//1967 1988//1988 1987//1987
f 1967//1967 1968//1968 1988//1988
f 1968//1968 1989//1989 1988//1988
f 1968//1968 1969//1969 1989//1989
f 1969//1969 1990//1990 1989//1989
f 1969//1969 1970//1970 1990//1990
f 1970//1970 1991//1991 1990//1990
f 1970//1970 1971//1971 1991//1991
f 1971//1971 1992//1992 1991//1991
f 1971//1971 1972//1972 1992//1992
f 1972//1972 1993//1993 1992//1992
f 1972//1972 1973//1973 1993//1993
f 1973//1973 1994//1994 1993//1993
f 1973//1973 1974//1974 1994//1994
f 1974//1974 1995//1995 1994//1994
f 1996//1996 1997//1997 2007//2007
f 1997//1997 2008//2008 2007//2007
f 1997//1997 1998//1998 2008//2008
f 1998//1998 2009//2009 2008//2008
f 1998//1998 1999//1999 2009//2009
f 1999//1999 2010//2010 2009//2009
f 1999//1999 2000//2000 2010//2010
f 2000//2000 2011//2011 2010//2010
f 2000//2000 2001//2001 2011//2011
f 2001//2001 2012//2012 2011//2011
f 2001//2001 2002//2002 2012//2012
f 2002//2002 2013//2013 2012//2012
f 2002//2002 2003//2003 2013//2013
f 2003//2003 2014//2014 2013//2013
f 2003//2003 2004//2004 2014//2014
f 2004//2004 2015//2015 2014//2014
f 2004//2004 2005//2005 2015//2015
f 2005//2005 2016//2016 2015//2015
f 2005//2005 2006//2006 2016//2016
f 2006//2006 2017//2017 2016//2016
f 2007//2007 2008//2008 2018//2018
f 2008//2008 2019//2019 2018//2018
f 2008//2008 2009//2009 2019//2019
f 2009//2009 2020//2020 2019//2019
f 2009//2009 2010//2010 2020//2020
f 2010//2010 2021//2021 2020//2020
f 2010//2010 2011//2011 2021//2021
f 2011//2011 2022//2022 2021//2021
f 2011//2011 2012//2012 2022//2022
f 2012//2012 2023//2023 2022//2022
f 2012//2012 2013//2013 2023//2023
f 2013//2013 2024//2024 2023//2023
f 2013//2013 2014//2014 2024//2024
f 2014//2014 2025//2025 2024//2024
f 2014//2014 2015//2015 2025//2025
f 2015//2015 2026//2026 2025//2025
f 2015//2015 2016//2016 2026//2026
f 2016//2016 2027//2027 2026//2026
f 2016//2016 2017//2017 2027//2027
f 2017//2017 2028//2028 2027//2027
f 2018//2018 2019//2019 2029//2029
f 2019//2019 2030//2030 2029//2029
f 2019//2019 2020//2020 2030//2030
f 2020//2020 2031//2031 2030//2030
f 2020//2020 2021//2021 2031//2031
f 2021//2021 2032//2032 2031//2031
f 2021//2021 2022//2022 2032//2032
f 2022//2022 2033//2033 2032//2032
f 2022//2022 2023//2023 2033//2033
f 2023//2023 2034//2034 2033//2033
f 2023//2023 2024//2024 2034//2034
f 2024//2024 2035//2035 2034//2034
f 2024//2024 2025//2025 2035//2035
f 2025//2025 2036//2036 2035//2035
f 2025//2025 2026//2026 2036//2036
f 2026//2026 2037//2037 2036//2036
f 2026//2026 2027//2027 2037//2037
f 2027//2027 2038//2038 2037//2037
f 2027//2027 2028//2028 2038//2038
f 2028//2028 2039//2039 2038//2038
f 2029//2029 2030//2030 2040//2040
f 2030//2030 2041//2041 2040//2040
f 2030//2030 2031//2031 2041//2041
f 2031//2031 2042//2042 2041//2041
f 2031//2031 2032//2032 2042//2042
f 2032//2032 2043//2043 2042//2042
f 2032//2032 2033//2033 2043//2043
f 2033//2033 2044//2044 2043//2043
f 2033//2033 2034//2034 2044//2044
f 2034//2034 2045//2045 2044//2044
f 2034//2034 2035//2035 2045//2045
f 2035//2035 2046//2046 2045//2045
f 2035//2035 2036//2036 2046//2046
f 2036//2036 2047//2047 2046//2046
f 2036//2036 2037//2037 2047//2047
f 2037//2037 2048//2048 2047//2047
f 2037//2037 2038//2038 2048//2048
f 2038//2038 2049//2049 2048//2048
f 2038//2038 2039//2039 2049//2049
f 2039//2039 2050//2050 2049//2049
f 2040//2040 2041//2041 2051//2051
f 2041//2041 2052//2052 2051//2051
f 2041//2041 2042//2042 2052//2052
f 2042//2042 2053//2053 2052//2052
f 2042//2042 2043//2043 2053//2053
f 2043//2043 2054//2054 2053//2053
f 2043//2043 2044//2044 2054//2054
f 2044//2044 2055//2055 2054//2054
f 2044//2044 2045//2045 2055//2055
f 2045//2045 2056//2056 2055//2055
f 2045//2045 2046//2046 2056//2056
f 2046//2046 2057//2057 2056//2056
f 2046//2046 2047//2047 2057//2057
f 2047//2047 2058//2058 2057//2057
f 2047//2047 2048//2048 2058//2058
f 2048//2048 2059//2059 2058//2058
f 2048//2048 2049//2049 2059//2059
f 2049//2049 2060//2060 2059//2059
f 2049//2049 2050//2050 2060//2060
f 2050//2050 2061//2061 2060//2060
f 2051//2051 2052//2052 2062//2062
f 2052//2052 2063//2063 2062//2062
f 2052//2052 2053//2053 2063//2063
f 2053//2053 2064//2064 2063//2063
f 2053//2053 2054//2054 2064//2064
f 2054//2054 2065//2065 2064//2064
f 2054//2054 2055//2055 2065//2065
f 2055//2055 2066//2066 2065//2065
f 2055//2055 2056//2056 2066//2066
f 2056//2056 2067//2067 2066//2066
f 2056//2056 2057//2057 2067//2067
f 2057//2057 2068//2068 2067//2067
f 2057//2057 2058//2058 2068//2068
f 2058//2058 2069//2069 2068//2068
f 2058//2058 2059//2059 2069//2069
f 2059//2059 2070//2070 2069//2069
f 2059//2059 2060//2060 2070//2070
f 2060//2060 2071//2071 2070//2070
f 2060//2060 2061//2061 2071//2071
f 2061//2061 2072//2072 2071//2071
f 2062//2062 2063//2063 2073//2073
f 2063//2063 2074//2074 2073//2073
f 2063//2063 2064//2064 2074//2074
f 2064//2064 2075//2075 2074//2074
f 2064//2064 2065//2065 2075//2075
f 2065//2065 2076//2076 2075//2075
f 2065//2065 2066//2066 2076//2076
f 2066//2066 2077//2077 2076//2076
f 2066//2066 2067//2067 2077//2077
f 2067//2067 2078//2078 2077//2077
f 2067//2067 2068//2068 2078//2078
f 2068//2068 2079//2079 2078//2078
f 2068//2068 2069//2069 2079//2079
f 2069//2069 2080//2080 2079//2079
f 2069//2069 2070//2070 2080//2080
f 2070//2070 2081//2081 2080//2080
f 2070//2070 2071//2071 2081//2081
f 2071//2071 2082//2082 2081//2081
f 2071//2071 2072//2072 2082//2082
f 2072//2072 2083//2083 2082//2082
f 2073//2073 2074//2074 2084//2084
f 2074//2074 2085//2085 2084//2084
f 2074//2074 2075//2075 2085//2085
f 2075//2075 2086//2086 2085//2085
f 2075//2075 2076//2076 2086//2086
f 2076//2076 2087//2087 2086//2086
f 2076//2076 2077//2077 2087//2087
f 2077//2077 2088//2088 2087//2087
f 2077//2077 2078//2078 2088//2088
f 2078//2078 2089//2089 2088//2088
f 2078//2078 2079//2079 2089//2089
f 2079//2079 2090//2090 2089//2089
f 2079//2079 2080//2080 2090//2090
f 2080//2080 2091//2091 2090//2090
f 2080//2080 2081//2081 2091//2091
f 2081//2081 2092//2092 2091//2091
f 2081//2081 2082//2082 2092//2092
f 2082//2082 2093//2093 2092//2092
f 2082//2082 2083//2083 2093//2093
f 2083//2083 2094//2094 2093//2093
f 2084//2084 2085//2085 2095//2095
f 2085//2085 2096//2096 2095//2095
f 2085//2085 2086//2086 2096//2096
f 2086//2086 2097//2097 2096//2096
f 2086//2086 2087//2087 2097//2097
f 2087//2087 2098//2098 2097//2097
f 2087//2087 2088//2088 2098//2098
f 2088//2088 2099//2099 2098//2098
f 2088//2088 2089//2089 2099//2099
f 2089//2089 2100//2100 2099//2099
f 2089//2089 2090//2090 2100//2100
f 2090//2090 2101//2101 2100//2100
f 2090//2090 2091//2091 2101//2101
f 2091//2091 2102//2102 2101//2101
f 2091//2091 2092//2092 2102//2102
f 2092//2092 2103//2103 2102//2102
f 2092//2092 2093//2093 2103//2103
f 2093//2093 2104//2104 2103//2103
f 2093//2093 2094//2094 2104//2104
f 2094//2094 2105//2105 2104//2104
f 2095//2095 2096//2096 2106//2106
f 2096//2096 2107//2107 2106//2106
f 2096//2096 2097//2097 2107//2107
f 2097//2097 2108//2108 2107//2107
f 2097//2097 2098//2098 2108//2108
f 2098//2098 2109//2109 2108//2108
f 2098//2098 2099//2099 2109//2109
f 2099//2099 2110//2110 2109//2109
f 2099//2099 2100//2100 2110//2110
f 2100//2100 2111//2111 2110//2110
f 2100//2100 2101//2101 2111//2111
f 2101//2101 2112//2112 2111//2111
f 2101//2101 2102//2102 2112//2112
f 2102//2102 2113//2113 2112//2112
f 2102//2102 2103//2103 2113//2113
f 2103//2103 2114//2114 2113//2113
f 2103//2103 2104//2104 2114//2114
f 2104//2104 2115//2115 2114//2114
f 2104//2104 2105//2105 2115//2115
f 2105//2105 2116//2116 2115//2115
f 2106//2106 2107//2107 2117//2117
f 2107//2107 2118//2118 2117//2117
f 2107//2107 2108//2108 2118//2118
f 2108//2108 2119//2119 2118//2118
f 2108//2108 2109//2109 2119//2119
f 2109//2109 2120//2120 2119//2119
f 2109//2109 2110//2110 2120//2120
f 2110//2110 2121//2121 2120//2120
f 2110//2110 2111//2111 2121//2121
f 2111//2111 2122//2122 2121//2121
f 2111//2111 2112//2112 2122//2122
f 2112//2112 2123//2123 2122//2122
f 2112//2112 2113//2113 2123//2123
f 2113//2113 2124//2124 2123//2123
f 2113//2113 2114//2114 2124//2124
f 2114//2114 2125//2125 2124//2124
f 2114//2114 2115//2115 2125//2125
f 2115//2115 2126//2126 2125//2125
f 2115//2115 2116//2116 2126//2126
f 2116//2116 2127//2127 2126//2126
f 2117//2117 2118//2118 2128//2128
f 2118//2118 2129//2129 2128//2128
f 2118//2118 2119//2119 2129//2129
f 2119//2119 2130//2130 2129//2129
f 2119//2119 2120//2120 2130//2130
f 2120//2120 2131//2131 2130//2130
f 2120//2120 2121//2121 2131//2131
f 2121//2121 2132//2132 2131//2131
f 2121//2121 2122//2122 2132//2132
f 2122//2122 2133//2133 2132//2132
f 2122//2122 2123//2123 2133//2133
f 2123//2123 2134//2134 2133//2133
f 2123//2123 2124//2124 2134//2134
f 2124//2124 2135//2135 2134//2134
f 2124//2124 2125//2125 2135//2135
f 2125//2125 2136//2136 2135//2135
f 2125//2125 2126//2126 2136//2136
f 2126//2126 2137//2137 2136//2136
f 2126//2126 2127//2127 2137//2137
f 2127//2127 2138//2138 2137//2137
f 2128//2128 2129//2129 2139//2139
f 2129//2129 2140//2140 2139//2139
f 2129//2129 2130//2130 2140//2140
f 2130//2130 2141//2141 2140//2140
f 2130//2130 2131//2131 2141//2141
f 2131//2131 2142//2142 2141//2141
f 2131//2131 2132//2132 2142//2142
f 2132//2132 2143//2143 2142//2142
f 2132//2132 2133//2133 2143//2143
f 2133//2133 2144//2144 2143//2143
f 2133//2133 2134//2134 2144//2144
f 2134//2134 2145//2145 2144//2144
f 2134//2134 2135//2135 2145//2145
f 2135//2135 2146//2146 2145//2145
f 2135//2135 2136//2136 2146//2146
f 2136//2136 2147//2147 2146//2146
f 2136//2136 2137//2137 2147//2147
f 2137//2137 2148//2148 2147//2147
f 2137//2137 2138//2138 2148//2148
f 2138//2138 2149//2149 2148//2148
f 2139//2139 2140//2140 2150//2150
f 2140//2140 2151//2151 2150//2150
f 2140//2140 2141//2141 2151//2151
f 2141//2141 2152//2152 2151//2151
f 2141//2141 2142//2142 2152//2152
f 2142//2142 2153//2153 2152//2152
f 2142//2142 2143//2143 2153//2153
f 2143//2143 2154//2154 2153//2153
f 2143//2143 2144//2144 2154//2154
f 2144//2144 2155//2155 2154//2154
f 2144//2144 2145//2145 2155//2155
f 2145//2145 2156//2156 2155//2155
f 2145//2145 2146//2146 2156//2156
f 2146//2146 2157//2157 2156//2156
f 2146//2146 2147//2147 2157//2157
f 2147//2147 2158//2158 2157//2157
f 2147//2147 2148//2148 2158//2158
f 2148//2148 2159//2159 2158//2158
f 2148//2148 2149//2149 2159//2159
f 2149//2149 2160//2160 2159//2159
f 2150//2150 2151//2151 2161//2161
f 2151//2151 2162//2162 2161//2161
f 2151//2151 2152//2152 2162//2162
f 2152//2152 2163//2163 2162//2162
f 2152//2152 2153//2153 2163//2163
f 2153//2153 2164//2164 2163//2163
f 2153//2153 2154//2154 2164//2164
f 2154//2154 2165//2165 2164//2164
f 2154//2154 2155//2155 2165//2165
f 2155//2155 2166//2166 2165//2165
f 2155//2155 2156//2156 2166//2166
f 2156//2156 2167//2167 2166//2166
f 2156//2156 2157//2157 2167//2167
f 2157//2157 2168//2168 2167//2167
f 2157//2157 2158//2158 2168//2168
f 2158//2158 2169//2169 2168//2168
f 2158//2158 2159//2159 2169//2169
f 2159//2159 2170//2170 2169//2169
f 2159//2159 2160//2160 2170//2170
f 2160//2160 2171//2171 2170//2170
f 2161//2161 2162//2162 2172//2172
f 2162//2162 2173//2173 2172//2172
f 2162//2162 2163//2163 2173//2173
f 2163//2163 2174//2174 2173//2173
f 2163//2163 2164//2164 2174//2174
f 2164//2164 2175//2175 2174//2174
f 2164//2164 2165//2165 2175//2175
f 2165//2165 2176//2176 2175//2175
f 2165//2165 2166//2166 2176//2176
f 2166//2166 2177//2177 2176//2176
f 2166//2166 2167//2167 2177//2177
f 2167//2167 2178//2178 2177//2177
f 2167//2167 2168//2168 2178//2178
f 2168//2168 2179//2179 2178//2178
f 2168//2168 2169//2169 2179//2179
f 2169//2169 2180//2180 2179//2179
f 2169//2169 2170//2170 2180//2180
f 2170//2170 2181//2181 2180//2180
f 2170//2170 2171//2171 2181//2181
f 2171//2171 2182//2182 2181//2181
f 2172//2172 2173//2173 2183//2183
f 2173//2173 2184//2184 2183//2183
f 2173//2173 2174//2174 2184//2184
f 2174//2174 2185//2185 2184//2184
f 2174//2174 2175//2175 2185//2185
f 2175//2175 2186//2186 2185//2185
f 2175//2175 2176//2176 2186//2186
f 2176//2176 2187//2187 2186//2186
f 2176//2176 2177//2177 2187//2187
f 2177//2177 2188//2188 2187//2187
f 2177//2177 2178//2178 2188//2188
f 2178//2178 2189//2189 2188//2188
f 2178//2178 2179//2179 2189//2189
f 2179//2179 2190//2190 2189//2189
f 2179//2179 2180//2180 2190//2190
f 2180//2180 2191//2191 2190//2190
f 2180//2180 2181//2181 2191//2191
f 2181//2181 2192//2192 2191//2191
f 2181//2181 2182//2182 2192//2192
f 2182//2182 2193//2193 2192//2192
f 2183//2183 2184//2184 2194//2194
f 2184//2184 2195//2195 2194//2194
f 2184//2184 2185//2185 2195//2195
f 2185//2185 2196//2196 2195//2195
f 2185//2185 2186//2186 2196//2196
f 2186//2186 2197//2197 2196//2196
f 2186//2186 2187//2187 2197//2197
f 2187//2187 2198//2198 2197//2197
f 2187//2187 2188//2188 2198//2198
f 2188//2188 2199//2199 2198//2198
f 2188//2188 2189//2189 2199//2199
f 2189//2189 2200//2200 2199//2199
f 2189//2189 2190//2190 2200//2200
f 2190//2190 2201//2201 2200//2200
f 2190//2190 2191//2191 2201//2201
f 2191//2191 2202//2202 2201//2201
f 2191//2191 2192//2192 2202//2202
f 2192//2192 2203//2203 2202//2202
f 2192//2192 2193//2193 2203//2203
f 2193//2193 2204//2204 2203//2203
f 2194//2194 2195//2195 2205//2205
f 2195//2195 2206//2206 2205//2205
f 2195//2195 2196//2196 2206//2206
f 2196//2196 2207//2207 2206//2206
f 2196//2196 2197//2197 2207//2207
f 2197//2197 2208//2208 2207//2207
f 2197//2197 2198//2198 2208//2208
f 2198//2198 2209//2209 2208//2208
f 2198//2198 2199//2199 2209//2209
f 2199//2199 2210//2210 2209//2209
f 2199//2199 2200//2200 2210//2210
f 2200//2200 2211//2211 2210//2210
f 2200//2200 2201//2201 2211//2211
f 2201//2201 2212//2212 2211//2211
f 2201//2201 2202//2202 2212//2212
f 2202//2202 2213//2213 2212//2212
f 2202//2202 2203//2203 2213//2213
f 2203//2203 2214//2214 2213//2213
f 2203//2203 2204//2204 2214//2214
f 2204//2204 2215//2215 2214//2214
f 2205//2205 2206//2206 2216//2216
f 2206//2206 2217//2217 2216//2216
f 2206//2206 2207//2207 2217//2217
f 2207//2207 2218//2218 2217//2217
f 2207//2207 2208//2208 2218//2218
f 2208//2208 2219//2219 2218//2218
f 2208//2208 2209//2209 2219//2219
f 2209//2209 2220//2220 2219//2219
f 2209//2209 2210//2210 2220//2220
f 2210//2210 2221//2221 2220//2220
f 2210//2210 2211//2211 2221//2221
f 2211//2211 2222//2222 2221//2221
f 2211//2211 2212//2212 2222//2222
f 2212//2212 2223//2223 2222//2222
f 2212//2212 2213//2213 2223//2223
f 2213//2213 2224//2224 2223//2223
f 2213//2213 2214//2214 2224//2224
f 2214//2214 2225//2225 2224//2224
f 2214//2214 2215//2215 2225//2225
f 2215//2215 2226//2226 2225//2225
f 2216//2216 2217//2217 2227//2227
f 2217//2217 2228//2228 2227//2227
f 2217//2217 2218//2218 2228//2228
f 2218//2218 2229//2229 2228//2228
f 2218//2218 2219//2219 2229//2229
f 2219//2219 2230//2230 2229//2229
f 2219//2219 2220//2220 2230//2230
f 2220//2220 2231//2231 2230//2230
f 2220//2220 2221//2221 2231//2231
f 2221//2221 2232//2232 2231//2231
f 2221//2221 2222//2222 2232//2232
f 2222//2222 2233//2233 2232//2232
f 2222//2222 2223//2223 2233//2233
f 2223//2223 2234//2234 2233//2233
f 2223//2223 2224//2224 2234//2234
f 2224//2224 2235//2235 2234//2234
f 2224//2224 2225//2225 2235//2235
f 2225//2225 2236//2236 2235//2235
f 2225//2225 2226//2226 2236//2236
f 2226//2226 2237//2237 2236//2236
f 2227//2227 2228//2228 2238//2238
f 2228//2228 2239//2239 2238//2238
f 2228//2228 2229//2229 2239//2239
f 2229//2229 2240//2240 2239//2239
f 2229//2229 2230//2230 2240//2240
f 2230//2230 2241//2241 2240//2240
f 2230//2230 2231//2231 2241//2241
f 2231//2231 2242//2242 2241//2241
f 2231//2231 2232//2232 2242//2242
f 2232//2232 2243//2243 2242//2242
f 2232//2232 2233//2233 2243//2243
f 2233//2233 2244//2244 2243//2243
f 2233//2233 2234//2234 2244//2244
f 2234//2234 2245//2245 2244//2244
f 2234//2234 2235//2235 2245//2245
f 2235//2235 2246//2246 2245//2245
f 2235//2235 2236//2236 2246//2246
f 2236//2236 2247//2247 2246//2246
f 2236//2236 2237//2237 2247//2247
f 2237//2237 2248//2248 2247//2247
f 2238//2238 2239//2239 2249//2249
f 2239//2239 2250//2250 2249//2249
f 2239//2239 2240//2240 2250//2250
f 2240//2240 2251//2251 2250//2250
f 2240//2240 2241//2241 2251//2251
f 2241//2241 2252//2252 2251//2251
f 2241//2241 2242//2242 2252//2252
f 2242//2242 2253//2253 2252//2252
f 2242//2242 2243//2243 2253//2253
f 2243//2243 2254//2254 2253//2253
f 2243//2243 2244//2244 2254//2254
f 2244//2244 2255//2255 2254//2254
f 2244//2244 2245//2245 2255//2255
f 2245//2245 2256//2256 2255//2255
f 2245//2245 2246//2246 2256//2256
f 2246//2246 2257//2257 2256//2256
f 2246//2246 2247//2247 2257//2257
f 2247//2247 2258//2258 2257//2257
f 2247//2247 2248//2248 2258//2258
f 2248//2248 2259//2259 2258//2258
f 2249//2249 2250//2250 2260//2260
f 2250//2250 2261//2261 2260//2260
f 2250//2250 2251//2251 2261//2261
f 2251//2251 2262//2262 2261//2261
f 2251//2251 2252//2252 2262//2262
f 2252//2252 2263//2263 2262//2262
f 2252//2252 2253//2253 2263//2263
f 2253//2253 2264//2264 2263//2263
f 2253//2253 2254//2254 2264//2264
f 2254//2254 2265//2265 2264//2264
f 2254//2254 2255//2255 2265//2265
f 2255//2255 2266//2266 2265//2265
f 2255//2255 2256//2256 2266//2266
f 2256//2256 2267//2267 2266//2266
f 2256//2256 2257//2257 2267//2267
f 2257//2257 2268//2268 2267//2267
f 2257//2257 2258//2258 2268//2268
f 2258//2258 2269//2269 2268//2268
f 2258//2258 2259//2259 2269//2269
f 2259//2259 2270//2270 2269//2269
f 2260//2260 2261//2261 2271//2271
f 2261//2261 2272//2272 2271//2271
f 2261//2261 2262//2262 2272//2272
f 2262//2262 2273//2273 2272//2272
f 2262//2262 2263//2263 2273//2273
f 2263//2263 2274//2274 2273//2273
f 2263//2263 2264//2264 2274//2274
f 2264//2264 2275//2275 2274//2274
f 2264//2264 2265//2265 2275//2275
f 2265//2265 2276//2276 2275//2275
f 2265//2265 2266//2266 2276//2276
f 2266//2266 2277//2277 2276//2276
f 2266//2266 2267//2267 2277//2277
f 2267//2267 2278//2278 2277//2277
f 2267//2267 2268//2268 2278//2278
f 2268//2268 2279//2279 2278//2278
f 2268//2268 2269//2269 2279//2279
f 2269//2269 2280//2280 2279//2279
f 2269//2269 2270//2270 2280//2280
f 2270//2270 2281//2281 2280//2280
f 2271//2271 2272//2272 2282//2282
f 2272//2272 2283//2283 2282//2282
f 2272//2272 2273//2273 2283//2283
f 2273//2273 2284//2284 2283//2283
f 2273//2273 2274//2274 2284//2284
f 2274//2274 2285//2285 2284//2284
f 2274//2274 2275//2275 2285//2285
f 2275//2275 2286//2286 2285//2285
f 2275//2275 2276//2276 2286//2286
f 2276//2276 2287//2287 2286//2286
f 2276//2276 2277//2277 2287//2287
f 2277//2277 2288//2288 2287//2287
f 2277//2277 2278//2278 2288//2288
f 2278//2278 2289//2289 2288//2288
f 2278//2278 2279//2279 2289//2289
f 2279//2279 2290//2290 2289//2289
f 2279//2279 2280//2280 2290//2290
f 2280//2280 2291//2291 2290//2290
f 2280//2280 2281//2281 2291//2291
f 2281//2281 2292//2292 2291//2291
f 2282//2282 2283//2283 2293//2293
f 2283//2283 2294//2294 2293//2293
f 2283//2283 2284//2284 2294//2294
f 2284//2284 2295//2295 2294//2294
f 2284//2284 2285//2285 2295//2295
f 2285//2285 2296//2296 2295//2295
f 2285//2285 2286//2286 2296//2296
f 2286//2286 2297//2297 2296//2296
f 2286//2286 2287//2287 2297//2297
f 2287//2287 2298//2298 2297//2297
f 2287//2287 2288//2288 2298//2298
f 2288//2288 2299//2299 2298//2298
f 2288//2288 2289//2289 2299//2299
f 2289//2289 2300//2300 2299//2299
f 2289//2289 2290//2290 2300//2300
f 2290//2290 2301//2301 2300//2300
f 2290//2290 2291//2291 2301//2301
f 2291//2291 2302//2302 2301//2301
f 2291//2291 2292//2292 2302//2302
f 2292//2292 2303//2303 2302//2302
f 2293//2293 2294//2294 2304//2304
f 2294//2294 2305//2305 2304//2304
f 2294//2294 2295//2295 2305//2305
f 2295//2295 2306//2306 2305//2305
f 2295//2295 2296//2296 2306//2306
f 2296//2296 2307//2307 2306//2306
f 2296//2296 2297//2297 2307//2307
f 2297//2297 2308//2308 2307//2307
f 2297//2297 2298//2298 2308//2308
f 2298//2298 2309//2309 2308//2308
f 2298//2298 2299//2299 2309//2309
f 2299//2299 2310//2310 2309//2309
f 2299//2299 2300//2300 2310//2310
f 2300//2300 2311//2311 2310//2310
f 2300//2300 2301//2301 2311//2311
f 2301//2301 2312//2312 2311//2311
f 2301//2301 2302//2302 2312//2312
f 2302//2302 2313//2313 2312//2312
f 2302//2302 2303//2303 2313//2313
f 2303//2303 2314//2314 2313//2313
f 2304//2304 2305//2305 2315//2315
f 2305//2305 2316//2316 2315//2315
f 2305//2305 2306//2306 2316//2316
f 2306//2306 2317//2317 2316//2316
f 2306//2306 2307//2307 2317//2317
f 2307//2307 2318//2318 2317//2317
f 2307//2307 2308//2308 2318//2318
f 2308//2308 2319//2319 2318//2318
f 2308//2308 2309//2309 2319//2319
f 2309//2309 2320//2320 2319//2319
f 2309//2309 2310//2310 2320//2320
f 2310//2310 2321//2321 2320//2320
f 2310//2310 2311//2311 2321//2321
f 2311//2311 2322//2322 2321//2321
f 2311//2311 2312//2312 2322//2322
f 2312//2312 2323//2323 2322//2322
f 2312//2312 2313//2313 2323//2323
f 2313//2313 2324//2324 2323//2323
f 2313//2313 2314//2314 2324//2324
f 2314//2314 2325//2325 2324//2324
f 2315//2315 2316//2316 2326//2326
f 2316//2316 2327//2327 2326//2326
f 2316//2316 2317//2317 2327//2327
f 2317//2317 2328//2328 2327//2327
f 2317//2317 2318//2318 2328//2328
f 2318//2318 2329//2329 2328//2328
f 2318//2318 2319//2319 2329//2329
f 2319//2319 2330//2330 2329//2329
f 2319//2319 2320//2320 2330//2330
f 2320//2320 2331//2331 2330//2330
f 2320//2320 2321//2321 2331//2331
f 2321//2321 2332//2332 2331//2331
f 2321//2321 2322//2322 2332//2332
f 2322//2322 2333//2333 2332//2332
f 2322//2322 2323//2323 2333//2333
f 2323//2323 2334//2334 2333//2333
f 2323//2323 2324//2324 2334//2334
f 2324//2324 2335//2335 2334//2334
f 2324//2324 2325//2325 2335//2335
f 2325//2325 2336//2336 2335//2335
f 2326//2326 2327//2327 2337//2337
f 2327//2327 2338//2338 2337//2337
f 2327//2327 2328//2328 2338//2338
f 2328//2328 2339//2339 2338//2338
f 2328//2328 2329//2329 2339//2339
f 2329//2329 2340//2340 2339//2339
f 2329//2329 2330//2330 2340//2340
f 2330//2330 2341//2341 2340//2340
f 2330//2330 2331//2331 2341//2341
f 2331//2331 2342//2342 2341//2341
f 2331//2331 2332//2332 2342//2342
f 2332//2332 2343//2343 2342//2342
f 2332//2332 2333//2333 2343//2343
f 2333//2333 2344//2344 2343//2343
f 2333//2333 2334//2334 2344//2344
f 2334//2334 2345//2345 2344//2344
f 2334//2334 2335//2335 2345//2345
f 2335//2335 2346//2346 2345//2345
f 2335//2335 2336//2336 2346//2346
f 2336//2336 2347//2347 2346//2346
f 2337//2337 2338//2338 2348//2348
f 2338//2338 2349//2349 2348//2348
f 2338//2338 2339//2339 2349//2349
f 2339//2339 2350//2350 2349//2349
f 2339//2339 2340//2340 2350//2350
f 2340//2340 2351//2351 2350//2350
f 2340//2340 2341//2341 2351//2351
f 2341//2341 2352//2352 2351//2351
f 2341//2341 2342//2342 2352//2352
f 2342//2342 2353//2353 2352//2352
f 2342//2342 2343//2343 2353//2353
f 2343//2343 2354//2354 2353//2353
f 2343//2343 2344//2344 2354//2354
f 2344//2344 2355//2355 2354//2354
f 2344//2344 2345//2345 2355//2355
f 2345//2345 2356//2356 2355//2355
f 2345//2345 2346//2346 2356//2356
f 2346//2346 2357//2357 2356//2356
f 2346//2346 2347//2347 2357//2357
f 2347//2347 2358//2358 2357//2357
f 2348//2348 2349//2349 2359//2359
f 2349//2349 2360//2360 2359//2359
f 2349//2349 2350//2350 2360//2360
f 2350//2350 2361//2361 2360//2360
f 2350//2350 2351//2351 2361//2361
f 2351//2351 2362//2362 2361//2361
f 2351//2351 2352//2352 2362//2362
f 2352//2352 2363//2363 2362//2362
f 2352//2352 2353//2353 2363//2363
f 2353//2353 2364//2364 2363//2363
f 2353//2353 2354//2354 2364//2364
f 2354//2354 2365//2365 2364//2364
f 2354//2354 2355//2355 2365//2365
f 2355//2355 2366//2366 2365//2365
f 2355//2355 2356//2356 2366//2366
f 2356//2356 2367//2367 2366//2366
f 2356//2356 2357//2357 2367//2367
f 2357//2357 2368//2368 2367//2367
f 2357//2357 2358//2358 2368//2368
f 2358//2358 2369//2369 2368//2368
f 2359//2359 2360//2360 2370//2370
f 2360//2360 2371//2371 2370//2370
f 2360//2360 2361//2361 2371//2371
f 2361//2361 2372//2372 2371//2371
f 2361//2361 2362//2362 2372//2372
f 2362//2362 2373//2373 2372//2372
f 2362//2362 2363//2363 2373//2373
f 2363//2363 2374//2374 2373//2373
f 2363//2363 2364//2364 2374//2374
f 2364//2364 2375//2375 2374//2374
f 2364//2364 2365//2365 2375//2375
f 2365//2365 2376//2376 2375//2375
f 2365//2365 2366//2366 2376//2376
f 2366//2366 2377//2377 2376//2376
f 2366//2366 2367//2367 2377//2377
f 2367//2367 2378//2378 2377//2377
f 2367//2367 2368//2368 2378//2378
f 2368//2368 2379//2379 2378//2378
f 2368//2368 2369//2369 2379//2379
f 2369//2369 2380//2380 2379//2379
f 2370//2370 2371//2371 2381//2381
f 2371//2371 2382//2382 2381//2381
f 2371//2371 2372//2372 2382//2382
f 2372//2372 2383//2383 2382//2382
f 2372//2372 2373//2373 2383//2383
f 2373//2373 2384//2384 2383//2383
f 2373//2373 2374//2374 2384//2384
f 2374//2374 2385//2385 2384//2384
f 2374//2374 2375//2375 2385//2385
f 2375//2375 2386//2386 2385//2385
f 2375//2375 2376//2376 2386//2386
f 2376//2376 2387//2387 2386//2386
f 2376//2376 2377//2377 2387//2387
f 2377//2377 2388//2388 2387//2387
f 2377//2377 2378//2378 2388//2388
f 2378//2378 2389//2389 2388//2388
f 2378//2378 2379//2379 2389//2389
f 2379//2379 2390//2390 2389//2389
f 2379//2379 2380//2380 2390//2390
f 2380//2380 2391//2391 2390//2390
f 2381//2381 2382//2382 2392//2392
f 2382//2382 2393//2393 2392//2392
f 2382//2382 2383//2383 2393//2393
f 2383//2383 2394//2394 2393//2393
f 2383//2383 2384//2384 2394//2394
f 2384//2384 2395//2395 2394//2394
f 2384//2384 2385//2385 2395//2395
f 2385//2385 2396//2396 2395//2395
f 2385//2385 2386//2386 2396//2396
f 2386//2386 2397//2397 2396//2396
f 2386//2386 2387//2387 2397//2397
f 2387//2387 2398//2398 2397//2397
f 2387//2387 2388//2388 2398//2398
f 2388//2388 2399//2399 2398//2398
f 2388//2388 2389//2389 2399//2399
f 2389//2389 2400//2400 2399//2399
f 2389//2389 2390//2390 2400//2400
f 2390//2390 2401//2401 2400//2400
f 2390//2390 2391//2391 2401//2401
f 2391//2391 2402//2402 2401//2401
f 2392//2392 2393//2393 2403//2403
f 2393//2393 2404//2404 2403//2403
f 2393//2393 2394//2394 2404//2404
f 2394//2394 2405//2405 2404//2404
f 2394//2394 2395//2395 2405//2405
f 2395//2395 2406//2406 2405//2405
f 2395//2395 2396//2396 2406//2406
f 2396//2396 2407//2407 2406//2406
f 2396//2396 2397//2397 2407//2407
f 2397//2397 2408//2408 2407//2407
f 2397//2397 2398//2398 2408//2408
f 2398//2398 2409//2409 2408//2408
f 2398//2398 2399//2399 2409//2409
f 2399//2399 2410//2410 2409//2409
f 2399//2399 2400//2400 2410//2410
f 2400//2400 2411//2411 2410//2410
f 2400//2400 2401//2401 2411//2411
f 2401//2401 2412//2412 2411//2411
f 2401//2401 2402//2402 2412//2412
f 2402//2402 2413//2413 2412//2412
f 2403//2403 2404//2404 2414//2414
f 2404//2404 2415//2415 2414//2414
f 2404//2404 2405//2405 2415//2415
f 2405//2405 2416//2416 2415//2415
f 2405//2405 2406//2406 2416//2416
f 2406//2406 2417//2417 2416//2416
f 2406//2406 2407//2407 2417//2417
f 2407//2407 2418//2418 2417//2417
f 2407//2407 2408//2408 2418//2418
f 2408//2408 2419//2419 2418//2418
f 2408//2408 2409//2409 2419//2419
f 2409//2409 2420//2420 2419//2419
f 2409//2409 2410//2410 2420//2420
f 2410//2410 2421//2421 2420//2420
f 2410//2410 2411//2411 2421//2421
f 2411//2411 2422//2422 2421//2421
f 2411//2411 2412//2412 2422//2422
f 2412//2412 2423//2423 2422//2422
f 2412//2412 2413//2413 2423//2423
f 2413//2413 2424//2424 2423//2423
f 2414//2414 2415//2415 2425//2425
f 2415//2415 2426//2426 2425//2425
f 2415//2415 2416//2416 2426//2426
f 2416//2416 2427//2427 2426//2426
f 2416//2416 2417//2417 2427//2427
f 2417//2417 2428//2428 2427//2427
f 2417//2417 2418//2418 2428//2428
f 2418//2418 2429//2429 2428//2428
f 2418//2418 2419//2419 2429//2429
f 2419//2419 2430//2430 2429//2429
f 2419//2419 2420//2420 2430//2430
f 2420//2420 2431//2431 2430//2430
f 2420//2420 2421//2421 2431//2431
f 2421//2421 2432//2432 2431//2431
f 2421//2421 2422//2422 2432//2432
f 2422//2422 2433//2433 2432//2432
f 2422//2422 2423//2423 2433//2433
f 2423//2423 2434//2434 2433//2433
f 2423//2423 2424//2424 2434//2434
f 2424//2424 2435//2435 2434//2434
f 2425//2425 2426//2426 2436//2436
f 2426//2426 2437//2437 2436//2436
f 2426//2426 2427//2427 2437//2437
f 2427//2427 2438//2438 2437//2437
f 2427//2427 2428//2428 2438//2438
f 2428//2428 2439//2439 2438//2438
f 2428//2428 2429//2429 2439//2439
f 2429//2429 2440//2440 2439//2439
f 2429//2429 2430//2430 2440//2440
f 2430//2430 2441//2441 2440//2440
f 2430//2430 2431//2431 2441//2441
f 2431//2431 2442//2442 2441//2441
f 2431//2431 2432//2432 2442//2442
f 2432//2432 2443//2443 2442//2442
f 2432//2432 2433//2433 2443//2443
f 2433//2433 2444//2444 2443//2443
f 2433//2433 2434//2434 2444//2444
f 2434//2434 2445//2445 2444//2444
f 2434//2434 2435//2435 2445//2445
f 2435//2435 2446//2446 2445//2445
f 2447//2447 2448//2448 2458//2458
f 2448//2448 2459//2459 2458//2458
f 2448//2448 2449//2449 2459//2459
f 2449//2449 2460//2460 2459//2459
f 2449//2449 2450//2450 2460//2460
f 2450//2450 2461//2461 2460//2460
f 2450//2450 2451//2451 2461//2461
f 2451//2451 2462//2462 2461//2461
f 2451//2451 2452//2452 2462//2462
f 2452//2452 2463//2463 2462//2462
f 2452//2452 2453//2453 2463//2463
f 2453//2453 2464//2464 2463//2463
f 2453//2453 2454//2454 2464//2464
f 2454//2454 2465//2465 2464//2464
f 2454//2454 2455//2455 2465//2465
f 2455//2455 2466//2466 2465//2465
f 2455//2455 2456//2456 2466//2466
f 2456//2456 2467//2467 2466//2466
f 2456//2456 2457//2457 2467//2467
f 2457//2457 2468//2468 2467//2467
f 2458//2458 2459//2459 2469//2469
f 2459//2459 2470//2470 2469//2469
f 2459//2459 2460//2460 2470//2470
f 2460//2460 2471//2471 2470//2470
f 2460//2460 2461//2461 2471//2471
f 2461//2461 2472//2472 2471//2471
f 2461//2461 2462//2462 2472//2472
f 2462//2462 2473//2473 2472//2472
f 2462//2462 2463//2463 2473//2473
f 2463//2463 2474//2474 2473//2473
f 2463//2463 2464//2464 2474//2474
f 2464//2464 2475//2475 2474//2474
f 2464//2464 2465//2465 2475//2475
f 2465//2465 2476//2476 2475//2475
f 2465//2465 2466//2466 2476//2476
f 2466//2466 2477//2477 2476//2476
f 2466//2466 2467//2467 2477//2477
f 2467//2467 2478//2478 2477//2477
f 2467//2467 2468//2468 2478//2478
f 2468//2468 2479//2479 2478//2478
f 2469//2469 2470//2470 2480//2480
f 2470//2470 2481//2481 2480//2480
f 2470//2470 2471//2471 2481//2481
f 2471//2471 2482//2482 2481//2481
f 2471//2471 2472//2472 2482//2482
f 2472//2472 2483//2483 2482//2482
f 2472//2472 2473//2473 2483//2483
f 2473//2473 2484//2484 2483//2483
f 2473//2473 2474//2474 2484//2484
f 2474//2474 2485//2485 2484//2484
f 2474//2474 2475//2475 2485//2485
f 2475//2475 2486//2486 2485//2485
f 2475//2475 2476//2476 2486//2486
f 2476//2476 2487//2487 2486//2486
f 2476//2476 2477//2477 2487//2487
f 2477//2477 2488//2488 2487//2487
f 2477//2477 2478//2478 2488//2488
f 2478//2478 2489//2489 2488//2488
f 2478//2478 2479//2479 2489//2489
f 2479//2479 2490//2490 2489//2489
f 2480//2480 2481//2481 2491//2491
f 2481//2481 2492//2492 2491//2491
f 2481//2481 2482//2482 2492//2492
f 2482//2482 2493//2493 2492//2492
f 2482//2482 2483//2483 2493//2493
f 2483//2483 2494//2494 2493//2493
f 2483//2483 2484//2484 2494//2494
f 2484//2484 2495//2495 2494//2494
f 2484//2484 2485//2485 2495//2495
f 2485//2485 2496//2496 2495//2495
f 2485//2485 2486//2486 2496//2496
f 2486//2486 2497//2497 2496//2496
f 2486//2486 2487//2487 2497//2497
f 2487//2487 2498//2498 2497//2497
f 2487//2487 2488//2488 2498//2498
f 2488//2488 2499//2499 2498//2498
f 2488//2488 2489//2489 2499//2499
f 2489//2489 2500//2500 2499//2499
f 2489//2489 2490//2490 2500//2500
f 2490//2490 2501//2501 2500//2500
f 2491//2491 2492//2492 2502//2502
f 2492//2492 2503//2503 2502//2502
f 2492//2492 2493//2493 2503//2503
f 2493//2493 2504//2504 2503//2503
f 2493//2493 2494//2494 2504//2504
f 2494//2494 2505//2505 2504//2504
f 2494//2494 2495//2495 2505//2505
f 2495//2495 2506//2506 2505//2505
f 2495//2495 2496//2496 2506//2506
f 2496//2496 2507//2507 2506//2506
f 2496//2496 2497//2497 2507//2507
f 2497//2497 2508//2508 2507//2507
f 2497//2497 2498//2498 2508//2508
f 2498//2498 2509//2509 2508//2508
f 2498//2498 2499//2499 2509//2509
f 2499//2499 2510//2510 2509//2509
f 2499//2499 2500//2500 2510//2510
f 2500//2500 2511//2511 2510//2510
f 2500//2500 2501//2501 2511//2511
f 2501//2501 2512//2512 2511//2511
f 2502//2502 2503//2503 2513//2513
f 2503//2503 2514//2514 2513//2513
f 2503//2503 2504//2504 2514//2514
f 2504//2504 2515//2515 2514//2514
f 2504//2504 2505//2505 2515//2515
f 2505//2505 2516//2516 2515//2515
f 2505//2505 2506//2506 2516//2516
f 2506//2506 2517//2517 2516//2516
f 2506//2506 2507//2507 2517//2517
f 2507//2507 2518//2518 2517//2517
f 2507//2507 2508//2508 2518//2518
f 2508//2508 2519//2519 2518//2518
f 2508//2508 2509//2509 2519//2519
f 2509//2509 2520//2520 2519//2519
f 2509//2509 2510//2510 2520//2520
f 2510//2510 2521//2521 2520//2520
f 2510//2510 2511//2511 2521//2521
f 2511//2511 2522//2522 2521//2521
f 2511//2511 2512//2512 2522//2522
f 2512//2512 2523//2523 2522//2522
f 2513//2513 2514//2514 2524//2524
f 2514//2514 2525//2525 2524//2524
f 2514//2514 2515//2515 2525//2525
f 2515//2515 2526//2526 2525//2525
f 2515//2515 2516//2516 2526//2526
f 2516//2516 2527//2527 2526//2526
f 2516//2516 2517//2517 2527//2527
f 2517//2517 2528//2528 2527//2527
f 2517//2517 2518//2518 2528//2528
f 2518//2518 2529//2529 2528//2528
f 2518//2518 2519//2519 2529//2529
f 2519//2519 2530//2530 2529//2529
f 2519//2519 2520//2520 2530//2530
f 2520//2520 2531//2531 2530//2530
f 2520//2520 2521//2521 2531//2531
f 2521//2521 2532//2532 2531//2531
f 2521//2521 2522//2522 2532//2532
f 2522//2522 2533//2533 2532//2532
f 2522//2522 2523//2523 2533//2533
f 2523//2523 2534//2534 2533//2533
f 2524//2524 2525//2525 2535//2535
f 2525//2525 2536//2536 2535//2535
f 2525//2525 2526//2526 2536//2536
f 2526//2526 2537//2537 2536//2536
f 2526//2526 2527//2527 2537//2537
f 2527//2527 2538//2538 2537//2537
f 2527//2527 2528//2528 2538//2538
f 2528//2528 2539//2539 2538//2538
f 2528//2528 2529//2529 2539//2539
f 2529//2529 2540//2540 2539//2539
f 2529//2529 2530//2530 2540//2540
f 2530//2530 2541//2541 2540//2540
f 2530//2530 2531//2531 2541//2541
f 2531//2531 2542//2542 2541//2541
f 2531//2531 2532//2532 2542//2542
f 2532//2532 2543//2543 2542//2542
f 2532//2532 2533//2533 2543//2543
f 2533//2533 2544//2544 2543//2543
f 2533//2533 2534//2534 2544//2544
f 2534//2534 2545//2545 2544//2544
f 2535//2535 2536//2536 2546//2546
f 2536//2536 2547//2547 2546//2546
f 2536//2536 2537//2537 2547//2547
f 2537//2537 2548//2548 2547//2547
f 2537//2537 2538//2538 2548//2548
f 2538//2538 2549//2549 2548//2548
f 2538//2538 2539//2539 2549//2549
f 2539//2539 2550//2550 2549//2549
f 2539//2539 2540//2540 2550//2550
f 2540//2540 2551//2551 2550//2550
f 2540//2540 2541//2541 2551//2551
f 2541//2541 2552//2552 2551//2551
f 2541//2541 2542//2542 2552//2552
f 2542//2542 2553//2553 2552//2552
f 2542//2542 2543//2543 2553//2553
f 2543//2543 2554//2554 2553//2553
f 2543//2543 2544//2544 2554//2554
f 2544//2544 2555//2555 2554//2554
f 2544//2544 2545//2545 2555//2555
f 2545//2545 2556//2556 2555//2555
f 2546//2546 2547//2547 2557//2557
f 2547//2547 2558//2558 2557//2557
f 2547//2547 2548//2548 2558//2558
f 2548//2548 2559//2559 2558//2558
f 2548//2548 2549//2549 2559//2559
f 2549//2549 2560//2560 2559//2559
f 2549//2549 2550//2550 2560//2560
f 2550//2550 2561//2561 2560//2560
f 2550//2550 2551//2551 2561//2561
f 2551//2551 2562//2562 2561//2561
f 2551//2551 2552//2552 2562//2562
f 2552//2552 2563//2563 2562//2562
f 2552//2552 2553//2553 2563//2563
f 2553//2553 2564//2564 2563//2563
f 2553//2553 2554//2554 2564//2564
f 2554//2554 2565//2565 2564//2564
f 2554//2554 2555//2555 2565//2565
f 2555//2555 2566//2566 2565//2565
f 2555//2555 2556//2556 2566//2566
f 2556//2556 2567//2567 2566//2566
f 2557//2557 2558//2558 2568//2568
f 2558//2558 2569//2569 2568//2568
f 2558//2558 2559//2559 2569//2569
f 2559//2559 2570//2570 2569//2569
f 2559//2559 2560//2560 2570//2570
f 2560//2560 2571//2571 2570//2570
f 2560//2560 2561//2561 2571//2571
f 2561//2561 2572//2572 2571//2571
f 2561//2561 2562//2562 2572//2572
f 2562//2562 2573//2573 2572//2572
f 2562//2562 2563//2563 2573//2573
f 2563//2563 2574//2574 2573//2573
f 2563//2563 2564//2564 2574//2574
f 2564//2564 2575//2575 2574//2574
f 2564//2564 2565//2565 2575//2575
f 2565//2565 2576//2576 2575//2575
f 2565//2565 2566//2566 2576//2576
f 2566//2566 2577//2577 2576//2576
f 2566//2566 2567//2567 2577//2577
f 2567//2567 2578//2578 2577//2577
f 2568//2568 2569//2569 2579//2579
f 2569//2569 2580//2580 2579//2579
f 2569//2569 2570//2570 2580//2580
f 2570//2570 2581//2581 2580//2580
f 2570//2570 2571//2571 2581//2581
f 2571//2571 2582//2582 2581//2581
f 2571//2571 2572//2572 2582//2582
f 2572//2572 2583//2583 2582//2582
f 2572//2572 2573//2573 2583//2583
f 2573//2573 2584//2584 2583//2583
f 2573//2573 2574//2574 2584//2584
f 2574//2574 2585//2585 2584//2584
f 2574//2574 2575//2575 2585//2585
f 2575//2575 2586//2586 2585//2585
f 2575//2575 2576//2576 2586//2586
f 2576//2576 2587//2587 2586//2586
f 2576//2576 2577//2577 2587//2587
f 2577//2577 2588//2588 2587//2587
f 2577//2577 2578//2578 2588//2588
f 2578//2578 2589//2589 2588//2588
f 2579//2579 2580//2580 2590//2590
f 2580//2580 2591//2591 2590//2590
f 2580//2580 2581//2581 2591//2591
f 2581//2581 2592//2592 2591//2591
f 2581//2581 2582//2582 2592//2592
f 2582//2582 2593//2593 2592//2592
f 2582//2582 2583//2583 2593//2593
f 2583//2583 2594//2594 2593//2593
f 2583//2583 2584//2584 2594//2594
f 2584//2584 2595//2595 2594//2594
f 2584//2584 2585//2585 2595//2595
f 2585//2585 2596//2596 2595//2595
f 2585//2585 2586//2586 2596//2596
f 2586//2586 2597//2597 2596//2596
f 2586//2586 2587//2587 2597//2597
f 2587//2587 2598//2598 2597//2597
f 2587//2587 2588//2588 2598//2598
f 2588//2588 2599//2599 2598//2598
f 2588//2588 2589//2589 2599//2599
f 2589//2589 2600//2600 2599//2599
f 2590//2590 2591//2591 2601//2601
f 2591//2591 2602//2602 2601//2601
f 2591//2591 2592//2592 2602//2602
f 2592//2592 2603//2603 2602//2602
f 2592//2592 2593//2593 2603//2603
f 2593//2593 2604//2604 2603//2603
f 2593//2593 2594//2594 2604//2604
f 2594//2594 2605//2605 2604//2604
f 2594//2594 2595//2595 2605//2605
f 2595//2595 2606//2606 2605//2605
f 2595//2595 2596//2596 2606//2606
f 2596//2596 2607//2607 2606//2606
f 2596//2596 2597//2597 2607//2607
f 2597//2597 2608//2608 2607//2607
f 2597//2597 2598//2598 2608//2608
f 2598//2598 2609//2609 2608//2608
f 2598//2598 2599//2599 2609//2609
f 2599//2599 2610//2610 2609//2609
f 2599//2599 2600//2600 2610//2610
f 2600//2600 2611//2611 2610//2610
f 2601//2601 2602//2602 2612//2612
f 2602//2602 2613//2613 2612//2612
f 2602//2602 2603//2603 2613//2613
f 2603//2603 2614//2614 2613//2613
f 2603//2603 2604//2604 2614//2614
f 2604//2604 2615//2615 2614//2614
f 2604//2604 2605//2605 2615//2615
f 2605//2605 2616//2616 2615//2615
f 2605//2605 2606//2606 2616//2616
f 2606//2606 2617//2617 2616//2616
f 2606//2606 2607//2607 2617//2617
f 2607//2607 2618//2618 2617//2617
f 2607//2607 2608//2608 2618//2618
f 2608//2608 2619//2619 2618//2618
f 2608//2608 2609//2609 2619//2619
f 2609//2609 2620//2620 2619//2619
f 2609//2609 2610//2610 2620//2620
f 2610//2610 2621//2621 2620//2620
f 2610//2610 2611//2611 2621//2621
f 2611//2611 2622//2622 2621//2621
f 2612//2612 2613//2613 2623//2623
f 2613//2613 2624//2624 2623//2623
f 2613//2613 2614//2614 2624//2624
f 2614//2614 2625//2625 2624//2624
f 2614//2614 2615//2615 2625//2625
f 2615//2615 2626//2626 2625//2625
f 2615//2615 2616//2616 2626//2626
f 2616//2616 2627//2627 2626//2626
f 2616//2616 2617//2617 2627//2627
f 2617//2617 2628//2628 2627//2627
f 2617//2617 2618//2618 2628//2628
f 2618//2618 2629//2629 2628//2628
f 2618//2618 2619//2619 2629//2629
f 2619//2619 2630//2630 2629//2629
f 2619//2619 2620//2620 2630//2630
f 2620//2620 2631//2631 2630//2630
f 2620//2620 2621//2621 2631//2631
f 2621//2621 2632//2632 2631//2631
f 2621//2621 2622//2622 2632//2632
f 2622//2622 2633//2633 2632//2632
f 2623//2623 2624//2624 2634//2634
f 2624//2624 2635//2635 2634//2634
f 2624//2624 2625//2625 2635//2635
f 2625//2625 2636//2636 2635//2635
f 2625//2625 2626//2626 2636//2636
f 2626//2626 2637//2637 2636//2636
f 2626//2626 2627//2627 2637//2637
f 2627//2627 2638//2638 2637//2637
f 2627//2627 2628//2628 2638//2638
f 2628//2628 2639//2639 2638//2638
f 2628//2628 2629//2629 2639//2639
f 2629//2629 2640//2640 2639//2639
f 2629//2629 2630//2630 2640//2640
f 2630//2630 2641//2641 2640//2640
f 2630//2630 2631//2631 2641//2641
f 2631//2631 2642//2642 2641//2641
f 2631//2631 2632//2632 2642//2642
f 2632//2632 2643//2643 2642//2642
f 2632//2632 2633//2633 2643//2643
f 2633//2633 2644//2644 2643//2643
f 2634//2634 2635//2635 2645//2645
f 2635//2635 2646//2646 2645//2645
f 2635//2635 2636//2636 2646//2646
f 2636//2636 2647//2647 2646//2646
f 2636//2636 2637//2637 2647//2647
f 2637//2637 2648//2648 2647//2647
f 2637//2637 2638//2638 2648//2648
f 2638//2638 2649//2649 2648//2648
f 2638//2638 2639//2639 2649//2649
f 2639//2639 2650//2650 2649//2649
f 2639//2639 2640//2640 2650//2650
f 2640//2640 2651//2651 2650//2650
f 2640//2640 2641//2641 2651//2651
f 2641//2641 2652//2652 2651//2651
f 2641//2641 2642//2642 2652//2652
f 2642//2642 2653//2653 2652//2652
f 2642//2642 2643//2643 2653//2653
f 2643//2643 2654//2654 2653//2653
f 2643//2643 2644//2644 2654//2654
f 2644//2644 2655//2655 2654//2654
f 2645//2645 2646//2646 2656//2656
f 2646//2646 2657//2657 2656//2656
f 2646//2646 2647//2647 2657//2657
f 2647//2647 2658//2658 2657//2657
f 2647//2647 2648//2648 2658//2658
f 2648//2648 2659//2659 2658//2658
f 2648//2648 2649//2649 2659//2659
f 2649//2649 2660//2660 2659//2659
f 2649//2649 2650//2650 2660//2660
f 2650//2650 2661//2661 2660//2660
f 2650//2650 2651//2651 2661//2661
f 2651//2651 2662//2662 2661//2661
f 2651//2651 2652//2652 2662//2662
f 2652//2652 2663//2663 2662//2662
f 2652//2652 2653//2653 2663//2663
f 2653//2653 2664//2664 2663//2663
f 2653//2653 2654//2654 2664//2664
f 2654//2654 2665//2665 2664//2664
f 2654//2654 2655//2655 2665//2665
f 2655//2655 2666//2666 2665//2665
f 2656//2656 2657//2657 2667//2667
f 2657//2657 2668//2668 2667//2667
f 2657//2657 2658//2658 2668//2668
f 2658//2658 2669//2669 2668//2668
f 2658//2658 2659//2659 2669//2669
f 2659//2659 2670//2670 2669//2669
f 2659//2659 2660//2660 2670//2670
f 2660//2660 2671//2671 2670//2670
f 2660//2660 2661//2661 2671//2671
f 2661//2661 2672//2672 2671//2671
f 2661//2661 2662//2662 2672//2672
f 2662//2662 2673//2673 2672//2672
f 2662//2662 2663//2663 2673//2673
f 2663//2663 2674//2674 2673//2673
f 2663//2663 2664//2664 2674//2674
f 2664//2664 2675//2675 2674//2674
f 2664//2664 2665//2665 2675//2675
f 2665//2665 2676//2676 2675//2675
f 2665//2665 2666//2666 2676//2676
f 2666//2666 2677//2677 2676//2676
f 2667//2667 2668//2668 2678//2678
f 2668//2668 2679//2679 2678//2678
f 2668//2668 2669//2669 2679//2679
f 2669//2669 2680//2680 2679//2679
f 2669//2669 2670//2670 2680//2680
f 2670//2670 2681//2681 2680//2680
f 2670//2670 2671//2671 2681//2681
f 2671//2671 2682//2682 2681//2681
f 2671//2671 2672//2672 2682//2682
f 2672//2672 2683//2683 2682//2682
f 2672//2672 2673//2673 2683//2683
f 2673//2673 2684//2684 2683//2683
f 2673//2673 2674//2674 2684//2684
f 2674//2674 2685//2685 2684//2684
f 2674//2674 2675//2675 2685//2685
f 2675//2675 2686//2686 2685//2685
f 2675//2675 2676//2676 2686//2686
f 2676//2676 2687//2687 2686//2686
f 2676//2676 2677//2677 2687//2687
f 2677//2677 2688//2688 2687//2687
f 2678//2678 2679//2679 2689//2689
f 2679//2679 2690//2690 2689//2689
f 2679//2679 2680//2680 2690//2690
f 2680//2680 2691//2691 2690//2690
f 2680//2680 2681//2681 2691//2691
f 2681//2681 2692//2692 2691//2691
f 2681//2681 2682//2682 2692//2692
f 2682//2682 2693//2693 2692//2692
f 2682//2682 2683//2683 2693//2693
f 2683//2683 2694//2694 2693//2693
f 2683//2683 2684//2684 2694//2694
f 2684//2684 2695//2695 2694//2694
f 2684//2684 2685//2685 2695//2695
f 2685//2685 2696//2696 2695//2695
f 2685//2685 2686//2686 2696//2696
f 2686//2686 2697//2697 2696//2696
f 2686//2686 2687//2687 2697//2697
f 2687//2687 2698//2698 2697//2697
f 2687//2687 2688//2688 2698//2698
f 2688//2688 2699//2699 2698//2698
f 2689//2689 2690//2690 2700//2700
f 2690//2690 2701//2701 2700//2700
f 2690//2690 2691//2691 2701//2701
f 2691//2691 2702//2702 2701//2701
f 2691//2691 2692//2692 2702//2702
f 2692//2692 2703//2703 2702//2702
f 2692//2692 2693//2693 2703//2703
f 2693//2693 2704//2704 2703//2703
f 2693//2693 2694//2694 2704//2704
f 2694//2694 2705//2705 2704//2704
f 2694//2694 2695//2695 2705//2705
f 2695//2695 2706//2706 2705//2705
f 2695//2695 2696//2696 2706//2706
f 2696//2696 2707//2707 2706//2706
f 2696//2696 2697//2697 2707//2707
f 2697//2697 2708//2708 2707//2707
f 2697//2697 2698//2698 2708//2708
f 2698//2698 2709//2709 2708//2708
f 2698//2698 2699//2699 2709//2709
f 2699//2699 2710//2710 2709//2709
f 2700//2700 2701//2701 2711//2711
f 2701//2701 2712//2712 2711//2711
f 2701//2701 2702//2702 2712//2712
f 2702//2702 2713//2713 2712//2712
f 2702//2702 2703//2703 2713//2713
f 2703//2703 2714//2714 2713//2713
f 2703//2703 2704//2704 2714//2714
f 2704//2704 2715//2715 2714//2714
f 2704//2704 2705//2705 2715//2715
f 2705//2705 2716//2716 2715//2715
f 2705//2705 2706//2706 2716//2716
f 2706//2706 2717//2717 2716//2716
f 2706//2706 2707//2707 2717//2717
f 2707//2707 2718//2718 2717//2717
f 2707//2707 2708//2708 2718//2718
f 2708//2708 2719//2719 2718//2718
f 2708//2708 2709//2709 2719//2719
f 2709//2709 2720//2720 2719//2719
f 2709//2709 2710//2710 2720//2720
f 2710//2710 2721//2721 2720//2720
f 2711//2711 2712//2712 2722//2722
f 2712//2712 2723//2723 2722//2722
f 2712//2712 2713//2713 2723//2723
f 2713//2713 2724//2724 2723//2723
f 2713//2713 2714//2714 2724//2724
f 2714//2714 2725//2725 2724//2724
f 2714//2714 2715//2715 2725//2725
f 2715//2715 2726//2726 2725//2725
f 2715//2715 2716//2716 2726//2726
f 2716//2716 2727//2727 2726//2726
f 2716//2716 2717//2717 2727//2727
f 2717//2717 2728//2728 2727//2727
f 2717//2717 2718//2718 2728//2728
f 2718//2718 2729//2729 2728//2728
f 2718//2718 2719//2719 2729//2729
f 2719//2719 2730//2730 2729//2729
f 2719//2719 2720//2720 2730//2730
f 2720//2720 2731//2731 2730//2730
f 2720//2720 2721//2721 2731//2731
f 2721//2721 2732//2732 2731//2731
f 2722//2722 2723//2723 2733//2733
f 2723//2723 2734//2734 2733//2733
f 2723//2723 2724//2724 2734//2734
f 2724//2724 2735//2735 2734//2734
f 2724//2724 2725//2725 2735//2735
f 2725//2725 2736//2736 2735//2735
f 2725//2725 2726//2726 2736//2736
f 2726//2726 2737//2737 2736//2736
f 2726//2726 2727//2727 2737//2737
f 2727//2727 2738//2738 2737//2737
f 2727//2727 2728//2728 2738//2738
f 2728//2728 2739//2739 2738//2738
f 2728//2728 2729//2729 2739//2739
f 2729//2729 2740//2740 2739//2739
f 2729//2729 2730//2730 2740//2740
f 2730//2730 2741//2741 2740//2740
f 2730//2730 2731//2731 2741//2741
f 2731//2731 2742//2742 2741//2741
f 2731//2731 2732//2732 2742//2742
f 2732//2732 2743//2743 2742//2742
f 2733//2733 2734//2734 2744//2744
f 2734//2734 2745//2745 2744//2744
f 2734//2734 2735//2735 2745//2745
f 2735//2735 2746//2746 2745//2745
f 2735//2735 2736//2736 2746//2746
f 2736//2736 2747//2747 2746//2746
f 2736//2736 2737//2737 2747//2747
f 2737//2737 2748//2748 2747//2747
f 2737//2737 2738//2738 2748//2748
f 2738//2738 2749//2749 2748//2748
f 2738//2738 2739//2739 2749//2749
f 2739//2739 2750//2750 2749//2749
f 2739//2739 2740//2740 2750//2750
f 2740//2740 2751//2751 2750//2750
f 2740//2740 2741//2741 2751//2751
f 2741//2741 2752//2752 2751//2751
f 2741//2741 2742//2742 2752//2752
f 2742//2742 2753//2753 2752//2752
f 2742//2742 2743//2743 2753//2753
f 2743//2743 2754//2754 2753//2753
f 2744//2744 2745//2745 2755//2755
f 2745//2745 2756//2756 2755//2755
f 2745//2745 2746//2746 2756//2756
f 2746//2746 2757//2757 2756//2756
f 2746//2746 2747//2747 2757//2757
f 2747//2747 2758//2758 2757//2757
f 2747//2747 2748//2748 2758//2758
f 2748//2748 2759//2759 2758//2758
f 2748//2748 2749//2749 2759//2759
f 2749//2749 2760//2760 2759//2759
f 2749//2749 2750//2750 2760//2760
f 2750//2750 2761//2761 2760//2760
f 2750//2750 2751//2751 2761//2761
f 2751//2751 2762//2762 2761//2761
f 2751//2751 2752//2752 2762//2762
f 2752//2752 2763//2763 2762//2762
f 2752//2752 2753//2753 2763//2763
f 2753//2753 2764//2764 2763//2763
f 2753//2753 2754//2754 2764//2764
f 2754//2754 2765//2765 2764//2764
f 2755//2755 2756//2756 2766//2766
f 2756//2756 2767//2767 2766//2766
f 2756//2756 2757//2757 2767//2767
f 2757//2757 2768//2768 2767//2767
f 2757//2757 2758//2758 2768//2768
f 2758//2758 2769//2769 2768//2768
f 2758//2758 2759//2759 2769//2769
f 2759//2759 2770//2770 2769//2769
f 2759//2759 2760//2760 2770//2770
f 2760//2760 2771//2771 2770//2770
f 2760//2760 2761//2761 2771//2771
f 2761//2761 2772//2772 2771//2771
f 2761//2761 2762//2762 2772//2772
f 2762//2762 2773//2773 2772//2772
f 2762//2762 2763//2763 2773//2773
f 2763//2763 2774//2774 2773//2773
f 2763//2763 2764//2764 2774//2774
f 2764//2764 2775//2775 2774//2774
f 2764//2764 2765//2765 2775//2775
f 2765//2765 2776//2776 2775//2775
f 2766//2766 2767//2767 2777//2777
f 2767//2767 2778//2778 2777//2777
f 2767//2767 2768//2768 2778//2778
f 2768//2768 2779//2779 2778//2778
f 2768//2768 2769//2769 2779//2779
f 2769//2769 2780//2780 2779//2779
f 2769//2769 2770//2770 2780//2780
f 2770//2770 2781//2781 2780//2780
f 2770//2770 2771//2771 2781//2781
f 2771//2771 2782//2782 2781//2781
f 2771//2771 2772//2772 2782//2782
f 2772//2772 2783//2783 2782//2782
f 2772//2772 2773//2773 2783//2783
f 2773//2773 2784//2784 2783//2783
f 2773//2773 2774//2774 2784//2784
f 2774//2774 2785//2785 2784//2784
f 2774//2774 2775//2775 2785//2785
f 2775//2775 2786//2786 2785//2785
f 2775//2775 2776//2776 2786//2786
f 2776//2776 2787//2787 2786//2786
f 2777//2777 2778//2778 2788//2788
f 2778//2778 2789//2789 2788//2788
f 2778//2778 2779//2779 2789//2789
f 2779//2779 2790//2790 2789//2789
f 2779//2779 2780//2780 2790//2790
f 2780//2780 2791//2791 2790//2790
f 2780//2780 2781//2781 2791//2791
f 2781//2781 2792//2792 2791//2791
f 2781//2781 2782//2782 2792//2792
f 2782//2782 2793//2793 2792//2792
f 2782//2782 2783//2783 2793//2793
f 2783//2783 2794//2794 2793//2793
f 2783//2783 2784//2784 2794//2794
f 2784//2784 2795//2795 2794//2794
f 2784//2784 2785//2785 2795//2795
f 2785//2785 2796//2796 2795//2795
f 2785//2785 2786//2786 2796//2796
f 2786//2786 2797//2797 2796//2796
f 2786//2786 2787//2787 2797//2797
f 2787//2787 2798//2798 2797//2797
f 2788//2788 2789//2789 2799//2799
f 2789//2789 2800//2800 2799//2799
f 2789//2789 2790//2790 2800//2800
f 2790//2790 2801//2801 2800//2800
f 2790//2790 2791//2791 2801//2801
f 2791//2791 2802//2802 2801//2801
f 2791//2791 2792//2792 2802//2802
f 2792//2792 2803//2803 2802//2802
f 2792//2792 2793//2793 2803//2803
f 2793//2793 2804//2804 2803//2803
f 2793//2793 2794//2794 2804//2804
f 2794//2794 2805//2805 2804//2804
f 2794//2794 2795//2795 2805//2805
f 2795//2795 2806//2806 2805//2805
f 2795//2795 2796//2796 2806//2806
f 2796//2796 2807//2807 2806//2806
f 2796//2796 2797//2797 2807//2807
f 2797//2797 2808//2808 2807//2807
f 2797//2797 2798//2798 2808//2808
f 2798//2798 2809//2809 2808//2808
f 2799//2799 2800//2800 2810//2810
f 2800//2800 2811//2811 2810//2810
f 2800//2800 2801//2801 2811//2811
f 2801//2801 2812//2812 2811//2811
f 2801//2801 2802//2802 2812//2812
f 2802//2802 2813//2813 2812//2812
f 2802//2802 2803//2803 2813//2813
f 2803//2803 2814//2814 2813//2813
f 2803//2803 2804//2804 2814//2814
f 2804//2804 2815//2815 2814//2814
f 2804//2804 2805//2805 2815//2815
f 2805//2805 2816//2816 2815//2815
f 2805//2805 2806//2806 2816//2816
f 2806//2806 2817//2817 2816//2816
f 2806//2806 2807//2807 2817//2817
f 2807//2807 2818//2818 2817//2817
f 2807//2807 2808//2808 2818//2818
f 2808//2808 2819//2819 2818//2818
f 2808//2808 2809//2809 2819//2819
f 2809//2809 2820//2820 2819//2819
f 2810//2810 2811//2811 2821//2821
f 2811//2811 2822//2822 2821//2821
f 2811//2811 2812//2812 2822//2822
f 2812//2812 2823//2823 2822//2822
f 2812//2812 2813//2813 2823//2823
f 2813//2813 2824//2824 2823//2823
f 2813//2813 2814//2814 2824//2824
f 2814//2814 2825//2825 2824//2824
f 2814//2814 2815//2815 2825//2825
f 2815//2815 2826//2826 2825//2825
f 2815//2815 2816//2816 2826//2826
f 2816//2816 2827//2827 2826//2826
f 2816//2816 2817//2817 2827//2827
f 2817//2817 2828//2828 2827//2827
f 2817//2817 2818//2818 2828//2828
f 2818//2818 2829//2829 2828//2828
f 2818//2818 2819//2819 2829//2829
f 2819//2819 2830//2830 2829//2829
f 2819//2819 2820//2820 2830//2830
f 2820//2820 2831//2831 2830//2830
f 2821//2821 2822//2822 2832//2832
f 2822//2822 2833//2833 2832//2832
f 2822//2822 2823//2823 2833//2833
f 2823//2823 2834//2834 2833//2833
f 2823//2823 2824//2824 2834//2834
f 2824//2824 2835//2835 2834//2834
f 2824//2824 2825//2825 2835//2835
f 2825//2825 2836//2836 2835//2835
f 2825//2825 2826//2826 2836//2836
f 2826//2826 2837//2837 2836//2836
f 2826//2826 2827//2827 2837//2837
f 2827//2827 2838//2838 2837//2837
f 2827//2827 2828//2828 2838//2838
f 2828//2828 2839//2839 2838//2838
f 2828//2828 2829//2829 2839//2839
f 2829//2829 2840//2840 2839//2839
f 2829//2829 2830//2830 2840//2840
f 2830//2830 2841//2841 2840//2840
f 2830//2830 2831//2831 2841//2841
f 2831//2831 2842//2842 2841//2841
f 2832//2832 2833//2833 2843//2843
f 2833//2833 2844//2844 2843//2843
f 2833//2833 2834//2834 2844//2844
f 2834//2834 2845//2845 2844//2844
f 2834//2834 2835//2835 2845//2845
f 2835//2835 2846//2846 2845//2845
f 2835//2835 2836//2836 2846//2846
f 2836//2836 2847//2847 2846//2846
f 2836//2836 2837//2837 2847//2847
f 2837//2837 2848//2848 2847//2847
f 2837//2837 2838//2838 2848//2848
f 2838//2838 2849//2849 2848//2848
f 2838//2838 2839//2839 2849//2849
f 2839//2839 2850//2850 2849//2849
f 2839//2839 2840//2840 2850//2850
f 2840//2840 2851//2851 2850//2850
f 2840//2840 2841//2841 2851//2851
f 2841//2841 2852//2852 2851//2851
f 2841//2841 2842//2842 2852//2852
f 2842//2842 2853//2853 2852//2852
f 2843//2843 2844//2844 2854//2854
f 2844//2844 2855//2855 2854//2854
f 2844//2844 2845//2845 2855//2855
f 2845//2845 2856//2856 2855//2855
f 2845//2845 2846//2846 2856//2856
f 2846//2846 2857//2857 2856//2856
f 2846//2846 2847//2847 2857//2857
f 2847//2847 2858//2858 2857//2857
f 2847//2847 2848//2848 2858//2858
f 2848//2848 2859//2859 2858//2858
f 2848//2848 2849//2849 2859//2859
f 2849//2849 2860//2860 2859//2859
f 2849//2849 2850//2850 2860//2860
f 2850//2850 2861//2861 2860//2860
f 2850//2850 2851//2851 2861//2861
f 2851//2851 2862//2862 2861//2861
f 2851//2851 2852//2852 2862//2862
f 2852//2852 2863//2863 2862//2862
f 2852//2852 2853//2853 2863//2863
f 2853//2853 2864//2864 2863//2863
f 2854//2854 2855//2855 2865//2865
f 2855//2855 2866//2866 2865//2865
f 2855//2855 2856//2856 2866//2866
f 2856//2856 2867//2867 2866//2866
f 2856//2856 2857//2857 2867//2867
f 2857//2857 2868//2868 2867//2867
f 2857//2857 2858//2858 2868//2868
f 2858//2858 2869//2869 2868//2868
f 2858//2858 2859//2859 2869//2869
f 2859//2859 2870//2870 2869//2869
f 2859//2859 2860//2860 2870//2870
f 2860//2860 2871//2871 2870//2870
f 2860//2860 2861//2861 2871//2871
f 2861//2861 2872//2872 2871//2871
f 2861//2861 2862//2862 2872//2872
f 2862//2862 2873//2873 2872//2872
f 2862//2862 2863//2863 2873//2873
f 2863//2863 2874//2874 2873//2873
f 2863//2863 2864//2864 2874//2874
f 2864//2864 2875//2875 2874//2874
f 2865//2865 2866//2866 2876//2876
f 2866//2866 2877//2877 2876//2876
f 2866//2866 2867//2867 2877//2877
f 2867//2867 2878//2878 2877//2877
f 2867//2867 2868//2868 2878//2878
f 2868//2868 2879//2879 2878//2878
f 2868//2868 2869//2869 2879//2879
f 2869//2869 2880//2880 2879//2879
f 2869//2869 2870//2870 2880//2880
f 2870//2870 2881//2881 2880//2880
f 2870//2870 2871//2871 2881//2881
f 2871//2871 2882//2882 2881//2881
f 2871//2871 2872//2872 2882//2882
f 2872//2872 2883//2883 2882//2882
f 2872//2872 2873//2873 2883//2883
f 2873//2873 2884//2884 2883//2883
f 2873//2873 2874//2874 2884//2884
f 2874//2874 2885//2885 2884//2884
f 2874//2874 2875//2875 2885//2885
f 2875//2875 2886//2886 2885//2885
f 2876//2876 2877//2877 2887//2887
f 2877//2877 2888//2888 2887//2887
f 2877//2877 2878//2878 2888//2888
f 2878//2878 2889//2889 2888//2888
f 2878//2878 2879//2879 2889//2889
f 2879//2879 2890//2890 2889//2889
f 2879//2879 2880//2880 2890//2890
f 2880//2880 2891//2891 2890//2890
f 2880//2880 2881//2881 2891//2891
f 2881//2881 2892//2892 2891//2891
f 2881//2881 2882//2882 2892//2892
f 2882//2882 2893//2893 2892//2892
f 2882//2882 2883//2883 2893//2893
f 2883//2883 2894//2894 2893//2893
f 2883//2883 2884//2884 2894//2894
f 2884//2884 2895//2895 2894//2894
f 2884//2884 2885//2885 2895//2895
f 2885//2885 2896//2896 2895//2895
f 2885//2885 2886//2886 2896//2896
f 2886//2886 2897//2897 2896//2896
f 2898//2898 2939//2939 2899//2899
f 2899//2899 2939//2939 2940//2940
f 2899//2899 2940//2940 2900//2900
f 2900//2900 2940//2940 2941//2941
f 2900//2900 2941//2941 2901//2901
f 2901//2901 2941//2941 2942//2942
f 2901//2901 2942//2942 2902//2902
f 2902//2902 2942//2942 2943//2943
f 2902//2902 2943//2943 2903//2903
f 2903//2903 2943//2943 2944//2944
f 2903//2903 2944//2944 2904//2904
f 2904//2904 2944//2944 2945//2945
f 2904//2904 2945//2945 2905//2905
f 2905//2905 2945//2945 2946//2946
f 2905//2905 2946//2946 2906//2906
f 2906//2906 2946//2946 2947//2947
f 2906//2906 2947//2947 2907//2907
f 2907//2907 2947//2947 2948//2948
f 2907//2907 2948//2948 2908//2908
f 2908//2908 2948//2948 2949//2949
f 2908//2908 2949//2949 2909//2909
f 2909//2909 2949//2949 2950//2950
f 2909//2909 2950//2950 2910//2910
f 2910//2910 2950//2950 2951//2951
f 2910//2910 2951//2951 2911//2911
f 2911//2911 2951//2951 2952//2952
f 2911//2911 2952//2952 2912//2912
f 2912//2912 2952//2952 2953//2953
f 2912//2912 2953//2953 2913//2913
f 2913//2913 2953//2953 2954//2954
f 2913//2913 2954//2954 2914//2914
f 2914//2914 2954//2954 2955//2955
f 2914//2914 2955//2955 2915//2915
f 2915//2915 2955//2955 2956//2956
f 2915//2915 2956//2956 2916//2916
f 2916//2916 2956//2956 2957//2957
f 2916//2916 2957//2957 2917//2917
f 2917//2917 2957//2957 2958//2958
f 2917//2917 2958//2958 2918//2918
f 2918//2918 2958//2958 2959//2959
f 2918//2918 2959//2959 2919//2919
f 2919//2919 2959//2959 2960//2960
f 2919//2919 2960//2960 2920//2920
f 2920//2920 2960//2960 2961//2961
f 2920//2920 2961//2961 2921//2921
f 2921//2921 2961//2961 2962//2962
f 2921//2921 2962//2962 2922//2922
f 2922//2922 2962//2962 2963//2963
f 2922//2922 2963//2963 2923//2923
f 2923//2923 2963//2963 2964//2964
f 2923//2923 2964//2964 2924//2924
f 2924//2924 2964//2964 2965//2965
f 2924//2924 2965//2965 2925//2925
f 2925//2925 2965//2965 2966//2966
f 2925//2925 2966//2966 2926//2926
f 2926//2926 2966//2966 2967//2967
f 2926//2926 2967//2967 2927//2927
f 2927//2927 2967//2967 2968//2968
f 2927//2927 2968//2968 2928//2928
f 2928//2928 2968//2968 2969//2969
f 2928//2928 2969//2969 2929//2929
f 2929//2929 2969//2969 2970//2970
f 2929//2929 2970//2970 2930//2930
f 2930//2930 2970//2970 2971//2971
f 2930//2930 2971//2971 2931//2931
f 2931//2931 2971//2971 2972//2972
f 2931//2931 2972//2972 2932//2932
f 2932//2932 2972//2972 2973//2973
f 2932//2932 2973//2973 2933//2933
f 2933//2933 2973//2973 2974//2974
f 2933//2933 2974//2974 2934//2934
f 2934//2934 2974//2974 2975//2975
f 2934//2934 2975//2975 2935//2935
f 2935//2935 2975//2975 2976//2976
f 2935//2935 2976//2976 2936//2936
f 2936//2936 2976//2976 2977//2977
f 2936//2936 2977//2977 2937//2937
f 2937//2937 2977//2977 2978//2978
f 2937//2937 2978//2978 2938//2938
f 2938//2938 2978//2978 2979//2979
f 2939//2939 2980//2980 2940//2940
f 2940//2940 2980//2980 2981//2981
f 2940//2940 2981//2981 2941//2941
f 2941//2941 2981//2981 2982//2982
f 2941//2941 2982//2982 2942//2942
f 2942//2942 2982//2982 2983//2983
f 2942//2942 2983//2983 2943//2943
f 2943//2943 2983//2983 2984//2984
f 2943//2943 2984//2984 2944//2944
f 2944//2944 2984//2984 2985//2985
f 2944//2944 2985//2985 2945//2945
f 2945//2945 2985//2985 2986//2986
f 2945//2945 2986//2986 2946//2946
f 2946//2946 2986//2986 2987//2987
f 2946//2946 2987//2987 2947//2947
f 2947//2947 2987//2987 2988//2988
f 2947//2947 2988//2988 2948//2948
f 2948//2948 2988//2988 2989//2989
f 2948//2948 2989//2989 2949//2949
f 2949//2949 2989//2989 2990//2990
f 2949//2949 2990//2990 2950//2950
f 2950//2950 2990//2990 2991//2991
f 2950//2950 2991//2991 2951//2951
f 2951//2951 2991//2991 2992//2992
f 2951//2951 2992//2992 2952//2952
f 2952//2952 2992//2992 2993//2993
f 2952//2952 2993//2993 2953//2953
f 2953//2953 2993//2993 2994//2994
f 2953//2953 2994//2994 2954//2954
f 2954//2954 2994//2994 2995//2995
f 2954//2954 2995//2995 2955//2955
f 2955//2955 2995//2995 2996//2996
f 2955//2955 2996//2996 2956//2956
f 2956//2956 2996//2996 2997//2997
f 2956//2956 2997//2997 2957//2957
f 2957//2957 2997//2997 2998//2998
f 2957//2957 2998//2998 2958//2958
f 2958//2958 2998//2998 2999//2999
f 2958//2958 2999//2999 2959//2959
f 2959//2959 2999//2999 3000//3000
f 2959//2959 3000//3000 2960//2960
f 2960//2960 3000//3000 3001//3001
f 2960//2960 3001//3001 2961//2961
f 2961//2961 3001//3001 3002//3002
f 2961//2961 3002//3002 2962//2962
f 2962//2962 3002//3002 3003//3003
f 2962//2962 3003//3003 2963//2963
f 2963//2963 3003//3003 3004//3004
f 2963//2963 3004//3004 2964//2964
f 2964//2964 3004//3004 3005//3005
f 2964//2964 3005//3005 2965//2965
f 2965//2965 3005//3005 3006//3006
f 2965//2965 3006//3006 2966//2966
f 2966//2966 3006//3006 3007//3007
f 2966//2966 3007//3007 2967//2967
f 2967//2967 3007//3007 3008//3008
f 2967//2967 3008//3008 2968//2968
f 2968//2968 3008//3008 3009//3009
f 2968//2968 3009//3009 2969//2969
f 2969//2969 3009//3009 3010//3010
f 2969//2969 3010//3010 2970//2970
f 2970//2970 3010//3010 3011//3011
f 2970//2970 3011//3011 2971//2971
f 2971//2971 3011//3011 3012//3012
f 2971//2971 3012//3012 2972//2972
f 2972//2972 3012//3012 3013//3013
f 2972//2972 3013//3013 2973//2973
f 2973//2973 3013//3013 3014//3014
f 2973//2973 3014//3014 2974//2974
f 2974//2974 3014//3014 3015//3015
f 2974//2974 3015//3015 2975//2975
f 2975//2975 3015//3015 3016//3016
f 2975//2975 3016//3016 2976//2976
f 2976//2976 3016//3016 3017//3017
f 2976//2976 3017//3017 2977//2977
f 2977//2977 3017//3017 3018//3018
f 2977//2977 3018//3018 2978//2978
f 2978//2978 3018//3018 3019//3019
f 2978//2978 3019//3019 2979//2979
f 2979//2979 3019//3019 3020//3020
f 2980//2980 3021//3021 2981//2981
f 2981//2981 3021//3021 3022//3022
f 2981//2981 3022//3022 2982//2982
f 2982//2982 3022//3022 3023//3023
f 2982//2982 3023//3023 2983//2983
f 2983//2983 3023//3023 3024//3024
f 2983//2983 3024//3024 2984//2984
f 2984//2984 3024//3024 3025//3025
f 2984//2984 3025//3025 2985//2985
f 2985//2985 3025//3025 3026//3026
f 2985//2985 3026//3026 2986//2986
f 2986//2986 3026//3026 3027//3027
f 2986//2986 3027//3027 2987//2987
f 2987//2987 3027//3027 3028//3028
f 2987//2987 3028//3028 2988//2988
f 2988//2988 3028//3028 3029//3029
f 2988//2988 3029//3029 2989//2989
f 2989//2989 3029//3029 3030//3030
f 2989//2989 3030//3030 2990//2990
f 2990//2990 3030//3030 3031//3031
f 2990//2990 3031//3031 2991//2991
f 2991//2991 3031//3031 3032//3032
f 2991//2991 3032//3032 2992//2992
f 2992//2992 3032//3032 3033//3033
f 2992//2992 3033//3033 2993//2993
f 2993//2993 3033//3033 3034//3034
f 2993//2993 3034//3034 2994//2994
f 2994//2994 3034//3034 3035//3035
f 2994//2994 3035//3035 2995//2995
f 2995//2995 3035//3035 3036//3036
f 2995//2995 3036//3036 2996//2996
f 2996//2996 3036//3036 3037//3037
f 2996//2996 3037//3037 2997//2997
f 2997//2997 3037//3037 3038//3038
f 2997//2997 3038//3038 2998//2998
f 2998//2998 3038//3038 3039//3039
f 2998//2998 3039//3039 2999//2999
f 2999//2999 3039//3039 3040//3040
f 2999//2999 3040//3040 3000//3000
f 3000//3000 3040//3040 3041//3041
f 3000//3000 3041//3041 3001//3001
f 3001//3001 3041//3041 3042//3042
f 3001//3001 3042//3042 3002//3002
f 3002//3002 3042//3042 3043//3043
f 3002//3002 3043//3043 3003//3003
f 3003//3003 3043//3043 3044//3044
f 3003//3003 3044//3044 3004//3004
f 3004//3004 3044//3044 3045//3045
f 3004//3004 3045//3045 3005//3005
f 3005//3005 3045//3045 3046//3046
f 3005//3005 3046//3046 3006//3006
f 3006//3006 3046//3046 3047//3047
f 3006//3006 3047//3047 3007//3007
f 3007//3007 3047//3047 3048//3048
f 3007//3007 3048//3048 3008//3008
f 3008//3008 3048//3048 3049//3049
f 3008//3008 3049//3049 3009//3009
f 3009//3009 3049//3049 3050//3050
f 3009//3009 3050//3050 3010//3010
f 3010//3010 3050//3050 3051//3051
f 3010//3010 3051//3051 3011//3011
f 3011//3011 3051//3051 3052//3052
f 3011//3011 3052//3052 3012//3012
f 3012//3012 3052//3052 3053//3053
f 3012//3012 3053//3053 3013//3013
f 3013//3013 3053//3053 3054//3054
f 3013//3013 3054//3054 3014//3014
f 3014//3014 3054//3054 3055//3055
f 3014//3014 3055//3055 3015//3015
f 3015//3015 3055//3055 3056//3056
f 3015//3015 3056//3056 3016//3016
f 3016//3016 3056//3056 3057//3057
f 3016//3016 3057//3057 3017//3017
f 3017//3017 3057//3057 3058//3058
f 3017//3017 3058//3058 3018//3018
f 3018//3018 3058//3058 3059//3059
f 3018//3018 3059//3059 3019//3019
f 3019//3019 3059//3059 3060//3060
f 3019//3019 3060//3060 3020//3020
f 3020//3020 3060//3060 3061//3061
f 3021//3021 3062//3062 3022//3022
f 3022//3022 3062//3062 3063//3063
f 3022//3022 3063//3063 3023//3023
f 3023//3023 3063//3063 3064//3064
f 3023//3023 3064//3064 3024//3024
f 3024//3024 3064//3064 3065//3065
f 3024//3024 3065//3065 3025//3025
f 3025//3025 3065//3065 3066//3066
f 3025//3025 3066//3066 3026//3026
f 3026//3026 3066//3066 3067//3067
f 3026//3026 3067//3067 3027//3027
f 3027//3027 3067//3067 3068//3068
f 3027//3027 3068//3068 3028//3028
f 3028//3028 3068//3068 3069//3069
f 3028//3028 3069//3069 3029//3029
f 3029//3029 3069//3069 3070//3070
f 3029//3029 3070//3070 3030//3030
f 3030//3030 3070//3070 3071//3071
f 3030//3030 3071//3071 3031//3031
f 3031//3031 3071//3071 3072//3072
f 3031//3031 3072//3072 3032//3032
f 3032//3032 3072//3072 3073//3073
f 3032//3032 3073//3073 3033//3033
f 3033//3033 3073//3073 3074//3074
f 3033//3033 3074//3074 3034//3034
f 3034//3034 3074//3074 3075//3075
f 3034//3034 3075//3075 3035//3035
f 3035//3035 3075//3075 3076//3076
f 3035//3035 3076//3076 3036//3036
f 3036//3036 3076//3076 3077//3077
f 3036//3036 3077//3077 3037//3037
f 3037//3037 3077//3077 3078//3078
f 3037//3037 3078//3078 3038//3038
f 3038//3038 3078//3078 3079//3079
f 3038//3038 3079//3079 3039//3039
f 3039//3039 3079//3079 3080//3080
f 3039//3039 3080//3080 3040//3040
f 3040//3040 3080//3080 3081//3081
f 3040//3040 3081//3081 3041//3041
f 3041//3041 3081//3081 3082//3082
f 3041//3041 3082//3082 3042//3042
f 3042//3042 3082//3082 3083//3083
f 3042//3042 3083//3083 3043//3043
f 3043//3043 3083//3083 3084//3084
f 3043//3043 3084//3084 3044//3044
f 3044//3044 3084//3084 3085//3085
f 3044//3044 3085//3085 3045//3045
f 3045//3045 3085//3085 3086//3086
f 3045//3045 3086//3086 3046//3046
f 3046//3046 3086//3086 3087//3087
f 3046//3046 3087//3087 3047//3047
f 3047//3047 3087//3087 3088//3088
f 3047//3047 3088//3088 3048//3048
f 3048//3048 3088//3088 3089//3089
f 3048//3048 3089//3089 3049//3049
f 3049//3049 3089//3089 3090//3090
f 3049//3049 3090//3090 3050//3050
f 3050//3050 3090//3090 3091//3091
f 3050//3050 3091//3091 3051//3051
f 3051//3051 3091//3091 3092//3092
f 3051//3051 3092//3092 3052//3052
f 3052//3052 3092//3092 3093//3093
f 3052//3052 3093//3093 3053//3053
f 3053//3053 3093//3093 3094//3094
f 3053//3053 3094//3094 3054//3054
f 3054//3054 3094//3094 3095//3095
f 3054//3054 3095//3095 3055//3055
f 3055//3055 3095//3095 3096//3096
f 3055//3055 3096//3096 3056//3056
f 3056//3056 3096//3096 3097//3097
f 3056//3056 3097//3097 3057//3057
f 3057//3057 3097//3097 3098//3098
f 3057//3057 3098//3098 3058//3058
f 3058//3058 3098//3098 3099//3099
f 3058//3058 3099//3099 3059//3059
f 3059//3059 3099//3099 3100//3100
f 3059//3059 3100//3100 3060//3060
f 3060//3060 3100//3100 3101//3101
f 3060//3060 3101//3101 3061//3061
f 3061//3061 3101//3101 3102//3102
f 3062//3062 3103//3103 3063//3063
f 3063//3063 3103//3103 3104//3104
f 3063//3063 3104//3104 3064//3064
f 3064//3064 3104//3104 3105//3105
f 3064//3064 3105//3105 3065//3065
f 3065//3065 3105//3105 3106//3106
f 3065//3065 3106//3106 3066//3066
f 3066//3066 3106//3106 3107//3107
f 3066//3066 3107//3107 3067//3067
f 3067//3067 3107//3107 3108//3108
f 3067//3067 3108//3108 3068//3068
f 3068//3068 3108//3108 3109//3109
f 3068//3068 3109//3109 3069//3069
f 3069//3069 3109//3109 3110//3110
f 3069//3069 3110//3110 3070//3070
f 3070//3070 3110//3110 3111//3111
f 3070//3070 3111//3111 3071//3071
f 3071//3071 3111//3111 3112//3112
f 3071//3071 3112//3112 3072//3072
f 3072//3072 3112//3112 3113//3113
f 3072//3072 3113//3113 3073//3073
f 3073//3073 3113//3113 3114//3114
f 3073//3073 3114//3114 3074//3074
f 3074//3074 3114//3114 3115//3115
f 3074//3074 3115//3115 3075//3075
f 3075//3075 3115//3115 3116//3116
f 3075//3075 3116//3116 3076//3076
f 3076//3076 3116//3116 3117//3117
f 3076//3076 3117//3117 3077//3077
f 3077//3077 3117//3117 3118//3118
f 3077//3077 3118//3118 3078//3078
f 3078//3078 3118//3118 3119//3119
f 3078//3078 3119//3119 3079//3079
f 3079//3079 3119//3119 3120//3120
f 3079//3079 3120//3120 3080//3080
f 3080//3080 3120//3120 3121//3121
f 3080//3080 3121//3121 3081//3081
f 3081//3081 3121//3121 3122//3122
f 3081//3081 3122//3122 3082//3082
f 3082//3082 3122//3122 3123//3123
f 3082//3082 3123//3123 3083//3083
f 3083//3083 3123//3123 3124//3124
f 3083//3083 3124//3124 3084//3084
f 3084//3084 3124//3124 3125//3125
f 3084//3084 3125//3125 3085//3085
f 3085//3085 3125//3125 3126//3126
f 3085//3085 3126//3126 3086//3086
f 3086//3086 3126//3126 3127//3127
f 3086//3086 3127//3127 3087//3087
f 3087//3087 3127//3127 3128//3128
f 3087//3087 3128//3128 3088//3088
f 3088//3088 3128//3128 3129//3129
f 3088//3088 3129//3129 3089//3089
f 3089//3089 3129//3129 3130//3130
f 3089//3089 3130//3130 3090//3090
f 3090//3090 3130//3130 3131//3131
f 3090//3090 3131//3131 3091//3091
f 3091//3091 3131//3131 3132//3132
f 3091//3091 3132//3132 3092//3092
f 3092//3092 3132//3132 3133//3133
f 3092//3092 3133//3133 3093//3093
f 3093//3093 3133//3133 3134//3134
f 3093//3093 3134//3134 3094//3094
f 3094//3094 3134//3134 3135//3135
f 3094//3094 3135//3135 3095//3095
f 3095//3095 3135//3135 3136//3136
f 3095//3095 3136//3136 3096//3096
f 3096//3096 3136//3136 3137//3137
f 3096//3096 3137//3137 3097//3097
f 3097//3097 3137//3137 3138//3138
f 3097//3097 3138//3138 3098//3098
f 3098//3098 3138//3138 3139//3139
f 3098//3098 3139//3139 3099//3099
f 3099//3099 3139//3139 3140//3140
f 3099//3099 3140//3140 3100//3100
f 3100//3100 3140//3140 3141//3141
f 3100//3100 3141//3141 3101//3101
f 3101//3101 3141//3141 3142//3142
f 3101//3101 3142//3142 3102//3102
f 3102//3102 3142//3142 3143//3143
f 3144//3144 3185//3185 3145//3145
f 3145//3145 3185//3185 3186//3186
f 3145//3145 3186//3186 3146//3146
f 3146//3146 3186//3186 3187//3187
f 3146//3146 3187//3187 3147//3147
f 3147//3147 3187//3187 3188//3188
f 3147//3147 3188//3188 3148//3148
f 3148//3148 3188//3188 3189//3189
f 3148//3148 3189//3189 3149//3149
f 3149//3149 3189//3189 3190//3190
f 3149//3149 3190//3190 3150//3150
f 3150//3150 3190//3190 3191//3191
f 3150//3150 3191//3191 3151//3151
f 3151//3151 3191//3191 3192//3192
f 3151//3151 3192//3192 3152//3152
f 3152//3152 3192//3192 3193//3193
f 3152//3152 3193//3193 3153//3153
f 3153//3153 3193//3193 3194//3194
f 3153//3153 3194//3194 3154//3154
f 3154//3154 3194//3194 3195//3195
f 3154//3154 3195//3195 3155//3155
f 3155//3155 3195//3195 3196//3196
f 3155//3155 3196//3196 3156//3156
f 3156//3156 3196//3196 3197//3197
f 3156//3156 3197//3197 3157//3157
f 3157//3157 3197//3197 3198//3198
f 3157//3157 3198//3198 3158//3158
f 3158//3158 3198//3198 3199//3199
f 3158//3158 3199//3199 3159//3159
f 3159//3159 3199//3199 3200//3200
f 3159//3159 3200//3200 3160//3160
f 3160//3160 3200//3200 3201//3201
f 3160//3160 3201//3201 3161//3161
f 3161//3161 3201//3201 3202//3202
f 3161//3161 3202//3202 3162//3162
f 3162//3162 3202//3202 3203//3203
f 3162//3162 3203//3203 3163//3163
f 3163//3163 3203//3203 3204//3204
f 3163//3163 3204//3204 3164//3164
f 3164//3164 3204//3204 3205//3205
f 3164//3164 3205//3205 3165//3165
f 3165//3165 3205//3205 3206//3206
f 3165//3165 3206//3206 3166//3166
f 3166//3166 3206//3206 3207//3207
f 3166//3166 3207//3207 3167//3167
f 3167//3167 3207//3207 3208//3208
f 3167//3167 3208//3208 3168//3168
f 3168//3168 3208//3208 3209//3209
f 3168//3168 3209//3209 3169//3169
f 3169//3169 3209//3209 3210//3210
f 3169//3169 3210//3210 3170//3170
f 3170//3170 3210//3210 3211//3211
f 3170//3170 3211//3211 3171//3171
f 3171//3171 3211//3211 3212//3212
f 3171//3171 3212//3212 3172//3172
f 3172//3172 3212//3212 3213//3213
f 3172//3172 3213//3213 3173//3173
f 3173//3173 3213//3213 3214//3214
f 3173//3173 3214//3214 3174//3174
f 3174//3174 3214//3214 3215//3215
f 3174//3174 3215//3215 3175//3175
f 3175//3175 3215//3215 3216//3216
f 3175//3175 3216//3216 3176//3176
f 3176//3176 3216//3216 3217//3217
f 3176//3176 3217//3217 3177//3177
f 3177//3177 3217//3217 3218//3218
f 3177//3177 3218//3218 3178//3178
f 3178//3178 3218//3218 3219//3219
f 3178//3178 3219//3219 3179//3179
f 3179//3179 3219//3219 3220//3220
f 3179//3179 3220//3220 3180//3180
f 3180//3180 3220//3220 3221//3221
f 3180//3180 3221//3221 3181//3181
f 3181//3181 3221//3221 3222//3222
f 3181//3181 3222//3222 3182//3182
f 3182//3182 3222//3222 3223//3223
f 3182//3182 3223//3223 3183//3183
f 3183//3183 3223//3223 3224//3224
f 3183//3183 3224//3224 3184//3184
f 3184//3184 3224//3224 3225//3225
f 3185//3185 3226//3226 3186//3186
f 3186//3186 3226//3226 3227//3227
f 3186//3186 3227//3227 3187//3187
f 3187//3187 3227//3227 3228//3228
f 3187//3187 3228//3228 3188//3188
f 3188//3188 3228//3228 3229//3229
f 3188//3188 3229//3229 3189//3189
f 3189//3189 3229//3229 3230//3230
f 3189//3189 3230//3230 3190//3190
f 3190//3190 3230//3230 3231//3231
f 3190//3190 3231//3231 3191//3191
f 3191//3191 3231//3231 3232//3232
f 3191//3191 3232//3232 3192//3192
f 3192//3192 3232//3232 3233//3233
f 3192//3192 3233//3233 3193//3193
f 3193//3193 3233//3233 3234//3234
f 3193//3193 3234//3234 3194//3194
f 3194//3194 3234//3234 3235//3235
f 3194//3194 3235//3235 3195//3195
f 3195//3195 3235//3235 3236//3236
f 3195//3195 3236//3236 3196//3196
f 3196//3196 3236//3236 3237//3237
f 3196//3196 3237//3237 3197//3197
f 3197//3197 3237//3237 3238//3238
f 3197//3197 3238//3238 3198//3198
f 3198//3198 3238//3238 3239//3239
f 3198//3198 3239//3239 3199//3199
f 3199//3199 3239//3239 3240//3240
f 3199//3199 3240//3240 3200//3200
f 3200//3200 3240//3240 3241//3241
f 3200//3200 3241//3241 3201//3201
f 3201//3201 3241//3241 3242//3242
f 3201//3201 3242//3242 3202//3202
f 3202//3202 3242//3242 3243//3243
f 3202//3202 3243//3243 3203//3203
f 3203//3203 3243//3243 3244//3244
f 3203//3203 3244//3244 3204//3204
f 3204//3204 3244//3244 3245//3245
f 3204//3204 3245//3245 3205//3205
f 3205//3205 3245//3245 3246//3246
f 3205//3205 3246//3246 3206//3206
f 3206//3206 3246//3246 3247//3247
f 3206//3206 3247//3247 3207//3207
f 3207//3207 3247//3247 3248//3248
f 3207//3207 3248//3248 3208//3208
f 3208//3208 3248//3248 3249//3249
f 3208//3208 3249//3249 3209//3209
f 3209//3209 3249//3249 3250//3250
f 3209//3209 3250//3250 3210//3210
f 3210//3210 3250//3250 3251//3251
f 3210//3210 3251//3251 3211//3211
f 3211//3211 3251//3251 3252//3252
f 3211//3211 3252//3252 3212//3212
f 3212//3212 3252//3252 3253//3253
f 3212//3212 3253//3253 3213//3213
f 3213//3213 3253//3253 3254//3254
f 3213//3213 3254//3254 3214//3214
f 3214//3214 3254//3254 3255//3255
f 3214//3214 3255//3255 3215//3215
f 3215//3215 3255//3255 3256//3256
f 3215//3215 3256//3256 3216//3216
f 3216//3216 3256//3256 3257//3257
f 3216//3216 3257//3257 3217//3217
f 3217//3217 3257//3257 3258//3258
f 3217//3217 3258//3258 3218//3218
f 3218//3218 3258//3258 3259//3259
f 3218//3218 3259//3259 3219//3219
f 3219//3219 3259//3259 3260//3260
f 3219//3219 3260//3260 3220//3220
f 3220//3220 3260//3260 3261//3261
f 3220//3220 3261//3261 3221//3221
f 3221//3221 3261//3261 3262//3262
f 3221//3221 3262//3262 3222//3222
f 3222//3222 3262//3262 3263//3263
f 3222//3222 3263//3263 3223//3223
f 3223//3223 3263//3263 3264//3264
f 3223//3223 3264//3264 3224//3224
f 3224//3224 3264//3264 3265//3265
f 3224//3224 3265//3265 3225//3225
f 3225//3225 3265//3265 3266//3266
f 3226//3226 3267//3267 3227//3227
f 3227//3227 3267//3267 3268//3268
f 3227//3227 3268//3268 3228//3228
f 3228//3228 3268//3268 3269//3269
f 3228//3228 3269//3269 3229//3229
f 3229//3229 3269//3269 3270//3270
f 3229//3229 3270//3270 3230//3230
f 3230//3230 3270//3270 3271//3271
f 3230//3230 3271//3271 3231//3231
f 3231//3231 3271//3271 3272//3272
f 3231//3231 3272//3272 3232//3232
f 3232//3232 3272//3272 3273//3273
f 3232//3232 3273//3273 3233//3233
f 3233//3233 3273//3273 3274//3274
f 3233//3233 3274//3274 3234//3234
f 3234//3234 3274//3274 3275//3275
f 3234//3234 3275//3275 3235//3235
f 3235//3235 3275//3275 3276//3276
f 3235//3235 3276//3276 3236//3236
f 3236//3236 3276//3276 3277//3277
f 3236//3236 3277//3277 3237//3237
f 3237//3237 3277//3277 3278//3278
f 3237//3237 3278//3278 3238//3238
f 3238//3238 3278//3278 3279//3279
f 3238//3238 3279//3279 3239//3239
f 3239//3239 3279//3279 3280//3280
f 3239//3239 3280//3280 3240//3240
f 3240//3240 3280//3280 3281//3281
f 3240//3240 3281//3281 3241//3241
f 3241//3241 3281//3281 3282//3282
f 3241//3241 3282//3282 3242//3242
f 3242//3242 3282//3282 3283//3283
f 3242//3242 3283//3283 3243//3243
f 3243//3243 3283//3283 3284//3284
f 3243//3243 3284//3284 3244//3244
f 3244//3244 3284//3284 3285//3285
f 3244//3244 3285//3285 3245//3245
f 3245//3245 3285//3285 3286//3286
f 3245//3245 3286//3286 3246//3246
f 3246//3246 3286//3286 3287//3287
f 3246//3246 3287//3287 3247//3247
f 3247//3247 3287//3287 3288//3288
f 3247//3247 3288//3288 3248//3248
f 3248//3248 3288//3288 3289//3289
f 3248//3248 3289//3289 3249//3249
f 3249//3249 3289//3289 3290//3290
f 3249//3249 3290//3290 3250//3250
f 3250//3250 3290//3290 3291//3291
f 3250//3250 3291//3291 3251//3251
f 3251//3251 3291//3291 3292//3292
f 3251//3251 3292//3292 3252//3252
f 3252//3252 3292//3292 3293//3293
f 3252//3252 3293//3293 3253//3253
f 3253//3253 3293//3293 3294//3294
f 3253//3253 3294//3294 3254//3254
f 3254//3254 3294//3294 3295//3295
f 3254//3254 3295//3295 3255//3255
f 3255//3255 3295//3295 3296//3296
f 3255//3255 3296//3296 3256//3256
f 3256//3256 3296//3296 3297//3297
f 3256//3256 3297//3297 3257//3257
f 3257//3257 3297//3297 3298//3298
f 3257//3257 3298//3298 3258//3258
f 3258//3258 3298//3298 3299//3299
f 3258//3258 3299//3299 3259//3259
f 3259//3259 3299//3299 3300//3300
f 3259//3259 3300//3300 3260//3260
f 3260//3260 3300//3300 3301//3301
f 3260//3260 3301//3301 3261//3261
f 3261//3261 3301//3301 3302//3302
f 3261//3261 3302//3302 3262//3262
f 3262//3262 3302//3302 3303//3303
f 3262//3262 3303//3303 3263//3263
f 3263//3263 3303//3303 3304//3304
f 3263//3263 3304//3304 3264//3264
f 3264//3264 3304//3304 3305//3305
f 3264//3264 3305//3305 3265//3265
f 3265//3265 3305//3305 3306//3306
f 3265//3265 3306//3306 3266//3266
f 3266//3266 3306//3306 3307//3307
f 3267//3267 3308//3308 3268//3268
f 3268//3268 3308//3308 3309//3309
f 3268//3268 3309//3309 3269//3269
f 3269//3269 3309//3309 3310//3310
f 3269//3269 3310//3310 3270//3270
f 3270//3270 3310//3310 3311//3311
f 3270//3270 3311//3311 3271//3271
f 3271//3271 3311//3311 3312//3312
f 3271//3271 3312//3312 3272//3272
f 3272//3272 3312//3312 3313//3313
f 3272//3272 3313//3313 3273//3273
f 3273//3273 3313//3313 3314//3314
f 3273//3273 3314//3314 3274//3274
f 3274//3274 3314//3314 3315//3315
f 3274//3274 3315//3315 3275//3275
f 3275//3275 3315//3315 3316//3316
f 3275//3275 3316//3316 3276//3276
f 3276//3276 3316//3316 3317//3317
f 3276//3276 3317//3317 3277//3277
f 3277//3277 3317//3317 3318//3318
f 3277//3277 3318//3318 3278//3278
f 3278//3278 3318//3318 3319//3319
f 3278//3278 3319//3319 3279//3279
f 3279//3279 3319//3319 3320//3320
f 3279//3279 3320//3320 3280//3280
f 3280//3280 3320//3320 3321//3321
f 3280//3280 3321//3321 3281//3281
f 3281//3281 3321//3321 3322//3322
f 3281//3281 3322//3322 3282//3282
f 3282//3282 3322//3322 3323//3323
f 3282//3282 3323//3323 3283//3283
f 3283//3283 3323//3323 3324//3324
f 3283//3283 3324//3324 3284//3284
f 3284//3284 3324//3324 3325//3325
f 3284//3284 3325//3325 3285//3285
f 3285//3285 3325//3325 3326//3326
f 3285//3285 3326//3326 3286//3286
f 3286//3286 3326//3326 3327//3327
f 3286//3286 3327//3327 3287//3287
f 3287//3287 3327//3327 3328//3328
f 3287//3287 3328//3328 3288//3288
f 3288//3288 3328//3328 3329//3329
f 3288//3288 3329//3329 3289//3289
f 3289//3289 3329//3329 3330//3330
f 3289//3289 3330//3330 3290//3290
f 3290//3290 3330//3330 3331//3331
f 3290//3290 3331//3331 3291//3291
f 3291//3291 3331//3331 3332//3332
f 3291//3291 3332//3332 3292//3292
f 3292//3292 3332//3332 3333//3333
f 3292//3292 3333//3333 3293//3293
f 3293//3293 3333//3333 3334//3334
f 3293//3293 3334//3334 3294//3294
f 3294//3294 3334//3334 3335//3335
f 3294//3294 3335//3335 3295//3295
f 3295//3295 3335//3335 3336//3336
f 3295//3295 3336//3336 3296//3296
f 3296//3296 3336//3336 3337//3337
f 3296//3296 3337//3337 3297//3297
f 3297//3297 3337//3337 3338//3338
f 3297//3297 3338//3338 3298//3298
f 3298//3298 3338//3338 3339//3339
f 3298//3298 3339//3339 3299//3299
f 3299//3299 3339//3339 3340//3340
f 3299//3299 3340//3340 3300//3300
f 3300//3300 3340//3340 3341//3341
f 3300//3300 3341//3341 3301//3301
f 3301//3301 3341//3341 3342//3342
f 3301//3301 3342//3342 3302//3302
f 3302//3302 3342//3342 3343//3343
f 3302//3302 3343//3343 3303//3303
f 3303//3303 3343//3343 3344//3344
f 3303//3303 3344//3344 3304//3304
f 3304//3304 3344//3344 3345//3345
f 3304//3304 3345//3345 3305//3305
f 3305//3305 3345//3345 3346//3346
f 3305//3305 3346//3346 3306//3306
f 3306//3306 3346//3346 3347//3347
f 3306//3306 3347//3347 3307//3307
f 3307//3307 3347//3347 3348//3348
f 3308//3308 3349//3349 3309//3309
f 3309//3309 3349//3349 3350//3350
f 3309//3309 3350//3350 3310//3310
f 3310//3310 3350//3350 3351//3351
f 3310//3310 3351//3351 3311//3311
f 3311//3311 3351//3351 3352//3352
f 3311//3311 3352//3352 3312//3312
f 3312//3312 3352//3352 3353//3353
f 3312//3312 3353//3353 3313//3313
f 3313//3313 3353//3353 3354//3354
f 3313//3313 3354//3354 3314//3314
f 3314//3314 3354//3354 3355//3355
f 3314//3314 3355//3355 3315//3315
f 3315//3315 3355//3355 3356//3356
f 3315//3315 3356//3356 3316//3316
f 3316//3316 3356//3356 3357//3357
f 3316//3316 3357//3357 3317//3317
f 3317//3317 3357//3357 3358//3358
f 3317//3317 3358//3358 3318//3318
f 3318//3318 3358//3358 3359//3359
f 3318//3318 3359//3359 3319//3319
f 3319//3319 3359//3359 3360//3360
f 3319//3319 3360//3360 3320//3320
f 3320//3320 3360//3360 3361//3361
f 3320//3320 3361//3361 3321//3321
f 3321//3321 3361//3361 3362//3362
f 3321//3321 3362//3362 3322//3322
f 3322//3322 3362//3362 3363//3363
f 3322//3322 3363//3363 3323//3323
f 3323//3323 3363//3363 3364//3364
f 3323//3323 3364//3364 3324//3324
f 3324//3324 3364//3364 3365//3365
f 3324//3324 3365//3365 3325//3325
f 3325//3325 3365//3365 3366//3366
f 3325//3325 3366//3366 3326//3326
f 3326//3326 3366//3366 3367//3367
f 3326//3326 3367//3367 3327//3327
f 3327//3327 3367//3367 3368//3368
f 3327//3327 3368//3368 3328//3328
f 3328//3328 3368//3368 3369//3369
f 3328//3328 3369//3369 3329//3329
f 3329//3329 3369//3369 3370//3370
f 3329//3329 3370//3370 3330//3330
f 3330//3330 3370//3370 3371//3371
f 3330//3330 3371//3371 3331//3331
f 3331//3331 3371//3371 3372//3372
f 3331//3331 3372//3372 3332//3332
f 3332//3332 3372//3372 3373//3373
f 3332//3332 3373//3373 3333//3333
f 3333//3333 3373//3373 3374//3374
f 3333//3333 3374//3374 3334//3334
f 3334//3334 3374//3374 3375//3375
f 3334//3334 3375//3375 3335//3335
f 3335//3335 3375//3375 3376//3376
f 3335//3335 3376//3376 3336//3336
f 3336//3336 3376//3376 3377//3377
f 3336//3336 3377//3377 3337//3337
f 3337//3337 3377//3377 3378//3378
f 3337//3337 3378//3378 3338//3338
f 3338//3338 3378//3378 3379//3379
f 3338//3338 3379//3379 3339//3339
f 3339//3339 3379//3379 3380//3380
f 3339//3339 3380//3380 3340//3340
f 3340//3340 3380//3380 3381//3381
f 3340//3340 3381//3381 3341//3341
f 3341//3341 3381//3381 3382//3382
f 3341//3341 3382//3382 3342//3342
f 3342//3342 3382//3382 3383//3383
f 3342//3342 3383//3383 3343//3343
f 3343//3343 3383//3383 3384//3384
f 3343//3343 3384//3384 3344//3344
f 3344//3344 3384//3384 3385//3385
f 3344//3344 3385//3385 3345//3345
f 3345//3345 3385//3385 3386//3386
f 3345//3345 3386//3386 3346//3346
f 3346//3346 3386//3386 3387//3387
f 3346//3346 3387//3387 3347//3347
f 3347//3347 3387//3387 3388//3388
f 3347//3347 3388//3388 3348//3348
f 3348//3348 3388//3388 3389//3389
o station-pot_darkMetal
usemtl darkMetal
v -0.313713 0.394935 -0.308713
v -0.315042 0.394032 -0.305083
v -0.315643 0.393623 -0.300125
v -0.315643 0.393623 0.300125
v -0.315042 0.394032 0.305083
v -0.313713 0.394935 0.308713
v -0.315042 0.397403 -0.310042
v -0.317270 0.396646 -0.306198
v -0.318430 0.396251 -0.300125
v -0.318430 0.396251 0.300125
v -0.317270 0.396646 0.306198
v -0.315042 0.397403 0.310042
v -0.315643 0.401855 -0.310643
v -0.318430 0.401855 -0.306777
v -0.320000 0.401855 -0.300125
v -0.320000 0.401855 0.300125
v -0.318430 0.401855 0.306777
v -0.315643 0.401855 0.310643
v -0.315643 0.407105 -0.310643
v -0.318430 0.407105 -0.306777
v -0.320000 0.407105 -0.300125
v -0.320000 0.407105 0.300125
v -0.318430 0.407105 0.306777
v -0.315643 0.407105 0.310643
v -0.315042 0.412063 -0.310042
v -0.317270 0.413178 -0.306198
v -0.318430 0.413757 -0.300125
v -0.318430 0.413757 0.300125
v -0.317270 0.413178 0.306198
v -0.315042 0.412063 0.310042
v -0.313713 0.415693 -0.308713
v -0.315042 0.417022 -0.305083
v -0.315643 0.417623 -0.300125
v -0.315643 0.417623 0.300125
v -0.315042 0.417022 0.305083
v -0.313713 0.415693 0.308713
v 0.313713 0.394935 -0.308713
v 0.315042 0.394032 -0.305083
v 0.315643 0.393623 -0.300125
v 0.315643 0.393623 0.300125
v 0.315042 0.394032 0.305083
v 0.313713 0.394935 0.308713
v 0.315042 0.397403 -0.310042
v 0.317270 0.396646 -0.306198
v 0.318430 0.396251 -0.300125
v 0.318430 0.396251 0.300125
v 0.317270 0.396646 0.306198
v 0.315042 0.397403 0.310042
v 0.315643 0.401855 -0.310643
v 0.318430 0.401855 -0.306777
v 0.320000 0.401855 -0.300125
v 0.320000 0.401855 0.300125
v 0.318430 0.401855 0.306777
v 0.315643 0.401855 0.310643
v 0.315643 0.407105 -0.310643
v 0.318430 0.407105 -0.306777
v 0.320000 0.407105 -0.300125
v 0.320000 0.407105 0.300125
v 0.318430 0.407105 0.306777
v 0.315643 0.407105 0.310643
v 0.315042 0.412063 -0.310042
v 0.317270 0.413178 -0.306198
v 0.318430 0.413757 -0.300125
v 0.318430 0.413757 0.300125
v 0.317270 0.413178 0.306198
v 0.315042 0.412063 0.310042
v 0.313713 0.415693 -0.308713
v 0.315042 0.417022 -0.305083
v 0.315643 0.417623 -0.300125
v 0.315643 0.417623 0.300125
v 0.315042 0.417022 0.305083
v 0.313713 0.415693 0.308713
v -0.313713 0.394935 -0.308713
v -0.310083 0.394032 -0.310042
v -0.305125 0.393623 -0.310643
v 0.305125 0.393623 -0.310643
v 0.310083 0.394032 -0.310042
v 0.313713 0.394935 -0.308713
v -0.315042 0.394032 -0.305083
v -0.311198 0.392516 -0.306198
v -0.305125 0.391728 -0.306777
v 0.305125 0.391728 -0.306777
v 0.311198 0.392516 -0.306198
v 0.315042 0.394032 -0.305083
v -0.315643 0.393623 -0.300125
v -0.311777 0.391728 -0.300125
v -0.305125 0.390660 -0.300125
v 0.305125 0.390660 -0.300125
v 0.311777 0.391728 -0.300125
v 0.315643 0.393623 -0.300125
v -0.315643 0.393623 0.300125
v -0.311777 0.391728 0.300125
v -0.305125 0.390660 0.300125
v 0.305125 0.390660 0.300125
v 0.311777 0.391728 0.300125
v 0.315643 0.393623 0.300125
v -0.315042 0.394032 0.305083
v -0.311198 0.392516 0.306198
v -0.305125 0.391728 0.306777
v 0.305125 0.391728 0.306777
v 0.311198 0.392516 0.306198
v 0.315042 0.394032 0.305083
v -0.313713 0.394935 0.308713
v -0.310083 0.394032 0.310042
v -0.305125 0.393623 0.310643
v 0.305125 0.393623 0.310643
v 0.310083 0.394032 0.310042
v 0.313713 0.394935 0.308713
v -0.313713 0.415693 -0.308713
v -0.310083 0.417022 -0.310042
v -0.305125 0.417623 -0.310643
v 0.305125 0.417623 -0.310643
v 0.310083 0.417022 -0.310042
v 0.313713 0.415693 -0.308713
v -0.315042 0.417022 -0.305083
v -0.311198 0.419250 -0.306198
v -0.305125 0.420410 -0.306777
v 0.305125 0.420410 -0.306777
v 0.311198 0.419250 -0.306198
v 0.315042 0.417022 -0.305083
v -0.315643 0.417623 -0.300125
v -0.311777 0.420410 -0.300125
v -0.305125 0.421980 -0.300125
v 0.305125 0.421980 -0.300125
v 0.311777 0.420410 -0.300125
v 0.315643 0.417623 -0.300125
v -0.315643 0.417623 0.300125
v -0.311777 0.420410 0.300125
v -0.305125 0.421980 0.300125
v 0.305125 0.421980 0.300125
v 0.311777 0.420410 0.300125
v 0.315643 0.417623 0.300125
v -0.315042 0.417022 0.305083
v -0.311198 0.419250 0.306198
v -0.305125 0.420410 0.306777
v 0.305125 0.420410 0.306777
v 0.311198 0.419250 0.306198
v 0.315042 0.417022 0.305083
v -0.313713 0.415693 0.308713
v -0.310083 0.417022 0.310042
v -0.305125 0.417623 0.310643
v 0.305125 0.417623 0.310643
v 0.310083 0.417022 0.310042
v 0.313713 0.415693 0.308713
v -0.313713 0.394935 -0.308713
v -0.315042 0.397403 -0.310042
v -0.315643 0.401855 -0.310643
v -0.315643 0.407105 -0.310643
v -0.315042 0.412063 -0.310042
v -0.313713 0.415693 -0.308713
v -0.310083 0.394032 -0.310042
v -0.311198 0.396646 -0.312270
v -0.311777 0.401855 -0.313430
v -0.311777 0.407105 -0.313430
v -0.311198 0.413178 -0.312270
v -0.310083 0.417022 -0.310042
v -0.305125 0.393623 -0.310643
v -0.305125 0.396251 -0.313430
v -0.305125 0.401855 -0.315000
v -0.305125 0.407105 -0.315000
v -0.305125 0.413757 -0.313430
v -0.305125 0.417623 -0.310643
v 0.305125 0.393623 -0.310643
v 0.305125 0.396251 -0.313430
v 0.305125 0.401855 -0.315000
v 0.305125 0.407105 -0.315000
v 0.305125 0.413757 -0.313430
v 0.305125 0.417623 -0.310643
v 0.310083 0.394032 -0.310042
v 0.311198 0.396646 -0.312270
v 0.311777 0.401855 -0.313430
v 0.311777 0.407105 -0.313430
v 0.311198 0.413178 -0.312270
v 0.310083 0.417022 -0.310042
v 0.313713 0.394935 -0.308713
v 0.315042 0.397403 -0.310042
v 0.315643 0.401855 -0.310643
v 0.315643 0.407105 -0.310643
v 0.315042 0.412063 -0.310042
v 0.313713 0.415693 -0.308713
v -0.313713 0.394935 0.308713
v -0.315042 0.397403 0.310042
v -0.315643 0.401855 0.310643
v -0.315643 0.407105 0.310643
v -0.315042 0.412063 0.310042
v -0.313713 0.415693 0.308713
v -0.310083 0.394032 0.310042
v -0.311198 0.396646 0.312270
v -0.311777 0.401855 0.313430
v -0.311777 0.407105 0.313430
v -0.311198 0.413178 0.312270
v -0.310083 0.417022 0.310042
v -0.305125 0.393623 0.310643
v -0.305125 0.396251 0.313430
v -0.305125 0.401855 0.315000
v -0.305125 0.407105 0.315000
v -0.305125 0.413757 0.313430
v -0.305125 0.417623 0.310643
v 0.305125 0.393623 0.310643
v 0.305125 0.396251 0.313430
v 0.305125 0.401855 0.315000
v 0.305125 0.407105 0.315000
v 0.305125 0.413757 0.313430
v 0.305125 0.417623 0.310643
v 0.310083 0.394032 0.310042
v 0.311198 0.396646 0.312270
v 0.311777 0.401855 0.313430
v 0.311777 0.407105 0.313430
v 0.311198 0.413178 0.312270
v 0.310083 0.417022 0.310042
v 0.313713 0.394935 0.308713
v 0.315042 0.397403 0.310042
v 0.315643 0.401855 0.310643
v 0.315643 0.407105 0.310643
v 0.315042 0.412063 0.310042
v 0.313713 0.415693 0.308713
v 0.152000 0.622480 0.000000
v 0.150129 0.622480 0.023778
v 0.144561 0.622480 0.046971
v 0.135433 0.622480 0.069007
v 0.122971 0.622480 0.089343
v 0.107480 0.622480 0.107480
v 0.089343 0.622480 0.122971
v 0.069007 0.622480 0.135433
v 0.046971 0.622480 0.144561
v 0.023778 0.622480 0.150129
v 0.000000 0.622480 0.152000
v -0.023778 0.622480 0.150129
v -0.046971 0.622480 0.144561
v -0.069007 0.622480 0.135433
v -0.089343 0.622480 0.122971
v -0.107480 0.622480 0.107480
v -0.122971 0.622480 0.089343
v -0.135433 0.622480 0.069007
v -0.144561 0.622480 0.046971
v -0.150129 0.622480 0.023778
v -0.152000 0.622480 0.000000
v -0.150129 0.622480 -0.023778
v -0.144561 0.622480 -0.046971
v -0.135433 0.622480 -0.069007
v -0.122971 0.622480 -0.089343
v -0.107480 0.622480 -0.107480
v -0.089343 0.622480 -0.122971
v -0.069007 0.622480 -0.135433
v -0.046971 0.622480 -0.144561
v -0.023778 0.622480 -0.150129
v -0.000000 0.622480 -0.152000
v 0.023778 0.622480 -0.150129
v 0.046971 0.622480 -0.144561
v 0.069007 0.622480 -0.135433
v 0.089343 0.622480 -0.122971
v 0.107480 0.622480 -0.107480
v 0.122971 0.622480 -0.089343
v 0.135433 0.622480 -0.069007
v 0.144561 0.622480 -0.046971
v 0.150129 0.622480 -0.023778
v 0.152000 0.622480 -0.000000
v 0.141000 0.472480 0.000000
v 0.139264 0.472480 0.022057
v 0.134099 0.472480 0.043571
v 0.125632 0.472480 0.064013
v 0.114071 0.472480 0.082878
v 0.099702 0.472480 0.099702
v 0.082878 0.472480 0.114071
v 0.064013 0.472480 0.125632
v 0.043571 0.472480 0.134099
v 0.022057 0.472480 0.139264
v 0.000000 0.472480 0.141000
v -0.022057 0.472480 0.139264
v -0.043571 0.472480 0.134099
v -0.064013 0.472480 0.125632
v -0.082878 0.472480 0.114071
v -0.099702 0.472480 0.099702
v -0.114071 0.472480 0.082878
v -0.125632 0.472480 0.064013
v -0.134099 0.472480 0.043571
v -0.139264 0.472480 0.022057
v -0.141000 0.472480 0.000000
v -0.139264 0.472480 -0.022057
v -0.134099 0.472480 -0.043571
v -0.125632 0.472480 -0.064013
v -0.114071 0.472480 -0.082878
v -0.099702 0.472480 -0.099702
v -0.082878 0.472480 -0.114071
v -0.064013 0.472480 -0.125632
v -0.043571 0.472480 -0.134099
v -0.022057 0.472480 -0.139264
v -0.000000 0.472480 -0.141000
v 0.022057 0.472480 -0.139264
v 0.043571 0.472480 -0.134099
v 0.064013 0.472480 -0.125632
v 0.082878 0.472480 -0.114071
v 0.099702 0.472480 -0.099702
v 0.114071 0.472480 -0.082878
v 0.125632 0.472480 -0.064013
v 0.134099 0.472480 -0.043571
v 0.139264 0.472480 -0.022057
v 0.141000 0.472480 -0.000000
v 0.000000 0.472480 0.000000
v 0.000000 0.472480 0.000000
v 0.000000 0.472480 0.000000
v 0.000000 0.472480 0.000000
v 0.000000 0.472480 0.000000
v 0.000000 0.472480 0.000000
v 0.000000 0.472480 0.000000
v 0.000000 0.472480 0.000000
v 0.000000 0.472480 0.000000
v 0.000000 0.472480 0.000000
v 0.000000 0.472480 0.000000
v 0.000000 0.472480 0.000000
v 0.000000 0.472480 0.000000
v 0.000000 0.472480 0.000000
v 0.000000 0.472480 0.000000
v 0.000000 0.472480 0.000000
v 0.000000 0.472480 0.000000
v 0.000000 0.472480 0.000000
v 0.000000 0.472480 0.000000
v 0.000000 0.472480 0.000000
v 0.000000 0.472480 0.000000
v 0.000000 0.472480 0.000000
v 0.000000 0.472480 0.000000
v 0.000000 0.472480 0.000000
v 0.000000 0.472480 0.000000
v 0.000000 0.472480 0.000000
v 0.000000 0.472480 0.000000
v 0.000000 0.472480 0.000000
v 0.000000 0.472480 0.000000
v 0.000000 0.472480 0.000000
v 0.000000 0.472480 0.000000
v 0.000000 0.472480 0.000000
v 0.000000 0.472480 0.000000
v 0.000000 0.472480 0.000000
v 0.000000 0.472480 0.000000
v 0.000000 0.472480 0.000000
v 0.000000 0.472480 0.000000
v 0.000000 0.472480 0.000000
v 0.000000 0.472480 0.000000
v 0.000000 0.472480 0.000000
v 0.000000 0.472480 0.000000
vn -0.490135 -0.720787 -0.490135
vn -0.534082 -0.785415 -0.312858
vn -0.562308 -0.826923 -0.002698
vn -0.562310 -0.826926 0.000561
vn -0.549577 -0.808201 0.211606
vn -0.496038 -0.729467 0.470983
vn -0.622763 -0.473638 -0.622763
vn -0.823006 -0.444279 -0.353945
vn -0.836693 -0.547666 -0.002463
vn -0.918750 -0.394836 0.001509
vn -0.860880 -0.402171 0.311681
vn -0.665483 -0.384731 0.639621
vn -0.700014 -0.141281 -0.700014
vn -0.916871 -0.135320 -0.375547
vn -0.982449 -0.186514 -0.002488
vn -0.995196 -0.097871 0.002398
vn -0.924216 -0.105070 0.367131
vn -0.698506 -0.098694 0.708766
vn -0.706038 0.054950 -0.706038
vn -0.923356 0.098389 -0.371125
vn -0.995766 0.091892 -0.002525
vn -0.986099 0.166143 0.002361
vn -0.920116 0.124130 0.371453
vn -0.711455 0.092966 0.696556
vn -0.682272 0.262698 -0.682272
vn -0.884494 0.329902 -0.329902
vn -0.944990 0.327096 -0.001671
vn -0.896320 0.443401 0.002488
vn -0.855957 0.365607 0.365607
vn -0.661762 0.317377 0.679222
vn -0.587065 0.557412 -0.587065
vn -0.679222 0.661762 -0.317377
vn -0.743524 0.668707 -0.001607
vn -0.668707 0.743524 0.001607
vn -0.661762 0.679222 0.317377
vn -0.557412 0.587065 0.587065
vn 0.470983 -0.729467 -0.496038
vn 0.533893 -0.805851 -0.256051
vn 0.521738 -0.853105 -0.001254
vn 0.603099 -0.797665 0.001304
vn 0.552899 -0.792186 0.258350
vn 0.503175 -0.702588 0.503175
vn 0.639621 -0.384731 -0.665483
vn 0.823006 -0.444279 -0.353945
vn 0.836693 -0.547666 -0.002463
vn 0.918750 -0.394836 0.001509
vn 0.860880 -0.402171 0.311681
vn 0.671764 -0.312197 0.671764
vn 0.708766 -0.098694 -0.698506
vn 0.916871 -0.135320 -0.375547
vn 0.982449 -0.186514 -0.002488
vn 0.995196 -0.097871 0.002398
vn 0.924216 -0.105070 0.367131
vn 0.705965 -0.056806 0.705965
vn 0.696556 0.092966 -0.711455
vn 0.923356 0.098389 -0.371125
vn 0.995766 0.091892 -0.002525
vn 0.986099 0.166143 0.002361
vn 0.920116 0.124130 0.371453
vn 0.701137 0.129670 0.701137
vn 0.679222 0.317377 -0.661762
vn 0.884494 0.329902 -0.329902
vn 0.944990 0.327096 -0.001671
vn 0.896320 0.443401 0.002488
vn 0.855957 0.365607 0.365607
vn 0.653281 0.382683 0.653281
vn 0.587065 0.587065 -0.557412
vn 0.682272 0.682272 -0.262698
vn 0.707107 0.707107 -0.000706
vn 0.707103 0.707103 0.003393
vn 0.653281 0.653281 0.382683
vn 0.577350 0.577350 0.577350
vn -0.490135 -0.720787 -0.490135
vn -0.312858 -0.785415 -0.534082
vn -0.002655 -0.826924 -0.562308
vn 0.000552 -0.826926 -0.562310
vn 0.211606 -0.808201 -0.549577
vn 0.470983 -0.729467 -0.496038
vn -0.534082 -0.785415 -0.312858
vn -0.268668 -0.925005 -0.268668
vn -0.001760 -0.947803 -0.318851
vn 0.001151 -0.973402 -0.229102
vn 0.238736 -0.941281 -0.238736
vn 0.533893 -0.805851 -0.256051
vn -0.562308 -0.826923 -0.002698
vn -0.318833 -0.947809 -0.001789
vn -0.003371 -0.999988 -0.003426
vn 0.000882 -0.999999 -0.000896
vn 0.229112 -0.973399 -0.001170
vn 0.521738 -0.853105 -0.001254
vn -0.562310 -0.826926 0.000561
vn -0.229112 -0.973399 0.001170
vn -0.000882 -0.999999 0.000896
vn 0.003371 -0.999988 0.003426
vn 0.318833 -0.947809 0.001789
vn 0.603099 -0.797665 0.001304
vn -0.549577 -0.808201 0.211606
vn -0.238736 -0.941281 0.238736
vn -0.001151 -0.973402 0.229102
vn 0.001760 -0.947803 0.318851
vn 0.268668 -0.925005 0.268668
vn 0.552899 -0.792186 0.258350
vn -0.496038 -0.729467 0.470983
vn -0.256051 -0.805851 0.533893
vn -0.001234 -0.853113 0.521724
vn 0.001283 -0.797655 0.603113
vn 0.258350 -0.792186 0.552899
vn 0.503175 -0.702588 0.503175
vn -0.587065 0.557412 -0.587065
vn -0.317377 0.661762 -0.679222
vn -0.001581 0.668694 -0.743536
vn 0.001581 0.743536 -0.668694
vn 0.317377 0.679222 -0.661762
vn 0.587065 0.587065 -0.557412
vn -0.679222 0.661762 -0.317377
vn -0.365607 0.855957 -0.365607
vn -0.002448 0.896309 -0.443423
vn 0.001644 0.944994 -0.327083
vn 0.329902 0.884494 -0.329902
vn 0.682272 0.682272 -0.262698
vn -0.743524 0.668707 -0.001607
vn -0.443401 0.896320 -0.002488
vn -0.004957 0.999975 -0.005039
vn 0.001297 0.999998 -0.001318
vn 0.327096 0.944990 -0.001671
vn 0.707107 0.707107 -0.000706
vn -0.668707 0.743524 0.001607
vn -0.327096 0.944990 0.001671
vn -0.001297 0.999998 0.001318
vn 0.004957 0.999975 0.005039
vn 0.443401 0.896320 0.002488
vn 0.707103 0.707103 0.003393
vn -0.661762 0.679222 0.317377
vn -0.329902 0.884494 0.329902
vn -0.001644 0.944994 0.327083
vn 0.002448 0.896309 0.443423
vn 0.365607 0.855957 0.365607
vn 0.653281 0.653281 0.382683
vn -0.557412 0.587065 0.587065
vn -0.262698 0.682272 0.682272
vn -0.000694 0.707107 0.707107
vn 0.003338 0.707103 0.707103
vn 0.382683 0.653281 0.653281
vn 0.577350 0.577350 0.577350
vn -0.490135 -0.720787 -0.490135
vn -0.622763 -0.473638 -0.622763
vn -0.700014 -0.141281 -0.700014
vn -0.706038 0.054950 -0.706038
vn -0.682272 0.262698 -0.682272
vn -0.587065 0.557412 -0.587065
vn -0.312858 -0.785415 -0.534082
vn -0.353945 -0.444279 -0.823006
vn -0.375547 -0.135320 -0.916871
vn -0.371125 0.098389 -0.923356
vn -0.329902 0.329902 -0.884494
vn -0.317377 0.661762 -0.679222
vn -0.002655 -0.826924 -0.562308
vn -0.002423 -0.547696 -0.836674
vn -0.002448 -0.186529 -0.982446
vn -0.002484 0.091880 -0.995767
vn -0.001644 0.327083 -0.944994
vn -0.001581 0.668694 -0.743536
vn 0.000552 -0.826926 -0.562310
vn 0.001485 -0.394819 -0.918758
vn 0.002359 -0.097857 -0.995198
vn 0.002322 0.166155 -0.986097
vn 0.002448 0.443423 -0.896309
vn 0.001581 0.743536 -0.668694
vn 0.211606 -0.808201 -0.549577
vn 0.311681 -0.402171 -0.860880
vn 0.367131 -0.105070 -0.924216
vn 0.371453 0.124130 -0.920116
vn 0.365607 0.365607 -0.855957
vn 0.317377 0.679222 -0.661762
vn 0.470983 -0.729467 -0.496038
vn 0.639621 -0.384731 -0.665483
vn 0.708766 -0.098694 -0.698506
vn 0.696556 0.092966 -0.711455
vn 0.679222 0.317377 -0.661762
vn 0.587065 0.587065 -0.557412
vn -0.496038 -0.729467 0.470983
vn -0.665483 -0.384731 0.639621
vn -0.698506 -0.098694 0.708766
vn -0.711455 0.092966 0.696556
vn -0.661762 0.317377 0.679222
vn -0.557412 0.587065 0.587065
vn -0.256051 -0.805851 0.533893
vn -0.353945 -0.444279 0.823006
vn -0.375547 -0.135320 0.916871
vn -0.371125 0.098389 0.923356
vn -0.329902 0.329902 0.884494
vn -0.262698 0.682272 0.682272
vn -0.001234 -0.853113 0.521724
vn -0.002423 -0.547696 0.836674
vn -0.002448 -0.186529 0.982446
vn -0.002484 0.091880 0.995767
vn -0.001644 0.327083 0.944994
vn -0.000694 0.707107 0.707107
vn 0.001283 -0.797655 0.603113
vn 0.001485 -0.394819 0.918758
vn 0.002359 -0.097857 0.995198
vn 0.002322 0.166155 0.986097
vn 0.002448 0.443423 0.896309
vn 0.003338 0.707103 0.707103
vn 0.258350 -0.792186 0.552899
vn 0.311681 -0.402171 0.860880
vn 0.367131 -0.105070 0.924216
vn 0.371453 0.124130 0.920116
vn 0.365607 0.365607 0.855957
vn 0.382683 0.653281 0.653281
vn 0.503175 -0.702588 0.503175
vn 0.671764 -0.312197 0.671764
vn 0.705965 -0.056806 0.705965
vn 0.701137 0.129670 0.701137
vn 0.653281 0.382683 0.653281
vn 0.577350 0.577350 0.577350
vn -0.997014 0.073114 0.024862
vn -0.988628 0.073114 -0.131411
vn -0.955899 0.073114 -0.284449
vn -0.899633 0.073114 -0.430482
vn -0.821215 0.073114 -0.565916
vn -0.722576 0.073114 -0.687415
vn -0.606144 0.073114 -0.791987
vn -0.474787 0.073114 -0.877058
vn -0.331740 0.073114 -0.940533
vn -0.180524 0.073114 -0.980849
vn -0.024862 0.073114 -0.997014
vn 0.131411 0.073114 -0.988628
vn 0.284449 0.073114 -0.955899
vn 0.430482 0.073114 -0.899633
vn 0.565916 0.073114 -0.821215
vn 0.687415 0.073114 -0.722576
vn 0.791987 0.073114 -0.606144
vn 0.877058 0.073114 -0.474787
vn 0.940533 0.073114 -0.331740
vn 0.980849 0.073114 -0.180524
vn 0.997014 0.073114 -0.024862
vn 0.988628 0.073114 0.131411
vn 0.955899 0.073114 0.284449
vn 0.899633 0.073114 0.430482
vn 0.821215 0.073114 0.565916
vn 0.722576 0.073114 0.687415
vn 0.606144 0.073114 0.791987
vn 0.474787 0.073114 0.877058
vn 0.331740 0.073114 0.940533
vn 0.180524 0.073114 0.980849
vn 0.024862 0.073114 0.997014
vn -0.131411 0.073114 0.988628
vn -0.284449 0.073114 0.955899
vn -0.430482 0.073114 0.899633
vn -0.565916 0.073114 0.821215
vn -0.687415 0.073114 0.722576
vn -0.791987 0.073114 0.606144
vn -0.877058 0.073114 0.474787
vn -0.940533 0.073114 0.331740
vn -0.980849 0.073114 0.180524
vn -0.997014 0.073114 0.024862
vn -0.825130 0.564485 -0.022744
vn -0.811413 0.564485 -0.151542
vn -0.777717 0.564485 -0.276610
vn -0.724871 0.564485 -0.394866
vn -0.654176 0.564485 -0.503399
vn -0.567373 0.564485 -0.599537
vn -0.466599 0.564485 -0.680912
vn -0.354336 0.564485 -0.745521
vn -0.233349 0.564485 -0.791773
vn -0.106615 0.564485 -0.818529
vn 0.022744 0.564485 -0.825130
vn 0.151542 0.564485 -0.811413
vn 0.276610 0.564485 -0.777717
vn 0.394866 0.564485 -0.724871
vn 0.503399 0.564485 -0.654176
vn 0.599537 0.564485 -0.567373
vn 0.680912 0.564485 -0.466599
vn 0.745521 0.564485 -0.354336
vn 0.791773 0.564485 -0.233349
vn 0.818529 0.564485 -0.106615
vn 0.825130 0.564485 0.022744
vn 0.811413 0.564485 0.151542
vn 0.777717 0.564485 0.276610
vn 0.724871 0.564485 0.394866
vn 0.654176 0.564485 0.503399
vn 0.567373 0.564485 0.599537
vn 0.466599 0.564485 0.680912
vn 0.354336 0.564485 0.745521
vn 0.233349 0.564485 0.791773
vn 0.106615 0.564485 0.818529
vn -0.022744 0.564485 0.825130
vn -0.151542 0.564485 0.811413
vn -0.276610 0.564485 0.777717
vn -0.394866 0.564485 0.724871
vn -0.503399 0.564485 0.654176
vn -0.599537 0.564485 0.567373
vn -0.680912 0.564485 0.466599
vn -0.745521 0.564485 0.354336
vn -0.791773 0.564485 0.233349
vn -0.818529 0.564485 0.106615
vn -0.825130 0.564485 -0.022744
vn 0.000000 1.000000 0.000000
vn 0.000000 1.000000 0.000000
vn 0.000000 1.000000 0.000000
vn 0.000000 1.000000 0.000000
vn 0.000000 1.000000 0.000000
vn 0.000000 1.000000 0.000000
vn 0.000000 1.000000 0.000000
vn 0.000000 1.000000 0.000000
vn 0.000000 1.000000 0.000000
vn 0.000000 1.000000 0.000000
vn 0.000000 1.000000 0.000000
vn 0.000000 1.000000 0.000000
vn 0.000000 1.000000 0.000000
vn 0.000000 1.000000 0.000000
vn 0.000000 1.000000 0.000000
vn 0.000000 1.000000 0.000000
vn 0.000000 1.000000 0.000000
vn 0.000000 1.000000 0.000000
vn 0.000000 1.000000 0.000000
vn 0.000000 1.000000 0.000000
vn 0.000000 1.000000 0.000000
vn 0.000000 1.000000 0.000000
vn 0.000000 1.000000 0.000000
vn 0.000000 1.000000 0.000000
vn 0.000000 1.000000 0.000000
vn 0.000000 1.000000 0.000000
vn 0.000000 1.000000 0.000000
vn 0.000000 1.000000 0.000000
vn 0.000000 1.000000 0.000000
vn 0.000000 1.000000 0.000000
vn 0.000000 1.000000 0.000000
vn 0.000000 1.000000 0.000000
vn 0.000000 1.000000 0.000000
vn 0.000000 1.000000 0.000000
vn 0.000000 1.000000 0.000000
vn 0.000000 1.000000 0.000000
vn 0.000000 1.000000 0.000000
vn 0.000000 1.000000 0.000000
vn 0.000000 1.000000 0.000000
vn 0.000000 1.000000 0.000000
vn 0.000000 1.000000 0.000000
f 3391//3391 3396//3396 3390//3390
f 3397//3397 3396//3396 3391//3391
f 3392//3392 3397//3397 3391//3391
f 3398//3398 3397//3397 3392//3392
f 3393//3393 3398//3398 3392//3392
f 3399//3399 3398//3398 3393//3393
f 3394//3394 3399//3399 3393//3393
f 3400//3400 3399//3399 3394//3394
f 3395//3395 3400//3400 3394//3394
f 3401//3401 3400//3400 3395//3395
f 3397//3397 3402//3402 3396//3396
f 3403//3403 3402//3402 3397//3397
f 3398//3398 3403//3403 3397//3397
f 3404//3404 3403//3403 3398//3398
f 3399//3399 3404//3404 3398//3398
f 3405//3405 3404//3404 3399//3399
f 3400//3400 3405//3405 3399//3399
f 3406//3406 3405//3405 3400//3400
f 3401//3401 3406//3406 3400//3400
f 3407//3407 3406//3406 3401//3401
f 3403//3403 3408//3408 3402//3402
f 3409//3409 3408//3408 3403//3403
f 3404//3404 3409//3409 3403//3403
f 3410//3410 3409//3409 3404//3404
f 3405//3405 3410//3410 3404//3404
f 3411//3411 3410//3410 3405//3405
f 3406//3406 3411//3411 3405//3405
f 3412//3412 3411//3411 3406//3406
f 3407//3407 3412//3412 3406//3406
f 3413//3413 3412//3412 3407//3407
f 3409//3409 3414//3414 3408//3408
f 3415//3415 3414//3414 3409//3409
f 3410//3410 3415//3415 3409//3409
f 3416//3416 3415//3415 3410//3410
f 3411//3411 3416//3416 3410//3410
f 3417//3417 3416//3416 3411//3411
f 3412//3412 3417//3417 3411//3411
f 3418//3418 3417//3417 3412//3412
f 3413//3413 3418//3418 3412//3412
f 3419//3419 3418//3418 3413//3413
f 3415//3415 3420//3420 3414//3414
f 3421//3421 3420//3420 3415//3415
f 3416//3416 3421//3421 3415//3415
f 3422//3422 3421//3421 3416//3416
f 3417//3417 3422//3422 3416//3416
f 3423//3423 3422//3422 3417//3417
f 3418//3418 3423//3423 3417//3417
f 3424//3424 3423//3423 3418//3418
f 3419//3419 3424//3424 3418//3418
f 3425//3425 3424//3424 3419//3419
f 3426//3426 3432//3432 3427//3427
f 3427//3427 3432//3432 3433//3433
f 3427//3427 3433//3433 3428//3428
f 3428//3428 3433//3433 3434//3434
f 3428//3428 3434//3434 3429//3429
f 3429//3429 3434//3434 3435//3435
f 3429//3429 3435//3435 3430//3430
f 3430//3430 3435//3435 3436//3436
f 3430//3430 3436//3436 3431//3431
f 3431//3431 3436//3436 3437//3437
f 3432//3432 3438//3438 3433//3433
f 3433//3433 3438//3438 3439//3439
f 3433//3433 3439//3439 3434//3434
f 3434//3434 3439//3439 3440//3440
f 3434//3434 3440//3440 3435//3435
f 3435//3435 3440//3440 3441//3441
f 3435//3435 3441//3441 3436//3436
f 3436//3436 3441//3441 3442//3442
f 3436//3436 3442//3442 3437//3437
f 3437//3437 3442//3442 3443//3443
f 3438//3438 3444//3444 3439//3439
f 3439//3439 3444//3444 3445//3445
f 3439//3439 3445//3445 3440//3440
f 3440//3440 3445//3445 3446//3446
f 3440//3440 3446//3446 3441//3441
f 3441//3441 3446//3446 3447//3447
f 3441//3441 3447//3447 3442//3442
f 3442//3442 3447//3447 3448//3448
f 3442//3442 3448//3448 3443//3443
f 3443//3443 3448//3448 3449//3449
f 3444//3444 3450//3450 3445//3445
f 3445//3445 3450//3450 3451//3451
f 3445//3445 3451//3451 3446//3446
f 3446//3446 3451//3451 3452//3452
f 3446//3446 3452//3452 3447//3447
f 3447//3447 3452//3452 3453//3453
f 3447//3447 3453//3453 3448//3448
f 3448//3448 3453//3453 3454//3454
f 3448//3448 3454//3454 3449//3449
f 3449//3449 3454//3454 3455//3455
f 3450//3450 3456//3456 3451//3451
f 3451//3451 3456//3456 3457//3457
f 3451//3451 3457//3457 3452//3452
f 3452//3452 3457//3457 3458//3458
f 3452//3452 3458//3458 3453//3453
f 3453//3453 3458//3458 3459//3459
f 3453//3453 3459//3459 3454//3454
f 3454//3454 3459//3459 3460//3460
f 3454//3454 3460//3460 3455//3455
f 3455//3455 3460//3460 3461//3461
f 3463//3463 3468//3468 3462//3462
f 3469//3469 3468//3468 3463//3463
f 3464//3464 3469//3469 3463//3463
f 3470//3470 3469//3469 3464//3464
f 3465//3465 3470//3470 3464//3464
f 3471//3471 3470//3470 3465//3465
f 3466//3466 3471//3471 3465//3465
f 3472//3472 3471//3471 3466//3466
f 3467//3467 3472//3472 3466//3466
f 3473//3473 3472//3472 3467//3467
f 3469//3469 3474//3474 3468//3468
f 3475//3475 3474//3474 3469//3469
f 3470//3470 3475//3475 3469//3469
f 3476//3476 3475//3475 3470//3470
f 3471//3471 3476//3476 3470//3470
f 3477//3477 3476//3476 3471//3471
f 3472//3472 3477//3477 3471//3471
f 3478//3478 3477//3477 3472//3472
f 3473//3473 3478//3478 3472//3472
f 3479//3479 3478//3478 3473//3473
f 3475//3475 3480//3480 3474//3474
f 3481//3481 3480//3480 3475//3475
f 3476//3476 3481//3481 3475//3475
f 3482//3482 3481//3481 3476//3476
f 3477//3477 3482//3482 3476//3476
f 3483//3483 3482//3482 3477//3477
f 3478//3478 3483//3483 3477//3477
f 3484//3484 3483//3483 3478//3478
f 3479//3479 3484//3484 3478//3478
f 3485//3485 3484//3484 3479//3479
f 3481//3481 3486//3486 3480//3480
f 3487//3487 3486//3486 3481//3481
f 3482//3482 3487//3487 3481//3481
f 3488//3488 3487//3487 3482//3482
f 3483//3483 3488//3488 3482//3482
f 3489//3489 3488//3488 3483//3483
f 3484//3484 3489//3489 3483//3483
f 3490//3490 3489//3489 3484//3484
f 3485//3485 3490//3490 3484//3484
f 3491//3491 3490//3490 3485//3485
f 3487//3487 3492//3492 3486//3486
f 3493//3493 3492//3492 3487//3487
f 3488//3488 3493//3493 3487//3487
f 3494//3494 3493//3493 3488//3488
f 3489//3489 3494//3494 3488//3488
f 3495//3495 3494//3494 3489//3489
f 3490//3490 3495//3495 3489//3489
f 3496//3496 3495//3495 3490//3490
f 3491//3491 3496//3496 3490//3490
f 3497//3497 3496//3496 3491//3491
f 3498//3498 3504//3504 3499//3499
f 3499//3499 3504//3504 3505//3505
f 3499//3499 3505//3505 3500//3500
f 3500//3500 3505//3505 3506//3506
f 3500//3500 3506//3506 3501//3501
f 3501//3501 3506//3506 3507//3507
f 3501//3501 3507//3507 3502//3502
f 3502//3502 3507//3507 3508//3508
f 3502//3502 3508//3508 3503//3503
f 3503//3503 3508//3508 3509//3509
f 3504//3504 3510//3510 3505//3505
f 3505//3505 3510//3510 3511//3511
f 3505//3505 3511//3511 3506//3506
f 3506//3506 3511//3511 3512//3512
f 3506//3506 3512//3512 3507//3507
f 3507//3507 3512//3512 3513//3513
f 3507//3507 3513//3513 3508//3508
f 3508//3508 3513//3513 3514//3514
f 3508//3508 3514//3514 3509//3509
f 3509//3509 3514//3514 3515//3515
f 3510//3510 3516//3516 3511//3511
f 3511//3511 3516//3516 3517//3517
f 3511//3511 3517//3517 3512//3512
f 3512//3512 3517//3517 3518//3518
f 3512//3512 3518//3518 3513//3513
f 3513//3513 3518//3518 3519//3519
f 3513//3513 3519//3519 3514//3514
f 3514//3514 3519//3519 3520//3520
f 3514//3514 3520//3520 3515//3515
f 3515//3515 3520//3520 3521//3521
f 3516//3516 3522//3522 3517//3517
f 3517//3517 3522//3522 3523//3523
f 3517//3517 3523//3523 3518//3518
f 3518//3518 3523//3523 3524//3524
f 3518//3518 3524//3524 3519//3519
f 3519//3519 3524//3524 3525//3525
f 3519//3519 3525//3525 3520//3520
f 3520//3520 3525//3525 3526//3526
f 3520//3520 3526//3526 3521//3521
f 3521//3521 3526//3526 3527//3527
f 3522//3522 3528//3528 3523//3523
f 3523//3523 3528//3528 3529//3529
f 3523//3523 3529//3529 3524//3524
f 3524//3524 3529//3529 3530//3530
f 3524//3524 3530//3530 3525//3525
f 3525//3525 3530//3530 3531//3531
f 3525//3525 3531//3531 3526//3526
f 3526//3526 3531//3531 3532//3532
f 3526//3526 3532//3532 3527//3527
f 3527//3527 3532//3532 3533//3533
f 3535//3535 3540//3540 3534//3534
f 3541//3541 3540//3540 3535//3535
f 3536//3536 3541//3541 3535//3535
f 3542//3542 3541//3541 3536//3536
f 3537//3537 3542//3542 3536//3536
f 3543//3543 3542//3542 3537//3537
f 3538//3538 3543//3543 3537//3537
f 3544//3544 3543//3543 3538//3538
f 3539//3539 3544//3544 3538//3538
f 3545//3545 3544//3544 3539//3539
f 3541//3541 3546//3546 3540//3540
f 3547//3547 3546//3546 3541//3541
f 3542//3542 3547//3547 3541//3541
f 3548//3548 3547//3547 3542//3542
f 3543//3543 3548//3548 3542//3542
f 3549//3549 3548//3548 3543//3543
f 3544//3544 3549//3549 3543//3543
f 3550//3550 3549//3549 3544//3544
f 3545//3545 3550//3550 3544//3544
f 3551//3551 3550//3550 3545//3545
f 3547//3547 3552//3552 3546//3546
f 3553//3553 3552//3552 3547//3547
f 3548//3548 3553//3553 3547//3547
f 3554//3554 3553//3553 3548//3548
f 3549//3549 3554//3554 3548//3548
f 3555//3555 3554//3554 3549//3549
f 3550//3550 3555//3555 3549//3549
f 3556//3556 3555//3555 3550//3550
f 3551//3551 3556//3556 3550//3550
f 3557//3557 3556//3556 3551//3551
f 3553//3553 3558//3558 3552//3552
f 3559//3559 3558//3558 3553//3553
f 3554//3554 3559//3559 3553//3553
f 3560//3560 3559//3559 3554//3554
f 3555//3555 3560//3560 3554//3554
f 3561//3561 3560//3560 3555//3555
f 3556//3556 3561//3561 3555//3555
f 3562//3562 3561//3561 3556//3556
f 3557//3557 3562//3562 3556//3556
f 3563//3563 3562//3562 3557//3557
f 3559//3559 3564//3564 3558//3558
f 3565//3565 3564//3564 3559//3559
f 3560//3560 3565//3565 3559//3559
f 3566//3566 3565//3565 3560//3560
f 3561//3561 3566//3566 3560//3560
f 3567//3567 3566//3566 3561//3561
f 3562//3562 3567//3567 3561//3561
f 3568//3568 3567//3567 3562//3562
f 3563//3563 3568//3568 3562//3562
f 3569//3569 3568//3568 3563//3563
f 3570//3570 3576//3576 3571//3571
f 3571//3571 3576//3576 3577//3577
f 3571//3571 3577//3577 3572//3572
f 3572//3572 3577//3577 3578//3578
f 3572//3572 3578//3578 3573//3573
f 3573//3573 3578//3578 3579//3579
f 3573//3573 3579//3579 3574//3574
f 3574//3574 3579//3579 3580//3580
f 3574//3574 3580//3580 3575//3575
f 3575//3575 3580//3580 3581//3581
f 3576//3576 3582//3582 3577//3577
f 3577//3577 3582//3582 3583//3583
f 3577//3577 3583//3583 3578//3578
f 3578//3578 3583//3583 3584//3584
f 3578//3578 3584//3584 3579//3579
f 3579//3579 3584//3584 3585//3585
f 3579//3579 3585//3585 3580//3580
f 3580//3580 3585//3585 3586//3586
f 3580//3580 3586//3586 3581//3581
f 3581//3581 3586//3586 3587//3587
f 3582//3582 3588//3588 3583//3583
f 3583//3583 3588//3588 3589//3589
f 3583//3583 3589//3589 3584//3584
f 3584//3584 3589//3589 3590//3590
f 3584//3584 3590//3590 3585//3585
f 3585//3585 3590//3590 3591//3591
f 3585//3585 3591//3591 3586//3586
f 3586//3586 3591//3591 3592//3592
f 3586//3586 3592//3592 3587//3587
f 3587//3587 3592//3592 3593//3593
f 3588//3588 3594//3594 3589//3589
f 3589//3589 3594//3594 3595//3595
f 3589//3589 3595//3595 3590//3590
f 3590//3590 3595//3595 3596//3596
f 3590//3590 3596//3596 3591//3591
f 3591//3591 3596//3596 3597//3597
f 3591//3591 3597//3597 3592//3592
f 3592//3592 3597//3597 3598//3598
f 3592//3592 3598//3598 3593//3593
f 3593//3593 3598//3598 3599//3599
f 3594//3594 3600//3600 3595//3595
f 3595//3595 3600//3600 3601//3601
f 3595//3595 3601//3601 3596//3596
f 3596//3596 3601//3601 3602//3602
f 3596//3596 3602//3602 3597//3597
f 3597//3597 3602//3602 3603//3603
f 3597//3597 3603//3603 3598//3598
f 3598//3598 3603//3603 3604//3604
f 3598//3598 3604//3604 3599//3599
f 3599//3599 3604//3604 3605//3605
f 3606//3606 3647//3647 3607//3607
f 3607//3607 3647//3647 3648//3648
f 3607//3607 3648//3648 3608//3608
f 3608//3608 3648//3648 3649//3649
f 3608//3608 3649//3649 3609//3609
f 3609//3609 3649//3649 3650//3650
f 3609//3609 3650//3650 3610//3610
f 3610//3610 3650//3650 3651//3651
f 3610//3610 3651//3651 3611//3611
f 3611//3611 3651//3651 3652//3652
f 3611//3611 3652//3652 3612//3612
f 3612//3612 3652//3652 3653//3653
f 3612//3612 3653//3653 3613//3613
f 3613//3613 3653//3653 3654//3654
f 3613//3613 3654//3654 3614//3614
f 3614//3614 3654//3654 3655//3655
f 3614//3614 3655//3655 3615//3615
f 3615//3615 3655//3655 3656//3656
f 3615//3615 3656//3656 3616//3616
f 3616//3616 3656//3656 3657//3657
f 3616//3616 3657//3657 3617//3617
f 3617//3617 3657//3657 3658//3658
f 3617//3617 3658//3658 3618//3618
f 3618//3618 3658//3658 3659//3659
f 3618//3618 3659//3659 3619//3619
f 3619//3619 3659//3659 3660//3660
f 3619//3619 3660//3660 3620//3620
f 3620//3620 3660//3660 3661//3661
f 3620//3620 3661//3661 3621//3621
f 3621//3621 3661//3661 3662//3662
f 3621//3621 3662//3662 3622//3622
f 3622//3622 3662//3662 3663//3663
f 3622//3622 3663//3663 3623//3623
f 3623//3623 3663//3663 3664//3664
f 3623//3623 3664//3664 3624//3624
f 3624//3624 3664//3664 3665//3665
f 3624//3624 3665//3665 3625//3625
f 3625//3625 3665//3665 3666//3666
f 3625//3625 3666//3666 3626//3626
f 3626//3626 3666//3666 3667//3667
f 3626//3626 3667//3667 3627//3627
f 3627//3627 3667//3667 3668//3668
f 3627//3627 3668//3668 3628//3628
f 3628//3628 3668//3668 3669//3669
f 3628//3628 3669//3669 3629//3629
f 3629//3629 3669//3669 3670//3670
f 3629//3629 3670//3670 3630//3630
f 3630//3630 3670//3670 3671//3671
f 3630//3630 3671//3671 3631//3631
f 3631//3631 3671//3671 3672//3672
f 3631//3631 3672//3672 3632//3632
f 3632//3632 3672//3672 3673//3673
f 3632//3632 3673//3673 3633//3633
f 3633//3633 3673//3673 3674//3674
f 3633//3633 3674//3674 3634//3634
f 3634//3634 3674//3674 3675//3675
f 3634//3634 3675//3675 3635//3635
f 3635//3635 3675//3675 3676//3676
f 3635//3635 3676//3676 3636//3636
f 3636//3636 3676//3676 3677//3677
f 3636//3636 3677//3677 3637//3637
f 3637//3637 3677//3677 3678//3678
f 3637//3637 3678//3678 3638//3638
f 3638//3638 3678//3678 3679//3679
f 3638//3638 3679//3679 3639//3639
f 3639//3639 3679//3679 3680//3680
f 3639//3639 3680//3680 3640//3640
f 3640//3640 3680//3680 3681//3681
f 3640//3640 3681//3681 3641//3641
f 3641//3641 3681//3681 3682//3682
f 3641//3641 3682//3682 3642//3642
f 3642//3642 3682//3682 3683//3683
f 3642//3642 3683//3683 3643//3643
f 3643//3643 3683//3683 3684//3684
f 3643//3643 3684//3684 3644//3644
f 3644//3644 3684//3684 3685//3685
f 3644//3644 3685//3685 3645//3645
f 3645//3645 3685//3685 3686//3686
f 3645//3645 3686//3686 3646//3646
f 3646//3646 3686//3686 3687//3687
f 3647//3647 3688//3688 3648//3648
f 3648//3648 3688//3688 3689//3689
f 3648//3648 3689//3689 3649//3649
f 3649//3649 3689//3689 3690//3690
f 3649//3649 3690//3690 3650//3650
f 3650//3650 3690//3690 3691//3691
f 3650//3650 3691//3691 3651//3651
f 3651//3651 3691//3691 3692//3692
f 3651//3651 3692//3692 3652//3652
f 3652//3652 3692//3692 3693//3693
f 3652//3652 3693//3693 3653//3653
f 3653//3653 3693//3693 3694//3694
f 3653//3653 3694//3694 3654//3654
f 3654//3654 3694//3694 3695//3695
f 3654//3654 3695//3695 3655//3655
f 3655//3655 3695//3695 3696//3696
f 3655//3655 3696//3696 3656//3656
f 3656//3656 3696//3696 3697//3697
f 3656//3656 3697//3697 3657//3657
f 3657//3657 3697//3697 3698//3698
f 3657//3657 3698//3698 3658//3658
f 3658//3658 3698//3698 3699//3699
f 3658//3658 3699//3699 3659//3659
f 3659//3659 3699//3699 3700//3700
f 3659//3659 3700//3700 3660//3660
f 3660//3660 3700//3700 3701//3701
f 3660//3660 3701//3701 3661//3661
f 3661//3661 3701//3701 3702//3702
f 3661//3661 3702//3702 3662//3662
f 3662//3662 3702//3702 3703//3703
f 3662//3662 3703//3703 3663//3663
f 3663//3663 3703//3703 3704//3704
f 3663//3663 3704//3704 3664//3664
f 3664//3664 3704//3704 3705//3705
f 3664//3664 3705//3705 3665//3665
f 3665//3665 3705//3705 3706//3706
f 3665//3665 3706//3706 3666//3666
f 3666//3666 3706//3706 3707//3707
f 3666//3666 3707//3707 3667//3667
f 3667//3667 3707//3707 3708//3708
f 3667//3667 3708//3708 3668//3668
f 3668//3668 3708//3708 3709//3709
f 3668//3668 3709//3709 3669//3669
f 3669//3669 3709//3709 3710//3710
f 3669//3669 3710//3710 3670//3670
f 3670//3670 3710//3710 3711//3711
f 3670//3670 3711//3711 3671//3671
f 3671//3671 3711//3711 3712//3712
f 3671//3671 3712//3712 3672//3672
f 3672//3672 3712//3712 3713//3713
f 3672//3672 3713//3713 3673//3673
f 3673//3673 3713//3713 3714//3714
f 3673//3673 3714//3714 3674//3674
f 3674//3674 3714//3714 3715//3715
f 3674//3674 3715//3715 3675//3675
f 3675//3675 3715//3715 3716//3716
f 3675//3675 3716//3716 3676//3676
f 3676//3676 3716//3716 3717//3717
f 3676//3676 3717//3717 3677//3677
f 3677//3677 3717//3717 3718//3718
f 3677//3677 3718//3718 3678//3678
f 3678//3678 3718//3718 3719//3719
f 3678//3678 3719//3719 3679//3679
f 3679//3679 3719//3719 3720//3720
f 3679//3679 3720//3720 3680//3680
f 3680//3680 3720//3720 3721//3721
f 3680//3680 3721//3721 3681//3681
f 3681//3681 3721//3721 3722//3722
f 3681//3681 3722//3722 3682//3682
f 3682//3682 3722//3722 3723//3723
f 3682//3682 3723//3723 3683//3683
f 3683//3683 3723//3723 3724//3724
f 3683//3683 3724//3724 3684//3684
f 3684//3684 3724//3724 3725//3725
f 3684//3684 3725//3725 3685//3685
f 3685//3685 3725//3725 3726//3726
f 3685//3685 3726//3726 3686//3686
f 3686//3686 3726//3726 3727//3727
f 3686//3686 3727//3727 3687//3687
f 3687//3687 3727//3727 3728//3728
o station-pot_metal
usemtl metal
v 0.233000 0.429480 0.000000
v 0.230517 0.437121 0.000000
v 0.224017 0.441844 0.000000
v 0.215983 0.441844 0.000000
v 0.209483 0.437121 0.000000
v 0.207000 0.429480 0.000000
v 0.209483 0.421839 0.000000
v 0.215983 0.417116 0.000000
v 0.224017 0.417116 0.000000
v 0.230517 0.421839 0.000000
v 0.233000 0.429480 0.000000
v 0.230131 0.429480 0.036449
v 0.227679 0.437121 0.036061
v 0.221259 0.441844 0.035044
v 0.213324 0.441844 0.033787
v 0.206904 0.437121 0.032770
v 0.204451 0.429480 0.032382
v 0.206904 0.421839 0.032770
v 0.213324 0.417116 0.033787
v 0.221259 0.417116 0.035044
v 0.227679 0.421839 0.036061
v 0.230131 0.429480 0.036449
v 0.221596 0.429480 0.072001
v 0.219235 0.437121 0.071234
v 0.213053 0.441844 0.069225
v 0.205412 0.441844 0.066742
v 0.199230 0.437121 0.064734
v 0.196869 0.429480 0.063967
v 0.199230 0.421839 0.064734
v 0.205412 0.417116 0.066742
v 0.213053 0.417116 0.069225
v 0.219235 0.421839 0.071234
v 0.221596 0.429480 0.072001
v 0.207605 0.429480 0.105780
v 0.205392 0.437121 0.104653
v 0.199601 0.441844 0.101702
v 0.192442 0.441844 0.098054
v 0.186651 0.437121 0.095103
v 0.184438 0.429480 0.093976
v 0.186651 0.421839 0.095103
v 0.192442 0.417116 0.098054
v 0.199601 0.417116 0.101702
v 0.205392 0.421839 0.104653
v 0.207605 0.429480 0.105780
v 0.188501 0.429480 0.136954
v 0.186492 0.437121 0.135495
v 0.181234 0.441844 0.131674
v 0.174734 0.441844 0.126951
v 0.169475 0.437121 0.123131
v 0.167467 0.429480 0.121672
v 0.169475 0.421839 0.123131
v 0.174734 0.417116 0.126951
v 0.181234 0.417116 0.131674
v 0.186492 0.421839 0.135495
v 0.188501 0.429480 0.136954
v 0.164756 0.429480 0.164756
v 0.163000 0.437121 0.163000
v 0.158404 0.441844 0.158404
v 0.152723 0.441844 0.152723
v 0.148127 0.437121 0.148127
v 0.146371 0.429480 0.146371
v 0.148127 0.421839 0.148127
v 0.152723 0.417116 0.152723
v 0.158404 0.417116 0.158404
v 0.163000 0.421839 0.163000
v 0.164756 0.429480 0.164756
v 0.136954 0.429480 0.188501
v 0.135495 0.437121 0.186492
v 0.131674 0.441844 0.181234
v 0.126951 0.441844 0.174734
v 0.123131 0.437121 0.169475
v 0.121672 0.429480 0.167467
v 0.123131 0.421839 0.169475
v 0.126951 0.417116 0.174734
v 0.131674 0.417116 0.181234
v 0.135495 0.421839 0.186492
v 0.136954 0.429480 0.188501
v 0.105780 0.429480 0.207605
v 0.104653 0.437121 0.205392
v 0.101702 0.441844 0.199601
v 0.098054 0.441844 0.192442
v 0.095103 0.437121 0.186651
v 0.093976 0.429480 0.184438
v 0.095103 0.421839 0.186651
v 0.098054 0.417116 0.192442
v 0.101702 0.417116 0.199601
v 0.104653 0.421839 0.205392
v 0.105780 0.429480 0.207605
v 0.072001 0.429480 0.221596
v 0.071234 0.437121 0.219235
v 0.069225 0.441844 0.213053
v 0.066742 0.441844 0.205412
v 0.064734 0.437121 0.199230
v 0.063967 0.429480 0.196869
v 0.064734 0.421839 0.199230
v 0.066742 0.417116 0.205412
v 0.069225 0.417116 0.213053
v 0.071234 0.421839 0.219235
v 0.072001 0.429480 0.221596
v 0.036449 0.429480 0.230131
v 0.036061 0.437121 0.227679
v 0.035044 0.441844 0.221259
v 0.033787 0.441844 0.213324
v 0.032770 0.437121 0.206904
v 0.032382 0.429480 0.204451
v 0.032770 0.421839 0.206904
v 0.033787 0.417116 0.213324
v 0.035044 0.417116 0.221259
v 0.036061 0.421839 0.227679
v 0.036449 0.429480 0.230131
v 0.000000 0.429480 0.233000
v 0.000000 0.437121 0.230517
v 0.000000 0.441844 0.224017
v 0.000000 0.441844 0.215983
v 0.000000 0.437121 0.209483
v 0.000000 0.429480 0.207000
v 0.000000 0.421839 0.209483
v 0.000000 0.417116 0.215983
v 0.000000 0.417116 0.224017
v 0.000000 0.421839 0.230517
v 0.000000 0.429480 0.233000
v -0.036449 0.429480 0.230131
v -0.036061 0.437121 0.227679
v -0.035044 0.441844 0.221259
v -0.033787 0.441844 0.213324
v -0.032770 0.437121 0.206904
v -0.032382 0.429480 0.204451
v -0.032770 0.421839 0.206904
v -0.033787 0.417116 0.213324
v -0.035044 0.417116 0.221259
v -0.036061 0.421839 0.227679
v -0.036449 0.429480 0.230131
v -0.072001 0.429480 0.221596
v -0.071234 0.437121 0.219235
v -0.069225 0.441844 0.213053
v -0.066742 0.441844 0.205412
v -0.064734 0.437121 0.199230
v -0.063967 0.429480 0.196869
v -0.064734 0.421839 0.199230
v -0.066742 0.417116 0.205412
v -0.069225 0.417116 0.213053
v -0.071234 0.421839 0.219235
v -0.072001 0.429480 0.221596
v -0.105780 0.429480 0.207605
v -0.104653 0.437121 0.205392
v -0.101702 0.441844 0.199601
v -0.098054 0.441844 0.192442
v -0.095103 0.437121 0.186651
v -0.093976 0.429480 0.184438
v -0.095103 0.421839 0.186651
v -0.098054 0.417116 0.192442
v -0.101702 0.417116 0.199601
v -0.104653 0.421839 0.205392
v -0.105780 0.429480 0.207605
v -0.136954 0.429480 0.188501
v -0.135495 0.437121 0.186492
v -0.131674 0.441844 0.181234
v -0.126951 0.441844 0.174734
v -0.123131 0.437121 0.169475
v -0.121672 0.429480 0.167467
v -0.123131 0.421839 0.169475
v -0.126951 0.417116 0.174734
v -0.131674 0.417116 0.181234
v -0.135495 0.421839 0.186492
v -0.136954 0.429480 0.188501
v -0.164756 0.429480 0.164756
v -0.163000 0.437121 0.163000
v -0.158404 0.441844 0.158404
v -0.152723 0.441844 0.152723
v -0.148127 0.437121 0.148127
v -0.146371 0.429480 0.146371
v -0.148127 0.421839 0.148127
v -0.152723 0.417116 0.152723
v -0.158404 0.417116 0.158404
v -0.163000 0.421839 0.163000
v -0.164756 0.429480 0.164756
v -0.188501 0.429480 0.136954
v -0.186492 0.437121 0.135495
v -0.181234 0.441844 0.131674
v -0.174734 0.441844 0.126951
v -0.169475 0.437121 0.123131
v -0.167467 0.429480 0.121672
v -0.169475 0.421839 0.123131
v -0.174734 0.417116 0.126951
v -0.181234 0.417116 0.131674
v -0.186492 0.421839 0.135495
v -0.188501 0.429480 0.136954
v -0.207605 0.429480 0.105780
v -0.205392 0.437121 0.104653
v -0.199601 0.441844 0.101702
v -0.192442 0.441844 0.098054
v -0.186651 0.437121 0.095103
v -0.184438 0.429480 0.093976
v -0.186651 0.421839 0.095103
v -0.192442 0.417116 0.098054
v -0.199601 0.417116 0.101702
v -0.205392 0.421839 0.104653
v -0.207605 0.429480 0.105780
v -0.221596 0.429480 0.072001
v -0.219235 0.437121 0.071234
v -0.213053 0.441844 0.069225
v -0.205412 0.441844 0.066742
v -0.199230 0.437121 0.064734
v -0.196869 0.429480 0.063967
v -0.199230 0.421839 0.064734
v -0.205412 0.417116 0.066742
v -0.213053 0.417116 0.069225
v -0.219235 0.421839 0.071234
v -0.221596 0.429480 0.072001
v -0.230131 0.429480 0.036449
v -0.227679 0.437121 0.036061
v -0.221259 0.441844 0.035044
v -0.213324 0.441844 0.033787
v -0.206904 0.437121 0.032770
v -0.204451 0.429480 0.032382
v -0.206904 0.421839 0.032770
v -0.213324 0.417116 0.033787
v -0.221259 0.417116 0.035044
v -0.227679 0.421839 0.036061
v -0.230131 0.429480 0.036449
v -0.233000 0.429480 0.000000
v -0.230517 0.437121 0.000000
v -0.224017 0.441844 0.000000
v -0.215983 0.441844 0.000000
v -0.209483 0.437121 0.000000
v -0.207000 0.429480 0.000000
v -0.209483 0.421839 0.000000
v -0.215983 0.417116 0.000000
v -0.224017 0.417116 0.000000
v -0.230517 0.421839 0.000000
v -0.233000 0.429480 0.000000
v -0.230131 0.429480 -0.036449
v -0.227679 0.437121 -0.036061
v -0.221259 0.441844 -0.035044
v -0.213324 0.441844 -0.033787
v -0.206904 0.437121 -0.032770
v -0.204451 0.429480 -0.032382
v -0.206904 0.421839 -0.032770
v -0.213324 0.417116 -0.033787
v -0.221259 0.417116 -0.035044
v -0.227679 0.421839 -0.036061
v -0.230131 0.429480 -0.036449
v -0.221596 0.429480 -0.072001
v -0.219235 0.437121 -0.071234
v -0.213053 0.441844 -0.069225
v -0.205412 0.441844 -0.066742
v -0.199230 0.437121 -0.064734
v -0.196869 0.429480 -0.063967
v -0.199230 0.421839 -0.064734
v -0.205412 0.417116 -0.066742
v -0.213053 0.417116 -0.069225
v -0.219235 0.421839 -0.071234
v -0.221596 0.429480 -0.072001
v -0.207605 0.429480 -0.105780
v -0.205392 0.437121 -0.104653
v -0.199601 0.441844 -0.101702
v -0.192442 0.441844 -0.098054
v -0.186651 0.437121 -0.095103
v -0.184438 0.429480 -0.093976
v -0.186651 0.421839 -0.095103
v -0.192442 0.417116 -0.098054
v -0.199601 0.417116 -0.101702
v -0.205392 0.421839 -0.104653
v -0.207605 0.429480 -0.105780
v -0.188501 0.429480 -0.136954
v -0.186492 0.437121 -0.135495
v -0.181234 0.441844 -0.131674
v -0.174734 0.441844 -0.126951
v -0.169475 0.437121 -0.123131
v -0.167467 0.429480 -0.121672
v -0.169475 0.421839 -0.123131
v -0.174734 0.417116 -0.126951
v -0.181234 0.417116 -0.131674
v -0.186492 0.421839 -0.135495
v -0.188501 0.429480 -0.136954
v -0.164756 0.429480 -0.164756
v -0.163000 0.437121 -0.163000
v -0.158404 0.441844 -0.158404
v -0.152723 0.441844 -0.152723
v -0.148127 0.437121 -0.148127
v -0.146371 0.429480 -0.146371
v -0.148127 0.421839 -0.148127
v -0.152723 0.417116 -0.152723
v -0.158404 0.417116 -0.158404
v -0.163000 0.421839 -0.163000
v -0.164756 0.429480 -0.164756
v -0.136954 0.429480 -0.188501
v -0.135495 0.437121 -0.186492
v -0.131674 0.441844 -0.181234
v -0.126951 0.441844 -0.174734
v -0.123131 0.437121 -0.169475
v -0.121672 0.429480 -0.167467
v -0.123131 0.421839 -0.169475
v -0.126951 0.417116 -0.174734
v -0.131674 0.417116 -0.181234
v -0.135495 0.421839 -0.186492
v -0.136954 0.429480 -0.188501
v -0.105780 0.429480 -0.207605
v -0.104653 0.437121 -0.205392
v -0.101702 0.441844 -0.199601
v -0.098054 0.441844 -0.192442
v -0.095103 0.437121 -0.186651
v -0.093976 0.429480 -0.184438
v -0.095103 0.421839 -0.186651
v -0.098054 0.417116 -0.192442
v -0.101702 0.417116 -0.199601
v -0.104653 0.421839 -0.205392
v -0.105780 0.429480 -0.207605
v -0.072001 0.429480 -0.221596
v -0.071234 0.437121 -0.219235
v -0.069225 0.441844 -0.213053
v -0.066742 0.441844 -0.205412
v -0.064734 0.437121 -0.199230
v -0.063967 0.429480 -0.196869
v -0.064734 0.421839 -0.199230
v -0.066742 0.417116 -0.205412
v -0.069225 0.417116 -0.213053
v -0.071234 0.421839 -0.219235
v -0.072001 0.429480 -0.221596
v -0.036449 0.429480 -0.230131
v -0.036061 0.437121 -0.227679
v -0.035044 0.441844 -0.221259
v -0.033787 0.441844 -0.213324
v -0.032770 0.437121 -0.206904
v -0.032382 0.429480 -0.204451
v -0.032770 0.421839 -0.206904
v -0.033787 0.417116 -0.213324
v -0.035044 0.417116 -0.221259
v -0.036061 0.421839 -0.227679
v -0.036449 0.429480 -0.230131
v -0.000000 0.429480 -0.233000
v -0.000000 0.437121 -0.230517
v -0.000000 0.441844 -0.224017
v -0.000000 0.441844 -0.215983
v -0.000000 0.437121 -0.209483
v -0.000000 0.429480 -0.207000
v -0.000000 0.421839 -0.209483
v -0.000000 0.417116 -0.215983
v -0.000000 0.417116 -0.224017
v -0.000000 0.421839 -0.230517
v -0.000000 0.429480 -0.233000
v 0.036449 0.429480 -0.230131
v 0.036061 0.437121 -0.227679
v 0.035044 0.441844 -0.221259
v 0.033787 0.441844 -0.213324
v 0.032770 0.437121 -0.206904
v 0.032382 0.429480 -0.204451
v 0.032770 0.421839 -0.206904
v 0.033787 0.417116 -0.213324
v 0.035044 0.417116 -0.221259
v 0.036061 0.421839 -0.227679
v 0.036449 0.429480 -0.230131
v 0.072001 0.429480 -0.221596
v 0.071234 0.437121 -0.219235
v 0.069225 0.441844 -0.213053
v 0.066742 0.441844 -0.205412
v 0.064734 0.437121 -0.199230
v 0.063967 0.429480 -0.196869
v 0.064734 0.421839 -0.199230
v 0.066742 0.417116 -0.205412
v 0.069225 0.417116 -0.213053
v 0.071234 0.421839 -0.219235
v 0.072001 0.429480 -0.221596
v 0.105780 0.429480 -0.207605
v 0.104653 0.437121 -0.205392
v 0.101702 0.441844 -0.199601
v 0.098054 0.441844 -0.192442
v 0.095103 0.437121 -0.186651
v 0.093976 0.429480 -0.184438
v 0.095103 0.421839 -0.186651
v 0.098054 0.417116 -0.192442
v 0.101702 0.417116 -0.199601
v 0.104653 0.421839 -0.205392
v 0.105780 0.429480 -0.207605
v 0.136954 0.429480 -0.188501
v 0.135495 0.437121 -0.186492
v 0.131674 0.441844 -0.181234
v 0.126951 0.441844 -0.174734
v 0.123131 0.437121 -0.169475
v 0.121672 0.429480 -0.167467
v 0.123131 0.421839 -0.169475
v 0.126951 0.417116 -0.174734
v 0.131674 0.417116 -0.181234
v 0.135495 0.421839 -0.186492
v 0.136954 0.429480 -0.188501
v 0.164756 0.429480 -0.164756
v 0.163000 0.437121 -0.163000
v 0.158404 0.441844 -0.158404
v 0.152723 0.441844 -0.152723
v 0.148127 0.437121 -0.148127
v 0.146371 0.429480 -0.146371
v 0.148127 0.421839 -0.148127
v 0.152723 0.417116 -0.152723
v 0.158404 0.417116 -0.158404
v 0.163000 0.421839 -0.163000
v 0.164756 0.429480 -0.164756
v 0.188501 0.429480 -0.136954
v 0.186492 0.437121 -0.135495
v 0.181234 0.441844 -0.131674
v 0.174734 0.441844 -0.126951
v 0.169475 0.437121 -0.123131
v 0.167467 0.429480 -0.121672
v 0.169475 0.421839 -0.123131
v 0.174734 0.417116 -0.126951
v 0.181234 0.417116 -0.131674
v 0.186492 0.421839 -0.135495
v 0.188501 0.429480 -0.136954
v 0.207605 0.429480 -0.105780
v 0.205392 0.437121 -0.104653
v 0.199601 0.441844 -0.101702
v 0.192442 0.441844 -0.098054
v 0.186651 0.437121 -0.095103
v 0.184438 0.429480 -0.093976
v 0.186651 0.421839 -0.095103
v 0.192442 0.417116 -0.098054
v 0.199601 0.417116 -0.101702
v 0.205392 0.421839 -0.104653
v 0.207605 0.429480 -0.105780
v 0.221596 0.429480 -0.072001
v 0.219235 0.437121 -0.071234
v 0.213053 0.441844 -0.069225
v 0.205412 0.441844 -0.066742
v 0.199230 0.437121 -0.064734
v 0.196869 0.429480 -0.063967
v 0.199230 0.421839 -0.064734
v 0.205412 0.417116 -0.066742
v 0.213053 0.417116 -0.069225
v 0.219235 0.421839 -0.071234
v 0.221596 0.429480 -0.072001
v 0.230131 0.429480 -0.036449
v 0.227679 0.437121 -0.036061
v 0.221259 0.441844 -0.035044
v 0.213324 0.441844 -0.033787
v 0.206904 0.437121 -0.032770
v 0.204451 0.429480 -0.032382
v 0.206904 0.421839 -0.032770
v 0.213324 0.417116 -0.033787
v 0.221259 0.417116 -0.035044
v 0.227679 0.421839 -0.036061
v 0.230131 0.429480 -0.036449
v 0.233000 0.429480 -0.000000
v 0.230517 0.437121 -0.000000
v 0.224017 0.441844 -0.000000
v 0.215983 0.441844 -0.000000
v 0.209483 0.437121 -0.000000
v 0.207000 0.429480 -0.000000
v 0.209483 0.421839 -0.000000
v 0.215983 0.417116 -0.000000
v 0.224017 0.417116 -0.000000
v 0.230517 0.421839 -0.000000
v 0.233000 0.429480 -0.000000
v 0.170000 0.629480 0.000000
v 0.167899 0.635946 0.000000
v 0.162399 0.639942 0.000000
v 0.155601 0.639942 0.000000
v 0.150101 0.635946 0.000000
v 0.148000 0.629480 0.000000
v 0.150101 0.623014 0.000000
v 0.155601 0.619018 0.000000
v 0.162399 0.619018 0.000000
v 0.167899 0.623014 0.000000
v 0.170000 0.629480 0.000000
v 0.167907 0.629480 0.026594
v 0.165832 0.635946 0.026265
v 0.160400 0.639942 0.025405
v 0.153685 0.639942 0.024341
v 0.148253 0.635946 0.023481
v 0.146178 0.629480 0.023152
v 0.148253 0.623014 0.023481
v 0.153685 0.619018 0.024341
v 0.160400 0.619018 0.025405
v 0.165832 0.623014 0.026265
v 0.167907 0.629480 0.026594
v 0.161680 0.629480 0.052533
v 0.159682 0.635946 0.051884
v 0.154451 0.639942 0.050184
v 0.147985 0.639942 0.048083
v 0.142754 0.635946 0.046384
v 0.140756 0.629480 0.045735
v 0.142754 0.623014 0.046384
v 0.147985 0.619018 0.048083
v 0.154451 0.619018 0.050184
v 0.159682 0.623014 0.051884
v 0.161680 0.629480 0.052533
v 0.151471 0.629480 0.077178
v 0.149599 0.635946 0.076225
v 0.144699 0.639942 0.073728
v 0.138641 0.639942 0.070641
v 0.133741 0.635946 0.068144
v 0.131869 0.629480 0.067191
v 0.133741 0.623014 0.068144
v 0.138641 0.619018 0.070641
v 0.144699 0.619018 0.073728
v 0.149599 0.623014 0.076225
v 0.151471 0.629480 0.077178
v 0.137533 0.629480 0.099923
v 0.135833 0.635946 0.098689
v 0.131384 0.639942 0.095456
v 0.125884 0.639942 0.091460
v 0.121434 0.635946 0.088227
v 0.119735 0.629480 0.086992
v 0.121434 0.623014 0.088227
v 0.125884 0.619018 0.091460
v 0.131384 0.619018 0.095456
v 0.135833 0.623014 0.098689
v 0.137533 0.629480 0.099923
v 0.120208 0.629480 0.120208
v 0.118723 0.635946 0.118723
v 0.114834 0.639942 0.114834
v 0.110026 0.639942 0.110026
v 0.106137 0.635946 0.106137
v 0.104652 0.629480 0.104652
v 0.106137 0.623014 0.106137
v 0.110026 0.619018 0.110026
v 0.114834 0.619018 0.114834
v 0.118723 0.623014 0.118723
v 0.120208 0.629480 0.120208
v 0.099923 0.629480 0.137533
v 0.098689 0.635946 0.135833
v 0.095456 0.639942 0.131384
v 0.091460 0.639942 0.125884
v 0.088227 0.635946 0.121434
v 0.086992 0.629480 0.119735
v 0.088227 0.623014 0.121434
v 0.091460 0.619018 0.125884
v 0.095456 0.619018 0.131384
v 0.098689 0.623014 0.135833
v 0.099923 0.629480 0.137533
v 0.077178 0.629480 0.151471
v 0.076225 0.635946 0.149599
v 0.073728 0.639942 0.144699
v 0.070641 0.639942 0.138641
v 0.068144 0.635946 0.133741
v 0.067191 0.629480 0.131869
v 0.068144 0.623014 0.133741
v 0.070641 0.619018 0.138641
v 0.073728 0.619018 0.144699
v 0.076225 0.623014 0.149599
v 0.077178 0.629480 0.151471
v 0.052533 0.629480 0.161680
v 0.051884 0.635946 0.159682
v 0.050184 0.639942 0.154451
v 0.048083 0.639942 0.147985
v 0.046384 0.635946 0.142754
v 0.045735 0.629480 0.140756
v 0.046384 0.623014 0.142754
v 0.048083 0.619018 0.147985
v 0.050184 0.619018 0.154451
v 0.051884 0.623014 0.159682
v 0.052533 0.629480 0.161680
v 0.026594 0.629480 0.167907
v 0.026265 0.635946 0.165832
v 0.025405 0.639942 0.160400
v 0.024341 0.639942 0.153685
v 0.023481 0.635946 0.148253
v 0.023152 0.629480 0.146178
v 0.023481 0.623014 0.148253
v 0.024341 0.619018 0.153685
v 0.025405 0.619018 0.160400
v 0.026265 0.623014 0.165832
v 0.026594 0.629480 0.167907
v 0.000000 0.629480 0.170000
v 0.000000 0.635946 0.167899
v 0.000000 0.639942 0.162399
v 0.000000 0.639942 0.155601
v 0.000000 0.635946 0.150101
v 0.000000 0.629480 0.148000
v 0.000000 0.623014 0.150101
v 0.000000 0.619018 0.155601
v 0.000000 0.619018 0.162399
v 0.000000 0.623014 0.167899
v 0.000000 0.629480 0.170000
v -0.026594 0.629480 0.167907
v -0.026265 0.635946 0.165832
v -0.025405 0.639942 0.160400
v -0.024341 0.639942 0.153685
v -0.023481 0.635946 0.148253
v -0.023152 0.629480 0.146178
v -0.023481 0.623014 0.148253
v -0.024341 0.619018 0.153685
v -0.025405 0.619018 0.160400
v -0.026265 0.623014 0.165832
v -0.026594 0.629480 0.167907
v -0.052533 0.629480 0.161680
v -0.051884 0.635946 0.159682
v -0.050184 0.639942 0.154451
v -0.048083 0.639942 0.147985
v -0.046384 0.635946 0.142754
v -0.045735 0.629480 0.140756
v -0.046384 0.623014 0.142754
v -0.048083 0.619018 0.147985
v -0.050184 0.619018 0.154451
v -0.051884 0.623014 0.159682
v -0.052533 0.629480 0.161680
v -0.077178 0.629480 0.151471
v -0.076225 0.635946 0.149599
v -0.073728 0.639942 0.144699
v -0.070641 0.639942 0.138641
v -0.068144 0.635946 0.133741
v -0.067191 0.629480 0.131869
v -0.068144 0.623014 0.133741
v -0.070641 0.619018 0.138641
v -0.073728 0.619018 0.144699
v -0.076225 0.623014 0.149599
v -0.077178 0.629480 0.151471
v -0.099923 0.629480 0.137533
v -0.098689 0.635946 0.135833
v -0.095456 0.639942 0.131384
v -0.091460 0.639942 0.125884
v -0.088227 0.635946 0.121434
v -0.086992 0.629480 0.119735
v -0.088227 0.623014 0.121434
v -0.091460 0.619018 0.125884
v -0.095456 0.619018 0.131384
v -0.098689 0.623014 0.135833
v -0.099923 0.629480 0.137533
v -0.120208 0.629480 0.120208
v -0.118723 0.635946 0.118723
v -0.114834 0.639942 0.114834
v -0.110026 0.639942 0.110026
v -0.106137 0.635946 0.106137
v -0.104652 0.629480 0.104652
v -0.106137 0.623014 0.106137
v -0.110026 0.619018 0.110026
v -0.114834 0.619018 0.114834
v -0.118723 0.623014 0.118723
v -0.120208 0.629480 0.120208
v -0.137533 0.629480 0.099923
v -0.135833 0.635946 0.098689
v -0.131384 0.639942 0.095456
v -0.125884 0.639942 0.091460
v -0.121434 0.635946 0.088227
v -0.119735 0.629480 0.086992
v -0.121434 0.623014 0.088227
v -0.125884 0.619018 0.091460
v -0.131384 0.619018 0.095456
v -0.135833 0.623014 0.098689
v -0.137533 0.629480 0.099923
v -0.151471 0.629480 0.077178
v -0.149599 0.635946 0.076225
v -0.144699 0.639942 0.073728
v -0.138641 0.639942 0.070641
v -0.133741 0.635946 0.068144
v -0.131869 0.629480 0.067191
v -0.133741 0.623014 0.068144
v -0.138641 0.619018 0.070641
v -0.144699 0.619018 0.073728
v -0.149599 0.623014 0.076225
v -0.151471 0.629480 0.077178
v -0.161680 0.629480 0.052533
v -0.159682 0.635946 0.051884
v -0.154451 0.639942 0.050184
v -0.147985 0.639942 0.048083
v -0.142754 0.635946 0.046384
v -0.140756 0.629480 0.045735
v -0.142754 0.623014 0.046384
v -0.147985 0.619018 0.048083
v -0.154451 0.619018 0.050184
v -0.159682 0.623014 0.051884
v -0.161680 0.629480 0.052533
v -0.167907 0.629480 0.026594
v -0.165832 0.635946 0.026265
v -0.160400 0.639942 0.025405
v -0.153685 0.639942 0.024341
v -0.148253 0.635946 0.023481
v -0.146178 0.629480 0.023152
v -0.148253 0.623014 0.023481
v -0.153685 0.619018 0.024341
v -0.160400 0.619018 0.025405
v -0.165832 0.623014 0.026265
v -0.167907 0.629480 0.026594
v -0.170000 0.629480 0.000000
v -0.167899 0.635946 0.000000
v -0.162399 0.639942 0.000000
v -0.155601 0.639942 0.000000
v -0.150101 0.635946 0.000000
v -0.148000 0.629480 0.000000
v -0.150101 0.623014 0.000000
v -0.155601 0.619018 0.000000
v -0.162399 0.619018 0.000000
v -0.167899 0.623014 0.000000
v -0.170000 0.629480 0.000000
v -0.167907 0.629480 -0.026594
v -0.165832 0.635946 -0.026265
v -0.160400 0.639942 -0.025405
v -0.153685 0.639942 -0.024341
v -0.148253 0.635946 -0.023481
v -0.146178 0.629480 -0.023152
v -0.148253 0.623014 -0.023481
v -0.153685 0.619018 -0.024341
v -0.160400 0.619018 -0.025405
v -0.165832 0.623014 -0.026265
v -0.167907 0.629480 -0.026594
v -0.161680 0.629480 -0.052533
v -0.159682 0.635946 -0.051884
v -0.154451 0.639942 -0.050184
v -0.147985 0.639942 -0.048083
v -0.142754 0.635946 -0.046384
v -0.140756 0.629480 -0.045735
v -0.142754 0.623014 -0.046384
v -0.147985 0.619018 -0.048083
v -0.154451 0.619018 -0.050184
v -0.159682 0.623014 -0.051884
v -0.161680 0.629480 -0.052533
v -0.151471 0.629480 -0.077178
v -0.149599 0.635946 -0.076225
v -0.144699 0.639942 -0.073728
v -0.138641 0.639942 -0.070641
v -0.133741 0.635946 -0.068144
v -0.131869 0.629480 -0.067191
v -0.133741 0.623014 -0.068144
v -0.138641 0.619018 -0.070641
v -0.144699 0.619018 -0.073728
v -0.149599 0.623014 -0.076225
v -0.151471 0.629480 -0.077178
v -0.137533 0.629480 -0.099923
v -0.135833 0.635946 -0.098689
v -0.131384 0.639942 -0.095456
v -0.125884 0.639942 -0.091460
v -0.121434 0.635946 -0.088227
v -0.119735 0.629480 -0.086992
v -0.121434 0.623014 -0.088227
v -0.125884 0.619018 -0.091460
v -0.131384 0.619018 -0.095456
v -0.135833 0.623014 -0.098689
v -0.137533 0.629480 -0.099923
v -0.120208 0.629480 -0.120208
v -0.118723 0.635946 -0.118723
v -0.114834 0.639942 -0.114834
v -0.110026 0.639942 -0.110026
v -0.106137 0.635946 -0.106137
v -0.104652 0.629480 -0.104652
v -0.106137 0.623014 -0.106137
v -0.110026 0.619018 -0.110026
v -0.114834 0.619018 -0.114834
v -0.118723 0.623014 -0.118723
v -0.120208 0.629480 -0.120208
v -0.099923 0.629480 -0.137533
v -0.098689 0.635946 -0.135833
v -0.095456 0.639942 -0.131384
v -0.091460 0.639942 -0.125884
v -0.088227 0.635946 -0.121434
v -0.086992 0.629480 -0.119735
v -0.088227 0.623014 -0.121434
v -0.091460 0.619018 -0.125884
v -0.095456 0.619018 -0.131384
v -0.098689 0.623014 -0.135833
v -0.099923 0.629480 -0.137533
v -0.077178 0.629480 -0.151471
v -0.076225 0.635946 -0.149599
v -0.073728 0.639942 -0.144699
v -0.070641 0.639942 -0.138641
v -0.068144 0.635946 -0.133741
v -0.067191 0.629480 -0.131869
v -0.068144 0.623014 -0.133741
v -0.070641 0.619018 -0.138641
v -0.073728 0.619018 -0.144699
v -0.076225 0.623014 -0.149599
v -0.077178 0.629480 -0.151471
v -0.052533 0.629480 -0.161680
v -0.051884 0.635946 -0.159682
v -0.050184 0.639942 -0.154451
v -0.048083 0.639942 -0.147985
v -0.046384 0.635946 -0.142754
v -0.045735 0.629480 -0.140756
v -0.046384 0.623014 -0.142754
v -0.048083 0.619018 -0.147985
v -0.050184 0.619018 -0.154451
v -0.051884 0.623014 -0.159682
v -0.052533 0.629480 -0.161680
v -0.026594 0.629480 -0.167907
v -0.026265 0.635946 -0.165832
v -0.025405 0.639942 -0.160400
v -0.024341 0.639942 -0.153685
v -0.023481 0.635946 -0.148253
v -0.023152 0.629480 -0.146178
v -0.023481 0.623014 -0.148253
v -0.024341 0.619018 -0.153685
v -0.025405 0.619018 -0.160400
v -0.026265 0.623014 -0.165832
v -0.026594 0.629480 -0.167907
v -0.000000 0.629480 -0.170000
v -0.000000 0.635946 -0.167899
v -0.000000 0.639942 -0.162399
v -0.000000 0.639942 -0.155601
v -0.000000 0.635946 -0.150101
v -0.000000 0.629480 -0.148000
v -0.000000 0.623014 -0.150101
v -0.000000 0.619018 -0.155601
v -0.000000 0.619018 -0.162399
v -0.000000 0.623014 -0.167899
v -0.000000 0.629480 -0.170000
v 0.026594 0.629480 -0.167907
v 0.026265 0.635946 -0.165832
v 0.025405 0.639942 -0.160400
v 0.024341 0.639942 -0.153685
v 0.023481 0.635946 -0.148253
v 0.023152 0.629480 -0.146178
v 0.023481 0.623014 -0.148253
v 0.024341 0.619018 -0.153685
v 0.025405 0.619018 -0.160400
v 0.026265 0.623014 -0.165832
v 0.026594 0.629480 -0.167907
v 0.052533 0.629480 -0.161680
v 0.051884 0.635946 -0.159682
v 0.050184 0.639942 -0.154451
v 0.048083 0.639942 -0.147985
v 0.046384 0.635946 -0.142754
v 0.045735 0.629480 -0.140756
v 0.046384 0.623014 -0.142754
v 0.048083 0.619018 -0.147985
v 0.050184 0.619018 -0.154451
v 0.051884 0.623014 -0.159682
v 0.052533 0.629480 -0.161680
v 0.077178 0.629480 -0.151471
v 0.076225 0.635946 -0.149599
v 0.073728 0.639942 -0.144699
v 0.070641 0.639942 -0.138641
v 0.068144 0.635946 -0.133741
v 0.067191 0.629480 -0.131869
v 0.068144 0.623014 -0.133741
v 0.070641 0.619018 -0.138641
v 0.073728 0.619018 -0.144699
v 0.076225 0.623014 -0.149599
v 0.077178 0.629480 -0.151471
v 0.099923 0.629480 -0.137533
v 0.098689 0.635946 -0.135833
v 0.095456 0.639942 -0.131384
v 0.091460 0.639942 -0.125884
v 0.088227 0.635946 -0.121434
v 0.086992 0.629480 -0.119735
v 0.088227 0.623014 -0.121434
v 0.091460 0.619018 -0.125884
v 0.095456 0.619018 -0.131384
v 0.098689 0.623014 -0.135833
v 0.099923 0.629480 -0.137533
v 0.120208 0.629480 -0.120208
v 0.118723 0.635946 -0.118723
v 0.114834 0.639942 -0.114834
v 0.110026 0.639942 -0.110026
v 0.106137 0.635946 -0.106137
v 0.104652 0.629480 -0.104652
v 0.106137 0.623014 -0.106137
v 0.110026 0.619018 -0.110026
v 0.114834 0.619018 -0.114834
v 0.118723 0.623014 -0.118723
v 0.120208 0.629480 -0.120208
v 0.137533 0.629480 -0.099923
v 0.135833 0.635946 -0.098689
v 0.131384 0.639942 -0.095456
v 0.125884 0.639942 -0.091460
v 0.121434 0.635946 -0.088227
v 0.119735 0.629480 -0.086992
v 0.121434 0.623014 -0.088227
v 0.125884 0.619018 -0.091460
v 0.131384 0.619018 -0.095456
v 0.135833 0.623014 -0.098689
v 0.137533 0.629480 -0.099923
v 0.151471 0.629480 -0.077178
v 0.149599 0.635946 -0.076225
v 0.144699 0.639942 -0.073728
v 0.138641 0.639942 -0.070641
v 0.133741 0.635946 -0.068144
v 0.131869 0.629480 -0.067191
v 0.133741 0.623014 -0.068144
v 0.138641 0.619018 -0.070641
v 0.144699 0.619018 -0.073728
v 0.149599 0.623014 -0.076225
v 0.151471 0.629480 -0.077178
v 0.161680 0.629480 -0.052533
v 0.159682 0.635946 -0.051884
v 0.154451 0.639942 -0.050184
v 0.147985 0.639942 -0.048083
v 0.142754 0.635946 -0.046384
v 0.140756 0.629480 -0.045735
v 0.142754 0.623014 -0.046384
v 0.147985 0.619018 -0.048083
v 0.154451 0.619018 -0.050184
v 0.159682 0.623014 -0.051884
v 0.161680 0.629480 -0.052533
v 0.167907 0.629480 -0.026594
v 0.165832 0.635946 -0.026265
v 0.160400 0.639942 -0.025405
v 0.153685 0.639942 -0.024341
v 0.148253 0.635946 -0.023481
v 0.146178 0.629480 -0.023152
v 0.148253 0.623014 -0.023481
v 0.153685 0.619018 -0.024341
v 0.160400 0.619018 -0.025405
v 0.165832 0.623014 -0.026265
v 0.167907 0.629480 -0.026594
v 0.170000 0.629480 -0.000000
v 0.167899 0.635946 -0.000000
v 0.162399 0.639942 -0.000000
v 0.155601 0.639942 -0.000000
v 0.150101 0.635946 -0.000000
v 0.148000 0.629480 -0.000000
v 0.150101 0.623014 -0.000000
v 0.155601 0.619018 -0.000000
v 0.162399 0.619018 -0.000000
v 0.167899 0.623014 -0.000000
v 0.170000 0.629480 -0.000000
vn 1.000000 0.000000 -0.000000
vn 0.810247 0.586063 0.005396
vn 0.312350 0.949931 0.008351
vn -0.305544 0.952146 0.007853
vn -0.807646 0.589650 0.004588
vn -1.000000 -0.000000 0.000000
vn -0.807646 -0.589650 -0.004588
vn -0.305544 -0.952146 -0.007853
vn 0.312350 -0.949931 -0.008351
vn 0.810247 -0.586063 -0.005396
vn 1.000000 0.000000 -0.000000
vn 0.987688 0.000000 0.156434
vn 0.799428 0.586063 0.132080
vn 0.307198 0.949931 0.057111
vn -0.303011 0.952146 -0.040041
vn -0.798420 0.589650 -0.121812
vn -0.987688 0.000000 -0.156434
vn -0.796985 -0.589650 -0.130876
vn -0.300554 -0.952146 -0.055554
vn 0.309810 -0.949931 0.040614
vn 0.801116 -0.586063 0.121421
vn 0.987688 0.000000 0.156434
vn 0.951057 0.000000 0.309017
vn 0.768924 0.586063 0.255512
vn 0.294481 0.949931 0.104464
vn -0.293016 0.952146 -0.086949
vn -0.769535 0.589650 -0.245212
vn -0.951057 -0.000000 -0.309017
vn -0.766699 -0.589650 -0.253940
vn -0.288163 -0.952146 -0.101887
vn 0.299643 -0.949931 0.088579
vn 0.772258 -0.586063 0.245249
vn 0.951057 0.000000 0.309017
vn 0.891007 0.000000 0.453990
vn 0.719486 0.586063 0.372652
vn 0.274514 0.949931 0.149245
vn -0.275807 0.952146 -0.131717
vn -0.721701 0.589650 -0.362575
vn -0.891007 0.000000 -0.453990
vn -0.717535 -0.589650 -0.370752
vn -0.268676 -0.952146 -0.145711
vn 0.282097 -0.949931 0.134363
vn 0.724385 -0.586063 0.363037
vn 0.891007 0.000000 0.453990
vn 0.809017 -0.000000 0.587785
vn 0.652332 0.586063 0.480617
vn 0.247787 0.949931 0.190351
vn -0.251806 0.952146 -0.173241
vn -0.656096 0.589650 -0.471010
vn -0.809017 0.000000 -0.587785
vn -0.650702 -0.589650 -0.478434
vn -0.242574 -0.952146 -0.185947
vn 0.257605 -0.949931 0.176838
vn 0.658675 -0.586063 0.471886
vn 0.809017 -0.000000 0.587785
vn 0.707107 -0.000000 0.707107
vn 0.569116 0.586063 0.576747
vn 0.214959 0.949931 0.226770
vn -0.221605 0.952146 -0.210499
vn -0.574336 0.589650 -0.567847
vn -0.707107 0.000000 -0.707107
vn -0.567847 -0.589650 -0.574336
vn -0.210499 -0.952146 -0.221605
vn 0.226770 -0.949931 0.214959
vn 0.576747 -0.586063 0.569116
vn 0.707107 -0.000000 0.707107
vn 0.587785 0.000000 0.809017
vn 0.471886 0.586063 0.658675
vn 0.176838 0.949931 0.257605
vn -0.185947 0.952146 -0.242574
vn -0.478434 0.589650 -0.650702
vn -0.587785 0.000000 -0.809017
vn -0.471010 -0.589650 -0.656096
vn -0.173241 -0.952146 -0.251806
vn 0.190351 -0.949931 0.247787
vn 0.480617 -0.586063 0.652332
vn 0.587785 0.000000 0.809017
vn 0.453990 -0.000000 0.891007
vn 0.363037 0.586063 0.724385
vn 0.134363 0.949931 0.282097
vn -0.145711 0.952146 -0.268676
vn -0.370752 0.589650 -0.717535
vn -0.453990 -0.000000 -0.891007
vn -0.362575 -0.589650 -0.721701
vn -0.131717 -0.952146 -0.275807
vn 0.149245 -0.949931 0.274514
vn 0.372652 -0.586063 0.719486
vn 0.453990 -0.000000 0.891007
vn 0.309017 -0.000000 0.951057
vn 0.245249 0.586063 0.772258
vn 0.088579 0.949931 0.299643
vn -0.101887 0.952146 -0.288163
vn -0.253940 0.589650 -0.766699
vn -0.309017 0.000000 -0.951057
vn -0.245212 -0.589650 -0.769535
vn -0.086949 -0.952146 -0.293016
vn 0.104464 -0.949931 0.294481
vn 0.255512 -0.586063 0.768924
vn 0.309017 -0.000000 0.951057
vn 0.156434 0.000000 0.987688
vn 0.121421 0.586063 0.801116
vn 0.040614 0.949931 0.309810
vn -0.055554 0.952146 -0.300554
vn -0.130876 0.589650 -0.796985
vn -0.156434 0.000000 -0.987688
vn -0.121812 -0.589650 -0.798420
vn -0.040041 -0.952146 -0.303011
vn 0.057111 -0.949931 0.307198
vn 0.132080 -0.586063 0.799428
vn 0.156434 0.000000 0.987688
vn 0.000000 0.000000 1.000000
vn -0.005396 0.586063 0.810247
vn -0.008351 0.949931 0.312350
vn -0.007853 0.952146 -0.305544
vn -0.004588 0.589650 -0.807646
vn 0.000000 -0.000000 -1.000000
vn 0.004588 -0.589650 -0.807646
vn 0.007853 -0.952146 -0.305544
vn 0.008351 -0.949931 0.312350
vn 0.005396 -0.586063 0.810247
vn 0.000000 0.000000 1.000000
vn -0.156434 -0.000000 0.987688
vn -0.132080 0.586063 0.799428
vn -0.057111 0.949931 0.307198
vn 0.040041 0.952146 -0.303011
vn 0.121812 0.589650 -0.798420
vn 0.156434 0.000000 -0.987688
vn 0.130876 -0.589650 -0.796985
vn 0.055554 -0.952146 -0.300554
vn -0.040614 -0.949931 0.309810
vn -0.121421 -0.586063 0.801116
vn -0.156434 -0.000000 0.987688
vn -0.309017 0.000000 0.951057
vn -0.255512 0.586063 0.768924
vn -0.104464 0.949931 0.294481
vn 0.086949 0.952146 -0.293016
vn 0.245212 0.589650 -0.769535
vn 0.309017 -0.000000 -0.951057
vn 0.253940 -0.589650 -0.766699
vn 0.101887 -0.952146 -0.288163
vn -0.088579 -0.949931 0.299643
vn -0.245249 -0.586063 0.772258
vn -0.309017 0.000000 0.951057
vn -0.453990 0.000000 0.891007
vn -0.372652 0.586063 0.719486
vn -0.149245 0.949931 0.274514
vn 0.131717 0.952146 -0.275807
vn 0.362575 0.589650 -0.721701
vn 0.453990 0.000000 -0.891007
vn 0.370752 -0.589650 -0.717535
vn 0.145711 -0.952146 -0.268676
vn -0.134363 -0.949931 0.282097
vn -0.363037 -0.586063 0.724385
vn -0.453990 0.000000 0.891007
vn -0.587785 -0.000000 0.809017
vn -0.480617 0.586063 0.652332
vn -0.190351 0.949931 0.247787
vn 0.173241 0.952146 -0.251806
vn 0.471010 0.589650 -0.656096
vn 0.587785 0.000000 -0.809017
vn 0.478434 -0.589650 -0.650702
vn 0.185947 -0.952146 -0.242574
vn -0.176838 -0.949931 0.257605
vn -0.471886 -0.586063 0.658675
vn -0.587785 -0.000000 0.809017
vn -0.707107 0.000000 0.707107
vn -0.576747 0.586063 0.569116
vn -0.226770 0.949931 0.214959
vn 0.210499 0.952146 -0.221605
vn 0.567847 0.589650 -0.574336
vn 0.707107 -0.000000 -0.707107
vn 0.574336 -0.589650 -0.567847
vn 0.221605 -0.952146 -0.210499
vn -0.214959 -0.949931 0.226770
vn -0.569116 -0.586063 0.576747
vn -0.707107 0.000000 0.707107
vn -0.809017 0.000000 0.587785
vn -0.658675 0.586063 0.471886
vn -0.257605 0.949931 0.176838
vn 0.242574 0.952146 -0.185947
vn 0.650702 0.589650 -0.478434
vn 0.809017 0.000000 -0.587785
vn 0.656096 -0.589650 -0.471010
vn 0.251806 -0.952146 -0.173241
vn -0.247787 -0.949931 0.190351
vn -0.652332 -0.586063 0.480617
vn -0.809017 0.000000 0.587785
vn -0.891007 -0.000000 0.453990
vn -0.724385 0.586063 0.363037
vn -0.282097 0.949931 0.134363
vn 0.268676 0.952146 -0.145711
vn 0.717535 0.589650 -0.370752
vn 0.891007 -0.000000 -0.453990
vn 0.721701 -0.589650 -0.362575
vn 0.275807 -0.952146 -0.131717
vn -0.274514 -0.949931 0.149245
vn -0.719486 -0.586063 0.372652
vn -0.891007 -0.000000 0.453990
vn -0.951057 -0.000000 0.309017
vn -0.772258 0.586063 0.245249
vn -0.299643 0.949931 0.088579
vn 0.288163 0.952146 -0.101887
vn 0.766699 0.589650 -0.253940
vn 0.951057 0.000000 -0.309017
vn 0.769535 -0.589650 -0.245212
vn 0.293016 -0.952146 -0.086949
vn -0.294481 -0.949931 0.104464
vn -0.768924 -0.586063 0.255512
vn -0.951057 -0.000000 0.309017
vn -0.987688 0.000000 0.156434
vn -0.801116 0.586063 0.121421
vn -0.309810 0.949931 0.040614
vn 0.300554 0.952146 -0.055554
vn 0.796985 0.589650 -0.130876
vn 0.987688 0.000000 -0.156434
vn 0.798420 -0.589650 -0.121812
vn 0.303011 -0.952146 -0.040041
vn -0.307198 -0.949931 0.057111
vn -0.799428 -0.586063 0.132080
vn -0.987688 0.000000 0.156434
vn -1.000000 0.000000 0.000000
vn -0.810247 0.586063 -0.005396
vn -0.312350 0.949931 -0.008351
vn 0.305544 0.952146 -0.007853
vn 0.807646 0.589650 -0.004588
vn 1.000000 0.000000 -0.000000
vn 0.807646 -0.589650 0.004588
vn 0.305544 -0.952146 0.007853
vn -0.312350 -0.949931 0.008351
vn -0.810247 -0.586063 0.005396
vn -1.000000 0.000000 0.000000
vn -0.987688 0.000000 -0.156434
vn -0.799428 0.586063 -0.132080
vn -0.307198 0.949931 -0.057111
vn 0.303011 0.952146 0.040041
vn 0.798420 0.589650 0.121812
vn 0.987688 -0.000000 0.156434
vn 0.796985 -0.589650 0.130876
vn 0.300554 -0.952146 0.055554
vn -0.309810 -0.949931 -0.040614
vn -0.801116 -0.586063 -0.121421
vn -0.987688 0.000000 -0.156434
vn -0.951057 -0.000000 -0.309017
vn -0.768924 0.586063 -0.255512
vn -0.294481 0.949931 -0.104464
vn 0.293016 0.952146 0.086949
vn 0.769535 0.589650 0.245212
vn 0.951057 0.000000 0.309017
vn 0.766699 -0.589650 0.253940
vn 0.288163 -0.952146 0.101887
vn -0.299643 -0.949931 -0.088579
vn -0.772258 -0.586063 -0.245249
vn -0.951057 -0.000000 -0.309017
vn -0.891007 0.000000 -0.453990
vn -0.719486 0.586063 -0.372652
vn -0.274514 0.949931 -0.149245
vn 0.275807 0.952146 0.131717
vn 0.721701 0.589650 0.362575
vn 0.891007 0.000000 0.453990
vn 0.717535 -0.589650 0.370752
vn 0.268676 -0.952146 0.145711
vn -0.282097 -0.949931 -0.134363
vn -0.724385 -0.586063 -0.363037
vn -0.891007 0.000000 -0.453990
vn -0.809017 -0.000000 -0.587785
vn -0.652332 0.586063 -0.480617
vn -0.247787 0.949931 -0.190351
vn 0.251806 0.952146 0.173241
vn 0.656096 0.589650 0.471010
vn 0.809017 -0.000000 0.587785
vn 0.650702 -0.589650 0.478434
vn 0.242574 -0.952146 0.185947
vn -0.257605 -0.949931 -0.176838
vn -0.658675 -0.586063 -0.471886
vn -0.809017 -0.000000 -0.587785
vn -0.707107 -0.000000 -0.707107
vn -0.569116 0.586063 -0.576747
vn -0.214959 0.949931 -0.226770
vn 0.221605 0.952146 0.210499
vn 0.574336 0.589650 0.567847
vn 0.707107 -0.000000 0.707107
vn 0.567847 -0.589650 0.574336
vn 0.210499 -0.952146 0.221605
vn -0.226770 -0.949931 -0.214959
vn -0.576747 -0.586063 -0.569116
vn -0.707107 -0.000000 -0.707107
vn -0.587785 0.000000 -0.809017
vn -0.471886 0.586063 -0.658675
vn -0.176838 0.949931 -0.257605
vn 0.185947 0.952146 0.242574
vn 0.478434 0.589650 0.650702
vn 0.587785 0.000000 0.809017
vn 0.471010 -0.589650 0.656096
vn 0.173241 -0.952146 0.251806
vn -0.190351 -0.949931 -0.247787
vn -0.480617 -0.586063 -0.652332
vn -0.587785 0.000000 -0.809017
vn -0.453990 -0.000000 -0.891007
vn -0.363037 0.586063 -0.724385
vn -0.134363 0.949931 -0.282097
vn 0.145711 0.952146 0.268676
vn 0.370752 0.589650 0.717535
vn 0.453990 -0.000000 0.891007
vn 0.362575 -0.589650 0.721701
vn 0.131717 -0.952146 0.275807
vn -0.149245 -0.949931 -0.274514
vn -0.372652 -0.586063 -0.719486
vn -0.453990 -0.000000 -0.891007
vn -0.309017 -0.000000 -0.951057
vn -0.245249 0.586063 -0.772258
vn -0.088579 0.949931 -0.299643
vn 0.101887 0.952146 0.288163
vn 0.253940 0.589650 0.766699
vn 0.309017 0.000000 0.951057
vn 0.245212 -0.589650 0.769535
vn 0.086949 -0.952146 0.293016
vn -0.104464 -0.949931 -0.294481
vn -0.255512 -0.586063 -0.768924
vn -0.309017 -0.000000 -0.951057
vn -0.156434 0.000000 -0.987688
vn -0.121421 0.586063 -0.801116
vn -0.040614 0.949931 -0.309810
vn 0.055554 0.952146 0.300554
vn 0.130876 0.589650 0.796985
vn 0.156434 0.000000 0.987688
vn 0.121812 -0.589650 0.798420
vn 0.040041 -0.952146 0.303011
vn -0.057111 -0.949931 -0.307198
vn -0.132080 -0.586063 -0.799428
vn -0.156434 0.000000 -0.987688
vn -0.000000 0.000000 -1.000000
vn 0.005396 0.586063 -0.810247
vn 0.008351 0.949931 -0.312350
vn 0.007853 0.952146 0.305544
vn 0.004588 0.589650 0.807646
vn 0.000000 0.000000 1.000000
vn -0.004588 -0.589650 0.807646
vn -0.007853 -0.952146 0.305544
vn -0.008351 -0.949931 -0.312350
vn -0.005396 -0.586063 -0.810247
vn -0.000000 0.000000 -1.000000
vn 0.156434 0.000000 -0.987688
vn 0.132080 0.586063 -0.799428
vn 0.057111 0.949931 -0.307198
vn -0.040041 0.952146 0.303011
vn -0.121812 0.589650 0.798420
vn -0.156434 -0.000000 0.987688
vn -0.130876 -0.589650 0.796985
vn -0.055554 -0.952146 0.300554
vn 0.040614 -0.949931 -0.309810
vn 0.121421 -0.586063 -0.801116
vn 0.156434 0.000000 -0.987688
vn 0.309017 0.000000 -0.951057
vn 0.255512 0.586063 -0.768924
vn 0.104464 0.949931 -0.294481
vn -0.086949 0.952146 0.293016
vn -0.245212 0.589650 0.769535
vn -0.309017 -0.000000 0.951057
vn -0.253940 -0.589650 0.766699
vn -0.101887 -0.952146 0.288163
vn 0.088579 -0.949931 -0.299643
vn 0.245249 -0.586063 -0.772258
vn 0.309017 0.000000 -0.951057
vn 0.453990 0.000000 -0.891007
vn 0.372652 0.586063 -0.719486
vn 0.149245 0.949931 -0.274514
vn -0.131717 0.952146 0.275807
vn -0.362575 0.589650 0.721701
vn -0.453990 0.000000 0.891007
vn -0.370752 -0.589650 0.717535
vn -0.145711 -0.952146 0.268676
vn 0.134363 -0.949931 -0.282097
vn 0.363037 -0.586063 -0.724385
vn 0.453990 0.000000 -0.891007
vn 0.587785 -0.000000 -0.809017
vn 0.480617 0.586063 -0.652332
vn 0.190351 0.949931 -0.247787
vn -0.173241 0.952146 0.251806
vn -0.471010 0.589650 0.656096
vn -0.587785 -0.000000 0.809017
vn -0.478434 -0.589650 0.650702
vn -0.185947 -0.952146 0.242574
vn 0.176838 -0.949931 -0.257605
vn 0.471886 -0.586063 -0.658675
vn 0.587785 -0.000000 -0.809017
vn 0.707107 0.000000 -0.707107
vn 0.576747 0.586063 -0.569116
vn 0.226770 0.949931 -0.214959
vn -0.210499 0.952146 0.221605
vn -0.567847 0.589650 0.574336
vn -0.707107 0.000000 0.707107
vn -0.574336 -0.589650 0.567847
vn -0.221605 -0.952146 0.210499
vn 0.214959 -0.949931 -0.226770
vn 0.569116 -0.586063 -0.576747
vn 0.707107 0.000000 -0.707107
vn 0.809017 0.000000 -0.587785
vn 0.658675 0.586063 -0.471886
vn 0.257605 0.949931 -0.176838
vn -0.242574 0.952146 0.185947
vn -0.650702 0.589650 0.478434
vn -0.809017 0.000000 0.587785
vn -0.656096 -0.589650 0.471010
vn -0.251806 -0.952146 0.173241
vn 0.247787 -0.949931 -0.190351
vn 0.652332 -0.586063 -0.480617
vn 0.809017 0.000000 -0.587785
vn 0.891007 -0.000000 -0.453990
vn 0.724385 0.586063 -0.363037
vn 0.282097 0.949931 -0.134363
vn -0.268676 0.952146 0.145711
vn -0.717535 0.589650 0.370752
vn -0.891007 -0.000000 0.453990
vn -0.721701 -0.589650 0.362575
vn -0.275807 -0.952146 0.131717
vn 0.274514 -0.949931 -0.149245
vn 0.719486 -0.586063 -0.372652
vn 0.891007 -0.000000 -0.453990
vn 0.951057 -0.000000 -0.309017
vn 0.772258 0.586063 -0.245249
vn 0.299643 0.949931 -0.088579
vn -0.288163 0.952146 0.101887
vn -0.766699 0.589650 0.253940
vn -0.951057 0.000000 0.309017
vn -0.769535 -0.589650 0.245212
vn -0.293016 -0.952146 0.086949
vn 0.294481 -0.949931 -0.104464
vn 0.768924 -0.586063 -0.255512
vn 0.951057 -0.000000 -0.309017
vn 0.987688 -0.000000 -0.156434
vn 0.801116 0.586063 -0.121421
vn 0.309810 0.949931 -0.040614
vn -0.300554 0.952146 0.055554
vn -0.796985 0.589650 0.130876
vn -0.987688 -0.000000 0.156434
vn -0.798420 -0.589650 0.121812
vn -0.303011 -0.952146 0.040041
vn 0.307198 -0.949931 -0.057111
vn 0.799428 -0.586063 -0.132080
vn 0.987688 -0.000000 -0.156434
vn 1.000000 0.000000 -0.000000
vn 0.810247 0.586063 0.005396
vn 0.312350 0.949931 0.008351
vn -0.305544 0.952146 0.007853
vn -0.807646 0.589650 0.004588
vn -1.000000 -0.000000 0.000000
vn -0.807646 -0.589650 -0.004588
vn -0.305544 -0.952146 -0.007853
vn 0.312350 -0.949931 -0.008351
vn 0.810247 -0.586063 -0.005396
vn 1.000000 0.000000 -0.000000
vn 1.000000 -0.000000 -0.000000
vn 0.810448 0.585785 0.005458
vn 0.312909 0.949746 0.008392
vn -0.304940 0.952340 0.007809
vn -0.807400 0.589987 0.004513
vn -1.000000 -0.000000 0.000000
vn -0.807400 -0.589987 -0.004513
vn -0.304940 -0.952340 -0.007809
vn 0.312909 -0.949746 -0.008392
vn 0.810448 -0.585785 -0.005458
vn 1.000000 -0.000000 -0.000000
vn 0.987688 -0.000000 0.156434
vn 0.799616 0.585785 0.132173
vn 0.307744 0.949746 0.057238
vn -0.302407 0.952340 -0.039990
vn -0.798165 0.589987 -0.121848
vn -0.987688 -0.000000 -0.156434
vn -0.796754 -0.589987 -0.130762
vn -0.299964 -0.952340 -0.055416
vn 0.310369 -0.949746 0.040661
vn 0.801324 -0.585785 0.121391
vn 0.987688 -0.000000 0.156434
vn 0.951057 0.000000 0.309017
vn 0.769095 0.585785 0.255633
vn 0.295001 0.949746 0.104675
vn -0.292428 0.952340 -0.086805
vn -0.769277 0.589987 -0.245209
vn -0.951057 0.000000 -0.309017
vn -0.766489 -0.589987 -0.253792
vn -0.287602 -0.952340 -0.101658
vn 0.300187 -0.949746 0.088713
vn 0.772469 -0.585785 0.245251
vn 0.951057 0.000000 0.309017
vn 0.891007 0.000000 0.453990
vn 0.719637 0.585785 0.372799
vn 0.274994 0.949746 0.149535
vn -0.275249 0.952340 -0.131482
vn -0.721447 0.589987 -0.362531
vn -0.891007 0.000000 -0.453990
vn -0.717350 -0.589987 -0.370573
vn -0.268158 -0.952340 -0.145398
vn 0.282614 -0.949746 0.134580
vn 0.724593 -0.585785 0.363073
vn 0.891007 0.000000 0.453990
vn 0.809017 -0.000000 0.587785
vn 0.652458 0.585785 0.480785
vn 0.248216 0.949746 0.190713
vn -0.251292 0.952340 -0.172922
vn -0.655853 0.589987 -0.470927
vn -0.809017 0.000000 -0.587785
vn -0.650548 -0.589987 -0.478228
vn -0.242112 -0.952340 -0.185557
vn 0.258081 -0.949746 0.177134
vn 0.658875 -0.585785 0.471954
vn 0.809017 -0.000000 0.587785
vn 0.707107 -0.000000 0.707107
vn 0.569214 0.585785 0.576933
vn 0.215326 0.949746 0.227194
vn -0.221147 0.952340 -0.210103
vn -0.574109 0.589987 -0.567727
vn -0.707107 0.000000 -0.707107
vn -0.567727 -0.589987 -0.574109
vn -0.210103 -0.952340 -0.221147
vn 0.227194 -0.949746 0.215326
vn 0.576933 -0.585785 0.569214
vn 0.707107 -0.000000 0.707107
vn 0.587785 0.000000 0.809017
vn 0.471954 0.585785 0.658875
vn 0.177134 0.949746 0.258081
vn -0.185557 0.952340 -0.242112
vn -0.478228 0.589987 -0.650548
vn -0.587785 -0.000000 -0.809017
vn -0.470927 -0.589987 -0.655853
vn -0.172922 -0.952340 -0.251292
vn 0.190713 -0.949746 0.248216
vn 0.480785 -0.585785 0.652458
vn 0.587785 0.000000 0.809017
vn 0.453990 -0.000000 0.891007
vn 0.363073 0.585785 0.724593
vn 0.134580 0.949746 0.282614
vn -0.145398 0.952340 -0.268158
vn -0.370573 0.589987 -0.717350
vn -0.453990 -0.000000 -0.891007
vn -0.362531 -0.589987 -0.721447
vn -0.131482 -0.952340 -0.275249
vn 0.149535 -0.949746 0.274994
vn 0.372799 -0.585785 0.719637
vn 0.453990 -0.000000 0.891007
vn 0.309017 -0.000000 0.951057
vn 0.245251 0.585785 0.772469
vn 0.088713 0.949746 0.300187
vn -0.101658 0.952340 -0.287602
vn -0.253792 0.589987 -0.766489
vn -0.309017 0.000000 -0.951057
vn -0.245209 -0.589987 -0.769277
vn -0.086805 -0.952340 -0.292428
vn 0.104675 -0.949746 0.295001
vn 0.255633 -0.585785 0.769095
vn 0.309017 -0.000000 0.951057
vn 0.156434 0.000000 0.987688
vn 0.121391 0.585785 0.801324
vn 0.040661 0.949746 0.310369
vn -0.055416 0.952340 -0.299964
vn -0.130762 0.589987 -0.796754
vn -0.156434 0.000000 -0.987688
vn -0.121848 -0.589987 -0.798165
vn -0.039990 -0.952340 -0.302407
vn 0.057238 -0.949746 0.307744
vn 0.132173 -0.585785 0.799616
vn 0.156434 0.000000 0.987688
vn 0.000000 0.000000 1.000000
vn -0.005458 0.585785 0.810448
vn -0.008392 0.949746 0.312909
vn -0.007809 0.952340 -0.304940
vn -0.004513 0.589987 -0.807400
vn 0.000000 -0.000000 -1.000000
vn 0.004513 -0.589987 -0.807400
vn 0.007809 -0.952340 -0.304940
vn 0.008392 -0.949746 0.312909
vn 0.005458 -0.585785 0.810448
vn 0.000000 0.000000 1.000000
vn -0.156434 0.000000 0.987688
vn -0.132173 0.585785 0.799616
vn -0.057238 0.949746 0.307744
vn 0.039990 0.952340 -0.302407
vn 0.121848 0.589987 -0.798165
vn 0.156434 -0.000000 -0.987688
vn 0.130762 -0.589987 -0.796754
vn 0.055416 -0.952340 -0.299964
vn -0.040661 -0.949746 0.310369
vn -0.121391 -0.585785 0.801324
vn -0.156434 0.000000 0.987688
vn -0.309017 0.000000 0.951057
vn -0.255633 0.585785 0.769095
vn -0.104675 0.949746 0.295001
vn 0.086805 0.952340 -0.292428
vn 0.245209 0.589987 -0.769277
vn 0.309017 -0.000000 -0.951057
vn 0.253792 -0.589987 -0.766489
vn 0.101658 -0.952340 -0.287602
vn -0.088713 -0.949746 0.300187
vn -0.245251 -0.585785 0.772469
vn -0.309017 0.000000 0.951057
vn -0.453990 -0.000000 0.891007
vn -0.372799 0.585785 0.719637
vn -0.149535 0.949746 0.274994
vn 0.131482 0.952340 -0.275249
vn 0.362531 0.589987 -0.721447
vn 0.453990 0.000000 -0.891007
vn 0.370573 -0.589987 -0.717350
vn 0.145398 -0.952340 -0.268158
vn -0.134580 -0.949746 0.282614
vn -0.363073 -0.585785 0.724593
vn -0.453990 -0.000000 0.891007
vn -0.587785 -0.000000 0.809017
vn -0.480785 0.585785 0.652458
vn -0.190713 0.949746 0.248216
vn 0.172922 0.952340 -0.251292
vn 0.470927 0.589987 -0.655853
vn 0.587785 0.000000 -0.809017
vn 0.478228 -0.589987 -0.650548
vn 0.185557 -0.952340 -0.242112
vn -0.177134 -0.949746 0.258081
vn -0.471954 -0.585785 0.658875
vn -0.587785 -0.000000 0.809017
vn -0.707107 0.000000 0.707107
vn -0.576933 0.585785 0.569214
vn -0.227194 0.949746 0.215326
vn 0.210103 0.952340 -0.221147
vn 0.567727 0.589987 -0.574109
vn 0.707107 -0.000000 -0.707107
vn 0.574109 -0.589987 -0.567727
vn 0.221147 -0.952340 -0.210103
vn -0.215326 -0.949746 0.227194
vn -0.569214 -0.585785 0.576933
vn -0.707107 0.000000 0.707107
vn -0.809017 0.000000 0.587785
vn -0.658875 0.585785 0.471954
vn -0.258081 0.949746 0.177134
vn 0.242112 0.952340 -0.185557
vn 0.650548 0.589987 -0.478228
vn 0.809017 0.000000 -0.587785
vn 0.655853 -0.589987 -0.470927
vn 0.251292 -0.952340 -0.172922
vn -0.248216 -0.949746 0.190713
vn -0.652458 -0.585785 0.480785
vn -0.809017 0.000000 0.587785
vn -0.891007 -0.000000 0.453990
vn -0.724593 0.585785 0.363073
vn -0.282614 0.949746 0.134580
vn 0.268158 0.952340 -0.145398
vn 0.717350 0.589987 -0.370573
vn 0.891007 -0.000000 -0.453990
vn 0.721447 -0.589987 -0.362531
vn 0.275249 -0.952340 -0.131482
vn -0.274994 -0.949746 0.149535
vn -0.719637 -0.585785 0.372799
vn -0.891007 -0.000000 0.453990
vn -0.951057 0.000000 0.309017
vn -0.772469 0.585785 0.245251
vn -0.300187 0.949746 0.088713
vn 0.287602 0.952340 -0.101658
vn 0.766489 0.589987 -0.253792
vn 0.951057 0.000000 -0.309017
vn 0.769277 -0.589987 -0.245209
vn 0.292428 -0.952340 -0.086805
vn -0.295001 -0.949746 0.104675
vn -0.769095 -0.585785 0.255633
vn -0.951057 0.000000 0.309017
vn -0.987688 0.000000 0.156434
vn -0.801324 0.585785 0.121391
vn -0.310369 0.949746 0.040661
vn 0.299964 0.952340 -0.055416
vn 0.796754 0.589987 -0.130762
vn 0.987688 0.000000 -0.156434
vn 0.798165 -0.589987 -0.121848
vn 0.302407 -0.952340 -0.039990
vn -0.307744 -0.949746 0.057238
vn -0.799616 -0.585785 0.132173
vn -0.987688 0.000000 0.156434
vn -1.000000 -0.000000 0.000000
vn -0.810448 0.585785 -0.005458
vn -0.312909 0.949746 -0.008392
vn 0.304940 0.952340 -0.007809
vn 0.807400 0.589987 -0.004513
vn 1.000000 -0.000000 -0.000000
vn 0.807400 -0.589987 0.004513
vn 0.304940 -0.952340 0.007809
vn -0.312909 -0.949746 0.008392
vn -0.810448 -0.585785 0.005458
vn -1.000000 -0.000000 0.000000
vn -0.987688 0.000000 -0.156434
vn -0.799616 0.585785 -0.132173
vn -0.307744 0.949746 -0.057238
vn 0.302407 0.952340 0.039990
vn 0.798165 0.589987 0.121848
vn 0.987688 0.000000 0.156434
vn 0.796754 -0.589987 0.130762
vn 0.299964 -0.952340 0.055416
vn -0.310369 -0.949746 -0.040661
vn -0.801324 -0.585785 -0.121391
vn -0.987688 0.000000 -0.156434
vn -0.951057 0.000000 -0.309017
vn -0.769095 0.585785 -0.255633
vn -0.295001 0.949746 -0.104675
vn 0.292428 0.952340 0.086805
vn 0.769277 0.589987 0.245209
vn 0.951057 0.000000 0.309017
vn 0.766489 -0.589987 0.253792
vn 0.287602 -0.952340 0.101658
vn -0.300187 -0.949746 -0.088713
vn -0.772469 -0.585785 -0.245251
vn -0.951057 0.000000 -0.309017
vn -0.891007 -0.000000 -0.453990
vn -0.719637 0.585785 -0.372799
vn -0.274994 0.949746 -0.149535
vn 0.275249 0.952340 0.131482
vn 0.721447 0.589987 0.362531
vn 0.891007 -0.000000 0.453990
vn 0.717350 -0.589987 0.370573
vn 0.268158 -0.952340 0.145398
vn -0.282614 -0.949746 -0.134580
vn -0.724593 -0.585785 -0.363073
vn -0.891007 -0.000000 -0.453990
vn -0.809017 -0.000000 -0.587785
vn -0.652458 0.585785 -0.480785
vn -0.248216 0.949746 -0.190713
vn 0.251292 0.952340 0.172922
vn 0.655853 0.589987 0.470927
vn 0.809017 0.000000 0.587785
vn 0.650548 -0.589987 0.478228
vn 0.242112 -0.952340 0.185557
vn -0.258081 -0.949746 -0.177134
vn -0.658875 -0.585785 -0.471954
vn -0.809017 -0.000000 -0.587785
vn -0.707107 0.000000 -0.707107
vn -0.569214 0.585785 -0.576933
vn -0.215326 0.949746 -0.227194
vn 0.221147 0.952340 0.210103
vn 0.574109 0.589987 0.567727
vn 0.707107 -0.000000 0.707107
vn 0.567727 -0.589987 0.574109
vn 0.210103 -0.952340 0.221147
vn -0.227194 -0.949746 -0.215326
vn -0.576933 -0.585785 -0.569214
vn -0.707107 0.000000 -0.707107
vn -0.587785 0.000000 -0.809017
vn -0.471954 0.585785 -0.658875
vn -0.177134 0.949746 -0.258081
vn 0.185557 0.952340 0.242112
vn 0.478228 0.589987 0.650548
vn 0.587785 0.000000 0.809017
vn 0.470927 -0.589987 0.655853
vn 0.172922 -0.952340 0.251292
vn -0.190713 -0.949746 -0.248216
vn -0.480785 -0.585785 -0.652458
vn -0.587785 0.000000 -0.809017
vn -0.453990 -0.000000 -0.891007
vn -0.363073 0.585785 -0.724593
vn -0.134580 0.949746 -0.282614
vn 0.145398 0.952340 0.268158
vn 0.370573 0.589987 0.717350
vn 0.453990 0.000000 0.891007
vn 0.362531 -0.589987 0.721447
vn 0.131482 -0.952340 0.275249
vn -0.149535 -0.949746 -0.274994
vn -0.372799 -0.585785 -0.719637
vn -0.453990 -0.000000 -0.891007
vn -0.309017 0.000000 -0.951057
vn -0.245251 0.585785 -0.772469
vn -0.088713 0.949746 -0.300187
vn 0.101658 0.952340 0.287602
vn 0.253792 0.589987 0.766489
vn 0.309017 0.000000 0.951057
vn 0.245209 -0.589987 0.769277
vn 0.086805 -0.952340 0.292428
vn -0.104675 -0.949746 -0.295001
vn -0.255633 -0.585785 -0.769095
vn -0.309017 0.000000 -0.951057
vn -0.156434 0.000000 -0.987688
vn -0.121391 0.585785 -0.801324
vn -0.040661 0.949746 -0.310369
vn 0.055416 0.952340 0.299964
vn 0.130762 0.589987 0.796754
vn 0.156434 0.000000 0.987688
vn 0.121848 -0.589987 0.798165
vn 0.039990 -0.952340 0.302407
vn -0.057238 -0.949746 -0.307744
vn -0.132173 -0.585785 -0.799616
vn -0.156434 0.000000 -0.987688
vn -0.000000 -0.000000 -1.000000
vn 0.005458 0.585785 -0.810448
vn 0.008392 0.949746 -0.312909
vn 0.007809 0.952340 0.304940
vn 0.004513 0.589987 0.807400
vn 0.000000 -0.000000 1.000000
vn -0.004513 -0.589987 0.807400
vn -0.007809 -0.952340 0.304940
vn -0.008392 -0.949746 -0.312909
vn -0.005458 -0.585785 -0.810448
vn -0.000000 -0.000000 -1.000000
vn 0.156434 0.000000 -0.987688
vn 0.132173 0.585785 -0.799616
vn 0.057238 0.949746 -0.307744
vn -0.039990 0.952340 0.302407
vn -0.121848 0.589987 0.798165
vn -0.156434 -0.000000 0.987688
vn -0.130762 -0.589987 0.796754
vn -0.055416 -0.952340 0.299964
vn 0.040661 -0.949746 -0.310369
vn 0.121391 -0.585785 -0.801324
vn 0.156434 0.000000 -0.987688
vn 0.309017 0.000000 -0.951057
vn 0.255633 0.585785 -0.769095
vn 0.104675 0.949746 -0.295001
vn -0.086805 0.952340 0.292428
vn -0.245209 0.589987 0.769277
vn -0.309017 0.000000 0.951057
vn -0.253792 -0.589987 0.766489
vn -0.101658 -0.952340 0.287602
vn 0.088713 -0.949746 -0.300187
vn 0.245251 -0.585785 -0.772469
vn 0.309017 0.000000 -0.951057
vn 0.453990 0.000000 -0.891007
vn 0.372799 0.585785 -0.719637
vn 0.149535 0.949746 -0.274994
vn -0.131482 0.952340 0.275249
vn -0.362531 0.589987 0.721447
vn -0.453990 0.000000 0.891007
vn -0.370573 -0.589987 0.717350
vn -0.145398 -0.952340 0.268158
vn 0.134580 -0.949746 -0.282614
vn 0.363073 -0.585785 -0.724593
vn 0.453990 0.000000 -0.891007
vn 0.587785 -0.000000 -0.809017
vn 0.480785 0.585785 -0.652458
vn 0.190713 0.949746 -0.248216
vn -0.172922 0.952340 0.251292
vn -0.470927 0.589987 0.655853
vn -0.587785 0.000000 0.809017
vn -0.478228 -0.589987 0.650548
vn -0.185557 -0.952340 0.242112
vn 0.177134 -0.949746 -0.258081
vn 0.471954 -0.585785 -0.658875
vn 0.587785 -0.000000 -0.809017
vn 0.707107 -0.000000 -0.707107
vn 0.576933 0.585785 -0.569214
vn 0.227194 0.949746 -0.215326
vn -0.210103 0.952340 0.221147
vn -0.567727 0.589987 0.574109
vn -0.707107 -0.000000 0.707107
vn -0.574109 -0.589987 0.567727
vn -0.221147 -0.952340 0.210103
vn 0.215326 -0.949746 -0.227194
vn 0.569214 -0.585785 -0.576933
vn 0.707107 -0.000000 -0.707107
vn 0.809017 0.000000 -0.587785
vn 0.658875 0.585785 -0.471954
vn 0.258081 0.949746 -0.177134
vn -0.242112 0.952340 0.185557
vn -0.650548 0.589987 0.478228
vn -0.809017 0.000000 0.587785
vn -0.655853 -0.589987 0.470927
vn -0.251292 -0.952340 0.172922
vn 0.248216 -0.949746 -0.190713
vn 0.652458 -0.585785 -0.480785
vn 0.809017 0.000000 -0.587785
vn 0.891007 -0.000000 -0.453990
vn 0.724593 0.585785 -0.363073
vn 0.282614 0.949746 -0.134580
vn -0.268158 0.952340 0.145398
vn -0.717350 0.589987 0.370573
vn -0.891007 -0.000000 0.453990
vn -0.721447 -0.589987 0.362531
vn -0.275249 -0.952340 0.131482
vn 0.274994 -0.949746 -0.149535
vn 0.719637 -0.585785 -0.372799
vn 0.891007 -0.000000 -0.453990
vn 0.951057 0.000000 -0.309017
vn 0.772469 0.585785 -0.245251
vn 0.300187 0.949746 -0.088713
vn -0.287602 0.952340 0.101658
vn -0.766489 0.589987 0.253792
vn -0.951057 0.000000 0.309017
vn -0.769277 -0.589987 0.245209
vn -0.292428 -0.952340 0.086805
vn 0.295001 -0.949746 -0.104675
vn 0.769095 -0.585785 -0.255633
vn 0.951057 0.000000 -0.309017
vn 0.987688 0.000000 -0.156434
vn 0.801324 0.585785 -0.121391
vn 0.310369 0.949746 -0.040661
vn -0.299964 0.952340 0.055416
vn -0.796754 0.589987 0.130762
vn -0.987688 0.000000 0.156434
vn -0.798165 -0.589987 0.121848
vn -0.302407 -0.952340 0.039990
vn 0.307744 -0.949746 -0.057238
vn 0.799616 -0.585785 -0.132173
vn 0.987688 0.000000 -0.156434
vn 1.000000 -0.000000 -0.000000
vn 0.810448 0.585785 0.005458
vn 0.312909 0.949746 0.008392
vn -0.304940 0.952340 0.007809
vn -0.807400 0.589987 0.004513
vn -1.000000 -0.000000 0.000000
vn -0.807400 -0.589987 -0.004513
vn -0.304940 -0.952340 -0.007809
vn 0.312909 -0.949746 -0.008392
vn 0.810448 -0.585785 -0.005458
vn 1.000000 -0.000000 -0.000000
f 3729//3729 3730//3730 3740//3740
f 3730//3730 3741//3741 3740//3740
f 3730//3730 3731//3731 3741//3741
f 3731//3731 3742//3742 3741//3741
f 3731//3731 3732//3732 3742//3742
f 3732//3732 3743//3743 3742//3742
f 3732//3732 3733//3733 3743//3743
f 3733//3733 3744//3744 3743//3743
f 3733//3733 3734//3734 3744//3744
f 3734//3734 3745//3745 3744//3744
f 3734//3734 3735//3735 3745//3745
f 3735//3735 3746//3746 3745//3745
f 3735//3735 3736//3736 3746//3746
f 3736//3736 3747//3747 3746//3746
f 3736//3736 3737//3737 3747//3747
f 3737//3737 3748//3748 3747//3747
f 3737//3737 3738//3738 3748//3748
f 3738//3738 3749//3749 3748//3748
f 3738//3738 3739//3739 3749//3749
f 3739//3739 3750//3750 3749//3749
f 3740//3740 3741//3741 3751//3751
f 3741//3741 3752//3752 3751//3751
f 3741//3741 3742//3742 3752//3752
f 3742//3742 3753//3753 3752//3752
f 3742//3742 3743//3743 3753//3753
f 3743//3743 3754//3754 3753//3753
f 3743//3743 3744//3744 3754//3754
f 3744//3744 3755//3755 3754//3754
f 3744//3744 3745//3745 3755//3755
f 3745//3745 3756//3756 3755//3755
f 3745//3745 3746//3746 3756//3756
f 3746//3746 3757//3757 3756//3756
f 3746//3746 3747//3747 3757//3757
f 3747//3747 3758//3758 3757//3757
f 3747//3747 3748//3748 3758//3758
f 3748//3748 3759//3759 3758//3758
f 3748//3748 3749//3749 3759//3759
f 3749//3749 3760//3760 3759//3759
f 3749//3749 3750//3750 3760//3760
f 3750//3750 3761//3761 3760//3760
f 3751//3751 3752//3752 3762//3762
f 3752//3752 3763//3763 3762//3762
f 3752//3752 3753//3753 3763//3763
f 3753//3753 3764//3764 3763//3763
f 3753//3753 3754//3754 3764//3764
f 3754//3754 3765//3765 3764//3764
f 3754//3754 3755//3755 3765//3765
f 3755//3755 3766//3766 3765//3765
f 3755//3755 3756//3756 3766//3766
f 3756//3756 3767//3767 3766//3766
f 3756//3756 3757//3757 3767//3767
f 3757//3757 3768//3768 3767//3767
f 3757//3757 3758//3758 3768//3768
f 3758//3758 3769//3769 3768//3768
f 3758//3758 3759//3759 3769//3769
f 3759//3759 3770//3770 3769//3769
f 3759//3759 3760//3760 3770//3770
f 3760//3760 3771//3771 3770//3770
f 3760//3760 3761//3761 3771//3771
f 3761//3761 3772//3772 3771//3771
f 3762//3762 3763//3763 3773//3773
f 3763//3763 3774//3774 3773//3773
f 3763//3763 3764//3764 3774//3774
f 3764//3764 3775//3775 3774//3774
f 3764//3764 3765//3765 3775//3775
f 3765//3765 3776//3776 3775//3775
f 3765//3765 3766//3766 3776//3776
f 3766//3766 3777//3777 3776//3776
f 3766//3766 3767//3767 3777//3777
f 3767//3767 3778//3778 3777//3777
f 3767//3767 3768//3768 3778//3778
f 3768//3768 3779//3779 3778//3778
f 3768//3768 3769//3769 3779//3779
f 3769//3769 3780//3780 3779//3779
f 3769//3769 3770//3770 3780//3780
f 3770//3770 3781//3781 3780//3780
f 3770//3770 3771//3771 3781//3781
f 3771//3771 3782//3782 3781//3781
f 3771//3771 3772//3772 3782//3782
f 3772//3772 3783//3783 3782//3782
f 3773//3773 3774//3774 3784//3784
f 3774//3774 3785//3785 3784//3784
f 3774//3774 3775//3775 3785//3785
f 3775//3775 3786//3786 3785//3785
f 3775//3775 3776//3776 3786//3786
f 3776//3776 3787//3787 3786//3786
f 3776//3776 3777//3777 3787//3787
f 3777//3777 3788//3788 3787//3787
f 3777//3777 3778//3778 3788//3788
f 3778//3778 3789//3789 3788//3788
f 3778//3778 3779//3779 3789//3789
f 3779//3779 3790//3790 3789//3789
f 3779//3779 3780//3780 3790//3790
f 3780//3780 3791//3791 3790//3790
f 3780//3780 3781//3781 3791//3791
f 3781//3781 3792//3792 3791//3791
f 3781//3781 3782//3782 3792//3792
f 3782//3782 3793//3793 3792//3792
f 3782//3782 3783//3783 3793//3793
f 3783//3783 3794//3794 3793//3793
f 3784//3784 3785//3785 3795//3795
f 3785//3785 3796//3796 3795//3795
f 3785//3785 3786//3786 3796//3796
f 3786//3786 3797//3797 3796//3796
f 3786//3786 3787//3787 3797//3797
f 3787//3787 3798//3798 3797//3797
f 3787//3787 3788//3788 3798//3798
f 3788//3788 3799//3799 3798//3798
f 3788//3788 3789//3789 3799//3799
f 3789//3789 3800//3800 3799//3799
f 3789//3789 3790//3790 3800//3800
f 3790//3790 3801//3801 3800//3800
f 3790//3790 3791//3791 3801//3801
f 3791//3791 3802//3802 3801//3801
f 3791//3791 3792//3792 3802//3802
f 3792//3792 3803//3803 3802//3802
f 3792//3792 3793//3793 3803//3803
f 3793//3793 3804//3804 3803//3803
f 3793//3793 3794//3794 3804//3804
f 3794//3794 3805//3805 3804//3804
f 3795//3795 3796//3796 3806//3806
f 3796//3796 3807//3807 3806//3806
f 3796//3796 3797//3797 3807//3807
f 3797//3797 3808//3808 3807//3807
f 3797//3797 3798//3798 3808//3808
f 3798//3798 3809//3809 3808//3808
f 3798//3798 3799//3799 3809//3809
f 3799//3799 3810//3810 3809//3809
f 3799//3799 3800//3800 3810//3810
f 3800//3800 3811//3811 3810//3810
f 3800//3800 3801//3801 3811//3811
f 3801//3801 3812//3812 3811//3811
f 3801//3801 3802//3802 3812//3812
f 3802//3802 3813//3813 3812//3812
f 3802//3802 3803//3803 3813//3813
f 3803//3803 3814//3814 3813//3813
f 3803//3803 3804//3804 3814//3814
f 3804//3804 3815//3815 3814//3814
f 3804//3804 3805//3805 3815//3815
f 3805//3805 3816//3816 3815//3815
f 3806//3806 3807//3807 3817//3817
f 3807//3807 3818//3818 3817//3817
f 3807//3807 3808//3808 3818//3818
f 3808//3808 3819//3819 3818//3818
f 3808//3808 3809//3809 3819//3819
f 3809//3809 3820//3820 3819//3819
f 3809//3809 3810//3810 3820//3820
f 3810//3810 3821//3821 3820//3820
f 3810//3810 3811//3811 3821//3821
f 3811//3811 3822//3822 3821//3821
f 3811//3811 3812//3812 3822//3822
f 3812//3812 3823//3823 3822//3822
f 3812//3812 3813//3813 3823//3823
f 3813//3813 3824//3824 3823//3823
f 3813//3813 3814//3814 3824//3824
f 3814//3814 3825//3825 3824//3824
f 3814//3814 3815//3815 3825//3825
f 3815//3815 3826//3826 3825//3825
f 3815//3815 3816//3816 3826//3826
f 3816//3816 3827//3827 3826//3826
f 3817//3817 3818//3818 3828//3828
f 3818//3818 3829//3829 3828//3828
f 3818//3818 3819//3819 3829//3829
f 3819//3819 3830//3830 3829//3829
f 3819//3819 3820//3820 3830//3830
f 3820//3820 3831//3831 3830//3830
f 3820//3820 3821//3821 3831//3831
f 3821//3821 3832//3832 3831//3831
f 3821//3821 3822//3822 3832//3832
f 3822//3822 3833//3833 3832//3832
f 3822//3822 3823//3823 3833//3833
f 3823//3823 3834//3834 3833//3833
f 3823//3823 3824//3824 3834//3834
f 3824//3824 3835//3835 3834//3834
f 3824//3824 3825//3825 3835//3835
f 3825//3825 3836//3836 3835//3835
f 3825//3825 3826//3826 3836//3836
f 3826//3826 3837//3837 3836//3836
f 3826//3826 3827//3827 3837//3837
f 3827//3827 3838//3838 3837//3837
f 3828//3828 3829//3829 3839//3839
f 3829//3829 3840//3840 3839//3839
f 3829//3829 3830//3830 3840//3840
f 3830//3830 3841//3841 3840//3840
f 3830//3830 3831//3831 3841//3841
f 3831//3831 3842//3842 3841//3841
f 3831//3831 3832//3832 3842//3842
f 3832//3832 3843//3843 3842//3842
f 3832//3832 3833//3833 3843//3843
f 3833//3833 3844//3844 3843//3843
f 3833//3833 3834//3834 3844//3844
f 3834//3834 3845//3845 3844//3844
f 3834//3834 3835//3835 3845//3845
f 3835//3835 3846//3846 3845//3845
f 3835//3835 3836//3836 3846//3846
f 3836//3836 3847//3847 3846//3846
f 3836//3836 3837//3837 3847//3847
f 3837//3837 3848//3848 3847//3847
f 3837//3837 3838//3838 3848//3848
f 3838//3838 3849//3849 3848//3848
f 3839//3839 3840//3840 3850//3850
f 3840//3840 3851//3851 3850//3850
f 3840//3840 3841//3841 3851//3851
f 3841//3841 3852//3852 3851//3851
f 3841//3841 3842//3842 3852//3852
f 3842//3842 3853//3853 3852//3852
f 3842//3842 3843//3843 3853//3853
f 3843//3843 3854//3854 3853//3853
f 3843//3843 3844//3844 3854//3854
f 3844//3844 3855//3855 3854//3854
f 3844//3844 3845//3845 3855//3855
f 3845//3845 3856//3856 3855//3855
f 3845//3845 3846//3846 3856//3856
f 3846//3846 3857//3857 3856//3856
f 3846//3846 3847//3847 3857//3857
f 3847//3847 3858//3858 3857//3857
f 3847//3847 3848//3848 3858//3858
f 3848//3848 3859//3859 3858//3858
f 3848//3848 3849//3849 3859//3859
f 3849//3849 3860//3860 3859//3859
f 3850//3850 3851//3851 3861//3861
f 3851//3851 3862//3862 3861//3861
f 3851//3851 3852//3852 3862//3862
f 3852//3852 3863//3863 3862//3862
f 3852//3852 3853//3853 3863//3863
f 3853//3853 3864//3864 3863//3863
f 3853//3853 3854//3854 3864//3864
f 3854//3854 3865//3865 3864//3864
f 3854//3854 3855//3855 3865//3865
f 3855//3855 3866//3866 3865//3865
f 3855//3855 3856//3856 3866//3866
f 3856//3856 3867//3867 3866//3866
f 3856//3856 3857//3857 3867//3867
f 3857//3857 3868//3868 3867//3867
f 3857//3857 3858//3858 3868//3868
f 3858//3858 3869//3869 3868//3868
f 3858//3858 3859//3859 3869//3869
f 3859//3859 3870//3870 3869//3869
f 3859//3859 3860//3860 3870//3870
f 3860//3860 3871//3871 3870//3870
f 3861//3861 3862//3862 3872//3872
f 3862//3862 3873//3873 3872//3872
f 3862//3862 3863//3863 3873//3873
f 3863//3863 3874//3874 3873//3873
f 3863//3863 3864//3864 3874//3874
f 3864//3864 3875//3875 3874//3874
f 3864//3864 3865//3865 3875//3875
f 3865//3865 3876//3876 3875//3875
f 3865//3865 3866//3866 3876//3876
f 3866//3866 3877//3877 3876//3876
f 3866//3866 3867//3867 3877//3877
f 3867//3867 3878//3878 3877//3877
f 3867//3867 3868//3868 3878//3878
f 3868//3868 3879//3879 3878//3878
f 3868//3868 3869//3869 3879//3879
f 3869//3869 3880//3880 3879//3879
f 3869//3869 3870//3870 3880//3880
f 3870//3870 3881//3881 3880//3880
f 3870//3870 3871//3871 3881//3881
f 3871//3871 3882//3882 3881//3881
f 3872//3872 3873//3873 3883//3883
f 3873//3873 3884//3884 3883//3883
f 3873//3873 3874//3874 3884//3884
f 3874//3874 3885//3885 3884//3884
f 3874//3874 3875//3875 3885//3885
f 3875//3875 3886//3886 3885//3885
f 3875//3875 3876//3876 3886//3886
f 3876//3876 3887//3887 3886//3886
f 3876//3876 3877//3877 3887//3887
f 3877//3877 3888//3888 3887//3887
f 3877//3877 3878//3878 3888//3888
f 3878//3878 3889//3889 3888//3888
f 3878//3878 3879//3879 3889//3889
f 3879//3879 3890//3890 3889//3889
f 3879//3879 3880//3880 3890//3890
f 3880//3880 3891//3891 3890//3890
f 3880//3880 3881//3881 3891//3891
f 3881//3881 3892//3892 3891//3891
f 3881//3881 3882//3882 3892//3892
f 3882//3882 3893//3893 3892//3892
f 3883//3883 3884//3884 3894//3894
f 3884//3884 3895//3895 3894//3894
f 3884//3884 3885//3885 3895//3895
f 3885//3885 3896//3896 3895//3895
f 3885//3885 3886//3886 3896//3896
f 3886//3886 3897//3897 3896//3896
f 3886//3886 3887//3887 3897//3897
f 3887//3887 3898//3898 3897//3897
f 3887//3887 3888//3888 3898//3898
f 3888//3888 3899//3899 3898//3898
f 3888//3888 3889//3889 3899//3899
f 3889//3889 3900//3900 3899//3899
f 3889//3889 3890//3890 3900//3900
f 3890//3890 3901//3901 3900//3900
f 3890//3890 3891//3891 3901//3901
f 3891//3891 3902//3902 3901//3901
f 3891//3891 3892//3892 3902//3902
f 3892//3892 3903//3903 3902//3902
f 3892//3892 3893//3893 3903//3903
f 3893//3893 3904//3904 3903//3903
f 3894//3894 3895//3895 3905//3905
f 3895//3895 3906//3906 3905//3905
f 3895//3895 3896//3896 3906//3906
f 3896//3896 3907//3907 3906//3906
f 3896//3896 3897//3897 3907//3907
f 3897//3897 3908//3908 3907//3907
f 3897//3897 3898//3898 3908//3908
f 3898//3898 3909//3909 3908//3908
f 3898//3898 3899//3899 3909//3909
f 3899//3899 3910//3910 3909//3909
f 3899//3899 3900//3900 3910//3910
f 3900//3900 3911//3911 3910//3910
f 3900//3900 3901//3901 3911//3911
f 3901//3901 3912//3912 3911//3911
f 3901//3901 3902//3902 3912//3912
f 3902//3902 3913//3913 3912//3912
f 3902//3902 3903//3903 3913//3913
f 3903//3903 3914//3914 3913//3913
f 3903//3903 3904//3904 3914//3914
f 3904//3904 3915//3915 3914//3914
f 3905//3905 3906//3906 3916//3916
f 3906//3906 3917//3917 3916//3916
f 3906//3906 3907//3907 3917//3917
f 3907//3907 3918//3918 3917//3917
f 3907//3907 3908//3908 3918//3918
f 3908//3908 3919//3919 3918//3918
f 3908//3908 3909//3909 3919//3919
f 3909//3909 3920//3920 3919//3919
f 3909//3909 3910//3910 3920//3920
f 3910//3910 3921//3921 3920//3920
f 3910//3910 3911//3911 3921//3921
f 3911//3911 3922//3922 3921//3921
f 3911//3911 3912//3912 3922//3922
f 3912//3912 3923//3923 3922//3922
f 3912//3912 3913//3913 3923//3923
f 3913//3913 3924//3924 3923//3923
f 3913//3913 3914//3914 3924//3924
f 3914//3914 3925//3925 3924//3924
f 3914//3914 3915//3915 3925//3925
f 3915//3915 3926//3926 3925//3925
f 3916//3916 3917//3917 3927//3927
f 3917//3917 3928//3928 3927//3927
f 3917//3917 3918//3918 3928//3928
f 3918//3918 3929//3929 3928//3928
f 3918//3918 3919//3919 3929//3929
f 3919//3919 3930//3930 3929//3929
f 3919//3919 3920//3920 3930//3930
f 3920//3920 3931//3931 3930//3930
f 3920//3920 3921//3921 3931//3931
f 3921//3921 3932//3932 3931//3931
f 3921//3921 3922//3922 3932//3932
f 3922//3922 3933//3933 3932//3932
f 3922//3922 3923//3923 3933//3933
f 3923//3923 3934//3934 3933//3933
f 3923//3923 3924//3924 3934//3934
f 3924//3924 3935//3935 3934//3934
f 3924//3924 3925//3925 3935//3935
f 3925//3925 3936//3936 3935//3935
f 3925//3925 3926//3926 3936//3936
f 3926//3926 3937//3937 3936//3936
f 3927//3927 3928//3928 3938//3938
f 3928//3928 3939//3939 3938//3938
f 3928//3928 3929//3929 3939//3939
f 3929//3929 3940//3940 3939//3939
f 3929//3929 3930//3930 3940//3940
f 3930//3930 3941//3941 3940//3940
f 3930//3930 3931//3931 3941//3941
f 3931//3931 3942//3942 3941//3941
f 3931//3931 3932//3932 3942//3942
f 3932//3932 3943//3943 3942//3942
f 3932//3932 3933//3933 3943//3943
f 3933//3933 3944//3944 3943//3943
f 3933//3933 3934//3934 3944//3944
f 3934//3934 3945//3945 3944//3944
f 3934//3934 3935//3935 3945//3945
f 3935//3935 3946//3946 3945//3945
f 3935//3935 3936//3936 3946//3946
f 3936//3936 3947//3947 3946//3946
f 3936//3936 3937//3937 3947//3947
f 3937//3937 3948//3948 3947//3947
f 3938//3938 3939//3939 3949//3949
f 3939//3939 3950//3950 3949//3949
f 3939//3939 3940//3940 3950//3950
f 3940//3940 3951//3951 3950//3950
f 3940//3940 3941//3941 3951//3951
f 3941//3941 3952//3952 3951//3951
f 3941//3941 3942//3942 3952//3952
f 3942//3942 3953//3953 3952//3952
f 3942//3942 3943//3943 3953//3953
f 3943//3943 3954//3954 3953//3953
f 3943//3943 3944//3944 3954//3954
f 3944//3944 3955//3955 3954//3954
f 3944//3944 3945//3945 3955//3955
f 3945//3945 3956//3956 3955//3955
f 3945//3945 3946//3946 3956//3956
f 3946//3946 3957//3957 3956//3956
f 3946//3946 3947//3947 3957//3957
f 3947//3947 3958//3958 3957//3957
f 3947//3947 3948//3948 3958//3958
f 3948//3948 3959//3959 3958//3958
f 3949//3949 3950//3950 3960//3960
f 3950//3950 3961//3961 3960//3960
f 3950//3950 3951//3951 3961//3961
f 3951//3951 3962//3962 3961//3961
f 3951//3951 3952//3952 3962//3962
f 3952//3952 3963//3963 3962//3962
f 3952//3952 3953//3953 3963//3963
f 3953//3953 3964//3964 3963//3963
f 3953//3953 3954//3954 3964//3964
f 3954//3954 3965//3965 3964//3964
f 3954//3954 3955//3955 3965//3965
f 3955//3955 3966//3966 3965//3965
f 3955//3955 3956//3956 3966//3966
f 3956//3956 3967//3967 3966//3966
f 3956//3956 3957//3957 3967//3967
f 3957//3957 3968//3968 3967//3967
f 3957//3957 3958//3958 3968//3968
f 3958//3958 3969//3969 3968//3968
f 3958//3958 3959//3959 3969//3969
f 3959//3959 3970//3970 3969//3969
f 3960//3960 3961//3961 3971//3971
f 3961//3961 3972//3972 3971//3971
f 3961//3961 3962//3962 3972//3972
f 3962//3962 3973//3973 3972//3972
f 3962//3962 3963//3963 3973//3973
f 3963//3963 3974//3974 3973//3973
f 3963//3963 3964//3964 3974//3974
f 3964//3964 3975//3975 3974//3974
f 3964//3964 3965//3965 3975//3975
f 3965//3965 3976//3976 3975//3975
f 3965//3965 3966//3966 3976//3976
f 3966//3966 3977//3977 3976//3976
f 3966//3966 3967//3967 3977//3977
f 3967//3967 3978//3978 3977//3977
f 3967//3967 3968//3968 3978//3978
f 3968//3968 3979//3979 3978//3978
f 3968//3968 3969//3969 3979//3979
f 3969//3969 3980//3980 3979//3979
f 3969//3969 3970//3970 3980//3980
f 3970//3970 3981//3981 3980//3980
f 3971//3971 3972//3972 3982//3982
f 3972//3972 3983//3983 3982//3982
f 3972//3972 3973//3973 3983//3983
f 3973//3973 3984//3984 3983//3983
f 3973//3973 3974//3974 3984//3984
f 3974//3974 3985//3985 3984//3984
f 3974//3974 3975//3975 3985//3985
f 3975//3975 3986//3986 3985//3985
f 3975//3975 3976//3976 3986//3986
f 3976//3976 3987//3987 3986//3986
f 3976//3976 3977//3977 3987//3987
f 3977//3977 3988//3988 3987//3987
f 3977//3977 3978//3978 3988//3988
f 3978//3978 3989//3989 3988//3988
f 3978//3978 3979//3979 3989//3989
f 3979//3979 3990//3990 3989//3989
f 3979//3979 3980//3980 3990//3990
f 3980//3980 3991//3991 3990//3990
f 3980//3980 3981//3981 3991//3991
f 3981//3981 3992//3992 3991//3991
f 3982//3982 3983//3983 3993//3993
f 3983//3983 3994//3994 3993//3993
f 3983//3983 3984//3984 3994//3994
f 3984//3984 3995//3995 3994//3994
f 3984//3984 3985//3985 3995//3995
f 3985//3985 3996//3996 3995//3995
f 3985//3985 3986//3986 3996//3996
f 3986//3986 3997//3997 3996//3996
f 3986//3986 3987//3987 3997//3997
f 3987//3987 3998//3998 3997//3997
f 3987//3987 3988//3988 3998//3998
f 3988//3988 3999//3999 3998//3998
f 3988//3988 3989//3989 3999//3999
f 3989//3989 4000//4000 3999//3999
f 3989//3989 3990//3990 4000//4000
f 3990//3990 4001//4001 4000//4000
f 3990//3990 3991//3991 4001//4001
f 3991//3991 4002//4002 4001//4001
f 3991//3991 3992//3992 4002//4002
f 3992//3992 4003//4003 4002//4002
f 3993//3993 3994//3994 4004//4004
f 3994//3994 4005//4005 4004//4004
f 3994//3994 3995//3995 4005//4005
f 3995//3995 4006//4006 4005//4005
f 3995//3995 3996//3996 4006//4006
f 3996//3996 4007//4007 4006//4006
f 3996//3996 3997//3997 4007//4007
f 3997//3997 4008//4008 4007//4007
f 3997//3997 3998//3998 4008//4008
f 3998//3998 4009//4009 4008//4008
f 3998//3998 3999//3999 4009//4009
f 3999//3999 4010//4010 4009//4009
f 3999//3999 4000//4000 4010//4010
f 4000//4000 4011//4011 4010//4010
f 4000//4000 4001//4001 4011//4011
f 4001//4001 4012//4012 4011//4011
f 4001//4001 4002//4002 4012//4012
f 4002//4002 4013//4013 4012//4012
f 4002//4002 4003//4003 4013//4013
f 4003//4003 4014//4014 4013//4013
f 4004//4004 4005//4005 4015//4015
f 4005//4005 4016//4016 4015//4015
f 4005//4005 4006//4006 4016//4016
f 4006//4006 4017//4017 4016//4016
f 4006//4006 4007//4007 4017//4017
f 4007//4007 4018//4018 4017//4017
f 4007//4007 4008//4008 4018//4018
f 4008//4008 4019//4019 4018//4018
f 4008//4008 4009//4009 4019//4019
f 4009//4009 4020//4020 4019//4019
f 4009//4009 4010//4010 4020//4020
f 4010//4010 4021//4021 4020//4020
f 4010//4010 4011//4011 4021//4021
f 4011//4011 4022//4022 4021//4021
f 4011//4011 4012//4012 4022//4022
f 4012//4012 4023//4023 4022//4022
f 4012//4012 4013//4013 4023//4023
f 4013//4013 4024//4024 4023//4023
f 4013//4013 4014//4014 4024//4024
f 4014//4014 4025//4025 4024//4024
f 4015//4015 4016//4016 4026//4026
f 4016//4016 4027//4027 4026//4026
f 4016//4016 4017//4017 4027//4027
f 4017//4017 4028//4028 4027//4027
f 4017//4017 4018//4018 4028//4028
f 4018//4018 4029//4029 4028//4028
f 4018//4018 4019//4019 4029//4029
f 4019//4019 4030//4030 4029//4029
f 4019//4019 4020//4020 4030//4030
f 4020//4020 4031//4031 4030//4030
f 4020//4020 4021//4021 4031//4031
f 4021//4021 4032//4032 4031//4031
f 4021//4021 4022//4022 4032//4032
f 4022//4022 4033//4033 4032//4032
f 4022//4022 4023//4023 4033//4033
f 4023//4023 4034//4034 4033//4033
f 4023//4023 4024//4024 4034//4034
f 4024//4024 4035//4035 4034//4034
f 4024//4024 4025//4025 4035//4035
f 4025//4025 4036//4036 4035//4035
f 4026//4026 4027//4027 4037//4037
f 4027//4027 4038//4038 4037//4037
f 4027//4027 4028//4028 4038//4038
f 4028//4028 4039//4039 4038//4038
f 4028//4028 4029//4029 4039//4039
f 4029//4029 4040//4040 4039//4039
f 4029//4029 4030//4030 4040//4040
f 4030//4030 4041//4041 4040//4040
f 4030//4030 4031//4031 4041//4041
f 4031//4031 4042//4042 4041//4041
f 4031//4031 4032//4032 4042//4042
f 4032//4032 4043//4043 4042//4042
f 4032//4032 4033//4033 4043//4043
f 4033//4033 4044//4044 4043//4043
f 4033//4033 4034//4034 4044//4044
f 4034//4034 4045//4045 4044//4044
f 4034//4034 4035//4035 4045//4045
f 4035//4035 4046//4046 4045//4045
f 4035//4035 4036//4036 4046//4046
f 4036//4036 4047//4047 4046//4046
f 4037//4037 4038//4038 4048//4048
f 4038//4038 4049//4049 4048//4048
f 4038//4038 4039//4039 4049//4049
f 4039//4039 4050//4050 4049//4049
f 4039//4039 4040//4040 4050//4050
f 4040//4040 4051//4051 4050//4050
f 4040//4040 4041//4041 4051//4051
f 4041//4041 4052//4052 4051//4051
f 4041//4041 4042//4042 4052//4052
f 4042//4042 4053//4053 4052//4052
f 4042//4042 4043//4043 4053//4053
f 4043//4043 4054//4054 4053//4053
f 4043//4043 4044//4044 4054//4054
f 4044//4044 4055//4055 4054//4054
f 4044//4044 4045//4045 4055//4055
f 4045//4045 4056//4056 4055//4055
f 4045//4045 4046//4046 4056//4056
f 4046//4046 4057//4057 4056//4056
f 4046//4046 4047//4047 4057//4057
f 4047//4047 4058//4058 4057//4057
f 4048//4048 4049//4049 4059//4059
f 4049//4049 4060//4060 4059//4059
f 4049//4049 4050//4050 4060//4060
f 4050//4050 4061//4061 4060//4060
f 4050//4050 4051//4051 4061//4061
f 4051//4051 4062//4062 4061//4061
f 4051//4051 4052//4052 4062//4062
f 4052//4052 4063//4063 4062//4062
f 4052//4052 4053//4053 4063//4063
f 4053//4053 4064//4064 4063//4063
f 4053//4053 4054//4054 4064//4064
f 4054//4054 4065//4065 4064//4064
f 4054//4054 4055//4055 4065//4065
f 4055//4055 4066//4066 4065//4065
f 4055//4055 4056//4056 4066//4066
f 4056//4056 4067//4067 4066//4066
f 4056//4056 4057//4057 4067//4067
f 4057//4057 4068//4068 4067//4067
f 4057//4057 4058//4058 4068//4068
f 4058//4058 4069//4069 4068//4068
f 4059//4059 4060//4060 4070//4070
f 4060//4060 4071//4071 4070//4070
f 4060//4060 4061//4061 4071//4071
f 4061//4061 4072//4072 4071//4071
f 4061//4061 4062//4062 4072//4072
f 4062//4062 4073//4073 4072//4072
f 4062//4062 4063//4063 4073//4073
f 4063//4063 4074//4074 4073//4073
f 4063//4063 4064//4064 4074//4074
f 4064//4064 4075//4075 4074//4074
f 4064//4064 4065//4065 4075//4075
f 4065//4065 4076//4076 4075//4075
f 4065//4065 4066//4066 4076//4076
f 4066//4066 4077//4077 4076//4076
f 4066//4066 4067//4067 4077//4077
f 4067//4067 4078//4078 4077//4077
f 4067//4067 4068//4068 4078//4078
f 4068//4068 4079//4079 4078//4078
f 4068//4068 4069//4069 4079//4079
f 4069//4069 4080//4080 4079//4079
f 4070//4070 4071//4071 4081//4081
f 4071//4071 4082//4082 4081//4081
f 4071//4071 4072//4072 4082//4082
f 4072//4072 4083//4083 4082//4082
f 4072//4072 4073//4073 4083//4083
f 4073//4073 4084//4084 4083//4083
f 4073//4073 4074//4074 4084//4084
f 4074//4074 4085//4085 4084//4084
f 4074//4074 4075//4075 4085//4085
f 4075//4075 4086//4086 4085//4085
f 4075//4075 4076//4076 4086//4086
f 4076//4076 4087//4087 4086//4086
f 4076//4076 4077//4077 4087//4087
f 4077//4077 4088//4088 4087//4087
f 4077//4077 4078//4078 4088//4088
f 4078//4078 4089//4089 4088//4088
f 4078//4078 4079//4079 4089//4089
f 4079//4079 4090//4090 4089//4089
f 4079//4079 4080//4080 4090//4090
f 4080//4080 4091//4091 4090//4090
f 4081//4081 4082//4082 4092//4092
f 4082//4082 4093//4093 4092//4092
f 4082//4082 4083//4083 4093//4093
f 4083//4083 4094//4094 4093//4093
f 4083//4083 4084//4084 4094//4094
f 4084//4084 4095//4095 4094//4094
f 4084//4084 4085//4085 4095//4095
f 4085//4085 4096//4096 4095//4095
f 4085//4085 4086//4086 4096//4096
f 4086//4086 4097//4097 4096//4096
f 4086//4086 4087//4087 4097//4097
f 4087//4087 4098//4098 4097//4097
f 4087//4087 4088//4088 4098//4098
f 4088//4088 4099//4099 4098//4098
f 4088//4088 4089//4089 4099//4099
f 4089//4089 4100//4100 4099//4099
f 4089//4089 4090//4090 4100//4100
f 4090//4090 4101//4101 4100//4100
f 4090//4090 4091//4091 4101//4101
f 4091//4091 4102//4102 4101//4101
f 4092//4092 4093//4093 4103//4103
f 4093//4093 4104//4104 4103//4103
f 4093//4093 4094//4094 4104//4104
f 4094//4094 4105//4105 4104//4104
f 4094//4094 4095//4095 4105//4105
f 4095//4095 4106//4106 4105//4105
f 4095//4095 4096//4096 4106//4106
f 4096//4096 4107//4107 4106//4106
f 4096//4096 4097//4097 4107//4107
f 4097//4097 4108//4108 4107//4107
f 4097//4097 4098//4098 4108//4108
f 4098//4098 4109//4109 4108//4108
f 4098//4098 4099//4099 4109//4109
f 4099//4099 4110//4110 4109//4109
f 4099//4099 4100//4100 4110//4110
f 4100//4100 4111//4111 4110//4110
f 4100//4100 4101//4101 4111//4111
f 4101//4101 4112//4112 4111//4111
f 4101//4101 4102//4102 4112//4112
f 4102//4102 4113//4113 4112//4112
f 4103//4103 4104//4104 4114//4114
f 4104//4104 4115//4115 4114//4114
f 4104//4104 4105//4105 4115//4115
f 4105//4105 4116//4116 4115//4115
f 4105//4105 4106//4106 4116//4116
f 4106//4106 4117//4117 4116//4116
f 4106//4106 4107//4107 4117//4117
f 4107//4107 4118//4118 4117//4117
f 4107//4107 4108//4108 4118//4118
f 4108//4108 4119//4119 4118//4118
f 4108//4108 4109//4109 4119//4119
f 4109//4109 4120//4120 4119//4119
f 4109//4109 4110//4110 4120//4120
f 4110//4110 4121//4121 4120//4120
f 4110//4110 4111//4111 4121//4121
f 4111//4111 4122//4122 4121//4121
f 4111//4111 4112//4112 4122//4122
f 4112//4112 4123//4123 4122//4122
f 4112//4112 4113//4113 4123//4123
f 4113//4113 4124//4124 4123//4123
f 4114//4114 4115//4115 4125//4125
f 4115//4115 4126//4126 4125//4125
f 4115//4115 4116//4116 4126//4126
f 4116//4116 4127//4127 4126//4126
f 4116//4116 4117//4117 4127//4127
f 4117//4117 4128//4128 4127//4127
f 4117//4117 4118//4118 4128//4128
f 4118//4118 4129//4129 4128//4128
f 4118//4118 4119//4119 4129//4129
f 4119//4119 4130//4130 4129//4129
f 4119//4119 4120//4120 4130//4130
f 4120//4120 4131//4131 4130//4130
f 4120//4120 4121//4121 4131//4131
f 4121//4121 4132//4132 4131//4131
f 4121//4121 4122//4122 4132//4132
f 4122//4122 4133//4133 4132//4132
f 4122//4122 4123//4123 4133//4133
f 4123//4123 4134//4134 4133//4133
f 4123//4123 4124//4124 4134//4134
f 4124//4124 4135//4135 4134//4134
f 4125//4125 4126//4126 4136//4136
f 4126//4126 4137//4137 4136//4136
f 4126//4126 4127//4127 4137//4137
f 4127//4127 4138//4138 4137//4137
f 4127//4127 4128//4128 4138//4138
f 4128//4128 4139//4139 4138//4138
f 4128//4128 4129//4129 4139//4139
f 4129//4129 4140//4140 4139//4139
f 4129//4129 4130//4130 4140//4140
f 4130//4130 4141//4141 4140//4140
f 4130//4130 4131//4131 4141//4141
f 4131//4131 4142//4142 4141//4141
f 4131//4131 4132//4132 4142//4142
f 4132//4132 4143//4143 4142//4142
f 4132//4132 4133//4133 4143//4143
f 4133//4133 4144//4144 4143//4143
f 4133//4133 4134//4134 4144//4144
f 4134//4134 4145//4145 4144//4144
f 4134//4134 4135//4135 4145//4145
f 4135//4135 4146//4146 4145//4145
f 4136//4136 4137//4137 4147//4147
f 4137//4137 4148//4148 4147//4147
f 4137//4137 4138//4138 4148//4148
f 4138//4138 4149//4149 4148//4148
f 4138//4138 4139//4139 4149//4149
f 4139//4139 4150//4150 4149//4149
f 4139//4139 4140//4140 4150//4150
f 4140//4140 4151//4151 4150//4150
f 4140//4140 4141//4141 4151//4151
f 4141//4141 4152//4152 4151//4151
f 4141//4141 4142//4142 4152//4152
f 4142//4142 4153//4153 4152//4152
f 4142//4142 4143//4143 4153//4153
f 4143//4143 4154//4154 4153//4153
f 4143//4143 4144//4144 4154//4154
f 4144//4144 4155//4155 4154//4154
f 4144//4144 4145//4145 4155//4155
f 4145//4145 4156//4156 4155//4155
f 4145//4145 4146//4146 4156//4156
f 4146//4146 4157//4157 4156//4156
f 4147//4147 4148//4148 4158//4158
f 4148//4148 4159//4159 4158//4158
f 4148//4148 4149//4149 4159//4159
f 4149//4149 4160//4160 4159//4159
f 4149//4149 4150//4150 4160//4160
f 4150//4150 4161//4161 4160//4160
f 4150//4150 4151//4151 4161//4161
f 4151//4151 4162//4162 4161//4161
f 4151//4151 4152//4152 4162//4162
f 4152//4152 4163//4163 4162//4162
f 4152//4152 4153//4153 4163//4163
f 4153//4153 4164//4164 4163//4163
f 4153//4153 4154//4154 4164//4164
f 4154//4154 4165//4165 4164//4164
f 4154//4154 4155//4155 4165//4165
f 4155//4155 4166//4166 4165//4165
f 4155//4155 4156//4156 4166//4166
f 4156//4156 4167//4167 4166//4166
f 4156//4156 4157//4157 4167//4167
f 4157//4157 4168//4168 4167//4167
f 4158//4158 4159//4159 4169//4169
f 4159//4159 4170//4170 4169//4169
f 4159//4159 4160//4160 4170//4170
f 4160//4160 4171//4171 4170//4170
f 4160//4160 4161//4161 4171//4171
f 4161//4161 4172//4172 4171//4171
f 4161//4161 4162//4162 4172//4172
f 4162//4162 4173//4173 4172//4172
f 4162//4162 4163//4163 4173//4173
f 4163//4163 4174//4174 4173//4173
f 4163//4163 4164//4164 4174//4174
f 4164//4164 4175//4175 4174//4174
f 4164//4164 4165//4165 4175//4175
f 4165//4165 4176//4176 4175//4175
f 4165//4165 4166//4166 4176//4176
f 4166//4166 4177//4177 4176//4176
f 4166//4166 4167//4167 4177//4177
f 4167//4167 4178//4178 4177//4177
f 4167//4167 4168//4168 4178//4178
f 4168//4168 4179//4179 4178//4178
f 4180//4180 4181//4181 4191//4191
f 4181//4181 4192//4192 4191//4191
f 4181//4181 4182//4182 4192//4192
f 4182//4182 4193//4193 4192//4192
f 4182//4182 4183//4183 4193//4193
f 4183//4183 4194//4194 4193//4193
f 4183//4183 4184//4184 4194//4194
f 4184//4184 4195//4195 4194//4194
f 4184//4184 4185//4185 4195//4195
f 4185//4185 4196//4196 4195//4195
f 4185//4185 4186//4186 4196//4196
f 4186//4186 4197//4197 4196//4196
f 4186//4186 4187//4187 4197//4197
f 4187//4187 4198//4198 4197//4197
f 4187//4187 4188//4188 4198//4198
f 4188//4188 4199//4199 4198//4198
f 4188//4188 4189//4189 4199//4199
f 4189//4189 4200//4200 4199//4199
f 4189//4189 4190//4190 4200//4200
f 4190//4190 4201//4201 4200//4200
f 4191//4191 4192//4192 4202//4202
f 4192//4192 4203//4203 4202//4202
f 4192//4192 4193//4193 4203//4203
f 4193//4193 4204//4204 4203//4203
f 4193//4193 4194//4194 4204//4204
f 4194//4194 4205//4205 4204//4204
f 4194//4194 4195//4195 4205//4205
f 4195//4195 4206//4206 4205//4205
f 4195//4195 4196//4196 4206//4206
f 4196//4196 4207//4207 4206//4206
f 4196//4196 4197//4197 4207//4207
f 4197//4197 4208//4208 4207//4207
f 4197//4197 4198//4198 4208//4208
f 4198//4198 4209//4209 4208//4208
f 4198//4198 4199//4199 4209//4209
f 4199//4199 4210//4210 4209//4209
f 4199//4199 4200//4200 4210//4210
f 4200//4200 4211//4211 4210//4210
f 4200//4200 4201//4201 4211//4211
f 4201//4201 4212//4212 4211//4211
f 4202//4202 4203//4203 4213//4213
f 4203//4203 4214//4214 4213//4213
f 4203//4203 4204//4204 4214//4214
f 4204//4204 4215//4215 4214//4214
f 4204//4204 4205//4205 4215//4215
f 4205//4205 4216//4216 4215//4215
f 4205//4205 4206//4206 4216//4216
f 4206//4206 4217//4217 4216//4216
f 4206//4206 4207//4207 4217//4217
f 4207//4207 4218//4218 4217//4217
f 4207//4207 4208//4208 4218//4218
f 4208//4208 4219//4219 4218//4218
f 4208//4208 4209//4209 4219//4219
f 4209//4209 4220//4220 4219//4219
f 4209//4209 4210//4210 4220//4220
f 4210//4210 4221//4221 4220//4220
f 4210//4210 4211//4211 4221//4221
f 4211//4211 4222//4222 4221//4221
f 4211//4211 4212//4212 4222//4222
f 4212//4212 4223//4223 4222//4222
f 4213//4213 4214//4214 4224//4224
f 4214//4214 4225//4225 4224//4224
f 4214//4214 4215//4215 4225//4225
f 4215//4215 4226//4226 4225//4225
f 4215//4215 4216//4216 4226//4226
f 4216//4216 4227//4227 4226//4226
f 4216//4216 4217//4217 4227//4227
f 4217//4217 4228//4228 4227//4227
f 4217//4217 4218//4218 4228//4228
f 4218//4218 4229//4229 4228//4228
f 4218//4218 4219//4219 4229//4229
f 4219//4219 4230//4230 4229//4229
f 4219//4219 4220//4220 4230//4230
f 4220//4220 4231//4231 4230//4230
f 4220//4220 4221//4221 4231//4231
f 4221//4221 4232//4232 4231//4231
f 4221//4221 4222//4222 4232//4232
f 4222//4222 4233//4233 4232//4232
f 4222//4222 4223//4223 4233//4233
f 4223//4223 4234//4234 4233//4233
f 4224//4224 4225//4225 4235//4235
f 4225//4225 4236//4236 4235//4235
f 4225//4225 4226//4226 4236//4236
f 4226//4226 4237//4237 4236//4236
f 4226//4226 4227//4227 4237//4237
f 4227//4227 4238//4238 4237//4237
f 4227//4227 4228//4228 4238//4238
f 4228//4228 4239//4239 4238//4238
f 4228//4228 4229//4229 4239//4239
f 4229//4229 4240//4240 4239//4239
f 4229//4229 4230//4230 4240//4240
f 4230//4230 4241//4241 4240//4240
f 4230//4230 4231//4231 4241//4241
f 4231//4231 4242//4242 4241//4241
f 4231//4231 4232//4232 4242//4242
f 4232//4232 4243//4243 4242//4242
f 4232//4232 4233//4233 4243//4243
f 4233//4233 4244//4244 4243//4243
f 4233//4233 4234//4234 4244//4244
f 4234//4234 4245//4245 4244//4244
f 4235//4235 4236//4236 4246//4246
f 4236//4236 4247//4247 4246//4246
f 4236//4236 4237//4237 4247//4247
f 4237//4237 4248//4248 4247//4247
f 4237//4237 4238//4238 4248//4248
f 4238//4238 4249//4249 4248//4248
f 4238//4238 4239//4239 4249//4249
f 4239//4239 4250//4250 4249//4249
f 4239//4239 4240//4240 4250//4250
f 4240//4240 4251//4251 4250//4250
f 4240//4240 4241//4241 4251//4251
f 4241//4241 4252//4252 4251//4251
f 4241//4241 4242//4242 4252//4252
f 4242//4242 4253//4253 4252//4252
f 4242//4242 4243//4243 4253//4253
f 4243//4243 4254//4254 4253//4253
f 4243//4243 4244//4244 4254//4254
f 4244//4244 4255//4255 4254//4254
f 4244//4244 4245//4245 4255//4255
f 4245//4245 4256//4256 4255//4255
f 4246//4246 4247//4247 4257//4257
f 4247//4247 4258//4258 4257//4257
f 4247//4247 4248//4248 4258//4258
f 4248//4248 4259//4259 4258//4258
f 4248//4248 4249//4249 4259//4259
f 4249//4249 4260//4260 4259//4259
f 4249//4249 4250//4250 4260//4260
f 4250//4250 4261//4261 4260//4260
f 4250//4250 4251//4251 4261//4261
f 4251//4251 4262//4262 4261//4261
f 4251//4251 4252//4252 4262//4262
f 4252//4252 4263//4263 4262//4262
f 4252//4252 4253//4253 4263//4263
f 4253//4253 4264//4264 4263//4263
f 4253//4253 4254//4254 4264//4264
f 4254//4254 4265//4265 4264//4264
f 4254//4254 4255//4255 4265//4265
f 4255//4255 4266//4266 4265//4265
f 4255//4255 4256//4256 4266//4266
f 4256//4256 4267//4267 4266//4266
f 4257//4257 4258//4258 4268//4268
f 4258//4258 4269//4269 4268//4268
f 4258//4258 4259//4259 4269//4269
f 4259//4259 4270//4270 4269//4269
f 4259//4259 4260//4260 4270//4270
f 4260//4260 4271//4271 4270//4270
f 4260//4260 4261//4261 4271//4271
f 4261//4261 4272//4272 4271//4271
f 4261//4261 4262//4262 4272//4272
f 4262//4262 4273//4273 4272//4272
f 4262//4262 4263//4263 4273//4273
f 4263//4263 4274//4274 4273//4273
f 4263//4263 4264//4264 4274//4274
f 4264//4264 4275//4275 4274//4274
f 4264//4264 4265//4265 4275//4275
f 4265//4265 4276//4276 4275//4275
f 4265//4265 4266//4266 4276//4276
f 4266//4266 4277//4277 4276//4276
f 4266//4266 4267//4267 4277//4277
f 4267//4267 4278//4278 4277//4277
f 4268//4268 4269//4269 4279//4279
f 4269//4269 4280//4280 4279//4279
f 4269//4269 4270//4270 4280//4280
f 4270//4270 4281//4281 4280//4280
f 4270//4270 4271//4271 4281//4281
f 4271//4271 4282//4282 4281//4281
f 4271//4271 4272//4272 4282//4282
f 4272//4272 4283//4283 4282//4282
f 4272//4272 4273//4273 4283//4283
f 4273//4273 4284//4284 4283//4283
f 4273//4273 4274//4274 4284//4284
f 4274//4274 4285//4285 4284//4284
f 4274//4274 4275//4275 4285//4285
f 4275//4275 4286//4286 4285//4285
f 4275//4275 4276//4276 4286//4286
f 4276//4276 4287//4287 4286//4286
f 4276//4276 4277//4277 4287//4287
f 4277//4277 4288//4288 4287//4287
f 4277//4277 4278//4278 4288//4288
f 4278//4278 4289//4289 4288//4288
f 4279//4279 4280//4280 4290//4290
f 4280//4280 4291//4291 4290//4290
f 4280//4280 4281//4281 4291//4291
f 4281//4281 4292//4292 4291//4291
f 4281//4281 4282//4282 4292//4292
f 4282//4282 4293//4293 4292//4292
f 4282//4282 4283//4283 4293//4293
f 4283//4283 4294//4294 4293//4293
f 4283//4283 4284//4284 4294//4294
f 4284//4284 4295//4295 4294//4294
f 4284//4284 4285//4285 4295//4295
f 4285//4285 4296//4296 4295//4295
f 4285//4285 4286//4286 4296//4296
f 4286//4286 4297//4297 4296//4296
f 4286//4286 4287//4287 4297//4297
f 4287//4287 4298//4298 4297//4297
f 4287//4287 4288//4288 4298//4298
f 4288//4288 4299//4299 4298//4298
f 4288//4288 4289//4289 4299//4299
f 4289//4289 4300//4300 4299//4299
f 4290//4290 4291//4291 4301//4301
f 4291//4291 4302//4302 4301//4301
f 4291//4291 4292//4292 4302//4302
f 4292//4292 4303//4303 4302//4302
f 4292//4292 4293//4293 4303//4303
f 4293//4293 4304//4304 4303//4303
f 4293//4293 4294//4294 4304//4304
f 4294//4294 4305//4305 4304//4304
f 4294//4294 4295//4295 4305//4305
f 4295//4295 4306//4306 4305//4305
f 4295//4295 4296//4296 4306//4306
f 4296//4296 4307//4307 4306//4306
f 4296//4296 4297//4297 4307//4307
f 4297//4297 4308//4308 4307//4307
f 4297//4297 4298//4298 4308//4308
f 4298//4298 4309//4309 4308//4308
f 4298//4298 4299//4299 4309//4309
f 4299//4299 4310//4310 4309//4309
f 4299//4299 4300//4300 4310//4310
f 4300//4300 4311//4311 4310//4310
f 4301//4301 4302//4302 4312//4312
f 4302//4302 4313//4313 4312//4312
f 4302//4302 4303//4303 4313//4313
f 4303//4303 4314//4314 4313//4313
f 4303//4303 4304//4304 4314//4314
f 4304//4304 4315//4315 4314//4314
f 4304//4304 4305//4305 4315//4315
f 4305//4305 4316//4316 4315//4315
f 4305//4305 4306//4306 4316//4316
f 4306//4306 4317//4317 4316//4316
f 4306//4306 4307//4307 4317//4317
f 4307//4307 4318//4318 4317//4317
f 4307//4307 4308//4308 4318//4318
f 4308//4308 4319//4319 4318//4318
f 4308//4308 4309//4309 4319//4319
f 4309//4309 4320//4320 4319//4319
f 4309//4309 4310//4310 4320//4320
f 4310//4310 4321//4321 4320//4320
f 4310//4310 4311//4311 4321//4321
f 4311//4311 4322//4322 4321//4321
f 4312//4312 4313//4313 4323//4323
f 4313//4313 4324//4324 4323//4323
f 4313//4313 4314//4314 4324//4324
f 4314//4314 4325//4325 4324//4324
f 4314//4314 4315//4315 4325//4325
f 4315//4315 4326//4326 4325//4325
f 4315//4315 4316//4316 4326//4326
f 4316//4316 4327//4327 4326//4326
f 4316//4316 4317//4317 4327//4327
f 4317//4317 4328//4328 4327//4327
f 4317//4317 4318//4318 4328//4328
f 4318//4318 4329//4329 4328//4328
f 4318//4318 4319//4319 4329//4329
f 4319//4319 4330//4330 4329//4329
f 4319//4319 4320//4320 4330//4330
f 4320//4320 4331//4331 4330//4330
f 4320//4320 4321//4321 4331//4331
f 4321//4321 4332//4332 4331//4331
f 4321//4321 4322//4322 4332//4332
f 4322//4322 4333//4333 4332//4332
f 4323//4323 4324//4324 4334//4334
f 4324//4324 4335//4335 4334//4334
f 4324//4324 4325//4325 4335//4335
f 4325//4325 4336//4336 4335//4335
f 4325//4325 4326//4326 4336//4336
f 4326//4326 4337//4337 4336//4336
f 4326//4326 4327//4327 4337//4337
f 4327//4327 4338//4338 4337//4337
f 4327//4327 4328//4328 4338//4338
f 4328//4328 4339//4339 4338//4338
f 4328//4328 4329//4329 4339//4339
f 4329//4329 4340//4340 4339//4339
f 4329//4329 4330//4330 4340//4340
f 4330//4330 4341//4341 4340//4340
f 4330//4330 4331//4331 4341//4341
f 4331//4331 4342//4342 4341//4341
f 4331//4331 4332//4332 4342//4342
f 4332//4332 4343//4343 4342//4342
f 4332//4332 4333//4333 4343//4343
f 4333//4333 4344//4344 4343//4343
f 4334//4334 4335//4335 4345//4345
f 4335//4335 4346//4346 4345//4345
f 4335//4335 4336//4336 4346//4346
f 4336//4336 4347//4347 4346//4346
f 4336//4336 4337//4337 4347//4347
f 4337//4337 4348//4348 4347//4347
f 4337//4337 4338//4338 4348//4348
f 4338//4338 4349//4349 4348//4348
f 4338//4338 4339//4339 4349//4349
f 4339//4339 4350//4350 4349//4349
f 4339//4339 4340//4340 4350//4350
f 4340//4340 4351//4351 4350//4350
f 4340//4340 4341//4341 4351//4351
f 4341//4341 4352//4352 4351//4351
f 4341//4341 4342//4342 4352//4352
f 4342//4342 4353//4353 4352//4352
f 4342//4342 4343//4343 4353//4353
f 4343//4343 4354//4354 4353//4353
f 4343//4343 4344//4344 4354//4354
f 4344//4344 4355//4355 4354//4354
f 4345//4345 4346//4346 4356//4356
f 4346//4346 4357//4357 4356//4356
f 4346//4346 4347//4347 4357//4357
f 4347//4347 4358//4358 4357//4357
f 4347//4347 4348//4348 4358//4358
f 4348//4348 4359//4359 4358//4358
f 4348//4348 4349//4349 4359//4359
f 4349//4349 4360//4360 4359//4359
f 4349//4349 4350//4350 4360//4360
f 4350//4350 4361//4361 4360//4360
f 4350//4350 4351//4351 4361//4361
f 4351//4351 4362//4362 4361//4361
f 4351//4351 4352//4352 4362//4362
f 4352//4352 4363//4363 4362//4362
f 4352//4352 4353//4353 4363//4363
f 4353//4353 4364//4364 4363//4363
f 4353//4353 4354//4354 4364//4364
f 4354//4354 4365//4365 4364//4364
f 4354//4354 4355//4355 4365//4365
f 4355//4355 4366//4366 4365//4365
f 4356//4356 4357//4357 4367//4367
f 4357//4357 4368//4368 4367//4367
f 4357//4357 4358//4358 4368//4368
f 4358//4358 4369//4369 4368//4368
f 4358//4358 4359//4359 4369//4369
f 4359//4359 4370//4370 4369//4369
f 4359//4359 4360//4360 4370//4370
f 4360//4360 4371//4371 4370//4370
f 4360//4360 4361//4361 4371//4371
f 4361//4361 4372//4372 4371//4371
f 4361//4361 4362//4362 4372//4372
f 4362//4362 4373//4373 4372//4372
f 4362//4362 4363//4363 4373//4373
f 4363//4363 4374//4374 4373//4373
f 4363//4363 4364//4364 4374//4374
f 4364//4364 4375//4375 4374//4374
f 4364//4364 4365//4365 4375//4375
f 4365//4365 4376//4376 4375//4375
f 4365//4365 4366//4366 4376//4376
f 4366//4366 4377//4377 4376//4376
f 4367//4367 4368//4368 4378//4378
f 4368//4368 4379//4379 4378//4378
f 4368//4368 4369//4369 4379//4379
f 4369//4369 4380//4380 4379//4379
f 4369//4369 4370//4370 4380//4380
f 4370//4370 4381//4381 4380//4380
f 4370//4370 4371//4371 4381//4381
f 4371//4371 4382//4382 4381//4381
f 4371//4371 4372//4372 4382//4382
f 4372//4372 4383//4383 4382//4382
f 4372//4372 4373//4373 4383//4383
f 4373//4373 4384//4384 4383//4383
f 4373//4373 4374//4374 4384//4384
f 4374//4374 4385//4385 4384//4384
f 4374//4374 4375//4375 4385//4385
f 4375//4375 4386//4386 4385//4385
f 4375//4375 4376//4376 4386//4386
f 4376//4376 4387//4387 4386//4386
f 4376//4376 4377//4377 4387//4387
f 4377//4377 4388//4388 4387//4387
f 4378//4378 4379//4379 4389//4389
f 4379//4379 4390//4390 4389//4389
f 4379//4379 4380//4380 4390//4390
f 4380//4380 4391//4391 4390//4390
f 4380//4380 4381//4381 4391//4391
f 4381//4381 4392//4392 4391//4391
f 4381//4381 4382//4382 4392//4392
f 4382//4382 4393//4393 4392//4392
f 4382//4382 4383//4383 4393//4393
f 4383//4383 4394//4394 4393//4393
f 4383//4383 4384//4384 4394//4394
f 4384//4384 4395//4395 4394//4394
f 4384//4384 4385//4385 4395//4395
f 4385//4385 4396//4396 4395//4395
f 4385//4385 4386//4386 4396//4396
f 4386//4386 4397//4397 4396//4396
f 4386//4386 4387//4387 4397//4397
f 4387//4387 4398//4398 4397//4397
f 4387//4387 4388//4388 4398//4398
f 4388//4388 4399//4399 4398//4398
f 4389//4389 4390//4390 4400//4400
f 4390//4390 4401//4401 4400//4400
f 4390//4390 4391//4391 4401//4401
f 4391//4391 4402//4402 4401//4401
f 4391//4391 4392//4392 4402//4402
f 4392//4392 4403//4403 4402//4402
f 4392//4392 4393//4393 4403//4403
f 4393//4393 4404//4404 4403//4403
f 4393//4393 4394//4394 4404//4404
f 4394//4394 4405//4405 4404//4404
f 4394//4394 4395//4395 4405//4405
f 4395//4395 4406//4406 4405//4405
f 4395//4395 4396//4396 4406//4406
f 4396//4396 4407//4407 4406//4406
f 4396//4396 4397//4397 4407//4407
f 4397//4397 4408//4408 4407//4407
f 4397//4397 4398//4398 4408//4408
f 4398//4398 4409//4409 4408//4408
f 4398//4398 4399//4399 4409//4409
f 4399//4399 4410//4410 4409//4409
f 4400//4400 4401//4401 4411//4411
f 4401//4401 4412//4412 4411//4411
f 4401//4401 4402//4402 4412//4412
f 4402//4402 4413//4413 4412//4412
f 4402//4402 4403//4403 4413//4413
f 4403//4403 4414//4414 4413//4413
f 4403//4403 4404//4404 4414//4414
f 4404//4404 4415//4415 4414//4414
f 4404//4404 4405//4405 4415//4415
f 4405//4405 4416//4416 4415//4415
f 4405//4405 4406//4406 4416//4416
f 4406//4406 4417//4417 4416//4416
f 4406//4406 4407//4407 4417//4417
f 4407//4407 4418//4418 4417//4417
f 4407//4407 4408//4408 4418//4418
f 4408//4408 4419//4419 4418//4418
f 4408//4408 4409//4409 4419//4419
f 4409//4409 4420//4420 4419//4419
f 4409//4409 4410//4410 4420//4420
f 4410//4410 4421//4421 4420//4420
f 4411//4411 4412//4412 4422//4422
f 4412//4412 4423//4423 4422//4422
f 4412//4412 4413//4413 4423//4423
f 4413//4413 4424//4424 4423//4423
f 4413//4413 4414//4414 4424//4424
f 4414//4414 4425//4425 4424//4424
f 4414//4414 4415//4415 4425//4425
f 4415//4415 4426//4426 4425//4425
f 4415//4415 4416//4416 4426//4426
f 4416//4416 4427//4427 4426//4426
f 4416//4416 4417//4417 4427//4427
f 4417//4417 4428//4428 4427//4427
f 4417//4417 4418//4418 4428//4428
f 4418//4418 4429//4429 4428//4428
f 4418//4418 4419//4419 4429//4429
f 4419//4419 4430//4430 4429//4429
f 4419//4419 4420//4420 4430//4430
f 4420//4420 4431//4431 4430//4430
f 4420//4420 4421//4421 4431//4431
f 4421//4421 4432//4432 4431//4431
f 4422//4422 4423//4423 4433//4433
f 4423//4423 4434//4434 4433//4433
f 4423//4423 4424//4424 4434//4434
f 4424//4424 4435//4435 4434//4434
f 4424//4424 4425//4425 4435//4435
f 4425//4425 4436//4436 4435//4435
f 4425//4425 4426//4426 4436//4436
f 4426//4426 4437//4437 4436//4436
f 4426//4426 4427//4427 4437//4437
f 4427//4427 4438//4438 4437//4437
f 4427//4427 4428//4428 4438//4438
f 4428//4428 4439//4439 4438//4438
f 4428//4428 4429//4429 4439//4439
f 4429//4429 4440//4440 4439//4439
f 4429//4429 4430//4430 4440//4440
f 4430//4430 4441//4441 4440//4440
f 4430//4430 4431//4431 4441//4441
f 4431//4431 4442//4442 4441//4441
f 4431//4431 4432//4432 4442//4442
f 4432//4432 4443//4443 4442//4442
f 4433//4433 4434//4434 4444//4444
f 4434//4434 4445//4445 4444//4444
f 4434//4434 4435//4435 4445//4445
f 4435//4435 4446//4446 4445//4445
f 4435//4435 4436//4436 4446//4446
f 4436//4436 4447//4447 4446//4446
f 4436//4436 4437//4437 4447//4447
f 4437//4437 4448//4448 4447//4447
f 4437//4437 4438//4438 4448//4448
f 4438//4438 4449//4449 4448//4448
f 4438//4438 4439//4439 4449//4449
f 4439//4439 4450//4450 4449//4449
f 4439//4439 4440//4440 4450//4450
f 4440//4440 4451//4451 4450//4450
f 4440//4440 4441//4441 4451//4451
f 4441//4441 4452//4452 4451//4451
f 4441//4441 4442//4442 4452//4452
f 4442//4442 4453//4453 4452//4452
f 4442//4442 4443//4443 4453//4453
f 4443//4443 4454//4454 4453//4453
f 4444//4444 4445//4445 4455//4455
f 4445//4445 4456//4456 4455//4455
f 4445//4445 4446//4446 4456//4456
f 4446//4446 4457//4457 4456//4456
f 4446//4446 4447//4447 4457//4457
f 4447//4447 4458//4458 4457//4457
f 4447//4447 4448//4448 4458//4458
f 4448//4448 4459//4459 4458//4458
f 4448//4448 4449//4449 4459//4459
f 4449//4449 4460//4460 4459//4459
f 4449//4449 4450//4450 4460//4460
f 4450//4450 4461//4461 4460//4460
f 4450//4450 4451//4451 4461//4461
f 4451//4451 4462//4462 4461//4461
f 4451//4451 4452//4452 4462//4462
f 4452//4452 4463//4463 4462//4462
f 4452//4452 4453//4453 4463//4463
f 4453//4453 4464//4464 4463//4463
f 4453//4453 4454//4454 4464//4464
f 4454//4454 4465//4465 4464//4464
f 4455//4455 4456//4456 4466//4466
f 4456//4456 4467//4467 4466//4466
f 4456//4456 4457//4457 4467//4467
f 4457//4457 4468//4468 4467//4467
f 4457//4457 4458//4458 4468//4468
f 4458//4458 4469//4469 4468//4468
f 4458//4458 4459//4459 4469//4469
f 4459//4459 4470//4470 4469//4469
f 4459//4459 4460//4460 4470//4470
f 4460//4460 4471//4471 4470//4470
f 4460//4460 4461//4461 4471//4471
f 4461//4461 4472//4472 4471//4471
f 4461//4461 4462//4462 4472//4472
f 4462//4462 4473//4473 4472//4472
f 4462//4462 4463//4463 4473//4473
f 4463//4463 4474//4474 4473//4473
f 4463//4463 4464//4464 4474//4474
f 4464//4464 4475//4475 4474//4474
f 4464//4464 4465//4465 4475//4475
f 4465//4465 4476//4476 4475//4475
f 4466//4466 4467//4467 4477//4477
f 4467//4467 4478//4478 4477//4477
f 4467//4467 4468//4468 4478//4478
f 4468//4468 4479//4479 4478//4478
f 4468//4468 4469//4469 4479//4479
f 4469//4469 4480//4480 4479//4479
f 4469//4469 4470//4470 4480//4480
f 4470//4470 4481//4481 4480//4480
f 4470//4470 4471//4471 4481//4481
f 4471//4471 4482//4482 4481//4481
f 4471//4471 4472//4472 4482//4482
f 4472//4472 4483//4483 4482//4482
f 4472//4472 4473//4473 4483//4483
f 4473//4473 4484//4484 4483//4483
f 4473//4473 4474//4474 4484//4484
f 4474//4474 4485//4485 4484//4484
f 4474//4474 4475//4475 4485//4485
f 4475//4475 4486//4486 4485//4485
f 4475//4475 4476//4476 4486//4486
f 4476//4476 4487//4487 4486//4486
f 4477//4477 4478//4478 4488//4488
f 4478//4478 4489//4489 4488//4488
f 4478//4478 4479//4479 4489//4489
f 4479//4479 4490//4490 4489//4489
f 4479//4479 4480//4480 4490//4490
f 4480//4480 4491//4491 4490//4490
f 4480//4480 4481//4481 4491//4491
f 4481//4481 4492//4492 4491//4491
f 4481//4481 4482//4482 4492//4492
f 4482//4482 4493//4493 4492//4492
f 4482//4482 4483//4483 4493//4493
f 4483//4483 4494//4494 4493//4493
f 4483//4483 4484//4484 4494//4494
f 4484//4484 4495//4495 4494//4494
f 4484//4484 4485//4485 4495//4495
f 4485//4485 4496//4496 4495//4495
f 4485//4485 4486//4486 4496//4496
f 4486//4486 4497//4497 4496//4496
f 4486//4486 4487//4487 4497//4497
f 4487//4487 4498//4498 4497//4497
f 4488//4488 4489//4489 4499//4499
f 4489//4489 4500//4500 4499//4499
f 4489//4489 4490//4490 4500//4500
f 4490//4490 4501//4501 4500//4500
f 4490//4490 4491//4491 4501//4501
f 4491//4491 4502//4502 4501//4501
f 4491//4491 4492//4492 4502//4502
f 4492//4492 4503//4503 4502//4502
f 4492//4492 4493//4493 4503//4503
f 4493//4493 4504//4504 4503//4503
f 4493//4493 4494//4494 4504//4504
f 4494//4494 4505//4505 4504//4504
f 4494//4494 4495//4495 4505//4505
f 4495//4495 4506//4506 4505//4505
f 4495//4495 4496//4496 4506//4506
f 4496//4496 4507//4507 4506//4506
f 4496//4496 4497//4497 4507//4507
f 4497//4497 4508//4508 4507//4507
f 4497//4497 4498//4498 4508//4508
f 4498//4498 4509//4509 4508//4508
f 4499//4499 4500//4500 4510//4510
f 4500//4500 4511//4511 4510//4510
f 4500//4500 4501//4501 4511//4511
f 4501//4501 4512//4512 4511//4511
f 4501//4501 4502//4502 4512//4512
f 4502//4502 4513//4513 4512//4512
f 4502//4502 4503//4503 4513//4513
f 4503//4503 4514//4514 4513//4513
f 4503//4503 4504//4504 4514//4514
f 4504//4504 4515//4515 4514//4514
f 4504//4504 4505//4505 4515//4515
f 4505//4505 4516//4516 4515//4515
f 4505//4505 4506//4506 4516//4516
f 4506//4506 4517//4517 4516//4516
f 4506//4506 4507//4507 4517//4517
f 4507//4507 4518//4518 4517//4517
f 4507//4507 4508//4508 4518//4518
f 4508//4508 4519//4519 4518//4518
f 4508//4508 4509//4509 4519//4519
f 4509//4509 4520//4520 4519//4519
f 4510//4510 4511//4511 4521//4521
f 4511//4511 4522//4522 4521//4521
f 4511//4511 4512//4512 4522//4522
f 4512//4512 4523//4523 4522//4522
f 4512//4512 4513//4513 4523//4523
f 4513//4513 4524//4524 4523//4523
f 4513//4513 4514//4514 4524//4524
f 4514//4514 4525//4525 4524//4524
f 4514//4514 4515//4515 4525//4525
f 4515//4515 4526//4526 4525//4525
f 4515//4515 4516//4516 4526//4526
f 4516//4516 4527//4527 4526//4526
f 4516//4516 4517//4517 4527//4527
f 4517//4517 4528//4528 4527//4527
f 4517//4517 4518//4518 4528//4528
f 4518//4518 4529//4529 4528//4528
f 4518//4518 4519//4519 4529//4529
f 4519//4519 4530//4530 4529//4529
f 4519//4519 4520//4520 4530//4530
f 4520//4520 4531//4531 4530//4530
f 4521//4521 4522//4522 4532//4532
f 4522//4522 4533//4533 4532//4532
f 4522//4522 4523//4523 4533//4533
f 4523//4523 4534//4534 4533//4533
f 4523//4523 4524//4524 4534//4534
f 4524//4524 4535//4535 4534//4534
f 4524//4524 4525//4525 4535//4535
f 4525//4525 4536//4536 4535//4535
f 4525//4525 4526//4526 4536//4536
f 4526//4526 4537//4537 4536//4536
f 4526//4526 4527//4527 4537//4537
f 4527//4527 4538//4538 4537//4537
f 4527//4527 4528//4528 4538//4538
f 4528//4528 4539//4539 4538//4538
f 4528//4528 4529//4529 4539//4539
f 4529//4529 4540//4540 4539//4539
f 4529//4529 4530//4530 4540//4540
f 4530//4530 4541//4541 4540//4540
f 4530//4530 4531//4531 4541//4541
f 4531//4531 4542//4542 4541//4541
f 4532//4532 4533//4533 4543//4543
f 4533//4533 4544//4544 4543//4543
f 4533//4533 4534//4534 4544//4544
f 4534//4534 4545//4545 4544//4544
f 4534//4534 4535//4535 4545//4545
f 4535//4535 4546//4546 4545//4545
f 4535//4535 4536//4536 4546//4546
f 4536//4536 4547//4547 4546//4546
f 4536//4536 4537//4537 4547//4547
f 4537//4537 4548//4548 4547//4547
f 4537//4537 4538//4538 4548//4548
f 4538//4538 4549//4549 4548//4548
f 4538//4538 4539//4539 4549//4549
f 4539//4539 4550//4550 4549//4549
f 4539//4539 4540//4540 4550//4550
f 4540//4540 4551//4551 4550//4550
f 4540//4540 4541//4541 4551//4551
f 4541//4541 4552//4552 4551//4551
f 4541//4541 4542//4542 4552//4552
f 4542//4542 4553//4553 4552//4552
f 4543//4543 4544//4544 4554//4554
f 4544//4544 4555//4555 4554//4554
f 4544//4544 4545//4545 4555//4555
f 4545//4545 4556//4556 4555//4555
f 4545//4545 4546//4546 4556//4556
f 4546//4546 4557//4557 4556//4556
f 4546//4546 4547//4547 4557//4557
f 4547//4547 4558//4558 4557//4557
f 4547//4547 4548//4548 4558//4558
f 4548//4548 4559//4559 4558//4558
f 4548//4548 4549//4549 4559//4559
f 4549//4549 4560//4560 4559//4559
f 4549//4549 4550//4550 4560//4560
f 4550//4550 4561//4561 4560//4560
f 4550//4550 4551//4551 4561//4561
f 4551//4551 4562//4562 4561//4561
f 4551//4551 4552//4552 4562//4562
f 4552//4552 4563//4563 4562//4562
f 4552//4552 4553//4553 4563//4563
f 4553//4553 4564//4564 4563//4563
f 4554//4554 4555//4555 4565//4565
f 4555//4555 4566//4566 4565//4565
f 4555//4555 4556//4556 4566//4566
f 4556//4556 4567//4567 4566//4566
f 4556//4556 4557//4557 4567//4567
f 4557//4557 4568//4568 4567//4567
f 4557//4557 4558//4558 4568//4568
f 4558//4558 4569//4569 4568//4568
f 4558//4558 4559//4559 4569//4569
f 4559//4559 4570//4570 4569//4569
f 4559//4559 4560//4560 4570//4570
f 4560//4560 4571//4571 4570//4570
f 4560//4560 4561//4561 4571//4571
f 4561//4561 4572//4572 4571//4571
f 4561//4561 4562//4562 4572//4572
f 4562//4562 4573//4573 4572//4572
f 4562//4562 4563//4563 4573//4573
f 4563//4563 4574//4574 4573//4573
f 4563//4563 4564//4564 4574//4574
f 4564//4564 4575//4575 4574//4574
f 4565//4565 4566//4566 4576//4576
f 4566//4566 4577//4577 4576//4576
f 4566//4566 4567//4567 4577//4577
f 4567//4567 4578//4578 4577//4577
f 4567//4567 4568//4568 4578//4578
f 4568//4568 4579//4579 4578//4578
f 4568//4568 4569//4569 4579//4579
f 4569//4569 4580//4580 4579//4579
f 4569//4569 4570//4570 4580//4580
f 4570//4570 4581//4581 4580//4580
f 4570//4570 4571//4571 4581//4581
f 4571//4571 4582//4582 4581//4581
f 4571//4571 4572//4572 4582//4582
f 4572//4572 4583//4583 4582//4582
f 4572//4572 4573//4573 4583//4583
f 4573//4573 4584//4584 4583//4583
f 4573//4573 4574//4574 4584//4584
f 4574//4574 4585//4585 4584//4584
f 4574//4574 4575//4575 4585//4585
f 4575//4575 4586//4586 4585//4585
f 4576//4576 4577//4577 4587//4587
f 4577//4577 4588//4588 4587//4587
f 4577//4577 4578//4578 4588//4588
f 4578//4578 4589//4589 4588//4588
f 4578//4578 4579//4579 4589//4589
f 4579//4579 4590//4590 4589//4589
f 4579//4579 4580//4580 4590//4590
f 4580//4580 4591//4591 4590//4590
f 4580//4580 4581//4581 4591//4591
f 4581//4581 4592//4592 4591//4591
f 4581//4581 4582//4582 4592//4592
f 4582//4582 4593//4593 4592//4592
f 4582//4582 4583//4583 4593//4593
f 4583//4583 4594//4594 4593//4593
f 4583//4583 4584//4584 4594//4594
f 4584//4584 4595//4595 4594//4594
f 4584//4584 4585//4585 4595//4595
f 4585//4585 4596//4596 4595//4595
f 4585//4585 4586//4586 4596//4596
f 4586//4586 4597//4597 4596//4596
f 4587//4587 4588//4588 4598//4598
f 4588//4588 4599//4599 4598//4598
f 4588//4588 4589//4589 4599//4599
f 4589//4589 4600//4600 4599//4599
f 4589//4589 4590//4590 4600//4600
f 4590//4590 4601//4601 4600//4600
f 4590//4590 4591//4591 4601//4601
f 4591//4591 4602//4602 4601//4601
f 4591//4591 4592//4592 4602//4602
f 4592//4592 4603//4603 4602//4602
f 4592//4592 4593//4593 4603//4603
f 4593//4593 4604//4604 4603//4603
f 4593//4593 4594//4594 4604//4604
f 4594//4594 4605//4605 4604//4604
f 4594//4594 4595//4595 4605//4605
f 4595//4595 4606//4606 4605//4605
f 4595//4595 4596//4596 4606//4606
f 4596//4596 4607//4607 4606//4606
f 4596//4596 4597//4597 4607//4607
f 4597//4597 4608//4608 4607//4607
f 4598//4598 4599//4599 4609//4609
f 4599//4599 4610//4610 4609//4609
f 4599//4599 4600//4600 4610//4610
f 4600//4600 4611//4611 4610//4610
f 4600//4600 4601//4601 4611//4611
f 4601//4601 4612//4612 4611//4611
f 4601//4601 4602//4602 4612//4612
f 4602//4602 4613//4613 4612//4612
f 4602//4602 4603//4603 4613//4613
f 4603//4603 4614//4614 4613//4613
f 4603//4603 4604//4604 4614//4614
f 4604//4604 4615//4615 4614//4614
f 4604//4604 4605//4605 4615//4615
f 4605//4605 4616//4616 4615//4615
f 4605//4605 4606//4606 4616//4616
f 4606//4606 4617//4617 4616//4616
f 4606//4606 4607//4607 4617//4617
f 4607//4607 4618//4618 4617//4617
f 4607//4607 4608//4608 4618//4618
f 4608//4608 4619//4619 4618//4618
f 4609//4609 4610//4610 4620//4620
f 4610//4610 4621//4621 4620//4620
f 4610//4610 4611//4611 4621//4621
f 4611//4611 4622//4622 4621//4621
f 4611//4611 4612//4612 4622//4622
f 4612//4612 4623//4623 4622//4622
f 4612//4612 4613//4613 4623//4623
f 4613//4613 4624//4624 4623//4623
f 4613//4613 4614//4614 4624//4624
f 4614//4614 4625//4625 4624//4624
f 4614//4614 4615//4615 4625//4625
f 4615//4615 4626//4626 4625//4625
f 4615//4615 4616//4616 4626//4626
f 4616//4616 4627//4627 4626//4626
f 4616//4616 4617//4617 4627//4627
f 4617//4617 4628//4628 4627//4627
f 4617//4617 4618//4618 4628//4628
f 4618//4618 4629//4629 4628//4628
f 4618//4618 4619//4619 4629//4629
f 4619//4619 4630//4630 4629//4629
