# Bara Kitchen - metres, +Y up; editable mesh source
mtllib palette.mtl
o station-dishes_oakDark
usemtl oakDark
v -0.339434 0.010585 -0.339434
v -0.341667 0.009067 -0.333333
v -0.342678 0.008379 -0.325000
v -0.342678 0.008379 0.325000
v -0.341667 0.009067 0.333333
v -0.339434 0.010585 0.339434
v -0.341667 0.014733 -0.341667
v -0.345412 0.013460 -0.335206
v -0.347361 0.012797 -0.325000
v -0.347361 0.012797 0.325000
v -0.345412 0.013460 0.335206
v -0.341667 0.014733 0.341667
v -0.342678 0.020400 -0.342678
v -0.347361 0.020400 -0.336180
v -0.350000 0.020400 -0.325000
v -0.350000 0.020400 0.325000
v -0.347361 0.020400 0.336180
v -0.342678 0.020400 0.342678
v -0.342678 0.054400 -0.342678
v -0.347361 0.054400 -0.336180
v -0.350000 0.054400 -0.325000
v -0.350000 0.054400 0.325000
v -0.347361 0.054400 0.336180
v -0.342678 0.054400 0.342678
v -0.341667 0.060067 -0.341667
v -0.345412 0.061340 -0.335206
v -0.347361 0.062003 -0.325000
v -0.347361 0.062003 0.325000
v -0.345412 0.061340 0.335206
v -0.341667 0.060067 0.341667
v -0.339434 0.064215 -0.339434
v -0.341667 0.065733 -0.333333
v -0.342678 0.066421 -0.325000
v -0.342678 0.066421 0.325000
v -0.341667 0.065733 0.333333
v -0.339434 0.064215 0.339434
v 0.339434 0.010585 -0.339434
v 0.341667 0.009067 -0.333333
v 0.342678 0.008379 -0.325000
v 0.342678 0.008379 0.325000
v 0.341667 0.009067 0.333333
v 0.339434 0.010585 0.339434
v 0.341667 0.014733 -0.341667
v 0.345412 0.013460 -0.335206
v 0.347361 0.012797 -0.325000
v 0.347361 0.012797 0.325000
v 0.345412 0.013460 0.335206
v 0.341667 0.014733 0.341667
v 0.342678 0.020400 -0.342678
v 0.347361 0.020400 -0.336180
v 0.350000 0.020400 -0.325000
v 0.350000 0.020400 0.325000
v 0.347361 0.020400 0.336180
v 0.342678 0.020400 0.342678
v 0.342678 0.054400 -0.342678
v 0.347361 0.054400 -0.336180
v 0.350000 0.054400 -0.325000
v 0.350000 0.054400 0.325000
v 0.347361 0.054400 0.336180
v 0.342678 0.054400 0.342678
v 0.341667 0.060067 -0.341667
v 0.345412 0.061340 -0.335206
v 0.347361 0.062003 -0.325000
v 0.347361 0.062003 0.325000
v 0.345412 0.061340 0.335206
v 0.341667 0.060067 0.341667
v 0.339434 0.064215 -0.339434
v 0.341667 0.065733 -0.333333
v 0.342678 0.066421 -0.325000
v 0.342678 0.066421 0.325000
v 0.341667 0.065733 0.333333
v 0.339434 0.064215 0.339434
v -0.339434 0.010585 -0.339434
v -0.333333 0.009067 -0.341667
v -0.325000 0.008379 -0.342678
v 0.325000 0.008379 -0.342678
v 0.333333 0.009067 -0.341667
v 0.339434 0.010585 -0.339434
v -0.341667 0.009067 -0.333333
v -0.335206 0.006520 -0.335206
v -0.325000 0.005195 -0.336180
v 0.325000 0.005195 -0.336180
v 0.335206 0.006520 -0.335206
v 0.341667 0.009067 -0.333333
v -0.342678 0.008379 -0.325000
v -0.336180 0.005195 -0.325000
v -0.325000 0.003400 -0.325000
v 0.325000 0.003400 -0.325000
v 0.336180 0.005195 -0.325000
v 0.342678 0.008379 -0.325000
v -0.342678 0.008379 0.325000
v -0.336180 0.005195 0.325000
v -0.325000 0.003400 0.325000
v 0.325000 0.003400 0.325000
v 0.336180 0.005195 0.325000
v 0.342678 0.008379 0.325000
v -0.341667 0.009067 0.333333
v -0.335206 0.006520 0.335206
v -0.325000 0.005195 0.336180
v 0.325000 0.005195 0.336180
v 0.335206 0.006520 0.335206
v 0.341667 0.009067 0.333333
v -0.339434 0.010585 0.339434
v -0.333333 0.009067 0.341667
v -0.325000 0.008379 0.342678
v 0.325000 0.008379 0.342678
v 0.333333 0.009067 0.341667
v 0.339434 0.010585 0.339434
v -0.339434 0.064215 -0.339434
v -0.333333 0.065733 -0.341667
v -0.325000 0.066421 -0.342678
v 0.325000 0.066421 -0.342678
v 0.333333 0.065733 -0.341667
v 0.339434 0.064215 -0.339434
v -0.341667 0.065733 -0.333333
v -0.335206 0.068280 -0.335206
v -0.325000 0.069605 -0.336180
v 0.325000 0.069605 -0.336180
v 0.335206 0.068280 -0.335206
v 0.341667 0.065733 -0.333333
v -0.342678 0.066421 -0.325000
v -0.336180 0.069605 -0.325000
v -0.325000 0.071400 -0.325000
v 0.325000 0.071400 -0.325000
v 0.336180 0.069605 -0.325000
v 0.342678 0.066421 -0.325000
v -0.342678 0.066421 0.325000
v -0.336180 0.069605 0.325000
v -0.325000 0.071400 0.325000
v 0.325000 0.071400 0.325000
v 0.336180 0.069605 0.325000
v 0.342678 0.066421 0.325000
v -0.341667 0.065733 0.333333
v -0.335206 0.068280 0.335206
v -0.325000 0.069605 0.336180
v 0.325000 0.069605 0.336180
v 0.335206 0.068280 0.335206
v 0.341667 0.065733 0.333333
v -0.339434 0.064215 0.339434
v -0.333333 0.065733 0.341667
v -0.325000 0.066421 0.342678
v 0.325000 0.066421 0.342678
v 0.333333 0.065733 0.341667
v 0.339434 0.064215 0.339434
v -0.339434 0.010585 -0.339434
v -0.341667 0.014733 -0.341667
v -0.342678 0.020400 -0.342678
v -0.342678 0.054400 -0.342678
v -0.341667 0.060067 -0.341667
v -0.339434 0.064215 -0.339434
v -0.333333 0.009067 -0.341667
v -0.335206 0.013460 -0.345412
v -0.336180 0.020400 -0.347361
v -0.336180 0.054400 -0.347361
v -0.335206 0.061340 -0.345412
v -0.333333 0.065733 -0.341667
v -0.325000 0.008379 -0.342678
v -0.325000 0.012797 -0.347361
v -0.325000 0.020400 -0.350000
v -0.325000 0.054400 -0.350000
v -0.325000 0.062003 -0.347361
v -0.325000 0.066421 -0.342678
v 0.325000 0.008379 -0.342678
v 0.325000 0.012797 -0.347361
v 0.325000 0.020400 -0.350000
v 0.325000 0.054400 -0.350000
v 0.325000 0.062003 -0.347361
v 0.325000 0.066421 -0.342678
v 0.333333 0.009067 -0.341667
v 0.335206 0.013460 -0.345412
v 0.336180 0.020400 -0.347361
v 0.336180 0.054400 -0.347361
v 0.335206 0.061340 -0.345412
v 0.333333 0.065733 -0.341667
v 0.339434 0.010585 -0.339434
v 0.341667 0.014733 -0.341667
v 0.342678 0.020400 -0.342678
v 0.342678 0.054400 -0.342678
v 0.341667 0.060067 -0.341667
v 0.339434 0.064215 -0.339434
v -0.339434 0.010585 0.339434
v -0.341667 0.014733 0.341667
v -0.342678 0.020400 0.342678
v -0.342678 0.054400 0.342678
v -0.341667 0.060067 0.341667
v -0.339434 0.064215 0.339434
v -0.333333 0.009067 0.341667
v -0.335206 0.013460 0.345412
v -0.336180 0.020400 0.347361
v -0.336180 0.054400 0.347361
v -0.335206 0.061340 0.345412
v -0.333333 0.065733 0.341667
v -0.325000 0.008379 0.342678
v -0.325000 0.012797 0.347361
v -0.325000 0.020400 0.350000
v -0.325000 0.054400 0.350000
v -0.325000 0.062003 0.347361
v -0.325000 0.066421 0.342678
v 0.325000 0.008379 0.342678
v 0.325000 0.012797 0.347361
v 0.325000 0.020400 0.350000
v 0.325000 0.054400 0.350000
v 0.325000 0.062003 0.347361
v 0.325000 0.066421 0.342678
v 0.333333 0.009067 0.341667
v 0.335206 0.013460 0.345412
v 0.336180 0.020400 0.347361
v 0.336180 0.054400 0.347361
v 0.335206 0.061340 0.345412
v 0.333333 0.065733 0.341667
v 0.339434 0.010585 0.339434
v 0.341667 0.014733 0.341667
v 0.342678 0.020400 0.342678
v 0.342678 0.054400 0.342678
v 0.341667 0.060067 0.341667
v 0.339434 0.064215 0.339434
vn -0.490135 -0.720787 -0.490135
vn -0.534082 -0.785415 -0.312858
vn -0.562305 -0.826919 -0.004148
vn -0.562310 -0.826926 0.000869
vn -0.549577 -0.808201 0.211606
vn -0.496038 -0.729467 0.470983
vn -0.603891 -0.520222 -0.603891
vn -0.796314 -0.500194 -0.340132
vn -0.809235 -0.587474 -0.003463
vn -0.890912 -0.454169 0.002435
vn -0.833341 -0.457092 0.310822
vn -0.642635 -0.441589 0.626115
vn -0.705098 -0.075326 -0.705098
vn -0.905016 -0.060655 -0.421030
vn -0.994472 -0.104832 -0.006045
vn -0.999365 -0.035544 0.002507
vn -0.939519 -0.042797 0.339813
vn -0.730640 -0.040959 0.681533
vn -0.706974 0.019405 -0.706974
vn -0.939519 0.042797 -0.339813
vn -0.999365 0.035544 -0.002507
vn -0.994472 0.104832 0.006045
vn -0.905016 0.060655 0.421030
vn -0.681533 0.040959 0.730640
vn -0.656445 0.371698 -0.656445
vn -0.833341 0.457092 -0.310822
vn -0.890912 0.454169 -0.002435
vn -0.809235 0.587474 0.003463
vn -0.796314 0.500194 0.340132
vn -0.626115 0.441589 0.642635
vn -0.503175 0.702588 -0.503175
vn -0.552899 0.792186 -0.258350
vn -0.602631 0.798017 -0.002013
vn -0.522200 0.852821 0.001938
vn -0.533893 0.805851 0.256051
vn -0.470983 0.729467 0.496038
vn 0.470983 -0.729467 -0.496038
vn 0.533893 -0.805851 -0.256051
vn 0.522200 -0.852821 -0.001938
vn 0.602631 -0.798017 0.002013
vn 0.552899 -0.792186 0.258350
vn 0.503175 -0.702588 0.503175
vn 0.626115 -0.441589 -0.642635
vn 0.796314 -0.500194 -0.340132
vn 0.809235 -0.587474 -0.003463
vn 0.890912 -0.454169 0.002435
vn 0.833341 -0.457092 0.310822
vn 0.656445 -0.371698 0.656445
vn 0.681533 -0.040959 -0.730640
vn 0.905016 -0.060655 -0.421030
vn 0.994472 -0.104832 -0.006045
vn 0.999365 -0.035544 0.002507
vn 0.939519 -0.042797 0.339813
vn 0.706974 -0.019405 0.706974
vn 0.730640 0.040959 -0.681533
vn 0.939519 0.042797 -0.339813
vn 0.999365 0.035544 -0.002507
vn 0.994472 0.104832 0.006045
vn 0.905016 0.060655 0.421030
vn 0.705098 0.075326 0.705098
vn 0.642635 0.441589 -0.626115
vn 0.833341 0.457092 -0.310822
vn 0.890912 0.454169 -0.002435
vn 0.809235 0.587474 0.003463
vn 0.796314 0.500194 0.340132
vn 0.603891 0.520222 0.603891
vn 0.496038 0.729467 -0.470983
vn 0.549577 0.808201 -0.211606
vn 0.562310 0.826926 -0.000869
vn 0.562305 0.826919 0.004148
vn 0.534082 0.785415 0.312858
vn 0.490135 0.720787 0.490135
vn -0.490135 -0.720787 -0.490135
vn -0.312858 -0.785415 -0.534082
vn -0.004148 -0.826919 -0.562305
vn 0.000869 -0.826926 -0.562310
vn 0.211606 -0.808201 -0.549577
vn 0.470983 -0.729467 -0.496038
vn -0.534082 -0.785415 -0.312858
vn -0.268668 -0.925005 -0.268668
vn -0.002759 -0.948009 -0.318232
vn 0.001809 -0.973323 -0.229434
vn 0.238736 -0.941281 -0.238736
vn 0.533893 -0.805851 -0.256051
vn -0.562305 -0.826919 -0.004148
vn -0.318232 -0.948009 -0.002759
vn -0.005210 -0.999973 -0.005210
vn 0.001397 -0.999998 -0.001397
vn 0.229434 -0.973323 -0.001809
vn 0.522200 -0.852821 -0.001938
vn -0.562310 -0.826926 0.000869
vn -0.229434 -0.973323 0.001809
vn -0.001397 -0.999998 0.001397
vn 0.005210 -0.999973 0.005210
vn 0.318232 -0.948009 0.002759
vn 0.602631 -0.798017 0.002013
vn -0.549577 -0.808201 0.211606
vn -0.238736 -0.941281 0.238736
vn -0.001809 -0.973323 0.229434
vn 0.002759 -0.948009 0.318232
vn 0.268668 -0.925005 0.268668
vn 0.552899 -0.792186 0.258350
vn -0.496038 -0.729467 0.470983
vn -0.256051 -0.805851 0.533893
vn -0.001938 -0.852821 0.522200
vn 0.002013 -0.798017 0.602631
vn 0.258350 -0.792186 0.552899
vn 0.503175 -0.702588 0.503175
vn -0.503175 0.702588 -0.503175
vn -0.258350 0.792186 -0.552899
vn -0.002013 0.798017 -0.602631
vn 0.001938 0.852821 -0.522200
vn 0.256051 0.805851 -0.533893
vn 0.496038 0.729467 -0.470983
vn -0.552899 0.792186 -0.258350
vn -0.268668 0.925005 -0.268668
vn -0.002759 0.948009 -0.318232
vn 0.001809 0.973323 -0.229434
vn 0.238736 0.941281 -0.238736
vn 0.549577 0.808201 -0.211606
vn -0.602631 0.798017 -0.002013
vn -0.318232 0.948009 -0.002759
vn -0.005210 0.999973 -0.005210
vn 0.001397 0.999998 -0.001397
vn 0.229434 0.973323 -0.001809
vn 0.562310 0.826926 -0.000869
vn -0.522200 0.852821 0.001938
vn -0.229434 0.973323 0.001809
vn -0.001397 0.999998 0.001397
vn 0.005210 0.999973 0.005210
vn 0.318232 0.948009 0.002759
vn 0.562305 0.826919 0.004148
vn -0.533893 0.805851 0.256051
vn -0.238736 0.941281 0.238736
vn -0.001809 0.973323 0.229434
vn 0.002759 0.948009 0.318232
vn 0.268668 0.925005 0.268668
vn 0.534082 0.785415 0.312858
vn -0.470983 0.729467 0.496038
vn -0.211606 0.808201 0.549577
vn -0.000869 0.826926 0.562310
vn 0.004148 0.826919 0.562305
vn 0.312858 0.785415 0.534082
vn 0.490135 0.720787 0.490135
vn -0.490135 -0.720787 -0.490135
vn -0.603891 -0.520222 -0.603891
vn -0.705098 -0.075326 -0.705098
vn -0.706974 0.019405 -0.706974
vn -0.656445 0.371698 -0.656445
vn -0.503175 0.702588 -0.503175
vn -0.312858 -0.785415 -0.534082
vn -0.340132 -0.500194 -0.796314
vn -0.421030 -0.060655 -0.905016
vn -0.339813 0.042797 -0.939519
vn -0.310822 0.457092 -0.833341
vn -0.258350 0.792186 -0.552899
vn -0.004148 -0.826919 -0.562305
vn -0.003463 -0.587474 -0.809235
vn -0.006045 -0.104832 -0.994472
vn -0.002507 0.035544 -0.999365
vn -0.002435 0.454169 -0.890912
vn -0.002013 0.798017 -0.602631
vn 0.000869 -0.826926 -0.562310
vn 0.002435 -0.454169 -0.890912
vn 0.002507 -0.035544 -0.999365
vn 0.006045 0.104832 -0.994472
vn 0.003463 0.587474 -0.809235
vn 0.001938 0.852821 -0.522200
vn 0.211606 -0.808201 -0.549577
vn 0.310822 -0.457092 -0.833341
vn 0.339813 -0.042797 -0.939519
vn 0.421030 0.060655 -0.905016
vn 0.340132 0.500194 -0.796314
vn 0.256051 0.805851 -0.533893
vn 0.470983 -0.729467 -0.496038
vn 0.626115 -0.441589 -0.642635
vn 0.681533 -0.040959 -0.730640
vn 0.730640 0.040959 -0.681533
vn 0.642635 0.441589 -0.626115
vn 0.496038 0.729467 -0.470983
vn -0.496038 -0.729467 0.470983
vn -0.642635 -0.441589 0.626115
vn -0.730640 -0.040959 0.681533
vn -0.681533 0.040959 0.730640
vn -0.626115 0.441589 0.642635
vn -0.470983 0.729467 0.496038
vn -0.256051 -0.805851 0.533893
vn -0.340132 -0.500194 0.796314
vn -0.421030 -0.060655 0.905016
vn -0.339813 0.042797 0.939519
vn -0.310822 0.457092 0.833341
vn -0.211606 0.808201 0.549577
vn -0.001938 -0.852821 0.522200
vn -0.003463 -0.587474 0.809235
vn -0.006045 -0.104832 0.994472
vn -0.002507 0.035544 0.999365
vn -0.002435 0.454169 0.890912
vn -0.000869 0.826926 0.562310
vn 0.002013 -0.798017 0.602631
vn 0.002435 -0.454169 0.890912
vn 0.002507 -0.035544 0.999365
vn 0.006045 0.104832 0.994472
vn 0.003463 0.587474 0.809235
vn 0.004148 0.826919 0.562305
vn 0.258350 -0.792186 0.552899
vn 0.310822 -0.457092 0.833341
vn 0.339813 -0.042797 0.939519
vn 0.421030 0.060655 0.905016
vn 0.340132 0.500194 0.796314
vn 0.312858 0.785415 0.534082
vn 0.503175 -0.702588 0.503175
vn 0.656445 -0.371698 0.656445
vn 0.706974 -0.019405 0.706974
vn 0.705098 0.075326 0.705098
vn 0.603891 0.520222 0.603891
vn 0.490135 0.720787 0.490135
f 2//2 7//7 1//1
f 8//8 7//7 2//2
f 3//3 8//8 2//2
f 9//9 8//8 3//3
f 4//4 9//9 3//3
f 10//10 9//9 4//4
f 5//5 10//10 4//4
f 11//11 10//10 5//5
f 6//6 11//11 5//5
f 12//12 11//11 6//6
f 8//8 13//13 7//7
f 14//14 13//13 8//8
f 9//9 14//14 8//8
f 15//15 14//14 9//9
f 10//10 15//15 9//9
f 16//16 15//15 10//10
f 11//11 16//16 10//10
f 17//17 16//16 11//11
f 12//12 17//17 11//11
f 18//18 17//17 12//12
f 14//14 19//19 13//13
f 20//20 19//19 14//14
f 15//15 20//20 14//14
f 21//21 20//20 15//15
f 16//16 21//21 15//15
f 22//22 21//21 16//16
f 17//17 22//22 16//16
f 23//23 22//22 17//17
f 18//18 23//23 17//17
f 24//24 23//23 18//18
f 20//20 25//25 19//19
f 26//26 25//25 20//20
f 21//21 26//26 20//20
f 27//27 26//26 21//21
f 22//22 27//27 21//21
f 28//28 27//27 22//22
f 23//23 28//28 22//22
f 29//29 28//28 23//23
f 24//24 29//29 23//23
f 30//30 29//29 24//24
f 26//26 31//31 25//25
f 32//32 31//31 26//26
f 27//27 32//32 26//26
f 33//33 32//32 27//27
f 28//28 33//33 27//27
f 34//34 33//33 28//28
f 29//29 34//34 28//28
f 35//35 34//34 29//29
f 30//30 35//35 29//29
f 36//36 35//35 30//30
f 37//37 43//43 38//38
f 38//38 43//43 44//44
f 38//38 44//44 39//39
f 39//39 44//44 45//45
f 39//39 45//45 40//40
f 40//40 45//45 46//46
f 40//40 46//46 41//41
f 41//41 46//46 47//47
f 41//41 47//47 42//42
f 42//42 47//47 48//48
f 43//43 49//49 44//44
f 44//44 49//49 50//50
f 44//44 50//50 45//45
f 45//45 50//50 51//51
f 45//45 51//51 46//46
f 46//46 51//51 52//52
f 46//46 52//52 47//47
f 47//47 52//52 53//53
f 47//47 53//53 48//48
f 48//48 53//53 54//54
f 49//49 55//55 50//50
f 50//50 55//55 56//56
f 50//50 56//56 51//51
f 51//51 56//56 57//57
f 51//51 57//57 52//52
f 52//52 57//57 58//58
f 52//52 58//58 53//53
f 53//53 58//58 59//59
f 53//53 59//59 54//54
f 54//54 59//59 60//60
f 55//55 61//61 56//56
f 56//56 61//61 62//62
f 56//56 62//62 57//57
f 57//57 62//62 63//63
f 57//57 63//63 58//58
f 58//58 63//63 64//64
f 58//58 64//64 59//59
f 59//59 64//64 65//65
f 59//59 65//65 60//60
f 60//60 65//65 66//66
f 61//61 67//67 62//62
f 62//62 67//67 68//68
f 62//62 68//68 63//63
f 63//63 68//68 69//69
f 63//63 69//69 64//64
f 64//64 69//69 70//70
f 64//64 70//70 65//65
f 65//65 70//70 71//71
f 65//65 71//71 66//66
f 66//66 71//71 72//72
f 74//74 79//79 73//73
f 80//80 79//79 74//74
f 75//75 80//80 74//74
f 81//81 80//80 75//75
f 76//76 81//81 75//75
f 82//82 81//81 76//76
f 77//77 82//82 76//76
f 83//83 82//82 77//77
f 78//78 83//83 77//77
f 84//84 83//83 78//78
f 80//80 85//85 79//79
f 86//86 85//85 80//80
f 81//81 86//86 80//80
f 87//87 86//86 81//81
f 82//82 87//87 81//81
f 88//88 87//87 82//82
f 83//83 88//88 82//82
f 89//89 88//88 83//83
f 84//84 89//89 83//83
f 90//90 89//89 84//84
f 86//86 91//91 85//85
f 92//92 91//91 86//86
f 87//87 92//92 86//86
f 93//93 92//92 87//87
f 88//88 93//93 87//87
f 94//94 93//93 88//88
f 89//89 94//94 88//88
f 95//95 94//94 89//89
f 90//90 95//95 89//89
f 96//96 95//95 90//90
f 92//92 97//97 91//91
f 98//98 97//97 92//92
f 93//93 98//98 92//92
f 99//99 98//98 93//93
f 94//94 99//99 93//93
f 100//100 99//99 94//94
f 95//95 100//100 94//94
f 101//101 100//100 95//95
f 96//96 101//101 95//95
f 102//102 101//101 96//96
f 98//98 103//103 97//97
f 104//104 103//103 98//98
f 99//99 104//104 98//98
f 105//105 104//104 99//99
f 100//100 105//105 99//99
f 106//106 105//105 100//100
f 101//101 106//106 100//100
f 107//107 106//106 101//101
f 102//102 107//107 101//101
f 108//108 107//107 102//102
f 109//109 115//115 110//110
f 110//110 115//115 116//116
f 110//110 116//116 111//111
f 111//111 116//116 117//117
f 111//111 117//117 112//112
f 112//112 117//117 118//118
f 112//112 118//118 113//113
f 113//113 118//118 119//119
f 113//113 119//119 114//114
f 114//114 119//119 120//120
f 115//115 121//121 116//116
f 116//116 121//121 122//122
f 116//116 122//122 117//117
f 117//117 122//122 123//123
f 117//117 123//123 118//118
f 118//118 123//123 124//124
f 118//118 124//124 119//119
f 119//119 124//124 125//125
f 119//119 125//125 120//120
f 120//120 125//125 126//126
f 121//121 127//127 122//122
f 122//122 127//127 128//128
f 122//122 128//128 123//123
f 123//123 128//128 129//129
f 123//123 129//129 124//124
f 124//124 129//129 130//130
f 124//124 130//130 125//125
f 125//125 130//130 131//131
f 125//125 131//131 126//126
f 126//126 131//131 132//132
f 127//127 133//133 128//128
f 128//128 133//133 134//134
f 128//128 134//134 129//129
f 129//129 134//134 135//135
f 129//129 135//135 130//130
f 130//130 135//135 136//136
f 130//130 136//136 131//131
f 131//131 136//136 137//137
f 131//131 137//137 132//132
f 132//132 137//137 138//138
f 133//133 139//139 134//134
f 134//134 139//139 140//140
f 134//134 140//140 135//135
f 135//135 140//140 141//141
f 135//135 141//141 136//136
f 136//136 141//141 142//142
f 136//136 142//142 137//137
f 137//137 142//142 143//143
f 137//137 143//143 138//138
f 138//138 143//143 144//144
f 146//146 151//151 145//145
f 152//152 151//151 146//146
f 147//147 152//152 146//146
f 153//153 152//152 147//147
f 148//148 153//153 147//147
f 154//154 153//153 148//148
f 149//149 154//154 148//148
f 155//155 154//154 149//149
f 150//150 155//155 149//149
f 156//156 155//155 150//150
f 152//152 157//157 151//151
f 158//158 157//157 152//152
f 153//153 158//158 152//152
f 159//159 158//158 153//153
f 154//154 159//159 153//153
f 160//160 159//159 154//154
f 155//155 160//160 154//154
f 161//161 160//160 155//155
f 156//156 161//161 155//155
f 162//162 161//161 156//156
f 158//158 163//163 157//157
f 164//164 163//163 158//158
f 159//159 164//164 158//158
f 165//165 164//164 159//159
f 160//160 165//165 159//159
f 166//166 165//165 160//160
f 161//161 166//166 160//160
f 167//167 166//166 161//161
f 162//162 167//167 161//161
f 168//168 167//167 162//162
f 164//164 169//169 163//163
f 170//170 169//169 164//164
f 165//165 170//170 164//164
f 171//171 170//170 165//165
f 166//166 171//171 165//165
f 172//172 171//171 166//166
f 167//167 172//172 166//166
f 173//173 172//172 167//167
f 168//168 173//173 167//167
f 174//174 173//173 168//168
f 170//170 175//175 169//169
f 176//176 175//175 170//170
f 171//171 176//176 170//170
f 177//177 176//176 171//171
f 172//172 177//177 171//171
f 178//178 177//177 172//172
f 173//173 178//178 172//172
f 179//179 178//178 173//173
f 174//174 179//179 173//173
f 180//180 179//179 174//174
f 181//181 187//187 182//182
f 182//182 187//187 188//188
f 182//182 188//188 183//183
f 183//183 188//188 189//189
f 183//183 189//189 184//184
f 184//184 189//189 190//190
f 184//184 190//190 185//185
f 185//185 190//190 191//191
f 185//185 191//191 186//186
f 186//186 191//191 192//192
f 187//187 193//193 188//188
f 188//188 193//193 194//194
f 188//188 194//194 189//189
f 189//189 194//194 195//195
f 189//189 195//195 190//190
f 190//190 195//195 196//196
f 190//190 196//196 191//191
f 191//191 196//196 197//197
f 191//191 197//197 192//192
f 192//192 197//197 198//198
f 193//193 199//199 194//194
f 194//194 199//199 200//200
f 194//194 200//200 195//195
f 195//195 200//200 201//201
f 195//195 201//201 196//196
f 196//196 201//201 202//202
f 196//196 202//202 197//197
f 197//197 202//202 203//203
f 197//197 203//203 198//198
f 198//198 203//203 204//204
f 199//199 205//205 200//200
f 200//200 205//205 206//206
f 200//200 206//206 201//201
f 201//201 206//206 207//207
f 201//201 207//207 202//202
f 202//202 207//207 208//208
f 202//202 208//208 203//203
f 203//203 208//208 209//209
f 203//203 209//209 204//204
f 204//204 209//209 210//210
f 205//205 211//211 206//206
f 206//206 211//211 212//212
f 206//206 212//212 207//207
f 207//207 212//212 213//213
f 207//207 213//213 208//208
f 208//208 213//213 214//214
f 208//208 214//214 209//209
f 209//209 214//214 215//215
f 209//209 215//215 210//210
f 210//210 215//215 216//216
o station-dishes_sage
usemtl sage
v -0.350207 0.057659 -0.340207
v -0.353333 0.055533 -0.331667
v -0.354749 0.054571 -0.320000
v -0.354749 0.054571 0.320000
v -0.353333 0.055533 0.331667
v -0.350207 0.057659 0.340207
v -0.353333 0.063467 -0.343333
v -0.358577 0.061684 -0.334289
v -0.361305 0.060756 -0.320000
v -0.361305 0.060756 0.320000
v -0.358577 0.061684 0.334289
v -0.353333 0.063467 0.343333
v -0.354749 0.071400 -0.344749
v -0.361305 0.071400 -0.335652
v -0.365000 0.071400 -0.320000
v -0.365000 0.071400 0.320000
v -0.361305 0.071400 0.335652
v -0.354749 0.071400 0.344749
v -0.354749 0.323000 -0.344749
v -0.361305 0.323000 -0.335652
v -0.365000 0.323000 -0.320000
v -0.365000 0.323000 0.320000
v -0.361305 0.323000 0.335652
v -0.354749 0.323000 0.344749
v -0.353333 0.330933 -0.343333
v -0.358577 0.332716 -0.334289
v -0.361305 0.333644 -0.320000
v -0.361305 0.333644 0.320000
v -0.358577 0.332716 0.334289
v -0.353333 0.330933 0.343333
v -0.350207 0.336741 -0.340207
v -0.353333 0.338867 -0.331667
v -0.354749 0.339829 -0.320000
v -0.354749 0.339829 0.320000
v -0.353333 0.338867 0.331667
v -0.350207 0.336741 0.340207
v 0.350207 0.057659 -0.340207
v 0.353333 0.055533 -0.331667
v 0.354749 0.054571 -0.320000
v 0.354749 0.054571 0.320000
v 0.353333 0.055533 0.331667
v 0.350207 0.057659 0.340207
v 0.353333 0.063467 -0.343333
v 0.358577 0.061684 -0.334289
v 0.361305 0.060756 -0.320000
v 0.361305 0.060756 0.320000
v 0.358577 0.061684 0.334289
v 0.353333 0.063467 0.343333
v 0.354749 0.071400 -0.344749
v 0.361305 0.071400 -0.335652
v 0.365000 0.071400 -0.320000
v 0.365000 0.071400 0.320000
v 0.361305 0.071400 0.335652
v 0.354749 0.071400 0.344749
v 0.354749 0.323000 -0.344749
v 0.361305 0.323000 -0.335652
v 0.365000 0.323000 -0.320000
v 0.365000 0.323000 0.320000
v 0.361305 0.323000 0.335652
v 0.354749 0.323000 0.344749
v 0.353333 0.330933 -0.343333
v 0.358577 0.332716 -0.334289
v 0.361305 0.333644 -0.320000
v 0.361305 0.333644 0.320000
v 0.358577 0.332716 0.334289
v 0.353333 0.330933 0.343333
v 0.350207 0.336741 -0.340207
v 0.353333 0.338867 -0.331667
v 0.354749 0.339829 -0.320000
v 0.354749 0.339829 0.320000
v 0.353333 0.338867 0.331667
v 0.350207 0.336741 0.340207
v -0.350207 0.057659 -0.340207
v -0.341667 0.055533 -0.343333
v -0.330000 0.054571 -0.344749
v 0.330000 0.054571 -0.344749
v 0.341667 0.055533 -0.343333
v 0.350207 0.057659 -0.340207
v -0.353333 0.055533 -0.331667
v -0.344289 0.051967 -0.334289
v -0.330000 0.050113 -0.335652
v 0.330000 0.050113 -0.335652
v 0.344289 0.051967 -0.334289
v 0.353333 0.055533 -0.331667
v -0.354749 0.054571 -0.320000
v -0.345652 0.050113 -0.320000
v -0.330000 0.047600 -0.320000
v 0.330000 0.047600 -0.320000
v 0.345652 0.050113 -0.320000
v 0.354749 0.054571 -0.320000
v -0.354749 0.054571 0.320000
v -0.345652 0.050113 0.320000
v -0.330000 0.047600 0.320000
v 0.330000 0.047600 0.320000
v 0.345652 0.050113 0.320000
v 0.354749 0.054571 0.320000
v -0.353333 0.055533 0.331667
v -0.344289 0.051967 0.334289
v -0.330000 0.050113 0.335652
v 0.330000 0.050113 0.335652
v 0.344289 0.051967 0.334289
v 0.353333 0.055533 0.331667
v -0.350207 0.057659 0.340207
v -0.341667 0.055533 0.343333
v -0.330000 0.054571 0.344749
v 0.330000 0.054571 0.344749
v 0.341667 0.055533 0.343333
v 0.350207 0.057659 0.340207
v -0.350207 0.336741 -0.340207
v -0.341667 0.338867 -0.343333
v -0.330000 0.339829 -0.344749
v 0.330000 0.339829 -0.344749
v 0.341667 0.338867 -0.343333
v 0.350207 0.336741 -0.340207
v -0.353333 0.338867 -0.331667
v -0.344289 0.342433 -0.334289
v -0.330000 0.344287 -0.335652
v 0.330000 0.344287 -0.335652
v 0.344289 0.342433 -0.334289
v 0.353333 0.338867 -0.331667
v -0.354749 0.339829 -0.320000
v -0.345652 0.344287 -0.320000
v -0.330000 0.346800 -0.320000
v 0.330000 0.346800 -0.320000
v 0.345652 0.344287 -0.320000
v 0.354749 0.339829 -0.320000
v -0.354749 0.339829 0.320000
v -0.345652 0.344287 0.320000
v -0.330000 0.346800 0.320000
v 0.330000 0.346800 0.320000
v 0.345652 0.344287 0.320000
v 0.354749 0.339829 0.320000
v -0.353333 0.338867 0.331667
v -0.344289 0.342433 0.334289
v -0.330000 0.344287 0.335652
v 0.330000 0.344287 0.335652
v 0.344289 0.342433 0.334289
v 0.353333 0.338867 0.331667
v -0.350207 0.336741 0.340207
v -0.341667 0.338867 0.343333
v -0.330000 0.339829 0.344749
v 0.330000 0.339829 0.344749
v 0.341667 0.338867 0.343333
v 0.350207 0.336741 0.340207
v -0.350207 0.057659 -0.340207
v -0.353333 0.063467 -0.343333
v -0.354749 0.071400 -0.344749
v -0.354749 0.323000 -0.344749
v -0.353333 0.330933 -0.343333
v -0.350207 0.336741 -0.340207
v -0.341667 0.055533 -0.343333
v -0.344289 0.061684 -0.348577
v -0.345652 0.071400 -0.351305
v -0.345652 0.323000 -0.351305
v -0.344289 0.332716 -0.348577
v -0.341667 0.338867 -0.343333
v -0.330000 0.054571 -0.344749
v -0.330000 0.060756 -0.351305
v -0.330000 0.071400 -0.355000
v -0.330000 0.323000 -0.355000
v -0.330000 0.333644 -0.351305
v -0.330000 0.339829 -0.344749
v 0.330000 0.054571 -0.344749
v 0.330000 0.060756 -0.351305
v 0.330000 0.071400 -0.355000
v 0.330000 0.323000 -0.355000
v 0.330000 0.333644 -0.351305
v 0.330000 0.339829 -0.344749
v 0.341667 0.055533 -0.343333
v 0.344289 0.061684 -0.348577
v 0.345652 0.071400 -0.351305
v 0.345652 0.323000 -0.351305
v 0.344289 0.332716 -0.348577
v 0.341667 0.338867 -0.343333
v 0.350207 0.057659 -0.340207
v 0.353333 0.063467 -0.343333
v 0.354749 0.071400 -0.344749
v 0.354749 0.323000 -0.344749
v 0.353333 0.330933 -0.343333
v 0.350207 0.336741 -0.340207
v -0.350207 0.057659 0.340207
v -0.353333 0.063467 0.343333
v -0.354749 0.071400 0.344749
v -0.354749 0.323000 0.344749
v -0.353333 0.330933 0.343333
v -0.350207 0.336741 0.340207
v -0.341667 0.055533 0.343333
v -0.344289 0.061684 0.348577
v -0.345652 0.071400 0.351305
v -0.345652 0.323000 0.351305
v -0.344289 0.332716 0.348577
v -0.341667 0.338867 0.343333
v -0.330000 0.054571 0.344749
v -0.330000 0.060756 0.351305
v -0.330000 0.071400 0.355000
v -0.330000 0.323000 0.355000
v -0.330000 0.333644 0.351305
v -0.330000 0.339829 0.344749
v 0.330000 0.054571 0.344749
v 0.330000 0.060756 0.351305
v 0.330000 0.071400 0.355000
v 0.330000 0.323000 0.355000
v 0.330000 0.333644 0.351305
v 0.330000 0.339829 0.344749
v 0.341667 0.055533 0.343333
v 0.344289 0.061684 0.348577
v 0.345652 0.071400 0.351305
v 0.345652 0.323000 0.351305
v 0.344289 0.332716 0.348577
v 0.341667 0.338867 0.343333
v 0.350207 0.057659 0.340207
v 0.353333 0.063467 0.343333
v 0.354749 0.071400 0.344749
v 0.354749 0.323000 0.344749
v 0.353333 0.330933 0.343333
v 0.350207 0.336741 0.340207
v -0.325907 0.099683 0.358593
v -0.326667 0.099167 0.360667
v -0.327010 0.098933 0.363500
v -0.327010 0.098933 0.366500
v -0.326667 0.099167 0.369333
v -0.325907 0.099683 0.371407
v -0.326667 0.101093 0.357833
v -0.327940 0.100660 0.360030
v -0.328603 0.100435 0.363500
v -0.328603 0.100435 0.366500
v -0.327940 0.100660 0.369970
v -0.326667 0.101093 0.372167
v -0.327010 0.103020 0.357490
v -0.328603 0.103020 0.359699
v -0.329500 0.103020 0.363500
v -0.329500 0.103020 0.366500
v -0.328603 0.103020 0.370301
v -0.327010 0.103020 0.372510
v -0.327010 0.302260 0.357490
v -0.328603 0.302260 0.359699
v -0.329500 0.302260 0.363500
v -0.329500 0.302260 0.366500
v -0.328603 0.302260 0.370301
v -0.327010 0.302260 0.372510
v -0.326667 0.304187 0.357833
v -0.327940 0.304620 0.360030
v -0.328603 0.304845 0.363500
v -0.328603 0.304845 0.366500
v -0.327940 0.304620 0.369970
v -0.326667 0.304187 0.372167
v -0.325907 0.305597 0.358593
v -0.326667 0.306113 0.360667
v -0.327010 0.306347 0.363500
v -0.327010 0.306347 0.366500
v -0.326667 0.306113 0.369333
v -0.325907 0.305597 0.371407
v -0.018093 0.099683 0.358593
v -0.017333 0.099167 0.360667
v -0.016990 0.098933 0.363500
v -0.016990 0.098933 0.366500
v -0.017333 0.099167 0.369333
v -0.018093 0.099683 0.371407
v -0.017333 0.101093 0.357833
v -0.016060 0.100660 0.360030
v -0.015397 0.100435 0.363500
v -0.015397 0.100435 0.366500
v -0.016060 0.100660 0.369970
v -0.017333 0.101093 0.372167
v -0.016990 0.103020 0.357490
v -0.015397 0.103020 0.359699
v -0.014500 0.103020 0.363500
v -0.014500 0.103020 0.366500
v -0.015397 0.103020 0.370301
v -0.016990 0.103020 0.372510
v -0.016990 0.302260 0.357490
v -0.015397 0.302260 0.359699
v -0.014500 0.302260 0.363500
v -0.014500 0.302260 0.366500
v -0.015397 0.302260 0.370301
v -0.016990 0.302260 0.372510
v -0.017333 0.304187 0.357833
v -0.016060 0.304620 0.360030
v -0.015397 0.304845 0.363500
v -0.015397 0.304845 0.366500
v -0.016060 0.304620 0.369970
v -0.017333 0.304187 0.372167
v -0.018093 0.305597 0.358593
v -0.017333 0.306113 0.360667
v -0.016990 0.306347 0.363500
v -0.016990 0.306347 0.366500
v -0.017333 0.306113 0.369333
v -0.018093 0.305597 0.371407
v -0.325907 0.099683 0.358593
v -0.323833 0.099167 0.357833
v -0.321000 0.098933 0.357490
v -0.023000 0.098933 0.357490
v -0.020167 0.099167 0.357833
v -0.018093 0.099683 0.358593
v -0.326667 0.099167 0.360667
v -0.324470 0.098301 0.360030
v -0.321000 0.097850 0.359699
v -0.023000 0.097850 0.359699
v -0.019530 0.098301 0.360030
v -0.017333 0.099167 0.360667
v -0.327010 0.098933 0.363500
v -0.324801 0.097850 0.363500
v -0.321000 0.097240 0.363500
v -0.023000 0.097240 0.363500
v -0.019199 0.097850 0.363500
v -0.016990 0.098933 0.363500
v -0.327010 0.098933 0.366500
v -0.324801 0.097850 0.366500
v -0.321000 0.097240 0.366500
v -0.023000 0.097240 0.366500
v -0.019199 0.097850 0.366500
v -0.016990 0.098933 0.366500
v -0.326667 0.099167 0.369333
v -0.324470 0.098301 0.369970
v -0.321000 0.097850 0.370301
v -0.023000 0.097850 0.370301
v -0.019530 0.098301 0.369970
v -0.017333 0.099167 0.369333
v -0.325907 0.099683 0.371407
v -0.323833 0.099167 0.372167
v -0.321000 0.098933 0.372510
v -0.023000 0.098933 0.372510
v -0.020167 0.099167 0.372167
v -0.018093 0.099683 0.371407
v -0.325907 0.305597 0.358593
v -0.323833 0.306113 0.357833
v -0.321000 0.306347 0.357490
v -0.023000 0.306347 0.357490
v -0.020167 0.306113 0.357833
v -0.018093 0.305597 0.358593
v -0.326667 0.306113 0.360667
v -0.324470 0.306979 0.360030
v -0.321000 0.307430 0.359699
v -0.023000 0.307430 0.359699
v -0.019530 0.306979 0.360030
v -0.017333 0.306113 0.360667
v -0.327010 0.306347 0.363500
v -0.324801 0.307430 0.363500
v -0.321000 0.308040 0.363500
v -0.023000 0.308040 0.363500
v -0.019199 0.307430 0.363500
v -0.016990 0.306347 0.363500
v -0.327010 0.306347 0.366500
v -0.324801 0.307430 0.366500
v -0.321000 0.308040 0.366500
v -0.023000 0.308040 0.366500
v -0.019199 0.307430 0.366500
v -0.016990 0.306347 0.366500
v -0.326667 0.306113 0.369333
v -0.324470 0.306979 0.369970
v -0.321000 0.307430 0.370301
v -0.023000 0.307430 0.370301
v -0.019530 0.306979 0.369970
v -0.017333 0.306113 0.369333
v -0.325907 0.305597 0.371407
v -0.323833 0.306113 0.372167
v -0.321000 0.306347 0.372510
v -0.023000 0.306347 0.372510
v -0.020167 0.306113 0.372167
v -0.018093 0.305597 0.371407
v -0.325907 0.099683 0.358593
v -0.326667 0.101093 0.357833
v -0.327010 0.103020 0.357490
v -0.327010 0.302260 0.357490
v -0.326667 0.304187 0.357833
v -0.325907 0.305597 0.358593
v -0.323833 0.099167 0.357833
v -0.324470 0.100660 0.356560
v -0.324801 0.103020 0.355897
v -0.324801 0.302260 0.355897
v -0.324470 0.304620 0.356560
v -0.323833 0.306113 0.357833
v -0.321000 0.098933 0.357490
v -0.321000 0.100435 0.355897
v -0.321000 0.103020 0.355000
v -0.321000 0.302260 0.355000
v -0.321000 0.304845 0.355897
v -0.321000 0.306347 0.357490
v -0.023000 0.098933 0.357490
v -0.023000 0.100435 0.355897
v -0.023000 0.103020 0.355000
v -0.023000 0.302260 0.355000
v -0.023000 0.304845 0.355897
v -0.023000 0.306347 0.357490
v -0.020167 0.099167 0.357833
v -0.019530 0.100660 0.356560
v -0.019199 0.103020 0.355897
v -0.019199 0.302260 0.355897
v -0.019530 0.304620 0.356560
v -0.020167 0.306113 0.357833
v -0.018093 0.099683 0.358593
v -0.017333 0.101093 0.357833
v -0.016990 0.103020 0.357490
v -0.016990 0.302260 0.357490
v -0.017333 0.304187 0.357833
v -0.018093 0.305597 0.358593
v -0.325907 0.099683 0.371407
v -0.326667 0.101093 0.372167
v -0.327010 0.103020 0.372510
v -0.327010 0.302260 0.372510
v -0.326667 0.304187 0.372167
v -0.325907 0.305597 0.371407
v -0.323833 0.099167 0.372167
v -0.324470 0.100660 0.373440
v -0.324801 0.103020 0.374103
v -0.324801 0.302260 0.374103
v -0.324470 0.304620 0.373440
v -0.323833 0.306113 0.372167
v -0.321000 0.098933 0.372510
v -0.321000 0.100435 0.374103
v -0.321000 0.103020 0.375000
v -0.321000 0.302260 0.375000
v -0.321000 0.304845 0.374103
v -0.321000 0.306347 0.372510
v -0.023000 0.098933 0.372510
v -0.023000 0.100435 0.374103
v -0.023000 0.103020 0.375000
v -0.023000 0.302260 0.375000
v -0.023000 0.304845 0.374103
v -0.023000 0.306347 0.372510
v -0.020167 0.099167 0.372167
v -0.019530 0.100660 0.373440
v -0.019199 0.103020 0.374103
v -0.019199 0.302260 0.374103
v -0.019530 0.304620 0.373440
v -0.020167 0.306113 0.372167
v -0.018093 0.099683 0.371407
v -0.017333 0.101093 0.372167
v -0.016990 0.103020 0.372510
v -0.016990 0.302260 0.372510
v -0.017333 0.304187 0.372167
v -0.018093 0.305597 0.371407
v 0.018093 0.099683 0.358593
v 0.017333 0.099167 0.360667
v 0.016990 0.098933 0.363500
v 0.016990 0.098933 0.366500
v 0.017333 0.099167 0.369333
v 0.018093 0.099683 0.371407
v 0.017333 0.101093 0.357833
v 0.016060 0.100660 0.360030
v 0.015397 0.100435 0.363500
v 0.015397 0.100435 0.366500
v 0.016060 0.100660 0.369970
v 0.017333 0.101093 0.372167
v 0.016990 0.103020 0.357490
v 0.015397 0.103020 0.359699
v 0.014500 0.103020 0.363500
v 0.014500 0.103020 0.366500
v 0.015397 0.103020 0.370301
v 0.016990 0.103020 0.372510
v 0.016990 0.302260 0.357490
v 0.015397 0.302260 0.359699
v 0.014500 0.302260 0.363500
v 0.014500 0.302260 0.366500
v 0.015397 0.302260 0.370301
v 0.016990 0.302260 0.372510
v 0.017333 0.304187 0.357833
v 0.016060 0.304620 0.360030
v 0.015397 0.304845 0.363500
v 0.015397 0.304845 0.366500
v 0.016060 0.304620 0.369970
v 0.017333 0.304187 0.372167
v 0.018093 0.305597 0.358593
v 0.017333 0.306113 0.360667
v 0.016990 0.306347 0.363500
v 0.016990 0.306347 0.366500
v 0.017333 0.306113 0.369333
v 0.018093 0.305597 0.371407
v 0.325907 0.099683 0.358593
v 0.326667 0.099167 0.360667
v 0.327010 0.098933 0.363500
v 0.327010 0.098933 0.366500
v 0.326667 0.099167 0.369333
v 0.325907 0.099683 0.371407
v 0.326667 0.101093 0.357833
v 0.327940 0.100660 0.360030
v 0.328603 0.100435 0.363500
v 0.328603 0.100435 0.366500
v 0.327940 0.100660 0.369970
v 0.326667 0.101093 0.372167
v 0.327010 0.103020 0.357490
v 0.328603 0.103020 0.359699
v 0.329500 0.103020 0.363500
v 0.329500 0.103020 0.366500
v 0.328603 0.103020 0.370301
v 0.327010 0.103020 0.372510
v 0.327010 0.302260 0.357490
v 0.328603 0.302260 0.359699
v 0.329500 0.302260 0.363500
v 0.329500 0.302260 0.366500
v 0.328603 0.302260 0.370301
v 0.327010 0.302260 0.372510
v 0.326667 0.304187 0.357833
v 0.327940 0.304620 0.360030
v 0.328603 0.304845 0.363500
v 0.328603 0.304845 0.366500
v 0.327940 0.304620 0.369970
v 0.326667 0.304187 0.372167
v 0.325907 0.305597 0.358593
v 0.326667 0.306113 0.360667
v 0.327010 0.306347 0.363500
v 0.327010 0.306347 0.366500
v 0.326667 0.306113 0.369333
v 0.325907 0.305597 0.371407
v 0.018093 0.099683 0.358593
v 0.020167 0.099167 0.357833
v 0.023000 0.098933 0.357490
v 0.321000 0.098933 0.357490
v 0.323833 0.099167 0.357833
v 0.325907 0.099683 0.358593
v 0.017333 0.099167 0.360667
v 0.019530 0.098301 0.360030
v 0.023000 0.097850 0.359699
v 0.321000 0.097850 0.359699
v 0.324470 0.098301 0.360030
v 0.326667 0.099167 0.360667
v 0.016990 0.098933 0.363500
v 0.019199 0.097850 0.363500
v 0.023000 0.097240 0.363500
v 0.321000 0.097240 0.363500
v 0.324801 0.097850 0.363500
v 0.327010 0.098933 0.363500
v 0.016990 0.098933 0.366500
v 0.019199 0.097850 0.366500
v 0.023000 0.097240 0.366500
v 0.321000 0.097240 0.366500
v 0.324801 0.097850 0.366500
v 0.327010 0.098933 0.366500
v 0.017333 0.099167 0.369333
v 0.019530 0.098301 0.369970
v 0.023000 0.097850 0.370301
v 0.321000 0.097850 0.370301
v 0.324470 0.098301 0.369970
v 0.326667 0.099167 0.369333
v 0.018093 0.099683 0.371407
v 0.020167 0.099167 0.372167
v 0.023000 0.098933 0.372510
v 0.321000 0.098933 0.372510
v 0.323833 0.099167 0.372167
v 0.325907 0.099683 0.371407
v 0.018093 0.305597 0.358593
v 0.020167 0.306113 0.357833
v 0.023000 0.306347 0.357490
v 0.321000 0.306347 0.357490
v 0.323833 0.306113 0.357833
v 0.325907 0.305597 0.358593
v 0.017333 0.306113 0.360667
v 0.019530 0.306979 0.360030
v 0.023000 0.307430 0.359699
v 0.321000 0.307430 0.359699
v 0.324470 0.306979 0.360030
v 0.326667 0.306113 0.360667
v 0.016990 0.306347 0.363500
v 0.019199 0.307430 0.363500
v 0.023000 0.308040 0.363500
v 0.321000 0.308040 0.363500
v 0.324801 0.307430 0.363500
v 0.327010 0.306347 0.363500
v 0.016990 0.306347 0.366500
v 0.019199 0.307430 0.366500
v 0.023000 0.308040 0.366500
v 0.321000 0.308040 0.366500
v 0.324801 0.307430 0.366500
v 0.327010 0.306347 0.366500
v 0.017333 0.306113 0.369333
v 0.019530 0.306979 0.369970
v 0.023000 0.307430 0.370301
v 0.321000 0.307430 0.370301
v 0.324470 0.306979 0.369970
v 0.326667 0.306113 0.369333
v 0.018093 0.305597 0.371407
v 0.020167 0.306113 0.372167
v 0.023000 0.306347 0.372510
v 0.321000 0.306347 0.372510
v 0.323833 0.306113 0.372167
v 0.325907 0.305597 0.371407
v 0.018093 0.099683 0.358593
v 0.017333 0.101093 0.357833
v 0.016990 0.103020 0.357490
v 0.016990 0.302260 0.357490
v 0.017333 0.304187 0.357833
v 0.018093 0.305597 0.358593
v 0.020167 0.099167 0.357833
v 0.019530 0.100660 0.356560
v 0.019199 0.103020 0.355897
v 0.019199 0.302260 0.355897
v 0.019530 0.304620 0.356560
v 0.020167 0.306113 0.357833
v 0.023000 0.098933 0.357490
v 0.023000 0.100435 0.355897
v 0.023000 0.103020 0.355000
v 0.023000 0.302260 0.355000
v 0.023000 0.304845 0.355897
v 0.023000 0.306347 0.357490
v 0.321000 0.098933 0.357490
v 0.321000 0.100435 0.355897
v 0.321000 0.103020 0.355000
v 0.321000 0.302260 0.355000
v 0.321000 0.304845 0.355897
v 0.321000 0.306347 0.357490
v 0.323833 0.099167 0.357833
v 0.324470 0.100660 0.356560
v 0.324801 0.103020 0.355897
v 0.324801 0.302260 0.355897
v 0.324470 0.304620 0.356560
v 0.323833 0.306113 0.357833
v 0.325907 0.099683 0.358593
v 0.326667 0.101093 0.357833
v 0.327010 0.103020 0.357490
v 0.327010 0.302260 0.357490
v 0.326667 0.304187 0.357833
v 0.325907 0.305597 0.358593
v 0.018093 0.099683 0.371407
v 0.017333 0.101093 0.372167
v 0.016990 0.103020 0.372510
v 0.016990 0.302260 0.372510
v 0.017333 0.304187 0.372167
v 0.018093 0.305597 0.371407
v 0.020167 0.099167 0.372167
v 0.019530 0.100660 0.373440
v 0.019199 0.103020 0.374103
v 0.019199 0.302260 0.374103
v 0.019530 0.304620 0.373440
v 0.020167 0.306113 0.372167
v 0.023000 0.098933 0.372510
v 0.023000 0.100435 0.374103
v 0.023000 0.103020 0.375000
v 0.023000 0.302260 0.375000
v 0.023000 0.304845 0.374103
v 0.023000 0.306347 0.372510
v 0.321000 0.098933 0.372510
v 0.321000 0.100435 0.374103
v 0.321000 0.103020 0.375000
v 0.321000 0.302260 0.375000
v 0.321000 0.304845 0.374103
v 0.321000 0.306347 0.372510
v 0.323833 0.099167 0.372167
v 0.324470 0.100660 0.373440
v 0.324801 0.103020 0.374103
v 0.324801 0.302260 0.374103
v 0.324470 0.304620 0.373440
v 0.323833 0.306113 0.372167
v 0.325907 0.099683 0.371407
v 0.326667 0.101093 0.372167
v 0.327010 0.103020 0.372510
v 0.327010 0.302260 0.372510
v 0.326667 0.304187 0.372167
v 0.325907 0.305597 0.371407
vn -0.490135 -0.720787 -0.490135
vn -0.534082 -0.785415 -0.312858
vn -0.562300 -0.826912 -0.005832
vn -0.562310 -0.826926 0.001232
vn -0.549577 -0.808201 0.211606
vn -0.496038 -0.729467 0.470983
vn -0.603891 -0.520222 -0.603891
vn -0.796314 -0.500194 -0.340132
vn -0.809916 -0.586526 -0.004891
vn -0.890590 -0.454795 0.003443
vn -0.833341 -0.457092 0.310822
vn -0.642635 -0.441589 0.626115
vn -0.706990 -0.018156 -0.706990
vn -0.898070 -0.013538 -0.439644
vn -0.999603 -0.026195 -0.010389
vn -0.999968 -0.007401 0.002996
vn -0.944198 -0.009168 0.329252
vn -0.741465 -0.008811 0.670933
vn -0.707101 0.003916 -0.707101
vn -0.944198 0.009168 -0.329252
vn -0.999968 0.007401 -0.002996
vn -0.999603 0.026195 0.010389
vn -0.898070 0.013538 0.439644
vn -0.670933 0.008811 0.741465
vn -0.656445 0.371698 -0.656445
vn -0.833341 0.457092 -0.310822
vn -0.890590 0.454795 -0.003443
vn -0.809916 0.586526 0.004891
vn -0.796314 0.500194 0.340132
vn -0.626115 0.441589 0.642635
vn -0.503175 0.702588 -0.503175
vn -0.552899 0.792186 -0.258350
vn -0.602081 0.798430 -0.002846
vn -0.522742 0.852487 0.002740
vn -0.533893 0.805851 0.256051
vn -0.470983 0.729467 0.496038
vn 0.470983 -0.729467 -0.496038
vn 0.533893 -0.805851 -0.256051
vn 0.522742 -0.852487 -0.002740
vn 0.602081 -0.798430 0.002846
vn 0.552899 -0.792186 0.258350
vn 0.503175 -0.702588 0.503175
vn 0.626115 -0.441589 -0.642635
vn 0.796314 -0.500194 -0.340132
vn 0.809916 -0.586526 -0.004891
vn 0.890590 -0.454795 0.003443
vn 0.833341 -0.457092 0.310822
vn 0.656445 -0.371698 0.656445
vn 0.670933 -0.008811 -0.741465
vn 0.898070 -0.013538 -0.439644
vn 0.999603 -0.026195 -0.010389
vn 0.999968 -0.007401 0.002996
vn 0.944198 -0.009168 0.329252
vn 0.707101 -0.003916 0.707101
vn 0.741465 0.008811 -0.670933
vn 0.944198 0.009168 -0.329252
vn 0.999968 0.007401 -0.002996
vn 0.999603 0.026195 0.010389
vn 0.898070 0.013538 0.439644
vn 0.706990 0.018156 0.706990
vn 0.642635 0.441589 -0.626115
vn 0.833341 0.457092 -0.310822
vn 0.890590 0.454795 -0.003443
vn 0.809916 0.586526 0.004891
vn 0.796314 0.500194 0.340132
vn 0.603891 0.520222 0.603891
vn 0.496038 0.729467 -0.470983
vn 0.549577 0.808201 -0.211606
vn 0.562310 0.826926 -0.001232
vn 0.562300 0.826912 0.005832
vn 0.534082 0.785415 0.312858
vn 0.490135 0.720787 0.490135
vn -0.490135 -0.720787 -0.490135
vn -0.312858 -0.785415 -0.534082
vn -0.005662 -0.826913 -0.562301
vn 0.001195 -0.826926 -0.562310
vn 0.211606 -0.808201 -0.549577
vn 0.470983 -0.729467 -0.496038
vn -0.534082 -0.785415 -0.312858
vn -0.268668 -0.925005 -0.268668
vn -0.003778 -0.948217 -0.317601
vn 0.002482 -0.973241 -0.229773
vn 0.238736 -0.941281 -0.238736
vn 0.533893 -0.805851 -0.256051
vn -0.562300 -0.826912 -0.005832
vn -0.317529 -0.948240 -0.003894
vn -0.007026 -0.999949 -0.007243
vn 0.001937 -0.999996 -0.001995
vn 0.229812 -0.973232 -0.002558
vn 0.522742 -0.852487 -0.002740
vn -0.562310 -0.826926 0.001232
vn -0.229812 -0.973232 0.002558
vn -0.001937 -0.999996 0.001995
vn 0.007026 -0.999949 0.007243
vn 0.317529 -0.948240 0.003894
vn 0.602081 -0.798430 0.002846
vn -0.549577 -0.808201 0.211606
vn -0.238736 -0.941281 0.238736
vn -0.002482 -0.973241 0.229773
vn 0.003778 -0.948217 0.317601
vn 0.268668 -0.925005 0.268668
vn 0.552899 -0.792186 0.258350
vn -0.496038 -0.729467 0.470983
vn -0.256051 -0.805851 0.533893
vn -0.002659 -0.852521 0.522687
vn 0.002762 -0.798388 0.602137
vn 0.258350 -0.792186 0.552899
vn 0.503175 -0.702588 0.503175
vn -0.503175 0.702588 -0.503175
vn -0.258350 0.792186 -0.552899
vn -0.002762 0.798388 -0.602137
vn 0.002659 0.852521 -0.522687
vn 0.256051 0.805851 -0.533893
vn 0.496038 0.729467 -0.470983
vn -0.552899 0.792186 -0.258350
vn -0.268668 0.925005 -0.268668
vn -0.003778 0.948217 -0.317601
vn 0.002482 0.973241 -0.229773
vn 0.238736 0.941281 -0.238736
vn 0.549577 0.808201 -0.211606
vn -0.602081 0.798430 -0.002846
vn -0.317529 0.948240 -0.003894
vn -0.007026 0.999949 -0.007243
vn 0.001937 0.999996 -0.001995
vn 0.229812 0.973232 -0.002558
vn 0.562310 0.826926 -0.001232
vn -0.522742 0.852487 0.002740
vn -0.229812 0.973232 0.002558
vn -0.001937 0.999996 0.001995
vn 0.007026 0.999949 0.007243
vn 0.317529 0.948240 0.003894
vn 0.562300 0.826912 0.005832
vn -0.533893 0.805851 0.256051
vn -0.238736 0.941281 0.238736
vn -0.002482 0.973241 0.229773
vn 0.003778 0.948217 0.317601
vn 0.268668 0.925005 0.268668
vn 0.534082 0.785415 0.312858
vn -0.470983 0.729467 0.496038
vn -0.211606 0.808201 0.549577
vn -0.001195 0.826926 0.562310
vn 0.005662 0.826913 0.562301
vn 0.312858 0.785415 0.534082
vn 0.490135 0.720787 0.490135
vn -0.490135 -0.720787 -0.490135
vn -0.603891 -0.520222 -0.603891
vn -0.706990 -0.018156 -0.706990
vn -0.707101 0.003916 -0.707101
vn -0.656445 0.371698 -0.656445
vn -0.503175 0.702588 -0.503175
vn -0.312858 -0.785415 -0.534082
vn -0.340132 -0.500194 -0.796314
vn -0.439644 -0.013538 -0.898070
vn -0.329252 0.009168 -0.944198
vn -0.310822 0.457092 -0.833341
vn -0.258350 0.792186 -0.552899
vn -0.005662 -0.826913 -0.562301
vn -0.004746 -0.586622 -0.809847
vn -0.010087 -0.026221 -0.999605
vn -0.002906 0.007395 -0.999968
vn -0.003340 0.454731 -0.890623
vn -0.002762 0.798388 -0.602137
vn 0.001195 -0.826926 -0.562310
vn 0.003340 -0.454731 -0.890623
vn 0.002906 -0.007395 -0.999968
vn 0.010087 0.026221 -0.999605
vn 0.004746 0.586622 -0.809847
vn 0.002659 0.852521 -0.522687
vn 0.211606 -0.808201 -0.549577
vn 0.310822 -0.457092 -0.833341
vn 0.329252 -0.009168 -0.944198
vn 0.439644 0.013538 -0.898070
vn 0.340132 0.500194 -0.796314
vn 0.256051 0.805851 -0.533893
vn 0.470983 -0.729467 -0.496038
vn 0.626115 -0.441589 -0.642635
vn 0.670933 -0.008811 -0.741465
vn 0.741465 0.008811 -0.670933
vn 0.642635 0.441589 -0.626115
vn 0.496038 0.729467 -0.470983
vn -0.496038 -0.729467 0.470983
vn -0.642635 -0.441589 0.626115
vn -0.741465 -0.008811 0.670933
vn -0.670933 0.008811 0.741465
vn -0.626115 0.441589 0.642635
vn -0.470983 0.729467 0.496038
vn -0.256051 -0.805851 0.533893
vn -0.340132 -0.500194 0.796314
vn -0.439644 -0.013538 0.898070
vn -0.329252 0.009168 0.944198
vn -0.310822 0.457092 0.833341
vn -0.211606 0.808201 0.549577
vn -0.002659 -0.852521 0.522687
vn -0.004746 -0.586622 0.809847
vn -0.010087 -0.026221 0.999605
vn -0.002906 0.007395 0.999968
vn -0.003340 0.454731 0.890623
vn -0.001195 0.826926 0.562310
vn 0.002762 -0.798388 0.602137
vn 0.003340 -0.454731 0.890623
vn 0.002906 -0.007395 0.999968
vn 0.010087 0.026221 0.999605
vn 0.004746 0.586622 0.809847
vn 0.005662 0.826913 0.562301
vn 0.258350 -0.792186 0.552899
vn 0.310822 -0.457092 0.833341
vn 0.329252 -0.009168 0.944198
vn 0.439644 0.013538 0.898070
vn 0.340132 0.500194 0.796314
vn 0.312858 0.785415 0.534082
vn 0.503175 -0.702588 0.503175
vn 0.656445 -0.371698 0.656445
vn 0.707101 -0.003916 0.707101
vn 0.706990 0.018156 0.706990
vn 0.603891 0.520222 0.603891
vn 0.490135 0.720787 0.490135
vn -0.490135 -0.720787 -0.490135
vn -0.534082 -0.785415 -0.312858
vn -0.559294 -0.822491 -0.103437
vn -0.561772 -0.826136 0.043722
vn -0.549577 -0.808201 0.211606
vn -0.496038 -0.729467 0.470983
vn -0.603891 -0.520222 -0.603891
vn -0.796314 -0.500194 -0.340132
vn -0.854153 -0.507094 -0.115231
vn -0.857265 -0.506707 0.091347
vn -0.833341 -0.457092 0.310822
vn -0.642635 -0.441589 0.626115
vn -0.707095 -0.005824 -0.707095
vn -0.896429 -0.004275 -0.443166
vn -0.986115 -0.004057 -0.166014
vn -0.995748 -0.004339 0.092012
vn -0.944941 -0.002873 0.327229
vn -0.743397 -0.002763 0.668845
vn -0.707106 0.001214 -0.707106
vn -0.944941 0.002873 -0.327229
vn -0.995748 0.004339 -0.092012
vn -0.986115 0.004057 0.166014
vn -0.896429 0.004275 0.443166
vn -0.668845 0.002763 0.743397
vn -0.656445 0.371698 -0.656445
vn -0.833341 0.457092 -0.310822
vn -0.857265 0.506707 -0.091347
vn -0.854153 0.507094 0.115231
vn -0.796314 0.500194 0.340132
vn -0.626115 0.441589 0.642635
vn -0.503175 0.702588 -0.503175
vn -0.552899 0.792186 -0.258350
vn -0.552668 0.830131 -0.073762
vn -0.568873 0.819059 0.074335
vn -0.533893 0.805851 0.256051
vn -0.470983 0.729467 0.496038
vn 0.470983 -0.729467 -0.496038
vn 0.533893 -0.805851 -0.256051
vn 0.568873 -0.819059 -0.074335
vn 0.552668 -0.830131 0.073762
vn 0.552899 -0.792186 0.258350
vn 0.503175 -0.702588 0.503175
vn 0.626115 -0.441589 -0.642635
vn 0.796314 -0.500194 -0.340132
vn 0.854153 -0.507094 -0.115231
vn 0.857265 -0.506707 0.091347
vn 0.833341 -0.457092 0.310822
vn 0.656445 -0.371698 0.656445
vn 0.668845 -0.002763 -0.743397
vn 0.896429 -0.004275 -0.443166
vn 0.986115 -0.004057 -0.166014
vn 0.995748 -0.004339 0.092012
vn 0.944941 -0.002873 0.327229
vn 0.707106 -0.001214 0.707106
vn 0.743397 0.002763 -0.668845
vn 0.944941 0.002873 -0.327229
vn 0.995748 0.004339 -0.092012
vn 0.986115 0.004057 0.166014
vn 0.896429 0.004275 0.443166
vn 0.707095 0.005824 0.707095
vn 0.642635 0.441589 -0.626115
vn 0.833341 0.457092 -0.310822
vn 0.857265 0.506707 -0.091347
vn 0.854153 0.507094 0.115231
vn 0.796314 0.500194 0.340132
vn 0.603891 0.520222 0.603891
vn 0.496038 0.729467 -0.470983
vn 0.549577 0.808201 -0.211606
vn 0.561772 0.826136 -0.043722
vn 0.559294 0.822491 0.103437
vn 0.534082 0.785415 0.312858
vn 0.490135 0.720787 0.490135
vn -0.490135 -0.720787 -0.490135
vn -0.312858 -0.785415 -0.534082
vn -0.003098 -0.826923 -0.562307
vn 0.000646 -0.826926 -0.562310
vn 0.211606 -0.808201 -0.549577
vn 0.470983 -0.729467 -0.496038
vn -0.534082 -0.785415 -0.312858
vn -0.268668 -0.925005 -0.268668
vn -0.002055 -0.947864 -0.318668
vn 0.001346 -0.973378 -0.229200
vn 0.238736 -0.941281 -0.238736
vn 0.533893 -0.805851 -0.256051
vn -0.559294 -0.822491 -0.103437
vn -0.263694 -0.960573 -0.088120
vn -0.001859 -0.993508 -0.113746
vn 0.001978 -0.998030 -0.062702
vn 0.263001 -0.962273 -0.069724
vn 0.568873 -0.819059 -0.074335
vn -0.561772 -0.826136 0.043722
vn -0.263001 -0.962273 0.069724
vn -0.001978 -0.998030 0.062702
vn 0.001859 -0.993508 0.113746
vn 0.263694 -0.960573 0.088120
vn 0.552668 -0.830131 0.073762
vn -0.549577 -0.808201 0.211606
vn -0.238736 -0.941281 0.238736
vn -0.001346 -0.973378 0.229200
vn 0.002055 -0.947864 0.318668
vn 0.268668 -0.925005 0.268668
vn 0.552899 -0.792186 0.258350
vn -0.496038 -0.729467 0.470983
vn -0.256051 -0.805851 0.533893
vn -0.001442 -0.853027 0.521865
vn 0.001499 -0.797762 0.602971
vn 0.258350 -0.792186 0.552899
vn 0.503175 -0.702588 0.503175
vn -0.503175 0.702588 -0.503175
vn -0.258350 0.792186 -0.552899
vn -0.001499 0.797762 -0.602971
vn 0.001442 0.853027 -0.521865
vn 0.256051 0.805851 -0.533893
vn 0.496038 0.729467 -0.470983
vn -0.552899 0.792186 -0.258350
vn -0.268668 0.925005 -0.268668
vn -0.002055 0.947864 -0.318668
vn 0.001346 0.973378 -0.229200
vn 0.238736 0.941281 -0.238736
vn 0.549577 0.808201 -0.211606
vn -0.552668 0.830131 -0.073762
vn -0.263694 0.960573 -0.088120
vn -0.001859 0.993508 -0.113746
vn 0.001978 0.998030 -0.062702
vn 0.263001 0.962273 -0.069724
vn 0.561772 0.826136 -0.043722
vn -0.568873 0.819059 0.074335
vn -0.263001 0.962273 0.069724
vn -0.001978 0.998030 0.062702
vn 0.001859 0.993508 0.113746
vn 0.263694 0.960573 0.088120
vn 0.559294 0.822491 0.103437
vn -0.533893 0.805851 0.256051
vn -0.238736 0.941281 0.238736
vn -0.001346 0.973378 0.229200
vn 0.002055 0.947864 0.318668
vn 0.268668 0.925005 0.268668
vn 0.534082 0.785415 0.312858
vn -0.470983 0.729467 0.496038
vn -0.211606 0.808201 0.549577
vn -0.000646 0.826926 0.562310
vn 0.003098 0.826923 0.562307
vn 0.312858 0.785415 0.534082
vn 0.490135 0.720787 0.490135
vn -0.490135 -0.720787 -0.490135
vn -0.603891 -0.520222 -0.603891
vn -0.707095 -0.005824 -0.707095
vn -0.707106 0.001214 -0.707106
vn -0.656445 0.371698 -0.656445
vn -0.503175 0.702588 -0.503175
vn -0.312858 -0.785415 -0.534082
vn -0.340132 -0.500194 -0.796314
vn -0.443166 -0.004275 -0.896429
vn -0.327229 0.002873 -0.944941
vn -0.310822 0.457092 -0.833341
vn -0.258350 0.792186 -0.552899
vn -0.003098 -0.826923 -0.562307
vn -0.002579 -0.588061 -0.808813
vn -0.005764 -0.008620 -0.999946
vn -0.001520 0.002272 -0.999996
vn -0.001812 0.453782 -0.891111
vn -0.001499 0.797762 -0.602971
vn 0.000646 -0.826926 -0.562310
vn 0.001812 -0.453782 -0.891111
vn 0.001520 -0.002272 -0.999996
vn 0.005764 0.008620 -0.999946
vn 0.002579 0.588061 -0.808813
vn 0.001442 0.853027 -0.521865
vn 0.211606 -0.808201 -0.549577
vn 0.310822 -0.457092 -0.833341
vn 0.327229 -0.002873 -0.944941
vn 0.443166 0.004275 -0.896429
vn 0.340132 0.500194 -0.796314
vn 0.256051 0.805851 -0.533893
vn 0.470983 -0.729467 -0.496038
vn 0.626115 -0.441589 -0.642635
vn 0.668845 -0.002763 -0.743397
vn 0.743397 0.002763 -0.668845
vn 0.642635 0.441589 -0.626115
vn 0.496038 0.729467 -0.470983
vn -0.496038 -0.729467 0.470983
vn -0.642635 -0.441589 0.626115
vn -0.743397 -0.002763 0.668845
vn -0.668845 0.002763 0.743397
vn -0.626115 0.441589 0.642635
vn -0.470983 0.729467 0.496038
vn -0.256051 -0.805851 0.533893
vn -0.340132 -0.500194 0.796314
vn -0.443166 -0.004275 0.896429
vn -0.327229 0.002873 0.944941
vn -0.310822 0.457092 0.833341
vn -0.211606 0.808201 0.549577
vn -0.001442 -0.853027 0.521865
vn -0.002579 -0.588061 0.808813
vn -0.005764 -0.008620 0.999946
vn -0.001520 0.002272 0.999996
vn -0.001812 0.453782 0.891111
vn -0.000646 0.826926 0.562310
vn 0.001499 -0.797762 0.602971
vn 0.001812 -0.453782 0.891111
vn 0.001520 -0.002272 0.999996
vn 0.005764 0.008620 0.999946
vn 0.002579 0.588061 0.808813
vn 0.003098 0.826923 0.562307
vn 0.258350 -0.792186 0.552899
vn 0.310822 -0.457092 0.833341
vn 0.327229 -0.002873 0.944941
vn 0.443166 0.004275 0.896429
vn 0.340132 0.500194 0.796314
vn 0.312858 0.785415 0.534082
vn 0.503175 -0.702588 0.503175
vn 0.656445 -0.371698 0.656445
vn 0.707106 -0.001214 0.707106
vn 0.707095 0.005824 0.707095
vn 0.603891 0.520222 0.603891
vn 0.490135 0.720787 0.490135
vn -0.490135 -0.720787 -0.490135
vn -0.534082 -0.785415 -0.312858
vn -0.559294 -0.822491 -0.103437
vn -0.561772 -0.826136 0.043722
vn -0.549577 -0.808201 0.211606
vn -0.496038 -0.729467 0.470983
vn -0.603891 -0.520222 -0.603891
vn -0.796314 -0.500194 -0.340132
vn -0.854153 -0.507094 -0.115231
vn -0.857265 -0.506707 0.091347
vn -0.833341 -0.457092 0.310822
vn -0.642635 -0.441589 0.626115
vn -0.707095 -0.005824 -0.707095
vn -0.896429 -0.004275 -0.443166
vn -0.986115 -0.004057 -0.166014
vn -0.995748 -0.004339 0.092012
vn -0.944941 -0.002873 0.327229
vn -0.743397 -0.002763 0.668845
vn -0.707106 0.001214 -0.707106
vn -0.944941 0.002873 -0.327229
vn -0.995748 0.004339 -0.092012
vn -0.986115 0.004057 0.166014
vn -0.896429 0.004275 0.443166
vn -0.668845 0.002763 0.743397
vn -0.656445 0.371698 -0.656445
vn -0.833341 0.457092 -0.310822
vn -0.857265 0.506707 -0.091347
vn -0.854153 0.507094 0.115231
vn -0.796314 0.500194 0.340132
vn -0.626115 0.441589 0.642635
vn -0.503175 0.702588 -0.503175
vn -0.552899 0.792186 -0.258350
vn -0.552668 0.830131 -0.073762
vn -0.568873 0.819059 0.074335
vn -0.533893 0.805851 0.256051
vn -0.470983 0.729467 0.496038
vn 0.470983 -0.729467 -0.496038
vn 0.533893 -0.805851 -0.256051
vn 0.568873 -0.819059 -0.074335
vn 0.552668 -0.830131 0.073762
vn 0.552899 -0.792186 0.258350
vn 0.503175 -0.702588 0.503175
vn 0.626115 -0.441589 -0.642635
vn 0.796314 -0.500194 -0.340132
vn 0.854153 -0.507094 -0.115231
vn 0.857265 -0.506707 0.091347
vn 0.833341 -0.457092 0.310822
vn 0.656445 -0.371698 0.656445
vn 0.668845 -0.002763 -0.743397
vn 0.896429 -0.004275 -0.443166
vn 0.986115 -0.004057 -0.166014
vn 0.995748 -0.004339 0.092012
vn 0.944941 -0.002873 0.327229
vn 0.707106 -0.001214 0.707106
vn 0.743397 0.002763 -0.668845
vn 0.944941 0.002873 -0.327229
vn 0.995748 0.004339 -0.092012
vn 0.986115 0.004057 0.166014
vn 0.896429 0.004275 0.443166
vn 0.707095 0.005824 0.707095
vn 0.642635 0.441589 -0.626115
vn 0.833341 0.457092 -0.310822
vn 0.857265 0.506707 -0.091347
vn 0.854153 0.507094 0.115231
vn 0.796314 0.500194 0.340132
vn 0.603891 0.520222 0.603891
vn 0.496038 0.729467 -0.470983
vn 0.549577 0.808201 -0.211606
vn 0.561772 0.826136 -0.043722
vn 0.559294 0.822491 0.103437
vn 0.534082 0.785415 0.312858
vn 0.490135 0.720787 0.490135
vn -0.490135 -0.720787 -0.490135
vn -0.312858 -0.785415 -0.534082
vn -0.003098 -0.826923 -0.562307
vn 0.000646 -0.826926 -0.562310
vn 0.211606 -0.808201 -0.549577
vn 0.470983 -0.729467 -0.496038
vn -0.534082 -0.785415 -0.312858
vn -0.268668 -0.925005 -0.268668
vn -0.002055 -0.947864 -0.318668
vn 0.001346 -0.973378 -0.229200
vn 0.238736 -0.941281 -0.238736
vn 0.533893 -0.805851 -0.256051
vn -0.559294 -0.822491 -0.103437
vn -0.263694 -0.960573 -0.088120
vn -0.001859 -0.993508 -0.113746
vn 0.001978 -0.998030 -0.062702
vn 0.263001 -0.962273 -0.069724
vn 0.568873 -0.819059 -0.074335
vn -0.561772 -0.826136 0.043722
vn -0.263001 -0.962273 0.069724
vn -0.001978 -0.998030 0.062702
vn 0.001859 -0.993508 0.113746
vn 0.263694 -0.960573 0.088120
vn 0.552668 -0.830131 0.073762
vn -0.549577 -0.808201 0.211606
vn -0.238736 -0.941281 0.238736
vn -0.001346 -0.973378 0.229200
vn 0.002055 -0.947864 0.318668
vn 0.268668 -0.925005 0.268668
vn 0.552899 -0.792186 0.258350
vn -0.496038 -0.729467 0.470983
vn -0.256051 -0.805851 0.533893
vn -0.001442 -0.853027 0.521865
vn 0.001499 -0.797762 0.602971
vn 0.258350 -0.792186 0.552899
vn 0.503175 -0.702588 0.503175
vn -0.503175 0.702588 -0.503175
vn -0.258350 0.792186 -0.552899
vn -0.001499 0.797762 -0.602971
vn 0.001442 0.853027 -0.521865
vn 0.256051 0.805851 -0.533893
vn 0.496038 0.729467 -0.470983
vn -0.552899 0.792186 -0.258350
vn -0.268668 0.925005 -0.268668
vn -0.002055 0.947864 -0.318668
vn 0.001346 0.973378 -0.229200
vn 0.238736 0.941281 -0.238736
vn 0.549577 0.808201 -0.211606
vn -0.552668 0.830131 -0.073762
vn -0.263694 0.960573 -0.088120
vn -0.001859 0.993508 -0.113746
vn 0.001978 0.998030 -0.062702
vn 0.263001 0.962273 -0.069724
vn 0.561772 0.826136 -0.043722
vn -0.568873 0.819059 0.074335
vn -0.263001 0.962273 0.069724
vn -0.001978 0.998030 0.062702
vn 0.001859 0.993508 0.113746
vn 0.263694 0.960573 0.088120
vn 0.559294 0.822491 0.103437
vn -0.533893 0.805851 0.256051
vn -0.238736 0.941281 0.238736
vn -0.001346 0.973378 0.229200
vn 0.002055 0.947864 0.318668
vn 0.268668 0.925005 0.268668
vn 0.534082 0.785415 0.312858
vn -0.470983 0.729467 0.496038
vn -0.211606 0.808201 0.549577
vn -0.000646 0.826926 0.562310
vn 0.003098 0.826923 0.562307
vn 0.312858 0.785415 0.534082
vn 0.490135 0.720787 0.490135
vn -0.490135 -0.720787 -0.490135
vn -0.603891 -0.520222 -0.603891
vn -0.707095 -0.005824 -0.707095
vn -0.707106 0.001214 -0.707106
vn -0.656445 0.371698 -0.656445
vn -0.503175 0.702588 -0.503175
vn -0.312858 -0.785415 -0.534082
vn -0.340132 -0.500194 -0.796314
vn -0.443166 -0.004275 -0.896429
vn -0.327229 0.002873 -0.944941
vn -0.310822 0.457092 -0.833341
vn -0.258350 0.792186 -0.552899
vn -0.003098 -0.826923 -0.562307
vn -0.002579 -0.588061 -0.808813
vn -0.005764 -0.008620 -0.999946
vn -0.001520 0.002272 -0.999996
vn -0.001812 0.453782 -0.891111
vn -0.001499 0.797762 -0.602971
vn 0.000646 -0.826926 -0.562310
vn 0.001812 -0.453782 -0.891111
vn 0.001520 -0.002272 -0.999996
vn 0.005764 0.008620 -0.999946
vn 0.002579 0.588061 -0.808813
vn 0.001442 0.853027 -0.521865
vn 0.211606 -0.808201 -0.549577
vn 0.310822 -0.457092 -0.833341
vn 0.327229 -0.002873 -0.944941
vn 0.443166 0.004275 -0.896429
vn 0.340132 0.500194 -0.796314
vn 0.256051 0.805851 -0.533893
vn 0.470983 -0.729467 -0.496038
vn 0.626115 -0.441589 -0.642635
vn 0.668845 -0.002763 -0.743397
vn 0.743397 0.002763 -0.668845
vn 0.642635 0.441589 -0.626115
vn 0.496038 0.729467 -0.470983
vn -0.496038 -0.729467 0.470983
vn -0.642635 -0.441589 0.626115
vn -0.743397 -0.002763 0.668845
vn -0.668845 0.002763 0.743397
vn -0.626115 0.441589 0.642635
vn -0.470983 0.729467 0.496038
vn -0.256051 -0.805851 0.533893
vn -0.340132 -0.500194 0.796314
vn -0.443166 -0.004275 0.896429
vn -0.327229 0.002873 0.944941
vn -0.310822 0.457092 0.833341
vn -0.211606 0.808201 0.549577
vn -0.001442 -0.853027 0.521865
vn -0.002579 -0.588061 0.808813
vn -0.005764 -0.008620 0.999946
vn -0.001520 0.002272 0.999996
vn -0.001812 0.453782 0.891111
vn -0.000646 0.826926 0.562310
vn 0.001499 -0.797762 0.602971
vn 0.001812 -0.453782 0.891111
vn 0.001520 -0.002272 0.999996
vn 0.005764 0.008620 0.999946
vn 0.002579 0.588061 0.808813
vn 0.003098 0.826923 0.562307
vn 0.258350 -0.792186 0.552899
vn 0.310822 -0.457092 0.833341
vn 0.327229 -0.002873 0.944941
vn 0.443166 0.004275 0.896429
vn 0.340132 0.500194 0.796314
vn 0.312858 0.785415 0.534082
vn 0.503175 -0.702588 0.503175
vn 0.656445 -0.371698 0.656445
vn 0.707106 -0.001214 0.707106
vn 0.707095 0.005824 0.707095
vn 0.603891 0.520222 0.603891
vn 0.490135 0.720787 0.490135
f 218//218 223//223 217//217
f 224//224 223//223 218//218
f 219//219 224//224 218//218
f 225//225 224//224 219//219
f 220//220 225//225 219//219
f 226//226 225//225 220//220
f 221//221 226//226 220//220
f 227//227 226//226 221//221
f 222//222 227//227 221//221
f 228//228 227//227 222//222
f 224//224 229//229 223//223
f 230//230 229//229 224//224
f 225//225 230//230 224//224
f 231//231 230//230 225//225
f 226//226 231//231 225//225
f 232//232 231//231 226//226
f 227//227 232//232 226//226
f 233//233 232//232 227//227
f 228//228 233//233 227//227
f 234//234 233//233 228//228
f 230//230 235//235 229//229
f 236//236 235//235 230//230
f 231//231 236//236 230//230
f 237//237 236//236 231//231
f 232//232 237//237 231//231
f 238//238 237//237 232//232
f 233//233 238//238 232//232
f 239//239 238//238 233//233
f 234//234 239//239 233//233
f 240//240 239//239 234//234
f 236//236 241//241 235//235
f 242//242 241//241 236//236
f 237//237 242//242 236//236
f 243//243 242//242 237//237
f 238//238 243//243 237//237
f 244//244 243//243 238//238
f 239//239 244//244 238//238
f 245//245 244//244 239//239
f 240//240 245//245 239//239
f 246//246 245//245 240//240
f 242//242 247//247 241//241
f 248//248 247//247 242//242
f 243//243 248//248 242//242
f 249//249 248//248 243//243
f 244//244 249//249 243//243
f 250//250 249//249 244//244
f 245//245 250//250 244//244
f 251//251 250//250 245//245
f 246//246 251//251 245//245
f 252//252 251//251 246//246
f 253//253 259//259 254//254
f 254//254 259//259 260//260
f 254//254 260//260 255//255
f 255//255 260//260 261//261
f 255//255 261//261 256//256
f 256//256 261//261 262//262
f 256//256 262//262 257//257
f 257//257 262//262 263//263
f 257//257 263//263 258//258
f 258//258 263//263 264//264
f 259//259 265//265 260//260
f 260//260 265//265 266//266
f 260//260 266//266 261//261
f 261//261 266//266 267//267
f 261//261 267//267 262//262
f 262//262 267//267 268//268
f 262//262 268//268 263//263
f 263//263 268//268 269//269
f 263//263 269//269 264//264
f 264//264 269//269 270//270
f 265//265 271//271 266//266
f 266//266 271//271 272//272
f 266//266 272//272 267//267
f 267//267 272//272 273//273
f 267//267 273//273 268//268
f 268//268 273//273 274//274
f 268//268 274//274 269//269
f 269//269 274//274 275//275
f 269//269 275//275 270//270
f 270//270 275//275 276//276
f 271//271 277//277 272//272
f 272//272 277//277 278//278
f 272//272 278//278 273//273
f 273//273 278//278 279//279
f 273//273 279//279 274//274
f 274//274 279//279 280//280
f 274//274 280//280 275//275
f 275//275 280//280 281//281
f 275//275 281//281 276//276
f 276//276 281//281 282//282
f 277//277 283//283 278//278
f 278//278 283//283 284//284
f 278//278 284//284 279//279
f 279//279 284//284 285//285
f 279//279 285//285 280//280
f 280//280 285//285 286//286
f 280//280 286//286 281//281
f 281//281 286//286 287//287
f 281//281 287//287 282//282
f 282//282 287//287 288//288
f 290//290 295//295 289//289
f 296//296 295//295 290//290
f 291//291 296//296 290//290
f 297//297 296//296 291//291
f 292//292 297//297 291//291
f 298//298 297//297 292//292
f 293//293 298//298 292//292
f 299//299 298//298 293//293
f 294//294 299//299 293//293
f 300//300 299//299 294//294
f 296//296 301//301 295//295
f 302//302 301//301 296//296
f 297//297 302//302 296//296
f 303//303 302//302 297//297
f 298//298 303//303 297//297
f 304//304 303//303 298//298
f 299//299 304//304 298//298
f 305//305 304//304 299//299
f 300//300 305//305 299//299
f 306//306 305//305 300//300
f 302//302 307//307 301//301
f 308//308 307//307 302//302
f 303//303 308//308 302//302
f 309//309 308//308 303//303
f 304//304 309//309 303//303
f 310//310 309//309 304//304
f 305//305 310//310 304//304
f 311//311 310//310 305//305
f 306//306 311//311 305//305
f 312//312 311//311 306//306
f 308//308 313//313 307//307
f 314//314 313//313 308//308
f 309//309 314//314 308//308
f 315//315 314//314 309//309
f 310//310 315//315 309//309
f 316//316 315//315 310//310
f 311//311 316//316 310//310
f 317//317 316//316 311//311
f 312//312 317//317 311//311
f 318//318 317//317 312//312
f 314//314 319//319 313//313
f 320//320 319//319 314//314
f 315//315 320//320 314//314
f 321//321 320//320 315//315
f 316//316 321//321 315//315
f 322//322 321//321 316//316
f 317//317 322//322 316//316
f 323//323 322//322 317//317
f 318//318 323//323 317//317
f 324//324 323//323 318//318
f 325//325 331//331 326//326
f 326//326 331//331 332//332
f 326//326 332//332 327//327
f 327//327 332//332 333//333
f 327//327 333//333 328//328
f 328//328 333//333 334//334
f 328//328 334//334 329//329
f 329//329 334//334 335//335
f 329//329 335//335 330//330
f 330//330 335//335 336//336
f 331//331 337//337 332//332
f 332//332 337//337 338//338
f 332//332 338//338 333//333
f 333//333 338//338 339//339
f 333//333 339//339 334//334
f 334//334 339//339 340//340
f 334//334 340//340 335//335
f 335//335 340//340 341//341
f 335//335 341//341 336//336
f 336//336 341//341 342//342
f 337//337 343//343 338//338
f 338//338 343//343 344//344
f 338//338 344//344 339//339
f 339//339 344//344 345//345
f 339//339 345//345 340//340
f 340//340 345//345 346//346
f 340//340 346//346 341//341
f 341//341 346//346 347//347
f 341//341 347//347 342//342
f 342//342 347//347 348//348
f 343//343 349//349 344//344
f 344//344 349//349 350//350
f 344//344 350//350 345//345
f 345//345 350//350 351//351
f 345//345 351//351 346//346
f 346//346 351//351 352//352
f 346//346 352//352 347//347
f 347//347 352//352 353//353
f 347//347 353//353 348//348
f 348//348 353//353 354//354
f 349//349 355//355 350//350
f 350//350 355//355 356//356
f 350//350 356//356 351//351
f 351//351 356//356 357//357
f 351//351 357//357 352//352
f 352//352 357//357 358//358
f 352//352 358//358 353//353
f 353//353 358//358 359//359
f 353//353 359//359 354//354
f 354//354 359//359 360//360
f 362//362 367//367 361//361
f 368//368 367//367 362//362
f 363//363 368//368 362//362
f 369//369 368//368 363//363
f 364//364 369//369 363//363
f 370//370 369//369 364//364
f 365//365 370//370 364//364
f 371//371 370//370 365//365
f 366//366 371//371 365//365
f 372//372 371//371 366//366
f 368//368 373//373 367//367
f 374//374 373//373 368//368
f 369//369 374//374 368//368
f 375//375 374//374 369//369
f 370//370 375//375 369//369
f 376//376 375//375 370//370
f 371//371 376//376 370//370
f 377//377 376//376 371//371
f 372//372 377//377 371//371
f 378//378 377//377 372//372
f 374//374 379//379 373//373
f 380//380 379//379 374//374
f 375//375 380//380 374//374
f 381//381 380//380 375//375
f 376//376 381//381 375//375
f 382//382 381//381 376//376
f 377//377 382//382 376//376
f 383//383 382//382 377//377
f 378//378 383//383 377//377
f 384//384 383//383 378//378
f 380//380 385//385 379//379
f 386//386 385//385 380//380
f 381//381 386//386 380//380
f 387//387 386//386 381//381
f 382//382 387//387 381//381
f 388//388 387//387 382//382
f 383//383 388//388 382//382
f 389//389 388//388 383//383
f 384//384 389//389 383//383
f 390//390 389//389 384//384
f 386//386 391//391 385//385
f 392//392 391//391 386//386
f 387//387 392//392 386//386
f 393//393 392//392 387//387
f 388//388 393//393 387//387
f 394//394 393//393 388//388
f 389//389 394//394 388//388
f 395//395 394//394 389//389
f 390//390 395//395 389//389
f 396//396 395//395 390//390
f 397//397 403//403 398//398
f 398//398 403//403 404//404
f 398//398 404//404 399//399
f 399//399 404//404 405//405
f 399//399 405//405 400//400
f 400//400 405//405 406//406
f 400//400 406//406 401//401
f 401//401 406//406 407//407
f 401//401 407//407 402//402
f 402//402 407//407 408//408
f 403//403 409//409 404//404
f 404//404 409//409 410//410
f 404//404 410//410 405//405
f 405//405 410//410 411//411
f 405//405 411//411 406//406
f 406//406 411//411 412//412
f 406//406 412//412 407//407
f 407//407 412//412 413//413
f 407//407 413//413 408//408
f 408//408 413//413 414//414
f 409//409 415//415 410//410
f 410//410 415//415 416//416
f 410//410 416//416 411//411
f 411//411 416//416 417//417
f 411//411 417//417 412//412
f 412//412 417//417 418//418
f 412//412 418//418 413//413
f 413//413 418//418 419//419
f 413//413 419//419 414//414
f 414//414 419//419 420//420
f 415//415 421//421 416//416
f 416//416 421//421 422//422
f 416//416 422//422 417//417
f 417//417 422//422 423//423
f 417//417 423//423 418//418
f 418//418 423//423 424//424
f 418//418 424//424 419//419
f 419//419 424//424 425//425
f 419//419 425//425 420//420
f 420//420 425//425 426//426
f 421//421 427//427 422//422
f 422//422 427//427 428//428
f 422//422 428//428 423//423
f 423//423 428//428 429//429
f 423//423 429//429 424//424
f 424//424 429//429 430//430
f 424//424 430//430 425//425
f 425//425 430//430 431//431
f 425//425 431//431 426//426
f 426//426 431//431 432//432
f 434//434 439//439 433//433
f 440//440 439//439 434//434
f 435//435 440//440 434//434
f 441//441 440//440 435//435
f 436//436 441//441 435//435
f 442//442 441//441 436//436
f 437//437 442//442 436//436
f 443//443 442//442 437//437
f 438//438 443//443 437//437
f 444//444 443//443 438//438
f 440//440 445//445 439//439
f 446//446 445//445 440//440
f 441//441 446//446 440//440
f 447//447 446//446 441//441
f 442//442 447//447 441//441
f 448//448 447//447 442//442
f 443//443 448//448 442//442
f 449//449 448//448 443//443
f 444//444 449//449 443//443
f 450//450 449//449 444//444
f 446//446 451//451 445//445
f 452//452 451//451 446//446
f 447//447 452//452 446//446
f 453//453 452//452 447//447
f 448//448 453//453 447//447
f 454//454 453//453 448//448
f 449//449 454//454 448//448
f 455//455 454//454 449//449
f 450//450 455//455 449//449
f 456//456 455//455 450//450
f 452//452 457//457 451//451
f 458//458 457//457 452//452
f 453//453 458//458 452//452
f 459//459 458//458 453//453
f 454//454 459//459 453//453
f 460//460 459//459 454//454
f 455//455 460//460 454//454
f 461//461 460//460 455//455
f 456//456 461//461 455//455
f 462//462 461//461 456//456
f 458//458 463//463 457//457
f 464//464 463//463 458//458
f 459//459 464//464 458//458
f 465//465 464//464 459//459
f 460//460 465//465 459//459
f 466//466 465//465 460//460
f 461//461 466//466 460//460
f 467//467 466//466 461//461
f 462//462 467//467 461//461
f 468//468 467//467 462//462
f 469//469 475//475 470//470
f 470//470 475//475 476//476
f 470//470 476//476 471//471
f 471//471 476//476 477//477
f 471//471 477//477 472//472
f 472//472 477//477 478//478
f 472//472 478//478 473//473
f 473//473 478//478 479//479
f 473//473 479//479 474//474
f 474//474 479//479 480//480
f 475//475 481//481 476//476
f 476//476 481//481 482//482
f 476//476 482//482 477//477
f 477//477 482//482 483//483
f 477//477 483//483 478//478
f 478//478 483//483 484//484
f 478//478 484//484 479//479
f 479//479 484//484 485//485
f 479//479 485//485 480//480
f 480//480 485//485 486//486
f 481//481 487//487 482//482
f 482//482 487//487 488//488
f 482//482 488//488 483//483
f 483//483 488//488 489//489
f 483//483 489//489 484//484
f 484//484 489//489 490//490
f 484//484 490//490 485//485
f 485//485 490//490 491//491
f 485//485 491//491 486//486
f 486//486 491//491 492//492
f 487//487 493//493 488//488
f 488//488 493//493 494//494
f 488//488 494//494 489//489
f 489//489 494//494 495//495
f 489//489 495//495 490//490
f 490//490 495//495 496//496
f 490//490 496//496 491//491
f 491//491 496//496 497//497
f 491//491 497//497 492//492
f 492//492 497//497 498//498
f 493//493 499//499 494//494
f 494//494 499//499 500//500
f 494//494 500//500 495//495
f 495//495 500//500 501//501
f 495//495 501//501 496//496
f 496//496 501//501 502//502
f 496//496 502//502 497//497
f 497//497 502//502 503//503
f 497//497 503//503 498//498
f 498//498 503//503 504//504
f 506//506 511//511 505//505
f 512//512 511//511 506//506
f 507//507 512//512 506//506
f 513//513 512//512 507//507
f 508//508 513//513 507//507
f 514//514 513//513 508//508
f 509//509 514//514 508//508
f 515//515 514//514 509//509
f 510//510 515//515 509//509
f 516//516 515//515 510//510
f 512//512 517//517 511//511
f 518//518 517//517 512//512
f 513//513 518//518 512//512
f 519//519 518//518 513//513
f 514//514 519//519 513//513
f 520//520 519//519 514//514
f 515//515 520//520 514//514
f 521//521 520//520 515//515
f 516//516 521//521 515//515
f 522//522 521//521 516//516
f 518//518 523//523 517//517
f 524//524 523//523 518//518
f 519//519 524//524 518//518
f 525//525 524//524 519//519
f 520//520 525//525 519//519
f 526//526 525//525 520//520
f 521//521 526//526 520//520
f 527//527 526//526 521//521
f 522//522 527//527 521//521
f 528//528 527//527 522//522
f 524//524 529//529 523//523
f 530//530 529//529 524//524
f 525//525 530//530 524//524
f 531//531 530//530 525//525
f 526//526 531//531 525//525
f 532//532 531//531 526//526
f 527//527 532//532 526//526
f 533//533 532//532 527//527
f 528//528 533//533 527//527
f 534//534 533//533 528//528
f 530//530 535//535 529//529
f 536//536 535//535 530//530
f 531//531 536//536 530//530
f 537//537 536//536 531//531
f 532//532 537//537 531//531
f 538//538 537//537 532//532
f 533//533 538//538 532//532
f 539//539 538//538 533//533
f 534//534 539//539 533//533
f 540//540 539//539 534//534
f 541//541 547//547 542//542
f 542//542 547//547 548//548
f 542//542 548//548 543//543
f 543//543 548//548 549//549
f 543//543 549//549 544//544
f 544//544 549//549 550//550
f 544//544 550//550 545//545
f 545//545 550//550 551//551
f 545//545 551//551 546//546
f 546//546 551//551 552//552
f 547//547 553//553 548//548
f 548//548 553//553 554//554
f 548//548 554//554 549//549
f 549//549 554//554 555//555
f 549//549 555//555 550//550
f 550//550 555//555 556//556
f 550//550 556//556 551//551
f 551//551 556//556 557//557
f 551//551 557//557 552//552
f 552//552 557//557 558//558
f 553//553 559//559 554//554
f 554//554 559//559 560//560
f 554//554 560//560 555//555
f 555//555 560//560 561//561
f 555//555 561//561 556//556
f 556//556 561//561 562//562
f 556//556 562//562 557//557
f 557//557 562//562 563//563
f 557//557 563//563 558//558
f 558//558 563//563 564//564
f 559//559 565//565 560//560
f 560//560 565//565 566//566
f 560//560 566//566 561//561
f 561//561 566//566 567//567
f 561//561 567//567 562//562
f 562//562 567//567 568//568
f 562//562 568//568 563//563
f 563//563 568//568 569//569
f 563//563 569//569 564//564
f 564//564 569//569 570//570
f 565//565 571//571 566//566
f 566//566 571//571 572//572
f 566//566 572//572 567//567
f 567//567 572//572 573//573
f 567//567 573//573 568//568
f 568//568 573//573 574//574
f 568//568 574//574 569//569
f 569//569 574//574 575//575
f 569//569 575//575 570//570
f 570//570 575//575 576//576
f 578//578 583//583 577//577
f 584//584 583//583 578//578
f 579//579 584//584 578//578
f 585//585 584//584 579//579
f 580//580 585//585 579//579
f 586//586 585//585 580//580
f 581//581 586//586 580//580
f 587//587 586//586 581//581
f 582//582 587//587 581//581
f 588//588 587//587 582//582
f 584//584 589//589 583//583
f 590//590 589//589 584//584
f 585//585 590//590 584//584
f 591//591 590//590 585//585
f 586//586 591//591 585//585
f 592//592 591//591 586//586
f 587//587 592//592 586//586
f 593//593 592//592 587//587
f 588//588 593//593 587//587
f 594//594 593//593 588//588
f 590//590 595//595 589//589
f 596//596 595//595 590//590
f 591//591 596//596 590//590
f 597//597 596//596 591//591
f 592//592 597//597 591//591
f 598//598 597//597 592//592
f 593//593 598//598 592//592
f 599//599 598//598 593//593
f 594//594 599//599 593//593
f 600//600 599//599 594//594
f 596//596 601//601 595//595
f 602//602 601//601 596//596
f 597//597 602//602 596//596
f 603//603 602//602 597//597
f 598//598 603//603 597//597
f 604//604 603//603 598//598
f 599//599 604//604 598//598
f 605//605 604//604 599//599
f 600//600 605//605 599//599
f 606//606 605//605 600//600
f 602//602 607//607 601//601
f 608//608 607//607 602//602
f 603//603 608//608 602//602
f 609//609 608//608 603//603
f 604//604 609//609 603//603
f 610//610 609//609 604//604
f 605//605 610//610 604//604
f 611//611 610//610 605//605
f 606//606 611//611 605//605
f 612//612 611//611 606//606
f 613//613 619//619 614//614
f 614//614 619//619 620//620
f 614//614 620//620 615//615
f 615//615 620//620 621//621
f 615//615 621//621 616//616
f 616//616 621//621 622//622
f 616//616 622//622 617//617
f 617//617 622//622 623//623
f 617//617 623//623 618//618
f 618//618 623//623 624//624
f 619//619 625//625 620//620
f 620//620 625//625 626//626
f 620//620 626//626 621//621
f 621//621 626//626 627//627
f 621//621 627//627 622//622
f 622//622 627//627 628//628
f 622//622 628//628 623//623
f 623//623 628//628 629//629
f 623//623 629//629 624//624
f 624//624 629//629 630//630
f 625//625 631//631 626//626
f 626//626 631//631 632//632
f 626//626 632//632 627//627
f 627//627 632//632 633//633
f 627//627 633//633 628//628
f 628//628 633//633 634//634
f 628//628 634//634 629//629
f 629//629 634//634 635//635
f 629//629 635//635 630//630
f 630//630 635//635 636//636
f 631//631 637//637 632//632
f 632//632 637//637 638//638
f 632//632 638//638 633//633
f 633//633 638//638 639//639
f 633//633 639//639 634//634
f 634//634 639//639 640//640
f 634//634 640//640 635//635
f 635//635 640//640 641//641
f 635//635 641//641 636//636
f 636//636 641//641 642//642
f 637//637 643//643 638//638
f 638//638 643//643 644//644
f 638//638 644//644 639//639
f 639//639 644//644 645//645
f 639//639 645//645 640//640
f 640//640 645//645 646//646
f 640//640 646//646 641//641
f 641//641 646//646 647//647
f 641//641 647//647 642//642
f 642//642 647//647 648//648
f 650//650 655//655 649//649
f 656//656 655//655 650//650
f 651//651 656//656 650//650
f 657//657 656//656 651//651
f 652//652 657//657 651//651
f 658//658 657//657 652//652
f 653//653 658//658 652//652
f 659//659 658//658 653//653
f 654//654 659//659 653//653
f 660//660 659//659 654//654
f 656//656 661//661 655//655
f 662//662 661//661 656//656
f 657//657 662//662 656//656
f 663//663 662//662 657//657
f 658//658 663//663 657//657
f 664//664 663//663 658//658
f 659//659 664//664 658//658
f 665//665 664//664 659//659
f 660//660 665//665 659//659
f 666//666 665//665 660//660
f 662//662 667//667 661//661
f 668//668 667//667 662//662
f 663//663 668//668 662//662
f 669//669 668//668 663//663
f 664//664 669//669 663//663
f 670//670 669//669 664//664
f 665//665 670//670 664//664
f 671//671 670//670 665//665
f 666//666 671//671 665//665
f 672//672 671//671 666//666
f 668//668 673//673 667//667
f 674//674 673//673 668//668
f 669//669 674//674 668//668
f 675//675 674//674 669//669
f 670//670 675//675 669//669
f 676//676 675//675 670//670
f 671//671 676//676 670//670
f 677//677 676//676 671//671
f 672//672 677//677 671//671
f 678//678 677//677 672//672
f 674//674 679//679 673//673
f 680//680 679//679 674//674
f 675//675 680//680 674//674
f 681//681 680//680 675//675
f 676//676 681//681 675//675
f 682//682 681//681 676//676
f 677//677 682//682 676//676
f 683//683 682//682 677//677
f 678//678 683//683 677//677
f 684//684 683//683 678//678
f 685//685 691//691 686//686
f 686//686 691//691 692//692
f 686//686 692//692 687//687
f 687//687 692//692 693//693
f 687//687 693//693 688//688
f 688//688 693//693 694//694
f 688//688 694//694 689//689
f 689//689 694//694 695//695
f 689//689 695//695 690//690
f 690//690 695//695 696//696
f 691//691 697//697 692//692
f 692//692 697//697 698//698
f 692//692 698//698 693//693
f 693//693 698//698 699//699
f 693//693 699//699 694//694
f 694//694 699//699 700//700
f 694//694 700//700 695//695
f 695//695 700//700 701//701
f 695//695 701//701 696//696
f 696//696 701//701 702//702
f 697//697 703//703 698//698
f 698//698 703//703 704//704
f 698//698 704//704 699//699
f 699//699 704//704 705//705
f 699//699 705//705 700//700
f 700//700 705//705 706//706
f 700//700 706//706 701//701
f 701//701 706//706 707//707
f 701//701 707//707 702//702
f 702//702 707//707 708//708
f 703//703 709//709 704//704
f 704//704 709//709 710//710
f 704//704 710//710 705//705
f 705//705 710//710 711//711
f 705//705 711//711 706//706
f 706//706 711//711 712//712
f 706//706 712//712 707//707
f 707//707 712//712 713//713
f 707//707 713//713 708//708
f 708//708 713//713 714//714
f 709//709 715//715 710//710
f 710//710 715//715 716//716
f 710//710 716//716 711//711
f 711//711 716//716 717//717
f 711//711 717//717 712//712
f 712//712 717//717 718//718
f 712//712 718//718 713//713
f 713//713 718//718 719//719
f 713//713 719//719 714//714
f 714//714 719//719 720//720
f 722//722 727//727 721//721
f 728//728 727//727 722//722
f 723//723 728//728 722//722
f 729//729 728//728 723//723
f 724//724 729//729 723//723
f 730//730 729//729 724//724
f 725//725 730//730 724//724
f 731//731 730//730 725//725
f 726//726 731//731 725//725
f 732//732 731//731 726//726
f 728//728 733//733 727//727
f 734//734 733//733 728//728
f 729//729 734//734 728//728
f 735//735 734//734 729//729
f 730//730 735//735 729//729
f 736//736 735//735 730//730
f 731//731 736//736 730//730
f 737//737 736//736 731//731
f 732//732 737//737 731//731
f 738//738 737//737 732//732
f 734//734 739//739 733//733
f 740//740 739//739 734//734
f 735//735 740//740 734//734
f 741//741 740//740 735//735
f 736//736 741//741 735//735
f 742//742 741//741 736//736
f 737//737 742//742 736//736
f 743//743 742//742 737//737
f 738//738 743//743 737//737
f 744//744 743//743 738//738
f 740//740 745//745 739//739
f 746//746 745//745 740//740
f 741//741 746//746 740//740
f 747//747 746//746 741//741
f 742//742 747//747 741//741
f 748//748 747//747 742//742
f 743//743 748//748 742//742
f 749//749 748//748 743//743
f 744//744 749//749 743//743
f 750//750 749//749 744//744
f 746//746 751//751 745//745
f 752//752 751//751 746//746
f 747//747 752//752 746//746
f 753//753 752//752 747//747
f 748//748 753//753 747//747
f 754//754 753//753 748//748
f 749//749 754//754 748//748
f 755//755 754//754 749//749
f 750//750 755//755 749//749
f 756//756 755//755 750//750
f 757//757 763//763 758//758
f 758//758 763//763 764//764
f 758//758 764//764 759//759
f 759//759 764//764 765//765
f 759//759 765//765 760//760
f 760//760 765//765 766//766
f 760//760 766//766 761//761
f 761//761 766//766 767//767
f 761//761 767//767 762//762
f 762//762 767//767 768//768
f 763//763 769//769 764//764
f 764//764 769//769 770//770
f 764//764 770//770 765//765
f 765//765 770//770 771//771
f 765//765 771//771 766//766
f 766//766 771//771 772//772
f 766//766 772//772 767//767
f 767//767 772//772 773//773
f 767//767 773//773 768//768
f 768//768 773//773 774//774
f 769//769 775//775 770//770
f 770//770 775//775 776//776
f 770//770 776//776 771//771
f 771//771 776//776 777//777
f 771//771 777//777 772//772
f 772//772 777//777 778//778
f 772//772 778//778 773//773
f 773//773 778//778 779//779
f 773//773 779//779 774//774
f 774//774 779//779 780//780
f 775//775 781//781 776//776
f 776//776 781//781 782//782
f 776//776 782//782 777//777
f 777//777 782//782 783//783
f 777//777 783//783 778//778
f 778//778 783//783 784//784
f 778//778 784//784 779//779
f 779//779 784//784 785//785
f 779//779 785//785 780//780
f 780//780 785//785 786//786
f 781//781 787//787 782//782
f 782//782 787//787 788//788
f 782//782 788//788 783//783
f 783//783 788//788 789//789
f 783//783 789//789 784//784
f 784//784 789//789 790//790
f 784//784 790//790 785//785
f 785//785 790//790 791//791
f 785//785 791//791 786//786
f 786//786 791//791 792//792
f 794//794 799//799 793//793
f 800//800 799//799 794//794
f 795//795 800//800 794//794
f 801//801 800//800 795//795
f 796//796 801//801 795//795
f 802//802 801//801 796//796
f 797//797 802//802 796//796
f 803//803 802//802 797//797
f 798//798 803//803 797//797
f 804//804 803//803 798//798
f 800//800 805//805 799//799
f 806//806 805//805 800//800
f 801//801 806//806 800//800
f 807//807 806//806 801//801
f 802//802 807//807 801//801
f 808//808 807//807 802//802
f 803//803 808//808 802//802
f 809//809 808//808 803//803
f 804//804 809//809 803//803
f 810//810 809//809 804//804
f 806//806 811//811 805//805
f 812//812 811//811 806//806
f 807//807 812//812 806//806
f 813//813 812//812 807//807
f 808//808 813//813 807//807
f 814//814 813//813 808//808
f 809//809 814//814 808//808
f 815//815 814//814 809//809
f 810//810 815//815 809//809
f 816//816 815//815 810//810
f 812//812 817//817 811//811
f 818//818 817//817 812//812
f 813//813 818//818 812//812
f 819//819 818//818 813//813
f 814//814 819//819 813//813
f 820//820 819//819 814//814
f 815//815 820//820 814//814
f 821//821 820//820 815//815
f 816//816 821//821 815//815
f 822//822 821//821 816//816
f 818//818 823//823 817//817
f 824//824 823//823 818//818
f 819//819 824//824 818//818
f 825//825 824//824 819//819
f 820//820 825//825 819//819
f 826//826 825//825 820//820
f 821//821 826//826 820//820
f 827//827 826//826 821//821
f 822//822 827//827 821//821
f 828//828 827//827 822//822
f 829//829 835//835 830//830
f 830//830 835//835 836//836
f 830//830 836//836 831//831
f 831//831 836//836 837//837
f 831//831 837//837 832//832
f 832//832 837//837 838//838
f 832//832 838//838 833//833
f 833//833 838//838 839//839
f 833//833 839//839 834//834
f 834//834 839//839 840//840
f 835//835 841//841 836//836
f 836//836 841//841 842//842
f 836//836 842//842 837//837
f 837//837 842//842 843//843
f 837//837 843//843 838//838
f 838//838 843//843 844//844
f 838//838 844//844 839//839
f 839//839 844//844 845//845
f 839//839 845//845 840//840
f 840//840 845//845 846//846
f 841//841 847//847 842//842
f 842//842 847//847 848//848
f 842//842 848//848 843//843
f 843//843 848//848 849//849
f 843//843 849//849 844//844
f 844//844 849//849 850//850
f 844//844 850//850 845//845
f 845//845 850//850 851//851
f 845//845 851//851 846//846
f 846//846 851//851 852//852
f 847//847 853//853 848//848
f 848//848 853//853 854//854
f 848//848 854//854 849//849
f 849//849 854//854 855//855
f 849//849 855//855 850//850
f 850//850 855//855 856//856
f 850//850 856//856 851//851
f 851//851 856//856 857//857
f 851//851 857//857 852//852
f 852//852 857//857 858//858
f 853//853 859//859 854//854
f 854//854 859//859 860//860
f 854//854 860//860 855//855
f 855//855 860//860 861//861
f 855//855 861//861 856//856
f 856//856 861//861 862//862
f 856//856 862//862 857//857
f 857//857 862//862 863//863
f 857//857 863//863 858//858
f 858//858 863//863 864//864
o station-dishes_oakLight
usemtl oakLight
v -0.376528 0.356301 -0.376528
v -0.379375 0.354365 -0.368750
v -0.380664 0.353488 -0.358125
v -0.380664 0.353488 0.358125
v -0.379375 0.354365 0.368750
v -0.376528 0.356301 0.376528
v -0.379375 0.361590 -0.379375
v -0.384151 0.359966 -0.371138
v -0.386635 0.359122 -0.358125
v -0.386635 0.359122 0.358125
v -0.384151 0.359966 0.371138
v -0.379375 0.361590 0.379375
v -0.380664 0.368815 -0.380664
v -0.386635 0.368815 -0.372380
v -0.390000 0.368815 -0.358125
v -0.390000 0.368815 0.358125
v -0.386635 0.368815 0.372380
v -0.380664 0.368815 0.380664
v -0.380664 0.376465 -0.380664
v -0.386635 0.376465 -0.372380
v -0.390000 0.376465 -0.358125
v -0.390000 0.376465 0.358125
v -0.386635 0.376465 0.372380
v -0.380664 0.376465 0.380664
v -0.379375 0.383690 -0.379375
v -0.384151 0.385314 -0.371138
v -0.386635 0.386158 -0.358125
v -0.386635 0.386158 0.358125
v -0.384151 0.385314 0.371138
v -0.379375 0.383690 0.379375
v -0.376528 0.388979 -0.376528
v -0.379375 0.390915 -0.368750
v -0.380664 0.391792 -0.358125
v -0.380664 0.391792 0.358125
v -0.379375 0.390915 0.368750
v -0.376528 0.388979 0.376528
v 0.376528 0.356301 -0.376528
v 0.379375 0.354365 -0.368750
v 0.380664 0.353488 -0.358125
v 0.380664 0.353488 0.358125
v 0.379375 0.354365 0.368750
v 0.376528 0.356301 0.376528
v 0.379375 0.361590 -0.379375
v 0.384151 0.359966 -0.371138
v 0.386635 0.359122 -0.358125
v 0.386635 0.359122 0.358125
v 0.384151 0.359966 0.371138
v 0.379375 0.361590 0.379375
v 0.380664 0.368815 -0.380664
v 0.386635 0.368815 -0.372380
v 0.390000 0.368815 -0.358125
v 0.390000 0.368815 0.358125
v 0.386635 0.368815 0.372380
v 0.380664 0.368815 0.380664
v 0.380664 0.376465 -0.380664
v 0.386635 0.376465 -0.372380
v 0.390000 0.376465 -0.358125
v 0.390000 0.376465 0.358125
v 0.386635 0.376465 0.372380
v 0.380664 0.376465 0.380664
v 0.379375 0.383690 -0.379375
v 0.384151 0.385314 -0.371138
v 0.386635 0.386158 -0.358125
v 0.386635 0.386158 0.358125
v 0.384151 0.385314 0.371138
v 0.379375 0.383690 0.379375
v 0.376528 0.388979 -0.376528
v 0.379375 0.390915 -0.368750
v 0.380664 0.391792 -0.358125
v 0.380664 0.391792 0.358125
v 0.379375 0.390915 0.368750
v 0.376528 0.388979 0.376528
v -0.376528 0.356301 -0.376528
v -0.368750 0.354365 -0.379375
v -0.358125 0.353488 -0.380664
v 0.358125 0.353488 -0.380664
v 0.368750 0.354365 -0.379375
v 0.376528 0.356301 -0.376528
v -0.379375 0.354365 -0.368750
v -0.371138 0.351117 -0.371138
v -0.358125 0.349428 -0.372380
v 0.358125 0.349428 -0.372380
v 0.371138 0.351117 -0.371138
v 0.379375 0.354365 -0.368750
v -0.380664 0.353488 -0.358125
v -0.372380 0.349428 -0.358125
v -0.358125 0.347140 -0.358125
v 0.358125 0.347140 -0.358125
v 0.372380 0.349428 -0.358125
v 0.380664 0.353488 -0.358125
v -0.380664 0.353488 0.358125
v -0.372380 0.349428 0.358125
v -0.358125 0.347140 0.358125
v 0.358125 0.347140 0.358125
v 0.372380 0.349428 0.358125
v 0.380664 0.353488 0.358125
v -0.379375 0.354365 0.368750
v -0.371138 0.351117 0.371138
v -0.358125 0.349428 0.372380
v 0.358125 0.349428 0.372380
v 0.371138 0.351117 0.371138
v 0.379375 0.354365 0.368750
v -0.376528 0.356301 0.376528
v -0.368750 0.354365 0.379375
v -0.358125 0.353488 0.380664
v 0.358125 0.353488 0.380664
v 0.368750 0.354365 0.379375
v 0.376528 0.356301 0.376528
v -0.376528 0.388979 -0.376528
v -0.368750 0.390915 -0.379375
v -0.358125 0.391792 -0.380664
v 0.358125 0.391792 -0.380664
v 0.368750 0.390915 -0.379375
v 0.376528 0.388979 -0.376528
v -0.379375 0.390915 -0.368750
v -0.371138 0.394163 -0.371138
v -0.358125 0.395852 -0.372380
v 0.358125 0.395852 -0.372380
v 0.371138 0.394163 -0.371138
v 0.379375 0.390915 -0.368750
v -0.380664 0.391792 -0.358125
v -0.372380 0.395852 -0.358125
v -0.358125 0.398140 -0.358125
v 0.358125 0.398140 -0.358125
v 0.372380 0.395852 -0.358125
v 0.380664 0.391792 -0.358125
v -0.380664 0.391792 0.358125
v -0.372380 0.395852 0.358125
v -0.358125 0.398140 0.358125
v 0.358125 0.398140 0.358125
v 0.372380 0.395852 0.358125
v 0.380664 0.391792 0.358125
v -0.379375 0.390915 0.368750
v -0.371138 0.394163 0.371138
v -0.358125 0.395852 0.372380
v 0.358125 0.395852 0.372380
v 0.371138 0.394163 0.371138
v 0.379375 0.390915 0.368750
v -0.376528 0.388979 0.376528
v -0.368750 0.390915 0.379375
v -0.358125 0.391792 0.380664
v 0.358125 0.391792 0.380664
v 0.368750 0.390915 0.379375
v 0.376528 0.388979 0.376528
v -0.376528 0.356301 -0.376528
v -0.379375 0.361590 -0.379375
v -0.380664 0.368815 -0.380664
v -0.380664 0.376465 -0.380664
v -0.379375 0.383690 -0.379375
v -0.376528 0.388979 -0.376528
v -0.368750 0.354365 -0.379375
v -0.371138 0.359966 -0.384151
v -0.372380 0.368815 -0.386635
v -0.372380 0.376465 -0.386635
v -0.371138 0.385314 -0.384151
v -0.368750 0.390915 -0.379375
v -0.358125 0.353488 -0.380664
v -0.358125 0.359122 -0.386635
v -0.358125 0.368815 -0.390000
v -0.358125 0.376465 -0.390000
v -0.358125 0.386158 -0.386635
v -0.358125 0.391792 -0.380664
v 0.358125 0.353488 -0.380664
v 0.358125 0.359122 -0.386635
v 0.358125 0.368815 -0.390000
v 0.358125 0.376465 -0.390000
v 0.358125 0.386158 -0.386635
v 0.358125 0.391792 -0.380664
v 0.368750 0.354365 -0.379375
v 0.371138 0.359966 -0.384151
v 0.372380 0.368815 -0.386635
v 0.372380 0.376465 -0.386635
v 0.371138 0.385314 -0.384151
v 0.368750 0.390915 -0.379375
v 0.376528 0.356301 -0.376528
v 0.379375 0.361590 -0.379375
v 0.380664 0.368815 -0.380664
v 0.380664 0.376465 -0.380664
v 0.379375 0.383690 -0.379375
v 0.376528 0.388979 -0.376528
v -0.376528 0.356301 0.376528
v -0.379375 0.361590 0.379375
v -0.380664 0.368815 0.380664
v -0.380664 0.376465 0.380664
v -0.379375 0.383690 0.379375
v -0.376528 0.388979 0.376528
v -0.368750 0.354365 0.379375
v -0.371138 0.359966 0.384151
v -0.372380 0.368815 0.386635
v -0.372380 0.376465 0.386635
v -0.371138 0.385314 0.384151
v -0.368750 0.390915 0.379375
v -0.358125 0.353488 0.380664
v -0.358125 0.359122 0.386635
v -0.358125 0.368815 0.390000
v -0.358125 0.376465 0.390000
v -0.358125 0.386158 0.386635
v -0.358125 0.391792 0.380664
v 0.358125 0.353488 0.380664
v 0.358125 0.359122 0.386635
v 0.358125 0.368815 0.390000
v 0.358125 0.376465 0.390000
v 0.358125 0.386158 0.386635
v 0.358125 0.391792 0.380664
v 0.368750 0.354365 0.379375
v 0.371138 0.359966 0.384151
v 0.372380 0.368815 0.386635
v 0.372380 0.376465 0.386635
v 0.371138 0.385314 0.384151
v 0.368750 0.390915 0.379375
v 0.376528 0.356301 0.376528
v 0.379375 0.361590 0.379375
v 0.380664 0.368815 0.380664
v 0.380664 0.376465 0.380664
v 0.379375 0.383690 0.379375
v 0.376528 0.388979 0.376528
vn -0.490135 -0.720787 -0.490135
vn -0.534082 -0.785415 -0.312858
vn -0.562304 -0.826917 -0.004779
vn -0.562310 -0.826926 0.001005
vn -0.549577 -0.808201 0.211606
vn -0.496038 -0.729467 0.470983
vn -0.603891 -0.520222 -0.603891
vn -0.796314 -0.500194 -0.340132
vn -0.809490 -0.587120 -0.003997
vn -0.890792 -0.454403 0.002811
vn -0.833341 -0.457092 0.310822
vn -0.642635 -0.441589 0.626115
vn -0.694383 -0.188854 -0.694383
vn -0.911984 -0.180931 -0.368170
vn -0.970846 -0.239669 -0.004140
vn -0.990796 -0.135286 0.004473
vn -0.918203 -0.143882 0.369054
vn -0.693082 -0.136034 0.707907
vn -0.704802 0.080667 -0.704802
vn -0.918203 0.143882 -0.369054
vn -0.990796 0.135286 -0.004473
vn -0.970846 0.239669 0.004140
vn -0.911984 0.180931 0.368170
vn -0.707907 0.136034 0.693082
vn -0.656445 0.371698 -0.656445
vn -0.833341 0.457092 -0.310822
vn -0.890792 0.454403 -0.002811
vn -0.809490 0.587120 0.003997
vn -0.796314 0.500194 0.340132
vn -0.626115 0.441589 0.642635
vn -0.503175 0.702588 -0.503175
vn -0.552899 0.792186 -0.258350
vn -0.602426 0.798172 -0.002325
vn -0.522402 0.852696 0.002237
vn -0.533893 0.805851 0.256051
vn -0.470983 0.729467 0.496038
vn 0.470983 -0.729467 -0.496038
vn 0.533893 -0.805851 -0.256051
vn 0.522402 -0.852696 -0.002237
vn 0.602426 -0.798172 0.002325
vn 0.552899 -0.792186 0.258350
vn 0.503175 -0.702588 0.503175
vn 0.626115 -0.441589 -0.642635
vn 0.796314 -0.500194 -0.340132
vn 0.809490 -0.587120 -0.003997
vn 0.890792 -0.454403 0.002811
vn 0.833341 -0.457092 0.310822
vn 0.656445 -0.371698 0.656445
vn 0.707907 -0.136034 -0.693082
vn 0.911984 -0.180931 -0.368170
vn 0.970846 -0.239669 -0.004140
vn 0.990796 -0.135286 0.004473
vn 0.918203 -0.143882 0.369054
vn 0.704802 -0.080667 0.704802
vn 0.693082 0.136034 -0.707907
vn 0.918203 0.143882 -0.369054
vn 0.990796 0.135286 -0.004473
vn 0.970846 0.239669 0.004140
vn 0.911984 0.180931 0.368170
vn 0.694383 0.188854 0.694383
vn 0.642635 0.441589 -0.626115
vn 0.833341 0.457092 -0.310822
vn 0.890792 0.454403 -0.002811
vn 0.809490 0.587120 0.003997
vn 0.796314 0.500194 0.340132
vn 0.603891 0.520222 0.603891
vn 0.496038 0.729467 -0.470983
vn 0.549577 0.808201 -0.211606
vn 0.562310 0.826926 -0.001005
vn 0.562304 0.826917 0.004779
vn 0.534082 0.785415 0.312858
vn 0.490135 0.720787 0.490135
vn -0.490135 -0.720787 -0.490135
vn -0.312858 -0.785415 -0.534082
vn -0.004779 -0.826917 -0.562304
vn 0.001005 -0.826926 -0.562310
vn 0.211606 -0.808201 -0.549577
vn 0.470983 -0.729467 -0.496038
vn -0.534082 -0.785415 -0.312858
vn -0.268668 -0.925005 -0.268668
vn -0.003183 -0.948096 -0.317969
vn 0.002089 -0.973289 -0.229575
vn 0.238736 -0.941281 -0.238736
vn 0.533893 -0.805851 -0.256051
vn -0.562304 -0.826917 -0.004779
vn -0.317969 -0.948096 -0.003183
vn -0.005975 -0.999964 -0.005975
vn 0.001620 -0.999997 -0.001620
vn 0.229575 -0.973289 -0.002089
vn 0.522402 -0.852696 -0.002237
vn -0.562310 -0.826926 0.001005
vn -0.229575 -0.973289 0.002089
vn -0.001620 -0.999997 0.001620
vn 0.005975 -0.999964 0.005975
vn 0.317969 -0.948096 0.003183
vn 0.602426 -0.798172 0.002325
vn -0.549577 -0.808201 0.211606
vn -0.238736 -0.941281 0.238736
vn -0.002089 -0.973289 0.229575
vn 0.003183 -0.948096 0.317969
vn 0.268668 -0.925005 0.268668
vn 0.552899 -0.792186 0.258350
vn -0.496038 -0.729467 0.470983
vn -0.256051 -0.805851 0.533893
vn -0.002237 -0.852696 0.522402
vn 0.002325 -0.798172 0.602426
vn 0.258350 -0.792186 0.552899
vn 0.503175 -0.702588 0.503175
vn -0.503175 0.702588 -0.503175
vn -0.258350 0.792186 -0.552899
vn -0.002325 0.798172 -0.602426
vn 0.002237 0.852696 -0.522402
vn 0.256051 0.805851 -0.533893
vn 0.496038 0.729467 -0.470983
vn -0.552899 0.792186 -0.258350
vn -0.268668 0.925005 -0.268668
vn -0.003183 0.948096 -0.317969
vn 0.002089 0.973289 -0.229575
vn 0.238736 0.941281 -0.238736
vn 0.549577 0.808201 -0.211606
vn -0.602426 0.798172 -0.002325
vn -0.317969 0.948096 -0.003183
vn -0.005975 0.999964 -0.005975
vn 0.001620 0.999997 -0.001620
vn 0.229575 0.973289 -0.002089
vn 0.562310 0.826926 -0.001005
vn -0.522402 0.852696 0.002237
vn -0.229575 0.973289 0.002089
vn -0.001620 0.999997 0.001620
vn 0.005975 0.999964 0.005975
vn 0.317969 0.948096 0.003183
vn 0.562304 0.826917 0.004779
vn -0.533893 0.805851 0.256051
vn -0.238736 0.941281 0.238736
vn -0.002089 0.973289 0.229575
vn 0.003183 0.948096 0.317969
vn 0.268668 0.925005 0.268668
vn 0.534082 0.785415 0.312858
vn -0.470983 0.729467 0.496038
vn -0.211606 0.808201 0.549577
vn -0.001005 0.826926 0.562310
vn 0.004779 0.826917 0.562304
vn 0.312858 0.785415 0.534082
vn 0.490135 0.720787 0.490135
vn -0.490135 -0.720787 -0.490135
vn -0.603891 -0.520222 -0.603891
vn -0.694383 -0.188854 -0.694383
vn -0.704802 0.080667 -0.704802
vn -0.656445 0.371698 -0.656445
vn -0.503175 0.702588 -0.503175
vn -0.312858 -0.785415 -0.534082
vn -0.340132 -0.500194 -0.796314
vn -0.368170 -0.180931 -0.911984
vn -0.369054 0.143882 -0.918203
vn -0.310822 0.457092 -0.833341
vn -0.258350 0.792186 -0.552899
vn -0.004779 -0.826917 -0.562304
vn -0.003997 -0.587120 -0.809490
vn -0.004140 -0.239669 -0.970846
vn -0.004473 0.135286 -0.990796
vn -0.002811 0.454403 -0.890792
vn -0.002325 0.798172 -0.602426
vn 0.001005 -0.826926 -0.562310
vn 0.002811 -0.454403 -0.890792
vn 0.004473 -0.135286 -0.990796
vn 0.004140 0.239669 -0.970846
vn 0.003997 0.587120 -0.809490
vn 0.002237 0.852696 -0.522402
vn 0.211606 -0.808201 -0.549577
vn 0.310822 -0.457092 -0.833341
vn 0.369054 -0.143882 -0.918203
vn 0.368170 0.180931 -0.911984
vn 0.340132 0.500194 -0.796314
vn 0.256051 0.805851 -0.533893
vn 0.470983 -0.729467 -0.496038
vn 0.626115 -0.441589 -0.642635
vn 0.707907 -0.136034 -0.693082
vn 0.693082 0.136034 -0.707907
vn 0.642635 0.441589 -0.626115
vn 0.496038 0.729467 -0.470983
vn -0.496038 -0.729467 0.470983
vn -0.642635 -0.441589 0.626115
vn -0.693082 -0.136034 0.707907
vn -0.707907 0.136034 0.693082
vn -0.626115 0.441589 0.642635
vn -0.470983 0.729467 0.496038
vn -0.256051 -0.805851 0.533893
vn -0.340132 -0.500194 0.796314
vn -0.368170 -0.180931 0.911984
vn -0.369054 0.143882 0.918203
vn -0.310822 0.457092 0.833341
vn -0.211606 0.808201 0.549577
vn -0.002237 -0.852696 0.522402
vn -0.003997 -0.587120 0.809490
vn -0.004140 -0.239669 0.970846
vn -0.004473 0.135286 0.990796
vn -0.002811 0.454403 0.890792
vn -0.001005 0.826926 0.562310
vn 0.002325 -0.798172 0.602426
vn 0.002811 -0.454403 0.890792
vn 0.004473 -0.135286 0.990796
vn 0.004140 0.239669 0.970846
vn 0.003997 0.587120 0.809490
vn 0.004779 0.826917 0.562304
vn 0.258350 -0.792186 0.552899
vn 0.310822 -0.457092 0.833341
vn 0.369054 -0.143882 0.918203
vn 0.368170 0.180931 0.911984
vn 0.340132 0.500194 0.796314
vn 0.312858 0.785415 0.534082
vn 0.503175 -0.702588 0.503175
vn 0.656445 -0.371698 0.656445
vn 0.704802 -0.080667 0.704802
vn 0.694383 0.188854 0.694383
vn 0.603891 0.520222 0.603891
vn 0.490135 0.720787 0.490135
f 866//866 871//871 865//865
f 872//872 871//871 866//866
f 867//867 872//872 866//866
f 873//873 872//872 867//867
f 868//868 873//873 867//867
f 874//874 873//873 868//868
f 869//869 874//874 868//868
f 875//875 874//874 869//869
f 870//870 875//875 869//869
f 876//876 875//875 870//870
f 872//872 877//877 871//871
f 878//878 877//877 872//872
f 873//873 878//878 872//872
f 879//879 878//878 873//873
f 874//874 879//879 873//873
f 880//880 879//879 874//874
f 875//875 880//880 874//874
f 881//881 880//880 875//875
f 876//876 881//881 875//875
f 882//882 881//881 876//876
f 878//878 883//883 877//877
f 884//884 883//883 878//878
f 879//879 884//884 878//878
f 885//885 884//884 879//879
f 880//880 885//885 879//879
f 886//886 885//885 880//880
f 881//881 886//886 880//880
f 887//887 886//886 881//881
f 882//882 887//887 881//881
f 888//888 887//887 882//882
f 884//884 889//889 883//883
f 890//890 889//889 884//884
f 885//885 890//890 884//884
f 891//891 890//890 885//885
f 886//886 891//891 885//885
f 892//892 891//891 886//886
f 887//887 892//892 886//886
f 893//893 892//892 887//887
f 888//888 893//893 887//887
f 894//894 893//893 888//888
f 890//890 895//895 889//889
f 896//896 895//895 890//890
f 891//891 896//896 890//890
f 897//897 896//896 891//891
f 892//892 897//897 891//891
f 898//898 897//897 892//892
f 893//893 898//898 892//892
f 899//899 898//898 893//893
f 894//894 899//899 893//893
f 900//900 899//899 894//894
f 901//901 907//907 902//902
f 902//902 907//907 908//908
f 902//902 908//908 903//903
f 903//903 908//908 909//909
f 903//903 909//909 904//904
f 904//904 909//909 910//910
f 904//904 910//910 905//905
f 905//905 910//910 911//911
f 905//905 911//911 906//906
f 906//906 911//911 912//912
f 907//907 913//913 908//908
f 908//908 913//913 914//914
f 908//908 914//914 909//909
f 909//909 914//914 915//915
f 909//909 915//915 910//910
f 910//910 915//915 916//916
f 910//910 916//916 911//911
f 911//911 916//916 917//917
f 911//911 917//917 912//912
f 912//912 917//917 918//918
f 913//913 919//919 914//914
f 914//914 919//919 920//920
f 914//914 920//920 915//915
f 915//915 920//920 921//921
f 915//915 921//921 916//916
f 916//916 921//921 922//922
f 916//916 922//922 917//917
f 917//917 922//922 923//923
f 917//917 923//923 918//918
f 918//918 923//923 924//924
f 919//919 925//925 920//920
f 920//920 925//925 926//926
f 920//920 926//926 921//921
f 921//921 926//926 927//927
f 921//921 927//927 922//922
f 922//922 927//927 928//928
f 922//922 928//928 923//923
f 923//923 928//928 929//929
f 923//923 929//929 924//924
f 924//924 929//929 930//930
f 925//925 931//931 926//926
f 926//926 931//931 932//932
f 926//926 932//932 927//927
f 927//927 932//932 933//933
f 927//927 933//933 928//928
f 928//928 933//933 934//934
f 928//928 934//934 929//929
f 929//929 934//934 935//935
f 929//929 935//935 930//930
f 930//930 935//935 936//936
f 938//938 943//943 937//937
f 944//944 943//943 938//938
f 939//939 944//944 938//938
f 945//945 944//944 939//939
f 940//940 945//945 939//939
f 946//946 945//945 940//940
f 941//941 946//946 940//940
f 947//947 946//946 941//941
f 942//942 947//947 941//941
f 948//948 947//947 942//942
f 944//944 949//949 943//943
f 950//950 949//949 944//944
f 945//945 950//950 944//944
f 951//951 950//950 945//945
f 946//946 951//951 945//945
f 952//952 951//951 946//946
f 947//947 952//952 946//946
f 953//953 952//952 947//947
f 948//948 953//953 947//947
f 954//954 953//953 948//948
f 950//950 955//955 949//949
f 956//956 955//955 950//950
f 951//951 956//956 950//950
f 957//957 956//956 951//951
f 952//952 957//957 951//951
f 958//958 957//957 952//952
f 953//953 958//958 952//952
f 959//959 958//958 953//953
f 954//954 959//959 953//953
f 960//960 959//959 954//954
f 956//956 961//961 955//955
f 962//962 961//961 956//956
f 957//957 962//962 956//956
f 963//963 962//962 957//957
f 958//958 963//963 957//957
f 964//964 963//963 958//958
f 959//959 964//964 958//958
f 965//965 964//964 959//959
f 960//960 965//965 959//959
f 966//966 965//965 960//960
f 962//962 967//967 961//961
f 968//968 967//967 962//962
f 963//963 968//968 962//962
f 969//969 968//968 963//963
f 964//964 969//969 963//963
f 970//970 969//969 964//964
f 965//965 970//970 964//964
f 971//971 970//970 965//965
f 966//966 971//971 965//965
f 972//972 971//971 966//966
f 973//973 979//979 974//974
f 974//974 979//979 980//980
f 974//974 980//980 975//975
f 975//975 980//980 981//981
f 975//975 981//981 976//976
f 976//976 981//981 982//982
f 976//976 982//982 977//977
f 977//977 982//982 983//983
f 977//977 983//983 978//978
f 978//978 983//983 984//984
f 979//979 985//985 980//980
f 980//980 985//985 986//986
f 980//980 986//986 981//981
f 981//981 986//986 987//987
f 981//981 987//987 982//982
f 982//982 987//987 988//988
f 982//982 988//988 983//983
f 983//983 988//988 989//989
f 983//983 989//989 984//984
f 984//984 989//989 990//990
f 985//985 991//991 986//986
f 986//986 991//991 992//992
f 986//986 992//992 987//987
f 987//987 992//992 993//993
f 987//987 993//993 988//988
f 988//988 993//993 994//994
f 988//988 994//994 989//989
f 989//989 994//994 995//995
f 989//989 995//995 990//990
f 990//990 995//995 996//996
f 991//991 997//997 992//992
f 992//992 997//997 998//998
f 992//992 998//998 993//993
f 993//993 998//998 999//999
f 993//993 999//999 994//994
f 994//994 999//999 1000//1000
f 994//994 1000//1000 995//995
f 995//995 1000//1000 1001//1001
f 995//995 1001//1001 996//996
f 996//996 1001//1001 1002//1002
f 997//997 1003//1003 998//998
f 998//998 1003//1003 1004//1004
f 998//998 1004//1004 999//999
f 999//999 1004//1004 1005//1005
f 999//999 1005//1005 1000//1000
f 1000//1000 1005//1005 1006//1006
f 1000//1000 1006//1006 1001//1001
f 1001//1001 1006//1006 1007//1007
f 1001//1001 1007//1007 1002//1002
f 1002//1002 1007//1007 1008//1008
f 1010//1010 1015//1015 1009//1009
f 1016//1016 1015//1015 1010//1010
f 1011//1011 1016//1016 1010//1010
f 1017//1017 1016//1016 1011//1011
f 1012//1012 1017//1017 1011//1011
f 1018//1018 1017//1017 1012//1012
f 1013//1013 1018//1018 1012//1012
f 1019//1019 1018//1018 1013//1013
f 1014//1014 1019//1019 1013//1013
f 1020//1020 1019//1019 1014//1014
f 1016//1016 1021//1021 1015//1015
f 1022//1022 1021//1021 1016//1016
f 1017//1017 1022//1022 1016//1016
f 1023//1023 1022//1022 1017//1017
f 1018//1018 1023//1023 1017//1017
f 1024//1024 1023//1023 1018//1018
f 1019//1019 1024//1024 1018//1018
f 1025//1025 1024//1024 1019//1019
f 1020//1020 1025//1025 1019//1019
f 1026//1026 1025//1025 1020//1020
f 1022//1022 1027//1027 1021//1021
f 1028//1028 1027//1027 1022//1022
f 1023//1023 1028//1028 1022//1022
f 1029//1029 1028//1028 1023//1023
f 1024//1024 1029//1029 1023//1023
f 1030//1030 1029//1029 1024//1024
f 1025//1025 1030//1030 1024//1024
f 1031//1031 1030//1030 1025//1025
f 1026//1026 1031//1031 1025//1025
f 1032//1032 1031//1031 1026//1026
f 1028//1028 1033//1033 1027//1027
f 1034//1034 1033//1033 1028//1028
f 1029//1029 1034//1034 1028//1028
f 1035//1035 1034//1034 1029//1029
f 1030//1030 1035//1035 1029//1029
f 1036//1036 1035//1035 1030//1030
f 1031//1031 1036//1036 1030//1030
f 1037//1037 1036//1036 1031//1031
f 1032//1032 1037//1037 1031//1031
f 1038//1038 1037//1037 1032//1032
f 1034//1034 1039//1039 1033//1033
f 1040//1040 1039//1039 1034//1034
f 1035//1035 1040//1040 1034//1034
f 1041//1041 1040//1040 1035//1035
f 1036//1036 1041//1041 1035//1035
f 1042//1042 1041//1041 1036//1036
f 1037//1037 1042//1042 1036//1036
f 1043//1043 1042//1042 1037//1037
f 1038//1038 1043//1043 1037//1037
f 1044//1044 1043//1043 1038//1038
f 1045//1045 1051//1051 1046//1046
f 1046//1046 1051//1051 1052//1052
f 1046//1046 1052//1052 1047//1047
f 1047//1047 1052//1052 1053//1053
f 1047//1047 1053//1053 1048//1048
f 1048//1048 1053//1053 1054//1054
f 1048//1048 1054//1054 1049//1049
f 1049//1049 1054//1054 1055//1055
f 1049//1049 1055//1055 1050//1050
f 1050//1050 1055//1055 1056//1056
f 1051//1051 1057//1057 1052//1052
f 1052//1052 1057//1057 1058//1058
f 1052//1052 1058//1058 1053//1053
f 1053//1053 1058//1058 1059//1059
f 1053//1053 1059//1059 1054//1054
f 1054//1054 1059//1059 1060//1060
f 1054//1054 1060//1060 1055//1055
f 1055//1055 1060//1060 1061//1061
f 1055//1055 1061//1061 1056//1056
f 1056//1056 1061//1061 1062//1062
f 1057//1057 1063//1063 1058//1058
f 1058//1058 1063//1063 1064//1064
f 1058//1058 1064//1064 1059//1059
f 1059//1059 1064//1064 1065//1065
f 1059//1059 1065//1065 1060//1060
f 1060//1060 1065//1065 1066//1066
f 1060//1060 1066//1066 1061//1061
f 1061//1061 1066//1066 1067//1067
f 1061//1061 1067//1067 1062//1062
f 1062//1062 1067//1067 1068//1068
f 1063//1063 1069//1069 1064//1064
f 1064//1064 1069//1069 1070//1070
f 1064//1064 1070//1070 1065//1065
f 1065//1065 1070//1070 1071//1071
f 1065//1065 1071//1071 1066//1066
f 1066//1066 1071//1071 1072//1072
f 1066//1066 1072//1072 1067//1067
f 1067//1067 1072//1072 1073//1073
f 1067//1067 1073//1073 1068//1068
f 1068//1068 1073//1073 1074//1074
f 1069//1069 1075//1075 1070//1070
f 1070//1070 1075//1075 1076//1076
f 1070//1070 1076//1076 1071//1071
f 1071//1071 1076//1076 1077//1077
f 1071//1071 1077//1077 1072//1072
f 1072//1072 1077//1077 1078//1078
f 1072//1072 1078//1078 1073//1073
f 1073//1073 1078//1078 1079//1079
f 1073//1073 1079//1079 1074//1074
f 1074//1074 1079//1079 1080//1080
o station-dishes_cocoa
usemtl cocoa
v -0.172000 0.259080 0.387000
v -0.172000 0.259080 0.387000
v -0.172000 0.259080 0.387000
v -0.172000 0.259080 0.387000
v -0.172000 0.259080 0.387000
v -0.172000 0.259080 0.387000
v -0.172000 0.259080 0.387000
v -0.172000 0.259080 0.387000
v -0.172000 0.259080 0.387000
v -0.172000 0.259080 0.387000
v -0.172000 0.259080 0.387000
v -0.172000 0.259080 0.387000
v -0.172000 0.259080 0.387000
v -0.172000 0.259080 0.387000
v -0.172000 0.259080 0.387000
v -0.172000 0.259080 0.387000
v -0.172000 0.259080 0.387000
v -0.172000 0.259080 0.387000
v -0.172000 0.259080 0.387000
v -0.172000 0.259080 0.387000
v -0.172000 0.259080 0.387000
v -0.163977 0.258709 0.387000
v -0.164369 0.258709 0.388360
v -0.165509 0.258709 0.389586
v -0.167284 0.258709 0.390560
v -0.169521 0.258709 0.391185
v -0.172000 0.258709 0.391400
v -0.174479 0.258709 0.391185
v -0.176716 0.258709 0.390560
v -0.178491 0.258709 0.389586
v -0.179631 0.258709 0.388360
v -0.180023 0.258709 0.387000
v -0.179631 0.258709 0.385640
v -0.178491 0.258709 0.384414
v -0.176716 0.258709 0.383440
v -0.174479 0.258709 0.382815
v -0.172000 0.258709 0.382600
v -0.169521 0.258709 0.382815
v -0.167284 0.258709 0.383440
v -0.165509 0.258709 0.384414
v -0.164369 0.258709 0.385640
v -0.163977 0.258709 0.387000
v -0.156500 0.257622 0.387000
v -0.157259 0.257622 0.389627
v -0.159460 0.257622 0.391996
v -0.162889 0.257622 0.393877
v -0.167210 0.257622 0.395084
v -0.172000 0.257622 0.395500
v -0.176790 0.257622 0.395084
v -0.181111 0.257622 0.393877
v -0.184540 0.257622 0.391996
v -0.186741 0.257622 0.389627
v -0.187500 0.257622 0.387000
v -0.186741 0.257622 0.384373
v -0.184540 0.257622 0.382004
v -0.181111 0.257622 0.380123
v -0.176790 0.257622 0.378916
v -0.172000 0.257622 0.378500
v -0.167210 0.257622 0.378916
v -0.162889 0.257622 0.380123
v -0.159460 0.257622 0.382004
v -0.157259 0.257622 0.384373
v -0.156500 0.257622 0.387000
v -0.150080 0.255893 0.387000
v -0.151153 0.255893 0.390715
v -0.154266 0.255893 0.394066
v -0.159116 0.255893 0.396725
v -0.165226 0.255893 0.398432
v -0.172000 0.255893 0.399021
v -0.178774 0.255893 0.398432
v -0.184884 0.255893 0.396725
v -0.189734 0.255893 0.394066
v -0.192847 0.255893 0.390715
v -0.193920 0.255893 0.387000
v -0.192847 0.255893 0.383285
v -0.189734 0.255893 0.379934
v -0.184884 0.255893 0.377275
v -0.178774 0.255893 0.375568
v -0.172000 0.255893 0.374979
v -0.165226 0.255893 0.375568
v -0.159116 0.255893 0.377275
v -0.154266 0.255893 0.379934
v -0.151153 0.255893 0.383285
v -0.150080 0.255893 0.387000
v -0.145153 0.253640 0.387000
v -0.146467 0.253640 0.391549
v -0.150280 0.253640 0.395654
v -0.156220 0.253640 0.398911
v -0.163704 0.253640 0.401002
v -0.172000 0.253640 0.401722
v -0.180296 0.253640 0.401002
v -0.187780 0.253640 0.398911
v -0.193720 0.253640 0.395654
v -0.197533 0.253640 0.391549
v -0.198847 0.253640 0.387000
v -0.197533 0.253640 0.382451
v -0.193720 0.253640 0.378346
v -0.187780 0.253640 0.375089
v -0.180296 0.253640 0.372998
v -0.172000 0.253640 0.372278
v -0.163704 0.253640 0.372998
v -0.156220 0.253640 0.375089
v -0.150280 0.253640 0.378346
v -0.146467 0.253640 0.382451
v -0.145153 0.253640 0.387000
v -0.142056 0.251016 0.387000
v -0.143522 0.251016 0.392074
v -0.147775 0.251016 0.396652
v -0.154400 0.251016 0.400285
v -0.162747 0.251016 0.402617
v -0.172000 0.251016 0.403421
v -0.181253 0.251016 0.402617
v -0.189600 0.251016 0.400285
v -0.196225 0.251016 0.396652
v -0.200478 0.251016 0.392074
v -0.201944 0.251016 0.387000
v -0.200478 0.251016 0.381926
v -0.196225 0.251016 0.377348
v -0.189600 0.251016 0.373715
v -0.181253 0.251016 0.371383
v -0.172000 0.251016 0.370579
v -0.162747 0.251016 0.371383
v -0.154400 0.251016 0.373715
v -0.147775 0.251016 0.377348
v -0.143522 0.251016 0.381926
v -0.142056 0.251016 0.387000
v -0.141000 0.248200 0.387000
v -0.142517 0.248200 0.392253
v -0.146920 0.248200 0.396992
v -0.153779 0.248200 0.400753
v -0.162420 0.248200 0.403168
v -0.172000 0.248200 0.404000
v -0.181580 0.248200 0.403168
v -0.190221 0.248200 0.400753
v -0.197080 0.248200 0.396992
v -0.201483 0.248200 0.392253
v -0.203000 0.248200 0.387000
v -0.201483 0.248200 0.381747
v -0.197080 0.248200 0.377008
v -0.190221 0.248200 0.373247
v -0.181580 0.248200 0.370832
v -0.172000 0.248200 0.370000
v -0.162420 0.248200 0.370832
v -0.153779 0.248200 0.373247
v -0.146920 0.248200 0.377008
v -0.142517 0.248200 0.381747
v -0.141000 0.248200 0.387000
v -0.142056 0.245384 0.387000
v -0.143522 0.245384 0.392074
v -0.147775 0.245384 0.396652
v -0.154400 0.245384 0.400285
v -0.162747 0.245384 0.402617
v -0.172000 0.245384 0.403421
v -0.181253 0.245384 0.402617
v -0.189600 0.245384 0.400285
v -0.196225 0.245384 0.396652
v -0.200478 0.245384 0.392074
v -0.201944 0.245384 0.387000
v -0.200478 0.245384 0.381926
v -0.196225 0.245384 0.377348
v -0.189600 0.245384 0.373715
v -0.181253 0.245384 0.371383
v -0.172000 0.245384 0.370579
v -0.162747 0.245384 0.371383
v -0.154400 0.245384 0.373715
v -0.147775 0.245384 0.377348
v -0.143522 0.245384 0.381926
v -0.142056 0.245384 0.387000
v -0.145153 0.242760 0.387000
v -0.146467 0.242760 0.391549
v -0.150280 0.242760 0.395654
v -0.156220 0.242760 0.398911
v -0.163704 0.242760 0.401002
v -0.172000 0.242760 0.401722
v -0.180296 0.242760 0.401002
v -0.187780 0.242760 0.398911
v -0.193720 0.242760 0.395654
v -0.197533 0.242760 0.391549
v -0.198847 0.242760 0.387000
v -0.197533 0.242760 0.382451
v -0.193720 0.242760 0.378346
v -0.187780 0.242760 0.375089
v -0.180296 0.242760 0.372998
v -0.172000 0.242760 0.372278
v -0.163704 0.242760 0.372998
v -0.156220 0.242760 0.375089
v -0.150280 0.242760 0.378346
v -0.146467 0.242760 0.382451
v -0.145153 0.242760 0.387000
v -0.150080 0.240507 0.387000
v -0.151153 0.240507 0.390715
v -0.154266 0.240507 0.394066
v -0.159116 0.240507 0.396725
v -0.165226 0.240507 0.398432
v -0.172000 0.240507 0.399021
v -0.178774 0.240507 0.398432
v -0.184884 0.240507 0.396725
v -0.189734 0.240507 0.394066
v -0.192847 0.240507 0.390715
v -0.193920 0.240507 0.387000
v -0.192847 0.240507 0.383285
v -0.189734 0.240507 0.379934
v -0.184884 0.240507 0.377275
v -0.178774 0.240507 0.375568
v -0.172000 0.240507 0.374979
v -0.165226 0.240507 0.375568
v -0.159116 0.240507 0.377275
v -0.154266 0.240507 0.379934
v -0.151153 0.240507 0.383285
v -0.150080 0.240507 0.387000
v -0.156500 0.238778 0.387000
v -0.157259 0.238778 0.389627
v -0.159460 0.238778 0.391996
v -0.162889 0.238778 0.393877
v -0.167210 0.238778 0.395084
v -0.172000 0.238778 0.395500
v -0.176790 0.238778 0.395084
v -0.181111 0.238778 0.393877
v -0.184540 0.238778 0.391996
v -0.186741 0.238778 0.389627
v -0.187500 0.238778 0.387000
v -0.186741 0.238778 0.384373
v -0.184540 0.238778 0.382004
v -0.181111 0.238778 0.380123
v -0.176790 0.238778 0.378916
v -0.172000 0.238778 0.378500
v -0.167210 0.238778 0.378916
v -0.162889 0.238778 0.380123
v -0.159460 0.238778 0.382004
v -0.157259 0.238778 0.384373
v -0.156500 0.238778 0.387000
v -0.163977 0.237691 0.387000
v -0.164369 0.237691 0.388360
v -0.165509 0.237691 0.389586
v -0.167284 0.237691 0.390560
v -0.169521 0.237691 0.391185
v -0.172000 0.237691 0.391400
v -0.174479 0.237691 0.391185
v -0.176716 0.237691 0.390560
v -0.178491 0.237691 0.389586
v -0.179631 0.237691 0.388360
v -0.180023 0.237691 0.387000
v -0.179631 0.237691 0.385640
v -0.178491 0.237691 0.384414
v -0.176716 0.237691 0.383440
v -0.174479 0.237691 0.382815
v -0.172000 0.237691 0.382600
v -0.169521 0.237691 0.382815
v -0.167284 0.237691 0.383440
v -0.165509 0.237691 0.384414
v -0.164369 0.237691 0.385640
v -0.163977 0.237691 0.387000
v -0.172000 0.237320 0.387000
v -0.172000 0.237320 0.387000
v -0.172000 0.237320 0.387000
v -0.172000 0.237320 0.387000
v -0.172000 0.237320 0.387000
v -0.172000 0.237320 0.387000
v -0.172000 0.237320 0.387000
v -0.172000 0.237320 0.387000
v -0.172000 0.237320 0.387000
v -0.172000 0.237320 0.387000
v -0.172000 0.237320 0.387000
v -0.172000 0.237320 0.387000
v -0.172000 0.237320 0.387000
v -0.172000 0.237320 0.387000
v -0.172000 0.237320 0.387000
v -0.172000 0.237320 0.387000
v -0.172000 0.237320 0.387000
v -0.172000 0.237320 0.387000
v -0.172000 0.237320 0.387000
v -0.172000 0.237320 0.387000
v -0.172000 0.237320 0.387000
v 0.172000 0.259080 0.387000
v 0.172000 0.259080 0.387000
v 0.172000 0.259080 0.387000
v 0.172000 0.259080 0.387000
v 0.172000 0.259080 0.387000
v 0.172000 0.259080 0.387000
v 0.172000 0.259080 0.387000
v 0.172000 0.259080 0.387000
v 0.172000 0.259080 0.387000
v 0.172000 0.259080 0.387000
v 0.172000 0.259080 0.387000
v 0.172000 0.259080 0.387000
v 0.172000 0.259080 0.387000
v 0.172000 0.259080 0.387000
v 0.172000 0.259080 0.387000
v 0.172000 0.259080 0.387000
v 0.172000 0.259080 0.387000
v 0.172000 0.259080 0.387000
v 0.172000 0.259080 0.387000
v 0.172000 0.259080 0.387000
v 0.172000 0.259080 0.387000
v 0.180023 0.258709 0.387000
v 0.179631 0.258709 0.388360
v 0.178491 0.258709 0.389586
v 0.176716 0.258709 0.390560
v 0.174479 0.258709 0.391185
v 0.172000 0.258709 0.391400
v 0.169521 0.258709 0.391185
v 0.167284 0.258709 0.390560
v 0.165509 0.258709 0.389586
v 0.164369 0.258709 0.388360
v 0.163977 0.258709 0.387000
v 0.164369 0.258709 0.385640
v 0.165509 0.258709 0.384414
v 0.167284 0.258709 0.383440
v 0.169521 0.258709 0.382815
v 0.172000 0.258709 0.382600
v 0.174479 0.258709 0.382815
v 0.176716 0.258709 0.383440
v 0.178491 0.258709 0.384414
v 0.179631 0.258709 0.385640
v 0.180023 0.258709 0.387000
v 0.187500 0.257622 0.387000
v 0.186741 0.257622 0.389627
v 0.184540 0.257622 0.391996
v 0.181111 0.257622 0.393877
v 0.176790 0.257622 0.395084
v 0.172000 0.257622 0.395500
v 0.167210 0.257622 0.395084
v 0.162889 0.257622 0.393877
v 0.159460 0.257622 0.391996
v 0.157259 0.257622 0.389627
v 0.156500 0.257622 0.387000
v 0.157259 0.257622 0.384373
v 0.159460 0.257622 0.382004
v 0.162889 0.257622 0.380123
v 0.167210 0.257622 0.378916
v 0.172000 0.257622 0.378500
v 0.176790 0.257622 0.378916
v 0.181111 0.257622 0.380123
v 0.184540 0.257622 0.382004
v 0.186741 0.257622 0.384373
v 0.187500 0.257622 0.387000
v 0.193920 0.255893 0.387000
v 0.192847 0.255893 0.390715
v 0.189734 0.255893 0.394066
v 0.184884 0.255893 0.396725
v 0.178774 0.255893 0.398432
v 0.172000 0.255893 0.399021
v 0.165226 0.255893 0.398432
v 0.159116 0.255893 0.396725
v 0.154266 0.255893 0.394066
v 0.151153 0.255893 0.390715
v 0.150080 0.255893 0.387000
v 0.151153 0.255893 0.383285
v 0.154266 0.255893 0.379934
v 0.159116 0.255893 0.377275
v 0.165226 0.255893 0.375568
v 0.172000 0.255893 0.374979
v 0.178774 0.255893 0.375568
v 0.184884 0.255893 0.377275
v 0.189734 0.255893 0.379934
v 0.192847 0.255893 0.383285
v 0.193920 0.255893 0.387000
v 0.198847 0.253640 0.387000
v 0.197533 0.253640 0.391549
v 0.193720 0.253640 0.395654
v 0.187780 0.253640 0.398911
v 0.180296 0.253640 0.401002
v 0.172000 0.253640 0.401722
v 0.163704 0.253640 0.401002
v 0.156220 0.253640 0.398911
v 0.150280 0.253640 0.395654
v 0.146467 0.253640 0.391549
v 0.145153 0.253640 0.387000
v 0.146467 0.253640 0.382451
v 0.150280 0.253640 0.378346
v 0.156220 0.253640 0.375089
v 0.163704 0.253640 0.372998
v 0.172000 0.253640 0.372278
v 0.180296 0.253640 0.372998
v 0.187780 0.253640 0.375089
v 0.193720 0.253640 0.378346
v 0.197533 0.253640 0.382451
v 0.198847 0.253640 0.387000
v 0.201944 0.251016 0.387000
v 0.200478 0.251016 0.392074
v 0.196225 0.251016 0.396652
v 0.189600 0.251016 0.400285
v 0.181253 0.251016 0.402617
v 0.172000 0.251016 0.403421
v 0.162747 0.251016 0.402617
v 0.154400 0.251016 0.400285
v 0.147775 0.251016 0.396652
v 0.143522 0.251016 0.392074
v 0.142056 0.251016 0.387000
v 0.143522 0.251016 0.381926
v 0.147775 0.251016 0.377348
v 0.154400 0.251016 0.373715
v 0.162747 0.251016 0.371383
v 0.172000 0.251016 0.370579
v 0.181253 0.251016 0.371383
v 0.189600 0.251016 0.373715
v 0.196225 0.251016 0.377348
v 0.200478 0.251016 0.381926
v 0.201944 0.251016 0.387000
v 0.203000 0.248200 0.387000
v 0.201483 0.248200 0.392253
v 0.197080 0.248200 0.396992
v 0.190221 0.248200 0.400753
v 0.181580 0.248200 0.403168
v 0.172000 0.248200 0.404000
v 0.162420 0.248200 0.403168
v 0.153779 0.248200 0.400753
v 0.146920 0.248200 0.396992
v 0.142517 0.248200 0.392253
v 0.141000 0.248200 0.387000
v 0.142517 0.248200 0.381747
v 0.146920 0.248200 0.377008
v 0.153779 0.248200 0.373247
v 0.162420 0.248200 0.370832
v 0.172000 0.248200 0.370000
v 0.181580 0.248200 0.370832
v 0.190221 0.248200 0.373247
v 0.197080 0.248200 0.377008
v 0.201483 0.248200 0.381747
v 0.203000 0.248200 0.387000
v 0.201944 0.245384 0.387000
v 0.200478 0.245384 0.392074
v 0.196225 0.245384 0.396652
v 0.189600 0.245384 0.400285
v 0.181253 0.245384 0.402617
v 0.172000 0.245384 0.403421
v 0.162747 0.245384 0.402617
v 0.154400 0.245384 0.400285
v 0.147775 0.245384 0.396652
v 0.143522 0.245384 0.392074
v 0.142056 0.245384 0.387000
v 0.143522 0.245384 0.381926
v 0.147775 0.245384 0.377348
v 0.154400 0.245384 0.373715
v 0.162747 0.245384 0.371383
v 0.172000 0.245384 0.370579
v 0.181253 0.245384 0.371383
v 0.189600 0.245384 0.373715
v 0.196225 0.245384 0.377348
v 0.200478 0.245384 0.381926
v 0.201944 0.245384 0.387000
v 0.198847 0.242760 0.387000
v 0.197533 0.242760 0.391549
v 0.193720 0.242760 0.395654
v 0.187780 0.242760 0.398911
v 0.180296 0.242760 0.401002
v 0.172000 0.242760 0.401722
v 0.163704 0.242760 0.401002
v 0.156220 0.242760 0.398911
v 0.150280 0.242760 0.395654
v 0.146467 0.242760 0.391549
v 0.145153 0.242760 0.387000
v 0.146467 0.242760 0.382451
v 0.150280 0.242760 0.378346
v 0.156220 0.242760 0.375089
v 0.163704 0.242760 0.372998
v 0.172000 0.242760 0.372278
v 0.180296 0.242760 0.372998
v 0.187780 0.242760 0.375089
v 0.193720 0.242760 0.378346
v 0.197533 0.242760 0.382451
v 0.198847 0.242760 0.387000
v 0.193920 0.240507 0.387000
v 0.192847 0.240507 0.390715
v 0.189734 0.240507 0.394066
v 0.184884 0.240507 0.396725
v 0.178774 0.240507 0.398432
v 0.172000 0.240507 0.399021
v 0.165226 0.240507 0.398432
v 0.159116 0.240507 0.396725
v 0.154266 0.240507 0.394066
v 0.151153 0.240507 0.390715
v 0.150080 0.240507 0.387000
v 0.151153 0.240507 0.383285
v 0.154266 0.240507 0.379934
v 0.159116 0.240507 0.377275
v 0.165226 0.240507 0.375568
v 0.172000 0.240507 0.374979
v 0.178774 0.240507 0.375568
v 0.184884 0.240507 0.377275
v 0.189734 0.240507 0.379934
v 0.192847 0.240507 0.383285
v 0.193920 0.240507 0.387000
v 0.187500 0.238778 0.387000
v 0.186741 0.238778 0.389627
v 0.184540 0.238778 0.391996
v 0.181111 0.238778 0.393877
v 0.176790 0.238778 0.395084
v 0.172000 0.238778 0.395500
v 0.167210 0.238778 0.395084
v 0.162889 0.238778 0.393877
v 0.159460 0.238778 0.391996
v 0.157259 0.238778 0.389627
v 0.156500 0.238778 0.387000
v 0.157259 0.238778 0.384373
v 0.159460 0.238778 0.382004
v 0.162889 0.238778 0.380123
v 0.167210 0.238778 0.378916
v 0.172000 0.238778 0.378500
v 0.176790 0.238778 0.378916
v 0.181111 0.238778 0.380123
v 0.184540 0.238778 0.382004
v 0.186741 0.238778 0.384373
v 0.187500 0.238778 0.387000
v 0.180023 0.237691 0.387000
v 0.179631 0.237691 0.388360
v 0.178491 0.237691 0.389586
v 0.176716 0.237691 0.390560
v 0.174479 0.237691 0.391185
v 0.172000 0.237691 0.391400
v 0.169521 0.237691 0.391185
v 0.167284 0.237691 0.390560
v 0.165509 0.237691 0.389586
v 0.164369 0.237691 0.388360
v 0.163977 0.237691 0.387000
v 0.164369 0.237691 0.385640
v 0.165509 0.237691 0.384414
v 0.167284 0.237691 0.383440
v 0.169521 0.237691 0.382815
v 0.172000 0.237691 0.382600
v 0.174479 0.237691 0.382815
v 0.176716 0.237691 0.383440
v 0.178491 0.237691 0.384414
v 0.179631 0.237691 0.385640
v 0.180023 0.237691 0.387000
v 0.172000 0.237320 0.387000
v 0.172000 0.237320 0.387000
v 0.172000 0.237320 0.387000
v 0.172000 0.237320 0.387000
v 0.172000 0.237320 0.387000
v 0.172000 0.237320 0.387000
v 0.172000 0.237320 0.387000
v 0.172000 0.237320 0.387000
v 0.172000 0.237320 0.387000
v 0.172000 0.237320 0.387000
v 0.172000 0.237320 0.387000
v 0.172000 0.237320 0.387000
v 0.172000 0.237320 0.387000
v 0.172000 0.237320 0.387000
v 0.172000 0.237320 0.387000
v 0.172000 0.237320 0.387000
v 0.172000 0.237320 0.387000
v 0.172000 0.237320 0.387000
v 0.172000 0.237320 0.387000
v 0.172000 0.237320 0.387000
v 0.172000 0.237320 0.387000
vn 0.000000 1.000000 0.000000
vn 0.000000 1.000000 0.000000
vn 0.000000 1.000000 0.000000
vn 0.000000 1.000000 0.000000
vn 0.000000 1.000000 0.000000
vn 0.000000 1.000000 0.000000
vn 0.000000 1.000000 0.000000
vn 0.000000 1.000000 0.000000
vn 0.000000 1.000000 0.000000
vn 0.000000 1.000000 0.000000
vn 0.000000 1.000000 0.000000
vn 0.000000 1.000000 0.000000
vn 0.000000 1.000000 0.000000
vn 0.000000 1.000000 0.000000
vn 0.000000 1.000000 0.000000
vn 0.000000 1.000000 0.000000
vn 0.000000 1.000000 0.000000
vn 0.000000 1.000000 0.000000
vn 0.000000 1.000000 0.000000
vn 0.000000 1.000000 0.000000
vn 0.000000 1.000000 0.000000
vn 0.109682 0.993878 -0.013263
vn 0.106478 0.993099 0.049153
vn 0.092646 0.989996 0.106414
vn 0.069782 0.985796 0.152761
vn 0.040328 0.982114 0.183917
vn 0.007174 0.980321 0.197280
vn -0.026628 0.981070 0.191813
vn -0.058008 0.984090 0.167936
vn -0.083982 0.988268 0.127568
vn -0.101875 0.992020 0.074281
vn -0.109682 0.993878 0.013263
vn -0.106478 0.993099 -0.049153
vn -0.092646 0.989996 -0.106414
vn -0.069782 0.985796 -0.152761
vn -0.040328 0.982114 -0.183917
vn -0.007174 0.980321 -0.197280
vn 0.026628 0.981070 -0.191813
vn 0.058008 0.984090 -0.167936
vn 0.083982 0.988268 -0.127568
vn 0.101875 0.992020 -0.074281
vn 0.109682 0.993878 -0.013263
vn 0.207421 0.978165 -0.013054
vn 0.198736 0.974511 0.104077
vn 0.169389 0.963235 0.208530
vn 0.123920 0.949131 0.289474
vn 0.067966 0.937621 0.340950
vn 0.006826 0.932677 0.360649
vn -0.054812 0.935878 0.348034
vn -0.112334 0.946210 0.303427
vn -0.160592 0.960183 0.228602
vn -0.193938 0.972554 0.128555
vn -0.207421 0.978165 0.013054
vn -0.198736 0.974511 -0.104077
vn -0.169389 0.963235 -0.208530
vn -0.123920 0.949131 -0.289474
vn -0.067966 0.937621 -0.340950
vn -0.006826 0.932677 -0.360649
vn 0.054812 0.935878 -0.348034
vn 0.112334 0.946210 -0.303427
vn 0.160592 0.960183 -0.228602
vn 0.193938 0.972554 -0.128555
vn 0.207421 0.978165 -0.013054
vn 0.337964 0.941075 -0.012559
vn 0.320023 0.930814 0.176553
vn 0.266184 0.902806 0.337767
vn 0.188916 0.870541 0.454389
vn 0.099792 0.846152 0.523515
vn 0.006122 0.836559 0.547843
vn -0.087788 0.843985 0.529135
vn -0.177826 0.866732 0.465998
vn -0.257201 0.898560 0.355581
vn -0.314835 0.927930 0.199561
vn -0.337964 0.941075 0.012559
vn -0.320023 0.930814 -0.176553
vn -0.266184 0.902806 -0.337767
vn -0.188916 0.870541 -0.454389
vn -0.099792 0.846152 -0.523515
vn -0.006122 0.836559 -0.547843
vn 0.087788 0.843985 -0.529135
vn 0.177826 0.866732 -0.465998
vn 0.257201 0.898560 -0.355581
vn 0.314835 0.927930 -0.199561
vn 0.337964 0.941075 -0.012559
vn 0.525254 0.850870 -0.011355
vn 0.487812 0.827696 0.277415
vn 0.388933 0.772123 0.502550
vn 0.264003 0.715905 0.646361
vn 0.134022 0.677837 0.722894
vn 0.004860 0.664128 0.747603
vn -0.124235 0.675922 0.726426
vn -0.254228 0.712267 0.654251
vn -0.380034 0.767565 0.516157
vn -0.482034 0.824217 0.297171
vn -0.525254 0.850870 0.011355
vn -0.487812 0.827696 -0.277415
vn -0.388933 0.772123 -0.502550
vn -0.264003 0.715905 -0.646361
vn -0.134022 0.677837 -0.722894
vn -0.004860 0.664128 -0.747603
vn 0.124235 0.675922 -0.726426
vn 0.254228 0.712267 -0.654251
vn 0.380034 0.767565 -0.516157
vn 0.482034 0.824217 -0.297171
vn 0.525254 0.850870 -0.011355
vn 0.798414 0.602056 -0.008034
vn 0.713482 0.564687 0.414815
vn 0.528754 0.490871 0.692434
vn 0.337555 0.429782 0.837463
vn 0.164172 0.393923 0.904363
vn 0.002797 0.382134 0.924102
vn -0.158363 0.393115 0.905749
vn -0.331156 0.428089 0.840878
vn -0.521839 0.488352 0.699426
vn -0.707940 0.562314 0.427345
vn -0.798414 0.602056 0.008034
vn -0.713482 0.564687 -0.414815
vn -0.528754 0.490871 -0.692434
vn -0.337555 0.429782 -0.837463
vn -0.164172 0.393923 -0.904363
vn -0.002797 0.382134 -0.924102
vn 0.158363 0.393115 -0.905749
vn 0.331156 0.428089 -0.840878
vn 0.521839 0.488352 -0.699426
vn 0.707940 0.562314 -0.427345
vn 0.798414 0.602056 -0.008034
vn 1.000000 -0.000000 0.000000
vn 0.860326 -0.000000 0.509744
vn 0.602444 0.000000 0.798161
vn 0.370130 0.000000 0.928980
vn 0.175419 0.000000 0.984494
vn 0.000000 -0.000000 1.000000
vn -0.175419 -0.000000 0.984494
vn -0.370130 0.000000 0.928980
vn -0.602444 -0.000000 0.798161
vn -0.860326 0.000000 0.509744
vn -1.000000 -0.000000 0.000000
vn -0.860326 -0.000000 -0.509744
vn -0.602444 0.000000 -0.798161
vn -0.370130 0.000000 -0.928980
vn -0.175419 0.000000 -0.984494
vn -0.000000 -0.000000 -1.000000
vn 0.175419 -0.000000 -0.984494
vn 0.370130 0.000000 -0.928980
vn 0.602444 -0.000000 -0.798161
vn 0.860326 0.000000 -0.509744
vn 1.000000 -0.000000 0.000000
vn 0.798414 -0.602056 0.008034
vn 0.707940 -0.562314 0.427345
vn 0.521839 -0.488352 0.699426
vn 0.331156 -0.428089 0.840878
vn 0.158363 -0.393115 0.905749
vn -0.002797 -0.382134 0.924102
vn -0.164172 -0.393923 0.904363
vn -0.337555 -0.429782 0.837463
vn -0.528754 -0.490871 0.692434
vn -0.713482 -0.564687 0.414815
vn -0.798414 -0.602056 -0.008034
vn -0.707940 -0.562314 -0.427345
vn -0.521839 -0.488352 -0.699426
vn -0.331156 -0.428089 -0.840878
vn -0.158363 -0.393115 -0.905749
vn 0.002797 -0.382134 -0.924102
vn 0.164172 -0.393923 -0.904363
vn 0.337555 -0.429782 -0.837463
vn 0.528754 -0.490871 -0.692434
vn 0.713482 -0.564687 -0.414815
vn 0.798414 -0.602056 0.008034
vn 0.525254 -0.850870 0.011355
vn 0.482034 -0.824217 0.297171
vn 0.380034 -0.767565 0.516157
vn 0.254228 -0.712267 0.654251
vn 0.124235 -0.675922 0.726426
vn -0.004860 -0.664128 0.747603
vn -0.134022 -0.677837 0.722894
vn -0.264003 -0.715905 0.646361
vn -0.388933 -0.772123 0.502550
vn -0.487812 -0.827696 0.277415
vn -0.525254 -0.850870 -0.011355
vn -0.482034 -0.824217 -0.297171
vn -0.380034 -0.767565 -0.516157
vn -0.254228 -0.712267 -0.654251
vn -0.124235 -0.675922 -0.726426
vn 0.004860 -0.664128 -0.747603
vn 0.134022 -0.677837 -0.722894
vn 0.264003 -0.715905 -0.646361
vn 0.388933 -0.772123 -0.502550
vn 0.487812 -0.827696 -0.277415
vn 0.525254 -0.850870 0.011355
vn 0.337964 -0.941075 0.012559
vn 0.314835 -0.927930 0.199561
vn 0.257201 -0.898560 0.355581
vn 0.177826 -0.866732 0.465998
vn 0.087788 -0.843985 0.529135
vn -0.006122 -0.836559 0.547843
vn -0.099792 -0.846152 0.523515
vn -0.188916 -0.870541 0.454389
vn -0.266184 -0.902806 0.337767
vn -0.320023 -0.930814 0.176553
vn -0.337964 -0.941075 -0.012559
vn -0.314835 -0.927930 -0.199561
vn -0.257201 -0.898560 -0.355581
vn -0.177826 -0.866732 -0.465998
vn -0.087788 -0.843985 -0.529135
vn 0.006122 -0.836559 -0.547843
vn 0.099792 -0.846152 -0.523515
vn 0.188916 -0.870541 -0.454389
vn 0.266184 -0.902806 -0.337767
vn 0.320023 -0.930814 -0.176553
vn 0.337964 -0.941075 0.012559
vn 0.207421 -0.978165 0.013054
vn 0.193938 -0.972554 0.128555
vn 0.160592 -0.960183 0.228602
vn 0.112334 -0.946210 0.303427
vn 0.054812 -0.935878 0.348034
vn -0.006826 -0.932677 0.360649
vn -0.067966 -0.937621 0.340950
vn -0.123920 -0.949131 0.289474
vn -0.169389 -0.963235 0.208530
vn -0.198736 -0.974511 0.104077
vn -0.207421 -0.978165 -0.013054
vn -0.193938 -0.972554 -0.128555
vn -0.160592 -0.960183 -0.228602
vn -0.112334 -0.946210 -0.303427
vn -0.054812 -0.935878 -0.348034
vn 0.006826 -0.932677 -0.360649
vn 0.067966 -0.937621 -0.340950
vn 0.123920 -0.949131 -0.289474
vn 0.169389 -0.963235 -0.208530
vn 0.198736 -0.974511 -0.104077
vn 0.207421 -0.978165 0.013054
vn 0.109682 -0.993878 0.013263
vn 0.101875 -0.992020 0.074281
vn 0.083982 -0.988268 0.127568
vn 0.058008 -0.984090 0.167936
vn 0.026628 -0.981070 0.191813
vn -0.007174 -0.980321 0.197280
vn -0.040328 -0.982114 0.183917
vn -0.069782 -0.985796 0.152761
vn -0.092646 -0.989996 0.106414
vn -0.106478 -0.993099 0.049153
vn -0.109682 -0.993878 -0.013263
vn -0.101875 -0.992020 -0.074281
vn -0.083982 -0.988268 -0.127568
vn -0.058008 -0.984090 -0.167936
vn -0.026628 -0.981070 -0.191813
vn 0.007174 -0.980321 -0.197280
vn 0.040328 -0.982114 -0.183917
vn 0.069782 -0.985796 -0.152761
vn 0.092646 -0.989996 -0.106414
vn 0.106478 -0.993099 -0.049153
vn 0.109682 -0.993878 0.013263
vn 0.000000 -1.000000 0.000000
vn 0.000000 -1.000000 0.000000
vn 0.000000 -1.000000 0.000000
vn 0.000000 -1.000000 0.000000
vn 0.000000 -1.000000 0.000000
vn 0.000000 -1.000000 0.000000
vn 0.000000 -1.000000 0.000000
vn 0.000000 -1.000000 0.000000
vn 0.000000 -1.000000 0.000000
vn 0.000000 -1.000000 0.000000
vn 0.000000 -1.000000 0.000000
vn 0.000000 -1.000000 0.000000
vn 0.000000 -1.000000 0.000000
vn 0.000000 -1.000000 0.000000
vn 0.000000 -1.000000 0.000000
vn 0.000000 -1.000000 0.000000
vn 0.000000 -1.000000 0.000000
vn 0.000000 -1.000000 0.000000
vn 0.000000 -1.000000 0.000000
vn 0.000000 -1.000000 0.000000
vn 0.000000 -1.000000 0.000000
vn 0.000000 1.000000 0.000000
vn 0.000000 1.000000 0.000000
vn 0.000000 1.000000 0.000000
vn 0.000000 1.000000 0.000000
vn 0.000000 1.000000 0.000000
vn 0.000000 1.000000 0.000000
vn 0.000000 1.000000 0.000000
vn 0.000000 1.000000 0.000000
vn 0.000000 1.000000 0.000000
vn 0.000000 1.000000 0.000000
vn 0.000000 1.000000 0.000000
vn 0.000000 1.000000 0.000000
vn 0.000000 1.000000 0.000000
vn 0.000000 1.000000 0.000000
vn 0.000000 1.000000 0.000000
vn 0.000000 1.000000 0.000000
vn 0.000000 1.000000 0.000000
vn 0.000000 1.000000 0.000000
vn 0.000000 1.000000 0.000000
vn 0.000000 1.000000 0.000000
vn 0.000000 1.000000 0.000000
vn 0.109682 0.993878 -0.013263
vn 0.106478 0.993099 0.049153
vn 0.092646 0.989996 0.106414
vn 0.069782 0.985796 0.152761
vn 0.040328 0.982114 0.183917
vn 0.007174 0.980321 0.197280
vn -0.026628 0.981070 0.191813
vn -0.058008 0.984090 0.167936
vn -0.083982 0.988268 0.127568
vn -0.101875 0.992020 0.074281
vn -0.109682 0.993878 0.013263
vn -0.106478 0.993099 -0.049153
vn -0.092646 0.989996 -0.106414
vn -0.069782 0.985796 -0.152761
vn -0.040328 0.982114 -0.183917
vn -0.007174 0.980321 -0.197280
vn 0.026628 0.981070 -0.191813
vn 0.058008 0.984090 -0.167936
vn 0.083982 0.988268 -0.127568
vn 0.101875 0.992020 -0.074281
vn 0.109682 0.993878 -0.013263
vn 0.207421 0.978165 -0.013054
vn 0.198736 0.974511 0.104077
vn 0.169389 0.963235 0.208530
vn 0.123920 0.949131 0.289474
vn 0.067966 0.937621 0.340950
vn 0.006826 0.932677 0.360649
vn -0.054812 0.935878 0.348034
vn -0.112334 0.946210 0.303427
vn -0.160592 0.960183 0.228602
vn -0.193938 0.972554 0.128555
vn -0.207421 0.978165 0.013054
vn -0.198736 0.974511 -0.104077
vn -0.169389 0.963235 -0.208530
vn -0.123920 0.949131 -0.289474
vn -0.067966 0.937621 -0.340950
vn -0.006826 0.932677 -0.360649
vn 0.054812 0.935878 -0.348034
vn 0.112334 0.946210 -0.303427
vn 0.160592 0.960183 -0.228602
vn 0.193938 0.972554 -0.128555
vn 0.207421 0.978165 -0.013054
vn 0.337964 0.941075 -0.012559
vn 0.320023 0.930814 0.176553
vn 0.266184 0.902806 0.337767
vn 0.188916 0.870541 0.454389
vn 0.099792 0.846152 0.523515
vn 0.006122 0.836559 0.547843
vn -0.087788 0.843985 0.529135
vn -0.177826 0.866732 0.465998
vn -0.257201 0.898560 0.355581
vn -0.314835 0.927930 0.199561
vn -0.337964 0.941075 0.012559
vn -0.320023 0.930814 -0.176553
vn -0.266184 0.902806 -0.337767
vn -0.188916 0.870541 -0.454389
vn -0.099792 0.846152 -0.523515
vn -0.006122 0.836559 -0.547843
vn 0.087788 0.843985 -0.529135
vn 0.177826 0.866732 -0.465998
vn 0.257201 0.898560 -0.355581
vn 0.314835 0.927930 -0.199561
vn 0.337964 0.941075 -0.012559
vn 0.525254 0.850870 -0.011355
vn 0.487812 0.827696 0.277415
vn 0.388933 0.772123 0.502550
vn 0.264003 0.715905 0.646361
vn 0.134022 0.677837 0.722894
vn 0.004860 0.664128 0.747603
vn -0.124235 0.675922 0.726426
vn -0.254228 0.712267 0.654251
vn -0.380034 0.767565 0.516157
vn -0.482034 0.824217 0.297171
vn -0.525254 0.850870 0.011355
vn -0.487812 0.827696 -0.277415
vn -0.388933 0.772123 -0.502550
vn -0.264003 0.715905 -0.646361
vn -0.134022 0.677837 -0.722894
vn -0.004860 0.664128 -0.747603
vn 0.124235 0.675922 -0.726426
vn 0.254228 0.712267 -0.654251
vn 0.380034 0.767565 -0.516157
vn 0.482034 0.824217 -0.297171
vn 0.525254 0.850870 -0.011355
vn 0.798414 0.602056 -0.008034
vn 0.713482 0.564687 0.414815
vn 0.528754 0.490871 0.692434
vn 0.337555 0.429782 0.837463
vn 0.164172 0.393923 0.904363
vn 0.002797 0.382134 0.924102
vn -0.158363 0.393115 0.905749
vn -0.331156 0.428089 0.840878
vn -0.521839 0.488352 0.699426
vn -0.707940 0.562314 0.427345
vn -0.798414 0.602056 0.008034
vn -0.713482 0.564687 -0.414815
vn -0.528754 0.490871 -0.692434
vn -0.337555 0.429782 -0.837463
vn -0.164172 0.393923 -0.904363
vn -0.002797 0.382134 -0.924102
vn 0.158363 0.393115 -0.905749
vn 0.331156 0.428089 -0.840878
vn 0.521839 0.488352 -0.699426
vn 0.707940 0.562314 -0.427345
vn 0.798414 0.602056 -0.008034
vn 1.000000 -0.000000 0.000000
vn 0.860326 -0.000000 0.509744
vn 0.602444 0.000000 0.798161
vn 0.370130 0.000000 0.928980
vn 0.175419 0.000000 0.984494
vn 0.000000 -0.000000 1.000000
vn -0.175419 -0.000000 0.984494
vn -0.370130 0.000000 0.928980
vn -0.602444 -0.000000 0.798161
vn -0.860326 0.000000 0.509744
vn -1.000000 -0.000000 0.000000
vn -0.860326 -0.000000 -0.509744
vn -0.602444 0.000000 -0.798161
vn -0.370130 0.000000 -0.928980
vn -0.175419 0.000000 -0.984494
vn -0.000000 -0.000000 -1.000000
vn 0.175419 -0.000000 -0.984494
vn 0.370130 0.000000 -0.928980
vn 0.602444 -0.000000 -0.798161
vn 0.860326 0.000000 -0.509744
vn 1.000000 -0.000000 0.000000
vn 0.798414 -0.602056 0.008034
vn 0.707940 -0.562314 0.427345
vn 0.521839 -0.488352 0.699426
vn 0.331156 -0.428089 0.840878
vn 0.158363 -0.393115 0.905749
vn -0.002797 -0.382134 0.924102
vn -0.164172 -0.393923 0.904363
vn -0.337555 -0.429782 0.837463
vn -0.528754 -0.490871 0.692434
vn -0.713482 -0.564687 0.414815
vn -0.798414 -0.602056 -0.008034
vn -0.707940 -0.562314 -0.427345
vn -0.521839 -0.488352 -0.699426
vn -0.331156 -0.428089 -0.840878
vn -0.158363 -0.393115 -0.905749
vn 0.002797 -0.382134 -0.924102
vn 0.164172 -0.393923 -0.904363
vn 0.337555 -0.429782 -0.837463
vn 0.528754 -0.490871 -0.692434
vn 0.713482 -0.564687 -0.414815
vn 0.798414 -0.602056 0.008034
vn 0.525254 -0.850870 0.011355
vn 0.482034 -0.824217 0.297171
vn 0.380034 -0.767565 0.516157
vn 0.254228 -0.712267 0.654251
vn 0.124235 -0.675922 0.726426
vn -0.004860 -0.664128 0.747603
vn -0.134022 -0.677837 0.722894
vn -0.264003 -0.715905 0.646361
vn -0.388933 -0.772123 0.502550
vn -0.487812 -0.827696 0.277415
vn -0.525254 -0.850870 -0.011355
vn -0.482034 -0.824217 -0.297171
vn -0.380034 -0.767565 -0.516157
vn -0.254228 -0.712267 -0.654251
vn -0.124235 -0.675922 -0.726426
vn 0.004860 -0.664128 -0.747603
vn 0.134022 -0.677837 -0.722894
vn 0.264003 -0.715905 -0.646361
vn 0.388933 -0.772123 -0.502550
vn 0.487812 -0.827696 -0.277415
vn 0.525254 -0.850870 0.011355
vn 0.337964 -0.941075 0.012559
vn 0.314835 -0.927930 0.199561
vn 0.257201 -0.898560 0.355581
vn 0.177826 -0.866732 0.465998
vn 0.087788 -0.843985 0.529135
vn -0.006122 -0.836559 0.547843
vn -0.099792 -0.846152 0.523515
vn -0.188916 -0.870541 0.454389
vn -0.266184 -0.902806 0.337767
vn -0.320023 -0.930814 0.176553
vn -0.337964 -0.941075 -0.012559
vn -0.314835 -0.927930 -0.199561
vn -0.257201 -0.898560 -0.355581
vn -0.177826 -0.866732 -0.465998
vn -0.087788 -0.843985 -0.529135
vn 0.006122 -0.836559 -0.547843
vn 0.099792 -0.846152 -0.523515
vn 0.188916 -0.870541 -0.454389
vn 0.266184 -0.902806 -0.337767
vn 0.320023 -0.930814 -0.176553
vn 0.337964 -0.941075 0.012559
vn 0.207421 -0.978165 0.013054
vn 0.193938 -0.972554 0.128555
vn 0.160592 -0.960183 0.228602
vn 0.112334 -0.946210 0.303427
vn 0.054812 -0.935878 0.348034
vn -0.006826 -0.932677 0.360649
vn -0.067966 -0.937621 0.340950
vn -0.123920 -0.949131 0.289474
vn -0.169389 -0.963235 0.208530
vn -0.198736 -0.974511 0.104077
vn -0.207421 -0.978165 -0.013054
vn -0.193938 -0.972554 -0.128555
vn -0.160592 -0.960183 -0.228602
vn -0.112334 -0.946210 -0.303427
vn -0.054812 -0.935878 -0.348034
vn 0.006826 -0.932677 -0.360649
vn 0.067966 -0.937621 -0.340950
vn 0.123920 -0.949131 -0.289474
vn 0.169389 -0.963235 -0.208530
vn 0.198736 -0.974511 -0.104077
vn 0.207421 -0.978165 0.013054
vn 0.109682 -0.993878 0.013263
vn 0.101875 -0.992020 0.074281
vn 0.083982 -0.988268 0.127568
vn 0.058008 -0.984090 0.167936
vn 0.026628 -0.981070 0.191813
vn -0.007174 -0.980321 0.197280
vn -0.040328 -0.982114 0.183917
vn -0.069782 -0.985796 0.152761
vn -0.092646 -0.989996 0.106414
vn -0.106478 -0.993099 0.049153
vn -0.109682 -0.993878 -0.013263
vn -0.101875 -0.992020 -0.074281
vn -0.083982 -0.988268 -0.127568
vn -0.058008 -0.984090 -0.167936
vn -0.026628 -0.981070 -0.191813
vn 0.007174 -0.980321 -0.197280
vn 0.040328 -0.982114 -0.183917
vn 0.069782 -0.985796 -0.152761
vn 0.092646 -0.989996 -0.106414
vn 0.106478 -0.993099 -0.049153
vn 0.109682 -0.993878 0.013263
vn 0.000000 -1.000000 0.000000
vn 0.000000 -1.000000 0.000000
vn 0.000000 -1.000000 0.000000
vn 0.000000 -1.000000 0.000000
vn 0.000000 -1.000000 0.000000
vn 0.000000 -1.000000 0.000000
vn 0.000000 -1.000000 0.000000
vn 0.000000 -1.000000 0.000000
vn 0.000000 -1.000000 0.000000
vn 0.000000 -1.000000 0.000000
vn 0.000000 -1.000000 0.000000
vn 0.000000 -1.000000 0.000000
vn 0.000000 -1.000000 0.000000
vn 0.000000 -1.000000 0.000000
vn 0.000000 -1.000000 0.000000
vn 0.000000 -1.000000 0.000000
vn 0.000000 -1.000000 0.000000
vn 0.000000 -1.000000 0.000000
vn 0.000000 -1.000000 0.000000
vn 0.000000 -1.000000 0.000000
vn 0.000000 -1.000000 0.000000
f 1081//1081 1082//1082 1102//1102
f 1082//1082 1103//1103 1102//1102
f 1082//1082 1083//1083 1103//1103
f 1083//1083 1104//1104 1103//1103
f 1083//1083 1084//1084 1104//1104
f 1084//1084 1105//1105 1104//1104
f 1084//1084 1085//1085 1105//1105
f 1085//1085 1106//1106 1105//1105
f 1085//1085 1086//1086 1106//1106
f 1086//1086 1107//1107 1106//1106
f 1086//1086 1087//1087 1107//1107
f 1087//1087 1108//1108 1107//1107
f 1087//1087 1088//1088 1108//1108
f 1088//1088 1109//1109 1108//1108
f 1088//1088 1089//1089 1109//1109
f 1089//1089 1110//1110 1109//1109
f 1089//1089 1090//1090 1110//1110
f 1090//1090 1111//1111 1110//1110
f 1090//1090 1091//1091 1111//1111
f 1091//1091 1112//1112 1111//1111
f 1091//1091 1092//1092 1112//1112
f 1092//1092 1113//1113 1112//1112
f 1092//1092 1093//1093 1113//1113
f 1093//1093 1114//1114 1113//1113
f 1093//1093 1094//1094 1114//1114
f 1094//1094 1115//1115 1114//1114
f 1094//1094 1095//1095 1115//1115
f 1095//1095 1116//1116 1115//1115
f 1095//1095 1096//1096 1116//1116
f 1096//1096 1117//1117 1116//1116
f 1096//1096 1097//1097 1117//1117
f 1097//1097 1118//1118 1117//1117
f 1097//1097 1098//1098 1118//1118
f 1098//1098 1119//1119 1118//1118
f 1098//1098 1099//1099 1119//1119
f 1099//1099 1120//1120 1119//1119
f 1099//1099 1100//1100 1120//1120
f 1100//1100 1121//1121 1120//1120
f 1100//1100 1101//1101 1121//1121
f 1101//1101 1122//1122 1121//1121
f 1102//1102 1103//1103 1123//1123
f 1103//1103 1124//1124 1123//1123
f 1103//1103 1104//1104 1124//1124
f 1104//1104 1125//1125 1124//1124
f 1104//1104 1105//1105 1125//1125
f 1105//1105 1126//1126 1125//1125
f 1105//1105 1106//1106 1126//1126
f 1106//1106 1127//1127 1126//1126
f 1106//1106 1107//1107 1127//1127
f 1107//1107 1128//1128 1127//1127
f 1107//1107 1108//1108 1128//1128
f 1108//1108 1129//1129 1128//1128
f 1108//1108 1109//1109 1129//1129
f 1109//1109 1130//1130 1129//1129
f 1109//1109 1110//1110 1130//1130
f 1110//1110 1131//1131 1130//1130
f 1110//1110 1111//1111 1131//1131
f 1111//1111 1132//1132 1131//1131
f 1111//1111 1112//1112 1132//1132
f 1112//1112 1133//1133 1132//1132
f 1112//1112 1113//1113 1133//1133
f 1113//1113 1134//1134 1133//1133
f 1113//1113 1114//1114 1134//1134
f 1114//1114 1135//1135 1134//1134
f 1114//1114 1115//1115 1135//1135
f 1115//1115 1136//1136 1135//1135
f 1115//1115 1116//1116 1136//1136
f 1116//1116 1137//1137 1136//1136
f 1116//1116 1117//1117 1137//1137
f 1117//1117 1138//1138 1137//1137
f 1117//1117 1118//1118 1138//1138
f 1118//1118 1139//1139 1138//1138
f 1118//1118 1119//1119 1139//1139
f 1119//1119 1140//1140 1139//1139
f 1119//1119 1120//1120 1140//1140
f 1120//1120 1141//1141 1140//1140
f 1120//1120 1121//1121 1141//1141
f 1121//1121 1142//1142 1141//1141
f 1121//1121 1122//1122 1142//1142
f 1122//1122 1143//1143 1142//1142
f 1123//1123 1124//1124 1144//1144
f 1124//1124 1145//1145 1144//1144
f 1124//1124 1125//1125 1145//1145
f 1125//1125 1146//1146 1145//1145
f 1125//1125 1126//1126 1146//1146
f 1126//1126 1147//1147 1146//1146
f 1126//1126 1127//1127 1147//1147
f 1127//1127 1148//1148 1147//1147
f 1127//1127 1128//1128 1148//1148
f 1128//1128 1149//1149 1148//1148
f 1128//1128 1129//1129 1149//1149
f 1129//1129 1150//1150 1149//1149
f 1129//1129 1130//1130 1150//1150
f 1130//1130 1151//1151 1150//1150
f 1130//1130 1131//1131 1151//1151
f 1131//1131 1152//1152 1151//1151
f 1131//1131 1132//1132 1152//1152
f 1132//1132 1153//1153 1152//1152
f 1132//1132 1133//1133 1153//1153
f 1133//1133 1154//1154 1153//1153
f 1133//1133 1134//1134 1154//1154
f 1134//1134 1155//1155 1154//1154
f 1134//1134 1135//1135 1155//1155
f 1135//1135 1156//1156 1155//1155
f 1135//1135 1136//1136 1156//1156
f 1136//1136 1157//1157 1156//1156
f 1136//1136 1137//1137 1157//1157
f 1137//1137 1158//1158 1157//1157
f 1137//1137 1138//1138 1158//1158
f 1138//1138 1159//1159 1158//1158
f 1138//1138 1139//1139 1159//1159
f 1139//1139 1160//1160 1159//1159
f 1139//1139 1140//1140 1160//1160
f 1140//1140 1161//1161 1160//1160
f 1140//1140 1141//1141 1161//1161
f 1141//1141 1162//1162 1161//1161
f 1141//1141 1142//1142 1162//1162
f 1142//1142 1163//1163 1162//1162
f 1142//1142 1143//1143 1163//1163
f 1143//1143 1164//1164 1163//1163
f 1144//1144 1145//1145 1165//1165
f 1145//1145 1166//1166 1165//1165
f 1145//1145 1146//1146 1166//1166
f 1146//1146 1167//1167 1166//1166
f 1146//1146 1147//1147 1167//1167
f 1147//1147 1168//1168 1167//1167
f 1147//1147 1148//1148 1168//1168
f 1148//1148 1169//1169 1168//1168
f 1148//1148 1149//1149 1169//1169
f 1149//1149 1170//1170 1169//1169
f 1149//1149 1150//1150 1170//1170
f 1150//1150 1171//1171 1170//1170
f 1150//1150 1151//1151 1171//1171
f 1151//1151 1172//1172 1171//1171
f 1151//1151 1152//1152 1172//1172
f 1152//1152 1173//1173 1172//1172
f 1152//1152 1153//1153 1173//1173
f 1153//1153 1174//1174 1173//1173
f 1153//1153 1154//1154 1174//1174
f 1154//1154 1175//1175 1174//1174
f 1154//1154 1155//1155 1175//1175
f 1155//1155 1176//1176 1175//1175
f 1155//1155 1156//1156 1176//1176
f 1156//1156 1177//1177 1176//1176
f 1156//1156 1157//1157 1177//1177
f 1157//1157 1178//1178 1177//1177
f 1157//1157 1158//1158 1178//1178
f 1158//1158 1179//1179 1178//1178
f 1158//1158 1159//1159 1179//1179
f 1159//1159 1180//1180 1179//1179
f 1159//1159 1160//1160 1180//1180
f 1160//1160 1181//1181 1180//1180
f 1160//1160 1161//1161 1181//1181
f 1161//1161 1182//1182 1181//1181
f 1161//1161 1162//1162 1182//1182
f 1162//1162 1183//1183 1182//1182
f 1162//1162 1163//1163 1183//1183
f 1163//1163 1184//1184 1183//1183
f 1163//1163 1164//1164 1184//1184
f 1164//1164 1185//1185 1184//1184
f 1165//1165 1166//1166 1186//1186
f 1166//1166 1187//1187 1186//1186
f 1166//1166 1167//1167 1187//1187
f 1167//1167 1188//1188 1187//1187
f 1167//1167 1168//1168 1188//1188
f 1168//1168 1189//1189 1188//1188
f 1168//1168 1169//1169 1189//1189
f 1169//1169 1190//1190 1189//1189
f 1169//1169 1170//1170 1190//1190
f 1170//1170 1191//1191 1190//1190
f 1170//1170 1171//1171 1191//1191
f 1171//1171 1192//1192 1191//1191
f 1171//1171 1172//1172 1192//1192
f 1172//1172 1193//1193 1192//1192
f 1172//1172 1173//1173 1193//1193
f 1173//1173 1194//1194 1193//1193
f 1173//1173 1174//1174 1194//1194
f 1174//1174 1195//1195 1194//1194
f 1174//1174 1175//1175 1195//1195
f 1175//1175 1196//1196 1195//1195
f 1175//1175 1176//1176 1196//1196
f 1176//1176 1197//1197 1196//1196
f 1176//1176 1177//1177 1197//1197
f 1177//1177 1198//1198 1197//1197
f 1177//1177 1178//1178 1198//1198
f 1178//1178 1199//1199 1198//1198
f 1178//1178 1179//1179 1199//1199
f 1179//1179 1200//1200 1199//1199
f 1179//1179 1180//1180 1200//1200
f 1180//1180 1201//1201 1200//1200
f 1180//1180 1181//1181 1201//1201
f 1181//1181 1202//1202 1201//1201
f 1181//1181 1182//1182 1202//1202
f 1182//1182 1203//1203 1202//1202
f 1182//1182 1183//1183 1203//1203
f 1183//1183 1204//1204 1203//1203
f 1183//1183 1184//1184 1204//1204
f 1184//1184 1205//1205 1204//1204
f 1184//1184 1185//1185 1205//1205
f 1185//1185 1206//1206 1205//1205
f 1186//1186 1187//1187 1207//1207
f 1187//1187 1208//1208 1207//1207
f 1187//1187 1188//1188 1208//1208
f 1188//1188 1209//1209 1208//1208
f 1188//1188 1189//1189 1209//1209
f 1189//1189 1210//1210 1209//1209
f 1189//1189 1190//1190 1210//1210
f 1190//1190 1211//1211 1210//1210
f 1190//1190 1191//1191 1211//1211
f 1191//1191 1212//1212 1211//1211
f 1191//1191 1192//1192 1212//1212
f 1192//1192 1213//1213 1212//1212
f 1192//1192 1193//1193 1213//1213
f 1193//1193 1214//1214 1213//1213
f 1193//1193 1194//1194 1214//1214
f 1194//1194 1215//1215 1214//1214
f 1194//1194 1195//1195 1215//1215
f 1195//1195 1216//1216 1215//1215
f 1195//1195 1196//1196 1216//1216
f 1196//1196 1217//1217 1216//1216
f 1196//1196 1197//1197 1217//1217
f 1197//1197 1218//1218 1217//1217
f 1197//1197 1198//1198 1218//1218
f 1198//1198 1219//1219 1218//1218
f 1198//1198 1199//1199 1219//1219
f 1199//1199 1220//1220 1219//1219
f 1199//1199 1200//1200 1220//1220
f 1200//1200 1221//1221 1220//1220
f 1200//1200 1201//1201 1221//1221
f 1201//1201 1222//1222 1221//1221
f 1201//1201 1202//1202 1222//1222
f 1202//1202 1223//1223 1222//1222
f 1202//1202 1203//1203 1223//1223
f 1203//1203 1224//1224 1223//1223
f 1203//1203 1204//1204 1224//1224
f 1204//1204 1225//1225 1224//1224
f 1204//1204 1205//1205 1225//1225
f 1205//1205 1226//1226 1225//1225
f 1205//1205 1206//1206 1226//1226
f 1206//1206 1227//1227 1226//1226
f 1207//1207 1208//1208 1228//1228
f 1208//1208 1229//1229 1228//1228
f 1208//1208 1209//1209 1229//1229
f 1209//1209 1230//1230 1229//1229
f 1209//1209 1210//1210 1230//1230
f 1210//1210 1231//1231 1230//1230
f 1210//1210 1211//1211 1231//1231
f 1211//1211 1232//1232 1231//1231
f 1211//1211 1212//1212 1232//1232
f 1212//1212 1233//1233 1232//1232
f 1212//1212 1213//1213 1233//1233
f 1213//1213 1234//1234 1233//1233
f 1213//1213 1214//1214 1234//1234
f 1214//1214 1235//1235 1234//1234
f 1214//1214 1215//1215 1235//1235
f 1215//1215 1236//1236 1235//1235
f 1215//1215 1216//1216 1236//1236
f 1216//1216 1237//1237 1236//1236
f 1216//1216 1217//1217 1237//1237
f 1217//1217 1238//1238 1237//1237
f 1217//1217 1218//1218 1238//1238
f 1218//1218 1239//1239 1238//1238
f 1218//1218 1219//1219 1239//1239
f 1219//1219 1240//1240 1239//1239
f 1219//1219 1220//1220 1240//1240
f 1220//1220 1241//1241 1240//1240
f 1220//1220 1221//1221 1241//1241
f 1221//1221 1242//1242 1241//1241
f 1221//1221 1222//1222 1242//1242
f 1222//1222 1243//1243 1242//1242
f 1222//1222 1223//1223 1243//1243
f 1223//1223 1244//1244 1243//1243
f 1223//1223 1224//1224 1244//1244
f 1224//1224 1245//1245 1244//1244
f 1224//1224 1225//1225 1245//1245
f 1225//1225 1246//1246 1245//1245
f 1225//1225 1226//1226 1246//1246
f 1226//1226 1247//1247 1246//1246
f 1226//1226 1227//1227 1247//1247
f 1227//1227 1248//1248 1247//1247
f 1228//1228 1229//1229 1249//1249
f 1229//1229 1250//1250 1249//1249
f 1229//1229 1230//1230 1250//1250
f 1230//1230 1251//1251 1250//1250
f 1230//1230 1231//1231 1251//1251
f 1231//1231 1252//1252 1251//1251
f 1231//1231 1232//1232 1252//1252
f 1232//1232 1253//1253 1252//1252
f 1232//1232 1233//1233 1253//1253
f 1233//1233 1254//1254 1253//1253
f 1233//1233 1234//1234 1254//1254
f 1234//1234 1255//1255 1254//1254
f 1234//1234 1235//1235 1255//1255
f 1235//1235 1256//1256 1255//1255
f 1235//1235 1236//1236 1256//1256
f 1236//1236 1257//1257 1256//1256
f 1236//1236 1237//1237 1257//1257
f 1237//1237 1258//1258 1257//1257
f 1237//1237 1238//1238 1258//1258
f 1238//1238 1259//1259 1258//1258
f 1238//1238 1239//1239 1259//1259
f 1239//1239 1260//1260 1259//1259
f 1239//1239 1240//1240 1260//1260
f 1240//1240 1261//1261 1260//1260
f 1240//1240 1241//1241 1261//1261
f 1241//1241 1262//1262 1261//1261
f 1241//1241 1242//1242 1262//1262
f 1242//1242 1263//1263 1262//1262
f 1242//1242 1243//1243 1263//1263
f 1243//1243 1264//1264 1263//1263
f 1243//1243 1244//1244 1264//1264
f 1244//1244 1265//1265 1264//1264
f 1244//1244 1245//1245 1265//1265
f 1245//1245 1266//1266 1265//1265
f 1245//1245 1246//1246 1266//1266
f 1246//1246 1267//1267 1266//1266
f 1246//1246 1247//1247 1267//1267
f 1247//1247 1268//1268 1267//1267
f 1247//1247 1248//1248 1268//1268
f 1248//1248 1269//1269 1268//1268
f 1249//1249 1250//1250 1270//1270
f 1250//1250 1271//1271 1270//1270
f 1250//1250 1251//1251 1271//1271
f 1251//1251 1272//1272 1271//1271
f 1251//1251 1252//1252 1272//1272
f 1252//1252 1273//1273 1272//1272
f 1252//1252 1253//1253 1273//1273
f 1253//1253 1274//1274 1273//1273
f 1253//1253 1254//1254 1274//1274
f 1254//1254 1275//1275 1274//1274
f 1254//1254 1255//1255 1275//1275
f 1255//1255 1276//1276 1275//1275
f 1255//1255 1256//1256 1276//1276
f 1256//1256 1277//1277 1276//1276
f 1256//1256 1257//1257 1277//1277
f 1257//1257 1278//1278 1277//1277
f 1257//1257 1258//1258 1278//1278
f 1258//1258 1279//1279 1278//1278
f 1258//1258 1259//1259 1279//1279
f 1259//1259 1280//1280 1279//1279
f 1259//1259 1260//1260 1280//1280
f 1260//1260 1281//1281 1280//1280
f 1260//1260 1261//1261 1281//1281
f 1261//1261 1282//1282 1281//1281
f 1261//1261 1262//1262 1282//1282
f 1262//1262 1283//1283 1282//1282
f 1262//1262 1263//1263 1283//1283
f 1263//1263 1284//1284 1283//1283
f 1263//1263 1264//1264 1284//1284
f 1264//1264 1285//1285 1284//1284
f 1264//1264 1265//1265 1285//1285
f 1265//1265 1286//1286 1285//1285
f 1265//1265 1266//1266 1286//1286
f 1266//1266 1287//1287 1286//1286
f 1266//1266 1267//1267 1287//1287
f 1267//1267 1288//1288 1287//1287
f 1267//1267 1268//1268 1288//1288
f 1268//1268 1289//1289 1288//1288
f 1268//1268 1269//1269 1289//1289
f 1269//1269 1290//1290 1289//1289
f 1270//1270 1271//1271 1291//1291
f 1271//1271 1292//1292 1291//1291
f 1271//1271 1272//1272 1292//1292
f 1272//1272 1293//1293 1292//1292
f 1272//1272 1273//1273 1293//1293
f 1273//1273 1294//1294 1293//1293
f 1273//1273 1274//1274 1294//1294
f 1274//1274 1295//1295 1294//1294
f 1274//1274 1275//1275 1295//1295
f 1275//1275 1296//1296 1295//1295
f 1275//1275 1276//1276 1296//1296
f 1276//1276 1297//1297 1296//1296
f 1276//1276 1277//1277 1297//1297
f 1277//1277 1298//1298 1297//1297
f 1277//1277 1278//1278 1298//1298
f 1278//1278 1299//1299 1298//1298
f 1278//1278 1279//1279 1299//1299
f 1279//1279 1300//1300 1299//1299
f 1279//1279 1280//1280 1300//1300
f 1280//1280 1301//1301 1300//1300
f 1280//1280 1281//1281 1301//1301
f 1281//1281 1302//1302 1301//1301
f 1281//1281 1282//1282 1302//1302
f 1282//1282 1303//1303 1302//1302
f 1282//1282 1283//1283 1303//1303
f 1283//1283 1304//1304 1303//1303
f 1283//1283 1284//1284 1304//1304
f 1284//1284 1305//1305 1304//1304
f 1284//1284 1285//1285 1305//1305
f 1285//1285 1306//1306 1305//1305
f 1285//1285 1286//1286 1306//1306
f 1286//1286 1307//1307 1306//1306
f 1286//1286 1287//1287 1307//1307
f 1287//1287 1308//1308 1307//1307
f 1287//1287 1288//1288 1308//1308
f 1288//1288 1309//1309 1308//1308
f 1288//1288 1289//1289 1309//1309
f 1289//1289 1310//1310 1309//1309
f 1289//1289 1290//1290 1310//1310
f 1290//1290 1311//1311 1310//1310
f 1291//1291 1292//1292 1312//1312
f 1292//1292 1313//1313 1312//1312
f 1292//1292 1293//1293 1313//1313
f 1293//1293 1314//1314 1313//1313
f 1293//1293 1294//1294 1314//1314
f 1294//1294 1315//1315 1314//1314
f 1294//1294 1295//1295 1315//1315
f 1295//1295 1316//1316 1315//1315
f 1295//1295 1296//1296 1316//1316
f 1296//1296 1317//1317 1316//1316
f 1296//1296 1297//1297 1317//1317
f 1297//1297 1318//1318 1317//1317
f 1297//1297 1298//1298 1318//1318
f 1298//1298 1319//1319 1318//1318
f 1298//1298 1299//1299 1319//1319
f 1299//1299 1320//1320 1319//1319
f 1299//1299 1300//1300 1320//1320
f 1300//1300 1321//1321 1320//1320
f 1300//1300 1301//1301 1321//1321
f 1301//1301 1322//1322 1321//1321
f 1301//1301 1302//1302 1322//1322
f 1302//1302 1323//1323 1322//1322
f 1302//1302 1303//1303 1323//1323
f 1303//1303 1324//1324 1323//1323
f 1303//1303 1304//1304 1324//1324
f 1304//1304 1325//1325 1324//1324
f 1304//1304 1305//1305 1325//1325
f 1305//1305 1326//1326 1325//1325
f 1305//1305 1306//1306 1326//1326
f 1306//1306 1327//1327 1326//1326
f 1306//1306 1307//1307 1327//1327
f 1307//1307 1328//1328 1327//1327
f 1307//1307 1308//1308 1328//1328
f 1308//1308 1329//1329 1328//1328
f 1308//1308 1309//1309 1329//1329
f 1309//1309 1330//1330 1329//1329
f 1309//1309 1310//1310 1330//1330
f 1310//1310 1331//1331 1330//1330
f 1310//1310 1311//1311 1331//1331
f 1311//1311 1332//1332 1331//1331
f 1312//1312 1313//1313 1333//1333
f 1313//1313 1334//1334 1333//1333
f 1313//1313 1314//1314 1334//1334
f 1314//1314 1335//1335 1334//1334
f 1314//1314 1315//1315 1335//1335
f 1315//1315 1336//1336 1335//1335
f 1315//1315 1316//1316 1336//1336
f 1316//1316 1337//1337 1336//1336
f 1316//1316 1317//1317 1337//1337
f 1317//1317 1338//1338 1337//1337
f 1317//1317 1318//1318 1338//1338
f 1318//1318 1339//1339 1338//1338
f 1318//1318 1319//1319 1339//1339
f 1319//1319 1340//1340 1339//1339
f 1319//1319 1320//1320 1340//1340
f 1320//1320 1341//1341 1340//1340
f 1320//1320 1321//1321 1341//1341
f 1321//1321 1342//1342 1341//1341
f 1321//1321 1322//1322 1342//1342
f 1322//1322 1343//1343 1342//1342
f 1322//1322 1323//1323 1343//1343
f 1323//1323 1344//1344 1343//1343
f 1323//1323 1324//1324 1344//1344
f 1324//1324 1345//1345 1344//1344
f 1324//1324 1325//1325 1345//1345
f 1325//1325 1346//1346 1345//1345
f 1325//1325 1326//1326 1346//1346
f 1326//1326 1347//1347 1346//1346
f 1326//1326 1327//1327 1347//1347
f 1327//1327 1348//1348 1347//1347
f 1327//1327 1328//1328 1348//1348
f 1328//1328 1349//1349 1348//1348
f 1328//1328 1329//1329 1349//1349
f 1329//1329 1350//1350 1349//1349
f 1329//1329 1330//1330 1350//1350
f 1330//1330 1351//1351 1350//1350
f 1330//1330 1331//1331 1351//1351
f 1331//1331 1352//1352 1351//1351
f 1331//1331 1332//1332 1352//1352
f 1332//1332 1353//1353 1352//1352
f 1354//1354 1355//1355 1375//1375
f 1355//1355 1376//1376 1375//1375
f 1355//1355 1356//1356 1376//1376
f 1356//1356 1377//1377 1376//1376
f 1356//1356 1357//1357 1377//1377
f 1357//1357 1378//1378 1377//1377
f 1357//1357 1358//1358 1378//1378
f 1358//1358 1379//1379 1378//1378
f 1358//1358 1359//1359 1379//1379
f 1359//1359 1380//1380 1379//1379
f 1359//1359 1360//1360 1380//1380
f 1360//1360 1381//1381 1380//1380
f 1360//1360 1361//1361 1381//1381
f 1361//1361 1382//1382 1381//1381
f 1361//1361 1362//1362 1382//1382
f 1362//1362 1383//1383 1382//1382
f 1362//1362 1363//1363 1383//1383
f 1363//1363 1384//1384 1383//1383
f 1363//1363 1364//1364 1384//1384
f 1364//1364 1385//1385 1384//1384
f 1364//1364 1365//1365 1385//1385
f 1365//1365 1386//1386 1385//1385
f 1365//1365 1366//1366 1386//1386
f 1366//1366 1387//1387 1386//1386
f 1366//1366 1367//1367 1387//1387
f 1367//1367 1388//1388 1387//1387
f 1367//1367 1368//1368 1388//1388
f 1368//1368 1389//1389 1388//1388
f 1368//1368 1369//1369 1389//1389
f 1369//1369 1390//1390 1389//1389
f 1369//1369 1370//1370 1390//1390
f 1370//1370 1391//1391 1390//1390
f 1370//1370 1371//1371 1391//1391
f 1371//1371 1392//1392 1391//1391
f 1371//1371 1372//1372 1392//1392
f 1372//1372 1393//1393 1392//1392
f 1372//1372 1373//1373 1393//1393
f 1373//1373 1394//1394 1393//1393
f 1373//1373 1374//1374 1394//1394
f 1374//1374 1395//1395 1394//1394
f 1375//1375 1376//1376 1396//1396
f 1376//1376 1397//1397 1396//1396
f 1376//1376 1377//1377 1397//1397
f 1377//1377 1398//1398 1397//1397
f 1377//1377 1378//1378 1398//1398
f 1378//1378 1399//1399 1398//1398
f 1378//1378 1379//1379 1399//1399
f 1379//1379 1400//1400 1399//1399
f 1379//1379 1380//1380 1400//1400
f 1380//1380 1401//1401 1400//1400
f 1380//1380 1381//1381 1401//1401
f 1381//1381 1402//1402 1401//1401
f 1381//1381 1382//1382 1402//1402
f 1382//1382 1403//1403 1402//1402
f 1382//1382 1383//1383 1403//1403
f 1383//1383 1404//1404 1403//1403
f 1383//1383 1384//1384 1404//1404
f 1384//1384 1405//1405 1404//1404
f 1384//1384 1385//1385 1405//1405
f 1385//1385 1406//1406 1405//1405
f 1385//1385 1386//1386 1406//1406
f 1386//1386 1407//1407 1406//1406
f 1386//1386 1387//1387 1407//1407
f 1387//1387 1408//1408 1407//1407
f 1387//1387 1388//1388 1408//1408
f 1388//1388 1409//1409 1408//1408
f 1388//1388 1389//1389 1409//1409
f 1389//1389 1410//1410 1409//1409
f 1389//1389 1390//1390 1410//1410
f 1390//1390 1411//1411 1410//1410
f 1390//1390 1391//1391 1411//1411
f 1391//1391 1412//1412 1411//1411
f 1391//1391 1392//1392 1412//1412
f 1392//1392 1413//1413 1412//1412
f 1392//1392 1393//1393 1413//1413
f 1393//1393 1414//1414 1413//1413
f 1393//1393 1394//1394 1414//1414
f 1394//1394 1415//1415 1414//1414
f 1394//1394 1395//1395 1415//1415
f 1395//1395 1416//1416 1415//1415
f 1396//1396 1397//1397 1417//1417
f 1397//1397 1418//1418 1417//1417
f 1397//1397 1398//1398 1418//1418
f 1398//1398 1419//1419 1418//1418
f 1398//1398 1399//1399 1419//1419
f 1399//1399 1420//1420 1419//1419
f 1399//1399 1400//1400 1420//1420
f 1400//1400 1421//1421 1420//1420
f 1400//1400 1401//1401 1421//1421
f 1401//1401 1422//1422 1421//1421
f 1401//1401 1402//1402 1422//1422
f 1402//1402 1423//1423 1422//1422
f 1402//1402 1403//1403 1423//1423
f 1403//1403 1424//1424 1423//1423
f 1403//1403 1404//1404 1424//1424
f 1404//1404 1425//1425 1424//1424
f 1404//1404 1405//1405 1425//1425
f 1405//1405 1426//1426 1425//1425
f 1405//1405 1406//1406 1426//1426
f 1406//1406 1427//1427 1426//1426
f 1406//1406 1407//1407 1427//1427
f 1407//1407 1428//1428 1427//1427
f 1407//1407 1408//1408 1428//1428
f 1408//1408 1429//1429 1428//1428
f 1408//1408 1409//1409 1429//1429
f 1409//1409 1430//1430 1429//1429
f 1409//1409 1410//1410 1430//1430
f 1410//1410 1431//1431 1430//1430
f 1410//1410 1411//1411 1431//1431
f 1411//1411 1432//1432 1431//1431
f 1411//1411 1412//1412 1432//1432
f 1412//1412 1433//1433 1432//1432
f 1412//1412 1413//1413 1433//1433
f 1413//1413 1434//1434 1433//1433
f 1413//1413 1414//1414 1434//1434
f 1414//1414 1435//1435 1434//1434
f 1414//1414 1415//1415 1435//1435
f 1415//1415 1436//1436 1435//1435
f 1415//1415 1416//1416 1436//1436
f 1416//1416 1437//1437 1436//1436
f 1417//1417 1418//1418 1438//1438
f 1418//1418 1439//1439 1438//1438
f 1418//1418 1419//1419 1439//1439
f 1419//1419 1440//1440 1439//1439
f 1419//1419 1420//1420 1440//1440
f 1420//1420 1441//1441 1440//1440
f 1420//1420 1421//1421 1441//1441
f 1421//1421 1442//1442 1441//1441
f 1421//1421 1422//1422 1442//1442
f 1422//1422 1443//1443 1442//1442
f 1422//1422 1423//1423 1443//1443
f 1423//1423 1444//1444 1443//1443
f 1423//1423 1424//1424 1444//1444
f 1424//1424 1445//1445 1444//1444
f 1424//1424 1425//1425 1445//1445
f 1425//1425 1446//1446 1445//1445
f 1425//1425 1426//1426 1446//1446
f 1426//1426 1447//1447 1446//1446
f 1426//1426 1427//1427 1447//1447
f 1427//1427 1448//1448 1447//1447
f 1427//1427 1428//1428 1448//1448
f 1428//1428 1449//1449 1448//1448
f 1428//1428 1429//1429 1449//1449
f 1429//1429 1450//1450 1449//1449
f 1429//1429 1430//1430 1450//1450
f 1430//1430 1451//1451 1450//1450
f 1430//1430 1431//1431 1451//1451
f 1431//1431 1452//1452 1451//1451
f 1431//1431 1432//1432 1452//1452
f 1432//1432 1453//1453 1452//1452
f 1432//1432 1433//1433 1453//1453
f 1433//1433 1454//1454 1453//1453
f 1433//1433 1434//1434 1454//1454
f 1434//1434 1455//1455 1454//1454
f 1434//1434 1435//1435 1455//1455
f 1435//1435 1456//1456 1455//1455
f 1435//1435 1436//1436 1456//1456
f 1436//1436 1457//1457 1456//1456
f 1436//1436 1437//1437 1457//1457
f 1437//1437 1458//1458 1457//1457
f 1438//1438 1439//1439 1459//1459
f 1439//1439 1460//1460 1459//1459
f 1439//1439 1440//1440 1460//1460
f 1440//1440 1461//1461 1460//1460
f 1440//1440 1441//1441 1461//1461
f 1441//1441 1462//1462 1461//1461
f 1441//1441 1442//1442 1462//1462
f 1442//1442 1463//1463 1462//1462
f 1442//1442 1443//1443 1463//1463
f 1443//1443 1464//1464 1463//1463
f 1443//1443 1444//1444 1464//1464
f 1444//1444 1465//1465 1464//1464
f 1444//1444 1445//1445 1465//1465
f 1445//1445 1466//1466 1465//1465
f 1445//1445 1446//1446 1466//1466
f 1446//1446 1467//1467 1466//1466
f 1446//1446 1447//1447 1467//1467
f 1447//1447 1468//1468 1467//1467
f 1447//1447 1448//1448 1468//1468
f 1448//1448 1469//1469 1468//1468
f 1448//1448 1449//1449 1469//1469
f 1449//1449 1470//1470 1469//1469
f 1449//1449 1450//1450 1470//1470
f 1450//1450 1471//1471 1470//1470
f 1450//1450 1451//1451 1471//1471
f 1451//1451 1472//1472 1471//1471
f 1451//1451 1452//1452 1472//1472
f 1452//1452 1473//1473 1472//1472
f 1452//1452 1453//1453 1473//1473
f 1453//1453 1474//1474 1473//1473
f 1453//1453 1454//1454 1474//1474
f 1454//1454 1475//1475 1474//1474
f 1454//1454 1455//1455 1475//1475
f 1455//1455 1476//1476 1475//1475
f 1455//1455 1456//1456 1476//1476
f 1456//1456 1477//1477 1476//1476
f 1456//1456 1457//1457 1477//1477
f 1457//1457 1478//1478 1477//1477
f 1457//1457 1458//1458 1478//1478
f 1458//1458 1479//1479 1478//1478
f 1459//1459 1460//1460 1480//1480
f 1460//1460 1481//1481 1480//1480
f 1460//1460 1461//1461 1481//1481
f 1461//1461 1482//1482 1481//1481
f 1461//1461 1462//1462 1482//1482
f 1462//1462 1483//1483 1482//1482
f 1462//1462 1463//1463 1483//1483
f 1463//1463 1484//1484 1483//1483
f 1463//1463 1464//1464 1484//1484
f 1464//1464 1485//1485 1484//1484
f 1464//1464 1465//1465 1485//1485
f 1465//1465 1486//1486 1485//1485
f 1465//1465 1466//1466 1486//1486
f 1466//1466 1487//1487 1486//1486
f 1466//1466 1467//1467 1487//1487
f 1467//1467 1488//1488 1487//1487
f 1467//1467 1468//1468 1488//1488
f 1468//1468 1489//1489 1488//1488
f 1468//1468 1469//1469 1489//1489
f 1469//1469 1490//1490 1489//1489
f 1469//1469 1470//1470 1490//1490
f 1470//1470 1491//1491 1490//1490
f 1470//1470 1471//1471 1491//1491
f 1471//1471 1492//1492 1491//1491
f 1471//1471 1472//1472 1492//1492
f 1472//1472 1493//1493 1492//1492
f 1472//1472 1473//1473 1493//1493
f 1473//1473 1494//1494 1493//1493
f 1473//1473 1474//1474 1494//1494
f 1474//1474 1495//1495 1494//1494
f 1474//1474 1475//1475 1495//1495
f 1475//1475 1496//1496 1495//1495
f 1475//1475 1476//1476 1496//1496
f 1476//1476 1497//1497 1496//1496
f 1476//1476 1477//1477 1497//1497
f 1477//1477 1498//1498 1497//1497
f 1477//1477 1478//1478 1498//1498
f 1478//1478 1499//1499 1498//1498
f 1478//1478 1479//1479 1499//1499
f 1479//1479 1500//1500 1499//1499
f 1480//1480 1481//1481 1501//1501
f 1481//1481 1502//1502 1501//1501
f 1481//1481 1482//1482 1502//1502
f 1482//1482 1503//1503 1502//1502
f 1482//1482 1483//1483 1503//1503
f 1483//1483 1504//1504 1503//1503
f 1483//1483 1484//1484 1504//1504
f 1484//1484 1505//1505 1504//1504
f 1484//1484 1485//1485 1505//1505
f 1485//1485 1506//1506 1505//1505
f 1485//1485 1486//1486 1506//1506
f 1486//1486 1507//1507 1506//1506
f 1486//1486 1487//1487 1507//1507
f 1487//1487 1508//1508 1507//1507
f 1487//1487 1488//1488 1508//1508
f 1488//1488 1509//1509 1508//1508
f 1488//1488 1489//1489 1509//1509
f 1489//1489 1510//1510 1509//1509
f 1489//1489 1490//1490 1510//1510
f 1490//1490 1511//1511 1510//1510
f 1490//1490 1491//1491 1511//1511
f 1491//1491 1512//1512 1511//1511
f 1491//1491 1492//1492 1512//1512
f 1492//1492 1513//1513 1512//1512
f 1492//1492 1493//1493 1513//1513
f 1493//1493 1514//1514 1513//1513
f 1493//1493 1494//1494 1514//1514
f 1494//1494 1515//1515 1514//1514
f 1494//1494 1495//1495 1515//1515
f 1495//1495 1516//1516 1515//1515
f 1495//1495 1496//1496 1516//1516
f 1496//1496 1517//1517 1516//1516
f 1496//1496 1497//1497 1517//1517
f 1497//1497 1518//1518 1517//1517
f 1497//1497 1498//1498 1518//1518
f 1498//1498 1519//1519 1518//1518
f 1498//1498 1499//1499 1519//1519
f 1499//1499 1520//1520 1519//1519
f 1499//1499 1500//1500 1520//1520
f 1500//1500 1521//1521 1520//1520
f 1501//1501 1502//1502 1522//1522
f 1502//1502 1523//1523 1522//1522
f 1502//1502 1503//1503 1523//1523
f 1503//1503 1524//1524 1523//1523
f 1503//1503 1504//1504 1524//1524
f 1504//1504 1525//1525 1524//1524
f 1504//1504 1505//1505 1525//1525
f 1505//1505 1526//1526 1525//1525
f 1505//1505 1506//1506 1526//1526
f 1506//1506 1527//1527 1526//1526
f 1506//1506 1507//1507 1527//1527
f 1507//1507 1528//1528 1527//1527
f 1507//1507 1508//1508 1528//1528
f 1508//1508 1529//1529 1528//1528
f 1508//1508 1509//1509 1529//1529
f 1509//1509 1530//1530 1529//1529
f 1509//1509 1510//1510 1530//1530
f 1510//1510 1531//1531 1530//1530
f 1510//1510 1511//1511 1531//1531
f 1511//1511 1532//1532 1531//1531
f 1511//1511 1512//1512 1532//1532
f 1512//1512 1533//1533 1532//1532
f 1512//1512 1513//1513 1533//1533
f 1513//1513 1534//1534 1533//1533
f 1513//1513 1514//1514 1534//1534
f 1514//1514 1535//1535 1534//1534
f 1514//1514 1515//1515 1535//1535
f 1515//1515 1536//1536 1535//1535
f 1515//1515 1516//1516 1536//1536
f 1516//1516 1537//1537 1536//1536
f 1516//1516 1517//1517 1537//1537
f 1517//1517 1538//1538 1537//1537
f 1517//1517 1518//1518 1538//1538
f 1518//1518 1539//1539 1538//1538
f 1518//1518 1519//1519 1539//1539
f 1519//1519 1540//1540 1539//1539
f 1519//1519 1520//1520 1540//1540
f 1520//1520 1541//1541 1540//1540
f 1520//1520 1521//1521 1541//1541
f 1521//1521 1542//1542 1541//1541
f 1522//1522 1523//1523 1543//1543
f 1523//1523 1544//1544 1543//1543
f 1523//1523 1524//1524 1544//1544
f 1524//1524 1545//1545 1544//1544
f 1524//1524 1525//1525 1545//1545
f 1525//1525 1546//1546 1545//1545
f 1525//1525 1526//1526 1546//1546
f 1526//1526 1547//1547 1546//1546
f 1526//1526 1527//1527 1547//1547
f 1527//1527 1548//1548 1547//1547
f 1527//1527 1528//1528 1548//1548
f 1528//1528 1549//1549 1548//1548
f 1528//1528 1529//1529 1549//1549
f 1529//1529 1550//1550 1549//1549
f 1529//1529 1530//1530 1550//1550
f 1530//1530 1551//1551 1550//1550
f 1530//1530 1531//1531 1551//1551
f 1531//1531 1552//1552 1551//1551
f 1531//1531 1532//1532 1552//1552
f 1532//1532 1553//1553 1552//1552
f 1532//1532 1533//1533 1553//1553
f 1533//1533 1554//1554 1553//1553
f 1533//1533 1534//1534 1554//1554
f 1534//1534 1555//1555 1554//1554
f 1534//1534 1535//1535 1555//1555
f 1535//1535 1556//1556 1555//1555
f 1535//1535 1536//1536 1556//1556
f 1536//1536 1557//1557 1556//1556
f 1536//1536 1537//1537 1557//1557
f 1537//1537 1558//1558 1557//1557
f 1537//1537 1538//1538 1558//1558
f 1538//1538 1559//1559 1558//1558
f 1538//1538 1539//1539 1559//1559
f 1539//1539 1560//1560 1559//1559
f 1539//1539 1540//1540 1560//1560
f 1540//1540 1561//1561 1560//1560
f 1540//1540 1541//1541 1561//1561
f 1541//1541 1562//1562 1561//1561
f 1541//1541 1542//1542 1562//1562
f 1542//1542 1563//1563 1562//1562
f 1543//1543 1544//1544 1564//1564
f 1544//1544 1565//1565 1564//1564
f 1544//1544 1545//1545 1565//1565
f 1545//1545 1566//1566 1565//1565
f 1545//1545 1546//1546 1566//1566
f 1546//1546 1567//1567 1566//1566
f 1546//1546 1547//1547 1567//1567
f 1547//1547 1568//1568 1567//1567
f 1547//1547 1548//1548 1568//1568
f 1548//1548 1569//1569 1568//1568
f 1548//1548 1549//1549 1569//1569
f 1549//1549 1570//1570 1569//1569
f 1549//1549 1550//1550 1570//1570
f 1550//1550 1571//1571 1570//1570
f 1550//1550 1551//1551 1571//1571
f 1551//1551 1572//1572 1571//1571
f 1551//1551 1552//1552 1572//1572
f 1552//1552 1573//1573 1572//1572
f 1552//1552 1553//1553 1573//1573
f 1553//1553 1574//1574 1573//1573
f 1553//1553 1554//1554 1574//1574
f 1554//1554 1575//1575 1574//1574
f 1554//1554 1555//1555 1575//1575
f 1555//1555 1576//1576 1575//1575
f 1555//1555 1556//1556 1576//1576
f 1556//1556 1577//1577 1576//1576
f 1556//1556 1557//1557 1577//1577
f 1557//1557 1578//1578 1577//1577
f 1557//1557 1558//1558 1578//1578
f 1558//1558 1579//1579 1578//1578
f 1558//1558 1559//1559 1579//1579
f 1559//1559 1580//1580 1579//1579
f 1559//1559 1560//1560 1580//1580
f 1560//1560 1581//1581 1580//1580
f 1560//1560 1561//1561 1581//1581
f 1561//1561 1582//1582 1581//1581
f 1561//1561 1562//1562 1582//1582
f 1562//1562 1583//1583 1582//1582
f 1562//1562 1563//1563 1583//1583
f 1563//1563 1584//1584 1583//1583
f 1564//1564 1565//1565 1585//1585
f 1565//1565 1586//1586 1585//1585
f 1565//1565 1566//1566 1586//1586
f 1566//1566 1587//1587 1586//1586
f 1566//1566 1567//1567 1587//1587
f 1567//1567 1588//1588 1587//1587
f 1567//1567 1568//1568 1588//1588
f 1568//1568 1589//1589 1588//1588
f 1568//1568 1569//1569 1589//1589
f 1569//1569 1590//1590 1589//1589
f 1569//1569 1570//1570 1590//1590
f 1570//1570 1591//1591 1590//1590
f 1570//1570 1571//1571 1591//1591
f 1571//1571 1592//1592 1591//1591
f 1571//1571 1572//1572 1592//1592
f 1572//1572 1593//1593 1592//1592
f 1572//1572 1573//1573 1593//1593
f 1573//1573 1594//1594 1593//1593
f 1573//1573 1574//1574 1594//1594
f 1574//1574 1595//1595 1594//1594
f 1574//1574 1575//1575 1595//1595
f 1575//1575 1596//1596 1595//1595
f 1575//1575 1576//1576 1596//1596
f 1576//1576 1597//1597 1596//1596
f 1576//1576 1577//1577 1597//1597
f 1577//1577 1598//1598 1597//1597
f 1577//1577 1578//1578 1598//1598
f 1578//1578 1599//1599 1598//1598
f 1578//1578 1579//1579 1599//1599
f 1579//1579 1600//1600 1599//1599
f 1579//1579 1580//1580 1600//1600
f 1580//1580 1601//1601 1600//1600
f 1580//1580 1581//1581 1601//1601
f 1581//1581 1602//1602 1601//1601
f 1581//1581 1582//1582 1602//1602
f 1582//1582 1603//1603 1602//1602
f 1582//1582 1583//1583 1603//1603
f 1583//1583 1604//1604 1603//1603
f 1583//1583 1584//1584 1604//1604
f 1584//1584 1605//1605 1604//1604
f 1585//1585 1586//1586 1606//1606
f 1586//1586 1607//1607 1606//1606
f 1586//1586 1587//1587 1607//1607
f 1587//1587 1608//1608 1607//1607
f 1587//1587 1588//1588 1608//1608
f 1588//1588 1609//1609 1608//1608
f 1588//1588 1589//1589 1609//1609
f 1589//1589 1610//1610 1609//1609
f 1589//1589 1590//1590 1610//1610
f 1590//1590 1611//1611 1610//1610
f 1590//1590 1591//1591 1611//1611
f 1591//1591 1612//1612 1611//1611
f 1591//1591 1592//1592 1612//1612
f 1592//1592 1613//1613 1612//1612
f 1592//1592 1593//1593 1613//1613
f 1593//1593 1614//1614 1613//1613
f 1593//1593 1594//1594 1614//1614
f 1594//1594 1615//1615 1614//1614
f 1594//1594 1595//1595 1615//1615
f 1595//1595 1616//1616 1615//1615
f 1595//1595 1596//1596 1616//1616
f 1596//1596 1617//1617 1616//1616
f 1596//1596 1597//1597 1617//1617
f 1597//1597 1618//1618 1617//1617
f 1597//1597 1598//1598 1618//1618
f 1598//1598 1619//1619 1618//1618
f 1598//1598 1599//1599 1619//1619
f 1599//1599 1620//1620 1619//1619
f 1599//1599 1600//1600 1620//1620
f 1600//1600 1621//1621 1620//1620
f 1600//1600 1601//1601 1621//1621
f 1601//1601 1622//1622 1621//1621
f 1601//1601 1602//1602 1622//1622
f 1602//1602 1623//1623 1622//1622
f 1602//1602 1603//1603 1623//1623
f 1603//1603 1624//1624 1623//1623
f 1603//1603 1604//1604 1624//1624
f 1604//1604 1625//1625 1624//1624
f 1604//1604 1605//1605 1625//1625
f 1605//1605 1626//1626 1625//1625
o station-dishes_ivory
usemtl ivory
v 0.000000 0.398480 0.000000
v 0.000000 0.398480 0.000000
v 0.000000 0.398480 0.000000
v 0.000000 0.398480 0.000000
v 0.000000 0.398480 0.000000
v 0.000000 0.398480 0.000000
v 0.000000 0.398480 0.000000
v 0.000000 0.398480 0.000000
v 0.000000 0.398480 0.000000
v 0.000000 0.398480 0.000000
v 0.000000 0.398480 0.000000
v 0.000000 0.398480 0.000000
v 0.000000 0.398480 0.000000
v 0.000000 0.398480 0.000000
v 0.000000 0.398480 0.000000
v 0.000000 0.398480 0.000000
v 0.000000 0.398480 0.000000
v 0.000000 0.398480 0.000000
v 0.000000 0.398480 0.000000
v 0.000000 0.398480 0.000000
v 0.000000 0.398480 0.000000
v 0.000000 0.398480 0.000000
v 0.000000 0.398480 0.000000
v 0.000000 0.398480 0.000000
v 0.000000 0.398480 0.000000
v 0.000000 0.398480 0.000000
v 0.000000 0.398480 0.000000
v 0.000000 0.398480 0.000000
v 0.000000 0.398480 0.000000
v 0.000000 0.398480 0.000000
v 0.000000 0.398480 0.000000
v 0.000000 0.398480 0.000000
v 0.000000 0.398480 0.000000
v 0.000000 0.398480 0.000000
v 0.000000 0.398480 0.000000
v 0.000000 0.398480 0.000000
v 0.000000 0.398480 0.000000
v 0.000000 0.398480 0.000000
v 0.000000 0.398480 0.000000
v 0.000000 0.398480 0.000000
v 0.000000 0.398480 0.000000
v 0.096000 0.398480 0.000000
v 0.094818 0.398480 0.015018
v 0.091301 0.398480 0.029666
v 0.085537 0.398480 0.043583
v 0.077666 0.398480 0.056427
v 0.067882 0.398480 0.067882
v 0.056427 0.398480 0.077666
v 0.043583 0.398480 0.085537
v 0.029666 0.398480 0.091301
v 0.015018 0.398480 0.094818
v 0.000000 0.398480 0.096000
v -0.015018 0.398480 0.094818
v -0.029666 0.398480 0.091301
v -0.043583 0.398480 0.085537
v -0.056427 0.398480 0.077666
v -0.067882 0.398480 0.067882
v -0.077666 0.398480 0.056427
v -0.085537 0.398480 0.043583
v -0.091301 0.398480 0.029666
v -0.094818 0.398480 0.015018
v -0.096000 0.398480 0.000000
v -0.094818 0.398480 -0.015018
v -0.091301 0.398480 -0.029666
v -0.085537 0.398480 -0.043583
v -0.077666 0.398480 -0.056427
v -0.067882 0.398480 -0.067882
v -0.056427 0.398480 -0.077666
v -0.043583 0.398480 -0.085537
v -0.029666 0.398480 -0.091301
v -0.015018 0.398480 -0.094818
v -0.000000 0.398480 -0.096000
v 0.015018 0.398480 -0.094818
v 0.029666 0.398480 -0.091301
v 0.043583 0.398480 -0.085537
v 0.056427 0.398480 -0.077666
v 0.067882 0.398480 -0.067882
v 0.077666 0.398480 -0.056427
v 0.085537 0.398480 -0.043583
v 0.091301 0.398480 -0.029666
v 0.094818 0.398480 -0.015018
v 0.096000 0.398480 -0.000000
v 0.120000 0.410480 0.000000
v 0.118523 0.410480 0.018772
v 0.114127 0.410480 0.037082
v 0.106921 0.410480 0.054479
v 0.097082 0.410480 0.070534
v 0.084853 0.410480 0.084853
v 0.070534 0.410480 0.097082
v 0.054479 0.410480 0.106921
v 0.037082 0.410480 0.114127
v 0.018772 0.410480 0.118523
v 0.000000 0.410480 0.120000
v -0.018772 0.410480 0.118523
v -0.037082 0.410480 0.114127
v -0.054479 0.410480 0.106921
v -0.070534 0.410480 0.097082
v -0.084853 0.410480 0.084853
v -0.097082 0.410480 0.070534
v -0.106921 0.410480 0.054479
v -0.114127 0.410480 0.037082
v -0.118523 0.410480 0.018772
v -0.120000 0.410480 0.000000
v -0.118523 0.410480 -0.018772
v -0.114127 0.410480 -0.037082
v -0.106921 0.410480 -0.054479
v -0.097082 0.410480 -0.070534
v -0.084853 0.410480 -0.084853
v -0.070534 0.410480 -0.097082
v -0.054479 0.410480 -0.106921
v -0.037082 0.410480 -0.114127
v -0.018772 0.410480 -0.118523
v -0.000000 0.410480 -0.120000
v 0.018772 0.410480 -0.118523
v 0.037082 0.410480 -0.114127
v 0.054479 0.410480 -0.106921
v 0.070534 0.410480 -0.097082
v 0.084853 0.410480 -0.084853
v 0.097082 0.410480 -0.070534
v 0.106921 0.410480 -0.054479
v 0.114127 0.410480 -0.037082
v 0.118523 0.410480 -0.018772
v 0.120000 0.410480 -0.000000
v 0.151000 0.462480 0.000000
v 0.149141 0.462480 0.023622
v 0.143610 0.462480 0.046662
v 0.134542 0.462480 0.068553
v 0.122162 0.462480 0.088756
v 0.106773 0.462480 0.106773
v 0.088756 0.462480 0.122162
v 0.068553 0.462480 0.134542
v 0.046662 0.462480 0.143610
v 0.023622 0.462480 0.149141
v 0.000000 0.462480 0.151000
v -0.023622 0.462480 0.149141
v -0.046662 0.462480 0.143610
v -0.068553 0.462480 0.134542
v -0.088756 0.462480 0.122162
v -0.106773 0.462480 0.106773
v -0.122162 0.462480 0.088756
v -0.134542 0.462480 0.068553
v -0.143610 0.462480 0.046662
v -0.149141 0.462480 0.023622
v -0.151000 0.462480 0.000000
v -0.149141 0.462480 -0.023622
v -0.143610 0.462480 -0.046662
v -0.134542 0.462480 -0.068553
v -0.122162 0.462480 -0.088756
v -0.106773 0.462480 -0.106773
v -0.088756 0.462480 -0.122162
v -0.068553 0.462480 -0.134542
v -0.046662 0.462480 -0.143610
v -0.023622 0.462480 -0.149141
v -0.000000 0.462480 -0.151000
v 0.023622 0.462480 -0.149141
v 0.046662 0.462480 -0.143610
v 0.068553 0.462480 -0.134542
v 0.088756 0.462480 -0.122162
v 0.106773 0.462480 -0.106773
v 0.122162 0.462480 -0.088756
v 0.134542 0.462480 -0.068553
v 0.143610 0.462480 -0.046662
v 0.149141 0.462480 -0.023622
v 0.151000 0.462480 -0.000000
v 0.160000 0.471480 0.000000
v 0.158030 0.471480 0.025030
v 0.152169 0.471480 0.049443
v 0.142561 0.471480 0.072638
v 0.129443 0.471480 0.094046
v 0.113137 0.471480 0.113137
v 0.094046 0.471480 0.129443
v 0.072638 0.471480 0.142561
v 0.049443 0.471480 0.152169
v 0.025030 0.471480 0.158030
v 0.000000 0.471480 0.160000
v -0.025030 0.471480 0.158030
v -0.049443 0.471480 0.152169
v -0.072638 0.471480 0.142561
v -0.094046 0.471480 0.129443
v -0.113137 0.471480 0.113137
v -0.129443 0.471480 0.094046
v -0.142561 0.471480 0.072638
v -0.152169 0.471480 0.049443
v -0.158030 0.471480 0.025030
v -0.160000 0.471480 0.000000
v -0.158030 0.471480 -0.025030
v -0.152169 0.471480 -0.049443
v -0.142561 0.471480 -0.072638
v -0.129443 0.471480 -0.094046
v -0.113137 0.471480 -0.113137
v -0.094046 0.471480 -0.129443
v -0.072638 0.471480 -0.142561
v -0.049443 0.471480 -0.152169
v -0.025030 0.471480 -0.158030
v -0.000000 0.471480 -0.160000
v 0.025030 0.471480 -0.158030
v 0.049443 0.471480 -0.152169
v 0.072638 0.471480 -0.142561
v 0.094046 0.471480 -0.129443
v 0.113137 0.471480 -0.113137
v 0.129443 0.471480 -0.094046
v 0.142561 0.471480 -0.072638
v 0.152169 0.471480 -0.049443
v 0.158030 0.471480 -0.025030
v 0.160000 0.471480 -0.000000
v 0.162000 0.479480 0.000000
v 0.160006 0.479480 0.025342
v 0.154071 0.479480 0.050061
v 0.144343 0.479480 0.073546
v 0.131061 0.479480 0.095221
v 0.114551 0.479480 0.114551
v 0.095221 0.479480 0.131061
v 0.073546 0.479480 0.144343
v 0.050061 0.479480 0.154071
v 0.025342 0.479480 0.160006
v 0.000000 0.479480 0.162000
v -0.025342 0.479480 0.160006
v -0.050061 0.479480 0.154071
v -0.073546 0.479480 0.144343
v -0.095221 0.479480 0.131061
v -0.114551 0.479480 0.114551
v -0.131061 0.479480 0.095221
v -0.144343 0.479480 0.073546
v -0.154071 0.479480 0.050061
v -0.160006 0.479480 0.025342
v -0.162000 0.479480 0.000000
v -0.160006 0.479480 -0.025342
v -0.154071 0.479480 -0.050061
v -0.144343 0.479480 -0.073546
v -0.131061 0.479480 -0.095221
v -0.114551 0.479480 -0.114551
v -0.095221 0.479480 -0.131061
v -0.073546 0.479480 -0.144343
v -0.050061 0.479480 -0.154071
v -0.025342 0.479480 -0.160006
v -0.000000 0.479480 -0.162000
v 0.025342 0.479480 -0.160006
v 0.050061 0.479480 -0.154071
v 0.073546 0.479480 -0.144343
v 0.095221 0.479480 -0.131061
v 0.114551 0.479480 -0.114551
v 0.131061 0.479480 -0.095221
v 0.144343 0.479480 -0.073546
v 0.154071 0.479480 -0.050061
v 0.160006 0.479480 -0.025342
v 0.162000 0.479480 -0.000000
v 0.155000 0.486480 0.000000
v 0.153092 0.486480 0.024247
v 0.147414 0.486480 0.047898
v 0.138106 0.486480 0.070369
v 0.125398 0.486480 0.091107
v 0.109602 0.486480 0.109602
v 0.091107 0.486480 0.125398
v 0.070369 0.486480 0.138106
v 0.047898 0.486480 0.147414
v 0.024247 0.486480 0.153092
v 0.000000 0.486480 0.155000
v -0.024247 0.486480 0.153092
v -0.047898 0.486480 0.147414
v -0.070369 0.486480 0.138106
v -0.091107 0.486480 0.125398
v -0.109602 0.486480 0.109602
v -0.125398 0.486480 0.091107
v -0.138106 0.486480 0.070369
v -0.147414 0.486480 0.047898
v -0.153092 0.486480 0.024247
v -0.155000 0.486480 0.000000
v -0.153092 0.486480 -0.024247
v -0.147414 0.486480 -0.047898
v -0.138106 0.486480 -0.070369
v -0.125398 0.486480 -0.091107
v -0.109602 0.486480 -0.109602
v -0.091107 0.486480 -0.125398
v -0.070369 0.486480 -0.138106
v -0.047898 0.486480 -0.147414
v -0.024247 0.486480 -0.153092
v -0.000000 0.486480 -0.155000
v 0.024247 0.486480 -0.153092
v 0.047898 0.486480 -0.147414
v 0.070369 0.486480 -0.138106
v 0.091107 0.486480 -0.125398
v 0.109602 0.486480 -0.109602
v 0.125398 0.486480 -0.091107
v 0.138106 0.486480 -0.070369
v 0.147414 0.486480 -0.047898
v 0.153092 0.486480 -0.024247
v 0.155000 0.486480 -0.000000
v 0.146000 0.479480 0.000000
v 0.144202 0.479480 0.022839
v 0.138854 0.479480 0.045116
v 0.130087 0.479480 0.066283
v 0.118116 0.479480 0.085817
v 0.103238 0.479480 0.103238
v 0.085817 0.479480 0.118116
v 0.066283 0.479480 0.130087
v 0.045116 0.479480 0.138854
v 0.022839 0.479480 0.144202
v 0.000000 0.479480 0.146000
v -0.022839 0.479480 0.144202
v -0.045116 0.479480 0.138854
v -0.066283 0.479480 0.130087
v -0.085817 0.479480 0.118116
v -0.103238 0.479480 0.103238
v -0.118116 0.479480 0.085817
v -0.130087 0.479480 0.066283
v -0.138854 0.479480 0.045116
v -0.144202 0.479480 0.022839
v -0.146000 0.479480 0.000000
v -0.144202 0.479480 -0.022839
v -0.138854 0.479480 -0.045116
v -0.130087 0.479480 -0.066283
v -0.118116 0.479480 -0.085817
v -0.103238 0.479480 -0.103238
v -0.085817 0.479480 -0.118116
v -0.066283 0.479480 -0.130087
v -0.045116 0.479480 -0.138854
v -0.022839 0.479480 -0.144202
v -0.000000 0.479480 -0.146000
v 0.022839 0.479480 -0.144202
v 0.045116 0.479480 -0.138854
v 0.066283 0.479480 -0.130087
v 0.085817 0.479480 -0.118116
v 0.103238 0.479480 -0.103238
v 0.118116 0.479480 -0.085817
v 0.130087 0.479480 -0.066283
v 0.138854 0.479480 -0.045116
v 0.144202 0.479480 -0.022839
v 0.146000 0.479480 -0.000000
v 0.116000 0.424480 0.000000
v 0.114572 0.424480 0.018146
v 0.110323 0.424480 0.035846
v 0.103357 0.424480 0.052663
v 0.093846 0.424480 0.068183
v 0.082024 0.424480 0.082024
v 0.068183 0.424480 0.093846
v 0.052663 0.424480 0.103357
v 0.035846 0.424480 0.110323
v 0.018146 0.424480 0.114572
v 0.000000 0.424480 0.116000
v -0.018146 0.424480 0.114572
v -0.035846 0.424480 0.110323
v -0.052663 0.424480 0.103357
v -0.068183 0.424480 0.093846
v -0.082024 0.424480 0.082024
v -0.093846 0.424480 0.068183
v -0.103357 0.424480 0.052663
v -0.110323 0.424480 0.035846
v -0.114572 0.424480 0.018146
v -0.116000 0.424480 0.000000
v -0.114572 0.424480 -0.018146
v -0.110323 0.424480 -0.035846
v -0.103357 0.424480 -0.052663
v -0.093846 0.424480 -0.068183
v -0.082024 0.424480 -0.082024
v -0.068183 0.424480 -0.093846
v -0.052663 0.424480 -0.103357
v -0.035846 0.424480 -0.110323
v -0.018146 0.424480 -0.114572
v -0.000000 0.424480 -0.116000
v 0.018146 0.424480 -0.114572
v 0.035846 0.424480 -0.110323
v 0.052663 0.424480 -0.103357
v 0.068183 0.424480 -0.093846
v 0.082024 0.424480 -0.082024
v 0.093846 0.424480 -0.068183
v 0.103357 0.424480 -0.052663
v 0.110323 0.424480 -0.035846
v 0.114572 0.424480 -0.018146
v 0.116000 0.424480 -0.000000
v 0.000000 0.423480 0.000000
v 0.000000 0.423480 0.000000
v 0.000000 0.423480 0.000000
v 0.000000 0.423480 0.000000
v 0.000000 0.423480 0.000000
v 0.000000 0.423480 0.000000
v 0.000000 0.423480 0.000000
v 0.000000 0.423480 0.000000
v 0.000000 0.423480 0.000000
v 0.000000 0.423480 0.000000
v 0.000000 0.423480 0.000000
v 0.000000 0.423480 0.000000
v 0.000000 0.423480 0.000000
v 0.000000 0.423480 0.000000
v 0.000000 0.423480 0.000000
v 0.000000 0.423480 0.000000
v 0.000000 0.423480 0.000000
v 0.000000 0.423480 0.000000
v 0.000000 0.423480 0.000000
v 0.000000 0.423480 0.000000
v 0.000000 0.423480 0.000000
v 0.000000 0.423480 0.000000
v 0.000000 0.423480 0.000000
v 0.000000 0.423480 0.000000
v 0.000000 0.423480 0.000000
v 0.000000 0.423480 0.000000
v 0.000000 0.423480 0.000000
v 0.000000 0.423480 0.000000
v 0.000000 0.423480 0.000000
v 0.000000 0.423480 0.000000
v 0.000000 0.423480 0.000000
v 0.000000 0.423480 0.000000
v 0.000000 0.423480 0.000000
v 0.000000 0.423480 0.000000
v 0.000000 0.423480 0.000000
v 0.000000 0.423480 0.000000
v 0.000000 0.423480 0.000000
v 0.000000 0.423480 0.000000
v 0.000000 0.423480 0.000000
v 0.000000 0.423480 0.000000
v 0.000000 0.423480 0.000000
v 0.000000 0.424480 0.000000
v 0.000000 0.424480 0.000000
v 0.000000 0.424480 0.000000
v 0.000000 0.424480 0.000000
v 0.000000 0.424480 0.000000
v 0.000000 0.424480 0.000000
v 0.000000 0.424480 0.000000
v 0.000000 0.424480 0.000000
v 0.000000 0.424480 0.000000
v 0.000000 0.424480 0.000000
v 0.000000 0.424480 0.000000
v 0.000000 0.424480 0.000000
v 0.000000 0.424480 0.000000
v 0.000000 0.424480 0.000000
v 0.000000 0.424480 0.000000
v 0.000000 0.424480 0.000000
v 0.000000 0.424480 0.000000
v 0.000000 0.424480 0.000000
v 0.000000 0.424480 0.000000
v 0.000000 0.424480 0.000000
v 0.000000 0.424480 0.000000
v 0.000000 0.424480 0.000000
v 0.000000 0.424480 0.000000
v 0.000000 0.424480 0.000000
v 0.000000 0.424480 0.000000
v 0.000000 0.424480 0.000000
v 0.000000 0.424480 0.000000
v 0.000000 0.424480 0.000000
v 0.000000 0.424480 0.000000
v 0.000000 0.424480 0.000000
v 0.000000 0.424480 0.000000
v 0.000000 0.424480 0.000000
v 0.000000 0.424480 0.000000
v 0.000000 0.424480 0.000000
v 0.000000 0.424480 0.000000
v 0.000000 0.424480 0.000000
v 0.000000 0.424480 0.000000
v 0.000000 0.424480 0.000000
v 0.000000 0.424480 0.000000
v 0.000000 0.424480 0.000000
v 0.000000 0.424480 0.000000
v 0.096000 0.424480 0.000000
v 0.094818 0.424480 0.015018
v 0.091301 0.424480 0.029666
v 0.085537 0.424480 0.043583
v 0.077666 0.424480 0.056427
v 0.067882 0.424480 0.067882
v 0.056427 0.424480 0.077666
v 0.043583 0.424480 0.085537
v 0.029666 0.424480 0.091301
v 0.015018 0.424480 0.094818
v 0.000000 0.424480 0.096000
v -0.015018 0.424480 0.094818
v -0.029666 0.424480 0.091301
v -0.043583 0.424480 0.085537
v -0.056427 0.424480 0.077666
v -0.067882 0.424480 0.067882
v -0.077666 0.424480 0.056427
v -0.085537 0.424480 0.043583
v -0.091301 0.424480 0.029666
v -0.094818 0.424480 0.015018
v -0.096000 0.424480 0.000000
v -0.094818 0.424480 -0.015018
v -0.091301 0.424480 -0.029666
v -0.085537 0.424480 -0.043583
v -0.077666 0.424480 -0.056427
v -0.067882 0.424480 -0.067882
v -0.056427 0.424480 -0.077666
v -0.043583 0.424480 -0.085537
v -0.029666 0.424480 -0.091301
v -0.015018 0.424480 -0.094818
v -0.000000 0.424480 -0.096000
v 0.015018 0.424480 -0.094818
v 0.029666 0.424480 -0.091301
v 0.043583 0.424480 -0.085537
v 0.056427 0.424480 -0.077666
v 0.067882 0.424480 -0.067882
v 0.077666 0.424480 -0.056427
v 0.085537 0.424480 -0.043583
v 0.091301 0.424480 -0.029666
v 0.094818 0.424480 -0.015018
v 0.096000 0.424480 -0.000000
v 0.120000 0.436480 0.000000
v 0.118523 0.436480 0.018772
v 0.114127 0.436480 0.037082
v 0.106921 0.436480 0.054479
v 0.097082 0.436480 0.070534
v 0.084853 0.436480 0.084853
v 0.070534 0.436480 0.097082
v 0.054479 0.436480 0.106921
v 0.037082 0.436480 0.114127
v 0.018772 0.436480 0.118523
v 0.000000 0.436480 0.120000
v -0.018772 0.436480 0.118523
v -0.037082 0.436480 0.114127
v -0.054479 0.436480 0.106921
v -0.070534 0.436480 0.097082
v -0.084853 0.436480 0.084853
v -0.097082 0.436480 0.070534
v -0.106921 0.436480 0.054479
v -0.114127 0.436480 0.037082
v -0.118523 0.436480 0.018772
v -0.120000 0.436480 0.000000
v -0.118523 0.436480 -0.018772
v -0.114127 0.436480 -0.037082
v -0.106921 0.436480 -0.054479
v -0.097082 0.436480 -0.070534
v -0.084853 0.436480 -0.084853
v -0.070534 0.436480 -0.097082
v -0.054479 0.436480 -0.106921
v -0.037082 0.436480 -0.114127
v -0.018772 0.436480 -0.118523
v -0.000000 0.436480 -0.120000
v 0.018772 0.436480 -0.118523
v 0.037082 0.436480 -0.114127
v 0.054479 0.436480 -0.106921
v 0.070534 0.436480 -0.097082
v 0.084853 0.436480 -0.084853
v 0.097082 0.436480 -0.070534
v 0.106921 0.436480 -0.054479
v 0.114127 0.436480 -0.037082
v 0.118523 0.436480 -0.018772
v 0.120000 0.436480 -0.000000
v 0.151000 0.488480 0.000000
v 0.149141 0.488480 0.023622
v 0.143610 0.488480 0.046662
v 0.134542 0.488480 0.068553
v 0.122162 0.488480 0.088756
v 0.106773 0.488480 0.106773
v 0.088756 0.488480 0.122162
v 0.068553 0.488480 0.134542
v 0.046662 0.488480 0.143610
v 0.023622 0.488480 0.149141
v 0.000000 0.488480 0.151000
v -0.023622 0.488480 0.149141
v -0.046662 0.488480 0.143610
v -0.068553 0.488480 0.134542
v -0.088756 0.488480 0.122162
v -0.106773 0.488480 0.106773
v -0.122162 0.488480 0.088756
v -0.134542 0.488480 0.068553
v -0.143610 0.488480 0.046662
v -0.149141 0.488480 0.023622
v -0.151000 0.488480 0.000000
v -0.149141 0.488480 -0.023622
v -0.143610 0.488480 -0.046662
v -0.134542 0.488480 -0.068553
v -0.122162 0.488480 -0.088756
v -0.106773 0.488480 -0.106773
v -0.088756 0.488480 -0.122162
v -0.068553 0.488480 -0.134542
v -0.046662 0.488480 -0.143610
v -0.023622 0.488480 -0.149141
v -0.000000 0.488480 -0.151000
v 0.023622 0.488480 -0.149141
v 0.046662 0.488480 -0.143610
v 0.068553 0.488480 -0.134542
v 0.088756 0.488480 -0.122162
v 0.106773 0.488480 -0.106773
v 0.122162 0.488480 -0.088756
v 0.134542 0.488480 -0.068553
v 0.143610 0.488480 -0.046662
v 0.149141 0.488480 -0.023622
v 0.151000 0.488480 -0.000000
v 0.160000 0.497480 0.000000
v 0.158030 0.497480 0.025030
v 0.152169 0.497480 0.049443
v 0.142561 0.497480 0.072638
v 0.129443 0.497480 0.094046
v 0.113137 0.497480 0.113137
v 0.094046 0.497480 0.129443
v 0.072638 0.497480 0.142561
v 0.049443 0.497480 0.152169
v 0.025030 0.497480 0.158030
v 0.000000 0.497480 0.160000
v -0.025030 0.497480 0.158030
v -0.049443 0.497480 0.152169
v -0.072638 0.497480 0.142561
v -0.094046 0.497480 0.129443
v -0.113137 0.497480 0.113137
v -0.129443 0.497480 0.094046
v -0.142561 0.497480 0.072638
v -0.152169 0.497480 0.049443
v -0.158030 0.497480 0.025030
v -0.160000 0.497480 0.000000
v -0.158030 0.497480 -0.025030
v -0.152169 0.497480 -0.049443
v -0.142561 0.497480 -0.072638
v -0.129443 0.497480 -0.094046
v -0.113137 0.497480 -0.113137
v -0.094046 0.497480 -0.129443
v -0.072638 0.497480 -0.142561
v -0.049443 0.497480 -0.152169
v -0.025030 0.497480 -0.158030
v -0.000000 0.497480 -0.160000
v 0.025030 0.497480 -0.158030
v 0.049443 0.497480 -0.152169
v 0.072638 0.497480 -0.142561
v 0.094046 0.497480 -0.129443
v 0.113137 0.497480 -0.113137
v 0.129443 0.497480 -0.094046
v 0.142561 0.497480 -0.072638
v 0.152169 0.497480 -0.049443
v 0.158030 0.497480 -0.025030
v 0.160000 0.497480 -0.000000
v 0.162000 0.505480 0.000000
v 0.160006 0.505480 0.025342
v 0.154071 0.505480 0.050061
v 0.144343 0.505480 0.073546
v 0.131061 0.505480 0.095221
v 0.114551 0.505480 0.114551
v 0.095221 0.505480 0.131061
v 0.073546 0.505480 0.144343
v 0.050061 0.505480 0.154071
v 0.025342 0.505480 0.160006
v 0.000000 0.505480 0.162000
v -0.025342 0.505480 0.160006
v -0.050061 0.505480 0.154071
v -0.073546 0.505480 0.144343
v -0.095221 0.505480 0.131061
v -0.114551 0.505480 0.114551
v -0.131061 0.505480 0.095221
v -0.144343 0.505480 0.073546
v -0.154071 0.505480 0.050061
v -0.160006 0.505480 0.025342
v -0.162000 0.505480 0.000000
v -0.160006 0.505480 -0.025342
v -0.154071 0.505480 -0.050061
v -0.144343 0.505480 -0.073546
v -0.131061 0.505480 -0.095221
v -0.114551 0.505480 -0.114551
v -0.095221 0.505480 -0.131061
v -0.073546 0.505480 -0.144343
v -0.050061 0.505480 -0.154071
v -0.025342 0.505480 -0.160006
v -0.000000 0.505480 -0.162000
v 0.025342 0.505480 -0.160006
v 0.050061 0.505480 -0.154071
v 0.073546 0.505480 -0.144343
v 0.095221 0.505480 -0.131061
v 0.114551 0.505480 -0.114551
v 0.131061 0.505480 -0.095221
v 0.144343 0.505480 -0.073546
v 0.154071 0.505480 -0.050061
v 0.160006 0.505480 -0.025342
v 0.162000 0.505480 -0.000000
v 0.155000 0.512480 0.000000
v 0.153092 0.512480 0.024247
v 0.147414 0.512480 0.047898
v 0.138106 0.512480 0.070369
v 0.125398 0.512480 0.091107
v 0.109602 0.512480 0.109602
v 0.091107 0.512480 0.125398
v 0.070369 0.512480 0.138106
v 0.047898 0.512480 0.147414
v 0.024247 0.512480 0.153092
v 0.000000 0.512480 0.155000
v -0.024247 0.512480 0.153092
v -0.047898 0.512480 0.147414
v -0.070369 0.512480 0.138106
v -0.091107 0.512480 0.125398
v -0.109602 0.512480 0.109602
v -0.125398 0.512480 0.091107
v -0.138106 0.512480 0.070369
v -0.147414 0.512480 0.047898
v -0.153092 0.512480 0.024247
v -0.155000 0.512480 0.000000
v -0.153092 0.512480 -0.024247
v -0.147414 0.512480 -0.047898
v -0.138106 0.512480 -0.070369
v -0.125398 0.512480 -0.091107
v -0.109602 0.512480 -0.109602
v -0.091107 0.512480 -0.125398
v -0.070369 0.512480 -0.138106
v -0.047898 0.512480 -0.147414
v -0.024247 0.512480 -0.153092
v -0.000000 0.512480 -0.155000
v 0.024247 0.512480 -0.153092
v 0.047898 0.512480 -0.147414
v 0.070369 0.512480 -0.138106
v 0.091107 0.512480 -0.125398
v 0.109602 0.512480 -0.109602
v 0.125398 0.512480 -0.091107
v 0.138106 0.512480 -0.070369
v 0.147414 0.512480 -0.047898
v 0.153092 0.512480 -0.024247
v 0.155000 0.512480 -0.000000
v 0.146000 0.505480 0.000000
v 0.144202 0.505480 0.022839
v 0.138854 0.505480 0.045116
v 0.130087 0.505480 0.066283
v 0.118116 0.505480 0.085817
v 0.103238 0.505480 0.103238
v 0.085817 0.505480 0.118116
v 0.066283 0.505480 0.130087
v 0.045116 0.505480 0.138854
v 0.022839 0.505480 0.144202
v 0.000000 0.505480 0.146000
v -0.022839 0.505480 0.144202
v -0.045116 0.505480 0.138854
v -0.066283 0.505480 0.130087
v -0.085817 0.505480 0.118116
v -0.103238 0.505480 0.103238
v -0.118116 0.505480 0.085817
v -0.130087 0.505480 0.066283
v -0.138854 0.505480 0.045116
v -0.144202 0.505480 0.022839
v -0.146000 0.505480 0.000000
v -0.144202 0.505480 -0.022839
v -0.138854 0.505480 -0.045116
v -0.130087 0.505480 -0.066283
v -0.118116 0.505480 -0.085817
v -0.103238 0.505480 -0.103238
v -0.085817 0.505480 -0.118116
v -0.066283 0.505480 -0.130087
v -0.045116 0.505480 -0.138854
v -0.022839 0.505480 -0.144202
v -0.000000 0.505480 -0.146000
v 0.022839 0.505480 -0.144202
v 0.045116 0.505480 -0.138854
v 0.066283 0.505480 -0.130087
v 0.085817 0.505480 -0.118116
v 0.103238 0.505480 -0.103238
v 0.118116 0.505480 -0.085817
v 0.130087 0.505480 -0.066283
v 0.138854 0.505480 -0.045116
v 0.144202 0.505480 -0.022839
v 0.146000 0.505480 -0.000000
v 0.116000 0.450480 0.000000
v 0.114572 0.450480 0.018146
v 0.110323 0.450480 0.035846
v 0.103357 0.450480 0.052663
v 0.093846 0.450480 0.068183
v 0.082024 0.450480 0.082024
v 0.068183 0.450480 0.093846
v 0.052663 0.450480 0.103357
v 0.035846 0.450480 0.110323
v 0.018146 0.450480 0.114572
v 0.000000 0.450480 0.116000
v -0.018146 0.450480 0.114572
v -0.035846 0.450480 0.110323
v -0.052663 0.450480 0.103357
v -0.068183 0.450480 0.093846
v -0.082024 0.450480 0.082024
v -0.093846 0.450480 0.068183
v -0.103357 0.450480 0.052663
v -0.110323 0.450480 0.035846
v -0.114572 0.450480 0.018146
v -0.116000 0.450480 0.000000
v -0.114572 0.450480 -0.018146
v -0.110323 0.450480 -0.035846
v -0.103357 0.450480 -0.052663
v -0.093846 0.450480 -0.068183
v -0.082024 0.450480 -0.082024
v -0.068183 0.450480 -0.093846
v -0.052663 0.450480 -0.103357
v -0.035846 0.450480 -0.110323
v -0.018146 0.450480 -0.114572
v -0.000000 0.450480 -0.116000
v 0.018146 0.450480 -0.114572
v 0.035846 0.450480 -0.110323
v 0.052663 0.450480 -0.103357
v 0.068183 0.450480 -0.093846
v 0.082024 0.450480 -0.082024
v 0.093846 0.450480 -0.068183
v 0.103357 0.450480 -0.052663
v 0.110323 0.450480 -0.035846
v 0.114572 0.450480 -0.018146
v 0.116000 0.450480 -0.000000
v 0.000000 0.449480 0.000000
v 0.000000 0.449480 0.000000
v 0.000000 0.449480 0.000000
v 0.000000 0.449480 0.000000
v 0.000000 0.449480 0.000000
v 0.000000 0.449480 0.000000
v 0.000000 0.449480 0.000000
v 0.000000 0.449480 0.000000
v 0.000000 0.449480 0.000000
v 0.000000 0.449480 0.000000
v 0.000000 0.449480 0.000000
v 0.000000 0.449480 0.000000
v 0.000000 0.449480 0.000000
v 0.000000 0.449480 0.000000
v 0.000000 0.449480 0.000000
v 0.000000 0.449480 0.000000
v 0.000000 0.449480 0.000000
v 0.000000 0.449480 0.000000
v 0.000000 0.449480 0.000000
v 0.000000 0.449480 0.000000
v 0.000000 0.449480 0.000000
v 0.000000 0.449480 0.000000
v 0.000000 0.449480 0.000000
v 0.000000 0.449480 0.000000
v 0.000000 0.449480 0.000000
v 0.000000 0.449480 0.000000
v 0.000000 0.449480 0.000000
v 0.000000 0.449480 0.000000
v 0.000000 0.449480 0.000000
v 0.000000 0.449480 0.000000
v 0.000000 0.449480 0.000000
v 0.000000 0.449480 0.000000
v 0.000000 0.449480 0.000000
v 0.000000 0.449480 0.000000
v 0.000000 0.449480 0.000000
v 0.000000 0.449480 0.000000
v 0.000000 0.449480 0.000000
v 0.000000 0.449480 0.000000
v 0.000000 0.449480 0.000000
v 0.000000 0.449480 0.000000
v 0.000000 0.449480 0.000000
v 0.000000 0.450480 0.000000
v 0.000000 0.450480 0.000000
v 0.000000 0.450480 0.000000
v 0.000000 0.450480 0.000000
v 0.000000 0.450480 0.000000
v 0.000000 0.450480 0.000000
v 0.000000 0.450480 0.000000
v 0.000000 0.450480 0.000000
v 0.000000 0.450480 0.000000
v 0.000000 0.450480 0.000000
v 0.000000 0.450480 0.000000
v 0.000000 0.450480 0.000000
v 0.000000 0.450480 0.000000
v 0.000000 0.450480 0.000000
v 0.000000 0.450480 0.000000
v 0.000000 0.450480 0.000000
v 0.000000 0.450480 0.000000
v 0.000000 0.450480 0.000000
v 0.000000 0.450480 0.000000
v 0.000000 0.450480 0.000000
v 0.000000 0.450480 0.000000
v 0.000000 0.450480 0.000000
v 0.000000 0.450480 0.000000
v 0.000000 0.450480 0.000000
v 0.000000 0.450480 0.000000
v 0.000000 0.450480 0.000000
v 0.000000 0.450480 0.000000
v 0.000000 0.450480 0.000000
v 0.000000 0.450480 0.000000
v 0.000000 0.450480 0.000000
v 0.000000 0.450480 0.000000
v 0.000000 0.450480 0.000000
v 0.000000 0.450480 0.000000
v 0.000000 0.450480 0.000000
v 0.000000 0.450480 0.000000
v 0.000000 0.450480 0.000000
v 0.000000 0.450480 0.000000
v 0.000000 0.450480 0.000000
v 0.000000 0.450480 0.000000
v 0.000000 0.450480 0.000000
v 0.000000 0.450480 0.000000
v 0.096000 0.450480 0.000000
v 0.094818 0.450480 0.015018
v 0.091301 0.450480 0.029666
v 0.085537 0.450480 0.043583
v 0.077666 0.450480 0.056427
v 0.067882 0.450480 0.067882
v 0.056427 0.450480 0.077666
v 0.043583 0.450480 0.085537
v 0.029666 0.450480 0.091301
v 0.015018 0.450480 0.094818
v 0.000000 0.450480 0.096000
v -0.015018 0.450480 0.094818
v -0.029666 0.450480 0.091301
v -0.043583 0.450480 0.085537
v -0.056427 0.450480 0.077666
v -0.067882 0.450480 0.067882
v -0.077666 0.450480 0.056427
v -0.085537 0.450480 0.043583
v -0.091301 0.450480 0.029666
v -0.094818 0.450480 0.015018
v -0.096000 0.450480 0.000000
v -0.094818 0.450480 -0.015018
v -0.091301 0.450480 -0.029666
v -0.085537 0.450480 -0.043583
v -0.077666 0.450480 -0.056427
v -0.067882 0.450480 -0.067882
v -0.056427 0.450480 -0.077666
v -0.043583 0.450480 -0.085537
v -0.029666 0.450480 -0.091301
v -0.015018 0.450480 -0.094818
v -0.000000 0.450480 -0.096000
v 0.015018 0.450480 -0.094818
v 0.029666 0.450480 -0.091301
v 0.043583 0.450480 -0.085537
v 0.056427 0.450480 -0.077666
v 0.067882 0.450480 -0.067882
v 0.077666 0.450480 -0.056427
v 0.085537 0.450480 -0.043583
v 0.091301 0.450480 -0.029666
v 0.094818 0.450480 -0.015018
v 0.096000 0.450480 -0.000000
v 0.120000 0.462480 0.000000
v 0.118523 0.462480 0.018772
v 0.114127 0.462480 0.037082
v 0.106921 0.462480 0.054479
v 0.097082 0.462480 0.070534
v 0.084853 0.462480 0.084853
v 0.070534 0.462480 0.097082
v 0.054479 0.462480 0.106921
v 0.037082 0.462480 0.114127
v 0.018772 0.462480 0.118523
v 0.000000 0.462480 0.120000
v -0.018772 0.462480 0.118523
v -0.037082 0.462480 0.114127
v -0.054479 0.462480 0.106921
v -0.070534 0.462480 0.097082
v -0.084853 0.462480 0.084853
v -0.097082 0.462480 0.070534
v -0.106921 0.462480 0.054479
v -0.114127 0.462480 0.037082
v -0.118523 0.462480 0.018772
v -0.120000 0.462480 0.000000
v -0.118523 0.462480 -0.018772
v -0.114127 0.462480 -0.037082
v -0.106921 0.462480 -0.054479
v -0.097082 0.462480 -0.070534
v -0.084853 0.462480 -0.084853
v -0.070534 0.462480 -0.097082
v -0.054479 0.462480 -0.106921
v -0.037082 0.462480 -0.114127
v -0.018772 0.462480 -0.118523
v -0.000000 0.462480 -0.120000
v 0.018772 0.462480 -0.118523
v 0.037082 0.462480 -0.114127
v 0.054479 0.462480 -0.106921
v 0.070534 0.462480 -0.097082
v 0.084853 0.462480 -0.084853
v 0.097082 0.462480 -0.070534
v 0.106921 0.462480 -0.054479
v 0.114127 0.462480 -0.037082
v 0.118523 0.462480 -0.018772
v 0.120000 0.462480 -0.000000
v 0.151000 0.514480 0.000000
v 0.149141 0.514480 0.023622
v 0.143610 0.514480 0.046662
v 0.134542 0.514480 0.068553
v 0.122162 0.514480 0.088756
v 0.106773 0.514480 0.106773
v 0.088756 0.514480 0.122162
v 0.068553 0.514480 0.134542
v 0.046662 0.514480 0.143610
v 0.023622 0.514480 0.149141
v 0.000000 0.514480 0.151000
v -0.023622 0.514480 0.149141
v -0.046662 0.514480 0.143610
v -0.068553 0.514480 0.134542
v -0.088756 0.514480 0.122162
v -0.106773 0.514480 0.106773
v -0.122162 0.514480 0.088756
v -0.134542 0.514480 0.068553
v -0.143610 0.514480 0.046662
v -0.149141 0.514480 0.023622
v -0.151000 0.514480 0.000000
v -0.149141 0.514480 -0.023622
v -0.143610 0.514480 -0.046662
v -0.134542 0.514480 -0.068553
v -0.122162 0.514480 -0.088756
v -0.106773 0.514480 -0.106773
v -0.088756 0.514480 -0.122162
v -0.068553 0.514480 -0.134542
v -0.046662 0.514480 -0.143610
v -0.023622 0.514480 -0.149141
v -0.000000 0.514480 -0.151000
v 0.023622 0.514480 -0.149141
v 0.046662 0.514480 -0.143610
v 0.068553 0.514480 -0.134542
v 0.088756 0.514480 -0.122162
v 0.106773 0.514480 -0.106773
v 0.122162 0.514480 -0.088756
v 0.134542 0.514480 -0.068553
v 0.143610 0.514480 -0.046662
v 0.149141 0.514480 -0.023622
v 0.151000 0.514480 -0.000000
v 0.160000 0.523480 0.000000
v 0.158030 0.523480 0.025030
v 0.152169 0.523480 0.049443
v 0.142561 0.523480 0.072638
v 0.129443 0.523480 0.094046
v 0.113137 0.523480 0.113137
v 0.094046 0.523480 0.129443
v 0.072638 0.523480 0.142561
v 0.049443 0.523480 0.152169
v 0.025030 0.523480 0.158030
v 0.000000 0.523480 0.160000
v -0.025030 0.523480 0.158030
v -0.049443 0.523480 0.152169
v -0.072638 0.523480 0.142561
v -0.094046 0.523480 0.129443
v -0.113137 0.523480 0.113137
v -0.129443 0.523480 0.094046
v -0.142561 0.523480 0.072638
v -0.152169 0.523480 0.049443
v -0.158030 0.523480 0.025030
v -0.160000 0.523480 0.000000
v -0.158030 0.523480 -0.025030
v -0.152169 0.523480 -0.049443
v -0.142561 0.523480 -0.072638
v -0.129443 0.523480 -0.094046
v -0.113137 0.523480 -0.113137
v -0.094046 0.523480 -0.129443
v -0.072638 0.523480 -0.142561
v -0.049443 0.523480 -0.152169
v -0.025030 0.523480 -0.158030
v -0.000000 0.523480 -0.160000
v 0.025030 0.523480 -0.158030
v 0.049443 0.523480 -0.152169
v 0.072638 0.523480 -0.142561
v 0.094046 0.523480 -0.129443
v 0.113137 0.523480 -0.113137
v 0.129443 0.523480 -0.094046
v 0.142561 0.523480 -0.072638
v 0.152169 0.523480 -0.049443
v 0.158030 0.523480 -0.025030
v 0.160000 0.523480 -0.000000
v 0.162000 0.531480 0.000000
v 0.160006 0.531480 0.025342
v 0.154071 0.531480 0.050061
v 0.144343 0.531480 0.073546
v 0.131061 0.531480 0.095221
v 0.114551 0.531480 0.114551
v 0.095221 0.531480 0.131061
v 0.073546 0.531480 0.144343
v 0.050061 0.531480 0.154071
v 0.025342 0.531480 0.160006
v 0.000000 0.531480 0.162000
v -0.025342 0.531480 0.160006
v -0.050061 0.531480 0.154071
v -0.073546 0.531480 0.144343
v -0.095221 0.531480 0.131061
v -0.114551 0.531480 0.114551
v -0.131061 0.531480 0.095221
v -0.144343 0.531480 0.073546
v -0.154071 0.531480 0.050061
v -0.160006 0.531480 0.025342
v -0.162000 0.531480 0.000000
v -0.160006 0.531480 -0.025342
v -0.154071 0.531480 -0.050061
v -0.144343 0.531480 -0.073546
v -0.131061 0.531480 -0.095221
v -0.114551 0.531480 -0.114551
v -0.095221 0.531480 -0.131061
v -0.073546 0.531480 -0.144343
v -0.050061 0.531480 -0.154071
v -0.025342 0.531480 -0.160006
v -0.000000 0.531480 -0.162000
v 0.025342 0.531480 -0.160006
v 0.050061 0.531480 -0.154071
v 0.073546 0.531480 -0.144343
v 0.095221 0.531480 -0.131061
v 0.114551 0.531480 -0.114551
v 0.131061 0.531480 -0.095221
v 0.144343 0.531480 -0.073546
v 0.154071 0.531480 -0.050061
v 0.160006 0.531480 -0.025342
v 0.162000 0.531480 -0.000000
v 0.155000 0.538480 0.000000
v 0.153092 0.538480 0.024247
v 0.147414 0.538480 0.047898
v 0.138106 0.538480 0.070369
v 0.125398 0.538480 0.091107
v 0.109602 0.538480 0.109602
v 0.091107 0.538480 0.125398
v 0.070369 0.538480 0.138106
v 0.047898 0.538480 0.147414
v 0.024247 0.538480 0.153092
v 0.000000 0.538480 0.155000
v -0.024247 0.538480 0.153092
v -0.047898 0.538480 0.147414
v -0.070369 0.538480 0.138106
v -0.091107 0.538480 0.125398
v -0.109602 0.538480 0.109602
v -0.125398 0.538480 0.091107
v -0.138106 0.538480 0.070369
v -0.147414 0.538480 0.047898
v -0.153092 0.538480 0.024247
v -0.155000 0.538480 0.000000
v -0.153092 0.538480 -0.024247
v -0.147414 0.538480 -0.047898
v -0.138106 0.538480 -0.070369
v -0.125398 0.538480 -0.091107
v -0.109602 0.538480 -0.109602
v -0.091107 0.538480 -0.125398
v -0.070369 0.538480 -0.138106
v -0.047898 0.538480 -0.147414
v -0.024247 0.538480 -0.153092
v -0.000000 0.538480 -0.155000
v 0.024247 0.538480 -0.153092
v 0.047898 0.538480 -0.147414
v 0.070369 0.538480 -0.138106
v 0.091107 0.538480 -0.125398
v 0.109602 0.538480 -0.109602
v 0.125398 0.538480 -0.091107
v 0.138106 0.538480 -0.070369
v 0.147414 0.538480 -0.047898
v 0.153092 0.538480 -0.024247
v 0.155000 0.538480 -0.000000
v 0.146000 0.531480 0.000000
v 0.144202 0.531480 0.022839
v 0.138854 0.531480 0.045116
v 0.130087 0.531480 0.066283
v 0.118116 0.531480 0.085817
v 0.103238 0.531480 0.103238
v 0.085817 0.531480 0.118116
v 0.066283 0.531480 0.130087
v 0.045116 0.531480 0.138854
v 0.022839 0.531480 0.144202
v 0.000000 0.531480 0.146000
v -0.022839 0.531480 0.144202
v -0.045116 0.531480 0.138854
v -0.066283 0.531480 0.130087
v -0.085817 0.531480 0.118116
v -0.103238 0.531480 0.103238
v -0.118116 0.531480 0.085817
v -0.130087 0.531480 0.066283
v -0.138854 0.531480 0.045116
v -0.144202 0.531480 0.022839
v -0.146000 0.531480 0.000000
v -0.144202 0.531480 -0.022839
v -0.138854 0.531480 -0.045116
v -0.130087 0.531480 -0.066283
v -0.118116 0.531480 -0.085817
v -0.103238 0.531480 -0.103238
v -0.085817 0.531480 -0.118116
v -0.066283 0.531480 -0.130087
v -0.045116 0.531480 -0.138854
v -0.022839 0.531480 -0.144202
v -0.000000 0.531480 -0.146000
v 0.022839 0.531480 -0.144202
v 0.045116 0.531480 -0.138854
v 0.066283 0.531480 -0.130087
v 0.085817 0.531480 -0.118116
v 0.103238 0.531480 -0.103238
v 0.118116 0.531480 -0.085817
v 0.130087 0.531480 -0.066283
v 0.138854 0.531480 -0.045116
v 0.144202 0.531480 -0.022839
v 0.146000 0.531480 -0.000000
v 0.116000 0.476480 0.000000
v 0.114572 0.476480 0.018146
v 0.110323 0.476480 0.035846
v 0.103357 0.476480 0.052663
v 0.093846 0.476480 0.068183
v 0.082024 0.476480 0.082024
v 0.068183 0.476480 0.093846
v 0.052663 0.476480 0.103357
v 0.035846 0.476480 0.110323
v 0.018146 0.476480 0.114572
v 0.000000 0.476480 0.116000
v -0.018146 0.476480 0.114572
v -0.035846 0.476480 0.110323
v -0.052663 0.476480 0.103357
v -0.068183 0.476480 0.093846
v -0.082024 0.476480 0.082024
v -0.093846 0.476480 0.068183
v -0.103357 0.476480 0.052663
v -0.110323 0.476480 0.035846
v -0.114572 0.476480 0.018146
v -0.116000 0.476480 0.000000
v -0.114572 0.476480 -0.018146
v -0.110323 0.476480 -0.035846
v -0.103357 0.476480 -0.052663
v -0.093846 0.476480 -0.068183
v -0.082024 0.476480 -0.082024
v -0.068183 0.476480 -0.093846
v -0.052663 0.476480 -0.103357
v -0.035846 0.476480 -0.110323
v -0.018146 0.476480 -0.114572
v -0.000000 0.476480 -0.116000
v 0.018146 0.476480 -0.114572
v 0.035846 0.476480 -0.110323
v 0.052663 0.476480 -0.103357
v 0.068183 0.476480 -0.093846
v 0.082024 0.476480 -0.082024
v 0.093846 0.476480 -0.068183
v 0.103357 0.476480 -0.052663
v 0.110323 0.476480 -0.035846
v 0.114572 0.476480 -0.018146
v 0.116000 0.476480 -0.000000
v 0.000000 0.475480 0.000000
v 0.000000 0.475480 0.000000
v 0.000000 0.475480 0.000000
v 0.000000 0.475480 0.000000
v 0.000000 0.475480 0.000000
v 0.000000 0.475480 0.000000
v 0.000000 0.475480 0.000000
v 0.000000 0.475480 0.000000
v 0.000000 0.475480 0.000000
v 0.000000 0.475480 0.000000
v 0.000000 0.475480 0.000000
v 0.000000 0.475480 0.000000
v 0.000000 0.475480 0.000000
v 0.000000 0.475480 0.000000
v 0.000000 0.475480 0.000000
v 0.000000 0.475480 0.000000
v 0.000000 0.475480 0.000000
v 0.000000 0.475480 0.000000
v 0.000000 0.475480 0.000000
v 0.000000 0.475480 0.000000
v 0.000000 0.475480 0.000000
v 0.000000 0.475480 0.000000
v 0.000000 0.475480 0.000000
v 0.000000 0.475480 0.000000
v 0.000000 0.475480 0.000000
v 0.000000 0.475480 0.000000
v 0.000000 0.475480 0.000000
v 0.000000 0.475480 0.000000
v 0.000000 0.475480 0.000000
v 0.000000 0.475480 0.000000
v 0.000000 0.475480 0.000000
v 0.000000 0.475480 0.000000
v 0.000000 0.475480 0.000000
v 0.000000 0.475480 0.000000
v 0.000000 0.475480 0.000000
v 0.000000 0.475480 0.000000
v 0.000000 0.475480 0.000000
v 0.000000 0.475480 0.000000
v 0.000000 0.475480 0.000000
v 0.000000 0.475480 0.000000
v 0.000000 0.475480 0.000000
v 0.000000 0.476480 0.000000
v 0.000000 0.476480 0.000000
v 0.000000 0.476480 0.000000
v 0.000000 0.476480 0.000000
v 0.000000 0.476480 0.000000
v 0.000000 0.476480 0.000000
v 0.000000 0.476480 0.000000
v 0.000000 0.476480 0.000000
v 0.000000 0.476480 0.000000
v 0.000000 0.476480 0.000000
v 0.000000 0.476480 0.000000
v 0.000000 0.476480 0.000000
v 0.000000 0.476480 0.000000
v 0.000000 0.476480 0.000000
v 0.000000 0.476480 0.000000
v 0.000000 0.476480 0.000000
v 0.000000 0.476480 0.000000
v 0.000000 0.476480 0.000000
v 0.000000 0.476480 0.000000
v 0.000000 0.476480 0.000000
v 0.000000 0.476480 0.000000
v 0.000000 0.476480 0.000000
v 0.000000 0.476480 0.000000
v 0.000000 0.476480 0.000000
v 0.000000 0.476480 0.000000
v 0.000000 0.476480 0.000000
v 0.000000 0.476480 0.000000
v 0.000000 0.476480 0.000000
v 0.000000 0.476480 0.000000
v 0.000000 0.476480 0.000000
v 0.000000 0.476480 0.000000
v 0.000000 0.476480 0.000000
v 0.000000 0.476480 0.000000
v 0.000000 0.476480 0.000000
v 0.000000 0.476480 0.000000
v 0.000000 0.476480 0.000000
v 0.000000 0.476480 0.000000
v 0.000000 0.476480 0.000000
v 0.000000 0.476480 0.000000
v 0.000000 0.476480 0.000000
v 0.000000 0.476480 0.000000
v 0.096000 0.476480 0.000000
v 0.094818 0.476480 0.015018
v 0.091301 0.476480 0.029666
v 0.085537 0.476480 0.043583
v 0.077666 0.476480 0.056427
v 0.067882 0.476480 0.067882
v 0.056427 0.476480 0.077666
v 0.043583 0.476480 0.085537
v 0.029666 0.476480 0.091301
v 0.015018 0.476480 0.094818
v 0.000000 0.476480 0.096000
v -0.015018 0.476480 0.094818
v -0.029666 0.476480 0.091301
v -0.043583 0.476480 0.085537
v -0.056427 0.476480 0.077666
v -0.067882 0.476480 0.067882
v -0.077666 0.476480 0.056427
v -0.085537 0.476480 0.043583
v -0.091301 0.476480 0.029666
v -0.094818 0.476480 0.015018
v -0.096000 0.476480 0.000000
v -0.094818 0.476480 -0.015018
v -0.091301 0.476480 -0.029666
v -0.085537 0.476480 -0.043583
v -0.077666 0.476480 -0.056427
v -0.067882 0.476480 -0.067882
v -0.056427 0.476480 -0.077666
v -0.043583 0.476480 -0.085537
v -0.029666 0.476480 -0.091301
v -0.015018 0.476480 -0.094818
v -0.000000 0.476480 -0.096000
v 0.015018 0.476480 -0.094818
v 0.029666 0.476480 -0.091301
v 0.043583 0.476480 -0.085537
v 0.056427 0.476480 -0.077666
v 0.067882 0.476480 -0.067882
v 0.077666 0.476480 -0.056427
v 0.085537 0.476480 -0.043583
v 0.091301 0.476480 -0.029666
v 0.094818 0.476480 -0.015018
v 0.096000 0.476480 -0.000000
v 0.120000 0.488480 0.000000
v 0.118523 0.488480 0.018772
v 0.114127 0.488480 0.037082
v 0.106921 0.488480 0.054479
v 0.097082 0.488480 0.070534
v 0.084853 0.488480 0.084853
v 0.070534 0.488480 0.097082
v 0.054479 0.488480 0.106921
v 0.037082 0.488480 0.114127
v 0.018772 0.488480 0.118523
v 0.000000 0.488480 0.120000
v -0.018772 0.488480 0.118523
v -0.037082 0.488480 0.114127
v -0.054479 0.488480 0.106921
v -0.070534 0.488480 0.097082
v -0.084853 0.488480 0.084853
v -0.097082 0.488480 0.070534
v -0.106921 0.488480 0.054479
v -0.114127 0.488480 0.037082
v -0.118523 0.488480 0.018772
v -0.120000 0.488480 0.000000
v -0.118523 0.488480 -0.018772
v -0.114127 0.488480 -0.037082
v -0.106921 0.488480 -0.054479
v -0.097082 0.488480 -0.070534
v -0.084853 0.488480 -0.084853
v -0.070534 0.488480 -0.097082
v -0.054479 0.488480 -0.106921
v -0.037082 0.488480 -0.114127
v -0.018772 0.488480 -0.118523
v -0.000000 0.488480 -0.120000
v 0.018772 0.488480 -0.118523
v 0.037082 0.488480 -0.114127
v 0.054479 0.488480 -0.106921
v 0.070534 0.488480 -0.097082
v 0.084853 0.488480 -0.084853
v 0.097082 0.488480 -0.070534
v 0.106921 0.488480 -0.054479
v 0.114127 0.488480 -0.037082
v 0.118523 0.488480 -0.018772
v 0.120000 0.488480 -0.000000
v 0.151000 0.540480 0.000000
v 0.149141 0.540480 0.023622
v 0.143610 0.540480 0.046662
v 0.134542 0.540480 0.068553
v 0.122162 0.540480 0.088756
v 0.106773 0.540480 0.106773
v 0.088756 0.540480 0.122162
v 0.068553 0.540480 0.134542
v 0.046662 0.540480 0.143610
v 0.023622 0.540480 0.149141
v 0.000000 0.540480 0.151000
v -0.023622 0.540480 0.149141
v -0.046662 0.540480 0.143610
v -0.068553 0.540480 0.134542
v -0.088756 0.540480 0.122162
v -0.106773 0.540480 0.106773
v -0.122162 0.540480 0.088756
v -0.134542 0.540480 0.068553
v -0.143610 0.540480 0.046662
v -0.149141 0.540480 0.023622
v -0.151000 0.540480 0.000000
v -0.149141 0.540480 -0.023622
v -0.143610 0.540480 -0.046662
v -0.134542 0.540480 -0.068553
v -0.122162 0.540480 -0.088756
v -0.106773 0.540480 -0.106773
v -0.088756 0.540480 -0.122162
v -0.068553 0.540480 -0.134542
v -0.046662 0.540480 -0.143610
v -0.023622 0.540480 -0.149141
v -0.000000 0.540480 -0.151000
v 0.023622 0.540480 -0.149141
v 0.046662 0.540480 -0.143610
v 0.068553 0.540480 -0.134542
v 0.088756 0.540480 -0.122162
v 0.106773 0.540480 -0.106773
v 0.122162 0.540480 -0.088756
v 0.134542 0.540480 -0.068553
v 0.143610 0.540480 -0.046662
v 0.149141 0.540480 -0.023622
v 0.151000 0.540480 -0.000000
v 0.160000 0.549480 0.000000
v 0.158030 0.549480 0.025030
v 0.152169 0.549480 0.049443
v 0.142561 0.549480 0.072638
v 0.129443 0.549480 0.094046
v 0.113137 0.549480 0.113137
v 0.094046 0.549480 0.129443
v 0.072638 0.549480 0.142561
v 0.049443 0.549480 0.152169
v 0.025030 0.549480 0.158030
v 0.000000 0.549480 0.160000
v -0.025030 0.549480 0.158030
v -0.049443 0.549480 0.152169
v -0.072638 0.549480 0.142561
v -0.094046 0.549480 0.129443
v -0.113137 0.549480 0.113137
v -0.129443 0.549480 0.094046
v -0.142561 0.549480 0.072638
v -0.152169 0.549480 0.049443
v -0.158030 0.549480 0.025030
v -0.160000 0.549480 0.000000
v -0.158030 0.549480 -0.025030
v -0.152169 0.549480 -0.049443
v -0.142561 0.549480 -0.072638
v -0.129443 0.549480 -0.094046
v -0.113137 0.549480 -0.113137
v -0.094046 0.549480 -0.129443
v -0.072638 0.549480 -0.142561
v -0.049443 0.549480 -0.152169
v -0.025030 0.549480 -0.158030
v -0.000000 0.549480 -0.160000
v 0.025030 0.549480 -0.158030
v 0.049443 0.549480 -0.152169
v 0.072638 0.549480 -0.142561
v 0.094046 0.549480 -0.129443
v 0.113137 0.549480 -0.113137
v 0.129443 0.549480 -0.094046
v 0.142561 0.549480 -0.072638
v 0.152169 0.549480 -0.049443
v 0.158030 0.549480 -0.025030
v 0.160000 0.549480 -0.000000
v 0.162000 0.557480 0.000000
v 0.160006 0.557480 0.025342
v 0.154071 0.557480 0.050061
v 0.144343 0.557480 0.073546
v 0.131061 0.557480 0.095221
v 0.114551 0.557480 0.114551
v 0.095221 0.557480 0.131061
v 0.073546 0.557480 0.144343
v 0.050061 0.557480 0.154071
v 0.025342 0.557480 0.160006
v 0.000000 0.557480 0.162000
v -0.025342 0.557480 0.160006
v -0.050061 0.557480 0.154071
v -0.073546 0.557480 0.144343
v -0.095221 0.557480 0.131061
v -0.114551 0.557480 0.114551
v -0.131061 0.557480 0.095221
v -0.144343 0.557480 0.073546
v -0.154071 0.557480 0.050061
v -0.160006 0.557480 0.025342
v -0.162000 0.557480 0.000000
v -0.160006 0.557480 -0.025342
v -0.154071 0.557480 -0.050061
v -0.144343 0.557480 -0.073546
v -0.131061 0.557480 -0.095221
v -0.114551 0.557480 -0.114551
v -0.095221 0.557480 -0.131061
v -0.073546 0.557480 -0.144343
v -0.050061 0.557480 -0.154071
v -0.025342 0.557480 -0.160006
v -0.000000 0.557480 -0.162000
v 0.025342 0.557480 -0.160006
v 0.050061 0.557480 -0.154071
v 0.073546 0.557480 -0.144343
v 0.095221 0.557480 -0.131061
v 0.114551 0.557480 -0.114551
v 0.131061 0.557480 -0.095221
v 0.144343 0.557480 -0.073546
v 0.154071 0.557480 -0.050061
v 0.160006 0.557480 -0.025342
v 0.162000 0.557480 -0.000000
v 0.155000 0.564480 0.000000
v 0.153092 0.564480 0.024247
v 0.147414 0.564480 0.047898
v 0.138106 0.564480 0.070369
v 0.125398 0.564480 0.091107
v 0.109602 0.564480 0.109602
v 0.091107 0.564480 0.125398
v 0.070369 0.564480 0.138106
v 0.047898 0.564480 0.147414
v 0.024247 0.564480 0.153092
v 0.000000 0.564480 0.155000
v -0.024247 0.564480 0.153092
v -0.047898 0.564480 0.147414
v -0.070369 0.564480 0.138106
v -0.091107 0.564480 0.125398
v -0.109602 0.564480 0.109602
v -0.125398 0.564480 0.091107
v -0.138106 0.564480 0.070369
v -0.147414 0.564480 0.047898
v -0.153092 0.564480 0.024247
v -0.155000 0.564480 0.000000
v -0.153092 0.564480 -0.024247
v -0.147414 0.564480 -0.047898
v -0.138106 0.564480 -0.070369
v -0.125398 0.564480 -0.091107
v -0.109602 0.564480 -0.109602
v -0.091107 0.564480 -0.125398
v -0.070369 0.564480 -0.138106
v -0.047898 0.564480 -0.147414
v -0.024247 0.564480 -0.153092
v -0.000000 0.564480 -0.155000
v 0.024247 0.564480 -0.153092
v 0.047898 0.564480 -0.147414
v 0.070369 0.564480 -0.138106
v 0.091107 0.564480 -0.125398
v 0.109602 0.564480 -0.109602
v 0.125398 0.564480 -0.091107
v 0.138106 0.564480 -0.070369
v 0.147414 0.564480 -0.047898
v 0.153092 0.564480 -0.024247
v 0.155000 0.564480 -0.000000
v 0.146000 0.557480 0.000000
v 0.144202 0.557480 0.022839
v 0.138854 0.557480 0.045116
v 0.130087 0.557480 0.066283
v 0.118116 0.557480 0.085817
v 0.103238 0.557480 0.103238
v 0.085817 0.557480 0.118116
v 0.066283 0.557480 0.130087
v 0.045116 0.557480 0.138854
v 0.022839 0.557480 0.144202
v 0.000000 0.557480 0.146000
v -0.022839 0.557480 0.144202
v -0.045116 0.557480 0.138854
v -0.066283 0.557480 0.130087
v -0.085817 0.557480 0.118116
v -0.103238 0.557480 0.103238
v -0.118116 0.557480 0.085817
v -0.130087 0.557480 0.066283
v -0.138854 0.557480 0.045116
v -0.144202 0.557480 0.022839
v -0.146000 0.557480 0.000000
v -0.144202 0.557480 -0.022839
v -0.138854 0.557480 -0.045116
v -0.130087 0.557480 -0.066283
v -0.118116 0.557480 -0.085817
v -0.103238 0.557480 -0.103238
v -0.085817 0.557480 -0.118116
v -0.066283 0.557480 -0.130087
v -0.045116 0.557480 -0.138854
v -0.022839 0.557480 -0.144202
v -0.000000 0.557480 -0.146000
v 0.022839 0.557480 -0.144202
v 0.045116 0.557480 -0.138854
v 0.066283 0.557480 -0.130087
v 0.085817 0.557480 -0.118116
v 0.103238 0.557480 -0.103238
v 0.118116 0.557480 -0.085817
v 0.130087 0.557480 -0.066283
v 0.138854 0.557480 -0.045116
v 0.144202 0.557480 -0.022839
v 0.146000 0.557480 -0.000000
v 0.116000 0.502480 0.000000
v 0.114572 0.502480 0.018146
v 0.110323 0.502480 0.035846
v 0.103357 0.502480 0.052663
v 0.093846 0.502480 0.068183
v 0.082024 0.502480 0.082024
v 0.068183 0.502480 0.093846
v 0.052663 0.502480 0.103357
v 0.035846 0.502480 0.110323
v 0.018146 0.502480 0.114572
v 0.000000 0.502480 0.116000
v -0.018146 0.502480 0.114572
v -0.035846 0.502480 0.110323
v -0.052663 0.502480 0.103357
v -0.068183 0.502480 0.093846
v -0.082024 0.502480 0.082024
v -0.093846 0.502480 0.068183
v -0.103357 0.502480 0.052663
v -0.110323 0.502480 0.035846
v -0.114572 0.502480 0.018146
v -0.116000 0.502480 0.000000
v -0.114572 0.502480 -0.018146
v -0.110323 0.502480 -0.035846
v -0.103357 0.502480 -0.052663
v -0.093846 0.502480 -0.068183
v -0.082024 0.502480 -0.082024
v -0.068183 0.502480 -0.093846
v -0.052663 0.502480 -0.103357
v -0.035846 0.502480 -0.110323
v -0.018146 0.502480 -0.114572
v -0.000000 0.502480 -0.116000
v 0.018146 0.502480 -0.114572
v 0.035846 0.502480 -0.110323
v 0.052663 0.502480 -0.103357
v 0.068183 0.502480 -0.093846
v 0.082024 0.502480 -0.082024
v 0.093846 0.502480 -0.068183
v 0.103357 0.502480 -0.052663
v 0.110323 0.502480 -0.035846
v 0.114572 0.502480 -0.018146
v 0.116000 0.502480 -0.000000
v 0.000000 0.501480 0.000000
v 0.000000 0.501480 0.000000
v 0.000000 0.501480 0.000000
v 0.000000 0.501480 0.000000
v 0.000000 0.501480 0.000000
v 0.000000 0.501480 0.000000
v 0.000000 0.501480 0.000000
v 0.000000 0.501480 0.000000
v 0.000000 0.501480 0.000000
v 0.000000 0.501480 0.000000
v 0.000000 0.501480 0.000000
v 0.000000 0.501480 0.000000
v 0.000000 0.501480 0.000000
v 0.000000 0.501480 0.000000
v 0.000000 0.501480 0.000000
v 0.000000 0.501480 0.000000
v 0.000000 0.501480 0.000000
v 0.000000 0.501480 0.000000
v 0.000000 0.501480 0.000000
v 0.000000 0.501480 0.000000
v 0.000000 0.501480 0.000000
v 0.000000 0.501480 0.000000
v 0.000000 0.501480 0.000000
v 0.000000 0.501480 0.000000
v 0.000000 0.501480 0.000000
v 0.000000 0.501480 0.000000
v 0.000000 0.501480 0.000000
v 0.000000 0.501480 0.000000
v 0.000000 0.501480 0.000000
v 0.000000 0.501480 0.000000
v 0.000000 0.501480 0.000000
v 0.000000 0.501480 0.000000
v 0.000000 0.501480 0.000000
v 0.000000 0.501480 0.000000
v 0.000000 0.501480 0.000000
v 0.000000 0.501480 0.000000
v 0.000000 0.501480 0.000000
v 0.000000 0.501480 0.000000
v 0.000000 0.501480 0.000000
v 0.000000 0.501480 0.000000
v 0.000000 0.501480 0.000000
v 0.000000 0.502480 0.000000
v 0.000000 0.502480 0.000000
v 0.000000 0.502480 0.000000
v 0.000000 0.502480 0.000000
v 0.000000 0.502480 0.000000
v 0.000000 0.502480 0.000000
v 0.000000 0.502480 0.000000
v 0.000000 0.502480 0.000000
v 0.000000 0.502480 0.000000
v 0.000000 0.502480 0.000000
v 0.000000 0.502480 0.000000
v 0.000000 0.502480 0.000000
v 0.000000 0.502480 0.000000
v 0.000000 0.502480 0.000000
v 0.000000 0.502480 0.000000
v 0.000000 0.502480 0.000000
v 0.000000 0.502480 0.000000
v 0.000000 0.502480 0.000000
v 0.000000 0.502480 0.000000
v 0.000000 0.502480 0.000000
v 0.000000 0.502480 0.000000
v 0.000000 0.502480 0.000000
v 0.000000 0.502480 0.000000
v 0.000000 0.502480 0.000000
v 0.000000 0.502480 0.000000
v 0.000000 0.502480 0.000000
v 0.000000 0.502480 0.000000
v 0.000000 0.502480 0.000000
v 0.000000 0.502480 0.000000
v 0.000000 0.502480 0.000000
v 0.000000 0.502480 0.000000
v 0.000000 0.502480 0.000000
v 0.000000 0.502480 0.000000
v 0.000000 0.502480 0.000000
v 0.000000 0.502480 0.000000
v 0.000000 0.502480 0.000000
v 0.000000 0.502480 0.000000
v 0.000000 0.502480 0.000000
v 0.000000 0.502480 0.000000
v 0.000000 0.502480 0.000000
v 0.000000 0.502480 0.000000
v 0.096000 0.502480 0.000000
v 0.094818 0.502480 0.015018
v 0.091301 0.502480 0.029666
v 0.085537 0.502480 0.043583
v 0.077666 0.502480 0.056427
v 0.067882 0.502480 0.067882
v 0.056427 0.502480 0.077666
v 0.043583 0.502480 0.085537
v 0.029666 0.502480 0.091301
v 0.015018 0.502480 0.094818
v 0.000000 0.502480 0.096000
v -0.015018 0.502480 0.094818
v -0.029666 0.502480 0.091301
v -0.043583 0.502480 0.085537
v -0.056427 0.502480 0.077666
v -0.067882 0.502480 0.067882
v -0.077666 0.502480 0.056427
v -0.085537 0.502480 0.043583
v -0.091301 0.502480 0.029666
v -0.094818 0.502480 0.015018
v -0.096000 0.502480 0.000000
v -0.094818 0.502480 -0.015018
v -0.091301 0.502480 -0.029666
v -0.085537 0.502480 -0.043583
v -0.077666 0.502480 -0.056427
v -0.067882 0.502480 -0.067882
v -0.056427 0.502480 -0.077666
v -0.043583 0.502480 -0.085537
v -0.029666 0.502480 -0.091301
v -0.015018 0.502480 -0.094818
v -0.000000 0.502480 -0.096000
v 0.015018 0.502480 -0.094818
v 0.029666 0.502480 -0.091301
v 0.043583 0.502480 -0.085537
v 0.056427 0.502480 -0.077666
v 0.067882 0.502480 -0.067882
v 0.077666 0.502480 -0.056427
v 0.085537 0.502480 -0.043583
v 0.091301 0.502480 -0.029666
v 0.094818 0.502480 -0.015018
v 0.096000 0.502480 -0.000000
v 0.120000 0.514480 0.000000
v 0.118523 0.514480 0.018772
v 0.114127 0.514480 0.037082
v 0.106921 0.514480 0.054479
v 0.097082 0.514480 0.070534
v 0.084853 0.514480 0.084853
v 0.070534 0.514480 0.097082
v 0.054479 0.514480 0.106921
v 0.037082 0.514480 0.114127
v 0.018772 0.514480 0.118523
v 0.000000 0.514480 0.120000
v -0.018772 0.514480 0.118523
v -0.037082 0.514480 0.114127
v -0.054479 0.514480 0.106921
v -0.070534 0.514480 0.097082
v -0.084853 0.514480 0.084853
v -0.097082 0.514480 0.070534
v -0.106921 0.514480 0.054479
v -0.114127 0.514480 0.037082
v -0.118523 0.514480 0.018772
v -0.120000 0.514480 0.000000
v -0.118523 0.514480 -0.018772
v -0.114127 0.514480 -0.037082
v -0.106921 0.514480 -0.054479
v -0.097082 0.514480 -0.070534
v -0.084853 0.514480 -0.084853
v -0.070534 0.514480 -0.097082
v -0.054479 0.514480 -0.106921
v -0.037082 0.514480 -0.114127
v -0.018772 0.514480 -0.118523
v -0.000000 0.514480 -0.120000
v 0.018772 0.514480 -0.118523
v 0.037082 0.514480 -0.114127
v 0.054479 0.514480 -0.106921
v 0.070534 0.514480 -0.097082
v 0.084853 0.514480 -0.084853
v 0.097082 0.514480 -0.070534
v 0.106921 0.514480 -0.054479
v 0.114127 0.514480 -0.037082
v 0.118523 0.514480 -0.018772
v 0.120000 0.514480 -0.000000
v 0.151000 0.566480 0.000000
v 0.149141 0.566480 0.023622
v 0.143610 0.566480 0.046662
v 0.134542 0.566480 0.068553
v 0.122162 0.566480 0.088756
v 0.106773 0.566480 0.106773
v 0.088756 0.566480 0.122162
v 0.068553 0.566480 0.134542
v 0.046662 0.566480 0.143610
v 0.023622 0.566480 0.149141
v 0.000000 0.566480 0.151000
v -0.023622 0.566480 0.149141
v -0.046662 0.566480 0.143610
v -0.068553 0.566480 0.134542
v -0.088756 0.566480 0.122162
v -0.106773 0.566480 0.106773
v -0.122162 0.566480 0.088756
v -0.134542 0.566480 0.068553
v -0.143610 0.566480 0.046662
v -0.149141 0.566480 0.023622
v -0.151000 0.566480 0.000000
v -0.149141 0.566480 -0.023622
v -0.143610 0.566480 -0.046662
v -0.134542 0.566480 -0.068553
v -0.122162 0.566480 -0.088756
v -0.106773 0.566480 -0.106773
v -0.088756 0.566480 -0.122162
v -0.068553 0.566480 -0.134542
v -0.046662 0.566480 -0.143610
v -0.023622 0.566480 -0.149141
v -0.000000 0.566480 -0.151000
v 0.023622 0.566480 -0.149141
v 0.046662 0.566480 -0.143610
v 0.068553 0.566480 -0.134542
v 0.088756 0.566480 -0.122162
v 0.106773 0.566480 -0.106773
v 0.122162 0.566480 -0.088756
v 0.134542 0.566480 -0.068553
v 0.143610 0.566480 -0.046662
v 0.149141 0.566480 -0.023622
v 0.151000 0.566480 -0.000000
v 0.160000 0.575480 0.000000
v 0.158030 0.575480 0.025030
v 0.152169 0.575480 0.049443
v 0.142561 0.575480 0.072638
v 0.129443 0.575480 0.094046
v 0.113137 0.575480 0.113137
v 0.094046 0.575480 0.129443
v 0.072638 0.575480 0.142561
v 0.049443 0.575480 0.152169
v 0.025030 0.575480 0.158030
v 0.000000 0.575480 0.160000
v -0.025030 0.575480 0.158030
v -0.049443 0.575480 0.152169
v -0.072638 0.575480 0.142561
v -0.094046 0.575480 0.129443
v -0.113137 0.575480 0.113137
v -0.129443 0.575480 0.094046
v -0.142561 0.575480 0.072638
v -0.152169 0.575480 0.049443
v -0.158030 0.575480 0.025030
v -0.160000 0.575480 0.000000
v -0.158030 0.575480 -0.025030
v -0.152169 0.575480 -0.049443
v -0.142561 0.575480 -0.072638
v -0.129443 0.575480 -0.094046
v -0.113137 0.575480 -0.113137
v -0.094046 0.575480 -0.129443
v -0.072638 0.575480 -0.142561
v -0.049443 0.575480 -0.152169
v -0.025030 0.575480 -0.158030
v -0.000000 0.575480 -0.160000
v 0.025030 0.575480 -0.158030
v 0.049443 0.575480 -0.152169
v 0.072638 0.575480 -0.142561
v 0.094046 0.575480 -0.129443
v 0.113137 0.575480 -0.113137
v 0.129443 0.575480 -0.094046
v 0.142561 0.575480 -0.072638
v 0.152169 0.575480 -0.049443
v 0.158030 0.575480 -0.025030
v 0.160000 0.575480 -0.000000
v 0.162000 0.583480 0.000000
v 0.160006 0.583480 0.025342
v 0.154071 0.583480 0.050061
v 0.144343 0.583480 0.073546
v 0.131061 0.583480 0.095221
v 0.114551 0.583480 0.114551
v 0.095221 0.583480 0.131061
v 0.073546 0.583480 0.144343
v 0.050061 0.583480 0.154071
v 0.025342 0.583480 0.160006
v 0.000000 0.583480 0.162000
v -0.025342 0.583480 0.160006
v -0.050061 0.583480 0.154071
v -0.073546 0.583480 0.144343
v -0.095221 0.583480 0.131061
v -0.114551 0.583480 0.114551
v -0.131061 0.583480 0.095221
v -0.144343 0.583480 0.073546
v -0.154071 0.583480 0.050061
v -0.160006 0.583480 0.025342
v -0.162000 0.583480 0.000000
v -0.160006 0.583480 -0.025342
v -0.154071 0.583480 -0.050061
v -0.144343 0.583480 -0.073546
v -0.131061 0.583480 -0.095221
v -0.114551 0.583480 -0.114551
v -0.095221 0.583480 -0.131061
v -0.073546 0.583480 -0.144343
v -0.050061 0.583480 -0.154071
v -0.025342 0.583480 -0.160006
v -0.000000 0.583480 -0.162000
v 0.025342 0.583480 -0.160006
v 0.050061 0.583480 -0.154071
v 0.073546 0.583480 -0.144343
v 0.095221 0.583480 -0.131061
v 0.114551 0.583480 -0.114551
v 0.131061 0.583480 -0.095221
v 0.144343 0.583480 -0.073546
v 0.154071 0.583480 -0.050061
v 0.160006 0.583480 -0.025342
v 0.162000 0.583480 -0.000000
v 0.155000 0.590480 0.000000
v 0.153092 0.590480 0.024247
v 0.147414 0.590480 0.047898
v 0.138106 0.590480 0.070369
v 0.125398 0.590480 0.091107
v 0.109602 0.590480 0.109602
v 0.091107 0.590480 0.125398
v 0.070369 0.590480 0.138106
v 0.047898 0.590480 0.147414
v 0.024247 0.590480 0.153092
v 0.000000 0.590480 0.155000
v -0.024247 0.590480 0.153092
v -0.047898 0.590480 0.147414
v -0.070369 0.590480 0.138106
v -0.091107 0.590480 0.125398
v -0.109602 0.590480 0.109602
v -0.125398 0.590480 0.091107
v -0.138106 0.590480 0.070369
v -0.147414 0.590480 0.047898
v -0.153092 0.590480 0.024247
v -0.155000 0.590480 0.000000
v -0.153092 0.590480 -0.024247
v -0.147414 0.590480 -0.047898
v -0.138106 0.590480 -0.070369
v -0.125398 0.590480 -0.091107
v -0.109602 0.590480 -0.109602
v -0.091107 0.590480 -0.125398
v -0.070369 0.590480 -0.138106
v -0.047898 0.590480 -0.147414
v -0.024247 0.590480 -0.153092
v -0.000000 0.590480 -0.155000
v 0.024247 0.590480 -0.153092
v 0.047898 0.590480 -0.147414
v 0.070369 0.590480 -0.138106
v 0.091107 0.590480 -0.125398
v 0.109602 0.590480 -0.109602
v 0.125398 0.590480 -0.091107
v 0.138106 0.590480 -0.070369
v 0.147414 0.590480 -0.047898
v 0.153092 0.590480 -0.024247
v 0.155000 0.590480 -0.000000
v 0.146000 0.583480 0.000000
v 0.144202 0.583480 0.022839
v 0.138854 0.583480 0.045116
v 0.130087 0.583480 0.066283
v 0.118116 0.583480 0.085817
v 0.103238 0.583480 0.103238
v 0.085817 0.583480 0.118116
v 0.066283 0.583480 0.130087
v 0.045116 0.583480 0.138854
v 0.022839 0.583480 0.144202
v 0.000000 0.583480 0.146000
v -0.022839 0.583480 0.144202
v -0.045116 0.583480 0.138854
v -0.066283 0.583480 0.130087
v -0.085817 0.583480 0.118116
v -0.103238 0.583480 0.103238
v -0.118116 0.583480 0.085817
v -0.130087 0.583480 0.066283
v -0.138854 0.583480 0.045116
v -0.144202 0.583480 0.022839
v -0.146000 0.583480 0.000000
v -0.144202 0.583480 -0.022839
v -0.138854 0.583480 -0.045116
v -0.130087 0.583480 -0.066283
v -0.118116 0.583480 -0.085817
v -0.103238 0.583480 -0.103238
v -0.085817 0.583480 -0.118116
v -0.066283 0.583480 -0.130087
v -0.045116 0.583480 -0.138854
v -0.022839 0.583480 -0.144202
v -0.000000 0.583480 -0.146000
v 0.022839 0.583480 -0.144202
v 0.045116 0.583480 -0.138854
v 0.066283 0.583480 -0.130087
v 0.085817 0.583480 -0.118116
v 0.103238 0.583480 -0.103238
v 0.118116 0.583480 -0.085817
v 0.130087 0.583480 -0.066283
v 0.138854 0.583480 -0.045116
v 0.144202 0.583480 -0.022839
v 0.146000 0.583480 -0.000000
v 0.116000 0.528480 0.000000
v 0.114572 0.528480 0.018146
v 0.110323 0.528480 0.035846
v 0.103357 0.528480 0.052663
v 0.093846 0.528480 0.068183
v 0.082024 0.528480 0.082024
v 0.068183 0.528480 0.093846
v 0.052663 0.528480 0.103357
v 0.035846 0.528480 0.110323
v 0.018146 0.528480 0.114572
v 0.000000 0.528480 0.116000
v -0.018146 0.528480 0.114572
v -0.035846 0.528480 0.110323
v -0.052663 0.528480 0.103357
v -0.068183 0.528480 0.093846
v -0.082024 0.528480 0.082024
v -0.093846 0.528480 0.068183
v -0.103357 0.528480 0.052663
v -0.110323 0.528480 0.035846
v -0.114572 0.528480 0.018146
v -0.116000 0.528480 0.000000
v -0.114572 0.528480 -0.018146
v -0.110323 0.528480 -0.035846
v -0.103357 0.528480 -0.052663
v -0.093846 0.528480 -0.068183
v -0.082024 0.528480 -0.082024
v -0.068183 0.528480 -0.093846
v -0.052663 0.528480 -0.103357
v -0.035846 0.528480 -0.110323
v -0.018146 0.528480 -0.114572
v -0.000000 0.528480 -0.116000
v 0.018146 0.528480 -0.114572
v 0.035846 0.528480 -0.110323
v 0.052663 0.528480 -0.103357
v 0.068183 0.528480 -0.093846
v 0.082024 0.528480 -0.082024
v 0.093846 0.528480 -0.068183
v 0.103357 0.528480 -0.052663
v 0.110323 0.528480 -0.035846
v 0.114572 0.528480 -0.018146
v 0.116000 0.528480 -0.000000
v 0.000000 0.527480 0.000000
v 0.000000 0.527480 0.000000
v 0.000000 0.527480 0.000000
v 0.000000 0.527480 0.000000
v 0.000000 0.527480 0.000000
v 0.000000 0.527480 0.000000
v 0.000000 0.527480 0.000000
v 0.000000 0.527480 0.000000
v 0.000000 0.527480 0.000000
v 0.000000 0.527480 0.000000
v 0.000000 0.527480 0.000000
v 0.000000 0.527480 0.000000
v 0.000000 0.527480 0.000000
v 0.000000 0.527480 0.000000
v 0.000000 0.527480 0.000000
v 0.000000 0.527480 0.000000
v 0.000000 0.527480 0.000000
v 0.000000 0.527480 0.000000
v 0.000000 0.527480 0.000000
v 0.000000 0.527480 0.000000
v 0.000000 0.527480 0.000000
v 0.000000 0.527480 0.000000
v 0.000000 0.527480 0.000000
v 0.000000 0.527480 0.000000
v 0.000000 0.527480 0.000000
v 0.000000 0.527480 0.000000
v 0.000000 0.527480 0.000000
v 0.000000 0.527480 0.000000
v 0.000000 0.527480 0.000000
v 0.000000 0.527480 0.000000
v 0.000000 0.527480 0.000000
v 0.000000 0.527480 0.000000
v 0.000000 0.527480 0.000000
v 0.000000 0.527480 0.000000
v 0.000000 0.527480 0.000000
v 0.000000 0.527480 0.000000
v 0.000000 0.527480 0.000000
v 0.000000 0.527480 0.000000
v 0.000000 0.527480 0.000000
v 0.000000 0.527480 0.000000
v 0.000000 0.527480 0.000000
vn 0.000000 -1.000000 0.000000
vn 0.000000 -1.000000 0.000000
vn 0.000000 -1.000000 0.000000
vn 0.000000 -1.000000 0.000000
vn 0.000000 -1.000000 0.000000
vn 0.000000 -1.000000 0.000000
vn 0.000000 -1.000000 0.000000
vn 0.000000 -1.000000 0.000000
vn 0.000000 -1.000000 0.000000
vn 0.000000 -1.000000 0.000000
vn 0.000000 -1.000000 0.000000
vn 0.000000 -1.000000 0.000000
vn 0.000000 -1.000000 0.000000
vn 0.000000 -1.000000 0.000000
vn 0.000000 -1.000000 0.000000
vn 0.000000 -1.000000 0.000000
vn 0.000000 -1.000000 0.000000
vn 0.000000 -1.000000 0.000000
vn 0.000000 -1.000000 0.000000
vn 0.000000 -1.000000 0.000000
vn 0.000000 -1.000000 0.000000
vn 0.000000 -1.000000 0.000000
vn 0.000000 -1.000000 0.000000
vn 0.000000 -1.000000 0.000000
vn 0.000000 -1.000000 0.000000
vn 0.000000 -1.000000 0.000000
vn 0.000000 -1.000000 0.000000
vn 0.000000 -1.000000 0.000000
vn 0.000000 -1.000000 0.000000
vn 0.000000 -1.000000 0.000000
vn 0.000000 -1.000000 0.000000
vn 0.000000 -1.000000 0.000000
vn 0.000000 -1.000000 0.000000
vn 0.000000 -1.000000 0.000000
vn 0.000000 -1.000000 0.000000
vn 0.000000 -1.000000 0.000000
vn 0.000000 -1.000000 0.000000
vn 0.000000 -1.000000 0.000000
vn 0.000000 -1.000000 0.000000
vn 0.000000 -1.000000 0.000000
vn 0.000000 -1.000000 0.000000
vn 0.142959 -0.989719 -0.004327
vn 0.141876 -0.989719 0.018090
vn 0.137300 -0.989719 0.040061
vn 0.129342 -0.989719 0.061047
vn 0.118200 -0.989719 0.080529
vn 0.104147 -0.989719 0.098028
vn 0.087530 -0.989719 0.113113
vn 0.068758 -0.989719 0.125413
vn 0.048292 -0.989719 0.134625
vn 0.026638 -0.989719 0.140522
vn 0.004327 -0.989719 0.142959
vn -0.018090 -0.989719 0.141876
vn -0.040061 -0.989719 0.137300
vn -0.061047 -0.989719 0.129342
vn -0.080529 -0.989719 0.118200
vn -0.098028 -0.989719 0.104147
vn -0.113113 -0.989719 0.087530
vn -0.125413 -0.989719 0.068758
vn -0.134625 -0.989719 0.048292
vn -0.140522 -0.989719 0.026638
vn -0.142959 -0.989719 0.004327
vn -0.141876 -0.989719 -0.018090
vn -0.137300 -0.989719 -0.040061
vn -0.129342 -0.989719 -0.061047
vn -0.118200 -0.989719 -0.080529
vn -0.104147 -0.989719 -0.098028
vn -0.087530 -0.989719 -0.113113
vn -0.068758 -0.989719 -0.125413
vn -0.048292 -0.989719 -0.134625
vn -0.026638 -0.989719 -0.140522
vn -0.004327 -0.989719 -0.142959
vn 0.018090 -0.989719 -0.141876
vn 0.040061 -0.989719 -0.137300
vn 0.061047 -0.989719 -0.129342
vn 0.080529 -0.989719 -0.118200
vn 0.098028 -0.989719 -0.104147
vn 0.113113 -0.989719 -0.087530
vn 0.125413 -0.989719 -0.068758
vn 0.134625 -0.989719 -0.048292
vn 0.140522 -0.989719 -0.026638
vn 0.142959 -0.989719 -0.004327
vn 0.769951 -0.637886 -0.016664
vn 0.763078 -0.637886 0.103988
vn 0.737416 -0.637886 0.222080
vn 0.693596 -0.637886 0.334703
vn 0.632698 -0.637886 0.439084
vn 0.556220 -0.637886 0.532654
vn 0.466047 -0.637886 0.613108
vn 0.364398 -0.637886 0.678466
vn 0.253776 -0.637886 0.727117
vn 0.136905 -0.637886 0.757864
vn 0.016664 -0.637886 0.769951
vn -0.103988 -0.637886 0.763078
vn -0.222080 -0.637886 0.737416
vn -0.334703 -0.637886 0.693596
vn -0.439084 -0.637886 0.632698
vn -0.532654 -0.637886 0.556220
vn -0.613108 -0.637886 0.466047
vn -0.678466 -0.637886 0.364398
vn -0.727117 -0.637886 0.253776
vn -0.757864 -0.637886 0.136905
vn -0.769951 -0.637886 0.016664
vn -0.763078 -0.637886 -0.103988
vn -0.737416 -0.637886 -0.222080
vn -0.693596 -0.637886 -0.334703
vn -0.632698 -0.637886 -0.439084
vn -0.556220 -0.637886 -0.532654
vn -0.466047 -0.637886 -0.613108
vn -0.364398 -0.637886 -0.678466
vn -0.253776 -0.637886 -0.727117
vn -0.136905 -0.637886 -0.757864
vn -0.016664 -0.637886 -0.769951
vn 0.103988 -0.637886 -0.763078
vn 0.222080 -0.637886 -0.737416
vn 0.334703 -0.637886 -0.693596
vn 0.439084 -0.637886 -0.632698
vn 0.532654 -0.637886 -0.556220
vn 0.613108 -0.637886 -0.466047
vn 0.678466 -0.637886 -0.364398
vn 0.727117 -0.637886 -0.253776
vn 0.757864 -0.637886 -0.136905
vn 0.769951 -0.637886 -0.016664
vn 0.834362 -0.551084 0.012076
vn 0.822201 -0.551084 0.142450
vn 0.789794 -0.551084 0.269317
vn 0.737940 -0.551084 0.389552
vn 0.667915 -0.551084 0.500195
vn 0.581444 -0.551084 0.598522
vn 0.480656 -0.551084 0.682111
vn 0.368033 -0.551084 0.748904
vn 0.246348 -0.551084 0.797257
vn 0.118596 -0.551084 0.825979
vn -0.012076 -0.551084 0.834362
vn -0.142450 -0.551084 0.822201
vn -0.269317 -0.551084 0.789794
vn -0.389552 -0.551084 0.737940
vn -0.500195 -0.551084 0.667915
vn -0.598522 -0.551084 0.581444
vn -0.682111 -0.551084 0.480656
vn -0.748904 -0.551084 0.368033
vn -0.797257 -0.551084 0.246348
vn -0.825979 -0.551084 0.118596
vn -0.834362 -0.551084 -0.012076
vn -0.822201 -0.551084 -0.142450
vn -0.789794 -0.551084 -0.269317
vn -0.737940 -0.551084 -0.389552
vn -0.667915 -0.551084 -0.500195
vn -0.581444 -0.551084 -0.598522
vn -0.480656 -0.551084 -0.682111
vn -0.368033 -0.551084 -0.748904
vn -0.246348 -0.551084 -0.797257
vn -0.118596 -0.551084 -0.825979
vn 0.012076 -0.551084 -0.834362
vn 0.142450 -0.551084 -0.822201
vn 0.269317 -0.551084 -0.789794
vn 0.389552 -0.551084 -0.737940
vn 0.500195 -0.551084 -0.667915
vn 0.598522 -0.551084 -0.581444
vn 0.682111 -0.551084 -0.480656
vn 0.748904 -0.551084 -0.368033
vn 0.797257 -0.551084 -0.246348
vn 0.825979 -0.551084 -0.118596
vn 0.834362 -0.551084 0.012076
vn 0.841222 -0.540689 0.000515
vn 0.830785 -0.540689 0.132105
vn 0.799891 -0.540689 0.260442
vn 0.749301 -0.540689 0.382366
vn 0.680260 -0.540689 0.494875
vn 0.594470 -0.540689 0.595198
vn 0.494041 -0.540689 0.680866
vn 0.381448 -0.540689 0.749768
vn 0.259462 -0.540689 0.800209
vn 0.131087 -0.540689 0.830946
vn -0.000515 -0.540689 0.841222
vn -0.132105 -0.540689 0.830785
vn -0.260442 -0.540689 0.799891
vn -0.382366 -0.540689 0.749301
vn -0.494875 -0.540689 0.680260
vn -0.595198 -0.540689 0.594470
vn -0.680866 -0.540689 0.494041
vn -0.749768 -0.540689 0.381448
vn -0.800209 -0.540689 0.259462
vn -0.830946 -0.540689 0.131087
vn -0.841222 -0.540689 -0.000515
vn -0.830785 -0.540689 -0.132105
vn -0.799891 -0.540689 -0.260442
vn -0.749301 -0.540689 -0.382366
vn -0.680260 -0.540689 -0.494875
vn -0.594470 -0.540689 -0.595198
vn -0.494041 -0.540689 -0.680866
vn -0.381448 -0.540689 -0.749768
vn -0.259462 -0.540689 -0.800209
vn -0.131087 -0.540689 -0.830946
vn 0.000515 -0.540689 -0.841222
vn 0.132105 -0.540689 -0.830785
vn 0.260442 -0.540689 -0.799891
vn 0.382366 -0.540689 -0.749301
vn 0.494875 -0.540689 -0.680260
vn 0.595198 -0.540689 -0.594470
vn 0.680866 -0.540689 -0.494041
vn 0.749768 -0.540689 -0.381448
vn 0.800209 -0.540689 -0.259462
vn 0.830946 -0.540689 -0.131087
vn 0.841222 -0.540689 0.000515
vn 0.949597 0.313466 0.002017
vn 0.937591 0.313466 0.150542
vn 0.902497 0.313466 0.295360
vn 0.845182 0.313466 0.432905
vn 0.767055 0.313466 0.559791
vn 0.670040 0.313466 0.672893
vn 0.556527 0.313466 0.769426
vn 0.429311 0.313466 0.847013
vn 0.291523 0.313466 0.903744
vn 0.146558 0.313466 0.938222
vn -0.002017 0.313466 0.949597
vn -0.150542 0.313466 0.937591
vn -0.295360 0.313466 0.902497
vn -0.432905 0.313466 0.845182
vn -0.559791 0.313466 0.767055
vn -0.672893 0.313466 0.670040
vn -0.769426 0.313466 0.556527
vn -0.847013 0.313466 0.429311
vn -0.903744 0.313466 0.291523
vn -0.938222 0.313466 0.146558
vn -0.949597 0.313466 -0.002017
vn -0.937591 0.313466 -0.150542
vn -0.902497 0.313466 -0.295360
vn -0.845182 0.313466 -0.432905
vn -0.767055 0.313466 -0.559791
vn -0.670040 0.313466 -0.672893
vn -0.556527 0.313466 -0.769426
vn -0.429311 0.313466 -0.847013
vn -0.291523 0.313466 -0.903744
vn -0.146558 0.313466 -0.938222
vn 0.002017 0.313466 -0.949597
vn 0.150542 0.313466 -0.937591
vn 0.295360 0.313466 -0.902497
vn 0.432905 0.313466 -0.845182
vn 0.559791 0.313466 -0.767055
vn 0.672893 0.313466 -0.670040
vn 0.769426 0.313466 -0.556527
vn 0.847013 0.313466 -0.429311
vn 0.903744 0.313466 -0.291523
vn 0.938222 0.313466 -0.146558
vn 0.949597 0.313466 0.002017
vn 0.015113 0.999624 0.022896
vn 0.011345 0.999624 0.024979
vn 0.007298 0.999624 0.026446
vn 0.003071 0.999624 0.027262
vn -0.001231 0.999624 0.027407
vn -0.005504 0.999624 0.026877
vn -0.009640 0.999624 0.025685
vn -0.013540 0.999624 0.023861
vn -0.017106 0.999624 0.021449
vn -0.020250 0.999624 0.018509
vn -0.022896 0.999624 0.015113
vn -0.024979 0.999624 0.011345
vn -0.026446 0.999624 0.007298
vn -0.027262 0.999624 0.003071
vn -0.027407 0.999624 -0.001231
vn -0.026877 0.999624 -0.005504
vn -0.025685 0.999624 -0.009640
vn -0.023861 0.999624 -0.013540
vn -0.021449 0.999624 -0.017106
vn -0.018509 0.999624 -0.020250
vn -0.015113 0.999624 -0.022896
vn -0.011345 0.999624 -0.024979
vn -0.007298 0.999624 -0.026446
vn -0.003071 0.999624 -0.027262
vn 0.001231 0.999624 -0.027407
vn 0.005504 0.999624 -0.026877
vn 0.009640 0.999624 -0.025685
vn 0.013540 0.999624 -0.023861
vn 0.017106 0.999624 -0.021449
vn 0.020250 0.999624 -0.018509
vn 0.022896 0.999624 -0.015113
vn 0.024979 0.999624 -0.011345
vn 0.026446 0.999624 -0.007298
vn 0.027262 0.999624 -0.003071
vn 0.027407 0.999624 0.001231
vn 0.026877 0.999624 0.005504
vn 0.025685 0.999624 0.009640
vn 0.023861 0.999624 0.013540
vn 0.021449 0.999624 0.017106
vn 0.018509 0.999624 0.020250
vn 0.015113 0.999624 0.022896
vn -0.843704 0.536633 0.013751
vn -0.835468 0.536633 -0.118403
vn -0.806659 0.536633 -0.247641
vn -0.757988 0.536633 -0.370782
vn -0.690653 0.536633 -0.484792
vn -0.606312 0.536633 -0.586866
vn -0.507041 0.536633 -0.674488
vn -0.395286 0.536633 -0.745503
vn -0.273797 0.536633 -0.798161
vn -0.145566 0.536633 -0.831165
vn -0.013751 0.536633 -0.843704
vn 0.118403 0.536633 -0.835468
vn 0.247641 0.536633 -0.806659
vn 0.370782 0.536633 -0.757988
vn 0.484792 0.536633 -0.690653
vn 0.586866 0.536633 -0.606312
vn 0.674488 0.536633 -0.507041
vn 0.745503 0.536633 -0.395286
vn 0.798161 0.536633 -0.273797
vn 0.831165 0.536633 -0.145566
vn 0.843704 0.536633 -0.013751
vn 0.835468 0.536633 0.118403
vn 0.806659 0.536633 0.247641
vn 0.757988 0.536633 0.370782
vn 0.690653 0.536633 0.484792
vn 0.606312 0.536633 0.586866
vn 0.507041 0.536633 0.674488
vn 0.395286 0.536633 0.745503
vn 0.273797 0.536633 0.798161
vn 0.145566 0.536633 0.831165
vn 0.013751 0.536633 0.843704
vn -0.118403 0.536633 0.835468
vn -0.247641 0.536633 0.806659
vn -0.370782 0.536633 0.757988
vn -0.484792 0.536633 0.690653
vn -0.586866 0.536633 0.606312
vn -0.674488 0.536633 0.507041
vn -0.745503 0.536633 0.395286
vn -0.798161 0.536633 0.273797
vn -0.831165 0.536633 0.145566
vn -0.843704 0.536633 0.013751
vn -0.481576 0.876285 -0.014477
vn -0.473382 0.876285 -0.089634
vn -0.453532 0.876285 -0.162584
vn -0.422515 0.876285 -0.231531
vn -0.381094 0.876285 -0.294776
vn -0.330289 0.876285 -0.350763
vn -0.271351 0.876285 -0.398113
vn -0.205732 0.876285 -0.435660
vn -0.135046 0.876285 -0.462480
vn -0.061036 0.876285 -0.477912
vn 0.014477 0.876285 -0.481576
vn 0.089634 0.876285 -0.473382
vn 0.162584 0.876285 -0.453532
vn 0.231531 0.876285 -0.422515
vn 0.294776 0.876285 -0.381094
vn 0.350763 0.876285 -0.330289
vn 0.398113 0.876285 -0.271351
vn 0.435660 0.876285 -0.205732
vn 0.462480 0.876285 -0.135046
vn 0.477912 0.876285 -0.061036
vn 0.481576 0.876285 0.014477
vn 0.473382 0.876285 0.089634
vn 0.453532 0.876285 0.162584
vn 0.422515 0.876285 0.231531
vn 0.381094 0.876285 0.294776
vn 0.330289 0.876285 0.350763
vn 0.271351 0.876285 0.398113
vn 0.205732 0.876285 0.435660
vn 0.135046 0.876285 0.462480
vn 0.061036 0.876285 0.477912
vn -0.014477 0.876285 0.481576
vn -0.089634 0.876285 0.473382
vn -0.162584 0.876285 0.453532
vn -0.231531 0.876285 0.422515
vn -0.294776 0.876285 0.381094
vn -0.350763 0.876285 0.330289
vn -0.398113 0.876285 0.271351
vn -0.435660 0.876285 0.205732
vn -0.462480 0.876285 0.135046
vn -0.477912 0.876285 0.061036
vn -0.481576 0.876285 -0.014477
vn 0.000000 1.000000 -0.000000
vn 0.000000 1.000000 -0.000000
vn 0.000000 1.000000 -0.000000
vn 0.000000 1.000000 -0.000000
vn 0.000000 1.000000 -0.000000
vn 0.000000 1.000000 -0.000000
vn 0.000000 1.000000 -0.000000
vn 0.000000 1.000000 -0.000000
vn 0.000000 1.000000 -0.000000
vn 0.000000 1.000000 -0.000000
vn 0.000000 1.000000 -0.000000
vn 0.000000 1.000000 -0.000000
vn 0.000000 1.000000 -0.000000
vn 0.000000 1.000000 -0.000000
vn 0.000000 1.000000 -0.000000
vn 0.000000 1.000000 -0.000000
vn 0.000000 1.000000 -0.000000
vn 0.000000 1.000000 -0.000000
vn 0.000000 1.000000 -0.000000
vn 0.000000 1.000000 -0.000000
vn 0.000000 1.000000 -0.000000
vn 0.000000 1.000000 -0.000000
vn 0.000000 1.000000 -0.000000
vn 0.000000 1.000000 -0.000000
vn 0.000000 1.000000 -0.000000
vn 0.000000 1.000000 -0.000000
vn 0.000000 1.000000 -0.000000
vn 0.000000 1.000000 -0.000000
vn 0.000000 1.000000 -0.000000
vn 0.000000 1.000000 -0.000000
vn 0.000000 1.000000 -0.000000
vn 0.000000 1.000000 -0.000000
vn 0.000000 1.000000 -0.000000
vn 0.000000 1.000000 -0.000000
vn 0.000000 1.000000 -0.000000
vn 0.000000 1.000000 -0.000000
vn 0.000000 1.000000 -0.000000
vn 0.000000 1.000000 -0.000000
vn 0.000000 1.000000 -0.000000
vn 0.000000 1.000000 -0.000000
vn 0.000000 1.000000 -0.000000
vn 0.000000 -1.000000 0.000000
vn 0.000000 -1.000000 0.000000
vn 0.000000 -1.000000 0.000000
vn 0.000000 -1.000000 0.000000
vn 0.000000 -1.000000 0.000000
vn 0.000000 -1.000000 0.000000
vn 0.000000 -1.000000 0.000000
vn 0.000000 -1.000000 0.000000
vn 0.000000 -1.000000 0.000000
vn 0.000000 -1.000000 0.000000
vn 0.000000 -1.000000 0.000000
vn 0.000000 -1.000000 0.000000
vn 0.000000 -1.000000 0.000000
vn 0.000000 -1.000000 0.000000
vn 0.000000 -1.000000 0.000000
vn 0.000000 -1.000000 0.000000
vn 0.000000 -1.000000 0.000000
vn 0.000000 -1.000000 0.000000
vn 0.000000 -1.000000 0.000000
vn 0.000000 -1.000000 0.000000
vn 0.000000 -1.000000 0.000000
vn 0.000000 -1.000000 0.000000
vn 0.000000 -1.000000 0.000000
vn 0.000000 -1.000000 0.000000
vn 0.000000 -1.000000 0.000000
vn 0.000000 -1.000000 0.000000
vn 0.000000 -1.000000 0.000000
vn 0.000000 -1.000000 0.000000
vn 0.000000 -1.000000 0.000000
vn 0.000000 -1.000000 0.000000
vn 0.000000 -1.000000 0.000000
vn 0.000000 -1.000000 0.000000
vn 0.000000 -1.000000 0.000000
vn 0.000000 -1.000000 0.000000
vn 0.000000 -1.000000 0.000000
vn 0.000000 -1.000000 0.000000
vn 0.000000 -1.000000 0.000000
vn 0.000000 -1.000000 0.000000
vn 0.000000 -1.000000 0.000000
vn 0.000000 -1.000000 0.000000
vn 0.000000 -1.000000 0.000000
vn 0.142959 -0.989719 -0.004327
vn 0.141876 -0.989719 0.018090
vn 0.137300 -0.989719 0.040061
vn 0.129342 -0.989719 0.061047
vn 0.118200 -0.989719 0.080529
vn 0.104147 -0.989719 0.098028
vn 0.087530 -0.989719 0.113113
vn 0.068758 -0.989719 0.125413
vn 0.048292 -0.989719 0.134625
vn 0.026638 -0.989719 0.140522
vn 0.004327 -0.989719 0.142959
vn -0.018090 -0.989719 0.141876
vn -0.040061 -0.989719 0.137300
vn -0.061047 -0.989719 0.129342
vn -0.080529 -0.989719 0.118200
vn -0.098028 -0.989719 0.104147
vn -0.113113 -0.989719 0.087530
vn -0.125413 -0.989719 0.068758
vn -0.134625 -0.989719 0.048292
vn -0.140522 -0.989719 0.026638
vn -0.142959 -0.989719 0.004327
vn -0.141876 -0.989719 -0.018090
vn -0.137300 -0.989719 -0.040061
vn -0.129342 -0.989719 -0.061047
vn -0.118200 -0.989719 -0.080529
vn -0.104147 -0.989719 -0.098028
vn -0.087530 -0.989719 -0.113113
vn -0.068758 -0.989719 -0.125413
vn -0.048292 -0.989719 -0.134625
vn -0.026638 -0.989719 -0.140522
vn -0.004327 -0.989719 -0.142959
vn 0.018090 -0.989719 -0.141876
vn 0.040061 -0.989719 -0.137300
vn 0.061047 -0.989719 -0.129342
vn 0.080529 -0.989719 -0.118200
vn 0.098028 -0.989719 -0.104147
vn 0.113113 -0.989719 -0.087530
vn 0.125413 -0.989719 -0.068758
vn 0.134625 -0.989719 -0.048292
vn 0.140522 -0.989719 -0.026638
vn 0.142959 -0.989719 -0.004327
vn 0.769951 -0.637886 -0.016664
vn 0.763078 -0.637886 0.103988
vn 0.737416 -0.637886 0.222080
vn 0.693596 -0.637886 0.334703
vn 0.632698 -0.637886 0.439084
vn 0.556220 -0.637886 0.532654
vn 0.466047 -0.637886 0.613108
vn 0.364398 -0.637886 0.678466
vn 0.253776 -0.637886 0.727117
vn 0.136905 -0.637886 0.757864
vn 0.016664 -0.637886 0.769951
vn -0.103988 -0.637886 0.763078
vn -0.222080 -0.637886 0.737416
vn -0.334703 -0.637886 0.693596
vn -0.439084 -0.637886 0.632698
vn -0.532654 -0.637886 0.556220
vn -0.613108 -0.637886 0.466047
vn -0.678466 -0.637886 0.364398
vn -0.727117 -0.637886 0.253776
vn -0.757864 -0.637886 0.136905
vn -0.769951 -0.637886 0.016664
vn -0.763078 -0.637886 -0.103988
vn -0.737416 -0.637886 -0.222080
vn -0.693596 -0.637886 -0.334703
vn -0.632698 -0.637886 -0.439084
vn -0.556220 -0.637886 -0.532654
vn -0.466047 -0.637886 -0.613108
vn -0.364398 -0.637886 -0.678466
vn -0.253776 -0.637886 -0.727117
vn -0.136905 -0.637886 -0.757864
vn -0.016664 -0.637886 -0.769951
vn 0.103988 -0.637886 -0.763078
vn 0.222080 -0.637886 -0.737416
vn 0.334703 -0.637886 -0.693596
vn 0.439084 -0.637886 -0.632698
vn 0.532654 -0.637886 -0.556220
vn 0.613108 -0.637886 -0.466047
vn 0.678466 -0.637886 -0.364398
vn 0.727117 -0.637886 -0.253776
vn 0.757864 -0.637886 -0.136905
vn 0.769951 -0.637886 -0.016664
vn 0.834362 -0.551084 0.012076
vn 0.822201 -0.551084 0.142450
vn 0.789794 -0.551084 0.269317
vn 0.737940 -0.551084 0.389552
vn 0.667915 -0.551084 0.500195
vn 0.581444 -0.551084 0.598522
vn 0.480656 -0.551084 0.682111
vn 0.368033 -0.551084 0.748904
vn 0.246348 -0.551084 0.797257
vn 0.118596 -0.551084 0.825979
vn -0.012076 -0.551084 0.834362
vn -0.142450 -0.551084 0.822201
vn -0.269317 -0.551084 0.789794
vn -0.389552 -0.551084 0.737940
vn -0.500195 -0.551084 0.667915
vn -0.598522 -0.551084 0.581444
vn -0.682111 -0.551084 0.480656
vn -0.748904 -0.551084 0.368033
vn -0.797257 -0.551084 0.246348
vn -0.825979 -0.551084 0.118596
vn -0.834362 -0.551084 -0.012076
vn -0.822201 -0.551084 -0.142450
vn -0.789794 -0.551084 -0.269317
vn -0.737940 -0.551084 -0.389552
vn -0.667915 -0.551084 -0.500195
vn -0.581444 -0.551084 -0.598522
vn -0.480656 -0.551084 -0.682111
vn -0.368033 -0.551084 -0.748904
vn -0.246348 -0.551084 -0.797257
vn -0.118596 -0.551084 -0.825979
vn 0.012076 -0.551084 -0.834362
vn 0.142450 -0.551084 -0.822201
vn 0.269317 -0.551084 -0.789794
vn 0.389552 -0.551084 -0.737940
vn 0.500195 -0.551084 -0.667915
vn 0.598522 -0.551084 -0.581444
vn 0.682111 -0.551084 -0.480656
vn 0.748904 -0.551084 -0.368033
vn 0.797257 -0.551084 -0.246348
vn 0.825979 -0.551084 -0.118596
vn 0.834362 -0.551084 0.012076
vn 0.841222 -0.540689 0.000515
vn 0.830785 -0.540689 0.132105
vn 0.799891 -0.540689 0.260442
vn 0.749301 -0.540689 0.382366
vn 0.680260 -0.540689 0.494875
vn 0.594470 -0.540689 0.595198
vn 0.494041 -0.540689 0.680866
vn 0.381448 -0.540689 0.749768
vn 0.259462 -0.540689 0.800209
vn 0.131087 -0.540689 0.830946
vn -0.000515 -0.540689 0.841222
vn -0.132105 -0.540689 0.830785
vn -0.260442 -0.540689 0.799891
vn -0.382366 -0.540689 0.749301
vn -0.494875 -0.540689 0.680260
vn -0.595198 -0.540689 0.594470
vn -0.680866 -0.540689 0.494041
vn -0.749768 -0.540689 0.381448
vn -0.800209 -0.540689 0.259462
vn -0.830946 -0.540689 0.131087
vn -0.841222 -0.540689 -0.000515
vn -0.830785 -0.540689 -0.132105
vn -0.799891 -0.540689 -0.260442
vn -0.749301 -0.540689 -0.382366
vn -0.680260 -0.540689 -0.494875
vn -0.594470 -0.540689 -0.595198
vn -0.494041 -0.540689 -0.680866
vn -0.381448 -0.540689 -0.749768
vn -0.259462 -0.540689 -0.800209
vn -0.131087 -0.540689 -0.830946
vn 0.000515 -0.540689 -0.841222
vn 0.132105 -0.540689 -0.830785
vn 0.260442 -0.540689 -0.799891
vn 0.382366 -0.540689 -0.749301
vn 0.494875 -0.540689 -0.680260
vn 0.595198 -0.540689 -0.594470
vn 0.680866 -0.540689 -0.494041
vn 0.749768 -0.540689 -0.381448
vn 0.800209 -0.540689 -0.259462
vn 0.830946 -0.540689 -0.131087
vn 0.841222 -0.540689 0.000515
vn 0.949597 0.313466 0.002017
vn 0.937591 0.313466 0.150542
vn 0.902497 0.313466 0.295360
vn 0.845182 0.313466 0.432905
vn 0.767055 0.313466 0.559791
vn 0.670040 0.313466 0.672893
vn 0.556527 0.313466 0.769426
vn 0.429311 0.313466 0.847013
vn 0.291523 0.313466 0.903744
vn 0.146558 0.313466 0.938222
vn -0.002017 0.313466 0.949597
vn -0.150542 0.313466 0.937591
vn -0.295360 0.313466 0.902497
vn -0.432905 0.313466 0.845182
vn -0.559791 0.313466 0.767055
vn -0.672893 0.313466 0.670040
vn -0.769426 0.313466 0.556527
vn -0.847013 0.313466 0.429311
vn -0.903744 0.313466 0.291523
vn -0.938222 0.313466 0.146558
vn -0.949597 0.313466 -0.002017
vn -0.937591 0.313466 -0.150542
vn -0.902497 0.313466 -0.295360
vn -0.845182 0.313466 -0.432905
vn -0.767055 0.313466 -0.559791
vn -0.670040 0.313466 -0.672893
vn -0.556527 0.313466 -0.769426
vn -0.429311 0.313466 -0.847013
vn -0.291523 0.313466 -0.903744
vn -0.146558 0.313466 -0.938222
vn 0.002017 0.313466 -0.949597
vn 0.150542 0.313466 -0.937591
vn 0.295360 0.313466 -0.902497
vn 0.432905 0.313466 -0.845182
vn 0.559791 0.313466 -0.767055
vn 0.672893 0.313466 -0.670040
vn 0.769426 0.313466 -0.556527
vn 0.847013 0.313466 -0.429311
vn 0.903744 0.313466 -0.291523
vn 0.938222 0.313466 -0.146558
vn 0.949597 0.313466 0.002017
vn 0.015113 0.999624 0.022896
vn 0.011345 0.999624 0.024979
vn 0.007298 0.999624 0.026446
vn 0.003071 0.999624 0.027262
vn -0.001231 0.999624 0.027407
vn -0.005504 0.999624 0.026877
vn -0.009640 0.999624 0.025685
vn -0.013540 0.999624 0.023861
vn -0.017106 0.999624 0.021449
vn -0.020250 0.999624 0.018509
vn -0.022896 0.999624 0.015113
vn -0.024979 0.999624 0.011345
vn -0.026446 0.999624 0.007298
vn -0.027262 0.999624 0.003071
vn -0.027407 0.999624 -0.001231
vn -0.026877 0.999624 -0.005504
vn -0.025685 0.999624 -0.009640
vn -0.023861 0.999624 -0.013540
vn -0.021449 0.999624 -0.017106
vn -0.018509 0.999624 -0.020250
vn -0.015113 0.999624 -0.022896
vn -0.011345 0.999624 -0.024979
vn -0.007298 0.999624 -0.026446
vn -0.003071 0.999624 -0.027262
vn 0.001231 0.999624 -0.027407
vn 0.005504 0.999624 -0.026877
vn 0.009640 0.999624 -0.025685
vn 0.013540 0.999624 -0.023861
vn 0.017106 0.999624 -0.021449
vn 0.020250 0.999624 -0.018509
vn 0.022896 0.999624 -0.015113
vn 0.024979 0.999624 -0.011345
vn 0.026446 0.999624 -0.007298
vn 0.027262 0.999624 -0.003071
vn 0.027407 0.999624 0.001231
vn 0.026877 0.999624 0.005504
vn 0.025685 0.999624 0.009640
vn 0.023861 0.999624 0.013540
vn 0.021449 0.999624 0.017106
vn 0.018509 0.999624 0.020250
vn 0.015113 0.999624 0.022896
vn -0.843704 0.536633 0.013751
vn -0.835468 0.536633 -0.118403
vn -0.806659 0.536633 -0.247641
vn -0.757988 0.536633 -0.370782
vn -0.690653 0.536633 -0.484792
vn -0.606312 0.536633 -0.586866
vn -0.507041 0.536633 -0.674488
vn -0.395286 0.536633 -0.745503
vn -0.273797 0.536633 -0.798161
vn -0.145566 0.536633 -0.831165
vn -0.013751 0.536633 -0.843704
vn 0.118403 0.536633 -0.835468
vn 0.247641 0.536633 -0.806659
vn 0.370782 0.536633 -0.757988
vn 0.484792 0.536633 -0.690653
vn 0.586866 0.536633 -0.606312
vn 0.674488 0.536633 -0.507041
vn 0.745503 0.536633 -0.395286
vn 0.798161 0.536633 -0.273797
vn 0.831165 0.536633 -0.145566
vn 0.843704 0.536633 -0.013751
vn 0.835468 0.536633 0.118403
vn 0.806659 0.536633 0.247641
vn 0.757988 0.536633 0.370782
vn 0.690653 0.536633 0.484792
vn 0.606312 0.536633 0.586866
vn 0.507041 0.536633 0.674488
vn 0.395286 0.536633 0.745503
vn 0.273797 0.536633 0.798161
vn 0.145566 0.536633 0.831165
vn 0.013751 0.536633 0.843704
vn -0.118403 0.536633 0.835468
vn -0.247641 0.536633 0.806659
vn -0.370782 0.536633 0.757988
vn -0.484792 0.536633 0.690653
vn -0.586866 0.536633 0.606312
vn -0.674488 0.536633 0.507041
vn -0.745503 0.536633 0.395286
vn -0.798161 0.536633 0.273797
vn -0.831165 0.536633 0.145566
vn -0.843704 0.536633 0.013751
vn -0.481576 0.876285 -0.014477
vn -0.473382 0.876285 -0.089634
vn -0.453532 0.876285 -0.162584
vn -0.422515 0.876285 -0.231531
vn -0.381094 0.876285 -0.294776
vn -0.330289 0.876285 -0.350763
vn -0.271351 0.876285 -0.398113
vn -0.205732 0.876285 -0.435660
vn -0.135046 0.876285 -0.462480
vn -0.061036 0.876285 -0.477912
vn 0.014477 0.876285 -0.481576
vn 0.089634 0.876285 -0.473382
vn 0.162584 0.876285 -0.453532
vn 0.231531 0.876285 -0.422515
vn 0.294776 0.876285 -0.381094
vn 0.350763 0.876285 -0.330289
vn 0.398113 0.876285 -0.271351
vn 0.435660 0.876285 -0.205732
vn 0.462480 0.876285 -0.135046
vn 0.477912 0.876285 -0.061036
vn 0.481576 0.876285 0.014477
vn 0.473382 0.876285 0.089634
vn 0.453532 0.876285 0.162584
vn 0.422515 0.876285 0.231531
vn 0.381094 0.876285 0.294776
vn 0.330289 0.876285 0.350763
vn 0.271351 0.876285 0.398113
vn 0.205732 0.876285 0.435660
vn 0.135046 0.876285 0.462480
vn 0.061036 0.876285 0.477912
vn -0.014477 0.876285 0.481576
vn -0.089634 0.876285 0.473382
vn -0.162584 0.876285 0.453532
vn -0.231531 0.876285 0.422515
vn -0.294776 0.876285 0.381094
vn -0.350763 0.876285 0.330289
vn -0.398113 0.876285 0.271351
vn -0.435660 0.876285 0.205732
vn -0.462480 0.876285 0.135046
vn -0.477912 0.876285 0.061036
vn -0.481576 0.876285 -0.014477
vn 0.000000 1.000000 -0.000000
vn 0.000000 1.000000 -0.000000
vn 0.000000 1.000000 -0.000000
vn 0.000000 1.000000 -0.000000
vn 0.000000 1.000000 -0.000000
vn 0.000000 1.000000 -0.000000
vn 0.000000 1.000000 -0.000000
vn 0.000000 1.000000 -0.000000
vn 0.000000 1.000000 -0.000000
vn 0.000000 1.000000 -0.000000
vn 0.000000 1.000000 -0.000000
vn 0.000000 1.000000 -0.000000
vn 0.000000 1.000000 -0.000000
vn 0.000000 1.000000 -0.000000
vn 0.000000 1.000000 -0.000000
vn 0.000000 1.000000 -0.000000
vn 0.000000 1.000000 -0.000000
vn 0.000000 1.000000 -0.000000
vn 0.000000 1.000000 -0.000000
vn 0.000000 1.000000 -0.000000
vn 0.000000 1.000000 -0.000000
vn 0.000000 1.000000 -0.000000
vn 0.000000 1.000000 -0.000000
vn 0.000000 1.000000 -0.000000
vn 0.000000 1.000000 -0.000000
vn 0.000000 1.000000 -0.000000
vn 0.000000 1.000000 -0.000000
vn 0.000000 1.000000 -0.000000
vn 0.000000 1.000000 -0.000000
vn 0.000000 1.000000 -0.000000
vn 0.000000 1.000000 -0.000000
vn 0.000000 1.000000 -0.000000
vn 0.000000 1.000000 -0.000000
vn 0.000000 1.000000 -0.000000
vn 0.000000 1.000000 -0.000000
vn 0.000000 1.000000 -0.000000
vn 0.000000 1.000000 -0.000000
vn 0.000000 1.000000 -0.000000
vn 0.000000 1.000000 -0.000000
vn 0.000000 1.000000 -0.000000
vn 0.000000 1.000000 -0.000000
vn 0.000000 -1.000000 0.000000
vn 0.000000 -1.000000 0.000000
vn 0.000000 -1.000000 0.000000
vn 0.000000 -1.000000 0.000000
vn 0.000000 -1.000000 0.000000
vn 0.000000 -1.000000 0.000000
vn 0.000000 -1.000000 0.000000
vn 0.000000 -1.000000 0.000000
vn 0.000000 -1.000000 0.000000
vn 0.000000 -1.000000 0.000000
vn 0.000000 -1.000000 0.000000
vn 0.000000 -1.000000 0.000000
vn 0.000000 -1.000000 0.000000
vn 0.000000 -1.000000 0.000000
vn 0.000000 -1.000000 0.000000
vn 0.000000 -1.000000 0.000000
vn 0.000000 -1.000000 0.000000
vn 0.000000 -1.000000 0.000000
vn 0.000000 -1.000000 0.000000
vn 0.000000 -1.000000 0.000000
vn 0.000000 -1.000000 0.000000
vn 0.000000 -1.000000 0.000000
vn 0.000000 -1.000000 0.000000
vn 0.000000 -1.000000 0.000000
vn 0.000000 -1.000000 0.000000
vn 0.000000 -1.000000 0.000000
vn 0.000000 -1.000000 0.000000
vn 0.000000 -1.000000 0.000000
vn 0.000000 -1.000000 0.000000
vn 0.000000 -1.000000 0.000000
vn 0.000000 -1.000000 0.000000
vn 0.000000 -1.000000 0.000000
vn 0.000000 -1.000000 0.000000
vn 0.000000 -1.000000 0.000000
vn 0.000000 -1.000000 0.000000
vn 0.000000 -1.000000 0.000000
vn 0.000000 -1.000000 0.000000
vn 0.000000 -1.000000 0.000000
vn 0.000000 -1.000000 0.000000
vn 0.000000 -1.000000 0.000000
vn 0.000000 -1.000000 0.000000
vn 0.142959 -0.989719 -0.004327
vn 0.141876 -0.989719 0.018090
vn 0.137300 -0.989719 0.040061
vn 0.129342 -0.989719 0.061047
vn 0.118200 -0.989719 0.080529
vn 0.104147 -0.989719 0.098028
vn 0.087530 -0.989719 0.113113
vn 0.068758 -0.989719 0.125413
vn 0.048292 -0.989719 0.134625
vn 0.026638 -0.989719 0.140522
vn 0.004327 -0.989719 0.142959
vn -0.018090 -0.989719 0.141876
vn -0.040061 -0.989719 0.137300
vn -0.061047 -0.989719 0.129342
vn -0.080529 -0.989719 0.118200
vn -0.098028 -0.989719 0.104147
vn -0.113113 -0.989719 0.087530
vn -0.125413 -0.989719 0.068758
vn -0.134625 -0.989719 0.048292
vn -0.140522 -0.989719 0.026638
vn -0.142959 -0.989719 0.004327
vn -0.141876 -0.989719 -0.018090
vn -0.137300 -0.989719 -0.040061
vn -0.129342 -0.989719 -0.061047
vn -0.118200 -0.989719 -0.080529
vn -0.104147 -0.989719 -0.098028
vn -0.087530 -0.989719 -0.113113
vn -0.068758 -0.989719 -0.125413
vn -0.048292 -0.989719 -0.134625
vn -0.026638 -0.989719 -0.140522
vn -0.004327 -0.989719 -0.142959
vn 0.018090 -0.989719 -0.141876
vn 0.040061 -0.989719 -0.137300
vn 0.061047 -0.989719 -0.129342
vn 0.080529 -0.989719 -0.118200
vn 0.098028 -0.989719 -0.104147
vn 0.113113 -0.989719 -0.087530
vn 0.125413 -0.989719 -0.068758
vn 0.134625 -0.989719 -0.048292
vn 0.140522 -0.989719 -0.026638
vn 0.142959 -0.989719 -0.004327
vn 0.769951 -0.637886 -0.016664
vn 0.763078 -0.637886 0.103988
vn 0.737416 -0.637886 0.222080
vn 0.693596 -0.637886 0.334703
vn 0.632698 -0.637886 0.439084
vn 0.556220 -0.637886 0.532654
vn 0.466047 -0.637886 0.613108
vn 0.364398 -0.637886 0.678466
vn 0.253776 -0.637886 0.727117
vn 0.136905 -0.637886 0.757864
vn 0.016664 -0.637886 0.769951
vn -0.103988 -0.637886 0.763078
vn -0.222080 -0.637886 0.737416
vn -0.334703 -0.637886 0.693596
vn -0.439084 -0.637886 0.632698
vn -0.532654 -0.637886 0.556220
vn -0.613108 -0.637886 0.466047
vn -0.678466 -0.637886 0.364398
vn -0.727117 -0.637886 0.253776
vn -0.757864 -0.637886 0.136905
vn -0.769951 -0.637886 0.016664
vn -0.763078 -0.637886 -0.103988
vn -0.737416 -0.637886 -0.222080
vn -0.693596 -0.637886 -0.334703
vn -0.632698 -0.637886 -0.439084
vn -0.556220 -0.637886 -0.532654
vn -0.466047 -0.637886 -0.613108
vn -0.364398 -0.637886 -0.678466
vn -0.253776 -0.637886 -0.727117
vn -0.136905 -0.637886 -0.757864
vn -0.016664 -0.637886 -0.769951
vn 0.103988 -0.637886 -0.763078
vn 0.222080 -0.637886 -0.737416
vn 0.334703 -0.637886 -0.693596
vn 0.439084 -0.637886 -0.632698
vn 0.532654 -0.637886 -0.556220
vn 0.613108 -0.637886 -0.466047
vn 0.678466 -0.637886 -0.364398
vn 0.727117 -0.637886 -0.253776
vn 0.757864 -0.637886 -0.136905
vn 0.769951 -0.637886 -0.016664
vn 0.834362 -0.551084 0.012076
vn 0.822201 -0.551084 0.142450
vn 0.789794 -0.551084 0.269317
vn 0.737940 -0.551084 0.389552
vn 0.667915 -0.551084 0.500195
vn 0.581444 -0.551084 0.598522
vn 0.480656 -0.551084 0.682111
vn 0.368033 -0.551084 0.748904
vn 0.246348 -0.551084 0.797257
vn 0.118596 -0.551084 0.825979
vn -0.012076 -0.551084 0.834362
vn -0.142450 -0.551084 0.822201
vn -0.269317 -0.551084 0.789794
vn -0.389552 -0.551084 0.737940
vn -0.500195 -0.551084 0.667915
vn -0.598522 -0.551084 0.581444
vn -0.682111 -0.551084 0.480656
vn -0.748904 -0.551084 0.368033
vn -0.797257 -0.551084 0.246348
vn -0.825979 -0.551084 0.118596
vn -0.834362 -0.551084 -0.012076
vn -0.822201 -0.551084 -0.142450
vn -0.789794 -0.551084 -0.269317
vn -0.737940 -0.551084 -0.389552
vn -0.667915 -0.551084 -0.500195
vn -0.581444 -0.551084 -0.598522
vn -0.480656 -0.551084 -0.682111
vn -0.368033 -0.551084 -0.748904
vn -0.246348 -0.551084 -0.797257
vn -0.118596 -0.551084 -0.825979
vn 0.012076 -0.551084 -0.834362
vn 0.142450 -0.551084 -0.822201
vn 0.269317 -0.551084 -0.789794
vn 0.389552 -0.551084 -0.737940
vn 0.500195 -0.551084 -0.667915
vn 0.598522 -0.551084 -0.581444
vn 0.682111 -0.551084 -0.480656
vn 0.748904 -0.551084 -0.368033
vn 0.797257 -0.551084 -0.246348
vn 0.825979 -0.551084 -0.118596
vn 0.834362 -0.551084 0.012076
vn 0.841222 -0.540689 0.000515
vn 0.830785 -0.540689 0.132105
vn 0.799891 -0.540689 0.260442
vn 0.749301 -0.540689 0.382366
vn 0.680260 -0.540689 0.494875
vn 0.594470 -0.540689 0.595198
vn 0.494041 -0.540689 0.680866
vn 0.381448 -0.540689 0.749768
vn 0.259462 -0.540689 0.800209
vn 0.131087 -0.540689 0.830946
vn -0.000515 -0.540689 0.841222
vn -0.132105 -0.540689 0.830785
vn -0.260442 -0.540689 0.799891
vn -0.382366 -0.540689 0.749301
vn -0.494875 -0.540689 0.680260
vn -0.595198 -0.540689 0.594470
vn -0.680866 -0.540689 0.494041
vn -0.749768 -0.540689 0.381448
vn -0.800209 -0.540689 0.259462
vn -0.830946 -0.540689 0.131087
vn -0.841222 -0.540689 -0.000515
vn -0.830785 -0.540689 -0.132105
vn -0.799891 -0.540689 -0.260442
vn -0.749301 -0.540689 -0.382366
vn -0.680260 -0.540689 -0.494875
vn -0.594470 -0.540689 -0.595198
vn -0.494041 -0.540689 -0.680866
vn -0.381448 -0.540689 -0.749768
vn -0.259462 -0.540689 -0.800209
vn -0.131087 -0.540689 -0.830946
vn 0.000515 -0.540689 -0.841222
vn 0.132105 -0.540689 -0.830785
vn 0.260442 -0.540689 -0.799891
vn 0.382366 -0.540689 -0.749301
vn 0.494875 -0.540689 -0.680260
vn 0.595198 -0.540689 -0.594470
vn 0.680866 -0.540689 -0.494041
vn 0.749768 -0.540689 -0.381448
vn 0.800209 -0.540689 -0.259462
vn 0.830946 -0.540689 -0.131087
vn 0.841222 -0.540689 0.000515
vn 0.949597 0.313466 0.002017
vn 0.937591 0.313466 0.150542
vn 0.902497 0.313466 0.295360
vn 0.845182 0.313466 0.432905
vn 0.767055 0.313466 0.559791
vn 0.670040 0.313466 0.672893
vn 0.556527 0.313466 0.769426
vn 0.429311 0.313466 0.847013
vn 0.291523 0.313466 0.903744
vn 0.146558 0.313466 0.938222
vn -0.002017 0.313466 0.949597
vn -0.150542 0.313466 0.937591
vn -0.295360 0.313466 0.902497
vn -0.432905 0.313466 0.845182
vn -0.559791 0.313466 0.767055
vn -0.672893 0.313466 0.670040
vn -0.769426 0.313466 0.556527
vn -0.847013 0.313466 0.429311
vn -0.903744 0.313466 0.291523
vn -0.938222 0.313466 0.146558
vn -0.949597 0.313466 -0.002017
vn -0.937591 0.313466 -0.150542
vn -0.902497 0.313466 -0.295360
vn -0.845182 0.313466 -0.432905
vn -0.767055 0.313466 -0.559791
vn -0.670040 0.313466 -0.672893
vn -0.556527 0.313466 -0.769426
vn -0.429311 0.313466 -0.847013
vn -0.291523 0.313466 -0.903744
vn -0.146558 0.313466 -0.938222
vn 0.002017 0.313466 -0.949597
vn 0.150542 0.313466 -0.937591
vn 0.295360 0.313466 -0.902497
vn 0.432905 0.313466 -0.845182
vn 0.559791 0.313466 -0.767055
vn 0.672893 0.313466 -0.670040
vn 0.769426 0.313466 -0.556527
vn 0.847013 0.313466 -0.429311
vn 0.903744 0.313466 -0.291523
vn 0.938222 0.313466 -0.146558
vn 0.949597 0.313466 0.002017
vn 0.015113 0.999624 0.022896
vn 0.011345 0.999624 0.024979
vn 0.007298 0.999624 0.026446
vn 0.003071 0.999624 0.027262
vn -0.001231 0.999624 0.027407
vn -0.005504 0.999624 0.026877
vn -0.009640 0.999624 0.025685
vn -0.013540 0.999624 0.023861
vn -0.017106 0.999624 0.021449
vn -0.020250 0.999624 0.018509
vn -0.022896 0.999624 0.015113
vn -0.024979 0.999624 0.011345
vn -0.026446 0.999624 0.007298
vn -0.027262 0.999624 0.003071
vn -0.027407 0.999624 -0.001231
vn -0.026877 0.999624 -0.005504
vn -0.025685 0.999624 -0.009640
vn -0.023861 0.999624 -0.013540
vn -0.021449 0.999624 -0.017106
vn -0.018509 0.999624 -0.020250
vn -0.015113 0.999624 -0.022896
vn -0.011345 0.999624 -0.024979
vn -0.007298 0.999624 -0.026446
vn -0.003071 0.999624 -0.027262
vn 0.001231 0.999624 -0.027407
vn 0.005504 0.999624 -0.026877
vn 0.009640 0.999624 -0.025685
vn 0.013540 0.999624 -0.023861
vn 0.017106 0.999624 -0.021449
vn 0.020250 0.999624 -0.018509
vn 0.022896 0.999624 -0.015113
vn 0.024979 0.999624 -0.011345
vn 0.026446 0.999624 -0.007298
vn 0.027262 0.999624 -0.003071
vn 0.027407 0.999624 0.001231
vn 0.026877 0.999624 0.005504
vn 0.025685 0.999624 0.009640
vn 0.023861 0.999624 0.013540
vn 0.021449 0.999624 0.017106
vn 0.018509 0.999624 0.020250
vn 0.015113 0.999624 0.022896
vn -0.843704 0.536633 0.013751
vn -0.835468 0.536633 -0.118403
vn -0.806659 0.536633 -0.247641
vn -0.757988 0.536633 -0.370782
vn -0.690653 0.536633 -0.484792
vn -0.606312 0.536633 -0.586866
vn -0.507041 0.536633 -0.674488
vn -0.395286 0.536633 -0.745503
vn -0.273797 0.536633 -0.798161
vn -0.145566 0.536633 -0.831165
vn -0.013751 0.536633 -0.843704
vn 0.118403 0.536633 -0.835468
vn 0.247641 0.536633 -0.806659
vn 0.370782 0.536633 -0.757988
vn 0.484792 0.536633 -0.690653
vn 0.586866 0.536633 -0.606312
vn 0.674488 0.536633 -0.507041
vn 0.745503 0.536633 -0.395286
vn 0.798161 0.536633 -0.273797
vn 0.831165 0.536633 -0.145566
vn 0.843704 0.536633 -0.013751
vn 0.835468 0.536633 0.118403
vn 0.806659 0.536633 0.247641
vn 0.757988 0.536633 0.370782
vn 0.690653 0.536633 0.484792
vn 0.606312 0.536633 0.586866
vn 0.507041 0.536633 0.674488
vn 0.395286 0.536633 0.745503
vn 0.273797 0.536633 0.798161
vn 0.145566 0.536633 0.831165
vn 0.013751 0.536633 0.843704
vn -0.118403 0.536633 0.835468
vn -0.247641 0.536633 0.806659
vn -0.370782 0.536633 0.757988
vn -0.484792 0.536633 0.690653
vn -0.586866 0.536633 0.606312
vn -0.674488 0.536633 0.507041
vn -0.745503 0.536633 0.395286
vn -0.798161 0.536633 0.273797
vn -0.831165 0.536633 0.145566
vn -0.843704 0.536633 0.013751
vn -0.481576 0.876285 -0.014477
vn -0.473382 0.876285 -0.089634
vn -0.453532 0.876285 -0.162584
vn -0.422515 0.876285 -0.231531
vn -0.381094 0.876285 -0.294776
vn -0.330289 0.876285 -0.350763
vn -0.271351 0.876285 -0.398113
vn -0.205732 0.876285 -0.435660
vn -0.135046 0.876285 -0.462480
vn -0.061036 0.876285 -0.477912
vn 0.014477 0.876285 -0.481576
vn 0.089634 0.876285 -0.473382
vn 0.162584 0.876285 -0.453532
vn 0.231531 0.876285 -0.422515
vn 0.294776 0.876285 -0.381094
vn 0.350763 0.876285 -0.330289
vn 0.398113 0.876285 -0.271351
vn 0.435660 0.876285 -0.205732
vn 0.462480 0.876285 -0.135046
vn 0.477912 0.876285 -0.061036
vn 0.481576 0.876285 0.014477
vn 0.473382 0.876285 0.089634
vn 0.453532 0.876285 0.162584
vn 0.422515 0.876285 0.231531
vn 0.381094 0.876285 0.294776
vn 0.330289 0.876285 0.350763
vn 0.271351 0.876285 0.398113
vn 0.205732 0.876285 0.435660
vn 0.135046 0.876285 0.462480
vn 0.061036 0.876285 0.477912
vn -0.014477 0.876285 0.481576
vn -0.089634 0.876285 0.473382
vn -0.162584 0.876285 0.453532
vn -0.231531 0.876285 0.422515
vn -0.294776 0.876285 0.381094
vn -0.350763 0.876285 0.330289
vn -0.398113 0.876285 0.271351
vn -0.435660 0.876285 0.205732
vn -0.462480 0.876285 0.135046
vn -0.477912 0.876285 0.061036
vn -0.481576 0.876285 -0.014477
vn 0.000000 1.000000 -0.000000
vn 0.000000 1.000000 -0.000000
vn 0.000000 1.000000 -0.000000
vn 0.000000 1.000000 -0.000000
vn 0.000000 1.000000 -0.000000
vn 0.000000 1.000000 -0.000000
vn 0.000000 1.000000 -0.000000
vn 0.000000 1.000000 -0.000000
vn 0.000000 1.000000 -0.000000
vn 0.000000 1.000000 -0.000000
vn 0.000000 1.000000 -0.000000
vn 0.000000 1.000000 -0.000000
vn 0.000000 1.000000 -0.000000
vn 0.000000 1.000000 -0.000000
vn 0.000000 1.000000 -0.000000
vn 0.000000 1.000000 -0.000000
vn 0.000000 1.000000 -0.000000
vn 0.000000 1.000000 -0.000000
vn 0.000000 1.000000 -0.000000
vn 0.000000 1.000000 -0.000000
vn 0.000000 1.000000 -0.000000
vn 0.000000 1.000000 -0.000000
vn 0.000000 1.000000 -0.000000
vn 0.000000 1.000000 -0.000000
vn 0.000000 1.000000 -0.000000
vn 0.000000 1.000000 -0.000000
vn 0.000000 1.000000 -0.000000
vn 0.000000 1.000000 -0.000000
vn 0.000000 1.000000 -0.000000
vn 0.000000 1.000000 -0.000000
vn 0.000000 1.000000 -0.000000
vn 0.000000 1.000000 -0.000000
vn 0.000000 1.000000 -0.000000
vn 0.000000 1.000000 -0.000000
vn 0.000000 1.000000 -0.000000
vn 0.000000 1.000000 -0.000000
vn 0.000000 1.000000 -0.000000
vn 0.000000 1.000000 -0.000000
vn 0.000000 1.000000 -0.000000
vn 0.000000 1.000000 -0.000000
vn 0.000000 1.000000 -0.000000
vn 0.000000 -1.000000 0.000000
vn 0.000000 -1.000000 0.000000
vn 0.000000 -1.000000 0.000000
vn 0.000000 -1.000000 0.000000
vn 0.000000 -1.000000 0.000000
vn 0.000000 -1.000000 0.000000
vn 0.000000 -1.000000 0.000000
vn 0.000000 -1.000000 0.000000
vn 0.000000 -1.000000 0.000000
vn 0.000000 -1.000000 0.000000
vn 0.000000 -1.000000 0.000000
vn 0.000000 -1.000000 0.000000
vn 0.000000 -1.000000 0.000000
vn 0.000000 -1.000000 0.000000
vn 0.000000 -1.000000 0.000000
vn 0.000000 -1.000000 0.000000
vn 0.000000 -1.000000 0.000000
vn 0.000000 -1.000000 0.000000
vn 0.000000 -1.000000 0.000000
vn 0.000000 -1.000000 0.000000
vn 0.000000 -1.000000 0.000000
vn 0.000000 -1.000000 0.000000
vn 0.000000 -1.000000 0.000000
vn 0.000000 -1.000000 0.000000
vn 0.000000 -1.000000 0.000000
vn 0.000000 -1.000000 0.000000
vn 0.000000 -1.000000 0.000000
vn 0.000000 -1.000000 0.000000
vn 0.000000 -1.000000 0.000000
vn 0.000000 -1.000000 0.000000
vn 0.000000 -1.000000 0.000000
vn 0.000000 -1.000000 0.000000
vn 0.000000 -1.000000 0.000000
vn 0.000000 -1.000000 0.000000
vn 0.000000 -1.000000 0.000000
vn 0.000000 -1.000000 0.000000
vn 0.000000 -1.000000 0.000000
vn 0.000000 -1.000000 0.000000
vn 0.000000 -1.000000 0.000000
vn 0.000000 -1.000000 0.000000
vn 0.000000 -1.000000 0.000000
vn 0.142959 -0.989719 -0.004327
vn 0.141876 -0.989719 0.018090
vn 0.137300 -0.989719 0.040061
vn 0.129342 -0.989719 0.061047
vn 0.118200 -0.989719 0.080529
vn 0.104147 -0.989719 0.098028
vn 0.087530 -0.989719 0.113113
vn 0.068758 -0.989719 0.125413
vn 0.048292 -0.989719 0.134625
vn 0.026638 -0.989719 0.140522
vn 0.004327 -0.989719 0.142959
vn -0.018090 -0.989719 0.141876
vn -0.040061 -0.989719 0.137300
vn -0.061047 -0.989719 0.129342
vn -0.080529 -0.989719 0.118200
vn -0.098028 -0.989719 0.104147
vn -0.113113 -0.989719 0.087530
vn -0.125413 -0.989719 0.068758
vn -0.134625 -0.989719 0.048292
vn -0.140522 -0.989719 0.026638
vn -0.142959 -0.989719 0.004327
vn -0.141876 -0.989719 -0.018090
vn -0.137300 -0.989719 -0.040061
vn -0.129342 -0.989719 -0.061047
vn -0.118200 -0.989719 -0.080529
vn -0.104147 -0.989719 -0.098028
vn -0.087530 -0.989719 -0.113113
vn -0.068758 -0.989719 -0.125413
vn -0.048292 -0.989719 -0.134625
vn -0.026638 -0.989719 -0.140522
vn -0.004327 -0.989719 -0.142959
vn 0.018090 -0.989719 -0.141876
vn 0.040061 -0.989719 -0.137300
vn 0.061047 -0.989719 -0.129342
vn 0.080529 -0.989719 -0.118200
vn 0.098028 -0.989719 -0.104147
vn 0.113113 -0.989719 -0.087530
vn 0.125413 -0.989719 -0.068758
vn 0.134625 -0.989719 -0.048292
vn 0.140522 -0.989719 -0.026638
vn 0.142959 -0.989719 -0.004327
vn 0.769951 -0.637886 -0.016664
vn 0.763078 -0.637886 0.103988
vn 0.737416 -0.637886 0.222080
vn 0.693596 -0.637886 0.334703
vn 0.632698 -0.637886 0.439084
vn 0.556220 -0.637886 0.532654
vn 0.466047 -0.637886 0.613108
vn 0.364398 -0.637886 0.678466
vn 0.253776 -0.637886 0.727117
vn 0.136905 -0.637886 0.757864
vn 0.016664 -0.637886 0.769951
vn -0.103988 -0.637886 0.763078
vn -0.222080 -0.637886 0.737416
vn -0.334703 -0.637886 0.693596
vn -0.439084 -0.637886 0.632698
vn -0.532654 -0.637886 0.556220
vn -0.613108 -0.637886 0.466047
vn -0.678466 -0.637886 0.364398
vn -0.727117 -0.637886 0.253776
vn -0.757864 -0.637886 0.136905
vn -0.769951 -0.637886 0.016664
vn -0.763078 -0.637886 -0.103988
vn -0.737416 -0.637886 -0.222080
vn -0.693596 -0.637886 -0.334703
vn -0.632698 -0.637886 -0.439084
vn -0.556220 -0.637886 -0.532654
vn -0.466047 -0.637886 -0.613108
vn -0.364398 -0.637886 -0.678466
vn -0.253776 -0.637886 -0.727117
vn -0.136905 -0.637886 -0.757864
vn -0.016664 -0.637886 -0.769951
vn 0.103988 -0.637886 -0.763078
vn 0.222080 -0.637886 -0.737416
vn 0.334703 -0.637886 -0.693596
vn 0.439084 -0.637886 -0.632698
vn 0.532654 -0.637886 -0.556220
vn 0.613108 -0.637886 -0.466047
vn 0.678466 -0.637886 -0.364398
vn 0.727117 -0.637886 -0.253776
vn 0.757864 -0.637886 -0.136905
vn 0.769951 -0.637886 -0.016664
vn 0.834362 -0.551084 0.012076
vn 0.822201 -0.551084 0.142450
vn 0.789794 -0.551084 0.269317
vn 0.737940 -0.551084 0.389552
vn 0.667915 -0.551084 0.500195
vn 0.581444 -0.551084 0.598522
vn 0.480656 -0.551084 0.682111
vn 0.368033 -0.551084 0.748904
vn 0.246348 -0.551084 0.797257
vn 0.118596 -0.551084 0.825979
vn -0.012076 -0.551084 0.834362
vn -0.142450 -0.551084 0.822201
vn -0.269317 -0.551084 0.789794
vn -0.389552 -0.551084 0.737940
vn -0.500195 -0.551084 0.667915
vn -0.598522 -0.551084 0.581444
vn -0.682111 -0.551084 0.480656
vn -0.748904 -0.551084 0.368033
vn -0.797257 -0.551084 0.246348
vn -0.825979 -0.551084 0.118596
vn -0.834362 -0.551084 -0.012076
vn -0.822201 -0.551084 -0.142450
vn -0.789794 -0.551084 -0.269317
vn -0.737940 -0.551084 -0.389552
vn -0.667915 -0.551084 -0.500195
vn -0.581444 -0.551084 -0.598522
vn -0.480656 -0.551084 -0.682111
vn -0.368033 -0.551084 -0.748904
vn -0.246348 -0.551084 -0.797257
vn -0.118596 -0.551084 -0.825979
vn 0.012076 -0.551084 -0.834362
vn 0.142450 -0.551084 -0.822201
vn 0.269317 -0.551084 -0.789794
vn 0.389552 -0.551084 -0.737940
vn 0.500195 -0.551084 -0.667915
vn 0.598522 -0.551084 -0.581444
vn 0.682111 -0.551084 -0.480656
vn 0.748904 -0.551084 -0.368033
vn 0.797257 -0.551084 -0.246348
vn 0.825979 -0.551084 -0.118596
vn 0.834362 -0.551084 0.012076
vn 0.841222 -0.540689 0.000515
vn 0.830785 -0.540689 0.132105
vn 0.799891 -0.540689 0.260442
vn 0.749301 -0.540689 0.382366
vn 0.680260 -0.540689 0.494875
vn 0.594470 -0.540689 0.595198
vn 0.494041 -0.540689 0.680866
vn 0.381448 -0.540689 0.749768
vn 0.259462 -0.540689 0.800209
vn 0.131087 -0.540689 0.830946
vn -0.000515 -0.540689 0.841222
vn -0.132105 -0.540689 0.830785
vn -0.260442 -0.540689 0.799891
vn -0.382366 -0.540689 0.749301
vn -0.494875 -0.540689 0.680260
vn -0.595198 -0.540689 0.594470
vn -0.680866 -0.540689 0.494041
vn -0.749768 -0.540689 0.381448
vn -0.800209 -0.540689 0.259462
vn -0.830946 -0.540689 0.131087
vn -0.841222 -0.540689 -0.000515
vn -0.830785 -0.540689 -0.132105
vn -0.799891 -0.540689 -0.260442
vn -0.749301 -0.540689 -0.382366
vn -0.680260 -0.540689 -0.494875
vn -0.594470 -0.540689 -0.595198
vn -0.494041 -0.540689 -0.680866
vn -0.381448 -0.540689 -0.749768
vn -0.259462 -0.540689 -0.800209
vn -0.131087 -0.540689 -0.830946
vn 0.000515 -0.540689 -0.841222
vn 0.132105 -0.540689 -0.830785
vn 0.260442 -0.540689 -0.799891
vn 0.382366 -0.540689 -0.749301
vn 0.494875 -0.540689 -0.680260
vn 0.595198 -0.540689 -0.594470
vn 0.680866 -0.540689 -0.494041
vn 0.749768 -0.540689 -0.381448
vn 0.800209 -0.540689 -0.259462
vn 0.830946 -0.540689 -0.131087
vn 0.841222 -0.540689 0.000515
vn 0.949597 0.313466 0.002017
vn 0.937591 0.313466 0.150542
vn 0.902497 0.313466 0.295360
vn 0.845182 0.313466 0.432905
vn 0.767055 0.313466 0.559791
vn 0.670040 0.313466 0.672893
vn 0.556527 0.313466 0.769426
vn 0.429311 0.313466 0.847013
vn 0.291523 0.313466 0.903744
vn 0.146558 0.313466 0.938222
vn -0.002017 0.313466 0.949597
vn -0.150542 0.313466 0.937591
vn -0.295360 0.313466 0.902497
vn -0.432905 0.313466 0.845182
vn -0.559791 0.313466 0.767055
vn -0.672893 0.313466 0.670040
vn -0.769426 0.313466 0.556527
vn -0.847013 0.313466 0.429311
vn -0.903744 0.313466 0.291523
vn -0.938222 0.313466 0.146558
vn -0.949597 0.313466 -0.002017
vn -0.937591 0.313466 -0.150542
vn -0.902497 0.313466 -0.295360
vn -0.845182 0.313466 -0.432905
vn -0.767055 0.313466 -0.559791
vn -0.670040 0.313466 -0.672893
vn -0.556527 0.313466 -0.769426
vn -0.429311 0.313466 -0.847013
vn -0.291523 0.313466 -0.903744
vn -0.146558 0.313466 -0.938222
vn 0.002017 0.313466 -0.949597
vn 0.150542 0.313466 -0.937591
vn 0.295360 0.313466 -0.902497
vn 0.432905 0.313466 -0.845182
vn 0.559791 0.313466 -0.767055
vn 0.672893 0.313466 -0.670040
vn 0.769426 0.313466 -0.556527
vn 0.847013 0.313466 -0.429311
vn 0.903744 0.313466 -0.291523
vn 0.938222 0.313466 -0.146558
vn 0.949597 0.313466 0.002017
vn 0.015113 0.999624 0.022896
vn 0.011345 0.999624 0.024979
vn 0.007298 0.999624 0.026446
vn 0.003071 0.999624 0.027262
vn -0.001231 0.999624 0.027407
vn -0.005504 0.999624 0.026877
vn -0.009640 0.999624 0.025685
vn -0.013540 0.999624 0.023861
vn -0.017106 0.999624 0.021449
vn -0.020250 0.999624 0.018509
vn -0.022896 0.999624 0.015113
vn -0.024979 0.999624 0.011345
vn -0.026446 0.999624 0.007298
vn -0.027262 0.999624 0.003071
vn -0.027407 0.999624 -0.001231
vn -0.026877 0.999624 -0.005504
vn -0.025685 0.999624 -0.009640
vn -0.023861 0.999624 -0.013540
vn -0.021449 0.999624 -0.017106
vn -0.018509 0.999624 -0.020250
vn -0.015113 0.999624 -0.022896
vn -0.011345 0.999624 -0.024979
vn -0.007298 0.999624 -0.026446
vn -0.003071 0.999624 -0.027262
vn 0.001231 0.999624 -0.027407
vn 0.005504 0.999624 -0.026877
vn 0.009640 0.999624 -0.025685
vn 0.013540 0.999624 -0.023861
vn 0.017106 0.999624 -0.021449
vn 0.020250 0.999624 -0.018509
vn 0.022896 0.999624 -0.015113
vn 0.024979 0.999624 -0.011345
vn 0.026446 0.999624 -0.007298
vn 0.027262 0.999624 -0.003071
vn 0.027407 0.999624 0.001231
vn 0.026877 0.999624 0.005504
vn 0.025685 0.999624 0.009640
vn 0.023861 0.999624 0.013540
vn 0.021449 0.999624 0.017106
vn 0.018509 0.999624 0.020250
vn 0.015113 0.999624 0.022896
vn -0.843704 0.536633 0.013751
vn -0.835468 0.536633 -0.118403
vn -0.806659 0.536633 -0.247641
vn -0.757988 0.536633 -0.370782
vn -0.690653 0.536633 -0.484792
vn -0.606312 0.536633 -0.586866
vn -0.507041 0.536633 -0.674488
vn -0.395286 0.536633 -0.745503
vn -0.273797 0.536633 -0.798161
vn -0.145566 0.536633 -0.831165
vn -0.013751 0.536633 -0.843704
vn 0.118403 0.536633 -0.835468
vn 0.247641 0.536633 -0.806659
vn 0.370782 0.536633 -0.757988
vn 0.484792 0.536633 -0.690653
vn 0.586866 0.536633 -0.606312
vn 0.674488 0.536633 -0.507041
vn 0.745503 0.536633 -0.395286
vn 0.798161 0.536633 -0.273797
vn 0.831165 0.536633 -0.145566
vn 0.843704 0.536633 -0.013751
vn 0.835468 0.536633 0.118403
vn 0.806659 0.536633 0.247641
vn 0.757988 0.536633 0.370782
vn 0.690653 0.536633 0.484792
vn 0.606312 0.536633 0.586866
vn 0.507041 0.536633 0.674488
vn 0.395286 0.536633 0.745503
vn 0.273797 0.536633 0.798161
vn 0.145566 0.536633 0.831165
vn 0.013751 0.536633 0.843704
vn -0.118403 0.536633 0.835468
vn -0.247641 0.536633 0.806659
vn -0.370782 0.536633 0.757988
vn -0.484792 0.536633 0.690653
vn -0.586866 0.536633 0.606312
vn -0.674488 0.536633 0.507041
vn -0.745503 0.536633 0.395286
vn -0.798161 0.536633 0.273797
vn -0.831165 0.536633 0.145566
vn -0.843704 0.536633 0.013751
vn -0.481576 0.876285 -0.014477
vn -0.473382 0.876285 -0.089634
vn -0.453532 0.876285 -0.162584
vn -0.422515 0.876285 -0.231531
vn -0.381094 0.876285 -0.294776
vn -0.330289 0.876285 -0.350763
vn -0.271351 0.876285 -0.398113
vn -0.205732 0.876285 -0.435660
vn -0.135046 0.876285 -0.462480
vn -0.061036 0.876285 -0.477912
vn 0.014477 0.876285 -0.481576
vn 0.089634 0.876285 -0.473382
vn 0.162584 0.876285 -0.453532
vn 0.231531 0.876285 -0.422515
vn 0.294776 0.876285 -0.381094
vn 0.350763 0.876285 -0.330289
vn 0.398113 0.876285 -0.271351
vn 0.435660 0.876285 -0.205732
vn 0.462480 0.876285 -0.135046
vn 0.477912 0.876285 -0.061036
vn 0.481576 0.876285 0.014477
vn 0.473382 0.876285 0.089634
vn 0.453532 0.876285 0.162584
vn 0.422515 0.876285 0.231531
vn 0.381094 0.876285 0.294776
vn 0.330289 0.876285 0.350763
vn 0.271351 0.876285 0.398113
vn 0.205732 0.876285 0.435660
vn 0.135046 0.876285 0.462480
vn 0.061036 0.876285 0.477912
vn -0.014477 0.876285 0.481576
vn -0.089634 0.876285 0.473382
vn -0.162584 0.876285 0.453532
vn -0.231531 0.876285 0.422515
vn -0.294776 0.876285 0.381094
vn -0.350763 0.876285 0.330289
vn -0.398113 0.876285 0.271351
vn -0.435660 0.876285 0.205732
vn -0.462480 0.876285 0.135046
vn -0.477912 0.876285 0.061036
vn -0.481576 0.876285 -0.014477
vn 0.000000 1.000000 0.000000
vn 0.000000 1.000000 0.000000
vn 0.000000 1.000000 0.000000
vn 0.000000 1.000000 0.000000
vn 0.000000 1.000000 0.000000
vn 0.000000 1.000000 0.000000
vn 0.000000 1.000000 0.000000
vn 0.000000 1.000000 0.000000
vn 0.000000 1.000000 0.000000
vn 0.000000 1.000000 0.000000
vn 0.000000 1.000000 0.000000
vn 0.000000 1.000000 0.000000
vn 0.000000 1.000000 0.000000
vn 0.000000 1.000000 0.000000
vn 0.000000 1.000000 0.000000
vn 0.000000 1.000000 0.000000
vn 0.000000 1.000000 0.000000
vn 0.000000 1.000000 0.000000
vn 0.000000 1.000000 0.000000
vn 0.000000 1.000000 0.000000
vn 0.000000 1.000000 0.000000
vn 0.000000 1.000000 0.000000
vn 0.000000 1.000000 0.000000
vn 0.000000 1.000000 0.000000
vn 0.000000 1.000000 0.000000
vn 0.000000 1.000000 0.000000
vn 0.000000 1.000000 0.000000
vn 0.000000 1.000000 0.000000
vn 0.000000 1.000000 0.000000
vn 0.000000 1.000000 0.000000
vn 0.000000 1.000000 0.000000
vn 0.000000 1.000000 0.000000
vn 0.000000 1.000000 0.000000
vn 0.000000 1.000000 0.000000
vn 0.000000 1.000000 0.000000
vn 0.000000 1.000000 0.000000
vn 0.000000 1.000000 0.000000
vn 0.000000 1.000000 0.000000
vn 0.000000 1.000000 0.000000
vn 0.000000 1.000000 0.000000
vn 0.000000 1.000000 0.000000
vn 0.000000 -1.000000 0.000000
vn 0.000000 -1.000000 0.000000
vn 0.000000 -1.000000 0.000000
vn 0.000000 -1.000000 0.000000
vn 0.000000 -1.000000 0.000000
vn 0.000000 -1.000000 0.000000
vn 0.000000 -1.000000 0.000000
vn 0.000000 -1.000000 0.000000
vn 0.000000 -1.000000 0.000000
vn 0.000000 -1.000000 0.000000
vn 0.000000 -1.000000 0.000000
vn 0.000000 -1.000000 0.000000
vn 0.000000 -1.000000 0.000000
vn 0.000000 -1.000000 0.000000
vn 0.000000 -1.000000 0.000000
vn 0.000000 -1.000000 0.000000
vn 0.000000 -1.000000 0.000000
vn 0.000000 -1.000000 0.000000
vn 0.000000 -1.000000 0.000000
vn 0.000000 -1.000000 0.000000
vn 0.000000 -1.000000 0.000000
vn 0.000000 -1.000000 0.000000
vn 0.000000 -1.000000 0.000000
vn 0.000000 -1.000000 0.000000
vn 0.000000 -1.000000 0.000000
vn 0.000000 -1.000000 0.000000
vn 0.000000 -1.000000 0.000000
vn 0.000000 -1.000000 0.000000
vn 0.000000 -1.000000 0.000000
vn 0.000000 -1.000000 0.000000
vn 0.000000 -1.000000 0.000000
vn 0.000000 -1.000000 0.000000
vn 0.000000 -1.000000 0.000000
vn 0.000000 -1.000000 0.000000
vn 0.000000 -1.000000 0.000000
vn 0.000000 -1.000000 0.000000
vn 0.000000 -1.000000 0.000000
vn 0.000000 -1.000000 0.000000
vn 0.000000 -1.000000 0.000000
vn 0.000000 -1.000000 0.000000
vn 0.000000 -1.000000 0.000000
vn 0.142959 -0.989719 -0.004327
vn 0.141876 -0.989719 0.018090
vn 0.137300 -0.989719 0.040061
vn 0.129342 -0.989719 0.061047
vn 0.118200 -0.989719 0.080529
vn 0.104147 -0.989719 0.098028
vn 0.087530 -0.989719 0.113113
vn 0.068758 -0.989719 0.125413
vn 0.048292 -0.989719 0.134625
vn 0.026638 -0.989719 0.140522
vn 0.004327 -0.989719 0.142959
vn -0.018090 -0.989719 0.141876
vn -0.040061 -0.989719 0.137300
vn -0.061047 -0.989719 0.129342
vn -0.080529 -0.989719 0.118200
vn -0.098028 -0.989719 0.104147
vn -0.113113 -0.989719 0.087530
vn -0.125413 -0.989719 0.068758
vn -0.134625 -0.989719 0.048292
vn -0.140522 -0.989719 0.026638
vn -0.142959 -0.989719 0.004327
vn -0.141876 -0.989719 -0.018090
vn -0.137300 -0.989719 -0.040061
vn -0.129342 -0.989719 -0.061047
vn -0.118200 -0.989719 -0.080529
vn -0.104147 -0.989719 -0.098028
vn -0.087530 -0.989719 -0.113113
vn -0.068758 -0.989719 -0.125413
vn -0.048292 -0.989719 -0.134625
vn -0.026638 -0.989719 -0.140522
vn -0.004327 -0.989719 -0.142959
vn 0.018090 -0.989719 -0.141876
vn 0.040061 -0.989719 -0.137300
vn 0.061047 -0.989719 -0.129342
vn 0.080529 -0.989719 -0.118200
vn 0.098028 -0.989719 -0.104147
vn 0.113113 -0.989719 -0.087530
vn 0.125413 -0.989719 -0.068758
vn 0.134625 -0.989719 -0.048292
vn 0.140522 -0.989719 -0.026638
vn 0.142959 -0.989719 -0.004327
vn 0.769951 -0.637886 -0.016664
vn 0.763078 -0.637886 0.103988
vn 0.737416 -0.637886 0.222080
vn 0.693596 -0.637886 0.334703
vn 0.632698 -0.637886 0.439084
vn 0.556220 -0.637886 0.532654
vn 0.466047 -0.637886 0.613108
vn 0.364398 -0.637886 0.678466
vn 0.253776 -0.637886 0.727117
vn 0.136905 -0.637886 0.757864
vn 0.016664 -0.637886 0.769951
vn -0.103988 -0.637886 0.763078
vn -0.222080 -0.637886 0.737416
vn -0.334703 -0.637886 0.693596
vn -0.439084 -0.637886 0.632698
vn -0.532654 -0.637886 0.556220
vn -0.613108 -0.637886 0.466047
vn -0.678466 -0.637886 0.364398
vn -0.727117 -0.637886 0.253776
vn -0.757864 -0.637886 0.136905
vn -0.769951 -0.637886 0.016664
vn -0.763078 -0.637886 -0.103988
vn -0.737416 -0.637886 -0.222080
vn -0.693596 -0.637886 -0.334703
vn -0.632698 -0.637886 -0.439084
vn -0.556220 -0.637886 -0.532654
vn -0.466047 -0.637886 -0.613108
vn -0.364398 -0.637886 -0.678466
vn -0.253776 -0.637886 -0.727117
vn -0.136905 -0.637886 -0.757864
vn -0.016664 -0.637886 -0.769951
vn 0.103988 -0.637886 -0.763078
vn 0.222080 -0.637886 -0.737416
vn 0.334703 -0.637886 -0.693596
vn 0.439084 -0.637886 -0.632698
vn 0.532654 -0.637886 -0.556220
vn 0.613108 -0.637886 -0.466047
vn 0.678466 -0.637886 -0.364398
vn 0.727117 -0.637886 -0.253776
vn 0.757864 -0.637886 -0.136905
vn 0.769951 -0.637886 -0.016664
vn 0.834362 -0.551084 0.012076
vn 0.822201 -0.551084 0.142450
vn 0.789794 -0.551084 0.269317
vn 0.737940 -0.551084 0.389552
vn 0.667915 -0.551084 0.500195
vn 0.581444 -0.551084 0.598522
vn 0.480656 -0.551084 0.682111
vn 0.368033 -0.551084 0.748904
vn 0.246348 -0.551084 0.797257
vn 0.118596 -0.551084 0.825979
vn -0.012076 -0.551084 0.834362
vn -0.142450 -0.551084 0.822201
vn -0.269317 -0.551084 0.789794
vn -0.389552 -0.551084 0.737940
vn -0.500195 -0.551084 0.667915
vn -0.598522 -0.551084 0.581444
vn -0.682111 -0.551084 0.480656
vn -0.748904 -0.551084 0.368033
vn -0.797257 -0.551084 0.246348
vn -0.825979 -0.551084 0.118596
vn -0.834362 -0.551084 -0.012076
vn -0.822201 -0.551084 -0.142450
vn -0.789794 -0.551084 -0.269317
vn -0.737940 -0.551084 -0.389552
vn -0.667915 -0.551084 -0.500195
vn -0.581444 -0.551084 -0.598522
vn -0.480656 -0.551084 -0.682111
vn -0.368033 -0.551084 -0.748904
vn -0.246348 -0.551084 -0.797257
vn -0.118596 -0.551084 -0.825979
vn 0.012076 -0.551084 -0.834362
vn 0.142450 -0.551084 -0.822201
vn 0.269317 -0.551084 -0.789794
vn 0.389552 -0.551084 -0.737940
vn 0.500195 -0.551084 -0.667915
vn 0.598522 -0.551084 -0.581444
vn 0.682111 -0.551084 -0.480656
vn 0.748904 -0.551084 -0.368033
vn 0.797257 -0.551084 -0.246348
vn 0.825979 -0.551084 -0.118596
vn 0.834362 -0.551084 0.012076
vn 0.841222 -0.540689 0.000515
vn 0.830785 -0.540689 0.132105
vn 0.799891 -0.540689 0.260442
vn 0.749301 -0.540689 0.382366
vn 0.680260 -0.540689 0.494875
vn 0.594470 -0.540689 0.595198
vn 0.494041 -0.540689 0.680866
vn 0.381448 -0.540689 0.749768
vn 0.259462 -0.540689 0.800209
vn 0.131087 -0.540689 0.830946
vn -0.000515 -0.540689 0.841222
vn -0.132105 -0.540689 0.830785
vn -0.260442 -0.540689 0.799891
vn -0.382366 -0.540689 0.749301
vn -0.494875 -0.540689 0.680260
vn -0.595198 -0.540689 0.594470
vn -0.680866 -0.540689 0.494041
vn -0.749768 -0.540689 0.381448
vn -0.800209 -0.540689 0.259462
vn -0.830946 -0.540689 0.131087
vn -0.841222 -0.540689 -0.000515
vn -0.830785 -0.540689 -0.132105
vn -0.799891 -0.540689 -0.260442
vn -0.749301 -0.540689 -0.382366
vn -0.680260 -0.540689 -0.494875
vn -0.594470 -0.540689 -0.595198
vn -0.494041 -0.540689 -0.680866
vn -0.381448 -0.540689 -0.749768
vn -0.259462 -0.540689 -0.800209
vn -0.131087 -0.540689 -0.830946
vn 0.000515 -0.540689 -0.841222
vn 0.132105 -0.540689 -0.830785
vn 0.260442 -0.540689 -0.799891
vn 0.382366 -0.540689 -0.749301
vn 0.494875 -0.540689 -0.680260
vn 0.595198 -0.540689 -0.594470
vn 0.680866 -0.540689 -0.494041
vn 0.749768 -0.540689 -0.381448
vn 0.800209 -0.540689 -0.259462
vn 0.830946 -0.540689 -0.131087
vn 0.841222 -0.540689 0.000515
vn 0.949597 0.313466 0.002017
vn 0.937591 0.313466 0.150542
vn 0.902497 0.313466 0.295360
vn 0.845182 0.313466 0.432905
vn 0.767055 0.313466 0.559791
vn 0.670040 0.313466 0.672893
vn 0.556527 0.313466 0.769426
vn 0.429311 0.313466 0.847013
vn 0.291523 0.313466 0.903744
vn 0.146558 0.313466 0.938222
vn -0.002017 0.313466 0.949597
vn -0.150542 0.313466 0.937591
vn -0.295360 0.313466 0.902497
vn -0.432905 0.313466 0.845182
vn -0.559791 0.313466 0.767055
vn -0.672893 0.313466 0.670040
vn -0.769426 0.313466 0.556527
vn -0.847013 0.313466 0.429311
vn -0.903744 0.313466 0.291523
vn -0.938222 0.313466 0.146558
vn -0.949597 0.313466 -0.002017
vn -0.937591 0.313466 -0.150542
vn -0.902497 0.313466 -0.295360
vn -0.845182 0.313466 -0.432905
vn -0.767055 0.313466 -0.559791
vn -0.670040 0.313466 -0.672893
vn -0.556527 0.313466 -0.769426
vn -0.429311 0.313466 -0.847013
vn -0.291523 0.313466 -0.903744
vn -0.146558 0.313466 -0.938222
vn 0.002017 0.313466 -0.949597
vn 0.150542 0.313466 -0.937591
vn 0.295360 0.313466 -0.902497
vn 0.432905 0.313466 -0.845182
vn 0.559791 0.313466 -0.767055
vn 0.672893 0.313466 -0.670040
vn 0.769426 0.313466 -0.556527
vn 0.847013 0.313466 -0.429311
vn 0.903744 0.313466 -0.291523
vn 0.938222 0.313466 -0.146558
vn 0.949597 0.313466 0.002017
vn 0.015113 0.999624 0.022896
vn 0.011345 0.999624 0.024979
vn 0.007298 0.999624 0.026446
vn 0.003071 0.999624 0.027262
vn -0.001231 0.999624 0.027407
vn -0.005504 0.999624 0.026877
vn -0.009640 0.999624 0.025685
vn -0.013540 0.999624 0.023861
vn -0.017106 0.999624 0.021449
vn -0.020250 0.999624 0.018509
vn -0.022896 0.999624 0.015113
vn -0.024979 0.999624 0.011345
vn -0.026446 0.999624 0.007298
vn -0.027262 0.999624 0.003071
vn -0.027407 0.999624 -0.001231
vn -0.026877 0.999624 -0.005504
vn -0.025685 0.999624 -0.009640
vn -0.023861 0.999624 -0.013540
vn -0.021449 0.999624 -0.017106
vn -0.018509 0.999624 -0.020250
vn -0.015113 0.999624 -0.022896
vn -0.011345 0.999624 -0.024979
vn -0.007298 0.999624 -0.026446
vn -0.003071 0.999624 -0.027262
vn 0.001231 0.999624 -0.027407
vn 0.005504 0.999624 -0.026877
vn 0.009640 0.999624 -0.025685
vn 0.013540 0.999624 -0.023861
vn 0.017106 0.999624 -0.021449
vn 0.020250 0.999624 -0.018509
vn 0.022896 0.999624 -0.015113
vn 0.024979 0.999624 -0.011345
vn 0.026446 0.999624 -0.007298
vn 0.027262 0.999624 -0.003071
vn 0.027407 0.999624 0.001231
vn 0.026877 0.999624 0.005504
vn 0.025685 0.999624 0.009640
vn 0.023861 0.999624 0.013540
vn 0.021449 0.999624 0.017106
vn 0.018509 0.999624 0.020250
vn 0.015113 0.999624 0.022896
vn -0.843704 0.536633 0.013751
vn -0.835468 0.536633 -0.118403
vn -0.806659 0.536633 -0.247641
vn -0.757988 0.536633 -0.370782
vn -0.690653 0.536633 -0.484792
vn -0.606312 0.536633 -0.586866
vn -0.507041 0.536633 -0.674488
vn -0.395286 0.536633 -0.745503
vn -0.273797 0.536633 -0.798161
vn -0.145566 0.536633 -0.831165
vn -0.013751 0.536633 -0.843704
vn 0.118403 0.536633 -0.835468
vn 0.247641 0.536633 -0.806659
vn 0.370782 0.536633 -0.757988
vn 0.484792 0.536633 -0.690653
vn 0.586866 0.536633 -0.606312
vn 0.674488 0.536633 -0.507041
vn 0.745503 0.536633 -0.395286
vn 0.798161 0.536633 -0.273797
vn 0.831165 0.536633 -0.145566
vn 0.843704 0.536633 -0.013751
vn 0.835468 0.536633 0.118403
vn 0.806659 0.536633 0.247641
vn 0.757988 0.536633 0.370782
vn 0.690653 0.536633 0.484792
vn 0.606312 0.536633 0.586866
vn 0.507041 0.536633 0.674488
vn 0.395286 0.536633 0.745503
vn 0.273797 0.536633 0.798161
vn 0.145566 0.536633 0.831165
vn 0.013751 0.536633 0.843704
vn -0.118403 0.536633 0.835468
vn -0.247641 0.536633 0.806659
vn -0.370782 0.536633 0.757988
vn -0.484792 0.536633 0.690653
vn -0.586866 0.536633 0.606312
vn -0.674488 0.536633 0.507041
vn -0.745503 0.536633 0.395286
vn -0.798161 0.536633 0.273797
vn -0.831165 0.536633 0.145566
vn -0.843704 0.536633 0.013751
vn -0.481576 0.876285 -0.014477
vn -0.473382 0.876285 -0.089634
vn -0.453532 0.876285 -0.162584
vn -0.422515 0.876285 -0.231531
vn -0.381094 0.876285 -0.294776
vn -0.330289 0.876285 -0.350763
vn -0.271351 0.876285 -0.398113
vn -0.205732 0.876285 -0.435660
vn -0.135046 0.876285 -0.462480
vn -0.061036 0.876285 -0.477912
vn 0.014477 0.876285 -0.481576
vn 0.089634 0.876285 -0.473382
vn 0.162584 0.876285 -0.453532
vn 0.231531 0.876285 -0.422515
vn 0.294776 0.876285 -0.381094
vn 0.350763 0.876285 -0.330289
vn 0.398113 0.876285 -0.271351
vn 0.435660 0.876285 -0.205732
vn 0.462480 0.876285 -0.135046
vn 0.477912 0.876285 -0.061036
vn 0.481576 0.876285 0.014477
vn 0.473382 0.876285 0.089634
vn 0.453532 0.876285 0.162584
vn 0.422515 0.876285 0.231531
vn 0.381094 0.876285 0.294776
vn 0.330289 0.876285 0.350763
vn 0.271351 0.876285 0.398113
vn 0.205732 0.876285 0.435660
vn 0.135046 0.876285 0.462480
vn 0.061036 0.876285 0.477912
vn -0.014477 0.876285 0.481576
vn -0.089634 0.876285 0.473382
vn -0.162584 0.876285 0.453532
vn -0.231531 0.876285 0.422515
vn -0.294776 0.876285 0.381094
vn -0.350763 0.876285 0.330289
vn -0.398113 0.876285 0.271351
vn -0.435660 0.876285 0.205732
vn -0.462480 0.876285 0.135046
vn -0.477912 0.876285 0.061036
vn -0.481576 0.876285 -0.014477
vn 0.000000 1.000000 0.000000
vn 0.000000 1.000000 0.000000
vn 0.000000 1.000000 0.000000
vn 0.000000 1.000000 0.000000
vn 0.000000 1.000000 0.000000
vn 0.000000 1.000000 0.000000
vn 0.000000 1.000000 0.000000
vn 0.000000 1.000000 0.000000
vn 0.000000 1.000000 0.000000
vn 0.000000 1.000000 0.000000
vn 0.000000 1.000000 0.000000
vn 0.000000 1.000000 0.000000
vn 0.000000 1.000000 0.000000
vn 0.000000 1.000000 0.000000
vn 0.000000 1.000000 0.000000
vn 0.000000 1.000000 0.000000
vn 0.000000 1.000000 0.000000
vn 0.000000 1.000000 0.000000
vn 0.000000 1.000000 0.000000
vn 0.000000 1.000000 0.000000
vn 0.000000 1.000000 0.000000
vn 0.000000 1.000000 0.000000
vn 0.000000 1.000000 0.000000
vn 0.000000 1.000000 0.000000
vn 0.000000 1.000000 0.000000
vn 0.000000 1.000000 0.000000
vn 0.000000 1.000000 0.000000
vn 0.000000 1.000000 0.000000
vn 0.000000 1.000000 0.000000
vn 0.000000 1.000000 0.000000
vn 0.000000 1.000000 0.000000
vn 0.000000 1.000000 0.000000
vn 0.000000 1.000000 0.000000
vn 0.000000 1.000000 0.000000
vn 0.000000 1.000000 0.000000
vn 0.000000 1.000000 0.000000
vn 0.000000 1.000000 0.000000
vn 0.000000 1.000000 0.000000
vn 0.000000 1.000000 0.000000
vn 0.000000 1.000000 0.000000
vn 0.000000 1.000000 0.000000
f 1627//1627 1668//1668 1628//1628
f 1628//1628 1668//1668 1669//1669
f 1628//1628 1669//1669 1629//1629
f 1629//1629 1669//1669 1670//1670
f 1629//1629 1670//1670 1630//1630
f 1630//1630 1670//1670 1671//1671
f 1630//1630 1671//1671 1631//1631
f 1631//1631 1671//1671 1672//1672
f 1631//1631 1672//1672 1632//1632
f 1632//1632 1672//1672 1673//1673
f 1632//1632 1673//1673 1633//1633
f 1633//1633 1673//1673 1674//1674
f 1633//1633 1674//1674 1634//1634
f 1634//1634 1674//1674 1675//1675
f 1634//1634 1675//1675 1635//1635
f 1635//1635 1675//1675 1676//1676
f 1635//1635 1676//1676 1636//1636
f 1636//1636 1676//1676 1677//1677
f 1636//1636 1677//1677 1637//1637
f 1637//1637 1677//1677 1678//1678
f 1637//1637 1678//1678 1638//1638
f 1638//1638 1678//1678 1679//1679
f 1638//1638 1679//1679 1639//1639
f 1639//1639 1679//1679 1680//1680
f 1639//1639 1680//1680 1640//1640
f 1640//1640 1680//1680 1681//1681
f 1640//1640 1681//1681 1641//1641
f 1641//1641 1681//1681 1682//1682
f 1641//1641 1682//1682 1642//1642
f 1642//1642 1682//1682 1683//1683
f 1642//1642 1683//1683 1643//1643
f 1643//1643 1683//1683 1684//1684
f 1643//1643 1684//1684 1644//1644
f 1644//1644 1684//1684 1685//1685
f 1644//1644 1685//1685 1645//1645
f 1645//1645 1685//1685 1686//1686
f 1645//1645 1686//1686 1646//1646
f 1646//1646 1686//1686 1687//1687
f 1646//1646 1687//1687 1647//1647
f 1647//1647 1687//1687 1688//1688
f 1647//1647 1688//1688 1648//1648
f 1648//1648 1688//1688 1689//1689
f 1648//1648 1689//1689 1649//1649
f 1649//1649 1689//1689 1690//1690
f 1649//1649 1690//1690 1650//1650
f 1650//1650 1690//1690 1691//1691
f 1650//1650 1691//1691 1651//1651
f 1651//1651 1691//1691 1692//1692
f 1651//1651 1692//1692 1652//1652
f 1652//1652 1692//1692 1693//1693
f 1652//1652 1693//1693 1653//1653
f 1653//1653 1693//1693 1694//1694
f 1653//1653 1694//1694 1654//1654
f 1654//1654 1694//1694 1695//1695
f 1654//1654 1695//1695 1655//1655
f 1655//1655 1695//1695 1696//1696
f 1655//1655 1696//1696 1656//1656
f 1656//1656 1696//1696 1697//1697
f 1656//1656 1697//1697 1657//1657
f 1657//1657 1697//1697 1698//1698
f 1657//1657 1698//1698 1658//1658
f 1658//1658 1698//1698 1699//1699
f 1658//1658 1699//1699 1659//1659
f 1659//1659 1699//1699 1700//1700
f 1659//1659 1700//1700 1660//1660
f 1660//1660 1700//1700 1701//1701
f 1660//1660 1701//1701 1661//1661
f 1661//1661 1701//1701 1702//1702
f 1661//1661 1702//1702 1662//1662
f 1662//1662 1702//1702 1703//1703
f 1662//1662 1703//1703 1663//1663
f 1663//1663 1703//1703 1704//1704
f 1663//1663 1704//1704 1664//1664
f 1664//1664 1704//1704 1705//1705
f 1664//1664 1705//1705 1665//1665
f 1665//1665 1705//1705 1706//1706
f 1665//1665 1706//1706 1666//1666
f 1666//1666 1706//1706 1707//1707
f 1666//1666 1707//1707 1667//1667
f 1667//1667 1707//1707 1708//1708
f 1668//1668 1709//1709 1669//1669
f 1669//1669 1709//1709 1710//1710
f 1669//1669 1710//1710 1670//1670
f 1670//1670 1710//1710 1711//1711
f 1670//1670 1711//1711 1671//1671
f 1671//1671 1711//1711 1712//1712
f 1671//1671 1712//1712 1672//1672
f 1672//1672 1712//1712 1713//1713
f 1672//1672 1713//1713 1673//1673
f 1673//1673 1713//1713 1714//1714
f 1673//1673 1714//1714 1674//1674
f 1674//1674 1714//1714 1715//1715
f 1674//1674 1715//1715 1675//1675
f 1675//1675 1715//1715 1716//1716
f 1675//1675 1716//1716 1676//1676
f 1676//1676 1716//1716 1717//1717
f 1676//1676 1717//1717 1677//1677
f 1677//1677 1717//1717 1718//1718
f 1677//1677 1718//1718 1678//1678
f 1678//1678 1718//1718 1719//1719
f 1678//1678 1719//1719 1679//1679
f 1679//1679 1719//1719 1720//1720
f 1679//1679 1720//1720 1680//1680
f 1680//1680 1720//1720 1721//1721
f 1680//1680 1721//1721 1681//1681
f 1681//1681 1721//1721 1722//1722
f 1681//1681 1722//1722 1682//1682
f 1682//1682 1722//1722 1723//1723
f 1682//1682 1723//1723 1683//1683
f 1683//1683 1723//1723 1724//1724
f 1683//1683 1724//1724 1684//1684
f 1684//1684 1724//1724 1725//1725
f 1684//1684 1725//1725 1685//1685
f 1685//1685 1725//1725 1726//1726
f 1685//1685 1726//1726 1686//1686
f 1686//1686 1726//1726 1727//1727
f 1686//1686 1727//1727 1687//1687
f 1687//1687 1727//1727 1728//1728
f 1687//1687 1728//1728 1688//1688
f 1688//1688 1728//1728 1729//1729
f 1688//1688 1729//1729 1689//1689
f 1689//1689 1729//1729 1730//1730
f 1689//1689 1730//1730 1690//1690
f 1690//1690 1730//1730 1731//1731
f 1690//1690 1731//1731 1691//1691
f 1691//1691 1731//1731 1732//1732
f 1691//1691 1732//1732 1692//1692
f 1692//1692 1732//1732 1733//1733
f 1692//1692 1733//1733 1693//1693
f 1693//1693 1733//1733 1734//1734
f 1693//1693 1734//1734 1694//1694
f 1694//1694 1734//1734 1735//1735
f 1694//1694 1735//1735 1695//1695
f 1695//1695 1735//1735 1736//1736
f 1695//1695 1736//1736 1696//1696
f 1696//1696 1736//1736 1737//1737
f 1696//1696 1737//1737 1697//1697
f 1697//1697 1737//1737 1738//1738
f 1697//1697 1738//1738 1698//1698
f 1698//1698 1738//1738 1739//1739
f 1698//1698 1739//1739 1699//1699
f 1699//1699 1739//1739 1740//1740
f 1699//1699 1740//1740 1700//1700
f 1700//1700 1740//1740 1741//1741
f 1700//1700 1741//1741 1701//1701
f 1701//1701 1741//1741 1742//1742
f 1701//1701 1742//1742 1702//1702
f 1702//1702 1742//1742 1743//1743
f 1702//1702 1743//1743 1703//1703
f 1703//1703 1743//1743 1744//1744
f 1703//1703 1744//1744 1704//1704
f 1704//1704 1744//1744 1745//1745
f 1704//1704 1745//1745 1705//1705
f 1705//1705 1745//1745 1746//1746
f 1705//1705 1746//1746 1706//1706
f 1706//1706 1746//1746 1747//1747
f 1706//1706 1747//1747 1707//1707
f 1707//1707 1747//1747 1748//1748
f 1707//1707 1748//1748 1708//1708
f 1708//1708 1748//1748 1749//1749
f 1709//1709 1750//1750 1710//1710
f 1710//1710 1750//1750 1751//1751
f 1710//1710 1751//1751 1711//1711
f 1711//1711 1751//1751 1752//1752
f 1711//1711 1752//1752 1712//1712
f 1712//1712 1752//1752 1753//1753
f 1712//1712 1753//1753 1713//1713
f 1713//1713 1753//1753 1754//1754
f 1713//1713 1754//1754 1714//1714
f 1714//1714 1754//1754 1755//1755
f 1714//1714 1755//1755 1715//1715
f 1715//1715 1755//1755 1756//1756
f 1715//1715 1756//1756 1716//1716
f 1716//1716 1756//1756 1757//1757
f 1716//1716 1757//1757 1717//1717
f 1717//1717 1757//1757 1758//1758
f 1717//1717 1758//1758 1718//1718
f 1718//1718 1758//1758 1759//1759
f 1718//1718 1759//1759 1719//1719
f 1719//1719 1759//1759 1760//1760
f 1719//1719 1760//1760 1720//1720
f 1720//1720 1760//1760 1761//1761
f 1720//1720 1761//1761 1721//1721
f 1721//1721 1761//1761 1762//1762
f 1721//1721 1762//1762 1722//1722
f 1722//1722 1762//1762 1763//1763
f 1722//1722 1763//1763 1723//1723
f 1723//1723 1763//1763 1764//1764
f 1723//1723 1764//1764 1724//1724
f 1724//1724 1764//1764 1765//1765
f 1724//1724 1765//1765 1725//1725
f 1725//1725 1765//1765 1766//1766
f 1725//1725 1766//1766 1726//1726
f 1726//1726 1766//1766 1767//1767
f 1726//1726 1767//1767 1727//1727
f 1727//1727 1767//1767 1768//1768
f 1727//1727 1768//1768 1728//1728
f 1728//1728 1768//1768 1769//1769
f 1728//1728 1769//1769 1729//1729
f 1729//1729 1769//1769 1770//1770
f 1729//1729 1770//1770 1730//1730
f 1730//1730 1770//1770 1771//1771
f 1730//1730 1771//1771 1731//1731
f 1731//1731 1771//1771 1772//1772
f 1731//1731 1772//1772 1732//1732
f 1732//1732 1772//1772 1773//1773
f 1732//1732 1773//1773 1733//1733
f 1733//1733 1773//1773 1774//1774
f 1733//1733 1774//1774 1734//1734
f 1734//1734 1774//1774 1775//1775
f 1734//1734 1775//1775 1735//1735
f 1735//1735 1775//1775 1776//1776
f 1735//1735 1776//1776 1736//1736
f 1736//1736 1776//1776 1777//1777
f 1736//1736 1777//1777 1737//1737
f 1737//1737 1777//1777 1778//1778
f 1737//1737 1778//1778 1738//1738
f 1738//1738 1778//1778 1779//1779
f 1738//1738 1779//1779 1739//1739
f 1739//1739 1779//1779 1780//1780
f 1739//1739 1780//1780 1740//1740
f 1740//1740 1780//1780 1781//1781
f 1740//1740 1781//1781 1741//1741
f 1741//1741 1781//1781 1782//1782
f 1741//1741 1782//1782 1742//1742
f 1742//1742 1782//1782 1783//1783
f 1742//1742 1783//1783 1743//1743
f 1743//1743 1783//1783 1784//1784
f 1743//1743 1784//1784 1744//1744
f 1744//1744 1784//1784 1785//1785
f 1744//1744 1785//1785 1745//1745
f 1745//1745 1785//1785 1786//1786
f 1745//1745 1786//1786 1746//1746
f 1746//1746 1786//1786 1787//1787
f 1746//1746 1787//1787 1747//1747
f 1747//1747 1787//1787 1788//1788
f 1747//1747 1788//1788 1748//1748
f 1748//1748 1788//1788 1789//1789
f 1748//1748 1789//1789 1749//1749
f 1749//1749 1789//1789 1790//1790
f 1750//1750 1791//1791 1751//1751
f 1751//1751 1791//1791 1792//1792
f 1751//1751 1792//1792 1752//1752
f 1752//1752 1792//1792 1793//1793
f 1752//1752 1793//1793 1753//1753
f 1753//1753 1793//1793 1794//1794
f 1753//1753 1794//1794 1754//1754
f 1754//1754 1794//1794 1795//1795
f 1754//1754 1795//1795 1755//1755
f 1755//1755 1795//1795 1796//1796
f 1755//1755 1796//1796 1756//1756
f 1756//1756 1796//1796 1797//1797
f 1756//1756 1797//1797 1757//1757
f 1757//1757 1797//1797 1798//1798
f 1757//1757 1798//1798 1758//1758
f 1758//1758 1798//1798 1799//1799
f 1758//1758 1799//1799 1759//1759
f 1759//1759 1799//1799 1800//1800
f 1759//1759 1800//1800 1760//1760
f 1760//1760 1800//1800 1801//1801
f 1760//1760 1801//1801 1761//1761
f 1761//1761 1801//1801 1802//1802
f 1761//1761 1802//1802 1762//1762
f 1762//1762 1802//1802 1803//1803
f 1762//1762 1803//1803 1763//1763
f 1763//1763 1803//1803 1804//1804
f 1763//1763 1804//1804 1764//1764
f 1764//1764 1804//1804 1805//1805
f 1764//1764 1805//1805 1765//1765
f 1765//1765 1805//1805 1806//1806
f 1765//1765 1806//1806 1766//1766
f 1766//1766 1806//1806 1807//1807
f 1766//1766 1807//1807 1767//1767
f 1767//1767 1807//1807 1808//1808
f 1767//1767 1808//1808 1768//1768
f 1768//1768 1808//1808 1809//1809
f 1768//1768 1809//1809 1769//1769
f 1769//1769 1809//1809 1810//1810
f 1769//1769 1810//1810 1770//1770
f 1770//1770 1810//1810 1811//1811
f 1770//1770 1811//1811 1771//1771
f 1771//1771 1811//1811 1812//1812
f 1771//1771 1812//1812 1772//1772
f 1772//1772 1812//1812 1813//1813
f 1772//1772 1813//1813 1773//1773
f 1773//1773 1813//1813 1814//1814
f 1773//1773 1814//1814 1774//1774
f 1774//1774 1814//1814 1815//1815
f 1774//1774 1815//1815 1775//1775
f 1775//1775 1815//1815 1816//1816
f 1775//1775 1816//1816 1776//1776
f 1776//1776 1816//1816 1817//1817
f 1776//1776 1817//1817 1777//1777
f 1777//1777 1817//1817 1818//1818
f 1777//1777 1818//1818 1778//1778
f 1778//1778 1818//1818 1819//1819
f 1778//1778 1819//1819 1779//1779
f 1779//1779 1819//1819 1820//1820
f 1779//1779 1820//1820 1780//1780
f 1780//1780 1820//1820 1821//1821
f 1780//1780 1821//1821 1781//1781
f 1781//1781 1821//1821 1822//1822
f 1781//1781 1822//1822 1782//1782
f 1782//1782 1822//1822 1823//1823
f 1782//1782 1823//1823 1783//1783
f 1783//1783 1823//1823 1824//1824
f 1783//1783 1824//1824 1784//1784
f 1784//1784 1824//1824 1825//1825
f 1784//1784 1825//1825 1785//1785
f 1785//1785 1825//1825 1826//1826
f 1785//1785 1826//1826 1786//1786
f 1786//1786 1826//1826 1827//1827
f 1786//1786 1827//1827 1787//1787
f 1787//1787 1827//1827 1828//1828
f 1787//1787 1828//1828 1788//1788
f 1788//1788 1828//1828 1829//1829
f 1788//1788 1829//1829 1789//1789
f 1789//1789 1829//1829 1830//1830
f 1789//1789 1830//1830 1790//1790
f 1790//1790 1830//1830 1831//1831
f 1791//1791 1832//1832 1792//1792
f 1792//1792 1832//1832 1833//1833
f 1792//1792 1833//1833 1793//1793
f 1793//1793 1833//1833 1834//1834
f 1793//1793 1834//1834 1794//1794
f 1794//1794 1834//1834 1835//1835
f 1794//1794 1835//1835 1795//1795
f 1795//1795 1835//1835 1836//1836
f 1795//1795 1836//1836 1796//1796
f 1796//1796 1836//1836 1837//1837
f 1796//1796 1837//1837 1797//1797
f 1797//1797 1837//1837 1838//1838
f 1797//1797 1838//1838 1798//1798
f 1798//1798 1838//1838 1839//1839
f 1798//1798 1839//1839 1799//1799
f 1799//1799 1839//1839 1840//1840
f 1799//1799 1840//1840 1800//1800
f 1800//1800 1840//1840 1841//1841
f 1800//1800 1841//1841 1801//1801
f 1801//1801 1841//1841 1842//1842
f 1801//1801 1842//1842 1802//1802
f 1802//1802 1842//1842 1843//1843
f 1802//1802 1843//1843 1803//1803
f 1803//1803 1843//1843 1844//1844
f 1803//1803 1844//1844 1804//1804
f 1804//1804 1844//1844 1845//1845
f 1804//1804 1845//1845 1805//1805
f 1805//1805 1845//1845 1846//1846
f 1805//1805 1846//1846 1806//1806
f 1806//1806 1846//1846 1847//1847
f 1806//1806 1847//1847 1807//1807
f 1807//1807 1847//1847 1848//1848
f 1807//1807 1848//1848 1808//1808
f 1808//1808 1848//1848 1849//1849
f 1808//1808 1849//1849 1809//1809
f 1809//1809 1849//1849 1850//1850
f 1809//1809 1850//1850 1810//1810
f 1810//1810 1850//1850 1851//1851
f 1810//1810 1851//1851 1811//1811
f 1811//1811 1851//1851 1852//1852
f 1811//1811 1852//1852 1812//1812
f 1812//1812 1852//1852 1853//1853
f 1812//1812 1853//1853 1813//1813
f 1813//1813 1853//1853 1854//1854
f 1813//1813 1854//1854 1814//1814
f 1814//1814 1854//1854 1855//1855
f 1814//1814 1855//1855 1815//1815
f 1815//1815 1855//1855 1856//1856
f 1815//1815 1856//1856 1816//1816
f 1816//1816 1856//1856 1857//1857
f 1816//1816 1857//1857 1817//1817
f 1817//1817 1857//1857 1858//1858
f 1817//1817 1858//1858 1818//1818
f 1818//1818 1858//1858 1859//1859
f 1818//1818 1859//1859 1819//1819
f 1819//1819 1859//1859 1860//1860
f 1819//1819 1860//1860 1820//1820
f 1820//1820 1860//1860 1861//1861
f 1820//1820 1861//1861 1821//1821
f 1821//1821 1861//1861 1862//1862
f 1821//1821 1862//1862 1822//1822
f 1822//1822 1862//1862 1863//1863
f 1822//1822 1863//1863 1823//1823
f 1823//1823 1863//1863 1864//1864
f 1823//1823 1864//1864 1824//1824
f 1824//1824 1864//1864 1865//1865
f 1824//1824 1865//1865 1825//1825
f 1825//1825 1865//1865 1866//1866
f 1825//1825 1866//1866 1826//1826
f 1826//1826 1866//1866 1867//1867
f 1826//1826 1867//1867 1827//1827
f 1827//1827 1867//1867 1868//1868
f 1827//1827 1868//1868 1828//1828
f 1828//1828 1868//1868 1869//1869
f 1828//1828 1869//1869 1829//1829
f 1829//1829 1869//1869 1870//1870
f 1829//1829 1870//1870 1830//1830
f 1830//1830 1870//1870 1871//1871
f 1830//1830 1871//1871 1831//1831
f 1831//1831 1871//1871 1872//1872
f 1832//1832 1873//1873 1833//1833
f 1833//1833 1873//1873 1874//1874
f 1833//1833 1874//1874 1834//1834
f 1834//1834 1874//1874 1875//1875
f 1834//1834 1875//1875 1835//1835
f 1835//1835 1875//1875 1876//1876
f 1835//1835 1876//1876 1836//1836
f 1836//1836 1876//1876 1877//1877
f 1836//1836 1877//1877 1837//1837
f 1837//1837 1877//1877 1878//1878
f 1837//1837 1878//1878 1838//1838
f 1838//1838 1878//1878 1879//1879
f 1838//1838 1879//1879 1839//1839
f 1839//1839 1879//1879 1880//1880
f 1839//1839 1880//1880 1840//1840
f 1840//1840 1880//1880 1881//1881
f 1840//1840 1881//1881 1841//1841
f 1841//1841 1881//1881 1882//1882
f 1841//1841 1882//1882 1842//1842
f 1842//1842 1882//1882 1883//1883
f 1842//1842 1883//1883 1843//1843
f 1843//1843 1883//1883 1884//1884
f 1843//1843 1884//1884 1844//1844
f 1844//1844 1884//1884 1885//1885
f 1844//1844 1885//1885 1845//1845
f 1845//1845 1885//1885 1886//1886
f 1845//1845 1886//1886 1846//1846
f 1846//1846 1886//1886 1887//1887
f 1846//1846 1887//1887 1847//1847
f 1847//1847 1887//1887 1888//1888
f 1847//1847 1888//1888 1848//1848
f 1848//1848 1888//1888 1889//1889
f 1848//1848 1889//1889 1849//1849
f 1849//1849 1889//1889 1890//1890
f 1849//1849 1890//1890 1850//1850
f 1850//1850 1890//1890 1891//1891
f 1850//1850 1891//1891 1851//1851
f 1851//1851 1891//1891 1892//1892
f 1851//1851 1892//1892 1852//1852
f 1852//1852 1892//1892 1893//1893
f 1852//1852 1893//1893 1853//1853
f 1853//1853 1893//1893 1894//1894
f 1853//1853 1894//1894 1854//1854
f 1854//1854 1894//1894 1895//1895
f 1854//1854 1895//1895 1855//1855
f 1855//1855 1895//1895 1896//1896
f 1855//1855 1896//1896 1856//1856
f 1856//1856 1896//1896 1897//1897
f 1856//1856 1897//1897 1857//1857
f 1857//1857 1897//1897 1898//1898
f 1857//1857 1898//1898 1858//1858
f 1858//1858 1898//1898 1899//1899
f 1858//1858 1899//1899 1859//1859
f 1859//1859 1899//1899 1900//1900
f 1859//1859 1900//1900 1860//1860
f 1860//1860 1900//1900 1901//1901
f 1860//1860 1901//1901 1861//1861
f 1861//1861 1901//1901 1902//1902
f 1861//1861 1902//1902 1862//1862
f 1862//1862 1902//1902 1903//1903
f 1862//1862 1903//1903 1863//1863
f 1863//1863 1903//1903 1904//1904
f 1863//1863 1904//1904 1864//1864
f 1864//1864 1904//1904 1905//1905
f 1864//1864 1905//1905 1865//1865
f 1865//1865 1905//1905 1906//1906
f 1865//1865 1906//1906 1866//1866
f 1866//1866 1906//1906 1907//1907
f 1866//1866 1907//1907 1867//1867
f 1867//1867 1907//1907 1908//1908
f 1867//1867 1908//1908 1868//1868
f 1868//1868 1908//1908 1909//1909
f 1868//1868 1909//1909 1869//1869
f 1869//1869 1909//1909 1910//1910
f 1869//1869 1910//1910 1870//1870
f 1870//1870 1910//1910 1911//1911
f 1870//1870 1911//1911 1871//1871
f 1871//1871 1911//1911 1912//1912
f 1871//1871 1912//1912 1872//1872
f 1872//1872 1912//1912 1913//1913
f 1873//1873 1914//1914 1874//1874
f 1874//1874 1914//1914 1915//1915
f 1874//1874 1915//1915 1875//1875
f 1875//1875 1915//1915 1916//1916
f 1875//1875 1916//1916 1876//1876
f 1876//1876 1916//1916 1917//1917
f 1876//1876 1917//1917 1877//1877
f 1877//1877 1917//1917 1918//1918
f 1877//1877 1918//1918 1878//1878
f 1878//1878 1918//1918 1919//1919
f 1878//1878 1919//1919 1879//1879
f 1879//1879 1919//1919 1920//1920
f 1879//1879 1920//1920 1880//1880
f 1880//1880 1920//1920 1921//1921
f 1880//1880 1921//1921 1881//1881
f 1881//1881 1921//1921 1922//1922
f 1881//1881 1922//1922 1882//1882
f 1882//1882 1922//1922 1923//1923
f 1882//1882 1923//1923 1883//1883
f 1883//1883 1923//1923 1924//1924
f 1883//1883 1924//1924 1884//1884
f 1884//1884 1924//1924 1925//1925
f 1884//1884 1925//1925 1885//1885
f 1885//1885 1925//1925 1926//1926
f 1885//1885 1926//1926 1886//1886
f 1886//1886 1926//1926 1927//1927
f 1886//1886 1927//1927 1887//1887
f 1887//1887 1927//1927 1928//1928
f 1887//1887 1928//1928 1888//1888
f 1888//1888 1928//1928 1929//1929
f 1888//1888 1929//1929 1889//1889
f 1889//1889 1929//1929 1930//1930
f 1889//1889 1930//1930 1890//1890
f 1890//1890 1930//1930 1931//1931
f 1890//1890 1931//1931 1891//1891
f 1891//1891 1931//1931 1932//1932
f 1891//1891 1932//1932 1892//1892
f 1892//1892 1932//1932 1933//1933
f 1892//1892 1933//1933 1893//1893
f 1893//1893 1933//1933 1934//1934
f 1893//1893 1934//1934 1894//1894
f 1894//1894 1934//1934 1935//1935
f 1894//1894 1935//1935 1895//1895
f 1895//1895 1935//1935 1936//1936
f 1895//1895 1936//1936 1896//1896
f 1896//1896 1936//1936 1937//1937
f 1896//1896 1937//1937 1897//1897
f 1897//1897 1937//1937 1938//1938
f 1897//1897 1938//1938 1898//1898
f 1898//1898 1938//1938 1939//1939
f 1898//1898 1939//1939 1899//1899
f 1899//1899 1939//1939 1940//1940
f 1899//1899 1940//1940 1900//1900
f 1900//1900 1940//1940 1941//1941
f 1900//1900 1941//1941 1901//1901
f 1901//1901 1941//1941 1942//1942
f 1901//1901 1942//1942 1902//1902
f 1902//1902 1942//1942 1943//1943
f 1902//1902 1943//1943 1903//1903
f 1903//1903 1943//1943 1944//1944
f 1903//1903 1944//1944 1904//1904
f 1904//1904 1944//1944 1945//1945
f 1904//1904 1945//1945 1905//1905
f 1905//1905 1945//1945 1946//1946
f 1905//1905 1946//1946 1906//1906
f 1906//1906 1946//1946 1947//1947
f 1906//1906 1947//1947 1907//1907
f 1907//1907 1947//1947 1948//1948
f 1907//1907 1948//1948 1908//1908
f 1908//1908 1948//1948 1949//1949
f 1908//1908 1949//1949 1909//1909
f 1909//1909 1949//1949 1950//1950
f 1909//1909 1950//1950 1910//1910
f 1910//1910 1950//1950 1951//1951
f 1910//1910 1951//1951 1911//1911
f 1911//1911 1951//1951 1952//1952
f 1911//1911 1952//1952 1912//1912
f 1912//1912 1952//1952 1953//1953
f 1912//1912 1953//1953 1913//1913
f 1913//1913 1953//1953 1954//1954
f 1914//1914 1955//1955 1915//1915
f 1915//1915 1955//1955 1956//1956
f 1915//1915 1956//1956 1916//1916
f 1916//1916 1956//1956 1957//1957
f 1916//1916 1957//1957 1917//1917
f 1917//1917 1957//1957 1958//1958
f 1917//1917 1958//1958 1918//1918
f 1918//1918 1958//1958 1959//1959
f 1918//1918 1959//1959 1919//1919
f 1919//1919 1959//1959 1960//1960
f 1919//1919 1960//1960 1920//1920
f 1920//1920 1960//1960 1961//1961
f 1920//1920 1961//1961 1921//1921
f 1921//1921 1961//1961 1962//1962
f 1921//1921 1962//1962 1922//1922
f 1922//1922 1962//1962 1963//1963
f 1922//1922 1963//1963 1923//1923
f 1923//1923 1963//1963 1964//1964
f 1923//1923 1964//1964 1924//1924
f 1924//1924 1964//1964 1965//1965
f 1924//1924 1965//1965 1925//1925
f 1925//1925 1965//1965 1966//1966
f 1925//1925 1966//1966 1926//1926
f 1926//1926 1966//1966 1967//1967
f 1926//1926 1967//1967 1927//1927
f 1927//1927 1967//1967 1968//1968
f 1927//1927 1968//1968 1928//1928
f 1928//1928 1968//1968 1969//1969
f 1928//1928 1969//1969 1929//1929
f 1929//1929 1969//1969 1970//1970
f 1929//1929 1970//1970 1930//1930
f 1930//1930 1970//1970 1971//1971
f 1930//1930 1971//1971 1931//1931
f 1931//1931 1971//1971 1972//1972
f 1931//1931 1972//1972 1932//1932
f 1932//1932 1972//1972 1973//1973
f 1932//1932 1973//1973 1933//1933
f 1933//1933 1973//1973 1974//1974
f 1933//1933 1974//1974 1934//1934
f 1934//1934 1974//1974 1975//1975
f 1934//1934 1975//1975 1935//1935
f 1935//1935 1975//1975 1976//1976
f 1935//1935 1976//1976 1936//1936
f 1936//1936 1976//1976 1977//1977
f 1936//1936 1977//1977 1937//1937
f 1937//1937 1977//1977 1978//1978
f 1937//1937 1978//1978 1938//1938
f 1938//1938 1978//1978 1979//1979
f 1938//1938 1979//1979 1939//1939
f 1939//1939 1979//1979 1980//1980
f 1939//1939 1980//1980 1940//1940
f 1940//1940 1980//1980 1981//1981
f 1940//1940 1981//1981 1941//1941
f 1941//1941 1981//1981 1982//1982
f 1941//1941 1982//1982 1942//1942
f 1942//1942 1982//1982 1983//1983
f 1942//1942 1983//1983 1943//1943
f 1943//1943 1983//1983 1984//1984
f 1943//1943 1984//1984 1944//1944
f 1944//1944 1984//1984 1985//1985
f 1944//1944 1985//1985 1945//1945
f 1945//1945 1985//1985 1986//1986
f 1945//1945 1986//1986 1946//1946
f 1946//1946 1986//1986 1987//1987
f 1946//1946 1987//1987 1947//1947
f 1947//1947 1987//1987 1988//1988
f 1947//1947 1988//1988 1948//1948
f 1948//1948 1988//1988 1989//1989
f 1948//1948 1989//1989 1949//1949
f 1949//1949 1989//1989 1990//1990
f 1949//1949 1990//1990 1950//1950
f 1950//1950 1990//1990 1991//1991
f 1950//1950 1991//1991 1951//1951
f 1951//1951 1991//1991 1992//1992
f 1951//1951 1992//1992 1952//1952
f 1952//1952 1992//1992 1993//1993
f 1952//1952 1993//1993 1953//1953
f 1953//1953 1993//1993 1994//1994
f 1953//1953 1994//1994 1954//1954
f 1954//1954 1994//1994 1995//1995
f 1955//1955 1996//1996 1956//1956
f 1956//1956 1996//1996 1997//1997
f 1956//1956 1997//1997 1957//1957
f 1957//1957 1997//1997 1998//1998
f 1957//1957 1998//1998 1958//1958
f 1958//1958 1998//1998 1999//1999
f 1958//1958 1999//1999 1959//1959
f 1959//1959 1999//1999 2000//2000
f 1959//1959 2000//2000 1960//1960
f 1960//1960 2000//2000 2001//2001
f 1960//1960 2001//2001 1961//1961
f 1961//1961 2001//2001 2002//2002
f 1961//1961 2002//2002 1962//1962
f 1962//1962 2002//2002 2003//2003
f 1962//1962 2003//2003 1963//1963
f 1963//1963 2003//2003 2004//2004
f 1963//1963 2004//2004 1964//1964
f 1964//1964 2004//2004 2005//2005
f 1964//1964 2005//2005 1965//1965
f 1965//1965 2005//2005 2006//2006
f 1965//1965 2006//2006 1966//1966
f 1966//1966 2006//2006 2007//2007
f 1966//1966 2007//2007 1967//1967
f 1967//1967 2007//2007 2008//2008
f 1967//1967 2008//2008 1968//1968
f 1968//1968 2008//2008 2009//2009
f 1968//1968 2009//2009 1969//1969
f 1969//1969 2009//2009 2010//2010
f 1969//1969 2010//2010 1970//1970
f 1970//1970 2010//2010 2011//2011
f 1970//1970 2011//2011 1971//1971
f 1971//1971 2011//2011 2012//2012
f 1971//1971 2012//2012 1972//1972
f 1972//1972 2012//2012 2013//2013
f 1972//1972 2013//2013 1973//1973
f 1973//1973 2013//2013 2014//2014
f 1973//1973 2014//2014 1974//1974
f 1974//1974 2014//2014 2015//2015
f 1974//1974 2015//2015 1975//1975
f 1975//1975 2015//2015 2016//2016
f 1975//1975 2016//2016 1976//1976
f 1976//1976 2016//2016 2017//2017
f 1976//1976 2017//2017 1977//1977
f 1977//1977 2017//2017 2018//2018
f 1977//1977 2018//2018 1978//1978
f 1978//1978 2018//2018 2019//2019
f 1978//1978 2019//2019 1979//1979
f 1979//1979 2019//2019 2020//2020
f 1979//1979 2020//2020 1980//1980
f 1980//1980 2020//2020 2021//2021
f 1980//1980 2021//2021 1981//1981
f 1981//1981 2021//2021 2022//2022
f 1981//1981 2022//2022 1982//1982
f 1982//1982 2022//2022 2023//2023
f 1982//1982 2023//2023 1983//1983
f 1983//1983 2023//2023 2024//2024
f 1983//1983 2024//2024 1984//1984
f 1984//1984 2024//2024 2025//2025
f 1984//1984 2025//2025 1985//1985
f 1985//1985 2025//2025 2026//2026
f 1985//1985 2026//2026 1986//1986
f 1986//1986 2026//2026 2027//2027
f 1986//1986 2027//2027 1987//1987
f 1987//1987 2027//2027 2028//2028
f 1987//1987 2028//2028 1988//1988
f 1988//1988 2028//2028 2029//2029
f 1988//1988 2029//2029 1989//1989
f 1989//1989 2029//2029 2030//2030
f 1989//1989 2030//2030 1990//1990
f 1990//1990 2030//2030 2031//2031
f 1990//1990 2031//2031 1991//1991
f 1991//1991 2031//2031 2032//2032
f 1991//1991 2032//2032 1992//1992
f 1992//1992 2032//2032 2033//2033
f 1992//1992 2033//2033 1993//1993
f 1993//1993 2033//2033 2034//2034
f 1993//1993 2034//2034 1994//1994
f 1994//1994 2034//2034 2035//2035
f 1994//1994 2035//2035 1995//1995
f 1995//1995 2035//2035 2036//2036
f 2037//2037 2078//2078 2038//2038
f 2038//2038 2078//2078 2079//2079
f 2038//2038 2079//2079 2039//2039
f 2039//2039 2079//2079 2080//2080
f 2039//2039 2080//2080 2040//2040
f 2040//2040 2080//2080 2081//2081
f 2040//2040 2081//2081 2041//2041
f 2041//2041 2081//2081 2082//2082
f 2041//2041 2082//2082 2042//2042
f 2042//2042 2082//2082 2083//2083
f 2042//2042 2083//2083 2043//2043
f 2043//2043 2083//2083 2084//2084
f 2043//2043 2084//2084 2044//2044
f 2044//2044 2084//2084 2085//2085
f 2044//2044 2085//2085 2045//2045
f 2045//2045 2085//2085 2086//2086
f 2045//2045 2086//2086 2046//2046
f 2046//2046 2086//2086 2087//2087
f 2046//2046 2087//2087 2047//2047
f 2047//2047 2087//2087 2088//2088
f 2047//2047 2088//2088 2048//2048
f 2048//2048 2088//2088 2089//2089
f 2048//2048 2089//2089 2049//2049
f 2049//2049 2089//2089 2090//2090
f 2049//2049 2090//2090 2050//2050
f 2050//2050 2090//2090 2091//2091
f 2050//2050 2091//2091 2051//2051
f 2051//2051 2091//2091 2092//2092
f 2051//2051 2092//2092 2052//2052
f 2052//2052 2092//2092 2093//2093
f 2052//2052 2093//2093 2053//2053
f 2053//2053 2093//2093 2094//2094
f 2053//2053 2094//2094 2054//2054
f 2054//2054 2094//2094 2095//2095
f 2054//2054 2095//2095 2055//2055
f 2055//2055 2095//2095 2096//2096
f 2055//2055 2096//2096 2056//2056
f 2056//2056 2096//2096 2097//2097
f 2056//2056 2097//2097 2057//2057
f 2057//2057 2097//2097 2098//2098
f 2057//2057 2098//2098 2058//2058
f 2058//2058 2098//2098 2099//2099
f 2058//2058 2099//2099 2059//2059
f 2059//2059 2099//2099 2100//2100
f 2059//2059 2100//2100 2060//2060
f 2060//2060 2100//2100 2101//2101
f 2060//2060 2101//2101 2061//2061
f 2061//2061 2101//2101 2102//2102
f 2061//2061 2102//2102 2062//2062
f 2062//2062 2102//2102 2103//2103
f 2062//2062 2103//2103 2063//2063
f 2063//2063 2103//2103 2104//2104
f 2063//2063 2104//2104 2064//2064
f 2064//2064 2104//2104 2105//2105
f 2064//2064 2105//2105 2065//2065
f 2065//2065 2105//2105 2106//2106
f 2065//2065 2106//2106 2066//2066
f 2066//2066 2106//2106 2107//2107
f 2066//2066 2107//2107 2067//2067
f 2067//2067 2107//2107 2108//2108
f 2067//2067 2108//2108 2068//2068
f 2068//2068 2108//2108 2109//2109
f 2068//2068 2109//2109 2069//2069
f 2069//2069 2109//2109 2110//2110
f 2069//2069 2110//2110 2070//2070
f 2070//2070 2110//2110 2111//2111
f 2070//2070 2111//2111 2071//2071
f 2071//2071 2111//2111 2112//2112
f 2071//2071 2112//2112 2072//2072
f 2072//2072 2112//2112 2113//2113
f 2072//2072 2113//2113 2073//2073
f 2073//2073 2113//2113 2114//2114
f 2073//2073 2114//2114 2074//2074
f 2074//2074 2114//2114 2115//2115
f 2074//2074 2115//2115 2075//2075
f 2075//2075 2115//2115 2116//2116
f 2075//2075 2116//2116 2076//2076
f 2076//2076 2116//2116 2117//2117
f 2076//2076 2117//2117 2077//2077
f 2077//2077 2117//2117 2118//2118
f 2078//2078 2119//2119 2079//2079
f 2079//2079 2119//2119 2120//2120
f 2079//2079 2120//2120 2080//2080
f 2080//2080 2120//2120 2121//2121
f 2080//2080 2121//2121 2081//2081
f 2081//2081 2121//2121 2122//2122
f 2081//2081 2122//2122 2082//2082
f 2082//2082 2122//2122 2123//2123
f 2082//2082 2123//2123 2083//2083
f 2083//2083 2123//2123 2124//2124
f 2083//2083 2124//2124 2084//2084
f 2084//2084 2124//2124 2125//2125
f 2084//2084 2125//2125 2085//2085
f 2085//2085 2125//2125 2126//2126
f 2085//2085 2126//2126 2086//2086
f 2086//2086 2126//2126 2127//2127
f 2086//2086 2127//2127 2087//2087
f 2087//2087 2127//2127 2128//2128
f 2087//2087 2128//2128 2088//2088
f 2088//2088 2128//2128 2129//2129
f 2088//2088 2129//2129 2089//2089
f 2089//2089 2129//2129 2130//2130
f 2089//2089 2130//2130 2090//2090
f 2090//2090 2130//2130 2131//2131
f 2090//2090 2131//2131 2091//2091
f 2091//2091 2131//2131 2132//2132
f 2091//2091 2132//2132 2092//2092
f 2092//2092 2132//2132 2133//2133
f 2092//2092 2133//2133 2093//2093
f 2093//2093 2133//2133 2134//2134
f 2093//2093 2134//2134 2094//2094
f 2094//2094 2134//2134 2135//2135
f 2094//2094 2135//2135 2095//2095
f 2095//2095 2135//2135 2136//2136
f 2095//2095 2136//2136 2096//2096
f 2096//2096 2136//2136 2137//2137
f 2096//2096 2137//2137 2097//2097
f 2097//2097 2137//2137 2138//2138
f 2097//2097 2138//2138 2098//2098
f 2098//2098 2138//2138 2139//2139
f 2098//2098 2139//2139 2099//2099
f 2099//2099 2139//2139 2140//2140
f 2099//2099 2140//2140 2100//2100
f 2100//2100 2140//2140 2141//2141
f 2100//2100 2141//2141 2101//2101
f 2101//2101 2141//2141 2142//2142
f 2101//2101 2142//2142 2102//2102
f 2102//2102 2142//2142 2143//2143
f 2102//2102 2143//2143 2103//2103
f 2103//2103 2143//2143 2144//2144
f 2103//2103 2144//2144 2104//2104
f 2104//2104 2144//2144 2145//2145
f 2104//2104 2145//2145 2105//2105
f 2105//2105 2145//2145 2146//2146
f 2105//2105 2146//2146 2106//2106
f 2106//2106 2146//2146 2147//2147
f 2106//2106 2147//2147 2107//2107
f 2107//2107 2147//2147 2148//2148
f 2107//2107 2148//2148 2108//2108
f 2108//2108 2148//2148 2149//2149
f 2108//2108 2149//2149 2109//2109
f 2109//2109 2149//2149 2150//2150
f 2109//2109 2150//2150 2110//2110
f 2110//2110 2150//2150 2151//2151
f 2110//2110 2151//2151 2111//2111
f 2111//2111 2151//2151 2152//2152
f 2111//2111 2152//2152 2112//2112
f 2112//2112 2152//2152 2153//2153
f 2112//2112 2153//2153 2113//2113
f 2113//2113 2153//2153 2154//2154
f 2113//2113 2154//2154 2114//2114
f 2114//2114 2154//2154 2155//2155
f 2114//2114 2155//2155 2115//2115
f 2115//2115 2155//2155 2156//2156
f 2115//2115 2156//2156 2116//2116
f 2116//2116 2156//2156 2157//2157
f 2116//2116 2157//2157 2117//2117
f 2117//2117 2157//2157 2158//2158
f 2117//2117 2158//2158 2118//2118
f 2118//2118 2158//2158 2159//2159
f 2119//2119 2160//2160 2120//2120
f 2120//2120 2160//2160 2161//2161
f 2120//2120 2161//2161 2121//2121
f 2121//2121 2161//2161 2162//2162
f 2121//2121 2162//2162 2122//2122
f 2122//2122 2162//2162 2163//2163
f 2122//2122 2163//2163 2123//2123
f 2123//2123 2163//2163 2164//2164
f 2123//2123 2164//2164 2124//2124
f 2124//2124 2164//2164 2165//2165
f 2124//2124 2165//2165 2125//2125
f 2125//2125 2165//2165 2166//2166
f 2125//2125 2166//2166 2126//2126
f 2126//2126 2166//2166 2167//2167
f 2126//2126 2167//2167 2127//2127
f 2127//2127 2167//2167 2168//2168
f 2127//2127 2168//2168 2128//2128
f 2128//2128 2168//2168 2169//2169
f 2128//2128 2169//2169 2129//2129
f 2129//2129 2169//2169 2170//2170
f 2129//2129 2170//2170 2130//2130
f 2130//2130 2170//2170 2171//2171
f 2130//2130 2171//2171 2131//2131
f 2131//2131 2171//2171 2172//2172
f 2131//2131 2172//2172 2132//2132
f 2132//2132 2172//2172 2173//2173
f 2132//2132 2173//2173 2133//2133
f 2133//2133 2173//2173 2174//2174
f 2133//2133 2174//2174 2134//2134
f 2134//2134 2174//2174 2175//2175
f 2134//2134 2175//2175 2135//2135
f 2135//2135 2175//2175 2176//2176
f 2135//2135 2176//2176 2136//2136
f 2136//2136 2176//2176 2177//2177
f 2136//2136 2177//2177 2137//2137
f 2137//2137 2177//2177 2178//2178
f 2137//2137 2178//2178 2138//2138
f 2138//2138 2178//2178 2179//2179
f 2138//2138 2179//2179 2139//2139
f 2139//2139 2179//2179 2180//2180
f 2139//2139 2180//2180 2140//2140
f 2140//2140 2180//2180 2181//2181
f 2140//2140 2181//2181 2141//2141
f 2141//2141 2181//2181 2182//2182
f 2141//2141 2182//2182 2142//2142
f 2142//2142 2182//2182 2183//2183
f 2142//2142 2183//2183 2143//2143
f 2143//2143 2183//2183 2184//2184
f 2143//2143 2184//2184 2144//2144
f 2144//2144 2184//2184 2185//2185
f 2144//2144 2185//2185 2145//2145
f 2145//2145 2185//2185 2186//2186
f 2145//2145 2186//2186 2146//2146
f 2146//2146 2186//2186 2187//2187
f 2146//2146 2187//2187 2147//2147
f 2147//2147 2187//2187 2188//2188
f 2147//2147 2188//2188 2148//2148
f 2148//2148 2188//2188 2189//2189
f 2148//2148 2189//2189 2149//2149
f 2149//2149 2189//2189 2190//2190
f 2149//2149 2190//2190 2150//2150
f 2150//2150 2190//2190 2191//2191
f 2150//2150 2191//2191 2151//2151
f 2151//2151 2191//2191 2192//2192
f 2151//2151 2192//2192 2152//2152
f 2152//2152 2192//2192 2193//2193
f 2152//2152 2193//2193 2153//2153
f 2153//2153 2193//2193 2194//2194
f 2153//2153 2194//2194 2154//2154
f 2154//2154 2194//2194 2195//2195
f 2154//2154 2195//2195 2155//2155
f 2155//2155 2195//2195 2196//2196
f 2155//2155 2196//2196 2156//2156
f 2156//2156 2196//2196 2197//2197
f 2156//2156 2197//2197 2157//2157
f 2157//2157 2197//2197 2198//2198
f 2157//2157 2198//2198 2158//2158
f 2158//2158 2198//2198 2199//2199
f 2158//2158 2199//2199 2159//2159
f 2159//2159 2199//2199 2200//2200
f 2160//2160 2201//2201 2161//2161
f 2161//2161 2201//2201 2202//2202
f 2161//2161 2202//2202 2162//2162
f 2162//2162 2202//2202 2203//2203
f 2162//2162 2203//2203 2163//2163
f 2163//2163 2203//2203 2204//2204
f 2163//2163 2204//2204 2164//2164
f 2164//2164 2204//2204 2205//2205
f 2164//2164 2205//2205 2165//2165
f 2165//2165 2205//2205 2206//2206
f 2165//2165 2206//2206 2166//2166
f 2166//2166 2206//2206 2207//2207
f 2166//2166 2207//2207 2167//2167
f 2167//2167 2207//2207 2208//2208
f 2167//2167 2208//2208 2168//2168
f 2168//2168 2208//2208 2209//2209
f 2168//2168 2209//2209 2169//2169
f 2169//2169 2209//2209 2210//2210
f 2169//2169 2210//2210 2170//2170
f 2170//2170 2210//2210 2211//2211
f 2170//2170 2211//2211 2171//2171
f 2171//2171 2211//2211 2212//2212
f 2171//2171 2212//2212 2172//2172
f 2172//2172 2212//2212 2213//2213
f 2172//2172 2213//2213 2173//2173
f 2173//2173 2213//2213 2214//2214
f 2173//2173 2214//2214 2174//2174
f 2174//2174 2214//2214 2215//2215
f 2174//2174 2215//2215 2175//2175
f 2175//2175 2215//2215 2216//2216
f 2175//2175 2216//2216 2176//2176
f 2176//2176 2216//2216 2217//2217
f 2176//2176 2217//2217 2177//2177
f 2177//2177 2217//2217 2218//2218
f 2177//2177 2218//2218 2178//2178
f 2178//2178 2218//2218 2219//2219
f 2178//2178 2219//2219 2179//2179
f 2179//2179 2219//2219 2220//2220
f 2179//2179 2220//2220 2180//2180
f 2180//2180 2220//2220 2221//2221
f 2180//2180 2221//2221 2181//2181
f 2181//2181 2221//2221 2222//2222
f 2181//2181 2222//2222 2182//2182
f 2182//2182 2222//2222 2223//2223
f 2182//2182 2223//2223 2183//2183
f 2183//2183 2223//2223 2224//2224
f 2183//2183 2224//2224 2184//2184
f 2184//2184 2224//2224 2225//2225
f 2184//2184 2225//2225 2185//2185
f 2185//2185 2225//2225 2226//2226
f 2185//2185 2226//2226 2186//2186
f 2186//2186 2226//2226 2227//2227
f 2186//2186 2227//2227 2187//2187
f 2187//2187 2227//2227 2228//2228
f 2187//2187 2228//2228 2188//2188
f 2188//2188 2228//2228 2229//2229
f 2188//2188 2229//2229 2189//2189
f 2189//2189 2229//2229 2230//2230
f 2189//2189 2230//2230 2190//2190
f 2190//2190 2230//2230 2231//2231
f 2190//2190 2231//2231 2191//2191
f 2191//2191 2231//2231 2232//2232
f 2191//2191 2232//2232 2192//2192
f 2192//2192 2232//2232 2233//2233
f 2192//2192 2233//2233 2193//2193
f 2193//2193 2233//2233 2234//2234
f 2193//2193 2234//2234 2194//2194
f 2194//2194 2234//2234 2235//2235
f 2194//2194 2235//2235 2195//2195
f 2195//2195 2235//2235 2236//2236
f 2195//2195 2236//2236 2196//2196
f 2196//2196 2236//2236 2237//2237
f 2196//2196 2237//2237 2197//2197
f 2197//2197 2237//2237 2238//2238
f 2197//2197 2238//2238 2198//2198
f 2198//2198 2238//2238 2239//2239
f 2198//2198 2239//2239 2199//2199
f 2199//2199 2239//2239 2240//2240
f 2199//2199 2240//2240 2200//2200
f 2200//2200 2240//2240 2241//2241
f 2201//2201 2242//2242 2202//2202
f 2202//2202 2242//2242 2243//2243
f 2202//2202 2243//2243 2203//2203
f 2203//2203 2243//2243 2244//2244
f 2203//2203 2244//2244 2204//2204
f 2204//2204 2244//2244 2245//2245
f 2204//2204 2245//2245 2205//2205
f 2205//2205 2245//2245 2246//2246
f 2205//2205 2246//2246 2206//2206
f 2206//2206 2246//2246 2247//2247
f 2206//2206 2247//2247 2207//2207
f 2207//2207 2247//2247 2248//2248
f 2207//2207 2248//2248 2208//2208
f 2208//2208 2248//2248 2249//2249
f 2208//2208 2249//2249 2209//2209
f 2209//2209 2249//2249 2250//2250
f 2209//2209 2250//2250 2210//2210
f 2210//2210 2250//2250 2251//2251
f 2210//2210 2251//2251 2211//2211
f 2211//2211 2251//2251 2252//2252
f 2211//2211 2252//2252 2212//2212
f 2212//2212 2252//2252 2253//2253
f 2212//2212 2253//2253 2213//2213
f 2213//2213 2253//2253 2254//2254
f 2213//2213 2254//2254 2214//2214
f 2214//2214 2254//2254 2255//2255
f 2214//2214 2255//2255 2215//2215
f 2215//2215 2255//2255 2256//2256
f 2215//2215 2256//2256 2216//2216
f 2216//2216 2256//2256 2257//2257
f 2216//2216 2257//2257 2217//2217
f 2217//2217 2257//2257 2258//2258
f 2217//2217 2258//2258 2218//2218
f 2218//2218 2258//2258 2259//2259
f 2218//2218 2259//2259 2219//2219
f 2219//2219 2259//2259 2260//2260
f 2219//2219 2260//2260 2220//2220
f 2220//2220 2260//2260 2261//2261
f 2220//2220 2261//2261 2221//2221
f 2221//2221 2261//2261 2262//2262
f 2221//2221 2262//2262 2222//2222
f 2222//2222 2262//2262 2263//2263
f 2222//2222 2263//2263 2223//2223
f 2223//2223 2263//2263 2264//2264
f 2223//2223 2264//2264 2224//2224
f 2224//2224 2264//2264 2265//2265
f 2224//2224 2265//2265 2225//2225
f 2225//2225 2265//2265 2266//2266
f 2225//2225 2266//2266 2226//2226
f 2226//2226 2266//2266 2267//2267
f 2226//2226 2267//2267 2227//2227
f 2227//2227 2267//2267 2268//2268
f 2227//2227 2268//2268 2228//2228
f 2228//2228 2268//2268 2269//2269
f 2228//2228 2269//2269 2229//2229
f 2229//2229 2269//2269 2270//2270
f 2229//2229 2270//2270 2230//2230
f 2230//2230 2270//2270 2271//2271
f 2230//2230 2271//2271 2231//2231
f 2231//2231 2271//2271 2272//2272
f 2231//2231 2272//2272 2232//2232
f 2232//2232 2272//2272 2273//2273
f 2232//2232 2273//2273 2233//2233
f 2233//2233 2273//2273 2274//2274
f 2233//2233 2274//2274 2234//2234
f 2234//2234 2274//2274 2275//2275
f 2234//2234 2275//2275 2235//2235
f 2235//2235 2275//2275 2276//2276
f 2235//2235 2276//2276 2236//2236
f 2236//2236 2276//2276 2277//2277
f 2236//2236 2277//2277 2237//2237
f 2237//2237 2277//2277 2278//2278
f 2237//2237 2278//2278 2238//2238
f 2238//2238 2278//2278 2279//2279
f 2238//2238 2279//2279 2239//2239
f 2239//2239 2279//2279 2280//2280
f 2239//2239 2280//2280 2240//2240
f 2240//2240 2280//2280 2281//2281
f 2240//2240 2281//2281 2241//2241
f 2241//2241 2281//2281 2282//2282
f 2242//2242 2283//2283 2243//2243
f 2243//2243 2283//2283 2284//2284
f 2243//2243 2284//2284 2244//2244
f 2244//2244 2284//2284 2285//2285
f 2244//2244 2285//2285 2245//2245
f 2245//2245 2285//2285 2286//2286
f 2245//2245 2286//2286 2246//2246
f 2246//2246 2286//2286 2287//2287
f 2246//2246 2287//2287 2247//2247
f 2247//2247 2287//2287 2288//2288
f 2247//2247 2288//2288 2248//2248
f 2248//2248 2288//2288 2289//2289
f 2248//2248 2289//2289 2249//2249
f 2249//2249 2289//2289 2290//2290
f 2249//2249 2290//2290 2250//2250
f 2250//2250 2290//2290 2291//2291
f 2250//2250 2291//2291 2251//2251
f 2251//2251 2291//2291 2292//2292
f 2251//2251 2292//2292 2252//2252
f 2252//2252 2292//2292 2293//2293
f 2252//2252 2293//2293 2253//2253
f 2253//2253 2293//2293 2294//2294
f 2253//2253 2294//2294 2254//2254
f 2254//2254 2294//2294 2295//2295
f 2254//2254 2295//2295 2255//2255
f 2255//2255 2295//2295 2296//2296
f 2255//2255 2296//2296 2256//2256
f 2256//2256 2296//2296 2297//2297
f 2256//2256 2297//2297 2257//2257
f 2257//2257 2297//2297 2298//2298
f 2257//2257 2298//2298 2258//2258
f 2258//2258 2298//2298 2299//2299
f 2258//2258 2299//2299 2259//2259
f 2259//2259 2299//2299 2300//2300
f 2259//2259 2300//2300 2260//2260
f 2260//2260 2300//2300 2301//2301
f 2260//2260 2301//2301 2261//2261
f 2261//2261 2301//2301 2302//2302
f 2261//2261 2302//2302 2262//2262
f 2262//2262 2302//2302 2303//2303
f 2262//2262 2303//2303 2263//2263
f 2263//2263 2303//2303 2304//2304
f 2263//2263 2304//2304 2264//2264
f 2264//2264 2304//2304 2305//2305
f 2264//2264 2305//2305 2265//2265
f 2265//2265 2305//2305 2306//2306
f 2265//2265 2306//2306 2266//2266
f 2266//2266 2306//2306 2307//2307
f 2266//2266 2307//2307 2267//2267
f 2267//2267 2307//2307 2308//2308
f 2267//2267 2308//2308 2268//2268
f 2268//2268 2308//2308 2309//2309
f 2268//2268 2309//2309 2269//2269
f 2269//2269 2309//2309 2310//2310
f 2269//2269 2310//2310 2270//2270
f 2270//2270 2310//2310 2311//2311
f 2270//2270 2311//2311 2271//2271
f 2271//2271 2311//2311 2312//2312
f 2271//2271 2312//2312 2272//2272
f 2272//2272 2312//2312 2313//2313
f 2272//2272 2313//2313 2273//2273
f 2273//2273 2313//2313 2314//2314
f 2273//2273 2314//2314 2274//2274
f 2274//2274 2314//2314 2315//2315
f 2274//2274 2315//2315 2275//2275
f 2275//2275 2315//2315 2316//2316
f 2275//2275 2316//2316 2276//2276
f 2276//2276 2316//2316 2317//2317
f 2276//2276 2317//2317 2277//2277
f 2277//2277 2317//2317 2318//2318
f 2277//2277 2318//2318 2278//2278
f 2278//2278 2318//2318 2319//2319
f 2278//2278 2319//2319 2279//2279
f 2279//2279 2319//2319 2320//2320
f 2279//2279 2320//2320 2280//2280
f 2280//2280 2320//2320 2321//2321
f 2280//2280 2321//2321 2281//2281
f 2281//2281 2321//2321 2322//2322
f 2281//2281 2322//2322 2282//2282
f 2282//2282 2322//2322 2323//2323
f 2283//2283 2324//2324 2284//2284
f 2284//2284 2324//2324 2325//2325
f 2284//2284 2325//2325 2285//2285
f 2285//2285 2325//2325 2326//2326
f 2285//2285 2326//2326 2286//2286
f 2286//2286 2326//2326 2327//2327
f 2286//2286 2327//2327 2287//2287
f 2287//2287 2327//2327 2328//2328
f 2287//2287 2328//2328 2288//2288
f 2288//2288 2328//2328 2329//2329
f 2288//2288 2329//2329 2289//2289
f 2289//2289 2329//2329 2330//2330
f 2289//2289 2330//2330 2290//2290
f 2290//2290 2330//2330 2331//2331
f 2290//2290 2331//2331 2291//2291
f 2291//2291 2331//2331 2332//2332
f 2291//2291 2332//2332 2292//2292
f 2292//2292 2332//2332 2333//2333
f 2292//2292 2333//2333 2293//2293
f 2293//2293 2333//2333 2334//2334
f 2293//2293 2334//2334 2294//2294
f 2294//2294 2334//2334 2335//2335
f 2294//2294 2335//2335 2295//2295
f 2295//2295 2335//2335 2336//2336
f 2295//2295 2336//2336 2296//2296
f 2296//2296 2336//2336 2337//2337
f 2296//2296 2337//2337 2297//2297
f 2297//2297 2337//2337 2338//2338
f 2297//2297 2338//2338 2298//2298
f 2298//2298 2338//2338 2339//2339
f 2298//2298 2339//2339 2299//2299
f 2299//2299 2339//2339 2340//2340
f 2299//2299 2340//2340 2300//2300
f 2300//2300 2340//2340 2341//2341
f 2300//2300 2341//2341 2301//2301
f 2301//2301 2341//2341 2342//2342
f 2301//2301 2342//2342 2302//2302
f 2302//2302 2342//2342 2343//2343
f 2302//2302 2343//2343 2303//2303
f 2303//2303 2343//2343 2344//2344
f 2303//2303 2344//2344 2304//2304
f 2304//2304 2344//2344 2345//2345
f 2304//2304 2345//2345 2305//2305
f 2305//2305 2345//2345 2346//2346
f 2305//2305 2346//2346 2306//2306
f 2306//2306 2346//2346 2347//2347
f 2306//2306 2347//2347 2307//2307
f 2307//2307 2347//2347 2348//2348
f 2307//2307 2348//2348 2308//2308
f 2308//2308 2348//2348 2349//2349
f 2308//2308 2349//2349 2309//2309
f 2309//2309 2349//2349 2350//2350
f 2309//2309 2350//2350 2310//2310
f 2310//2310 2350//2350 2351//2351
f 2310//2310 2351//2351 2311//2311
f 2311//2311 2351//2351 2352//2352
f 2311//2311 2352//2352 2312//2312
f 2312//2312 2352//2352 2353//2353
f 2312//2312 2353//2353 2313//2313
f 2313//2313 2353//2353 2354//2354
f 2313//2313 2354//2354 2314//2314
f 2314//2314 2354//2354 2355//2355
f 2314//2314 2355//2355 2315//2315
f 2315//2315 2355//2355 2356//2356
f 2315//2315 2356//2356 2316//2316
f 2316//2316 2356//2356 2357//2357
f 2316//2316 2357//2357 2317//2317
f 2317//2317 2357//2357 2358//2358
f 2317//2317 2358//2358 2318//2318
f 2318//2318 2358//2358 2359//2359
f 2318//2318 2359//2359 2319//2319
f 2319//2319 2359//2359 2360//2360
f 2319//2319 2360//2360 2320//2320
f 2320//2320 2360//2360 2361//2361
f 2320//2320 2361//2361 2321//2321
f 2321//2321 2361//2361 2362//2362
f 2321//2321 2362//2362 2322//2322
f 2322//2322 2362//2362 2363//2363
f 2322//2322 2363//2363 2323//2323
f 2323//2323 2363//2363 2364//2364
f 2324//2324 2365//2365 2325//2325
f 2325//2325 2365//2365 2366//2366
f 2325//2325 2366//2366 2326//2326
f 2326//2326 2366//2366 2367//2367
f 2326//2326 2367//2367 2327//2327
f 2327//2327 2367//2367 2368//2368
f 2327//2327 2368//2368 2328//2328
f 2328//2328 2368//2368 2369//2369
f 2328//2328 2369//2369 2329//2329
f 2329//2329 2369//2369 2370//2370
f 2329//2329 2370//2370 2330//2330
f 2330//2330 2370//2370 2371//2371
f 2330//2330 2371//2371 2331//2331
f 2331//2331 2371//2371 2372//2372
f 2331//2331 2372//2372 2332//2332
f 2332//2332 2372//2372 2373//2373
f 2332//2332 2373//2373 2333//2333
f 2333//2333 2373//2373 2374//2374
f 2333//2333 2374//2374 2334//2334
f 2334//2334 2374//2374 2375//2375
f 2334//2334 2375//2375 2335//2335
f 2335//2335 2375//2375 2376//2376
f 2335//2335 2376//2376 2336//2336
f 2336//2336 2376//2376 2377//2377
f 2336//2336 2377//2377 2337//2337
f 2337//2337 2377//2377 2378//2378
f 2337//2337 2378//2378 2338//2338
f 2338//2338 2378//2378 2379//2379
f 2338//2338 2379//2379 2339//2339
f 2339//2339 2379//2379 2380//2380
f 2339//2339 2380//2380 2340//2340
f 2340//2340 2380//2380 2381//2381
f 2340//2340 2381//2381 2341//2341
f 2341//2341 2381//2381 2382//2382
f 2341//2341 2382//2382 2342//2342
f 2342//2342 2382//2382 2383//2383
f 2342//2342 2383//2383 2343//2343
f 2343//2343 2383//2383 2384//2384
f 2343//2343 2384//2384 2344//2344
f 2344//2344 2384//2384 2385//2385
f 2344//2344 2385//2385 2345//2345
f 2345//2345 2385//2385 2386//2386
f 2345//2345 2386//2386 2346//2346
f 2346//2346 2386//2386 2387//2387
f 2346//2346 2387//2387 2347//2347
f 2347//2347 2387//2387 2388//2388
f 2347//2347 2388//2388 2348//2348
f 2348//2348 2388//2388 2389//2389
f 2348//2348 2389//2389 2349//2349
f 2349//2349 2389//2389 2390//2390
f 2349//2349 2390//2390 2350//2350
f 2350//2350 2390//2390 2391//2391
f 2350//2350 2391//2391 2351//2351
f 2351//2351 2391//2391 2392//2392
f 2351//2351 2392//2392 2352//2352
f 2352//2352 2392//2392 2393//2393
f 2352//2352 2393//2393 2353//2353
f 2353//2353 2393//2393 2394//2394
f 2353//2353 2394//2394 2354//2354
f 2354//2354 2394//2394 2395//2395
f 2354//2354 2395//2395 2355//2355
f 2355//2355 2395//2395 2396//2396
f 2355//2355 2396//2396 2356//2356
f 2356//2356 2396//2396 2397//2397
f 2356//2356 2397//2397 2357//2357
f 2357//2357 2397//2397 2398//2398
f 2357//2357 2398//2398 2358//2358
f 2358//2358 2398//2398 2399//2399
f 2358//2358 2399//2399 2359//2359
f 2359//2359 2399//2399 2400//2400
f 2359//2359 2400//2400 2360//2360
f 2360//2360 2400//2400 2401//2401
f 2360//2360 2401//2401 2361//2361
f 2361//2361 2401//2401 2402//2402
f 2361//2361 2402//2402 2362//2362
f 2362//2362 2402//2402 2403//2403
f 2362//2362 2403//2403 2363//2363
f 2363//2363 2403//2403 2404//2404
f 2363//2363 2404//2404 2364//2364
f 2364//2364 2404//2404 2405//2405
f 2365//2365 2406//2406 2366//2366
f 2366//2366 2406//2406 2407//2407
f 2366//2366 2407//2407 2367//2367
f 2367//2367 2407//2407 2408//2408
f 2367//2367 2408//2408 2368//2368
f 2368//2368 2408//2408 2409//2409
f 2368//2368 2409//2409 2369//2369
f 2369//2369 2409//2409 2410//2410
f 2369//2369 2410//2410 2370//2370
f 2370//2370 2410//2410 2411//2411
f 2370//2370 2411//2411 2371//2371
f 2371//2371 2411//2411 2412//2412
f 2371//2371 2412//2412 2372//2372
f 2372//2372 2412//2412 2413//2413
f 2372//2372 2413//2413 2373//2373
f 2373//2373 2413//2413 2414//2414
f 2373//2373 2414//2414 2374//2374
f 2374//2374 2414//2414 2415//2415
f 2374//2374 2415//2415 2375//2375
f 2375//2375 2415//2415 2416//2416
f 2375//2375 2416//2416 2376//2376
f 2376//2376 2416//2416 2417//2417
f 2376//2376 2417//2417 2377//2377
f 2377//2377 2417//2417 2418//2418
f 2377//2377 2418//2418 2378//2378
f 2378//2378 2418//2418 2419//2419
f 2378//2378 2419//2419 2379//2379
f 2379//2379 2419//2419 2420//2420
f 2379//2379 2420//2420 2380//2380
f 2380//2380 2420//2420 2421//2421
f 2380//2380 2421//2421 2381//2381
f 2381//2381 2421//2421 2422//2422
f 2381//2381 2422//2422 2382//2382
f 2382//2382 2422//2422 2423//2423
f 2382//2382 2423//2423 2383//2383
f 2383//2383 2423//2423 2424//2424
f 2383//2383 2424//2424 2384//2384
f 2384//2384 2424//2424 2425//2425
f 2384//2384 2425//2425 2385//2385
f 2385//2385 2425//2425 2426//2426
f 2385//2385 2426//2426 2386//2386
f 2386//2386 2426//2426 2427//2427
f 2386//2386 2427//2427 2387//2387
f 2387//2387 2427//2427 2428//2428
f 2387//2387 2428//2428 2388//2388
f 2388//2388 2428//2428 2429//2429
f 2388//2388 2429//2429 2389//2389
f 2389//2389 2429//2429 2430//2430
f 2389//2389 2430//2430 2390//2390
f 2390//2390 2430//2430 2431//2431
f 2390//2390 2431//2431 2391//2391
f 2391//2391 2431//2431 2432//2432
f 2391//2391 2432//2432 2392//2392
f 2392//2392 2432//2432 2433//2433
f 2392//2392 2433//2433 2393//2393
f 2393//2393 2433//2433 2434//2434
f 2393//2393 2434//2434 2394//2394
f 2394//2394 2434//2434 2435//2435
f 2394//2394 2435//2435 2395//2395
f 2395//2395 2435//2435 2436//2436
f 2395//2395 2436//2436 2396//2396
f 2396//2396 2436//2436 2437//2437
f 2396//2396 2437//2437 2397//2397
f 2397//2397 2437//2437 2438//2438
f 2397//2397 2438//2438 2398//2398
f 2398//2398 2438//2438 2439//2439
f 2398//2398 2439//2439 2399//2399
f 2399//2399 2439//2439 2440//2440
f 2399//2399 2440//2440 2400//2400
f 2400//2400 2440//2440 2441//2441
f 2400//2400 2441//2441 2401//2401
f 2401//2401 2441//2441 2442//2442
f 2401//2401 2442//2442 2402//2402
f 2402//2402 2442//2442 2443//2443
f 2402//2402 2443//2443 2403//2403
f 2403//2403 2443//2443 2444//2444
f 2403//2403 2444//2444 2404//2404
f 2404//2404 2444//2444 2445//2445
f 2404//2404 2445//2445 2405//2405
f 2405//2405 2445//2445 2446//2446
f 2447//2447 2488//2488 2448//2448
f 2448//2448 2488//2488 2489//2489
f 2448//2448 2489//2489 2449//2449
f 2449//2449 2489//2489 2490//2490
f 2449//2449 2490//2490 2450//2450
f 2450//2450 2490//2490 2491//2491
f 2450//2450 2491//2491 2451//2451
f 2451//2451 2491//2491 2492//2492
f 2451//2451 2492//2492 2452//2452
f 2452//2452 2492//2492 2493//2493
f 2452//2452 2493//2493 2453//2453
f 2453//2453 2493//2493 2494//2494
f 2453//2453 2494//2494 2454//2454
f 2454//2454 2494//2494 2495//2495
f 2454//2454 2495//2495 2455//2455
f 2455//2455 2495//2495 2496//2496
f 2455//2455 2496//2496 2456//2456
f 2456//2456 2496//2496 2497//2497
f 2456//2456 2497//2497 2457//2457
f 2457//2457 2497//2497 2498//2498
f 2457//2457 2498//2498 2458//2458
f 2458//2458 2498//2498 2499//2499
f 2458//2458 2499//2499 2459//2459
f 2459//2459 2499//2499 2500//2500
f 2459//2459 2500//2500 2460//2460
f 2460//2460 2500//2500 2501//2501
f 2460//2460 2501//2501 2461//2461
f 2461//2461 2501//2501 2502//2502
f 2461//2461 2502//2502 2462//2462
f 2462//2462 2502//2502 2503//2503
f 2462//2462 2503//2503 2463//2463
f 2463//2463 2503//2503 2504//2504
f 2463//2463 2504//2504 2464//2464
f 2464//2464 2504//2504 2505//2505
f 2464//2464 2505//2505 2465//2465
f 2465//2465 2505//2505 2506//2506
f 2465//2465 2506//2506 2466//2466
f 2466//2466 2506//2506 2507//2507
f 2466//2466 2507//2507 2467//2467
f 2467//2467 2507//2507 2508//2508
f 2467//2467 2508//2508 2468//2468
f 2468//2468 2508//2508 2509//2509
f 2468//2468 2509//2509 2469//2469
f 2469//2469 2509//2509 2510//2510
f 2469//2469 2510//2510 2470//2470
f 2470//2470 2510//2510 2511//2511
f 2470//2470 2511//2511 2471//2471
f 2471//2471 2511//2511 2512//2512
f 2471//2471 2512//2512 2472//2472
f 2472//2472 2512//2512 2513//2513
f 2472//2472 2513//2513 2473//2473
f 2473//2473 2513//2513 2514//2514
f 2473//2473 2514//2514 2474//2474
f 2474//2474 2514//2514 2515//2515
f 2474//2474 2515//2515 2475//2475
f 2475//2475 2515//2515 2516//2516
f 2475//2475 2516//2516 2476//2476
f 2476//2476 2516//2516 2517//2517
f 2476//2476 2517//2517 2477//2477
f 2477//2477 2517//2517 2518//2518
f 2477//2477 2518//2518 2478//2478
f 2478//2478 2518//2518 2519//2519
f 2478//2478 2519//2519 2479//2479
f 2479//2479 2519//2519 2520//2520
f 2479//2479 2520//2520 2480//2480
f 2480//2480 2520//2520 2521//2521
f 2480//2480 2521//2521 2481//2481
f 2481//2481 2521//2521 2522//2522
f 2481//2481 2522//2522 2482//2482
f 2482//2482 2522//2522 2523//2523
f 2482//2482 2523//2523 2483//2483
f 2483//2483 2523//2523 2524//2524
f 2483//2483 2524//2524 2484//2484
f 2484//2484 2524//2524 2525//2525
f 2484//2484 2525//2525 2485//2485
f 2485//2485 2525//2525 2526//2526
f 2485//2485 2526//2526 2486//2486
f 2486//2486 2526//2526 2527//2527
f 2486//2486 2527//2527 2487//2487
f 2487//2487 2527//2527 2528//2528
f 2488//2488 2529//2529 2489//2489
f 2489//2489 2529//2529 2530//2530
f 2489//2489 2530//2530 2490//2490
f 2490//2490 2530//2530 2531//2531
f 2490//2490 2531//2531 2491//2491
f 2491//2491 2531//2531 2532//2532
f 2491//2491 2532//2532 2492//2492
f 2492//2492 2532//2532 2533//2533
f 2492//2492 2533//2533 2493//2493
f 2493//2493 2533//2533 2534//2534
f 2493//2493 2534//2534 2494//2494
f 2494//2494 2534//2534 2535//2535
f 2494//2494 2535//2535 2495//2495
f 2495//2495 2535//2535 2536//2536
f 2495//2495 2536//2536 2496//2496
f 2496//2496 2536//2536 2537//2537
f 2496//2496 2537//2537 2497//2497
f 2497//2497 2537//2537 2538//2538
f 2497//2497 2538//2538 2498//2498
f 2498//2498 2538//2538 2539//2539
f 2498//2498 2539//2539 2499//2499
f 2499//2499 2539//2539 2540//2540
f 2499//2499 2540//2540 2500//2500
f 2500//2500 2540//2540 2541//2541
f 2500//2500 2541//2541 2501//2501
f 2501//2501 2541//2541 2542//2542
f 2501//2501 2542//2542 2502//2502
f 2502//2502 2542//2542 2543//2543
f 2502//2502 2543//2543 2503//2503
f 2503//2503 2543//2543 2544//2544
f 2503//2503 2544//2544 2504//2504
f 2504//2504 2544//2544 2545//2545
f 2504//2504 2545//2545 2505//2505
f 2505//2505 2545//2545 2546//2546
f 2505//2505 2546//2546 2506//2506
f 2506//2506 2546//2546 2547//2547
f 2506//2506 2547//2547 2507//2507
f 2507//2507 2547//2547 2548//2548
f 2507//2507 2548//2548 2508//2508
f 2508//2508 2548//2548 2549//2549
f 2508//2508 2549//2549 2509//2509
f 2509//2509 2549//2549 2550//2550
f 2509//2509 2550//2550 2510//2510
f 2510//2510 2550//2550 2551//2551
f 2510//2510 2551//2551 2511//2511
f 2511//2511 2551//2551 2552//2552
f 2511//2511 2552//2552 2512//2512
f 2512//2512 2552//2552 2553//2553
f 2512//2512 2553//2553 2513//2513
f 2513//2513 2553//2553 2554//2554
f 2513//2513 2554//2554 2514//2514
f 2514//2514 2554//2554 2555//2555
f 2514//2514 2555//2555 2515//2515
f 2515//2515 2555//2555 2556//2556
f 2515//2515 2556//2556 2516//2516
f 2516//2516 2556//2556 2557//2557
f 2516//2516 2557//2557 2517//2517
f 2517//2517 2557//2557 2558//2558
f 2517//2517 2558//2558 2518//2518
f 2518//2518 2558//2558 2559//2559
f 2518//2518 2559//2559 2519//2519
f 2519//2519 2559//2559 2560//2560
f 2519//2519 2560//2560 2520//2520
f 2520//2520 2560//2560 2561//2561
f 2520//2520 2561//2561 2521//2521
f 2521//2521 2561//2561 2562//2562
f 2521//2521 2562//2562 2522//2522
f 2522//2522 2562//2562 2563//2563
f 2522//2522 2563//2563 2523//2523
f 2523//2523 2563//2563 2564//2564
f 2523//2523 2564//2564 2524//2524
f 2524//2524 2564//2564 2565//2565
f 2524//2524 2565//2565 2525//2525
f 2525//2525 2565//2565 2566//2566
f 2525//2525 2566//2566 2526//2526
f 2526//2526 2566//2566 2567//2567
f 2526//2526 2567//2567 2527//2527
f 2527//2527 2567//2567 2568//2568
f 2527//2527 2568//2568 2528//2528
f 2528//2528 2568//2568 2569//2569
f 2529//2529 2570//2570 2530//2530
f 2530//2530 2570//2570 2571//2571
f 2530//2530 2571//2571 2531//2531
f 2531//2531 2571//2571 2572//2572
f 2531//2531 2572//2572 2532//2532
f 2532//2532 2572//2572 2573//2573
f 2532//2532 2573//2573 2533//2533
f 2533//2533 2573//2573 2574//2574
f 2533//2533 2574//2574 2534//2534
f 2534//2534 2574//2574 2575//2575
f 2534//2534 2575//2575 2535//2535
f 2535//2535 2575//2575 2576//2576
f 2535//2535 2576//2576 2536//2536
f 2536//2536 2576//2576 2577//2577
f 2536//2536 2577//2577 2537//2537
f 2537//2537 2577//2577 2578//2578
f 2537//2537 2578//2578 2538//2538
f 2538//2538 2578//2578 2579//2579
f 2538//2538 2579//2579 2539//2539
f 2539//2539 2579//2579 2580//2580
f 2539//2539 2580//2580 2540//2540
f 2540//2540 2580//2580 2581//2581
f 2540//2540 2581//2581 2541//2541
f 2541//2541 2581//2581 2582//2582
f 2541//2541 2582//2582 2542//2542
f 2542//2542 2582//2582 2583//2583
f 2542//2542 2583//2583 2543//2543
f 2543//2543 2583//2583 2584//2584
f 2543//2543 2584//2584 2544//2544
f 2544//2544 2584//2584 2585//2585
f 2544//2544 2585//2585 2545//2545
f 2545//2545 2585//2585 2586//2586
f 2545//2545 2586//2586 2546//2546
f 2546//2546 2586//2586 2587//2587
f 2546//2546 2587//2587 2547//2547
f 2547//2547 2587//2587 2588//2588
f 2547//2547 2588//2588 2548//2548
f 2548//2548 2588//2588 2589//2589
f 2548//2548 2589//2589 2549//2549
f 2549//2549 2589//2589 2590//2590
f 2549//2549 2590//2590 2550//2550
f 2550//2550 2590//2590 2591//2591
f 2550//2550 2591//2591 2551//2551
f 2551//2551 2591//2591 2592//2592
f 2551//2551 2592//2592 2552//2552
f 2552//2552 2592//2592 2593//2593
f 2552//2552 2593//2593 2553//2553
f 2553//2553 2593//2593 2594//2594
f 2553//2553 2594//2594 2554//2554
f 2554//2554 2594//2594 2595//2595
f 2554//2554 2595//2595 2555//2555
f 2555//2555 2595//2595 2596//2596
f 2555//2555 2596//2596 2556//2556
f 2556//2556 2596//2596 2597//2597
f 2556//2556 2597//2597 2557//2557
f 2557//2557 2597//2597 2598//2598
f 2557//2557 2598//2598 2558//2558
f 2558//2558 2598//2598 2599//2599
f 2558//2558 2599//2599 2559//2559
f 2559//2559 2599//2599 2600//2600
f 2559//2559 2600//2600 2560//2560
f 2560//2560 2600//2600 2601//2601
f 2560//2560 2601//2601 2561//2561
f 2561//2561 2601//2601 2602//2602
f 2561//2561 2602//2602 2562//2562
f 2562//2562 2602//2602 2603//2603
f 2562//2562 2603//2603 2563//2563
f 2563//2563 2603//2603 2604//2604
f 2563//2563 2604//2604 2564//2564
f 2564//2564 2604//2604 2605//2605
f 2564//2564 2605//2605 2565//2565
f 2565//2565 2605//2605 2606//2606
f 2565//2565 2606//2606 2566//2566
f 2566//2566 2606//2606 2607//2607
f 2566//2566 2607//2607 2567//2567
f 2567//2567 2607//2607 2608//2608
f 2567//2567 2608//2608 2568//2568
f 2568//2568 2608//2608 2609//2609
f 2568//2568 2609//2609 2569//2569
f 2569//2569 2609//2609 2610//2610
f 2570//2570 2611//2611 2571//2571
f 2571//2571 2611//2611 2612//2612
f 2571//2571 2612//2612 2572//2572
f 2572//2572 2612//2612 2613//2613
f 2572//2572 2613//2613 2573//2573
f 2573//2573 2613//2613 2614//2614
f 2573//2573 2614//2614 2574//2574
f 2574//2574 2614//2614 2615//2615
f 2574//2574 2615//2615 2575//2575
f 2575//2575 2615//2615 2616//2616
f 2575//2575 2616//2616 2576//2576
f 2576//2576 2616//2616 2617//2617
f 2576//2576 2617//2617 2577//2577
f 2577//2577 2617//2617 2618//2618
f 2577//2577 2618//2618 2578//2578
f 2578//2578 2618//2618 2619//2619
f 2578//2578 2619//2619 2579//2579
f 2579//2579 2619//2619 2620//2620
f 2579//2579 2620//2620 2580//2580
f 2580//2580 2620//2620 2621//2621
f 2580//2580 2621//2621 2581//2581
f 2581//2581 2621//2621 2622//2622
f 2581//2581 2622//2622 2582//2582
f 2582//2582 2622//2622 2623//2623
f 2582//2582 2623//2623 2583//2583
f 2583//2583 2623//2623 2624//2624
f 2583//2583 2624//2624 2584//2584
f 2584//2584 2624//2624 2625//2625
f 2584//2584 2625//2625 2585//2585
f 2585//2585 2625//2625 2626//2626
f 2585//2585 2626//2626 2586//2586
f 2586//2586 2626//2626 2627//2627
f 2586//2586 2627//2627 2587//2587
f 2587//2587 2627//2627 2628//2628
f 2587//2587 2628//2628 2588//2588
f 2588//2588 2628//2628 2629//2629
f 2588//2588 2629//2629 2589//2589
f 2589//2589 2629//2629 2630//2630
f 2589//2589 2630//2630 2590//2590
f 2590//2590 2630//2630 2631//2631
f 2590//2590 2631//2631 2591//2591
f 2591//2591 2631//2631 2632//2632
f 2591//2591 2632//2632 2592//2592
f 2592//2592 2632//2632 2633//2633
f 2592//2592 2633//2633 2593//2593
f 2593//2593 2633//2633 2634//2634
f 2593//2593 2634//2634 2594//2594
f 2594//2594 2634//2634 2635//2635
f 2594//2594 2635//2635 2595//2595
f 2595//2595 2635//2635 2636//2636
f 2595//2595 2636//2636 2596//2596
f 2596//2596 2636//2636 2637//2637
f 2596//2596 2637//2637 2597//2597
f 2597//2597 2637//2637 2638//2638
f 2597//2597 2638//2638 2598//2598
f 2598//2598 2638//2638 2639//2639
f 2598//2598 2639//2639 2599//2599
f 2599//2599 2639//2639 2640//2640
f 2599//2599 2640//2640 2600//2600
f 2600//2600 2640//2640 2641//2641
f 2600//2600 2641//2641 2601//2601
f 2601//2601 2641//2641 2642//2642
f 2601//2601 2642//2642 2602//2602
f 2602//2602 2642//2642 2643//2643
f 2602//2602 2643//2643 2603//2603
f 2603//2603 2643//2643 2644//2644
f 2603//2603 2644//2644 2604//2604
f 2604//2604 2644//2644 2645//2645
f 2604//2604 2645//2645 2605//2605
f 2605//2605 2645//2645 2646//2646
f 2605//2605 2646//2646 2606//2606
f 2606//2606 2646//2646 2647//2647
f 2606//2606 2647//2647 2607//2607
f 2607//2607 2647//2647 2648//2648
f 2607//2607 2648//2648 2608//2608
f 2608//2608 2648//2648 2649//2649
f 2608//2608 2649//2649 2609//2609
f 2609//2609 2649//2649 2650//2650
f 2609//2609 2650//2650 2610//2610
f 2610//2610 2650//2650 2651//2651
f 2611//2611 2652//2652 2612//2612
f 2612//2612 2652//2652 2653//2653
f 2612//2612 2653//2653 2613//2613
f 2613//2613 2653//2653 2654//2654
f 2613//2613 2654//2654 2614//2614
f 2614//2614 2654//2654 2655//2655
f 2614//2614 2655//2655 2615//2615
f 2615//2615 2655//2655 2656//2656
f 2615//2615 2656//2656 2616//2616
f 2616//2616 2656//2656 2657//2657
f 2616//2616 2657//2657 2617//2617
f 2617//2617 2657//2657 2658//2658
f 2617//2617 2658//2658 2618//2618
f 2618//2618 2658//2658 2659//2659
f 2618//2618 2659//2659 2619//2619
f 2619//2619 2659//2659 2660//2660
f 2619//2619 2660//2660 2620//2620
f 2620//2620 2660//2660 2661//2661
f 2620//2620 2661//2661 2621//2621
f 2621//2621 2661//2661 2662//2662
f 2621//2621 2662//2662 2622//2622
f 2622//2622 2662//2662 2663//2663
f 2622//2622 2663//2663 2623//2623
f 2623//2623 2663//2663 2664//2664
f 2623//2623 2664//2664 2624//2624
f 2624//2624 2664//2664 2665//2665
f 2624//2624 2665//2665 2625//2625
f 2625//2625 2665//2665 2666//2666
f 2625//2625 2666//2666 2626//2626
f 2626//2626 2666//2666 2667//2667
f 2626//2626 2667//2667 2627//2627
f 2627//2627 2667//2667 2668//2668
f 2627//2627 2668//2668 2628//2628
f 2628//2628 2668//2668 2669//2669
f 2628//2628 2669//2669 2629//2629
f 2629//2629 2669//2669 2670//2670
f 2629//2629 2670//2670 2630//2630
f 2630//2630 2670//2670 2671//2671
f 2630//2630 2671//2671 2631//2631
f 2631//2631 2671//2671 2672//2672
f 2631//2631 2672//2672 2632//2632
f 2632//2632 2672//2672 2673//2673
f 2632//2632 2673//2673 2633//2633
f 2633//2633 2673//2673 2674//2674
f 2633//2633 2674//2674 2634//2634
f 2634//2634 2674//2674 2675//2675
f 2634//2634 2675//2675 2635//2635
f 2635//2635 2675//2675 2676//2676
f 2635//2635 2676//2676 2636//2636
f 2636//2636 2676//2676 2677//2677
f 2636//2636 2677//2677 2637//2637
f 2637//2637 2677//2677 2678//2678
f 2637//2637 2678//2678 2638//2638
f 2638//2638 2678//2678 2679//2679
f 2638//2638 2679//2679 2639//2639
f 2639//2639 2679//2679 2680//2680
f 2639//2639 2680//2680 2640//2640
f 2640//2640 2680//2680 2681//2681
f 2640//2640 2681//2681 2641//2641
f 2641//2641 2681//2681 2682//2682
f 2641//2641 2682//2682 2642//2642
f 2642//2642 2682//2682 2683//2683
f 2642//2642 2683//2683 2643//2643
f 2643//2643 2683//2683 2684//2684
f 2643//2643 2684//2684 2644//2644
f 2644//2644 2684//2684 2685//2685
f 2644//2644 2685//2685 2645//2645
f 2645//2645 2685//2685 2686//2686
f 2645//2645 2686//2686 2646//2646
f 2646//2646 2686//2686 2687//2687
f 2646//2646 2687//2687 2647//2647
f 2647//2647 2687//2687 2688//2688
f 2647//2647 2688//2688 2648//2648
f 2648//2648 2688//2688 2689//2689
f 2648//2648 2689//2689 2649//2649
f 2649//2649 2689//2689 2690//2690
f 2649//2649 2690//2690 2650//2650
f 2650//2650 2690//2690 2691//2691
f 2650//2650 2691//2691 2651//2651
f 2651//2651 2691//2691 2692//2692
f 2652//2652 2693//2693 2653//2653
f 2653//2653 2693//2693 2694//2694
f 2653//2653 2694//2694 2654//2654
f 2654//2654 2694//2694 2695//2695
f 2654//2654 2695//2695 2655//2655
f 2655//2655 2695//2695 2696//2696
f 2655//2655 2696//2696 2656//2656
f 2656//2656 2696//2696 2697//2697
f 2656//2656 2697//2697 2657//2657
f 2657//2657 2697//2697 2698//2698
f 2657//2657 2698//2698 2658//2658
f 2658//2658 2698//2698 2699//2699
f 2658//2658 2699//2699 2659//2659
f 2659//2659 2699//2699 2700//2700
f 2659//2659 2700//2700 2660//2660
f 2660//2660 2700//2700 2701//2701
f 2660//2660 2701//2701 2661//2661
f 2661//2661 2701//2701 2702//2702
f 2661//2661 2702//2702 2662//2662
f 2662//2662 2702//2702 2703//2703
f 2662//2662 2703//2703 2663//2663
f 2663//2663 2703//2703 2704//2704
f 2663//2663 2704//2704 2664//2664
f 2664//2664 2704//2704 2705//2705
f 2664//2664 2705//2705 2665//2665
f 2665//2665 2705//2705 2706//2706
f 2665//2665 2706//2706 2666//2666
f 2666//2666 2706//2706 2707//2707
f 2666//2666 2707//2707 2667//2667
f 2667//2667 2707//2707 2708//2708
f 2667//2667 2708//2708 2668//2668
f 2668//2668 2708//2708 2709//2709
f 2668//2668 2709//2709 2669//2669
f 2669//2669 2709//2709 2710//2710
f 2669//2669 2710//2710 2670//2670
f 2670//2670 2710//2710 2711//2711
f 2670//2670 2711//2711 2671//2671
f 2671//2671 2711//2711 2712//2712
f 2671//2671 2712//2712 2672//2672
f 2672//2672 2712//2712 2713//2713
f 2672//2672 2713//2713 2673//2673
f 2673//2673 2713//2713 2714//2714
f 2673//2673 2714//2714 2674//2674
f 2674//2674 2714//2714 2715//2715
f 2674//2674 2715//2715 2675//2675
f 2675//2675 2715//2715 2716//2716
f 2675//2675 2716//2716 2676//2676
f 2676//2676 2716//2716 2717//2717
f 2676//2676 2717//2717 2677//2677
f 2677//2677 2717//2717 2718//2718
f 2677//2677 2718//2718 2678//2678
f 2678//2678 2718//2718 2719//2719
f 2678//2678 2719//2719 2679//2679
f 2679//2679 2719//2719 2720//2720
f 2679//2679 2720//2720 2680//2680
f 2680//2680 2720//2720 2721//2721
f 2680//2680 2721//2721 2681//2681
f 2681//2681 2721//2721 2722//2722
f 2681//2681 2722//2722 2682//2682
f 2682//2682 2722//2722 2723//2723
f 2682//2682 2723//2723 2683//2683
f 2683//2683 2723//2723 2724//2724
f 2683//2683 2724//2724 2684//2684
f 2684//2684 2724//2724 2725//2725
f 2684//2684 2725//2725 2685//2685
f 2685//2685 2725//2725 2726//2726
f 2685//2685 2726//2726 2686//2686
f 2686//2686 2726//2726 2727//2727
f 2686//2686 2727//2727 2687//2687
f 2687//2687 2727//2727 2728//2728
f 2687//2687 2728//2728 2688//2688
f 2688//2688 2728//2728 2729//2729
f 2688//2688 2729//2729 2689//2689
f 2689//2689 2729//2729 2730//2730
f 2689//2689 2730//2730 2690//2690
f 2690//2690 2730//2730 2731//2731
f 2690//2690 2731//2731 2691//2691
f 2691//2691 2731//2731 2732//2732
f 2691//2691 2732//2732 2692//2692
f 2692//2692 2732//2732 2733//2733
f 2693//2693 2734//2734 2694//2694
f 2694//2694 2734//2734 2735//2735
f 2694//2694 2735//2735 2695//2695
f 2695//2695 2735//2735 2736//2736
f 2695//2695 2736//2736 2696//2696
f 2696//2696 2736//2736 2737//2737
f 2696//2696 2737//2737 2697//2697
f 2697//2697 2737//2737 2738//2738
f 2697//2697 2738//2738 2698//2698
f 2698//2698 2738//2738 2739//2739
f 2698//2698 2739//2739 2699//2699
f 2699//2699 2739//2739 2740//2740
f 2699//2699 2740//2740 2700//2700
f 2700//2700 2740//2740 2741//2741
f 2700//2700 2741//2741 2701//2701
f 2701//2701 2741//2741 2742//2742
f 2701//2701 2742//2742 2702//2702
f 2702//2702 2742//2742 2743//2743
f 2702//2702 2743//2743 2703//2703
f 2703//2703 2743//2743 2744//2744
f 2703//2703 2744//2744 2704//2704
f 2704//2704 2744//2744 2745//2745
f 2704//2704 2745//2745 2705//2705
f 2705//2705 2745//2745 2746//2746
f 2705//2705 2746//2746 2706//2706
f 2706//2706 2746//2746 2747//2747
f 2706//2706 2747//2747 2707//2707
f 2707//2707 2747//2747 2748//2748
f 2707//2707 2748//2748 2708//2708
f 2708//2708 2748//2748 2749//2749
f 2708//2708 2749//2749 2709//2709
f 2709//2709 2749//2749 2750//2750
f 2709//2709 2750//2750 2710//2710
f 2710//2710 2750//2750 2751//2751
f 2710//2710 2751//2751 2711//2711
f 2711//2711 2751//2751 2752//2752
f 2711//2711 2752//2752 2712//2712
f 2712//2712 2752//2752 2753//2753
f 2712//2712 2753//2753 2713//2713
f 2713//2713 2753//2753 2754//2754
f 2713//2713 2754//2754 2714//2714
f 2714//2714 2754//2754 2755//2755
f 2714//2714 2755//2755 2715//2715
f 2715//2715 2755//2755 2756//2756
f 2715//2715 2756//2756 2716//2716
f 2716//2716 2756//2756 2757//2757
f 2716//2716 2757//2757 2717//2717
f 2717//2717 2757//2757 2758//2758
f 2717//2717 2758//2758 2718//2718
f 2718//2718 2758//2758 2759//2759
f 2718//2718 2759//2759 2719//2719
f 2719//2719 2759//2759 2760//2760
f 2719//2719 2760//2760 2720//2720
f 2720//2720 2760//2760 2761//2761
f 2720//2720 2761//2761 2721//2721
f 2721//2721 2761//2761 2762//2762
f 2721//2721 2762//2762 2722//2722
f 2722//2722 2762//2762 2763//2763
f 2722//2722 2763//2763 2723//2723
f 2723//2723 2763//2763 2764//2764
f 2723//2723 2764//2764 2724//2724
f 2724//2724 2764//2764 2765//2765
f 2724//2724 2765//2765 2725//2725
f 2725//2725 2765//2765 2766//2766
f 2725//2725 2766//2766 2726//2726
f 2726//2726 2766//2766 2767//2767
f 2726//2726 2767//2767 2727//2727
f 2727//2727 2767//2767 2768//2768
f 2727//2727 2768//2768 2728//2728
f 2728//2728 2768//2768 2769//2769
f 2728//2728 2769//2769 2729//2729
f 2729//2729 2769//2769 2770//2770
f 2729//2729 2770//2770 2730//2730
f 2730//2730 2770//2770 2771//2771
f 2730//2730 2771//2771 2731//2731
f 2731//2731 2771//2771 2772//2772
f 2731//2731 2772//2772 2732//2732
f 2732//2732 2772//2772 2773//2773
f 2732//2732 2773//2773 2733//2733
f 2733//2733 2773//2773 2774//2774
f 2734//2734 2775//2775 2735//2735
f 2735//2735 2775//2775 2776//2776
f 2735//2735 2776//2776 2736//2736
f 2736//2736 2776//2776 2777//2777
f 2736//2736 2777//2777 2737//2737
f 2737//2737 2777//2777 2778//2778
f 2737//2737 2778//2778 2738//2738
f 2738//2738 2778//2778 2779//2779
f 2738//2738 2779//2779 2739//2739
f 2739//2739 2779//2779 2780//2780
f 2739//2739 2780//2780 2740//2740
f 2740//2740 2780//2780 2781//2781
f 2740//2740 2781//2781 2741//2741
f 2741//2741 2781//2781 2782//2782
f 2741//2741 2782//2782 2742//2742
f 2742//2742 2782//2782 2783//2783
f 2742//2742 2783//2783 2743//2743
f 2743//2743 2783//2783 2784//2784
f 2743//2743 2784//2784 2744//2744
f 2744//2744 2784//2784 2785//2785
f 2744//2744 2785//2785 2745//2745
f 2745//2745 2785//2785 2786//2786
f 2745//2745 2786//2786 2746//2746
f 2746//2746 2786//2786 2787//2787
f 2746//2746 2787//2787 2747//2747
f 2747//2747 2787//2787 2788//2788
f 2747//2747 2788//2788 2748//2748
f 2748//2748 2788//2788 2789//2789
f 2748//2748 2789//2789 2749//2749
f 2749//2749 2789//2789 2790//2790
f 2749//2749 2790//2790 2750//2750
f 2750//2750 2790//2790 2791//2791
f 2750//2750 2791//2791 2751//2751
f 2751//2751 2791//2791 2792//2792
f 2751//2751 2792//2792 2752//2752
f 2752//2752 2792//2792 2793//2793
f 2752//2752 2793//2793 2753//2753
f 2753//2753 2793//2793 2794//2794
f 2753//2753 2794//2794 2754//2754
f 2754//2754 2794//2794 2795//2795
f 2754//2754 2795//2795 2755//2755
f 2755//2755 2795//2795 2796//2796
f 2755//2755 2796//2796 2756//2756
f 2756//2756 2796//2796 2797//2797
f 2756//2756 2797//2797 2757//2757
f 2757//2757 2797//2797 2798//2798
f 2757//2757 2798//2798 2758//2758
f 2758//2758 2798//2798 2799//2799
f 2758//2758 2799//2799 2759//2759
f 2759//2759 2799//2799 2800//2800
f 2759//2759 2800//2800 2760//2760
f 2760//2760 2800//2800 2801//2801
f 2760//2760 2801//2801 2761//2761
f 2761//2761 2801//2801 2802//2802
f 2761//2761 2802//2802 2762//2762
f 2762//2762 2802//2802 2803//2803
f 2762//2762 2803//2803 2763//2763
f 2763//2763 2803//2803 2804//2804
f 2763//2763 2804//2804 2764//2764
f 2764//2764 2804//2804 2805//2805
f 2764//2764 2805//2805 2765//2765
f 2765//2765 2805//2805 2806//2806
f 2765//2765 2806//2806 2766//2766
f 2766//2766 2806//2806 2807//2807
f 2766//2766 2807//2807 2767//2767
f 2767//2767 2807//2807 2808//2808
f 2767//2767 2808//2808 2768//2768
f 2768//2768 2808//2808 2809//2809
f 2768//2768 2809//2809 2769//2769
f 2769//2769 2809//2809 2810//2810
f 2769//2769 2810//2810 2770//2770
f 2770//2770 2810//2810 2811//2811
f 2770//2770 2811//2811 2771//2771
f 2771//2771 2811//2811 2812//2812
f 2771//2771 2812//2812 2772//2772
f 2772//2772 2812//2812 2813//2813
f 2772//2772 2813//2813 2773//2773
f 2773//2773 2813//2813 2814//2814
f 2773//2773 2814//2814 2774//2774
f 2774//2774 2814//2814 2815//2815
f 2775//2775 2816//2816 2776//2776
f 2776//2776 2816//2816 2817//2817
f 2776//2776 2817//2817 2777//2777
f 2777//2777 2817//2817 2818//2818
f 2777//2777 2818//2818 2778//2778
f 2778//2778 2818//2818 2819//2819
f 2778//2778 2819//2819 2779//2779
f 2779//2779 2819//2819 2820//2820
f 2779//2779 2820//2820 2780//2780
f 2780//2780 2820//2820 2821//2821
f 2780//2780 2821//2821 2781//2781
f 2781//2781 2821//2821 2822//2822
f 2781//2781 2822//2822 2782//2782
f 2782//2782 2822//2822 2823//2823
f 2782//2782 2823//2823 2783//2783
f 2783//2783 2823//2823 2824//2824
f 2783//2783 2824//2824 2784//2784
f 2784//2784 2824//2824 2825//2825
f 2784//2784 2825//2825 2785//2785
f 2785//2785 2825//2825 2826//2826
f 2785//2785 2826//2826 2786//2786
f 2786//2786 2826//2826 2827//2827
f 2786//2786 2827//2827 2787//2787
f 2787//2787 2827//2827 2828//2828
f 2787//2787 2828//2828 2788//2788
f 2788//2788 2828//2828 2829//2829
f 2788//2788 2829//2829 2789//2789
f 2789//2789 2829//2829 2830//2830
f 2789//2789 2830//2830 2790//2790
f 2790//2790 2830//2830 2831//2831
f 2790//2790 2831//2831 2791//2791
f 2791//2791 2831//2831 2832//2832
f 2791//2791 2832//2832 2792//2792
f 2792//2792 2832//2832 2833//2833
f 2792//2792 2833//2833 2793//2793
f 2793//2793 2833//2833 2834//2834
f 2793//2793 2834//2834 2794//2794
f 2794//2794 2834//2834 2835//2835
f 2794//2794 2835//2835 2795//2795
f 2795//2795 2835//2835 2836//2836
f 2795//2795 2836//2836 2796//2796
f 2796//2796 2836//2836 2837//2837
f 2796//2796 2837//2837 2797//2797
f 2797//2797 2837//2837 2838//2838
f 2797//2797 2838//2838 2798//2798
f 2798//2798 2838//2838 2839//2839
f 2798//2798 2839//2839 2799//2799
f 2799//2799 2839//2839 2840//2840
f 2799//2799 2840//2840 2800//2800
f 2800//2800 2840//2840 2841//2841
f 2800//2800 2841//2841 2801//2801
f 2801//2801 2841//2841 2842//2842
f 2801//2801 2842//2842 2802//2802
f 2802//2802 2842//2842 2843//2843
f 2802//2802 2843//2843 2803//2803
f 2803//2803 2843//2843 2844//2844
f 2803//2803 2844//2844 2804//2804
f 2804//2804 2844//2844 2845//2845
f 2804//2804 2845//2845 2805//2805
f 2805//2805 2845//2845 2846//2846
f 2805//2805 2846//2846 2806//2806
f 2806//2806 2846//2846 2847//2847
f 2806//2806 2847//2847 2807//2807
f 2807//2807 2847//2847 2848//2848
f 2807//2807 2848//2848 2808//2808
f 2808//2808 2848//2848 2849//2849
f 2808//2808 2849//2849 2809//2809
f 2809//2809 2849//2849 2850//2850
f 2809//2809 2850//2850 2810//2810
f 2810//2810 2850//2850 2851//2851
f 2810//2810 2851//2851 2811//2811
f 2811//2811 2851//2851 2852//2852
f 2811//2811 2852//2852 2812//2812
f 2812//2812 2852//2852 2853//2853
f 2812//2812 2853//2853 2813//2813
f 2813//2813 2853//2853 2854//2854
f 2813//2813 2854//2854 2814//2814
f 2814//2814 2854//2854 2855//2855
f 2814//2814 2855//2855 2815//2815
f 2815//2815 2855//2855 2856//2856
f 2857//2857 2898//2898 2858//2858
f 2858//2858 2898//2898 2899//2899
f 2858//2858 2899//2899 2859//2859
f 2859//2859 2899//2899 2900//2900
f 2859//2859 2900//2900 2860//2860
f 2860//2860 2900//2900 2901//2901
f 2860//2860 2901//2901 2861//2861
f 2861//2861 2901//2901 2902//2902
f 2861//2861 2902//2902 2862//2862
f 2862//2862 2902//2902 2903//2903
f 2862//2862 2903//2903 2863//2863
f 2863//2863 2903//2903 2904//2904
f 2863//2863 2904//2904 2864//2864
f 2864//2864 2904//2904 2905//2905
f 2864//2864 2905//2905 2865//2865
f 2865//2865 2905//2905 2906//2906
f 2865//2865 2906//2906 2866//2866
f 2866//2866 2906//2906 2907//2907
f 2866//2866 2907//2907 2867//2867
f 2867//2867 2907//2907 2908//2908
f 2867//2867 2908//2908 2868//2868
f 2868//2868 2908//2908 2909//2909
f 2868//2868 2909//2909 2869//2869
f 2869//2869 2909//2909 2910//2910
f 2869//2869 2910//2910 2870//2870
f 2870//2870 2910//2910 2911//2911
f 2870//2870 2911//2911 2871//2871
f 2871//2871 2911//2911 2912//2912
f 2871//2871 2912//2912 2872//2872
f 2872//2872 2912//2912 2913//2913
f 2872//2872 2913//2913 2873//2873
f 2873//2873 2913//2913 2914//2914
f 2873//2873 2914//2914 2874//2874
f 2874//2874 2914//2914 2915//2915
f 2874//2874 2915//2915 2875//2875
f 2875//2875 2915//2915 2916//2916
f 2875//2875 2916//2916 2876//2876
f 2876//2876 2916//2916 2917//2917
f 2876//2876 2917//2917 2877//2877
f 2877//2877 2917//2917 2918//2918
f 2877//2877 2918//2918 2878//2878
f 2878//2878 2918//2918 2919//2919
f 2878//2878 2919//2919 2879//2879
f 2879//2879 2919//2919 2920//2920
f 2879//2879 2920//2920 2880//2880
f 2880//2880 2920//2920 2921//2921
f 2880//2880 2921//2921 2881//2881
f 2881//2881 2921//2921 2922//2922
f 2881//2881 2922//2922 2882//2882
f 2882//2882 2922//2922 2923//2923
f 2882//2882 2923//2923 2883//2883
f 2883//2883 2923//2923 2924//2924
f 2883//2883 2924//2924 2884//2884
f 2884//2884 2924//2924 2925//2925
f 2884//2884 2925//2925 2885//2885
f 2885//2885 2925//2925 2926//2926
f 2885//2885 2926//2926 2886//2886
f 2886//2886 2926//2926 2927//2927
f 2886//2886 2927//2927 2887//2887
f 2887//2887 2927//2927 2928//2928
f 2887//2887 2928//2928 2888//2888
f 2888//2888 2928//2928 2929//2929
f 2888//2888 2929//2929 2889//2889
f 2889//2889 2929//2929 2930//2930
f 2889//2889 2930//2930 2890//2890
f 2890//2890 2930//2930 2931//2931
f 2890//2890 2931//2931 2891//2891
f 2891//2891 2931//2931 2932//2932
f 2891//2891 2932//2932 2892//2892
f 2892//2892 2932//2932 2933//2933
f 2892//2892 2933//2933 2893//2893
f 2893//2893 2933//2933 2934//2934
f 2893//2893 2934//2934 2894//2894
f 2894//2894 2934//2934 2935//2935
f 2894//2894 2935//2935 2895//2895
f 2895//2895 2935//2935 2936//2936
f 2895//2895 2936//2936 2896//2896
f 2896//2896 2936//2936 2937//2937
f 2896//2896 2937//2937 2897//2897
f 2897//2897 2937//2937 2938//2938
f 2898//2898 2939//2939 2899//2899
f 2899//2899 2939//2939 2940//2940
f 2899//2899 2940//2940 2900//2900
f 2900//2900 2940//2940 2941//2941
f 2900//2900 2941//2941 2901//2901
f 2901//2901 2941//2941 2942//2942
f 2901//2901 2942//2942 2902//2902
f 2902//2902 2942//2942 2943//2943
f 2902//2902 2943//2943 2903//2903
f 2903//2903 2943//2943 2944//2944
f 2903//2903 2944//2944 2904//2904
f 2904//2904 2944//2944 2945//2945
f 2904//2904 2945//2945 2905//2905
f 2905//2905 2945//2945 2946//2946
f 2905//2905 2946//2946 2906//2906
f 2906//2906 2946//2946 2947//2947
f 2906//2906 2947//2947 2907//2907
f 2907//2907 2947//2947 2948//2948
f 2907//2907 2948//2948 2908//2908
f 2908//2908 2948//2948 2949//2949
f 2908//2908 2949//2949 2909//2909
f 2909//2909 2949//2949 2950//2950
f 2909//2909 2950//2950 2910//2910
f 2910//2910 2950//2950 2951//2951
f 2910//2910 2951//2951 2911//2911
f 2911//2911 2951//2951 2952//2952
f 2911//2911 2952//2952 2912//2912
f 2912//2912 2952//2952 2953//2953
f 2912//2912 2953//2953 2913//2913
f 2913//2913 2953//2953 2954//2954
f 2913//2913 2954//2954 2914//2914
f 2914//2914 2954//2954 2955//2955
f 2914//2914 2955//2955 2915//2915
f 2915//2915 2955//2955 2956//2956
f 2915//2915 2956//2956 2916//2916
f 2916//2916 2956//2956 2957//2957
f 2916//2916 2957//2957 2917//2917
f 2917//2917 2957//2957 2958//2958
f 2917//2917 2958//2958 2918//2918
f 2918//2918 2958//2958 2959//2959
f 2918//2918 2959//2959 2919//2919
f 2919//2919 2959//2959 2960//2960
f 2919//2919 2960//2960 2920//2920
f 2920//2920 2960//2960 2961//2961
f 2920//2920 2961//2961 2921//2921
f 2921//2921 2961//2961 2962//2962
f 2921//2921 2962//2962 2922//2922
f 2922//2922 2962//2962 2963//2963
f 2922//2922 2963//2963 2923//2923
f 2923//2923 2963//2963 2964//2964
f 2923//2923 2964//2964 2924//2924
f 2924//2924 2964//2964 2965//2965
f 2924//2924 2965//2965 2925//2925
f 2925//2925 2965//2965 2966//2966
f 2925//2925 2966//2966 2926//2926
f 2926//2926 2966//2966 2967//2967
f 2926//2926 2967//2967 2927//2927
f 2927//2927 2967//2967 2968//2968
f 2927//2927 2968//2968 2928//2928
f 2928//2928 2968//2968 2969//2969
f 2928//2928 2969//2969 2929//2929
f 2929//2929 2969//2969 2970//2970
f 2929//2929 2970//2970 2930//2930
f 2930//2930 2970//2970 2971//2971
f 2930//2930 2971//2971 2931//2931
f 2931//2931 2971//2971 2972//2972
f 2931//2931 2972//2972 2932//2932
f 2932//2932 2972//2972 2973//2973
f 2932//2932 2973//2973 2933//2933
f 2933//2933 2973//2973 2974//2974
f 2933//2933 2974//2974 2934//2934
f 2934//2934 2974//2974 2975//2975
f 2934//2934 2975//2975 2935//2935
f 2935//2935 2975//2975 2976//2976
f 2935//2935 2976//2976 2936//2936
f 2936//2936 2976//2976 2977//2977
f 2936//2936 2977//2977 2937//2937
f 2937//2937 2977//2977 2978//2978
f 2937//2937 2978//2978 2938//2938
f 2938//2938 2978//2978 2979//2979
f 2939//2939 2980//2980 2940//2940
f 2940//2940 2980//2980 2981//2981
f 2940//2940 2981//2981 2941//2941
f 2941//2941 2981//2981 2982//2982
f 2941//2941 2982//2982 2942//2942
f 2942//2942 2982//2982 2983//2983
f 2942//2942 2983//2983 2943//2943
f 2943//2943 2983//2983 2984//2984
f 2943//2943 2984//2984 2944//2944
f 2944//2944 2984//2984 2985//2985
f 2944//2944 2985//2985 2945//2945
f 2945//2945 2985//2985 2986//2986
f 2945//2945 2986//2986 2946//2946
f 2946//2946 2986//2986 2987//2987
f 2946//2946 2987//2987 2947//2947
f 2947//2947 2987//2987 2988//2988
f 2947//2947 2988//2988 2948//2948
f 2948//2948 2988//2988 2989//2989
f 2948//2948 2989//2989 2949//2949
f 2949//2949 2989//2989 2990//2990
f 2949//2949 2990//2990 2950//2950
f 2950//2950 2990//2990 2991//2991
f 2950//2950 2991//2991 2951//2951
f 2951//2951 2991//2991 2992//2992
f 2951//2951 2992//2992 2952//2952
f 2952//2952 2992//2992 2993//2993
f 2952//2952 2993//2993 2953//2953
f 2953//2953 2993//2993 2994//2994
f 2953//2953 2994//2994 2954//2954
f 2954//2954 2994//2994 2995//2995
f 2954//2954 2995//2995 2955//2955
f 2955//2955 2995//2995 2996//2996
f 2955//2955 2996//2996 2956//2956
f 2956//2956 2996//2996 2997//2997
f 2956//2956 2997//2997 2957//2957
f 2957//2957 2997//2997 2998//2998
f 2957//2957 2998//2998 2958//2958
f 2958//2958 2998//2998 2999//2999
f 2958//2958 2999//2999 2959//2959
f 2959//2959 2999//2999 3000//3000
f 2959//2959 3000//3000 2960//2960
f 2960//2960 3000//3000 3001//3001
f 2960//2960 3001//3001 2961//2961
f 2961//2961 3001//3001 3002//3002
f 2961//2961 3002//3002 2962//2962
f 2962//2962 3002//3002 3003//3003
f 2962//2962 3003//3003 2963//2963
f 2963//2963 3003//3003 3004//3004
f 2963//2963 3004//3004 2964//2964
f 2964//2964 3004//3004 3005//3005
f 2964//2964 3005//3005 2965//2965
f 2965//2965 3005//3005 3006//3006
f 2965//2965 3006//3006 2966//2966
f 2966//2966 3006//3006 3007//3007
f 2966//2966 3007//3007 2967//2967
f 2967//2967 3007//3007 3008//3008
f 2967//2967 3008//3008 2968//2968
f 2968//2968 3008//3008 3009//3009
f 2968//2968 3009//3009 2969//2969
f 2969//2969 3009//3009 3010//3010
f 2969//2969 3010//3010 2970//2970
f 2970//2970 3010//3010 3011//3011
f 2970//2970 3011//3011 2971//2971
f 2971//2971 3011//3011 3012//3012
f 2971//2971 3012//3012 2972//2972
f 2972//2972 3012//3012 3013//3013
f 2972//2972 3013//3013 2973//2973
f 2973//2973 3013//3013 3014//3014
f 2973//2973 3014//3014 2974//2974
f 2974//2974 3014//3014 3015//3015
f 2974//2974 3015//3015 2975//2975
f 2975//2975 3015//3015 3016//3016
f 2975//2975 3016//3016 2976//2976
f 2976//2976 3016//3016 3017//3017
f 2976//2976 3017//3017 2977//2977
f 2977//2977 3017//3017 3018//3018
f 2977//2977 3018//3018 2978//2978
f 2978//2978 3018//3018 3019//3019
f 2978//2978 3019//3019 2979//2979
f 2979//2979 3019//3019 3020//3020
f 2980//2980 3021//3021 2981//2981
f 2981//2981 3021//3021 3022//3022
f 2981//2981 3022//3022 2982//2982
f 2982//2982 3022//3022 3023//3023
f 2982//2982 3023//3023 2983//2983
f 2983//2983 3023//3023 3024//3024
f 2983//2983 3024//3024 2984//2984
f 2984//2984 3024//3024 3025//3025
f 2984//2984 3025//3025 2985//2985
f 2985//2985 3025//3025 3026//3026
f 2985//2985 3026//3026 2986//2986
f 2986//2986 3026//3026 3027//3027
f 2986//2986 3027//3027 2987//2987
f 2987//2987 3027//3027 3028//3028
f 2987//2987 3028//3028 2988//2988
f 2988//2988 3028//3028 3029//3029
f 2988//2988 3029//3029 2989//2989
f 2989//2989 3029//3029 3030//3030
f 2989//2989 3030//3030 2990//2990
f 2990//2990 3030//3030 3031//3031
f 2990//2990 3031//3031 2991//2991
f 2991//2991 3031//3031 3032//3032
f 2991//2991 3032//3032 2992//2992
f 2992//2992 3032//3032 3033//3033
f 2992//2992 3033//3033 2993//2993
f 2993//2993 3033//3033 3034//3034
f 2993//2993 3034//3034 2994//2994
f 2994//2994 3034//3034 3035//3035
f 2994//2994 3035//3035 2995//2995
f 2995//2995 3035//3035 3036//3036
f 2995//2995 3036//3036 2996//2996
f 2996//2996 3036//3036 3037//3037
f 2996//2996 3037//3037 2997//2997
f 2997//2997 3037//3037 3038//3038
f 2997//2997 3038//3038 2998//2998
f 2998//2998 3038//3038 3039//3039
f 2998//2998 3039//3039 2999//2999
f 2999//2999 3039//3039 3040//3040
f 2999//2999 3040//3040 3000//3000
f 3000//3000 3040//3040 3041//3041
f 3000//3000 3041//3041 3001//3001
f 3001//3001 3041//3041 3042//3042
f 3001//3001 3042//3042 3002//3002
f 3002//3002 3042//3042 3043//3043
f 3002//3002 3043//3043 3003//3003
f 3003//3003 3043//3043 3044//3044
f 3003//3003 3044//3044 3004//3004
f 3004//3004 3044//3044 3045//3045
f 3004//3004 3045//3045 3005//3005
f 3005//3005 3045//3045 3046//3046
f 3005//3005 3046//3046 3006//3006
f 3006//3006 3046//3046 3047//3047
f 3006//3006 3047//3047 3007//3007
f 3007//3007 3047//3047 3048//3048
f 3007//3007 3048//3048 3008//3008
f 3008//3008 3048//3048 3049//3049
f 3008//3008 3049//3049 3009//3009
f 3009//3009 3049//3049 3050//3050
f 3009//3009 3050//3050 3010//3010
f 3010//3010 3050//3050 3051//3051
f 3010//3010 3051//3051 3011//3011
f 3011//3011 3051//3051 3052//3052
f 3011//3011 3052//3052 3012//3012
f 3012//3012 3052//3052 3053//3053
f 3012//3012 3053//3053 3013//3013
f 3013//3013 3053//3053 3054//3054
f 3013//3013 3054//3054 3014//3014
f 3014//3014 3054//3054 3055//3055
f 3014//3014 3055//3055 3015//3015
f 3015//3015 3055//3055 3056//3056
f 3015//3015 3056//3056 3016//3016
f 3016//3016 3056//3056 3057//3057
f 3016//3016 3057//3057 3017//3017
f 3017//3017 3057//3057 3058//3058
f 3017//3017 3058//3058 3018//3018
f 3018//3018 3058//3058 3059//3059
f 3018//3018 3059//3059 3019//3019
f 3019//3019 3059//3059 3060//3060
f 3019//3019 3060//3060 3020//3020
f 3020//3020 3060//3060 3061//3061
f 3021//3021 3062//3062 3022//3022
f 3022//3022 3062//3062 3063//3063
f 3022//3022 3063//3063 3023//3023
f 3023//3023 3063//3063 3064//3064
f 3023//3023 3064//3064 3024//3024
f 3024//3024 3064//3064 3065//3065
f 3024//3024 3065//3065 3025//3025
f 3025//3025 3065//3065 3066//3066
f 3025//3025 3066//3066 3026//3026
f 3026//3026 3066//3066 3067//3067
f 3026//3026 3067//3067 3027//3027
f 3027//3027 3067//3067 3068//3068
f 3027//3027 3068//3068 3028//3028
f 3028//3028 3068//3068 3069//3069
f 3028//3028 3069//3069 3029//3029
f 3029//3029 3069//3069 3070//3070
f 3029//3029 3070//3070 3030//3030
f 3030//3030 3070//3070 3071//3071
f 3030//3030 3071//3071 3031//3031
f 3031//3031 3071//3071 3072//3072
f 3031//3031 3072//3072 3032//3032
f 3032//3032 3072//3072 3073//3073
f 3032//3032 3073//3073 3033//3033
f 3033//3033 3073//3073 3074//3074
f 3033//3033 3074//3074 3034//3034
f 3034//3034 3074//3074 3075//3075
f 3034//3034 3075//3075 3035//3035
f 3035//3035 3075//3075 3076//3076
f 3035//3035 3076//3076 3036//3036
f 3036//3036 3076//3076 3077//3077
f 3036//3036 3077//3077 3037//3037
f 3037//3037 3077//3077 3078//3078
f 3037//3037 3078//3078 3038//3038
f 3038//3038 3078//3078 3079//3079
f 3038//3038 3079//3079 3039//3039
f 3039//3039 3079//3079 3080//3080
f 3039//3039 3080//3080 3040//3040
f 3040//3040 3080//3080 3081//3081
f 3040//3040 3081//3081 3041//3041
f 3041//3041 3081//3081 3082//3082
f 3041//3041 3082//3082 3042//3042
f 3042//3042 3082//3082 3083//3083
f 3042//3042 3083//3083 3043//3043
f 3043//3043 3083//3083 3084//3084
f 3043//3043 3084//3084 3044//3044
f 3044//3044 3084//3084 3085//3085
f 3044//3044 3085//3085 3045//3045
f 3045//3045 3085//3085 3086//3086
f 3045//3045 3086//3086 3046//3046
f 3046//3046 3086//3086 3087//3087
f 3046//3046 3087//3087 3047//3047
f 3047//3047 3087//3087 3088//3088
f 3047//3047 3088//3088 3048//3048
f 3048//3048 3088//3088 3089//3089
f 3048//3048 3089//3089 3049//3049
f 3049//3049 3089//3089 3090//3090
f 3049//3049 3090//3090 3050//3050
f 3050//3050 3090//3090 3091//3091
f 3050//3050 3091//3091 3051//3051
f 3051//3051 3091//3091 3092//3092
f 3051//3051 3092//3092 3052//3052
f 3052//3052 3092//3092 3093//3093
f 3052//3052 3093//3093 3053//3053
f 3053//3053 3093//3093 3094//3094
f 3053//3053 3094//3094 3054//3054
f 3054//3054 3094//3094 3095//3095
f 3054//3054 3095//3095 3055//3055
f 3055//3055 3095//3095 3096//3096
f 3055//3055 3096//3096 3056//3056
f 3056//3056 3096//3096 3097//3097
f 3056//3056 3097//3097 3057//3057
f 3057//3057 3097//3097 3098//3098
f 3057//3057 3098//3098 3058//3058
f 3058//3058 3098//3098 3099//3099
f 3058//3058 3099//3099 3059//3059
f 3059//3059 3099//3099 3100//3100
f 3059//3059 3100//3100 3060//3060
f 3060//3060 3100//3100 3101//3101
f 3060//3060 3101//3101 3061//3061
f 3061//3061 3101//3101 3102//3102
f 3062//3062 3103//3103 3063//3063
f 3063//3063 3103//3103 3104//3104
f 3063//3063 3104//3104 3064//3064
f 3064//3064 3104//3104 3105//3105
f 3064//3064 3105//3105 3065//3065
f 3065//3065 3105//3105 3106//3106
f 3065//3065 3106//3106 3066//3066
f 3066//3066 3106//3106 3107//3107
f 3066//3066 3107//3107 3067//3067
f 3067//3067 3107//3107 3108//3108
f 3067//3067 3108//3108 3068//3068
f 3068//3068 3108//3108 3109//3109
f 3068//3068 3109//3109 3069//3069
f 3069//3069 3109//3109 3110//3110
f 3069//3069 3110//3110 3070//3070
f 3070//3070 3110//3110 3111//3111
f 3070//3070 3111//3111 3071//3071
f 3071//3071 3111//3111 3112//3112
f 3071//3071 3112//3112 3072//3072
f 3072//3072 3112//3112 3113//3113
f 3072//3072 3113//3113 3073//3073
f 3073//3073 3113//3113 3114//3114
f 3073//3073 3114//3114 3074//3074
f 3074//3074 3114//3114 3115//3115
f 3074//3074 3115//3115 3075//3075
f 3075//3075 3115//3115 3116//3116
f 3075//3075 3116//3116 3076//3076
f 3076//3076 3116//3116 3117//3117
f 3076//3076 3117//3117 3077//3077
f 3077//3077 3117//3117 3118//3118
f 3077//3077 3118//3118 3078//3078
f 3078//3078 3118//3118 3119//3119
f 3078//3078 3119//3119 3079//3079
f 3079//3079 3119//3119 3120//3120
f 3079//3079 3120//3120 3080//3080
f 3080//3080 3120//3120 3121//3121
f 3080//3080 3121//3121 3081//3081
f 3081//3081 3121//3121 3122//3122
f 3081//3081 3122//3122 3082//3082
f 3082//3082 3122//3122 3123//3123
f 3082//3082 3123//3123 3083//3083
f 3083//3083 3123//3123 3124//3124
f 3083//3083 3124//3124 3084//3084
f 3084//3084 3124//3124 3125//3125
f 3084//3084 3125//3125 3085//3085
f 3085//3085 3125//3125 3126//3126
f 3085//3085 3126//3126 3086//3086
f 3086//3086 3126//3126 3127//3127
f 3086//3086 3127//3127 3087//3087
f 3087//3087 3127//3127 3128//3128
f 3087//3087 3128//3128 3088//3088
f 3088//3088 3128//3128 3129//3129
f 3088//3088 3129//3129 3089//3089
f 3089//3089 3129//3129 3130//3130
f 3089//3089 3130//3130 3090//3090
f 3090//3090 3130//3130 3131//3131
f 3090//3090 3131//3131 3091//3091
f 3091//3091 3131//3131 3132//3132
f 3091//3091 3132//3132 3092//3092
f 3092//3092 3132//3132 3133//3133
f 3092//3092 3133//3133 3093//3093
f 3093//3093 3133//3133 3134//3134
f 3093//3093 3134//3134 3094//3094
f 3094//3094 3134//3134 3135//3135
f 3094//3094 3135//3135 3095//3095
f 3095//3095 3135//3135 3136//3136
f 3095//3095 3136//3136 3096//3096
f 3096//3096 3136//3136 3137//3137
f 3096//3096 3137//3137 3097//3097
f 3097//3097 3137//3137 3138//3138
f 3097//3097 3138//3138 3098//3098
f 3098//3098 3138//3138 3139//3139
f 3098//3098 3139//3139 3099//3099
f 3099//3099 3139//3139 3140//3140
f 3099//3099 3140//3140 3100//3100
f 3100//3100 3140//3140 3141//3141
f 3100//3100 3141//3141 3101//3101
f 3101//3101 3141//3141 3142//3142
f 3101//3101 3142//3142 3102//3102
f 3102//3102 3142//3142 3143//3143
f 3103//3103 3144//3144 3104//3104
f 3104//3104 3144//3144 3145//3145
f 3104//3104 3145//3145 3105//3105
f 3105//3105 3145//3145 3146//3146
f 3105//3105 3146//3146 3106//3106
f 3106//3106 3146//3146 3147//3147
f 3106//3106 3147//3147 3107//3107
f 3107//3107 3147//3147 3148//3148
f 3107//3107 3148//3148 3108//3108
f 3108//3108 3148//3148 3149//3149
f 3108//3108 3149//3149 3109//3109
f 3109//3109 3149//3149 3150//3150
f 3109//3109 3150//3150 3110//3110
f 3110//3110 3150//3150 3151//3151
f 3110//3110 3151//3151 3111//3111
f 3111//3111 3151//3151 3152//3152
f 3111//3111 3152//3152 3112//3112
f 3112//3112 3152//3152 3153//3153
f 3112//3112 3153//3153 3113//3113
f 3113//3113 3153//3153 3154//3154
f 3113//3113 3154//3154 3114//3114
f 3114//3114 3154//3154 3155//3155
f 3114//3114 3155//3155 3115//3115
f 3115//3115 3155//3155 3156//3156
f 3115//3115 3156//3156 3116//3116
f 3116//3116 3156//3156 3157//3157
f 3116//3116 3157//3157 3117//3117
f 3117//3117 3157//3157 3158//3158
f 3117//3117 3158//3158 3118//3118
f 3118//3118 3158//3158 3159//3159
f 3118//3118 3159//3159 3119//3119
f 3119//3119 3159//3159 3160//3160
f 3119//3119 3160//3160 3120//3120
f 3120//3120 3160//3160 3161//3161
f 3120//3120 3161//3161 3121//3121
f 3121//3121 3161//3161 3162//3162
f 3121//3121 3162//3162 3122//3122
f 3122//3122 3162//3162 3163//3163
f 3122//3122 3163//3163 3123//3123
f 3123//3123 3163//3163 3164//3164
f 3123//3123 3164//3164 3124//3124
f 3124//3124 3164//3164 3165//3165
f 3124//3124 3165//3165 3125//3125
f 3125//3125 3165//3165 3166//3166
f 3125//3125 3166//3166 3126//3126
f 3126//3126 3166//3166 3167//3167
f 3126//3126 3167//3167 3127//3127
f 3127//3127 3167//3167 3168//3168
f 3127//3127 3168//3168 3128//3128
f 3128//3128 3168//3168 3169//3169
f 3128//3128 3169//3169 3129//3129
f 3129//3129 3169//3169 3170//3170
f 3129//3129 3170//3170 3130//3130
f 3130//3130 3170//3170 3171//3171
f 3130//3130 3171//3171 3131//3131
f 3131//3131 3171//3171 3172//3172
f 3131//3131 3172//3172 3132//3132
f 3132//3132 3172//3172 3173//3173
f 3132//3132 3173//3173 3133//3133
f 3133//3133 3173//3173 3174//3174
f 3133//3133 3174//3174 3134//3134
f 3134//3134 3174//3174 3175//3175
f 3134//3134 3175//3175 3135//3135
f 3135//3135 3175//3175 3176//3176
f 3135//3135 3176//3176 3136//3136
f 3136//3136 3176//3176 3177//3177
f 3136//3136 3177//3177 3137//3137
f 3137//3137 3177//3177 3178//3178
f 3137//3137 3178//3178 3138//3138
f 3138//3138 3178//3178 3179//3179
f 3138//3138 3179//3179 3139//3139
f 3139//3139 3179//3179 3180//3180
f 3139//3139 3180//3180 3140//3140
f 3140//3140 3180//3180 3181//3181
f 3140//3140 3181//3181 3141//3141
f 3141//3141 3181//3181 3182//3182
f 3141//3141 3182//3182 3142//3142
f 3142//3142 3182//3182 3183//3183
f 3142//3142 3183//3183 3143//3143
f 3143//3143 3183//3183 3184//3184
f 3144//3144 3185//3185 3145//3145
f 3145//3145 3185//3185 3186//3186
f 3145//3145 3186//3186 3146//3146
f 3146//3146 3186//3186 3187//3187
f 3146//3146 3187//3187 3147//3147
f 3147//3147 3187//3187 3188//3188
f 3147//3147 3188//3188 3148//3148
f 3148//3148 3188//3188 3189//3189
f 3148//3148 3189//3189 3149//3149
f 3149//3149 3189//3189 3190//3190
f 3149//3149 3190//3190 3150//3150
f 3150//3150 3190//3190 3191//3191
f 3150//3150 3191//3191 3151//3151
f 3151//3151 3191//3191 3192//3192
f 3151//3151 3192//3192 3152//3152
f 3152//3152 3192//3192 3193//3193
f 3152//3152 3193//3193 3153//3153
f 3153//3153 3193//3193 3194//3194
f 3153//3153 3194//3194 3154//3154
f 3154//3154 3194//3194 3195//3195
f 3154//3154 3195//3195 3155//3155
f 3155//3155 3195//3195 3196//3196
f 3155//3155 3196//3196 3156//3156
f 3156//3156 3196//3196 3197//3197
f 3156//3156 3197//3197 3157//3157
f 3157//3157 3197//3197 3198//3198
f 3157//3157 3198//3198 3158//3158
f 3158//3158 3198//3198 3199//3199
f 3158//3158 3199//3199 3159//3159
f 3159//3159 3199//3199 3200//3200
f 3159//3159 3200//3200 3160//3160
f 3160//3160 3200//3200 3201//3201
f 3160//3160 3201//3201 3161//3161
f 3161//3161 3201//3201 3202//3202
f 3161//3161 3202//3202 3162//3162
f 3162//3162 3202//3202 3203//3203
f 3162//3162 3203//3203 3163//3163
f 3163//3163 3203//3203 3204//3204
f 3163//3163 3204//3204 3164//3164
f 3164//3164 3204//3204 3205//3205
f 3164//3164 3205//3205 3165//3165
f 3165//3165 3205//3205 3206//3206
f 3165//3165 3206//3206 3166//3166
f 3166//3166 3206//3206 3207//3207
f 3166//3166 3207//3207 3167//3167
f 3167//3167 3207//3207 3208//3208
f 3167//3167 3208//3208 3168//3168
f 3168//3168 3208//3208 3209//3209
f 3168//3168 3209//3209 3169//3169
f 3169//3169 3209//3209 3210//3210
f 3169//3169 3210//3210 3170//3170
f 3170//3170 3210//3210 3211//3211
f 3170//3170 3211//3211 3171//3171
f 3171//3171 3211//3211 3212//3212
f 3171//3171 3212//3212 3172//3172
f 3172//3172 3212//3212 3213//3213
f 3172//3172 3213//3213 3173//3173
f 3173//3173 3213//3213 3214//3214
f 3173//3173 3214//3214 3174//3174
f 3174//3174 3214//3214 3215//3215
f 3174//3174 3215//3215 3175//3175
f 3175//3175 3215//3215 3216//3216
f 3175//3175 3216//3216 3176//3176
f 3176//3176 3216//3216 3217//3217
f 3176//3176 3217//3217 3177//3177
f 3177//3177 3217//3217 3218//3218
f 3177//3177 3218//3218 3178//3178
f 3178//3178 3218//3218 3219//3219
f 3178//3178 3219//3219 3179//3179
f 3179//3179 3219//3219 3220//3220
f 3179//3179 3220//3220 3180//3180
f 3180//3180 3220//3220 3221//3221
f 3180//3180 3221//3221 3181//3181
f 3181//3181 3221//3221 3222//3222
f 3181//3181 3222//3222 3182//3182
f 3182//3182 3222//3222 3223//3223
f 3182//3182 3223//3223 3183//3183
f 3183//3183 3223//3223 3224//3224
f 3183//3183 3224//3224 3184//3184
f 3184//3184 3224//3224 3225//3225
f 3185//3185 3226//3226 3186//3186
f 3186//3186 3226//3226 3227//3227
f 3186//3186 3227//3227 3187//3187
f 3187//3187 3227//3227 3228//3228
f 3187//3187 3228//3228 3188//3188
f 3188//3188 3228//3228 3229//3229
f 3188//3188 3229//3229 3189//3189
f 3189//3189 3229//3229 3230//3230
f 3189//3189 3230//3230 3190//3190
f 3190//3190 3230//3230 3231//3231
f 3190//3190 3231//3231 3191//3191
f 3191//3191 3231//3231 3232//3232
f 3191//3191 3232//3232 3192//3192
f 3192//3192 3232//3232 3233//3233
f 3192//3192 3233//3233 3193//3193
f 3193//3193 3233//3233 3234//3234
f 3193//3193 3234//3234 3194//3194
f 3194//3194 3234//3234 3235//3235
f 3194//3194 3235//3235 3195//3195
f 3195//3195 3235//3235 3236//3236
f 3195//3195 3236//3236 3196//3196
f 3196//3196 3236//3236 3237//3237
f 3196//3196 3237//3237 3197//3197
f 3197//3197 3237//3237 3238//3238
f 3197//3197 3238//3238 3198//3198
f 3198//3198 3238//3238 3239//3239
f 3198//3198 3239//3239 3199//3199
f 3199//3199 3239//3239 3240//3240
f 3199//3199 3240//3240 3200//3200
f 3200//3200 3240//3240 3241//3241
f 3200//3200 3241//3241 3201//3201
f 3201//3201 3241//3241 3242//3242
f 3201//3201 3242//3242 3202//3202
f 3202//3202 3242//3242 3243//3243
f 3202//3202 3243//3243 3203//3203
f 3203//3203 3243//3243 3244//3244
f 3203//3203 3244//3244 3204//3204
f 3204//3204 3244//3244 3245//3245
f 3204//3204 3245//3245 3205//3205
f 3205//3205 3245//3245 3246//3246
f 3205//3205 3246//3246 3206//3206
f 3206//3206 3246//3246 3247//3247
f 3206//3206 3247//3247 3207//3207
f 3207//3207 3247//3247 3248//3248
f 3207//3207 3248//3248 3208//3208
f 3208//3208 3248//3248 3249//3249
f 3208//3208 3249//3249 3209//3209
f 3209//3209 3249//3249 3250//3250
f 3209//3209 3250//3250 3210//3210
f 3210//3210 3250//3250 3251//3251
f 3210//3210 3251//3251 3211//3211
f 3211//3211 3251//3251 3252//3252
f 3211//3211 3252//3252 3212//3212
f 3212//3212 3252//3252 3253//3253
f 3212//3212 3253//3253 3213//3213
f 3213//3213 3253//3253 3254//3254
f 3213//3213 3254//3254 3214//3214
f 3214//3214 3254//3254 3255//3255
f 3214//3214 3255//3255 3215//3215
f 3215//3215 3255//3255 3256//3256
f 3215//3215 3256//3256 3216//3216
f 3216//3216 3256//3256 3257//3257
f 3216//3216 3257//3257 3217//3217
f 3217//3217 3257//3257 3258//3258
f 3217//3217 3258//3258 3218//3218
f 3218//3218 3258//3258 3259//3259
f 3218//3218 3259//3259 3219//3219
f 3219//3219 3259//3259 3260//3260
f 3219//3219 3260//3260 3220//3220
f 3220//3220 3260//3260 3261//3261
f 3220//3220 3261//3261 3221//3221
f 3221//3221 3261//3261 3262//3262
f 3221//3221 3262//3262 3222//3222
f 3222//3222 3262//3262 3263//3263
f 3222//3222 3263//3263 3223//3223
f 3223//3223 3263//3263 3264//3264
f 3223//3223 3264//3264 3224//3224
f 3224//3224 3264//3264 3265//3265
f 3224//3224 3265//3265 3225//3225
f 3225//3225 3265//3265 3266//3266
f 3267//3267 3308//3308 3268//3268
f 3268//3268 3308//3308 3309//3309
f 3268//3268 3309//3309 3269//3269
f 3269//3269 3309//3309 3310//3310
f 3269//3269 3310//3310 3270//3270
f 3270//3270 3310//3310 3311//3311
f 3270//3270 3311//3311 3271//3271
f 3271//3271 3311//3311 3312//3312
f 3271//3271 3312//3312 3272//3272
f 3272//3272 3312//3312 3313//3313
f 3272//3272 3313//3313 3273//3273
f 3273//3273 3313//3313 3314//3314
f 3273//3273 3314//3314 3274//3274
f 3274//3274 3314//3314 3315//3315
f 3274//3274 3315//3315 3275//3275
f 3275//3275 3315//3315 3316//3316
f 3275//3275 3316//3316 3276//3276
f 3276//3276 3316//3316 3317//3317
f 3276//3276 3317//3317 3277//3277
f 3277//3277 3317//3317 3318//3318
f 3277//3277 3318//3318 3278//3278
f 3278//3278 3318//3318 3319//3319
f 3278//3278 3319//3319 3279//3279
f 3279//3279 3319//3319 3320//3320
f 3279//3279 3320//3320 3280//3280
f 3280//3280 3320//3320 3321//3321
f 3280//3280 3321//3321 3281//3281
f 3281//3281 3321//3321 3322//3322
f 3281//3281 3322//3322 3282//3282
f 3282//3282 3322//3322 3323//3323
f 3282//3282 3323//3323 3283//3283
f 3283//3283 3323//3323 3324//3324
f 3283//3283 3324//3324 3284//3284
f 3284//3284 3324//3324 3325//3325
f 3284//3284 3325//3325 3285//3285
f 3285//3285 3325//3325 3326//3326
f 3285//3285 3326//3326 3286//3286
f 3286//3286 3326//3326 3327//3327
f 3286//3286 3327//3327 3287//3287
f 3287//3287 3327//3327 3328//3328
f 3287//3287 3328//3328 3288//3288
f 3288//3288 3328//3328 3329//3329
f 3288//3288 3329//3329 3289//3289
f 3289//3289 3329//3329 3330//3330
f 3289//3289 3330//3330 3290//3290
f 3290//3290 3330//3330 3331//3331
f 3290//3290 3331//3331 3291//3291
f 3291//3291 3331//3331 3332//3332
f 3291//3291 3332//3332 3292//3292
f 3292//3292 3332//3332 3333//3333
f 3292//3292 3333//3333 3293//3293
f 3293//3293 3333//3333 3334//3334
f 3293//3293 3334//3334 3294//3294
f 3294//3294 3334//3334 3335//3335
f 3294//3294 3335//3335 3295//3295
f 3295//3295 3335//3335 3336//3336
f 3295//3295 3336//3336 3296//3296
f 3296//3296 3336//3336 3337//3337
f 3296//3296 3337//3337 3297//3297
f 3297//3297 3337//3337 3338//3338
f 3297//3297 3338//3338 3298//3298
f 3298//3298 3338//3338 3339//3339
f 3298//3298 3339//3339 3299//3299
f 3299//3299 3339//3339 3340//3340
f 3299//3299 3340//3340 3300//3300
f 3300//3300 3340//3340 3341//3341
f 3300//3300 3341//3341 3301//3301
f 3301//3301 3341//3341 3342//3342
f 3301//3301 3342//3342 3302//3302
f 3302//3302 3342//3342 3343//3343
f 3302//3302 3343//3343 3303//3303
f 3303//3303 3343//3343 3344//3344
f 3303//3303 3344//3344 3304//3304
f 3304//3304 3344//3344 3345//3345
f 3304//3304 3345//3345 3305//3305
f 3305//3305 3345//3345 3346//3346
f 3305//3305 3346//3346 3306//3306
f 3306//3306 3346//3346 3347//3347
f 3306//3306 3347//3347 3307//3307
f 3307//3307 3347//3347 3348//3348
f 3308//3308 3349//3349 3309//3309
f 3309//3309 3349//3349 3350//3350
f 3309//3309 3350//3350 3310//3310
f 3310//3310 3350//3350 3351//3351
f 3310//3310 3351//3351 3311//3311
f 3311//3311 3351//3351 3352//3352
f 3311//3311 3352//3352 3312//3312
f 3312//3312 3352//3352 3353//3353
f 3312//3312 3353//3353 3313//3313
f 3313//3313 3353//3353 3354//3354
f 3313//3313 3354//3354 3314//3314
f 3314//3314 3354//3354 3355//3355
f 3314//3314 3355//3355 3315//3315
f 3315//3315 3355//3355 3356//3356
f 3315//3315 3356//3356 3316//3316
f 3316//3316 3356//3356 3357//3357
f 3316//3316 3357//3357 3317//3317
f 3317//3317 3357//3357 3358//3358
f 3317//3317 3358//3358 3318//3318
f 3318//3318 3358//3358 3359//3359
f 3318//3318 3359//3359 3319//3319
f 3319//3319 3359//3359 3360//3360
f 3319//3319 3360//3360 3320//3320
f 3320//3320 3360//3360 3361//3361
f 3320//3320 3361//3361 3321//3321
f 3321//3321 3361//3361 3362//3362
f 3321//3321 3362//3362 3322//3322
f 3322//3322 3362//3362 3363//3363
f 3322//3322 3363//3363 3323//3323
f 3323//3323 3363//3363 3364//3364
f 3323//3323 3364//3364 3324//3324
f 3324//3324 3364//3364 3365//3365
f 3324//3324 3365//3365 3325//3325
f 3325//3325 3365//3365 3366//3366
f 3325//3325 3366//3366 3326//3326
f 3326//3326 3366//3366 3367//3367
f 3326//3326 3367//3367 3327//3327
f 3327//3327 3367//3367 3368//3368
f 3327//3327 3368//3368 3328//3328
f 3328//3328 3368//3368 3369//3369
f 3328//3328 3369//3369 3329//3329
f 3329//3329 3369//3369 3370//3370
f 3329//3329 3370//3370 3330//3330
f 3330//3330 3370//3370 3371//3371
f 3330//3330 3371//3371 3331//3331
f 3331//3331 3371//3371 3372//3372
f 3331//3331 3372//3372 3332//3332
f 3332//3332 3372//3372 3373//3373
f 3332//3332 3373//3373 3333//3333
f 3333//3333 3373//3373 3374//3374
f 3333//3333 3374//3374 3334//3334
f 3334//3334 3374//3374 3375//3375
f 3334//3334 3375//3375 3335//3335
f 3335//3335 3375//3375 3376//3376
f 3335//3335 3376//3376 3336//3336
f 3336//3336 3376//3376 3377//3377
f 3336//3336 3377//3377 3337//3337
f 3337//3337 3377//3377 3378//3378
f 3337//3337 3378//3378 3338//3338
f 3338//3338 3378//3378 3379//3379
f 3338//3338 3379//3379 3339//3339
f 3339//3339 3379//3379 3380//3380
f 3339//3339 3380//3380 3340//3340
f 3340//3340 3380//3380 3381//3381
f 3340//3340 3381//3381 3341//3341
f 3341//3341 3381//3381 3382//3382
f 3341//3341 3382//3382 3342//3342
f 3342//3342 3382//3382 3383//3383
f 3342//3342 3383//3383 3343//3343
f 3343//3343 3383//3383 3384//3384
f 3343//3343 3384//3384 3344//3344
f 3344//3344 3384//3384 3385//3385
f 3344//3344 3385//3385 3345//3345
f 3345//3345 3385//3385 3386//3386
f 3345//3345 3386//3386 3346//3346
f 3346//3346 3386//3386 3387//3387
f 3346//3346 3387//3387 3347//3347
f 3347//3347 3387//3387 3388//3388
f 3347//3347 3388//3388 3348//3348
f 3348//3348 3388//3388 3389//3389
f 3349//3349 3390//3390 3350//3350
f 3350//3350 3390//3390 3391//3391
f 3350//3350 3391//3391 3351//3351
f 3351//3351 3391//3391 3392//3392
f 3351//3351 3392//3392 3352//3352
f 3352//3352 3392//3392 3393//3393
f 3352//3352 3393//3393 3353//3353
f 3353//3353 3393//3393 3394//3394
f 3353//3353 3394//3394 3354//3354
f 3354//3354 3394//3394 3395//3395
f 3354//3354 3395//3395 3355//3355
f 3355//3355 3395//3395 3396//3396
f 3355//3355 3396//3396 3356//3356
f 3356//3356 3396//3396 3397//3397
f 3356//3356 3397//3397 3357//3357
f 3357//3357 3397//3397 3398//3398
f 3357//3357 3398//3398 3358//3358
f 3358//3358 3398//3398 3399//3399
f 3358//3358 3399//3399 3359//3359
f 3359//3359 3399//3399 3400//3400
f 3359//3359 3400//3400 3360//3360
f 3360//3360 3400//3400 3401//3401
f 3360//3360 3401//3401 3361//3361
f 3361//3361 3401//3401 3402//3402
f 3361//3361 3402//3402 3362//3362
f 3362//3362 3402//3402 3403//3403
f 3362//3362 3403//3403 3363//3363
f 3363//3363 3403//3403 3404//3404
f 3363//3363 3404//3404 3364//3364
f 3364//3364 3404//3404 3405//3405
f 3364//3364 3405//3405 3365//3365
f 3365//3365 3405//3405 3406//3406
f 3365//3365 3406//3406 3366//3366
f 3366//3366 3406//3406 3407//3407
f 3366//3366 3407//3407 3367//3367
f 3367//3367 3407//3407 3408//3408
f 3367//3367 3408//3408 3368//3368
f 3368//3368 3408//3408 3409//3409
f 3368//3368 3409//3409 3369//3369
f 3369//3369 3409//3409 3410//3410
f 3369//3369 3410//3410 3370//3370
f 3370//3370 3410//3410 3411//3411
f 3370//3370 3411//3411 3371//3371
f 3371//3371 3411//3411 3412//3412
f 3371//3371 3412//3412 3372//3372
f 3372//3372 3412//3412 3413//3413
f 3372//3372 3413//3413 3373//3373
f 3373//3373 3413//3413 3414//3414
f 3373//3373 3414//3414 3374//3374
f 3374//3374 3414//3414 3415//3415
f 3374//3374 3415//3415 3375//3375
f 3375//3375 3415//3415 3416//3416
f 3375//3375 3416//3416 3376//3376
f 3376//3376 3416//3416 3417//3417
f 3376//3376 3417//3417 3377//3377
f 3377//3377 3417//3417 3418//3418
f 3377//3377 3418//3418 3378//3378
f 3378//3378 3418//3418 3419//3419
f 3378//3378 3419//3419 3379//3379
f 3379//3379 3419//3419 3420//3420
f 3379//3379 3420//3420 3380//3380
f 3380//3380 3420//3420 3421//3421
f 3380//3380 3421//3421 3381//3381
f 3381//3381 3421//3421 3422//3422
f 3381//3381 3422//3422 3382//3382
f 3382//3382 3422//3422 3423//3423
f 3382//3382 3423//3423 3383//3383
f 3383//3383 3423//3423 3424//3424
f 3383//3383 3424//3424 3384//3384
f 3384//3384 3424//3424 3425//3425
f 3384//3384 3425//3425 3385//3385
f 3385//3385 3425//3425 3426//3426
f 3385//3385 3426//3426 3386//3386
f 3386//3386 3426//3426 3427//3427
f 3386//3386 3427//3427 3387//3387
f 3387//3387 3427//3427 3428//3428
f 3387//3387 3428//3428 3388//3388
f 3388//3388 3428//3428 3429//3429
f 3388//3388 3429//3429 3389//3389
f 3389//3389 3429//3429 3430//3430
f 3390//3390 3431//3431 3391//3391
f 3391//3391 3431//3431 3432//3432
f 3391//3391 3432//3432 3392//3392
f 3392//3392 3432//3432 3433//3433
f 3392//3392 3433//3433 3393//3393
f 3393//3393 3433//3433 3434//3434
f 3393//3393 3434//3434 3394//3394
f 3394//3394 3434//3434 3435//3435
f 3394//3394 3435//3435 3395//3395
f 3395//3395 3435//3435 3436//3436
f 3395//3395 3436//3436 3396//3396
f 3396//3396 3436//3436 3437//3437
f 3396//3396 3437//3437 3397//3397
f 3397//3397 3437//3437 3438//3438
f 3397//3397 3438//3438 3398//3398
f 3398//3398 3438//3438 3439//3439
f 3398//3398 3439//3439 3399//3399
f 3399//3399 3439//3439 3440//3440
f 3399//3399 3440//3440 3400//3400
f 3400//3400 3440//3440 3441//3441
f 3400//3400 3441//3441 3401//3401
f 3401//3401 3441//3441 3442//3442
f 3401//3401 3442//3442 3402//3402
f 3402//3402 3442//3442 3443//3443
f 3402//3402 3443//3443 3403//3403
f 3403//3403 3443//3443 3444//3444
f 3403//3403 3444//3444 3404//3404
f 3404//3404 3444//3444 3445//3445
f 3404//3404 3445//3445 3405//3405
f 3405//3405 3445//3445 3446//3446
f 3405//3405 3446//3446 3406//3406
f 3406//3406 3446//3446 3447//3447
f 3406//3406 3447//3447 3407//3407
f 3407//3407 3447//3447 3448//3448
f 3407//3407 3448//3448 3408//3408
f 3408//3408 3448//3448 3449//3449
f 3408//3408 3449//3449 3409//3409
f 3409//3409 3449//3449 3450//3450
f 3409//3409 3450//3450 3410//3410
f 3410//3410 3450//3450 3451//3451
f 3410//3410 3451//3451 3411//3411
f 3411//3411 3451//3451 3452//3452
f 3411//3411 3452//3452 3412//3412
f 3412//3412 3452//3452 3453//3453
f 3412//3412 3453//3453 3413//3413
f 3413//3413 3453//3453 3454//3454
f 3413//3413 3454//3454 3414//3414
f 3414//3414 3454//3454 3455//3455
f 3414//3414 3455//3455 3415//3415
f 3415//3415 3455//3455 3456//3456
f 3415//3415 3456//3456 3416//3416
f 3416//3416 3456//3456 3457//3457
f 3416//3416 3457//3457 3417//3417
f 3417//3417 3457//3457 3458//3458
f 3417//3417 3458//3458 3418//3418
f 3418//3418 3458//3458 3459//3459
f 3418//3418 3459//3459 3419//3419
f 3419//3419 3459//3459 3460//3460
f 3419//3419 3460//3460 3420//3420
f 3420//3420 3460//3460 3461//3461
f 3420//3420 3461//3461 3421//3421
f 3421//3421 3461//3461 3462//3462
f 3421//3421 3462//3462 3422//3422
f 3422//3422 3462//3462 3463//3463
f 3422//3422 3463//3463 3423//3423
f 3423//3423 3463//3463 3464//3464
f 3423//3423 3464//3464 3424//3424
f 3424//3424 3464//3464 3465//3465
f 3424//3424 3465//3465 3425//3425
f 3425//3425 3465//3465 3466//3466
f 3425//3425 3466//3466 3426//3426
f 3426//3426 3466//3466 3467//3467
f 3426//3426 3467//3467 3427//3427
f 3427//3427 3467//3467 3468//3468
f 3427//3427 3468//3468 3428//3428
f 3428//3428 3468//3468 3469//3469
f 3428//3428 3469//3469 3429//3429
f 3429//3429 3469//3469 3470//3470
f 3429//3429 3470//3470 3430//3430
f 3430//3430 3470//3470 3471//3471
f 3431//3431 3472//3472 3432//3432
f 3432//3432 3472//3472 3473//3473
f 3432//3432 3473//3473 3433//3433
f 3433//3433 3473//3473 3474//3474
f 3433//3433 3474//3474 3434//3434
f 3434//3434 3474//3474 3475//3475
f 3434//3434 3475//3475 3435//3435
f 3435//3435 3475//3475 3476//3476
f 3435//3435 3476//3476 3436//3436
f 3436//3436 3476//3476 3477//3477
f 3436//3436 3477//3477 3437//3437
f 3437//3437 3477//3477 3478//3478
f 3437//3437 3478//3478 3438//3438
f 3438//3438 3478//3478 3479//3479
f 3438//3438 3479//3479 3439//3439
f 3439//3439 3479//3479 3480//3480
f 3439//3439 3480//3480 3440//3440
f 3440//3440 3480//3480 3481//3481
f 3440//3440 3481//3481 3441//3441
f 3441//3441 3481//3481 3482//3482
f 3441//3441 3482//3482 3442//3442
f 3442//3442 3482//3482 3483//3483
f 3442//3442 3483//3483 3443//3443
f 3443//3443 3483//3483 3484//3484
f 3443//3443 3484//3484 3444//3444
f 3444//3444 3484//3484 3485//3485
f 3444//3444 3485//3485 3445//3445
f 3445//3445 3485//3485 3486//3486
f 3445//3445 3486//3486 3446//3446
f 3446//3446 3486//3486 3487//3487
f 3446//3446 3487//3487 3447//3447
f 3447//3447 3487//3487 3488//3488
f 3447//3447 3488//3488 3448//3448
f 3448//3448 3488//3488 3489//3489
f 3448//3448 3489//3489 3449//3449
f 3449//3449 3489//3489 3490//3490
f 3449//3449 3490//3490 3450//3450
f 3450//3450 3490//3490 3491//3491
f 3450//3450 3491//3491 3451//3451
f 3451//3451 3491//3491 3492//3492
f 3451//3451 3492//3492 3452//3452
f 3452//3452 3492//3492 3493//3493
f 3452//3452 3493//3493 3453//3453
f 3453//3453 3493//3493 3494//3494
f 3453//3453 3494//3494 3454//3454
f 3454//3454 3494//3494 3495//3495
f 3454//3454 3495//3495 3455//3455
f 3455//3455 3495//3495 3496//3496
f 3455//3455 3496//3496 3456//3456
f 3456//3456 3496//3496 3497//3497
f 3456//3456 3497//3497 3457//3457
f 3457//3457 3497//3497 3498//3498
f 3457//3457 3498//3498 3458//3458
f 3458//3458 3498//3498 3499//3499
f 3458//3458 3499//3499 3459//3459
f 3459//3459 3499//3499 3500//3500
f 3459//3459 3500//3500 3460//3460
f 3460//3460 3500//3500 3501//3501
f 3460//3460 3501//3501 3461//3461
f 3461//3461 3501//3501 3502//3502
f 3461//3461 3502//3502 3462//3462
f 3462//3462 3502//3502 3503//3503
f 3462//3462 3503//3503 3463//3463
f 3463//3463 3503//3503 3504//3504
f 3463//3463 3504//3504 3464//3464
f 3464//3464 3504//3504 3505//3505
f 3464//3464 3505//3505 3465//3465
f 3465//3465 3505//3505 3506//3506
f 3465//3465 3506//3506 3466//3466
f 3466//3466 3506//3506 3507//3507
f 3466//3466 3507//3507 3467//3467
f 3467//3467 3507//3507 3508//3508
f 3467//3467 3508//3508 3468//3468
f 3468//3468 3508//3508 3509//3509
f 3468//3468 3509//3509 3469//3469
f 3469//3469 3509//3509 3510//3510
f 3469//3469 3510//3510 3470//3470
f 3470//3470 3510//3510 3511//3511
f 3470//3470 3511//3511 3471//3471
f 3471//3471 3511//3511 3512//3512
f 3472//3472 3513//3513 3473//3473
f 3473//3473 3513//3513 3514//3514
f 3473//3473 3514//3514 3474//3474
f 3474//3474 3514//3514 3515//3515
f 3474//3474 3515//3515 3475//3475
f 3475//3475 3515//3515 3516//3516
f 3475//3475 3516//3516 3476//3476
f 3476//3476 3516//3516 3517//3517
f 3476//3476 3517//3517 3477//3477
f 3477//3477 3517//3517 3518//3518
f 3477//3477 3518//3518 3478//3478
f 3478//3478 3518//3518 3519//3519
f 3478//3478 3519//3519 3479//3479
f 3479//3479 3519//3519 3520//3520
f 3479//3479 3520//3520 3480//3480
f 3480//3480 3520//3520 3521//3521
f 3480//3480 3521//3521 3481//3481
f 3481//3481 3521//3521 3522//3522
f 3481//3481 3522//3522 3482//3482
f 3482//3482 3522//3522 3523//3523
f 3482//3482 3523//3523 3483//3483
f 3483//3483 3523//3523 3524//3524
f 3483//3483 3524//3524 3484//3484
f 3484//3484 3524//3524 3525//3525
f 3484//3484 3525//3525 3485//3485
f 3485//3485 3525//3525 3526//3526
f 3485//3485 3526//3526 3486//3486
f 3486//3486 3526//3526 3527//3527
f 3486//3486 3527//3527 3487//3487
f 3487//3487 3527//3527 3528//3528
f 3487//3487 3528//3528 3488//3488
f 3488//3488 3528//3528 3529//3529
f 3488//3488 3529//3529 3489//3489
f 3489//3489 3529//3529 3530//3530
f 3489//3489 3530//3530 3490//3490
f 3490//3490 3530//3530 3531//3531
f 3490//3490 3531//3531 3491//3491
f 3491//3491 3531//3531 3532//3532
f 3491//3491 3532//3532 3492//3492
f 3492//3492 3532//3532 3533//3533
f 3492//3492 3533//3533 3493//3493
f 3493//3493 3533//3533 3534//3534
f 3493//3493 3534//3534 3494//3494
f 3494//3494 3534//3534 3535//3535
f 3494//3494 3535//3535 3495//3495
f 3495//3495 3535//3535 3536//3536
f 3495//3495 3536//3536 3496//3496
f 3496//3496 3536//3536 3537//3537
f 3496//3496 3537//3537 3497//3497
f 3497//3497 3537//3537 3538//3538
f 3497//3497 3538//3538 3498//3498
f 3498//3498 3538//3538 3539//3539
f 3498//3498 3539//3539 3499//3499
f 3499//3499 3539//3539 3540//3540
f 3499//3499 3540//3540 3500//3500
f 3500//3500 3540//3540 3541//3541
f 3500//3500 3541//3541 3501//3501
f 3501//3501 3541//3541 3542//3542
f 3501//3501 3542//3542 3502//3502
f 3502//3502 3542//3542 3543//3543
f 3502//3502 3543//3543 3503//3503
f 3503//3503 3543//3543 3544//3544
f 3503//3503 3544//3544 3504//3504
f 3504//3504 3544//3544 3545//3545
f 3504//3504 3545//3545 3505//3505
f 3505//3505 3545//3545 3546//3546
f 3505//3505 3546//3546 3506//3506
f 3506//3506 3546//3546 3547//3547
f 3506//3506 3547//3547 3507//3507
f 3507//3507 3547//3547 3548//3548
f 3507//3507 3548//3548 3508//3508
f 3508//3508 3548//3548 3549//3549
f 3508//3508 3549//3549 3509//3509
f 3509//3509 3549//3549 3550//3550
f 3509//3509 3550//3550 3510//3510
f 3510//3510 3550//3550 3551//3551
f 3510//3510 3551//3551 3511//3511
f 3511//3511 3551//3551 3552//3552
f 3511//3511 3552//3552 3512//3512
f 3512//3512 3552//3552 3553//3553
f 3513//3513 3554//3554 3514//3514
f 3514//3514 3554//3554 3555//3555
f 3514//3514 3555//3555 3515//3515
f 3515//3515 3555//3555 3556//3556
f 3515//3515 3556//3556 3516//3516
f 3516//3516 3556//3556 3557//3557
f 3516//3516 3557//3557 3517//3517
f 3517//3517 3557//3557 3558//3558
f 3517//3517 3558//3558 3518//3518
f 3518//3518 3558//3558 3559//3559
f 3518//3518 3559//3559 3519//3519
f 3519//3519 3559//3559 3560//3560
f 3519//3519 3560//3560 3520//3520
f 3520//3520 3560//3560 3561//3561
f 3520//3520 3561//3561 3521//3521
f 3521//3521 3561//3561 3562//3562
f 3521//3521 3562//3562 3522//3522
f 3522//3522 3562//3562 3563//3563
f 3522//3522 3563//3563 3523//3523
f 3523//3523 3563//3563 3564//3564
f 3523//3523 3564//3564 3524//3524
f 3524//3524 3564//3564 3565//3565
f 3524//3524 3565//3565 3525//3525
f 3525//3525 3565//3565 3566//3566
f 3525//3525 3566//3566 3526//3526
f 3526//3526 3566//3566 3567//3567
f 3526//3526 3567//3567 3527//3527
f 3527//3527 3567//3567 3568//3568
f 3527//3527 3568//3568 3528//3528
f 3528//3528 3568//3568 3569//3569
f 3528//3528 3569//3569 3529//3529
f 3529//3529 3569//3569 3570//3570
f 3529//3529 3570//3570 3530//3530
f 3530//3530 3570//3570 3571//3571
f 3530//3530 3571//3571 3531//3531
f 3531//3531 3571//3571 3572//3572
f 3531//3531 3572//3572 3532//3532
f 3532//3532 3572//3572 3573//3573
f 3532//3532 3573//3573 3533//3533
f 3533//3533 3573//3573 3574//3574
f 3533//3533 3574//3574 3534//3534
f 3534//3534 3574//3574 3575//3575
f 3534//3534 3575//3575 3535//3535
f 3535//3535 3575//3575 3576//3576
f 3535//3535 3576//3576 3536//3536
f 3536//3536 3576//3576 3577//3577
f 3536//3536 3577//3577 3537//3537
f 3537//3537 3577//3577 3578//3578
f 3537//3537 3578//3578 3538//3538
f 3538//3538 3578//3578 3579//3579
f 3538//3538 3579//3579 3539//3539
f 3539//3539 3579//3579 3580//3580
f 3539//3539 3580//3580 3540//3540
f 3540//3540 3580//3580 3581//3581
f 3540//3540 3581//3581 3541//3541
f 3541//3541 3581//3581 3582//3582
f 3541//3541 3582//3582 3542//3542
f 3542//3542 3582//3582 3583//3583
f 3542//3542 3583//3583 3543//3543
f 3543//3543 3583//3583 3584//3584
f 3543//3543 3584//3584 3544//3544
f 3544//3544 3584//3584 3585//3585
f 3544//3544 3585//3585 3545//3545
f 3545//3545 3585//3585 3586//3586
f 3545//3545 3586//3586 3546//3546
f 3546//3546 3586//3586 3587//3587
f 3546//3546 3587//3587 3547//3547
f 3547//3547 3587//3587 3588//3588
f 3547//3547 3588//3588 3548//3548
f 3548//3548 3588//3588 3589//3589
f 3548//3548 3589//3589 3549//3549
f 3549//3549 3589//3589 3590//3590
f 3549//3549 3590//3590 3550//3550
f 3550//3550 3590//3590 3591//3591
f 3550//3550 3591//3591 3551//3551
f 3551//3551 3591//3591 3592//3592
f 3551//3551 3592//3592 3552//3552
f 3552//3552 3592//3592 3593//3593
f 3552//3552 3593//3593 3553//3553
f 3553//3553 3593//3593 3594//3594
f 3554//3554 3595//3595 3555//3555
f 3555//3555 3595//3595 3596//3596
f 3555//3555 3596//3596 3556//3556
f 3556//3556 3596//3596 3597//3597
f 3556//3556 3597//3597 3557//3557
f 3557//3557 3597//3597 3598//3598
f 3557//3557 3598//3598 3558//3558
f 3558//3558 3598//3598 3599//3599
f 3558//3558 3599//3599 3559//3559
f 3559//3559 3599//3599 3600//3600
f 3559//3559 3600//3600 3560//3560
f 3560//3560 3600//3600 3601//3601
f 3560//3560 3601//3601 3561//3561
f 3561//3561 3601//3601 3602//3602
f 3561//3561 3602//3602 3562//3562
f 3562//3562 3602//3602 3603//3603
f 3562//3562 3603//3603 3563//3563
f 3563//3563 3603//3603 3604//3604
f 3563//3563 3604//3604 3564//3564
f 3564//3564 3604//3604 3605//3605
f 3564//3564 3605//3605 3565//3565
f 3565//3565 3605//3605 3606//3606
f 3565//3565 3606//3606 3566//3566
f 3566//3566 3606//3606 3607//3607
f 3566//3566 3607//3607 3567//3567
f 3567//3567 3607//3607 3608//3608
f 3567//3567 3608//3608 3568//3568
f 3568//3568 3608//3608 3609//3609
f 3568//3568 3609//3609 3569//3569
f 3569//3569 3609//3609 3610//3610
f 3569//3569 3610//3610 3570//3570
f 3570//3570 3610//3610 3611//3611
f 3570//3570 3611//3611 3571//3571
f 3571//3571 3611//3611 3612//3612
f 3571//3571 3612//3612 3572//3572
f 3572//3572 3612//3612 3613//3613
f 3572//3572 3613//3613 3573//3573
f 3573//3573 3613//3613 3614//3614
f 3573//3573 3614//3614 3574//3574
f 3574//3574 3614//3614 3615//3615
f 3574//3574 3615//3615 3575//3575
f 3575//3575 3615//3615 3616//3616
f 3575//3575 3616//3616 3576//3576
f 3576//3576 3616//3616 3617//3617
f 3576//3576 3617//3617 3577//3577
f 3577//3577 3617//3617 3618//3618
f 3577//3577 3618//3618 3578//3578
f 3578//3578 3618//3618 3619//3619
f 3578//3578 3619//3619 3579//3579
f 3579//3579 3619//3619 3620//3620
f 3579//3579 3620//3620 3580//3580
f 3580//3580 3620//3620 3621//3621
f 3580//3580 3621//3621 3581//3581
f 3581//3581 3621//3621 3622//3622
f 3581//3581 3622//3622 3582//3582
f 3582//3582 3622//3622 3623//3623
f 3582//3582 3623//3623 3583//3583
f 3583//3583 3623//3623 3624//3624
f 3583//3583 3624//3624 3584//3584
f 3584//3584 3624//3624 3625//3625
f 3584//3584 3625//3625 3585//3585
f 3585//3585 3625//3625 3626//3626
f 3585//3585 3626//3626 3586//3586
f 3586//3586 3626//3626 3627//3627
f 3586//3586 3627//3627 3587//3587
f 3587//3587 3627//3627 3628//3628
f 3587//3587 3628//3628 3588//3588
f 3588//3588 3628//3628 3629//3629
f 3588//3588 3629//3629 3589//3589
f 3589//3589 3629//3629 3630//3630
f 3589//3589 3630//3630 3590//3590
f 3590//3590 3630//3630 3631//3631
f 3590//3590 3631//3631 3591//3591
f 3591//3591 3631//3631 3632//3632
f 3591//3591 3632//3632 3592//3592
f 3592//3592 3632//3632 3633//3633
f 3592//3592 3633//3633 3593//3593
f 3593//3593 3633//3633 3634//3634
f 3593//3593 3634//3634 3594//3594
f 3594//3594 3634//3634 3635//3635
f 3595//3595 3636//3636 3596//3596
f 3596//3596 3636//3636 3637//3637
f 3596//3596 3637//3637 3597//3597
f 3597//3597 3637//3637 3638//3638
f 3597//3597 3638//3638 3598//3598
f 3598//3598 3638//3638 3639//3639
f 3598//3598 3639//3639 3599//3599
f 3599//3599 3639//3639 3640//3640
f 3599//3599 3640//3640 3600//3600
f 3600//3600 3640//3640 3641//3641
f 3600//3600 3641//3641 3601//3601
f 3601//3601 3641//3641 3642//3642
f 3601//3601 3642//3642 3602//3602
f 3602//3602 3642//3642 3643//3643
f 3602//3602 3643//3643 3603//3603
f 3603//3603 3643//3643 3644//3644
f 3603//3603 3644//3644 3604//3604
f 3604//3604 3644//3644 3645//3645
f 3604//3604 3645//3645 3605//3605
f 3605//3605 3645//3645 3646//3646
f 3605//3605 3646//3646 3606//3606
f 3606//3606 3646//3646 3647//3647
f 3606//3606 3647//3647 3607//3607
f 3607//3607 3647//3647 3648//3648
f 3607//3607 3648//3648 3608//3608
f 3608//3608 3648//3648 3649//3649
f 3608//3608 3649//3649 3609//3609
f 3609//3609 3649//3649 3650//3650
f 3609//3609 3650//3650 3610//3610
f 3610//3610 3650//3650 3651//3651
f 3610//3610 3651//3651 3611//3611
f 3611//3611 3651//3651 3652//3652
f 3611//3611 3652//3652 3612//3612
f 3612//3612 3652//3652 3653//3653
f 3612//3612 3653//3653 3613//3613
f 3613//3613 3653//3653 3654//3654
f 3613//3613 3654//3654 3614//3614
f 3614//3614 3654//3654 3655//3655
f 3614//3614 3655//3655 3615//3615
f 3615//3615 3655//3655 3656//3656
f 3615//3615 3656//3656 3616//3616
f 3616//3616 3656//3656 3657//3657
f 3616//3616 3657//3657 3617//3617
f 3617//3617 3657//3657 3658//3658
f 3617//3617 3658//3658 3618//3618
f 3618//3618 3658//3658 3659//3659
f 3618//3618 3659//3659 3619//3619
f 3619//3619 3659//3659 3660//3660
f 3619//3619 3660//3660 3620//3620
f 3620//3620 3660//3660 3661//3661
f 3620//3620 3661//3661 3621//3621
f 3621//3621 3661//3661 3662//3662
f 3621//3621 3662//3662 3622//3622
f 3622//3622 3662//3662 3663//3663
f 3622//3622 3663//3663 3623//3623
f 3623//3623 3663//3663 3664//3664
f 3623//3623 3664//3664 3624//3624
f 3624//3624 3664//3664 3665//3665
f 3624//3624 3665//3665 3625//3625
f 3625//3625 3665//3665 3666//3666
f 3625//3625 3666//3666 3626//3626
f 3626//3626 3666//3666 3667//3667
f 3626//3626 3667//3667 3627//3627
f 3627//3627 3667//3667 3668//3668
f 3627//3627 3668//3668 3628//3628
f 3628//3628 3668//3668 3669//3669
f 3628//3628 3669//3669 3629//3629
f 3629//3629 3669//3669 3670//3670
f 3629//3629 3670//3670 3630//3630
f 3630//3630 3670//3670 3671//3671
f 3630//3630 3671//3671 3631//3631
f 3631//3631 3671//3671 3672//3672
f 3631//3631 3672//3672 3632//3632
f 3632//3632 3672//3672 3673//3673
f 3632//3632 3673//3673 3633//3633
f 3633//3633 3673//3673 3674//3674
f 3633//3633 3674//3674 3634//3634
f 3634//3634 3674//3674 3675//3675
f 3634//3634 3675//3675 3635//3635
f 3635//3635 3675//3675 3676//3676
o station-dishes_teal
usemtl teal
v 0.156000 0.479480 0.000000
v 0.155236 0.481831 0.000000
v 0.153236 0.483284 0.000000
v 0.150764 0.483284 0.000000
v 0.148764 0.481831 0.000000
v 0.148000 0.479480 0.000000
v 0.148764 0.477129 0.000000
v 0.150764 0.475676 0.000000
v 0.153236 0.475676 0.000000
v 0.155236 0.477129 0.000000
v 0.156000 0.479480 0.000000
v 0.154079 0.479480 0.024404
v 0.153325 0.481831 0.024284
v 0.151349 0.483284 0.023971
v 0.148908 0.483284 0.023585
v 0.146932 0.481831 0.023272
v 0.146178 0.479480 0.023152
v 0.146932 0.477129 0.023272
v 0.148908 0.475676 0.023585
v 0.151349 0.475676 0.023971
v 0.153325 0.477129 0.024284
v 0.154079 0.479480 0.024404
v 0.148365 0.479480 0.048207
v 0.147638 0.481831 0.047971
v 0.145736 0.483284 0.047353
v 0.143385 0.483284 0.046589
v 0.141483 0.481831 0.045971
v 0.140756 0.479480 0.045735
v 0.141483 0.477129 0.045971
v 0.143385 0.475676 0.046589
v 0.145736 0.475676 0.047353
v 0.147638 0.477129 0.047971
v 0.148365 0.479480 0.048207
v 0.138997 0.479480 0.070823
v 0.138316 0.481831 0.070476
v 0.136534 0.483284 0.069568
v 0.134332 0.483284 0.068445
v 0.132550 0.481831 0.067537
v 0.131869 0.479480 0.067191
v 0.132550 0.477129 0.067537
v 0.134332 0.475676 0.068445
v 0.136534 0.475676 0.069568
v 0.138316 0.477129 0.070476
v 0.138997 0.479480 0.070823
v 0.126207 0.479480 0.091694
v 0.125589 0.481831 0.091245
v 0.123971 0.483284 0.090070
v 0.121971 0.483284 0.088617
v 0.120353 0.481831 0.087441
v 0.119735 0.479480 0.086992
v 0.120353 0.477129 0.087441
v 0.121971 0.475676 0.088617
v 0.123971 0.475676 0.090070
v 0.125589 0.477129 0.091245
v 0.126207 0.479480 0.091694
v 0.110309 0.479480 0.110309
v 0.109768 0.481831 0.109768
v 0.108354 0.483284 0.108354
v 0.106606 0.483284 0.106606
v 0.105192 0.481831 0.105192
v 0.104652 0.479480 0.104652
v 0.105192 0.477129 0.105192
v 0.106606 0.475676 0.106606
v 0.108354 0.475676 0.108354
v 0.109768 0.477129 0.109768
v 0.110309 0.479480 0.110309
v 0.091694 0.479480 0.126207
v 0.091245 0.481831 0.125589
v 0.090070 0.483284 0.123971
v 0.088617 0.483284 0.121971
v 0.087441 0.481831 0.120353
v 0.086992 0.479480 0.119735
v 0.087441 0.477129 0.120353
v 0.088617 0.475676 0.121971
v 0.090070 0.475676 0.123971
v 0.091245 0.477129 0.125589
v 0.091694 0.479480 0.126207
v 0.070823 0.479480 0.138997
v 0.070476 0.481831 0.138316
v 0.069568 0.483284 0.136534
v 0.068445 0.483284 0.134332
v 0.067537 0.481831 0.132550
v 0.067191 0.479480 0.131869
v 0.067537 0.477129 0.132550
v 0.068445 0.475676 0.134332
v 0.069568 0.475676 0.136534
v 0.070476 0.477129 0.138316
v 0.070823 0.479480 0.138997
v 0.048207 0.479480 0.148365
v 0.047971 0.481831 0.147638
v 0.047353 0.483284 0.145736
v 0.046589 0.483284 0.143385
v 0.045971 0.481831 0.141483
v 0.045735 0.479480 0.140756
v 0.045971 0.477129 0.141483
v 0.046589 0.475676 0.143385
v 0.047353 0.475676 0.145736
v 0.047971 0.477129 0.147638
v 0.048207 0.479480 0.148365
v 0.024404 0.479480 0.154079
v 0.024284 0.481831 0.153325
v 0.023971 0.483284 0.151349
v 0.023585 0.483284 0.148908
v 0.023272 0.481831 0.146932
v 0.023152 0.479480 0.146178
v 0.023272 0.477129 0.146932
v 0.023585 0.475676 0.148908
v 0.023971 0.475676 0.151349
v 0.024284 0.477129 0.153325
v 0.024404 0.479480 0.154079
v 0.000000 0.479480 0.156000
v 0.000000 0.481831 0.155236
v 0.000000 0.483284 0.153236
v 0.000000 0.483284 0.150764
v 0.000000 0.481831 0.148764
v 0.000000 0.479480 0.148000
v 0.000000 0.477129 0.148764
v 0.000000 0.475676 0.150764
v 0.000000 0.475676 0.153236
v 0.000000 0.477129 0.155236
v 0.000000 0.479480 0.156000
v -0.024404 0.479480 0.154079
v -0.024284 0.481831 0.153325
v -0.023971 0.483284 0.151349
v -0.023585 0.483284 0.148908
v -0.023272 0.481831 0.146932
v -0.023152 0.479480 0.146178
v -0.023272 0.477129 0.146932
v -0.023585 0.475676 0.148908
v -0.023971 0.475676 0.151349
v -0.024284 0.477129 0.153325
v -0.024404 0.479480 0.154079
v -0.048207 0.479480 0.148365
v -0.047971 0.481831 0.147638
v -0.047353 0.483284 0.145736
v -0.046589 0.483284 0.143385
v -0.045971 0.481831 0.141483
v -0.045735 0.479480 0.140756
v -0.045971 0.477129 0.141483
v -0.046589 0.475676 0.143385
v -0.047353 0.475676 0.145736
v -0.047971 0.477129 0.147638
v -0.048207 0.479480 0.148365
v -0.070823 0.479480 0.138997
v -0.070476 0.481831 0.138316
v -0.069568 0.483284 0.136534
v -0.068445 0.483284 0.134332
v -0.067537 0.481831 0.132550
v -0.067191 0.479480 0.131869
v -0.067537 0.477129 0.132550
v -0.068445 0.475676 0.134332
v -0.069568 0.475676 0.136534
v -0.070476 0.477129 0.138316
v -0.070823 0.479480 0.138997
v -0.091694 0.479480 0.126207
v -0.091245 0.481831 0.125589
v -0.090070 0.483284 0.123971
v -0.088617 0.483284 0.121971
v -0.087441 0.481831 0.120353
v -0.086992 0.479480 0.119735
v -0.087441 0.477129 0.120353
v -0.088617 0.475676 0.121971
v -0.090070 0.475676 0.123971
v -0.091245 0.477129 0.125589
v -0.091694 0.479480 0.126207
v -0.110309 0.479480 0.110309
v -0.109768 0.481831 0.109768
v -0.108354 0.483284 0.108354
v -0.106606 0.483284 0.106606
v -0.105192 0.481831 0.105192
v -0.104652 0.479480 0.104652
v -0.105192 0.477129 0.105192
v -0.106606 0.475676 0.106606
v -0.108354 0.475676 0.108354
v -0.109768 0.477129 0.109768
v -0.110309 0.479480 0.110309
v -0.126207 0.479480 0.091694
v -0.125589 0.481831 0.091245
v -0.123971 0.483284 0.090070
v -0.121971 0.483284 0.088617
v -0.120353 0.481831 0.087441
v -0.119735 0.479480 0.086992
v -0.120353 0.477129 0.087441
v -0.121971 0.475676 0.088617
v -0.123971 0.475676 0.090070
v -0.125589 0.477129 0.091245
v -0.126207 0.479480 0.091694
v -0.138997 0.479480 0.070823
v -0.138316 0.481831 0.070476
v -0.136534 0.483284 0.069568
v -0.134332 0.483284 0.068445
v -0.132550 0.481831 0.067537
v -0.131869 0.479480 0.067191
v -0.132550 0.477129 0.067537
v -0.134332 0.475676 0.068445
v -0.136534 0.475676 0.069568
v -0.138316 0.477129 0.070476
v -0.138997 0.479480 0.070823
v -0.148365 0.479480 0.048207
v -0.147638 0.481831 0.047971
v -0.145736 0.483284 0.047353
v -0.143385 0.483284 0.046589
v -0.141483 0.481831 0.045971
v -0.140756 0.479480 0.045735
v -0.141483 0.477129 0.045971
v -0.143385 0.475676 0.046589
v -0.145736 0.475676 0.047353
v -0.147638 0.477129 0.047971
v -0.148365 0.479480 0.048207
v -0.154079 0.479480 0.024404
v -0.153325 0.481831 0.024284
v -0.151349 0.483284 0.023971
v -0.148908 0.483284 0.023585
v -0.146932 0.481831 0.023272
v -0.146178 0.479480 0.023152
v -0.146932 0.477129 0.023272
v -0.148908 0.475676 0.023585
v -0.151349 0.475676 0.023971
v -0.153325 0.477129 0.024284
v -0.154079 0.479480 0.024404
v -0.156000 0.479480 0.000000
v -0.155236 0.481831 0.000000
v -0.153236 0.483284 0.000000
v -0.150764 0.483284 0.000000
v -0.148764 0.481831 0.000000
v -0.148000 0.479480 0.000000
v -0.148764 0.477129 0.000000
v -0.150764 0.475676 0.000000
v -0.153236 0.475676 0.000000
v -0.155236 0.477129 0.000000
v -0.156000 0.479480 0.000000
v -0.154079 0.479480 -0.024404
v -0.153325 0.481831 -0.024284
v -0.151349 0.483284 -0.023971
v -0.148908 0.483284 -0.023585
v -0.146932 0.481831 -0.023272
v -0.146178 0.479480 -0.023152
v -0.146932 0.477129 -0.023272
v -0.148908 0.475676 -0.023585
v -0.151349 0.475676 -0.023971
v -0.153325 0.477129 -0.024284
v -0.154079 0.479480 -0.024404
v -0.148365 0.479480 -0.048207
v -0.147638 0.481831 -0.047971
v -0.145736 0.483284 -0.047353
v -0.143385 0.483284 -0.046589
v -0.141483 0.481831 -0.045971
v -0.140756 0.479480 -0.045735
v -0.141483 0.477129 -0.045971
v -0.143385 0.475676 -0.046589
v -0.145736 0.475676 -0.047353
v -0.147638 0.477129 -0.047971
v -0.148365 0.479480 -0.048207
v -0.138997 0.479480 -0.070823
v -0.138316 0.481831 -0.070476
v -0.136534 0.483284 -0.069568
v -0.134332 0.483284 -0.068445
v -0.132550 0.481831 -0.067537
v -0.131869 0.479480 -0.067191
v -0.132550 0.477129 -0.067537
v -0.134332 0.475676 -0.068445
v -0.136534 0.475676 -0.069568
v -0.138316 0.477129 -0.070476
v -0.138997 0.479480 -0.070823
v -0.126207 0.479480 -0.091694
v -0.125589 0.481831 -0.091245
v -0.123971 0.483284 -0.090070
v -0.121971 0.483284 -0.088617
v -0.120353 0.481831 -0.087441
v -0.119735 0.479480 -0.086992
v -0.120353 0.477129 -0.087441
v -0.121971 0.475676 -0.088617
v -0.123971 0.475676 -0.090070
v -0.125589 0.477129 -0.091245
v -0.126207 0.479480 -0.091694
v -0.110309 0.479480 -0.110309
v -0.109768 0.481831 -0.109768
v -0.108354 0.483284 -0.108354
v -0.106606 0.483284 -0.106606
v -0.105192 0.481831 -0.105192
v -0.104652 0.479480 -0.104652
v -0.105192 0.477129 -0.105192
v -0.106606 0.475676 -0.106606
v -0.108354 0.475676 -0.108354
v -0.109768 0.477129 -0.109768
v -0.110309 0.479480 -0.110309
v -0.091694 0.479480 -0.126207
v -0.091245 0.481831 -0.125589
v -0.090070 0.483284 -0.123971
v -0.088617 0.483284 -0.121971
v -0.087441 0.481831 -0.120353
v -0.086992 0.479480 -0.119735
v -0.087441 0.477129 -0.120353
v -0.088617 0.475676 -0.121971
v -0.090070 0.475676 -0.123971
v -0.091245 0.477129 -0.125589
v -0.091694 0.479480 -0.126207
v -0.070823 0.479480 -0.138997
v -0.070476 0.481831 -0.138316
v -0.069568 0.483284 -0.136534
v -0.068445 0.483284 -0.134332
v -0.067537 0.481831 -0.132550
v -0.067191 0.479480 -0.131869
v -0.067537 0.477129 -0.132550
v -0.068445 0.475676 -0.134332
v -0.069568 0.475676 -0.136534
v -0.070476 0.477129 -0.138316
v -0.070823 0.479480 -0.138997
v -0.048207 0.479480 -0.148365
v -0.047971 0.481831 -0.147638
v -0.047353 0.483284 -0.145736
v -0.046589 0.483284 -0.143385
v -0.045971 0.481831 -0.141483
v -0.045735 0.479480 -0.140756
v -0.045971 0.477129 -0.141483
v -0.046589 0.475676 -0.143385
v -0.047353 0.475676 -0.145736
v -0.047971 0.477129 -0.147638
v -0.048207 0.479480 -0.148365
v -0.024404 0.479480 -0.154079
v -0.024284 0.481831 -0.153325
v -0.023971 0.483284 -0.151349
v -0.023585 0.483284 -0.148908
v -0.023272 0.481831 -0.146932
v -0.023152 0.479480 -0.146178
v -0.023272 0.477129 -0.146932
v -0.023585 0.475676 -0.148908
v -0.023971 0.475676 -0.151349
v -0.024284 0.477129 -0.153325
v -0.024404 0.479480 -0.154079
v -0.000000 0.479480 -0.156000
v -0.000000 0.481831 -0.155236
v -0.000000 0.483284 -0.153236
v -0.000000 0.483284 -0.150764
v -0.000000 0.481831 -0.148764
v -0.000000 0.479480 -0.148000
v -0.000000 0.477129 -0.148764
v -0.000000 0.475676 -0.150764
v -0.000000 0.475676 -0.153236
v -0.000000 0.477129 -0.155236
v -0.000000 0.479480 -0.156000
v 0.024404 0.479480 -0.154079
v 0.024284 0.481831 -0.153325
v 0.023971 0.483284 -0.151349
v 0.023585 0.483284 -0.148908
v 0.023272 0.481831 -0.146932
v 0.023152 0.479480 -0.146178
v 0.023272 0.477129 -0.146932
v 0.023585 0.475676 -0.148908
v 0.023971 0.475676 -0.151349
v 0.024284 0.477129 -0.153325
v 0.024404 0.479480 -0.154079
v 0.048207 0.479480 -0.148365
v 0.047971 0.481831 -0.147638
v 0.047353 0.483284 -0.145736
v 0.046589 0.483284 -0.143385
v 0.045971 0.481831 -0.141483
v 0.045735 0.479480 -0.140756
v 0.045971 0.477129 -0.141483
v 0.046589 0.475676 -0.143385
v 0.047353 0.475676 -0.145736
v 0.047971 0.477129 -0.147638
v 0.048207 0.479480 -0.148365
v 0.070823 0.479480 -0.138997
v 0.070476 0.481831 -0.138316
v 0.069568 0.483284 -0.136534
v 0.068445 0.483284 -0.134332
v 0.067537 0.481831 -0.132550
v 0.067191 0.479480 -0.131869
v 0.067537 0.477129 -0.132550
v 0.068445 0.475676 -0.134332
v 0.069568 0.475676 -0.136534
v 0.070476 0.477129 -0.138316
v 0.070823 0.479480 -0.138997
v 0.091694 0.479480 -0.126207
v 0.091245 0.481831 -0.125589
v 0.090070 0.483284 -0.123971
v 0.088617 0.483284 -0.121971
v 0.087441 0.481831 -0.120353
v 0.086992 0.479480 -0.119735
v 0.087441 0.477129 -0.120353
v 0.088617 0.475676 -0.121971
v 0.090070 0.475676 -0.123971
v 0.091245 0.477129 -0.125589
v 0.091694 0.479480 -0.126207
v 0.110309 0.479480 -0.110309
v 0.109768 0.481831 -0.109768
v 0.108354 0.483284 -0.108354
v 0.106606 0.483284 -0.106606
v 0.105192 0.481831 -0.105192
v 0.104652 0.479480 -0.104652
v 0.105192 0.477129 -0.105192
v 0.106606 0.475676 -0.106606
v 0.108354 0.475676 -0.108354
v 0.109768 0.477129 -0.109768
v 0.110309 0.479480 -0.110309
v 0.126207 0.479480 -0.091694
v 0.125589 0.481831 -0.091245
v 0.123971 0.483284 -0.090070
v 0.121971 0.483284 -0.088617
v 0.120353 0.481831 -0.087441
v 0.119735 0.479480 -0.086992
v 0.120353 0.477129 -0.087441
v 0.121971 0.475676 -0.088617
v 0.123971 0.475676 -0.090070
v 0.125589 0.477129 -0.091245
v 0.126207 0.479480 -0.091694
v 0.138997 0.479480 -0.070823
v 0.138316 0.481831 -0.070476
v 0.136534 0.483284 -0.069568
v 0.134332 0.483284 -0.068445
v 0.132550 0.481831 -0.067537
v 0.131869 0.479480 -0.067191
v 0.132550 0.477129 -0.067537
v 0.134332 0.475676 -0.068445
v 0.136534 0.475676 -0.069568
v 0.138316 0.477129 -0.070476
v 0.138997 0.479480 -0.070823
v 0.148365 0.479480 -0.048207
v 0.147638 0.481831 -0.047971
v 0.145736 0.483284 -0.047353
v 0.143385 0.483284 -0.046589
v 0.141483 0.481831 -0.045971
v 0.140756 0.479480 -0.045735
v 0.141483 0.477129 -0.045971
v 0.143385 0.475676 -0.046589
v 0.145736 0.475676 -0.047353
v 0.147638 0.477129 -0.047971
v 0.148365 0.479480 -0.048207
v 0.154079 0.479480 -0.024404
v 0.153325 0.481831 -0.024284
v 0.151349 0.483284 -0.023971
v 0.148908 0.483284 -0.023585
v 0.146932 0.481831 -0.023272
v 0.146178 0.479480 -0.023152
v 0.146932 0.477129 -0.023272
v 0.148908 0.475676 -0.023585
v 0.151349 0.475676 -0.023971
v 0.153325 0.477129 -0.024284
v 0.154079 0.479480 -0.024404
v 0.156000 0.479480 -0.000000
v 0.155236 0.481831 -0.000000
v 0.153236 0.483284 -0.000000
v 0.150764 0.483284 -0.000000
v 0.148764 0.481831 -0.000000
v 0.148000 0.479480 -0.000000
v 0.148764 0.477129 -0.000000
v 0.150764 0.475676 -0.000000
v 0.153236 0.475676 -0.000000
v 0.155236 0.477129 -0.000000
v 0.156000 0.479480 -0.000000
v 0.156000 0.505480 0.000000
v 0.155236 0.507831 0.000000
v 0.153236 0.509284 0.000000
v 0.150764 0.509284 0.000000
v 0.148764 0.507831 0.000000
v 0.148000 0.505480 0.000000
v 0.148764 0.503129 0.000000
v 0.150764 0.501676 0.000000
v 0.153236 0.501676 0.000000
v 0.155236 0.503129 0.000000
v 0.156000 0.505480 0.000000
v 0.154079 0.505480 0.024404
v 0.153325 0.507831 0.024284
v 0.151349 0.509284 0.023971
v 0.148908 0.509284 0.023585
v 0.146932 0.507831 0.023272
v 0.146178 0.505480 0.023152
v 0.146932 0.503129 0.023272
v 0.148908 0.501676 0.023585
v 0.151349 0.501676 0.023971
v 0.153325 0.503129 0.024284
v 0.154079 0.505480 0.024404
v 0.148365 0.505480 0.048207
v 0.147638 0.507831 0.047971
v 0.145736 0.509284 0.047353
v 0.143385 0.509284 0.046589
v 0.141483 0.507831 0.045971
v 0.140756 0.505480 0.045735
v 0.141483 0.503129 0.045971
v 0.143385 0.501676 0.046589
v 0.145736 0.501676 0.047353
v 0.147638 0.503129 0.047971
v 0.148365 0.505480 0.048207
v 0.138997 0.505480 0.070823
v 0.138316 0.507831 0.070476
v 0.136534 0.509284 0.069568
v 0.134332 0.509284 0.068445
v 0.132550 0.507831 0.067537
v 0.131869 0.505480 0.067191
v 0.132550 0.503129 0.067537
v 0.134332 0.501676 0.068445
v 0.136534 0.501676 0.069568
v 0.138316 0.503129 0.070476
v 0.138997 0.505480 0.070823
v 0.126207 0.505480 0.091694
v 0.125589 0.507831 0.091245
v 0.123971 0.509284 0.090070
v 0.121971 0.509284 0.088617
v 0.120353 0.507831 0.087441
v 0.119735 0.505480 0.086992
v 0.120353 0.503129 0.087441
v 0.121971 0.501676 0.088617
v 0.123971 0.501676 0.090070
v 0.125589 0.503129 0.091245
v 0.126207 0.505480 0.091694
v 0.110309 0.505480 0.110309
v 0.109768 0.507831 0.109768
v 0.108354 0.509284 0.108354
v 0.106606 0.509284 0.106606
v 0.105192 0.507831 0.105192
v 0.104652 0.505480 0.104652
v 0.105192 0.503129 0.105192
v 0.106606 0.501676 0.106606
v 0.108354 0.501676 0.108354
v 0.109768 0.503129 0.109768
v 0.110309 0.505480 0.110309
v 0.091694 0.505480 0.126207
v 0.091245 0.507831 0.125589
v 0.090070 0.509284 0.123971
v 0.088617 0.509284 0.121971
v 0.087441 0.507831 0.120353
v 0.086992 0.505480 0.119735
v 0.087441 0.503129 0.120353
v 0.088617 0.501676 0.121971
v 0.090070 0.501676 0.123971
v 0.091245 0.503129 0.125589
v 0.091694 0.505480 0.126207
v 0.070823 0.505480 0.138997
v 0.070476 0.507831 0.138316
v 0.069568 0.509284 0.136534
v 0.068445 0.509284 0.134332
v 0.067537 0.507831 0.132550
v 0.067191 0.505480 0.131869
v 0.067537 0.503129 0.132550
v 0.068445 0.501676 0.134332
v 0.069568 0.501676 0.136534
v 0.070476 0.503129 0.138316
v 0.070823 0.505480 0.138997
v 0.048207 0.505480 0.148365
v 0.047971 0.507831 0.147638
v 0.047353 0.509284 0.145736
v 0.046589 0.509284 0.143385
v 0.045971 0.507831 0.141483
v 0.045735 0.505480 0.140756
v 0.045971 0.503129 0.141483
v 0.046589 0.501676 0.143385
v 0.047353 0.501676 0.145736
v 0.047971 0.503129 0.147638
v 0.048207 0.505480 0.148365
v 0.024404 0.505480 0.154079
v 0.024284 0.507831 0.153325
v 0.023971 0.509284 0.151349
v 0.023585 0.509284 0.148908
v 0.023272 0.507831 0.146932
v 0.023152 0.505480 0.146178
v 0.023272 0.503129 0.146932
v 0.023585 0.501676 0.148908
v 0.023971 0.501676 0.151349
v 0.024284 0.503129 0.153325
v 0.024404 0.505480 0.154079
v 0.000000 0.505480 0.156000
v 0.000000 0.507831 0.155236
v 0.000000 0.509284 0.153236
v 0.000000 0.509284 0.150764
v 0.000000 0.507831 0.148764
v 0.000000 0.505480 0.148000
v 0.000000 0.503129 0.148764
v 0.000000 0.501676 0.150764
v 0.000000 0.501676 0.153236
v 0.000000 0.503129 0.155236
v 0.000000 0.505480 0.156000
v -0.024404 0.505480 0.154079
v -0.024284 0.507831 0.153325
v -0.023971 0.509284 0.151349
v -0.023585 0.509284 0.148908
v -0.023272 0.507831 0.146932
v -0.023152 0.505480 0.146178
v -0.023272 0.503129 0.146932
v -0.023585 0.501676 0.148908
v -0.023971 0.501676 0.151349
v -0.024284 0.503129 0.153325
v -0.024404 0.505480 0.154079
v -0.048207 0.505480 0.148365
v -0.047971 0.507831 0.147638
v -0.047353 0.509284 0.145736
v -0.046589 0.509284 0.143385
v -0.045971 0.507831 0.141483
v -0.045735 0.505480 0.140756
v -0.045971 0.503129 0.141483
v -0.046589 0.501676 0.143385
v -0.047353 0.501676 0.145736
v -0.047971 0.503129 0.147638
v -0.048207 0.505480 0.148365
v -0.070823 0.505480 0.138997
v -0.070476 0.507831 0.138316
v -0.069568 0.509284 0.136534
v -0.068445 0.509284 0.134332
v -0.067537 0.507831 0.132550
v -0.067191 0.505480 0.131869
v -0.067537 0.503129 0.132550
v -0.068445 0.501676 0.134332
v -0.069568 0.501676 0.136534
v -0.070476 0.503129 0.138316
v -0.070823 0.505480 0.138997
v -0.091694 0.505480 0.126207
v -0.091245 0.507831 0.125589
v -0.090070 0.509284 0.123971
v -0.088617 0.509284 0.121971
v -0.087441 0.507831 0.120353
v -0.086992 0.505480 0.119735
v -0.087441 0.503129 0.120353
v -0.088617 0.501676 0.121971
v -0.090070 0.501676 0.123971
v -0.091245 0.503129 0.125589
v -0.091694 0.505480 0.126207
v -0.110309 0.505480 0.110309
v -0.109768 0.507831 0.109768
v -0.108354 0.509284 0.108354
v -0.106606 0.509284 0.106606
v -0.105192 0.507831 0.105192
v -0.104652 0.505480 0.104652
v -0.105192 0.503129 0.105192
v -0.106606 0.501676 0.106606
v -0.108354 0.501676 0.108354
v -0.109768 0.503129 0.109768
v -0.110309 0.505480 0.110309
v -0.126207 0.505480 0.091694
v -0.125589 0.507831 0.091245
v -0.123971 0.509284 0.090070
v -0.121971 0.509284 0.088617
v -0.120353 0.507831 0.087441
v -0.119735 0.505480 0.086992
v -0.120353 0.503129 0.087441
v -0.121971 0.501676 0.088617
v -0.123971 0.501676 0.090070
v -0.125589 0.503129 0.091245
v -0.126207 0.505480 0.091694
v -0.138997 0.505480 0.070823
v -0.138316 0.507831 0.070476
v -0.136534 0.509284 0.069568
v -0.134332 0.509284 0.068445
v -0.132550 0.507831 0.067537
v -0.131869 0.505480 0.067191
v -0.132550 0.503129 0.067537
v -0.134332 0.501676 0.068445
v -0.136534 0.501676 0.069568
v -0.138316 0.503129 0.070476
v -0.138997 0.505480 0.070823
v -0.148365 0.505480 0.048207
v -0.147638 0.507831 0.047971
v -0.145736 0.509284 0.047353
v -0.143385 0.509284 0.046589
v -0.141483 0.507831 0.045971
v -0.140756 0.505480 0.045735
v -0.141483 0.503129 0.045971
v -0.143385 0.501676 0.046589
v -0.145736 0.501676 0.047353
v -0.147638 0.503129 0.047971
v -0.148365 0.505480 0.048207
v -0.154079 0.505480 0.024404
v -0.153325 0.507831 0.024284
v -0.151349 0.509284 0.023971
v -0.148908 0.509284 0.023585
v -0.146932 0.507831 0.023272
v -0.146178 0.505480 0.023152
v -0.146932 0.503129 0.023272
v -0.148908 0.501676 0.023585
v -0.151349 0.501676 0.023971
v -0.153325 0.503129 0.024284
v -0.154079 0.505480 0.024404
v -0.156000 0.505480 0.000000
v -0.155236 0.507831 0.000000
v -0.153236 0.509284 0.000000
v -0.150764 0.509284 0.000000
v -0.148764 0.507831 0.000000
v -0.148000 0.505480 0.000000
v -0.148764 0.503129 0.000000
v -0.150764 0.501676 0.000000
v -0.153236 0.501676 0.000000
v -0.155236 0.503129 0.000000
v -0.156000 0.505480 0.000000
v -0.154079 0.505480 -0.024404
v -0.153325 0.507831 -0.024284
v -0.151349 0.509284 -0.023971
v -0.148908 0.509284 -0.023585
v -0.146932 0.507831 -0.023272
v -0.146178 0.505480 -0.023152
v -0.146932 0.503129 -0.023272
v -0.148908 0.501676 -0.023585
v -0.151349 0.501676 -0.023971
v -0.153325 0.503129 -0.024284
v -0.154079 0.505480 -0.024404
v -0.148365 0.505480 -0.048207
v -0.147638 0.507831 -0.047971
v -0.145736 0.509284 -0.047353
v -0.143385 0.509284 -0.046589
v -0.141483 0.507831 -0.045971
v -0.140756 0.505480 -0.045735
v -0.141483 0.503129 -0.045971
v -0.143385 0.501676 -0.046589
v -0.145736 0.501676 -0.047353
v -0.147638 0.503129 -0.047971
v -0.148365 0.505480 -0.048207
v -0.138997 0.505480 -0.070823
v -0.138316 0.507831 -0.070476
v -0.136534 0.509284 -0.069568
v -0.134332 0.509284 -0.068445
v -0.132550 0.507831 -0.067537
v -0.131869 0.505480 -0.067191
v -0.132550 0.503129 -0.067537
v -0.134332 0.501676 -0.068445
v -0.136534 0.501676 -0.069568
v -0.138316 0.503129 -0.070476
v -0.138997 0.505480 -0.070823
v -0.126207 0.505480 -0.091694
v -0.125589 0.507831 -0.091245
v -0.123971 0.509284 -0.090070
v -0.121971 0.509284 -0.088617
v -0.120353 0.507831 -0.087441
v -0.119735 0.505480 -0.086992
v -0.120353 0.503129 -0.087441
v -0.121971 0.501676 -0.088617
v -0.123971 0.501676 -0.090070
v -0.125589 0.503129 -0.091245
v -0.126207 0.505480 -0.091694
v -0.110309 0.505480 -0.110309
v -0.109768 0.507831 -0.109768
v -0.108354 0.509284 -0.108354
v -0.106606 0.509284 -0.106606
v -0.105192 0.507831 -0.105192
v -0.104652 0.505480 -0.104652
v -0.105192 0.503129 -0.105192
v -0.106606 0.501676 -0.106606
v -0.108354 0.501676 -0.108354
v -0.109768 0.503129 -0.109768
v -0.110309 0.505480 -0.110309
v -0.091694 0.505480 -0.126207
v -0.091245 0.507831 -0.125589
v -0.090070 0.509284 -0.123971
v -0.088617 0.509284 -0.121971
v -0.087441 0.507831 -0.120353
v -0.086992 0.505480 -0.119735
v -0.087441 0.503129 -0.120353
v -0.088617 0.501676 -0.121971
v -0.090070 0.501676 -0.123971
v -0.091245 0.503129 -0.125589
v -0.091694 0.505480 -0.126207
v -0.070823 0.505480 -0.138997
v -0.070476 0.507831 -0.138316
v -0.069568 0.509284 -0.136534
v -0.068445 0.509284 -0.134332
v -0.067537 0.507831 -0.132550
v -0.067191 0.505480 -0.131869
v -0.067537 0.503129 -0.132550
v -0.068445 0.501676 -0.134332
v -0.069568 0.501676 -0.136534
v -0.070476 0.503129 -0.138316
v -0.070823 0.505480 -0.138997
v -0.048207 0.505480 -0.148365
v -0.047971 0.507831 -0.147638
v -0.047353 0.509284 -0.145736
v -0.046589 0.509284 -0.143385
v -0.045971 0.507831 -0.141483
v -0.045735 0.505480 -0.140756
v -0.045971 0.503129 -0.141483
v -0.046589 0.501676 -0.143385
v -0.047353 0.501676 -0.145736
v -0.047971 0.503129 -0.147638
v -0.048207 0.505480 -0.148365
v -0.024404 0.505480 -0.154079
v -0.024284 0.507831 -0.153325
v -0.023971 0.509284 -0.151349
v -0.023585 0.509284 -0.148908
v -0.023272 0.507831 -0.146932
v -0.023152 0.505480 -0.146178
v -0.023272 0.503129 -0.146932
v -0.023585 0.501676 -0.148908
v -0.023971 0.501676 -0.151349
v -0.024284 0.503129 -0.153325
v -0.024404 0.505480 -0.154079
v -0.000000 0.505480 -0.156000
v -0.000000 0.507831 -0.155236
v -0.000000 0.509284 -0.153236
v -0.000000 0.509284 -0.150764
v -0.000000 0.507831 -0.148764
v -0.000000 0.505480 -0.148000
v -0.000000 0.503129 -0.148764
v -0.000000 0.501676 -0.150764
v -0.000000 0.501676 -0.153236
v -0.000000 0.503129 -0.155236
v -0.000000 0.505480 -0.156000
v 0.024404 0.505480 -0.154079
v 0.024284 0.507831 -0.153325
v 0.023971 0.509284 -0.151349
v 0.023585 0.509284 -0.148908
v 0.023272 0.507831 -0.146932
v 0.023152 0.505480 -0.146178
v 0.023272 0.503129 -0.146932
v 0.023585 0.501676 -0.148908
v 0.023971 0.501676 -0.151349
v 0.024284 0.503129 -0.153325
v 0.024404 0.505480 -0.154079
v 0.048207 0.505480 -0.148365
v 0.047971 0.507831 -0.147638
v 0.047353 0.509284 -0.145736
v 0.046589 0.509284 -0.143385
v 0.045971 0.507831 -0.141483
v 0.045735 0.505480 -0.140756
v 0.045971 0.503129 -0.141483
v 0.046589 0.501676 -0.143385
v 0.047353 0.501676 -0.145736
v 0.047971 0.503129 -0.147638
v 0.048207 0.505480 -0.148365
v 0.070823 0.505480 -0.138997
v 0.070476 0.507831 -0.138316
v 0.069568 0.509284 -0.136534
v 0.068445 0.509284 -0.134332
v 0.067537 0.507831 -0.132550
v 0.067191 0.505480 -0.131869
v 0.067537 0.503129 -0.132550
v 0.068445 0.501676 -0.134332
v 0.069568 0.501676 -0.136534
v 0.070476 0.503129 -0.138316
v 0.070823 0.505480 -0.138997
v 0.091694 0.505480 -0.126207
v 0.091245 0.507831 -0.125589
v 0.090070 0.509284 -0.123971
v 0.088617 0.509284 -0.121971
v 0.087441 0.507831 -0.120353
v 0.086992 0.505480 -0.119735
v 0.087441 0.503129 -0.120353
v 0.088617 0.501676 -0.121971
v 0.090070 0.501676 -0.123971
v 0.091245 0.503129 -0.125589
v 0.091694 0.505480 -0.126207
v 0.110309 0.505480 -0.110309
v 0.109768 0.507831 -0.109768
v 0.108354 0.509284 -0.108354
v 0.106606 0.509284 -0.106606
v 0.105192 0.507831 -0.105192
v 0.104652 0.505480 -0.104652
v 0.105192 0.503129 -0.105192
v 0.106606 0.501676 -0.106606
v 0.108354 0.501676 -0.108354
v 0.109768 0.503129 -0.109768
v 0.110309 0.505480 -0.110309
v 0.126207 0.505480 -0.091694
v 0.125589 0.507831 -0.091245
v 0.123971 0.509284 -0.090070
v 0.121971 0.509284 -0.088617
v 0.120353 0.507831 -0.087441
v 0.119735 0.505480 -0.086992
v 0.120353 0.503129 -0.087441
v 0.121971 0.501676 -0.088617
v 0.123971 0.501676 -0.090070
v 0.125589 0.503129 -0.091245
v 0.126207 0.505480 -0.091694
v 0.138997 0.505480 -0.070823
v 0.138316 0.507831 -0.070476
v 0.136534 0.509284 -0.069568
v 0.134332 0.509284 -0.068445
v 0.132550 0.507831 -0.067537
v 0.131869 0.505480 -0.067191
v 0.132550 0.503129 -0.067537
v 0.134332 0.501676 -0.068445
v 0.136534 0.501676 -0.069568
v 0.138316 0.503129 -0.070476
v 0.138997 0.505480 -0.070823
v 0.148365 0.505480 -0.048207
v 0.147638 0.507831 -0.047971
v 0.145736 0.509284 -0.047353
v 0.143385 0.509284 -0.046589
v 0.141483 0.507831 -0.045971
v 0.140756 0.505480 -0.045735
v 0.141483 0.503129 -0.045971
v 0.143385 0.501676 -0.046589
v 0.145736 0.501676 -0.047353
v 0.147638 0.503129 -0.047971
v 0.148365 0.505480 -0.048207
v 0.154079 0.505480 -0.024404
v 0.153325 0.507831 -0.024284
v 0.151349 0.509284 -0.023971
v 0.148908 0.509284 -0.023585
v 0.146932 0.507831 -0.023272
v 0.146178 0.505480 -0.023152
v 0.146932 0.503129 -0.023272
v 0.148908 0.501676 -0.023585
v 0.151349 0.501676 -0.023971
v 0.153325 0.503129 -0.024284
v 0.154079 0.505480 -0.024404
v 0.156000 0.505480 -0.000000
v 0.155236 0.507831 -0.000000
v 0.153236 0.509284 -0.000000
v 0.150764 0.509284 -0.000000
v 0.148764 0.507831 -0.000000
v 0.148000 0.505480 -0.000000
v 0.148764 0.503129 -0.000000
v 0.150764 0.501676 -0.000000
v 0.153236 0.501676 -0.000000
v 0.155236 0.503129 -0.000000
v 0.156000 0.505480 -0.000000
v 0.156000 0.531480 0.000000
v 0.155236 0.533831 0.000000
v 0.153236 0.535284 0.000000
v 0.150764 0.535284 0.000000
v 0.148764 0.533831 0.000000
v 0.148000 0.531480 0.000000
v 0.148764 0.529129 0.000000
v 0.150764 0.527676 0.000000
v 0.153236 0.527676 0.000000
v 0.155236 0.529129 0.000000
v 0.156000 0.531480 0.000000
v 0.154079 0.531480 0.024404
v 0.153325 0.533831 0.024284
v 0.151349 0.535284 0.023971
v 0.148908 0.535284 0.023585
v 0.146932 0.533831 0.023272
v 0.146178 0.531480 0.023152
v 0.146932 0.529129 0.023272
v 0.148908 0.527676 0.023585
v 0.151349 0.527676 0.023971
v 0.153325 0.529129 0.024284
v 0.154079 0.531480 0.024404
v 0.148365 0.531480 0.048207
v 0.147638 0.533831 0.047971
v 0.145736 0.535284 0.047353
v 0.143385 0.535284 0.046589
v 0.141483 0.533831 0.045971
v 0.140756 0.531480 0.045735
v 0.141483 0.529129 0.045971
v 0.143385 0.527676 0.046589
v 0.145736 0.527676 0.047353
v 0.147638 0.529129 0.047971
v 0.148365 0.531480 0.048207
v 0.138997 0.531480 0.070823
v 0.138316 0.533831 0.070476
v 0.136534 0.535284 0.069568
v 0.134332 0.535284 0.068445
v 0.132550 0.533831 0.067537
v 0.131869 0.531480 0.067191
v 0.132550 0.529129 0.067537
v 0.134332 0.527676 0.068445
v 0.136534 0.527676 0.069568
v 0.138316 0.529129 0.070476
v 0.138997 0.531480 0.070823
v 0.126207 0.531480 0.091694
v 0.125589 0.533831 0.091245
v 0.123971 0.535284 0.090070
v 0.121971 0.535284 0.088617
v 0.120353 0.533831 0.087441
v 0.119735 0.531480 0.086992
v 0.120353 0.529129 0.087441
v 0.121971 0.527676 0.088617
v 0.123971 0.527676 0.090070
v 0.125589 0.529129 0.091245
v 0.126207 0.531480 0.091694
v 0.110309 0.531480 0.110309
v 0.109768 0.533831 0.109768
v 0.108354 0.535284 0.108354
v 0.106606 0.535284 0.106606
v 0.105192 0.533831 0.105192
v 0.104652 0.531480 0.104652
v 0.105192 0.529129 0.105192
v 0.106606 0.527676 0.106606
v 0.108354 0.527676 0.108354
v 0.109768 0.529129 0.109768
v 0.110309 0.531480 0.110309
v 0.091694 0.531480 0.126207
v 0.091245 0.533831 0.125589
v 0.090070 0.535284 0.123971
v 0.088617 0.535284 0.121971
v 0.087441 0.533831 0.120353
v 0.086992 0.531480 0.119735
v 0.087441 0.529129 0.120353
v 0.088617 0.527676 0.121971
v 0.090070 0.527676 0.123971
v 0.091245 0.529129 0.125589
v 0.091694 0.531480 0.126207
v 0.070823 0.531480 0.138997
v 0.070476 0.533831 0.138316
v 0.069568 0.535284 0.136534
v 0.068445 0.535284 0.134332
v 0.067537 0.533831 0.132550
v 0.067191 0.531480 0.131869
v 0.067537 0.529129 0.132550
v 0.068445 0.527676 0.134332
v 0.069568 0.527676 0.136534
v 0.070476 0.529129 0.138316
v 0.070823 0.531480 0.138997
v 0.048207 0.531480 0.148365
v 0.047971 0.533831 0.147638
v 0.047353 0.535284 0.145736
v 0.046589 0.535284 0.143385
v 0.045971 0.533831 0.141483
v 0.045735 0.531480 0.140756
v 0.045971 0.529129 0.141483
v 0.046589 0.527676 0.143385
v 0.047353 0.527676 0.145736
v 0.047971 0.529129 0.147638
v 0.048207 0.531480 0.148365
v 0.024404 0.531480 0.154079
v 0.024284 0.533831 0.153325
v 0.023971 0.535284 0.151349
v 0.023585 0.535284 0.148908
v 0.023272 0.533831 0.146932
v 0.023152 0.531480 0.146178
v 0.023272 0.529129 0.146932
v 0.023585 0.527676 0.148908
v 0.023971 0.527676 0.151349
v 0.024284 0.529129 0.153325
v 0.024404 0.531480 0.154079
v 0.000000 0.531480 0.156000
v 0.000000 0.533831 0.155236
v 0.000000 0.535284 0.153236
v 0.000000 0.535284 0.150764
v 0.000000 0.533831 0.148764
v 0.000000 0.531480 0.148000
v 0.000000 0.529129 0.148764
v 0.000000 0.527676 0.150764
v 0.000000 0.527676 0.153236
v 0.000000 0.529129 0.155236
v 0.000000 0.531480 0.156000
v -0.024404 0.531480 0.154079
v -0.024284 0.533831 0.153325
v -0.023971 0.535284 0.151349
v -0.023585 0.535284 0.148908
v -0.023272 0.533831 0.146932
v -0.023152 0.531480 0.146178
v -0.023272 0.529129 0.146932
v -0.023585 0.527676 0.148908
v -0.023971 0.527676 0.151349
v -0.024284 0.529129 0.153325
v -0.024404 0.531480 0.154079
v -0.048207 0.531480 0.148365
v -0.047971 0.533831 0.147638
v -0.047353 0.535284 0.145736
v -0.046589 0.535284 0.143385
v -0.045971 0.533831 0.141483
v -0.045735 0.531480 0.140756
v -0.045971 0.529129 0.141483
v -0.046589 0.527676 0.143385
v -0.047353 0.527676 0.145736
v -0.047971 0.529129 0.147638
v -0.048207 0.531480 0.148365
v -0.070823 0.531480 0.138997
v -0.070476 0.533831 0.138316
v -0.069568 0.535284 0.136534
v -0.068445 0.535284 0.134332
v -0.067537 0.533831 0.132550
v -0.067191 0.531480 0.131869
v -0.067537 0.529129 0.132550
v -0.068445 0.527676 0.134332
v -0.069568 0.527676 0.136534
v -0.070476 0.529129 0.138316
v -0.070823 0.531480 0.138997
v -0.091694 0.531480 0.126207
v -0.091245 0.533831 0.125589
v -0.090070 0.535284 0.123971
v -0.088617 0.535284 0.121971
v -0.087441 0.533831 0.120353
v -0.086992 0.531480 0.119735
v -0.087441 0.529129 0.120353
v -0.088617 0.527676 0.121971
v -0.090070 0.527676 0.123971
v -0.091245 0.529129 0.125589
v -0.091694 0.531480 0.126207
v -0.110309 0.531480 0.110309
v -0.109768 0.533831 0.109768
v -0.108354 0.535284 0.108354
v -0.106606 0.535284 0.106606
v -0.105192 0.533831 0.105192
v -0.104652 0.531480 0.104652
v -0.105192 0.529129 0.105192
v -0.106606 0.527676 0.106606
v -0.108354 0.527676 0.108354
v -0.109768 0.529129 0.109768
v -0.110309 0.531480 0.110309
v -0.126207 0.531480 0.091694
v -0.125589 0.533831 0.091245
v -0.123971 0.535284 0.090070
v -0.121971 0.535284 0.088617
v -0.120353 0.533831 0.087441
v -0.119735 0.531480 0.086992
v -0.120353 0.529129 0.087441
v -0.121971 0.527676 0.088617
v -0.123971 0.527676 0.090070
v -0.125589 0.529129 0.091245
v -0.126207 0.531480 0.091694
v -0.138997 0.531480 0.070823
v -0.138316 0.533831 0.070476
v -0.136534 0.535284 0.069568
v -0.134332 0.535284 0.068445
v -0.132550 0.533831 0.067537
v -0.131869 0.531480 0.067191
v -0.132550 0.529129 0.067537
v -0.134332 0.527676 0.068445
v -0.136534 0.527676 0.069568
v -0.138316 0.529129 0.070476
v -0.138997 0.531480 0.070823
v -0.148365 0.531480 0.048207
v -0.147638 0.533831 0.047971
v -0.145736 0.535284 0.047353
v -0.143385 0.535284 0.046589
v -0.141483 0.533831 0.045971
v -0.140756 0.531480 0.045735
v -0.141483 0.529129 0.045971
v -0.143385 0.527676 0.046589
v -0.145736 0.527676 0.047353
v -0.147638 0.529129 0.047971
v -0.148365 0.531480 0.048207
v -0.154079 0.531480 0.024404
v -0.153325 0.533831 0.024284
v -0.151349 0.535284 0.023971
v -0.148908 0.535284 0.023585
v -0.146932 0.533831 0.023272
v -0.146178 0.531480 0.023152
v -0.146932 0.529129 0.023272
v -0.148908 0.527676 0.023585
v -0.151349 0.527676 0.023971
v -0.153325 0.529129 0.024284
v -0.154079 0.531480 0.024404
v -0.156000 0.531480 0.000000
v -0.155236 0.533831 0.000000
v -0.153236 0.535284 0.000000
v -0.150764 0.535284 0.000000
v -0.148764 0.533831 0.000000
v -0.148000 0.531480 0.000000
v -0.148764 0.529129 0.000000
v -0.150764 0.527676 0.000000
v -0.153236 0.527676 0.000000
v -0.155236 0.529129 0.000000
v -0.156000 0.531480 0.000000
v -0.154079 0.531480 -0.024404
v -0.153325 0.533831 -0.024284
v -0.151349 0.535284 -0.023971
v -0.148908 0.535284 -0.023585
v -0.146932 0.533831 -0.023272
v -0.146178 0.531480 -0.023152
v -0.146932 0.529129 -0.023272
v -0.148908 0.527676 -0.023585
v -0.151349 0.527676 -0.023971
v -0.153325 0.529129 -0.024284
v -0.154079 0.531480 -0.024404
v -0.148365 0.531480 -0.048207
v -0.147638 0.533831 -0.047971
v -0.145736 0.535284 -0.047353
v -0.143385 0.535284 -0.046589
v -0.141483 0.533831 -0.045971
v -0.140756 0.531480 -0.045735
v -0.141483 0.529129 -0.045971
v -0.143385 0.527676 -0.046589
v -0.145736 0.527676 -0.047353
v -0.147638 0.529129 -0.047971
v -0.148365 0.531480 -0.048207
v -0.138997 0.531480 -0.070823
v -0.138316 0.533831 -0.070476
v -0.136534 0.535284 -0.069568
v -0.134332 0.535284 -0.068445
v -0.132550 0.533831 -0.067537
v -0.131869 0.531480 -0.067191
v -0.132550 0.529129 -0.067537
v -0.134332 0.527676 -0.068445
v -0.136534 0.527676 -0.069568
v -0.138316 0.529129 -0.070476
v -0.138997 0.531480 -0.070823
v -0.126207 0.531480 -0.091694
v -0.125589 0.533831 -0.091245
v -0.123971 0.535284 -0.090070
v -0.121971 0.535284 -0.088617
v -0.120353 0.533831 -0.087441
v -0.119735 0.531480 -0.086992
v -0.120353 0.529129 -0.087441
v -0.121971 0.527676 -0.088617
v -0.123971 0.527676 -0.090070
v -0.125589 0.529129 -0.091245
v -0.126207 0.531480 -0.091694
v -0.110309 0.531480 -0.110309
v -0.109768 0.533831 -0.109768
v -0.108354 0.535284 -0.108354
v -0.106606 0.535284 -0.106606
v -0.105192 0.533831 -0.105192
v -0.104652 0.531480 -0.104652
v -0.105192 0.529129 -0.105192
v -0.106606 0.527676 -0.106606
v -0.108354 0.527676 -0.108354
v -0.109768 0.529129 -0.109768
v -0.110309 0.531480 -0.110309
v -0.091694 0.531480 -0.126207
v -0.091245 0.533831 -0.125589
v -0.090070 0.535284 -0.123971
v -0.088617 0.535284 -0.121971
v -0.087441 0.533831 -0.120353
v -0.086992 0.531480 -0.119735
v -0.087441 0.529129 -0.120353
v -0.088617 0.527676 -0.121971
v -0.090070 0.527676 -0.123971
v -0.091245 0.529129 -0.125589
v -0.091694 0.531480 -0.126207
v -0.070823 0.531480 -0.138997
v -0.070476 0.533831 -0.138316
v -0.069568 0.535284 -0.136534
v -0.068445 0.535284 -0.134332
v -0.067537 0.533831 -0.132550
v -0.067191 0.531480 -0.131869
v -0.067537 0.529129 -0.132550
v -0.068445 0.527676 -0.134332
v -0.069568 0.527676 -0.136534
v -0.070476 0.529129 -0.138316
v -0.070823 0.531480 -0.138997
v -0.048207 0.531480 -0.148365
v -0.047971 0.533831 -0.147638
v -0.047353 0.535284 -0.145736
v -0.046589 0.535284 -0.143385
v -0.045971 0.533831 -0.141483
v -0.045735 0.531480 -0.140756
v -0.045971 0.529129 -0.141483
v -0.046589 0.527676 -0.143385
v -0.047353 0.527676 -0.145736
v -0.047971 0.529129 -0.147638
v -0.048207 0.531480 -0.148365
v -0.024404 0.531480 -0.154079
v -0.024284 0.533831 -0.153325
v -0.023971 0.535284 -0.151349
v -0.023585 0.535284 -0.148908
v -0.023272 0.533831 -0.146932
v -0.023152 0.531480 -0.146178
v -0.023272 0.529129 -0.146932
v -0.023585 0.527676 -0.148908
v -0.023971 0.527676 -0.151349
v -0.024284 0.529129 -0.153325
v -0.024404 0.531480 -0.154079
v -0.000000 0.531480 -0.156000
v -0.000000 0.533831 -0.155236
v -0.000000 0.535284 -0.153236
v -0.000000 0.535284 -0.150764
v -0.000000 0.533831 -0.148764
v -0.000000 0.531480 -0.148000
v -0.000000 0.529129 -0.148764
v -0.000000 0.527676 -0.150764
v -0.000000 0.527676 -0.153236
v -0.000000 0.529129 -0.155236
v -0.000000 0.531480 -0.156000
v 0.024404 0.531480 -0.154079
v 0.024284 0.533831 -0.153325
v 0.023971 0.535284 -0.151349
v 0.023585 0.535284 -0.148908
v 0.023272 0.533831 -0.146932
v 0.023152 0.531480 -0.146178
v 0.023272 0.529129 -0.146932
v 0.023585 0.527676 -0.148908
v 0.023971 0.527676 -0.151349
v 0.024284 0.529129 -0.153325
v 0.024404 0.531480 -0.154079
v 0.048207 0.531480 -0.148365
v 0.047971 0.533831 -0.147638
v 0.047353 0.535284 -0.145736
v 0.046589 0.535284 -0.143385
v 0.045971 0.533831 -0.141483
v 0.045735 0.531480 -0.140756
v 0.045971 0.529129 -0.141483
v 0.046589 0.527676 -0.143385
v 0.047353 0.527676 -0.145736
v 0.047971 0.529129 -0.147638
v 0.048207 0.531480 -0.148365
v 0.070823 0.531480 -0.138997
v 0.070476 0.533831 -0.138316
v 0.069568 0.535284 -0.136534
v 0.068445 0.535284 -0.134332
v 0.067537 0.533831 -0.132550
v 0.067191 0.531480 -0.131869
v 0.067537 0.529129 -0.132550
v 0.068445 0.527676 -0.134332
v 0.069568 0.527676 -0.136534
v 0.070476 0.529129 -0.138316
v 0.070823 0.531480 -0.138997
v 0.091694 0.531480 -0.126207
v 0.091245 0.533831 -0.125589
v 0.090070 0.535284 -0.123971
v 0.088617 0.535284 -0.121971
v 0.087441 0.533831 -0.120353
v 0.086992 0.531480 -0.119735
v 0.087441 0.529129 -0.120353
v 0.088617 0.527676 -0.121971
v 0.090070 0.527676 -0.123971
v 0.091245 0.529129 -0.125589
v 0.091694 0.531480 -0.126207
v 0.110309 0.531480 -0.110309
v 0.109768 0.533831 -0.109768
v 0.108354 0.535284 -0.108354
v 0.106606 0.535284 -0.106606
v 0.105192 0.533831 -0.105192
v 0.104652 0.531480 -0.104652
v 0.105192 0.529129 -0.105192
v 0.106606 0.527676 -0.106606
v 0.108354 0.527676 -0.108354
v 0.109768 0.529129 -0.109768
v 0.110309 0.531480 -0.110309
v 0.126207 0.531480 -0.091694
v 0.125589 0.533831 -0.091245
v 0.123971 0.535284 -0.090070
v 0.121971 0.535284 -0.088617
v 0.120353 0.533831 -0.087441
v 0.119735 0.531480 -0.086992
v 0.120353 0.529129 -0.087441
v 0.121971 0.527676 -0.088617
v 0.123971 0.527676 -0.090070
v 0.125589 0.529129 -0.091245
v 0.126207 0.531480 -0.091694
v 0.138997 0.531480 -0.070823
v 0.138316 0.533831 -0.070476
v 0.136534 0.535284 -0.069568
v 0.134332 0.535284 -0.068445
v 0.132550 0.533831 -0.067537
v 0.131869 0.531480 -0.067191
v 0.132550 0.529129 -0.067537
v 0.134332 0.527676 -0.068445
v 0.136534 0.527676 -0.069568
v 0.138316 0.529129 -0.070476
v 0.138997 0.531480 -0.070823
v 0.148365 0.531480 -0.048207
v 0.147638 0.533831 -0.047971
v 0.145736 0.535284 -0.047353
v 0.143385 0.535284 -0.046589
v 0.141483 0.533831 -0.045971
v 0.140756 0.531480 -0.045735
v 0.141483 0.529129 -0.045971
v 0.143385 0.527676 -0.046589
v 0.145736 0.527676 -0.047353
v 0.147638 0.529129 -0.047971
v 0.148365 0.531480 -0.048207
v 0.154079 0.531480 -0.024404
v 0.153325 0.533831 -0.024284
v 0.151349 0.535284 -0.023971
v 0.148908 0.535284 -0.023585
v 0.146932 0.533831 -0.023272
v 0.146178 0.531480 -0.023152
v 0.146932 0.529129 -0.023272
v 0.148908 0.527676 -0.023585
v 0.151349 0.527676 -0.023971
v 0.153325 0.529129 -0.024284
v 0.154079 0.531480 -0.024404
v 0.156000 0.531480 -0.000000
v 0.155236 0.533831 -0.000000
v 0.153236 0.535284 -0.000000
v 0.150764 0.535284 -0.000000
v 0.148764 0.533831 -0.000000
v 0.148000 0.531480 -0.000000
v 0.148764 0.529129 -0.000000
v 0.150764 0.527676 -0.000000
v 0.153236 0.527676 -0.000000
v 0.155236 0.529129 -0.000000
v 0.156000 0.531480 -0.000000
v 0.156000 0.557480 0.000000
v 0.155236 0.559831 0.000000
v 0.153236 0.561284 0.000000
v 0.150764 0.561284 0.000000
v 0.148764 0.559831 0.000000
v 0.148000 0.557480 0.000000
v 0.148764 0.555129 0.000000
v 0.150764 0.553676 0.000000
v 0.153236 0.553676 0.000000
v 0.155236 0.555129 0.000000
v 0.156000 0.557480 0.000000
v 0.154079 0.557480 0.024404
v 0.153325 0.559831 0.024284
v 0.151349 0.561284 0.023971
v 0.148908 0.561284 0.023585
v 0.146932 0.559831 0.023272
v 0.146178 0.557480 0.023152
v 0.146932 0.555129 0.023272
v 0.148908 0.553676 0.023585
v 0.151349 0.553676 0.023971
v 0.153325 0.555129 0.024284
v 0.154079 0.557480 0.024404
v 0.148365 0.557480 0.048207
v 0.147638 0.559831 0.047971
v 0.145736 0.561284 0.047353
v 0.143385 0.561284 0.046589
v 0.141483 0.559831 0.045971
v 0.140756 0.557480 0.045735
v 0.141483 0.555129 0.045971
v 0.143385 0.553676 0.046589
v 0.145736 0.553676 0.047353
v 0.147638 0.555129 0.047971
v 0.148365 0.557480 0.048207
v 0.138997 0.557480 0.070823
v 0.138316 0.559831 0.070476
v 0.136534 0.561284 0.069568
v 0.134332 0.561284 0.068445
v 0.132550 0.559831 0.067537
v 0.131869 0.557480 0.067191
v 0.132550 0.555129 0.067537
v 0.134332 0.553676 0.068445
v 0.136534 0.553676 0.069568
v 0.138316 0.555129 0.070476
v 0.138997 0.557480 0.070823
v 0.126207 0.557480 0.091694
v 0.125589 0.559831 0.091245
v 0.123971 0.561284 0.090070
v 0.121971 0.561284 0.088617
v 0.120353 0.559831 0.087441
v 0.119735 0.557480 0.086992
v 0.120353 0.555129 0.087441
v 0.121971 0.553676 0.088617
v 0.123971 0.553676 0.090070
v 0.125589 0.555129 0.091245
v 0.126207 0.557480 0.091694
v 0.110309 0.557480 0.110309
v 0.109768 0.559831 0.109768
v 0.108354 0.561284 0.108354
v 0.106606 0.561284 0.106606
v 0.105192 0.559831 0.105192
v 0.104652 0.557480 0.104652
v 0.105192 0.555129 0.105192
v 0.106606 0.553676 0.106606
v 0.108354 0.553676 0.108354
v 0.109768 0.555129 0.109768
v 0.110309 0.557480 0.110309
v 0.091694 0.557480 0.126207
v 0.091245 0.559831 0.125589
v 0.090070 0.561284 0.123971
v 0.088617 0.561284 0.121971
v 0.087441 0.559831 0.120353
v 0.086992 0.557480 0.119735
v 0.087441 0.555129 0.120353
v 0.088617 0.553676 0.121971
v 0.090070 0.553676 0.123971
v 0.091245 0.555129 0.125589
v 0.091694 0.557480 0.126207
v 0.070823 0.557480 0.138997
v 0.070476 0.559831 0.138316
v 0.069568 0.561284 0.136534
v 0.068445 0.561284 0.134332
v 0.067537 0.559831 0.132550
v 0.067191 0.557480 0.131869
v 0.067537 0.555129 0.132550
v 0.068445 0.553676 0.134332
v 0.069568 0.553676 0.136534
v 0.070476 0.555129 0.138316
v 0.070823 0.557480 0.138997
v 0.048207 0.557480 0.148365
v 0.047971 0.559831 0.147638
v 0.047353 0.561284 0.145736
v 0.046589 0.561284 0.143385
v 0.045971 0.559831 0.141483
v 0.045735 0.557480 0.140756
v 0.045971 0.555129 0.141483
v 0.046589 0.553676 0.143385
v 0.047353 0.553676 0.145736
v 0.047971 0.555129 0.147638
v 0.048207 0.557480 0.148365
v 0.024404 0.557480 0.154079
v 0.024284 0.559831 0.153325
v 0.023971 0.561284 0.151349
v 0.023585 0.561284 0.148908
v 0.023272 0.559831 0.146932
v 0.023152 0.557480 0.146178
v 0.023272 0.555129 0.146932
v 0.023585 0.553676 0.148908
v 0.023971 0.553676 0.151349
v 0.024284 0.555129 0.153325
v 0.024404 0.557480 0.154079
v 0.000000 0.557480 0.156000
v 0.000000 0.559831 0.155236
v 0.000000 0.561284 0.153236
v 0.000000 0.561284 0.150764
v 0.000000 0.559831 0.148764
v 0.000000 0.557480 0.148000
v 0.000000 0.555129 0.148764
v 0.000000 0.553676 0.150764
v 0.000000 0.553676 0.153236
v 0.000000 0.555129 0.155236
v 0.000000 0.557480 0.156000
v -0.024404 0.557480 0.154079
v -0.024284 0.559831 0.153325
v -0.023971 0.561284 0.151349
v -0.023585 0.561284 0.148908
v -0.023272 0.559831 0.146932
v -0.023152 0.557480 0.146178
v -0.023272 0.555129 0.146932
v -0.023585 0.553676 0.148908
v -0.023971 0.553676 0.151349
v -0.024284 0.555129 0.153325
v -0.024404 0.557480 0.154079
v -0.048207 0.557480 0.148365
v -0.047971 0.559831 0.147638
v -0.047353 0.561284 0.145736
v -0.046589 0.561284 0.143385
v -0.045971 0.559831 0.141483
v -0.045735 0.557480 0.140756
v -0.045971 0.555129 0.141483
v -0.046589 0.553676 0.143385
v -0.047353 0.553676 0.145736
v -0.047971 0.555129 0.147638
v -0.048207 0.557480 0.148365
v -0.070823 0.557480 0.138997
v -0.070476 0.559831 0.138316
v -0.069568 0.561284 0.136534
v -0.068445 0.561284 0.134332
v -0.067537 0.559831 0.132550
v -0.067191 0.557480 0.131869
v -0.067537 0.555129 0.132550
v -0.068445 0.553676 0.134332
v -0.069568 0.553676 0.136534
v -0.070476 0.555129 0.138316
v -0.070823 0.557480 0.138997
v -0.091694 0.557480 0.126207
v -0.091245 0.559831 0.125589
v -0.090070 0.561284 0.123971
v -0.088617 0.561284 0.121971
v -0.087441 0.559831 0.120353
v -0.086992 0.557480 0.119735
v -0.087441 0.555129 0.120353
v -0.088617 0.553676 0.121971
v -0.090070 0.553676 0.123971
v -0.091245 0.555129 0.125589
v -0.091694 0.557480 0.126207
v -0.110309 0.557480 0.110309
v -0.109768 0.559831 0.109768
v -0.108354 0.561284 0.108354
v -0.106606 0.561284 0.106606
v -0.105192 0.559831 0.105192
v -0.104652 0.557480 0.104652
v -0.105192 0.555129 0.105192
v -0.106606 0.553676 0.106606
v -0.108354 0.553676 0.108354
v -0.109768 0.555129 0.109768
v -0.110309 0.557480 0.110309
v -0.126207 0.557480 0.091694
v -0.125589 0.559831 0.091245
v -0.123971 0.561284 0.090070
v -0.121971 0.561284 0.088617
v -0.120353 0.559831 0.087441
v -0.119735 0.557480 0.086992
v -0.120353 0.555129 0.087441
v -0.121971 0.553676 0.088617
v -0.123971 0.553676 0.090070
v -0.125589 0.555129 0.091245
v -0.126207 0.557480 0.091694
v -0.138997 0.557480 0.070823
v -0.138316 0.559831 0.070476
v -0.136534 0.561284 0.069568
v -0.134332 0.561284 0.068445
v -0.132550 0.559831 0.067537
v -0.131869 0.557480 0.067191
v -0.132550 0.555129 0.067537
v -0.134332 0.553676 0.068445
v -0.136534 0.553676 0.069568
v -0.138316 0.555129 0.070476
v -0.138997 0.557480 0.070823
v -0.148365 0.557480 0.048207
v -0.147638 0.559831 0.047971
v -0.145736 0.561284 0.047353
v -0.143385 0.561284 0.046589
v -0.141483 0.559831 0.045971
v -0.140756 0.557480 0.045735
v -0.141483 0.555129 0.045971
v -0.143385 0.553676 0.046589
v -0.145736 0.553676 0.047353
v -0.147638 0.555129 0.047971
v -0.148365 0.557480 0.048207
v -0.154079 0.557480 0.024404
v -0.153325 0.559831 0.024284
v -0.151349 0.561284 0.023971
v -0.148908 0.561284 0.023585
v -0.146932 0.559831 0.023272
v -0.146178 0.557480 0.023152
v -0.146932 0.555129 0.023272
v -0.148908 0.553676 0.023585
v -0.151349 0.553676 0.023971
v -0.153325 0.555129 0.024284
v -0.154079 0.557480 0.024404
v -0.156000 0.557480 0.000000
v -0.155236 0.559831 0.000000
v -0.153236 0.561284 0.000000
v -0.150764 0.561284 0.000000
v -0.148764 0.559831 0.000000
v -0.148000 0.557480 0.000000
v -0.148764 0.555129 0.000000
v -0.150764 0.553676 0.000000
v -0.153236 0.553676 0.000000
v -0.155236 0.555129 0.000000
v -0.156000 0.557480 0.000000
v -0.154079 0.557480 -0.024404
v -0.153325 0.559831 -0.024284
v -0.151349 0.561284 -0.023971
v -0.148908 0.561284 -0.023585
v -0.146932 0.559831 -0.023272
v -0.146178 0.557480 -0.023152
v -0.146932 0.555129 -0.023272
v -0.148908 0.553676 -0.023585
v -0.151349 0.553676 -0.023971
v -0.153325 0.555129 -0.024284
v -0.154079 0.557480 -0.024404
v -0.148365 0.557480 -0.048207
v -0.147638 0.559831 -0.047971
v -0.145736 0.561284 -0.047353
v -0.143385 0.561284 -0.046589
v -0.141483 0.559831 -0.045971
v -0.140756 0.557480 -0.045735
v -0.141483 0.555129 -0.045971
v -0.143385 0.553676 -0.046589
v -0.145736 0.553676 -0.047353
v -0.147638 0.555129 -0.047971
v -0.148365 0.557480 -0.048207
v -0.138997 0.557480 -0.070823
v -0.138316 0.559831 -0.070476
v -0.136534 0.561284 -0.069568
v -0.134332 0.561284 -0.068445
v -0.132550 0.559831 -0.067537
v -0.131869 0.557480 -0.067191
v -0.132550 0.555129 -0.067537
v -0.134332 0.553676 -0.068445
v -0.136534 0.553676 -0.069568
v -0.138316 0.555129 -0.070476
v -0.138997 0.557480 -0.070823
v -0.126207 0.557480 -0.091694
v -0.125589 0.559831 -0.091245
v -0.123971 0.561284 -0.090070
v -0.121971 0.561284 -0.088617
v -0.120353 0.559831 -0.087441
v -0.119735 0.557480 -0.086992
v -0.120353 0.555129 -0.087441
v -0.121971 0.553676 -0.088617
v -0.123971 0.553676 -0.090070
v -0.125589 0.555129 -0.091245
v -0.126207 0.557480 -0.091694
v -0.110309 0.557480 -0.110309
v -0.109768 0.559831 -0.109768
v -0.108354 0.561284 -0.108354
v -0.106606 0.561284 -0.106606
v -0.105192 0.559831 -0.105192
v -0.104652 0.557480 -0.104652
v -0.105192 0.555129 -0.105192
v -0.106606 0.553676 -0.106606
v -0.108354 0.553676 -0.108354
v -0.109768 0.555129 -0.109768
v -0.110309 0.557480 -0.110309
v -0.091694 0.557480 -0.126207
v -0.091245 0.559831 -0.125589
v -0.090070 0.561284 -0.123971
v -0.088617 0.561284 -0.121971
v -0.087441 0.559831 -0.120353
v -0.086992 0.557480 -0.119735
v -0.087441 0.555129 -0.120353
v -0.088617 0.553676 -0.121971
v -0.090070 0.553676 -0.123971
v -0.091245 0.555129 -0.125589
v -0.091694 0.557480 -0.126207
v -0.070823 0.557480 -0.138997
v -0.070476 0.559831 -0.138316
v -0.069568 0.561284 -0.136534
v -0.068445 0.561284 -0.134332
v -0.067537 0.559831 -0.132550
v -0.067191 0.557480 -0.131869
v -0.067537 0.555129 -0.132550
v -0.068445 0.553676 -0.134332
v -0.069568 0.553676 -0.136534
v -0.070476 0.555129 -0.138316
v -0.070823 0.557480 -0.138997
v -0.048207 0.557480 -0.148365
v -0.047971 0.559831 -0.147638
v -0.047353 0.561284 -0.145736
v -0.046589 0.561284 -0.143385
v -0.045971 0.559831 -0.141483
v -0.045735 0.557480 -0.140756
v -0.045971 0.555129 -0.141483
v -0.046589 0.553676 -0.143385
v -0.047353 0.553676 -0.145736
v -0.047971 0.555129 -0.147638
v -0.048207 0.557480 -0.148365
v -0.024404 0.557480 -0.154079
v -0.024284 0.559831 -0.153325
v -0.023971 0.561284 -0.151349
v -0.023585 0.561284 -0.148908
v -0.023272 0.559831 -0.146932
v -0.023152 0.557480 -0.146178
v -0.023272 0.555129 -0.146932
v -0.023585 0.553676 -0.148908
v -0.023971 0.553676 -0.151349
v -0.024284 0.555129 -0.153325
v -0.024404 0.557480 -0.154079
v -0.000000 0.557480 -0.156000
v -0.000000 0.559831 -0.155236
v -0.000000 0.561284 -0.153236
v -0.000000 0.561284 -0.150764
v -0.000000 0.559831 -0.148764
v -0.000000 0.557480 -0.148000
v -0.000000 0.555129 -0.148764
v -0.000000 0.553676 -0.150764
v -0.000000 0.553676 -0.153236
v -0.000000 0.555129 -0.155236
v -0.000000 0.557480 -0.156000
v 0.024404 0.557480 -0.154079
v 0.024284 0.559831 -0.153325
v 0.023971 0.561284 -0.151349
v 0.023585 0.561284 -0.148908
v 0.023272 0.559831 -0.146932
v 0.023152 0.557480 -0.146178
v 0.023272 0.555129 -0.146932
v 0.023585 0.553676 -0.148908
v 0.023971 0.553676 -0.151349
v 0.024284 0.555129 -0.153325
v 0.024404 0.557480 -0.154079
v 0.048207 0.557480 -0.148365
v 0.047971 0.559831 -0.147638
v 0.047353 0.561284 -0.145736
v 0.046589 0.561284 -0.143385
v 0.045971 0.559831 -0.141483
v 0.045735 0.557480 -0.140756
v 0.045971 0.555129 -0.141483
v 0.046589 0.553676 -0.143385
v 0.047353 0.553676 -0.145736
v 0.047971 0.555129 -0.147638
v 0.048207 0.557480 -0.148365
v 0.070823 0.557480 -0.138997
v 0.070476 0.559831 -0.138316
v 0.069568 0.561284 -0.136534
v 0.068445 0.561284 -0.134332
v 0.067537 0.559831 -0.132550
v 0.067191 0.557480 -0.131869
v 0.067537 0.555129 -0.132550
v 0.068445 0.553676 -0.134332
v 0.069568 0.553676 -0.136534
v 0.070476 0.555129 -0.138316
v 0.070823 0.557480 -0.138997
v 0.091694 0.557480 -0.126207
v 0.091245 0.559831 -0.125589
v 0.090070 0.561284 -0.123971
v 0.088617 0.561284 -0.121971
v 0.087441 0.559831 -0.120353
v 0.086992 0.557480 -0.119735
v 0.087441 0.555129 -0.120353
v 0.088617 0.553676 -0.121971
v 0.090070 0.553676 -0.123971
v 0.091245 0.555129 -0.125589
v 0.091694 0.557480 -0.126207
v 0.110309 0.557480 -0.110309
v 0.109768 0.559831 -0.109768
v 0.108354 0.561284 -0.108354
v 0.106606 0.561284 -0.106606
v 0.105192 0.559831 -0.105192
v 0.104652 0.557480 -0.104652
v 0.105192 0.555129 -0.105192
v 0.106606 0.553676 -0.106606
v 0.108354 0.553676 -0.108354
v 0.109768 0.555129 -0.109768
v 0.110309 0.557480 -0.110309
v 0.126207 0.557480 -0.091694
v 0.125589 0.559831 -0.091245
v 0.123971 0.561284 -0.090070
v 0.121971 0.561284 -0.088617
v 0.120353 0.559831 -0.087441
v 0.119735 0.557480 -0.086992
v 0.120353 0.555129 -0.087441
v 0.121971 0.553676 -0.088617
v 0.123971 0.553676 -0.090070
v 0.125589 0.555129 -0.091245
v 0.126207 0.557480 -0.091694
v 0.138997 0.557480 -0.070823
v 0.138316 0.559831 -0.070476
v 0.136534 0.561284 -0.069568
v 0.134332 0.561284 -0.068445
v 0.132550 0.559831 -0.067537
v 0.131869 0.557480 -0.067191
v 0.132550 0.555129 -0.067537
v 0.134332 0.553676 -0.068445
v 0.136534 0.553676 -0.069568
v 0.138316 0.555129 -0.070476
v 0.138997 0.557480 -0.070823
v 0.148365 0.557480 -0.048207
v 0.147638 0.559831 -0.047971
v 0.145736 0.561284 -0.047353
v 0.143385 0.561284 -0.046589
v 0.141483 0.559831 -0.045971
v 0.140756 0.557480 -0.045735
v 0.141483 0.555129 -0.045971
v 0.143385 0.553676 -0.046589
v 0.145736 0.553676 -0.047353
v 0.147638 0.555129 -0.047971
v 0.148365 0.557480 -0.048207
v 0.154079 0.557480 -0.024404
v 0.153325 0.559831 -0.024284
v 0.151349 0.561284 -0.023971
v 0.148908 0.561284 -0.023585
v 0.146932 0.559831 -0.023272
v 0.146178 0.557480 -0.023152
v 0.146932 0.555129 -0.023272
v 0.148908 0.553676 -0.023585
v 0.151349 0.553676 -0.023971
v 0.153325 0.555129 -0.024284
v 0.154079 0.557480 -0.024404
v 0.156000 0.557480 -0.000000
v 0.155236 0.559831 -0.000000
v 0.153236 0.561284 -0.000000
v 0.150764 0.561284 -0.000000
v 0.148764 0.559831 -0.000000
v 0.148000 0.557480 -0.000000
v 0.148764 0.555129 -0.000000
v 0.150764 0.553676 -0.000000
v 0.153236 0.553676 -0.000000
v 0.155236 0.555129 -0.000000
v 0.156000 0.557480 -0.000000
v 0.156000 0.583480 0.000000
v 0.155236 0.585831 0.000000
v 0.153236 0.587284 0.000000
v 0.150764 0.587284 0.000000
v 0.148764 0.585831 0.000000
v 0.148000 0.583480 0.000000
v 0.148764 0.581129 0.000000
v 0.150764 0.579676 0.000000
v 0.153236 0.579676 0.000000
v 0.155236 0.581129 0.000000
v 0.156000 0.583480 0.000000
v 0.154079 0.583480 0.024404
v 0.153325 0.585831 0.024284
v 0.151349 0.587284 0.023971
v 0.148908 0.587284 0.023585
v 0.146932 0.585831 0.023272
v 0.146178 0.583480 0.023152
v 0.146932 0.581129 0.023272
v 0.148908 0.579676 0.023585
v 0.151349 0.579676 0.023971
v 0.153325 0.581129 0.024284
v 0.154079 0.583480 0.024404
v 0.148365 0.583480 0.048207
v 0.147638 0.585831 0.047971
v 0.145736 0.587284 0.047353
v 0.143385 0.587284 0.046589
v 0.141483 0.585831 0.045971
v 0.140756 0.583480 0.045735
v 0.141483 0.581129 0.045971
v 0.143385 0.579676 0.046589
v 0.145736 0.579676 0.047353
v 0.147638 0.581129 0.047971
v 0.148365 0.583480 0.048207
v 0.138997 0.583480 0.070823
v 0.138316 0.585831 0.070476
v 0.136534 0.587284 0.069568
v 0.134332 0.587284 0.068445
v 0.132550 0.585831 0.067537
v 0.131869 0.583480 0.067191
v 0.132550 0.581129 0.067537
v 0.134332 0.579676 0.068445
v 0.136534 0.579676 0.069568
v 0.138316 0.581129 0.070476
v 0.138997 0.583480 0.070823
v 0.126207 0.583480 0.091694
v 0.125589 0.585831 0.091245
v 0.123971 0.587284 0.090070
v 0.121971 0.587284 0.088617
v 0.120353 0.585831 0.087441
v 0.119735 0.583480 0.086992
v 0.120353 0.581129 0.087441
v 0.121971 0.579676 0.088617
v 0.123971 0.579676 0.090070
v 0.125589 0.581129 0.091245
v 0.126207 0.583480 0.091694
v 0.110309 0.583480 0.110309
v 0.109768 0.585831 0.109768
v 0.108354 0.587284 0.108354
v 0.106606 0.587284 0.106606
v 0.105192 0.585831 0.105192
v 0.104652 0.583480 0.104652
v 0.105192 0.581129 0.105192
v 0.106606 0.579676 0.106606
v 0.108354 0.579676 0.108354
v 0.109768 0.581129 0.109768
v 0.110309 0.583480 0.110309
v 0.091694 0.583480 0.126207
v 0.091245 0.585831 0.125589
v 0.090070 0.587284 0.123971
v 0.088617 0.587284 0.121971
v 0.087441 0.585831 0.120353
v 0.086992 0.583480 0.119735
v 0.087441 0.581129 0.120353
v 0.088617 0.579676 0.121971
v 0.090070 0.579676 0.123971
v 0.091245 0.581129 0.125589
v 0.091694 0.583480 0.126207
v 0.070823 0.583480 0.138997
v 0.070476 0.585831 0.138316
v 0.069568 0.587284 0.136534
v 0.068445 0.587284 0.134332
v 0.067537 0.585831 0.132550
v 0.067191 0.583480 0.131869
v 0.067537 0.581129 0.132550
v 0.068445 0.579676 0.134332
v 0.069568 0.579676 0.136534
v 0.070476 0.581129 0.138316
v 0.070823 0.583480 0.138997
v 0.048207 0.583480 0.148365
v 0.047971 0.585831 0.147638
v 0.047353 0.587284 0.145736
v 0.046589 0.587284 0.143385
v 0.045971 0.585831 0.141483
v 0.045735 0.583480 0.140756
v 0.045971 0.581129 0.141483
v 0.046589 0.579676 0.143385
v 0.047353 0.579676 0.145736
v 0.047971 0.581129 0.147638
v 0.048207 0.583480 0.148365
v 0.024404 0.583480 0.154079
v 0.024284 0.585831 0.153325
v 0.023971 0.587284 0.151349
v 0.023585 0.587284 0.148908
v 0.023272 0.585831 0.146932
v 0.023152 0.583480 0.146178
v 0.023272 0.581129 0.146932
v 0.023585 0.579676 0.148908
v 0.023971 0.579676 0.151349
v 0.024284 0.581129 0.153325
v 0.024404 0.583480 0.154079
v 0.000000 0.583480 0.156000
v 0.000000 0.585831 0.155236
v 0.000000 0.587284 0.153236
v 0.000000 0.587284 0.150764
v 0.000000 0.585831 0.148764
v 0.000000 0.583480 0.148000
v 0.000000 0.581129 0.148764
v 0.000000 0.579676 0.150764
v 0.000000 0.579676 0.153236
v 0.000000 0.581129 0.155236
v 0.000000 0.583480 0.156000
v -0.024404 0.583480 0.154079
v -0.024284 0.585831 0.153325
v -0.023971 0.587284 0.151349
v -0.023585 0.587284 0.148908
v -0.023272 0.585831 0.146932
v -0.023152 0.583480 0.146178
v -0.023272 0.581129 0.146932
v -0.023585 0.579676 0.148908
v -0.023971 0.579676 0.151349
v -0.024284 0.581129 0.153325
v -0.024404 0.583480 0.154079
v -0.048207 0.583480 0.148365
v -0.047971 0.585831 0.147638
v -0.047353 0.587284 0.145736
v -0.046589 0.587284 0.143385
v -0.045971 0.585831 0.141483
v -0.045735 0.583480 0.140756
v -0.045971 0.581129 0.141483
v -0.046589 0.579676 0.143385
v -0.047353 0.579676 0.145736
v -0.047971 0.581129 0.147638
v -0.048207 0.583480 0.148365
v -0.070823 0.583480 0.138997
v -0.070476 0.585831 0.138316
v -0.069568 0.587284 0.136534
v -0.068445 0.587284 0.134332
v -0.067537 0.585831 0.132550
v -0.067191 0.583480 0.131869
v -0.067537 0.581129 0.132550
v -0.068445 0.579676 0.134332
v -0.069568 0.579676 0.136534
v -0.070476 0.581129 0.138316
v -0.070823 0.583480 0.138997
v -0.091694 0.583480 0.126207
v -0.091245 0.585831 0.125589
v -0.090070 0.587284 0.123971
v -0.088617 0.587284 0.121971
v -0.087441 0.585831 0.120353
v -0.086992 0.583480 0.119735
v -0.087441 0.581129 0.120353
v -0.088617 0.579676 0.121971
v -0.090070 0.579676 0.123971
v -0.091245 0.581129 0.125589
v -0.091694 0.583480 0.126207
v -0.110309 0.583480 0.110309
v -0.109768 0.585831 0.109768
v -0.108354 0.587284 0.108354
v -0.106606 0.587284 0.106606
v -0.105192 0.585831 0.105192
v -0.104652 0.583480 0.104652
v -0.105192 0.581129 0.105192
v -0.106606 0.579676 0.106606
v -0.108354 0.579676 0.108354
v -0.109768 0.581129 0.109768
v -0.110309 0.583480 0.110309
v -0.126207 0.583480 0.091694
v -0.125589 0.585831 0.091245
v -0.123971 0.587284 0.090070
v -0.121971 0.587284 0.088617
v -0.120353 0.585831 0.087441
v -0.119735 0.583480 0.086992
v -0.120353 0.581129 0.087441
v -0.121971 0.579676 0.088617
v -0.123971 0.579676 0.090070
v -0.125589 0.581129 0.091245
v -0.126207 0.583480 0.091694
v -0.138997 0.583480 0.070823
v -0.138316 0.585831 0.070476
v -0.136534 0.587284 0.069568
v -0.134332 0.587284 0.068445
v -0.132550 0.585831 0.067537
v -0.131869 0.583480 0.067191
v -0.132550 0.581129 0.067537
v -0.134332 0.579676 0.068445
v -0.136534 0.579676 0.069568
v -0.138316 0.581129 0.070476
v -0.138997 0.583480 0.070823
v -0.148365 0.583480 0.048207
v -0.147638 0.585831 0.047971
v -0.145736 0.587284 0.047353
v -0.143385 0.587284 0.046589
v -0.141483 0.585831 0.045971
v -0.140756 0.583480 0.045735
v -0.141483 0.581129 0.045971
v -0.143385 0.579676 0.046589
v -0.145736 0.579676 0.047353
v -0.147638 0.581129 0.047971
v -0.148365 0.583480 0.048207
v -0.154079 0.583480 0.024404
v -0.153325 0.585831 0.024284
v -0.151349 0.587284 0.023971
v -0.148908 0.587284 0.023585
v -0.146932 0.585831 0.023272
v -0.146178 0.583480 0.023152
v -0.146932 0.581129 0.023272
v -0.148908 0.579676 0.023585
v -0.151349 0.579676 0.023971
v -0.153325 0.581129 0.024284
v -0.154079 0.583480 0.024404
v -0.156000 0.583480 0.000000
v -0.155236 0.585831 0.000000
v -0.153236 0.587284 0.000000
v -0.150764 0.587284 0.000000
v -0.148764 0.585831 0.000000
v -0.148000 0.583480 0.000000
v -0.148764 0.581129 0.000000
v -0.150764 0.579676 0.000000
v -0.153236 0.579676 0.000000
v -0.155236 0.581129 0.000000
v -0.156000 0.583480 0.000000
v -0.154079 0.583480 -0.024404
v -0.153325 0.585831 -0.024284
v -0.151349 0.587284 -0.023971
v -0.148908 0.587284 -0.023585
v -0.146932 0.585831 -0.023272
v -0.146178 0.583480 -0.023152
v -0.146932 0.581129 -0.023272
v -0.148908 0.579676 -0.023585
v -0.151349 0.579676 -0.023971
v -0.153325 0.581129 -0.024284
v -0.154079 0.583480 -0.024404
v -0.148365 0.583480 -0.048207
v -0.147638 0.585831 -0.047971
v -0.145736 0.587284 -0.047353
v -0.143385 0.587284 -0.046589
v -0.141483 0.585831 -0.045971
v -0.140756 0.583480 -0.045735
v -0.141483 0.581129 -0.045971
v -0.143385 0.579676 -0.046589
v -0.145736 0.579676 -0.047353
v -0.147638 0.581129 -0.047971
v -0.148365 0.583480 -0.048207
v -0.138997 0.583480 -0.070823
v -0.138316 0.585831 -0.070476
v -0.136534 0.587284 -0.069568
v -0.134332 0.587284 -0.068445
v -0.132550 0.585831 -0.067537
v -0.131869 0.583480 -0.067191
v -0.132550 0.581129 -0.067537
v -0.134332 0.579676 -0.068445
v -0.136534 0.579676 -0.069568
v -0.138316 0.581129 -0.070476
v -0.138997 0.583480 -0.070823
v -0.126207 0.583480 -0.091694
v -0.125589 0.585831 -0.091245
v -0.123971 0.587284 -0.090070
v -0.121971 0.587284 -0.088617
v -0.120353 0.585831 -0.087441
v -0.119735 0.583480 -0.086992
v -0.120353 0.581129 -0.087441
v -0.121971 0.579676 -0.088617
v -0.123971 0.579676 -0.090070
v -0.125589 0.581129 -0.091245
v -0.126207 0.583480 -0.091694
v -0.110309 0.583480 -0.110309
v -0.109768 0.585831 -0.109768
v -0.108354 0.587284 -0.108354
v -0.106606 0.587284 -0.106606
v -0.105192 0.585831 -0.105192
v -0.104652 0.583480 -0.104652
v -0.105192 0.581129 -0.105192
v -0.106606 0.579676 -0.106606
v -0.108354 0.579676 -0.108354
v -0.109768 0.581129 -0.109768
v -0.110309 0.583480 -0.110309
v -0.091694 0.583480 -0.126207
v -0.091245 0.585831 -0.125589
v -0.090070 0.587284 -0.123971
v -0.088617 0.587284 -0.121971
v -0.087441 0.585831 -0.120353
v -0.086992 0.583480 -0.119735
v -0.087441 0.581129 -0.120353
v -0.088617 0.579676 -0.121971
v -0.090070 0.579676 -0.123971
v -0.091245 0.581129 -0.125589
v -0.091694 0.583480 -0.126207
v -0.070823 0.583480 -0.138997
v -0.070476 0.585831 -0.138316
v -0.069568 0.587284 -0.136534
v -0.068445 0.587284 -0.134332
v -0.067537 0.585831 -0.132550
v -0.067191 0.583480 -0.131869
v -0.067537 0.581129 -0.132550
v -0.068445 0.579676 -0.134332
v -0.069568 0.579676 -0.136534
v -0.070476 0.581129 -0.138316
v -0.070823 0.583480 -0.138997
v -0.048207 0.583480 -0.148365
v -0.047971 0.585831 -0.147638
v -0.047353 0.587284 -0.145736
v -0.046589 0.587284 -0.143385
v -0.045971 0.585831 -0.141483
v -0.045735 0.583480 -0.140756
v -0.045971 0.581129 -0.141483
v -0.046589 0.579676 -0.143385
v -0.047353 0.579676 -0.145736
v -0.047971 0.581129 -0.147638
v -0.048207 0.583480 -0.148365
v -0.024404 0.583480 -0.154079
v -0.024284 0.585831 -0.153325
v -0.023971 0.587284 -0.151349
v -0.023585 0.587284 -0.148908
v -0.023272 0.585831 -0.146932
v -0.023152 0.583480 -0.146178
v -0.023272 0.581129 -0.146932
v -0.023585 0.579676 -0.148908
v -0.023971 0.579676 -0.151349
v -0.024284 0.581129 -0.153325
v -0.024404 0.583480 -0.154079
v -0.000000 0.583480 -0.156000
v -0.000000 0.585831 -0.155236
v -0.000000 0.587284 -0.153236
v -0.000000 0.587284 -0.150764
v -0.000000 0.585831 -0.148764
v -0.000000 0.583480 -0.148000
v -0.000000 0.581129 -0.148764
v -0.000000 0.579676 -0.150764
v -0.000000 0.579676 -0.153236
v -0.000000 0.581129 -0.155236
v -0.000000 0.583480 -0.156000
v 0.024404 0.583480 -0.154079
v 0.024284 0.585831 -0.153325
v 0.023971 0.587284 -0.151349
v 0.023585 0.587284 -0.148908
v 0.023272 0.585831 -0.146932
v 0.023152 0.583480 -0.146178
v 0.023272 0.581129 -0.146932
v 0.023585 0.579676 -0.148908
v 0.023971 0.579676 -0.151349
v 0.024284 0.581129 -0.153325
v 0.024404 0.583480 -0.154079
v 0.048207 0.583480 -0.148365
v 0.047971 0.585831 -0.147638
v 0.047353 0.587284 -0.145736
v 0.046589 0.587284 -0.143385
v 0.045971 0.585831 -0.141483
v 0.045735 0.583480 -0.140756
v 0.045971 0.581129 -0.141483
v 0.046589 0.579676 -0.143385
v 0.047353 0.579676 -0.145736
v 0.047971 0.581129 -0.147638
v 0.048207 0.583480 -0.148365
v 0.070823 0.583480 -0.138997
v 0.070476 0.585831 -0.138316
v 0.069568 0.587284 -0.136534
v 0.068445 0.587284 -0.134332
v 0.067537 0.585831 -0.132550
v 0.067191 0.583480 -0.131869
v 0.067537 0.581129 -0.132550
v 0.068445 0.579676 -0.134332
v 0.069568 0.579676 -0.136534
v 0.070476 0.581129 -0.138316
v 0.070823 0.583480 -0.138997
v 0.091694 0.583480 -0.126207
v 0.091245 0.585831 -0.125589
v 0.090070 0.587284 -0.123971
v 0.088617 0.587284 -0.121971
v 0.087441 0.585831 -0.120353
v 0.086992 0.583480 -0.119735
v 0.087441 0.581129 -0.120353
v 0.088617 0.579676 -0.121971
v 0.090070 0.579676 -0.123971
v 0.091245 0.581129 -0.125589
v 0.091694 0.583480 -0.126207
v 0.110309 0.583480 -0.110309
v 0.109768 0.585831 -0.109768
v 0.108354 0.587284 -0.108354
v 0.106606 0.587284 -0.106606
v 0.105192 0.585831 -0.105192
v 0.104652 0.583480 -0.104652
v 0.105192 0.581129 -0.105192
v 0.106606 0.579676 -0.106606
v 0.108354 0.579676 -0.108354
v 0.109768 0.581129 -0.109768
v 0.110309 0.583480 -0.110309
v 0.126207 0.583480 -0.091694
v 0.125589 0.585831 -0.091245
v 0.123971 0.587284 -0.090070
v 0.121971 0.587284 -0.088617
v 0.120353 0.585831 -0.087441
v 0.119735 0.583480 -0.086992
v 0.120353 0.581129 -0.087441
v 0.121971 0.579676 -0.088617
v 0.123971 0.579676 -0.090070
v 0.125589 0.581129 -0.091245
v 0.126207 0.583480 -0.091694
v 0.138997 0.583480 -0.070823
v 0.138316 0.585831 -0.070476
v 0.136534 0.587284 -0.069568
v 0.134332 0.587284 -0.068445
v 0.132550 0.585831 -0.067537
v 0.131869 0.583480 -0.067191
v 0.132550 0.581129 -0.067537
v 0.134332 0.579676 -0.068445
v 0.136534 0.579676 -0.069568
v 0.138316 0.581129 -0.070476
v 0.138997 0.583480 -0.070823
v 0.148365 0.583480 -0.048207
v 0.147638 0.585831 -0.047971
v 0.145736 0.587284 -0.047353
v 0.143385 0.587284 -0.046589
v 0.141483 0.585831 -0.045971
v 0.140756 0.583480 -0.045735
v 0.141483 0.581129 -0.045971
v 0.143385 0.579676 -0.046589
v 0.145736 0.579676 -0.047353
v 0.147638 0.581129 -0.047971
v 0.148365 0.583480 -0.048207
v 0.154079 0.583480 -0.024404
v 0.153325 0.585831 -0.024284
v 0.151349 0.587284 -0.023971
v 0.148908 0.587284 -0.023585
v 0.146932 0.585831 -0.023272
v 0.146178 0.583480 -0.023152
v 0.146932 0.581129 -0.023272
v 0.148908 0.579676 -0.023585
v 0.151349 0.579676 -0.023971
v 0.153325 0.581129 -0.024284
v 0.154079 0.583480 -0.024404
v 0.156000 0.583480 -0.000000
v 0.155236 0.585831 -0.000000
v 0.153236 0.587284 -0.000000
v 0.150764 0.587284 -0.000000
v 0.148764 0.585831 -0.000000
v 0.148000 0.583480 -0.000000
v 0.148764 0.581129 -0.000000
v 0.150764 0.579676 -0.000000
v 0.153236 0.579676 -0.000000
v 0.155236 0.581129 -0.000000
v 0.156000 0.583480 -0.000000
vn 1.000000 0.000000 -0.000000
vn 0.809573 0.586996 0.005186
vn 0.310510 0.950535 0.008216
vn -0.307480 0.951521 0.007995
vn -0.808417 0.588591 0.004827
vn -1.000000 0.000000 0.000000
vn -0.808417 -0.588591 -0.004827
vn -0.307480 -0.951521 -0.007995
vn 0.310510 -0.950535 -0.008216
vn 0.809573 -0.586996 -0.005186
vn 1.000000 0.000000 -0.000000
vn 0.987688 0.000000 0.156434
vn 0.798795 0.586996 0.131767
vn 0.305402 0.950535 0.056690
vn -0.304945 0.951521 -0.040204
vn -0.799219 0.588591 -0.121697
vn -0.987688 0.000000 -0.156434
vn -0.797709 -0.588591 -0.131232
vn -0.302444 -0.951521 -0.055997
vn 0.307972 -0.950535 0.040459
vn 0.800417 -0.586996 0.121523
vn 0.987688 0.000000 0.156434
vn 0.951057 0.000000 0.309017
vn 0.768347 0.586996 0.255104
vn 0.292774 0.950535 0.103767
vn -0.294901 0.951521 -0.087413
vn -0.770342 0.588591 -0.245224
vn -0.951057 -0.000000 -0.309017
vn -0.767358 -0.588591 -0.254405
vn -0.289960 -0.951521 -0.102620
vn 0.297852 -0.950535 0.088139
vn 0.771552 -0.586996 0.245240
vn 0.951057 0.000000 0.309017
vn 0.891007 -0.000000 0.453990
vn 0.718981 0.586996 0.372159
vn 0.272936 0.950535 0.148290
vn -0.277596 0.951521 -0.132470
vn -0.722496 0.588591 -0.362712
vn -0.891007 -0.000000 -0.453990
vn -0.718113 -0.588591 -0.371314
vn -0.270337 -0.951521 -0.146716
vn 0.280397 -0.950535 0.133648
vn 0.723689 -0.586996 0.362918
vn 0.891007 -0.000000 0.453990
vn 0.809017 -0.000000 0.587785
vn 0.651910 0.586996 0.480051
vn 0.246378 0.950535 0.189160
vn -0.253456 0.951521 -0.174264
vn -0.656860 0.588591 -0.471270
vn -0.809017 -0.000000 -0.587785
vn -0.651185 -0.588591 -0.479081
vn -0.244057 -0.951521 -0.187200
vn 0.256037 -0.950535 0.175866
vn 0.658007 -0.586996 0.471660
vn 0.809017 -0.000000 0.587785
vn 0.707107 -0.000000 0.707107
vn 0.568788 0.586996 0.576122
vn 0.213754 0.950535 0.225374
vn -0.223074 0.951521 -0.211768
vn -0.575050 0.588591 -0.568224
vn -0.707107 0.000000 -0.707107
vn -0.568224 -0.588591 -0.575050
vn -0.211768 -0.951521 -0.223074
vn 0.225374 -0.950535 0.213754
vn 0.576122 -0.586996 0.568788
vn 0.707107 -0.000000 0.707107
vn 0.587785 -0.000000 0.809017
vn 0.471660 0.586996 0.658007
vn 0.175866 0.950535 0.256037
vn -0.187200 0.951521 -0.244057
vn -0.479081 0.588591 -0.651185
vn -0.587785 0.000000 -0.809017
vn -0.471270 -0.588591 -0.656860
vn -0.174264 -0.951521 -0.253456
vn 0.189160 -0.950535 0.246378
vn 0.480051 -0.586996 0.651910
vn 0.587785 -0.000000 0.809017
vn 0.453990 0.000000 0.891007
vn 0.362918 0.586996 0.723689
vn 0.133648 0.950535 0.280397
vn -0.146716 0.951521 -0.270337
vn -0.371314 0.588591 -0.718113
vn -0.453990 0.000000 -0.891007
vn -0.362712 -0.588591 -0.722496
vn -0.132470 -0.951521 -0.277596
vn 0.148290 -0.950535 0.272936
vn 0.372159 -0.586996 0.718981
vn 0.453990 0.000000 0.891007
vn 0.309017 -0.000000 0.951057
vn 0.245240 0.586996 0.771552
vn 0.088139 0.950535 0.297852
vn -0.102620 0.951521 -0.289960
vn -0.254405 0.588591 -0.767358
vn -0.309017 0.000000 -0.951057
vn -0.245224 -0.588591 -0.770342
vn -0.087413 -0.951521 -0.294901
vn 0.103767 -0.950535 0.292774
vn 0.255104 -0.586996 0.768347
vn 0.309017 -0.000000 0.951057
vn 0.156434 -0.000000 0.987688
vn 0.121523 0.586996 0.800417
vn 0.040459 0.950535 0.307972
vn -0.055997 0.951521 -0.302444
vn -0.131232 0.588591 -0.797709
vn -0.156434 -0.000000 -0.987688
vn -0.121697 -0.588591 -0.799219
vn -0.040204 -0.951521 -0.304945
vn 0.056690 -0.950535 0.305402
vn 0.131767 -0.586996 0.798795
vn 0.156434 -0.000000 0.987688
vn 0.000000 0.000000 1.000000
vn -0.005186 0.586996 0.809573
vn -0.008216 0.950535 0.310510
vn -0.007995 0.951521 -0.307480
vn -0.004827 0.588591 -0.808417
vn 0.000000 -0.000000 -1.000000
vn 0.004827 -0.588591 -0.808417
vn 0.007995 -0.951521 -0.307480
vn 0.008216 -0.950535 0.310510
vn 0.005186 -0.586996 0.809573
vn 0.000000 0.000000 1.000000
vn -0.156434 -0.000000 0.987688
vn -0.131767 0.586996 0.798795
vn -0.056690 0.950535 0.305402
vn 0.040204 0.951521 -0.304945
vn 0.121697 0.588591 -0.799219
vn 0.156434 -0.000000 -0.987688
vn 0.131232 -0.588591 -0.797709
vn 0.055997 -0.951521 -0.302444
vn -0.040459 -0.950535 0.307972
vn -0.121523 -0.586996 0.800417
vn -0.156434 -0.000000 0.987688
vn -0.309017 0.000000 0.951057
vn -0.255104 0.586996 0.768347
vn -0.103767 0.950535 0.292774
vn 0.087413 0.951521 -0.294901
vn 0.245224 0.588591 -0.770342
vn 0.309017 -0.000000 -0.951057
vn 0.254405 -0.588591 -0.767358
vn 0.102620 -0.951521 -0.289960
vn -0.088139 -0.950535 0.297852
vn -0.245240 -0.586996 0.771552
vn -0.309017 0.000000 0.951057
vn -0.453990 0.000000 0.891007
vn -0.372159 0.586996 0.718981
vn -0.148290 0.950535 0.272936
vn 0.132470 0.951521 -0.277596
vn 0.362712 0.588591 -0.722496
vn 0.453990 0.000000 -0.891007
vn 0.371314 -0.588591 -0.718113
vn 0.146716 -0.951521 -0.270337
vn -0.133648 -0.950535 0.280397
vn -0.362918 -0.586996 0.723689
vn -0.453990 0.000000 0.891007
vn -0.587785 -0.000000 0.809017
vn -0.480051 0.586996 0.651910
vn -0.189160 0.950535 0.246378
vn 0.174264 0.951521 -0.253456
vn 0.471270 0.588591 -0.656860
vn 0.587785 -0.000000 -0.809017
vn 0.479081 -0.588591 -0.651185
vn 0.187200 -0.951521 -0.244057
vn -0.175866 -0.950535 0.256037
vn -0.471660 -0.586996 0.658007
vn -0.587785 -0.000000 0.809017
vn -0.707107 -0.000000 0.707107
vn -0.576122 0.586996 0.568788
vn -0.225374 0.950535 0.213754
vn 0.211768 0.951521 -0.223074
vn 0.568224 0.588591 -0.575050
vn 0.707107 -0.000000 -0.707107
vn 0.575050 -0.588591 -0.568224
vn 0.223074 -0.951521 -0.211768
vn -0.213754 -0.950535 0.225374
vn -0.568788 -0.586996 0.576122
vn -0.707107 -0.000000 0.707107
vn -0.809017 0.000000 0.587785
vn -0.658007 0.586996 0.471660
vn -0.256037 0.950535 0.175866
vn 0.244057 0.951521 -0.187200
vn 0.651185 0.588591 -0.479081
vn 0.809017 0.000000 -0.587785
vn 0.656860 -0.588591 -0.471270
vn 0.253456 -0.951521 -0.174264
vn -0.246378 -0.950535 0.189160
vn -0.651910 -0.586996 0.480051
vn -0.809017 0.000000 0.587785
vn -0.891007 0.000000 0.453990
vn -0.723689 0.586996 0.362918
vn -0.280397 0.950535 0.133648
vn 0.270337 0.951521 -0.146716
vn 0.718113 0.588591 -0.371314
vn 0.891007 0.000000 -0.453990
vn 0.722496 -0.588591 -0.362712
vn 0.277596 -0.951521 -0.132470
vn -0.272936 -0.950535 0.148290
vn -0.718981 -0.586996 0.372159
vn -0.891007 0.000000 0.453990
vn -0.951057 -0.000000 0.309017
vn -0.771552 0.586996 0.245240
vn -0.297852 0.950535 0.088139
vn 0.289960 0.951521 -0.102620
vn 0.767358 0.588591 -0.254405
vn 0.951057 0.000000 -0.309017
vn 0.770342 -0.588591 -0.245224
vn 0.294901 -0.951521 -0.087413
vn -0.292774 -0.950535 0.103767
vn -0.768347 -0.586996 0.255104
vn -0.951057 -0.000000 0.309017
vn -0.987688 -0.000000 0.156434
vn -0.800417 0.586996 0.121523
vn -0.307972 0.950535 0.040459
vn 0.302444 0.951521 -0.055997
vn 0.797709 0.588591 -0.131232
vn 0.987688 -0.000000 -0.156434
vn 0.799219 -0.588591 -0.121697
vn 0.304945 -0.951521 -0.040204
vn -0.305402 -0.950535 0.056690
vn -0.798795 -0.586996 0.131767
vn -0.987688 -0.000000 0.156434
vn -1.000000 -0.000000 0.000000
vn -0.809573 0.586996 -0.005186
vn -0.310510 0.950535 -0.008216
vn 0.307480 0.951521 -0.007995
vn 0.808417 0.588591 -0.004827
vn 1.000000 0.000000 -0.000000
vn 0.808417 -0.588591 0.004827
vn 0.307480 -0.951521 0.007995
vn -0.310510 -0.950535 0.008216
vn -0.809573 -0.586996 0.005186
vn -1.000000 -0.000000 0.000000
vn -0.987688 0.000000 -0.156434
vn -0.798795 0.586996 -0.131767
vn -0.305402 0.950535 -0.056690
vn 0.304945 0.951521 0.040204
vn 0.799219 0.588591 0.121697
vn 0.987688 0.000000 0.156434
vn 0.797709 -0.588591 0.131232
vn 0.302444 -0.951521 0.055997
vn -0.307972 -0.950535 -0.040459
vn -0.800417 -0.586996 -0.121523
vn -0.987688 0.000000 -0.156434
vn -0.951057 0.000000 -0.309017
vn -0.768347 0.586996 -0.255104
vn -0.292774 0.950535 -0.103767
vn 0.294901 0.951521 0.087413
vn 0.770342 0.588591 0.245224
vn 0.951057 -0.000000 0.309017
vn 0.767358 -0.588591 0.254405
vn 0.289960 -0.951521 0.102620
vn -0.297852 -0.950535 -0.088139
vn -0.771552 -0.586996 -0.245240
vn -0.951057 0.000000 -0.309017
vn -0.891007 -0.000000 -0.453990
vn -0.718981 0.586996 -0.372159
vn -0.272936 0.950535 -0.148290
vn 0.277596 0.951521 0.132470
vn 0.722496 0.588591 0.362712
vn 0.891007 -0.000000 0.453990
vn 0.718113 -0.588591 0.371314
vn 0.270337 -0.951521 0.146716
vn -0.280397 -0.950535 -0.133648
vn -0.723689 -0.586996 -0.362918
vn -0.891007 -0.000000 -0.453990
vn -0.809017 0.000000 -0.587785
vn -0.651910 0.586996 -0.480051
vn -0.246378 0.950535 -0.189160
vn 0.253456 0.951521 0.174264
vn 0.656860 0.588591 0.471270
vn 0.809017 -0.000000 0.587785
vn 0.651185 -0.588591 0.479081
vn 0.244057 -0.951521 0.187200
vn -0.256037 -0.950535 -0.175866
vn -0.658007 -0.586996 -0.471660
vn -0.809017 0.000000 -0.587785
vn -0.707107 -0.000000 -0.707107
vn -0.568788 0.586996 -0.576122
vn -0.213754 0.950535 -0.225374
vn 0.223074 0.951521 0.211768
vn 0.575050 0.588591 0.568224
vn 0.707107 -0.000000 0.707107
vn 0.568224 -0.588591 0.575050
vn 0.211768 -0.951521 0.223074
vn -0.225374 -0.950535 -0.213754
vn -0.576122 -0.586996 -0.568788
vn -0.707107 -0.000000 -0.707107
vn -0.587785 -0.000000 -0.809017
vn -0.471660 0.586996 -0.658007
vn -0.175866 0.950535 -0.256037
vn 0.187200 0.951521 0.244057
vn 0.479081 0.588591 0.651185
vn 0.587785 -0.000000 0.809017
vn 0.471270 -0.588591 0.656860
vn 0.174264 -0.951521 0.253456
vn -0.189160 -0.950535 -0.246378
vn -0.480051 -0.586996 -0.651910
vn -0.587785 -0.000000 -0.809017
vn -0.453990 0.000000 -0.891007
vn -0.362918 0.586996 -0.723689
vn -0.133648 0.950535 -0.280397
vn 0.146716 0.951521 0.270337
vn 0.371314 0.588591 0.718113
vn 0.453990 0.000000 0.891007
vn 0.362712 -0.588591 0.722496
vn 0.132470 -0.951521 0.277596
vn -0.148290 -0.950535 -0.272936
vn -0.372159 -0.586996 -0.718981
vn -0.453990 0.000000 -0.891007
vn -0.309017 -0.000000 -0.951057
vn -0.245240 0.586996 -0.771552
vn -0.088139 0.950535 -0.297852
vn 0.102620 0.951521 0.289960
vn 0.254405 0.588591 0.767358
vn 0.309017 0.000000 0.951057
vn 0.245224 -0.588591 0.770342
vn 0.087413 -0.951521 0.294901
vn -0.103767 -0.950535 -0.292774
vn -0.255104 -0.586996 -0.768347
vn -0.309017 -0.000000 -0.951057
vn -0.156434 -0.000000 -0.987688
vn -0.121523 0.586996 -0.800417
vn -0.040459 0.950535 -0.307972
vn 0.055997 0.951521 0.302444
vn 0.131232 0.588591 0.797709
vn 0.156434 -0.000000 0.987688
vn 0.121697 -0.588591 0.799219
vn 0.040204 -0.951521 0.304945
vn -0.056690 -0.950535 -0.305402
vn -0.131767 -0.586996 -0.798795
vn -0.156434 -0.000000 -0.987688
vn -0.000000 0.000000 -1.000000
vn 0.005186 0.586996 -0.809573
vn 0.008216 0.950535 -0.310510
vn 0.007995 0.951521 0.307480
vn 0.004827 0.588591 0.808417
vn 0.000000 -0.000000 1.000000
vn -0.004827 -0.588591 0.808417
vn -0.007995 -0.951521 0.307480
vn -0.008216 -0.950535 -0.310510
vn -0.005186 -0.586996 -0.809573
vn -0.000000 0.000000 -1.000000
vn 0.156434 -0.000000 -0.987688
vn 0.131767 0.586996 -0.798795
vn 0.056690 0.950535 -0.305402
vn -0.040204 0.951521 0.304945
vn -0.121697 0.588591 0.799219
vn -0.156434 -0.000000 0.987688
vn -0.131232 -0.588591 0.797709
vn -0.055997 -0.951521 0.302444
vn 0.040459 -0.950535 -0.307972
vn 0.121523 -0.586996 -0.800417
vn 0.156434 -0.000000 -0.987688
vn 0.309017 0.000000 -0.951057
vn 0.255104 0.586996 -0.768347
vn 0.103767 0.950535 -0.292774
vn -0.087413 0.951521 0.294901
vn -0.245224 0.588591 0.770342
vn -0.309017 -0.000000 0.951057
vn -0.254405 -0.588591 0.767358
vn -0.102620 -0.951521 0.289960
vn 0.088139 -0.950535 -0.297852
vn 0.245240 -0.586996 -0.771552
vn 0.309017 0.000000 -0.951057
vn 0.453990 0.000000 -0.891007
vn 0.372159 0.586996 -0.718981
vn 0.148290 0.950535 -0.272936
vn -0.132470 0.951521 0.277596
vn -0.362712 0.588591 0.722496
vn -0.453990 0.000000 0.891007
vn -0.371314 -0.588591 0.718113
vn -0.146716 -0.951521 0.270337
vn 0.133648 -0.950535 -0.280397
vn 0.362918 -0.586996 -0.723689
vn 0.453990 0.000000 -0.891007
vn 0.587785 0.000000 -0.809017
vn 0.480051 0.586996 -0.651910
vn 0.189160 0.950535 -0.246378
vn -0.174264 0.951521 0.253456
vn -0.471270 0.588591 0.656860
vn -0.587785 0.000000 0.809017
vn -0.479081 -0.588591 0.651185
vn -0.187200 -0.951521 0.244057
vn 0.175866 -0.950535 -0.256037
vn 0.471660 -0.586996 -0.658007
vn 0.587785 0.000000 -0.809017
vn 0.707107 -0.000000 -0.707107
vn 0.576122 0.586996 -0.568788
vn 0.225374 0.950535 -0.213754
vn -0.211768 0.951521 0.223074
vn -0.568224 0.588591 0.575050
vn -0.707107 -0.000000 0.707107
vn -0.575050 -0.588591 0.568224
vn -0.223074 -0.951521 0.211768
vn 0.213754 -0.950535 -0.225374
vn 0.568788 -0.586996 -0.576122
vn 0.707107 -0.000000 -0.707107
vn 0.809017 -0.000000 -0.587785
vn 0.658007 0.586996 -0.471660
vn 0.256037 0.950535 -0.175866
vn -0.244057 0.951521 0.187200
vn -0.651185 0.588591 0.479081
vn -0.809017 -0.000000 0.587785
vn -0.656860 -0.588591 0.471270
vn -0.253456 -0.951521 0.174264
vn 0.246378 -0.950535 -0.189160
vn 0.651910 -0.586996 -0.480051
vn 0.809017 -0.000000 -0.587785
vn 0.891007 0.000000 -0.453990
vn 0.723689 0.586996 -0.362918
vn 0.280397 0.950535 -0.133648
vn -0.270337 0.951521 0.146716
vn -0.718113 0.588591 0.371314
vn -0.891007 0.000000 0.453990
vn -0.722496 -0.588591 0.362712
vn -0.277596 -0.951521 0.132470
vn 0.272936 -0.950535 -0.148290
vn 0.718981 -0.586996 -0.372159
vn 0.891007 0.000000 -0.453990
vn 0.951057 -0.000000 -0.309017
vn 0.771552 0.586996 -0.245240
vn 0.297852 0.950535 -0.088139
vn -0.289960 0.951521 0.102620
vn -0.767358 0.588591 0.254405
vn -0.951057 0.000000 0.309017
vn -0.770342 -0.588591 0.245224
vn -0.294901 -0.951521 0.087413
vn 0.292774 -0.950535 -0.103767
vn 0.768347 -0.586996 -0.255104
vn 0.951057 -0.000000 -0.309017
vn 0.987688 -0.000000 -0.156434
vn 0.800417 0.586996 -0.121523
vn 0.307972 0.950535 -0.040459
vn -0.302444 0.951521 0.055997
vn -0.797709 0.588591 0.131232
vn -0.987688 -0.000000 0.156434
vn -0.799219 -0.588591 0.121697
vn -0.304945 -0.951521 0.040204
vn 0.305402 -0.950535 -0.056690
vn 0.798795 -0.586996 -0.131767
vn 0.987688 -0.000000 -0.156434
vn 1.000000 0.000000 -0.000000
vn 0.809573 0.586996 0.005186
vn 0.310510 0.950535 0.008216
vn -0.307480 0.951521 0.007995
vn -0.808417 0.588591 0.004827
vn -1.000000 0.000000 0.000000
vn -0.808417 -0.588591 -0.004827
vn -0.307480 -0.951521 -0.007995
vn 0.310510 -0.950535 -0.008216
vn 0.809573 -0.586996 -0.005186
vn 1.000000 0.000000 -0.000000
vn 1.000000 0.000000 -0.000000
vn 0.809573 0.586996 0.005186
vn 0.310510 0.950535 0.008216
vn -0.307480 0.951521 0.007995
vn -0.808417 0.588591 0.004827
vn -1.000000 0.000000 0.000000
vn -0.808417 -0.588591 -0.004827
vn -0.307480 -0.951521 -0.007995
vn 0.310510 -0.950535 -0.008216
vn 0.809573 -0.586996 -0.005186
vn 1.000000 0.000000 -0.000000
vn 0.987688 0.000000 0.156434
vn 0.798795 0.586996 0.131767
vn 0.305402 0.950535 0.056690
vn -0.304945 0.951521 -0.040204
vn -0.799219 0.588591 -0.121697
vn -0.987688 0.000000 -0.156434
vn -0.797709 -0.588591 -0.131232
vn -0.302444 -0.951521 -0.055997
vn 0.307972 -0.950535 0.040459
vn 0.800417 -0.586996 0.121523
vn 0.987688 0.000000 0.156434
vn 0.951057 0.000000 0.309017
vn 0.768347 0.586996 0.255104
vn 0.292774 0.950535 0.103767
vn -0.294901 0.951521 -0.087413
vn -0.770342 0.588591 -0.245224
vn -0.951057 -0.000000 -0.309017
vn -0.767358 -0.588591 -0.254405
vn -0.289960 -0.951521 -0.102620
vn 0.297852 -0.950535 0.088139
vn 0.771552 -0.586996 0.245240
vn 0.951057 0.000000 0.309017
vn 0.891007 -0.000000 0.453990
vn 0.718981 0.586996 0.372159
vn 0.272936 0.950535 0.148290
vn -0.277596 0.951521 -0.132470
vn -0.722496 0.588591 -0.362712
vn -0.891007 -0.000000 -0.453990
vn -0.718113 -0.588591 -0.371314
vn -0.270337 -0.951521 -0.146716
vn 0.280397 -0.950535 0.133648
vn 0.723689 -0.586996 0.362918
vn 0.891007 -0.000000 0.453990
vn 0.809017 -0.000000 0.587785
vn 0.651910 0.586996 0.480051
vn 0.246378 0.950535 0.189160
vn -0.253456 0.951521 -0.174264
vn -0.656860 0.588591 -0.471270
vn -0.809017 -0.000000 -0.587785
vn -0.651185 -0.588591 -0.479081
vn -0.244057 -0.951521 -0.187200
vn 0.256037 -0.950535 0.175866
vn 0.658007 -0.586996 0.471660
vn 0.809017 -0.000000 0.587785
vn 0.707107 -0.000000 0.707107
vn 0.568788 0.586996 0.576122
vn 0.213754 0.950535 0.225374
vn -0.223074 0.951521 -0.211768
vn -0.575050 0.588591 -0.568224
vn -0.707107 0.000000 -0.707107
vn -0.568224 -0.588591 -0.575050
vn -0.211768 -0.951521 -0.223074
vn 0.225374 -0.950535 0.213754
vn 0.576122 -0.586996 0.568788
vn 0.707107 -0.000000 0.707107
vn 0.587785 -0.000000 0.809017
vn 0.471660 0.586996 0.658007
vn 0.175866 0.950535 0.256037
vn -0.187200 0.951521 -0.244057
vn -0.479081 0.588591 -0.651185
vn -0.587785 0.000000 -0.809017
vn -0.471270 -0.588591 -0.656860
vn -0.174264 -0.951521 -0.253456
vn 0.189160 -0.950535 0.246378
vn 0.480051 -0.586996 0.651910
vn 0.587785 -0.000000 0.809017
vn 0.453990 0.000000 0.891007
vn 0.362918 0.586996 0.723689
vn 0.133648 0.950535 0.280397
vn -0.146716 0.951521 -0.270337
vn -0.371314 0.588591 -0.718113
vn -0.453990 0.000000 -0.891007
vn -0.362712 -0.588591 -0.722496
vn -0.132470 -0.951521 -0.277596
vn 0.148290 -0.950535 0.272936
vn 0.372159 -0.586996 0.718981
vn 0.453990 0.000000 0.891007
vn 0.309017 -0.000000 0.951057
vn 0.245240 0.586996 0.771552
vn 0.088139 0.950535 0.297852
vn -0.102620 0.951521 -0.289960
vn -0.254405 0.588591 -0.767358
vn -0.309017 0.000000 -0.951057
vn -0.245224 -0.588591 -0.770342
vn -0.087413 -0.951521 -0.294901
vn 0.103767 -0.950535 0.292774
vn 0.255104 -0.586996 0.768347
vn 0.309017 -0.000000 0.951057
vn 0.156434 -0.000000 0.987688
vn 0.121523 0.586996 0.800417
vn 0.040459 0.950535 0.307972
vn -0.055997 0.951521 -0.302444
vn -0.131232 0.588591 -0.797709
vn -0.156434 -0.000000 -0.987688
vn -0.121697 -0.588591 -0.799219
vn -0.040204 -0.951521 -0.304945
vn 0.056690 -0.950535 0.305402
vn 0.131767 -0.586996 0.798795
vn 0.156434 -0.000000 0.987688
vn 0.000000 0.000000 1.000000
vn -0.005186 0.586996 0.809573
vn -0.008216 0.950535 0.310510
vn -0.007995 0.951521 -0.307480
vn -0.004827 0.588591 -0.808417
vn 0.000000 -0.000000 -1.000000
vn 0.004827 -0.588591 -0.808417
vn 0.007995 -0.951521 -0.307480
vn 0.008216 -0.950535 0.310510
vn 0.005186 -0.586996 0.809573
vn 0.000000 0.000000 1.000000
vn -0.156434 -0.000000 0.987688
vn -0.131767 0.586996 0.798795
vn -0.056690 0.950535 0.305402
vn 0.040204 0.951521 -0.304945
vn 0.121697 0.588591 -0.799219
vn 0.156434 -0.000000 -0.987688
vn 0.131232 -0.588591 -0.797709
vn 0.055997 -0.951521 -0.302444
vn -0.040459 -0.950535 0.307972
vn -0.121523 -0.586996 0.800417
vn -0.156434 -0.000000 0.987688
vn -0.309017 0.000000 0.951057
vn -0.255104 0.586996 0.768347
vn -0.103767 0.950535 0.292774
vn 0.087413 0.951521 -0.294901
vn 0.245224 0.588591 -0.770342
vn 0.309017 -0.000000 -0.951057
vn 0.254405 -0.588591 -0.767358
vn 0.102620 -0.951521 -0.289960
vn -0.088139 -0.950535 0.297852
vn -0.245240 -0.586996 0.771552
vn -0.309017 0.000000 0.951057
vn -0.453990 0.000000 0.891007
vn -0.372159 0.586996 0.718981
vn -0.148290 0.950535 0.272936
vn 0.132470 0.951521 -0.277596
vn 0.362712 0.588591 -0.722496
vn 0.453990 0.000000 -0.891007
vn 0.371314 -0.588591 -0.718113
vn 0.146716 -0.951521 -0.270337
vn -0.133648 -0.950535 0.280397
vn -0.362918 -0.586996 0.723689
vn -0.453990 0.000000 0.891007
vn -0.587785 -0.000000 0.809017
vn -0.480051 0.586996 0.651910
vn -0.189160 0.950535 0.246378
vn 0.174264 0.951521 -0.253456
vn 0.471270 0.588591 -0.656860
vn 0.587785 -0.000000 -0.809017
vn 0.479081 -0.588591 -0.651185
vn 0.187200 -0.951521 -0.244057
vn -0.175866 -0.950535 0.256037
vn -0.471660 -0.586996 0.658007
vn -0.587785 -0.000000 0.809017
vn -0.707107 -0.000000 0.707107
vn -0.576122 0.586996 0.568788
vn -0.225374 0.950535 0.213754
vn 0.211768 0.951521 -0.223074
vn 0.568224 0.588591 -0.575050
vn 0.707107 -0.000000 -0.707107
vn 0.575050 -0.588591 -0.568224
vn 0.223074 -0.951521 -0.211768
vn -0.213754 -0.950535 0.225374
vn -0.568788 -0.586996 0.576122
vn -0.707107 -0.000000 0.707107
vn -0.809017 0.000000 0.587785
vn -0.658007 0.586996 0.471660
vn -0.256037 0.950535 0.175866
vn 0.244057 0.951521 -0.187200
vn 0.651185 0.588591 -0.479081
vn 0.809017 0.000000 -0.587785
vn 0.656860 -0.588591 -0.471270
vn 0.253456 -0.951521 -0.174264
vn -0.246378 -0.950535 0.189160
vn -0.651910 -0.586996 0.480051
vn -0.809017 0.000000 0.587785
vn -0.891007 0.000000 0.453990
vn -0.723689 0.586996 0.362918
vn -0.280397 0.950535 0.133648
vn 0.270337 0.951521 -0.146716
vn 0.718113 0.588591 -0.371314
vn 0.891007 0.000000 -0.453990
vn 0.722496 -0.588591 -0.362712
vn 0.277596 -0.951521 -0.132470
vn -0.272936 -0.950535 0.148290
vn -0.718981 -0.586996 0.372159
vn -0.891007 0.000000 0.453990
vn -0.951057 -0.000000 0.309017
vn -0.771552 0.586996 0.245240
vn -0.297852 0.950535 0.088139
vn 0.289960 0.951521 -0.102620
vn 0.767358 0.588591 -0.254405
vn 0.951057 0.000000 -0.309017
vn 0.770342 -0.588591 -0.245224
vn 0.294901 -0.951521 -0.087413
vn -0.292774 -0.950535 0.103767
vn -0.768347 -0.586996 0.255104
vn -0.951057 -0.000000 0.309017
vn -0.987688 -0.000000 0.156434
vn -0.800417 0.586996 0.121523
vn -0.307972 0.950535 0.040459
vn 0.302444 0.951521 -0.055997
vn 0.797709 0.588591 -0.131232
vn 0.987688 -0.000000 -0.156434
vn 0.799219 -0.588591 -0.121697
vn 0.304945 -0.951521 -0.040204
vn -0.305402 -0.950535 0.056690
vn -0.798795 -0.586996 0.131767
vn -0.987688 -0.000000 0.156434
vn -1.000000 -0.000000 0.000000
vn -0.809573 0.586996 -0.005186
vn -0.310510 0.950535 -0.008216
vn 0.307480 0.951521 -0.007995
vn 0.808417 0.588591 -0.004827
vn 1.000000 0.000000 -0.000000
vn 0.808417 -0.588591 0.004827
vn 0.307480 -0.951521 0.007995
vn -0.310510 -0.950535 0.008216
vn -0.809573 -0.586996 0.005186
vn -1.000000 -0.000000 0.000000
vn -0.987688 0.000000 -0.156434
vn -0.798795 0.586996 -0.131767
vn -0.305402 0.950535 -0.056690
vn 0.304945 0.951521 0.040204
vn 0.799219 0.588591 0.121697
vn 0.987688 0.000000 0.156434
vn 0.797709 -0.588591 0.131232
vn 0.302444 -0.951521 0.055997
vn -0.307972 -0.950535 -0.040459
vn -0.800417 -0.586996 -0.121523
vn -0.987688 0.000000 -0.156434
vn -0.951057 0.000000 -0.309017
vn -0.768347 0.586996 -0.255104
vn -0.292774 0.950535 -0.103767
vn 0.294901 0.951521 0.087413
vn 0.770342 0.588591 0.245224
vn 0.951057 -0.000000 0.309017
vn 0.767358 -0.588591 0.254405
vn 0.289960 -0.951521 0.102620
vn -0.297852 -0.950535 -0.088139
vn -0.771552 -0.586996 -0.245240
vn -0.951057 0.000000 -0.309017
vn -0.891007 -0.000000 -0.453990
vn -0.718981 0.586996 -0.372159
vn -0.272936 0.950535 -0.148290
vn 0.277596 0.951521 0.132470
vn 0.722496 0.588591 0.362712
vn 0.891007 -0.000000 0.453990
vn 0.718113 -0.588591 0.371314
vn 0.270337 -0.951521 0.146716
vn -0.280397 -0.950535 -0.133648
vn -0.723689 -0.586996 -0.362918
vn -0.891007 -0.000000 -0.453990
vn -0.809017 0.000000 -0.587785
vn -0.651910 0.586996 -0.480051
vn -0.246378 0.950535 -0.189160
vn 0.253456 0.951521 0.174264
vn 0.656860 0.588591 0.471270
vn 0.809017 -0.000000 0.587785
vn 0.651185 -0.588591 0.479081
vn 0.244057 -0.951521 0.187200
vn -0.256037 -0.950535 -0.175866
vn -0.658007 -0.586996 -0.471660
vn -0.809017 0.000000 -0.587785
vn -0.707107 -0.000000 -0.707107
vn -0.568788 0.586996 -0.576122
vn -0.213754 0.950535 -0.225374
vn 0.223074 0.951521 0.211768
vn 0.575050 0.588591 0.568224
vn 0.707107 -0.000000 0.707107
vn 0.568224 -0.588591 0.575050
vn 0.211768 -0.951521 0.223074
vn -0.225374 -0.950535 -0.213754
vn -0.576122 -0.586996 -0.568788
vn -0.707107 -0.000000 -0.707107
vn -0.587785 -0.000000 -0.809017
vn -0.471660 0.586996 -0.658007
vn -0.175866 0.950535 -0.256037
vn 0.187200 0.951521 0.244057
vn 0.479081 0.588591 0.651185
vn 0.587785 -0.000000 0.809017
vn 0.471270 -0.588591 0.656860
vn 0.174264 -0.951521 0.253456
vn -0.189160 -0.950535 -0.246378
vn -0.480051 -0.586996 -0.651910
vn -0.587785 -0.000000 -0.809017
vn -0.453990 0.000000 -0.891007
vn -0.362918 0.586996 -0.723689
vn -0.133648 0.950535 -0.280397
vn 0.146716 0.951521 0.270337
vn 0.371314 0.588591 0.718113
vn 0.453990 0.000000 0.891007
vn 0.362712 -0.588591 0.722496
vn 0.132470 -0.951521 0.277596
vn -0.148290 -0.950535 -0.272936
vn -0.372159 -0.586996 -0.718981
vn -0.453990 0.000000 -0.891007
vn -0.309017 -0.000000 -0.951057
vn -0.245240 0.586996 -0.771552
vn -0.088139 0.950535 -0.297852
vn 0.102620 0.951521 0.289960
vn 0.254405 0.588591 0.767358
vn 0.309017 0.000000 0.951057
vn 0.245224 -0.588591 0.770342
vn 0.087413 -0.951521 0.294901
vn -0.103767 -0.950535 -0.292774
vn -0.255104 -0.586996 -0.768347
vn -0.309017 -0.000000 -0.951057
vn -0.156434 -0.000000 -0.987688
vn -0.121523 0.586996 -0.800417
vn -0.040459 0.950535 -0.307972
vn 0.055997 0.951521 0.302444
vn 0.131232 0.588591 0.797709
vn 0.156434 -0.000000 0.987688
vn 0.121697 -0.588591 0.799219
vn 0.040204 -0.951521 0.304945
vn -0.056690 -0.950535 -0.305402
vn -0.131767 -0.586996 -0.798795
vn -0.156434 -0.000000 -0.987688
vn -0.000000 0.000000 -1.000000
vn 0.005186 0.586996 -0.809573
vn 0.008216 0.950535 -0.310510
vn 0.007995 0.951521 0.307480
vn 0.004827 0.588591 0.808417
vn 0.000000 -0.000000 1.000000
vn -0.004827 -0.588591 0.808417
vn -0.007995 -0.951521 0.307480
vn -0.008216 -0.950535 -0.310510
vn -0.005186 -0.586996 -0.809573
vn -0.000000 0.000000 -1.000000
vn 0.156434 -0.000000 -0.987688
vn 0.131767 0.586996 -0.798795
vn 0.056690 0.950535 -0.305402
vn -0.040204 0.951521 0.304945
vn -0.121697 0.588591 0.799219
vn -0.156434 -0.000000 0.987688
vn -0.131232 -0.588591 0.797709
vn -0.055997 -0.951521 0.302444
vn 0.040459 -0.950535 -0.307972
vn 0.121523 -0.586996 -0.800417
vn 0.156434 -0.000000 -0.987688
vn 0.309017 0.000000 -0.951057
vn 0.255104 0.586996 -0.768347
vn 0.103767 0.950535 -0.292774
vn -0.087413 0.951521 0.294901
vn -0.245224 0.588591 0.770342
vn -0.309017 -0.000000 0.951057
vn -0.254405 -0.588591 0.767358
vn -0.102620 -0.951521 0.289960
vn 0.088139 -0.950535 -0.297852
vn 0.245240 -0.586996 -0.771552
vn 0.309017 0.000000 -0.951057
vn 0.453990 0.000000 -0.891007
vn 0.372159 0.586996 -0.718981
vn 0.148290 0.950535 -0.272936
vn -0.132470 0.951521 0.277596
vn -0.362712 0.588591 0.722496
vn -0.453990 0.000000 0.891007
vn -0.371314 -0.588591 0.718113
vn -0.146716 -0.951521 0.270337
vn 0.133648 -0.950535 -0.280397
vn 0.362918 -0.586996 -0.723689
vn 0.453990 0.000000 -0.891007
vn 0.587785 0.000000 -0.809017
vn 0.480051 0.586996 -0.651910
vn 0.189160 0.950535 -0.246378
vn -0.174264 0.951521 0.253456
vn -0.471270 0.588591 0.656860
vn -0.587785 0.000000 0.809017
vn -0.479081 -0.588591 0.651185
vn -0.187200 -0.951521 0.244057
vn 0.175866 -0.950535 -0.256037
vn 0.471660 -0.586996 -0.658007
vn 0.587785 0.000000 -0.809017
vn 0.707107 -0.000000 -0.707107
vn 0.576122 0.586996 -0.568788
vn 0.225374 0.950535 -0.213754
vn -0.211768 0.951521 0.223074
vn -0.568224 0.588591 0.575050
vn -0.707107 -0.000000 0.707107
vn -0.575050 -0.588591 0.568224
vn -0.223074 -0.951521 0.211768
vn 0.213754 -0.950535 -0.225374
vn 0.568788 -0.586996 -0.576122
vn 0.707107 -0.000000 -0.707107
vn 0.809017 -0.000000 -0.587785
vn 0.658007 0.586996 -0.471660
vn 0.256037 0.950535 -0.175866
vn -0.244057 0.951521 0.187200
vn -0.651185 0.588591 0.479081
vn -0.809017 -0.000000 0.587785
vn -0.656860 -0.588591 0.471270
vn -0.253456 -0.951521 0.174264
vn 0.246378 -0.950535 -0.189160
vn 0.651910 -0.586996 -0.480051
vn 0.809017 -0.000000 -0.587785
vn 0.891007 0.000000 -0.453990
vn 0.723689 0.586996 -0.362918
vn 0.280397 0.950535 -0.133648
vn -0.270337 0.951521 0.146716
vn -0.718113 0.588591 0.371314
vn -0.891007 0.000000 0.453990
vn -0.722496 -0.588591 0.362712
vn -0.277596 -0.951521 0.132470
vn 0.272936 -0.950535 -0.148290
vn 0.718981 -0.586996 -0.372159
vn 0.891007 0.000000 -0.453990
vn 0.951057 -0.000000 -0.309017
vn 0.771552 0.586996 -0.245240
vn 0.297852 0.950535 -0.088139
vn -0.289960 0.951521 0.102620
vn -0.767358 0.588591 0.254405
vn -0.951057 0.000000 0.309017
vn -0.770342 -0.588591 0.245224
vn -0.294901 -0.951521 0.087413
vn 0.292774 -0.950535 -0.103767
vn 0.768347 -0.586996 -0.255104
vn 0.951057 -0.000000 -0.309017
vn 0.987688 -0.000000 -0.156434
vn 0.800417 0.586996 -0.121523
vn 0.307972 0.950535 -0.040459
vn -0.302444 0.951521 0.055997
vn -0.797709 0.588591 0.131232
vn -0.987688 -0.000000 0.156434
vn -0.799219 -0.588591 0.121697
vn -0.304945 -0.951521 0.040204
vn 0.305402 -0.950535 -0.056690
vn 0.798795 -0.586996 -0.131767
vn 0.987688 -0.000000 -0.156434
vn 1.000000 0.000000 -0.000000
vn 0.809573 0.586996 0.005186
vn 0.310510 0.950535 0.008216
vn -0.307480 0.951521 0.007995
vn -0.808417 0.588591 0.004827
vn -1.000000 0.000000 0.000000
vn -0.808417 -0.588591 -0.004827
vn -0.307480 -0.951521 -0.007995
vn 0.310510 -0.950535 -0.008216
vn 0.809573 -0.586996 -0.005186
vn 1.000000 0.000000 -0.000000
vn 1.000000 0.000000 -0.000000
vn 0.809573 0.586996 0.005186
vn 0.310510 0.950535 0.008216
vn -0.307480 0.951521 0.007995
vn -0.808417 0.588591 0.004827
vn -1.000000 0.000000 0.000000
vn -0.808417 -0.588591 -0.004827
vn -0.307480 -0.951521 -0.007995
vn 0.310510 -0.950535 -0.008216
vn 0.809573 -0.586996 -0.005186
vn 1.000000 0.000000 -0.000000
vn 0.987688 0.000000 0.156434
vn 0.798795 0.586996 0.131767
vn 0.305402 0.950535 0.056690
vn -0.304945 0.951521 -0.040204
vn -0.799219 0.588591 -0.121697
vn -0.987688 0.000000 -0.156434
vn -0.797709 -0.588591 -0.131232
vn -0.302444 -0.951521 -0.055997
vn 0.307972 -0.950535 0.040459
vn 0.800417 -0.586996 0.121523
vn 0.987688 0.000000 0.156434
vn 0.951057 0.000000 0.309017
vn 0.768347 0.586996 0.255104
vn 0.292774 0.950535 0.103767
vn -0.294901 0.951521 -0.087413
vn -0.770342 0.588591 -0.245224
vn -0.951057 -0.000000 -0.309017
vn -0.767358 -0.588591 -0.254405
vn -0.289960 -0.951521 -0.102620
vn 0.297852 -0.950535 0.088139
vn 0.771552 -0.586996 0.245240
vn 0.951057 0.000000 0.309017
vn 0.891007 -0.000000 0.453990
vn 0.718981 0.586996 0.372159
vn 0.272936 0.950535 0.148290
vn -0.277596 0.951521 -0.132470
vn -0.722496 0.588591 -0.362712
vn -0.891007 -0.000000 -0.453990
vn -0.718113 -0.588591 -0.371314
vn -0.270337 -0.951521 -0.146716
vn 0.280397 -0.950535 0.133648
vn 0.723689 -0.586996 0.362918
vn 0.891007 -0.000000 0.453990
vn 0.809017 -0.000000 0.587785
vn 0.651910 0.586996 0.480051
vn 0.246378 0.950535 0.189160
vn -0.253456 0.951521 -0.174264
vn -0.656860 0.588591 -0.471270
vn -0.809017 -0.000000 -0.587785
vn -0.651185 -0.588591 -0.479081
vn -0.244057 -0.951521 -0.187200
vn 0.256037 -0.950535 0.175866
vn 0.658007 -0.586996 0.471660
vn 0.809017 -0.000000 0.587785
vn 0.707107 -0.000000 0.707107
vn 0.568788 0.586996 0.576122
vn 0.213754 0.950535 0.225374
vn -0.223074 0.951521 -0.211768
vn -0.575050 0.588591 -0.568224
vn -0.707107 0.000000 -0.707107
vn -0.568224 -0.588591 -0.575050
vn -0.211768 -0.951521 -0.223074
vn 0.225374 -0.950535 0.213754
vn 0.576122 -0.586996 0.568788
vn 0.707107 -0.000000 0.707107
vn 0.587785 -0.000000 0.809017
vn 0.471660 0.586996 0.658007
vn 0.175866 0.950535 0.256037
vn -0.187200 0.951521 -0.244057
vn -0.479081 0.588591 -0.651185
vn -0.587785 0.000000 -0.809017
vn -0.471270 -0.588591 -0.656860
vn -0.174264 -0.951521 -0.253456
vn 0.189160 -0.950535 0.246378
vn 0.480051 -0.586996 0.651910
vn 0.587785 -0.000000 0.809017
vn 0.453990 0.000000 0.891007
vn 0.362918 0.586996 0.723689
vn 0.133648 0.950535 0.280397
vn -0.146716 0.951521 -0.270337
vn -0.371314 0.588591 -0.718113
vn -0.453990 0.000000 -0.891007
vn -0.362712 -0.588591 -0.722496
vn -0.132470 -0.951521 -0.277596
vn 0.148290 -0.950535 0.272936
vn 0.372159 -0.586996 0.718981
vn 0.453990 0.000000 0.891007
vn 0.309017 -0.000000 0.951057
vn 0.245240 0.586996 0.771552
vn 0.088139 0.950535 0.297852
vn -0.102620 0.951521 -0.289960
vn -0.254405 0.588591 -0.767358
vn -0.309017 0.000000 -0.951057
vn -0.245224 -0.588591 -0.770342
vn -0.087413 -0.951521 -0.294901
vn 0.103767 -0.950535 0.292774
vn 0.255104 -0.586996 0.768347
vn 0.309017 -0.000000 0.951057
vn 0.156434 -0.000000 0.987688
vn 0.121523 0.586996 0.800417
vn 0.040459 0.950535 0.307972
vn -0.055997 0.951521 -0.302444
vn -0.131232 0.588591 -0.797709
vn -0.156434 -0.000000 -0.987688
vn -0.121697 -0.588591 -0.799219
vn -0.040204 -0.951521 -0.304945
vn 0.056690 -0.950535 0.305402
vn 0.131767 -0.586996 0.798795
vn 0.156434 -0.000000 0.987688
vn 0.000000 0.000000 1.000000
vn -0.005186 0.586996 0.809573
vn -0.008216 0.950535 0.310510
vn -0.007995 0.951521 -0.307480
vn -0.004827 0.588591 -0.808417
vn 0.000000 -0.000000 -1.000000
vn 0.004827 -0.588591 -0.808417
vn 0.007995 -0.951521 -0.307480
vn 0.008216 -0.950535 0.310510
vn 0.005186 -0.586996 0.809573
vn 0.000000 0.000000 1.000000
vn -0.156434 -0.000000 0.987688
vn -0.131767 0.586996 0.798795
vn -0.056690 0.950535 0.305402
vn 0.040204 0.951521 -0.304945
vn 0.121697 0.588591 -0.799219
vn 0.156434 -0.000000 -0.987688
vn 0.131232 -0.588591 -0.797709
vn 0.055997 -0.951521 -0.302444
vn -0.040459 -0.950535 0.307972
vn -0.121523 -0.586996 0.800417
vn -0.156434 -0.000000 0.987688
vn -0.309017 0.000000 0.951057
vn -0.255104 0.586996 0.768347
vn -0.103767 0.950535 0.292774
vn 0.087413 0.951521 -0.294901
vn 0.245224 0.588591 -0.770342
vn 0.309017 -0.000000 -0.951057
vn 0.254405 -0.588591 -0.767358
vn 0.102620 -0.951521 -0.289960
vn -0.088139 -0.950535 0.297852
vn -0.245240 -0.586996 0.771552
vn -0.309017 0.000000 0.951057
vn -0.453990 0.000000 0.891007
vn -0.372159 0.586996 0.718981
vn -0.148290 0.950535 0.272936
vn 0.132470 0.951521 -0.277596
vn 0.362712 0.588591 -0.722496
vn 0.453990 0.000000 -0.891007
vn 0.371314 -0.588591 -0.718113
vn 0.146716 -0.951521 -0.270337
vn -0.133648 -0.950535 0.280397
vn -0.362918 -0.586996 0.723689
vn -0.453990 0.000000 0.891007
vn -0.587785 -0.000000 0.809017
vn -0.480051 0.586996 0.651910
vn -0.189160 0.950535 0.246378
vn 0.174264 0.951521 -0.253456
vn 0.471270 0.588591 -0.656860
vn 0.587785 -0.000000 -0.809017
vn 0.479081 -0.588591 -0.651185
vn 0.187200 -0.951521 -0.244057
vn -0.175866 -0.950535 0.256037
vn -0.471660 -0.586996 0.658007
vn -0.587785 -0.000000 0.809017
vn -0.707107 -0.000000 0.707107
vn -0.576122 0.586996 0.568788
vn -0.225374 0.950535 0.213754
vn 0.211768 0.951521 -0.223074
vn 0.568224 0.588591 -0.575050
vn 0.707107 -0.000000 -0.707107
vn 0.575050 -0.588591 -0.568224
vn 0.223074 -0.951521 -0.211768
vn -0.213754 -0.950535 0.225374
vn -0.568788 -0.586996 0.576122
vn -0.707107 -0.000000 0.707107
vn -0.809017 0.000000 0.587785
vn -0.658007 0.586996 0.471660
vn -0.256037 0.950535 0.175866
vn 0.244057 0.951521 -0.187200
vn 0.651185 0.588591 -0.479081
vn 0.809017 0.000000 -0.587785
vn 0.656860 -0.588591 -0.471270
vn 0.253456 -0.951521 -0.174264
vn -0.246378 -0.950535 0.189160
vn -0.651910 -0.586996 0.480051
vn -0.809017 0.000000 0.587785
vn -0.891007 0.000000 0.453990
vn -0.723689 0.586996 0.362918
vn -0.280397 0.950535 0.133648
vn 0.270337 0.951521 -0.146716
vn 0.718113 0.588591 -0.371314
vn 0.891007 0.000000 -0.453990
vn 0.722496 -0.588591 -0.362712
vn 0.277596 -0.951521 -0.132470
vn -0.272936 -0.950535 0.148290
vn -0.718981 -0.586996 0.372159
vn -0.891007 0.000000 0.453990
vn -0.951057 -0.000000 0.309017
vn -0.771552 0.586996 0.245240
vn -0.297852 0.950535 0.088139
vn 0.289960 0.951521 -0.102620
vn 0.767358 0.588591 -0.254405
vn 0.951057 0.000000 -0.309017
vn 0.770342 -0.588591 -0.245224
vn 0.294901 -0.951521 -0.087413
vn -0.292774 -0.950535 0.103767
vn -0.768347 -0.586996 0.255104
vn -0.951057 -0.000000 0.309017
vn -0.987688 -0.000000 0.156434
vn -0.800417 0.586996 0.121523
vn -0.307972 0.950535 0.040459
vn 0.302444 0.951521 -0.055997
vn 0.797709 0.588591 -0.131232
vn 0.987688 -0.000000 -0.156434
vn 0.799219 -0.588591 -0.121697
vn 0.304945 -0.951521 -0.040204
vn -0.305402 -0.950535 0.056690
vn -0.798795 -0.586996 0.131767
vn -0.987688 -0.000000 0.156434
vn -1.000000 -0.000000 0.000000
vn -0.809573 0.586996 -0.005186
vn -0.310510 0.950535 -0.008216
vn 0.307480 0.951521 -0.007995
vn 0.808417 0.588591 -0.004827
vn 1.000000 0.000000 -0.000000
vn 0.808417 -0.588591 0.004827
vn 0.307480 -0.951521 0.007995
vn -0.310510 -0.950535 0.008216
vn -0.809573 -0.586996 0.005186
vn -1.000000 -0.000000 0.000000
vn -0.987688 0.000000 -0.156434
vn -0.798795 0.586996 -0.131767
vn -0.305402 0.950535 -0.056690
vn 0.304945 0.951521 0.040204
vn 0.799219 0.588591 0.121697
vn 0.987688 0.000000 0.156434
vn 0.797709 -0.588591 0.131232
vn 0.302444 -0.951521 0.055997
vn -0.307972 -0.950535 -0.040459
vn -0.800417 -0.586996 -0.121523
vn -0.987688 0.000000 -0.156434
vn -0.951057 0.000000 -0.309017
vn -0.768347 0.586996 -0.255104
vn -0.292774 0.950535 -0.103767
vn 0.294901 0.951521 0.087413
vn 0.770342 0.588591 0.245224
vn 0.951057 -0.000000 0.309017
vn 0.767358 -0.588591 0.254405
vn 0.289960 -0.951521 0.102620
vn -0.297852 -0.950535 -0.088139
vn -0.771552 -0.586996 -0.245240
vn -0.951057 0.000000 -0.309017
vn -0.891007 -0.000000 -0.453990
vn -0.718981 0.586996 -0.372159
vn -0.272936 0.950535 -0.148290
vn 0.277596 0.951521 0.132470
vn 0.722496 0.588591 0.362712
vn 0.891007 -0.000000 0.453990
vn 0.718113 -0.588591 0.371314
vn 0.270337 -0.951521 0.146716
vn -0.280397 -0.950535 -0.133648
vn -0.723689 -0.586996 -0.362918
vn -0.891007 -0.000000 -0.453990
vn -0.809017 0.000000 -0.587785
vn -0.651910 0.586996 -0.480051
vn -0.246378 0.950535 -0.189160
vn 0.253456 0.951521 0.174264
vn 0.656860 0.588591 0.471270
vn 0.809017 -0.000000 0.587785
vn 0.651185 -0.588591 0.479081
vn 0.244057 -0.951521 0.187200
vn -0.256037 -0.950535 -0.175866
vn -0.658007 -0.586996 -0.471660
vn -0.809017 0.000000 -0.587785
vn -0.707107 -0.000000 -0.707107
vn -0.568788 0.586996 -0.576122
vn -0.213754 0.950535 -0.225374
vn 0.223074 0.951521 0.211768
vn 0.575050 0.588591 0.568224
vn 0.707107 -0.000000 0.707107
vn 0.568224 -0.588591 0.575050
vn 0.211768 -0.951521 0.223074
vn -0.225374 -0.950535 -0.213754
vn -0.576122 -0.586996 -0.568788
vn -0.707107 -0.000000 -0.707107
vn -0.587785 -0.000000 -0.809017
vn -0.471660 0.586996 -0.658007
vn -0.175866 0.950535 -0.256037
vn 0.187200 0.951521 0.244057
vn 0.479081 0.588591 0.651185
vn 0.587785 -0.000000 0.809017
vn 0.471270 -0.588591 0.656860
vn 0.174264 -0.951521 0.253456
vn -0.189160 -0.950535 -0.246378
vn -0.480051 -0.586996 -0.651910
vn -0.587785 -0.000000 -0.809017
vn -0.453990 0.000000 -0.891007
vn -0.362918 0.586996 -0.723689
vn -0.133648 0.950535 -0.280397
vn 0.146716 0.951521 0.270337
vn 0.371314 0.588591 0.718113
vn 0.453990 0.000000 0.891007
vn 0.362712 -0.588591 0.722496
vn 0.132470 -0.951521 0.277596
vn -0.148290 -0.950535 -0.272936
vn -0.372159 -0.586996 -0.718981
vn -0.453990 0.000000 -0.891007
vn -0.309017 -0.000000 -0.951057
vn -0.245240 0.586996 -0.771552
vn -0.088139 0.950535 -0.297852
vn 0.102620 0.951521 0.289960
vn 0.254405 0.588591 0.767358
vn 0.309017 0.000000 0.951057
vn 0.245224 -0.588591 0.770342
vn 0.087413 -0.951521 0.294901
vn -0.103767 -0.950535 -0.292774
vn -0.255104 -0.586996 -0.768347
vn -0.309017 -0.000000 -0.951057
vn -0.156434 -0.000000 -0.987688
vn -0.121523 0.586996 -0.800417
vn -0.040459 0.950535 -0.307972
vn 0.055997 0.951521 0.302444
vn 0.131232 0.588591 0.797709
vn 0.156434 -0.000000 0.987688
vn 0.121697 -0.588591 0.799219
vn 0.040204 -0.951521 0.304945
vn -0.056690 -0.950535 -0.305402
vn -0.131767 -0.586996 -0.798795
vn -0.156434 -0.000000 -0.987688
vn -0.000000 0.000000 -1.000000
vn 0.005186 0.586996 -0.809573
vn 0.008216 0.950535 -0.310510
vn 0.007995 0.951521 0.307480
vn 0.004827 0.588591 0.808417
vn 0.000000 -0.000000 1.000000
vn -0.004827 -0.588591 0.808417
vn -0.007995 -0.951521 0.307480
vn -0.008216 -0.950535 -0.310510
vn -0.005186 -0.586996 -0.809573
vn -0.000000 0.000000 -1.000000
vn 0.156434 -0.000000 -0.987688
vn 0.131767 0.586996 -0.798795
vn 0.056690 0.950535 -0.305402
vn -0.040204 0.951521 0.304945
vn -0.121697 0.588591 0.799219
vn -0.156434 -0.000000 0.987688
vn -0.131232 -0.588591 0.797709
vn -0.055997 -0.951521 0.302444
vn 0.040459 -0.950535 -0.307972
vn 0.121523 -0.586996 -0.800417
vn 0.156434 -0.000000 -0.987688
vn 0.309017 0.000000 -0.951057
vn 0.255104 0.586996 -0.768347
vn 0.103767 0.950535 -0.292774
vn -0.087413 0.951521 0.294901
vn -0.245224 0.588591 0.770342
vn -0.309017 -0.000000 0.951057
vn -0.254405 -0.588591 0.767358
vn -0.102620 -0.951521 0.289960
vn 0.088139 -0.950535 -0.297852
vn 0.245240 -0.586996 -0.771552
vn 0.309017 0.000000 -0.951057
vn 0.453990 0.000000 -0.891007
vn 0.372159 0.586996 -0.718981
vn 0.148290 0.950535 -0.272936
vn -0.132470 0.951521 0.277596
vn -0.362712 0.588591 0.722496
vn -0.453990 0.000000 0.891007
vn -0.371314 -0.588591 0.718113
vn -0.146716 -0.951521 0.270337
vn 0.133648 -0.950535 -0.280397
vn 0.362918 -0.586996 -0.723689
vn 0.453990 0.000000 -0.891007
vn 0.587785 0.000000 -0.809017
vn 0.480051 0.586996 -0.651910
vn 0.189160 0.950535 -0.246378
vn -0.174264 0.951521 0.253456
vn -0.471270 0.588591 0.656860
vn -0.587785 0.000000 0.809017
vn -0.479081 -0.588591 0.651185
vn -0.187200 -0.951521 0.244057
vn 0.175866 -0.950535 -0.256037
vn 0.471660 -0.586996 -0.658007
vn 0.587785 0.000000 -0.809017
vn 0.707107 -0.000000 -0.707107
vn 0.576122 0.586996 -0.568788
vn 0.225374 0.950535 -0.213754
vn -0.211768 0.951521 0.223074
vn -0.568224 0.588591 0.575050
vn -0.707107 -0.000000 0.707107
vn -0.575050 -0.588591 0.568224
vn -0.223074 -0.951521 0.211768
vn 0.213754 -0.950535 -0.225374
vn 0.568788 -0.586996 -0.576122
vn 0.707107 -0.000000 -0.707107
vn 0.809017 -0.000000 -0.587785
vn 0.658007 0.586996 -0.471660
vn 0.256037 0.950535 -0.175866
vn -0.244057 0.951521 0.187200
vn -0.651185 0.588591 0.479081
vn -0.809017 -0.000000 0.587785
vn -0.656860 -0.588591 0.471270
vn -0.253456 -0.951521 0.174264
vn 0.246378 -0.950535 -0.189160
vn 0.651910 -0.586996 -0.480051
vn 0.809017 -0.000000 -0.587785
vn 0.891007 0.000000 -0.453990
vn 0.723689 0.586996 -0.362918
vn 0.280397 0.950535 -0.133648
vn -0.270337 0.951521 0.146716
vn -0.718113 0.588591 0.371314
vn -0.891007 0.000000 0.453990
vn -0.722496 -0.588591 0.362712
vn -0.277596 -0.951521 0.132470
vn 0.272936 -0.950535 -0.148290
vn 0.718981 -0.586996 -0.372159
vn 0.891007 0.000000 -0.453990
vn 0.951057 -0.000000 -0.309017
vn 0.771552 0.586996 -0.245240
vn 0.297852 0.950535 -0.088139
vn -0.289960 0.951521 0.102620
vn -0.767358 0.588591 0.254405
vn -0.951057 0.000000 0.309017
vn -0.770342 -0.588591 0.245224
vn -0.294901 -0.951521 0.087413
vn 0.292774 -0.950535 -0.103767
vn 0.768347 -0.586996 -0.255104
vn 0.951057 -0.000000 -0.309017
vn 0.987688 -0.000000 -0.156434
vn 0.800417 0.586996 -0.121523
vn 0.307972 0.950535 -0.040459
vn -0.302444 0.951521 0.055997
vn -0.797709 0.588591 0.131232
vn -0.987688 -0.000000 0.156434
vn -0.799219 -0.588591 0.121697
vn -0.304945 -0.951521 0.040204
vn 0.305402 -0.950535 -0.056690
vn 0.798795 -0.586996 -0.131767
vn 0.987688 -0.000000 -0.156434
vn 1.000000 0.000000 -0.000000
vn 0.809573 0.586996 0.005186
vn 0.310510 0.950535 0.008216
vn -0.307480 0.951521 0.007995
vn -0.808417 0.588591 0.004827
vn -1.000000 0.000000 0.000000
vn -0.808417 -0.588591 -0.004827
vn -0.307480 -0.951521 -0.007995
vn 0.310510 -0.950535 -0.008216
vn 0.809573 -0.586996 -0.005186
vn 1.000000 0.000000 -0.000000
vn 1.000000 0.000000 -0.000000
vn 0.809573 0.586996 0.005186
vn 0.310510 0.950535 0.008216
vn -0.307480 0.951521 0.007995
vn -0.808417 0.588591 0.004827
vn -1.000000 0.000000 0.000000
vn -0.808417 -0.588591 -0.004827
vn -0.307480 -0.951521 -0.007995
vn 0.310510 -0.950535 -0.008216
vn 0.809573 -0.586996 -0.005186
vn 1.000000 0.000000 -0.000000
vn 0.987688 0.000000 0.156434
vn 0.798795 0.586996 0.131767
vn 0.305402 0.950535 0.056690
vn -0.304945 0.951521 -0.040204
vn -0.799219 0.588591 -0.121697
vn -0.987688 0.000000 -0.156434
vn -0.797709 -0.588591 -0.131232
vn -0.302444 -0.951521 -0.055997
vn 0.307972 -0.950535 0.040459
vn 0.800417 -0.586996 0.121523
vn 0.987688 0.000000 0.156434
vn 0.951057 0.000000 0.309017
vn 0.768347 0.586996 0.255104
vn 0.292774 0.950535 0.103767
vn -0.294901 0.951521 -0.087413
vn -0.770342 0.588591 -0.245224
vn -0.951057 -0.000000 -0.309017
vn -0.767358 -0.588591 -0.254405
vn -0.289960 -0.951521 -0.102620
vn 0.297852 -0.950535 0.088139
vn 0.771552 -0.586996 0.245240
vn 0.951057 0.000000 0.309017
vn 0.891007 -0.000000 0.453990
vn 0.718981 0.586996 0.372159
vn 0.272936 0.950535 0.148290
vn -0.277596 0.951521 -0.132470
vn -0.722496 0.588591 -0.362712
vn -0.891007 -0.000000 -0.453990
vn -0.718113 -0.588591 -0.371314
vn -0.270337 -0.951521 -0.146716
vn 0.280397 -0.950535 0.133648
vn 0.723689 -0.586996 0.362918
vn 0.891007 -0.000000 0.453990
vn 0.809017 -0.000000 0.587785
vn 0.651910 0.586996 0.480051
vn 0.246378 0.950535 0.189160
vn -0.253456 0.951521 -0.174264
vn -0.656860 0.588591 -0.471270
vn -0.809017 -0.000000 -0.587785
vn -0.651185 -0.588591 -0.479081
vn -0.244057 -0.951521 -0.187200
vn 0.256037 -0.950535 0.175866
vn 0.658007 -0.586996 0.471660
vn 0.809017 -0.000000 0.587785
vn 0.707107 -0.000000 0.707107
vn 0.568788 0.586996 0.576122
vn 0.213754 0.950535 0.225374
vn -0.223074 0.951521 -0.211768
vn -0.575050 0.588591 -0.568224
vn -0.707107 0.000000 -0.707107
vn -0.568224 -0.588591 -0.575050
vn -0.211768 -0.951521 -0.223074
vn 0.225374 -0.950535 0.213754
vn 0.576122 -0.586996 0.568788
vn 0.707107 -0.000000 0.707107
vn 0.587785 -0.000000 0.809017
vn 0.471660 0.586996 0.658007
vn 0.175866 0.950535 0.256037
vn -0.187200 0.951521 -0.244057
vn -0.479081 0.588591 -0.651185
vn -0.587785 0.000000 -0.809017
vn -0.471270 -0.588591 -0.656860
vn -0.174264 -0.951521 -0.253456
vn 0.189160 -0.950535 0.246378
vn 0.480051 -0.586996 0.651910
vn 0.587785 -0.000000 0.809017
vn 0.453990 0.000000 0.891007
vn 0.362918 0.586996 0.723689
vn 0.133648 0.950535 0.280397
vn -0.146716 0.951521 -0.270337
vn -0.371314 0.588591 -0.718113
vn -0.453990 0.000000 -0.891007
vn -0.362712 -0.588591 -0.722496
vn -0.132470 -0.951521 -0.277596
vn 0.148290 -0.950535 0.272936
vn 0.372159 -0.586996 0.718981
vn 0.453990 0.000000 0.891007
vn 0.309017 -0.000000 0.951057
vn 0.245240 0.586996 0.771552
vn 0.088139 0.950535 0.297852
vn -0.102620 0.951521 -0.289960
vn -0.254405 0.588591 -0.767358
vn -0.309017 0.000000 -0.951057
vn -0.245224 -0.588591 -0.770342
vn -0.087413 -0.951521 -0.294901
vn 0.103767 -0.950535 0.292774
vn 0.255104 -0.586996 0.768347
vn 0.309017 -0.000000 0.951057
vn 0.156434 -0.000000 0.987688
vn 0.121523 0.586996 0.800417
vn 0.040459 0.950535 0.307972
vn -0.055997 0.951521 -0.302444
vn -0.131232 0.588591 -0.797709
vn -0.156434 -0.000000 -0.987688
vn -0.121697 -0.588591 -0.799219
vn -0.040204 -0.951521 -0.304945
vn 0.056690 -0.950535 0.305402
vn 0.131767 -0.586996 0.798795
vn 0.156434 -0.000000 0.987688
vn 0.000000 0.000000 1.000000
vn -0.005186 0.586996 0.809573
vn -0.008216 0.950535 0.310510
vn -0.007995 0.951521 -0.307480
vn -0.004827 0.588591 -0.808417
vn 0.000000 -0.000000 -1.000000
vn 0.004827 -0.588591 -0.808417
vn 0.007995 -0.951521 -0.307480
vn 0.008216 -0.950535 0.310510
vn 0.005186 -0.586996 0.809573
vn 0.000000 0.000000 1.000000
vn -0.156434 -0.000000 0.987688
vn -0.131767 0.586996 0.798795
vn -0.056690 0.950535 0.305402
vn 0.040204 0.951521 -0.304945
vn 0.121697 0.588591 -0.799219
vn 0.156434 -0.000000 -0.987688
vn 0.131232 -0.588591 -0.797709
vn 0.055997 -0.951521 -0.302444
vn -0.040459 -0.950535 0.307972
vn -0.121523 -0.586996 0.800417
vn -0.156434 -0.000000 0.987688
vn -0.309017 0.000000 0.951057
vn -0.255104 0.586996 0.768347
vn -0.103767 0.950535 0.292774
vn 0.087413 0.951521 -0.294901
vn 0.245224 0.588591 -0.770342
vn 0.309017 -0.000000 -0.951057
vn 0.254405 -0.588591 -0.767358
vn 0.102620 -0.951521 -0.289960
vn -0.088139 -0.950535 0.297852
vn -0.245240 -0.586996 0.771552
vn -0.309017 0.000000 0.951057
vn -0.453990 0.000000 0.891007
vn -0.372159 0.586996 0.718981
vn -0.148290 0.950535 0.272936
vn 0.132470 0.951521 -0.277596
vn 0.362712 0.588591 -0.722496
vn 0.453990 0.000000 -0.891007
vn 0.371314 -0.588591 -0.718113
vn 0.146716 -0.951521 -0.270337
vn -0.133648 -0.950535 0.280397
vn -0.362918 -0.586996 0.723689
vn -0.453990 0.000000 0.891007
vn -0.587785 -0.000000 0.809017
vn -0.480051 0.586996 0.651910
vn -0.189160 0.950535 0.246378
vn 0.174264 0.951521 -0.253456
vn 0.471270 0.588591 -0.656860
vn 0.587785 -0.000000 -0.809017
vn 0.479081 -0.588591 -0.651185
vn 0.187200 -0.951521 -0.244057
vn -0.175866 -0.950535 0.256037
vn -0.471660 -0.586996 0.658007
vn -0.587785 -0.000000 0.809017
vn -0.707107 -0.000000 0.707107
vn -0.576122 0.586996 0.568788
vn -0.225374 0.950535 0.213754
vn 0.211768 0.951521 -0.223074
vn 0.568224 0.588591 -0.575050
vn 0.707107 -0.000000 -0.707107
vn 0.575050 -0.588591 -0.568224
vn 0.223074 -0.951521 -0.211768
vn -0.213754 -0.950535 0.225374
vn -0.568788 -0.586996 0.576122
vn -0.707107 -0.000000 0.707107
vn -0.809017 0.000000 0.587785
vn -0.658007 0.586996 0.471660
vn -0.256037 0.950535 0.175866
vn 0.244057 0.951521 -0.187200
vn 0.651185 0.588591 -0.479081
vn 0.809017 0.000000 -0.587785
vn 0.656860 -0.588591 -0.471270
vn 0.253456 -0.951521 -0.174264
vn -0.246378 -0.950535 0.189160
vn -0.651910 -0.586996 0.480051
vn -0.809017 0.000000 0.587785
vn -0.891007 0.000000 0.453990
vn -0.723689 0.586996 0.362918
vn -0.280397 0.950535 0.133648
vn 0.270337 0.951521 -0.146716
vn 0.718113 0.588591 -0.371314
vn 0.891007 0.000000 -0.453990
vn 0.722496 -0.588591 -0.362712
vn 0.277596 -0.951521 -0.132470
vn -0.272936 -0.950535 0.148290
vn -0.718981 -0.586996 0.372159
vn -0.891007 0.000000 0.453990
vn -0.951057 -0.000000 0.309017
vn -0.771552 0.586996 0.245240
vn -0.297852 0.950535 0.088139
vn 0.289960 0.951521 -0.102620
vn 0.767358 0.588591 -0.254405
vn 0.951057 0.000000 -0.309017
vn 0.770342 -0.588591 -0.245224
vn 0.294901 -0.951521 -0.087413
vn -0.292774 -0.950535 0.103767
vn -0.768347 -0.586996 0.255104
vn -0.951057 -0.000000 0.309017
vn -0.987688 -0.000000 0.156434
vn -0.800417 0.586996 0.121523
vn -0.307972 0.950535 0.040459
vn 0.302444 0.951521 -0.055997
vn 0.797709 0.588591 -0.131232
vn 0.987688 -0.000000 -0.156434
vn 0.799219 -0.588591 -0.121697
vn 0.304945 -0.951521 -0.040204
vn -0.305402 -0.950535 0.056690
vn -0.798795 -0.586996 0.131767
vn -0.987688 -0.000000 0.156434
vn -1.000000 -0.000000 0.000000
vn -0.809573 0.586996 -0.005186
vn -0.310510 0.950535 -0.008216
vn 0.307480 0.951521 -0.007995
vn 0.808417 0.588591 -0.004827
vn 1.000000 0.000000 -0.000000
vn 0.808417 -0.588591 0.004827
vn 0.307480 -0.951521 0.007995
vn -0.310510 -0.950535 0.008216
vn -0.809573 -0.586996 0.005186
vn -1.000000 -0.000000 0.000000
vn -0.987688 0.000000 -0.156434
vn -0.798795 0.586996 -0.131767
vn -0.305402 0.950535 -0.056690
vn 0.304945 0.951521 0.040204
vn 0.799219 0.588591 0.121697
vn 0.987688 0.000000 0.156434
vn 0.797709 -0.588591 0.131232
vn 0.302444 -0.951521 0.055997
vn -0.307972 -0.950535 -0.040459
vn -0.800417 -0.586996 -0.121523
vn -0.987688 0.000000 -0.156434
vn -0.951057 0.000000 -0.309017
vn -0.768347 0.586996 -0.255104
vn -0.292774 0.950535 -0.103767
vn 0.294901 0.951521 0.087413
vn 0.770342 0.588591 0.245224
vn 0.951057 -0.000000 0.309017
vn 0.767358 -0.588591 0.254405
vn 0.289960 -0.951521 0.102620
vn -0.297852 -0.950535 -0.088139
vn -0.771552 -0.586996 -0.245240
vn -0.951057 0.000000 -0.309017
vn -0.891007 -0.000000 -0.453990
vn -0.718981 0.586996 -0.372159
vn -0.272936 0.950535 -0.148290
vn 0.277596 0.951521 0.132470
vn 0.722496 0.588591 0.362712
vn 0.891007 -0.000000 0.453990
vn 0.718113 -0.588591 0.371314
vn 0.270337 -0.951521 0.146716
vn -0.280397 -0.950535 -0.133648
vn -0.723689 -0.586996 -0.362918
vn -0.891007 -0.000000 -0.453990
vn -0.809017 0.000000 -0.587785
vn -0.651910 0.586996 -0.480051
vn -0.246378 0.950535 -0.189160
vn 0.253456 0.951521 0.174264
vn 0.656860 0.588591 0.471270
vn 0.809017 -0.000000 0.587785
vn 0.651185 -0.588591 0.479081
vn 0.244057 -0.951521 0.187200
vn -0.256037 -0.950535 -0.175866
vn -0.658007 -0.586996 -0.471660
vn -0.809017 0.000000 -0.587785
vn -0.707107 -0.000000 -0.707107
vn -0.568788 0.586996 -0.576122
vn -0.213754 0.950535 -0.225374
vn 0.223074 0.951521 0.211768
vn 0.575050 0.588591 0.568224
vn 0.707107 -0.000000 0.707107
vn 0.568224 -0.588591 0.575050
vn 0.211768 -0.951521 0.223074
vn -0.225374 -0.950535 -0.213754
vn -0.576122 -0.586996 -0.568788
vn -0.707107 -0.000000 -0.707107
vn -0.587785 -0.000000 -0.809017
vn -0.471660 0.586996 -0.658007
vn -0.175866 0.950535 -0.256037
vn 0.187200 0.951521 0.244057
vn 0.479081 0.588591 0.651185
vn 0.587785 -0.000000 0.809017
vn 0.471270 -0.588591 0.656860
vn 0.174264 -0.951521 0.253456
vn -0.189160 -0.950535 -0.246378
vn -0.480051 -0.586996 -0.651910
vn -0.587785 -0.000000 -0.809017
vn -0.453990 0.000000 -0.891007
vn -0.362918 0.586996 -0.723689
vn -0.133648 0.950535 -0.280397
vn 0.146716 0.951521 0.270337
vn 0.371314 0.588591 0.718113
vn 0.453990 0.000000 0.891007
vn 0.362712 -0.588591 0.722496
vn 0.132470 -0.951521 0.277596
vn -0.148290 -0.950535 -0.272936
vn -0.372159 -0.586996 -0.718981
vn -0.453990 0.000000 -0.891007
vn -0.309017 -0.000000 -0.951057
vn -0.245240 0.586996 -0.771552
vn -0.088139 0.950535 -0.297852
vn 0.102620 0.951521 0.289960
vn 0.254405 0.588591 0.767358
vn 0.309017 0.000000 0.951057
vn 0.245224 -0.588591 0.770342
vn 0.087413 -0.951521 0.294901
vn -0.103767 -0.950535 -0.292774
vn -0.255104 -0.586996 -0.768347
vn -0.309017 -0.000000 -0.951057
vn -0.156434 -0.000000 -0.987688
vn -0.121523 0.586996 -0.800417
vn -0.040459 0.950535 -0.307972
vn 0.055997 0.951521 0.302444
vn 0.131232 0.588591 0.797709
vn 0.156434 -0.000000 0.987688
vn 0.121697 -0.588591 0.799219
vn 0.040204 -0.951521 0.304945
vn -0.056690 -0.950535 -0.305402
vn -0.131767 -0.586996 -0.798795
vn -0.156434 -0.000000 -0.987688
vn -0.000000 0.000000 -1.000000
vn 0.005186 0.586996 -0.809573
vn 0.008216 0.950535 -0.310510
vn 0.007995 0.951521 0.307480
vn 0.004827 0.588591 0.808417
vn 0.000000 -0.000000 1.000000
vn -0.004827 -0.588591 0.808417
vn -0.007995 -0.951521 0.307480
vn -0.008216 -0.950535 -0.310510
vn -0.005186 -0.586996 -0.809573
vn -0.000000 0.000000 -1.000000
vn 0.156434 -0.000000 -0.987688
vn 0.131767 0.586996 -0.798795
vn 0.056690 0.950535 -0.305402
vn -0.040204 0.951521 0.304945
vn -0.121697 0.588591 0.799219
vn -0.156434 -0.000000 0.987688
vn -0.131232 -0.588591 0.797709
vn -0.055997 -0.951521 0.302444
vn 0.040459 -0.950535 -0.307972
vn 0.121523 -0.586996 -0.800417
vn 0.156434 -0.000000 -0.987688
vn 0.309017 0.000000 -0.951057
vn 0.255104 0.586996 -0.768347
vn 0.103767 0.950535 -0.292774
vn -0.087413 0.951521 0.294901
vn -0.245224 0.588591 0.770342
vn -0.309017 -0.000000 0.951057
vn -0.254405 -0.588591 0.767358
vn -0.102620 -0.951521 0.289960
vn 0.088139 -0.950535 -0.297852
vn 0.245240 -0.586996 -0.771552
vn 0.309017 0.000000 -0.951057
vn 0.453990 0.000000 -0.891007
vn 0.372159 0.586996 -0.718981
vn 0.148290 0.950535 -0.272936
vn -0.132470 0.951521 0.277596
vn -0.362712 0.588591 0.722496
vn -0.453990 0.000000 0.891007
vn -0.371314 -0.588591 0.718113
vn -0.146716 -0.951521 0.270337
vn 0.133648 -0.950535 -0.280397
vn 0.362918 -0.586996 -0.723689
vn 0.453990 0.000000 -0.891007
vn 0.587785 0.000000 -0.809017
vn 0.480051 0.586996 -0.651910
vn 0.189160 0.950535 -0.246378
vn -0.174264 0.951521 0.253456
vn -0.471270 0.588591 0.656860
vn -0.587785 0.000000 0.809017
vn -0.479081 -0.588591 0.651185
vn -0.187200 -0.951521 0.244057
vn 0.175866 -0.950535 -0.256037
vn 0.471660 -0.586996 -0.658007
vn 0.587785 0.000000 -0.809017
vn 0.707107 -0.000000 -0.707107
vn 0.576122 0.586996 -0.568788
vn 0.225374 0.950535 -0.213754
vn -0.211768 0.951521 0.223074
vn -0.568224 0.588591 0.575050
vn -0.707107 -0.000000 0.707107
vn -0.575050 -0.588591 0.568224
vn -0.223074 -0.951521 0.211768
vn 0.213754 -0.950535 -0.225374
vn 0.568788 -0.586996 -0.576122
vn 0.707107 -0.000000 -0.707107
vn 0.809017 -0.000000 -0.587785
vn 0.658007 0.586996 -0.471660
vn 0.256037 0.950535 -0.175866
vn -0.244057 0.951521 0.187200
vn -0.651185 0.588591 0.479081
vn -0.809017 -0.000000 0.587785
vn -0.656860 -0.588591 0.471270
vn -0.253456 -0.951521 0.174264
vn 0.246378 -0.950535 -0.189160
vn 0.651910 -0.586996 -0.480051
vn 0.809017 -0.000000 -0.587785
vn 0.891007 0.000000 -0.453990
vn 0.723689 0.586996 -0.362918
vn 0.280397 0.950535 -0.133648
vn -0.270337 0.951521 0.146716
vn -0.718113 0.588591 0.371314
vn -0.891007 0.000000 0.453990
vn -0.722496 -0.588591 0.362712
vn -0.277596 -0.951521 0.132470
vn 0.272936 -0.950535 -0.148290
vn 0.718981 -0.586996 -0.372159
vn 0.891007 0.000000 -0.453990
vn 0.951057 -0.000000 -0.309017
vn 0.771552 0.586996 -0.245240
vn 0.297852 0.950535 -0.088139
vn -0.289960 0.951521 0.102620
vn -0.767358 0.588591 0.254405
vn -0.951057 0.000000 0.309017
vn -0.770342 -0.588591 0.245224
vn -0.294901 -0.951521 0.087413
vn 0.292774 -0.950535 -0.103767
vn 0.768347 -0.586996 -0.255104
vn 0.951057 -0.000000 -0.309017
vn 0.987688 -0.000000 -0.156434
vn 0.800417 0.586996 -0.121523
vn 0.307972 0.950535 -0.040459
vn -0.302444 0.951521 0.055997
vn -0.797709 0.588591 0.131232
vn -0.987688 -0.000000 0.156434
vn -0.799219 -0.588591 0.121697
vn -0.304945 -0.951521 0.040204
vn 0.305402 -0.950535 -0.056690
vn 0.798795 -0.586996 -0.131767
vn 0.987688 -0.000000 -0.156434
vn 1.000000 0.000000 -0.000000
vn 0.809573 0.586996 0.005186
vn 0.310510 0.950535 0.008216
vn -0.307480 0.951521 0.007995
vn -0.808417 0.588591 0.004827
vn -1.000000 0.000000 0.000000
vn -0.808417 -0.588591 -0.004827
vn -0.307480 -0.951521 -0.007995
vn 0.310510 -0.950535 -0.008216
vn 0.809573 -0.586996 -0.005186
vn 1.000000 0.000000 -0.000000
vn 1.000000 0.000000 -0.000000
vn 0.809573 0.586996 0.005186
vn 0.310510 0.950535 0.008216
vn -0.307480 0.951521 0.007995
vn -0.808417 0.588591 0.004827
vn -1.000000 0.000000 0.000000
vn -0.808417 -0.588591 -0.004827
vn -0.307480 -0.951521 -0.007995
vn 0.310510 -0.950535 -0.008216
vn 0.809573 -0.586996 -0.005186
vn 1.000000 0.000000 -0.000000
vn 0.987688 0.000000 0.156434
vn 0.798795 0.586996 0.131767
vn 0.305402 0.950535 0.056690
vn -0.304945 0.951521 -0.040204
vn -0.799219 0.588591 -0.121697
vn -0.987688 0.000000 -0.156434
vn -0.797709 -0.588591 -0.131232
vn -0.302444 -0.951521 -0.055997
vn 0.307972 -0.950535 0.040459
vn 0.800417 -0.586996 0.121523
vn 0.987688 0.000000 0.156434
vn 0.951057 0.000000 0.309017
vn 0.768347 0.586996 0.255104
vn 0.292774 0.950535 0.103767
vn -0.294901 0.951521 -0.087413
vn -0.770342 0.588591 -0.245224
vn -0.951057 -0.000000 -0.309017
vn -0.767358 -0.588591 -0.254405
vn -0.289960 -0.951521 -0.102620
vn 0.297852 -0.950535 0.088139
vn 0.771552 -0.586996 0.245240
vn 0.951057 0.000000 0.309017
vn 0.891007 -0.000000 0.453990
vn 0.718981 0.586996 0.372159
vn 0.272936 0.950535 0.148290
vn -0.277596 0.951521 -0.132470
vn -0.722496 0.588591 -0.362712
vn -0.891007 -0.000000 -0.453990
vn -0.718113 -0.588591 -0.371314
vn -0.270337 -0.951521 -0.146716
vn 0.280397 -0.950535 0.133648
vn 0.723689 -0.586996 0.362918
vn 0.891007 -0.000000 0.453990
vn 0.809017 -0.000000 0.587785
vn 0.651910 0.586996 0.480051
vn 0.246378 0.950535 0.189160
vn -0.253456 0.951521 -0.174264
vn -0.656860 0.588591 -0.471270
vn -0.809017 -0.000000 -0.587785
vn -0.651185 -0.588591 -0.479081
vn -0.244057 -0.951521 -0.187200
vn 0.256037 -0.950535 0.175866
vn 0.658007 -0.586996 0.471660
vn 0.809017 -0.000000 0.587785
vn 0.707107 -0.000000 0.707107
vn 0.568788 0.586996 0.576122
vn 0.213754 0.950535 0.225374
vn -0.223074 0.951521 -0.211768
vn -0.575050 0.588591 -0.568224
vn -0.707107 0.000000 -0.707107
vn -0.568224 -0.588591 -0.575050
vn -0.211768 -0.951521 -0.223074
vn 0.225374 -0.950535 0.213754
vn 0.576122 -0.586996 0.568788
vn 0.707107 -0.000000 0.707107
vn 0.587785 -0.000000 0.809017
vn 0.471660 0.586996 0.658007
vn 0.175866 0.950535 0.256037
vn -0.187200 0.951521 -0.244057
vn -0.479081 0.588591 -0.651185
vn -0.587785 0.000000 -0.809017
vn -0.471270 -0.588591 -0.656860
vn -0.174264 -0.951521 -0.253456
vn 0.189160 -0.950535 0.246378
vn 0.480051 -0.586996 0.651910
vn 0.587785 -0.000000 0.809017
vn 0.453990 0.000000 0.891007
vn 0.362918 0.586996 0.723689
vn 0.133648 0.950535 0.280397
vn -0.146716 0.951521 -0.270337
vn -0.371314 0.588591 -0.718113
vn -0.453990 0.000000 -0.891007
vn -0.362712 -0.588591 -0.722496
vn -0.132470 -0.951521 -0.277596
vn 0.148290 -0.950535 0.272936
vn 0.372159 -0.586996 0.718981
vn 0.453990 0.000000 0.891007
vn 0.309017 -0.000000 0.951057
vn 0.245240 0.586996 0.771552
vn 0.088139 0.950535 0.297852
vn -0.102620 0.951521 -0.289960
vn -0.254405 0.588591 -0.767358
vn -0.309017 0.000000 -0.951057
vn -0.245224 -0.588591 -0.770342
vn -0.087413 -0.951521 -0.294901
vn 0.103767 -0.950535 0.292774
vn 0.255104 -0.586996 0.768347
vn 0.309017 -0.000000 0.951057
vn 0.156434 -0.000000 0.987688
vn 0.121523 0.586996 0.800417
vn 0.040459 0.950535 0.307972
vn -0.055997 0.951521 -0.302444
vn -0.131232 0.588591 -0.797709
vn -0.156434 -0.000000 -0.987688
vn -0.121697 -0.588591 -0.799219
vn -0.040204 -0.951521 -0.304945
vn 0.056690 -0.950535 0.305402
vn 0.131767 -0.586996 0.798795
vn 0.156434 -0.000000 0.987688
vn 0.000000 0.000000 1.000000
vn -0.005186 0.586996 0.809573
vn -0.008216 0.950535 0.310510
vn -0.007995 0.951521 -0.307480
vn -0.004827 0.588591 -0.808417
vn 0.000000 -0.000000 -1.000000
vn 0.004827 -0.588591 -0.808417
vn 0.007995 -0.951521 -0.307480
vn 0.008216 -0.950535 0.310510
vn 0.005186 -0.586996 0.809573
vn 0.000000 0.000000 1.000000
vn -0.156434 -0.000000 0.987688
vn -0.131767 0.586996 0.798795
vn -0.056690 0.950535 0.305402
vn 0.040204 0.951521 -0.304945
vn 0.121697 0.588591 -0.799219
vn 0.156434 -0.000000 -0.987688
vn 0.131232 -0.588591 -0.797709
vn 0.055997 -0.951521 -0.302444
vn -0.040459 -0.950535 0.307972
vn -0.121523 -0.586996 0.800417
vn -0.156434 -0.000000 0.987688
vn -0.309017 0.000000 0.951057
vn -0.255104 0.586996 0.768347
vn -0.103767 0.950535 0.292774
vn 0.087413 0.951521 -0.294901
vn 0.245224 0.588591 -0.770342
vn 0.309017 -0.000000 -0.951057
vn 0.254405 -0.588591 -0.767358
vn 0.102620 -0.951521 -0.289960
vn -0.088139 -0.950535 0.297852
vn -0.245240 -0.586996 0.771552
vn -0.309017 0.000000 0.951057
vn -0.453990 0.000000 0.891007
vn -0.372159 0.586996 0.718981
vn -0.148290 0.950535 0.272936
vn 0.132470 0.951521 -0.277596
vn 0.362712 0.588591 -0.722496
vn 0.453990 0.000000 -0.891007
vn 0.371314 -0.588591 -0.718113
vn 0.146716 -0.951521 -0.270337
vn -0.133648 -0.950535 0.280397
vn -0.362918 -0.586996 0.723689
vn -0.453990 0.000000 0.891007
vn -0.587785 -0.000000 0.809017
vn -0.480051 0.586996 0.651910
vn -0.189160 0.950535 0.246378
vn 0.174264 0.951521 -0.253456
vn 0.471270 0.588591 -0.656860
vn 0.587785 -0.000000 -0.809017
vn 0.479081 -0.588591 -0.651185
vn 0.187200 -0.951521 -0.244057
vn -0.175866 -0.950535 0.256037
vn -0.471660 -0.586996 0.658007
vn -0.587785 -0.000000 0.809017
vn -0.707107 -0.000000 0.707107
vn -0.576122 0.586996 0.568788
vn -0.225374 0.950535 0.213754
vn 0.211768 0.951521 -0.223074
vn 0.568224 0.588591 -0.575050
vn 0.707107 -0.000000 -0.707107
vn 0.575050 -0.588591 -0.568224
vn 0.223074 -0.951521 -0.211768
vn -0.213754 -0.950535 0.225374
vn -0.568788 -0.586996 0.576122
vn -0.707107 -0.000000 0.707107
vn -0.809017 0.000000 0.587785
vn -0.658007 0.586996 0.471660
vn -0.256037 0.950535 0.175866
vn 0.244057 0.951521 -0.187200
vn 0.651185 0.588591 -0.479081
vn 0.809017 0.000000 -0.587785
vn 0.656860 -0.588591 -0.471270
vn 0.253456 -0.951521 -0.174264
vn -0.246378 -0.950535 0.189160
vn -0.651910 -0.586996 0.480051
vn -0.809017 0.000000 0.587785
vn -0.891007 0.000000 0.453990
vn -0.723689 0.586996 0.362918
vn -0.280397 0.950535 0.133648
vn 0.270337 0.951521 -0.146716
vn 0.718113 0.588591 -0.371314
vn 0.891007 0.000000 -0.453990
vn 0.722496 -0.588591 -0.362712
vn 0.277596 -0.951521 -0.132470
vn -0.272936 -0.950535 0.148290
vn -0.718981 -0.586996 0.372159
vn -0.891007 0.000000 0.453990
vn -0.951057 -0.000000 0.309017
vn -0.771552 0.586996 0.245240
vn -0.297852 0.950535 0.088139
vn 0.289960 0.951521 -0.102620
vn 0.767358 0.588591 -0.254405
vn 0.951057 0.000000 -0.309017
vn 0.770342 -0.588591 -0.245224
vn 0.294901 -0.951521 -0.087413
vn -0.292774 -0.950535 0.103767
vn -0.768347 -0.586996 0.255104
vn -0.951057 -0.000000 0.309017
vn -0.987688 -0.000000 0.156434
vn -0.800417 0.586996 0.121523
vn -0.307972 0.950535 0.040459
vn 0.302444 0.951521 -0.055997
vn 0.797709 0.588591 -0.131232
vn 0.987688 -0.000000 -0.156434
vn 0.799219 -0.588591 -0.121697
vn 0.304945 -0.951521 -0.040204
vn -0.305402 -0.950535 0.056690
vn -0.798795 -0.586996 0.131767
vn -0.987688 -0.000000 0.156434
vn -1.000000 -0.000000 0.000000
vn -0.809573 0.586996 -0.005186
vn -0.310510 0.950535 -0.008216
vn 0.307480 0.951521 -0.007995
vn 0.808417 0.588591 -0.004827
vn 1.000000 0.000000 -0.000000
vn 0.808417 -0.588591 0.004827
vn 0.307480 -0.951521 0.007995
vn -0.310510 -0.950535 0.008216
vn -0.809573 -0.586996 0.005186
vn -1.000000 -0.000000 0.000000
vn -0.987688 0.000000 -0.156434
vn -0.798795 0.586996 -0.131767
vn -0.305402 0.950535 -0.056690
vn 0.304945 0.951521 0.040204
vn 0.799219 0.588591 0.121697
vn 0.987688 0.000000 0.156434
vn 0.797709 -0.588591 0.131232
vn 0.302444 -0.951521 0.055997
vn -0.307972 -0.950535 -0.040459
vn -0.800417 -0.586996 -0.121523
vn -0.987688 0.000000 -0.156434
vn -0.951057 0.000000 -0.309017
vn -0.768347 0.586996 -0.255104
vn -0.292774 0.950535 -0.103767
vn 0.294901 0.951521 0.087413
vn 0.770342 0.588591 0.245224
vn 0.951057 -0.000000 0.309017
vn 0.767358 -0.588591 0.254405
vn 0.289960 -0.951521 0.102620
vn -0.297852 -0.950535 -0.088139
vn -0.771552 -0.586996 -0.245240
vn -0.951057 0.000000 -0.309017
vn -0.891007 -0.000000 -0.453990
vn -0.718981 0.586996 -0.372159
vn -0.272936 0.950535 -0.148290
vn 0.277596 0.951521 0.132470
vn 0.722496 0.588591 0.362712
vn 0.891007 -0.000000 0.453990
vn 0.718113 -0.588591 0.371314
vn 0.270337 -0.951521 0.146716
vn -0.280397 -0.950535 -0.133648
vn -0.723689 -0.586996 -0.362918
vn -0.891007 -0.000000 -0.453990
vn -0.809017 0.000000 -0.587785
vn -0.651910 0.586996 -0.480051
vn -0.246378 0.950535 -0.189160
vn 0.253456 0.951521 0.174264
vn 0.656860 0.588591 0.471270
vn 0.809017 -0.000000 0.587785
vn 0.651185 -0.588591 0.479081
vn 0.244057 -0.951521 0.187200
vn -0.256037 -0.950535 -0.175866
vn -0.658007 -0.586996 -0.471660
vn -0.809017 0.000000 -0.587785
vn -0.707107 -0.000000 -0.707107
vn -0.568788 0.586996 -0.576122
vn -0.213754 0.950535 -0.225374
vn 0.223074 0.951521 0.211768
vn 0.575050 0.588591 0.568224
vn 0.707107 -0.000000 0.707107
vn 0.568224 -0.588591 0.575050
vn 0.211768 -0.951521 0.223074
vn -0.225374 -0.950535 -0.213754
vn -0.576122 -0.586996 -0.568788
vn -0.707107 -0.000000 -0.707107
vn -0.587785 -0.000000 -0.809017
vn -0.471660 0.586996 -0.658007
vn -0.175866 0.950535 -0.256037
vn 0.187200 0.951521 0.244057
vn 0.479081 0.588591 0.651185
vn 0.587785 -0.000000 0.809017
vn 0.471270 -0.588591 0.656860
vn 0.174264 -0.951521 0.253456
vn -0.189160 -0.950535 -0.246378
vn -0.480051 -0.586996 -0.651910
vn -0.587785 -0.000000 -0.809017
vn -0.453990 0.000000 -0.891007
vn -0.362918 0.586996 -0.723689
vn -0.133648 0.950535 -0.280397
vn 0.146716 0.951521 0.270337
vn 0.371314 0.588591 0.718113
vn 0.453990 0.000000 0.891007
vn 0.362712 -0.588591 0.722496
vn 0.132470 -0.951521 0.277596
vn -0.148290 -0.950535 -0.272936
vn -0.372159 -0.586996 -0.718981
vn -0.453990 0.000000 -0.891007
vn -0.309017 -0.000000 -0.951057
vn -0.245240 0.586996 -0.771552
vn -0.088139 0.950535 -0.297852
vn 0.102620 0.951521 0.289960
vn 0.254405 0.588591 0.767358
vn 0.309017 0.000000 0.951057
vn 0.245224 -0.588591 0.770342
vn 0.087413 -0.951521 0.294901
vn -0.103767 -0.950535 -0.292774
vn -0.255104 -0.586996 -0.768347
vn -0.309017 -0.000000 -0.951057
vn -0.156434 -0.000000 -0.987688
vn -0.121523 0.586996 -0.800417
vn -0.040459 0.950535 -0.307972
vn 0.055997 0.951521 0.302444
vn 0.131232 0.588591 0.797709
vn 0.156434 -0.000000 0.987688
vn 0.121697 -0.588591 0.799219
vn 0.040204 -0.951521 0.304945
vn -0.056690 -0.950535 -0.305402
vn -0.131767 -0.586996 -0.798795
vn -0.156434 -0.000000 -0.987688
vn -0.000000 0.000000 -1.000000
vn 0.005186 0.586996 -0.809573
vn 0.008216 0.950535 -0.310510
vn 0.007995 0.951521 0.307480
vn 0.004827 0.588591 0.808417
vn 0.000000 -0.000000 1.000000
vn -0.004827 -0.588591 0.808417
vn -0.007995 -0.951521 0.307480
vn -0.008216 -0.950535 -0.310510
vn -0.005186 -0.586996 -0.809573
vn -0.000000 0.000000 -1.000000
vn 0.156434 -0.000000 -0.987688
vn 0.131767 0.586996 -0.798795
vn 0.056690 0.950535 -0.305402
vn -0.040204 0.951521 0.304945
vn -0.121697 0.588591 0.799219
vn -0.156434 -0.000000 0.987688
vn -0.131232 -0.588591 0.797709
vn -0.055997 -0.951521 0.302444
vn 0.040459 -0.950535 -0.307972
vn 0.121523 -0.586996 -0.800417
vn 0.156434 -0.000000 -0.987688
vn 0.309017 0.000000 -0.951057
vn 0.255104 0.586996 -0.768347
vn 0.103767 0.950535 -0.292774
vn -0.087413 0.951521 0.294901
vn -0.245224 0.588591 0.770342
vn -0.309017 -0.000000 0.951057
vn -0.254405 -0.588591 0.767358
vn -0.102620 -0.951521 0.289960
vn 0.088139 -0.950535 -0.297852
vn 0.245240 -0.586996 -0.771552
vn 0.309017 0.000000 -0.951057
vn 0.453990 0.000000 -0.891007
vn 0.372159 0.586996 -0.718981
vn 0.148290 0.950535 -0.272936
vn -0.132470 0.951521 0.277596
vn -0.362712 0.588591 0.722496
vn -0.453990 0.000000 0.891007
vn -0.371314 -0.588591 0.718113
vn -0.146716 -0.951521 0.270337
vn 0.133648 -0.950535 -0.280397
vn 0.362918 -0.586996 -0.723689
vn 0.453990 0.000000 -0.891007
vn 0.587785 0.000000 -0.809017
vn 0.480051 0.586996 -0.651910
vn 0.189160 0.950535 -0.246378
vn -0.174264 0.951521 0.253456
vn -0.471270 0.588591 0.656860
vn -0.587785 0.000000 0.809017
vn -0.479081 -0.588591 0.651185
vn -0.187200 -0.951521 0.244057
vn 0.175866 -0.950535 -0.256037
vn 0.471660 -0.586996 -0.658007
vn 0.587785 0.000000 -0.809017
vn 0.707107 -0.000000 -0.707107
vn 0.576122 0.586996 -0.568788
vn 0.225374 0.950535 -0.213754
vn -0.211768 0.951521 0.223074
vn -0.568224 0.588591 0.575050
vn -0.707107 -0.000000 0.707107
vn -0.575050 -0.588591 0.568224
vn -0.223074 -0.951521 0.211768
vn 0.213754 -0.950535 -0.225374
vn 0.568788 -0.586996 -0.576122
vn 0.707107 -0.000000 -0.707107
vn 0.809017 -0.000000 -0.587785
vn 0.658007 0.586996 -0.471660
vn 0.256037 0.950535 -0.175866
vn -0.244057 0.951521 0.187200
vn -0.651185 0.588591 0.479081
vn -0.809017 -0.000000 0.587785
vn -0.656860 -0.588591 0.471270
vn -0.253456 -0.951521 0.174264
vn 0.246378 -0.950535 -0.189160
vn 0.651910 -0.586996 -0.480051
vn 0.809017 -0.000000 -0.587785
vn 0.891007 0.000000 -0.453990
vn 0.723689 0.586996 -0.362918
vn 0.280397 0.950535 -0.133648
vn -0.270337 0.951521 0.146716
vn -0.718113 0.588591 0.371314
vn -0.891007 0.000000 0.453990
vn -0.722496 -0.588591 0.362712
vn -0.277596 -0.951521 0.132470
vn 0.272936 -0.950535 -0.148290
vn 0.718981 -0.586996 -0.372159
vn 0.891007 0.000000 -0.453990
vn 0.951057 -0.000000 -0.309017
vn 0.771552 0.586996 -0.245240
vn 0.297852 0.950535 -0.088139
vn -0.289960 0.951521 0.102620
vn -0.767358 0.588591 0.254405
vn -0.951057 0.000000 0.309017
vn -0.770342 -0.588591 0.245224
vn -0.294901 -0.951521 0.087413
vn 0.292774 -0.950535 -0.103767
vn 0.768347 -0.586996 -0.255104
vn 0.951057 -0.000000 -0.309017
vn 0.987688 -0.000000 -0.156434
vn 0.800417 0.586996 -0.121523
vn 0.307972 0.950535 -0.040459
vn -0.302444 0.951521 0.055997
vn -0.797709 0.588591 0.131232
vn -0.987688 -0.000000 0.156434
vn -0.799219 -0.588591 0.121697
vn -0.304945 -0.951521 0.040204
vn 0.305402 -0.950535 -0.056690
vn 0.798795 -0.586996 -0.131767
vn 0.987688 -0.000000 -0.156434
vn 1.000000 0.000000 -0.000000
vn 0.809573 0.586996 0.005186
vn 0.310510 0.950535 0.008216
vn -0.307480 0.951521 0.007995
vn -0.808417 0.588591 0.004827
vn -1.000000 0.000000 0.000000
vn -0.808417 -0.588591 -0.004827
vn -0.307480 -0.951521 -0.007995
vn 0.310510 -0.950535 -0.008216
vn 0.809573 -0.586996 -0.005186
vn 1.000000 0.000000 -0.000000
f 3677//3677 3678//3678 3688//3688
f 3678//3678 3689//3689 3688//3688
f 3678//3678 3679//3679 3689//3689
f 3679//3679 3690//3690 3689//3689
f 3679//3679 3680//3680 3690//3690
f 3680//3680 3691//3691 3690//3690
f 3680//3680 3681//3681 3691//3691
f 3681//3681 3692//3692 3691//3691
f 3681//3681 3682//3682 3692//3692
f 3682//3682 3693//3693 3692//3692
f 3682//3682 3683//3683 3693//3693
f 3683//3683 3694//3694 3693//3693
f 3683//3683 3684//3684 3694//3694
f 3684//3684 3695//3695 3694//3694
f 3684//3684 3685//3685 3695//3695
f 3685//3685 3696//3696 3695//3695
f 3685//3685 3686//3686 3696//3696
f 3686//3686 3697//3697 3696//3696
f 3686//3686 3687//3687 3697//3697
f 3687//3687 3698//3698 3697//3697
f 3688//3688 3689//3689 3699//3699
f 3689//3689 3700//3700 3699//3699
f 3689//3689 3690//3690 3700//3700
f 3690//3690 3701//3701 3700//3700
f 3690//3690 3691//3691 3701//3701
f 3691//3691 3702//3702 3701//3701
f 3691//3691 3692//3692 3702//3702
f 3692//3692 3703//3703 3702//3702
f 3692//3692 3693//3693 3703//3703
f 3693//3693 3704//3704 3703//3703
f 3693//3693 3694//3694 3704//3704
f 3694//3694 3705//3705 3704//3704
f 3694//3694 3695//3695 3705//3705
f 3695//3695 3706//3706 3705//3705
f 3695//3695 3696//3696 3706//3706
f 3696//3696 3707//3707 3706//3706
f 3696//3696 3697//3697 3707//3707
f 3697//3697 3708//3708 3707//3707
f 3697//3697 3698//3698 3708//3708
f 3698//3698 3709//3709 3708//3708
f 3699//3699 3700//3700 3710//3710
f 3700//3700 3711//3711 3710//3710
f 3700//3700 3701//3701 3711//3711
f 3701//3701 3712//3712 3711//3711
f 3701//3701 3702//3702 3712//3712
f 3702//3702 3713//3713 3712//3712
f 3702//3702 3703//3703 3713//3713
f 3703//3703 3714//3714 3713//3713
f 3703//3703 3704//3704 3714//3714
f 3704//3704 3715//3715 3714//3714
f 3704//3704 3705//3705 3715//3715
f 3705//3705 3716//3716 3715//3715
f 3705//3705 3706//3706 3716//3716
f 3706//3706 3717//3717 3716//3716
f 3706//3706 3707//3707 3717//3717
f 3707//3707 3718//3718 3717//3717
f 3707//3707 3708//3708 3718//3718
f 3708//3708 3719//3719 3718//3718
f 3708//3708 3709//3709 3719//3719
f 3709//3709 3720//3720 3719//3719
f 3710//3710 3711//3711 3721//3721
f 3711//3711 3722//3722 3721//3721
f 3711//3711 3712//3712 3722//3722
f 3712//3712 3723//3723 3722//3722
f 3712//3712 3713//3713 3723//3723
f 3713//3713 3724//3724 3723//3723
f 3713//3713 3714//3714 3724//3724
f 3714//3714 3725//3725 3724//3724
f 3714//3714 3715//3715 3725//3725
f 3715//3715 3726//3726 3725//3725
f 3715//3715 3716//3716 3726//3726
f 3716//3716 3727//3727 3726//3726
f 3716//3716 3717//3717 3727//3727
f 3717//3717 3728//3728 3727//3727
f 3717//3717 3718//3718 3728//3728
f 3718//3718 3729//3729 3728//3728
f 3718//3718 3719//3719 3729//3729
f 3719//3719 3730//3730 3729//3729
f 3719//3719 3720//3720 3730//3730
f 3720//3720 3731//3731 3730//3730
f 3721//3721 3722//3722 3732//3732
f 3722//3722 3733//3733 3732//3732
f 3722//3722 3723//3723 3733//3733
f 3723//3723 3734//3734 3733//3733
f 3723//3723 3724//3724 3734//3734
f 3724//3724 3735//3735 3734//3734
f 3724//3724 3725//3725 3735//3735
f 3725//3725 3736//3736 3735//3735
f 3725//3725 3726//3726 3736//3736
f 3726//3726 3737//3737 3736//3736
f 3726//3726 3727//3727 3737//3737
f 3727//3727 3738//3738 3737//3737
f 3727//3727 3728//3728 3738//3738
f 3728//3728 3739//3739 3738//3738
f 3728//3728 3729//3729 3739//3739
f 3729//3729 3740//3740 3739//3739
f 3729//3729 3730//3730 3740//3740
f 3730//3730 3741//3741 3740//3740
f 3730//3730 3731//3731 3741//3741
f 3731//3731 3742//3742 3741//3741
f 3732//3732 3733//3733 3743//3743
f 3733//3733 3744//3744 3743//3743
f 3733//3733 3734//3734 3744//3744
f 3734//3734 3745//3745 3744//3744
f 3734//3734 3735//3735 3745//3745
f 3735//3735 3746//3746 3745//3745
f 3735//3735 3736//3736 3746//3746
f 3736//3736 3747//3747 3746//3746
f 3736//3736 3737//3737 3747//3747
f 3737//3737 3748//3748 3747//3747
f 3737//3737 3738//3738 3748//3748
f 3738//3738 3749//3749 3748//3748
f 3738//3738 3739//3739 3749//3749
f 3739//3739 3750//3750 3749//3749
f 3739//3739 3740//3740 3750//3750
f 3740//3740 3751//3751 3750//3750
f 3740//3740 3741//3741 3751//3751
f 3741//3741 3752//3752 3751//3751
f 3741//3741 3742//3742 3752//3752
f 3742//3742 3753//3753 3752//3752
f 3743//3743 3744//3744 3754//3754
f 3744//3744 3755//3755 3754//3754
f 3744//3744 3745//3745 3755//3755
f 3745//3745 3756//3756 3755//3755
f 3745//3745 3746//3746 3756//3756
f 3746//3746 3757//3757 3756//3756
f 3746//3746 3747//3747 3757//3757
f 3747//3747 3758//3758 3757//3757
f 3747//3747 3748//3748 3758//3758
f 3748//3748 3759//3759 3758//3758
f 3748//3748 3749//3749 3759//3759
f 3749//3749 3760//3760 3759//3759
f 3749//3749 3750//3750 3760//3760
f 3750//3750 3761//3761 3760//3760
f 3750//3750 3751//3751 3761//3761
f 3751//3751 3762//3762 3761//3761
f 3751//3751 3752//3752 3762//3762
f 3752//3752 3763//3763 3762//3762
f 3752//3752 3753//3753 3763//3763
f 3753//3753 3764//3764 3763//3763
f 3754//3754 3755//3755 3765//3765
f 3755//3755 3766//3766 3765//3765
f 3755//3755 3756//3756 3766//3766
f 3756//3756 3767//3767 3766//3766
f 3756//3756 3757//3757 3767//3767
f 3757//3757 3768//3768 3767//3767
f 3757//3757 3758//3758 3768//3768
f 3758//3758 3769//3769 3768//3768
f 3758//3758 3759//3759 3769//3769
f 3759//3759 3770//3770 3769//3769
f 3759//3759 3760//3760 3770//3770
f 3760//3760 3771//3771 3770//3770
f 3760//3760 3761//3761 3771//3771
f 3761//3761 3772//3772 3771//3771
f 3761//3761 3762//3762 3772//3772
f 3762//3762 3773//3773 3772//3772
f 3762//3762 3763//3763 3773//3773
f 3763//3763 3774//3774 3773//3773
f 3763//3763 3764//3764 3774//3774
f 3764//3764 3775//3775 3774//3774
f 3765//3765 3766//3766 3776//3776
f 3766//3766 3777//3777 3776//3776
f 3766//3766 3767//3767 3777//3777
f 3767//3767 3778//3778 3777//3777
f 3767//3767 3768//3768 3778//3778
f 3768//3768 3779//3779 3778//3778
f 3768//3768 3769//3769 3779//3779
f 3769//3769 3780//3780 3779//3779
f 3769//3769 3770//3770 3780//3780
f 3770//3770 3781//3781 3780//3780
f 3770//3770 3771//3771 3781//3781
f 3771//3771 3782//3782 3781//3781
f 3771//3771 3772//3772 3782//3782
f 3772//3772 3783//3783 3782//3782
f 3772//3772 3773//3773 3783//3783
f 3773//3773 3784//3784 3783//3783
f 3773//3773 3774//3774 3784//3784
f 3774//3774 3785//3785 3784//3784
f 3774//3774 3775//3775 3785//3785
f 3775//3775 3786//3786 3785//3785
f 3776//3776 3777//3777 3787//3787
f 3777//3777 3788//3788 3787//3787
f 3777//3777 3778//3778 3788//3788
f 3778//3778 3789//3789 3788//3788
f 3778//3778 3779//3779 3789//3789
f 3779//3779 3790//3790 3789//3789
f 3779//3779 3780//3780 3790//3790
f 3780//3780 3791//3791 3790//3790
f 3780//3780 3781//3781 3791//3791
f 3781//3781 3792//3792 3791//3791
f 3781//3781 3782//3782 3792//3792
f 3782//3782 3793//3793 3792//3792
f 3782//3782 3783//3783 3793//3793
f 3783//3783 3794//3794 3793//3793
f 3783//3783 3784//3784 3794//3794
f 3784//3784 3795//3795 3794//3794
f 3784//3784 3785//3785 3795//3795
f 3785//3785 3796//3796 3795//3795
f 3785//3785 3786//3786 3796//3796
f 3786//3786 3797//3797 3796//3796
f 3787//3787 3788//3788 3798//3798
f 3788//3788 3799//3799 3798//3798
f 3788//3788 3789//3789 3799//3799
f 3789//3789 3800//3800 3799//3799
f 3789//3789 3790//3790 3800//3800
f 3790//3790 3801//3801 3800//3800
f 3790//3790 3791//3791 3801//3801
f 3791//3791 3802//3802 3801//3801
f 3791//3791 3792//3792 3802//3802
f 3792//3792 3803//3803 3802//3802
f 3792//3792 3793//3793 3803//3803
f 3793//3793 3804//3804 3803//3803
f 3793//3793 3794//3794 3804//3804
f 3794//3794 3805//3805 3804//3804
f 3794//3794 3795//3795 3805//3805
f 3795//3795 3806//3806 3805//3805
f 3795//3795 3796//3796 3806//3806
f 3796//3796 3807//3807 3806//3806
f 3796//3796 3797//3797 3807//3807
f 3797//3797 3808//3808 3807//3807
f 3798//3798 3799//3799 3809//3809
f 3799//3799 3810//3810 3809//3809
f 3799//3799 3800//3800 3810//3810
f 3800//3800 3811//3811 3810//3810
f 3800//3800 3801//3801 3811//3811
f 3801//3801 3812//3812 3811//3811
f 3801//3801 3802//3802 3812//3812
f 3802//3802 3813//3813 3812//3812
f 3802//3802 3803//3803 3813//3813
f 3803//3803 3814//3814 3813//3813
f 3803//3803 3804//3804 3814//3814
f 3804//3804 3815//3815 3814//3814
f 3804//3804 3805//3805 3815//3815
f 3805//3805 3816//3816 3815//3815
f 3805//3805 3806//3806 3816//3816
f 3806//3806 3817//3817 3816//3816
f 3806//3806 3807//3807 3817//3817
f 3807//3807 3818//3818 3817//3817
f 3807//3807 3808//3808 3818//3818
f 3808//3808 3819//3819 3818//3818
f 3809//3809 3810//3810 3820//3820
f 3810//3810 3821//3821 3820//3820
f 3810//3810 3811//3811 3821//3821
f 3811//3811 3822//3822 3821//3821
f 3811//3811 3812//3812 3822//3822
f 3812//3812 3823//3823 3822//3822
f 3812//3812 3813//3813 3823//3823
f 3813//3813 3824//3824 3823//3823
f 3813//3813 3814//3814 3824//3824
f 3814//3814 3825//3825 3824//3824
f 3814//3814 3815//3815 3825//3825
f 3815//3815 3826//3826 3825//3825
f 3815//3815 3816//3816 3826//3826
f 3816//3816 3827//3827 3826//3826
f 3816//3816 3817//3817 3827//3827
f 3817//3817 3828//3828 3827//3827
f 3817//3817 3818//3818 3828//3828
f 3818//3818 3829//3829 3828//3828
f 3818//3818 3819//3819 3829//3829
f 3819//3819 3830//3830 3829//3829
f 3820//3820 3821//3821 3831//3831
f 3821//3821 3832//3832 3831//3831
f 3821//3821 3822//3822 3832//3832
f 3822//3822 3833//3833 3832//3832
f 3822//3822 3823//3823 3833//3833
f 3823//3823 3834//3834 3833//3833
f 3823//3823 3824//3824 3834//3834
f 3824//3824 3835//3835 3834//3834
f 3824//3824 3825//3825 3835//3835
f 3825//3825 3836//3836 3835//3835
f 3825//3825 3826//3826 3836//3836
f 3826//3826 3837//3837 3836//3836
f 3826//3826 3827//3827 3837//3837
f 3827//3827 3838//3838 3837//3837
f 3827//3827 3828//3828 3838//3838
f 3828//3828 3839//3839 3838//3838
f 3828//3828 3829//3829 3839//3839
f 3829//3829 3840//3840 3839//3839
f 3829//3829 3830//3830 3840//3840
f 3830//3830 3841//3841 3840//3840
f 3831//3831 3832//3832 3842//3842
f 3832//3832 3843//3843 3842//3842
f 3832//3832 3833//3833 3843//3843
f 3833//3833 3844//3844 3843//3843
f 3833//3833 3834//3834 3844//3844
f 3834//3834 3845//3845 3844//3844
f 3834//3834 3835//3835 3845//3845
f 3835//3835 3846//3846 3845//3845
f 3835//3835 3836//3836 3846//3846
f 3836//3836 3847//3847 3846//3846
f 3836//3836 3837//3837 3847//3847
f 3837//3837 3848//3848 3847//3847
f 3837//3837 3838//3838 3848//3848
f 3838//3838 3849//3849 3848//3848
f 3838//3838 3839//3839 3849//3849
f 3839//3839 3850//3850 3849//3849
f 3839//3839 3840//3840 3850//3850
f 3840//3840 3851//3851 3850//3850
f 3840//3840 3841//3841 3851//3851
f 3841//3841 3852//3852 3851//3851
f 3842//3842 3843//3843 3853//3853
f 3843//3843 3854//3854 3853//3853
f 3843//3843 3844//3844 3854//3854
f 3844//3844 3855//3855 3854//3854
f 3844//3844 3845//3845 3855//3855
f 3845//3845 3856//3856 3855//3855
f 3845//3845 3846//3846 3856//3856
f 3846//3846 3857//3857 3856//3856
f 3846//3846 3847//3847 3857//3857
f 3847//3847 3858//3858 3857//3857
f 3847//3847 3848//3848 3858//3858
f 3848//3848 3859//3859 3858//3858
f 3848//3848 3849//3849 3859//3859
f 3849//3849 3860//3860 3859//3859
f 3849//3849 3850//3850 3860//3860
f 3850//3850 3861//3861 3860//3860
f 3850//3850 3851//3851 3861//3861
f 3851//3851 3862//3862 3861//3861
f 3851//3851 3852//3852 3862//3862
f 3852//3852 3863//3863 3862//3862
f 3853//3853 3854//3854 3864//3864
f 3854//3854 3865//3865 3864//3864
f 3854//3854 3855//3855 3865//3865
f 3855//3855 3866//3866 3865//3865
f 3855//3855 3856//3856 3866//3866
f 3856//3856 3867//3867 3866//3866
f 3856//3856 3857//3857 3867//3867
f 3857//3857 3868//3868 3867//3867
f 3857//3857 3858//3858 3868//3868
f 3858//3858 3869//3869 3868//3868
f 3858//3858 3859//3859 3869//3869
f 3859//3859 3870//3870 3869//3869
f 3859//3859 3860//3860 3870//3870
f 3860//3860 3871//3871 3870//3870
f 3860//3860 3861//3861 3871//3871
f 3861//3861 3872//3872 3871//3871
f 3861//3861 3862//3862 3872//3872
f 3862//3862 3873//3873 3872//3872
f 3862//3862 3863//3863 3873//3873
f 3863//3863 3874//3874 3873//3873
f 3864//3864 3865//3865 3875//3875
f 3865//3865 3876//3876 3875//3875
f 3865//3865 3866//3866 3876//3876
f 3866//3866 3877//3877 3876//3876
f 3866//3866 3867//3867 3877//3877
f 3867//3867 3878//3878 3877//3877
f 3867//3867 3868//3868 3878//3878
f 3868//3868 3879//3879 3878//3878
f 3868//3868 3869//3869 3879//3879
f 3869//3869 3880//3880 3879//3879
f 3869//3869 3870//3870 3880//3880
f 3870//3870 3881//3881 3880//3880
f 3870//3870 3871//3871 3881//3881
f 3871//3871 3882//3882 3881//3881
f 3871//3871 3872//3872 3882//3882
f 3872//3872 3883//3883 3882//3882
f 3872//3872 3873//3873 3883//3883
f 3873//3873 3884//3884 3883//3883
f 3873//3873 3874//3874 3884//3884
f 3874//3874 3885//3885 3884//3884
f 3875//3875 3876//3876 3886//3886
f 3876//3876 3887//3887 3886//3886
f 3876//3876 3877//3877 3887//3887
f 3877//3877 3888//3888 3887//3887
f 3877//3877 3878//3878 3888//3888
f 3878//3878 3889//3889 3888//3888
f 3878//3878 3879//3879 3889//3889
f 3879//3879 3890//3890 3889//3889
f 3879//3879 3880//3880 3890//3890
f 3880//3880 3891//3891 3890//3890
f 3880//3880 3881//3881 3891//3891
f 3881//3881 3892//3892 3891//3891
f 3881//3881 3882//3882 3892//3892
f 3882//3882 3893//3893 3892//3892
f 3882//3882 3883//3883 3893//3893
f 3883//3883 3894//3894 3893//3893
f 3883//3883 3884//3884 3894//3894
f 3884//3884 3895//3895 3894//3894
f 3884//3884 3885//3885 3895//3895
f 3885//3885 3896//3896 3895//3895
f 3886//3886 3887//3887 3897//3897
f 3887//3887 3898//3898 3897//3897
f 3887//3887 3888//3888 3898//3898
f 3888//3888 3899//3899 3898//3898
f 3888//3888 3889//3889 3899//3899
f 3889//3889 3900//3900 3899//3899
f 3889//3889 3890//3890 3900//3900
f 3890//3890 3901//3901 3900//3900
f 3890//3890 3891//3891 3901//3901
f 3891//3891 3902//3902 3901//3901
f 3891//3891 3892//3892 3902//3902
f 3892//3892 3903//3903 3902//3902
f 3892//3892 3893//3893 3903//3903
f 3893//3893 3904//3904 3903//3903
f 3893//3893 3894//3894 3904//3904
f 3894//3894 3905//3905 3904//3904
f 3894//3894 3895//3895 3905//3905
f 3895//3895 3906//3906 3905//3905
f 3895//3895 3896//3896 3906//3906
f 3896//3896 3907//3907 3906//3906
f 3897//3897 3898//3898 3908//3908
f 3898//3898 3909//3909 3908//3908
f 3898//3898 3899//3899 3909//3909
f 3899//3899 3910//3910 3909//3909
f 3899//3899 3900//3900 3910//3910
f 3900//3900 3911//3911 3910//3910
f 3900//3900 3901//3901 3911//3911
f 3901//3901 3912//3912 3911//3911
f 3901//3901 3902//3902 3912//3912
f 3902//3902 3913//3913 3912//3912
f 3902//3902 3903//3903 3913//3913
f 3903//3903 3914//3914 3913//3913
f 3903//3903 3904//3904 3914//3914
f 3904//3904 3915//3915 3914//3914
f 3904//3904 3905//3905 3915//3915
f 3905//3905 3916//3916 3915//3915
f 3905//3905 3906//3906 3916//3916
f 3906//3906 3917//3917 3916//3916
f 3906//3906 3907//3907 3917//3917
f 3907//3907 3918//3918 3917//3917
f 3908//3908 3909//3909 3919//3919
f 3909//3909 3920//3920 3919//3919
f 3909//3909 3910//3910 3920//3920
f 3910//3910 3921//3921 3920//3920
f 3910//3910 3911//3911 3921//3921
f 3911//3911 3922//3922 3921//3921
f 3911//3911 3912//3912 3922//3922
f 3912//3912 3923//3923 3922//3922
f 3912//3912 3913//3913 3923//3923
f 3913//3913 3924//3924 3923//3923
f 3913//3913 3914//3914 3924//3924
f 3914//3914 3925//3925 3924//3924
f 3914//3914 3915//3915 3925//3925
f 3915//3915 3926//3926 3925//3925
f 3915//3915 3916//3916 3926//3926
f 3916//3916 3927//3927 3926//3926
f 3916//3916 3917//3917 3927//3927
f 3917//3917 3928//3928 3927//3927
f 3917//3917 3918//3918 3928//3928
f 3918//3918 3929//3929 3928//3928
f 3919//3919 3920//3920 3930//3930
f 3920//3920 3931//3931 3930//3930
f 3920//3920 3921//3921 3931//3931
f 3921//3921 3932//3932 3931//3931
f 3921//3921 3922//3922 3932//3932
f 3922//3922 3933//3933 3932//3932
f 3922//3922 3923//3923 3933//3933
f 3923//3923 3934//3934 3933//3933
f 3923//3923 3924//3924 3934//3934
f 3924//3924 3935//3935 3934//3934
f 3924//3924 3925//3925 3935//3935
f 3925//3925 3936//3936 3935//3935
f 3925//3925 3926//3926 3936//3936
f 3926//3926 3937//3937 3936//3936
f 3926//3926 3927//3927 3937//3937
f 3927//3927 3938//3938 3937//3937
f 3927//3927 3928//3928 3938//3938
f 3928//3928 3939//3939 3938//3938
f 3928//3928 3929//3929 3939//3939
f 3929//3929 3940//3940 3939//3939
f 3930//3930 3931//3931 3941//3941
f 3931//3931 3942//3942 3941//3941
f 3931//3931 3932//3932 3942//3942
f 3932//3932 3943//3943 3942//3942
f 3932//3932 3933//3933 3943//3943
f 3933//3933 3944//3944 3943//3943
f 3933//3933 3934//3934 3944//3944
f 3934//3934 3945//3945 3944//3944
f 3934//3934 3935//3935 3945//3945
f 3935//3935 3946//3946 3945//3945
f 3935//3935 3936//3936 3946//3946
f 3936//3936 3947//3947 3946//3946
f 3936//3936 3937//3937 3947//3947
f 3937//3937 3948//3948 3947//3947
f 3937//3937 3938//3938 3948//3948
f 3938//3938 3949//3949 3948//3948
f 3938//3938 3939//3939 3949//3949
f 3939//3939 3950//3950 3949//3949
f 3939//3939 3940//3940 3950//3950
f 3940//3940 3951//3951 3950//3950
f 3941//3941 3942//3942 3952//3952
f 3942//3942 3953//3953 3952//3952
f 3942//3942 3943//3943 3953//3953
f 3943//3943 3954//3954 3953//3953
f 3943//3943 3944//3944 3954//3954
f 3944//3944 3955//3955 3954//3954
f 3944//3944 3945//3945 3955//3955
f 3945//3945 3956//3956 3955//3955
f 3945//3945 3946//3946 3956//3956
f 3946//3946 3957//3957 3956//3956
f 3946//3946 3947//3947 3957//3957
f 3947//3947 3958//3958 3957//3957
f 3947//3947 3948//3948 3958//3958
f 3948//3948 3959//3959 3958//3958
f 3948//3948 3949//3949 3959//3959
f 3949//3949 3960//3960 3959//3959
f 3949//3949 3950//3950 3960//3960
f 3950//3950 3961//3961 3960//3960
f 3950//3950 3951//3951 3961//3961
f 3951//3951 3962//3962 3961//3961
f 3952//3952 3953//3953 3963//3963
f 3953//3953 3964//3964 3963//3963
f 3953//3953 3954//3954 3964//3964
f 3954//3954 3965//3965 3964//3964
f 3954//3954 3955//3955 3965//3965
f 3955//3955 3966//3966 3965//3965
f 3955//3955 3956//3956 3966//3966
f 3956//3956 3967//3967 3966//3966
f 3956//3956 3957//3957 3967//3967
f 3957//3957 3968//3968 3967//3967
f 3957//3957 3958//3958 3968//3968
f 3958//3958 3969//3969 3968//3968
f 3958//3958 3959//3959 3969//3969
f 3959//3959 3970//3970 3969//3969
f 3959//3959 3960//3960 3970//3970
f 3960//3960 3971//3971 3970//3970
f 3960//3960 3961//3961 3971//3971
f 3961//3961 3972//3972 3971//3971
f 3961//3961 3962//3962 3972//3972
f 3962//3962 3973//3973 3972//3972
f 3963//3963 3964//3964 3974//3974
f 3964//3964 3975//3975 3974//3974
f 3964//3964 3965//3965 3975//3975
f 3965//3965 3976//3976 3975//3975
f 3965//3965 3966//3966 3976//3976
f 3966//3966 3977//3977 3976//3976
f 3966//3966 3967//3967 3977//3977
f 3967//3967 3978//3978 3977//3977
f 3967//3967 3968//3968 3978//3978
f 3968//3968 3979//3979 3978//3978
f 3968//3968 3969//3969 3979//3979
f 3969//3969 3980//3980 3979//3979
f 3969//3969 3970//3970 3980//3980
f 3970//3970 3981//3981 3980//3980
f 3970//3970 3971//3971 3981//3981
f 3971//3971 3982//3982 3981//3981
f 3971//3971 3972//3972 3982//3982
f 3972//3972 3983//3983 3982//3982
f 3972//3972 3973//3973 3983//3983
f 3973//3973 3984//3984 3983//3983
f 3974//3974 3975//3975 3985//3985
f 3975//3975 3986//3986 3985//3985
f 3975//3975 3976//3976 3986//3986
f 3976//3976 3987//3987 3986//3986
f 3976//3976 3977//3977 3987//3987
f 3977//3977 3988//3988 3987//3987
f 3977//3977 3978//3978 3988//3988
f 3978//3978 3989//3989 3988//3988
f 3978//3978 3979//3979 3989//3989
f 3979//3979 3990//3990 3989//3989
f 3979//3979 3980//3980 3990//3990
f 3980//3980 3991//3991 3990//3990
f 3980//3980 3981//3981 3991//3991
f 3981//3981 3992//3992 3991//3991
f 3981//3981 3982//3982 3992//3992
f 3982//3982 3993//3993 3992//3992
f 3982//3982 3983//3983 3993//3993
f 3983//3983 3994//3994 3993//3993
f 3983//3983 3984//3984 3994//3994
f 3984//3984 3995//3995 3994//3994
f 3985//3985 3986//3986 3996//3996
f 3986//3986 3997//3997 3996//3996
f 3986//3986 3987//3987 3997//3997
f 3987//3987 3998//3998 3997//3997
f 3987//3987 3988//3988 3998//3998
f 3988//3988 3999//3999 3998//3998
f 3988//3988 3989//3989 3999//3999
f 3989//3989 4000//4000 3999//3999
f 3989//3989 3990//3990 4000//4000
f 3990//3990 4001//4001 4000//4000
f 3990//3990 3991//3991 4001//4001
f 3991//3991 4002//4002 4001//4001
f 3991//3991 3992//3992 4002//4002
f 3992//3992 4003//4003 4002//4002
f 3992//3992 3993//3993 4003//4003
f 3993//3993 4004//4004 4003//4003
f 3993//3993 3994//3994 4004//4004
f 3994//3994 4005//4005 4004//4004
f 3994//3994 3995//3995 4005//4005
f 3995//3995 4006//4006 4005//4005
f 3996//3996 3997//3997 4007//4007
f 3997//3997 4008//4008 4007//4007
f 3997//3997 3998//3998 4008//4008
f 3998//3998 4009//4009 4008//4008
f 3998//3998 3999//3999 4009//4009
f 3999//3999 4010//4010 4009//4009
f 3999//3999 4000//4000 4010//4010
f 4000//4000 4011//4011 4010//4010
f 4000//4000 4001//4001 4011//4011
f 4001//4001 4012//4012 4011//4011
f 4001//4001 4002//4002 4012//4012
f 4002//4002 4013//4013 4012//4012
f 4002//4002 4003//4003 4013//4013
f 4003//4003 4014//4014 4013//4013
f 4003//4003 4004//4004 4014//4014
f 4004//4004 4015//4015 4014//4014
f 4004//4004 4005//4005 4015//4015
f 4005//4005 4016//4016 4015//4015
f 4005//4005 4006//4006 4016//4016
f 4006//4006 4017//4017 4016//4016
f 4007//4007 4008//4008 4018//4018
f 4008//4008 4019//4019 4018//4018
f 4008//4008 4009//4009 4019//4019
f 4009//4009 4020//4020 4019//4019
f 4009//4009 4010//4010 4020//4020
f 4010//4010 4021//4021 4020//4020
f 4010//4010 4011//4011 4021//4021
f 4011//4011 4022//4022 4021//4021
f 4011//4011 4012//4012 4022//4022
f 4012//4012 4023//4023 4022//4022
f 4012//4012 4013//4013 4023//4023
f 4013//4013 4024//4024 4023//4023
f 4013//4013 4014//4014 4024//4024
f 4014//4014 4025//4025 4024//4024
f 4014//4014 4015//4015 4025//4025
f 4015//4015 4026//4026 4025//4025
f 4015//4015 4016//4016 4026//4026
f 4016//4016 4027//4027 4026//4026
f 4016//4016 4017//4017 4027//4027
f 4017//4017 4028//4028 4027//4027
f 4018//4018 4019//4019 4029//4029
f 4019//4019 4030//4030 4029//4029
f 4019//4019 4020//4020 4030//4030
f 4020//4020 4031//4031 4030//4030
f 4020//4020 4021//4021 4031//4031
f 4021//4021 4032//4032 4031//4031
f 4021//4021 4022//4022 4032//4032
f 4022//4022 4033//4033 4032//4032
f 4022//4022 4023//4023 4033//4033
f 4023//4023 4034//4034 4033//4033
f 4023//4023 4024//4024 4034//4034
f 4024//4024 4035//4035 4034//4034
f 4024//4024 4025//4025 4035//4035
f 4025//4025 4036//4036 4035//4035
f 4025//4025 4026//4026 4036//4036
f 4026//4026 4037//4037 4036//4036
f 4026//4026 4027//4027 4037//4037
f 4027//4027 4038//4038 4037//4037
f 4027//4027 4028//4028 4038//4038
f 4028//4028 4039//4039 4038//4038
f 4029//4029 4030//4030 4040//4040
f 4030//4030 4041//4041 4040//4040
f 4030//4030 4031//4031 4041//4041
f 4031//4031 4042//4042 4041//4041
f 4031//4031 4032//4032 4042//4042
f 4032//4032 4043//4043 4042//4042
f 4032//4032 4033//4033 4043//4043
f 4033//4033 4044//4044 4043//4043
f 4033//4033 4034//4034 4044//4044
f 4034//4034 4045//4045 4044//4044
f 4034//4034 4035//4035 4045//4045
f 4035//4035 4046//4046 4045//4045
f 4035//4035 4036//4036 4046//4046
f 4036//4036 4047//4047 4046//4046
f 4036//4036 4037//4037 4047//4047
f 4037//4037 4048//4048 4047//4047
f 4037//4037 4038//4038 4048//4048
f 4038//4038 4049//4049 4048//4048
f 4038//4038 4039//4039 4049//4049
f 4039//4039 4050//4050 4049//4049
f 4040//4040 4041//4041 4051//4051
f 4041//4041 4052//4052 4051//4051
f 4041//4041 4042//4042 4052//4052
f 4042//4042 4053//4053 4052//4052
f 4042//4042 4043//4043 4053//4053
f 4043//4043 4054//4054 4053//4053
f 4043//4043 4044//4044 4054//4054
f 4044//4044 4055//4055 4054//4054
f 4044//4044 4045//4045 4055//4055
f 4045//4045 4056//4056 4055//4055
f 4045//4045 4046//4046 4056//4056
f 4046//4046 4057//4057 4056//4056
f 4046//4046 4047//4047 4057//4057
f 4047//4047 4058//4058 4057//4057
f 4047//4047 4048//4048 4058//4058
f 4048//4048 4059//4059 4058//4058
f 4048//4048 4049//4049 4059//4059
f 4049//4049 4060//4060 4059//4059
f 4049//4049 4050//4050 4060//4060
f 4050//4050 4061//4061 4060//4060
f 4051//4051 4052//4052 4062//4062
f 4052//4052 4063//4063 4062//4062
f 4052//4052 4053//4053 4063//4063
f 4053//4053 4064//4064 4063//4063
f 4053//4053 4054//4054 4064//4064
f 4054//4054 4065//4065 4064//4064
f 4054//4054 4055//4055 4065//4065
f 4055//4055 4066//4066 4065//4065
f 4055//4055 4056//4056 4066//4066
f 4056//4056 4067//4067 4066//4066
f 4056//4056 4057//4057 4067//4067
f 4057//4057 4068//4068 4067//4067
f 4057//4057 4058//4058 4068//4068
f 4058//4058 4069//4069 4068//4068
f 4058//4058 4059//4059 4069//4069
f 4059//4059 4070//4070 4069//4069
f 4059//4059 4060//4060 4070//4070
f 4060//4060 4071//4071 4070//4070
f 4060//4060 4061//4061 4071//4071
f 4061//4061 4072//4072 4071//4071
f 4062//4062 4063//4063 4073//4073
f 4063//4063 4074//4074 4073//4073
f 4063//4063 4064//4064 4074//4074
f 4064//4064 4075//4075 4074//4074
f 4064//4064 4065//4065 4075//4075
f 4065//4065 4076//4076 4075//4075
f 4065//4065 4066//4066 4076//4076
f 4066//4066 4077//4077 4076//4076
f 4066//4066 4067//4067 4077//4077
f 4067//4067 4078//4078 4077//4077
f 4067//4067 4068//4068 4078//4078
f 4068//4068 4079//4079 4078//4078
f 4068//4068 4069//4069 4079//4079
f 4069//4069 4080//4080 4079//4079
f 4069//4069 4070//4070 4080//4080
f 4070//4070 4081//4081 4080//4080
f 4070//4070 4071//4071 4081//4081
f 4071//4071 4082//4082 4081//4081
f 4071//4071 4072//4072 4082//4082
f 4072//4072 4083//4083 4082//4082
f 4073//4073 4074//4074 4084//4084
f 4074//4074 4085//4085 4084//4084
f 4074//4074 4075//4075 4085//4085
f 4075//4075 4086//4086 4085//4085
f 4075//4075 4076//4076 4086//4086
f 4076//4076 4087//4087 4086//4086
f 4076//4076 4077//4077 4087//4087
f 4077//4077 4088//4088 4087//4087
f 4077//4077 4078//4078 4088//4088
f 4078//4078 4089//4089 4088//4088
f 4078//4078 4079//4079 4089//4089
f 4079//4079 4090//4090 4089//4089
f 4079//4079 4080//4080 4090//4090
f 4080//4080 4091//4091 4090//4090
f 4080//4080 4081//4081 4091//4091
f 4081//4081 4092//4092 4091//4091
f 4081//4081 4082//4082 4092//4092
f 4082//4082 4093//4093 4092//4092
f 4082//4082 4083//4083 4093//4093
f 4083//4083 4094//4094 4093//4093
f 4084//4084 4085//4085 4095//4095
f 4085//4085 4096//4096 4095//4095
f 4085//4085 4086//4086 4096//4096
f 4086//4086 4097//4097 4096//4096
f 4086//4086 4087//4087 4097//4097
f 4087//4087 4098//4098 4097//4097
f 4087//4087 4088//4088 4098//4098
f 4088//4088 4099//4099 4098//4098
f 4088//4088 4089//4089 4099//4099
f 4089//4089 4100//4100 4099//4099
f 4089//4089 4090//4090 4100//4100
f 4090//4090 4101//4101 4100//4100
f 4090//4090 4091//4091 4101//4101
f 4091//4091 4102//4102 4101//4101
f 4091//4091 4092//4092 4102//4102
f 4092//4092 4103//4103 4102//4102
f 4092//4092 4093//4093 4103//4103
f 4093//4093 4104//4104 4103//4103
f 4093//4093 4094//4094 4104//4104
f 4094//4094 4105//4105 4104//4104
f 4095//4095 4096//4096 4106//4106
f 4096//4096 4107//4107 4106//4106
f 4096//4096 4097//4097 4107//4107
f 4097//4097 4108//4108 4107//4107
f 4097//4097 4098//4098 4108//4108
f 4098//4098 4109//4109 4108//4108
f 4098//4098 4099//4099 4109//4109
f 4099//4099 4110//4110 4109//4109
f 4099//4099 4100//4100 4110//4110
f 4100//4100 4111//4111 4110//4110
f 4100//4100 4101//4101 4111//4111
f 4101//4101 4112//4112 4111//4111
f 4101//4101 4102//4102 4112//4112
f 4102//4102 4113//4113 4112//4112
f 4102//4102 4103//4103 4113//4113
f 4103//4103 4114//4114 4113//4113
f 4103//4103 4104//4104 4114//4114
f 4104//4104 4115//4115 4114//4114
f 4104//4104 4105//4105 4115//4115
f 4105//4105 4116//4116 4115//4115
f 4106//4106 4107//4107 4117//4117
f 4107//4107 4118//4118 4117//4117
f 4107//4107 4108//4108 4118//4118
f 4108//4108 4119//4119 4118//4118
f 4108//4108 4109//4109 4119//4119
f 4109//4109 4120//4120 4119//4119
f 4109//4109 4110//4110 4120//4120
f 4110//4110 4121//4121 4120//4120
f 4110//4110 4111//4111 4121//4121
f 4111//4111 4122//4122 4121//4121
f 4111//4111 4112//4112 4122//4122
f 4112//4112 4123//4123 4122//4122
f 4112//4112 4113//4113 4123//4123
f 4113//4113 4124//4124 4123//4123
f 4113//4113 4114//4114 4124//4124
f 4114//4114 4125//4125 4124//4124
f 4114//4114 4115//4115 4125//4125
f 4115//4115 4126//4126 4125//4125
f 4115//4115 4116//4116 4126//4126
f 4116//4116 4127//4127 4126//4126
f 4128//4128 4129//4129 4139//4139
f 4129//4129 4140//4140 4139//4139
f 4129//4129 4130//4130 4140//4140
f 4130//4130 4141//4141 4140//4140
f 4130//4130 4131//4131 4141//4141
f 4131//4131 4142//4142 4141//4141
f 4131//4131 4132//4132 4142//4142
f 4132//4132 4143//4143 4142//4142
f 4132//4132 4133//4133 4143//4143
f 4133//4133 4144//4144 4143//4143
f 4133//4133 4134//4134 4144//4144
f 4134//4134 4145//4145 4144//4144
f 4134//4134 4135//4135 4145//4145
f 4135//4135 4146//4146 4145//4145
f 4135//4135 4136//4136 4146//4146
f 4136//4136 4147//4147 4146//4146
f 4136//4136 4137//4137 4147//4147
f 4137//4137 4148//4148 4147//4147
f 4137//4137 4138//4138 4148//4148
f 4138//4138 4149//4149 4148//4148
f 4139//4139 4140//4140 4150//4150
f 4140//4140 4151//4151 4150//4150
f 4140//4140 4141//4141 4151//4151
f 4141//4141 4152//4152 4151//4151
f 4141//4141 4142//4142 4152//4152
f 4142//4142 4153//4153 4152//4152
f 4142//4142 4143//4143 4153//4153
f 4143//4143 4154//4154 4153//4153
f 4143//4143 4144//4144 4154//4154
f 4144//4144 4155//4155 4154//4154
f 4144//4144 4145//4145 4155//4155
f 4145//4145 4156//4156 4155//4155
f 4145//4145 4146//4146 4156//4156
f 4146//4146 4157//4157 4156//4156
f 4146//4146 4147//4147 4157//4157
f 4147//4147 4158//4158 4157//4157
f 4147//4147 4148//4148 4158//4158
f 4148//4148 4159//4159 4158//4158
f 4148//4148 4149//4149 4159//4159
f 4149//4149 4160//4160 4159//4159
f 4150//4150 4151//4151 4161//4161
f 4151//4151 4162//4162 4161//4161
f 4151//4151 4152//4152 4162//4162
f 4152//4152 4163//4163 4162//4162
f 4152//4152 4153//4153 4163//4163
f 4153//4153 4164//4164 4163//4163
f 4153//4153 4154//4154 4164//4164
f 4154//4154 4165//4165 4164//4164
f 4154//4154 4155//4155 4165//4165
f 4155//4155 4166//4166 4165//4165
f 4155//4155 4156//4156 4166//4166
f 4156//4156 4167//4167 4166//4166
f 4156//4156 4157//4157 4167//4167
f 4157//4157 4168//4168 4167//4167
f 4157//4157 4158//4158 4168//4168
f 4158//4158 4169//4169 4168//4168
f 4158//4158 4159//4159 4169//4169
f 4159//4159 4170//4170 4169//4169
f 4159//4159 4160//4160 4170//4170
f 4160//4160 4171//4171 4170//4170
f 4161//4161 4162//4162 4172//4172
f 4162//4162 4173//4173 4172//4172
f 4162//4162 4163//4163 4173//4173
f 4163//4163 4174//4174 4173//4173
f 4163//4163 4164//4164 4174//4174
f 4164//4164 4175//4175 4174//4174
f 4164//4164 4165//4165 4175//4175
f 4165//4165 4176//4176 4175//4175
f 4165//4165 4166//4166 4176//4176
f 4166//4166 4177//4177 4176//4176
f 4166//4166 4167//4167 4177//4177
f 4167//4167 4178//4178 4177//4177
f 4167//4167 4168//4168 4178//4178
f 4168//4168 4179//4179 4178//4178
f 4168//4168 4169//4169 4179//4179
f 4169//4169 4180//4180 4179//4179
f 4169//4169 4170//4170 4180//4180
f 4170//4170 4181//4181 4180//4180
f 4170//4170 4171//4171 4181//4181
f 4171//4171 4182//4182 4181//4181
f 4172//4172 4173//4173 4183//4183
f 4173//4173 4184//4184 4183//4183
f 4173//4173 4174//4174 4184//4184
f 4174//4174 4185//4185 4184//4184
f 4174//4174 4175//4175 4185//4185
f 4175//4175 4186//4186 4185//4185
f 4175//4175 4176//4176 4186//4186
f 4176//4176 4187//4187 4186//4186
f 4176//4176 4177//4177 4187//4187
f 4177//4177 4188//4188 4187//4187
f 4177//4177 4178//4178 4188//4188
f 4178//4178 4189//4189 4188//4188
f 4178//4178 4179//4179 4189//4189
f 4179//4179 4190//4190 4189//4189
f 4179//4179 4180//4180 4190//4190
f 4180//4180 4191//4191 4190//4190
f 4180//4180 4181//4181 4191//4191
f 4181//4181 4192//4192 4191//4191
f 4181//4181 4182//4182 4192//4192
f 4182//4182 4193//4193 4192//4192
f 4183//4183 4184//4184 4194//4194
f 4184//4184 4195//4195 4194//4194
f 4184//4184 4185//4185 4195//4195
f 4185//4185 4196//4196 4195//4195
f 4185//4185 4186//4186 4196//4196
f 4186//4186 4197//4197 4196//4196
f 4186//4186 4187//4187 4197//4197
f 4187//4187 4198//4198 4197//4197
f 4187//4187 4188//4188 4198//4198
f 4188//4188 4199//4199 4198//4198
f 4188//4188 4189//4189 4199//4199
f 4189//4189 4200//4200 4199//4199
f 4189//4189 4190//4190 4200//4200
f 4190//4190 4201//4201 4200//4200
f 4190//4190 4191//4191 4201//4201
f 4191//4191 4202//4202 4201//4201
f 4191//4191 4192//4192 4202//4202
f 4192//4192 4203//4203 4202//4202
f 4192//4192 4193//4193 4203//4203
f 4193//4193 4204//4204 4203//4203
f 4194//4194 4195//4195 4205//4205
f 4195//4195 4206//4206 4205//4205
f 4195//4195 4196//4196 4206//4206
f 4196//4196 4207//4207 4206//4206
f 4196//4196 4197//4197 4207//4207
f 4197//4197 4208//4208 4207//4207
f 4197//4197 4198//4198 4208//4208
f 4198//4198 4209//4209 4208//4208
f 4198//4198 4199//4199 4209//4209
f 4199//4199 4210//4210 4209//4209
f 4199//4199 4200//4200 4210//4210
f 4200//4200 4211//4211 4210//4210
f 4200//4200 4201//4201 4211//4211
f 4201//4201 4212//4212 4211//4211
f 4201//4201 4202//4202 4212//4212
f 4202//4202 4213//4213 4212//4212
f 4202//4202 4203//4203 4213//4213
f 4203//4203 4214//4214 4213//4213
f 4203//4203 4204//4204 4214//4214
f 4204//4204 4215//4215 4214//4214
f 4205//4205 4206//4206 4216//4216
f 4206//4206 4217//4217 4216//4216
f 4206//4206 4207//4207 4217//4217
f 4207//4207 4218//4218 4217//4217
f 4207//4207 4208//4208 4218//4218
f 4208//4208 4219//4219 4218//4218
f 4208//4208 4209//4209 4219//4219
f 4209//4209 4220//4220 4219//4219
f 4209//4209 4210//4210 4220//4220
f 4210//4210 4221//4221 4220//4220
f 4210//4210 4211//4211 4221//4221
f 4211//4211 4222//4222 4221//4221
f 4211//4211 4212//4212 4222//4222
f 4212//4212 4223//4223 4222//4222
f 4212//4212 4213//4213 4223//4223
f 4213//4213 4224//4224 4223//4223
f 4213//4213 4214//4214 4224//4224
f 4214//4214 4225//4225 4224//4224
f 4214//4214 4215//4215 4225//4225
f 4215//4215 4226//4226 4225//4225
f 4216//4216 4217//4217 4227//4227
f 4217//4217 4228//4228 4227//4227
f 4217//4217 4218//4218 4228//4228
f 4218//4218 4229//4229 4228//4228
f 4218//4218 4219//4219 4229//4229
f 4219//4219 4230//4230 4229//4229
f 4219//4219 4220//4220 4230//4230
f 4220//4220 4231//4231 4230//4230
f 4220//4220 4221//4221 4231//4231
f 4221//4221 4232//4232 4231//4231
f 4221//4221 4222//4222 4232//4232
f 4222//4222 4233//4233 4232//4232
f 4222//4222 4223//4223 4233//4233
f 4223//4223 4234//4234 4233//4233
f 4223//4223 4224//4224 4234//4234
f 4224//4224 4235//4235 4234//4234
f 4224//4224 4225//4225 4235//4235
f 4225//4225 4236//4236 4235//4235
f 4225//4225 4226//4226 4236//4236
f 4226//4226 4237//4237 4236//4236
f 4227//4227 4228//4228 4238//4238
f 4228//4228 4239//4239 4238//4238
f 4228//4228 4229//4229 4239//4239
f 4229//4229 4240//4240 4239//4239
f 4229//4229 4230//4230 4240//4240
f 4230//4230 4241//4241 4240//4240
f 4230//4230 4231//4231 4241//4241
f 4231//4231 4242//4242 4241//4241
f 4231//4231 4232//4232 4242//4242
f 4232//4232 4243//4243 4242//4242
f 4232//4232 4233//4233 4243//4243
f 4233//4233 4244//4244 4243//4243
f 4233//4233 4234//4234 4244//4244
f 4234//4234 4245//4245 4244//4244
f 4234//4234 4235//4235 4245//4245
f 4235//4235 4246//4246 4245//4245
f 4235//4235 4236//4236 4246//4246
f 4236//4236 4247//4247 4246//4246
f 4236//4236 4237//4237 4247//4247
f 4237//4237 4248//4248 4247//4247
f 4238//4238 4239//4239 4249//4249
f 4239//4239 4250//4250 4249//4249
f 4239//4239 4240//4240 4250//4250
f 4240//4240 4251//4251 4250//4250
f 4240//4240 4241//4241 4251//4251
f 4241//4241 4252//4252 4251//4251
f 4241//4241 4242//4242 4252//4252
f 4242//4242 4253//4253 4252//4252
f 4242//4242 4243//4243 4253//4253
f 4243//4243 4254//4254 4253//4253
f 4243//4243 4244//4244 4254//4254
f 4244//4244 4255//4255 4254//4254
f 4244//4244 4245//4245 4255//4255
f 4245//4245 4256//4256 4255//4255
f 4245//4245 4246//4246 4256//4256
f 4246//4246 4257//4257 4256//4256
f 4246//4246 4247//4247 4257//4257
f 4247//4247 4258//4258 4257//4257
f 4247//4247 4248//4248 4258//4258
f 4248//4248 4259//4259 4258//4258
f 4249//4249 4250//4250 4260//4260
f 4250//4250 4261//4261 4260//4260
f 4250//4250 4251//4251 4261//4261
f 4251//4251 4262//4262 4261//4261
f 4251//4251 4252//4252 4262//4262
f 4252//4252 4263//4263 4262//4262
f 4252//4252 4253//4253 4263//4263
f 4253//4253 4264//4264 4263//4263
f 4253//4253 4254//4254 4264//4264
f 4254//4254 4265//4265 4264//4264
f 4254//4254 4255//4255 4265//4265
f 4255//4255 4266//4266 4265//4265
f 4255//4255 4256//4256 4266//4266
f 4256//4256 4267//4267 4266//4266
f 4256//4256 4257//4257 4267//4267
f 4257//4257 4268//4268 4267//4267
f 4257//4257 4258//4258 4268//4268
f 4258//4258 4269//4269 4268//4268
f 4258//4258 4259//4259 4269//4269
f 4259//4259 4270//4270 4269//4269
f 4260//4260 4261//4261 4271//4271
f 4261//4261 4272//4272 4271//4271
f 4261//4261 4262//4262 4272//4272
f 4262//4262 4273//4273 4272//4272
f 4262//4262 4263//4263 4273//4273
f 4263//4263 4274//4274 4273//4273
f 4263//4263 4264//4264 4274//4274
f 4264//4264 4275//4275 4274//4274
f 4264//4264 4265//4265 4275//4275
f 4265//4265 4276//4276 4275//4275
f 4265//4265 4266//4266 4276//4276
f 4266//4266 4277//4277 4276//4276
f 4266//4266 4267//4267 4277//4277
f 4267//4267 4278//4278 4277//4277
f 4267//4267 4268//4268 4278//4278
f 4268//4268 4279//4279 4278//4278
f 4268//4268 4269//4269 4279//4279
f 4269//4269 4280//4280 4279//4279
f 4269//4269 4270//4270 4280//4280
f 4270//4270 4281//4281 4280//4280
f 4271//4271 4272//4272 4282//4282
f 4272//4272 4283//4283 4282//4282
f 4272//4272 4273//4273 4283//4283
f 4273//4273 4284//4284 4283//4283
f 4273//4273 4274//4274 4284//4284
f 4274//4274 4285//4285 4284//4284
f 4274//4274 4275//4275 4285//4285
f 4275//4275 4286//4286 4285//4285
f 4275//4275 4276//4276 4286//4286
f 4276//4276 4287//4287 4286//4286
f 4276//4276 4277//4277 4287//4287
f 4277//4277 4288//4288 4287//4287
f 4277//4277 4278//4278 4288//4288
f 4278//4278 4289//4289 4288//4288
f 4278//4278 4279//4279 4289//4289
f 4279//4279 4290//4290 4289//4289
f 4279//4279 4280//4280 4290//4290
f 4280//4280 4291//4291 4290//4290
f 4280//4280 4281//4281 4291//4291
f 4281//4281 4292//4292 4291//4291
f 4282//4282 4283//4283 4293//4293
f 4283//4283 4294//4294 4293//4293
f 4283//4283 4284//4284 4294//4294
f 4284//4284 4295//4295 4294//4294
f 4284//4284 4285//4285 4295//4295
f 4285//4285 4296//4296 4295//4295
f 4285//4285 4286//4286 4296//4296
f 4286//4286 4297//4297 4296//4296
f 4286//4286 4287//4287 4297//4297
f 4287//4287 4298//4298 4297//4297
f 4287//4287 4288//4288 4298//4298
f 4288//4288 4299//4299 4298//4298
f 4288//4288 4289//4289 4299//4299
f 4289//4289 4300//4300 4299//4299
f 4289//4289 4290//4290 4300//4300
f 4290//4290 4301//4301 4300//4300
f 4290//4290 4291//4291 4301//4301
f 4291//4291 4302//4302 4301//4301
f 4291//4291 4292//4292 4302//4302
f 4292//4292 4303//4303 4302//4302
f 4293//4293 4294//4294 4304//4304
f 4294//4294 4305//4305 4304//4304
f 4294//4294 4295//4295 4305//4305
f 4295//4295 4306//4306 4305//4305
f 4295//4295 4296//4296 4306//4306
f 4296//4296 4307//4307 4306//4306
f 4296//4296 4297//4297 4307//4307
f 4297//4297 4308//4308 4307//4307
f 4297//4297 4298//4298 4308//4308
f 4298//4298 4309//4309 4308//4308
f 4298//4298 4299//4299 4309//4309
f 4299//4299 4310//4310 4309//4309
f 4299//4299 4300//4300 4310//4310
f 4300//4300 4311//4311 4310//4310
f 4300//4300 4301//4301 4311//4311
f 4301//4301 4312//4312 4311//4311
f 4301//4301 4302//4302 4312//4312
f 4302//4302 4313//4313 4312//4312
f 4302//4302 4303//4303 4313//4313
f 4303//4303 4314//4314 4313//4313
f 4304//4304 4305//4305 4315//4315
f 4305//4305 4316//4316 4315//4315
f 4305//4305 4306//4306 4316//4316
f 4306//4306 4317//4317 4316//4316
f 4306//4306 4307//4307 4317//4317
f 4307//4307 4318//4318 4317//4317
f 4307//4307 4308//4308 4318//4318
f 4308//4308 4319//4319 4318//4318
f 4308//4308 4309//4309 4319//4319
f 4309//4309 4320//4320 4319//4319
f 4309//4309 4310//4310 4320//4320
f 4310//4310 4321//4321 4320//4320
f 4310//4310 4311//4311 4321//4321
f 4311//4311 4322//4322 4321//4321
f 4311//4311 4312//4312 4322//4322
f 4312//4312 4323//4323 4322//4322
f 4312//4312 4313//4313 4323//4323
f 4313//4313 4324//4324 4323//4323
f 4313//4313 4314//4314 4324//4324
f 4314//4314 4325//4325 4324//4324
f 4315//4315 4316//4316 4326//4326
f 4316//4316 4327//4327 4326//4326
f 4316//4316 4317//4317 4327//4327
f 4317//4317 4328//4328 4327//4327
f 4317//4317 4318//4318 4328//4328
f 4318//4318 4329//4329 4328//4328
f 4318//4318 4319//4319 4329//4329
f 4319//4319 4330//4330 4329//4329
f 4319//4319 4320//4320 4330//4330
f 4320//4320 4331//4331 4330//4330
f 4320//4320 4321//4321 4331//4331
f 4321//4321 4332//4332 4331//4331
f 4321//4321 4322//4322 4332//4332
f 4322//4322 4333//4333 4332//4332
f 4322//4322 4323//4323 4333//4333
f 4323//4323 4334//4334 4333//4333
f 4323//4323 4324//4324 4334//4334
f 4324//4324 4335//4335 4334//4334
f 4324//4324 4325//4325 4335//4335
f 4325//4325 4336//4336 4335//4335
f 4326//4326 4327//4327 4337//4337
f 4327//4327 4338//4338 4337//4337
f 4327//4327 4328//4328 4338//4338
f 4328//4328 4339//4339 4338//4338
f 4328//4328 4329//4329 4339//4339
f 4329//4329 4340//4340 4339//4339
f 4329//4329 4330//4330 4340//4340
f 4330//4330 4341//4341 4340//4340
f 4330//4330 4331//4331 4341//4341
f 4331//4331 4342//4342 4341//4341
f 4331//4331 4332//4332 4342//4342
f 4332//4332 4343//4343 4342//4342
f 4332//4332 4333//4333 4343//4343
f 4333//4333 4344//4344 4343//4343
f 4333//4333 4334//4334 4344//4344
f 4334//4334 4345//4345 4344//4344
f 4334//4334 4335//4335 4345//4345
f 4335//4335 4346//4346 4345//4345
f 4335//4335 4336//4336 4346//4346
f 4336//4336 4347//4347 4346//4346
f 4337//4337 4338//4338 4348//4348
f 4338//4338 4349//4349 4348//4348
f 4338//4338 4339//4339 4349//4349
f 4339//4339 4350//4350 4349//4349
f 4339//4339 4340//4340 4350//4350
f 4340//4340 4351//4351 4350//4350
f 4340//4340 4341//4341 4351//4351
f 4341//4341 4352//4352 4351//4351
f 4341//4341 4342//4342 4352//4352
f 4342//4342 4353//4353 4352//4352
f 4342//4342 4343//4343 4353//4353
f 4343//4343 4354//4354 4353//4353
f 4343//4343 4344//4344 4354//4354
f 4344//4344 4355//4355 4354//4354
f 4344//4344 4345//4345 4355//4355
f 4345//4345 4356//4356 4355//4355
f 4345//4345 4346//4346 4356//4356
f 4346//4346 4357//4357 4356//4356
f 4346//4346 4347//4347 4357//4357
f 4347//4347 4358//4358 4357//4357
f 4348//4348 4349//4349 4359//4359
f 4349//4349 4360//4360 4359//4359
f 4349//4349 4350//4350 4360//4360
f 4350//4350 4361//4361 4360//4360
f 4350//4350 4351//4351 4361//4361
f 4351//4351 4362//4362 4361//4361
f 4351//4351 4352//4352 4362//4362
f 4352//4352 4363//4363 4362//4362
f 4352//4352 4353//4353 4363//4363
f 4353//4353 4364//4364 4363//4363
f 4353//4353 4354//4354 4364//4364
f 4354//4354 4365//4365 4364//4364
f 4354//4354 4355//4355 4365//4365
f 4355//4355 4366//4366 4365//4365
f 4355//4355 4356//4356 4366//4366
f 4356//4356 4367//4367 4366//4366
f 4356//4356 4357//4357 4367//4367
f 4357//4357 4368//4368 4367//4367
f 4357//4357 4358//4358 4368//4368
f 4358//4358 4369//4369 4368//4368
f 4359//4359 4360//4360 4370//4370
f 4360//4360 4371//4371 4370//4370
f 4360//4360 4361//4361 4371//4371
f 4361//4361 4372//4372 4371//4371
f 4361//4361 4362//4362 4372//4372
f 4362//4362 4373//4373 4372//4372
f 4362//4362 4363//4363 4373//4373
f 4363//4363 4374//4374 4373//4373
f 4363//4363 4364//4364 4374//4374
f 4364//4364 4375//4375 4374//4374
f 4364//4364 4365//4365 4375//4375
f 4365//4365 4376//4376 4375//4375
f 4365//4365 4366//4366 4376//4376
f 4366//4366 4377//4377 4376//4376
f 4366//4366 4367//4367 4377//4377
f 4367//4367 4378//4378 4377//4377
f 4367//4367 4368//4368 4378//4378
f 4368//4368 4379//4379 4378//4378
f 4368//4368 4369//4369 4379//4379
f 4369//4369 4380//4380 4379//4379
f 4370//4370 4371//4371 4381//4381
f 4371//4371 4382//4382 4381//4381
f 4371//4371 4372//4372 4382//4382
f 4372//4372 4383//4383 4382//4382
f 4372//4372 4373//4373 4383//4383
f 4373//4373 4384//4384 4383//4383
f 4373//4373 4374//4374 4384//4384
f 4374//4374 4385//4385 4384//4384
f 4374//4374 4375//4375 4385//4385
f 4375//4375 4386//4386 4385//4385
f 4375//4375 4376//4376 4386//4386
f 4376//4376 4387//4387 4386//4386
f 4376//4376 4377//4377 4387//4387
f 4377//4377 4388//4388 4387//4387
f 4377//4377 4378//4378 4388//4388
f 4378//4378 4389//4389 4388//4388
f 4378//4378 4379//4379 4389//4389
f 4379//4379 4390//4390 4389//4389
f 4379//4379 4380//4380 4390//4390
f 4380//4380 4391//4391 4390//4390
f 4381//4381 4382//4382 4392//4392
f 4382//4382 4393//4393 4392//4392
f 4382//4382 4383//4383 4393//4393
f 4383//4383 4394//4394 4393//4393
f 4383//4383 4384//4384 4394//4394
f 4384//4384 4395//4395 4394//4394
f 4384//4384 4385//4385 4395//4395
f 4385//4385 4396//4396 4395//4395
f 4385//4385 4386//4386 4396//4396
f 4386//4386 4397//4397 4396//4396
f 4386//4386 4387//4387 4397//4397
f 4387//4387 4398//4398 4397//4397
f 4387//4387 4388//4388 4398//4398
f 4388//4388 4399//4399 4398//4398
f 4388//4388 4389//4389 4399//4399
f 4389//4389 4400//4400 4399//4399
f 4389//4389 4390//4390 4400//4400
f 4390//4390 4401//4401 4400//4400
f 4390//4390 4391//4391 4401//4401
f 4391//4391 4402//4402 4401//4401
f 4392//4392 4393//4393 4403//4403
f 4393//4393 4404//4404 4403//4403
f 4393//4393 4394//4394 4404//4404
f 4394//4394 4405//4405 4404//4404
f 4394//4394 4395//4395 4405//4405
f 4395//4395 4406//4406 4405//4405
f 4395//4395 4396//4396 4406//4406
f 4396//4396 4407//4407 4406//4406
f 4396//4396 4397//4397 4407//4407
f 4397//4397 4408//4408 4407//4407
f 4397//4397 4398//4398 4408//4408
f 4398//4398 4409//4409 4408//4408
f 4398//4398 4399//4399 4409//4409
f 4399//4399 4410//4410 4409//4409
f 4399//4399 4400//4400 4410//4410
f 4400//4400 4411//4411 4410//4410
f 4400//4400 4401//4401 4411//4411
f 4401//4401 4412//4412 4411//4411
f 4401//4401 4402//4402 4412//4412
f 4402//4402 4413//4413 4412//4412
f 4403//4403 4404//4404 4414//4414
f 4404//4404 4415//4415 4414//4414
f 4404//4404 4405//4405 4415//4415
f 4405//4405 4416//4416 4415//4415
f 4405//4405 4406//4406 4416//4416
f 4406//4406 4417//4417 4416//4416
f 4406//4406 4407//4407 4417//4417
f 4407//4407 4418//4418 4417//4417
f 4407//4407 4408//4408 4418//4418
f 4408//4408 4419//4419 4418//4418
f 4408//4408 4409//4409 4419//4419
f 4409//4409 4420//4420 4419//4419
f 4409//4409 4410//4410 4420//4420
f 4410//4410 4421//4421 4420//4420
f 4410//4410 4411//4411 4421//4421
f 4411//4411 4422//4422 4421//4421
f 4411//4411 4412//4412 4422//4422
f 4412//4412 4423//4423 4422//4422
f 4412//4412 4413//4413 4423//4423
f 4413//4413 4424//4424 4423//4423
f 4414//4414 4415//4415 4425//4425
f 4415//4415 4426//4426 4425//4425
f 4415//4415 4416//4416 4426//4426
f 4416//4416 4427//4427 4426//4426
f 4416//4416 4417//4417 4427//4427
f 4417//4417 4428//4428 4427//4427
f 4417//4417 4418//4418 4428//4428
f 4418//4418 4429//4429 4428//4428
f 4418//4418 4419//4419 4429//4429
f 4419//4419 4430//4430 4429//4429
f 4419//4419 4420//4420 4430//4430
f 4420//4420 4431//4431 4430//4430
f 4420//4420 4421//4421 4431//4431
f 4421//4421 4432//4432 4431//4431
f 4421//4421 4422//4422 4432//4432
f 4422//4422 4433//4433 4432//4432
f 4422//4422 4423//4423 4433//4433
f 4423//4423 4434//4434 4433//4433
f 4423//4423 4424//4424 4434//4434
f 4424//4424 4435//4435 4434//4434
f 4425//4425 4426//4426 4436//4436
f 4426//4426 4437//4437 4436//4436
f 4426//4426 4427//4427 4437//4437
f 4427//4427 4438//4438 4437//4437
f 4427//4427 4428//4428 4438//4438
f 4428//4428 4439//4439 4438//4438
f 4428//4428 4429//4429 4439//4439
f 4429//4429 4440//4440 4439//4439
f 4429//4429 4430//4430 4440//4440
f 4430//4430 4441//4441 4440//4440
f 4430//4430 4431//4431 4441//4441
f 4431//4431 4442//4442 4441//4441
f 4431//4431 4432//4432 4442//4442
f 4432//4432 4443//4443 4442//4442
f 4432//4432 4433//4433 4443//4443
f 4433//4433 4444//4444 4443//4443
f 4433//4433 4434//4434 4444//4444
f 4434//4434 4445//4445 4444//4444
f 4434//4434 4435//4435 4445//4445
f 4435//4435 4446//4446 4445//4445
f 4436//4436 4437//4437 4447//4447
f 4437//4437 4448//4448 4447//4447
f 4437//4437 4438//4438 4448//4448
f 4438//4438 4449//4449 4448//4448
f 4438//4438 4439//4439 4449//4449
f 4439//4439 4450//4450 4449//4449
f 4439//4439 4440//4440 4450//4450
f 4440//4440 4451//4451 4450//4450
f 4440//4440 4441//4441 4451//4451
f 4441//4441 4452//4452 4451//4451
f 4441//4441 4442//4442 4452//4452
f 4442//4442 4453//4453 4452//4452
f 4442//4442 4443//4443 4453//4453
f 4443//4443 4454//4454 4453//4453
f 4443//4443 4444//4444 4454//4454
f 4444//4444 4455//4455 4454//4454
f 4444//4444 4445//4445 4455//4455
f 4445//4445 4456//4456 4455//4455
f 4445//4445 4446//4446 4456//4456
f 4446//4446 4457//4457 4456//4456
f 4447//4447 4448//4448 4458//4458
f 4448//4448 4459//4459 4458//4458
f 4448//4448 4449//4449 4459//4459
f 4449//4449 4460//4460 4459//4459
f 4449//4449 4450//4450 4460//4460
f 4450//4450 4461//4461 4460//4460
f 4450//4450 4451//4451 4461//4461
f 4451//4451 4462//4462 4461//4461
f 4451//4451 4452//4452 4462//4462
f 4452//4452 4463//4463 4462//4462
f 4452//4452 4453//4453 4463//4463
f 4453//4453 4464//4464 4463//4463
f 4453//4453 4454//4454 4464//4464
f 4454//4454 4465//4465 4464//4464
f 4454//4454 4455//4455 4465//4465
f 4455//4455 4466//4466 4465//4465
f 4455//4455 4456//4456 4466//4466
f 4456//4456 4467//4467 4466//4466
f 4456//4456 4457//4457 4467//4467
f 4457//4457 4468//4468 4467//4467
f 4458//4458 4459//4459 4469//4469
f 4459//4459 4470//4470 4469//4469
f 4459//4459 4460//4460 4470//4470
f 4460//4460 4471//4471 4470//4470
f 4460//4460 4461//4461 4471//4471
f 4461//4461 4472//4472 4471//4471
f 4461//4461 4462//4462 4472//4472
f 4462//4462 4473//4473 4472//4472
f 4462//4462 4463//4463 4473//4473
f 4463//4463 4474//4474 4473//4473
f 4463//4463 4464//4464 4474//4474
f 4464//4464 4475//4475 4474//4474
f 4464//4464 4465//4465 4475//4475
f 4465//4465 4476//4476 4475//4475
f 4465//4465 4466//4466 4476//4476
f 4466//4466 4477//4477 4476//4476
f 4466//4466 4467//4467 4477//4477
f 4467//4467 4478//4478 4477//4477
f 4467//4467 4468//4468 4478//4478
f 4468//4468 4479//4479 4478//4478
f 4469//4469 4470//4470 4480//4480
f 4470//4470 4481//4481 4480//4480
f 4470//4470 4471//4471 4481//4481
f 4471//4471 4482//4482 4481//4481
f 4471//4471 4472//4472 4482//4482
f 4472//4472 4483//4483 4482//4482
f 4472//4472 4473//4473 4483//4483
f 4473//4473 4484//4484 4483//4483
f 4473//4473 4474//4474 4484//4484
f 4474//4474 4485//4485 4484//4484
f 4474//4474 4475//4475 4485//4485
f 4475//4475 4486//4486 4485//4485
f 4475//4475 4476//4476 4486//4486
f 4476//4476 4487//4487 4486//4486
f 4476//4476 4477//4477 4487//4487
f 4477//4477 4488//4488 4487//4487
f 4477//4477 4478//4478 4488//4488
f 4478//4478 4489//4489 4488//4488
f 4478//4478 4479//4479 4489//4489
f 4479//4479 4490//4490 4489//4489
f 4480//4480 4481//4481 4491//4491
f 4481//4481 4492//4492 4491//4491
f 4481//4481 4482//4482 4492//4492
f 4482//4482 4493//4493 4492//4492
f 4482//4482 4483//4483 4493//4493
f 4483//4483 4494//4494 4493//4493
f 4483//4483 4484//4484 4494//4494
f 4484//4484 4495//4495 4494//4494
f 4484//4484 4485//4485 4495//4495
f 4485//4485 4496//4496 4495//4495
f 4485//4485 4486//4486 4496//4496
f 4486//4486 4497//4497 4496//4496
f 4486//4486 4487//4487 4497//4497
f 4487//4487 4498//4498 4497//4497
f 4487//4487 4488//4488 4498//4498
f 4488//4488 4499//4499 4498//4498
f 4488//4488 4489//4489 4499//4499
f 4489//4489 4500//4500 4499//4499
f 4489//4489 4490//4490 4500//4500
f 4490//4490 4501//4501 4500//4500
f 4491//4491 4492//4492 4502//4502
f 4492//4492 4503//4503 4502//4502
f 4492//4492 4493//4493 4503//4503
f 4493//4493 4504//4504 4503//4503
f 4493//4493 4494//4494 4504//4504
f 4494//4494 4505//4505 4504//4504
f 4494//4494 4495//4495 4505//4505
f 4495//4495 4506//4506 4505//4505
f 4495//4495 4496//4496 4506//4506
f 4496//4496 4507//4507 4506//4506
f 4496//4496 4497//4497 4507//4507
f 4497//4497 4508//4508 4507//4507
f 4497//4497 4498//4498 4508//4508
f 4498//4498 4509//4509 4508//4508
f 4498//4498 4499//4499 4509//4509
f 4499//4499 4510//4510 4509//4509
f 4499//4499 4500//4500 4510//4510
f 4500//4500 4511//4511 4510//4510
f 4500//4500 4501//4501 4511//4511
f 4501//4501 4512//4512 4511//4511
f 4502//4502 4503//4503 4513//4513
f 4503//4503 4514//4514 4513//4513
f 4503//4503 4504//4504 4514//4514
f 4504//4504 4515//4515 4514//4514
f 4504//4504 4505//4505 4515//4515
f 4505//4505 4516//4516 4515//4515
f 4505//4505 4506//4506 4516//4516
f 4506//4506 4517//4517 4516//4516
f 4506//4506 4507//4507 4517//4517
f 4507//4507 4518//4518 4517//4517
f 4507//4507 4508//4508 4518//4518
f 4508//4508 4519//4519 4518//4518
f 4508//4508 4509//4509 4519//4519
f 4509//4509 4520//4520 4519//4519
f 4509//4509 4510//4510 4520//4520
f 4510//4510 4521//4521 4520//4520
f 4510//4510 4511//4511 4521//4521
f 4511//4511 4522//4522 4521//4521
f 4511//4511 4512//4512 4522//4522
f 4512//4512 4523//4523 4522//4522
f 4513//4513 4514//4514 4524//4524
f 4514//4514 4525//4525 4524//4524
f 4514//4514 4515//4515 4525//4525
f 4515//4515 4526//4526 4525//4525
f 4515//4515 4516//4516 4526//4526
f 4516//4516 4527//4527 4526//4526
f 4516//4516 4517//4517 4527//4527
f 4517//4517 4528//4528 4527//4527
f 4517//4517 4518//4518 4528//4528
f 4518//4518 4529//4529 4528//4528
f 4518//4518 4519//4519 4529//4529
f 4519//4519 4530//4530 4529//4529
f 4519//4519 4520//4520 4530//4530
f 4520//4520 4531//4531 4530//4530
f 4520//4520 4521//4521 4531//4531
f 4521//4521 4532//4532 4531//4531
f 4521//4521 4522//4522 4532//4532
f 4522//4522 4533//4533 4532//4532
f 4522//4522 4523//4523 4533//4533
f 4523//4523 4534//4534 4533//4533
f 4524//4524 4525//4525 4535//4535
f 4525//4525 4536//4536 4535//4535
f 4525//4525 4526//4526 4536//4536
f 4526//4526 4537//4537 4536//4536
f 4526//4526 4527//4527 4537//4537
f 4527//4527 4538//4538 4537//4537
f 4527//4527 4528//4528 4538//4538
f 4528//4528 4539//4539 4538//4538
f 4528//4528 4529//4529 4539//4539
f 4529//4529 4540//4540 4539//4539
f 4529//4529 4530//4530 4540//4540
f 4530//4530 4541//4541 4540//4540
f 4530//4530 4531//4531 4541//4541
f 4531//4531 4542//4542 4541//4541
f 4531//4531 4532//4532 4542//4542
f 4532//4532 4543//4543 4542//4542
f 4532//4532 4533//4533 4543//4543
f 4533//4533 4544//4544 4543//4543
f 4533//4533 4534//4534 4544//4544
f 4534//4534 4545//4545 4544//4544
f 4535//4535 4536//4536 4546//4546
f 4536//4536 4547//4547 4546//4546
f 4536//4536 4537//4537 4547//4547
f 4537//4537 4548//4548 4547//4547
f 4537//4537 4538//4538 4548//4548
f 4538//4538 4549//4549 4548//4548
f 4538//4538 4539//4539 4549//4549
f 4539//4539 4550//4550 4549//4549
f 4539//4539 4540//4540 4550//4550
f 4540//4540 4551//4551 4550//4550
f 4540//4540 4541//4541 4551//4551
f 4541//4541 4552//4552 4551//4551
f 4541//4541 4542//4542 4552//4552
f 4542//4542 4553//4553 4552//4552
f 4542//4542 4543//4543 4553//4553
f 4543//4543 4554//4554 4553//4553
f 4543//4543 4544//4544 4554//4554
f 4544//4544 4555//4555 4554//4554
f 4544//4544 4545//4545 4555//4555
f 4545//4545 4556//4556 4555//4555
f 4546//4546 4547//4547 4557//4557
f 4547//4547 4558//4558 4557//4557
f 4547//4547 4548//4548 4558//4558
f 4548//4548 4559//4559 4558//4558
f 4548//4548 4549//4549 4559//4559
f 4549//4549 4560//4560 4559//4559
f 4549//4549 4550//4550 4560//4560
f 4550//4550 4561//4561 4560//4560
f 4550//4550 4551//4551 4561//4561
f 4551//4551 4562//4562 4561//4561
f 4551//4551 4552//4552 4562//4562
f 4552//4552 4563//4563 4562//4562
f 4552//4552 4553//4553 4563//4563
f 4553//4553 4564//4564 4563//4563
f 4553//4553 4554//4554 4564//4564
f 4554//4554 4565//4565 4564//4564
f 4554//4554 4555//4555 4565//4565
f 4555//4555 4566//4566 4565//4565
f 4555//4555 4556//4556 4566//4566
f 4556//4556 4567//4567 4566//4566
f 4557//4557 4558//4558 4568//4568
f 4558//4558 4569//4569 4568//4568
f 4558//4558 4559//4559 4569//4569
f 4559//4559 4570//4570 4569//4569
f 4559//4559 4560//4560 4570//4570
f 4560//4560 4571//4571 4570//4570
f 4560//4560 4561//4561 4571//4571
f 4561//4561 4572//4572 4571//4571
f 4561//4561 4562//4562 4572//4572
f 4562//4562 4573//4573 4572//4572
f 4562//4562 4563//4563 4573//4573
f 4563//4563 4574//4574 4573//4573
f 4563//4563 4564//4564 4574//4574
f 4564//4564 4575//4575 4574//4574
f 4564//4564 4565//4565 4575//4575
f 4565//4565 4576//4576 4575//4575
f 4565//4565 4566//4566 4576//4576
f 4566//4566 4577//4577 4576//4576
f 4566//4566 4567//4567 4577//4577
f 4567//4567 4578//4578 4577//4577
f 4579//4579 4580//4580 4590//4590
f 4580//4580 4591//4591 4590//4590
f 4580//4580 4581//4581 4591//4591
f 4581//4581 4592//4592 4591//4591
f 4581//4581 4582//4582 4592//4592
f 4582//4582 4593//4593 4592//4592
f 4582//4582 4583//4583 4593//4593
f 4583//4583 4594//4594 4593//4593
f 4583//4583 4584//4584 4594//4594
f 4584//4584 4595//4595 4594//4594
f 4584//4584 4585//4585 4595//4595
f 4585//4585 4596//4596 4595//4595
f 4585//4585 4586//4586 4596//4596
f 4586//4586 4597//4597 4596//4596
f 4586//4586 4587//4587 4597//4597
f 4587//4587 4598//4598 4597//4597
f 4587//4587 4588//4588 4598//4598
f 4588//4588 4599//4599 4598//4598
f 4588//4588 4589//4589 4599//4599
f 4589//4589 4600//4600 4599//4599
f 4590//4590 4591//4591 4601//4601
f 4591//4591 4602//4602 4601//4601
f 4591//4591 4592//4592 4602//4602
f 4592//4592 4603//4603 4602//4602
f 4592//4592 4593//4593 4603//4603
f 4593//4593 4604//4604 4603//4603
f 4593//4593 4594//4594 4604//4604
f 4594//4594 4605//4605 4604//4604
f 4594//4594 4595//4595 4605//4605
f 4595//4595 4606//4606 4605//4605
f 4595//4595 4596//4596 4606//4606
f 4596//4596 4607//4607 4606//4606
f 4596//4596 4597//4597 4607//4607
f 4597//4597 4608//4608 4607//4607
f 4597//4597 4598//4598 4608//4608
f 4598//4598 4609//4609 4608//4608
f 4598//4598 4599//4599 4609//4609
f 4599//4599 4610//4610 4609//4609
f 4599//4599 4600//4600 4610//4610
f 4600//4600 4611//4611 4610//4610
f 4601//4601 4602//4602 4612//4612
f 4602//4602 4613//4613 4612//4612
f 4602//4602 4603//4603 4613//4613
f 4603//4603 4614//4614 4613//4613
f 4603//4603 4604//4604 4614//4614
f 4604//4604 4615//4615 4614//4614
f 4604//4604 4605//4605 4615//4615
f 4605//4605 4616//4616 4615//4615
f 4605//4605 4606//4606 4616//4616
f 4606//4606 4617//4617 4616//4616
f 4606//4606 4607//4607 4617//4617
f 4607//4607 4618//4618 4617//4617
f 4607//4607 4608//4608 4618//4618
f 4608//4608 4619//4619 4618//4618
f 4608//4608 4609//4609 4619//4619
f 4609//4609 4620//4620 4619//4619
f 4609//4609 4610//4610 4620//4620
f 4610//4610 4621//4621 4620//4620
f 4610//4610 4611//4611 4621//4621
f 4611//4611 4622//4622 4621//4621
f 4612//4612 4613//4613 4623//4623
f 4613//4613 4624//4624 4623//4623
f 4613//4613 4614//4614 4624//4624
f 4614//4614 4625//4625 4624//4624
f 4614//4614 4615//4615 4625//4625
f 4615//4615 4626//4626 4625//4625
f 4615//4615 4616//4616 4626//4626
f 4616//4616 4627//4627 4626//4626
f 4616//4616 4617//4617 4627//4627
f 4617//4617 4628//4628 4627//4627
f 4617//4617 4618//4618 4628//4628
f 4618//4618 4629//4629 4628//4628
f 4618//4618 4619//4619 4629//4629
f 4619//4619 4630//4630 4629//4629
f 4619//4619 4620//4620 4630//4630
f 4620//4620 4631//4631 4630//4630
f 4620//4620 4621//4621 4631//4631
f 4621//4621 4632//4632 4631//4631
f 4621//4621 4622//4622 4632//4632
f 4622//4622 4633//4633 4632//4632
f 4623//4623 4624//4624 4634//4634
f 4624//4624 4635//4635 4634//4634
f 4624//4624 4625//4625 4635//4635
f 4625//4625 4636//4636 4635//4635
f 4625//4625 4626//4626 4636//4636
f 4626//4626 4637//4637 4636//4636
f 4626//4626 4627//4627 4637//4637
f 4627//4627 4638//4638 4637//4637
f 4627//4627 4628//4628 4638//4638
f 4628//4628 4639//4639 4638//4638
f 4628//4628 4629//4629 4639//4639
f 4629//4629 4640//4640 4639//4639
f 4629//4629 4630//4630 4640//4640
f 4630//4630 4641//4641 4640//4640
f 4630//4630 4631//4631 4641//4641
f 4631//4631 4642//4642 4641//4641
f 4631//4631 4632//4632 4642//4642
f 4632//4632 4643//4643 4642//4642
f 4632//4632 4633//4633 4643//4643
f 4633//4633 4644//4644 4643//4643
f 4634//4634 4635//4635 4645//4645
f 4635//4635 4646//4646 4645//4645
f 4635//4635 4636//4636 4646//4646
f 4636//4636 4647//4647 4646//4646
f 4636//4636 4637//4637 4647//4647
f 4637//4637 4648//4648 4647//4647
f 4637//4637 4638//4638 4648//4648
f 4638//4638 4649//4649 4648//4648
f 4638//4638 4639//4639 4649//4649
f 4639//4639 4650//4650 4649//4649
f 4639//4639 4640//4640 4650//4650
f 4640//4640 4651//4651 4650//4650
f 4640//4640 4641//4641 4651//4651
f 4641//4641 4652//4652 4651//4651
f 4641//4641 4642//4642 4652//4652
f 4642//4642 4653//4653 4652//4652
f 4642//4642 4643//4643 4653//4653
f 4643//4643 4654//4654 4653//4653
f 4643//4643 4644//4644 4654//4654
f 4644//4644 4655//4655 4654//4654
f 4645//4645 4646//4646 4656//4656
f 4646//4646 4657//4657 4656//4656
f 4646//4646 4647//4647 4657//4657
f 4647//4647 4658//4658 4657//4657
f 4647//4647 4648//4648 4658//4658
f 4648//4648 4659//4659 4658//4658
f 4648//4648 4649//4649 4659//4659
f 4649//4649 4660//4660 4659//4659
f 4649//4649 4650//4650 4660//4660
f 4650//4650 4661//4661 4660//4660
f 4650//4650 4651//4651 4661//4661
f 4651//4651 4662//4662 4661//4661
f 4651//4651 4652//4652 4662//4662
f 4652//4652 4663//4663 4662//4662
f 4652//4652 4653//4653 4663//4663
f 4653//4653 4664//4664 4663//4663
f 4653//4653 4654//4654 4664//4664
f 4654//4654 4665//4665 4664//4664
f 4654//4654 4655//4655 4665//4665
f 4655//4655 4666//4666 4665//4665
f 4656//4656 4657//4657 4667//4667
f 4657//4657 4668//4668 4667//4667
f 4657//4657 4658//4658 4668//4668
f 4658//4658 4669//4669 4668//4668
f 4658//4658 4659//4659 4669//4669
f 4659//4659 4670//4670 4669//4669
f 4659//4659 4660//4660 4670//4670
f 4660//4660 4671//4671 4670//4670
f 4660//4660 4661//4661 4671//4671
f 4661//4661 4672//4672 4671//4671
f 4661//4661 4662//4662 4672//4672
f 4662//4662 4673//4673 4672//4672
f 4662//4662 4663//4663 4673//4673
f 4663//4663 4674//4674 4673//4673
f 4663//4663 4664//4664 4674//4674
f 4664//4664 4675//4675 4674//4674
f 4664//4664 4665//4665 4675//4675
f 4665//4665 4676//4676 4675//4675
f 4665//4665 4666//4666 4676//4676
f 4666//4666 4677//4677 4676//4676
f 4667//4667 4668//4668 4678//4678
f 4668//4668 4679//4679 4678//4678
f 4668//4668 4669//4669 4679//4679
f 4669//4669 4680//4680 4679//4679
f 4669//4669 4670//4670 4680//4680
f 4670//4670 4681//4681 4680//4680
f 4670//4670 4671//4671 4681//4681
f 4671//4671 4682//4682 4681//4681
f 4671//4671 4672//4672 4682//4682
f 4672//4672 4683//4683 4682//4682
f 4672//4672 4673//4673 4683//4683
f 4673//4673 4684//4684 4683//4683
f 4673//4673 4674//4674 4684//4684
f 4674//4674 4685//4685 4684//4684
f 4674//4674 4675//4675 4685//4685
f 4675//4675 4686//4686 4685//4685
f 4675//4675 4676//4676 4686//4686
f 4676//4676 4687//4687 4686//4686
f 4676//4676 4677//4677 4687//4687
f 4677//4677 4688//4688 4687//4687
f 4678//4678 4679//4679 4689//4689
f 4679//4679 4690//4690 4689//4689
f 4679//4679 4680//4680 4690//4690
f 4680//4680 4691//4691 4690//4690
f 4680//4680 4681//4681 4691//4691
f 4681//4681 4692//4692 4691//4691
f 4681//4681 4682//4682 4692//4692
f 4682//4682 4693//4693 4692//4692
f 4682//4682 4683//4683 4693//4693
f 4683//4683 4694//4694 4693//4693
f 4683//4683 4684//4684 4694//4694
f 4684//4684 4695//4695 4694//4694
f 4684//4684 4685//4685 4695//4695
f 4685//4685 4696//4696 4695//4695
f 4685//4685 4686//4686 4696//4696
f 4686//4686 4697//4697 4696//4696
f 4686//4686 4687//4687 4697//4697
f 4687//4687 4698//4698 4697//4697
f 4687//4687 4688//4688 4698//4698
f 4688//4688 4699//4699 4698//4698
f 4689//4689 4690//4690 4700//4700
f 4690//4690 4701//4701 4700//4700
f 4690//4690 4691//4691 4701//4701
f 4691//4691 4702//4702 4701//4701
f 4691//4691 4692//4692 4702//4702
f 4692//4692 4703//4703 4702//4702
f 4692//4692 4693//4693 4703//4703
f 4693//4693 4704//4704 4703//4703
f 4693//4693 4694//4694 4704//4704
f 4694//4694 4705//4705 4704//4704
f 4694//4694 4695//4695 4705//4705
f 4695//4695 4706//4706 4705//4705
f 4695//4695 4696//4696 4706//4706
f 4696//4696 4707//4707 4706//4706
f 4696//4696 4697//4697 4707//4707
f 4697//4697 4708//4708 4707//4707
f 4697//4697 4698//4698 4708//4708
f 4698//4698 4709//4709 4708//4708
f 4698//4698 4699//4699 4709//4709
f 4699//4699 4710//4710 4709//4709
f 4700//4700 4701//4701 4711//4711
f 4701//4701 4712//4712 4711//4711
f 4701//4701 4702//4702 4712//4712
f 4702//4702 4713//4713 4712//4712
f 4702//4702 4703//4703 4713//4713
f 4703//4703 4714//4714 4713//4713
f 4703//4703 4704//4704 4714//4714
f 4704//4704 4715//4715 4714//4714
f 4704//4704 4705//4705 4715//4715
f 4705//4705 4716//4716 4715//4715
f 4705//4705 4706//4706 4716//4716
f 4706//4706 4717//4717 4716//4716
f 4706//4706 4707//4707 4717//4717
f 4707//4707 4718//4718 4717//4717
f 4707//4707 4708//4708 4718//4718
f 4708//4708 4719//4719 4718//4718
f 4708//4708 4709//4709 4719//4719
f 4709//4709 4720//4720 4719//4719
f 4709//4709 4710//4710 4720//4720
f 4710//4710 4721//4721 4720//4720
f 4711//4711 4712//4712 4722//4722
f 4712//4712 4723//4723 4722//4722
f 4712//4712 4713//4713 4723//4723
f 4713//4713 4724//4724 4723//4723
f 4713//4713 4714//4714 4724//4724
f 4714//4714 4725//4725 4724//4724
f 4714//4714 4715//4715 4725//4725
f 4715//4715 4726//4726 4725//4725
f 4715//4715 4716//4716 4726//4726
f 4716//4716 4727//4727 4726//4726
f 4716//4716 4717//4717 4727//4727
f 4717//4717 4728//4728 4727//4727
f 4717//4717 4718//4718 4728//4728
f 4718//4718 4729//4729 4728//4728
f 4718//4718 4719//4719 4729//4729
f 4719//4719 4730//4730 4729//4729
f 4719//4719 4720//4720 4730//4730
f 4720//4720 4731//4731 4730//4730
f 4720//4720 4721//4721 4731//4731
f 4721//4721 4732//4732 4731//4731
f 4722//4722 4723//4723 4733//4733
f 4723//4723 4734//4734 4733//4733
f 4723//4723 4724//4724 4734//4734
f 4724//4724 4735//4735 4734//4734
f 4724//4724 4725//4725 4735//4735
f 4725//4725 4736//4736 4735//4735
f 4725//4725 4726//4726 4736//4736
f 4726//4726 4737//4737 4736//4736
f 4726//4726 4727//4727 4737//4737
f 4727//4727 4738//4738 4737//4737
f 4727//4727 4728//4728 4738//4738
f 4728//4728 4739//4739 4738//4738
f 4728//4728 4729//4729 4739//4739
f 4729//4729 4740//4740 4739//4739
f 4729//4729 4730//4730 4740//4740
f 4730//4730 4741//4741 4740//4740
f 4730//4730 4731//4731 4741//4741
f 4731//4731 4742//4742 4741//4741
f 4731//4731 4732//4732 4742//4742
f 4732//4732 4743//4743 4742//4742
f 4733//4733 4734//4734 4744//4744
f 4734//4734 4745//4745 4744//4744
f 4734//4734 4735//4735 4745//4745
f 4735//4735 4746//4746 4745//4745
f 4735//4735 4736//4736 4746//4746
f 4736//4736 4747//4747 4746//4746
f 4736//4736 4737//4737 4747//4747
f 4737//4737 4748//4748 4747//4747
f 4737//4737 4738//4738 4748//4748
f 4738//4738 4749//4749 4748//4748
f 4738//4738 4739//4739 4749//4749
f 4739//4739 4750//4750 4749//4749
f 4739//4739 4740//4740 4750//4750
f 4740//4740 4751//4751 4750//4750
f 4740//4740 4741//4741 4751//4751
f 4741//4741 4752//4752 4751//4751
f 4741//4741 4742//4742 4752//4752
f 4742//4742 4753//4753 4752//4752
f 4742//4742 4743//4743 4753//4753
f 4743//4743 4754//4754 4753//4753
f 4744//4744 4745//4745 4755//4755
f 4745//4745 4756//4756 4755//4755
f 4745//4745 4746//4746 4756//4756
f 4746//4746 4757//4757 4756//4756
f 4746//4746 4747//4747 4757//4757
f 4747//4747 4758//4758 4757//4757
f 4747//4747 4748//4748 4758//4758
f 4748//4748 4759//4759 4758//4758
f 4748//4748 4749//4749 4759//4759
f 4749//4749 4760//4760 4759//4759
f 4749//4749 4750//4750 4760//4760
f 4750//4750 4761//4761 4760//4760
f 4750//4750 4751//4751 4761//4761
f 4751//4751 4762//4762 4761//4761
f 4751//4751 4752//4752 4762//4762
f 4752//4752 4763//4763 4762//4762
f 4752//4752 4753//4753 4763//4763
f 4753//4753 4764//4764 4763//4763
f 4753//4753 4754//4754 4764//4764
f 4754//4754 4765//4765 4764//4764
f 4755//4755 4756//4756 4766//4766
f 4756//4756 4767//4767 4766//4766
f 4756//4756 4757//4757 4767//4767
f 4757//4757 4768//4768 4767//4767
f 4757//4757 4758//4758 4768//4768
f 4758//4758 4769//4769 4768//4768
f 4758//4758 4759//4759 4769//4769
f 4759//4759 4770//4770 4769//4769
f 4759//4759 4760//4760 4770//4770
f 4760//4760 4771//4771 4770//4770
f 4760//4760 4761//4761 4771//4771
f 4761//4761 4772//4772 4771//4771
f 4761//4761 4762//4762 4772//4772
f 4762//4762 4773//4773 4772//4772
f 4762//4762 4763//4763 4773//4773
f 4763//4763 4774//4774 4773//4773
f 4763//4763 4764//4764 4774//4774
f 4764//4764 4775//4775 4774//4774
f 4764//4764 4765//4765 4775//4775
f 4765//4765 4776//4776 4775//4775
f 4766//4766 4767//4767 4777//4777
f 4767//4767 4778//4778 4777//4777
f 4767//4767 4768//4768 4778//4778
f 4768//4768 4779//4779 4778//4778
f 4768//4768 4769//4769 4779//4779
f 4769//4769 4780//4780 4779//4779
f 4769//4769 4770//4770 4780//4780
f 4770//4770 4781//4781 4780//4780
f 4770//4770 4771//4771 4781//4781
f 4771//4771 4782//4782 4781//4781
f 4771//4771 4772//4772 4782//4782
f 4772//4772 4783//4783 4782//4782
f 4772//4772 4773//4773 4783//4783
f 4773//4773 4784//4784 4783//4783
f 4773//4773 4774//4774 4784//4784
f 4774//4774 4785//4785 4784//4784
f 4774//4774 4775//4775 4785//4785
f 4775//4775 4786//4786 4785//4785
f 4775//4775 4776//4776 4786//4786
f 4776//4776 4787//4787 4786//4786
f 4777//4777 4778//4778 4788//4788
f 4778//4778 4789//4789 4788//4788
f 4778//4778 4779//4779 4789//4789
f 4779//4779 4790//4790 4789//4789
f 4779//4779 4780//4780 4790//4790
f 4780//4780 4791//4791 4790//4790
f 4780//4780 4781//4781 4791//4791
f 4781//4781 4792//4792 4791//4791
f 4781//4781 4782//4782 4792//4792
f 4782//4782 4793//4793 4792//4792
f 4782//4782 4783//4783 4793//4793
f 4783//4783 4794//4794 4793//4793
f 4783//4783 4784//4784 4794//4794
f 4784//4784 4795//4795 4794//4794
f 4784//4784 4785//4785 4795//4795
f 4785//4785 4796//4796 4795//4795
f 4785//4785 4786//4786 4796//4796
f 4786//4786 4797//4797 4796//4796
f 4786//4786 4787//4787 4797//4797
f 4787//4787 4798//4798 4797//4797
f 4788//4788 4789//4789 4799//4799
f 4789//4789 4800//4800 4799//4799
f 4789//4789 4790//4790 4800//4800
f 4790//4790 4801//4801 4800//4800
f 4790//4790 4791//4791 4801//4801
f 4791//4791 4802//4802 4801//4801
f 4791//4791 4792//4792 4802//4802
f 4792//4792 4803//4803 4802//4802
f 4792//4792 4793//4793 4803//4803
f 4793//4793 4804//4804 4803//4803
f 4793//4793 4794//4794 4804//4804
f 4794//4794 4805//4805 4804//4804
f 4794//4794 4795//4795 4805//4805
f 4795//4795 4806//4806 4805//4805
f 4795//4795 4796//4796 4806//4806
f 4796//4796 4807//4807 4806//4806
f 4796//4796 4797//4797 4807//4807
f 4797//4797 4808//4808 4807//4807
f 4797//4797 4798//4798 4808//4808
f 4798//4798 4809//4809 4808//4808
f 4799//4799 4800//4800 4810//4810
f 4800//4800 4811//4811 4810//4810
f 4800//4800 4801//4801 4811//4811
f 4801//4801 4812//4812 4811//4811
f 4801//4801 4802//4802 4812//4812
f 4802//4802 4813//4813 4812//4812
f 4802//4802 4803//4803 4813//4813
f 4803//4803 4814//4814 4813//4813
f 4803//4803 4804//4804 4814//4814
f 4804//4804 4815//4815 4814//4814
f 4804//4804 4805//4805 4815//4815
f 4805//4805 4816//4816 4815//4815
f 4805//4805 4806//4806 4816//4816
f 4806//4806 4817//4817 4816//4816
f 4806//4806 4807//4807 4817//4817
f 4807//4807 4818//4818 4817//4817
f 4807//4807 4808//4808 4818//4818
f 4808//4808 4819//4819 4818//4818
f 4808//4808 4809//4809 4819//4819
f 4809//4809 4820//4820 4819//4819
f 4810//4810 4811//4811 4821//4821
f 4811//4811 4822//4822 4821//4821
f 4811//4811 4812//4812 4822//4822
f 4812//4812 4823//4823 4822//4822
f 4812//4812 4813//4813 4823//4823
f 4813//4813 4824//4824 4823//4823
f 4813//4813 4814//4814 4824//4824
f 4814//4814 4825//4825 4824//4824
f 4814//4814 4815//4815 4825//4825
f 4815//4815 4826//4826 4825//4825
f 4815//4815 4816//4816 4826//4826
f 4816//4816 4827//4827 4826//4826
f 4816//4816 4817//4817 4827//4827
f 4817//4817 4828//4828 4827//4827
f 4817//4817 4818//4818 4828//4828
f 4818//4818 4829//4829 4828//4828
f 4818//4818 4819//4819 4829//4829
f 4819//4819 4830//4830 4829//4829
f 4819//4819 4820//4820 4830//4830
f 4820//4820 4831//4831 4830//4830
f 4821//4821 4822//4822 4832//4832
f 4822//4822 4833//4833 4832//4832
f 4822//4822 4823//4823 4833//4833
f 4823//4823 4834//4834 4833//4833
f 4823//4823 4824//4824 4834//4834
f 4824//4824 4835//4835 4834//4834
f 4824//4824 4825//4825 4835//4835
f 4825//4825 4836//4836 4835//4835
f 4825//4825 4826//4826 4836//4836
f 4826//4826 4837//4837 4836//4836
f 4826//4826 4827//4827 4837//4837
f 4827//4827 4838//4838 4837//4837
f 4827//4827 4828//4828 4838//4838
f 4828//4828 4839//4839 4838//4838
f 4828//4828 4829//4829 4839//4839
f 4829//4829 4840//4840 4839//4839
f 4829//4829 4830//4830 4840//4840
f 4830//4830 4841//4841 4840//4840
f 4830//4830 4831//4831 4841//4841
f 4831//4831 4842//4842 4841//4841
f 4832//4832 4833//4833 4843//4843
f 4833//4833 4844//4844 4843//4843
f 4833//4833 4834//4834 4844//4844
f 4834//4834 4845//4845 4844//4844
f 4834//4834 4835//4835 4845//4845
f 4835//4835 4846//4846 4845//4845
f 4835//4835 4836//4836 4846//4846
f 4836//4836 4847//4847 4846//4846
f 4836//4836 4837//4837 4847//4847
f 4837//4837 4848//4848 4847//4847
f 4837//4837 4838//4838 4848//4848
f 4838//4838 4849//4849 4848//4848
f 4838//4838 4839//4839 4849//4849
f 4839//4839 4850//4850 4849//4849
f 4839//4839 4840//4840 4850//4850
f 4840//4840 4851//4851 4850//4850
f 4840//4840 4841//4841 4851//4851
f 4841//4841 4852//4852 4851//4851
f 4841//4841 4842//4842 4852//4852
f 4842//4842 4853//4853 4852//4852
f 4843//4843 4844//4844 4854//4854
f 4844//4844 4855//4855 4854//4854
f 4844//4844 4845//4845 4855//4855
f 4845//4845 4856//4856 4855//4855
f 4845//4845 4846//4846 4856//4856
f 4846//4846 4857//4857 4856//4856
f 4846//4846 4847//4847 4857//4857
f 4847//4847 4858//4858 4857//4857
f 4847//4847 4848//4848 4858//4858
f 4848//4848 4859//4859 4858//4858
f 4848//4848 4849//4849 4859//4859
f 4849//4849 4860//4860 4859//4859
f 4849//4849 4850//4850 4860//4860
f 4850//4850 4861//4861 4860//4860
f 4850//4850 4851//4851 4861//4861
f 4851//4851 4862//4862 4861//4861
f 4851//4851 4852//4852 4862//4862
f 4852//4852 4863//4863 4862//4862
f 4852//4852 4853//4853 4863//4863
f 4853//4853 4864//4864 4863//4863
f 4854//4854 4855//4855 4865//4865
f 4855//4855 4866//4866 4865//4865
f 4855//4855 4856//4856 4866//4866
f 4856//4856 4867//4867 4866//4866
f 4856//4856 4857//4857 4867//4867
f 4857//4857 4868//4868 4867//4867
f 4857//4857 4858//4858 4868//4868
f 4858//4858 4869//4869 4868//4868
f 4858//4858 4859//4859 4869//4869
f 4859//4859 4870//4870 4869//4869
f 4859//4859 4860//4860 4870//4870
f 4860//4860 4871//4871 4870//4870
f 4860//4860 4861//4861 4871//4871
f 4861//4861 4872//4872 4871//4871
f 4861//4861 4862//4862 4872//4872
f 4862//4862 4873//4873 4872//4872
f 4862//4862 4863//4863 4873//4873
f 4863//4863 4874//4874 4873//4873
f 4863//4863 4864//4864 4874//4874
f 4864//4864 4875//4875 4874//4874
f 4865//4865 4866//4866 4876//4876
f 4866//4866 4877//4877 4876//4876
f 4866//4866 4867//4867 4877//4877
f 4867//4867 4878//4878 4877//4877
f 4867//4867 4868//4868 4878//4878
f 4868//4868 4879//4879 4878//4878
f 4868//4868 4869//4869 4879//4879
f 4869//4869 4880//4880 4879//4879
f 4869//4869 4870//4870 4880//4880
f 4870//4870 4881//4881 4880//4880
f 4870//4870 4871//4871 4881//4881
f 4871//4871 4882//4882 4881//4881
f 4871//4871 4872//4872 4882//4882
f 4872//4872 4883//4883 4882//4882
f 4872//4872 4873//4873 4883//4883
f 4873//4873 4884//4884 4883//4883
f 4873//4873 4874//4874 4884//4884
f 4874//4874 4885//4885 4884//4884
f 4874//4874 4875//4875 4885//4885
f 4875//4875 4886//4886 4885//4885
f 4876//4876 4877//4877 4887//4887
f 4877//4877 4888//4888 4887//4887
f 4877//4877 4878//4878 4888//4888
f 4878//4878 4889//4889 4888//4888
f 4878//4878 4879//4879 4889//4889
f 4879//4879 4890//4890 4889//4889
f 4879//4879 4880//4880 4890//4890
f 4880//4880 4891//4891 4890//4890
f 4880//4880 4881//4881 4891//4891
f 4881//4881 4892//4892 4891//4891
f 4881//4881 4882//4882 4892//4892
f 4882//4882 4893//4893 4892//4892
f 4882//4882 4883//4883 4893//4893
f 4883//4883 4894//4894 4893//4893
f 4883//4883 4884//4884 4894//4894
f 4884//4884 4895//4895 4894//4894
f 4884//4884 4885//4885 4895//4895
f 4885//4885 4896//4896 4895//4895
f 4885//4885 4886//4886 4896//4896
f 4886//4886 4897//4897 4896//4896
f 4887//4887 4888//4888 4898//4898
f 4888//4888 4899//4899 4898//4898
f 4888//4888 4889//4889 4899//4899
f 4889//4889 4900//4900 4899//4899
f 4889//4889 4890//4890 4900//4900
f 4890//4890 4901//4901 4900//4900
f 4890//4890 4891//4891 4901//4901
f 4891//4891 4902//4902 4901//4901
f 4891//4891 4892//4892 4902//4902
f 4892//4892 4903//4903 4902//4902
f 4892//4892 4893//4893 4903//4903
f 4893//4893 4904//4904 4903//4903
f 4893//4893 4894//4894 4904//4904
f 4894//4894 4905//4905 4904//4904
f 4894//4894 4895//4895 4905//4905
f 4895//4895 4906//4906 4905//4905
f 4895//4895 4896//4896 4906//4906
f 4896//4896 4907//4907 4906//4906
f 4896//4896 4897//4897 4907//4907
f 4897//4897 4908//4908 4907//4907
f 4898//4898 4899//4899 4909//4909
f 4899//4899 4910//4910 4909//4909
f 4899//4899 4900//4900 4910//4910
f 4900//4900 4911//4911 4910//4910
f 4900//4900 4901//4901 4911//4911
f 4901//4901 4912//4912 4911//4911
f 4901//4901 4902//4902 4912//4912
f 4902//4902 4913//4913 4912//4912
f 4902//4902 4903//4903 4913//4913
f 4903//4903 4914//4914 4913//4913
f 4903//4903 4904//4904 4914//4914
f 4904//4904 4915//4915 4914//4914
f 4904//4904 4905//4905 4915//4915
f 4905//4905 4916//4916 4915//4915
f 4905//4905 4906//4906 4916//4916
f 4906//4906 4917//4917 4916//4916
f 4906//4906 4907//4907 4917//4917
f 4907//4907 4918//4918 4917//4917
f 4907//4907 4908//4908 4918//4918
f 4908//4908 4919//4919 4918//4918
f 4909//4909 4910//4910 4920//4920
f 4910//4910 4921//4921 4920//4920
f 4910//4910 4911//4911 4921//4921
f 4911//4911 4922//4922 4921//4921
f 4911//4911 4912//4912 4922//4922
f 4912//4912 4923//4923 4922//4922
f 4912//4912 4913//4913 4923//4923
f 4913//4913 4924//4924 4923//4923
f 4913//4913 4914//4914 4924//4924
f 4914//4914 4925//4925 4924//4924
f 4914//4914 4915//4915 4925//4925
f 4915//4915 4926//4926 4925//4925
f 4915//4915 4916//4916 4926//4926
f 4916//4916 4927//4927 4926//4926
f 4916//4916 4917//4917 4927//4927
f 4917//4917 4928//4928 4927//4927
f 4917//4917 4918//4918 4928//4928
f 4918//4918 4929//4929 4928//4928
f 4918//4918 4919//4919 4929//4929
f 4919//4919 4930//4930 4929//4929
f 4920//4920 4921//4921 4931//4931
f 4921//4921 4932//4932 4931//4931
f 4921//4921 4922//4922 4932//4932
f 4922//4922 4933//4933 4932//4932
f 4922//4922 4923//4923 4933//4933
f 4923//4923 4934//4934 4933//4933
f 4923//4923 4924//4924 4934//4934
f 4924//4924 4935//4935 4934//4934
f 4924//4924 4925//4925 4935//4935
f 4925//4925 4936//4936 4935//4935
f 4925//4925 4926//4926 4936//4936
f 4926//4926 4937//4937 4936//4936
f 4926//4926 4927//4927 4937//4937
f 4927//4927 4938//4938 4937//4937
f 4927//4927 4928//4928 4938//4938
f 4928//4928 4939//4939 4938//4938
f 4928//4928 4929//4929 4939//4939
f 4929//4929 4940//4940 4939//4939
f 4929//4929 4930//4930 4940//4940
f 4930//4930 4941//4941 4940//4940
f 4931//4931 4932//4932 4942//4942
f 4932//4932 4943//4943 4942//4942
f 4932//4932 4933//4933 4943//4943
f 4933//4933 4944//4944 4943//4943
f 4933//4933 4934//4934 4944//4944
f 4934//4934 4945//4945 4944//4944
f 4934//4934 4935//4935 4945//4945
f 4935//4935 4946//4946 4945//4945
f 4935//4935 4936//4936 4946//4946
f 4936//4936 4947//4947 4946//4946
f 4936//4936 4937//4937 4947//4947
f 4937//4937 4948//4948 4947//4947
f 4937//4937 4938//4938 4948//4948
f 4938//4938 4949//4949 4948//4948
f 4938//4938 4939//4939 4949//4949
f 4939//4939 4950//4950 4949//4949
f 4939//4939 4940//4940 4950//4950
f 4940//4940 4951//4951 4950//4950
f 4940//4940 4941//4941 4951//4951
f 4941//4941 4952//4952 4951//4951
f 4942//4942 4943//4943 4953//4953
f 4943//4943 4954//4954 4953//4953
f 4943//4943 4944//4944 4954//4954
f 4944//4944 4955//4955 4954//4954
f 4944//4944 4945//4945 4955//4955
f 4945//4945 4956//4956 4955//4955
f 4945//4945 4946//4946 4956//4956
f 4946//4946 4957//4957 4956//4956
f 4946//4946 4947//4947 4957//4957
f 4947//4947 4958//4958 4957//4957
f 4947//4947 4948//4948 4958//4958
f 4948//4948 4959//4959 4958//4958
f 4948//4948 4949//4949 4959//4959
f 4949//4949 4960//4960 4959//4959
f 4949//4949 4950//4950 4960//4960
f 4950//4950 4961//4961 4960//4960
f 4950//4950 4951//4951 4961//4961
f 4951//4951 4962//4962 4961//4961
f 4951//4951 4952//4952 4962//4962
f 4952//4952 4963//4963 4962//4962
f 4953//4953 4954//4954 4964//4964
f 4954//4954 4965//4965 4964//4964
f 4954//4954 4955//4955 4965//4965
f 4955//4955 4966//4966 4965//4965
f 4955//4955 4956//4956 4966//4966
f 4956//4956 4967//4967 4966//4966
f 4956//4956 4957//4957 4967//4967
f 4957//4957 4968//4968 4967//4967
f 4957//4957 4958//4958 4968//4968
f 4958//4958 4969//4969 4968//4968
f 4958//4958 4959//4959 4969//4969
f 4959//4959 4970//4970 4969//4969
f 4959//4959 4960//4960 4970//4970
f 4960//4960 4971//4971 4970//4970
f 4960//4960 4961//4961 4971//4971
f 4961//4961 4972//4972 4971//4971
f 4961//4961 4962//4962 4972//4972
f 4962//4962 4973//4973 4972//4972
f 4962//4962 4963//4963 4973//4973
f 4963//4963 4974//4974 4973//4973
f 4964//4964 4965//4965 4975//4975
f 4965//4965 4976//4976 4975//4975
f 4965//4965 4966//4966 4976//4976
f 4966//4966 4977//4977 4976//4976
f 4966//4966 4967//4967 4977//4977
f 4967//4967 4978//4978 4977//4977
f 4967//4967 4968//4968 4978//4978
f 4968//4968 4979//4979 4978//4978
f 4968//4968 4969//4969 4979//4979
f 4969//4969 4980//4980 4979//4979
f 4969//4969 4970//4970 4980//4980
f 4970//4970 4981//4981 4980//4980
f 4970//4970 4971//4971 4981//4981
f 4971//4971 4982//4982 4981//4981
f 4971//4971 4972//4972 4982//4982
f 4972//4972 4983//4983 4982//4982
f 4972//4972 4973//4973 4983//4983
f 4973//4973 4984//4984 4983//4983
f 4973//4973 4974//4974 4984//4984
f 4974//4974 4985//4985 4984//4984
f 4975//4975 4976//4976 4986//4986
f 4976//4976 4987//4987 4986//4986
f 4976//4976 4977//4977 4987//4987
f 4977//4977 4988//4988 4987//4987
f 4977//4977 4978//4978 4988//4988
f 4978//4978 4989//4989 4988//4988
f 4978//4978 4979//4979 4989//4989
f 4979//4979 4990//4990 4989//4989
f 4979//4979 4980//4980 4990//4990
f 4980//4980 4991//4991 4990//4990
f 4980//4980 4981//4981 4991//4991
f 4981//4981 4992//4992 4991//4991
f 4981//4981 4982//4982 4992//4992
f 4982//4982 4993//4993 4992//4992
f 4982//4982 4983//4983 4993//4993
f 4983//4983 4994//4994 4993//4993
f 4983//4983 4984//4984 4994//4994
f 4984//4984 4995//4995 4994//4994
f 4984//4984 4985//4985 4995//4995
f 4985//4985 4996//4996 4995//4995
f 4986//4986 4987//4987 4997//4997
f 4987//4987 4998//4998 4997//4997
f 4987//4987 4988//4988 4998//4998
f 4988//4988 4999//4999 4998//4998
f 4988//4988 4989//4989 4999//4999
f 4989//4989 5000//5000 4999//4999
f 4989//4989 4990//4990 5000//5000
f 4990//4990 5001//5001 5000//5000
f 4990//4990 4991//4991 5001//5001
f 4991//4991 5002//5002 5001//5001
f 4991//4991 4992//4992 5002//5002
f 4992//4992 5003//5003 5002//5002
f 4992//4992 4993//4993 5003//5003
f 4993//4993 5004//5004 5003//5003
f 4993//4993 4994//4994 5004//5004
f 4994//4994 5005//5005 5004//5004
f 4994//4994 4995//4995 5005//5005
f 4995//4995 5006//5006 5005//5005
f 4995//4995 4996//4996 5006//5006
f 4996//4996 5007//5007 5006//5006
f 4997//4997 4998//4998 5008//5008
f 4998//4998 5009//5009 5008//5008
f 4998//4998 4999//4999 5009//5009
f 4999//4999 5010//5010 5009//5009
f 4999//4999 5000//5000 5010//5010
f 5000//5000 5011//5011 5010//5010
f 5000//5000 5001//5001 5011//5011
f 5001//5001 5012//5012 5011//5011
f 5001//5001 5002//5002 5012//5012
f 5002//5002 5013//5013 5012//5012
f 5002//5002 5003//5003 5013//5013
f 5003//5003 5014//5014 5013//5013
f 5003//5003 5004//5004 5014//5014
f 5004//5004 5015//5015 5014//5014
f 5004//5004 5005//5005 5015//5015
f 5005//5005 5016//5016 5015//5015
f 5005//5005 5006//5006 5016//5016
f 5006//5006 5017//5017 5016//5016
f 5006//5006 5007//5007 5017//5017
f 5007//5007 5018//5018 5017//5017
f 5008//5008 5009//5009 5019//5019
f 5009//5009 5020//5020 5019//5019
f 5009//5009 5010//5010 5020//5020
f 5010//5010 5021//5021 5020//5020
f 5010//5010 5011//5011 5021//5021
f 5011//5011 5022//5022 5021//5021
f 5011//5011 5012//5012 5022//5022
f 5012//5012 5023//5023 5022//5022
f 5012//5012 5013//5013 5023//5023
f 5013//5013 5024//5024 5023//5023
f 5013//5013 5014//5014 5024//5024
f 5014//5014 5025//5025 5024//5024
f 5014//5014 5015//5015 5025//5025
f 5015//5015 5026//5026 5025//5025
f 5015//5015 5016//5016 5026//5026
f 5016//5016 5027//5027 5026//5026
f 5016//5016 5017//5017 5027//5027
f 5017//5017 5028//5028 5027//5027
f 5017//5017 5018//5018 5028//5028
f 5018//5018 5029//5029 5028//5028
f 5030//5030 5031//5031 5041//5041
f 5031//5031 5042//5042 5041//5041
f 5031//5031 5032//5032 5042//5042
f 5032//5032 5043//5043 5042//5042
f 5032//5032 5033//5033 5043//5043
f 5033//5033 5044//5044 5043//5043
f 5033//5033 5034//5034 5044//5044
f 5034//5034 5045//5045 5044//5044
f 5034//5034 5035//5035 5045//5045
f 5035//5035 5046//5046 5045//5045
f 5035//5035 5036//5036 5046//5046
f 5036//5036 5047//5047 5046//5046
f 5036//5036 5037//5037 5047//5047
f 5037//5037 5048//5048 5047//5047
f 5037//5037 5038//5038 5048//5048
f 5038//5038 5049//5049 5048//5048
f 5038//5038 5039//5039 5049//5049
f 5039//5039 5050//5050 5049//5049
f 5039//5039 5040//5040 5050//5050
f 5040//5040 5051//5051 5050//5050
f 5041//5041 5042//5042 5052//5052
f 5042//5042 5053//5053 5052//5052
f 5042//5042 5043//5043 5053//5053
f 5043//5043 5054//5054 5053//5053
f 5043//5043 5044//5044 5054//5054
f 5044//5044 5055//5055 5054//5054
f 5044//5044 5045//5045 5055//5055
f 5045//5045 5056//5056 5055//5055
f 5045//5045 5046//5046 5056//5056
f 5046//5046 5057//5057 5056//5056
f 5046//5046 5047//5047 5057//5057
f 5047//5047 5058//5058 5057//5057
f 5047//5047 5048//5048 5058//5058
f 5048//5048 5059//5059 5058//5058
f 5048//5048 5049//5049 5059//5059
f 5049//5049 5060//5060 5059//5059
f 5049//5049 5050//5050 5060//5060
f 5050//5050 5061//5061 5060//5060
f 5050//5050 5051//5051 5061//5061
f 5051//5051 5062//5062 5061//5061
f 5052//5052 5053//5053 5063//5063
f 5053//5053 5064//5064 5063//5063
f 5053//5053 5054//5054 5064//5064
f 5054//5054 5065//5065 5064//5064
f 5054//5054 5055//5055 5065//5065
f 5055//5055 5066//5066 5065//5065
f 5055//5055 5056//5056 5066//5066
f 5056//5056 5067//5067 5066//5066
f 5056//5056 5057//5057 5067//5067
f 5057//5057 5068//5068 5067//5067
f 5057//5057 5058//5058 5068//5068
f 5058//5058 5069//5069 5068//5068
f 5058//5058 5059//5059 5069//5069
f 5059//5059 5070//5070 5069//5069
f 5059//5059 5060//5060 5070//5070
f 5060//5060 5071//5071 5070//5070
f 5060//5060 5061//5061 5071//5071
f 5061//5061 5072//5072 5071//5071
f 5061//5061 5062//5062 5072//5072
f 5062//5062 5073//5073 5072//5072
f 5063//5063 5064//5064 5074//5074
f 5064//5064 5075//5075 5074//5074
f 5064//5064 5065//5065 5075//5075
f 5065//5065 5076//5076 5075//5075
f 5065//5065 5066//5066 5076//5076
f 5066//5066 5077//5077 5076//5076
f 5066//5066 5067//5067 5077//5077
f 5067//5067 5078//5078 5077//5077
f 5067//5067 5068//5068 5078//5078
f 5068//5068 5079//5079 5078//5078
f 5068//5068 5069//5069 5079//5079
f 5069//5069 5080//5080 5079//5079
f 5069//5069 5070//5070 5080//5080
f 5070//5070 5081//5081 5080//5080
f 5070//5070 5071//5071 5081//5081
f 5071//5071 5082//5082 5081//5081
f 5071//5071 5072//5072 5082//5082
f 5072//5072 5083//5083 5082//5082
f 5072//5072 5073//5073 5083//5083
f 5073//5073 5084//5084 5083//5083
f 5074//5074 5075//5075 5085//5085
f 5075//5075 5086//5086 5085//5085
f 5075//5075 5076//5076 5086//5086
f 5076//5076 5087//5087 5086//5086
f 5076//5076 5077//5077 5087//5087
f 5077//5077 5088//5088 5087//5087
f 5077//5077 5078//5078 5088//5088
f 5078//5078 5089//5089 5088//5088
f 5078//5078 5079//5079 5089//5089
f 5079//5079 5090//5090 5089//5089
f 5079//5079 5080//5080 5090//5090
f 5080//5080 5091//5091 5090//5090
f 5080//5080 5081//5081 5091//5091
f 5081//5081 5092//5092 5091//5091
f 5081//5081 5082//5082 5092//5092
f 5082//5082 5093//5093 5092//5092
f 5082//5082 5083//5083 5093//5093
f 5083//5083 5094//5094 5093//5093
f 5083//5083 5084//5084 5094//5094
f 5084//5084 5095//5095 5094//5094
f 5085//5085 5086//5086 5096//5096
f 5086//5086 5097//5097 5096//5096
f 5086//5086 5087//5087 5097//5097
f 5087//5087 5098//5098 5097//5097
f 5087//5087 5088//5088 5098//5098
f 5088//5088 5099//5099 5098//5098
f 5088//5088 5089//5089 5099//5099
f 5089//5089 5100//5100 5099//5099
f 5089//5089 5090//5090 5100//5100
f 5090//5090 5101//5101 5100//5100
f 5090//5090 5091//5091 5101//5101
f 5091//5091 5102//5102 5101//5101
f 5091//5091 5092//5092 5102//5102
f 5092//5092 5103//5103 5102//5102
f 5092//5092 5093//5093 5103//5103
f 5093//5093 5104//5104 5103//5103
f 5093//5093 5094//5094 5104//5104
f 5094//5094 5105//5105 5104//5104
f 5094//5094 5095//5095 5105//5105
f 5095//5095 5106//5106 5105//5105
f 5096//5096 5097//5097 5107//5107
f 5097//5097 5108//5108 5107//5107
f 5097//5097 5098//5098 5108//5108
f 5098//5098 5109//5109 5108//5108
f 5098//5098 5099//5099 5109//5109
f 5099//5099 5110//5110 5109//5109
f 5099//5099 5100//5100 5110//5110
f 5100//5100 5111//5111 5110//5110
f 5100//5100 5101//5101 5111//5111
f 5101//5101 5112//5112 5111//5111
f 5101//5101 5102//5102 5112//5112
f 5102//5102 5113//5113 5112//5112
f 5102//5102 5103//5103 5113//5113
f 5103//5103 5114//5114 5113//5113
f 5103//5103 5104//5104 5114//5114
f 5104//5104 5115//5115 5114//5114
f 5104//5104 5105//5105 5115//5115
f 5105//5105 5116//5116 5115//5115
f 5105//5105 5106//5106 5116//5116
f 5106//5106 5117//5117 5116//5116
f 5107//5107 5108//5108 5118//5118
f 5108//5108 5119//5119 5118//5118
f 5108//5108 5109//5109 5119//5119
f 5109//5109 5120//5120 5119//5119
f 5109//5109 5110//5110 5120//5120
f 5110//5110 5121//5121 5120//5120
f 5110//5110 5111//5111 5121//5121
f 5111//5111 5122//5122 5121//5121
f 5111//5111 5112//5112 5122//5122
f 5112//5112 5123//5123 5122//5122
f 5112//5112 5113//5113 5123//5123
f 5113//5113 5124//5124 5123//5123
f 5113//5113 5114//5114 5124//5124
f 5114//5114 5125//5125 5124//5124
f 5114//5114 5115//5115 5125//5125
f 5115//5115 5126//5126 5125//5125
f 5115//5115 5116//5116 5126//5126
f 5116//5116 5127//5127 5126//5126
f 5116//5116 5117//5117 5127//5127
f 5117//5117 5128//5128 5127//5127
f 5118//5118 5119//5119 5129//5129
f 5119//5119 5130//5130 5129//5129
f 5119//5119 5120//5120 5130//5130
f 5120//5120 5131//5131 5130//5130
f 5120//5120 5121//5121 5131//5131
f 5121//5121 5132//5132 5131//5131
f 5121//5121 5122//5122 5132//5132
f 5122//5122 5133//5133 5132//5132
f 5122//5122 5123//5123 5133//5133
f 5123//5123 5134//5134 5133//5133
f 5123//5123 5124//5124 5134//5134
f 5124//5124 5135//5135 5134//5134
f 5124//5124 5125//5125 5135//5135
f 5125//5125 5136//5136 5135//5135
f 5125//5125 5126//5126 5136//5136
f 5126//5126 5137//5137 5136//5136
f 5126//5126 5127//5127 5137//5137
f 5127//5127 5138//5138 5137//5137
f 5127//5127 5128//5128 5138//5138
f 5128//5128 5139//5139 5138//5138
f 5129//5129 5130//5130 5140//5140
f 5130//5130 5141//5141 5140//5140
f 5130//5130 5131//5131 5141//5141
f 5131//5131 5142//5142 5141//5141
f 5131//5131 5132//5132 5142//5142
f 5132//5132 5143//5143 5142//5142
f 5132//5132 5133//5133 5143//5143
f 5133//5133 5144//5144 5143//5143
f 5133//5133 5134//5134 5144//5144
f 5134//5134 5145//5145 5144//5144
f 5134//5134 5135//5135 5145//5145
f 5135//5135 5146//5146 5145//5145
f 5135//5135 5136//5136 5146//5146
f 5136//5136 5147//5147 5146//5146
f 5136//5136 5137//5137 5147//5147
f 5137//5137 5148//5148 5147//5147
f 5137//5137 5138//5138 5148//5148
f 5138//5138 5149//5149 5148//5148
f 5138//5138 5139//5139 5149//5149
f 5139//5139 5150//5150 5149//5149
f 5140//5140 5141//5141 5151//5151
f 5141//5141 5152//5152 5151//5151
f 5141//5141 5142//5142 5152//5152
f 5142//5142 5153//5153 5152//5152
f 5142//5142 5143//5143 5153//5153
f 5143//5143 5154//5154 5153//5153
f 5143//5143 5144//5144 5154//5154
f 5144//5144 5155//5155 5154//5154
f 5144//5144 5145//5145 5155//5155
f 5145//5145 5156//5156 5155//5155
f 5145//5145 5146//5146 5156//5156
f 5146//5146 5157//5157 5156//5156
f 5146//5146 5147//5147 5157//5157
f 5147//5147 5158//5158 5157//5157
f 5147//5147 5148//5148 5158//5158
f 5148//5148 5159//5159 5158//5158
f 5148//5148 5149//5149 5159//5159
f 5149//5149 5160//5160 5159//5159
f 5149//5149 5150//5150 5160//5160
f 5150//5150 5161//5161 5160//5160
f 5151//5151 5152//5152 5162//5162
f 5152//5152 5163//5163 5162//5162
f 5152//5152 5153//5153 5163//5163
f 5153//5153 5164//5164 5163//5163
f 5153//5153 5154//5154 5164//5164
f 5154//5154 5165//5165 5164//5164
f 5154//5154 5155//5155 5165//5165
f 5155//5155 5166//5166 5165//5165
f 5155//5155 5156//5156 5166//5166
f 5156//5156 5167//5167 5166//5166
f 5156//5156 5157//5157 5167//5167
f 5157//5157 5168//5168 5167//5167
f 5157//5157 5158//5158 5168//5168
f 5158//5158 5169//5169 5168//5168
f 5158//5158 5159//5159 5169//5169
f 5159//5159 5170//5170 5169//5169
f 5159//5159 5160//5160 5170//5170
f 5160//5160 5171//5171 5170//5170
f 5160//5160 5161//5161 5171//5171
f 5161//5161 5172//5172 5171//5171
f 5162//5162 5163//5163 5173//5173
f 5163//5163 5174//5174 5173//5173
f 5163//5163 5164//5164 5174//5174
f 5164//5164 5175//5175 5174//5174
f 5164//5164 5165//5165 5175//5175
f 5165//5165 5176//5176 5175//5175
f 5165//5165 5166//5166 5176//5176
f 5166//5166 5177//5177 5176//5176
f 5166//5166 5167//5167 5177//5177
f 5167//5167 5178//5178 5177//5177
f 5167//5167 5168//5168 5178//5178
f 5168//5168 5179//5179 5178//5178
f 5168//5168 5169//5169 5179//5179
f 5169//5169 5180//5180 5179//5179
f 5169//5169 5170//5170 5180//5180
f 5170//5170 5181//5181 5180//5180
f 5170//5170 5171//5171 5181//5181
f 5171//5171 5182//5182 5181//5181
f 5171//5171 5172//5172 5182//5182
f 5172//5172 5183//5183 5182//5182
f 5173//5173 5174//5174 5184//5184
f 5174//5174 5185//5185 5184//5184
f 5174//5174 5175//5175 5185//5185
f 5175//5175 5186//5186 5185//5185
f 5175//5175 5176//5176 5186//5186
f 5176//5176 5187//5187 5186//5186
f 5176//5176 5177//5177 5187//5187
f 5177//5177 5188//5188 5187//5187
f 5177//5177 5178//5178 5188//5188
f 5178//5178 5189//5189 5188//5188
f 5178//5178 5179//5179 5189//5189
f 5179//5179 5190//5190 5189//5189
f 5179//5179 5180//5180 5190//5190
f 5180//5180 5191//5191 5190//5190
f 5180//5180 5181//5181 5191//5191
f 5181//5181 5192//5192 5191//5191
f 5181//5181 5182//5182 5192//5192
f 5182//5182 5193//5193 5192//5192
f 5182//5182 5183//5183 5193//5193
f 5183//5183 5194//5194 5193//5193
f 5184//5184 5185//5185 5195//5195
f 5185//5185 5196//5196 5195//5195
f 5185//5185 5186//5186 5196//5196
f 5186//5186 5197//5197 5196//5196
f 5186//5186 5187//5187 5197//5197
f 5187//5187 5198//5198 5197//5197
f 5187//5187 5188//5188 5198//5198
f 5188//5188 5199//5199 5198//5198
f 5188//5188 5189//5189 5199//5199
f 5189//5189 5200//5200 5199//5199
f 5189//5189 5190//5190 5200//5200
f 5190//5190 5201//5201 5200//5200
f 5190//5190 5191//5191 5201//5201
f 5191//5191 5202//5202 5201//5201
f 5191//5191 5192//5192 5202//5202
f 5192//5192 5203//5203 5202//5202
f 5192//5192 5193//5193 5203//5203
f 5193//5193 5204//5204 5203//5203
f 5193//5193 5194//5194 5204//5204
f 5194//5194 5205//5205 5204//5204
f 5195//5195 5196//5196 5206//5206
f 5196//5196 5207//5207 5206//5206
f 5196//5196 5197//5197 5207//5207
f 5197//5197 5208//5208 5207//5207
f 5197//5197 5198//5198 5208//5208
f 5198//5198 5209//5209 5208//5208
f 5198//5198 5199//5199 5209//5209
f 5199//5199 5210//5210 5209//5209
f 5199//5199 5200//5200 5210//5210
f 5200//5200 5211//5211 5210//5210
f 5200//5200 5201//5201 5211//5211
f 5201//5201 5212//5212 5211//5211
f 5201//5201 5202//5202 5212//5212
f 5202//5202 5213//5213 5212//5212
f 5202//5202 5203//5203 5213//5213
f 5203//5203 5214//5214 5213//5213
f 5203//5203 5204//5204 5214//5214
f 5204//5204 5215//5215 5214//5214
f 5204//5204 5205//5205 5215//5215
f 5205//5205 5216//5216 5215//5215
f 5206//5206 5207//5207 5217//5217
f 5207//5207 5218//5218 5217//5217
f 5207//5207 5208//5208 5218//5218
f 5208//5208 5219//5219 5218//5218
f 5208//5208 5209//5209 5219//5219
f 5209//5209 5220//5220 5219//5219
f 5209//5209 5210//5210 5220//5220
f 5210//5210 5221//5221 5220//5220
f 5210//5210 5211//5211 5221//5221
f 5211//5211 5222//5222 5221//5221
f 5211//5211 5212//5212 5222//5222
f 5212//5212 5223//5223 5222//5222
f 5212//5212 5213//5213 5223//5223
f 5213//5213 5224//5224 5223//5223
f 5213//5213 5214//5214 5224//5224
f 5214//5214 5225//5225 5224//5224
f 5214//5214 5215//5215 5225//5225
f 5215//5215 5226//5226 5225//5225
f 5215//5215 5216//5216 5226//5226
f 5216//5216 5227//5227 5226//5226
f 5217//5217 5218//5218 5228//5228
f 5218//5218 5229//5229 5228//5228
f 5218//5218 5219//5219 5229//5229
f 5219//5219 5230//5230 5229//5229
f 5219//5219 5220//5220 5230//5230
f 5220//5220 5231//5231 5230//5230
f 5220//5220 5221//5221 5231//5231
f 5221//5221 5232//5232 5231//5231
f 5221//5221 5222//5222 5232//5232
f 5222//5222 5233//5233 5232//5232
f 5222//5222 5223//5223 5233//5233
f 5223//5223 5234//5234 5233//5233
f 5223//5223 5224//5224 5234//5234
f 5224//5224 5235//5235 5234//5234
f 5224//5224 5225//5225 5235//5235
f 5225//5225 5236//5236 5235//5235
f 5225//5225 5226//5226 5236//5236
f 5226//5226 5237//5237 5236//5236
f 5226//5226 5227//5227 5237//5237
f 5227//5227 5238//5238 5237//5237
f 5228//5228 5229//5229 5239//5239
f 5229//5229 5240//5240 5239//5239
f 5229//5229 5230//5230 5240//5240
f 5230//5230 5241//5241 5240//5240
f 5230//5230 5231//5231 5241//5241
f 5231//5231 5242//5242 5241//5241
f 5231//5231 5232//5232 5242//5242
f 5232//5232 5243//5243 5242//5242
f 5232//5232 5233//5233 5243//5243
f 5233//5233 5244//5244 5243//5243
f 5233//5233 5234//5234 5244//5244
f 5234//5234 5245//5245 5244//5244
f 5234//5234 5235//5235 5245//5245
f 5235//5235 5246//5246 5245//5245
f 5235//5235 5236//5236 5246//5246
f 5236//5236 5247//5247 5246//5246
f 5236//5236 5237//5237 5247//5247
f 5237//5237 5248//5248 5247//5247
f 5237//5237 5238//5238 5248//5248
f 5238//5238 5249//5249 5248//5248
f 5239//5239 5240//5240 5250//5250
f 5240//5240 5251//5251 5250//5250
f 5240//5240 5241//5241 5251//5251
f 5241//5241 5252//5252 5251//5251
f 5241//5241 5242//5242 5252//5252
f 5242//5242 5253//5253 5252//5252
f 5242//5242 5243//5243 5253//5253
f 5243//5243 5254//5254 5253//5253
f 5243//5243 5244//5244 5254//5254
f 5244//5244 5255//5255 5254//5254
f 5244//5244 5245//5245 5255//5255
f 5245//5245 5256//5256 5255//5255
f 5245//5245 5246//5246 5256//5256
f 5246//5246 5257//5257 5256//5256
f 5246//5246 5247//5247 5257//5257
f 5247//5247 5258//5258 5257//5257
f 5247//5247 5248//5248 5258//5258
f 5248//5248 5259//5259 5258//5258
f 5248//5248 5249//5249 5259//5259
f 5249//5249 5260//5260 5259//5259
f 5250//5250 5251//5251 5261//5261
f 5251//5251 5262//5262 5261//5261
f 5251//5251 5252//5252 5262//5262
f 5252//5252 5263//5263 5262//5262
f 5252//5252 5253//5253 5263//5263
f 5253//5253 5264//5264 5263//5263
f 5253//5253 5254//5254 5264//5264
f 5254//5254 5265//5265 5264//5264
f 5254//5254 5255//5255 5265//5265
f 5255//5255 5266//5266 5265//5265
f 5255//5255 5256//5256 5266//5266
f 5256//5256 5267//5267 5266//5266
f 5256//5256 5257//5257 5267//5267
f 5257//5257 5268//5268 5267//5267
f 5257//5257 5258//5258 5268//5268
f 5258//5258 5269//5269 5268//5268
f 5258//5258 5259//5259 5269//5269
f 5259//5259 5270//5270 5269//5269
f 5259//5259 5260//5260 5270//5270
f 5260//5260 5271//5271 5270//5270
f 5261//5261 5262//5262 5272//5272
f 5262//5262 5273//5273 5272//5272
f 5262//5262 5263//5263 5273//5273
f 5263//5263 5274//5274 5273//5273
f 5263//5263 5264//5264 5274//5274
f 5264//5264 5275//5275 5274//5274
f 5264//5264 5265//5265 5275//5275
f 5265//5265 5276//5276 5275//5275
f 5265//5265 5266//5266 5276//5276
f 5266//5266 5277//5277 5276//5276
f 5266//5266 5267//5267 5277//5277
f 5267//5267 5278//5278 5277//5277
f 5267//5267 5268//5268 5278//5278
f 5268//5268 5279//5279 5278//5278
f 5268//5268 5269//5269 5279//5279
f 5269//5269 5280//5280 5279//5279
f 5269//5269 5270//5270 5280//5280
f 5270//5270 5281//5281 5280//5280
f 5270//5270 5271//5271 5281//5281
f 5271//5271 5282//5282 5281//5281
f 5272//5272 5273//5273 5283//5283
f 5273//5273 5284//5284 5283//5283
f 5273//5273 5274//5274 5284//5284
f 5274//5274 5285//5285 5284//5284
f 5274//5274 5275//5275 5285//5285
f 5275//5275 5286//5286 5285//5285
f 5275//5275 5276//5276 5286//5286
f 5276//5276 5287//5287 5286//5286
f 5276//5276 5277//5277 5287//5287
f 5277//5277 5288//5288 5287//5287
f 5277//5277 5278//5278 5288//5288
f 5278//5278 5289//5289 5288//5288
f 5278//5278 5279//5279 5289//5289
f 5279//5279 5290//5290 5289//5289
f 5279//5279 5280//5280 5290//5290
f 5280//5280 5291//5291 5290//5290
f 5280//5280 5281//5281 5291//5291
f 5281//5281 5292//5292 5291//5291
f 5281//5281 5282//5282 5292//5292
f 5282//5282 5293//5293 5292//5292
f 5283//5283 5284//5284 5294//5294
f 5284//5284 5295//5295 5294//5294
f 5284//5284 5285//5285 5295//5295
f 5285//5285 5296//5296 5295//5295
f 5285//5285 5286//5286 5296//5296
f 5286//5286 5297//5297 5296//5296
f 5286//5286 5287//5287 5297//5297
f 5287//5287 5298//5298 5297//5297
f 5287//5287 5288//5288 5298//5298
f 5288//5288 5299//5299 5298//5298
f 5288//5288 5289//5289 5299//5299
f 5289//5289 5300//5300 5299//5299
f 5289//5289 5290//5290 5300//5300
f 5290//5290 5301//5301 5300//5300
f 5290//5290 5291//5291 5301//5301
f 5291//5291 5302//5302 5301//5301
f 5291//5291 5292//5292 5302//5302
f 5292//5292 5303//5303 5302//5302
f 5292//5292 5293//5293 5303//5303
f 5293//5293 5304//5304 5303//5303
f 5294//5294 5295//5295 5305//5305
f 5295//5295 5306//5306 5305//5305
f 5295//5295 5296//5296 5306//5306
f 5296//5296 5307//5307 5306//5306
f 5296//5296 5297//5297 5307//5307
f 5297//5297 5308//5308 5307//5307
f 5297//5297 5298//5298 5308//5308
f 5298//5298 5309//5309 5308//5308
f 5298//5298 5299//5299 5309//5309
f 5299//5299 5310//5310 5309//5309
f 5299//5299 5300//5300 5310//5310
f 5300//5300 5311//5311 5310//5310
f 5300//5300 5301//5301 5311//5311
f 5301//5301 5312//5312 5311//5311
f 5301//5301 5302//5302 5312//5312
f 5302//5302 5313//5313 5312//5312
f 5302//5302 5303//5303 5313//5313
f 5303//5303 5314//5314 5313//5313
f 5303//5303 5304//5304 5314//5314
f 5304//5304 5315//5315 5314//5314
f 5305//5305 5306//5306 5316//5316
f 5306//5306 5317//5317 5316//5316
f 5306//5306 5307//5307 5317//5317
f 5307//5307 5318//5318 5317//5317
f 5307//5307 5308//5308 5318//5318
f 5308//5308 5319//5319 5318//5318
f 5308//5308 5309//5309 5319//5319
f 5309//5309 5320//5320 5319//5319
f 5309//5309 5310//5310 5320//5320
f 5310//5310 5321//5321 5320//5320
f 5310//5310 5311//5311 5321//5321
f 5311//5311 5322//5322 5321//5321
f 5311//5311 5312//5312 5322//5322
f 5312//5312 5323//5323 5322//5322
f 5312//5312 5313//5313 5323//5323
f 5313//5313 5324//5324 5323//5323
f 5313//5313 5314//5314 5324//5324
f 5314//5314 5325//5325 5324//5324
f 5314//5314 5315//5315 5325//5325
f 5315//5315 5326//5326 5325//5325
f 5316//5316 5317//5317 5327//5327
f 5317//5317 5328//5328 5327//5327
f 5317//5317 5318//5318 5328//5328
f 5318//5318 5329//5329 5328//5328
f 5318//5318 5319//5319 5329//5329
f 5319//5319 5330//5330 5329//5329
f 5319//5319 5320//5320 5330//5330
f 5320//5320 5331//5331 5330//5330
f 5320//5320 5321//5321 5331//5331
f 5321//5321 5332//5332 5331//5331
f 5321//5321 5322//5322 5332//5332
f 5322//5322 5333//5333 5332//5332
f 5322//5322 5323//5323 5333//5333
f 5323//5323 5334//5334 5333//5333
f 5323//5323 5324//5324 5334//5334
f 5324//5324 5335//5335 5334//5334
f 5324//5324 5325//5325 5335//5335
f 5325//5325 5336//5336 5335//5335
f 5325//5325 5326//5326 5336//5336
f 5326//5326 5337//5337 5336//5336
f 5327//5327 5328//5328 5338//5338
f 5328//5328 5339//5339 5338//5338
f 5328//5328 5329//5329 5339//5339
f 5329//5329 5340//5340 5339//5339
f 5329//5329 5330//5330 5340//5340
f 5330//5330 5341//5341 5340//5340
f 5330//5330 5331//5331 5341//5341
f 5331//5331 5342//5342 5341//5341
f 5331//5331 5332//5332 5342//5342
f 5332//5332 5343//5343 5342//5342
f 5332//5332 5333//5333 5343//5343
f 5333//5333 5344//5344 5343//5343
f 5333//5333 5334//5334 5344//5344
f 5334//5334 5345//5345 5344//5344
f 5334//5334 5335//5335 5345//5345
f 5335//5335 5346//5346 5345//5345
f 5335//5335 5336//5336 5346//5346
f 5336//5336 5347//5347 5346//5346
f 5336//5336 5337//5337 5347//5347
f 5337//5337 5348//5348 5347//5347
f 5338//5338 5339//5339 5349//5349
f 5339//5339 5350//5350 5349//5349
f 5339//5339 5340//5340 5350//5350
f 5340//5340 5351//5351 5350//5350
f 5340//5340 5341//5341 5351//5351
f 5341//5341 5352//5352 5351//5351
f 5341//5341 5342//5342 5352//5352
f 5342//5342 5353//5353 5352//5352
f 5342//5342 5343//5343 5353//5353
f 5343//5343 5354//5354 5353//5353
f 5343//5343 5344//5344 5354//5354
f 5344//5344 5355//5355 5354//5354
f 5344//5344 5345//5345 5355//5355
f 5345//5345 5356//5356 5355//5355
f 5345//5345 5346//5346 5356//5356
f 5346//5346 5357//5357 5356//5356
f 5346//5346 5347//5347 5357//5357
f 5347//5347 5358//5358 5357//5357
f 5347//5347 5348//5348 5358//5358
f 5348//5348 5359//5359 5358//5358
f 5349//5349 5350//5350 5360//5360
f 5350//5350 5361//5361 5360//5360
f 5350//5350 5351//5351 5361//5361
f 5351//5351 5362//5362 5361//5361
f 5351//5351 5352//5352 5362//5362
f 5352//5352 5363//5363 5362//5362
f 5352//5352 5353//5353 5363//5363
f 5353//5353 5364//5364 5363//5363
f 5353//5353 5354//5354 5364//5364
f 5354//5354 5365//5365 5364//5364
f 5354//5354 5355//5355 5365//5365
f 5355//5355 5366//5366 5365//5365
f 5355//5355 5356//5356 5366//5366
f 5356//5356 5367//5367 5366//5366
f 5356//5356 5357//5357 5367//5367
f 5357//5357 5368//5368 5367//5367
f 5357//5357 5358//5358 5368//5368
f 5358//5358 5369//5369 5368//5368
f 5358//5358 5359//5359 5369//5369
f 5359//5359 5370//5370 5369//5369
f 5360//5360 5361//5361 5371//5371
f 5361//5361 5372//5372 5371//5371
f 5361//5361 5362//5362 5372//5372
f 5362//5362 5373//5373 5372//5372
f 5362//5362 5363//5363 5373//5373
f 5363//5363 5374//5374 5373//5373
f 5363//5363 5364//5364 5374//5374
f 5364//5364 5375//5375 5374//5374
f 5364//5364 5365//5365 5375//5375
f 5365//5365 5376//5376 5375//5375
f 5365//5365 5366//5366 5376//5376
f 5366//5366 5377//5377 5376//5376
f 5366//5366 5367//5367 5377//5377
f 5367//5367 5378//5378 5377//5377
f 5367//5367 5368//5368 5378//5378
f 5368//5368 5379//5379 5378//5378
f 5368//5368 5369//5369 5379//5379
f 5369//5369 5380//5380 5379//5379
f 5369//5369 5370//5370 5380//5380
f 5370//5370 5381//5381 5380//5380
f 5371//5371 5372//5372 5382//5382
f 5372//5372 5383//5383 5382//5382
f 5372//5372 5373//5373 5383//5383
f 5373//5373 5384//5384 5383//5383
f 5373//5373 5374//5374 5384//5384
f 5374//5374 5385//5385 5384//5384
f 5374//5374 5375//5375 5385//5385
f 5375//5375 5386//5386 5385//5385
f 5375//5375 5376//5376 5386//5386
f 5376//5376 5387//5387 5386//5386
f 5376//5376 5377//5377 5387//5387
f 5377//5377 5388//5388 5387//5387
f 5377//5377 5378//5378 5388//5388
f 5378//5378 5389//5389 5388//5388
f 5378//5378 5379//5379 5389//5389
f 5379//5379 5390//5390 5389//5389
f 5379//5379 5380//5380 5390//5390
f 5380//5380 5391//5391 5390//5390
f 5380//5380 5381//5381 5391//5391
f 5381//5381 5392//5392 5391//5391
f 5382//5382 5383//5383 5393//5393
f 5383//5383 5394//5394 5393//5393
f 5383//5383 5384//5384 5394//5394
f 5384//5384 5395//5395 5394//5394
f 5384//5384 5385//5385 5395//5395
f 5385//5385 5396//5396 5395//5395
f 5385//5385 5386//5386 5396//5396
f 5386//5386 5397//5397 5396//5396
f 5386//5386 5387//5387 5397//5397
f 5387//5387 5398//5398 5397//5397
f 5387//5387 5388//5388 5398//5398
f 5388//5388 5399//5399 5398//5398
f 5388//5388 5389//5389 5399//5399
f 5389//5389 5400//5400 5399//5399
f 5389//5389 5390//5390 5400//5400
f 5390//5390 5401//5401 5400//5400
f 5390//5390 5391//5391 5401//5401
f 5391//5391 5402//5402 5401//5401
f 5391//5391 5392//5392 5402//5402
f 5392//5392 5403//5403 5402//5402
f 5393//5393 5394//5394 5404//5404
f 5394//5394 5405//5405 5404//5404
f 5394//5394 5395//5395 5405//5405
f 5395//5395 5406//5406 5405//5405
f 5395//5395 5396//5396 5406//5406
f 5396//5396 5407//5407 5406//5406
f 5396//5396 5397//5397 5407//5407
f 5397//5397 5408//5408 5407//5407
f 5397//5397 5398//5398 5408//5408
f 5398//5398 5409//5409 5408//5408
f 5398//5398 5399//5399 5409//5409
f 5399//5399 5410//5410 5409//5409
f 5399//5399 5400//5400 5410//5410
f 5400//5400 5411//5411 5410//5410
f 5400//5400 5401//5401 5411//5411
f 5401//5401 5412//5412 5411//5411
f 5401//5401 5402//5402 5412//5412
f 5402//5402 5413//5413 5412//5412
f 5402//5402 5403//5403 5413//5413
f 5403//5403 5414//5414 5413//5413
f 5404//5404 5405//5405 5415//5415
f 5405//5405 5416//5416 5415//5415
f 5405//5405 5406//5406 5416//5416
f 5406//5406 5417//5417 5416//5416
f 5406//5406 5407//5407 5417//5417
f 5407//5407 5418//5418 5417//5417
f 5407//5407 5408//5408 5418//5418
f 5408//5408 5419//5419 5418//5418
f 5408//5408 5409//5409 5419//5419
f 5409//5409 5420//5420 5419//5419
f 5409//5409 5410//5410 5420//5420
f 5410//5410 5421//5421 5420//5420
f 5410//5410 5411//5411 5421//5421
f 5411//5411 5422//5422 5421//5421
f 5411//5411 5412//5412 5422//5422
f 5412//5412 5423//5423 5422//5422
f 5412//5412 5413//5413 5423//5423
f 5413//5413 5424//5424 5423//5423
f 5413//5413 5414//5414 5424//5424
f 5414//5414 5425//5425 5424//5424
f 5415//5415 5416//5416 5426//5426
f 5416//5416 5427//5427 5426//5426
f 5416//5416 5417//5417 5427//5427
f 5417//5417 5428//5428 5427//5427
f 5417//5417 5418//5418 5428//5428
f 5418//5418 5429//5429 5428//5428
f 5418//5418 5419//5419 5429//5429
f 5419//5419 5430//5430 5429//5429
f 5419//5419 5420//5420 5430//5430
f 5420//5420 5431//5431 5430//5430
f 5420//5420 5421//5421 5431//5431
f 5421//5421 5432//5432 5431//5431
f 5421//5421 5422//5422 5432//5432
f 5422//5422 5433//5433 5432//5432
f 5422//5422 5423//5423 5433//5433
f 5423//5423 5434//5434 5433//5433
f 5423//5423 5424//5424 5434//5434
f 5424//5424 5435//5435 5434//5434
f 5424//5424 5425//5425 5435//5435
f 5425//5425 5436//5436 5435//5435
f 5426//5426 5427//5427 5437//5437
f 5427//5427 5438//5438 5437//5437
f 5427//5427 5428//5428 5438//5438
f 5428//5428 5439//5439 5438//5438
f 5428//5428 5429//5429 5439//5439
f 5429//5429 5440//5440 5439//5439
f 5429//5429 5430//5430 5440//5440
f 5430//5430 5441//5441 5440//5440
f 5430//5430 5431//5431 5441//5441
f 5431//5431 5442//5442 5441//5441
f 5431//5431 5432//5432 5442//5442
f 5432//5432 5443//5443 5442//5442
f 5432//5432 5433//5433 5443//5443
f 5433//5433 5444//5444 5443//5443
f 5433//5433 5434//5434 5444//5444
f 5434//5434 5445//5445 5444//5444
f 5434//5434 5435//5435 5445//5445
f 5435//5435 5446//5446 5445//5445
f 5435//5435 5436//5436 5446//5446
f 5436//5436 5447//5447 5446//5446
f 5437//5437 5438//5438 5448//5448
f 5438//5438 5449//5449 5448//5448
f 5438//5438 5439//5439 5449//5449
f 5439//5439 5450//5450 5449//5449
f 5439//5439 5440//5440 5450//5450
f 5440//5440 5451//5451 5450//5450
f 5440//5440 5441//5441 5451//5451
f 5441//5441 5452//5452 5451//5451
f 5441//5441 5442//5442 5452//5452
f 5442//5442 5453//5453 5452//5452
f 5442//5442 5443//5443 5453//5453
f 5443//5443 5454//5454 5453//5453
f 5443//5443 5444//5444 5454//5454
f 5444//5444 5455//5455 5454//5454
f 5444//5444 5445//5445 5455//5455
f 5445//5445 5456//5456 5455//5455
f 5445//5445 5446//5446 5456//5456
f 5446//5446 5457//5457 5456//5456
f 5446//5446 5447//5447 5457//5457
f 5447//5447 5458//5458 5457//5457
f 5448//5448 5449//5449 5459//5459
f 5449//5449 5460//5460 5459//5459
f 5449//5449 5450//5450 5460//5460
f 5450//5450 5461//5461 5460//5460
f 5450//5450 5451//5451 5461//5461
f 5451//5451 5462//5462 5461//5461
f 5451//5451 5452//5452 5462//5462
f 5452//5452 5463//5463 5462//5462
f 5452//5452 5453//5453 5463//5463
f 5453//5453 5464//5464 5463//5463
f 5453//5453 5454//5454 5464//5464
f 5454//5454 5465//5465 5464//5464
f 5454//5454 5455//5455 5465//5465
f 5455//5455 5466//5466 5465//5465
f 5455//5455 5456//5456 5466//5466
f 5456//5456 5467//5467 5466//5466
f 5456//5456 5457//5457 5467//5467
f 5457//5457 5468//5468 5467//5467
f 5457//5457 5458//5458 5468//5468
f 5458//5458 5469//5469 5468//5468
f 5459//5459 5460//5460 5470//5470
f 5460//5460 5471//5471 5470//5470
f 5460//5460 5461//5461 5471//5471
f 5461//5461 5472//5472 5471//5471
f 5461//5461 5462//5462 5472//5472
f 5462//5462 5473//5473 5472//5472
f 5462//5462 5463//5463 5473//5473
f 5463//5463 5474//5474 5473//5473
f 5463//5463 5464//5464 5474//5474
f 5464//5464 5475//5475 5474//5474
f 5464//5464 5465//5465 5475//5475
f 5465//5465 5476//5476 5475//5475
f 5465//5465 5466//5466 5476//5476
f 5466//5466 5477//5477 5476//5476
f 5466//5466 5467//5467 5477//5477
f 5467//5467 5478//5478 5477//5477
f 5467//5467 5468//5468 5478//5478
f 5468//5468 5479//5479 5478//5478
f 5468//5468 5469//5469 5479//5479
f 5469//5469 5480//5480 5479//5479
f 5481//5481 5482//5482 5492//5492
f 5482//5482 5493//5493 5492//5492
f 5482//5482 5483//5483 5493//5493
f 5483//5483 5494//5494 5493//5493
f 5483//5483 5484//5484 5494//5494
f 5484//5484 5495//5495 5494//5494
f 5484//5484 5485//5485 5495//5495
f 5485//5485 5496//5496 5495//5495
f 5485//5485 5486//5486 5496//5496
f 5486//5486 5497//5497 5496//5496
f 5486//5486 5487//5487 5497//5497
f 5487//5487 5498//5498 5497//5497
f 5487//5487 5488//5488 5498//5498
f 5488//5488 5499//5499 5498//5498
f 5488//5488 5489//5489 5499//5499
f 5489//5489 5500//5500 5499//5499
f 5489//5489 5490//5490 5500//5500
f 5490//5490 5501//5501 5500//5500
f 5490//5490 5491//5491 5501//5501
f 5491//5491 5502//5502 5501//5501
f 5492//5492 5493//5493 5503//5503
f 5493//5493 5504//5504 5503//5503
f 5493//5493 5494//5494 5504//5504
f 5494//5494 5505//5505 5504//5504
f 5494//5494 5495//5495 5505//5505
f 5495//5495 5506//5506 5505//5505
f 5495//5495 5496//5496 5506//5506
f 5496//5496 5507//5507 5506//5506
f 5496//5496 5497//5497 5507//5507
f 5497//5497 5508//5508 5507//5507
f 5497//5497 5498//5498 5508//5508
f 5498//5498 5509//5509 5508//5508
f 5498//5498 5499//5499 5509//5509
f 5499//5499 5510//5510 5509//5509
f 5499//5499 5500//5500 5510//5510
f 5500//5500 5511//5511 5510//5510
f 5500//5500 5501//5501 5511//5511
f 5501//5501 5512//5512 5511//5511
f 5501//5501 5502//5502 5512//5512
f 5502//5502 5513//5513 5512//5512
f 5503//5503 5504//5504 5514//5514
f 5504//5504 5515//5515 5514//5514
f 5504//5504 5505//5505 5515//5515
f 5505//5505 5516//5516 5515//5515
f 5505//5505 5506//5506 5516//5516
f 5506//5506 5517//5517 5516//5516
f 5506//5506 5507//5507 5517//5517
f 5507//5507 5518//5518 5517//5517
f 5507//5507 5508//5508 5518//5518
f 5508//5508 5519//5519 5518//5518
f 5508//5508 5509//5509 5519//5519
f 5509//5509 5520//5520 5519//5519
f 5509//5509 5510//5510 5520//5520
f 5510//5510 5521//5521 5520//5520
f 5510//5510 5511//5511 5521//5521
f 5511//5511 5522//5522 5521//5521
f 5511//5511 5512//5512 5522//5522
f 5512//5512 5523//5523 5522//5522
f 5512//5512 5513//5513 5523//5523
f 5513//5513 5524//5524 5523//5523
f 5514//5514 5515//5515 5525//5525
f 5515//5515 5526//5526 5525//5525
f 5515//5515 5516//5516 5526//5526
f 5516//5516 5527//5527 5526//5526
f 5516//5516 5517//5517 5527//5527
f 5517//5517 5528//5528 5527//5527
f 5517//5517 5518//5518 5528//5528
f 5518//5518 5529//5529 5528//5528
f 5518//5518 5519//5519 5529//5529
f 5519//5519 5530//5530 5529//5529
f 5519//5519 5520//5520 5530//5530
f 5520//5520 5531//5531 5530//5530
f 5520//5520 5521//5521 5531//5531
f 5521//5521 5532//5532 5531//5531
f 5521//5521 5522//5522 5532//5532
f 5522//5522 5533//5533 5532//5532
f 5522//5522 5523//5523 5533//5533
f 5523//5523 5534//5534 5533//5533
f 5523//5523 5524//5524 5534//5534
f 5524//5524 5535//5535 5534//5534
f 5525//5525 5526//5526 5536//5536
f 5526//5526 5537//5537 5536//5536
f 5526//5526 5527//5527 5537//5537
f 5527//5527 5538//5538 5537//5537
f 5527//5527 5528//5528 5538//5538
f 5528//5528 5539//5539 5538//5538
f 5528//5528 5529//5529 5539//5539
f 5529//5529 5540//5540 5539//5539
f 5529//5529 5530//5530 5540//5540
f 5530//5530 5541//5541 5540//5540
f 5530//5530 5531//5531 5541//5541
f 5531//5531 5542//5542 5541//5541
f 5531//5531 5532//5532 5542//5542
f 5532//5532 5543//5543 5542//5542
f 5532//5532 5533//5533 5543//5543
f 5533//5533 5544//5544 5543//5543
f 5533//5533 5534//5534 5544//5544
f 5534//5534 5545//5545 5544//5544
f 5534//5534 5535//5535 5545//5545
f 5535//5535 5546//5546 5545//5545
f 5536//5536 5537//5537 5547//5547
f 5537//5537 5548//5548 5547//5547
f 5537//5537 5538//5538 5548//5548
f 5538//5538 5549//5549 5548//5548
f 5538//5538 5539//5539 5549//5549
f 5539//5539 5550//5550 5549//5549
f 5539//5539 5540//5540 5550//5550
f 5540//5540 5551//5551 5550//5550
f 5540//5540 5541//5541 5551//5551
f 5541//5541 5552//5552 5551//5551
f 5541//5541 5542//5542 5552//5552
f 5542//5542 5553//5553 5552//5552
f 5542//5542 5543//5543 5553//5553
f 5543//5543 5554//5554 5553//5553
f 5543//5543 5544//5544 5554//5554
f 5544//5544 5555//5555 5554//5554
f 5544//5544 5545//5545 5555//5555
f 5545//5545 5556//5556 5555//5555
f 5545//5545 5546//5546 5556//5556
f 5546//5546 5557//5557 5556//5556
f 5547//5547 5548//5548 5558//5558
f 5548//5548 5559//5559 5558//5558
f 5548//5548 5549//5549 5559//5559
f 5549//5549 5560//5560 5559//5559
f 5549//5549 5550//5550 5560//5560
f 5550//5550 5561//5561 5560//5560
f 5550//5550 5551//5551 5561//5561
f 5551//5551 5562//5562 5561//5561
f 5551//5551 5552//5552 5562//5562
f 5552//5552 5563//5563 5562//5562
f 5552//5552 5553//5553 5563//5563
f 5553//5553 5564//5564 5563//5563
f 5553//5553 5554//5554 5564//5564
f 5554//5554 5565//5565 5564//5564
f 5554//5554 5555//5555 5565//5565
f 5555//5555 5566//5566 5565//5565
f 5555//5555 5556//5556 5566//5566
f 5556//5556 5567//5567 5566//5566
f 5556//5556 5557//5557 5567//5567
f 5557//5557 5568//5568 5567//5567
f 5558//5558 5559//5559 5569//5569
f 5559//5559 5570//5570 5569//5569
f 5559//5559 5560//5560 5570//5570
f 5560//5560 5571//5571 5570//5570
f 5560//5560 5561//5561 5571//5571
f 5561//5561 5572//5572 5571//5571
f 5561//5561 5562//5562 5572//5572
f 5562//5562 5573//5573 5572//5572
f 5562//5562 5563//5563 5573//5573
f 5563//5563 5574//5574 5573//5573
f 5563//5563 5564//5564 5574//5574
f 5564//5564 5575//5575 5574//5574
f 5564//5564 5565//5565 5575//5575
f 5565//5565 5576//5576 5575//5575
f 5565//5565 5566//5566 5576//5576
f 5566//5566 5577//5577 5576//5576
f 5566//5566 5567//5567 5577//5577
f 5567//5567 5578//5578 5577//5577
f 5567//5567 5568//5568 5578//5578
f 5568//5568 5579//5579 5578//5578
f 5569//5569 5570//5570 5580//5580
f 5570//5570 5581//5581 5580//5580
f 5570//5570 5571//5571 5581//5581
f 5571//5571 5582//5582 5581//5581
f 5571//5571 5572//5572 5582//5582
f 5572//5572 5583//5583 5582//5582
f 5572//5572 5573//5573 5583//5583
f 5573//5573 5584//5584 5583//5583
f 5573//5573 5574//5574 5584//5584
f 5574//5574 5585//5585 5584//5584
f 5574//5574 5575//5575 5585//5585
f 5575//5575 5586//5586 5585//5585
f 5575//5575 5576//5576 5586//5586
f 5576//5576 5587//5587 5586//5586
f 5576//5576 5577//5577 5587//5587
f 5577//5577 5588//5588 5587//5587
f 5577//5577 5578//5578 5588//5588
f 5578//5578 5589//5589 5588//5588
f 5578//5578 5579//5579 5589//5589
f 5579//5579 5590//5590 5589//5589
f 5580//5580 5581//5581 5591//5591
f 5581//5581 5592//5592 5591//5591
f 5581//5581 5582//5582 5592//5592
f 5582//5582 5593//5593 5592//5592
f 5582//5582 5583//5583 5593//5593
f 5583//5583 5594//5594 5593//5593
f 5583//5583 5584//5584 5594//5594
f 5584//5584 5595//5595 5594//5594
f 5584//5584 5585//5585 5595//5595
f 5585//5585 5596//5596 5595//5595
f 5585//5585 5586//5586 5596//5596
f 5586//5586 5597//5597 5596//5596
f 5586//5586 5587//5587 5597//5597
f 5587//5587 5598//5598 5597//5597
f 5587//5587 5588//5588 5598//5598
f 5588//5588 5599//5599 5598//5598
f 5588//5588 5589//5589 5599//5599
f 5589//5589 5600//5600 5599//5599
f 5589//5589 5590//5590 5600//5600
f 5590//5590 5601//5601 5600//5600
f 5591//5591 5592//5592 5602//5602
f 5592//5592 5603//5603 5602//5602
f 5592//5592 5593//5593 5603//5603
f 5593//5593 5604//5604 5603//5603
f 5593//5593 5594//5594 5604//5604
f 5594//5594 5605//5605 5604//5604
f 5594//5594 5595//5595 5605//5605
f 5595//5595 5606//5606 5605//5605
f 5595//5595 5596//5596 5606//5606
f 5596//5596 5607//5607 5606//5606
f 5596//5596 5597//5597 5607//5607
f 5597//5597 5608//5608 5607//5607
f 5597//5597 5598//5598 5608//5608
f 5598//5598 5609//5609 5608//5608
f 5598//5598 5599//5599 5609//5609
f 5599//5599 5610//5610 5609//5609
f 5599//5599 5600//5600 5610//5610
f 5600//5600 5611//5611 5610//5610
f 5600//5600 5601//5601 5611//5611
f 5601//5601 5612//5612 5611//5611
f 5602//5602 5603//5603 5613//5613
f 5603//5603 5614//5614 5613//5613
f 5603//5603 5604//5604 5614//5614
f 5604//5604 5615//5615 5614//5614
f 5604//5604 5605//5605 5615//5615
f 5605//5605 5616//5616 5615//5615
f 5605//5605 5606//5606 5616//5616
f 5606//5606 5617//5617 5616//5616
f 5606//5606 5607//5607 5617//5617
f 5607//5607 5618//5618 5617//5617
f 5607//5607 5608//5608 5618//5618
f 5608//5608 5619//5619 5618//5618
f 5608//5608 5609//5609 5619//5619
f 5609//5609 5620//5620 5619//5619
f 5609//5609 5610//5610 5620//5620
f 5610//5610 5621//5621 5620//5620
f 5610//5610 5611//5611 5621//5621
f 5611//5611 5622//5622 5621//5621
f 5611//5611 5612//5612 5622//5622
f 5612//5612 5623//5623 5622//5622
f 5613//5613 5614//5614 5624//5624
f 5614//5614 5625//5625 5624//5624
f 5614//5614 5615//5615 5625//5625
f 5615//5615 5626//5626 5625//5625
f 5615//5615 5616//5616 5626//5626
f 5616//5616 5627//5627 5626//5626
f 5616//5616 5617//5617 5627//5627
f 5617//5617 5628//5628 5627//5627
f 5617//5617 5618//5618 5628//5628
f 5618//5618 5629//5629 5628//5628
f 5618//5618 5619//5619 5629//5629
f 5619//5619 5630//5630 5629//5629
f 5619//5619 5620//5620 5630//5630
f 5620//5620 5631//5631 5630//5630
f 5620//5620 5621//5621 5631//5631
f 5621//5621 5632//5632 5631//5631
f 5621//5621 5622//5622 5632//5632
f 5622//5622 5633//5633 5632//5632
f 5622//5622 5623//5623 5633//5633
f 5623//5623 5634//5634 5633//5633
f 5624//5624 5625//5625 5635//5635
f 5625//5625 5636//5636 5635//5635
f 5625//5625 5626//5626 5636//5636
f 5626//5626 5637//5637 5636//5636
f 5626//5626 5627//5627 5637//5637
f 5627//5627 5638//5638 5637//5637
f 5627//5627 5628//5628 5638//5638
f 5628//5628 5639//5639 5638//5638
f 5628//5628 5629//5629 5639//5639
f 5629//5629 5640//5640 5639//5639
f 5629//5629 5630//5630 5640//5640
f 5630//5630 5641//5641 5640//5640
f 5630//5630 5631//5631 5641//5641
f 5631//5631 5642//5642 5641//5641
f 5631//5631 5632//5632 5642//5642
f 5632//5632 5643//5643 5642//5642
f 5632//5632 5633//5633 5643//5643
f 5633//5633 5644//5644 5643//5643
f 5633//5633 5634//5634 5644//5644
f 5634//5634 5645//5645 5644//5644
f 5635//5635 5636//5636 5646//5646
f 5636//5636 5647//5647 5646//5646
f 5636//5636 5637//5637 5647//5647
f 5637//5637 5648//5648 5647//5647
f 5637//5637 5638//5638 5648//5648
f 5638//5638 5649//5649 5648//5648
f 5638//5638 5639//5639 5649//5649
f 5639//5639 5650//5650 5649//5649
f 5639//5639 5640//5640 5650//5650
f 5640//5640 5651//5651 5650//5650
f 5640//5640 5641//5641 5651//5651
f 5641//5641 5652//5652 5651//5651
f 5641//5641 5642//5642 5652//5652
f 5642//5642 5653//5653 5652//5652
f 5642//5642 5643//5643 5653//5653
f 5643//5643 5654//5654 5653//5653
f 5643//5643 5644//5644 5654//5654
f 5644//5644 5655//5655 5654//5654
f 5644//5644 5645//5645 5655//5655
f 5645//5645 5656//5656 5655//5655
f 5646//5646 5647//5647 5657//5657
f 5647//5647 5658//5658 5657//5657
f 5647//5647 5648//5648 5658//5658
f 5648//5648 5659//5659 5658//5658
f 5648//5648 5649//5649 5659//5659
f 5649//5649 5660//5660 5659//5659
f 5649//5649 5650//5650 5660//5660
f 5650//5650 5661//5661 5660//5660
f 5650//5650 5651//5651 5661//5661
f 5651//5651 5662//5662 5661//5661
f 5651//5651 5652//5652 5662//5662
f 5652//5652 5663//5663 5662//5662
f 5652//5652 5653//5653 5663//5663
f 5653//5653 5664//5664 5663//5663
f 5653//5653 5654//5654 5664//5664
f 5654//5654 5665//5665 5664//5664
f 5654//5654 5655//5655 5665//5665
f 5655//5655 5666//5666 5665//5665
f 5655//5655 5656//5656 5666//5666
f 5656//5656 5667//5667 5666//5666
f 5657//5657 5658//5658 5668//5668
f 5658//5658 5669//5669 5668//5668
f 5658//5658 5659//5659 5669//5669
f 5659//5659 5670//5670 5669//5669
f 5659//5659 5660//5660 5670//5670
f 5660//5660 5671//5671 5670//5670
f 5660//5660 5661//5661 5671//5671
f 5661//5661 5672//5672 5671//5671
f 5661//5661 5662//5662 5672//5672
f 5662//5662 5673//5673 5672//5672
f 5662//5662 5663//5663 5673//5673
f 5663//5663 5674//5674 5673//5673
f 5663//5663 5664//5664 5674//5674
f 5664//5664 5675//5675 5674//5674
f 5664//5664 5665//5665 5675//5675
f 5665//5665 5676//5676 5675//5675
f 5665//5665 5666//5666 5676//5676
f 5666//5666 5677//5677 5676//5676
f 5666//5666 5667//5667 5677//5677
f 5667//5667 5678//5678 5677//5677
f 5668//5668 5669//5669 5679//5679
f 5669//5669 5680//5680 5679//5679
f 5669//5669 5670//5670 5680//5680
f 5670//5670 5681//5681 5680//5680
f 5670//5670 5671//5671 5681//5681
f 5671//5671 5682//5682 5681//5681
f 5671//5671 5672//5672 5682//5682
f 5672//5672 5683//5683 5682//5682
f 5672//5672 5673//5673 5683//5683
f 5673//5673 5684//5684 5683//5683
f 5673//5673 5674//5674 5684//5684
f 5674//5674 5685//5685 5684//5684
f 5674//5674 5675//5675 5685//5685
f 5675//5675 5686//5686 5685//5685
f 5675//5675 5676//5676 5686//5686
f 5676//5676 5687//5687 5686//5686
f 5676//5676 5677//5677 5687//5687
f 5677//5677 5688//5688 5687//5687
f 5677//5677 5678//5678 5688//5688
f 5678//5678 5689//5689 5688//5688
f 5679//5679 5680//5680 5690//5690
f 5680//5680 5691//5691 5690//5690
f 5680//5680 5681//5681 5691//5691
f 5681//5681 5692//5692 5691//5691
f 5681//5681 5682//5682 5692//5692
f 5682//5682 5693//5693 5692//5692
f 5682//5682 5683//5683 5693//5693
f 5683//5683 5694//5694 5693//5693
f 5683//5683 5684//5684 5694//5694
f 5684//5684 5695//5695 5694//5694
f 5684//5684 5685//5685 5695//5695
f 5685//5685 5696//5696 5695//5695
f 5685//5685 5686//5686 5696//5696
f 5686//5686 5697//5697 5696//5696
f 5686//5686 5687//5687 5697//5697
f 5687//5687 5698//5698 5697//5697
f 5687//5687 5688//5688 5698//5698
f 5688//5688 5699//5699 5698//5698
f 5688//5688 5689//5689 5699//5699
f 5689//5689 5700//5700 5699//5699
f 5690//5690 5691//5691 5701//5701
f 5691//5691 5702//5702 5701//5701
f 5691//5691 5692//5692 5702//5702
f 5692//5692 5703//5703 5702//5702
f 5692//5692 5693//5693 5703//5703
f 5693//5693 5704//5704 5703//5703
f 5693//5693 5694//5694 5704//5704
f 5694//5694 5705//5705 5704//5704
f 5694//5694 5695//5695 5705//5705
f 5695//5695 5706//5706 5705//5705
f 5695//5695 5696//5696 5706//5706
f 5696//5696 5707//5707 5706//5706
f 5696//5696 5697//5697 5707//5707
f 5697//5697 5708//5708 5707//5707
f 5697//5697 5698//5698 5708//5708
f 5698//5698 5709//5709 5708//5708
f 5698//5698 5699//5699 5709//5709
f 5699//5699 5710//5710 5709//5709
f 5699//5699 5700//5700 5710//5710
f 5700//5700 5711//5711 5710//5710
f 5701//5701 5702//5702 5712//5712
f 5702//5702 5713//5713 5712//5712
f 5702//5702 5703//5703 5713//5713
f 5703//5703 5714//5714 5713//5713
f 5703//5703 5704//5704 5714//5714
f 5704//5704 5715//5715 5714//5714
f 5704//5704 5705//5705 5715//5715
f 5705//5705 5716//5716 5715//5715
f 5705//5705 5706//5706 5716//5716
f 5706//5706 5717//5717 5716//5716
f 5706//5706 5707//5707 5717//5717
f 5707//5707 5718//5718 5717//5717
f 5707//5707 5708//5708 5718//5718
f 5708//5708 5719//5719 5718//5718
f 5708//5708 5709//5709 5719//5719
f 5709//5709 5720//5720 5719//5719
f 5709//5709 5710//5710 5720//5720
f 5710//5710 5721//5721 5720//5720
f 5710//5710 5711//5711 5721//5721
f 5711//5711 5722//5722 5721//5721
f 5712//5712 5713//5713 5723//5723
f 5713//5713 5724//5724 5723//5723
f 5713//5713 5714//5714 5724//5724
f 5714//5714 5725//5725 5724//5724
f 5714//5714 5715//5715 5725//5725
f 5715//5715 5726//5726 5725//5725
f 5715//5715 5716//5716 5726//5726
f 5716//5716 5727//5727 5726//5726
f 5716//5716 5717//5717 5727//5727
f 5717//5717 5728//5728 5727//5727
f 5717//5717 5718//5718 5728//5728
f 5718//5718 5729//5729 5728//5728
f 5718//5718 5719//5719 5729//5729
f 5719//5719 5730//5730 5729//5729
f 5719//5719 5720//5720 5730//5730
f 5720//5720 5731//5731 5730//5730
f 5720//5720 5721//5721 5731//5731
f 5721//5721 5732//5732 5731//5731
f 5721//5721 5722//5722 5732//5732
f 5722//5722 5733//5733 5732//5732
f 5723//5723 5724//5724 5734//5734
f 5724//5724 5735//5735 5734//5734
f 5724//5724 5725//5725 5735//5735
f 5725//5725 5736//5736 5735//5735
f 5725//5725 5726//5726 5736//5736
f 5726//5726 5737//5737 5736//5736
f 5726//5726 5727//5727 5737//5737
f 5727//5727 5738//5738 5737//5737
f 5727//5727 5728//5728 5738//5738
f 5728//5728 5739//5739 5738//5738
f 5728//5728 5729//5729 5739//5739
f 5729//5729 5740//5740 5739//5739
f 5729//5729 5730//5730 5740//5740
f 5730//5730 5741//5741 5740//5740
f 5730//5730 5731//5731 5741//5741
f 5731//5731 5742//5742 5741//5741
f 5731//5731 5732//5732 5742//5742
f 5732//5732 5743//5743 5742//5742
f 5732//5732 5733//5733 5743//5743
f 5733//5733 5744//5744 5743//5743
f 5734//5734 5735//5735 5745//5745
f 5735//5735 5746//5746 5745//5745
f 5735//5735 5736//5736 5746//5746
f 5736//5736 5747//5747 5746//5746
f 5736//5736 5737//5737 5747//5747
f 5737//5737 5748//5748 5747//5747
f 5737//5737 5738//5738 5748//5748
f 5738//5738 5749//5749 5748//5748
f 5738//5738 5739//5739 5749//5749
f 5739//5739 5750//5750 5749//5749
f 5739//5739 5740//5740 5750//5750
f 5740//5740 5751//5751 5750//5750
f 5740//5740 5741//5741 5751//5751
f 5741//5741 5752//5752 5751//5751
f 5741//5741 5742//5742 5752//5752
f 5742//5742 5753//5753 5752//5752
f 5742//5742 5743//5743 5753//5753
f 5743//5743 5754//5754 5753//5753
f 5743//5743 5744//5744 5754//5754
f 5744//5744 5755//5755 5754//5754
f 5745//5745 5746//5746 5756//5756
f 5746//5746 5757//5757 5756//5756
f 5746//5746 5747//5747 5757//5757
f 5747//5747 5758//5758 5757//5757
f 5747//5747 5748//5748 5758//5758
f 5748//5748 5759//5759 5758//5758
f 5748//5748 5749//5749 5759//5759
f 5749//5749 5760//5760 5759//5759
f 5749//5749 5750//5750 5760//5760
f 5750//5750 5761//5761 5760//5760
f 5750//5750 5751//5751 5761//5761
f 5751//5751 5762//5762 5761//5761
f 5751//5751 5752//5752 5762//5762
f 5752//5752 5763//5763 5762//5762
f 5752//5752 5753//5753 5763//5763
f 5753//5753 5764//5764 5763//5763
f 5753//5753 5754//5754 5764//5764
f 5754//5754 5765//5765 5764//5764
f 5754//5754 5755//5755 5765//5765
f 5755//5755 5766//5766 5765//5765
f 5756//5756 5757//5757 5767//5767
f 5757//5757 5768//5768 5767//5767
f 5757//5757 5758//5758 5768//5768
f 5758//5758 5769//5769 5768//5768
f 5758//5758 5759//5759 5769//5769
f 5759//5759 5770//5770 5769//5769
f 5759//5759 5760//5760 5770//5770
f 5760//5760 5771//5771 5770//5770
f 5760//5760 5761//5761 5771//5771
f 5761//5761 5772//5772 5771//5771
f 5761//5761 5762//5762 5772//5772
f 5762//5762 5773//5773 5772//5772
f 5762//5762 5763//5763 5773//5773
f 5763//5763 5774//5774 5773//5773
f 5763//5763 5764//5764 5774//5774
f 5764//5764 5775//5775 5774//5774
f 5764//5764 5765//5765 5775//5775
f 5765//5765 5776//5776 5775//5775
f 5765//5765 5766//5766 5776//5776
f 5766//5766 5777//5777 5776//5776
f 5767//5767 5768//5768 5778//5778
f 5768//5768 5779//5779 5778//5778
f 5768//5768 5769//5769 5779//5779
f 5769//5769 5780//5780 5779//5779
f 5769//5769 5770//5770 5780//5780
f 5770//5770 5781//5781 5780//5780
f 5770//5770 5771//5771 5781//5781
f 5771//5771 5782//5782 5781//5781
f 5771//5771 5772//5772 5782//5782
f 5772//5772 5783//5783 5782//5782
f 5772//5772 5773//5773 5783//5783
f 5773//5773 5784//5784 5783//5783
f 5773//5773 5774//5774 5784//5784
f 5774//5774 5785//5785 5784//5784
f 5774//5774 5775//5775 5785//5785
f 5775//5775 5786//5786 5785//5785
f 5775//5775 5776//5776 5786//5786
f 5776//5776 5787//5787 5786//5786
f 5776//5776 5777//5777 5787//5787
f 5777//5777 5788//5788 5787//5787
f 5778//5778 5779//5779 5789//5789
f 5779//5779 5790//5790 5789//5789
f 5779//5779 5780//5780 5790//5790
f 5780//5780 5791//5791 5790//5790
f 5780//5780 5781//5781 5791//5791
f 5781//5781 5792//5792 5791//5791
f 5781//5781 5782//5782 5792//5792
f 5782//5782 5793//5793 5792//5792
f 5782//5782 5783//5783 5793//5793
f 5783//5783 5794//5794 5793//5793
f 5783//5783 5784//5784 5794//5794
f 5784//5784 5795//5795 5794//5794
f 5784//5784 5785//5785 5795//5795
f 5785//5785 5796//5796 5795//5795
f 5785//5785 5786//5786 5796//5796
f 5786//5786 5797//5797 5796//5796
f 5786//5786 5787//5787 5797//5797
f 5787//5787 5798//5798 5797//5797
f 5787//5787 5788//5788 5798//5798
f 5788//5788 5799//5799 5798//5798
f 5789//5789 5790//5790 5800//5800
f 5790//5790 5801//5801 5800//5800
f 5790//5790 5791//5791 5801//5801
f 5791//5791 5802//5802 5801//5801
f 5791//5791 5792//5792 5802//5802
f 5792//5792 5803//5803 5802//5802
f 5792//5792 5793//5793 5803//5803
f 5793//5793 5804//5804 5803//5803
f 5793//5793 5794//5794 5804//5804
f 5794//5794 5805//5805 5804//5804
f 5794//5794 5795//5795 5805//5805
f 5795//5795 5806//5806 5805//5805
f 5795//5795 5796//5796 5806//5806
f 5796//5796 5807//5807 5806//5806
f 5796//5796 5797//5797 5807//5807
f 5797//5797 5808//5808 5807//5807
f 5797//5797 5798//5798 5808//5808
f 5798//5798 5809//5809 5808//5808
f 5798//5798 5799//5799 5809//5809
f 5799//5799 5810//5810 5809//5809
f 5800//5800 5801//5801 5811//5811
f 5801//5801 5812//5812 5811//5811
f 5801//5801 5802//5802 5812//5812
f 5802//5802 5813//5813 5812//5812
f 5802//5802 5803//5803 5813//5813
f 5803//5803 5814//5814 5813//5813
f 5803//5803 5804//5804 5814//5814
f 5804//5804 5815//5815 5814//5814
f 5804//5804 5805//5805 5815//5815
f 5805//5805 5816//5816 5815//5815
f 5805//5805 5806//5806 5816//5816
f 5806//5806 5817//5817 5816//5816
f 5806//5806 5807//5807 5817//5817
f 5807//5807 5818//5818 5817//5817
f 5807//5807 5808//5808 5818//5818
f 5808//5808 5819//5819 5818//5818
f 5808//5808 5809//5809 5819//5819
f 5809//5809 5820//5820 5819//5819
f 5809//5809 5810//5810 5820//5820
f 5810//5810 5821//5821 5820//5820
f 5811//5811 5812//5812 5822//5822
f 5812//5812 5823//5823 5822//5822
f 5812//5812 5813//5813 5823//5823
f 5813//5813 5824//5824 5823//5823
f 5813//5813 5814//5814 5824//5824
f 5814//5814 5825//5825 5824//5824
f 5814//5814 5815//5815 5825//5825
f 5815//5815 5826//5826 5825//5825
f 5815//5815 5816//5816 5826//5826
f 5816//5816 5827//5827 5826//5826
f 5816//5816 5817//5817 5827//5827
f 5817//5817 5828//5828 5827//5827
f 5817//5817 5818//5818 5828//5828
f 5818//5818 5829//5829 5828//5828
f 5818//5818 5819//5819 5829//5829
f 5819//5819 5830//5830 5829//5829
f 5819//5819 5820//5820 5830//5830
f 5820//5820 5831//5831 5830//5830
f 5820//5820 5821//5821 5831//5831
f 5821//5821 5832//5832 5831//5831
f 5822//5822 5823//5823 5833//5833
f 5823//5823 5834//5834 5833//5833
f 5823//5823 5824//5824 5834//5834
f 5824//5824 5835//5835 5834//5834
f 5824//5824 5825//5825 5835//5835
f 5825//5825 5836//5836 5835//5835
f 5825//5825 5826//5826 5836//5836
f 5826//5826 5837//5837 5836//5836
f 5826//5826 5827//5827 5837//5837
f 5827//5827 5838//5838 5837//5837
f 5827//5827 5828//5828 5838//5838
f 5828//5828 5839//5839 5838//5838
f 5828//5828 5829//5829 5839//5839
f 5829//5829 5840//5840 5839//5839
f 5829//5829 5830//5830 5840//5840
f 5830//5830 5841//5841 5840//5840
f 5830//5830 5831//5831 5841//5841
f 5831//5831 5842//5842 5841//5841
f 5831//5831 5832//5832 5842//5842
f 5832//5832 5843//5843 5842//5842
f 5833//5833 5834//5834 5844//5844
f 5834//5834 5845//5845 5844//5844
f 5834//5834 5835//5835 5845//5845
f 5835//5835 5846//5846 5845//5845
f 5835//5835 5836//5836 5846//5846
f 5836//5836 5847//5847 5846//5846
f 5836//5836 5837//5837 5847//5847
f 5837//5837 5848//5848 5847//5847
f 5837//5837 5838//5838 5848//5848
f 5838//5838 5849//5849 5848//5848
f 5838//5838 5839//5839 5849//5849
f 5839//5839 5850//5850 5849//5849
f 5839//5839 5840//5840 5850//5850
f 5840//5840 5851//5851 5850//5850
f 5840//5840 5841//5841 5851//5851
f 5841//5841 5852//5852 5851//5851
f 5841//5841 5842//5842 5852//5852
f 5842//5842 5853//5853 5852//5852
f 5842//5842 5843//5843 5853//5853
f 5843//5843 5854//5854 5853//5853
f 5844//5844 5845//5845 5855//5855
f 5845//5845 5856//5856 5855//5855
f 5845//5845 5846//5846 5856//5856
f 5846//5846 5857//5857 5856//5856
f 5846//5846 5847//5847 5857//5857
f 5847//5847 5858//5858 5857//5857
f 5847//5847 5848//5848 5858//5858
f 5848//5848 5859//5859 5858//5858
f 5848//5848 5849//5849 5859//5859
f 5849//5849 5860//5860 5859//5859
f 5849//5849 5850//5850 5860//5860
f 5850//5850 5861//5861 5860//5860
f 5850//5850 5851//5851 5861//5861
f 5851//5851 5862//5862 5861//5861
f 5851//5851 5852//5852 5862//5862
f 5852//5852 5863//5863 5862//5862
f 5852//5852 5853//5853 5863//5863
f 5853//5853 5864//5864 5863//5863
f 5853//5853 5854//5854 5864//5864
f 5854//5854 5865//5865 5864//5864
f 5855//5855 5856//5856 5866//5866
f 5856//5856 5867//5867 5866//5866
f 5856//5856 5857//5857 5867//5867
f 5857//5857 5868//5868 5867//5867
f 5857//5857 5858//5858 5868//5868
f 5858//5858 5869//5869 5868//5868
f 5858//5858 5859//5859 5869//5869
f 5859//5859 5870//5870 5869//5869
f 5859//5859 5860//5860 5870//5870
f 5860//5860 5871//5871 5870//5870
f 5860//5860 5861//5861 5871//5871
f 5861//5861 5872//5872 5871//5871
f 5861//5861 5862//5862 5872//5872
f 5862//5862 5873//5873 5872//5872
f 5862//5862 5863//5863 5873//5873
f 5863//5863 5874//5874 5873//5873
f 5863//5863 5864//5864 5874//5874
f 5864//5864 5875//5875 5874//5874
f 5864//5864 5865//5865 5875//5875
f 5865//5865 5876//5876 5875//5875
f 5866//5866 5867//5867 5877//5877
f 5867//5867 5878//5878 5877//5877
f 5867//5867 5868//5868 5878//5878
f 5868//5868 5879//5879 5878//5878
f 5868//5868 5869//5869 5879//5879
f 5869//5869 5880//5880 5879//5879
f 5869//5869 5870//5870 5880//5880
f 5870//5870 5881//5881 5880//5880
f 5870//5870 5871//5871 5881//5881
f 5871//5871 5882//5882 5881//5881
f 5871//5871 5872//5872 5882//5882
f 5872//5872 5883//5883 5882//5882
f 5872//5872 5873//5873 5883//5883
f 5873//5873 5884//5884 5883//5883
f 5873//5873 5874//5874 5884//5884
f 5874//5874 5885//5885 5884//5884
f 5874//5874 5875//5875 5885//5885
f 5875//5875 5886//5886 5885//5885
f 5875//5875 5876//5876 5886//5886
f 5876//5876 5887//5887 5886//5886
f 5877//5877 5878//5878 5888//5888
f 5878//5878 5889//5889 5888//5888
f 5878//5878 5879//5879 5889//5889
f 5879//5879 5890//5890 5889//5889
f 5879//5879 5880//5880 5890//5890
f 5880//5880 5891//5891 5890//5890
f 5880//5880 5881//5881 5891//5891
f 5881//5881 5892//5892 5891//5891
f 5881//5881 5882//5882 5892//5892
f 5882//5882 5893//5893 5892//5892
f 5882//5882 5883//5883 5893//5893
f 5883//5883 5894//5894 5893//5893
f 5883//5883 5884//5884 5894//5894
f 5884//5884 5895//5895 5894//5894
f 5884//5884 5885//5885 5895//5895
f 5885//5885 5896//5896 5895//5895
f 5885//5885 5886//5886 5896//5896
f 5886//5886 5897//5897 5896//5896
f 5886//5886 5887//5887 5897//5897
f 5887//5887 5898//5898 5897//5897
f 5888//5888 5889//5889 5899//5899
f 5889//5889 5900//5900 5899//5899
f 5889//5889 5890//5890 5900//5900
f 5890//5890 5901//5901 5900//5900
f 5890//5890 5891//5891 5901//5901
f 5891//5891 5902//5902 5901//5901
f 5891//5891 5892//5892 5902//5902
f 5892//5892 5903//5903 5902//5902
f 5892//5892 5893//5893 5903//5903
f 5893//5893 5904//5904 5903//5903
f 5893//5893 5894//5894 5904//5904
f 5894//5894 5905//5905 5904//5904
f 5894//5894 5895//5895 5905//5905
f 5895//5895 5906//5906 5905//5905
f 5895//5895 5896//5896 5906//5906
f 5896//5896 5907//5907 5906//5906
f 5896//5896 5897//5897 5907//5907
f 5897//5897 5908//5908 5907//5907
f 5897//5897 5898//5898 5908//5908
f 5898//5898 5909//5909 5908//5908
f 5899//5899 5900//5900 5910//5910
f 5900//5900 5911//5911 5910//5910
f 5900//5900 5901//5901 5911//5911
f 5901//5901 5912//5912 5911//5911
f 5901//5901 5902//5902 5912//5912
f 5902//5902 5913//5913 5912//5912
f 5902//5902 5903//5903 5913//5913
f 5903//5903 5914//5914 5913//5913
f 5903//5903 5904//5904 5914//5914
f 5904//5904 5915//5915 5914//5914
f 5904//5904 5905//5905 5915//5915
f 5905//5905 5916//5916 5915//5915
f 5905//5905 5906//5906 5916//5916
f 5906//5906 5917//5917 5916//5916
f 5906//5906 5907//5907 5917//5917
f 5907//5907 5918//5918 5917//5917
f 5907//5907 5908//5908 5918//5918
f 5908//5908 5919//5919 5918//5918
f 5908//5908 5909//5909 5919//5919
f 5909//5909 5920//5920 5919//5919
f 5910//5910 5911//5911 5921//5921
f 5911//5911 5922//5922 5921//5921
f 5911//5911 5912//5912 5922//5922
f 5912//5912 5923//5923 5922//5922
f 5912//5912 5913//5913 5923//5923
f 5913//5913 5924//5924 5923//5923
f 5913//5913 5914//5914 5924//5924
f 5914//5914 5925//5925 5924//5924
f 5914//5914 5915//5915 5925//5925
f 5915//5915 5926//5926 5925//5925
f 5915//5915 5916//5916 5926//5926
f 5916//5916 5927//5927 5926//5926
f 5916//5916 5917//5917 5927//5927
f 5917//5917 5928//5928 5927//5927
f 5917//5917 5918//5918 5928//5928
f 5918//5918 5929//5929 5928//5928
f 5918//5918 5919//5919 5929//5929
f 5919//5919 5930//5930 5929//5929
f 5919//5919 5920//5920 5930//5930
f 5920//5920 5931//5931 5930//5930
o station-dishes_oak
usemtl oak
v -0.228650 0.397698 -0.175150
v -0.229675 0.397001 -0.172350
v -0.230139 0.396685 -0.168525
v -0.230139 0.396685 0.168525
v -0.229675 0.397001 0.172350
v -0.228650 0.397698 0.175150
v -0.229675 0.400130 -0.176175
v -0.231394 0.399270 -0.173210
v -0.232289 0.398823 -0.168525
v -0.232289 0.398823 0.168525
v -0.231394 0.399270 0.173210
v -0.229675 0.400130 0.176175
v -0.230139 0.403955 -0.176639
v -0.232289 0.403955 -0.173657
v -0.233500 0.403955 -0.168525
v -0.233500 0.403955 0.168525
v -0.232289 0.403955 0.173657
v -0.230139 0.403955 0.176639
v -0.230139 0.571005 -0.176639
v -0.232289 0.571005 -0.173657
v -0.233500 0.571005 -0.168525
v -0.233500 0.571005 0.168525
v -0.232289 0.571005 0.173657
v -0.230139 0.571005 0.176639
v -0.229675 0.574830 -0.176175
v -0.231394 0.575690 -0.173210
v -0.232289 0.576137 -0.168525
v -0.232289 0.576137 0.168525
v -0.231394 0.575690 0.173210
v -0.229675 0.574830 0.176175
v -0.228650 0.577630 -0.175150
v -0.229675 0.578655 -0.172350
v -0.230139 0.579119 -0.168525
v -0.230139 0.579119 0.168525
v -0.229675 0.578655 0.172350
v -0.228650 0.577630 0.175150
v -0.211350 0.397698 -0.175150
v -0.210325 0.397001 -0.172350
v -0.209861 0.396685 -0.168525
v -0.209861 0.396685 0.168525
v -0.210325 0.397001 0.172350
v -0.211350 0.397698 0.175150
v -0.210325 0.400130 -0.176175
v -0.208606 0.399270 -0.173210
v -0.207711 0.398823 -0.168525
v -0.207711 0.398823 0.168525
v -0.208606 0.399270 0.173210
v -0.210325 0.400130 0.176175
v -0.209861 0.403955 -0.176639
v -0.207711 0.403955 -0.173657
v -0.206500 0.403955 -0.168525
v -0.206500 0.403955 0.168525
v -0.207711 0.403955 0.173657
v -0.209861 0.403955 0.176639
v -0.209861 0.571005 -0.176639
v -0.207711 0.571005 -0.173657
v -0.206500 0.571005 -0.168525
v -0.206500 0.571005 0.168525
v -0.207711 0.571005 0.173657
v -0.209861 0.571005 0.176639
v -0.210325 0.574830 -0.176175
v -0.208606 0.575690 -0.173210
v -0.207711 0.576137 -0.168525
v -0.207711 0.576137 0.168525
v -0.208606 0.575690 0.173210
v -0.210325 0.574830 0.176175
v -0.211350 0.577630 -0.175150
v -0.210325 0.578655 -0.172350
v -0.209861 0.579119 -0.168525
v -0.209861 0.579119 0.168525
v -0.210325 0.578655 0.172350
v -0.211350 0.577630 0.175150
v -0.228650 0.397698 -0.175150
v -0.225850 0.397001 -0.176175
v -0.222025 0.396685 -0.176639
v -0.217975 0.396685 -0.176639
v -0.214150 0.397001 -0.176175
v -0.211350 0.397698 -0.175150
v -0.229675 0.397001 -0.172350
v -0.226710 0.395832 -0.173210
v -0.222025 0.395224 -0.173657
v -0.217975 0.395224 -0.173657
v -0.213290 0.395832 -0.173210
v -0.210325 0.397001 -0.172350
v -0.230139 0.396685 -0.168525
v -0.227157 0.395224 -0.168525
v -0.222025 0.394400 -0.168525
v -0.217975 0.394400 -0.168525
v -0.212843 0.395224 -0.168525
v -0.209861 0.396685 -0.168525
v -0.230139 0.396685 0.168525
v -0.227157 0.395224 0.168525
v -0.222025 0.394400 0.168525
v -0.217975 0.394400 0.168525
v -0.212843 0.395224 0.168525
v -0.209861 0.396685 0.168525
v -0.229675 0.397001 0.172350
v -0.226710 0.395832 0.173210
v -0.222025 0.395224 0.173657
v -0.217975 0.395224 0.173657
v -0.213290 0.395832 0.173210
v -0.210325 0.397001 0.172350
v -0.228650 0.397698 0.175150
v -0.225850 0.397001 0.176175
v -0.222025 0.396685 0.176639
v -0.217975 0.396685 0.176639
v -0.214150 0.397001 0.176175
v -0.211350 0.397698 0.175150
v -0.228650 0.577630 -0.175150
v -0.225850 0.578655 -0.176175
v -0.222025 0.579119 -0.176639
v -0.217975 0.579119 -0.176639
v -0.214150 0.578655 -0.176175
v -0.211350 0.577630 -0.175150
v -0.229675 0.578655 -0.172350
v -0.226710 0.580374 -0.173210
v -0.222025 0.581269 -0.173657
v -0.217975 0.581269 -0.173657
v -0.213290 0.580374 -0.173210
v -0.210325 0.578655 -0.172350
v -0.230139 0.579119 -0.168525
v -0.227157 0.581269 -0.168525
v -0.222025 0.582480 -0.168525
v -0.217975 0.582480 -0.168525
v -0.212843 0.581269 -0.168525
v -0.209861 0.579119 -0.168525
v -0.230139 0.579119 0.168525
v -0.227157 0.581269 0.168525
v -0.222025 0.582480 0.168525
v -0.217975 0.582480 0.168525
v -0.212843 0.581269 0.168525
v -0.209861 0.579119 0.168525
v -0.229675 0.578655 0.172350
v -0.226710 0.580374 0.173210
v -0.222025 0.581269 0.173657
v -0.217975 0.581269 0.173657
v -0.213290 0.580374 0.173210
v -0.210325 0.578655 0.172350
v -0.228650 0.577630 0.175150
v -0.225850 0.578655 0.176175
v -0.222025 0.579119 0.176639
v -0.217975 0.579119 0.176639
v -0.214150 0.578655 0.176175
v -0.211350 0.577630 0.175150
v -0.228650 0.397698 -0.175150
v -0.229675 0.400130 -0.176175
v -0.230139 0.403955 -0.176639
v -0.230139 0.571005 -0.176639
v -0.229675 0.574830 -0.176175
v -0.228650 0.577630 -0.175150
v -0.225850 0.397001 -0.176175
v -0.226710 0.399270 -0.177894
v -0.227157 0.403955 -0.178789
v -0.227157 0.571005 -0.178789
v -0.226710 0.575690 -0.177894
v -0.225850 0.578655 -0.176175
v -0.222025 0.396685 -0.176639
v -0.222025 0.398823 -0.178789
v -0.222025 0.403955 -0.180000
v -0.222025 0.571005 -0.180000
v -0.222025 0.576137 -0.178789
v -0.222025 0.579119 -0.176639
v -0.217975 0.396685 -0.176639
v -0.217975 0.398823 -0.178789
v -0.217975 0.403955 -0.180000
v -0.217975 0.571005 -0.180000
v -0.217975 0.576137 -0.178789
v -0.217975 0.579119 -0.176639
v -0.214150 0.397001 -0.176175
v -0.213290 0.399270 -0.177894
v -0.212843 0.403955 -0.178789
v -0.212843 0.571005 -0.178789
v -0.213290 0.575690 -0.177894
v -0.214150 0.578655 -0.176175
v -0.211350 0.397698 -0.175150
v -0.210325 0.400130 -0.176175
v -0.209861 0.403955 -0.176639
v -0.209861 0.571005 -0.176639
v -0.210325 0.574830 -0.176175
v -0.211350 0.577630 -0.175150
v -0.228650 0.397698 0.175150
v -0.229675 0.400130 0.176175
v -0.230139 0.403955 0.176639
v -0.230139 0.571005 0.176639
v -0.229675 0.574830 0.176175
v -0.228650 0.577630 0.175150
v -0.225850 0.397001 0.176175
v -0.226710 0.399270 0.177894
v -0.227157 0.403955 0.178789
v -0.227157 0.571005 0.178789
v -0.226710 0.575690 0.177894
v -0.225850 0.578655 0.176175
v -0.222025 0.396685 0.176639
v -0.222025 0.398823 0.178789
v -0.222025 0.403955 0.180000
v -0.222025 0.571005 0.180000
v -0.222025 0.576137 0.178789
v -0.222025 0.579119 0.176639
v -0.217975 0.396685 0.176639
v -0.217975 0.398823 0.178789
v -0.217975 0.403955 0.180000
v -0.217975 0.571005 0.180000
v -0.217975 0.576137 0.178789
v -0.217975 0.579119 0.176639
v -0.214150 0.397001 0.176175
v -0.213290 0.399270 0.177894
v -0.212843 0.403955 0.178789
v -0.212843 0.571005 0.178789
v -0.213290 0.575690 0.177894
v -0.214150 0.578655 0.176175
v -0.211350 0.397698 0.175150
v -0.210325 0.400130 0.176175
v -0.209861 0.403955 0.176639
v -0.209861 0.571005 0.176639
v -0.210325 0.574830 0.176175
v -0.211350 0.577630 0.175150
v 0.211350 0.397698 -0.175150
v 0.210325 0.397001 -0.172350
v 0.209861 0.396685 -0.168525
v 0.209861 0.396685 0.168525
v 0.210325 0.397001 0.172350
v 0.211350 0.397698 0.175150
v 0.210325 0.400130 -0.176175
v 0.208606 0.399270 -0.173210
v 0.207711 0.398823 -0.168525
v 0.207711 0.398823 0.168525
v 0.208606 0.399270 0.173210
v 0.210325 0.400130 0.176175
v 0.209861 0.403955 -0.176639
v 0.207711 0.403955 -0.173657
v 0.206500 0.403955 -0.168525
v 0.206500 0.403955 0.168525
v 0.207711 0.403955 0.173657
v 0.209861 0.403955 0.176639
v 0.209861 0.571005 -0.176639
v 0.207711 0.571005 -0.173657
v 0.206500 0.571005 -0.168525
v 0.206500 0.571005 0.168525
v 0.207711 0.571005 0.173657
v 0.209861 0.571005 0.176639
v 0.210325 0.574830 -0.176175
v 0.208606 0.575690 -0.173210
v 0.207711 0.576137 -0.168525
v 0.207711 0.576137 0.168525
v 0.208606 0.575690 0.173210
v 0.210325 0.574830 0.176175
v 0.211350 0.577630 -0.175150
v 0.210325 0.578655 -0.172350
v 0.209861 0.579119 -0.168525
v 0.209861 0.579119 0.168525
v 0.210325 0.578655 0.172350
v 0.211350 0.577630 0.175150
v 0.228650 0.397698 -0.175150
v 0.229675 0.397001 -0.172350
v 0.230139 0.396685 -0.168525
v 0.230139 0.396685 0.168525
v 0.229675 0.397001 0.172350
v 0.228650 0.397698 0.175150
v 0.229675 0.400130 -0.176175
v 0.231394 0.399270 -0.173210
v 0.232289 0.398823 -0.168525
v 0.232289 0.398823 0.168525
v 0.231394 0.399270 0.173210
v 0.229675 0.400130 0.176175
v 0.230139 0.403955 -0.176639
v 0.232289 0.403955 -0.173657
v 0.233500 0.403955 -0.168525
v 0.233500 0.403955 0.168525
v 0.232289 0.403955 0.173657
v 0.230139 0.403955 0.176639
v 0.230139 0.571005 -0.176639
v 0.232289 0.571005 -0.173657
v 0.233500 0.571005 -0.168525
v 0.233500 0.571005 0.168525
v 0.232289 0.571005 0.173657
v 0.230139 0.571005 0.176639
v 0.229675 0.574830 -0.176175
v 0.231394 0.575690 -0.173210
v 0.232289 0.576137 -0.168525
v 0.232289 0.576137 0.168525
v 0.231394 0.575690 0.173210
v 0.229675 0.574830 0.176175
v 0.228650 0.577630 -0.175150
v 0.229675 0.578655 -0.172350
v 0.230139 0.579119 -0.168525
v 0.230139 0.579119 0.168525
v 0.229675 0.578655 0.172350
v 0.228650 0.577630 0.175150
v 0.211350 0.397698 -0.175150
v 0.214150 0.397001 -0.176175
v 0.217975 0.396685 -0.176639
v 0.222025 0.396685 -0.176639
v 0.225850 0.397001 -0.176175
v 0.228650 0.397698 -0.175150
v 0.210325 0.397001 -0.172350
v 0.213290 0.395832 -0.173210
v 0.217975 0.395224 -0.173657
v 0.222025 0.395224 -0.173657
v 0.226710 0.395832 -0.173210
v 0.229675 0.397001 -0.172350
v 0.209861 0.396685 -0.168525
v 0.212843 0.395224 -0.168525
v 0.217975 0.394400 -0.168525
v 0.222025 0.394400 -0.168525
v 0.227157 0.395224 -0.168525
v 0.230139 0.396685 -0.168525
v 0.209861 0.396685 0.168525
v 0.212843 0.395224 0.168525
v 0.217975 0.394400 0.168525
v 0.222025 0.394400 0.168525
v 0.227157 0.395224 0.168525
v 0.230139 0.396685 0.168525
v 0.210325 0.397001 0.172350
v 0.213290 0.395832 0.173210
v 0.217975 0.395224 0.173657
v 0.222025 0.395224 0.173657
v 0.226710 0.395832 0.173210
v 0.229675 0.397001 0.172350
v 0.211350 0.397698 0.175150
v 0.214150 0.397001 0.176175
v 0.217975 0.396685 0.176639
v 0.222025 0.396685 0.176639
v 0.225850 0.397001 0.176175
v 0.228650 0.397698 0.175150
v 0.211350 0.577630 -0.175150
v 0.214150 0.578655 -0.176175
v 0.217975 0.579119 -0.176639
v 0.222025 0.579119 -0.176639
v 0.225850 0.578655 -0.176175
v 0.228650 0.577630 -0.175150
v 0.210325 0.578655 -0.172350
v 0.213290 0.580374 -0.173210
v 0.217975 0.581269 -0.173657
v 0.222025 0.581269 -0.173657
v 0.226710 0.580374 -0.173210
v 0.229675 0.578655 -0.172350
v 0.209861 0.579119 -0.168525
v 0.212843 0.581269 -0.168525
v 0.217975 0.582480 -0.168525
v 0.222025 0.582480 -0.168525
v 0.227157 0.581269 -0.168525
v 0.230139 0.579119 -0.168525
v 0.209861 0.579119 0.168525
v 0.212843 0.581269 0.168525
v 0.217975 0.582480 0.168525
v 0.222025 0.582480 0.168525
v 0.227157 0.581269 0.168525
v 0.230139 0.579119 0.168525
v 0.210325 0.578655 0.172350
v 0.213290 0.580374 0.173210
v 0.217975 0.581269 0.173657
v 0.222025 0.581269 0.173657
v 0.226710 0.580374 0.173210
v 0.229675 0.578655 0.172350
v 0.211350 0.577630 0.175150
v 0.214150 0.578655 0.176175
v 0.217975 0.579119 0.176639
v 0.222025 0.579119 0.176639
v 0.225850 0.578655 0.176175
v 0.228650 0.577630 0.175150
v 0.211350 0.397698 -0.175150
v 0.210325 0.400130 -0.176175
v 0.209861 0.403955 -0.176639
v 0.209861 0.571005 -0.176639
v 0.210325 0.574830 -0.176175
v 0.211350 0.577630 -0.175150
v 0.214150 0.397001 -0.176175
v 0.213290 0.399270 -0.177894
v 0.212843 0.403955 -0.178789
v 0.212843 0.571005 -0.178789
v 0.213290 0.575690 -0.177894
v 0.214150 0.578655 -0.176175
v 0.217975 0.396685 -0.176639
v 0.217975 0.398823 -0.178789
v 0.217975 0.403955 -0.180000
v 0.217975 0.571005 -0.180000
v 0.217975 0.576137 -0.178789
v 0.217975 0.579119 -0.176639
v 0.222025 0.396685 -0.176639
v 0.222025 0.398823 -0.178789
v 0.222025 0.403955 -0.180000
v 0.222025 0.571005 -0.180000
v 0.222025 0.576137 -0.178789
v 0.222025 0.579119 -0.176639
v 0.225850 0.397001 -0.176175
v 0.226710 0.399270 -0.177894
v 0.227157 0.403955 -0.178789
v 0.227157 0.571005 -0.178789
v 0.226710 0.575690 -0.177894
v 0.225850 0.578655 -0.176175
v 0.228650 0.397698 -0.175150
v 0.229675 0.400130 -0.176175
v 0.230139 0.403955 -0.176639
v 0.230139 0.571005 -0.176639
v 0.229675 0.574830 -0.176175
v 0.228650 0.577630 -0.175150
v 0.211350 0.397698 0.175150
v 0.210325 0.400130 0.176175
v 0.209861 0.403955 0.176639
v 0.209861 0.571005 0.176639
v 0.210325 0.574830 0.176175
v 0.211350 0.577630 0.175150
v 0.214150 0.397001 0.176175
v 0.213290 0.399270 0.177894
v 0.212843 0.403955 0.178789
v 0.212843 0.571005 0.178789
v 0.213290 0.575690 0.177894
v 0.214150 0.578655 0.176175
v 0.217975 0.396685 0.176639
v 0.217975 0.398823 0.178789
v 0.217975 0.403955 0.180000
v 0.217975 0.571005 0.180000
v 0.217975 0.576137 0.178789
v 0.217975 0.579119 0.176639
v 0.222025 0.396685 0.176639
v 0.222025 0.398823 0.178789
v 0.222025 0.403955 0.180000
v 0.222025 0.571005 0.180000
v 0.222025 0.576137 0.178789
v 0.222025 0.579119 0.176639
v 0.225850 0.397001 0.176175
v 0.226710 0.399270 0.177894
v 0.227157 0.403955 0.178789
v 0.227157 0.571005 0.178789
v 0.226710 0.575690 0.177894
v 0.225850 0.578655 0.176175
v 0.228650 0.397698 0.175150
v 0.229675 0.400130 0.176175
v 0.230139 0.403955 0.176639
v 0.230139 0.571005 0.176639
v 0.229675 0.574830 0.176175
v 0.228650 0.577630 0.175150
vn -0.534955 -0.653947 -0.534955
vn -0.565915 -0.756158 -0.328582
vn -0.574409 -0.818559 -0.003887
vn -0.574232 -0.818692 0.000774
vn -0.570048 -0.791993 0.218613
vn -0.523564 -0.682997 0.509309
vn -0.641344 -0.421136 -0.641344
vn -0.837648 -0.400850 -0.371032
vn -0.864392 -0.502806 -0.003662
vn -0.937745 -0.347317 0.002132
vn -0.878289 -0.351081 0.324579
vn -0.677729 -0.336985 0.653548
vn -0.707077 -0.009124 -0.707077
vn -0.897468 -0.006762 -0.441028
vn -0.999888 -0.013377 -0.006681
vn -0.999992 -0.003637 0.001850
vn -0.944504 -0.004566 0.328469
vn -0.742230 -0.004389 0.670131
vn -0.707105 0.001942 -0.707105
vn -0.944504 0.004566 -0.328469
vn -0.999992 0.003637 -0.001850
vn -0.999888 0.013377 0.006681
vn -0.897468 0.006762 0.441028
vn -0.670131 0.004389 0.742230
vn -0.682272 0.262698 -0.682272
vn -0.884494 0.329902 -0.329902
vn -0.944887 0.327389 -0.002289
vn -0.896568 0.442893 0.003404
vn -0.855957 0.365607 0.365607
vn -0.661762 0.317377 0.679222
vn -0.587065 0.557412 -0.587065
vn -0.679222 0.661762 -0.317377
vn -0.743249 0.669012 -0.002201
vn -0.669012 0.743249 0.002201
vn -0.661762 0.679222 0.317377
vn -0.557412 0.587065 0.587065
vn 0.509309 -0.682997 -0.523564
vn 0.563200 -0.780127 -0.272410
vn 0.530616 -0.847611 -0.001867
vn 0.617664 -0.786440 0.001776
vn 0.575129 -0.773989 0.264893
vn 0.540963 -0.643987 0.540963
vn 0.653548 -0.336985 -0.677729
vn 0.837648 -0.400850 -0.371032
vn 0.864392 -0.502806 -0.003662
vn 0.937745 -0.347317 0.002132
vn 0.878289 -0.351081 0.324579
vn 0.680731 -0.270575 0.680731
vn 0.670131 -0.004389 -0.742230
vn 0.897468 -0.006762 -0.441028
vn 0.999888 -0.013377 -0.006681
vn 0.999992 -0.003637 0.001850
vn 0.944504 -0.004566 0.328469
vn 0.707105 -0.001942 0.707105
vn 0.742230 0.004389 -0.670131
vn 0.944504 0.004566 -0.328469
vn 0.999992 0.003637 -0.001850
vn 0.999888 0.013377 0.006681
vn 0.897468 0.006762 0.441028
vn 0.707077 0.009124 0.707077
vn 0.679222 0.317377 -0.661762
vn 0.884494 0.329902 -0.329902
vn 0.944887 0.327389 -0.002289
vn 0.896568 0.442893 0.003404
vn 0.855957 0.365607 0.365607
vn 0.653281 0.382683 0.653281
vn 0.587065 0.587065 -0.557412
vn 0.682272 0.682272 -0.262698
vn 0.707106 0.707106 -0.000968
vn 0.707099 0.707099 0.004631
vn 0.653281 0.653281 0.382683
vn 0.577350 0.577350 0.577350
vn -0.534955 -0.653947 -0.534955
vn -0.328582 -0.756158 -0.565915
vn -0.108658 -0.810284 -0.575876
vn 0.043967 -0.817901 -0.573677
vn 0.218613 -0.791993 -0.570048
vn 0.509309 -0.682997 -0.523564
vn -0.565915 -0.756158 -0.328582
vn -0.268668 -0.925005 -0.268668
vn -0.088120 -0.960573 -0.263694
vn 0.069724 -0.962273 -0.263001
vn 0.238736 -0.941281 -0.238736
vn 0.563200 -0.780127 -0.272410
vn -0.574409 -0.818559 -0.003887
vn -0.318425 -0.947945 -0.002447
vn -0.113631 -0.993521 -0.002214
vn 0.062809 -0.998023 -0.002355
vn 0.229330 -0.973347 -0.001603
vn 0.530616 -0.847611 -0.001867
vn -0.574232 -0.818692 0.000774
vn -0.229330 -0.973347 0.001603
vn -0.062809 -0.998023 0.002355
vn 0.113631 -0.993521 0.002214
vn 0.318425 -0.947945 0.002447
vn 0.617664 -0.786440 0.001776
vn -0.570048 -0.791993 0.218613
vn -0.238736 -0.941281 0.238736
vn -0.069724 -0.962273 0.263001
vn 0.088120 -0.960573 0.263694
vn 0.268668 -0.925005 0.268668
vn 0.575129 -0.773989 0.264893
vn -0.523564 -0.682997 0.509309
vn -0.272410 -0.780127 0.563200
vn -0.080090 -0.806638 0.585594
vn 0.073719 -0.822117 0.564526
vn 0.264893 -0.773989 0.575129
vn 0.540963 -0.643987 0.540963
vn -0.587065 0.557412 -0.587065
vn -0.317377 0.661762 -0.679222
vn -0.092966 0.711455 -0.696556
vn 0.092966 0.696556 -0.711455
vn 0.317377 0.679222 -0.661762
vn 0.587065 0.587065 -0.557412
vn -0.679222 0.661762 -0.317377
vn -0.365607 0.855957 -0.365607
vn -0.124130 0.920116 -0.371453
vn 0.098389 0.923356 -0.371125
vn 0.329902 0.884494 -0.329902
vn 0.682272 0.682272 -0.262698
vn -0.743249 0.669012 -0.002201
vn -0.442893 0.896568 -0.003404
vn -0.165864 0.986143 -0.003231
vn 0.092155 0.995739 -0.003455
vn 0.327389 0.944887 -0.002289
vn 0.707106 0.707106 -0.000968
vn -0.669012 0.743249 0.002201
vn -0.327389 0.944887 0.002289
vn -0.092155 0.995739 0.003455
vn 0.165864 0.986143 0.003231
vn 0.442893 0.896568 0.003404
vn 0.707099 0.707099 0.004631
vn -0.661762 0.679222 0.317377
vn -0.329902 0.884494 0.329902
vn -0.098389 0.923356 0.371125
vn 0.124130 0.920116 0.371453
vn 0.365607 0.855957 0.365607
vn 0.653281 0.653281 0.382683
vn -0.557412 0.587065 0.587065
vn -0.262698 0.682272 0.682272
vn -0.054950 0.706038 0.706038
vn 0.129670 0.701137 0.701137
vn 0.382683 0.653281 0.653281
vn 0.577350 0.577350 0.577350
vn -0.534955 -0.653947 -0.534955
vn -0.641344 -0.421136 -0.641344
vn -0.707077 -0.009124 -0.707077
vn -0.707105 0.001942 -0.707105
vn -0.682272 0.262698 -0.682272
vn -0.587065 0.557412 -0.587065
vn -0.328582 -0.756158 -0.565915
vn -0.371032 -0.400850 -0.837648
vn -0.441028 -0.006762 -0.897468
vn -0.328469 0.004566 -0.944504
vn -0.329902 0.329902 -0.884494
vn -0.317377 0.661762 -0.679222
vn -0.108658 -0.810284 -0.575876
vn -0.128643 -0.406212 -0.904678
vn -0.164837 -0.006429 -0.986300
vn -0.093122 0.006864 -0.995631
vn -0.098389 0.371125 -0.923356
vn -0.092966 0.711455 -0.696556
vn 0.043967 -0.817901 -0.573677
vn 0.094200 -0.404684 -0.909592
vn 0.093122 -0.006864 -0.995631
vn 0.164837 0.006429 -0.986300
vn 0.124130 0.371453 -0.920116
vn 0.092966 0.696556 -0.711455
vn 0.218613 -0.791993 -0.570048
vn 0.324579 -0.351081 -0.878289
vn 0.328469 -0.004566 -0.944504
vn 0.441028 0.006762 -0.897468
vn 0.365607 0.365607 -0.855957
vn 0.317377 0.679222 -0.661762
vn 0.509309 -0.682997 -0.523564
vn 0.653548 -0.336985 -0.677729
vn 0.670131 -0.004389 -0.742230
vn 0.742230 0.004389 -0.670131
vn 0.679222 0.317377 -0.661762
vn 0.587065 0.587065 -0.557412
vn -0.523564 -0.682997 0.509309
vn -0.677729 -0.336985 0.653548
vn -0.742230 -0.004389 0.670131
vn -0.670131 0.004389 0.742230
vn -0.661762 0.317377 0.679222
vn -0.557412 0.587065 0.587065
vn -0.272410 -0.780127 0.563200
vn -0.371032 -0.400850 0.837648
vn -0.441028 -0.006762 0.897468
vn -0.328469 0.004566 0.944504
vn -0.329902 0.329902 0.884494
vn -0.262698 0.682272 0.682272
vn -0.080090 -0.806638 0.585594
vn -0.128643 -0.406212 0.904678
vn -0.164837 -0.006429 0.986300
vn -0.093122 0.006864 0.995631
vn -0.098389 0.371125 0.923356
vn -0.054950 0.706038 0.706038
vn 0.073719 -0.822117 0.564526
vn 0.094200 -0.404684 0.909592
vn 0.093122 -0.006864 0.995631
vn 0.164837 0.006429 0.986300
vn 0.124130 0.371453 0.920116
vn 0.129670 0.701137 0.701137
vn 0.264893 -0.773989 0.575129
vn 0.324579 -0.351081 0.878289
vn 0.328469 -0.004566 0.944504
vn 0.441028 0.006762 0.897468
vn 0.365607 0.365607 0.855957
vn 0.382683 0.653281 0.653281
vn 0.540963 -0.643987 0.540963
vn 0.680731 -0.270575 0.680731
vn 0.707105 -0.001942 0.707105
vn 0.707077 0.009124 0.707077
vn 0.653281 0.382683 0.653281
vn 0.577350 0.577350 0.577350
vn -0.534955 -0.653947 -0.534955
vn -0.565915 -0.756158 -0.328582
vn -0.574409 -0.818559 -0.003887
vn -0.574232 -0.818692 0.000774
vn -0.570048 -0.791993 0.218613
vn -0.523564 -0.682997 0.509309
vn -0.641344 -0.421136 -0.641344
vn -0.837648 -0.400850 -0.371032
vn -0.864392 -0.502806 -0.003662
vn -0.937745 -0.347317 0.002132
vn -0.878289 -0.351081 0.324579
vn -0.677729 -0.336985 0.653548
vn -0.707077 -0.009124 -0.707077
vn -0.897468 -0.006762 -0.441028
vn -0.999888 -0.013377 -0.006681
vn -0.999992 -0.003637 0.001850
vn -0.944504 -0.004566 0.328469
vn -0.742230 -0.004389 0.670131
vn -0.707105 0.001942 -0.707105
vn -0.944504 0.004566 -0.328469
vn -0.999992 0.003637 -0.001850
vn -0.999888 0.013377 0.006681
vn -0.897468 0.006762 0.441028
vn -0.670131 0.004389 0.742230
vn -0.682272 0.262698 -0.682272
vn -0.884494 0.329902 -0.329902
vn -0.944887 0.327389 -0.002289
vn -0.896568 0.442893 0.003404
vn -0.855957 0.365607 0.365607
vn -0.661762 0.317377 0.679222
vn -0.587065 0.557412 -0.587065
vn -0.679222 0.661762 -0.317377
vn -0.743249 0.669012 -0.002201
vn -0.669012 0.743249 0.002201
vn -0.661762 0.679222 0.317377
vn -0.557412 0.587065 0.587065
vn 0.509309 -0.682997 -0.523564
vn 0.563200 -0.780127 -0.272410
vn 0.530616 -0.847611 -0.001867
vn 0.617664 -0.786440 0.001776
vn 0.575129 -0.773989 0.264893
vn 0.540963 -0.643987 0.540963
vn 0.653548 -0.336985 -0.677729
vn 0.837648 -0.400850 -0.371032
vn 0.864392 -0.502806 -0.003662
vn 0.937745 -0.347317 0.002132
vn 0.878289 -0.351081 0.324579
vn 0.680731 -0.270575 0.680731
vn 0.670131 -0.004389 -0.742230
vn 0.897468 -0.006762 -0.441028
vn 0.999888 -0.013377 -0.006681
vn 0.999992 -0.003637 0.001850
vn 0.944504 -0.004566 0.328469
vn 0.707105 -0.001942 0.707105
vn 0.742230 0.004389 -0.670131
vn 0.944504 0.004566 -0.328469
vn 0.999992 0.003637 -0.001850
vn 0.999888 0.013377 0.006681
vn 0.897468 0.006762 0.441028
vn 0.707077 0.009124 0.707077
vn 0.679222 0.317377 -0.661762
vn 0.884494 0.329902 -0.329902
vn 0.944887 0.327389 -0.002289
vn 0.896568 0.442893 0.003404
vn 0.855957 0.365607 0.365607
vn 0.653281 0.382683 0.653281
vn 0.587065 0.587065 -0.557412
vn 0.682272 0.682272 -0.262698
vn 0.707106 0.707106 -0.000968
vn 0.707099 0.707099 0.004631
vn 0.653281 0.653281 0.382683
vn 0.577350 0.577350 0.577350
vn -0.534955 -0.653947 -0.534955
vn -0.328582 -0.756158 -0.565915
vn -0.108658 -0.810284 -0.575876
vn 0.043967 -0.817901 -0.573677
vn 0.218613 -0.791993 -0.570048
vn 0.509309 -0.682997 -0.523564
vn -0.565915 -0.756158 -0.328582
vn -0.268668 -0.925005 -0.268668
vn -0.088120 -0.960573 -0.263694
vn 0.069724 -0.962273 -0.263001
vn 0.238736 -0.941281 -0.238736
vn 0.563200 -0.780127 -0.272410
vn -0.574409 -0.818559 -0.003887
vn -0.318425 -0.947945 -0.002447
vn -0.113631 -0.993521 -0.002214
vn 0.062809 -0.998023 -0.002355
vn 0.229330 -0.973347 -0.001603
vn 0.530616 -0.847611 -0.001867
vn -0.574232 -0.818692 0.000774
vn -0.229330 -0.973347 0.001603
vn -0.062809 -0.998023 0.002355
vn 0.113631 -0.993521 0.002214
vn 0.318425 -0.947945 0.002447
vn 0.617664 -0.786440 0.001776
vn -0.570048 -0.791993 0.218613
vn -0.238736 -0.941281 0.238736
vn -0.069724 -0.962273 0.263001
vn 0.088120 -0.960573 0.263694
vn 0.268668 -0.925005 0.268668
vn 0.575129 -0.773989 0.264893
vn -0.523564 -0.682997 0.509309
vn -0.272410 -0.780127 0.563200
vn -0.080090 -0.806638 0.585594
vn 0.073719 -0.822117 0.564526
vn 0.264893 -0.773989 0.575129
vn 0.540963 -0.643987 0.540963
vn -0.587065 0.557412 -0.587065
vn -0.317377 0.661762 -0.679222
vn -0.092966 0.711455 -0.696556
vn 0.092966 0.696556 -0.711455
vn 0.317377 0.679222 -0.661762
vn 0.587065 0.587065 -0.557412
vn -0.679222 0.661762 -0.317377
vn -0.365607 0.855957 -0.365607
vn -0.124130 0.920116 -0.371453
vn 0.098389 0.923356 -0.371125
vn 0.329902 0.884494 -0.329902
vn 0.682272 0.682272 -0.262698
vn -0.743249 0.669012 -0.002201
vn -0.442893 0.896568 -0.003404
vn -0.165864 0.986143 -0.003231
vn 0.092155 0.995739 -0.003455
vn 0.327389 0.944887 -0.002289
vn 0.707106 0.707106 -0.000968
vn -0.669012 0.743249 0.002201
vn -0.327389 0.944887 0.002289
vn -0.092155 0.995739 0.003455
vn 0.165864 0.986143 0.003231
vn 0.442893 0.896568 0.003404
vn 0.707099 0.707099 0.004631
vn -0.661762 0.679222 0.317377
vn -0.329902 0.884494 0.329902
vn -0.098389 0.923356 0.371125
vn 0.124130 0.920116 0.371453
vn 0.365607 0.855957 0.365607
vn 0.653281 0.653281 0.382683
vn -0.557412 0.587065 0.587065
vn -0.262698 0.682272 0.682272
vn -0.054950 0.706038 0.706038
vn 0.129670 0.701137 0.701137
vn 0.382683 0.653281 0.653281
vn 0.577350 0.577350 0.577350
vn -0.534955 -0.653947 -0.534955
vn -0.641344 -0.421136 -0.641344
vn -0.707077 -0.009124 -0.707077
vn -0.707105 0.001942 -0.707105
vn -0.682272 0.262698 -0.682272
vn -0.587065 0.557412 -0.587065
vn -0.328582 -0.756158 -0.565915
vn -0.371032 -0.400850 -0.837648
vn -0.441028 -0.006762 -0.897468
vn -0.328469 0.004566 -0.944504
vn -0.329902 0.329902 -0.884494
vn -0.317377 0.661762 -0.679222
vn -0.108658 -0.810284 -0.575876
vn -0.128643 -0.406212 -0.904678
vn -0.164837 -0.006429 -0.986300
vn -0.093122 0.006864 -0.995631
vn -0.098389 0.371125 -0.923356
vn -0.092966 0.711455 -0.696556
vn 0.043967 -0.817901 -0.573677
vn 0.094200 -0.404684 -0.909592
vn 0.093122 -0.006864 -0.995631
vn 0.164837 0.006429 -0.986300
vn 0.124130 0.371453 -0.920116
vn 0.092966 0.696556 -0.711455
vn 0.218613 -0.791993 -0.570048
vn 0.324579 -0.351081 -0.878289
vn 0.328469 -0.004566 -0.944504
vn 0.441028 0.006762 -0.897468
vn 0.365607 0.365607 -0.855957
vn 0.317377 0.679222 -0.661762
vn 0.509309 -0.682997 -0.523564
vn 0.653548 -0.336985 -0.677729
vn 0.670131 -0.004389 -0.742230
vn 0.742230 0.004389 -0.670131
vn 0.679222 0.317377 -0.661762
vn 0.587065 0.587065 -0.557412
vn -0.523564 -0.682997 0.509309
vn -0.677729 -0.336985 0.653548
vn -0.742230 -0.004389 0.670131
vn -0.670131 0.004389 0.742230
vn -0.661762 0.317377 0.679222
vn -0.557412 0.587065 0.587065
vn -0.272410 -0.780127 0.563200
vn -0.371032 -0.400850 0.837648
vn -0.441028 -0.006762 0.897468
vn -0.328469 0.004566 0.944504
vn -0.329902 0.329902 0.884494
vn -0.262698 0.682272 0.682272
vn -0.080090 -0.806638 0.585594
vn -0.128643 -0.406212 0.904678
vn -0.164837 -0.006429 0.986300
vn -0.093122 0.006864 0.995631
vn -0.098389 0.371125 0.923356
vn -0.054950 0.706038 0.706038
vn 0.073719 -0.822117 0.564526
vn 0.094200 -0.404684 0.909592
vn 0.093122 -0.006864 0.995631
vn 0.164837 0.006429 0.986300
vn 0.124130 0.371453 0.920116
vn 0.129670 0.701137 0.701137
vn 0.264893 -0.773989 0.575129
vn 0.324579 -0.351081 0.878289
vn 0.328469 -0.004566 0.944504
vn 0.441028 0.006762 0.897468
vn 0.365607 0.365607 0.855957
vn 0.382683 0.653281 0.653281
vn 0.540963 -0.643987 0.540963
vn 0.680731 -0.270575 0.680731
vn 0.707105 -0.001942 0.707105
vn 0.707077 0.009124 0.707077
vn 0.653281 0.382683 0.653281
vn 0.577350 0.577350 0.577350
f 5933//5933 5938//5938 5932//5932
f 5939//5939 5938//5938 5933//5933
f 5934//5934 5939//5939 5933//5933
f 5940//5940 5939//5939 5934//5934
f 5935//5935 5940//5940 5934//5934
f 5941//5941 5940//5940 5935//5935
f 5936//5936 5941//5941 5935//5935
f 5942//5942 5941//5941 5936//5936
f 5937//5937 5942//5942 5936//5936
f 5943//5943 5942//5942 5937//5937
f 5939//5939 5944//5944 5938//5938
f 5945//5945 5944//5944 5939//5939
f 5940//5940 5945//5945 5939//5939
f 5946//5946 5945//5945 5940//5940
f 5941//5941 5946//5946 5940//5940
f 5947//5947 5946//5946 5941//5941
f 5942//5942 5947//5947 5941//5941
f 5948//5948 5947//5947 5942//5942
f 5943//5943 5948//5948 5942//5942
f 5949//5949 5948//5948 5943//5943
f 5945//5945 5950//5950 5944//5944
f 5951//5951 5950//5950 5945//5945
f 5946//5946 5951//5951 5945//5945
f 5952//5952 5951//5951 5946//5946
f 5947//5947 5952//5952 5946//5946
f 5953//5953 5952//5952 5947//5947
f 5948//5948 5953//5953 5947//5947
f 5954//5954 5953//5953 5948//5948
f 5949//5949 5954//5954 5948//5948
f 5955//5955 5954//5954 5949//5949
f 5951//5951 5956//5956 5950//5950
f 5957//5957 5956//5956 5951//5951
f 5952//5952 5957//5957 5951//5951
f 5958//5958 5957//5957 5952//5952
f 5953//5953 5958//5958 5952//5952
f 5959//5959 5958//5958 5953//5953
f 5954//5954 5959//5959 5953//5953
f 5960//5960 5959//5959 5954//5954
f 5955//5955 5960//5960 5954//5954
f 5961//5961 5960//5960 5955//5955
f 5957//5957 5962//5962 5956//5956
f 5963//5963 5962//5962 5957//5957
f 5958//5958 5963//5963 5957//5957
f 5964//5964 5963//5963 5958//5958
f 5959//5959 5964//5964 5958//5958
f 5965//5965 5964//5964 5959//5959
f 5960//5960 5965//5965 5959//5959
f 5966//5966 5965//5965 5960//5960
f 5961//5961 5966//5966 5960//5960
f 5967//5967 5966//5966 5961//5961
f 5968//5968 5974//5974 5969//5969
f 5969//5969 5974//5974 5975//5975
f 5969//5969 5975//5975 5970//5970
f 5970//5970 5975//5975 5976//5976
f 5970//5970 5976//5976 5971//5971
f 5971//5971 5976//5976 5977//5977
f 5971//5971 5977//5977 5972//5972
f 5972//5972 5977//5977 5978//5978
f 5972//5972 5978//5978 5973//5973
f 5973//5973 5978//5978 5979//5979
f 5974//5974 5980//5980 5975//5975
f 5975//5975 5980//5980 5981//5981
f 5975//5975 5981//5981 5976//5976
f 5976//5976 5981//5981 5982//5982
f 5976//5976 5982//5982 5977//5977
f 5977//5977 5982//5982 5983//5983
f 5977//5977 5983//5983 5978//5978
f 5978//5978 5983//5983 5984//5984
f 5978//5978 5984//5984 5979//5979
f 5979//5979 5984//5984 5985//5985
f 5980//5980 5986//5986 5981//5981
f 5981//5981 5986//5986 5987//5987
f 5981//5981 5987//5987 5982//5982
f 5982//5982 5987//5987 5988//5988
f 5982//5982 5988//5988 5983//5983
f 5983//5983 5988//5988 5989//5989
f 5983//5983 5989//5989 5984//5984
f 5984//5984 5989//5989 5990//5990
f 5984//5984 5990//5990 5985//5985
f 5985//5985 5990//5990 5991//5991
f 5986//5986 5992//5992 5987//5987
f 5987//5987 5992//5992 5993//5993
f 5987//5987 5993//5993 5988//5988
f 5988//5988 5993//5993 5994//5994
f 5988//5988 5994//5994 5989//5989
f 5989//5989 5994//5994 5995//5995
f 5989//5989 5995//5995 5990//5990
f 5990//5990 5995//5995 5996//5996
f 5990//5990 5996//5996 5991//5991
f 5991//5991 5996//5996 5997//5997
f 5992//5992 5998//5998 5993//5993
f 5993//5993 5998//5998 5999//5999
f 5993//5993 5999//5999 5994//5994
f 5994//5994 5999//5999 6000//6000
f 5994//5994 6000//6000 5995//5995
f 5995//5995 6000//6000 6001//6001
f 5995//5995 6001//6001 5996//5996
f 5996//5996 6001//6001 6002//6002
f 5996//5996 6002//6002 5997//5997
f 5997//5997 6002//6002 6003//6003
f 6005//6005 6010//6010 6004//6004
f 6011//6011 6010//6010 6005//6005
f 6006//6006 6011//6011 6005//6005
f 6012//6012 6011//6011 6006//6006
f 6007//6007 6012//6012 6006//6006
f 6013//6013 6012//6012 6007//6007
f 6008//6008 6013//6013 6007//6007
f 6014//6014 6013//6013 6008//6008
f 6009//6009 6014//6014 6008//6008
f 6015//6015 6014//6014 6009//6009
f 6011//6011 6016//6016 6010//6010
f 6017//6017 6016//6016 6011//6011
f 6012//6012 6017//6017 6011//6011
f 6018//6018 6017//6017 6012//6012
f 6013//6013 6018//6018 6012//6012
f 6019//6019 6018//6018 6013//6013
f 6014//6014 6019//6019 6013//6013
f 6020//6020 6019//6019 6014//6014
f 6015//6015 6020//6020 6014//6014
f 6021//6021 6020//6020 6015//6015
f 6017//6017 6022//6022 6016//6016
f 6023//6023 6022//6022 6017//6017
f 6018//6018 6023//6023 6017//6017
f 6024//6024 6023//6023 6018//6018
f 6019//6019 6024//6024 6018//6018
f 6025//6025 6024//6024 6019//6019
f 6020//6020 6025//6025 6019//6019
f 6026//6026 6025//6025 6020//6020
f 6021//6021 6026//6026 6020//6020
f 6027//6027 6026//6026 6021//6021
f 6023//6023 6028//6028 6022//6022
f 6029//6029 6028//6028 6023//6023
f 6024//6024 6029//6029 6023//6023
f 6030//6030 6029//6029 6024//6024
f 6025//6025 6030//6030 6024//6024
f 6031//6031 6030//6030 6025//6025
f 6026//6026 6031//6031 6025//6025
f 6032//6032 6031//6031 6026//6026
f 6027//6027 6032//6032 6026//6026
f 6033//6033 6032//6032 6027//6027
f 6029//6029 6034//6034 6028//6028
f 6035//6035 6034//6034 6029//6029
f 6030//6030 6035//6035 6029//6029
f 6036//6036 6035//6035 6030//6030
f 6031//6031 6036//6036 6030//6030
f 6037//6037 6036//6036 6031//6031
f 6032//6032 6037//6037 6031//6031
f 6038//6038 6037//6037 6032//6032
f 6033//6033 6038//6038 6032//6032
f 6039//6039 6038//6038 6033//6033
f 6040//6040 6046//6046 6041//6041
f 6041//6041 6046//6046 6047//6047
f 6041//6041 6047//6047 6042//6042
f 6042//6042 6047//6047 6048//6048
f 6042//6042 6048//6048 6043//6043
f 6043//6043 6048//6048 6049//6049
f 6043//6043 6049//6049 6044//6044
f 6044//6044 6049//6049 6050//6050
f 6044//6044 6050//6050 6045//6045
f 6045//6045 6050//6050 6051//6051
f 6046//6046 6052//6052 6047//6047
f 6047//6047 6052//6052 6053//6053
f 6047//6047 6053//6053 6048//6048
f 6048//6048 6053//6053 6054//6054
f 6048//6048 6054//6054 6049//6049
f 6049//6049 6054//6054 6055//6055
f 6049//6049 6055//6055 6050//6050
f 6050//6050 6055//6055 6056//6056
f 6050//6050 6056//6056 6051//6051
f 6051//6051 6056//6056 6057//6057
f 6052//6052 6058//6058 6053//6053
f 6053//6053 6058//6058 6059//6059
f 6053//6053 6059//6059 6054//6054
f 6054//6054 6059//6059 6060//6060
f 6054//6054 6060//6060 6055//6055
f 6055//6055 6060//6060 6061//6061
f 6055//6055 6061//6061 6056//6056
f 6056//6056 6061//6061 6062//6062
f 6056//6056 6062//6062 6057//6057
f 6057//6057 6062//6062 6063//6063
f 6058//6058 6064//6064 6059//6059
f 6059//6059 6064//6064 6065//6065
f 6059//6059 6065//6065 6060//6060
f 6060//6060 6065//6065 6066//6066
f 6060//6060 6066//6066 6061//6061
f 6061//6061 6066//6066 6067//6067
f 6061//6061 6067//6067 6062//6062
f 6062//6062 6067//6067 6068//6068
f 6062//6062 6068//6068 6063//6063
f 6063//6063 6068//6068 6069//6069
f 6064//6064 6070//6070 6065//6065
f 6065//6065 6070//6070 6071//6071
f 6065//6065 6071//6071 6066//6066
f 6066//6066 6071//6071 6072//6072
f 6066//6066 6072//6072 6067//6067
f 6067//6067 6072//6072 6073//6073
f 6067//6067 6073//6073 6068//6068
f 6068//6068 6073//6073 6074//6074
f 6068//6068 6074//6074 6069//6069
f 6069//6069 6074//6074 6075//6075
f 6077//6077 6082//6082 6076//6076
f 6083//6083 6082//6082 6077//6077
f 6078//6078 6083//6083 6077//6077
f 6084//6084 6083//6083 6078//6078
f 6079//6079 6084//6084 6078//6078
f 6085//6085 6084//6084 6079//6079
f 6080//6080 6085//6085 6079//6079
f 6086//6086 6085//6085 6080//6080
f 6081//6081 6086//6086 6080//6080
f 6087//6087 6086//6086 6081//6081
f 6083//6083 6088//6088 6082//6082
f 6089//6089 6088//6088 6083//6083
f 6084//6084 6089//6089 6083//6083
f 6090//6090 6089//6089 6084//6084
f 6085//6085 6090//6090 6084//6084
f 6091//6091 6090//6090 6085//6085
f 6086//6086 6091//6091 6085//6085
f 6092//6092 6091//6091 6086//6086
f 6087//6087 6092//6092 6086//6086
f 6093//6093 6092//6092 6087//6087
f 6089//6089 6094//6094 6088//6088
f 6095//6095 6094//6094 6089//6089
f 6090//6090 6095//6095 6089//6089
f 6096//6096 6095//6095 6090//6090
f 6091//6091 6096//6096 6090//6090
f 6097//6097 6096//6096 6091//6091
f 6092//6092 6097//6097 6091//6091
f 6098//6098 6097//6097 6092//6092
f 6093//6093 6098//6098 6092//6092
f 6099//6099 6098//6098 6093//6093
f 6095//6095 6100//6100 6094//6094
f 6101//6101 6100//6100 6095//6095
f 6096//6096 6101//6101 6095//6095
f 6102//6102 6101//6101 6096//6096
f 6097//6097 6102//6102 6096//6096
f 6103//6103 6102//6102 6097//6097
f 6098//6098 6103//6103 6097//6097
f 6104//6104 6103//6103 6098//6098
f 6099//6099 6104//6104 6098//6098
f 6105//6105 6104//6104 6099//6099
f 6101//6101 6106//6106 6100//6100
f 6107//6107 6106//6106 6101//6101
f 6102//6102 6107//6107 6101//6101
f 6108//6108 6107//6107 6102//6102
f 6103//6103 6108//6108 6102//6102
f 6109//6109 6108//6108 6103//6103
f 6104//6104 6109//6109 6103//6103
f 6110//6110 6109//6109 6104//6104
f 6105//6105 6110//6110 6104//6104
f 6111//6111 6110//6110 6105//6105
f 6112//6112 6118//6118 6113//6113
f 6113//6113 6118//6118 6119//6119
f 6113//6113 6119//6119 6114//6114
f 6114//6114 6119//6119 6120//6120
f 6114//6114 6120//6120 6115//6115
f 6115//6115 6120//6120 6121//6121
f 6115//6115 6121//6121 6116//6116
f 6116//6116 6121//6121 6122//6122
f 6116//6116 6122//6122 6117//6117
f 6117//6117 6122//6122 6123//6123
f 6118//6118 6124//6124 6119//6119
f 6119//6119 6124//6124 6125//6125
f 6119//6119 6125//6125 6120//6120
f 6120//6120 6125//6125 6126//6126
f 6120//6120 6126//6126 6121//6121
f 6121//6121 6126//6126 6127//6127
f 6121//6121 6127//6127 6122//6122
f 6122//6122 6127//6127 6128//6128
f 6122//6122 6128//6128 6123//6123
f 6123//6123 6128//6128 6129//6129
f 6124//6124 6130//6130 6125//6125
f 6125//6125 6130//6130 6131//6131
f 6125//6125 6131//6131 6126//6126
f 6126//6126 6131//6131 6132//6132
f 6126//6126 6132//6132 6127//6127
f 6127//6127 6132//6132 6133//6133
f 6127//6127 6133//6133 6128//6128
f 6128//6128 6133//6133 6134//6134
f 6128//6128 6134//6134 6129//6129
f 6129//6129 6134//6134 6135//6135
f 6130//6130 6136//6136 6131//6131
f 6131//6131 6136//6136 6137//6137
f 6131//6131 6137//6137 6132//6132
f 6132//6132 6137//6137 6138//6138
f 6132//6132 6138//6138 6133//6133
f 6133//6133 6138//6138 6139//6139
f 6133//6133 6139//6139 6134//6134
f 6134//6134 6139//6139 6140//6140
f 6134//6134 6140//6140 6135//6135
f 6135//6135 6140//6140 6141//6141
f 6136//6136 6142//6142 6137//6137
f 6137//6137 6142//6142 6143//6143
f 6137//6137 6143//6143 6138//6138
f 6138//6138 6143//6143 6144//6144
f 6138//6138 6144//6144 6139//6139
f 6139//6139 6144//6144 6145//6145
f 6139//6139 6145//6145 6140//6140
f 6140//6140 6145//6145 6146//6146
f 6140//6140 6146//6146 6141//6141
f 6141//6141 6146//6146 6147//6147
f 6149//6149 6154//6154 6148//6148
f 6155//6155 6154//6154 6149//6149
f 6150//6150 6155//6155 6149//6149
f 6156//6156 6155//6155 6150//6150
f 6151//6151 6156//6156 6150//6150
f 6157//6157 6156//6156 6151//6151
f 6152//6152 6157//6157 6151//6151
f 6158//6158 6157//6157 6152//6152
f 6153//6153 6158//6158 6152//6152
f 6159//6159 6158//6158 6153//6153
f 6155//6155 6160//6160 6154//6154
f 6161//6161 6160//6160 6155//6155
f 6156//6156 6161//6161 6155//6155
f 6162//6162 6161//6161 6156//6156
f 6157//6157 6162//6162 6156//6156
f 6163//6163 6162//6162 6157//6157
f 6158//6158 6163//6163 6157//6157
f 6164//6164 6163//6163 6158//6158
f 6159//6159 6164//6164 6158//6158
f 6165//6165 6164//6164 6159//6159
f 6161//6161 6166//6166 6160//6160
f 6167//6167 6166//6166 6161//6161
f 6162//6162 6167//6167 6161//6161
f 6168//6168 6167//6167 6162//6162
f 6163//6163 6168//6168 6162//6162
f 6169//6169 6168//6168 6163//6163
f 6164//6164 6169//6169 6163//6163
f 6170//6170 6169//6169 6164//6164
f 6165//6165 6170//6170 6164//6164
f 6171//6171 6170//6170 6165//6165
f 6167//6167 6172//6172 6166//6166
f 6173//6173 6172//6172 6167//6167
f 6168//6168 6173//6173 6167//6167
f 6174//6174 6173//6173 6168//6168
f 6169//6169 6174//6174 6168//6168
f 6175//6175 6174//6174 6169//6169
f 6170//6170 6175//6175 6169//6169
f 6176//6176 6175//6175 6170//6170
f 6171//6171 6176//6176 6170//6170
f 6177//6177 6176//6176 6171//6171
f 6173//6173 6178//6178 6172//6172
f 6179//6179 6178//6178 6173//6173
f 6174//6174 6179//6179 6173//6173
f 6180//6180 6179//6179 6174//6174
f 6175//6175 6180//6180 6174//6174
f 6181//6181 6180//6180 6175//6175
f 6176//6176 6181//6181 6175//6175
f 6182//6182 6181//6181 6176//6176
f 6177//6177 6182//6182 6176//6176
f 6183//6183 6182//6182 6177//6177
f 6184//6184 6190//6190 6185//6185
f 6185//6185 6190//6190 6191//6191
f 6185//6185 6191//6191 6186//6186
f 6186//6186 6191//6191 6192//6192
f 6186//6186 6192//6192 6187//6187
f 6187//6187 6192//6192 6193//6193
f 6187//6187 6193//6193 6188//6188
f 6188//6188 6193//6193 6194//6194
f 6188//6188 6194//6194 6189//6189
f 6189//6189 6194//6194 6195//6195
f 6190//6190 6196//6196 6191//6191
f 6191//6191 6196//6196 6197//6197
f 6191//6191 6197//6197 6192//6192
f 6192//6192 6197//6197 6198//6198
f 6192//6192 6198//6198 6193//6193
f 6193//6193 6198//6198 6199//6199
f 6193//6193 6199//6199 6194//6194
f 6194//6194 6199//6199 6200//6200
f 6194//6194 6200//6200 6195//6195
f 6195//6195 6200//6200 6201//6201
f 6196//6196 6202//6202 6197//6197
f 6197//6197 6202//6202 6203//6203
f 6197//6197 6203//6203 6198//6198
f 6198//6198 6203//6203 6204//6204
f 6198//6198 6204//6204 6199//6199
f 6199//6199 6204//6204 6205//6205
f 6199//6199 6205//6205 6200//6200
f 6200//6200 6205//6205 6206//6206
f 6200//6200 6206//6206 6201//6201
f 6201//6201 6206//6206 6207//6207
f 6202//6202 6208//6208 6203//6203
f 6203//6203 6208//6208 6209//6209
f 6203//6203 6209//6209 6204//6204
f 6204//6204 6209//6209 6210//6210
f 6204//6204 6210//6210 6205//6205
f 6205//6205 6210//6210 6211//6211
f 6205//6205 6211//6211 6206//6206
f 6206//6206 6211//6211 6212//6212
f 6206//6206 6212//6212 6207//6207
f 6207//6207 6212//6212 6213//6213
f 6208//6208 6214//6214 6209//6209
f 6209//6209 6214//6214 6215//6215
f 6209//6209 6215//6215 6210//6210
f 6210//6210 6215//6215 6216//6216
f 6210//6210 6216//6216 6211//6211
f 6211//6211 6216//6216 6217//6217
f 6211//6211 6217//6217 6212//6212
f 6212//6212 6217//6217 6218//6218
f 6212//6212 6218//6218 6213//6213
f 6213//6213 6218//6218 6219//6219
f 6221//6221 6226//6226 6220//6220
f 6227//6227 6226//6226 6221//6221
f 6222//6222 6227//6227 6221//6221
f 6228//6228 6227//6227 6222//6222
f 6223//6223 6228//6228 6222//6222
f 6229//6229 6228//6228 6223//6223
f 6224//6224 6229//6229 6223//6223
f 6230//6230 6229//6229 6224//6224
f 6225//6225 6230//6230 6224//6224
f 6231//6231 6230//6230 6225//6225
f 6227//6227 6232//6232 6226//6226
f 6233//6233 6232//6232 6227//6227
f 6228//6228 6233//6233 6227//6227
f 6234//6234 6233//6233 6228//6228
f 6229//6229 6234//6234 6228//6228
f 6235//6235 6234//6234 6229//6229
f 6230//6230 6235//6235 6229//6229
f 6236//6236 6235//6235 6230//6230
f 6231//6231 6236//6236 6230//6230
f 6237//6237 6236//6236 6231//6231
f 6233//6233 6238//6238 6232//6232
f 6239//6239 6238//6238 6233//6233
f 6234//6234 6239//6239 6233//6233
f 6240//6240 6239//6239 6234//6234
f 6235//6235 6240//6240 6234//6234
f 6241//6241 6240//6240 6235//6235
f 6236//6236 6241//6241 6235//6235
f 6242//6242 6241//6241 6236//6236
f 6237//6237 6242//6242 6236//6236
f 6243//6243 6242//6242 6237//6237
f 6239//6239 6244//6244 6238//6238
f 6245//6245 6244//6244 6239//6239
f 6240//6240 6245//6245 6239//6239
f 6246//6246 6245//6245 6240//6240
f 6241//6241 6246//6246 6240//6240
f 6247//6247 6246//6246 6241//6241
f 6242//6242 6247//6247 6241//6241
f 6248//6248 6247//6247 6242//6242
f 6243//6243 6248//6248 6242//6242
f 6249//6249 6248//6248 6243//6243
f 6245//6245 6250//6250 6244//6244
f 6251//6251 6250//6250 6245//6245
f 6246//6246 6251//6251 6245//6245
f 6252//6252 6251//6251 6246//6246
f 6247//6247 6252//6252 6246//6246
f 6253//6253 6252//6252 6247//6247
f 6248//6248 6253//6253 6247//6247
f 6254//6254 6253//6253 6248//6248
f 6249//6249 6254//6254 6248//6248
f 6255//6255 6254//6254 6249//6249
f 6256//6256 6262//6262 6257//6257
f 6257//6257 6262//6262 6263//6263
f 6257//6257 6263//6263 6258//6258
f 6258//6258 6263//6263 6264//6264
f 6258//6258 6264//6264 6259//6259
f 6259//6259 6264//6264 6265//6265
f 6259//6259 6265//6265 6260//6260
f 6260//6260 6265//6265 6266//6266
f 6260//6260 6266//6266 6261//6261
f 6261//6261 6266//6266 6267//6267
f 6262//6262 6268//6268 6263//6263
f 6263//6263 6268//6268 6269//6269
f 6263//6263 6269//6269 6264//6264
f 6264//6264 6269//6269 6270//6270
f 6264//6264 6270//6270 6265//6265
f 6265//6265 6270//6270 6271//6271
f 6265//6265 6271//6271 6266//6266
f 6266//6266 6271//6271 6272//6272
f 6266//6266 6272//6272 6267//6267
f 6267//6267 6272//6272 6273//6273
f 6268//6268 6274//6274 6269//6269
f 6269//6269 6274//6274 6275//6275
f 6269//6269 6275//6275 6270//6270
f 6270//6270 6275//6275 6276//6276
f 6270//6270 6276//6276 6271//6271
f 6271//6271 6276//6276 6277//6277
f 6271//6271 6277//6277 6272//6272
f 6272//6272 6277//6277 6278//6278
f 6272//6272 6278//6278 6273//6273
f 6273//6273 6278//6278 6279//6279
f 6274//6274 6280//6280 6275//6275
f 6275//6275 6280//6280 6281//6281
f 6275//6275 6281//6281 6276//6276
f 6276//6276 6281//6281 6282//6282
f 6276//6276 6282//6282 6277//6277
f 6277//6277 6282//6282 6283//6283
f 6277//6277 6283//6283 6278//6278
f 6278//6278 6283//6283 6284//6284
f 6278//6278 6284//6284 6279//6279
f 6279//6279 6284//6284 6285//6285
f 6280//6280 6286//6286 6281//6281
f 6281//6281 6286//6286 6287//6287
f 6281//6281 6287//6287 6282//6282
f 6282//6282 6287//6287 6288//6288
f 6282//6282 6288//6288 6283//6283
f 6283//6283 6288//6288 6289//6289
f 6283//6283 6289//6289 6284//6284
f 6284//6284 6289//6289 6290//6290
f 6284//6284 6290//6290 6285//6285
f 6285//6285 6290//6290 6291//6291
f 6293//6293 6298//6298 6292//6292
f 6299//6299 6298//6298 6293//6293
f 6294//6294 6299//6299 6293//6293
f 6300//6300 6299//6299 6294//6294
f 6295//6295 6300//6300 6294//6294
f 6301//6301 6300//6300 6295//6295
f 6296//6296 6301//6301 6295//6295
f 6302//6302 6301//6301 6296//6296
f 6297//6297 6302//6302 6296//6296
f 6303//6303 6302//6302 6297//6297
f 6299//6299 6304//6304 6298//6298
f 6305//6305 6304//6304 6299//6299
f 6300//6300 6305//6305 6299//6299
f 6306//6306 6305//6305 6300//6300
f 6301//6301 6306//6306 6300//6300
f 6307//6307 6306//6306 6301//6301
f 6302//6302 6307//6307 6301//6301
f 6308//6308 6307//6307 6302//6302
f 6303//6303 6308//6308 6302//6302
f 6309//6309 6308//6308 6303//6303
f 6305//6305 6310//6310 6304//6304
f 6311//6311 6310//6310 6305//6305
f 6306//6306 6311//6311 6305//6305
f 6312//6312 6311//6311 6306//6306
f 6307//6307 6312//6312 6306//6306
f 6313//6313 6312//6312 6307//6307
f 6308//6308 6313//6313 6307//6307
f 6314//6314 6313//6313 6308//6308
f 6309//6309 6314//6314 6308//6308
f 6315//6315 6314//6314 6309//6309
f 6311//6311 6316//6316 6310//6310
f 6317//6317 6316//6316 6311//6311
f 6312//6312 6317//6317 6311//6311
f 6318//6318 6317//6317 6312//6312
f 6313//6313 6318//6318 6312//6312
f 6319//6319 6318//6318 6313//6313
f 6314//6314 6319//6319 6313//6313
f 6320//6320 6319//6319 6314//6314
f 6315//6315 6320//6320 6314//6314
f 6321//6321 6320//6320 6315//6315
f 6317//6317 6322//6322 6316//6316
f 6323//6323 6322//6322 6317//6317
f 6318//6318 6323//6323 6317//6317
f 6324//6324 6323//6323 6318//6318
f 6319//6319 6324//6324 6318//6318
f 6325//6325 6324//6324 6319//6319
f 6320//6320 6325//6325 6319//6319
f 6326//6326 6325//6325 6320//6320
f 6321//6321 6326//6326 6320//6320
f 6327//6327 6326//6326 6321//6321
f 6328//6328 6334//6334 6329//6329
f 6329//6329 6334//6334 6335//6335
f 6329//6329 6335//6335 6330//6330
f 6330//6330 6335//6335 6336//6336
f 6330//6330 6336//6336 6331//6331
f 6331//6331 6336//6336 6337//6337
f 6331//6331 6337//6337 6332//6332
f 6332//6332 6337//6337 6338//6338
f 6332//6332 6338//6338 6333//6333
f 6333//6333 6338//6338 6339//6339
f 6334//6334 6340//6340 6335//6335
f 6335//6335 6340//6340 6341//6341
f 6335//6335 6341//6341 6336//6336
f 6336//6336 6341//6341 6342//6342
f 6336//6336 6342//6342 6337//6337
f 6337//6337 6342//6342 6343//6343
f 6337//6337 6343//6343 6338//6338
f 6338//6338 6343//6343 6344//6344
f 6338//6338 6344//6344 6339//6339
f 6339//6339 6344//6344 6345//6345
f 6340//6340 6346//6346 6341//6341
f 6341//6341 6346//6346 6347//6347
f 6341//6341 6347//6347 6342//6342
f 6342//6342 6347//6347 6348//6348
f 6342//6342 6348//6348 6343//6343
f 6343//6343 6348//6348 6349//6349
f 6343//6343 6349//6349 6344//6344
f 6344//6344 6349//6349 6350//6350
f 6344//6344 6350//6350 6345//6345
f 6345//6345 6350//6350 6351//6351
f 6346//6346 6352//6352 6347//6347
f 6347//6347 6352//6352 6353//6353
f 6347//6347 6353//6353 6348//6348
f 6348//6348 6353//6353 6354//6354
f 6348//6348 6354//6354 6349//6349
f 6349//6349 6354//6354 6355//6355
f 6349//6349 6355//6355 6350//6350
f 6350//6350 6355//6355 6356//6356
f 6350//6350 6356//6356 6351//6351
f 6351//6351 6356//6356 6357//6357
f 6352//6352 6358//6358 6353//6353
f 6353//6353 6358//6358 6359//6359
f 6353//6353 6359//6359 6354//6354
f 6354//6354 6359//6359 6360//6360
f 6354//6354 6360//6360 6355//6355
f 6355//6355 6360//6360 6361//6361
f 6355//6355 6361//6361 6356//6356
f 6356//6356 6361//6361 6362//6362
f 6356//6356 6362//6362 6357//6357
f 6357//6357 6362//6362 6363//6363
