# Bara Kitchen - metres, +Y up; editable mesh source
mtllib palette.mtl
o station-serve_oakDark
usemtl oakDark
v -0.339434 0.010585 -0.339434
v -0.341667 0.009067 -0.333333
v -0.342678 0.008379 -0.325000
v -0.342678 0.008379 0.325000
v -0.341667 0.009067 0.333333
v -0.339434 0.010585 0.339434
v -0.341667 0.014733 -0.341667
v -0.345412 0.013460 -0.335206
v -0.347361 0.012797 -0.325000
v -0.347361 0.012797 0.325000
v -0.345412 0.013460 0.335206
v -0.341667 0.014733 0.341667
v -0.342678 0.020400 -0.342678
v -0.347361 0.020400 -0.336180
v -0.350000 0.020400 -0.325000
v -0.350000 0.020400 0.325000
v -0.347361 0.020400 0.336180
v -0.342678 0.020400 0.342678
v -0.342678 0.054400 -0.342678
v -0.347361 0.054400 -0.336180
v -0.350000 0.054400 -0.325000
v -0.350000 0.054400 0.325000
v -0.347361 0.054400 0.336180
v -0.342678 0.054400 0.342678
v -0.341667 0.060067 -0.341667
v -0.345412 0.061340 -0.335206
v -0.347361 0.062003 -0.325000
v -0.347361 0.062003 0.325000
v -0.345412 0.061340 0.335206
v -0.341667 0.060067 0.341667
v -0.339434 0.064215 -0.339434
v -0.341667 0.065733 -0.333333
v -0.342678 0.066421 -0.325000
v -0.342678 0.066421 0.325000
v -0.341667 0.065733 0.333333
v -0.339434 0.064215 0.339434
v 0.339434 0.010585 -0.339434
v 0.341667 0.009067 -0.333333
v 0.342678 0.008379 -0.325000
v 0.342678 0.008379 0.325000
v 0.341667 0.009067 0.333333
v 0.339434 0.010585 0.339434
v 0.341667 0.014733 -0.341667
v 0.345412 0.013460 -0.335206
v 0.347361 0.012797 -0.325000
v 0.347361 0.012797 0.325000
v 0.345412 0.013460 0.335206
v 0.341667 0.014733 0.341667
v 0.342678 0.020400 -0.342678
v 0.347361 0.020400 -0.336180
v 0.350000 0.020400 -0.325000
v 0.350000 0.020400 0.325000
v 0.347361 0.020400 0.336180
v 0.342678 0.020400 0.342678
v 0.342678 0.054400 -0.342678
v 0.347361 0.054400 -0.336180
v 0.350000 0.054400 -0.325000
v 0.350000 0.054400 0.325000
v 0.347361 0.054400 0.336180
v 0.342678 0.054400 0.342678
v 0.341667 0.060067 -0.341667
v 0.345412 0.061340 -0.335206
v 0.347361 0.062003 -0.325000
v 0.347361 0.062003 0.325000
v 0.345412 0.061340 0.335206
v 0.341667 0.060067 0.341667
v 0.339434 0.064215 -0.339434
v 0.341667 0.065733 -0.333333
v 0.342678 0.066421 -0.325000
v 0.342678 0.066421 0.325000
v 0.341667 0.065733 0.333333
v 0.339434 0.064215 0.339434
v -0.339434 0.010585 -0.339434
v -0.333333 0.009067 -0.341667
v -0.325000 0.008379 -0.342678
v 0.325000 0.008379 -0.342678
v 0.333333 0.009067 -0.341667
v 0.339434 0.010585 -0.339434
v -0.341667 0.009067 -0.333333
v -0.335206 0.006520 -0.335206
v -0.325000 0.005195 -0.336180
v 0.325000 0.005195 -0.336180
v 0.335206 0.006520 -0.335206
v 0.341667 0.009067 -0.333333
v -0.342678 0.008379 -0.325000
v -0.336180 0.005195 -0.325000
v -0.325000 0.003400 -0.325000
v 0.325000 0.003400 -0.325000
v 0.336180 0.005195 -0.325000
v 0.342678 0.008379 -0.325000
v -0.342678 0.008379 0.325000
v -0.336180 0.005195 0.325000
v -0.325000 0.003400 0.325000
v 0.325000 0.003400 0.325000
v 0.336180 0.005195 0.325000
v 0.342678 0.008379 0.325000
v -0.341667 0.009067 0.333333
v -0.335206 0.006520 0.335206
v -0.325000 0.005195 0.336180
v 0.325000 0.005195 0.336180
v 0.335206 0.006520 0.335206
v 0.341667 0.009067 0.333333
v -0.339434 0.010585 0.339434
v -0.333333 0.009067 0.341667
v -0.325000 0.008379 0.342678
v 0.325000 0.008379 0.342678
v 0.333333 0.009067 0.341667
v 0.339434 0.010585 0.339434
v -0.339434 0.064215 -0.339434
v -0.333333 0.065733 -0.341667
v -0.325000 0.066421 -0.342678
v 0.325000 0.066421 -0.342678
v 0.333333 0.065733 -0.341667
v 0.339434 0.064215 -0.339434
v -0.341667 0.065733 -0.333333
v -0.335206 0.068280 -0.335206
v -0.325000 0.069605 -0.336180
v 0.325000 0.069605 -0.336180
v 0.335206 0.068280 -0.335206
v 0.341667 0.065733 -0.333333
v -0.342678 0.066421 -0.325000
v -0.336180 0.069605 -0.325000
v -0.325000 0.071400 -0.325000
v 0.325000 0.071400 -0.325000
v 0.336180 0.069605 -0.325000
v 0.342678 0.066421 -0.325000
v -0.342678 0.066421 0.325000
v -0.336180 0.069605 0.325000
v -0.325000 0.071400 0.325000
v 0.325000 0.071400 0.325000
v 0.336180 0.069605 0.325000
v 0.342678 0.066421 0.325000
v -0.341667 0.065733 0.333333
v -0.335206 0.068280 0.335206
v -0.325000 0.069605 0.336180
v 0.325000 0.069605 0.336180
v 0.335206 0.068280 0.335206
v 0.341667 0.065733 0.333333
v -0.339434 0.064215 0.339434
v -0.333333 0.065733 0.341667
v -0.325000 0.066421 0.342678
v 0.325000 0.066421 0.342678
v 0.333333 0.065733 0.341667
v 0.339434 0.064215 0.339434
v -0.339434 0.010585 -0.339434
v -0.341667 0.014733 -0.341667
v -0.342678 0.020400 -0.342678
v -0.342678 0.054400 -0.342678
v -0.341667 0.060067 -0.341667
v -0.339434 0.064215 -0.339434
v -0.333333 0.009067 -0.341667
v -0.335206 0.013460 -0.345412
v -0.336180 0.020400 -0.347361
v -0.336180 0.054400 -0.347361
v -0.335206 0.061340 -0.345412
v -0.333333 0.065733 -0.341667
v -0.325000 0.008379 -0.342678
v -0.325000 0.012797 -0.347361
v -0.325000 0.020400 -0.350000
v -0.325000 0.054400 -0.350000
v -0.325000 0.062003 -0.347361
v -0.325000 0.066421 -0.342678
v 0.325000 0.008379 -0.342678
v 0.325000 0.012797 -0.347361
v 0.325000 0.020400 -0.350000
v 0.325000 0.054400 -0.350000
v 0.325000 0.062003 -0.347361
v 0.325000 0.066421 -0.342678
v 0.333333 0.009067 -0.341667
v 0.335206 0.013460 -0.345412
v 0.336180 0.020400 -0.347361
v 0.336180 0.054400 -0.347361
v 0.335206 0.061340 -0.345412
v 0.333333 0.065733 -0.341667
v 0.339434 0.010585 -0.339434
v 0.341667 0.014733 -0.341667
v 0.342678 0.020400 -0.342678
v 0.342678 0.054400 -0.342678
v 0.341667 0.060067 -0.341667
v 0.339434 0.064215 -0.339434
v -0.339434 0.010585 0.339434
v -0.341667 0.014733 0.341667
v -0.342678 0.020400 0.342678
v -0.342678 0.054400 0.342678
v -0.341667 0.060067 0.341667
v -0.339434 0.064215 0.339434
v -0.333333 0.009067 0.341667
v -0.335206 0.013460 0.345412
v -0.336180 0.020400 0.347361
v -0.336180 0.054400 0.347361
v -0.335206 0.061340 0.345412
v -0.333333 0.065733 0.341667
v -0.325000 0.008379 0.342678
v -0.325000 0.012797 0.347361
v -0.325000 0.020400 0.350000
v -0.325000 0.054400 0.350000
v -0.325000 0.062003 0.347361
v -0.325000 0.066421 0.342678
v 0.325000 0.008379 0.342678
v 0.325000 0.012797 0.347361
v 0.325000 0.020400 0.350000
v 0.325000 0.054400 0.350000
v 0.325000 0.062003 0.347361
v 0.325000 0.066421 0.342678
v 0.333333 0.009067 0.341667
v 0.335206 0.013460 0.345412
v 0.336180 0.020400 0.347361
v 0.336180 0.054400 0.347361
v 0.335206 0.061340 0.345412
v 0.333333 0.065733 0.341667
v 0.339434 0.010585 0.339434
v 0.341667 0.014733 0.341667
v 0.342678 0.020400 0.342678
v 0.342678 0.054400 0.342678
v 0.341667 0.060067 0.341667
v 0.339434 0.064215 0.339434
v -0.320000 0.394400 -0.260000
v -0.320000 0.394400 -0.260000
v -0.320000 0.394400 -0.260000
v -0.320000 0.394400 -0.260000
v -0.320000 0.394400 -0.260000
v -0.320000 0.394400 -0.260000
v -0.320000 0.394400 -0.260000
v -0.320000 0.394400 -0.260000
v -0.320000 0.394400 -0.260000
v -0.320000 0.394400 -0.260000
v -0.320000 0.394400 -0.260000
v -0.320000 0.394400 -0.260000
v -0.320000 0.394400 -0.260000
v -0.320000 0.394400 -0.260000
v -0.320000 0.394400 -0.260000
v -0.320000 0.394400 -0.260000
v -0.320000 0.394400 -0.260000
v -0.320000 0.394400 -0.260000
v -0.320000 0.394400 -0.260000
v -0.320000 0.394400 -0.260000
v -0.320000 0.394400 -0.260000
v -0.320000 0.394400 -0.260000
v -0.320000 0.394400 -0.260000
v -0.320000 0.394400 -0.260000
v -0.320000 0.394400 -0.260000
v -0.320000 0.394400 -0.260000
v -0.320000 0.394400 -0.260000
v -0.320000 0.394400 -0.260000
v -0.320000 0.394400 -0.260000
v -0.320000 0.394400 -0.260000
v -0.320000 0.394400 -0.260000
v -0.320000 0.394400 -0.260000
v -0.320000 0.394400 -0.260000
v -0.320000 0.394400 -0.260000
v -0.320000 0.394400 -0.260000
v -0.320000 0.394400 -0.260000
v -0.320000 0.394400 -0.260000
v -0.320000 0.394400 -0.260000
v -0.320000 0.394400 -0.260000
v -0.320000 0.394400 -0.260000
v -0.320000 0.394400 -0.260000
v -0.304960 0.394400 -0.260000
v -0.305145 0.394400 -0.257647
v -0.305696 0.394400 -0.255352
v -0.306599 0.394400 -0.253172
v -0.307832 0.394400 -0.251160
v -0.309365 0.394400 -0.249365
v -0.311160 0.394400 -0.247832
v -0.313172 0.394400 -0.246599
v -0.315352 0.394400 -0.245696
v -0.317647 0.394400 -0.245145
v -0.320000 0.394400 -0.244960
v -0.322353 0.394400 -0.245145
v -0.324648 0.394400 -0.245696
v -0.326828 0.394400 -0.246599
v -0.328840 0.394400 -0.247832
v -0.330635 0.394400 -0.249365
v -0.332168 0.394400 -0.251160
v -0.333401 0.394400 -0.253172
v -0.334304 0.394400 -0.255352
v -0.334855 0.394400 -0.257647
v -0.335040 0.394400 -0.260000
v -0.334855 0.394400 -0.262353
v -0.334304 0.394400 -0.264648
v -0.333401 0.394400 -0.266828
v -0.332168 0.394400 -0.268840
v -0.330635 0.394400 -0.270635
v -0.328840 0.394400 -0.272168
v -0.326828 0.394400 -0.273401
v -0.324648 0.394400 -0.274304
v -0.322353 0.394400 -0.274855
v -0.320000 0.394400 -0.275040
v -0.317647 0.394400 -0.274855
v -0.315352 0.394400 -0.274304
v -0.313172 0.394400 -0.273401
v -0.311160 0.394400 -0.272168
v -0.309365 0.394400 -0.270635
v -0.307832 0.394400 -0.268840
v -0.306599 0.394400 -0.266828
v -0.305696 0.394400 -0.264648
v -0.305145 0.394400 -0.262353
v -0.304960 0.394400 -0.260000
v -0.304000 0.418880 -0.260000
v -0.304197 0.418880 -0.257497
v -0.304783 0.418880 -0.255056
v -0.305744 0.418880 -0.252736
v -0.307056 0.418880 -0.250595
v -0.308686 0.418880 -0.248686
v -0.310595 0.418880 -0.247056
v -0.312736 0.418880 -0.245744
v -0.315056 0.418880 -0.244783
v -0.317497 0.418880 -0.244197
v -0.320000 0.418880 -0.244000
v -0.322503 0.418880 -0.244197
v -0.324944 0.418880 -0.244783
v -0.327264 0.418880 -0.245744
v -0.329405 0.418880 -0.247056
v -0.331314 0.418880 -0.248686
v -0.332944 0.418880 -0.250595
v -0.334256 0.418880 -0.252736
v -0.335217 0.418880 -0.255056
v -0.335803 0.418880 -0.257497
v -0.336000 0.418880 -0.260000
v -0.335803 0.418880 -0.262503
v -0.335217 0.418880 -0.264944
v -0.334256 0.418880 -0.267264
v -0.332944 0.418880 -0.269405
v -0.331314 0.418880 -0.271314
v -0.329405 0.418880 -0.272944
v -0.327264 0.418880 -0.274256
v -0.324944 0.418880 -0.275217
v -0.322503 0.418880 -0.275803
v -0.320000 0.418880 -0.276000
v -0.317497 0.418880 -0.275803
v -0.315056 0.418880 -0.275217
v -0.312736 0.418880 -0.274256
v -0.310595 0.418880 -0.272944
v -0.308686 0.418880 -0.271314
v -0.307056 0.418880 -0.269405
v -0.305744 0.418880 -0.267264
v -0.304783 0.418880 -0.264944
v -0.304197 0.418880 -0.262503
v -0.304000 0.418880 -0.260000
v -0.304000 0.696080 -0.260000
v -0.304197 0.696080 -0.257497
v -0.304783 0.696080 -0.255056
v -0.305744 0.696080 -0.252736
v -0.307056 0.696080 -0.250595
v -0.308686 0.696080 -0.248686
v -0.310595 0.696080 -0.247056
v -0.312736 0.696080 -0.245744
v -0.315056 0.696080 -0.244783
v -0.317497 0.696080 -0.244197
v -0.320000 0.696080 -0.244000
v -0.322503 0.696080 -0.244197
v -0.324944 0.696080 -0.244783
v -0.327264 0.696080 -0.245744
v -0.329405 0.696080 -0.247056
v -0.331314 0.696080 -0.248686
v -0.332944 0.696080 -0.250595
v -0.334256 0.696080 -0.252736
v -0.335217 0.696080 -0.255056
v -0.335803 0.696080 -0.257497
v -0.336000 0.696080 -0.260000
v -0.335803 0.696080 -0.262503
v -0.335217 0.696080 -0.264944
v -0.334256 0.696080 -0.267264
v -0.332944 0.696080 -0.269405
v -0.331314 0.696080 -0.271314
v -0.329405 0.696080 -0.272944
v -0.327264 0.696080 -0.274256
v -0.324944 0.696080 -0.275217
v -0.322503 0.696080 -0.275803
v -0.320000 0.696080 -0.276000
v -0.317497 0.696080 -0.275803
v -0.315056 0.696080 -0.275217
v -0.312736 0.696080 -0.274256
v -0.310595 0.696080 -0.272944
v -0.308686 0.696080 -0.271314
v -0.307056 0.696080 -0.269405
v -0.305744 0.696080 -0.267264
v -0.304783 0.696080 -0.264944
v -0.304197 0.696080 -0.262503
v -0.304000 0.696080 -0.260000
v -0.304960 0.722480 -0.260000
v -0.305145 0.722480 -0.257647
v -0.305696 0.722480 -0.255352
v -0.306599 0.722480 -0.253172
v -0.307832 0.722480 -0.251160
v -0.309365 0.722480 -0.249365
v -0.311160 0.722480 -0.247832
v -0.313172 0.722480 -0.246599
v -0.315352 0.722480 -0.245696
v -0.317647 0.722480 -0.245145
v -0.320000 0.722480 -0.244960
v -0.322353 0.722480 -0.245145
v -0.324648 0.722480 -0.245696
v -0.326828 0.722480 -0.246599
v -0.328840 0.722480 -0.247832
v -0.330635 0.722480 -0.249365
v -0.332168 0.722480 -0.251160
v -0.333401 0.722480 -0.253172
v -0.334304 0.722480 -0.255352
v -0.334855 0.722480 -0.257647
v -0.335040 0.722480 -0.260000
v -0.334855 0.722480 -0.262353
v -0.334304 0.722480 -0.264648
v -0.333401 0.722480 -0.266828
v -0.332168 0.722480 -0.268840
v -0.330635 0.722480 -0.270635
v -0.328840 0.722480 -0.272168
v -0.326828 0.722480 -0.273401
v -0.324648 0.722480 -0.274304
v -0.322353 0.722480 -0.274855
v -0.320000 0.722480 -0.275040
v -0.317647 0.722480 -0.274855
v -0.315352 0.722480 -0.274304
v -0.313172 0.722480 -0.273401
v -0.311160 0.722480 -0.272168
v -0.309365 0.722480 -0.270635
v -0.307832 0.722480 -0.268840
v -0.306599 0.722480 -0.266828
v -0.305696 0.722480 -0.264648
v -0.305145 0.722480 -0.262353
v -0.304960 0.722480 -0.260000
v -0.320000 0.722480 -0.260000
v -0.320000 0.722480 -0.260000
v -0.320000 0.722480 -0.260000
v -0.320000 0.722480 -0.260000
v -0.320000 0.722480 -0.260000
v -0.320000 0.722480 -0.260000
v -0.320000 0.722480 -0.260000
v -0.320000 0.722480 -0.260000
v -0.320000 0.722480 -0.260000
v -0.320000 0.722480 -0.260000
v -0.320000 0.722480 -0.260000
v -0.320000 0.722480 -0.260000
v -0.320000 0.722480 -0.260000
v -0.320000 0.722480 -0.260000
v -0.320000 0.722480 -0.260000
v -0.320000 0.722480 -0.260000
v -0.320000 0.722480 -0.260000
v -0.320000 0.722480 -0.260000
v -0.320000 0.722480 -0.260000
v -0.320000 0.722480 -0.260000
v -0.320000 0.722480 -0.260000
v -0.320000 0.722480 -0.260000
v -0.320000 0.722480 -0.260000
v -0.320000 0.722480 -0.260000
v -0.320000 0.722480 -0.260000
v -0.320000 0.722480 -0.260000
v -0.320000 0.722480 -0.260000
v -0.320000 0.722480 -0.260000
v -0.320000 0.722480 -0.260000
v -0.320000 0.722480 -0.260000
v -0.320000 0.722480 -0.260000
v -0.320000 0.722480 -0.260000
v -0.320000 0.722480 -0.260000
v -0.320000 0.722480 -0.260000
v -0.320000 0.722480 -0.260000
v -0.320000 0.722480 -0.260000
v -0.320000 0.722480 -0.260000
v -0.320000 0.722480 -0.260000
v -0.320000 0.722480 -0.260000
v -0.320000 0.722480 -0.260000
v -0.320000 0.722480 -0.260000
v 0.320000 0.394400 -0.260000
v 0.320000 0.394400 -0.260000
v 0.320000 0.394400 -0.260000
v 0.320000 0.394400 -0.260000
v 0.320000 0.394400 -0.260000
v 0.320000 0.394400 -0.260000
v 0.320000 0.394400 -0.260000
v 0.320000 0.394400 -0.260000
v 0.320000 0.394400 -0.260000
v 0.320000 0.394400 -0.260000
v 0.320000 0.394400 -0.260000
v 0.320000 0.394400 -0.260000
v 0.320000 0.394400 -0.260000
v 0.320000 0.394400 -0.260000
v 0.320000 0.394400 -0.260000
v 0.320000 0.394400 -0.260000
v 0.320000 0.394400 -0.260000
v 0.320000 0.394400 -0.260000
v 0.320000 0.394400 -0.260000
v 0.320000 0.394400 -0.260000
v 0.320000 0.394400 -0.260000
v 0.320000 0.394400 -0.260000
v 0.320000 0.394400 -0.260000
v 0.320000 0.394400 -0.260000
v 0.320000 0.394400 -0.260000
v 0.320000 0.394400 -0.260000
v 0.320000 0.394400 -0.260000
v 0.320000 0.394400 -0.260000
v 0.320000 0.394400 -0.260000
v 0.320000 0.394400 -0.260000
v 0.320000 0.394400 -0.260000
v 0.320000 0.394400 -0.260000
v 0.320000 0.394400 -0.260000
v 0.320000 0.394400 -0.260000
v 0.320000 0.394400 -0.260000
v 0.320000 0.394400 -0.260000
v 0.320000 0.394400 -0.260000
v 0.320000 0.394400 -0.260000
v 0.320000 0.394400 -0.260000
v 0.320000 0.394400 -0.260000
v 0.320000 0.394400 -0.260000
v 0.335040 0.394400 -0.260000
v 0.334855 0.394400 -0.257647
v 0.334304 0.394400 -0.255352
v 0.333401 0.394400 -0.253172
v 0.332168 0.394400 -0.251160
v 0.330635 0.394400 -0.249365
v 0.328840 0.394400 -0.247832
v 0.326828 0.394400 -0.246599
v 0.324648 0.394400 -0.245696
v 0.322353 0.394400 -0.245145
v 0.320000 0.394400 -0.244960
v 0.317647 0.394400 -0.245145
v 0.315352 0.394400 -0.245696
v 0.313172 0.394400 -0.246599
v 0.311160 0.394400 -0.247832
v 0.309365 0.394400 -0.249365
v 0.307832 0.394400 -0.251160
v 0.306599 0.394400 -0.253172
v 0.305696 0.394400 -0.255352
v 0.305145 0.394400 -0.257647
v 0.304960 0.394400 -0.260000
v 0.305145 0.394400 -0.262353
v 0.305696 0.394400 -0.264648
v 0.306599 0.394400 -0.266828
v 0.307832 0.394400 -0.268840
v 0.309365 0.394400 -0.270635
v 0.311160 0.394400 -0.272168
v 0.313172 0.394400 -0.273401
v 0.315352 0.394400 -0.274304
v 0.317647 0.394400 -0.274855
v 0.320000 0.394400 -0.275040
v 0.322353 0.394400 -0.274855
v 0.324648 0.394400 -0.274304
v 0.326828 0.394400 -0.273401
v 0.328840 0.394400 -0.272168
v 0.330635 0.394400 -0.270635
v 0.332168 0.394400 -0.268840
v 0.333401 0.394400 -0.266828
v 0.334304 0.394400 -0.264648
v 0.334855 0.394400 -0.262353
v 0.335040 0.394400 -0.260000
v 0.336000 0.418880 -0.260000
v 0.335803 0.418880 -0.257497
v 0.335217 0.418880 -0.255056
v 0.334256 0.418880 -0.252736
v 0.332944 0.418880 -0.250595
v 0.331314 0.418880 -0.248686
v 0.329405 0.418880 -0.247056
v 0.327264 0.418880 -0.245744
v 0.324944 0.418880 -0.244783
v 0.322503 0.418880 -0.244197
v 0.320000 0.418880 -0.244000
v 0.317497 0.418880 -0.244197
v 0.315056 0.418880 -0.244783
v 0.312736 0.418880 -0.245744
v 0.310595 0.418880 -0.247056
v 0.308686 0.418880 -0.248686
v 0.307056 0.418880 -0.250595
v 0.305744 0.418880 -0.252736
v 0.304783 0.418880 -0.255056
v 0.304197 0.418880 -0.257497
v 0.304000 0.418880 -0.260000
v 0.304197 0.418880 -0.262503
v 0.304783 0.418880 -0.264944
v 0.305744 0.418880 -0.267264
v 0.307056 0.418880 -0.269405
v 0.308686 0.418880 -0.271314
v 0.310595 0.418880 -0.272944
v 0.312736 0.418880 -0.274256
v 0.315056 0.418880 -0.275217
v 0.317497 0.418880 -0.275803
v 0.320000 0.418880 -0.276000
v 0.322503 0.418880 -0.275803
v 0.324944 0.418880 -0.275217
v 0.327264 0.418880 -0.274256
v 0.329405 0.418880 -0.272944
v 0.331314 0.418880 -0.271314
v 0.332944 0.418880 -0.269405
v 0.334256 0.418880 -0.267264
v 0.335217 0.418880 -0.264944
v 0.335803 0.418880 -0.262503
v 0.336000 0.418880 -0.260000
v 0.336000 0.696080 -0.260000
v 0.335803 0.696080 -0.257497
v 0.335217 0.696080 -0.255056
v 0.334256 0.696080 -0.252736
v 0.332944 0.696080 -0.250595
v 0.331314 0.696080 -0.248686
v 0.329405 0.696080 -0.247056
v 0.327264 0.696080 -0.245744
v 0.324944 0.696080 -0.244783
v 0.322503 0.696080 -0.244197
v 0.320000 0.696080 -0.244000
v 0.317497 0.696080 -0.244197
v 0.315056 0.696080 -0.244783
v 0.312736 0.696080 -0.245744
v 0.310595 0.696080 -0.247056
v 0.308686 0.696080 -0.248686
v 0.307056 0.696080 -0.250595
v 0.305744 0.696080 -0.252736
v 0.304783 0.696080 -0.255056
v 0.304197 0.696080 -0.257497
v 0.304000 0.696080 -0.260000
v 0.304197 0.696080 -0.262503
v 0.304783 0.696080 -0.264944
v 0.305744 0.696080 -0.267264
v 0.307056 0.696080 -0.269405
v 0.308686 0.696080 -0.271314
v 0.310595 0.696080 -0.272944
v 0.312736 0.696080 -0.274256
v 0.315056 0.696080 -0.275217
v 0.317497 0.696080 -0.275803
v 0.320000 0.696080 -0.276000
v 0.322503 0.696080 -0.275803
v 0.324944 0.696080 -0.275217
v 0.327264 0.696080 -0.274256
v 0.329405 0.696080 -0.272944
v 0.331314 0.696080 -0.271314
v 0.332944 0.696080 -0.269405
v 0.334256 0.696080 -0.267264
v 0.335217 0.696080 -0.264944
v 0.335803 0.696080 -0.262503
v 0.336000 0.696080 -0.260000
v 0.335040 0.722480 -0.260000
v 0.334855 0.722480 -0.257647
v 0.334304 0.722480 -0.255352
v 0.333401 0.722480 -0.253172
v 0.332168 0.722480 -0.251160
v 0.330635 0.722480 -0.249365
v 0.328840 0.722480 -0.247832
v 0.326828 0.722480 -0.246599
v 0.324648 0.722480 -0.245696
v 0.322353 0.722480 -0.245145
v 0.320000 0.722480 -0.244960
v 0.317647 0.722480 -0.245145
v 0.315352 0.722480 -0.245696
v 0.313172 0.722480 -0.246599
v 0.311160 0.722480 -0.247832
v 0.309365 0.722480 -0.249365
v 0.307832 0.722480 -0.251160
v 0.306599 0.722480 -0.253172
v 0.305696 0.722480 -0.255352
v 0.305145 0.722480 -0.257647
v 0.304960 0.722480 -0.260000
v 0.305145 0.722480 -0.262353
v 0.305696 0.722480 -0.264648
v 0.306599 0.722480 -0.266828
v 0.307832 0.722480 -0.268840
v 0.309365 0.722480 -0.270635
v 0.311160 0.722480 -0.272168
v 0.313172 0.722480 -0.273401
v 0.315352 0.722480 -0.274304
v 0.317647 0.722480 -0.274855
v 0.320000 0.722480 -0.275040
v 0.322353 0.722480 -0.274855
v 0.324648 0.722480 -0.274304
v 0.326828 0.722480 -0.273401
v 0.328840 0.722480 -0.272168
v 0.330635 0.722480 -0.270635
v 0.332168 0.722480 -0.268840
v 0.333401 0.722480 -0.266828
v 0.334304 0.722480 -0.264648
v 0.334855 0.722480 -0.262353
v 0.335040 0.722480 -0.260000
v 0.320000 0.722480 -0.260000
v 0.320000 0.722480 -0.260000
v 0.320000 0.722480 -0.260000
v 0.320000 0.722480 -0.260000
v 0.320000 0.722480 -0.260000
v 0.320000 0.722480 -0.260000
v 0.320000 0.722480 -0.260000
v 0.320000 0.722480 -0.260000
v 0.320000 0.722480 -0.260000
v 0.320000 0.722480 -0.260000
v 0.320000 0.722480 -0.260000
v 0.320000 0.722480 -0.260000
v 0.320000 0.722480 -0.260000
v 0.320000 0.722480 -0.260000
v 0.320000 0.722480 -0.260000
v 0.320000 0.722480 -0.260000
v 0.320000 0.722480 -0.260000
v 0.320000 0.722480 -0.260000
v 0.320000 0.722480 -0.260000
v 0.320000 0.722480 -0.260000
v 0.320000 0.722480 -0.260000
v 0.320000 0.722480 -0.260000
v 0.320000 0.722480 -0.260000
v 0.320000 0.722480 -0.260000
v 0.320000 0.722480 -0.260000
v 0.320000 0.722480 -0.260000
v 0.320000 0.722480 -0.260000
v 0.320000 0.722480 -0.260000
v 0.320000 0.722480 -0.260000
v 0.320000 0.722480 -0.260000
v 0.320000 0.722480 -0.260000
v 0.320000 0.722480 -0.260000
v 0.320000 0.722480 -0.260000
v 0.320000 0.722480 -0.260000
v 0.320000 0.722480 -0.260000
v 0.320000 0.722480 -0.260000
v 0.320000 0.722480 -0.260000
v 0.320000 0.722480 -0.260000
v 0.320000 0.722480 -0.260000
v 0.320000 0.722480 -0.260000
v 0.320000 0.722480 -0.260000
vn -0.490135 -0.720787 -0.490135
vn -0.534082 -0.785415 -0.312858
vn -0.562305 -0.826919 -0.004148
vn -0.562310 -0.826926 0.000869
vn -0.549577 -0.808201 0.211606
vn -0.496038 -0.729467 0.470983
vn -0.603891 -0.520222 -0.603891
vn -0.796314 -0.500194 -0.340132
vn -0.809235 -0.587474 -0.003463
vn -0.890912 -0.454169 0.002435
vn -0.833341 -0.457092 0.310822
vn -0.642635 -0.441589 0.626115
vn -0.705098 -0.075326 -0.705098
vn -0.905016 -0.060655 -0.421030
vn -0.994472 -0.104832 -0.006045
vn -0.999365 -0.035544 0.002507
vn -0.939519 -0.042797 0.339813
vn -0.730640 -0.040959 0.681533
vn -0.706974 0.019405 -0.706974
vn -0.939519 0.042797 -0.339813
vn -0.999365 0.035544 -0.002507
vn -0.994472 0.104832 0.006045
vn -0.905016 0.060655 0.421030
vn -0.681533 0.040959 0.730640
vn -0.656445 0.371698 -0.656445
vn -0.833341 0.457092 -0.310822
vn -0.890912 0.454169 -0.002435
vn -0.809235 0.587474 0.003463
vn -0.796314 0.500194 0.340132
vn -0.626115 0.441589 0.642635
vn -0.503175 0.702588 -0.503175
vn -0.552899 0.792186 -0.258350
vn -0.602631 0.798017 -0.002013
vn -0.522200 0.852821 0.001938
vn -0.533893 0.805851 0.256051
vn -0.470983 0.729467 0.496038
vn 0.470983 -0.729467 -0.496038
vn 0.533893 -0.805851 -0.256051
vn 0.522200 -0.852821 -0.001938
vn 0.602631 -0.798017 0.002013
vn 0.552899 -0.792186 0.258350
vn 0.503175 -0.702588 0.503175
vn 0.626115 -0.441589 -0.642635
vn 0.796314 -0.500194 -0.340132
vn 0.809235 -0.587474 -0.003463
vn 0.890912 -0.454169 0.002435
vn 0.833341 -0.457092 0.310822
vn 0.656445 -0.371698 0.656445
vn 0.681533 -0.040959 -0.730640
vn 0.905016 -0.060655 -0.421030
vn 0.994472 -0.104832 -0.006045
vn 0.999365 -0.035544 0.002507
vn 0.939519 -0.042797 0.339813
vn 0.706974 -0.019405 0.706974
vn 0.730640 0.040959 -0.681533
vn 0.939519 0.042797 -0.339813
vn 0.999365 0.035544 -0.002507
vn 0.994472 0.104832 0.006045
vn 0.905016 0.060655 0.421030
vn 0.705098 0.075326 0.705098
vn 0.642635 0.441589 -0.626115
vn 0.833341 0.457092 -0.310822
vn 0.890912 0.454169 -0.002435
vn 0.809235 0.587474 0.003463
vn 0.796314 0.500194 0.340132
vn 0.603891 0.520222 0.603891
vn 0.496038 0.729467 -0.470983
vn 0.549577 0.808201 -0.211606
vn 0.562310 0.826926 -0.000869
vn 0.562305 0.826919 0.004148
vn 0.534082 0.785415 0.312858
vn 0.490135 0.720787 0.490135
vn -0.490135 -0.720787 -0.490135
vn -0.312858 -0.785415 -0.534082
vn -0.004148 -0.826919 -0.562305
vn 0.000869 -0.826926 -0.562310
vn 0.211606 -0.808201 -0.549577
vn 0.470983 -0.729467 -0.496038
vn -0.534082 -0.785415 -0.312858
vn -0.268668 -0.925005 -0.268668
vn -0.002759 -0.948009 -0.318232
vn 0.001809 -0.973323 -0.229434
vn 0.238736 -0.941281 -0.238736
vn 0.533893 -0.805851 -0.256051
vn -0.562305 -0.826919 -0.004148
vn -0.318232 -0.948009 -0.002759
vn -0.005210 -0.999973 -0.005210
vn 0.001397 -0.999998 -0.001397
vn 0.229434 -0.973323 -0.001809
vn 0.522200 -0.852821 -0.001938
vn -0.562310 -0.826926 0.000869
vn -0.229434 -0.973323 0.001809
vn -0.001397 -0.999998 0.001397
vn 0.005210 -0.999973 0.005210
vn 0.318232 -0.948009 0.002759
vn 0.602631 -0.798017 0.002013
vn -0.549577 -0.808201 0.211606
vn -0.238736 -0.941281 0.238736
vn -0.001809 -0.973323 0.229434
vn 0.002759 -0.948009 0.318232
vn 0.268668 -0.925005 0.268668
vn 0.552899 -0.792186 0.258350
vn -0.496038 -0.729467 0.470983
vn -0.256051 -0.805851 0.533893
vn -0.001938 -0.852821 0.522200
vn 0.002013 -0.798017 0.602631
vn 0.258350 -0.792186 0.552899
vn 0.503175 -0.702588 0.503175
vn -0.503175 0.702588 -0.503175
vn -0.258350 0.792186 -0.552899
vn -0.002013 0.798017 -0.602631
vn 0.001938 0.852821 -0.522200
vn 0.256051 0.805851 -0.533893
vn 0.496038 0.729467 -0.470983
vn -0.552899 0.792186 -0.258350
vn -0.268668 0.925005 -0.268668
vn -0.002759 0.948009 -0.318232
vn 0.001809 0.973323 -0.229434
vn 0.238736 0.941281 -0.238736
vn 0.549577 0.808201 -0.211606
vn -0.602631 0.798017 -0.002013
vn -0.318232 0.948009 -0.002759
vn -0.005210 0.999973 -0.005210
vn 0.001397 0.999998 -0.001397
vn 0.229434 0.973323 -0.001809
vn 0.562310 0.826926 -0.000869
vn -0.522200 0.852821 0.001938
vn -0.229434 0.973323 0.001809
vn -0.001397 0.999998 0.001397
vn 0.005210 0.999973 0.005210
vn 0.318232 0.948009 0.002759
vn 0.562305 0.826919 0.004148
vn -0.533893 0.805851 0.256051
vn -0.238736 0.941281 0.238736
vn -0.001809 0.973323 0.229434
vn 0.002759 0.948009 0.318232
vn 0.268668 0.925005 0.268668
vn 0.534082 0.785415 0.312858
vn -0.470983 0.729467 0.496038
vn -0.211606 0.808201 0.549577
vn -0.000869 0.826926 0.562310
vn 0.004148 0.826919 0.562305
vn 0.312858 0.785415 0.534082
vn 0.490135 0.720787 0.490135
vn -0.490135 -0.720787 -0.490135
vn -0.603891 -0.520222 -0.603891
vn -0.705098 -0.075326 -0.705098
vn -0.706974 0.019405 -0.706974
vn -0.656445 0.371698 -0.656445
vn -0.503175 0.702588 -0.503175
vn -0.312858 -0.785415 -0.534082
vn -0.340132 -0.500194 -0.796314
vn -0.421030 -0.060655 -0.905016
vn -0.339813 0.042797 -0.939519
vn -0.310822 0.457092 -0.833341
vn -0.258350 0.792186 -0.552899
vn -0.004148 -0.826919 -0.562305
vn -0.003463 -0.587474 -0.809235
vn -0.006045 -0.104832 -0.994472
vn -0.002507 0.035544 -0.999365
vn -0.002435 0.454169 -0.890912
vn -0.002013 0.798017 -0.602631
vn 0.000869 -0.826926 -0.562310
vn 0.002435 -0.454169 -0.890912
vn 0.002507 -0.035544 -0.999365
vn 0.006045 0.104832 -0.994472
vn 0.003463 0.587474 -0.809235
vn 0.001938 0.852821 -0.522200
vn 0.211606 -0.808201 -0.549577
vn 0.310822 -0.457092 -0.833341
vn 0.339813 -0.042797 -0.939519
vn 0.421030 0.060655 -0.905016
vn 0.340132 0.500194 -0.796314
vn 0.256051 0.805851 -0.533893
vn 0.470983 -0.729467 -0.496038
vn 0.626115 -0.441589 -0.642635
vn 0.681533 -0.040959 -0.730640
vn 0.730640 0.040959 -0.681533
vn 0.642635 0.441589 -0.626115
vn 0.496038 0.729467 -0.470983
vn -0.496038 -0.729467 0.470983
vn -0.642635 -0.441589 0.626115
vn -0.730640 -0.040959 0.681533
vn -0.681533 0.040959 0.730640
vn -0.626115 0.441589 0.642635
vn -0.470983 0.729467 0.496038
vn -0.256051 -0.805851 0.533893
vn -0.340132 -0.500194 0.796314
vn -0.421030 -0.060655 0.905016
vn -0.339813 0.042797 0.939519
vn -0.310822 0.457092 0.833341
vn -0.211606 0.808201 0.549577
vn -0.001938 -0.852821 0.522200
vn -0.003463 -0.587474 0.809235
vn -0.006045 -0.104832 0.994472
vn -0.002507 0.035544 0.999365
vn -0.002435 0.454169 0.890912
vn -0.000869 0.826926 0.562310
vn 0.002013 -0.798017 0.602631
vn 0.002435 -0.454169 0.890912
vn 0.002507 -0.035544 0.999365
vn 0.006045 0.104832 0.994472
vn 0.003463 0.587474 0.809235
vn 0.004148 0.826919 0.562305
vn 0.258350 -0.792186 0.552899
vn 0.310822 -0.457092 0.833341
vn 0.339813 -0.042797 0.939519
vn 0.421030 0.060655 0.905016
vn 0.340132 0.500194 0.796314
vn 0.312858 0.785415 0.534082
vn 0.503175 -0.702588 0.503175
vn 0.656445 -0.371698 0.656445
vn 0.706974 -0.019405 0.706974
vn 0.705098 0.075326 0.705098
vn 0.603891 0.520222 0.603891
vn 0.490135 0.720787 0.490135
vn 0.000000 -1.000000 0.000000
vn 0.000000 -1.000000 0.000000
vn 0.000000 -1.000000 0.000000
vn 0.000000 -1.000000 0.000000
vn 0.000000 -1.000000 0.000000
vn 0.000000 -1.000000 0.000000
vn 0.000000 -1.000000 0.000000
vn 0.000000 -1.000000 0.000000
vn 0.000000 -1.000000 0.000000
vn 0.000000 -1.000000 0.000000
vn 0.000000 -1.000000 0.000000
vn 0.000000 -1.000000 0.000000
vn 0.000000 -1.000000 0.000000
vn 0.000000 -1.000000 0.000000
vn 0.000000 -1.000000 0.000000
vn 0.000000 -1.000000 0.000000
vn 0.000000 -1.000000 0.000000
vn 0.000000 -1.000000 0.000000
vn 0.000000 -1.000000 0.000000
vn 0.000000 -1.000000 0.000000
vn 0.000000 -1.000000 0.000000
vn 0.000000 -1.000000 0.000000
vn 0.000000 -1.000000 0.000000
vn 0.000000 -1.000000 0.000000
vn 0.000000 -1.000000 0.000000
vn 0.000000 -1.000000 0.000000
vn 0.000000 -1.000000 0.000000
vn 0.000000 -1.000000 0.000000
vn 0.000000 -1.000000 0.000000
vn 0.000000 -1.000000 0.000000
vn 0.000000 -1.000000 0.000000
vn 0.000000 -1.000000 0.000000
vn 0.000000 -1.000000 0.000000
vn 0.000000 -1.000000 0.000000
vn 0.000000 -1.000000 0.000000
vn 0.000000 -1.000000 0.000000
vn 0.000000 -1.000000 0.000000
vn 0.000000 -1.000000 0.000000
vn 0.000000 -1.000000 0.000000
vn 0.000000 -1.000000 0.000000
vn 0.000000 -1.000000 0.000000
vn 0.914938 -0.402819 -0.025003
vn 0.907585 -0.402819 0.118433
vn 0.877884 -0.402819 0.258953
vn 0.826567 -0.402819 0.393096
vn 0.754897 -0.402819 0.517560
vn 0.664638 -0.402819 0.629280
vn 0.558015 -0.402819 0.725504
vn 0.437651 -0.402819 0.803865
vn 0.306510 -0.402819 0.862432
vn 0.167823 -0.402819 0.899763
vn 0.025003 -0.402819 0.914938
vn -0.118433 -0.402819 0.907585
vn -0.258953 -0.402819 0.877884
vn -0.393096 -0.402819 0.826567
vn -0.517560 -0.402819 0.754897
vn -0.629280 -0.402819 0.664638
vn -0.725504 -0.402819 0.558015
vn -0.803865 -0.402819 0.437651
vn -0.862432 -0.402819 0.306510
vn -0.899763 -0.402819 0.167823
vn -0.914938 -0.402819 0.025003
vn -0.907585 -0.402819 -0.118433
vn -0.877884 -0.402819 -0.258953
vn -0.826567 -0.402819 -0.393096
vn -0.754897 -0.402819 -0.517560
vn -0.664638 -0.402819 -0.629280
vn -0.558015 -0.402819 -0.725504
vn -0.437651 -0.402819 -0.803865
vn -0.306510 -0.402819 -0.862432
vn -0.167823 -0.402819 -0.899763
vn -0.025003 -0.402819 -0.914938
vn 0.118433 -0.402819 -0.907585
vn 0.258953 -0.402819 -0.877884
vn 0.393096 -0.402819 -0.826567
vn 0.517560 -0.402819 -0.754897
vn 0.629280 -0.402819 -0.664638
vn 0.725504 -0.402819 -0.558015
vn 0.803865 -0.402819 -0.437651
vn 0.862432 -0.402819 -0.306510
vn 0.899763 -0.402819 -0.167823
vn 0.914938 -0.402819 -0.025003
vn 0.999750 -0.003123 -0.022134
vn 0.990904 -0.003123 0.134533
vn 0.957659 -0.003123 0.287889
vn 0.900833 -0.003123 0.434155
vn 0.821825 -0.003123 0.569731
vn 0.722582 -0.003123 0.691279
vn 0.605546 -0.003123 0.795805
vn 0.473599 -0.003123 0.880735
vn 0.329991 -0.003123 0.943979
vn 0.178257 -0.003123 0.983979
vn 0.022134 -0.003123 0.999750
vn -0.134533 -0.003123 0.990904
vn -0.287889 -0.003123 0.957659
vn -0.434155 -0.003123 0.900833
vn -0.569731 -0.003123 0.821825
vn -0.691279 -0.003123 0.722582
vn -0.795805 -0.003123 0.605546
vn -0.880735 -0.003123 0.473599
vn -0.943979 -0.003123 0.329991
vn -0.983979 -0.003123 0.178257
vn -0.999750 -0.003123 0.022134
vn -0.990904 -0.003123 -0.134533
vn -0.957659 -0.003123 -0.287889
vn -0.900833 -0.003123 -0.434155
vn -0.821825 -0.003123 -0.569731
vn -0.722582 -0.003123 -0.691279
vn -0.605546 -0.003123 -0.795805
vn -0.473599 -0.003123 -0.880735
vn -0.329991 -0.003123 -0.943979
vn -0.178257 -0.003123 -0.983979
vn -0.022134 -0.003123 -0.999750
vn 0.134533 -0.003123 -0.990904
vn 0.287889 -0.003123 -0.957659
vn 0.434155 -0.003123 -0.900833
vn 0.569731 -0.003123 -0.821825
vn 0.691279 -0.003123 -0.722582
vn 0.795805 -0.003123 -0.605546
vn 0.880735 -0.003123 -0.473599
vn 0.943979 -0.003123 -0.329991
vn 0.983979 -0.003123 -0.178257
vn 0.999750 -0.003123 -0.022134
vn 0.999757 0.003103 0.021841
vn 0.984031 0.003103 0.177969
vn 0.944076 0.003103 0.329714
vn 0.880874 0.003103 0.473341
vn 0.795982 0.003103 0.605312
vn 0.691491 0.003103 0.722379
vn 0.569972 0.003103 0.821658
vn 0.434420 0.003103 0.900705
vn 0.288170 0.003103 0.957574
vn 0.134824 0.003103 0.990865
vn -0.021841 0.003103 0.999757
vn -0.177969 0.003103 0.984031
vn -0.329714 0.003103 0.944076
vn -0.473341 0.003103 0.880874
vn -0.605312 0.003103 0.795982
vn -0.722379 0.003103 0.691491
vn -0.821658 0.003103 0.569972
vn -0.900705 0.003103 0.434420
vn -0.957574 0.003103 0.288170
vn -0.990865 0.003103 0.134824
vn -0.999757 0.003103 -0.021841
vn -0.984031 0.003103 -0.177969
vn -0.944076 0.003103 -0.329714
vn -0.880874 0.003103 -0.473341
vn -0.795982 0.003103 -0.605312
vn -0.691491 0.003103 -0.722379
vn -0.569972 0.003103 -0.821658
vn -0.434420 0.003103 -0.900705
vn -0.288170 0.003103 -0.957574
vn -0.134824 0.003103 -0.990865
vn 0.021841 0.003103 -0.999757
vn 0.177969 0.003103 -0.984031
vn 0.329714 0.003103 -0.944076
vn 0.473341 0.003103 -0.880874
vn 0.605312 0.003103 -0.795982
vn 0.722379 0.003103 -0.691491
vn 0.821658 0.003103 -0.569972
vn 0.900705 0.003103 -0.434420
vn 0.957574 0.003103 -0.288170
vn 0.990865 0.003103 -0.134824
vn 0.999757 0.003103 0.021841
vn 0.925524 0.377844 0.025292
vn 0.910172 0.377844 0.169764
vn 0.872410 0.377844 0.310056
vn 0.813165 0.377844 0.442714
vn 0.733898 0.377844 0.564471
vn 0.636560 0.377844 0.672328
vn 0.523548 0.377844 0.763630
vn 0.397644 0.377844 0.836130
vn 0.261949 0.377844 0.888041
vn 0.119803 0.377844 0.918085
vn -0.025292 0.377844 0.925524
vn -0.169764 0.377844 0.910172
vn -0.310056 0.377844 0.872410
vn -0.442714 0.377844 0.813165
vn -0.564471 0.377844 0.733898
vn -0.672328 0.377844 0.636560
vn -0.763630 0.377844 0.523548
vn -0.836130 0.377844 0.397644
vn -0.888041 0.377844 0.261949
vn -0.918085 0.377844 0.119803
vn -0.925524 0.377844 -0.025292
vn -0.910172 0.377844 -0.169764
vn -0.872410 0.377844 -0.310056
vn -0.813165 0.377844 -0.442714
vn -0.733898 0.377844 -0.564471
vn -0.636560 0.377844 -0.672328
vn -0.523548 0.377844 -0.763630
vn -0.397644 0.377844 -0.836130
vn -0.261949 0.377844 -0.888041
vn -0.119803 0.377844 -0.918085
vn 0.025292 0.377844 -0.925524
vn 0.169764 0.377844 -0.910172
vn 0.310056 0.377844 -0.872410
vn 0.442714 0.377844 -0.813165
vn 0.564471 0.377844 -0.733898
vn 0.672328 0.377844 -0.636560
vn 0.763630 0.377844 -0.523548
vn 0.836130 0.377844 -0.397644
vn 0.888041 0.377844 -0.261949
vn 0.918085 0.377844 -0.119803
vn 0.925524 0.377844 0.025292
vn 0.000000 1.000000 0.000000
vn 0.000000 1.000000 0.000000
vn 0.000000 1.000000 0.000000
vn 0.000000 1.000000 0.000000
vn 0.000000 1.000000 0.000000
vn 0.000000 1.000000 0.000000
vn 0.000000 1.000000 0.000000
vn 0.000000 1.000000 0.000000
vn 0.000000 1.000000 0.000000
vn 0.000000 1.000000 0.000000
vn 0.000000 1.000000 0.000000
vn 0.000000 1.000000 0.000000
vn 0.000000 1.000000 0.000000
vn 0.000000 1.000000 0.000000
vn 0.000000 1.000000 0.000000
vn 0.000000 1.000000 0.000000
vn 0.000000 1.000000 0.000000
vn 0.000000 1.000000 0.000000
vn 0.000000 1.000000 0.000000
vn 0.000000 1.000000 0.000000
vn 0.000000 1.000000 0.000000
vn 0.000000 1.000000 0.000000
vn 0.000000 1.000000 0.000000
vn 0.000000 1.000000 0.000000
vn 0.000000 1.000000 0.000000
vn 0.000000 1.000000 0.000000
vn 0.000000 1.000000 0.000000
vn 0.000000 1.000000 0.000000
vn 0.000000 1.000000 0.000000
vn 0.000000 1.000000 0.000000
vn 0.000000 1.000000 0.000000
vn 0.000000 1.000000 0.000000
vn 0.000000 1.000000 0.000000
vn 0.000000 1.000000 0.000000
vn 0.000000 1.000000 0.000000
vn 0.000000 1.000000 0.000000
vn 0.000000 1.000000 0.000000
vn 0.000000 1.000000 0.000000
vn 0.000000 1.000000 0.000000
vn 0.000000 1.000000 0.000000
vn 0.000000 1.000000 0.000000
vn 0.000000 -1.000000 0.000000
vn 0.000000 -1.000000 0.000000
vn 0.000000 -1.000000 0.000000
vn 0.000000 -1.000000 0.000000
vn 0.000000 -1.000000 0.000000
vn 0.000000 -1.000000 0.000000
vn 0.000000 -1.000000 0.000000
vn 0.000000 -1.000000 0.000000
vn 0.000000 -1.000000 0.000000
vn 0.000000 -1.000000 0.000000
vn 0.000000 -1.000000 0.000000
vn 0.000000 -1.000000 0.000000
vn 0.000000 -1.000000 0.000000
vn 0.000000 -1.000000 0.000000
vn 0.000000 -1.000000 0.000000
vn 0.000000 -1.000000 0.000000
vn 0.000000 -1.000000 0.000000
vn 0.000000 -1.000000 0.000000
vn 0.000000 -1.000000 0.000000
vn 0.000000 -1.000000 0.000000
vn 0.000000 -1.000000 0.000000
vn 0.000000 -1.000000 0.000000
vn 0.000000 -1.000000 0.000000
vn 0.000000 -1.000000 0.000000
vn 0.000000 -1.000000 0.000000
vn 0.000000 -1.000000 0.000000
vn 0.000000 -1.000000 0.000000
vn 0.000000 -1.000000 0.000000
vn 0.000000 -1.000000 0.000000
vn 0.000000 -1.000000 0.000000
vn 0.000000 -1.000000 0.000000
vn 0.000000 -1.000000 0.000000
vn 0.000000 -1.000000 0.000000
vn 0.000000 -1.000000 0.000000
vn 0.000000 -1.000000 0.000000
vn 0.000000 -1.000000 0.000000
vn 0.000000 -1.000000 0.000000
vn 0.000000 -1.000000 0.000000
vn 0.000000 -1.000000 0.000000
vn 0.000000 -1.000000 0.000000
vn 0.000000 -1.000000 0.000000
vn 0.914938 -0.402819 -0.025003
vn 0.907585 -0.402819 0.118433
vn 0.877884 -0.402819 0.258953
vn 0.826567 -0.402819 0.393096
vn 0.754897 -0.402819 0.517560
vn 0.664638 -0.402819 0.629280
vn 0.558015 -0.402819 0.725504
vn 0.437651 -0.402819 0.803865
vn 0.306510 -0.402819 0.862432
vn 0.167823 -0.402819 0.899763
vn 0.025003 -0.402819 0.914938
vn -0.118433 -0.402819 0.907585
vn -0.258953 -0.402819 0.877884
vn -0.393096 -0.402819 0.826567
vn -0.517560 -0.402819 0.754897
vn -0.629280 -0.402819 0.664638
vn -0.725504 -0.402819 0.558015
vn -0.803865 -0.402819 0.437651
vn -0.862432 -0.402819 0.306510
vn -0.899763 -0.402819 0.167823
vn -0.914938 -0.402819 0.025003
vn -0.907585 -0.402819 -0.118433
vn -0.877884 -0.402819 -0.258953
vn -0.826567 -0.402819 -0.393096
vn -0.754897 -0.402819 -0.517560
vn -0.664638 -0.402819 -0.629280
vn -0.558015 -0.402819 -0.725504
vn -0.437651 -0.402819 -0.803865
vn -0.306510 -0.402819 -0.862432
vn -0.167823 -0.402819 -0.899763
vn -0.025003 -0.402819 -0.914938
vn 0.118433 -0.402819 -0.907585
vn 0.258953 -0.402819 -0.877884
vn 0.393096 -0.402819 -0.826567
vn 0.517560 -0.402819 -0.754897
vn 0.629280 -0.402819 -0.664638
vn 0.725504 -0.402819 -0.558015
vn 0.803865 -0.402819 -0.437651
vn 0.862432 -0.402819 -0.306510
vn 0.899763 -0.402819 -0.167823
vn 0.914938 -0.402819 -0.025003
vn 0.999750 -0.003123 -0.022134
vn 0.990904 -0.003123 0.134533
vn 0.957659 -0.003123 0.287889
vn 0.900833 -0.003123 0.434155
vn 0.821825 -0.003123 0.569731
vn 0.722582 -0.003123 0.691279
vn 0.605546 -0.003123 0.795805
vn 0.473599 -0.003123 0.880735
vn 0.329991 -0.003123 0.943979
vn 0.178257 -0.003123 0.983979
vn 0.022134 -0.003123 0.999750
vn -0.134533 -0.003123 0.990904
vn -0.287889 -0.003123 0.957659
vn -0.434155 -0.003123 0.900833
vn -0.569731 -0.003123 0.821825
vn -0.691279 -0.003123 0.722582
vn -0.795805 -0.003123 0.605546
vn -0.880735 -0.003123 0.473599
vn -0.943979 -0.003123 0.329991
vn -0.983979 -0.003123 0.178257
vn -0.999750 -0.003123 0.022134
vn -0.990904 -0.003123 -0.134533
vn -0.957659 -0.003123 -0.287889
vn -0.900833 -0.003123 -0.434155
vn -0.821825 -0.003123 -0.569731
vn -0.722582 -0.003123 -0.691279
vn -0.605546 -0.003123 -0.795805
vn -0.473599 -0.003123 -0.880735
vn -0.329991 -0.003123 -0.943979
vn -0.178257 -0.003123 -0.983979
vn -0.022134 -0.003123 -0.999750
vn 0.134533 -0.003123 -0.990904
vn 0.287889 -0.003123 -0.957659
vn 0.434155 -0.003123 -0.900833
vn 0.569731 -0.003123 -0.821825
vn 0.691279 -0.003123 -0.722582
vn 0.795805 -0.003123 -0.605546
vn 0.880735 -0.003123 -0.473599
vn 0.943979 -0.003123 -0.329991
vn 0.983979 -0.003123 -0.178257
vn 0.999750 -0.003123 -0.022134
vn 0.999757 0.003103 0.021841
vn 0.984031 0.003103 0.177969
vn 0.944076 0.003103 0.329714
vn 0.880874 0.003103 0.473341
vn 0.795982 0.003103 0.605312
vn 0.691491 0.003103 0.722379
vn 0.569972 0.003103 0.821658
vn 0.434420 0.003103 0.900705
vn 0.288170 0.003103 0.957574
vn 0.134824 0.003103 0.990865
vn -0.021841 0.003103 0.999757
vn -0.177969 0.003103 0.984031
vn -0.329714 0.003103 0.944076
vn -0.473341 0.003103 0.880874
vn -0.605312 0.003103 0.795982
vn -0.722379 0.003103 0.691491
vn -0.821658 0.003103 0.569972
vn -0.900705 0.003103 0.434420
vn -0.957574 0.003103 0.288170
vn -0.990865 0.003103 0.134824
vn -0.999757 0.003103 -0.021841
vn -0.984031 0.003103 -0.177969
vn -0.944076 0.003103 -0.329714
vn -0.880874 0.003103 -0.473341
vn -0.795982 0.003103 -0.605312
vn -0.691491 0.003103 -0.722379
vn -0.569972 0.003103 -0.821658
vn -0.434420 0.003103 -0.900705
vn -0.288170 0.003103 -0.957574
vn -0.134824 0.003103 -0.990865
vn 0.021841 0.003103 -0.999757
vn 0.177969 0.003103 -0.984031
vn 0.329714 0.003103 -0.944076
vn 0.473341 0.003103 -0.880874
vn 0.605312 0.003103 -0.795982
vn 0.722379 0.003103 -0.691491
vn 0.821658 0.003103 -0.569972
vn 0.900705 0.003103 -0.434420
vn 0.957574 0.003103 -0.288170
vn 0.990865 0.003103 -0.134824
vn 0.999757 0.003103 0.021841
vn 0.925524 0.377844 0.025292
vn 0.910172 0.377844 0.169764
vn 0.872410 0.377844 0.310056
vn 0.813165 0.377844 0.442714
vn 0.733898 0.377844 0.564471
vn 0.636560 0.377844 0.672328
vn 0.523548 0.377844 0.763630
vn 0.397644 0.377844 0.836130
vn 0.261949 0.377844 0.888041
vn 0.119803 0.377844 0.918085
vn -0.025292 0.377844 0.925524
vn -0.169764 0.377844 0.910172
vn -0.310056 0.377844 0.872410
vn -0.442714 0.377844 0.813165
vn -0.564471 0.377844 0.733898
vn -0.672328 0.377844 0.636560
vn -0.763630 0.377844 0.523548
vn -0.836130 0.377844 0.397644
vn -0.888041 0.377844 0.261949
vn -0.918085 0.377844 0.119803
vn -0.925524 0.377844 -0.025292
vn -0.910172 0.377844 -0.169764
vn -0.872410 0.377844 -0.310056
vn -0.813165 0.377844 -0.442714
vn -0.733898 0.377844 -0.564471
vn -0.636560 0.377844 -0.672328
vn -0.523548 0.377844 -0.763630
vn -0.397644 0.377844 -0.836130
vn -0.261949 0.377844 -0.888041
vn -0.119803 0.377844 -0.918085
vn 0.025292 0.377844 -0.925524
vn 0.169764 0.377844 -0.910172
vn 0.310056 0.377844 -0.872410
vn 0.442714 0.377844 -0.813165
vn 0.564471 0.377844 -0.733898
vn 0.672328 0.377844 -0.636560
vn 0.763630 0.377844 -0.523548
vn 0.836130 0.377844 -0.397644
vn 0.888041 0.377844 -0.261949
vn 0.918085 0.377844 -0.119803
vn 0.925524 0.377844 0.025292
vn 0.000000 1.000000 0.000000
vn 0.000000 1.000000 0.000000
vn 0.000000 1.000000 0.000000
vn 0.000000 1.000000 0.000000
vn 0.000000 1.000000 0.000000
vn 0.000000 1.000000 0.000000
vn 0.000000 1.000000 0.000000
vn 0.000000 1.000000 0.000000
vn 0.000000 1.000000 0.000000
vn 0.000000 1.000000 0.000000
vn 0.000000 1.000000 0.000000
vn 0.000000 1.000000 0.000000
vn 0.000000 1.000000 0.000000
vn 0.000000 1.000000 0.000000
vn 0.000000 1.000000 0.000000
vn 0.000000 1.000000 0.000000
vn 0.000000 1.000000 0.000000
vn 0.000000 1.000000 0.000000
vn 0.000000 1.000000 0.000000
vn 0.000000 1.000000 0.000000
vn 0.000000 1.000000 0.000000
vn 0.000000 1.000000 0.000000
vn 0.000000 1.000000 0.000000
vn 0.000000 1.000000 0.000000
vn 0.000000 1.000000 0.000000
vn 0.000000 1.000000 0.000000
vn 0.000000 1.000000 0.000000
vn 0.000000 1.000000 0.000000
vn 0.000000 1.000000 0.000000
vn 0.000000 1.000000 0.000000
vn 0.000000 1.000000 0.000000
vn 0.000000 1.000000 0.000000
vn 0.000000 1.000000 0.000000
vn 0.000000 1.000000 0.000000
vn 0.000000 1.000000 0.000000
vn 0.000000 1.000000 0.000000
vn 0.000000 1.000000 0.000000
vn 0.000000 1.000000 0.000000
vn 0.000000 1.000000 0.000000
vn 0.000000 1.000000 0.000000
vn 0.000000 1.000000 0.000000
f 2//2 7//7 1//1
f 8//8 7//7 2//2
f 3//3 8//8 2//2
f 9//9 8//8 3//3
f 4//4 9//9 3//3
f 10//10 9//9 4//4
f 5//5 10//10 4//4
f 11//11 10//10 5//5
f 6//6 11//11 5//5
f 12//12 11//11 6//6
f 8//8 13//13 7//7
f 14//14 13//13 8//8
f 9//9 14//14 8//8
f 15//15 14//14 9//9
f 10//10 15//15 9//9
f 16//16 15//15 10//10
f 11//11 16//16 10//10
f 17//17 16//16 11//11
f 12//12 17//17 11//11
f 18//18 17//17 12//12
f 14//14 19//19 13//13
f 20//20 19//19 14//14
f 15//15 20//20 14//14
f 21//21 20//20 15//15
f 16//16 21//21 15//15
f 22//22 21//21 16//16
f 17//17 22//22 16//16
f 23//23 22//22 17//17
f 18//18 23//23 17//17
f 24//24 23//23 18//18
f 20//20 25//25 19//19
f 26//26 25//25 20//20
f 21//21 26//26 20//20
f 27//27 26//26 21//21
f 22//22 27//27 21//21
f 28//28 27//27 22//22
f 23//23 28//28 22//22
f 29//29 28//28 23//23
f 24//24 29//29 23//23
f 30//30 29//29 24//24
f 26//26 31//31 25//25
f 32//32 31//31 26//26
f 27//27 32//32 26//26
f 33//33 32//32 27//27
f 28//28 33//33 27//27
f 34//34 33//33 28//28
f 29//29 34//34 28//28
f 35//35 34//34 29//29
f 30//30 35//35 29//29
f 36//36 35//35 30//30
f 37//37 43//43 38//38
f 38//38 43//43 44//44
f 38//38 44//44 39//39
f 39//39 44//44 45//45
f 39//39 45//45 40//40
f 40//40 45//45 46//46
f 40//40 46//46 41//41
f 41//41 46//46 47//47
f 41//41 47//47 42//42
f 42//42 47//47 48//48
f 43//43 49//49 44//44
f 44//44 49//49 50//50
f 44//44 50//50 45//45
f 45//45 50//50 51//51
f 45//45 51//51 46//46
f 46//46 51//51 52//52
f 46//46 52//52 47//47
f 47//47 52//52 53//53
f 47//47 53//53 48//48
f 48//48 53//53 54//54
f 49//49 55//55 50//50
f 50//50 55//55 56//56
f 50//50 56//56 51//51
f 51//51 56//56 57//57
f 51//51 57//57 52//52
f 52//52 57//57 58//58
f 52//52 58//58 53//53
f 53//53 58//58 59//59
f 53//53 59//59 54//54
f 54//54 59//59 60//60
f 55//55 61//61 56//56
f 56//56 61//61 62//62
f 56//56 62//62 57//57
f 57//57 62//62 63//63
f 57//57 63//63 58//58
f 58//58 63//63 64//64
f 58//58 64//64 59//59
f 59//59 64//64 65//65
f 59//59 65//65 60//60
f 60//60 65//65 66//66
f 61//61 67//67 62//62
f 62//62 67//67 68//68
f 62//62 68//68 63//63
f 63//63 68//68 69//69
f 63//63 69//69 64//64
f 64//64 69//69 70//70
f 64//64 70//70 65//65
f 65//65 70//70 71//71
f 65//65 71//71 66//66
f 66//66 71//71 72//72
f 74//74 79//79 73//73
f 80//80 79//79 74//74
f 75//75 80//80 74//74
f 81//81 80//80 75//75
f 76//76 81//81 75//75
f 82//82 81//81 76//76
f 77//77 82//82 76//76
f 83//83 82//82 77//77
f 78//78 83//83 77//77
f 84//84 83//83 78//78
f 80//80 85//85 79//79
f 86//86 85//85 80//80
f 81//81 86//86 80//80
f 87//87 86//86 81//81
f 82//82 87//87 81//81
f 88//88 87//87 82//82
f 83//83 88//88 82//82
f 89//89 88//88 83//83
f 84//84 89//89 83//83
f 90//90 89//89 84//84
f 86//86 91//91 85//85
f 92//92 91//91 86//86
f 87//87 92//92 86//86
f 93//93 92//92 87//87
f 88//88 93//93 87//87
f 94//94 93//93 88//88
f 89//89 94//94 88//88
f 95//95 94//94 89//89
f 90//90 95//95 89//89
f 96//96 95//95 90//90
f 92//92 97//97 91//91
f 98//98 97//97 92//92
f 93//93 98//98 92//92
f 99//99 98//98 93//93
f 94//94 99//99 93//93
f 100//100 99//99 94//94
f 95//95 100//100 94//94
f 101//101 100//100 95//95
f 96//96 101//101 95//95
f 102//102 101//101 96//96
f 98//98 103//103 97//97
f 104//104 103//103 98//98
f 99//99 104//104 98//98
f 105//105 104//104 99//99
f 100//100 105//105 99//99
f 106//106 105//105 100//100
f 101//101 106//106 100//100
f 107//107 106//106 101//101
f 102//102 107//107 101//101
f 108//108 107//107 102//102
f 109//109 115//115 110//110
f 110//110 115//115 116//116
f 110//110 116//116 111//111
f 111//111 116//116 117//117
f 111//111 117//117 112//112
f 112//112 117//117 118//118
f 112//112 118//118 113//113
f 113//113 118//118 119//119
f 113//113 119//119 114//114
f 114//114 119//119 120//120
f 115//115 121//121 116//116
f 116//116 121//121 122//122
f 116//116 122//122 117//117
f 117//117 122//122 123//123
f 117//117 123//123 118//118
f 118//118 123//123 124//124
f 118//118 124//124 119//119
f 119//119 124//124 125//125
f 119//119 125//125 120//120
f 120//120 125//125 126//126
f 121//121 127//127 122//122
f 122//122 127//127 128//128
f 122//122 128//128 123//123
f 123//123 128//128 129//129
f 123//123 129//129 124//124
f 124//124 129//129 130//130
f 124//124 130//130 125//125
f 125//125 130//130 131//131
f 125//125 131//131 126//126
f 126//126 131//131 132//132
f 127//127 133//133 128//128
f 128//128 133//133 134//134
f 128//128 134//134 129//129
f 129//129 134//134 135//135
f 129//129 135//135 130//130
f 130//130 135//135 136//136
f 130//130 136//136 131//131
f 131//131 136//136 137//137
f 131//131 137//137 132//132
f 132//132 137//137 138//138
f 133//133 139//139 134//134
f 134//134 139//139 140//140
f 134//134 140//140 135//135
f 135//135 140//140 141//141
f 135//135 141//141 136//136
f 136//136 141//141 142//142
f 136//136 142//142 137//137
f 137//137 142//142 143//143
f 137//137 143//143 138//138
f 138//138 143//143 144//144
f 146//146 151//151 145//145
f 152//152 151//151 146//146
f 147//147 152//152 146//146
f 153//153 152//152 147//147
f 148//148 153//153 147//147
f 154//154 153//153 148//148
f 149//149 154//154 148//148
f 155//155 154//154 149//149
f 150//150 155//155 149//149
f 156//156 155//155 150//150
f 152//152 157//157 151//151
f 158//158 157//157 152//152
f 153//153 158//158 152//152
f 159//159 158//158 153//153
f 154//154 159//159 153//153
f 160//160 159//159 154//154
f 155//155 160//160 154//154
f 161//161 160//160 155//155
f 156//156 161//161 155//155
f 162//162 161//161 156//156
f 158//158 163//163 157//157
f 164//164 163//163 158//158
f 159//159 164//164 158//158
f 165//165 164//164 159//159
f 160//160 165//165 159//159
f 166//166 165//165 160//160
f 161//161 166//166 160//160
f 167//167 166//166 161//161
f 162//162 167//167 161//161
f 168//168 167//167 162//162
f 164//164 169//169 163//163
f 170//170 169//169 164//164
f 165//165 170//170 164//164
f 171//171 170//170 165//165
f 166//166 171//171 165//165
f 172//172 171//171 166//166
f 167//167 172//172 166//166
f 173//173 172//172 167//167
f 168//168 173//173 167//167
f 174//174 173//173 168//168
f 170//170 175//175 169//169
f 176//176 175//175 170//170
f 171//171 176//176 170//170
f 177//177 176//176 171//171
f 172//172 177//177 171//171
f 178//178 177//177 172//172
f 173//173 178//178 172//172
f 179//179 178//178 173//173
f 174//174 179//179 173//173
f 180//180 179//179 174//174
f 181//181 187//187 182//182
f 182//182 187//187 188//188
f 182//182 188//188 183//183
f 183//183 188//188 189//189
f 183//183 189//189 184//184
f 184//184 189//189 190//190
f 184//184 190//190 185//185
f 185//185 190//190 191//191
f 185//185 191//191 186//186
f 186//186 191//191 192//192
f 187//187 193//193 188//188
f 188//188 193//193 194//194
f 188//188 194//194 189//189
f 189//189 194//194 195//195
f 189//189 195//195 190//190
f 190//190 195//195 196//196
f 190//190 196//196 191//191
f 191//191 196//196 197//197
f 191//191 197//197 192//192
f 192//192 197//197 198//198
f 193//193 199//199 194//194
f 194//194 199//199 200//200
f 194//194 200//200 195//195
f 195//195 200//200 201//201
f 195//195 201//201 196//196
f 196//196 201//201 202//202
f 196//196 202//202 197//197
f 197//197 202//202 203//203
f 197//197 203//203 198//198
f 198//198 203//203 204//204
f 199//199 205//205 200//200
f 200//200 205//205 206//206
f 200//200 206//206 201//201
f 201//201 206//206 207//207
f 201//201 207//207 202//202
f 202//202 207//207 208//208
f 202//202 208//208 203//203
f 203//203 208//208 209//209
f 203//203 209//209 204//204
f 204//204 209//209 210//210
f 205//205 211//211 206//206
f 206//206 211//211 212//212
f 206//206 212//212 207//207
f 207//207 212//212 213//213
f 207//207 213//213 208//208
f 208//208 213//213 214//214
f 208//208 214//214 209//209
f 209//209 214//214 215//215
f 209//209 215//215 210//210
f 210//210 215//215 216//216
f 217//217 258//258 218//218
f 218//218 258//258 259//259
f 218//218 259//259 219//219
f 219//219 259//259 260//260
f 219//219 260//260 220//220
f 220//220 260//260 261//261
f 220//220 261//261 221//221
f 221//221 261//261 262//262
f 221//221 262//262 222//222
f 222//222 262//262 263//263
f 222//222 263//263 223//223
f 223//223 263//263 264//264
f 223//223 264//264 224//224
f 224//224 264//264 265//265
f 224//224 265//265 225//225
f 225//225 265//265 266//266
f 225//225 266//266 226//226
f 226//226 266//266 267//267
f 226//226 267//267 227//227
f 227//227 267//267 268//268
f 227//227 268//268 228//228
f 228//228 268//268 269//269
f 228//228 269//269 229//229
f 229//229 269//269 270//270
f 229//229 270//270 230//230
f 230//230 270//270 271//271
f 230//230 271//271 231//231
f 231//231 271//271 272//272
f 231//231 272//272 232//232
f 232//232 272//272 273//273
f 232//232 273//273 233//233
f 233//233 273//273 274//274
f 233//233 274//274 234//234
f 234//234 274//274 275//275
f 234//234 275//275 235//235
f 235//235 275//275 276//276
f 235//235 276//276 236//236
f 236//236 276//276 277//277
f 236//236 277//277 237//237
f 237//237 277//277 278//278
f 237//237 278//278 238//238
f 238//238 278//278 279//279
f 238//238 279//279 239//239
f 239//239 279//279 280//280
f 239//239 280//280 240//240
f 240//240 280//280 281//281
f 240//240 281//281 241//241
f 241//241 281//281 282//282
f 241//241 282//282 242//242
f 242//242 282//282 283//283
f 242//242 283//283 243//243
f 243//243 283//283 284//284
f 243//243 284//284 244//244
f 244//244 284//284 285//285
f 244//244 285//285 245//245
f 245//245 285//285 286//286
f 245//245 286//286 246//246
f 246//246 286//286 287//287
f 246//246 287//287 247//247
f 247//247 287//287 288//288
f 247//247 288//288 248//248
f 248//248 288//288 289//289
f 248//248 289//289 249//249
f 249//249 289//289 290//290
f 249//249 290//290 250//250
f 250//250 290//290 291//291
f 250//250 291//291 251//251
f 251//251 291//291 292//292
f 251//251 292//292 252//252
f 252//252 292//292 293//293
f 252//252 293//293 253//253
f 253//253 293//293 294//294
f 253//253 294//294 254//254
f 254//254 294//294 295//295
f 254//254 295//295 255//255
f 255//255 295//295 296//296
f 255//255 296//296 256//256
f 256//256 296//296 297//297
f 256//256 297//297 257//257
f 257//257 297//297 298//298
f 258//258 299//299 259//259
f 259//259 299//299 300//300
f 259//259 300//300 260//260
f 260//260 300//300 301//301
f 260//260 301//301 261//261
f 261//261 301//301 302//302
f 261//261 302//302 262//262
f 262//262 302//302 303//303
f 262//262 303//303 263//263
f 263//263 303//303 304//304
f 263//263 304//304 264//264
f 264//264 304//304 305//305
f 264//264 305//305 265//265
f 265//265 305//305 306//306
f 265//265 306//306 266//266
f 266//266 306//306 307//307
f 266//266 307//307 267//267
f 267//267 307//307 308//308
f 267//267 308//308 268//268
f 268//268 308//308 309//309
f 268//268 309//309 269//269
f 269//269 309//309 310//310
f 269//269 310//310 270//270
f 270//270 310//310 311//311
f 270//270 311//311 271//271
f 271//271 311//311 312//312
f 271//271 312//312 272//272
f 272//272 312//312 313//313
f 272//272 313//313 273//273
f 273//273 313//313 314//314
f 273//273 314//314 274//274
f 274//274 314//314 315//315
f 274//274 315//315 275//275
f 275//275 315//315 316//316
f 275//275 316//316 276//276
f 276//276 316//316 317//317
f 276//276 317//317 277//277
f 277//277 317//317 318//318
f 277//277 318//318 278//278
f 278//278 318//318 319//319
f 278//278 319//319 279//279
f 279//279 319//319 320//320
f 279//279 320//320 280//280
f 280//280 320//320 321//321
f 280//280 321//321 281//281
f 281//281 321//321 322//322
f 281//281 322//322 282//282
f 282//282 322//322 323//323
f 282//282 323//323 283//283
f 283//283 323//323 324//324
f 283//283 324//324 284//284
f 284//284 324//324 325//325
f 284//284 325//325 285//285
f 285//285 325//325 326//326
f 285//285 326//326 286//286
f 286//286 326//326 327//327
f 286//286 327//327 287//287
f 287//287 327//327 328//328
f 287//287 328//328 288//288
f 288//288 328//328 329//329
f 288//288 329//329 289//289
f 289//289 329//329 330//330
f 289//289 330//330 290//290
f 290//290 330//330 331//331
f 290//290 331//331 291//291
f 291//291 331//331 332//332
f 291//291 332//332 292//292
f 292//292 332//332 333//333
f 292//292 333//333 293//293
f 293//293 333//333 334//334
f 293//293 334//334 294//294
f 294//294 334//334 335//335
f 294//294 335//335 295//295
f 295//295 335//335 336//336
f 295//295 336//336 296//296
f 296//296 336//336 337//337
f 296//296 337//337 297//297
f 297//297 337//337 338//338
f 297//297 338//338 298//298
f 298//298 338//338 339//339
f 299//299 340//340 300//300
f 300//300 340//340 341//341
f 300//300 341//341 301//301
f 301//301 341//341 342//342
f 301//301 342//342 302//302
f 302//302 342//342 343//343
f 302//302 343//343 303//303
f 303//303 343//343 344//344
f 303//303 344//344 304//304
f 304//304 344//344 345//345
f 304//304 345//345 305//305
f 305//305 345//345 346//346
f 305//305 346//346 306//306
f 306//306 346//346 347//347
f 306//306 347//347 307//307
f 307//307 347//347 348//348
f 307//307 348//348 308//308
f 308//308 348//348 349//349
f 308//308 349//349 309//309
f 309//309 349//349 350//350
f 309//309 350//350 310//310
f 310//310 350//350 351//351
f 310//310 351//351 311//311
f 311//311 351//351 352//352
f 311//311 352//352 312//312
f 312//312 352//352 353//353
f 312//312 353//353 313//313
f 313//313 353//353 354//354
f 313//313 354//354 314//314
f 314//314 354//354 355//355
f 314//314 355//355 315//315
f 315//315 355//355 356//356
f 315//315 356//356 316//316
f 316//316 356//356 357//357
f 316//316 357//357 317//317
f 317//317 357//357 358//358
f 317//317 358//358 318//318
f 318//318 358//358 359//359
f 318//318 359//359 319//319
f 319//319 359//359 360//360
f 319//319 360//360 320//320
f 320//320 360//360 361//361
f 320//320 361//361 321//321
f 321//321 361//361 362//362
f 321//321 362//362 322//322
f 322//322 362//362 363//363
f 322//322 363//363 323//323
f 323//323 363//363 364//364
f 323//323 364//364 324//324
f 324//324 364//364 365//365
f 324//324 365//365 325//325
f 325//325 365//365 366//366
f 325//325 366//366 326//326
f 326//326 366//366 367//367
f 326//326 367//367 327//327
f 327//327 367//367 368//368
f 327//327 368//368 328//328
f 328//328 368//368 369//369
f 328//328 369//369 329//329
f 329//329 369//369 370//370
f 329//329 370//370 330//330
f 330//330 370//370 371//371
f 330//330 371//371 331//331
f 331//331 371//371 372//372
f 331//331 372//372 332//332
f 332//332 372//372 373//373
f 332//332 373//373 333//333
f 333//333 373//373 374//374
f 333//333 374//374 334//334
f 334//334 374//374 375//375
f 334//334 375//375 335//335
f 335//335 375//375 376//376
f 335//335 376//376 336//336
f 336//336 376//376 377//377
f 336//336 377//377 337//337
f 337//337 377//377 378//378
f 337//337 378//378 338//338
f 338//338 378//378 379//379
f 338//338 379//379 339//339
f 339//339 379//379 380//380
f 340//340 381//381 341//341
f 341//341 381//381 382//382
f 341//341 382//382 342//342
f 342//342 382//382 383//383
f 342//342 383//383 343//343
f 343//343 383//383 384//384
f 343//343 384//384 344//344
f 344//344 384//384 385//385
f 344//344 385//385 345//345
f 345//345 385//385 386//386
f 345//345 386//386 346//346
f 346//346 386//386 387//387
f 346//346 387//387 347//347
f 347//347 387//387 388//388
f 347//347 388//388 348//348
f 348//348 388//388 389//389
f 348//348 389//389 349//349
f 349//349 389//389 390//390
f 349//349 390//390 350//350
f 350//350 390//390 391//391
f 350//350 391//391 351//351
f 351//351 391//391 392//392
f 351//351 392//392 352//352
f 352//352 392//392 393//393
f 352//352 393//393 353//353
f 353//353 393//393 394//394
f 353//353 394//394 354//354
f 354//354 394//394 395//395
f 354//354 395//395 355//355
f 355//355 395//395 396//396
f 355//355 396//396 356//356
f 356//356 396//396 397//397
f 356//356 397//397 357//357
f 357//357 397//397 398//398
f 357//357 398//398 358//358
f 358//358 398//398 399//399
f 358//358 399//399 359//359
f 359//359 399//399 400//400
f 359//359 400//400 360//360
f 360//360 400//400 401//401
f 360//360 401//401 361//361
f 361//361 401//401 402//402
f 361//361 402//402 362//362
f 362//362 402//402 403//403
f 362//362 403//403 363//363
f 363//363 403//403 404//404
f 363//363 404//404 364//364
f 364//364 404//404 405//405
f 364//364 405//405 365//365
f 365//365 405//405 406//406
f 365//365 406//406 366//366
f 366//366 406//406 407//407
f 366//366 407//407 367//367
f 367//367 407//407 408//408
f 367//367 408//408 368//368
f 368//368 408//408 409//409
f 368//368 409//409 369//369
f 369//369 409//409 410//410
f 369//369 410//410 370//370
f 370//370 410//410 411//411
f 370//370 411//411 371//371
f 371//371 411//411 412//412
f 371//371 412//412 372//372
f 372//372 412//412 413//413
f 372//372 413//413 373//373
f 373//373 413//413 414//414
f 373//373 414//414 374//374
f 374//374 414//414 415//415
f 374//374 415//415 375//375
f 375//375 415//415 416//416
f 375//375 416//416 376//376
f 376//376 416//416 417//417
f 376//376 417//417 377//377
f 377//377 417//417 418//418
f 377//377 418//418 378//378
f 378//378 418//418 419//419
f 378//378 419//419 379//379
f 379//379 419//419 420//420
f 379//379 420//420 380//380
f 380//380 420//420 421//421
f 381//381 422//422 382//382
f 382//382 422//422 423//423
f 382//382 423//423 383//383
f 383//383 423//423 424//424
f 383//383 424//424 384//384
f 384//384 424//424 425//425
f 384//384 425//425 385//385
f 385//385 425//425 426//426
f 385//385 426//426 386//386
f 386//386 426//426 427//427
f 386//386 427//427 387//387
f 387//387 427//427 428//428
f 387//387 428//428 388//388
f 388//388 428//428 429//429
f 388//388 429//429 389//389
f 389//389 429//429 430//430
f 389//389 430//430 390//390
f 390//390 430//430 431//431
f 390//390 431//431 391//391
f 391//391 431//431 432//432
f 391//391 432//432 392//392
f 392//392 432//432 433//433
f 392//392 433//433 393//393
f 393//393 433//433 434//434
f 393//393 434//434 394//394
f 394//394 434//434 435//435
f 394//394 435//435 395//395
f 395//395 435//435 436//436
f 395//395 436//436 396//396
f 396//396 436//436 437//437
f 396//396 437//437 397//397
f 397//397 437//437 438//438
f 397//397 438//438 398//398
f 398//398 438//438 439//439
f 398//398 439//439 399//399
f 399//399 439//439 440//440
f 399//399 440//440 400//400
f 400//400 440//440 441//441
f 400//400 441//441 401//401
f 401//401 441//441 442//442
f 401//401 442//442 402//402
f 402//402 442//442 443//443
f 402//402 443//443 403//403
f 403//403 443//443 444//444
f 403//403 444//444 404//404
f 404//404 444//444 445//445
f 404//404 445//445 405//405
f 405//405 445//445 446//446
f 405//405 446//446 406//406
f 406//406 446//446 447//447
f 406//406 447//447 407//407
f 407//407 447//447 448//448
f 407//407 448//448 408//408
f 408//408 448//448 449//449
f 408//408 449//449 409//409
f 409//409 449//449 450//450
f 409//409 450//450 410//410
f 410//410 450//450 451//451
f 410//410 451//451 411//411
f 411//411 451//451 452//452
f 411//411 452//452 412//412
f 412//412 452//452 453//453
f 412//412 453//453 413//413
f 413//413 453//453 454//454
f 413//413 454//454 414//414
f 414//414 454//454 455//455
f 414//414 455//455 415//415
f 415//415 455//455 456//456
f 415//415 456//456 416//416
f 416//416 456//456 457//457
f 416//416 457//457 417//417
f 417//417 457//457 458//458
f 417//417 458//458 418//418
f 418//418 458//458 459//459
f 418//418 459//459 419//419
f 419//419 459//459 460//460
f 419//419 460//460 420//420
f 420//420 460//460 461//461
f 420//420 461//461 421//421
f 421//421 461//461 462//462
f 463//463 504//504 464//464
f 464//464 504//504 505//505
f 464//464 505//505 465//465
f 465//465 505//505 506//506
f 465//465 506//506 466//466
f 466//466 506//506 507//507
f 466//466 507//507 467//467
f 467//467 507//507 508//508
f 467//467 508//508 468//468
f 468//468 508//508 509//509
f 468//468 509//509 469//469
f 469//469 509//509 510//510
f 469//469 510//510 470//470
f 470//470 510//510 511//511
f 470//470 511//511 471//471
f 471//471 511//511 512//512
f 471//471 512//512 472//472
f 472//472 512//512 513//513
f 472//472 513//513 473//473
f 473//473 513//513 514//514
f 473//473 514//514 474//474
f 474//474 514//514 515//515
f 474//474 515//515 475//475
f 475//475 515//515 516//516
f 475//475 516//516 476//476
f 476//476 516//516 517//517
f 476//476 517//517 477//477
f 477//477 517//517 518//518
f 477//477 518//518 478//478
f 478//478 518//518 519//519
f 478//478 519//519 479//479
f 479//479 519//519 520//520
f 479//479 520//520 480//480
f 480//480 520//520 521//521
f 480//480 521//521 481//481
f 481//481 521//521 522//522
f 481//481 522//522 482//482
f 482//482 522//522 523//523
f 482//482 523//523 483//483
f 483//483 523//523 524//524
f 483//483 524//524 484//484
f 484//484 524//524 525//525
f 484//484 525//525 485//485
f 485//485 525//525 526//526
f 485//485 526//526 486//486
f 486//486 526//526 527//527
f 486//486 527//527 487//487
f 487//487 527//527 528//528
f 487//487 528//528 488//488
f 488//488 528//528 529//529
f 488//488 529//529 489//489
f 489//489 529//529 530//530
f 489//489 530//530 490//490
f 490//490 530//530 531//531
f 490//490 531//531 491//491
f 491//491 531//531 532//532
f 491//491 532//532 492//492
f 492//492 532//532 533//533
f 492//492 533//533 493//493
f 493//493 533//533 534//534
f 493//493 534//534 494//494
f 494//494 534//534 535//535
f 494//494 535//535 495//495
f 495//495 535//535 536//536
f 495//495 536//536 496//496
f 496//496 536//536 537//537
f 496//496 537//537 497//497
f 497//497 537//537 538//538
f 497//497 538//538 498//498
f 498//498 538//538 539//539
f 498//498 539//539 499//499
f 499//499 539//539 540//540
f 499//499 540//540 500//500
f 500//500 540//540 541//541
f 500//500 541//541 501//501
f 501//501 541//541 542//542
f 501//501 542//542 502//502
f 502//502 542//542 543//543
f 502//502 543//543 503//503
f 503//503 543//543 544//544
f 504//504 545//545 505//505
f 505//505 545//545 546//546
f 505//505 546//546 506//506
f 506//506 546//546 547//547
f 506//506 547//547 507//507
f 507//507 547//547 548//548
f 507//507 548//548 508//508
f 508//508 548//548 549//549
f 508//508 549//549 509//509
f 509//509 549//549 550//550
f 509//509 550//550 510//510
f 510//510 550//550 551//551
f 510//510 551//551 511//511
f 511//511 551//551 552//552
f 511//511 552//552 512//512
f 512//512 552//552 553//553
f 512//512 553//553 513//513
f 513//513 553//553 554//554
f 513//513 554//554 514//514
f 514//514 554//554 555//555
f 514//514 555//555 515//515
f 515//515 555//555 556//556
f 515//515 556//556 516//516
f 516//516 556//556 557//557
f 516//516 557//557 517//517
f 517//517 557//557 558//558
f 517//517 558//558 518//518
f 518//518 558//558 559//559
f 518//518 559//559 519//519
f 519//519 559//559 560//560
f 519//519 560//560 520//520
f 520//520 560//560 561//561
f 520//520 561//561 521//521
f 521//521 561//561 562//562
f 521//521 562//562 522//522
f 522//522 562//562 563//563
f 522//522 563//563 523//523
f 523//523 563//563 564//564
f 523//523 564//564 524//524
f 524//524 564//564 565//565
f 524//524 565//565 525//525
f 525//525 565//565 566//566
f 525//525 566//566 526//526
f 526//526 566//566 567//567
f 526//526 567//567 527//527
f 527//527 567//567 568//568
f 527//527 568//568 528//528
f 528//528 568//568 569//569
f 528//528 569//569 529//529
f 529//529 569//569 570//570
f 529//529 570//570 530//530
f 530//530 570//570 571//571
f 530//530 571//571 531//531
f 531//531 571//571 572//572
f 531//531 572//572 532//532
f 532//532 572//572 573//573
f 532//532 573//573 533//533
f 533//533 573//573 574//574
f 533//533 574//574 534//534
f 534//534 574//574 575//575
f 534//534 575//575 535//535
f 535//535 575//575 576//576
f 535//535 576//576 536//536
f 536//536 576//576 577//577
f 536//536 577//577 537//537
f 537//537 577//577 578//578
f 537//537 578//578 538//538
f 538//538 578//578 579//579
f 538//538 579//579 539//539
f 539//539 579//579 580//580
f 539//539 580//580 540//540
f 540//540 580//580 581//581
f 540//540 581//581 541//541
f 541//541 581//581 582//582
f 541//541 582//582 542//542
f 542//542 582//582 583//583
f 542//542 583//583 543//543
f 543//543 583//583 584//584
f 543//543 584//584 544//544
f 544//544 584//584 585//585
f 545//545 586//586 546//546
f 546//546 586//586 587//587
f 546//546 587//587 547//547
f 547//547 587//587 588//588
f 547//547 588//588 548//548
f 548//548 588//588 589//589
f 548//548 589//589 549//549
f 549//549 589//589 590//590
f 549//549 590//590 550//550
f 550//550 590//590 591//591
f 550//550 591//591 551//551
f 551//551 591//591 592//592
f 551//551 592//592 552//552
f 552//552 592//592 593//593
f 552//552 593//593 553//553
f 553//553 593//593 594//594
f 553//553 594//594 554//554
f 554//554 594//594 595//595
f 554//554 595//595 555//555
f 555//555 595//595 596//596
f 555//555 596//596 556//556
f 556//556 596//596 597//597
f 556//556 597//597 557//557
f 557//557 597//597 598//598
f 557//557 598//598 558//558
f 558//558 598//598 599//599
f 558//558 599//599 559//559
f 559//559 599//599 600//600
f 559//559 600//600 560//560
f 560//560 600//600 601//601
f 560//560 601//601 561//561
f 561//561 601//601 602//602
f 561//561 602//602 562//562
f 562//562 602//602 603//603
f 562//562 603//603 563//563
f 563//563 603//603 604//604
f 563//563 604//604 564//564
f 564//564 604//604 605//605
f 564//564 605//605 565//565
f 565//565 605//605 606//606
f 565//565 606//606 566//566
f 566//566 606//606 607//607
f 566//566 607//607 567//567
f 567//567 607//607 608//608
f 567//567 608//608 568//568
f 568//568 608//608 609//609
f 568//568 609//609 569//569
f 569//569 609//609 610//610
f 569//569 610//610 570//570
f 570//570 610//610 611//611
f 570//570 611//611 571//571
f 571//571 611//611 612//612
f 571//571 612//612 572//572
f 572//572 612//612 613//613
f 572//572 613//613 573//573
f 573//573 613//613 614//614
f 573//573 614//614 574//574
f 574//574 614//614 615//615
f 574//574 615//615 575//575
f 575//575 615//615 616//616
f 575//575 616//616 576//576
f 576//576 616//616 617//617
f 576//576 617//617 577//577
f 577//577 617//617 618//618
f 577//577 618//618 578//578
f 578//578 618//618 619//619
f 578//578 619//619 579//579
f 579//579 619//619 620//620
f 579//579 620//620 580//580
f 580//580 620//620 621//621
f 580//580 621//621 581//581
f 581//581 621//621 622//622
f 581//581 622//622 582//582
f 582//582 622//622 623//623
f 582//582 623//623 583//583
f 583//583 623//623 624//624
f 583//583 624//624 584//584
f 584//584 624//624 625//625
f 584//584 625//625 585//585
f 585//585 625//625 626//626
f 586//586 627//627 587//587
f 587//587 627//627 628//628
f 587//587 628//628 588//588
f 588//588 628//628 629//629
f 588//588 629//629 589//589
f 589//589 629//629 630//630
f 589//589 630//630 590//590
f 590//590 630//630 631//631
f 590//590 631//631 591//591
f 591//591 631//631 632//632
f 591//591 632//632 592//592
f 592//592 632//632 633//633
f 592//592 633//633 593//593
f 593//593 633//633 634//634
f 593//593 634//634 594//594
f 594//594 634//634 635//635
f 594//594 635//635 595//595
f 595//595 635//635 636//636
f 595//595 636//636 596//596
f 596//596 636//636 637//637
f 596//596 637//637 597//597
f 597//597 637//637 638//638
f 597//597 638//638 598//598
f 598//598 638//638 639//639
f 598//598 639//639 599//599
f 599//599 639//639 640//640
f 599//599 640//640 600//600
f 600//600 640//640 641//641
f 600//600 641//641 601//601
f 601//601 641//641 642//642
f 601//601 642//642 602//602
f 602//602 642//642 643//643
f 602//602 643//643 603//603
f 603//603 643//643 644//644
f 603//603 644//644 604//604
f 604//604 644//644 645//645
f 604//604 645//645 605//605
f 605//605 645//645 646//646
f 605//605 646//646 606//606
f 606//606 646//646 647//647
f 606//606 647//647 607//607
f 607//607 647//647 648//648
f 607//607 648//648 608//608
f 608//608 648//648 649//649
f 608//608 649//649 609//609
f 609//609 649//649 650//650
f 609//609 650//650 610//610
f 610//610 650//650 651//651
f 610//610 651//651 611//611
f 611//611 651//651 652//652
f 611//611 652//652 612//612
f 612//612 652//652 653//653
f 612//612 653//653 613//613
f 613//613 653//653 654//654
f 613//613 654//654 614//614
f 614//614 654//654 655//655
f 614//614 655//655 615//615
f 615//615 655//655 656//656
f 615//615 656//656 616//616
f 616//616 656//656 657//657
f 616//616 657//657 617//617
f 617//617 657//657 658//658
f 617//617 658//658 618//618
f 618//618 658//658 659//659
f 618//618 659//659 619//619
f 619//619 659//659 660//660
f 619//619 660//660 620//620
f 620//620 660//660 661//661
f 620//620 661//661 621//621
f 621//621 661//661 662//662
f 621//621 662//662 622//622
f 622//622 662//662 663//663
f 622//622 663//663 623//623
f 623//623 663//663 664//664
f 623//623 664//664 624//624
f 624//624 664//664 665//665
f 624//624 665//665 625//625
f 625//625 665//665 666//666
f 625//625 666//666 626//626
f 626//626 666//666 667//667
f 627//627 668//668 628//628
f 628//628 668//668 669//669
f 628//628 669//669 629//629
f 629//629 669//669 670//670
f 629//629 670//670 630//630
f 630//630 670//670 671//671
f 630//630 671//671 631//631
f 631//631 671//671 672//672
f 631//631 672//672 632//632
f 632//632 672//672 673//673
f 632//632 673//673 633//633
f 633//633 673//673 674//674
f 633//633 674//674 634//634
f 634//634 674//674 675//675
f 634//634 675//675 635//635
f 635//635 675//675 676//676
f 635//635 676//676 636//636
f 636//636 676//676 677//677
f 636//636 677//677 637//637
f 637//637 677//677 678//678
f 637//637 678//678 638//638
f 638//638 678//678 679//679
f 638//638 679//679 639//639
f 639//639 679//679 680//680
f 639//639 680//680 640//640
f 640//640 680//680 681//681
f 640//640 681//681 641//641
f 641//641 681//681 682//682
f 641//641 682//682 642//642
f 642//642 682//682 683//683
f 642//642 683//683 643//643
f 643//643 683//683 684//684
f 643//643 684//684 644//644
f 644//644 684//684 685//685
f 644//644 685//685 645//645
f 645//645 685//685 686//686
f 645//645 686//686 646//646
f 646//646 686//686 687//687
f 646//646 687//687 647//647
f 647//647 687//687 688//688
f 647//647 688//688 648//648
f 648//648 688//688 689//689
f 648//648 689//689 649//649
f 649//649 689//689 690//690
f 649//649 690//690 650//650
f 650//650 690//690 691//691
f 650//650 691//691 651//651
f 651//651 691//691 692//692
f 651//651 692//692 652//652
f 652//652 692//692 693//693
f 652//652 693//693 653//653
f 653//653 693//693 694//694
f 653//653 694//694 654//654
f 654//654 694//694 695//695
f 654//654 695//695 655//655
f 655//655 695//695 696//696
f 655//655 696//696 656//656
f 656//656 696//696 697//697
f 656//656 697//697 657//657
f 657//657 697//697 698//698
f 657//657 698//698 658//658
f 658//658 698//698 699//699
f 658//658 699//699 659//659
f 659//659 699//699 700//700
f 659//659 700//700 660//660
f 660//660 700//700 701//701
f 660//660 701//701 661//661
f 661//661 701//701 702//702
f 661//661 702//702 662//662
f 662//662 702//702 703//703
f 662//662 703//703 663//663
f 663//663 703//703 704//704
f 663//663 704//704 664//664
f 664//664 704//704 705//705
f 664//664 705//705 665//665
f 665//665 705//705 706//706
f 665//665 706//706 666//666
f 666//666 706//706 707//707
f 666//666 707//707 667//667
f 667//667 707//707 708//708
o station-serve_ivory
usemtl ivory
v -0.350207 0.057659 -0.340207
v -0.353333 0.055533 -0.331667
v -0.354749 0.054571 -0.320000
v -0.354749 0.054571 0.320000
v -0.353333 0.055533 0.331667
v -0.350207 0.057659 0.340207
v -0.353333 0.063467 -0.343333
v -0.358577 0.061684 -0.334289
v -0.361305 0.060756 -0.320000
v -0.361305 0.060756 0.320000
v -0.358577 0.061684 0.334289
v -0.353333 0.063467 0.343333
v -0.354749 0.071400 -0.344749
v -0.361305 0.071400 -0.335652
v -0.365000 0.071400 -0.320000
v -0.365000 0.071400 0.320000
v -0.361305 0.071400 0.335652
v -0.354749 0.071400 0.344749
v -0.354749 0.323000 -0.344749
v -0.361305 0.323000 -0.335652
v -0.365000 0.323000 -0.320000
v -0.365000 0.323000 0.320000
v -0.361305 0.323000 0.335652
v -0.354749 0.323000 0.344749
v -0.353333 0.330933 -0.343333
v -0.358577 0.332716 -0.334289
v -0.361305 0.333644 -0.320000
v -0.361305 0.333644 0.320000
v -0.358577 0.332716 0.334289
v -0.353333 0.330933 0.343333
v -0.350207 0.336741 -0.340207
v -0.353333 0.338867 -0.331667
v -0.354749 0.339829 -0.320000
v -0.354749 0.339829 0.320000
v -0.353333 0.338867 0.331667
v -0.350207 0.336741 0.340207
v 0.350207 0.057659 -0.340207
v 0.353333 0.055533 -0.331667
v 0.354749 0.054571 -0.320000
v 0.354749 0.054571 0.320000
v 0.353333 0.055533 0.331667
v 0.350207 0.057659 0.340207
v 0.353333 0.063467 -0.343333
v 0.358577 0.061684 -0.334289
v 0.361305 0.060756 -0.320000
v 0.361305 0.060756 0.320000
v 0.358577 0.061684 0.334289
v 0.353333 0.063467 0.343333
v 0.354749 0.071400 -0.344749
v 0.361305 0.071400 -0.335652
v 0.365000 0.071400 -0.320000
v 0.365000 0.071400 0.320000
v 0.361305 0.071400 0.335652
v 0.354749 0.071400 0.344749
v 0.354749 0.323000 -0.344749
v 0.361305 0.323000 -0.335652
v 0.365000 0.323000 -0.320000
v 0.365000 0.323000 0.320000
v 0.361305 0.323000 0.335652
v 0.354749 0.323000 0.344749
v 0.353333 0.330933 -0.343333
v 0.358577 0.332716 -0.334289
v 0.361305 0.333644 -0.320000
v 0.361305 0.333644 0.320000
v 0.358577 0.332716 0.334289
v 0.353333 0.330933 0.343333
v 0.350207 0.336741 -0.340207
v 0.353333 0.338867 -0.331667
v 0.354749 0.339829 -0.320000
v 0.354749 0.339829 0.320000
v 0.353333 0.338867 0.331667
v 0.350207 0.336741 0.340207
v -0.350207 0.057659 -0.340207
v -0.341667 0.055533 -0.343333
v -0.330000 0.054571 -0.344749
v 0.330000 0.054571 -0.344749
v 0.341667 0.055533 -0.343333
v 0.350207 0.057659 -0.340207
v -0.353333 0.055533 -0.331667
v -0.344289 0.051967 -0.334289
v -0.330000 0.050113 -0.335652
v 0.330000 0.050113 -0.335652
v 0.344289 0.051967 -0.334289
v 0.353333 0.055533 -0.331667
v -0.354749 0.054571 -0.320000
v -0.345652 0.050113 -0.320000
v -0.330000 0.047600 -0.320000
v 0.330000 0.047600 -0.320000
v 0.345652 0.050113 -0.320000
v 0.354749 0.054571 -0.320000
v -0.354749 0.054571 0.320000
v -0.345652 0.050113 0.320000
v -0.330000 0.047600 0.320000
v 0.330000 0.047600 0.320000
v 0.345652 0.050113 0.320000
v 0.354749 0.054571 0.320000
v -0.353333 0.055533 0.331667
v -0.344289 0.051967 0.334289
v -0.330000 0.050113 0.335652
v 0.330000 0.050113 0.335652
v 0.344289 0.051967 0.334289
v 0.353333 0.055533 0.331667
v -0.350207 0.057659 0.340207
v -0.341667 0.055533 0.343333
v -0.330000 0.054571 0.344749
v 0.330000 0.054571 0.344749
v 0.341667 0.055533 0.343333
v 0.350207 0.057659 0.340207
v -0.350207 0.336741 -0.340207
v -0.341667 0.338867 -0.343333
v -0.330000 0.339829 -0.344749
v 0.330000 0.339829 -0.344749
v 0.341667 0.338867 -0.343333
v 0.350207 0.336741 -0.340207
v -0.353333 0.338867 -0.331667
v -0.344289 0.342433 -0.334289
v -0.330000 0.344287 -0.335652
v 0.330000 0.344287 -0.335652
v 0.344289 0.342433 -0.334289
v 0.353333 0.338867 -0.331667
v -0.354749 0.339829 -0.320000
v -0.345652 0.344287 -0.320000
v -0.330000 0.346800 -0.320000
v 0.330000 0.346800 -0.320000
v 0.345652 0.344287 -0.320000
v 0.354749 0.339829 -0.320000
v -0.354749 0.339829 0.320000
v -0.345652 0.344287 0.320000
v -0.330000 0.346800 0.320000
v 0.330000 0.346800 0.320000
v 0.345652 0.344287 0.320000
v 0.354749 0.339829 0.320000
v -0.353333 0.338867 0.331667
v -0.344289 0.342433 0.334289
v -0.330000 0.344287 0.335652
v 0.330000 0.344287 0.335652
v 0.344289 0.342433 0.334289
v 0.353333 0.338867 0.331667
v -0.350207 0.336741 0.340207
v -0.341667 0.338867 0.343333
v -0.330000 0.339829 0.344749
v 0.330000 0.339829 0.344749
v 0.341667 0.338867 0.343333
v 0.350207 0.336741 0.340207
v -0.350207 0.057659 -0.340207
v -0.353333 0.063467 -0.343333
v -0.354749 0.071400 -0.344749
v -0.354749 0.323000 -0.344749
v -0.353333 0.330933 -0.343333
v -0.350207 0.336741 -0.340207
v -0.341667 0.055533 -0.343333
v -0.344289 0.061684 -0.348577
v -0.345652 0.071400 -0.351305
v -0.345652 0.323000 -0.351305
v -0.344289 0.332716 -0.348577
v -0.341667 0.338867 -0.343333
v -0.330000 0.054571 -0.344749
v -0.330000 0.060756 -0.351305
v -0.330000 0.071400 -0.355000
v -0.330000 0.323000 -0.355000
v -0.330000 0.333644 -0.351305
v -0.330000 0.339829 -0.344749
v 0.330000 0.054571 -0.344749
v 0.330000 0.060756 -0.351305
v 0.330000 0.071400 -0.355000
v 0.330000 0.323000 -0.355000
v 0.330000 0.333644 -0.351305
v 0.330000 0.339829 -0.344749
v 0.341667 0.055533 -0.343333
v 0.344289 0.061684 -0.348577
v 0.345652 0.071400 -0.351305
v 0.345652 0.323000 -0.351305
v 0.344289 0.332716 -0.348577
v 0.341667 0.338867 -0.343333
v 0.350207 0.057659 -0.340207
v 0.353333 0.063467 -0.343333
v 0.354749 0.071400 -0.344749
v 0.354749 0.323000 -0.344749
v 0.353333 0.330933 -0.343333
v 0.350207 0.336741 -0.340207
v -0.350207 0.057659 0.340207
v -0.353333 0.063467 0.343333
v -0.354749 0.071400 0.344749
v -0.354749 0.323000 0.344749
v -0.353333 0.330933 0.343333
v -0.350207 0.336741 0.340207
v -0.341667 0.055533 0.343333
v -0.344289 0.061684 0.348577
v -0.345652 0.071400 0.351305
v -0.345652 0.323000 0.351305
v -0.344289 0.332716 0.348577
v -0.341667 0.338867 0.343333
v -0.330000 0.054571 0.344749
v -0.330000 0.060756 0.351305
v -0.330000 0.071400 0.355000
v -0.330000 0.323000 0.355000
v -0.330000 0.333644 0.351305
v -0.330000 0.339829 0.344749
v 0.330000 0.054571 0.344749
v 0.330000 0.060756 0.351305
v 0.330000 0.071400 0.355000
v 0.330000 0.323000 0.355000
v 0.330000 0.333644 0.351305
v 0.330000 0.339829 0.344749
v 0.341667 0.055533 0.343333
v 0.344289 0.061684 0.348577
v 0.345652 0.071400 0.351305
v 0.345652 0.323000 0.351305
v 0.344289 0.332716 0.348577
v 0.341667 0.338867 0.343333
v 0.350207 0.057659 0.340207
v 0.353333 0.063467 0.343333
v 0.354749 0.071400 0.344749
v 0.354749 0.323000 0.344749
v 0.353333 0.330933 0.343333
v 0.350207 0.336741 0.340207
v -0.325907 0.099683 0.358593
v -0.326667 0.099167 0.360667
v -0.327010 0.098933 0.363500
v -0.327010 0.098933 0.366500
v -0.326667 0.099167 0.369333
v -0.325907 0.099683 0.371407
v -0.326667 0.101093 0.357833
v -0.327940 0.100660 0.360030
v -0.328603 0.100435 0.363500
v -0.328603 0.100435 0.366500
v -0.327940 0.100660 0.369970
v -0.326667 0.101093 0.372167
v -0.327010 0.103020 0.357490
v -0.328603 0.103020 0.359699
v -0.329500 0.103020 0.363500
v -0.329500 0.103020 0.366500
v -0.328603 0.103020 0.370301
v -0.327010 0.103020 0.372510
v -0.327010 0.302260 0.357490
v -0.328603 0.302260 0.359699
v -0.329500 0.302260 0.363500
v -0.329500 0.302260 0.366500
v -0.328603 0.302260 0.370301
v -0.327010 0.302260 0.372510
v -0.326667 0.304187 0.357833
v -0.327940 0.304620 0.360030
v -0.328603 0.304845 0.363500
v -0.328603 0.304845 0.366500
v -0.327940 0.304620 0.369970
v -0.326667 0.304187 0.372167
v -0.325907 0.305597 0.358593
v -0.326667 0.306113 0.360667
v -0.327010 0.306347 0.363500
v -0.327010 0.306347 0.366500
v -0.326667 0.306113 0.369333
v -0.325907 0.305597 0.371407
v -0.018093 0.099683 0.358593
v -0.017333 0.099167 0.360667
v -0.016990 0.098933 0.363500
v -0.016990 0.098933 0.366500
v -0.017333 0.099167 0.369333
v -0.018093 0.099683 0.371407
v -0.017333 0.101093 0.357833
v -0.016060 0.100660 0.360030
v -0.015397 0.100435 0.363500
v -0.015397 0.100435 0.366500
v -0.016060 0.100660 0.369970
v -0.017333 0.101093 0.372167
v -0.016990 0.103020 0.357490
v -0.015397 0.103020 0.359699
v -0.014500 0.103020 0.363500
v -0.014500 0.103020 0.366500
v -0.015397 0.103020 0.370301
v -0.016990 0.103020 0.372510
v -0.016990 0.302260 0.357490
v -0.015397 0.302260 0.359699
v -0.014500 0.302260 0.363500
v -0.014500 0.302260 0.366500
v -0.015397 0.302260 0.370301
v -0.016990 0.302260 0.372510
v -0.017333 0.304187 0.357833
v -0.016060 0.304620 0.360030
v -0.015397 0.304845 0.363500
v -0.015397 0.304845 0.366500
v -0.016060 0.304620 0.369970
v -0.017333 0.304187 0.372167
v -0.018093 0.305597 0.358593
v -0.017333 0.306113 0.360667
v -0.016990 0.306347 0.363500
v -0.016990 0.306347 0.366500
v -0.017333 0.306113 0.369333
v -0.018093 0.305597 0.371407
v -0.325907 0.099683 0.358593
v -0.323833 0.099167 0.357833
v -0.321000 0.098933 0.357490
v -0.023000 0.098933 0.357490
v -0.020167 0.099167 0.357833
v -0.018093 0.099683 0.358593
v -0.326667 0.099167 0.360667
v -0.324470 0.098301 0.360030
v -0.321000 0.097850 0.359699
v -0.023000 0.097850 0.359699
v -0.019530 0.098301 0.360030
v -0.017333 0.099167 0.360667
v -0.327010 0.098933 0.363500
v -0.324801 0.097850 0.363500
v -0.321000 0.097240 0.363500
v -0.023000 0.097240 0.363500
v -0.019199 0.097850 0.363500
v -0.016990 0.098933 0.363500
v -0.327010 0.098933 0.366500
v -0.324801 0.097850 0.366500
v -0.321000 0.097240 0.366500
v -0.023000 0.097240 0.366500
v -0.019199 0.097850 0.366500
v -0.016990 0.098933 0.366500
v -0.326667 0.099167 0.369333
v -0.324470 0.098301 0.369970
v -0.321000 0.097850 0.370301
v -0.023000 0.097850 0.370301
v -0.019530 0.098301 0.369970
v -0.017333 0.099167 0.369333
v -0.325907 0.099683 0.371407
v -0.323833 0.099167 0.372167
v -0.321000 0.098933 0.372510
v -0.023000 0.098933 0.372510
v -0.020167 0.099167 0.372167
v -0.018093 0.099683 0.371407
v -0.325907 0.305597 0.358593
v -0.323833 0.306113 0.357833
v -0.321000 0.306347 0.357490
v -0.023000 0.306347 0.357490
v -0.020167 0.306113 0.357833
v -0.018093 0.305597 0.358593
v -0.326667 0.306113 0.360667
v -0.324470 0.306979 0.360030
v -0.321000 0.307430 0.359699
v -0.023000 0.307430 0.359699
v -0.019530 0.306979 0.360030
v -0.017333 0.306113 0.360667
v -0.327010 0.306347 0.363500
v -0.324801 0.307430 0.363500
v -0.321000 0.308040 0.363500
v -0.023000 0.308040 0.363500
v -0.019199 0.307430 0.363500
v -0.016990 0.306347 0.363500
v -0.327010 0.306347 0.366500
v -0.324801 0.307430 0.366500
v -0.321000 0.308040 0.366500
v -0.023000 0.308040 0.366500
v -0.019199 0.307430 0.366500
v -0.016990 0.306347 0.366500
v -0.326667 0.306113 0.369333
v -0.324470 0.306979 0.369970
v -0.321000 0.307430 0.370301
v -0.023000 0.307430 0.370301
v -0.019530 0.306979 0.369970
v -0.017333 0.306113 0.369333
v -0.325907 0.305597 0.371407
v -0.323833 0.306113 0.372167
v -0.321000 0.306347 0.372510
v -0.023000 0.306347 0.372510
v -0.020167 0.306113 0.372167
v -0.018093 0.305597 0.371407
v -0.325907 0.099683 0.358593
v -0.326667 0.101093 0.357833
v -0.327010 0.103020 0.357490
v -0.327010 0.302260 0.357490
v -0.326667 0.304187 0.357833
v -0.325907 0.305597 0.358593
v -0.323833 0.099167 0.357833
v -0.324470 0.100660 0.356560
v -0.324801 0.103020 0.355897
v -0.324801 0.302260 0.355897
v -0.324470 0.304620 0.356560
v -0.323833 0.306113 0.357833
v -0.321000 0.098933 0.357490
v -0.321000 0.100435 0.355897
v -0.321000 0.103020 0.355000
v -0.321000 0.302260 0.355000
v -0.321000 0.304845 0.355897
v -0.321000 0.306347 0.357490
v -0.023000 0.098933 0.357490
v -0.023000 0.100435 0.355897
v -0.023000 0.103020 0.355000
v -0.023000 0.302260 0.355000
v -0.023000 0.304845 0.355897
v -0.023000 0.306347 0.357490
v -0.020167 0.099167 0.357833
v -0.019530 0.100660 0.356560
v -0.019199 0.103020 0.355897
v -0.019199 0.302260 0.355897
v -0.019530 0.304620 0.356560
v -0.020167 0.306113 0.357833
v -0.018093 0.099683 0.358593
v -0.017333 0.101093 0.357833
v -0.016990 0.103020 0.357490
v -0.016990 0.302260 0.357490
v -0.017333 0.304187 0.357833
v -0.018093 0.305597 0.358593
v -0.325907 0.099683 0.371407
v -0.326667 0.101093 0.372167
v -0.327010 0.103020 0.372510
v -0.327010 0.302260 0.372510
v -0.326667 0.304187 0.372167
v -0.325907 0.305597 0.371407
v -0.323833 0.099167 0.372167
v -0.324470 0.100660 0.373440
v -0.324801 0.103020 0.374103
v -0.324801 0.302260 0.374103
v -0.324470 0.304620 0.373440
v -0.323833 0.306113 0.372167
v -0.321000 0.098933 0.372510
v -0.321000 0.100435 0.374103
v -0.321000 0.103020 0.375000
v -0.321000 0.302260 0.375000
v -0.321000 0.304845 0.374103
v -0.321000 0.306347 0.372510
v -0.023000 0.098933 0.372510
v -0.023000 0.100435 0.374103
v -0.023000 0.103020 0.375000
v -0.023000 0.302260 0.375000
v -0.023000 0.304845 0.374103
v -0.023000 0.306347 0.372510
v -0.020167 0.099167 0.372167
v -0.019530 0.100660 0.373440
v -0.019199 0.103020 0.374103
v -0.019199 0.302260 0.374103
v -0.019530 0.304620 0.373440
v -0.020167 0.306113 0.372167
v -0.018093 0.099683 0.371407
v -0.017333 0.101093 0.372167
v -0.016990 0.103020 0.372510
v -0.016990 0.302260 0.372510
v -0.017333 0.304187 0.372167
v -0.018093 0.305597 0.371407
v 0.018093 0.099683 0.358593
v 0.017333 0.099167 0.360667
v 0.016990 0.098933 0.363500
v 0.016990 0.098933 0.366500
v 0.017333 0.099167 0.369333
v 0.018093 0.099683 0.371407
v 0.017333 0.101093 0.357833
v 0.016060 0.100660 0.360030
v 0.015397 0.100435 0.363500
v 0.015397 0.100435 0.366500
v 0.016060 0.100660 0.369970
v 0.017333 0.101093 0.372167
v 0.016990 0.103020 0.357490
v 0.015397 0.103020 0.359699
v 0.014500 0.103020 0.363500
v 0.014500 0.103020 0.366500
v 0.015397 0.103020 0.370301
v 0.016990 0.103020 0.372510
v 0.016990 0.302260 0.357490
v 0.015397 0.302260 0.359699
v 0.014500 0.302260 0.363500
v 0.014500 0.302260 0.366500
v 0.015397 0.302260 0.370301
v 0.016990 0.302260 0.372510
v 0.017333 0.304187 0.357833
v 0.016060 0.304620 0.360030
v 0.015397 0.304845 0.363500
v 0.015397 0.304845 0.366500
v 0.016060 0.304620 0.369970
v 0.017333 0.304187 0.372167
v 0.018093 0.305597 0.358593
v 0.017333 0.306113 0.360667
v 0.016990 0.306347 0.363500
v 0.016990 0.306347 0.366500
v 0.017333 0.306113 0.369333
v 0.018093 0.305597 0.371407
v 0.325907 0.099683 0.358593
v 0.326667 0.099167 0.360667
v 0.327010 0.098933 0.363500
v 0.327010 0.098933 0.366500
v 0.326667 0.099167 0.369333
v 0.325907 0.099683 0.371407
v 0.326667 0.101093 0.357833
v 0.327940 0.100660 0.360030
v 0.328603 0.100435 0.363500
v 0.328603 0.100435 0.366500
v 0.327940 0.100660 0.369970
v 0.326667 0.101093 0.372167
v 0.327010 0.103020 0.357490
v 0.328603 0.103020 0.359699
v 0.329500 0.103020 0.363500
v 0.329500 0.103020 0.366500
v 0.328603 0.103020 0.370301
v 0.327010 0.103020 0.372510
v 0.327010 0.302260 0.357490
v 0.328603 0.302260 0.359699
v 0.329500 0.302260 0.363500
v 0.329500 0.302260 0.366500
v 0.328603 0.302260 0.370301
v 0.327010 0.302260 0.372510
v 0.326667 0.304187 0.357833
v 0.327940 0.304620 0.360030
v 0.328603 0.304845 0.363500
v 0.328603 0.304845 0.366500
v 0.327940 0.304620 0.369970
v 0.326667 0.304187 0.372167
v 0.325907 0.305597 0.358593
v 0.326667 0.306113 0.360667
v 0.327010 0.306347 0.363500
v 0.327010 0.306347 0.366500
v 0.326667 0.306113 0.369333
v 0.325907 0.305597 0.371407
v 0.018093 0.099683 0.358593
v 0.020167 0.099167 0.357833
v 0.023000 0.098933 0.357490
v 0.321000 0.098933 0.357490
v 0.323833 0.099167 0.357833
v 0.325907 0.099683 0.358593
v 0.017333 0.099167 0.360667
v 0.019530 0.098301 0.360030
v 0.023000 0.097850 0.359699
v 0.321000 0.097850 0.359699
v 0.324470 0.098301 0.360030
v 0.326667 0.099167 0.360667
v 0.016990 0.098933 0.363500
v 0.019199 0.097850 0.363500
v 0.023000 0.097240 0.363500
v 0.321000 0.097240 0.363500
v 0.324801 0.097850 0.363500
v 0.327010 0.098933 0.363500
v 0.016990 0.098933 0.366500
v 0.019199 0.097850 0.366500
v 0.023000 0.097240 0.366500
v 0.321000 0.097240 0.366500
v 0.324801 0.097850 0.366500
v 0.327010 0.098933 0.366500
v 0.017333 0.099167 0.369333
v 0.019530 0.098301 0.369970
v 0.023000 0.097850 0.370301
v 0.321000 0.097850 0.370301
v 0.324470 0.098301 0.369970
v 0.326667 0.099167 0.369333
v 0.018093 0.099683 0.371407
v 0.020167 0.099167 0.372167
v 0.023000 0.098933 0.372510
v 0.321000 0.098933 0.372510
v 0.323833 0.099167 0.372167
v 0.325907 0.099683 0.371407
v 0.018093 0.305597 0.358593
v 0.020167 0.306113 0.357833
v 0.023000 0.306347 0.357490
v 0.321000 0.306347 0.357490
v 0.323833 0.306113 0.357833
v 0.325907 0.305597 0.358593
v 0.017333 0.306113 0.360667
v 0.019530 0.306979 0.360030
v 0.023000 0.307430 0.359699
v 0.321000 0.307430 0.359699
v 0.324470 0.306979 0.360030
v 0.326667 0.306113 0.360667
v 0.016990 0.306347 0.363500
v 0.019199 0.307430 0.363500
v 0.023000 0.308040 0.363500
v 0.321000 0.308040 0.363500
v 0.324801 0.307430 0.363500
v 0.327010 0.306347 0.363500
v 0.016990 0.306347 0.366500
v 0.019199 0.307430 0.366500
v 0.023000 0.308040 0.366500
v 0.321000 0.308040 0.366500
v 0.324801 0.307430 0.366500
v 0.327010 0.306347 0.366500
v 0.017333 0.306113 0.369333
v 0.019530 0.306979 0.369970
v 0.023000 0.307430 0.370301
v 0.321000 0.307430 0.370301
v 0.324470 0.306979 0.369970
v 0.326667 0.306113 0.369333
v 0.018093 0.305597 0.371407
v 0.020167 0.306113 0.372167
v 0.023000 0.306347 0.372510
v 0.321000 0.306347 0.372510
v 0.323833 0.306113 0.372167
v 0.325907 0.305597 0.371407
v 0.018093 0.099683 0.358593
v 0.017333 0.101093 0.357833
v 0.016990 0.103020 0.357490
v 0.016990 0.302260 0.357490
v 0.017333 0.304187 0.357833
v 0.018093 0.305597 0.358593
v 0.020167 0.099167 0.357833
v 0.019530 0.100660 0.356560
v 0.019199 0.103020 0.355897
v 0.019199 0.302260 0.355897
v 0.019530 0.304620 0.356560
v 0.020167 0.306113 0.357833
v 0.023000 0.098933 0.357490
v 0.023000 0.100435 0.355897
v 0.023000 0.103020 0.355000
v 0.023000 0.302260 0.355000
v 0.023000 0.304845 0.355897
v 0.023000 0.306347 0.357490
v 0.321000 0.098933 0.357490
v 0.321000 0.100435 0.355897
v 0.321000 0.103020 0.355000
v 0.321000 0.302260 0.355000
v 0.321000 0.304845 0.355897
v 0.321000 0.306347 0.357490
v 0.323833 0.099167 0.357833
v 0.324470 0.100660 0.356560
v 0.324801 0.103020 0.355897
v 0.324801 0.302260 0.355897
v 0.324470 0.304620 0.356560
v 0.323833 0.306113 0.357833
v 0.325907 0.099683 0.358593
v 0.326667 0.101093 0.357833
v 0.327010 0.103020 0.357490
v 0.327010 0.302260 0.357490
v 0.326667 0.304187 0.357833
v 0.325907 0.305597 0.358593
v 0.018093 0.099683 0.371407
v 0.017333 0.101093 0.372167
v 0.016990 0.103020 0.372510
v 0.016990 0.302260 0.372510
v 0.017333 0.304187 0.372167
v 0.018093 0.305597 0.371407
v 0.020167 0.099167 0.372167
v 0.019530 0.100660 0.373440
v 0.019199 0.103020 0.374103
v 0.019199 0.302260 0.374103
v 0.019530 0.304620 0.373440
v 0.020167 0.306113 0.372167
v 0.023000 0.098933 0.372510
v 0.023000 0.100435 0.374103
v 0.023000 0.103020 0.375000
v 0.023000 0.302260 0.375000
v 0.023000 0.304845 0.374103
v 0.023000 0.306347 0.372510
v 0.321000 0.098933 0.372510
v 0.321000 0.100435 0.374103
v 0.321000 0.103020 0.375000
v 0.321000 0.302260 0.375000
v 0.321000 0.304845 0.374103
v 0.321000 0.306347 0.372510
v 0.323833 0.099167 0.372167
v 0.324470 0.100660 0.373440
v 0.324801 0.103020 0.374103
v 0.324801 0.302260 0.374103
v 0.324470 0.304620 0.373440
v 0.323833 0.306113 0.372167
v 0.325907 0.099683 0.371407
v 0.326667 0.101093 0.372167
v 0.327010 0.103020 0.372510
v 0.327010 0.302260 0.372510
v 0.326667 0.304187 0.372167
v 0.325907 0.305597 0.371407
v 0.000000 0.753480 -0.232000
v 0.000000 0.753480 -0.232000
v 0.000000 0.753480 -0.232000
v 0.000000 0.753480 -0.232000
v 0.000000 0.753480 -0.232000
v 0.000000 0.753480 -0.232000
v 0.000000 0.753480 -0.232000
v 0.000000 0.753480 -0.232000
v 0.000000 0.753480 -0.232000
v 0.000000 0.753480 -0.232000
v 0.000000 0.753480 -0.232000
v 0.000000 0.753480 -0.232000
v 0.000000 0.753480 -0.232000
v 0.000000 0.753480 -0.232000
v 0.000000 0.753480 -0.232000
v 0.000000 0.753480 -0.232000
v 0.000000 0.753480 -0.232000
v 0.000000 0.753480 -0.232000
v 0.000000 0.753480 -0.232000
v 0.000000 0.753480 -0.232000
v 0.000000 0.753480 -0.232000
v 0.015529 0.752594 -0.232000
v 0.014769 0.752594 -0.231200
v 0.012563 0.752594 -0.230479
v 0.009128 0.752594 -0.229906
v 0.004799 0.752594 -0.229538
v 0.000000 0.752594 -0.229412
v -0.004799 0.752594 -0.229538
v -0.009128 0.752594 -0.229906
v -0.012563 0.752594 -0.230479
v -0.014769 0.752594 -0.231200
v -0.015529 0.752594 -0.232000
v -0.014769 0.752594 -0.232800
v -0.012563 0.752594 -0.233521
v -0.009128 0.752594 -0.234094
v -0.004799 0.752594 -0.234462
v -0.000000 0.752594 -0.234588
v 0.004799 0.752594 -0.234462
v 0.009128 0.752594 -0.234094
v 0.012563 0.752594 -0.233521
v 0.014769 0.752594 -0.232800
v 0.015529 0.752594 -0.232000
v 0.030000 0.749997 -0.232000
v 0.028532 0.749997 -0.230455
v 0.024271 0.749997 -0.229061
v 0.017634 0.749997 -0.227955
v 0.009271 0.749997 -0.227245
v 0.000000 0.749997 -0.227000
v -0.009271 0.749997 -0.227245
v -0.017634 0.749997 -0.227955
v -0.024271 0.749997 -0.229061
v -0.028532 0.749997 -0.230455
v -0.030000 0.749997 -0.232000
v -0.028532 0.749997 -0.233545
v -0.024271 0.749997 -0.234939
v -0.017634 0.749997 -0.236045
v -0.009271 0.749997 -0.236755
v -0.000000 0.749997 -0.237000
v 0.009271 0.749997 -0.236755
v 0.017634 0.749997 -0.236045
v 0.024271 0.749997 -0.234939
v 0.028532 0.749997 -0.233545
v 0.030000 0.749997 -0.232000
v 0.042426 0.745865 -0.232000
v 0.040350 0.745865 -0.229815
v 0.034324 0.745865 -0.227844
v 0.024938 0.745865 -0.226279
v 0.013110 0.745865 -0.225275
v 0.000000 0.745865 -0.224929
v -0.013110 0.745865 -0.225275
v -0.024938 0.745865 -0.226279
v -0.034324 0.745865 -0.227844
v -0.040350 0.745865 -0.229815
v -0.042426 0.745865 -0.232000
v -0.040350 0.745865 -0.234185
v -0.034324 0.745865 -0.236156
v -0.024938 0.745865 -0.237721
v -0.013110 0.745865 -0.238725
v -0.000000 0.745865 -0.239071
v 0.013110 0.745865 -0.238725
v 0.024938 0.745865 -0.237721
v 0.034324 0.745865 -0.236156
v 0.040350 0.745865 -0.234185
v 0.042426 0.745865 -0.232000
v 0.051962 0.740480 -0.232000
v 0.049418 0.740480 -0.229324
v 0.042038 0.740480 -0.226910
v 0.030542 0.740480 -0.224994
v 0.016057 0.740480 -0.223764
v 0.000000 0.740480 -0.223340
v -0.016057 0.740480 -0.223764
v -0.030542 0.740480 -0.224994
v -0.042038 0.740480 -0.226910
v -0.049418 0.740480 -0.229324
v -0.051962 0.740480 -0.232000
v -0.049418 0.740480 -0.234676
v -0.042038 0.740480 -0.237090
v -0.030542 0.740480 -0.239006
v -0.016057 0.740480 -0.240236
v -0.000000 0.740480 -0.240660
v 0.016057 0.740480 -0.240236
v 0.030542 0.740480 -0.239006
v 0.042038 0.740480 -0.237090
v 0.049418 0.740480 -0.234676
v 0.051962 0.740480 -0.232000
v 0.057956 0.734209 -0.232000
v 0.055119 0.734209 -0.229015
v 0.046887 0.734209 -0.226322
v 0.034065 0.734209 -0.224185
v 0.017909 0.734209 -0.222813
v 0.000000 0.734209 -0.222341
v -0.017909 0.734209 -0.222813
v -0.034065 0.734209 -0.224185
v -0.046887 0.734209 -0.226322
v -0.055119 0.734209 -0.229015
v -0.057956 0.734209 -0.232000
v -0.055119 0.734209 -0.234985
v -0.046887 0.734209 -0.237678
v -0.034065 0.734209 -0.239815
v -0.017909 0.734209 -0.241187
v -0.000000 0.734209 -0.241659
v 0.017909 0.734209 -0.241187
v 0.034065 0.734209 -0.239815
v 0.046887 0.734209 -0.237678
v 0.055119 0.734209 -0.234985
v 0.057956 0.734209 -0.232000
v 0.060000 0.727480 -0.232000
v 0.057063 0.727480 -0.228910
v 0.048541 0.727480 -0.226122
v 0.035267 0.727480 -0.223910
v 0.018541 0.727480 -0.222489
v 0.000000 0.727480 -0.222000
v -0.018541 0.727480 -0.222489
v -0.035267 0.727480 -0.223910
v -0.048541 0.727480 -0.226122
v -0.057063 0.727480 -0.228910
v -0.060000 0.727480 -0.232000
v -0.057063 0.727480 -0.235090
v -0.048541 0.727480 -0.237878
v -0.035267 0.727480 -0.240090
v -0.018541 0.727480 -0.241511
v -0.000000 0.727480 -0.242000
v 0.018541 0.727480 -0.241511
v 0.035267 0.727480 -0.240090
v 0.048541 0.727480 -0.237878
v 0.057063 0.727480 -0.235090
v 0.060000 0.727480 -0.232000
v 0.057956 0.720751 -0.232000
v 0.055119 0.720751 -0.229015
v 0.046887 0.720751 -0.226322
v 0.034065 0.720751 -0.224185
v 0.017909 0.720751 -0.222813
v 0.000000 0.720751 -0.222341
v -0.017909 0.720751 -0.222813
v -0.034065 0.720751 -0.224185
v -0.046887 0.720751 -0.226322
v -0.055119 0.720751 -0.229015
v -0.057956 0.720751 -0.232000
v -0.055119 0.720751 -0.234985
v -0.046887 0.720751 -0.237678
v -0.034065 0.720751 -0.239815
v -0.017909 0.720751 -0.241187
v -0.000000 0.720751 -0.241659
v 0.017909 0.720751 -0.241187
v 0.034065 0.720751 -0.239815
v 0.046887 0.720751 -0.237678
v 0.055119 0.720751 -0.234985
v 0.057956 0.720751 -0.232000
v 0.051962 0.714480 -0.232000
v 0.049418 0.714480 -0.229324
v 0.042038 0.714480 -0.226910
v 0.030542 0.714480 -0.224994
v 0.016057 0.714480 -0.223764
v 0.000000 0.714480 -0.223340
v -0.016057 0.714480 -0.223764
v -0.030542 0.714480 -0.224994
v -0.042038 0.714480 -0.226910
v -0.049418 0.714480 -0.229324
v -0.051962 0.714480 -0.232000
v -0.049418 0.714480 -0.234676
v -0.042038 0.714480 -0.237090
v -0.030542 0.714480 -0.239006
v -0.016057 0.714480 -0.240236
v -0.000000 0.714480 -0.240660
v 0.016057 0.714480 -0.240236
v 0.030542 0.714480 -0.239006
v 0.042038 0.714480 -0.237090
v 0.049418 0.714480 -0.234676
v 0.051962 0.714480 -0.232000
v 0.042426 0.709095 -0.232000
v 0.040350 0.709095 -0.229815
v 0.034324 0.709095 -0.227844
v 0.024938 0.709095 -0.226279
v 0.013110 0.709095 -0.225275
v 0.000000 0.709095 -0.224929
v -0.013110 0.709095 -0.225275
v -0.024938 0.709095 -0.226279
v -0.034324 0.709095 -0.227844
v -0.040350 0.709095 -0.229815
v -0.042426 0.709095 -0.232000
v -0.040350 0.709095 -0.234185
v -0.034324 0.709095 -0.236156
v -0.024938 0.709095 -0.237721
v -0.013110 0.709095 -0.238725
v -0.000000 0.709095 -0.239071
v 0.013110 0.709095 -0.238725
v 0.024938 0.709095 -0.237721
v 0.034324 0.709095 -0.236156
v 0.040350 0.709095 -0.234185
v 0.042426 0.709095 -0.232000
v 0.030000 0.704963 -0.232000
v 0.028532 0.704963 -0.230455
v 0.024271 0.704963 -0.229061
v 0.017634 0.704963 -0.227955
v 0.009271 0.704963 -0.227245
v 0.000000 0.704963 -0.227000
v -0.009271 0.704963 -0.227245
v -0.017634 0.704963 -0.227955
v -0.024271 0.704963 -0.229061
v -0.028532 0.704963 -0.230455
v -0.030000 0.704963 -0.232000
v -0.028532 0.704963 -0.233545
v -0.024271 0.704963 -0.234939
v -0.017634 0.704963 -0.236045
v -0.009271 0.704963 -0.236755
v -0.000000 0.704963 -0.237000
v 0.009271 0.704963 -0.236755
v 0.017634 0.704963 -0.236045
v 0.024271 0.704963 -0.234939
v 0.028532 0.704963 -0.233545
v 0.030000 0.704963 -0.232000
v 0.015529 0.702366 -0.232000
v 0.014769 0.702366 -0.231200
v 0.012563 0.702366 -0.230479
v 0.009128 0.702366 -0.229906
v 0.004799 0.702366 -0.229538
v 0.000000 0.702366 -0.229412
v -0.004799 0.702366 -0.229538
v -0.009128 0.702366 -0.229906
v -0.012563 0.702366 -0.230479
v -0.014769 0.702366 -0.231200
v -0.015529 0.702366 -0.232000
v -0.014769 0.702366 -0.232800
v -0.012563 0.702366 -0.233521
v -0.009128 0.702366 -0.234094
v -0.004799 0.702366 -0.234462
v -0.000000 0.702366 -0.234588
v 0.004799 0.702366 -0.234462
v 0.009128 0.702366 -0.234094
v 0.012563 0.702366 -0.233521
v 0.014769 0.702366 -0.232800
v 0.015529 0.702366 -0.232000
v 0.000000 0.701480 -0.232000
v 0.000000 0.701480 -0.232000
v 0.000000 0.701480 -0.232000
v 0.000000 0.701480 -0.232000
v 0.000000 0.701480 -0.232000
v 0.000000 0.701480 -0.232000
v -0.000000 0.701480 -0.232000
v -0.000000 0.701480 -0.232000
v -0.000000 0.701480 -0.232000
v -0.000000 0.701480 -0.232000
v -0.000000 0.701480 -0.232000
v -0.000000 0.701480 -0.232000
v -0.000000 0.701480 -0.232000
v -0.000000 0.701480 -0.232000
v -0.000000 0.701480 -0.232000
v -0.000000 0.701480 -0.232000
v 0.000000 0.701480 -0.232000
v 0.000000 0.701480 -0.232000
v 0.000000 0.701480 -0.232000
v 0.000000 0.701480 -0.232000
v 0.000000 0.701480 -0.232000
vn -0.490135 -0.720787 -0.490135
vn -0.534082 -0.785415 -0.312858
vn -0.562300 -0.826912 -0.005832
vn -0.562310 -0.826926 0.001232
vn -0.549577 -0.808201 0.211606
vn -0.496038 -0.729467 0.470983
vn -0.603891 -0.520222 -0.603891
vn -0.796314 -0.500194 -0.340132
vn -0.809916 -0.586526 -0.004891
vn -0.890590 -0.454795 0.003443
vn -0.833341 -0.457092 0.310822
vn -0.642635 -0.441589 0.626115
vn -0.706990 -0.018156 -0.706990
vn -0.898070 -0.013538 -0.439644
vn -0.999603 -0.026195 -0.010389
vn -0.999968 -0.007401 0.002996
vn -0.944198 -0.009168 0.329252
vn -0.741465 -0.008811 0.670933
vn -0.707101 0.003916 -0.707101
vn -0.944198 0.009168 -0.329252
vn -0.999968 0.007401 -0.002996
vn -0.999603 0.026195 0.010389
vn -0.898070 0.013538 0.439644
vn -0.670933 0.008811 0.741465
vn -0.656445 0.371698 -0.656445
vn -0.833341 0.457092 -0.310822
vn -0.890590 0.454795 -0.003443
vn -0.809916 0.586526 0.004891
vn -0.796314 0.500194 0.340132
vn -0.626115 0.441589 0.642635
vn -0.503175 0.702588 -0.503175
vn -0.552899 0.792186 -0.258350
vn -0.602081 0.798430 -0.002846
vn -0.522742 0.852487 0.002740
vn -0.533893 0.805851 0.256051
vn -0.470983 0.729467 0.496038
vn 0.470983 -0.729467 -0.496038
vn 0.533893 -0.805851 -0.256051
vn 0.522742 -0.852487 -0.002740
vn 0.602081 -0.798430 0.002846
vn 0.552899 -0.792186 0.258350
vn 0.503175 -0.702588 0.503175
vn 0.626115 -0.441589 -0.642635
vn 0.796314 -0.500194 -0.340132
vn 0.809916 -0.586526 -0.004891
vn 0.890590 -0.454795 0.003443
vn 0.833341 -0.457092 0.310822
vn 0.656445 -0.371698 0.656445
vn 0.670933 -0.008811 -0.741465
vn 0.898070 -0.013538 -0.439644
vn 0.999603 -0.026195 -0.010389
vn 0.999968 -0.007401 0.002996
vn 0.944198 -0.009168 0.329252
vn 0.707101 -0.003916 0.707101
vn 0.741465 0.008811 -0.670933
vn 0.944198 0.009168 -0.329252
vn 0.999968 0.007401 -0.002996
vn 0.999603 0.026195 0.010389
vn 0.898070 0.013538 0.439644
vn 0.706990 0.018156 0.706990
vn 0.642635 0.441589 -0.626115
vn 0.833341 0.457092 -0.310822
vn 0.890590 0.454795 -0.003443
vn 0.809916 0.586526 0.004891
vn 0.796314 0.500194 0.340132
vn 0.603891 0.520222 0.603891
vn 0.496038 0.729467 -0.470983
vn 0.549577 0.808201 -0.211606
vn 0.562310 0.826926 -0.001232
vn 0.562300 0.826912 0.005832
vn 0.534082 0.785415 0.312858
vn 0.490135 0.720787 0.490135
vn -0.490135 -0.720787 -0.490135
vn -0.312858 -0.785415 -0.534082
vn -0.005662 -0.826913 -0.562301
vn 0.001195 -0.826926 -0.562310
vn 0.211606 -0.808201 -0.549577
vn 0.470983 -0.729467 -0.496038
vn -0.534082 -0.785415 -0.312858
vn -0.268668 -0.925005 -0.268668
vn -0.003778 -0.948217 -0.317601
vn 0.002482 -0.973241 -0.229773
vn 0.238736 -0.941281 -0.238736
vn 0.533893 -0.805851 -0.256051
vn -0.562300 -0.826912 -0.005832
vn -0.317529 -0.948240 -0.003894
vn -0.007026 -0.999949 -0.007243
vn 0.001937 -0.999996 -0.001995
vn 0.229812 -0.973232 -0.002558
vn 0.522742 -0.852487 -0.002740
vn -0.562310 -0.826926 0.001232
vn -0.229812 -0.973232 0.002558
vn -0.001937 -0.999996 0.001995
vn 0.007026 -0.999949 0.007243
vn 0.317529 -0.948240 0.003894
vn 0.602081 -0.798430 0.002846
vn -0.549577 -0.808201 0.211606
vn -0.238736 -0.941281 0.238736
vn -0.002482 -0.973241 0.229773
vn 0.003778 -0.948217 0.317601
vn 0.268668 -0.925005 0.268668
vn 0.552899 -0.792186 0.258350
vn -0.496038 -0.729467 0.470983
vn -0.256051 -0.805851 0.533893
vn -0.002659 -0.852521 0.522687
vn 0.002762 -0.798388 0.602137
vn 0.258350 -0.792186 0.552899
vn 0.503175 -0.702588 0.503175
vn -0.503175 0.702588 -0.503175
vn -0.258350 0.792186 -0.552899
vn -0.002762 0.798388 -0.602137
vn 0.002659 0.852521 -0.522687
vn 0.256051 0.805851 -0.533893
vn 0.496038 0.729467 -0.470983
vn -0.552899 0.792186 -0.258350
vn -0.268668 0.925005 -0.268668
vn -0.003778 0.948217 -0.317601
vn 0.002482 0.973241 -0.229773
vn 0.238736 0.941281 -0.238736
vn 0.549577 0.808201 -0.211606
vn -0.602081 0.798430 -0.002846
vn -0.317529 0.948240 -0.003894
vn -0.007026 0.999949 -0.007243
vn 0.001937 0.999996 -0.001995
vn 0.229812 0.973232 -0.002558
vn 0.562310 0.826926 -0.001232
vn -0.522742 0.852487 0.002740
vn -0.229812 0.973232 0.002558
vn -0.001937 0.999996 0.001995
vn 0.007026 0.999949 0.007243
vn 0.317529 0.948240 0.003894
vn 0.562300 0.826912 0.005832
vn -0.533893 0.805851 0.256051
vn -0.238736 0.941281 0.238736
vn -0.002482 0.973241 0.229773
vn 0.003778 0.948217 0.317601
vn 0.268668 0.925005 0.268668
vn 0.534082 0.785415 0.312858
vn -0.470983 0.729467 0.496038
vn -0.211606 0.808201 0.549577
vn -0.001195 0.826926 0.562310
vn 0.005662 0.826913 0.562301
vn 0.312858 0.785415 0.534082
vn 0.490135 0.720787 0.490135
vn -0.490135 -0.720787 -0.490135
vn -0.603891 -0.520222 -0.603891
vn -0.706990 -0.018156 -0.706990
vn -0.707101 0.003916 -0.707101
vn -0.656445 0.371698 -0.656445
vn -0.503175 0.702588 -0.503175
vn -0.312858 -0.785415 -0.534082
vn -0.340132 -0.500194 -0.796314
vn -0.439644 -0.013538 -0.898070
vn -0.329252 0.009168 -0.944198
vn -0.310822 0.457092 -0.833341
vn -0.258350 0.792186 -0.552899
vn -0.005662 -0.826913 -0.562301
vn -0.004746 -0.586622 -0.809847
vn -0.010087 -0.026221 -0.999605
vn -0.002906 0.007395 -0.999968
vn -0.003340 0.454731 -0.890623
vn -0.002762 0.798388 -0.602137
vn 0.001195 -0.826926 -0.562310
vn 0.003340 -0.454731 -0.890623
vn 0.002906 -0.007395 -0.999968
vn 0.010087 0.026221 -0.999605
vn 0.004746 0.586622 -0.809847
vn 0.002659 0.852521 -0.522687
vn 0.211606 -0.808201 -0.549577
vn 0.310822 -0.457092 -0.833341
vn 0.329252 -0.009168 -0.944198
vn 0.439644 0.013538 -0.898070
vn 0.340132 0.500194 -0.796314
vn 0.256051 0.805851 -0.533893
vn 0.470983 -0.729467 -0.496038
vn 0.626115 -0.441589 -0.642635
vn 0.670933 -0.008811 -0.741465
vn 0.741465 0.008811 -0.670933
vn 0.642635 0.441589 -0.626115
vn 0.496038 0.729467 -0.470983
vn -0.496038 -0.729467 0.470983
vn -0.642635 -0.441589 0.626115
vn -0.741465 -0.008811 0.670933
vn -0.670933 0.008811 0.741465
vn -0.626115 0.441589 0.642635
vn -0.470983 0.729467 0.496038
vn -0.256051 -0.805851 0.533893
vn -0.340132 -0.500194 0.796314
vn -0.439644 -0.013538 0.898070
vn -0.329252 0.009168 0.944198
vn -0.310822 0.457092 0.833341
vn -0.211606 0.808201 0.549577
vn -0.002659 -0.852521 0.522687
vn -0.004746 -0.586622 0.809847
vn -0.010087 -0.026221 0.999605
vn -0.002906 0.007395 0.999968
vn -0.003340 0.454731 0.890623
vn -0.001195 0.826926 0.562310
vn 0.002762 -0.798388 0.602137
vn 0.003340 -0.454731 0.890623
vn 0.002906 -0.007395 0.999968
vn 0.010087 0.026221 0.999605
vn 0.004746 0.586622 0.809847
vn 0.005662 0.826913 0.562301
vn 0.258350 -0.792186 0.552899
vn 0.310822 -0.457092 0.833341
vn 0.329252 -0.009168 0.944198
vn 0.439644 0.013538 0.898070
vn 0.340132 0.500194 0.796314
vn 0.312858 0.785415 0.534082
vn 0.503175 -0.702588 0.503175
vn 0.656445 -0.371698 0.656445
vn 0.707101 -0.003916 0.707101
vn 0.706990 0.018156 0.706990
vn 0.603891 0.520222 0.603891
vn 0.490135 0.720787 0.490135
vn -0.490135 -0.720787 -0.490135
vn -0.534082 -0.785415 -0.312858
vn -0.559294 -0.822491 -0.103437
vn -0.561772 -0.826136 0.043722
vn -0.549577 -0.808201 0.211606
vn -0.496038 -0.729467 0.470983
vn -0.603891 -0.520222 -0.603891
vn -0.796314 -0.500194 -0.340132
vn -0.854153 -0.507094 -0.115231
vn -0.857265 -0.506707 0.091347
vn -0.833341 -0.457092 0.310822
vn -0.642635 -0.441589 0.626115
vn -0.707095 -0.005824 -0.707095
vn -0.896429 -0.004275 -0.443166
vn -0.986115 -0.004057 -0.166014
vn -0.995748 -0.004339 0.092012
vn -0.944941 -0.002873 0.327229
vn -0.743397 -0.002763 0.668845
vn -0.707106 0.001214 -0.707106
vn -0.944941 0.002873 -0.327229
vn -0.995748 0.004339 -0.092012
vn -0.986115 0.004057 0.166014
vn -0.896429 0.004275 0.443166
vn -0.668845 0.002763 0.743397
vn -0.656445 0.371698 -0.656445
vn -0.833341 0.457092 -0.310822
vn -0.857265 0.506707 -0.091347
vn -0.854153 0.507094 0.115231
vn -0.796314 0.500194 0.340132
vn -0.626115 0.441589 0.642635
vn -0.503175 0.702588 -0.503175
vn -0.552899 0.792186 -0.258350
vn -0.552668 0.830131 -0.073762
vn -0.568873 0.819059 0.074335
vn -0.533893 0.805851 0.256051
vn -0.470983 0.729467 0.496038
vn 0.470983 -0.729467 -0.496038
vn 0.533893 -0.805851 -0.256051
vn 0.568873 -0.819059 -0.074335
vn 0.552668 -0.830131 0.073762
vn 0.552899 -0.792186 0.258350
vn 0.503175 -0.702588 0.503175
vn 0.626115 -0.441589 -0.642635
vn 0.796314 -0.500194 -0.340132
vn 0.854153 -0.507094 -0.115231
vn 0.857265 -0.506707 0.091347
vn 0.833341 -0.457092 0.310822
vn 0.656445 -0.371698 0.656445
vn 0.668845 -0.002763 -0.743397
vn 0.896429 -0.004275 -0.443166
vn 0.986115 -0.004057 -0.166014
vn 0.995748 -0.004339 0.092012
vn 0.944941 -0.002873 0.327229
vn 0.707106 -0.001214 0.707106
vn 0.743397 0.002763 -0.668845
vn 0.944941 0.002873 -0.327229
vn 0.995748 0.004339 -0.092012
vn 0.986115 0.004057 0.166014
vn 0.896429 0.004275 0.443166
vn 0.707095 0.005824 0.707095
vn 0.642635 0.441589 -0.626115
vn 0.833341 0.457092 -0.310822
vn 0.857265 0.506707 -0.091347
vn 0.854153 0.507094 0.115231
vn 0.796314 0.500194 0.340132
vn 0.603891 0.520222 0.603891
vn 0.496038 0.729467 -0.470983
vn 0.549577 0.808201 -0.211606
vn 0.561772 0.826136 -0.043722
vn 0.559294 0.822491 0.103437
vn 0.534082 0.785415 0.312858
vn 0.490135 0.720787 0.490135
vn -0.490135 -0.720787 -0.490135
vn -0.312858 -0.785415 -0.534082
vn -0.003098 -0.826923 -0.562307
vn 0.000646 -0.826926 -0.562310
vn 0.211606 -0.808201 -0.549577
vn 0.470983 -0.729467 -0.496038
vn -0.534082 -0.785415 -0.312858
vn -0.268668 -0.925005 -0.268668
vn -0.002055 -0.947864 -0.318668
vn 0.001346 -0.973378 -0.229200
vn 0.238736 -0.941281 -0.238736
vn 0.533893 -0.805851 -0.256051
vn -0.559294 -0.822491 -0.103437
vn -0.263694 -0.960573 -0.088120
vn -0.001859 -0.993508 -0.113746
vn 0.001978 -0.998030 -0.062702
vn 0.263001 -0.962273 -0.069724
vn 0.568873 -0.819059 -0.074335
vn -0.561772 -0.826136 0.043722
vn -0.263001 -0.962273 0.069724
vn -0.001978 -0.998030 0.062702
vn 0.001859 -0.993508 0.113746
vn 0.263694 -0.960573 0.088120
vn 0.552668 -0.830131 0.073762
vn -0.549577 -0.808201 0.211606
vn -0.238736 -0.941281 0.238736
vn -0.001346 -0.973378 0.229200
vn 0.002055 -0.947864 0.318668
vn 0.268668 -0.925005 0.268668
vn 0.552899 -0.792186 0.258350
vn -0.496038 -0.729467 0.470983
vn -0.256051 -0.805851 0.533893
vn -0.001442 -0.853027 0.521865
vn 0.001499 -0.797762 0.602971
vn 0.258350 -0.792186 0.552899
vn 0.503175 -0.702588 0.503175
vn -0.503175 0.702588 -0.503175
vn -0.258350 0.792186 -0.552899
vn -0.001499 0.797762 -0.602971
vn 0.001442 0.853027 -0.521865
vn 0.256051 0.805851 -0.533893
vn 0.496038 0.729467 -0.470983
vn -0.552899 0.792186 -0.258350
vn -0.268668 0.925005 -0.268668
vn -0.002055 0.947864 -0.318668
vn 0.001346 0.973378 -0.229200
vn 0.238736 0.941281 -0.238736
vn 0.549577 0.808201 -0.211606
vn -0.552668 0.830131 -0.073762
vn -0.263694 0.960573 -0.088120
vn -0.001859 0.993508 -0.113746
vn 0.001978 0.998030 -0.062702
vn 0.263001 0.962273 -0.069724
vn 0.561772 0.826136 -0.043722
vn -0.568873 0.819059 0.074335
vn -0.263001 0.962273 0.069724
vn -0.001978 0.998030 0.062702
vn 0.001859 0.993508 0.113746
vn 0.263694 0.960573 0.088120
vn 0.559294 0.822491 0.103437
vn -0.533893 0.805851 0.256051
vn -0.238736 0.941281 0.238736
vn -0.001346 0.973378 0.229200
vn 0.002055 0.947864 0.318668
vn 0.268668 0.925005 0.268668
vn 0.534082 0.785415 0.312858
vn -0.470983 0.729467 0.496038
vn -0.211606 0.808201 0.549577
vn -0.000646 0.826926 0.562310
vn 0.003098 0.826923 0.562307
vn 0.312858 0.785415 0.534082
vn 0.490135 0.720787 0.490135
vn -0.490135 -0.720787 -0.490135
vn -0.603891 -0.520222 -0.603891
vn -0.707095 -0.005824 -0.707095
vn -0.707106 0.001214 -0.707106
vn -0.656445 0.371698 -0.656445
vn -0.503175 0.702588 -0.503175
vn -0.312858 -0.785415 -0.534082
vn -0.340132 -0.500194 -0.796314
vn -0.443166 -0.004275 -0.896429
vn -0.327229 0.002873 -0.944941
vn -0.310822 0.457092 -0.833341
vn -0.258350 0.792186 -0.552899
vn -0.003098 -0.826923 -0.562307
vn -0.002579 -0.588061 -0.808813
vn -0.005764 -0.008620 -0.999946
vn -0.001520 0.002272 -0.999996
vn -0.001812 0.453782 -0.891111
vn -0.001499 0.797762 -0.602971
vn 0.000646 -0.826926 -0.562310
vn 0.001812 -0.453782 -0.891111
vn 0.001520 -0.002272 -0.999996
vn 0.005764 0.008620 -0.999946
vn 0.002579 0.588061 -0.808813
vn 0.001442 0.853027 -0.521865
vn 0.211606 -0.808201 -0.549577
vn 0.310822 -0.457092 -0.833341
vn 0.327229 -0.002873 -0.944941
vn 0.443166 0.004275 -0.896429
vn 0.340132 0.500194 -0.796314
vn 0.256051 0.805851 -0.533893
vn 0.470983 -0.729467 -0.496038
vn 0.626115 -0.441589 -0.642635
vn 0.668845 -0.002763 -0.743397
vn 0.743397 0.002763 -0.668845
vn 0.642635 0.441589 -0.626115
vn 0.496038 0.729467 -0.470983
vn -0.496038 -0.729467 0.470983
vn -0.642635 -0.441589 0.626115
vn -0.743397 -0.002763 0.668845
vn -0.668845 0.002763 0.743397
vn -0.626115 0.441589 0.642635
vn -0.470983 0.729467 0.496038
vn -0.256051 -0.805851 0.533893
vn -0.340132 -0.500194 0.796314
vn -0.443166 -0.004275 0.896429
vn -0.327229 0.002873 0.944941
vn -0.310822 0.457092 0.833341
vn -0.211606 0.808201 0.549577
vn -0.001442 -0.853027 0.521865
vn -0.002579 -0.588061 0.808813
vn -0.005764 -0.008620 0.999946
vn -0.001520 0.002272 0.999996
vn -0.001812 0.453782 0.891111
vn -0.000646 0.826926 0.562310
vn 0.001499 -0.797762 0.602971
vn 0.001812 -0.453782 0.891111
vn 0.001520 -0.002272 0.999996
vn 0.005764 0.008620 0.999946
vn 0.002579 0.588061 0.808813
vn 0.003098 0.826923 0.562307
vn 0.258350 -0.792186 0.552899
vn 0.310822 -0.457092 0.833341
vn 0.327229 -0.002873 0.944941
vn 0.443166 0.004275 0.896429
vn 0.340132 0.500194 0.796314
vn 0.312858 0.785415 0.534082
vn 0.503175 -0.702588 0.503175
vn 0.656445 -0.371698 0.656445
vn 0.707106 -0.001214 0.707106
vn 0.707095 0.005824 0.707095
vn 0.603891 0.520222 0.603891
vn 0.490135 0.720787 0.490135
vn -0.490135 -0.720787 -0.490135
vn -0.534082 -0.785415 -0.312858
vn -0.559294 -0.822491 -0.103437
vn -0.561772 -0.826136 0.043722
vn -0.549577 -0.808201 0.211606
vn -0.496038 -0.729467 0.470983
vn -0.603891 -0.520222 -0.603891
vn -0.796314 -0.500194 -0.340132
vn -0.854153 -0.507094 -0.115231
vn -0.857265 -0.506707 0.091347
vn -0.833341 -0.457092 0.310822
vn -0.642635 -0.441589 0.626115
vn -0.707095 -0.005824 -0.707095
vn -0.896429 -0.004275 -0.443166
vn -0.986115 -0.004057 -0.166014
vn -0.995748 -0.004339 0.092012
vn -0.944941 -0.002873 0.327229
vn -0.743397 -0.002763 0.668845
vn -0.707106 0.001214 -0.707106
vn -0.944941 0.002873 -0.327229
vn -0.995748 0.004339 -0.092012
vn -0.986115 0.004057 0.166014
vn -0.896429 0.004275 0.443166
vn -0.668845 0.002763 0.743397
vn -0.656445 0.371698 -0.656445
vn -0.833341 0.457092 -0.310822
vn -0.857265 0.506707 -0.091347
vn -0.854153 0.507094 0.115231
vn -0.796314 0.500194 0.340132
vn -0.626115 0.441589 0.642635
vn -0.503175 0.702588 -0.503175
vn -0.552899 0.792186 -0.258350
vn -0.552668 0.830131 -0.073762
vn -0.568873 0.819059 0.074335
vn -0.533893 0.805851 0.256051
vn -0.470983 0.729467 0.496038
vn 0.470983 -0.729467 -0.496038
vn 0.533893 -0.805851 -0.256051
vn 0.568873 -0.819059 -0.074335
vn 0.552668 -0.830131 0.073762
vn 0.552899 -0.792186 0.258350
vn 0.503175 -0.702588 0.503175
vn 0.626115 -0.441589 -0.642635
vn 0.796314 -0.500194 -0.340132
vn 0.854153 -0.507094 -0.115231
vn 0.857265 -0.506707 0.091347
vn 0.833341 -0.457092 0.310822
vn 0.656445 -0.371698 0.656445
vn 0.668845 -0.002763 -0.743397
vn 0.896429 -0.004275 -0.443166
vn 0.986115 -0.004057 -0.166014
vn 0.995748 -0.004339 0.092012
vn 0.944941 -0.002873 0.327229
vn 0.707106 -0.001214 0.707106
vn 0.743397 0.002763 -0.668845
vn 0.944941 0.002873 -0.327229
vn 0.995748 0.004339 -0.092012
vn 0.986115 0.004057 0.166014
vn 0.896429 0.004275 0.443166
vn 0.707095 0.005824 0.707095
vn 0.642635 0.441589 -0.626115
vn 0.833341 0.457092 -0.310822
vn 0.857265 0.506707 -0.091347
vn 0.854153 0.507094 0.115231
vn 0.796314 0.500194 0.340132
vn 0.603891 0.520222 0.603891
vn 0.496038 0.729467 -0.470983
vn 0.549577 0.808201 -0.211606
vn 0.561772 0.826136 -0.043722
vn 0.559294 0.822491 0.103437
vn 0.534082 0.785415 0.312858
vn 0.490135 0.720787 0.490135
vn -0.490135 -0.720787 -0.490135
vn -0.312858 -0.785415 -0.534082
vn -0.003098 -0.826923 -0.562307
vn 0.000646 -0.826926 -0.562310
vn 0.211606 -0.808201 -0.549577
vn 0.470983 -0.729467 -0.496038
vn -0.534082 -0.785415 -0.312858
vn -0.268668 -0.925005 -0.268668
vn -0.002055 -0.947864 -0.318668
vn 0.001346 -0.973378 -0.229200
vn 0.238736 -0.941281 -0.238736
vn 0.533893 -0.805851 -0.256051
vn -0.559294 -0.822491 -0.103437
vn -0.263694 -0.960573 -0.088120
vn -0.001859 -0.993508 -0.113746
vn 0.001978 -0.998030 -0.062702
vn 0.263001 -0.962273 -0.069724
vn 0.568873 -0.819059 -0.074335
vn -0.561772 -0.826136 0.043722
vn -0.263001 -0.962273 0.069724
vn -0.001978 -0.998030 0.062702
vn 0.001859 -0.993508 0.113746
vn 0.263694 -0.960573 0.088120
vn 0.552668 -0.830131 0.073762
vn -0.549577 -0.808201 0.211606
vn -0.238736 -0.941281 0.238736
vn -0.001346 -0.973378 0.229200
vn 0.002055 -0.947864 0.318668
vn 0.268668 -0.925005 0.268668
vn 0.552899 -0.792186 0.258350
vn -0.496038 -0.729467 0.470983
vn -0.256051 -0.805851 0.533893
vn -0.001442 -0.853027 0.521865
vn 0.001499 -0.797762 0.602971
vn 0.258350 -0.792186 0.552899
vn 0.503175 -0.702588 0.503175
vn -0.503175 0.702588 -0.503175
vn -0.258350 0.792186 -0.552899
vn -0.001499 0.797762 -0.602971
vn 0.001442 0.853027 -0.521865
vn 0.256051 0.805851 -0.533893
vn 0.496038 0.729467 -0.470983
vn -0.552899 0.792186 -0.258350
vn -0.268668 0.925005 -0.268668
vn -0.002055 0.947864 -0.318668
vn 0.001346 0.973378 -0.229200
vn 0.238736 0.941281 -0.238736
vn 0.549577 0.808201 -0.211606
vn -0.552668 0.830131 -0.073762
vn -0.263694 0.960573 -0.088120
vn -0.001859 0.993508 -0.113746
vn 0.001978 0.998030 -0.062702
vn 0.263001 0.962273 -0.069724
vn 0.561772 0.826136 -0.043722
vn -0.568873 0.819059 0.074335
vn -0.263001 0.962273 0.069724
vn -0.001978 0.998030 0.062702
vn 0.001859 0.993508 0.113746
vn 0.263694 0.960573 0.088120
vn 0.559294 0.822491 0.103437
vn -0.533893 0.805851 0.256051
vn -0.238736 0.941281 0.238736
vn -0.001346 0.973378 0.229200
vn 0.002055 0.947864 0.318668
vn 0.268668 0.925005 0.268668
vn 0.534082 0.785415 0.312858
vn -0.470983 0.729467 0.496038
vn -0.211606 0.808201 0.549577
vn -0.000646 0.826926 0.562310
vn 0.003098 0.826923 0.562307
vn 0.312858 0.785415 0.534082
vn 0.490135 0.720787 0.490135
vn -0.490135 -0.720787 -0.490135
vn -0.603891 -0.520222 -0.603891
vn -0.707095 -0.005824 -0.707095
vn -0.707106 0.001214 -0.707106
vn -0.656445 0.371698 -0.656445
vn -0.503175 0.702588 -0.503175
vn -0.312858 -0.785415 -0.534082
vn -0.340132 -0.500194 -0.796314
vn -0.443166 -0.004275 -0.896429
vn -0.327229 0.002873 -0.944941
vn -0.310822 0.457092 -0.833341
vn -0.258350 0.792186 -0.552899
vn -0.003098 -0.826923 -0.562307
vn -0.002579 -0.588061 -0.808813
vn -0.005764 -0.008620 -0.999946
vn -0.001520 0.002272 -0.999996
vn -0.001812 0.453782 -0.891111
vn -0.001499 0.797762 -0.602971
vn 0.000646 -0.826926 -0.562310
vn 0.001812 -0.453782 -0.891111
vn 0.001520 -0.002272 -0.999996
vn 0.005764 0.008620 -0.999946
vn 0.002579 0.588061 -0.808813
vn 0.001442 0.853027 -0.521865
vn 0.211606 -0.808201 -0.549577
vn 0.310822 -0.457092 -0.833341
vn 0.327229 -0.002873 -0.944941
vn 0.443166 0.004275 -0.896429
vn 0.340132 0.500194 -0.796314
vn 0.256051 0.805851 -0.533893
vn 0.470983 -0.729467 -0.496038
vn 0.626115 -0.441589 -0.642635
vn 0.668845 -0.002763 -0.743397
vn 0.743397 0.002763 -0.668845
vn 0.642635 0.441589 -0.626115
vn 0.496038 0.729467 -0.470983
vn -0.496038 -0.729467 0.470983
vn -0.642635 -0.441589 0.626115
vn -0.743397 -0.002763 0.668845
vn -0.668845 0.002763 0.743397
vn -0.626115 0.441589 0.642635
vn -0.470983 0.729467 0.496038
vn -0.256051 -0.805851 0.533893
vn -0.340132 -0.500194 0.796314
vn -0.443166 -0.004275 0.896429
vn -0.327229 0.002873 0.944941
vn -0.310822 0.457092 0.833341
vn -0.211606 0.808201 0.549577
vn -0.001442 -0.853027 0.521865
vn -0.002579 -0.588061 0.808813
vn -0.005764 -0.008620 0.999946
vn -0.001520 0.002272 0.999996
vn -0.001812 0.453782 0.891111
vn -0.000646 0.826926 0.562310
vn 0.001499 -0.797762 0.602971
vn 0.001812 -0.453782 0.891111
vn 0.001520 -0.002272 0.999996
vn 0.005764 0.008620 0.999946
vn 0.002579 0.588061 0.808813
vn 0.003098 0.826923 0.562307
vn 0.258350 -0.792186 0.552899
vn 0.310822 -0.457092 0.833341
vn 0.327229 -0.002873 0.944941
vn 0.443166 0.004275 0.896429
vn 0.340132 0.500194 0.796314
vn 0.312858 0.785415 0.534082
vn 0.503175 -0.702588 0.503175
vn 0.656445 -0.371698 0.656445
vn 0.707106 -0.001214 0.707106
vn 0.707095 0.005824 0.707095
vn 0.603891 0.520222 0.603891
vn 0.490135 0.720787 0.490135
vn 0.000000 1.000000 0.000000
vn 0.000000 1.000000 0.000000
vn 0.000000 1.000000 0.000000
vn 0.000000 1.000000 0.000000
vn 0.000000 1.000000 0.000000
vn 0.000000 1.000000 0.000000
vn 0.000000 1.000000 0.000000
vn 0.000000 1.000000 0.000000
vn 0.000000 1.000000 0.000000
vn 0.000000 1.000000 0.000000
vn 0.000000 1.000000 0.000000
vn 0.000000 1.000000 0.000000
vn 0.000000 1.000000 0.000000
vn 0.000000 1.000000 0.000000
vn 0.000000 1.000000 0.000000
vn 0.000000 1.000000 0.000000
vn 0.000000 1.000000 0.000000
vn 0.000000 1.000000 0.000000
vn 0.000000 1.000000 0.000000
vn 0.000000 1.000000 0.000000
vn 0.000000 1.000000 0.000000
vn 0.134814 0.989418 -0.053641
vn 0.128703 0.972224 0.195487
vn 0.105300 0.911339 0.397960
vn 0.073762 0.843964 0.531305
vn 0.040317 0.795219 0.604980
vn 0.006995 0.774183 0.632923
vn -0.026233 0.782780 0.621745
vn -0.059705 0.820357 0.568727
vn -0.092523 0.881819 0.462423
vn -0.120424 0.949752 0.288909
vn -0.134814 0.989418 0.053641
vn -0.128703 0.972224 -0.195487
vn -0.105300 0.911339 -0.397960
vn -0.073762 0.843964 -0.531305
vn -0.040317 0.795219 -0.604980
vn -0.006995 0.774183 -0.632923
vn 0.026233 0.782780 -0.621745
vn 0.059705 0.820357 -0.568727
vn 0.092523 0.881819 -0.462423
vn 0.120424 0.949752 -0.288909
vn 0.134814 0.989418 -0.053641
vn 0.252931 0.966066 -0.052375
vn 0.225063 0.893839 0.387812
vn 0.160915 0.741118 0.651805
vn 0.100728 0.624861 0.774211
vn 0.050108 0.559866 0.827066
vn 0.004852 0.536999 0.843569
vn -0.039881 0.551516 0.833210
vn -0.088900 0.606491 0.790105
vn -0.146824 0.711004 0.687689
vn -0.211983 0.860988 0.462345
vn -0.252931 0.966066 0.052375
vn -0.225063 0.893839 -0.387812
vn -0.160915 0.741118 -0.651805
vn -0.100728 0.624861 -0.774211
vn -0.050108 0.559866 -0.827066
vn -0.004852 0.536999 -0.843569
vn 0.039881 0.551516 -0.833210
vn 0.088900 0.606491 -0.790105
vn 0.146824 0.711004 -0.687689
vn 0.211983 0.860988 -0.462345
vn 0.252931 0.966066 -0.052375
vn 0.404849 0.913043 -0.049500
vn 0.318715 0.750807 0.578541
vn 0.196199 0.538958 0.819164
vn 0.113547 0.423783 0.898619
vn 0.053752 0.369138 0.927819
vn 0.003179 0.351842 0.936054
vn -0.046883 0.365061 0.929802
vn -0.104869 0.413983 0.904224
vn -0.183498 0.519219 0.834709
vn -0.300854 0.718179 0.627459
vn -0.404849 0.913043 0.049500
vn -0.318715 0.750807 -0.578541
vn -0.196199 0.538958 -0.819164
vn -0.113547 0.423783 -0.898619
vn -0.053752 0.369138 -0.927819
vn -0.003179 0.351842 -0.936054
vn 0.046883 0.365061 -0.929802
vn 0.104869 0.413983 -0.904224
vn 0.183498 0.519219 -0.834709
vn 0.300854 0.718179 -0.627459
vn 0.404849 0.913043 -0.049500
vn 0.605622 0.794586 -0.043078
vn 0.395598 0.543648 0.740236
vn 0.214864 0.345479 0.913498
vn 0.118914 0.261171 0.957940
vn 0.054820 0.224560 0.972917
vn 0.001930 0.213621 0.976915
vn -0.050600 0.222973 0.973510
vn -0.113337 0.257181 0.959694
vn -0.205643 0.336397 0.918993
vn -0.377090 0.522220 0.764912
vn -0.605622 0.794586 0.043078
vn -0.395598 0.543648 -0.740236
vn -0.214864 0.345479 -0.913498
vn -0.118914 0.261171 -0.957940
vn -0.054820 0.224560 -0.972917
vn -0.001930 0.213621 -0.976915
vn 0.050600 0.222973 -0.973510
vn 0.113337 0.257181 -0.959694
vn 0.205643 0.336397 -0.918993
vn 0.377090 0.522220 -0.764912
vn 0.605622 0.794586 -0.043078
vn 0.853083 0.521009 -0.028246
vn 0.444099 0.284675 0.849551
vn 0.222874 0.167579 0.960336
vn 0.120648 0.124414 0.984868
vn 0.054775 0.106449 0.992808
vn 0.000915 0.101266 0.994859
vn -0.052764 0.106084 0.992956
vn -0.117933 0.123476 0.985315
vn -0.218098 0.165308 0.961824
vn -0.431982 0.277903 0.857999
vn -0.853083 0.521009 0.028246
vn -0.444099 0.284675 -0.849551
vn -0.222874 0.167579 -0.960336
vn -0.120648 0.124414 -0.984868
vn -0.054775 0.106449 -0.992808
vn -0.000915 0.101266 -0.994859
vn 0.052764 0.106084 -0.992956
vn 0.117933 0.123476 -0.985315
vn 0.218098 0.165308 -0.961824
vn 0.431982 0.277903 -0.857999
vn 0.853083 0.521009 -0.028246
vn 1.000000 -0.000000 -0.000000
vn 0.456406 -0.000000 0.889772
vn 0.223589 -0.000000 0.974683
vn 0.120212 0.000000 0.992748
vn 0.054074 0.000000 0.998537
vn 0.000000 0.000000 1.000000
vn -0.054074 -0.000000 0.998537
vn -0.120212 -0.000000 0.992748
vn -0.223589 0.000000 0.974683
vn -0.456406 0.000000 0.889772
vn -1.000000 -0.000000 0.000000
vn -0.456406 -0.000000 -0.889772
vn -0.223589 -0.000000 -0.974683
vn -0.120212 0.000000 -0.992748
vn -0.054074 0.000000 -0.998537
vn -0.000000 0.000000 -1.000000
vn 0.054074 -0.000000 -0.998537
vn 0.120212 -0.000000 -0.992748
vn 0.223589 0.000000 -0.974683
vn 0.456406 -0.000000 -0.889772
vn 1.000000 -0.000000 -0.000000
vn 0.853083 -0.521009 0.028246
vn 0.431982 -0.277903 0.857999
vn 0.218098 -0.165308 0.961824
vn 0.117933 -0.123476 0.985315
vn 0.052764 -0.106084 0.992956
vn -0.000915 -0.101266 0.994859
vn -0.054775 -0.106449 0.992808
vn -0.120648 -0.124414 0.984868
vn -0.222874 -0.167579 0.960336
vn -0.444099 -0.284675 0.849551
vn -0.853083 -0.521009 -0.028246
vn -0.431982 -0.277903 -0.857999
vn -0.218098 -0.165308 -0.961824
vn -0.117933 -0.123476 -0.985315
vn -0.052764 -0.106084 -0.992956
vn 0.000915 -0.101266 -0.994859
vn 0.054775 -0.106449 -0.992808
vn 0.120648 -0.124414 -0.984868
vn 0.222874 -0.167579 -0.960336
vn 0.444099 -0.284675 -0.849551
vn 0.853083 -0.521009 0.028246
vn 0.605622 -0.794586 0.043078
vn 0.377090 -0.522220 0.764912
vn 0.205643 -0.336397 0.918993
vn 0.113337 -0.257181 0.959694
vn 0.050600 -0.222973 0.973510
vn -0.001930 -0.213621 0.976915
vn -0.054820 -0.224560 0.972917
vn -0.118914 -0.261171 0.957940
vn -0.214864 -0.345479 0.913498
vn -0.395598 -0.543648 0.740236
vn -0.605622 -0.794586 -0.043078
vn -0.377090 -0.522220 -0.764912
vn -0.205643 -0.336397 -0.918993
vn -0.113337 -0.257181 -0.959694
vn -0.050600 -0.222973 -0.973510
vn 0.001930 -0.213621 -0.976915
vn 0.054820 -0.224560 -0.972917
vn 0.118914 -0.261171 -0.957940
vn 0.214864 -0.345479 -0.913498
vn 0.395598 -0.543648 -0.740236
vn 0.605622 -0.794586 0.043078
vn 0.404849 -0.913043 0.049500
vn 0.300854 -0.718179 0.627459
vn 0.183498 -0.519219 0.834709
vn 0.104869 -0.413983 0.904224
vn 0.046883 -0.365061 0.929802
vn -0.003179 -0.351842 0.936054
vn -0.053752 -0.369138 0.927819
vn -0.113547 -0.423783 0.898619
vn -0.196199 -0.538958 0.819164
vn -0.318715 -0.750807 0.578541
vn -0.404849 -0.913043 -0.049500
vn -0.300854 -0.718179 -0.627459
vn -0.183498 -0.519219 -0.834709
vn -0.104869 -0.413983 -0.904224
vn -0.046883 -0.365061 -0.929802
vn 0.003179 -0.351842 -0.936054
vn 0.053752 -0.369138 -0.927819
vn 0.113547 -0.423783 -0.898619
vn 0.196199 -0.538958 -0.819164
vn 0.318715 -0.750807 -0.578541
vn 0.404849 -0.913043 0.049500
vn 0.252931 -0.966066 0.052375
vn 0.211983 -0.860988 0.462345
vn 0.146824 -0.711004 0.687689
vn 0.088900 -0.606491 0.790105
vn 0.039881 -0.551516 0.833210
vn -0.004852 -0.536999 0.843569
vn -0.050108 -0.559866 0.827066
vn -0.100728 -0.624861 0.774211
vn -0.160915 -0.741118 0.651805
vn -0.225063 -0.893839 0.387812
vn -0.252931 -0.966066 -0.052375
vn -0.211983 -0.860988 -0.462345
vn -0.146824 -0.711004 -0.687689
vn -0.088900 -0.606491 -0.790105
vn -0.039881 -0.551516 -0.833210
vn 0.004852 -0.536999 -0.843569
vn 0.050108 -0.559866 -0.827066
vn 0.100728 -0.624861 -0.774211
vn 0.160915 -0.741118 -0.651805
vn 0.225063 -0.893839 -0.387812
vn 0.252931 -0.966066 0.052375
vn 0.134814 -0.989418 0.053641
vn 0.120424 -0.949752 0.288909
vn 0.092523 -0.881819 0.462423
vn 0.059705 -0.820357 0.568727
vn 0.026233 -0.782780 0.621745
vn -0.006995 -0.774183 0.632923
vn -0.040317 -0.795219 0.604980
vn -0.073762 -0.843964 0.531305
vn -0.105300 -0.911339 0.397960
vn -0.128703 -0.972224 0.195487
vn -0.134814 -0.989418 -0.053641
vn -0.120424 -0.949752 -0.288909
vn -0.092523 -0.881819 -0.462423
vn -0.059705 -0.820357 -0.568727
vn -0.026233 -0.782780 -0.621745
vn 0.006995 -0.774183 -0.632923
vn 0.040317 -0.795219 -0.604980
vn 0.073762 -0.843964 -0.531305
vn 0.105300 -0.911339 -0.397960
vn 0.128703 -0.972224 -0.195487
vn 0.134814 -0.989418 0.053641
vn 0.000000 -1.000000 -0.000000
vn 0.000000 -1.000000 -0.000000
vn 0.000000 -1.000000 -0.000000
vn 0.000000 -1.000000 -0.000000
vn 0.000000 -1.000000 -0.000000
vn 0.000000 -1.000000 -0.000000
vn 0.000000 -1.000000 -0.000000
vn 0.000000 -1.000000 -0.000000
vn 0.000000 -1.000000 -0.000000
vn 0.000000 -1.000000 -0.000000
vn 0.000000 -1.000000 -0.000000
vn 0.000000 -1.000000 -0.000000
vn 0.000000 -1.000000 -0.000000
vn 0.000000 -1.000000 -0.000000
vn 0.000000 -1.000000 -0.000000
vn 0.000000 -1.000000 -0.000000
vn 0.000000 -1.000000 -0.000000
vn 0.000000 -1.000000 -0.000000
vn 0.000000 -1.000000 -0.000000
vn 0.000000 -1.000000 -0.000000
vn 0.000000 -1.000000 -0.000000
f 710//710 715//715 709//709
f 716//716 715//715 710//710
f 711//711 716//716 710//710
f 717//717 716//716 711//711
f 712//712 717//717 711//711
f 718//718 717//717 712//712
f 713//713 718//718 712//712
f 719//719 718//718 713//713
f 714//714 719//719 713//713
f 720//720 719//719 714//714
f 716//716 721//721 715//715
f 722//722 721//721 716//716
f 717//717 722//722 716//716
f 723//723 722//722 717//717
f 718//718 723//723 717//717
f 724//724 723//723 718//718
f 719//719 724//724 718//718
f 725//725 724//724 719//719
f 720//720 725//725 719//719
f 726//726 725//725 720//720
f 722//722 727//727 721//721
f 728//728 727//727 722//722
f 723//723 728//728 722//722
f 729//729 728//728 723//723
f 724//724 729//729 723//723
f 730//730 729//729 724//724
f 725//725 730//730 724//724
f 731//731 730//730 725//725
f 726//726 731//731 725//725
f 732//732 731//731 726//726
f 728//728 733//733 727//727
f 734//734 733//733 728//728
f 729//729 734//734 728//728
f 735//735 734//734 729//729
f 730//730 735//735 729//729
f 736//736 735//735 730//730
f 731//731 736//736 730//730
f 737//737 736//736 731//731
f 732//732 737//737 731//731
f 738//738 737//737 732//732
f 734//734 739//739 733//733
f 740//740 739//739 734//734
f 735//735 740//740 734//734
f 741//741 740//740 735//735
f 736//736 741//741 735//735
f 742//742 741//741 736//736
f 737//737 742//742 736//736
f 743//743 742//742 737//737
f 738//738 743//743 737//737
f 744//744 743//743 738//738
f 745//745 751//751 746//746
f 746//746 751//751 752//752
f 746//746 752//752 747//747
f 747//747 752//752 753//753
f 747//747 753//753 748//748
f 748//748 753//753 754//754
f 748//748 754//754 749//749
f 749//749 754//754 755//755
f 749//749 755//755 750//750
f 750//750 755//755 756//756
f 751//751 757//757 752//752
f 752//752 757//757 758//758
f 752//752 758//758 753//753
f 753//753 758//758 759//759
f 753//753 759//759 754//754
f 754//754 759//759 760//760
f 754//754 760//760 755//755
f 755//755 760//760 761//761
f 755//755 761//761 756//756
f 756//756 761//761 762//762
f 757//757 763//763 758//758
f 758//758 763//763 764//764
f 758//758 764//764 759//759
f 759//759 764//764 765//765
f 759//759 765//765 760//760
f 760//760 765//765 766//766
f 760//760 766//766 761//761
f 761//761 766//766 767//767
f 761//761 767//767 762//762
f 762//762 767//767 768//768
f 763//763 769//769 764//764
f 764//764 769//769 770//770
f 764//764 770//770 765//765
f 765//765 770//770 771//771
f 765//765 771//771 766//766
f 766//766 771//771 772//772
f 766//766 772//772 767//767
f 767//767 772//772 773//773
f 767//767 773//773 768//768
f 768//768 773//773 774//774
f 769//769 775//775 770//770
f 770//770 775//775 776//776
f 770//770 776//776 771//771
f 771//771 776//776 777//777
f 771//771 777//777 772//772
f 772//772 777//777 778//778
f 772//772 778//778 773//773
f 773//773 778//778 779//779
f 773//773 779//779 774//774
f 774//774 779//779 780//780
f 782//782 787//787 781//781
f 788//788 787//787 782//782
f 783//783 788//788 782//782
f 789//789 788//788 783//783
f 784//784 789//789 783//783
f 790//790 789//789 784//784
f 785//785 790//790 784//784
f 791//791 790//790 785//785
f 786//786 791//791 785//785
f 792//792 791//791 786//786
f 788//788 793//793 787//787
f 794//794 793//793 788//788
f 789//789 794//794 788//788
f 795//795 794//794 789//789
f 790//790 795//795 789//789
f 796//796 795//795 790//790
f 791//791 796//796 790//790
f 797//797 796//796 791//791
f 792//792 797//797 791//791
f 798//798 797//797 792//792
f 794//794 799//799 793//793
f 800//800 799//799 794//794
f 795//795 800//800 794//794
f 801//801 800//800 795//795
f 796//796 801//801 795//795
f 802//802 801//801 796//796
f 797//797 802//802 796//796
f 803//803 802//802 797//797
f 798//798 803//803 797//797
f 804//804 803//803 798//798
f 800//800 805//805 799//799
f 806//806 805//805 800//800
f 801//801 806//806 800//800
f 807//807 806//806 801//801
f 802//802 807//807 801//801
f 808//808 807//807 802//802
f 803//803 808//808 802//802
f 809//809 808//808 803//803
f 804//804 809//809 803//803
f 810//810 809//809 804//804
f 806//806 811//811 805//805
f 812//812 811//811 806//806
f 807//807 812//812 806//806
f 813//813 812//812 807//807
f 808//808 813//813 807//807
f 814//814 813//813 808//808
f 809//809 814//814 808//808
f 815//815 814//814 809//809
f 810//810 815//815 809//809
f 816//816 815//815 810//810
f 817//817 823//823 818//818
f 818//818 823//823 824//824
f 818//818 824//824 819//819
f 819//819 824//824 825//825
f 819//819 825//825 820//820
f 820//820 825//825 826//826
f 820//820 826//826 821//821
f 821//821 826//826 827//827
f 821//821 827//827 822//822
f 822//822 827//827 828//828
f 823//823 829//829 824//824
f 824//824 829//829 830//830
f 824//824 830//830 825//825
f 825//825 830//830 831//831
f 825//825 831//831 826//826
f 826//826 831//831 832//832
f 826//826 832//832 827//827
f 827//827 832//832 833//833
f 827//827 833//833 828//828
f 828//828 833//833 834//834
f 829//829 835//835 830//830
f 830//830 835//835 836//836
f 830//830 836//836 831//831
f 831//831 836//836 837//837
f 831//831 837//837 832//832
f 832//832 837//837 838//838
f 832//832 838//838 833//833
f 833//833 838//838 839//839
f 833//833 839//839 834//834
f 834//834 839//839 840//840
f 835//835 841//841 836//836
f 836//836 841//841 842//842
f 836//836 842//842 837//837
f 837//837 842//842 843//843
f 837//837 843//843 838//838
f 838//838 843//843 844//844
f 838//838 844//844 839//839
f 839//839 844//844 845//845
f 839//839 845//845 840//840
f 840//840 845//845 846//846
f 841//841 847//847 842//842
f 842//842 847//847 848//848
f 842//842 848//848 843//843
f 843//843 848//848 849//849
f 843//843 849//849 844//844
f 844//844 849//849 850//850
f 844//844 850//850 845//845
f 845//845 850//850 851//851
f 845//845 851//851 846//846
f 846//846 851//851 852//852
f 854//854 859//859 853//853
f 860//860 859//859 854//854
f 855//855 860//860 854//854
f 861//861 860//860 855//855
f 856//856 861//861 855//855
f 862//862 861//861 856//856
f 857//857 862//862 856//856
f 863//863 862//862 857//857
f 858//858 863//863 857//857
f 864//864 863//863 858//858
f 860//860 865//865 859//859
f 866//866 865//865 860//860
f 861//861 866//866 860//860
f 867//867 866//866 861//861
f 862//862 867//867 861//861
f 868//868 867//867 862//862
f 863//863 868//868 862//862
f 869//869 868//868 863//863
f 864//864 869//869 863//863
f 870//870 869//869 864//864
f 866//866 871//871 865//865
f 872//872 871//871 866//866
f 867//867 872//872 866//866
f 873//873 872//872 867//867
f 868//868 873//873 867//867
f 874//874 873//873 868//868
f 869//869 874//874 868//868
f 875//875 874//874 869//869
f 870//870 875//875 869//869
f 876//876 875//875 870//870
f 872//872 877//877 871//871
f 878//878 877//877 872//872
f 873//873 878//878 872//872
f 879//879 878//878 873//873
f 874//874 879//879 873//873
f 880//880 879//879 874//874
f 875//875 880//880 874//874
f 881//881 880//880 875//875
f 876//876 881//881 875//875
f 882//882 881//881 876//876
f 878//878 883//883 877//877
f 884//884 883//883 878//878
f 879//879 884//884 878//878
f 885//885 884//884 879//879
f 880//880 885//885 879//879
f 886//886 885//885 880//880
f 881//881 886//886 880//880
f 887//887 886//886 881//881
f 882//882 887//887 881//881
f 888//888 887//887 882//882
f 889//889 895//895 890//890
f 890//890 895//895 896//896
f 890//890 896//896 891//891
f 891//891 896//896 897//897
f 891//891 897//897 892//892
f 892//892 897//897 898//898
f 892//892 898//898 893//893
f 893//893 898//898 899//899
f 893//893 899//899 894//894
f 894//894 899//899 900//900
f 895//895 901//901 896//896
f 896//896 901//901 902//902
f 896//896 902//902 897//897
f 897//897 902//902 903//903
f 897//897 903//903 898//898
f 898//898 903//903 904//904
f 898//898 904//904 899//899
f 899//899 904//904 905//905
f 899//899 905//905 900//900
f 900//900 905//905 906//906
f 901//901 907//907 902//902
f 902//902 907//907 908//908
f 902//902 908//908 903//903
f 903//903 908//908 909//909
f 903//903 909//909 904//904
f 904//904 909//909 910//910
f 904//904 910//910 905//905
f 905//905 910//910 911//911
f 905//905 911//911 906//906
f 906//906 911//911 912//912
f 907//907 913//913 908//908
f 908//908 913//913 914//914
f 908//908 914//914 909//909
f 909//909 914//914 915//915
f 909//909 915//915 910//910
f 910//910 915//915 916//916
f 910//910 916//916 911//911
f 911//911 916//916 917//917
f 911//911 917//917 912//912
f 912//912 917//917 918//918
f 913//913 919//919 914//914
f 914//914 919//919 920//920
f 914//914 920//920 915//915
f 915//915 920//920 921//921
f 915//915 921//921 916//916
f 916//916 921//921 922//922
f 916//916 922//922 917//917
f 917//917 922//922 923//923
f 917//917 923//923 918//918
f 918//918 923//923 924//924
f 926//926 931//931 925//925
f 932//932 931//931 926//926
f 927//927 932//932 926//926
f 933//933 932//932 927//927
f 928//928 933//933 927//927
f 934//934 933//933 928//928
f 929//929 934//934 928//928
f 935//935 934//934 929//929
f 930//930 935//935 929//929
f 936//936 935//935 930//930
f 932//932 937//937 931//931
f 938//938 937//937 932//932
f 933//933 938//938 932//932
f 939//939 938//938 933//933
f 934//934 939//939 933//933
f 940//940 939//939 934//934
f 935//935 940//940 934//934
f 941//941 940//940 935//935
f 936//936 941//941 935//935
f 942//942 941//941 936//936
f 938//938 943//943 937//937
f 944//944 943//943 938//938
f 939//939 944//944 938//938
f 945//945 944//944 939//939
f 940//940 945//945 939//939
f 946//946 945//945 940//940
f 941//941 946//946 940//940
f 947//947 946//946 941//941
f 942//942 947//947 941//941
f 948//948 947//947 942//942
f 944//944 949//949 943//943
f 950//950 949//949 944//944
f 945//945 950//950 944//944
f 951//951 950//950 945//945
f 946//946 951//951 945//945
f 952//952 951//951 946//946
f 947//947 952//952 946//946
f 953//953 952//952 947//947
f 948//948 953//953 947//947
f 954//954 953//953 948//948
f 950//950 955//955 949//949
f 956//956 955//955 950//950
f 951//951 956//956 950//950
f 957//957 956//956 951//951
f 952//952 957//957 951//951
f 958//958 957//957 952//952
f 953//953 958//958 952//952
f 959//959 958//958 953//953
f 954//954 959//959 953//953
f 960//960 959//959 954//954
f 961//961 967//967 962//962
f 962//962 967//967 968//968
f 962//962 968//968 963//963
f 963//963 968//968 969//969
f 963//963 969//969 964//964
f 964//964 969//969 970//970
f 964//964 970//970 965//965
f 965//965 970//970 971//971
f 965//965 971//971 966//966
f 966//966 971//971 972//972
f 967//967 973//973 968//968
f 968//968 973//973 974//974
f 968//968 974//974 969//969
f 969//969 974//974 975//975
f 969//969 975//975 970//970
f 970//970 975//975 976//976
f 970//970 976//976 971//971
f 971//971 976//976 977//977
f 971//971 977//977 972//972
f 972//972 977//977 978//978
f 973//973 979//979 974//974
f 974//974 979//979 980//980
f 974//974 980//980 975//975
f 975//975 980//980 981//981
f 975//975 981//981 976//976
f 976//976 981//981 982//982
f 976//976 982//982 977//977
f 977//977 982//982 983//983
f 977//977 983//983 978//978
f 978//978 983//983 984//984
f 979//979 985//985 980//980
f 980//980 985//985 986//986
f 980//980 986//986 981//981
f 981//981 986//986 987//987
f 981//981 987//987 982//982
f 982//982 987//987 988//988
f 982//982 988//988 983//983
f 983//983 988//988 989//989
f 983//983 989//989 984//984
f 984//984 989//989 990//990
f 985//985 991//991 986//986
f 986//986 991//991 992//992
f 986//986 992//992 987//987
f 987//987 992//992 993//993
f 987//987 993//993 988//988
f 988//988 993//993 994//994
f 988//988 994//994 989//989
f 989//989 994//994 995//995
f 989//989 995//995 990//990
f 990//990 995//995 996//996
f 998//998 1003//1003 997//997
f 1004//1004 1003//1003 998//998
f 999//999 1004//1004 998//998
f 1005//1005 1004//1004 999//999
f 1000//1000 1005//1005 999//999
f 1006//1006 1005//1005 1000//1000
f 1001//1001 1006//1006 1000//1000
f 1007//1007 1006//1006 1001//1001
f 1002//1002 1007//1007 1001//1001
f 1008//1008 1007//1007 1002//1002
f 1004//1004 1009//1009 1003//1003
f 1010//1010 1009//1009 1004//1004
f 1005//1005 1010//1010 1004//1004
f 1011//1011 1010//1010 1005//1005
f 1006//1006 1011//1011 1005//1005
f 1012//1012 1011//1011 1006//1006
f 1007//1007 1012//1012 1006//1006
f 1013//1013 1012//1012 1007//1007
f 1008//1008 1013//1013 1007//1007
f 1014//1014 1013//1013 1008//1008
f 1010//1010 1015//1015 1009//1009
f 1016//1016 1015//1015 1010//1010
f 1011//1011 1016//1016 1010//1010
f 1017//1017 1016//1016 1011//1011
f 1012//1012 1017//1017 1011//1011
f 1018//1018 1017//1017 1012//1012
f 1013//1013 1018//1018 1012//1012
f 1019//1019 1018//1018 1013//1013
f 1014//1014 1019//1019 1013//1013
f 1020//1020 1019//1019 1014//1014
f 1016//1016 1021//1021 1015//1015
f 1022//1022 1021//1021 1016//1016
f 1017//1017 1022//1022 1016//1016
f 1023//1023 1022//1022 1017//1017
f 1018//1018 1023//1023 1017//1017
f 1024//1024 1023//1023 1018//1018
f 1019//1019 1024//1024 1018//1018
f 1025//1025 1024//1024 1019//1019
f 1020//1020 1025//1025 1019//1019
f 1026//1026 1025//1025 1020//1020
f 1022//1022 1027//1027 1021//1021
f 1028//1028 1027//1027 1022//1022
f 1023//1023 1028//1028 1022//1022
f 1029//1029 1028//1028 1023//1023
f 1024//1024 1029//1029 1023//1023
f 1030//1030 1029//1029 1024//1024
f 1025//1025 1030//1030 1024//1024
f 1031//1031 1030//1030 1025//1025
f 1026//1026 1031//1031 1025//1025
f 1032//1032 1031//1031 1026//1026
f 1033//1033 1039//1039 1034//1034
f 1034//1034 1039//1039 1040//1040
f 1034//1034 1040//1040 1035//1035
f 1035//1035 1040//1040 1041//1041
f 1035//1035 1041//1041 1036//1036
f 1036//1036 1041//1041 1042//1042
f 1036//1036 1042//1042 1037//1037
f 1037//1037 1042//1042 1043//1043
f 1037//1037 1043//1043 1038//1038
f 1038//1038 1043//1043 1044//1044
f 1039//1039 1045//1045 1040//1040
f 1040//1040 1045//1045 1046//1046
f 1040//1040 1046//1046 1041//1041
f 1041//1041 1046//1046 1047//1047
f 1041//1041 1047//1047 1042//1042
f 1042//1042 1047//1047 1048//1048
f 1042//1042 1048//1048 1043//1043
f 1043//1043 1048//1048 1049//1049
f 1043//1043 1049//1049 1044//1044
f 1044//1044 1049//1049 1050//1050
f 1045//1045 1051//1051 1046//1046
f 1046//1046 1051//1051 1052//1052
f 1046//1046 1052//1052 1047//1047
f 1047//1047 1052//1052 1053//1053
f 1047//1047 1053//1053 1048//1048
f 1048//1048 1053//1053 1054//1054
f 1048//1048 1054//1054 1049//1049
f 1049//1049 1054//1054 1055//1055
f 1049//1049 1055//1055 1050//1050
f 1050//1050 1055//1055 1056//1056
f 1051//1051 1057//1057 1052//1052
f 1052//1052 1057//1057 1058//1058
f 1052//1052 1058//1058 1053//1053
f 1053//1053 1058//1058 1059//1059
f 1053//1053 1059//1059 1054//1054
f 1054//1054 1059//1059 1060//1060
f 1054//1054 1060//1060 1055//1055
f 1055//1055 1060//1060 1061//1061
f 1055//1055 1061//1061 1056//1056
f 1056//1056 1061//1061 1062//1062
f 1057//1057 1063//1063 1058//1058
f 1058//1058 1063//1063 1064//1064
f 1058//1058 1064//1064 1059//1059
f 1059//1059 1064//1064 1065//1065
f 1059//1059 1065//1065 1060//1060
f 1060//1060 1065//1065 1066//1066
f 1060//1060 1066//1066 1061//1061
f 1061//1061 1066//1066 1067//1067
f 1061//1061 1067//1067 1062//1062
f 1062//1062 1067//1067 1068//1068
f 1070//1070 1075//1075 1069//1069
f 1076//1076 1075//1075 1070//1070
f 1071//1071 1076//1076 1070//1070
f 1077//1077 1076//1076 1071//1071
f 1072//1072 1077//1077 1071//1071
f 1078//1078 1077//1077 1072//1072
f 1073//1073 1078//1078 1072//1072
f 1079//1079 1078//1078 1073//1073
f 1074//1074 1079//1079 1073//1073
f 1080//1080 1079//1079 1074//1074
f 1076//1076 1081//1081 1075//1075
f 1082//1082 1081//1081 1076//1076
f 1077//1077 1082//1082 1076//1076
f 1083//1083 1082//1082 1077//1077
f 1078//1078 1083//1083 1077//1077
f 1084//1084 1083//1083 1078//1078
f 1079//1079 1084//1084 1078//1078
f 1085//1085 1084//1084 1079//1079
f 1080//1080 1085//1085 1079//1079
f 1086//1086 1085//1085 1080//1080
f 1082//1082 1087//1087 1081//1081
f 1088//1088 1087//1087 1082//1082
f 1083//1083 1088//1088 1082//1082
f 1089//1089 1088//1088 1083//1083
f 1084//1084 1089//1089 1083//1083
f 1090//1090 1089//1089 1084//1084
f 1085//1085 1090//1090 1084//1084
f 1091//1091 1090//1090 1085//1085
f 1086//1086 1091//1091 1085//1085
f 1092//1092 1091//1091 1086//1086
f 1088//1088 1093//1093 1087//1087
f 1094//1094 1093//1093 1088//1088
f 1089//1089 1094//1094 1088//1088
f 1095//1095 1094//1094 1089//1089
f 1090//1090 1095//1095 1089//1089
f 1096//1096 1095//1095 1090//1090
f 1091//1091 1096//1096 1090//1090
f 1097//1097 1096//1096 1091//1091
f 1092//1092 1097//1097 1091//1091
f 1098//1098 1097//1097 1092//1092
f 1094//1094 1099//1099 1093//1093
f 1100//1100 1099//1099 1094//1094
f 1095//1095 1100//1100 1094//1094
f 1101//1101 1100//1100 1095//1095
f 1096//1096 1101//1101 1095//1095
f 1102//1102 1101//1101 1096//1096
f 1097//1097 1102//1102 1096//1096
f 1103//1103 1102//1102 1097//1097
f 1098//1098 1103//1103 1097//1097
f 1104//1104 1103//1103 1098//1098
f 1105//1105 1111//1111 1106//1106
f 1106//1106 1111//1111 1112//1112
f 1106//1106 1112//1112 1107//1107
f 1107//1107 1112//1112 1113//1113
f 1107//1107 1113//1113 1108//1108
f 1108//1108 1113//1113 1114//1114
f 1108//1108 1114//1114 1109//1109
f 1109//1109 1114//1114 1115//1115
f 1109//1109 1115//1115 1110//1110
f 1110//1110 1115//1115 1116//1116
f 1111//1111 1117//1117 1112//1112
f 1112//1112 1117//1117 1118//1118
f 1112//1112 1118//1118 1113//1113
f 1113//1113 1118//1118 1119//1119
f 1113//1113 1119//1119 1114//1114
f 1114//1114 1119//1119 1120//1120
f 1114//1114 1120//1120 1115//1115
f 1115//1115 1120//1120 1121//1121
f 1115//1115 1121//1121 1116//1116
f 1116//1116 1121//1121 1122//1122
f 1117//1117 1123//1123 1118//1118
f 1118//1118 1123//1123 1124//1124
f 1118//1118 1124//1124 1119//1119
f 1119//1119 1124//1124 1125//1125
f 1119//1119 1125//1125 1120//1120
f 1120//1120 1125//1125 1126//1126
f 1120//1120 1126//1126 1121//1121
f 1121//1121 1126//1126 1127//1127
f 1121//1121 1127//1127 1122//1122
f 1122//1122 1127//1127 1128//1128
f 1123//1123 1129//1129 1124//1124
f 1124//1124 1129//1129 1130//1130
f 1124//1124 1130//1130 1125//1125
f 1125//1125 1130//1130 1131//1131
f 1125//1125 1131//1131 1126//1126
f 1126//1126 1131//1131 1132//1132
f 1126//1126 1132//1132 1127//1127
f 1127//1127 1132//1132 1133//1133
f 1127//1127 1133//1133 1128//1128
f 1128//1128 1133//1133 1134//1134
f 1129//1129 1135//1135 1130//1130
f 1130//1130 1135//1135 1136//1136
f 1130//1130 1136//1136 1131//1131
f 1131//1131 1136//1136 1137//1137
f 1131//1131 1137//1137 1132//1132
f 1132//1132 1137//1137 1138//1138
f 1132//1132 1138//1138 1133//1133
f 1133//1133 1138//1138 1139//1139
f 1133//1133 1139//1139 1134//1134
f 1134//1134 1139//1139 1140//1140
f 1142//1142 1147//1147 1141//1141
f 1148//1148 1147//1147 1142//1142
f 1143//1143 1148//1148 1142//1142
f 1149//1149 1148//1148 1143//1143
f 1144//1144 1149//1149 1143//1143
f 1150//1150 1149//1149 1144//1144
f 1145//1145 1150//1150 1144//1144
f 1151//1151 1150//1150 1145//1145
f 1146//1146 1151//1151 1145//1145
f 1152//1152 1151//1151 1146//1146
f 1148//1148 1153//1153 1147//1147
f 1154//1154 1153//1153 1148//1148
f 1149//1149 1154//1154 1148//1148
f 1155//1155 1154//1154 1149//1149
f 1150//1150 1155//1155 1149//1149
f 1156//1156 1155//1155 1150//1150
f 1151//1151 1156//1156 1150//1150
f 1157//1157 1156//1156 1151//1151
f 1152//1152 1157//1157 1151//1151
f 1158//1158 1157//1157 1152//1152
f 1154//1154 1159//1159 1153//1153
f 1160//1160 1159//1159 1154//1154
f 1155//1155 1160//1160 1154//1154
f 1161//1161 1160//1160 1155//1155
f 1156//1156 1161//1161 1155//1155
f 1162//1162 1161//1161 1156//1156
f 1157//1157 1162//1162 1156//1156
f 1163//1163 1162//1162 1157//1157
f 1158//1158 1163//1163 1157//1157
f 1164//1164 1163//1163 1158//1158
f 1160//1160 1165//1165 1159//1159
f 1166//1166 1165//1165 1160//1160
f 1161//1161 1166//1166 1160//1160
f 1167//1167 1166//1166 1161//1161
f 1162//1162 1167//1167 1161//1161
f 1168//1168 1167//1167 1162//1162
f 1163//1163 1168//1168 1162//1162
f 1169//1169 1168//1168 1163//1163
f 1164//1164 1169//1169 1163//1163
f 1170//1170 1169//1169 1164//1164
f 1166//1166 1171//1171 1165//1165
f 1172//1172 1171//1171 1166//1166
f 1167//1167 1172//1172 1166//1166
f 1173//1173 1172//1172 1167//1167
f 1168//1168 1173//1173 1167//1167
f 1174//1174 1173//1173 1168//1168
f 1169//1169 1174//1174 1168//1168
f 1175//1175 1174//1174 1169//1169
f 1170//1170 1175//1175 1169//1169
f 1176//1176 1175//1175 1170//1170
f 1177//1177 1183//1183 1178//1178
f 1178//1178 1183//1183 1184//1184
f 1178//1178 1184//1184 1179//1179
f 1179//1179 1184//1184 1185//1185
f 1179//1179 1185//1185 1180//1180
f 1180//1180 1185//1185 1186//1186
f 1180//1180 1186//1186 1181//1181
f 1181//1181 1186//1186 1187//1187
f 1181//1181 1187//1187 1182//1182
f 1182//1182 1187//1187 1188//1188
f 1183//1183 1189//1189 1184//1184
f 1184//1184 1189//1189 1190//1190
f 1184//1184 1190//1190 1185//1185
f 1185//1185 1190//1190 1191//1191
f 1185//1185 1191//1191 1186//1186
f 1186//1186 1191//1191 1192//1192
f 1186//1186 1192//1192 1187//1187
f 1187//1187 1192//1192 1193//1193
f 1187//1187 1193//1193 1188//1188
f 1188//1188 1193//1193 1194//1194
f 1189//1189 1195//1195 1190//1190
f 1190//1190 1195//1195 1196//1196
f 1190//1190 1196//1196 1191//1191
f 1191//1191 1196//1196 1197//1197
f 1191//1191 1197//1197 1192//1192
f 1192//1192 1197//1197 1198//1198
f 1192//1192 1198//1198 1193//1193
f 1193//1193 1198//1198 1199//1199
f 1193//1193 1199//1199 1194//1194
f 1194//1194 1199//1199 1200//1200
f 1195//1195 1201//1201 1196//1196
f 1196//1196 1201//1201 1202//1202
f 1196//1196 1202//1202 1197//1197
f 1197//1197 1202//1202 1203//1203
f 1197//1197 1203//1203 1198//1198
f 1198//1198 1203//1203 1204//1204
f 1198//1198 1204//1204 1199//1199
f 1199//1199 1204//1204 1205//1205
f 1199//1199 1205//1205 1200//1200
f 1200//1200 1205//1205 1206//1206
f 1201//1201 1207//1207 1202//1202
f 1202//1202 1207//1207 1208//1208
f 1202//1202 1208//1208 1203//1203
f 1203//1203 1208//1208 1209//1209
f 1203//1203 1209//1209 1204//1204
f 1204//1204 1209//1209 1210//1210
f 1204//1204 1210//1210 1205//1205
f 1205//1205 1210//1210 1211//1211
f 1205//1205 1211//1211 1206//1206
f 1206//1206 1211//1211 1212//1212
f 1214//1214 1219//1219 1213//1213
f 1220//1220 1219//1219 1214//1214
f 1215//1215 1220//1220 1214//1214
f 1221//1221 1220//1220 1215//1215
f 1216//1216 1221//1221 1215//1215
f 1222//1222 1221//1221 1216//1216
f 1217//1217 1222//1222 1216//1216
f 1223//1223 1222//1222 1217//1217
f 1218//1218 1223//1223 1217//1217
f 1224//1224 1223//1223 1218//1218
f 1220//1220 1225//1225 1219//1219
f 1226//1226 1225//1225 1220//1220
f 1221//1221 1226//1226 1220//1220
f 1227//1227 1226//1226 1221//1221
f 1222//1222 1227//1227 1221//1221
f 1228//1228 1227//1227 1222//1222
f 1223//1223 1228//1228 1222//1222
f 1229//1229 1228//1228 1223//1223
f 1224//1224 1229//1229 1223//1223
f 1230//1230 1229//1229 1224//1224
f 1226//1226 1231//1231 1225//1225
f 1232//1232 1231//1231 1226//1226
f 1227//1227 1232//1232 1226//1226
f 1233//1233 1232//1232 1227//1227
f 1228//1228 1233//1233 1227//1227
f 1234//1234 1233//1233 1228//1228
f 1229//1229 1234//1234 1228//1228
f 1235//1235 1234//1234 1229//1229
f 1230//1230 1235//1235 1229//1229
f 1236//1236 1235//1235 1230//1230
f 1232//1232 1237//1237 1231//1231
f 1238//1238 1237//1237 1232//1232
f 1233//1233 1238//1238 1232//1232
f 1239//1239 1238//1238 1233//1233
f 1234//1234 1239//1239 1233//1233
f 1240//1240 1239//1239 1234//1234
f 1235//1235 1240//1240 1234//1234
f 1241//1241 1240//1240 1235//1235
f 1236//1236 1241//1241 1235//1235
f 1242//1242 1241//1241 1236//1236
f 1238//1238 1243//1243 1237//1237
f 1244//1244 1243//1243 1238//1238
f 1239//1239 1244//1244 1238//1238
f 1245//1245 1244//1244 1239//1239
f 1240//1240 1245//1245 1239//1239
f 1246//1246 1245//1245 1240//1240
f 1241//1241 1246//1246 1240//1240
f 1247//1247 1246//1246 1241//1241
f 1242//1242 1247//1247 1241//1241
f 1248//1248 1247//1247 1242//1242
f 1249//1249 1255//1255 1250//1250
f 1250//1250 1255//1255 1256//1256
f 1250//1250 1256//1256 1251//1251
f 1251//1251 1256//1256 1257//1257
f 1251//1251 1257//1257 1252//1252
f 1252//1252 1257//1257 1258//1258
f 1252//1252 1258//1258 1253//1253
f 1253//1253 1258//1258 1259//1259
f 1253//1253 1259//1259 1254//1254
f 1254//1254 1259//1259 1260//1260
f 1255//1255 1261//1261 1256//1256
f 1256//1256 1261//1261 1262//1262
f 1256//1256 1262//1262 1257//1257
f 1257//1257 1262//1262 1263//1263
f 1257//1257 1263//1263 1258//1258
f 1258//1258 1263//1263 1264//1264
f 1258//1258 1264//1264 1259//1259
f 1259//1259 1264//1264 1265//1265
f 1259//1259 1265//1265 1260//1260
f 1260//1260 1265//1265 1266//1266
f 1261//1261 1267//1267 1262//1262
f 1262//1262 1267//1267 1268//1268
f 1262//1262 1268//1268 1263//1263
f 1263//1263 1268//1268 1269//1269
f 1263//1263 1269//1269 1264//1264
f 1264//1264 1269//1269 1270//1270
f 1264//1264 1270//1270 1265//1265
f 1265//1265 1270//1270 1271//1271
f 1265//1265 1271//1271 1266//1266
f 1266//1266 1271//1271 1272//1272
f 1267//1267 1273//1273 1268//1268
f 1268//1268 1273//1273 1274//1274
f 1268//1268 1274//1274 1269//1269
f 1269//1269 1274//1274 1275//1275
f 1269//1269 1275//1275 1270//1270
f 1270//1270 1275//1275 1276//1276
f 1270//1270 1276//1276 1271//1271
f 1271//1271 1276//1276 1277//1277
f 1271//1271 1277//1277 1272//1272
f 1272//1272 1277//1277 1278//1278
f 1273//1273 1279//1279 1274//1274
f 1274//1274 1279//1279 1280//1280
f 1274//1274 1280//1280 1275//1275
f 1275//1275 1280//1280 1281//1281
f 1275//1275 1281//1281 1276//1276
f 1276//1276 1281//1281 1282//1282
f 1276//1276 1282//1282 1277//1277
f 1277//1277 1282//1282 1283//1283
f 1277//1277 1283//1283 1278//1278
f 1278//1278 1283//1283 1284//1284
f 1286//1286 1291//1291 1285//1285
f 1292//1292 1291//1291 1286//1286
f 1287//1287 1292//1292 1286//1286
f 1293//1293 1292//1292 1287//1287
f 1288//1288 1293//1293 1287//1287
f 1294//1294 1293//1293 1288//1288
f 1289//1289 1294//1294 1288//1288
f 1295//1295 1294//1294 1289//1289
f 1290//1290 1295//1295 1289//1289
f 1296//1296 1295//1295 1290//1290
f 1292//1292 1297//1297 1291//1291
f 1298//1298 1297//1297 1292//1292
f 1293//1293 1298//1298 1292//1292
f 1299//1299 1298//1298 1293//1293
f 1294//1294 1299//1299 1293//1293
f 1300//1300 1299//1299 1294//1294
f 1295//1295 1300//1300 1294//1294
f 1301//1301 1300//1300 1295//1295
f 1296//1296 1301//1301 1295//1295
f 1302//1302 1301//1301 1296//1296
f 1298//1298 1303//1303 1297//1297
f 1304//1304 1303//1303 1298//1298
f 1299//1299 1304//1304 1298//1298
f 1305//1305 1304//1304 1299//1299
f 1300//1300 1305//1305 1299//1299
f 1306//1306 1305//1305 1300//1300
f 1301//1301 1306//1306 1300//1300
f 1307//1307 1306//1306 1301//1301
f 1302//1302 1307//1307 1301//1301
f 1308//1308 1307//1307 1302//1302
f 1304//1304 1309//1309 1303//1303
f 1310//1310 1309//1309 1304//1304
f 1305//1305 1310//1310 1304//1304
f 1311//1311 1310//1310 1305//1305
f 1306//1306 1311//1311 1305//1305
f 1312//1312 1311//1311 1306//1306
f 1307//1307 1312//1312 1306//1306
f 1313//1313 1312//1312 1307//1307
f 1308//1308 1313//1313 1307//1307
f 1314//1314 1313//1313 1308//1308
f 1310//1310 1315//1315 1309//1309
f 1316//1316 1315//1315 1310//1310
f 1311//1311 1316//1316 1310//1310
f 1317//1317 1316//1316 1311//1311
f 1312//1312 1317//1317 1311//1311
f 1318//1318 1317//1317 1312//1312
f 1313//1313 1318//1318 1312//1312
f 1319//1319 1318//1318 1313//1313
f 1314//1314 1319//1319 1313//1313
f 1320//1320 1319//1319 1314//1314
f 1321//1321 1327//1327 1322//1322
f 1322//1322 1327//1327 1328//1328
f 1322//1322 1328//1328 1323//1323
f 1323//1323 1328//1328 1329//1329
f 1323//1323 1329//1329 1324//1324
f 1324//1324 1329//1329 1330//1330
f 1324//1324 1330//1330 1325//1325
f 1325//1325 1330//1330 1331//1331
f 1325//1325 1331//1331 1326//1326
f 1326//1326 1331//1331 1332//1332
f 1327//1327 1333//1333 1328//1328
f 1328//1328 1333//1333 1334//1334
f 1328//1328 1334//1334 1329//1329
f 1329//1329 1334//1334 1335//1335
f 1329//1329 1335//1335 1330//1330
f 1330//1330 1335//1335 1336//1336
f 1330//1330 1336//1336 1331//1331
f 1331//1331 1336//1336 1337//1337
f 1331//1331 1337//1337 1332//1332
f 1332//1332 1337//1337 1338//1338
f 1333//1333 1339//1339 1334//1334
f 1334//1334 1339//1339 1340//1340
f 1334//1334 1340//1340 1335//1335
f 1335//1335 1340//1340 1341//1341
f 1335//1335 1341//1341 1336//1336
f 1336//1336 1341//1341 1342//1342
f 1336//1336 1342//1342 1337//1337
f 1337//1337 1342//1342 1343//1343
f 1337//1337 1343//1343 1338//1338
f 1338//1338 1343//1343 1344//1344
f 1339//1339 1345//1345 1340//1340
f 1340//1340 1345//1345 1346//1346
f 1340//1340 1346//1346 1341//1341
f 1341//1341 1346//1346 1347//1347
f 1341//1341 1347//1347 1342//1342
f 1342//1342 1347//1347 1348//1348
f 1342//1342 1348//1348 1343//1343
f 1343//1343 1348//1348 1349//1349
f 1343//1343 1349//1349 1344//1344
f 1344//1344 1349//1349 1350//1350
f 1345//1345 1351//1351 1346//1346
f 1346//1346 1351//1351 1352//1352
f 1346//1346 1352//1352 1347//1347
f 1347//1347 1352//1352 1353//1353
f 1347//1347 1353//1353 1348//1348
f 1348//1348 1353//1353 1354//1354
f 1348//1348 1354//1354 1349//1349
f 1349//1349 1354//1354 1355//1355
f 1349//1349 1355//1355 1350//1350
f 1350//1350 1355//1355 1356//1356
f 1357//1357 1358//1358 1378//1378
f 1358//1358 1379//1379 1378//1378
f 1358//1358 1359//1359 1379//1379
f 1359//1359 1380//1380 1379//1379
f 1359//1359 1360//1360 1380//1380
f 1360//1360 1381//1381 1380//1380
f 1360//1360 1361//1361 1381//1381
f 1361//1361 1382//1382 1381//1381
f 1361//1361 1362//1362 1382//1382
f 1362//1362 1383//1383 1382//1382
f 1362//1362 1363//1363 1383//1383
f 1363//1363 1384//1384 1383//1383
f 1363//1363 1364//1364 1384//1384
f 1364//1364 1385//1385 1384//1384
f 1364//1364 1365//1365 1385//1385
f 1365//1365 1386//1386 1385//1385
f 1365//1365 1366//1366 1386//1386
f 1366//1366 1387//1387 1386//1386
f 1366//1366 1367//1367 1387//1387
f 1367//1367 1388//1388 1387//1387
f 1367//1367 1368//1368 1388//1388
f 1368//1368 1389//1389 1388//1388
f 1368//1368 1369//1369 1389//1389
f 1369//1369 1390//1390 1389//1389
f 1369//1369 1370//1370 1390//1390
f 1370//1370 1391//1391 1390//1390
f 1370//1370 1371//1371 1391//1391
f 1371//1371 1392//1392 1391//1391
f 1371//1371 1372//1372 1392//1392
f 1372//1372 1393//1393 1392//1392
f 1372//1372 1373//1373 1393//1393
f 1373//1373 1394//1394 1393//1393
f 1373//1373 1374//1374 1394//1394
f 1374//1374 1395//1395 1394//1394
f 1374//1374 1375//1375 1395//1395
f 1375//1375 1396//1396 1395//1395
f 1375//1375 1376//1376 1396//1396
f 1376//1376 1397//1397 1396//1396
f 1376//1376 1377//1377 1397//1397
f 1377//1377 1398//1398 1397//1397
f 1378//1378 1379//1379 1399//1399
f 1379//1379 1400//1400 1399//1399
f 1379//1379 1380//1380 1400//1400
f 1380//1380 1401//1401 1400//1400
f 1380//1380 1381//1381 1401//1401
f 1381//1381 1402//1402 1401//1401
f 1381//1381 1382//1382 1402//1402
f 1382//1382 1403//1403 1402//1402
f 1382//1382 1383//1383 1403//1403
f 1383//1383 1404//1404 1403//1403
f 1383//1383 1384//1384 1404//1404
f 1384//1384 1405//1405 1404//1404
f 1384//1384 1385//1385 1405//1405
f 1385//1385 1406//1406 1405//1405
f 1385//1385 1386//1386 1406//1406
f 1386//1386 1407//1407 1406//1406
f 1386//1386 1387//1387 1407//1407
f 1387//1387 1408//1408 1407//1407
f 1387//1387 1388//1388 1408//1408
f 1388//1388 1409//1409 1408//1408
f 1388//1388 1389//1389 1409//1409
f 1389//1389 1410//1410 1409//1409
f 1389//1389 1390//1390 1410//1410
f 1390//1390 1411//1411 1410//1410
f 1390//1390 1391//1391 1411//1411
f 1391//1391 1412//1412 1411//1411
f 1391//1391 1392//1392 1412//1412
f 1392//1392 1413//1413 1412//1412
f 1392//1392 1393//1393 1413//1413
f 1393//1393 1414//1414 1413//1413
f 1393//1393 1394//1394 1414//1414
f 1394//1394 1415//1415 1414//1414
f 1394//1394 1395//1395 1415//1415
f 1395//1395 1416//1416 1415//1415
f 1395//1395 1396//1396 1416//1416
f 1396//1396 1417//1417 1416//1416
f 1396//1396 1397//1397 1417//1417
f 1397//1397 1418//1418 1417//1417
f 1397//1397 1398//1398 1418//1418
f 1398//1398 1419//1419 1418//1418
f 1399//1399 1400//1400 1420//1420
f 1400//1400 1421//1421 1420//1420
f 1400//1400 1401//1401 1421//1421
f 1401//1401 1422//1422 1421//1421
f 1401//1401 1402//1402 1422//1422
f 1402//1402 1423//1423 1422//1422
f 1402//1402 1403//1403 1423//1423
f 1403//1403 1424//1424 1423//1423
f 1403//1403 1404//1404 1424//1424
f 1404//1404 1425//1425 1424//1424
f 1404//1404 1405//1405 1425//1425
f 1405//1405 1426//1426 1425//1425
f 1405//1405 1406//1406 1426//1426
f 1406//1406 1427//1427 1426//1426
f 1406//1406 1407//1407 1427//1427
f 1407//1407 1428//1428 1427//1427
f 1407//1407 1408//1408 1428//1428
f 1408//1408 1429//1429 1428//1428
f 1408//1408 1409//1409 1429//1429
f 1409//1409 1430//1430 1429//1429
f 1409//1409 1410//1410 1430//1430
f 1410//1410 1431//1431 1430//1430
f 1410//1410 1411//1411 1431//1431
f 1411//1411 1432//1432 1431//1431
f 1411//1411 1412//1412 1432//1432
f 1412//1412 1433//1433 1432//1432
f 1412//1412 1413//1413 1433//1433
f 1413//1413 1434//1434 1433//1433
f 1413//1413 1414//1414 1434//1434
f 1414//1414 1435//1435 1434//1434
f 1414//1414 1415//1415 1435//1435
f 1415//1415 1436//1436 1435//1435
f 1415//1415 1416//1416 1436//1436
f 1416//1416 1437//1437 1436//1436
f 1416//1416 1417//1417 1437//1437
f 1417//1417 1438//1438 1437//1437
f 1417//1417 1418//1418 1438//1438
f 1418//1418 1439//1439 1438//1438
f 1418//1418 1419//1419 1439//1439
f 1419//1419 1440//1440 1439//1439
f 1420//1420 1421//1421 1441//1441
f 1421//1421 1442//1442 1441//1441
f 1421//1421 1422//1422 1442//1442
f 1422//1422 1443//1443 1442//1442
f 1422//1422 1423//1423 1443//1443
f 1423//1423 1444//1444 1443//1443
f 1423//1423 1424//1424 1444//1444
f 1424//1424 1445//1445 1444//1444
f 1424//1424 1425//1425 1445//1445
f 1425//1425 1446//1446 1445//1445
f 1425//1425 1426//1426 1446//1446
f 1426//1426 1447//1447 1446//1446
f 1426//1426 1427//1427 1447//1447
f 1427//1427 1448//1448 1447//1447
f 1427//1427 1428//1428 1448//1448
f 1428//1428 1449//1449 1448//1448
f 1428//1428 1429//1429 1449//1449
f 1429//1429 1450//1450 1449//1449
f 1429//1429 1430//1430 1450//1450
f 1430//1430 1451//1451 1450//1450
f 1430//1430 1431//1431 1451//1451
f 1431//1431 1452//1452 1451//1451
f 1431//1431 1432//1432 1452//1452
f 1432//1432 1453//1453 1452//1452
f 1432//1432 1433//1433 1453//1453
f 1433//1433 1454//1454 1453//1453
f 1433//1433 1434//1434 1454//1454
f 1434//1434 1455//1455 1454//1454
f 1434//1434 1435//1435 1455//1455
f 1435//1435 1456//1456 1455//1455
f 1435//1435 1436//1436 1456//1456
f 1436//1436 1457//1457 1456//1456
f 1436//1436 1437//1437 1457//1457
f 1437//1437 1458//1458 1457//1457
f 1437//1437 1438//1438 1458//1458
f 1438//1438 1459//1459 1458//1458
f 1438//1438 1439//1439 1459//1459
f 1439//1439 1460//1460 1459//1459
f 1439//1439 1440//1440 1460//1460
f 1440//1440 1461//1461 1460//1460
f 1441//1441 1442//1442 1462//1462
f 1442//1442 1463//1463 1462//1462
f 1442//1442 1443//1443 1463//1463
f 1443//1443 1464//1464 1463//1463
f 1443//1443 1444//1444 1464//1464
f 1444//1444 1465//1465 1464//1464
f 1444//1444 1445//1445 1465//1465
f 1445//1445 1466//1466 1465//1465
f 1445//1445 1446//1446 1466//1466
f 1446//1446 1467//1467 1466//1466
f 1446//1446 1447//1447 1467//1467
f 1447//1447 1468//1468 1467//1467
f 1447//1447 1448//1448 1468//1468
f 1448//1448 1469//1469 1468//1468
f 1448//1448 1449//1449 1469//1469
f 1449//1449 1470//1470 1469//1469
f 1449//1449 1450//1450 1470//1470
f 1450//1450 1471//1471 1470//1470
f 1450//1450 1451//1451 1471//1471
f 1451//1451 1472//1472 1471//1471
f 1451//1451 1452//1452 1472//1472
f 1452//1452 1473//1473 1472//1472
f 1452//1452 1453//1453 1473//1473
f 1453//1453 1474//1474 1473//1473
f 1453//1453 1454//1454 1474//1474
f 1454//1454 1475//1475 1474//1474
f 1454//1454 1455//1455 1475//1475
f 1455//1455 1476//1476 1475//1475
f 1455//1455 1456//1456 1476//1476
f 1456//1456 1477//1477 1476//1476
f 1456//1456 1457//1457 1477//1477
f 1457//1457 1478//1478 1477//1477
f 1457//1457 1458//1458 1478//1478
f 1458//1458 1479//1479 1478//1478
f 1458//1458 1459//1459 1479//1479
f 1459//1459 1480//1480 1479//1479
f 1459//1459 1460//1460 1480//1480
f 1460//1460 1481//1481 1480//1480
f 1460//1460 1461//1461 1481//1481
f 1461//1461 1482//1482 1481//1481
f 1462//1462 1463//1463 1483//1483
f 1463//1463 1484//1484 1483//1483
f 1463//1463 1464//1464 1484//1484
f 1464//1464 1485//1485 1484//1484
f 1464//1464 1465//1465 1485//1485
f 1465//1465 1486//1486 1485//1485
f 1465//1465 1466//1466 1486//1486
f 1466//1466 1487//1487 1486//1486
f 1466//1466 1467//1467 1487//1487
f 1467//1467 1488//1488 1487//1487
f 1467//1467 1468//1468 1488//1488
f 1468//1468 1489//1489 1488//1488
f 1468//1468 1469//1469 1489//1489
f 1469//1469 1490//1490 1489//1489
f 1469//1469 1470//1470 1490//1490
f 1470//1470 1491//1491 1490//1490
f 1470//1470 1471//1471 1491//1491
f 1471//1471 1492//1492 1491//1491
f 1471//1471 1472//1472 1492//1492
f 1472//1472 1493//1493 1492//1492
f 1472//1472 1473//1473 1493//1493
f 1473//1473 1494//1494 1493//1493
f 1473//1473 1474//1474 1494//1494
f 1474//1474 1495//1495 1494//1494
f 1474//1474 1475//1475 1495//1495
f 1475//1475 1496//1496 1495//1495
f 1475//1475 1476//1476 1496//1496
f 1476//1476 1497//1497 1496//1496
f 1476//1476 1477//1477 1497//1497
f 1477//1477 1498//1498 1497//1497
f 1477//1477 1478//1478 1498//1498
f 1478//1478 1499//1499 1498//1498
f 1478//1478 1479//1479 1499//1499
f 1479//1479 1500//1500 1499//1499
f 1479//1479 1480//1480 1500//1500
f 1480//1480 1501//1501 1500//1500
f 1480//1480 1481//1481 1501//1501
f 1481//1481 1502//1502 1501//1501
f 1481//1481 1482//1482 1502//1502
f 1482//1482 1503//1503 1502//1502
f 1483//1483 1484//1484 1504//1504
f 1484//1484 1505//1505 1504//1504
f 1484//1484 1485//1485 1505//1505
f 1485//1485 1506//1506 1505//1505
f 1485//1485 1486//1486 1506//1506
f 1486//1486 1507//1507 1506//1506
f 1486//1486 1487//1487 1507//1507
f 1487//1487 1508//1508 1507//1507
f 1487//1487 1488//1488 1508//1508
f 1488//1488 1509//1509 1508//1508
f 1488//1488 1489//1489 1509//1509
f 1489//1489 1510//1510 1509//1509
f 1489//1489 1490//1490 1510//1510
f 1490//1490 1511//1511 1510//1510
f 1490//1490 1491//1491 1511//1511
f 1491//1491 1512//1512 1511//1511
f 1491//1491 1492//1492 1512//1512
f 1492//1492 1513//1513 1512//1512
f 1492//1492 1493//1493 1513//1513
f 1493//1493 1514//1514 1513//1513
f 1493//1493 1494//1494 1514//1514
f 1494//1494 1515//1515 1514//1514
f 1494//1494 1495//1495 1515//1515
f 1495//1495 1516//1516 1515//1515
f 1495//1495 1496//1496 1516//1516
f 1496//1496 1517//1517 1516//1516
f 1496//1496 1497//1497 1517//1517
f 1497//1497 1518//1518 1517//1517
f 1497//1497 1498//1498 1518//1518
f 1498//1498 1519//1519 1518//1518
f 1498//1498 1499//1499 1519//1519
f 1499//1499 1520//1520 1519//1519
f 1499//1499 1500//1500 1520//1520
f 1500//1500 1521//1521 1520//1520
f 1500//1500 1501//1501 1521//1521
f 1501//1501 1522//1522 1521//1521
f 1501//1501 1502//1502 1522//1522
f 1502//1502 1523//1523 1522//1522
f 1502//1502 1503//1503 1523//1523
f 1503//1503 1524//1524 1523//1523
f 1504//1504 1505//1505 1525//1525
f 1505//1505 1526//1526 1525//1525
f 1505//1505 1506//1506 1526//1526
f 1506//1506 1527//1527 1526//1526
f 1506//1506 1507//1507 1527//1527
f 1507//1507 1528//1528 1527//1527
f 1507//1507 1508//1508 1528//1528
f 1508//1508 1529//1529 1528//1528
f 1508//1508 1509//1509 1529//1529
f 1509//1509 1530//1530 1529//1529
f 1509//1509 1510//1510 1530//1530
f 1510//1510 1531//1531 1530//1530
f 1510//1510 1511//1511 1531//1531
f 1511//1511 1532//1532 1531//1531
f 1511//1511 1512//1512 1532//1532
f 1512//1512 1533//1533 1532//1532
f 1512//1512 1513//1513 1533//1533
f 1513//1513 1534//1534 1533//1533
f 1513//1513 1514//1514 1534//1534
f 1514//1514 1535//1535 1534//1534
f 1514//1514 1515//1515 1535//1535
f 1515//1515 1536//1536 1535//1535
f 1515//1515 1516//1516 1536//1536
f 1516//1516 1537//1537 1536//1536
f 1516//1516 1517//1517 1537//1537
f 1517//1517 1538//1538 1537//1537
f 1517//1517 1518//1518 1538//1538
f 1518//1518 1539//1539 1538//1538
f 1518//1518 1519//1519 1539//1539
f 1519//1519 1540//1540 1539//1539
f 1519//1519 1520//1520 1540//1540
f 1520//1520 1541//1541 1540//1540
f 1520//1520 1521//1521 1541//1541
f 1521//1521 1542//1542 1541//1541
f 1521//1521 1522//1522 1542//1542
f 1522//1522 1543//1543 1542//1542
f 1522//1522 1523//1523 1543//1543
f 1523//1523 1544//1544 1543//1543
f 1523//1523 1524//1524 1544//1544
f 1524//1524 1545//1545 1544//1544
f 1525//1525 1526//1526 1546//1546
f 1526//1526 1547//1547 1546//1546
f 1526//1526 1527//1527 1547//1547
f 1527//1527 1548//1548 1547//1547
f 1527//1527 1528//1528 1548//1548
f 1528//1528 1549//1549 1548//1548
f 1528//1528 1529//1529 1549//1549
f 1529//1529 1550//1550 1549//1549
f 1529//1529 1530//1530 1550//1550
f 1530//1530 1551//1551 1550//1550
f 1530//1530 1531//1531 1551//1551
f 1531//1531 1552//1552 1551//1551
f 1531//1531 1532//1532 1552//1552
f 1532//1532 1553//1553 1552//1552
f 1532//1532 1533//1533 1553//1553
f 1533//1533 1554//1554 1553//1553
f 1533//1533 1534//1534 1554//1554
f 1534//1534 1555//1555 1554//1554
f 1534//1534 1535//1535 1555//1555
f 1535//1535 1556//1556 1555//1555
f 1535//1535 1536//1536 1556//1556
f 1536//1536 1557//1557 1556//1556
f 1536//1536 1537//1537 1557//1557
f 1537//1537 1558//1558 1557//1557
f 1537//1537 1538//1538 1558//1558
f 1538//1538 1559//1559 1558//1558
f 1538//1538 1539//1539 1559//1559
f 1539//1539 1560//1560 1559//1559
f 1539//1539 1540//1540 1560//1560
f 1540//1540 1561//1561 1560//1560
f 1540//1540 1541//1541 1561//1561
f 1541//1541 1562//1562 1561//1561
f 1541//1541 1542//1542 1562//1562
f 1542//1542 1563//1563 1562//1562
f 1542//1542 1543//1543 1563//1563
f 1543//1543 1564//1564 1563//1563
f 1543//1543 1544//1544 1564//1564
f 1544//1544 1565//1565 1564//1564
f 1544//1544 1545//1545 1565//1565
f 1545//1545 1566//1566 1565//1565
f 1546//1546 1547//1547 1567//1567
f 1547//1547 1568//1568 1567//1567
f 1547//1547 1548//1548 1568//1568
f 1548//1548 1569//1569 1568//1568
f 1548//1548 1549//1549 1569//1569
f 1549//1549 1570//1570 1569//1569
f 1549//1549 1550//1550 1570//1570
f 1550//1550 1571//1571 1570//1570
f 1550//1550 1551//1551 1571//1571
f 1551//1551 1572//1572 1571//1571
f 1551//1551 1552//1552 1572//1572
f 1552//1552 1573//1573 1572//1572
f 1552//1552 1553//1553 1573//1573
f 1553//1553 1574//1574 1573//1573
f 1553//1553 1554//1554 1574//1574
f 1554//1554 1575//1575 1574//1574
f 1554//1554 1555//1555 1575//1575
f 1555//1555 1576//1576 1575//1575
f 1555//1555 1556//1556 1576//1576
f 1556//1556 1577//1577 1576//1576
f 1556//1556 1557//1557 1577//1577
f 1557//1557 1578//1578 1577//1577
f 1557//1557 1558//1558 1578//1578
f 1558//1558 1579//1579 1578//1578
f 1558//1558 1559//1559 1579//1579
f 1559//1559 1580//1580 1579//1579
f 1559//1559 1560//1560 1580//1580
f 1560//1560 1581//1581 1580//1580
f 1560//1560 1561//1561 1581//1581
f 1561//1561 1582//1582 1581//1581
f 1561//1561 1562//1562 1582//1582
f 1562//1562 1583//1583 1582//1582
f 1562//1562 1563//1563 1583//1583
f 1563//1563 1584//1584 1583//1583
f 1563//1563 1564//1564 1584//1584
f 1564//1564 1585//1585 1584//1584
f 1564//1564 1565//1565 1585//1585
f 1565//1565 1586//1586 1585//1585
f 1565//1565 1566//1566 1586//1586
f 1566//1566 1587//1587 1586//1586
f 1567//1567 1568//1568 1588//1588
f 1568//1568 1589//1589 1588//1588
f 1568//1568 1569//1569 1589//1589
f 1569//1569 1590//1590 1589//1589
f 1569//1569 1570//1570 1590//1590
f 1570//1570 1591//1591 1590//1590
f 1570//1570 1571//1571 1591//1591
f 1571//1571 1592//1592 1591//1591
f 1571//1571 1572//1572 1592//1592
f 1572//1572 1593//1593 1592//1592
f 1572//1572 1573//1573 1593//1593
f 1573//1573 1594//1594 1593//1593
f 1573//1573 1574//1574 1594//1594
f 1574//1574 1595//1595 1594//1594
f 1574//1574 1575//1575 1595//1595
f 1575//1575 1596//1596 1595//1595
f 1575//1575 1576//1576 1596//1596
f 1576//1576 1597//1597 1596//1596
f 1576//1576 1577//1577 1597//1597
f 1577//1577 1598//1598 1597//1597
f 1577//1577 1578//1578 1598//1598
f 1578//1578 1599//1599 1598//1598
f 1578//1578 1579//1579 1599//1599
f 1579//1579 1600//1600 1599//1599
f 1579//1579 1580//1580 1600//1600
f 1580//1580 1601//1601 1600//1600
f 1580//1580 1581//1581 1601//1601
f 1581//1581 1602//1602 1601//1601
f 1581//1581 1582//1582 1602//1602
f 1582//1582 1603//1603 1602//1602
f 1582//1582 1583//1583 1603//1603
f 1583//1583 1604//1604 1603//1603
f 1583//1583 1584//1584 1604//1604
f 1584//1584 1605//1605 1604//1604
f 1584//1584 1585//1585 1605//1605
f 1585//1585 1606//1606 1605//1605
f 1585//1585 1586//1586 1606//1606
f 1586//1586 1607//1607 1606//1606
f 1586//1586 1587//1587 1607//1607
f 1587//1587 1608//1608 1607//1607
f 1588//1588 1589//1589 1609//1609
f 1589//1589 1610//1610 1609//1609
f 1589//1589 1590//1590 1610//1610
f 1590//1590 1611//1611 1610//1610
f 1590//1590 1591//1591 1611//1611
f 1591//1591 1612//1612 1611//1611
f 1591//1591 1592//1592 1612//1612
f 1592//1592 1613//1613 1612//1612
f 1592//1592 1593//1593 1613//1613
f 1593//1593 1614//1614 1613//1613
f 1593//1593 1594//1594 1614//1614
f 1594//1594 1615//1615 1614//1614
f 1594//1594 1595//1595 1615//1615
f 1595//1595 1616//1616 1615//1615
f 1595//1595 1596//1596 1616//1616
f 1596//1596 1617//1617 1616//1616
f 1596//1596 1597//1597 1617//1617
f 1597//1597 1618//1618 1617//1617
f 1597//1597 1598//1598 1618//1618
f 1598//1598 1619//1619 1618//1618
f 1598//1598 1599//1599 1619//1619
f 1599//1599 1620//1620 1619//1619
f 1599//1599 1600//1600 1620//1620
f 1600//1600 1621//1621 1620//1620
f 1600//1600 1601//1601 1621//1621
f 1601//1601 1622//1622 1621//1621
f 1601//1601 1602//1602 1622//1622
f 1602//1602 1623//1623 1622//1622
f 1602//1602 1603//1603 1623//1623
f 1603//1603 1624//1624 1623//1623
f 1603//1603 1604//1604 1624//1624
f 1604//1604 1625//1625 1624//1624
f 1604//1604 1605//1605 1625//1625
f 1605//1605 1626//1626 1625//1625
f 1605//1605 1606//1606 1626//1626
f 1606//1606 1627//1627 1626//1626
f 1606//1606 1607//1607 1627//1627
f 1607//1607 1628//1628 1627//1627
f 1607//1607 1608//1608 1628//1628
f 1608//1608 1629//1629 1628//1628
o station-serve_oakLight
usemtl oakLight
v -0.376528 0.356301 -0.376528
v -0.379375 0.354365 -0.368750
v -0.380664 0.353488 -0.358125
v -0.380664 0.353488 0.358125
v -0.379375 0.354365 0.368750
v -0.376528 0.356301 0.376528
v -0.379375 0.361590 -0.379375
v -0.384151 0.359966 -0.371138
v -0.386635 0.359122 -0.358125
v -0.386635 0.359122 0.358125
v -0.384151 0.359966 0.371138
v -0.379375 0.361590 0.379375
v -0.380664 0.368815 -0.380664
v -0.386635 0.368815 -0.372380
v -0.390000 0.368815 -0.358125
v -0.390000 0.368815 0.358125
v -0.386635 0.368815 0.372380
v -0.380664 0.368815 0.380664
v -0.380664 0.376465 -0.380664
v -0.386635 0.376465 -0.372380
v -0.390000 0.376465 -0.358125
v -0.390000 0.376465 0.358125
v -0.386635 0.376465 0.372380
v -0.380664 0.376465 0.380664
v -0.379375 0.383690 -0.379375
v -0.384151 0.385314 -0.371138
v -0.386635 0.386158 -0.358125
v -0.386635 0.386158 0.358125
v -0.384151 0.385314 0.371138
v -0.379375 0.383690 0.379375
v -0.376528 0.388979 -0.376528
v -0.379375 0.390915 -0.368750
v -0.380664 0.391792 -0.358125
v -0.380664 0.391792 0.358125
v -0.379375 0.390915 0.368750
v -0.376528 0.388979 0.376528
v 0.376528 0.356301 -0.376528
v 0.379375 0.354365 -0.368750
v 0.380664 0.353488 -0.358125
v 0.380664 0.353488 0.358125
v 0.379375 0.354365 0.368750
v 0.376528 0.356301 0.376528
v 0.379375 0.361590 -0.379375
v 0.384151 0.359966 -0.371138
v 0.386635 0.359122 -0.358125
v 0.386635 0.359122 0.358125
v 0.384151 0.359966 0.371138
v 0.379375 0.361590 0.379375
v 0.380664 0.368815 -0.380664
v 0.386635 0.368815 -0.372380
v 0.390000 0.368815 -0.358125
v 0.390000 0.368815 0.358125
v 0.386635 0.368815 0.372380
v 0.380664 0.368815 0.380664
v 0.380664 0.376465 -0.380664
v 0.386635 0.376465 -0.372380
v 0.390000 0.376465 -0.358125
v 0.390000 0.376465 0.358125
v 0.386635 0.376465 0.372380
v 0.380664 0.376465 0.380664
v 0.379375 0.383690 -0.379375
v 0.384151 0.385314 -0.371138
v 0.386635 0.386158 -0.358125
v 0.386635 0.386158 0.358125
v 0.384151 0.385314 0.371138
v 0.379375 0.383690 0.379375
v 0.376528 0.388979 -0.376528
v 0.379375 0.390915 -0.368750
v 0.380664 0.391792 -0.358125
v 0.380664 0.391792 0.358125
v 0.379375 0.390915 0.368750
v 0.376528 0.388979 0.376528
v -0.376528 0.356301 -0.376528
v -0.368750 0.354365 -0.379375
v -0.358125 0.353488 -0.380664
v 0.358125 0.353488 -0.380664
v 0.368750 0.354365 -0.379375
v 0.376528 0.356301 -0.376528
v -0.379375 0.354365 -0.368750
v -0.371138 0.351117 -0.371138
v -0.358125 0.349428 -0.372380
v 0.358125 0.349428 -0.372380
v 0.371138 0.351117 -0.371138
v 0.379375 0.354365 -0.368750
v -0.380664 0.353488 -0.358125
v -0.372380 0.349428 -0.358125
v -0.358125 0.347140 -0.358125
v 0.358125 0.347140 -0.358125
v 0.372380 0.349428 -0.358125
v 0.380664 0.353488 -0.358125
v -0.380664 0.353488 0.358125
v -0.372380 0.349428 0.358125
v -0.358125 0.347140 0.358125
v 0.358125 0.347140 0.358125
v 0.372380 0.349428 0.358125
v 0.380664 0.353488 0.358125
v -0.379375 0.354365 0.368750
v -0.371138 0.351117 0.371138
v -0.358125 0.349428 0.372380
v 0.358125 0.349428 0.372380
v 0.371138 0.351117 0.371138
v 0.379375 0.354365 0.368750
v -0.376528 0.356301 0.376528
v -0.368750 0.354365 0.379375
v -0.358125 0.353488 0.380664
v 0.358125 0.353488 0.380664
v 0.368750 0.354365 0.379375
v 0.376528 0.356301 0.376528
v -0.376528 0.388979 -0.376528
v -0.368750 0.390915 -0.379375
v -0.358125 0.391792 -0.380664
v 0.358125 0.391792 -0.380664
v 0.368750 0.390915 -0.379375
v 0.376528 0.388979 -0.376528
v -0.379375 0.390915 -0.368750
v -0.371138 0.394163 -0.371138
v -0.358125 0.395852 -0.372380
v 0.358125 0.395852 -0.372380
v 0.371138 0.394163 -0.371138
v 0.379375 0.390915 -0.368750
v -0.380664 0.391792 -0.358125
v -0.372380 0.395852 -0.358125
v -0.358125 0.398140 -0.358125
v 0.358125 0.398140 -0.358125
v 0.372380 0.395852 -0.358125
v 0.380664 0.391792 -0.358125
v -0.380664 0.391792 0.358125
v -0.372380 0.395852 0.358125
v -0.358125 0.398140 0.358125
v 0.358125 0.398140 0.358125
v 0.372380 0.395852 0.358125
v 0.380664 0.391792 0.358125
v -0.379375 0.390915 0.368750
v -0.371138 0.394163 0.371138
v -0.358125 0.395852 0.372380
v 0.358125 0.395852 0.372380
v 0.371138 0.394163 0.371138
v 0.379375 0.390915 0.368750
v -0.376528 0.388979 0.376528
v -0.368750 0.390915 0.379375
v -0.358125 0.391792 0.380664
v 0.358125 0.391792 0.380664
v 0.368750 0.390915 0.379375
v 0.376528 0.388979 0.376528
v -0.376528 0.356301 -0.376528
v -0.379375 0.361590 -0.379375
v -0.380664 0.368815 -0.380664
v -0.380664 0.376465 -0.380664
v -0.379375 0.383690 -0.379375
v -0.376528 0.388979 -0.376528
v -0.368750 0.354365 -0.379375
v -0.371138 0.359966 -0.384151
v -0.372380 0.368815 -0.386635
v -0.372380 0.376465 -0.386635
v -0.371138 0.385314 -0.384151
v -0.368750 0.390915 -0.379375
v -0.358125 0.353488 -0.380664
v -0.358125 0.359122 -0.386635
v -0.358125 0.368815 -0.390000
v -0.358125 0.376465 -0.390000
v -0.358125 0.386158 -0.386635
v -0.358125 0.391792 -0.380664
v 0.358125 0.353488 -0.380664
v 0.358125 0.359122 -0.386635
v 0.358125 0.368815 -0.390000
v 0.358125 0.376465 -0.390000
v 0.358125 0.386158 -0.386635
v 0.358125 0.391792 -0.380664
v 0.368750 0.354365 -0.379375
v 0.371138 0.359966 -0.384151
v 0.372380 0.368815 -0.386635
v 0.372380 0.376465 -0.386635
v 0.371138 0.385314 -0.384151
v 0.368750 0.390915 -0.379375
v 0.376528 0.356301 -0.376528
v 0.379375 0.361590 -0.379375
v 0.380664 0.368815 -0.380664
v 0.380664 0.376465 -0.380664
v 0.379375 0.383690 -0.379375
v 0.376528 0.388979 -0.376528
v -0.376528 0.356301 0.376528
v -0.379375 0.361590 0.379375
v -0.380664 0.368815 0.380664
v -0.380664 0.376465 0.380664
v -0.379375 0.383690 0.379375
v -0.376528 0.388979 0.376528
v -0.368750 0.354365 0.379375
v -0.371138 0.359966 0.384151
v -0.372380 0.368815 0.386635
v -0.372380 0.376465 0.386635
v -0.371138 0.385314 0.384151
v -0.368750 0.390915 0.379375
v -0.358125 0.353488 0.380664
v -0.358125 0.359122 0.386635
v -0.358125 0.368815 0.390000
v -0.358125 0.376465 0.390000
v -0.358125 0.386158 0.386635
v -0.358125 0.391792 0.380664
v 0.358125 0.353488 0.380664
v 0.358125 0.359122 0.386635
v 0.358125 0.368815 0.390000
v 0.358125 0.376465 0.390000
v 0.358125 0.386158 0.386635
v 0.358125 0.391792 0.380664
v 0.368750 0.354365 0.379375
v 0.371138 0.359966 0.384151
v 0.372380 0.368815 0.386635
v 0.372380 0.376465 0.386635
v 0.371138 0.385314 0.384151
v 0.368750 0.390915 0.379375
v 0.376528 0.356301 0.376528
v 0.379375 0.361590 0.379375
v 0.380664 0.368815 0.380664
v 0.380664 0.376465 0.380664
v 0.379375 0.383690 0.379375
v 0.376528 0.388979 0.376528
v -0.347392 0.685088 -0.274892
v -0.349000 0.683480 -0.270500
v -0.349728 0.682752 -0.264500
v -0.349728 0.682752 -0.255500
v -0.349000 0.683480 -0.249500
v -0.347392 0.685088 -0.245108
v -0.349000 0.689480 -0.276500
v -0.351697 0.688132 -0.271848
v -0.353100 0.687430 -0.264500
v -0.353100 0.687430 -0.255500
v -0.351697 0.688132 -0.248152
v -0.349000 0.689480 -0.243500
v -0.349728 0.695480 -0.277228
v -0.353100 0.695480 -0.272550
v -0.355000 0.695480 -0.264500
v -0.355000 0.695480 -0.255500
v -0.353100 0.695480 -0.247450
v -0.349728 0.695480 -0.242772
v -0.349728 0.769480 -0.277228
v -0.353100 0.769480 -0.272550
v -0.355000 0.769480 -0.264500
v -0.355000 0.769480 -0.255500
v -0.353100 0.769480 -0.247450
v -0.349728 0.769480 -0.242772
v -0.349000 0.775480 -0.276500
v -0.351697 0.776828 -0.271848
v -0.353100 0.777530 -0.264500
v -0.353100 0.777530 -0.255500
v -0.351697 0.776828 -0.248152
v -0.349000 0.775480 -0.243500
v -0.347392 0.779872 -0.274892
v -0.349000 0.781480 -0.270500
v -0.349728 0.782208 -0.264500
v -0.349728 0.782208 -0.255500
v -0.349000 0.781480 -0.249500
v -0.347392 0.779872 -0.245108
v 0.347392 0.685088 -0.274892
v 0.349000 0.683480 -0.270500
v 0.349728 0.682752 -0.264500
v 0.349728 0.682752 -0.255500
v 0.349000 0.683480 -0.249500
v 0.347392 0.685088 -0.245108
v 0.349000 0.689480 -0.276500
v 0.351697 0.688132 -0.271848
v 0.353100 0.687430 -0.264500
v 0.353100 0.687430 -0.255500
v 0.351697 0.688132 -0.248152
v 0.349000 0.689480 -0.243500
v 0.349728 0.695480 -0.277228
v 0.353100 0.695480 -0.272550
v 0.355000 0.695480 -0.264500
v 0.355000 0.695480 -0.255500
v 0.353100 0.695480 -0.247450
v 0.349728 0.695480 -0.242772
v 0.349728 0.769480 -0.277228
v 0.353100 0.769480 -0.272550
v 0.355000 0.769480 -0.264500
v 0.355000 0.769480 -0.255500
v 0.353100 0.769480 -0.247450
v 0.349728 0.769480 -0.242772
v 0.349000 0.775480 -0.276500
v 0.351697 0.776828 -0.271848
v 0.353100 0.777530 -0.264500
v 0.353100 0.777530 -0.255500
v 0.351697 0.776828 -0.248152
v 0.349000 0.775480 -0.243500
v 0.347392 0.779872 -0.274892
v 0.349000 0.781480 -0.270500
v 0.349728 0.782208 -0.264500
v 0.349728 0.782208 -0.255500
v 0.349000 0.781480 -0.249500
v 0.347392 0.779872 -0.245108
v -0.347392 0.685088 -0.274892
v -0.343000 0.683480 -0.276500
v -0.337000 0.682752 -0.277228
v 0.337000 0.682752 -0.277228
v 0.343000 0.683480 -0.276500
v 0.347392 0.685088 -0.274892
v -0.349000 0.683480 -0.270500
v -0.344348 0.680783 -0.271848
v -0.337000 0.679380 -0.272550
v 0.337000 0.679380 -0.272550
v 0.344348 0.680783 -0.271848
v 0.349000 0.683480 -0.270500
v -0.349728 0.682752 -0.264500
v -0.345050 0.679380 -0.264500
v -0.337000 0.677480 -0.264500
v 0.337000 0.677480 -0.264500
v 0.345050 0.679380 -0.264500
v 0.349728 0.682752 -0.264500
v -0.349728 0.682752 -0.255500
v -0.345050 0.679380 -0.255500
v -0.337000 0.677480 -0.255500
v 0.337000 0.677480 -0.255500
v 0.345050 0.679380 -0.255500
v 0.349728 0.682752 -0.255500
v -0.349000 0.683480 -0.249500
v -0.344348 0.680783 -0.248152
v -0.337000 0.679380 -0.247450
v 0.337000 0.679380 -0.247450
v 0.344348 0.680783 -0.248152
v 0.349000 0.683480 -0.249500
v -0.347392 0.685088 -0.245108
v -0.343000 0.683480 -0.243500
v -0.337000 0.682752 -0.242772
v 0.337000 0.682752 -0.242772
v 0.343000 0.683480 -0.243500
v 0.347392 0.685088 -0.245108
v -0.347392 0.779872 -0.274892
v -0.343000 0.781480 -0.276500
v -0.337000 0.782208 -0.277228
v 0.337000 0.782208 -0.277228
v 0.343000 0.781480 -0.276500
v 0.347392 0.779872 -0.274892
v -0.349000 0.781480 -0.270500
v -0.344348 0.784177 -0.271848
v -0.337000 0.785580 -0.272550
v 0.337000 0.785580 -0.272550
v 0.344348 0.784177 -0.271848
v 0.349000 0.781480 -0.270500
v -0.349728 0.782208 -0.264500
v -0.345050 0.785580 -0.264500
v -0.337000 0.787480 -0.264500
v 0.337000 0.787480 -0.264500
v 0.345050 0.785580 -0.264500
v 0.349728 0.782208 -0.264500
v -0.349728 0.782208 -0.255500
v -0.345050 0.785580 -0.255500
v -0.337000 0.787480 -0.255500
v 0.337000 0.787480 -0.255500
v 0.345050 0.785580 -0.255500
v 0.349728 0.782208 -0.255500
v -0.349000 0.781480 -0.249500
v -0.344348 0.784177 -0.248152
v -0.337000 0.785580 -0.247450
v 0.337000 0.785580 -0.247450
v 0.344348 0.784177 -0.248152
v 0.349000 0.781480 -0.249500
v -0.347392 0.779872 -0.245108
v -0.343000 0.781480 -0.243500
v -0.337000 0.782208 -0.242772
v 0.337000 0.782208 -0.242772
v 0.343000 0.781480 -0.243500
v 0.347392 0.779872 -0.245108
v -0.347392 0.685088 -0.274892
v -0.349000 0.689480 -0.276500
v -0.349728 0.695480 -0.277228
v -0.349728 0.769480 -0.277228
v -0.349000 0.775480 -0.276500
v -0.347392 0.779872 -0.274892
v -0.343000 0.683480 -0.276500
v -0.344348 0.688132 -0.279197
v -0.345050 0.695480 -0.280600
v -0.345050 0.769480 -0.280600
v -0.344348 0.776828 -0.279197
v -0.343000 0.781480 -0.276500
v -0.337000 0.682752 -0.277228
v -0.337000 0.687430 -0.280600
v -0.337000 0.695480 -0.282500
v -0.337000 0.769480 -0.282500
v -0.337000 0.777530 -0.280600
v -0.337000 0.782208 -0.277228
v 0.337000 0.682752 -0.277228
v 0.337000 0.687430 -0.280600
v 0.337000 0.695480 -0.282500
v 0.337000 0.769480 -0.282500
v 0.337000 0.777530 -0.280600
v 0.337000 0.782208 -0.277228
v 0.343000 0.683480 -0.276500
v 0.344348 0.688132 -0.279197
v 0.345050 0.695480 -0.280600
v 0.345050 0.769480 -0.280600
v 0.344348 0.776828 -0.279197
v 0.343000 0.781480 -0.276500
v 0.347392 0.685088 -0.274892
v 0.349000 0.689480 -0.276500
v 0.349728 0.695480 -0.277228
v 0.349728 0.769480 -0.277228
v 0.349000 0.775480 -0.276500
v 0.347392 0.779872 -0.274892
v -0.347392 0.685088 -0.245108
v -0.349000 0.689480 -0.243500
v -0.349728 0.695480 -0.242772
v -0.349728 0.769480 -0.242772
v -0.349000 0.775480 -0.243500
v -0.347392 0.779872 -0.245108
v -0.343000 0.683480 -0.243500
v -0.344348 0.688132 -0.240803
v -0.345050 0.695480 -0.239400
v -0.345050 0.769480 -0.239400
v -0.344348 0.776828 -0.240803
v -0.343000 0.781480 -0.243500
v -0.337000 0.682752 -0.242772
v -0.337000 0.687430 -0.239400
v -0.337000 0.695480 -0.237500
v -0.337000 0.769480 -0.237500
v -0.337000 0.777530 -0.239400
v -0.337000 0.782208 -0.242772
v 0.337000 0.682752 -0.242772
v 0.337000 0.687430 -0.239400
v 0.337000 0.695480 -0.237500
v 0.337000 0.769480 -0.237500
v 0.337000 0.777530 -0.239400
v 0.337000 0.782208 -0.242772
v 0.343000 0.683480 -0.243500
v 0.344348 0.688132 -0.240803
v 0.345050 0.695480 -0.239400
v 0.345050 0.769480 -0.239400
v 0.344348 0.776828 -0.240803
v 0.343000 0.781480 -0.243500
v 0.347392 0.685088 -0.245108
v 0.349000 0.689480 -0.243500
v 0.349728 0.695480 -0.242772
v 0.349728 0.769480 -0.242772
v 0.349000 0.775480 -0.243500
v 0.347392 0.779872 -0.245108
vn -0.490135 -0.720787 -0.490135
vn -0.534082 -0.785415 -0.312858
vn -0.562304 -0.826917 -0.004779
vn -0.562310 -0.826926 0.001005
vn -0.549577 -0.808201 0.211606
vn -0.496038 -0.729467 0.470983
vn -0.603891 -0.520222 -0.603891
vn -0.796314 -0.500194 -0.340132
vn -0.809490 -0.587120 -0.003997
vn -0.890792 -0.454403 0.002811
vn -0.833341 -0.457092 0.310822
vn -0.642635 -0.441589 0.626115
vn -0.694383 -0.188854 -0.694383
vn -0.911984 -0.180931 -0.368170
vn -0.970846 -0.239669 -0.004140
vn -0.990796 -0.135286 0.004473
vn -0.918203 -0.143882 0.369054
vn -0.693082 -0.136034 0.707907
vn -0.704802 0.080667 -0.704802
vn -0.918203 0.143882 -0.369054
vn -0.990796 0.135286 -0.004473
vn -0.970846 0.239669 0.004140
vn -0.911984 0.180931 0.368170
vn -0.707907 0.136034 0.693082
vn -0.656445 0.371698 -0.656445
vn -0.833341 0.457092 -0.310822
vn -0.890792 0.454403 -0.002811
vn -0.809490 0.587120 0.003997
vn -0.796314 0.500194 0.340132
vn -0.626115 0.441589 0.642635
vn -0.503175 0.702588 -0.503175
vn -0.552899 0.792186 -0.258350
vn -0.602426 0.798172 -0.002325
vn -0.522402 0.852696 0.002237
vn -0.533893 0.805851 0.256051
vn -0.470983 0.729467 0.496038
vn 0.470983 -0.729467 -0.496038
vn 0.533893 -0.805851 -0.256051
vn 0.522402 -0.852696 -0.002237
vn 0.602426 -0.798172 0.002325
vn 0.552899 -0.792186 0.258350
vn 0.503175 -0.702588 0.503175
vn 0.626115 -0.441589 -0.642635
vn 0.796314 -0.500194 -0.340132
vn 0.809490 -0.587120 -0.003997
vn 0.890792 -0.454403 0.002811
vn 0.833341 -0.457092 0.310822
vn 0.656445 -0.371698 0.656445
vn 0.707907 -0.136034 -0.693082
vn 0.911984 -0.180931 -0.368170
vn 0.970846 -0.239669 -0.004140
vn 0.990796 -0.135286 0.004473
vn 0.918203 -0.143882 0.369054
vn 0.704802 -0.080667 0.704802
vn 0.693082 0.136034 -0.707907
vn 0.918203 0.143882 -0.369054
vn 0.990796 0.135286 -0.004473
vn 0.970846 0.239669 0.004140
vn 0.911984 0.180931 0.368170
vn 0.694383 0.188854 0.694383
vn 0.642635 0.441589 -0.626115
vn 0.833341 0.457092 -0.310822
vn 0.890792 0.454403 -0.002811
vn 0.809490 0.587120 0.003997
vn 0.796314 0.500194 0.340132
vn 0.603891 0.520222 0.603891
vn 0.496038 0.729467 -0.470983
vn 0.549577 0.808201 -0.211606
vn 0.562310 0.826926 -0.001005
vn 0.562304 0.826917 0.004779
vn 0.534082 0.785415 0.312858
vn 0.490135 0.720787 0.490135
vn -0.490135 -0.720787 -0.490135
vn -0.312858 -0.785415 -0.534082
vn -0.004779 -0.826917 -0.562304
vn 0.001005 -0.826926 -0.562310
vn 0.211606 -0.808201 -0.549577
vn 0.470983 -0.729467 -0.496038
vn -0.534082 -0.785415 -0.312858
vn -0.268668 -0.925005 -0.268668
vn -0.003183 -0.948096 -0.317969
vn 0.002089 -0.973289 -0.229575
vn 0.238736 -0.941281 -0.238736
vn 0.533893 -0.805851 -0.256051
vn -0.562304 -0.826917 -0.004779
vn -0.317969 -0.948096 -0.003183
vn -0.005975 -0.999964 -0.005975
vn 0.001620 -0.999997 -0.001620
vn 0.229575 -0.973289 -0.002089
vn 0.522402 -0.852696 -0.002237
vn -0.562310 -0.826926 0.001005
vn -0.229575 -0.973289 0.002089
vn -0.001620 -0.999997 0.001620
vn 0.005975 -0.999964 0.005975
vn 0.317969 -0.948096 0.003183
vn 0.602426 -0.798172 0.002325
vn -0.549577 -0.808201 0.211606
vn -0.238736 -0.941281 0.238736
vn -0.002089 -0.973289 0.229575
vn 0.003183 -0.948096 0.317969
vn 0.268668 -0.925005 0.268668
vn 0.552899 -0.792186 0.258350
vn -0.496038 -0.729467 0.470983
vn -0.256051 -0.805851 0.533893
vn -0.002237 -0.852696 0.522402
vn 0.002325 -0.798172 0.602426
vn 0.258350 -0.792186 0.552899
vn 0.503175 -0.702588 0.503175
vn -0.503175 0.702588 -0.503175
vn -0.258350 0.792186 -0.552899
vn -0.002325 0.798172 -0.602426
vn 0.002237 0.852696 -0.522402
vn 0.256051 0.805851 -0.533893
vn 0.496038 0.729467 -0.470983
vn -0.552899 0.792186 -0.258350
vn -0.268668 0.925005 -0.268668
vn -0.003183 0.948096 -0.317969
vn 0.002089 0.973289 -0.229575
vn 0.238736 0.941281 -0.238736
vn 0.549577 0.808201 -0.211606
vn -0.602426 0.798172 -0.002325
vn -0.317969 0.948096 -0.003183
vn -0.005975 0.999964 -0.005975
vn 0.001620 0.999997 -0.001620
vn 0.229575 0.973289 -0.002089
vn 0.562310 0.826926 -0.001005
vn -0.522402 0.852696 0.002237
vn -0.229575 0.973289 0.002089
vn -0.001620 0.999997 0.001620
vn 0.005975 0.999964 0.005975
vn 0.317969 0.948096 0.003183
vn 0.562304 0.826917 0.004779
vn -0.533893 0.805851 0.256051
vn -0.238736 0.941281 0.238736
vn -0.002089 0.973289 0.229575
vn 0.003183 0.948096 0.317969
vn 0.268668 0.925005 0.268668
vn 0.534082 0.785415 0.312858
vn -0.470983 0.729467 0.496038
vn -0.211606 0.808201 0.549577
vn -0.001005 0.826926 0.562310
vn 0.004779 0.826917 0.562304
vn 0.312858 0.785415 0.534082
vn 0.490135 0.720787 0.490135
vn -0.490135 -0.720787 -0.490135
vn -0.603891 -0.520222 -0.603891
vn -0.694383 -0.188854 -0.694383
vn -0.704802 0.080667 -0.704802
vn -0.656445 0.371698 -0.656445
vn -0.503175 0.702588 -0.503175
vn -0.312858 -0.785415 -0.534082
vn -0.340132 -0.500194 -0.796314
vn -0.368170 -0.180931 -0.911984
vn -0.369054 0.143882 -0.918203
vn -0.310822 0.457092 -0.833341
vn -0.258350 0.792186 -0.552899
vn -0.004779 -0.826917 -0.562304
vn -0.003997 -0.587120 -0.809490
vn -0.004140 -0.239669 -0.970846
vn -0.004473 0.135286 -0.990796
vn -0.002811 0.454403 -0.890792
vn -0.002325 0.798172 -0.602426
vn 0.001005 -0.826926 -0.562310
vn 0.002811 -0.454403 -0.890792
vn 0.004473 -0.135286 -0.990796
vn 0.004140 0.239669 -0.970846
vn 0.003997 0.587120 -0.809490
vn 0.002237 0.852696 -0.522402
vn 0.211606 -0.808201 -0.549577
vn 0.310822 -0.457092 -0.833341
vn 0.369054 -0.143882 -0.918203
vn 0.368170 0.180931 -0.911984
vn 0.340132 0.500194 -0.796314
vn 0.256051 0.805851 -0.533893
vn 0.470983 -0.729467 -0.496038
vn 0.626115 -0.441589 -0.642635
vn 0.707907 -0.136034 -0.693082
vn 0.693082 0.136034 -0.707907
vn 0.642635 0.441589 -0.626115
vn 0.496038 0.729467 -0.470983
vn -0.496038 -0.729467 0.470983
vn -0.642635 -0.441589 0.626115
vn -0.693082 -0.136034 0.707907
vn -0.707907 0.136034 0.693082
vn -0.626115 0.441589 0.642635
vn -0.470983 0.729467 0.496038
vn -0.256051 -0.805851 0.533893
vn -0.340132 -0.500194 0.796314
vn -0.368170 -0.180931 0.911984
vn -0.369054 0.143882 0.918203
vn -0.310822 0.457092 0.833341
vn -0.211606 0.808201 0.549577
vn -0.002237 -0.852696 0.522402
vn -0.003997 -0.587120 0.809490
vn -0.004140 -0.239669 0.970846
vn -0.004473 0.135286 0.990796
vn -0.002811 0.454403 0.890792
vn -0.001005 0.826926 0.562310
vn 0.002325 -0.798172 0.602426
vn 0.002811 -0.454403 0.890792
vn 0.004473 -0.135286 0.990796
vn 0.004140 0.239669 0.970846
vn 0.003997 0.587120 0.809490
vn 0.004779 0.826917 0.562304
vn 0.258350 -0.792186 0.552899
vn 0.310822 -0.457092 0.833341
vn 0.369054 -0.143882 0.918203
vn 0.368170 0.180931 0.911984
vn 0.340132 0.500194 0.796314
vn 0.312858 0.785415 0.534082
vn 0.503175 -0.702588 0.503175
vn 0.656445 -0.371698 0.656445
vn 0.704802 -0.080667 0.704802
vn 0.694383 0.188854 0.694383
vn 0.603891 0.520222 0.603891
vn 0.490135 0.720787 0.490135
vn -0.577350 -0.577350 -0.577350
vn -0.653281 -0.653281 -0.382683
vn -0.702484 -0.702484 -0.114162
vn -0.706457 -0.706457 0.042854
vn -0.682272 -0.682272 0.262698
vn -0.587065 -0.587065 0.557412
vn -0.653281 -0.382683 -0.653281
vn -0.855957 -0.365607 -0.365607
vn -0.917655 -0.383157 -0.105359
vn -0.928018 -0.363580 0.081196
vn -0.884494 -0.329902 0.329902
vn -0.679222 -0.317377 0.661762
vn -0.706812 -0.028874 -0.706812
vn -0.901432 -0.022222 -0.432350
vn -0.989588 -0.023699 -0.141967
vn -0.996689 -0.020556 0.078670
vn -0.942616 -0.015294 0.333530
vn -0.737372 -0.014673 0.675328
vn -0.707091 0.006685 -0.707091
vn -0.942616 0.015294 -0.333530
vn -0.996689 0.020556 -0.078670
vn -0.989588 0.023699 0.141967
vn -0.901432 0.022222 0.432350
vn -0.675328 0.014673 0.737372
vn -0.682272 0.262698 -0.682272
vn -0.884494 0.329902 -0.329902
vn -0.928018 0.363580 -0.081196
vn -0.917655 0.383157 0.105359
vn -0.855957 0.365607 0.365607
vn -0.661762 0.317377 0.679222
vn -0.587065 0.557412 -0.587065
vn -0.679222 0.661762 -0.317377
vn -0.705450 0.704568 -0.076966
vn -0.704568 0.705450 0.076966
vn -0.661762 0.679222 0.317377
vn -0.557412 0.587065 0.587065
vn 0.557412 -0.587065 -0.587065
vn 0.661762 -0.679222 -0.317377
vn 0.704568 -0.705450 -0.076966
vn 0.705450 -0.704568 0.076966
vn 0.679222 -0.661762 0.317377
vn 0.587065 -0.557412 0.587065
vn 0.661762 -0.317377 -0.679222
vn 0.855957 -0.365607 -0.365607
vn 0.917655 -0.383157 -0.105359
vn 0.928018 -0.363580 0.081196
vn 0.884494 -0.329902 0.329902
vn 0.682272 -0.262698 0.682272
vn 0.675328 -0.014673 -0.737372
vn 0.901432 -0.022222 -0.432350
vn 0.989588 -0.023699 -0.141967
vn 0.996689 -0.020556 0.078670
vn 0.942616 -0.015294 0.333530
vn 0.707091 -0.006685 0.707091
vn 0.737372 0.014673 -0.675328
vn 0.942616 0.015294 -0.333530
vn 0.996689 0.020556 -0.078670
vn 0.989588 0.023699 0.141967
vn 0.901432 0.022222 0.432350
vn 0.706812 0.028874 0.706812
vn 0.679222 0.317377 -0.661762
vn 0.884494 0.329902 -0.329902
vn 0.928018 0.363580 -0.081196
vn 0.917655 0.383157 0.105359
vn 0.855957 0.365607 0.365607
vn 0.653281 0.382683 0.653281
vn 0.587065 0.587065 -0.557412
vn 0.682272 0.682272 -0.262698
vn 0.706457 0.706457 -0.042854
vn 0.702484 0.702484 0.114162
vn 0.653281 0.653281 0.382683
vn 0.577350 0.577350 0.577350
vn -0.577350 -0.577350 -0.577350
vn -0.382683 -0.653281 -0.653281
vn -0.003652 -0.707102 -0.707102
vn 0.000760 -0.707107 -0.707107
vn 0.262698 -0.682272 -0.682272
vn 0.557412 -0.587065 -0.587065
vn -0.653281 -0.653281 -0.382683
vn -0.365607 -0.855957 -0.365607
vn -0.002679 -0.896372 -0.443295
vn 0.001800 -0.944968 -0.327157
vn 0.329902 -0.884494 -0.329902
vn 0.661762 -0.679222 -0.317377
vn -0.702484 -0.702484 -0.114162
vn -0.383157 -0.917655 -0.105359
vn -0.002858 -0.988865 -0.148785
vn 0.002455 -0.997295 -0.073464
vn 0.363580 -0.928018 -0.081196
vn 0.704568 -0.705450 -0.076966
vn -0.706457 -0.706457 0.042854
vn -0.363580 -0.928018 0.081196
vn -0.002455 -0.997295 0.073464
vn 0.002858 -0.988865 0.148785
vn 0.383157 -0.917655 0.105359
vn 0.705450 -0.704568 0.076966
vn -0.682272 -0.682272 0.262698
vn -0.329902 -0.884494 0.329902
vn -0.001800 -0.944968 0.327157
vn 0.002679 -0.896372 0.443295
vn 0.365607 -0.855957 0.365607
vn 0.679222 -0.661762 0.317377
vn -0.587065 -0.587065 0.557412
vn -0.317377 -0.679222 0.661762
vn -0.001731 -0.743467 0.668771
vn 0.001731 -0.668771 0.743467
vn 0.317377 -0.661762 0.679222
vn 0.587065 -0.557412 0.587065
vn -0.587065 0.557412 -0.587065
vn -0.317377 0.661762 -0.679222
vn -0.001731 0.668771 -0.743467
vn 0.001731 0.743467 -0.668771
vn 0.317377 0.679222 -0.661762
vn 0.587065 0.587065 -0.557412
vn -0.679222 0.661762 -0.317377
vn -0.365607 0.855957 -0.365607
vn -0.002679 0.896372 -0.443295
vn 0.001800 0.944968 -0.327157
vn 0.329902 0.884494 -0.329902
vn 0.682272 0.682272 -0.262698
vn -0.705450 0.704568 -0.076966
vn -0.383157 0.917655 -0.105359
vn -0.002858 0.988865 -0.148785
vn 0.002455 0.997295 -0.073464
vn 0.363580 0.928018 -0.081196
vn 0.706457 0.706457 -0.042854
vn -0.704568 0.705450 0.076966
vn -0.363580 0.928018 0.081196
vn -0.002455 0.997295 0.073464
vn 0.002858 0.988865 0.148785
vn 0.383157 0.917655 0.105359
vn 0.702484 0.702484 0.114162
vn -0.661762 0.679222 0.317377
vn -0.329902 0.884494 0.329902
vn -0.001800 0.944968 0.327157
vn 0.002679 0.896372 0.443295
vn 0.365607 0.855957 0.365607
vn 0.653281 0.653281 0.382683
vn -0.557412 0.587065 0.587065
vn -0.262698 0.682272 0.682272
vn -0.000760 0.707107 0.707107
vn 0.003652 0.707102 0.707102
vn 0.382683 0.653281 0.653281
vn 0.577350 0.577350 0.577350
vn -0.577350 -0.577350 -0.577350
vn -0.653281 -0.382683 -0.653281
vn -0.706812 -0.028874 -0.706812
vn -0.707091 0.006685 -0.707091
vn -0.682272 0.262698 -0.682272
vn -0.587065 0.557412 -0.587065
vn -0.382683 -0.653281 -0.653281
vn -0.365607 -0.365607 -0.855957
vn -0.432350 -0.022222 -0.901432
vn -0.333530 0.015294 -0.942616
vn -0.329902 0.329902 -0.884494
vn -0.317377 0.661762 -0.679222
vn -0.003652 -0.707102 -0.707102
vn -0.002679 -0.443295 -0.896372
vn -0.004780 -0.041538 -0.999125
vn -0.001579 0.012346 -0.999923
vn -0.001800 0.327157 -0.944968
vn -0.001731 0.668771 -0.743467
vn 0.000760 -0.707107 -0.707107
vn 0.001800 -0.327157 -0.944968
vn 0.001579 -0.012346 -0.999923
vn 0.004780 0.041538 -0.999125
vn 0.002679 0.443295 -0.896372
vn 0.001731 0.743467 -0.668771
vn 0.262698 -0.682272 -0.682272
vn 0.329902 -0.329902 -0.884494
vn 0.333530 -0.015294 -0.942616
vn 0.432350 0.022222 -0.901432
vn 0.365607 0.365607 -0.855957
vn 0.317377 0.679222 -0.661762
vn 0.557412 -0.587065 -0.587065
vn 0.661762 -0.317377 -0.679222
vn 0.675328 -0.014673 -0.737372
vn 0.737372 0.014673 -0.675328
vn 0.679222 0.317377 -0.661762
vn 0.587065 0.587065 -0.557412
vn -0.587065 -0.587065 0.557412
vn -0.679222 -0.317377 0.661762
vn -0.737372 -0.014673 0.675328
vn -0.675328 0.014673 0.737372
vn -0.661762 0.317377 0.679222
vn -0.557412 0.587065 0.587065
vn -0.317377 -0.679222 0.661762
vn -0.365607 -0.365607 0.855957
vn -0.432350 -0.022222 0.901432
vn -0.333530 0.015294 0.942616
vn -0.329902 0.329902 0.884494
vn -0.262698 0.682272 0.682272
vn -0.001731 -0.743467 0.668771
vn -0.002679 -0.443295 0.896372
vn -0.004780 -0.041538 0.999125
vn -0.001579 0.012346 0.999923
vn -0.001800 0.327157 0.944968
vn -0.000760 0.707107 0.707107
vn 0.001731 -0.668771 0.743467
vn 0.001800 -0.327157 0.944968
vn 0.001579 -0.012346 0.999923
vn 0.004780 0.041538 0.999125
vn 0.002679 0.443295 0.896372
vn 0.003652 0.707102 0.707102
vn 0.317377 -0.661762 0.679222
vn 0.329902 -0.329902 0.884494
vn 0.333530 -0.015294 0.942616
vn 0.432350 0.022222 0.901432
vn 0.365607 0.365607 0.855957
vn 0.382683 0.653281 0.653281
vn 0.587065 -0.557412 0.587065
vn 0.682272 -0.262698 0.682272
vn 0.707091 -0.006685 0.707091
vn 0.706812 0.028874 0.706812
vn 0.653281 0.382683 0.653281
vn 0.577350 0.577350 0.577350
f 1631//1631 1636//1636 1630//1630
f 1637//1637 1636//1636 1631//1631
f 1632//1632 1637//1637 1631//1631
f 1638//1638 1637//1637 1632//1632
f 1633//1633 1638//1638 1632//1632
f 1639//1639 1638//1638 1633//1633
f 1634//1634 1639//1639 1633//1633
f 1640//1640 1639//1639 1634//1634
f 1635//1635 1640//1640 1634//1634
f 1641//1641 1640//1640 1635//1635
f 1637//1637 1642//1642 1636//1636
f 1643//1643 1642//1642 1637//1637
f 1638//1638 1643//1643 1637//1637
f 1644//1644 1643//1643 1638//1638
f 1639//1639 1644//1644 1638//1638
f 1645//1645 1644//1644 1639//1639
f 1640//1640 1645//1645 1639//1639
f 1646//1646 1645//1645 1640//1640
f 1641//1641 1646//1646 1640//1640
f 1647//1647 1646//1646 1641//1641
f 1643//1643 1648//1648 1642//1642
f 1649//1649 1648//1648 1643//1643
f 1644//1644 1649//1649 1643//1643
f 1650//1650 1649//1649 1644//1644
f 1645//1645 1650//1650 1644//1644
f 1651//1651 1650//1650 1645//1645
f 1646//1646 1651//1651 1645//1645
f 1652//1652 1651//1651 1646//1646
f 1647//1647 1652//1652 1646//1646
f 1653//1653 1652//1652 1647//1647
f 1649//1649 1654//1654 1648//1648
f 1655//1655 1654//1654 1649//1649
f 1650//1650 1655//1655 1649//1649
f 1656//1656 1655//1655 1650//1650
f 1651//1651 1656//1656 1650//1650
f 1657//1657 1656//1656 1651//1651
f 1652//1652 1657//1657 1651//1651
f 1658//1658 1657//1657 1652//1652
f 1653//1653 1658//1658 1652//1652
f 1659//1659 1658//1658 1653//1653
f 1655//1655 1660//1660 1654//1654
f 1661//1661 1660//1660 1655//1655
f 1656//1656 1661//1661 1655//1655
f 1662//1662 1661//1661 1656//1656
f 1657//1657 1662//1662 1656//1656
f 1663//1663 1662//1662 1657//1657
f 1658//1658 1663//1663 1657//1657
f 1664//1664 1663//1663 1658//1658
f 1659//1659 1664//1664 1658//1658
f 1665//1665 1664//1664 1659//1659
f 1666//1666 1672//1672 1667//1667
f 1667//1667 1672//1672 1673//1673
f 1667//1667 1673//1673 1668//1668
f 1668//1668 1673//1673 1674//1674
f 1668//1668 1674//1674 1669//1669
f 1669//1669 1674//1674 1675//1675
f 1669//1669 1675//1675 1670//1670
f 1670//1670 1675//1675 1676//1676
f 1670//1670 1676//1676 1671//1671
f 1671//1671 1676//1676 1677//1677
f 1672//1672 1678//1678 1673//1673
f 1673//1673 1678//1678 1679//1679
f 1673//1673 1679//1679 1674//1674
f 1674//1674 1679//1679 1680//1680
f 1674//1674 1680//1680 1675//1675
f 1675//1675 1680//1680 1681//1681
f 1675//1675 1681//1681 1676//1676
f 1676//1676 1681//1681 1682//1682
f 1676//1676 1682//1682 1677//1677
f 1677//1677 1682//1682 1683//1683
f 1678//1678 1684//1684 1679//1679
f 1679//1679 1684//1684 1685//1685
f 1679//1679 1685//1685 1680//1680
f 1680//1680 1685//1685 1686//1686
f 1680//1680 1686//1686 1681//1681
f 1681//1681 1686//1686 1687//1687
f 1681//1681 1687//1687 1682//1682
f 1682//1682 1687//1687 1688//1688
f 1682//1682 1688//1688 1683//1683
f 1683//1683 1688//1688 1689//1689
f 1684//1684 1690//1690 1685//1685
f 1685//1685 1690//1690 1691//1691
f 1685//1685 1691//1691 1686//1686
f 1686//1686 1691//1691 1692//1692
f 1686//1686 1692//1692 1687//1687
f 1687//1687 1692//1692 1693//1693
f 1687//1687 1693//1693 1688//1688
f 1688//1688 1693//1693 1694//1694
f 1688//1688 1694//1694 1689//1689
f 1689//1689 1694//1694 1695//1695
f 1690//1690 1696//1696 1691//1691
f 1691//1691 1696//1696 1697//1697
f 1691//1691 1697//1697 1692//1692
f 1692//1692 1697//1697 1698//1698
f 1692//1692 1698//1698 1693//1693
f 1693//1693 1698//1698 1699//1699
f 1693//1693 1699//1699 1694//1694
f 1694//1694 1699//1699 1700//1700
f 1694//1694 1700//1700 1695//1695
f 1695//1695 1700//1700 1701//1701
f 1703//1703 1708//1708 1702//1702
f 1709//1709 1708//1708 1703//1703
f 1704//1704 1709//1709 1703//1703
f 1710//1710 1709//1709 1704//1704
f 1705//1705 1710//1710 1704//1704
f 1711//1711 1710//1710 1705//1705
f 1706//1706 1711//1711 1705//1705
f 1712//1712 1711//1711 1706//1706
f 1707//1707 1712//1712 1706//1706
f 1713//1713 1712//1712 1707//1707
f 1709//1709 1714//1714 1708//1708
f 1715//1715 1714//1714 1709//1709
f 1710//1710 1715//1715 1709//1709
f 1716//1716 1715//1715 1710//1710
f 1711//1711 1716//1716 1710//1710
f 1717//1717 1716//1716 1711//1711
f 1712//1712 1717//1717 1711//1711
f 1718//1718 1717//1717 1712//1712
f 1713//1713 1718//1718 1712//1712
f 1719//1719 1718//1718 1713//1713
f 1715//1715 1720//1720 1714//1714
f 1721//1721 1720//1720 1715//1715
f 1716//1716 1721//1721 1715//1715
f 1722//1722 1721//1721 1716//1716
f 1717//1717 1722//1722 1716//1716
f 1723//1723 1722//1722 1717//1717
f 1718//1718 1723//1723 1717//1717
f 1724//1724 1723//1723 1718//1718
f 1719//1719 1724//1724 1718//1718
f 1725//1725 1724//1724 1719//1719
f 1721//1721 1726//1726 1720//1720
f 1727//1727 1726//1726 1721//1721
f 1722//1722 1727//1727 1721//1721
f 1728//1728 1727//1727 1722//1722
f 1723//1723 1728//1728 1722//1722
f 1729//1729 1728//1728 1723//1723
f 1724//1724 1729//1729 1723//1723
f 1730//1730 1729//1729 1724//1724
f 1725//1725 1730//1730 1724//1724
f 1731//1731 1730//1730 1725//1725
f 1727//1727 1732//1732 1726//1726
f 1733//1733 1732//1732 1727//1727
f 1728//1728 1733//1733 1727//1727
f 1734//1734 1733//1733 1728//1728
f 1729//1729 1734//1734 1728//1728
f 1735//1735 1734//1734 1729//1729
f 1730//1730 1735//1735 1729//1729
f 1736//1736 1735//1735 1730//1730
f 1731//1731 1736//1736 1730//1730
f 1737//1737 1736//1736 1731//1731
f 1738//1738 1744//1744 1739//1739
f 1739//1739 1744//1744 1745//1745
f 1739//1739 1745//1745 1740//1740
f 1740//1740 1745//1745 1746//1746
f 1740//1740 1746//1746 1741//1741
f 1741//1741 1746//1746 1747//1747
f 1741//1741 1747//1747 1742//1742
f 1742//1742 1747//1747 1748//1748
f 1742//1742 1748//1748 1743//1743
f 1743//1743 1748//1748 1749//1749
f 1744//1744 1750//1750 1745//1745
f 1745//1745 1750//1750 1751//1751
f 1745//1745 1751//1751 1746//1746
f 1746//1746 1751//1751 1752//1752
f 1746//1746 1752//1752 1747//1747
f 1747//1747 1752//1752 1753//1753
f 1747//1747 1753//1753 1748//1748
f 1748//1748 1753//1753 1754//1754
f 1748//1748 1754//1754 1749//1749
f 1749//1749 1754//1754 1755//1755
f 1750//1750 1756//1756 1751//1751
f 1751//1751 1756//1756 1757//1757
f 1751//1751 1757//1757 1752//1752
f 1752//1752 1757//1757 1758//1758
f 1752//1752 1758//1758 1753//1753
f 1753//1753 1758//1758 1759//1759
f 1753//1753 1759//1759 1754//1754
f 1754//1754 1759//1759 1760//1760
f 1754//1754 1760//1760 1755//1755
f 1755//1755 1760//1760 1761//1761
f 1756//1756 1762//1762 1757//1757
f 1757//1757 1762//1762 1763//1763
f 1757//1757 1763//1763 1758//1758
f 1758//1758 1763//1763 1764//1764
f 1758//1758 1764//1764 1759//1759
f 1759//1759 1764//1764 1765//1765
f 1759//1759 1765//1765 1760//1760
f 1760//1760 1765//1765 1766//1766
f 1760//1760 1766//1766 1761//1761
f 1761//1761 1766//1766 1767//1767
f 1762//1762 1768//1768 1763//1763
f 1763//1763 1768//1768 1769//1769
f 1763//1763 1769//1769 1764//1764
f 1764//1764 1769//1769 1770//1770
f 1764//1764 1770//1770 1765//1765
f 1765//1765 1770//1770 1771//1771
f 1765//1765 1771//1771 1766//1766
f 1766//1766 1771//1771 1772//1772
f 1766//1766 1772//1772 1767//1767
f 1767//1767 1772//1772 1773//1773
f 1775//1775 1780//1780 1774//1774
f 1781//1781 1780//1780 1775//1775
f 1776//1776 1781//1781 1775//1775
f 1782//1782 1781//1781 1776//1776
f 1777//1777 1782//1782 1776//1776
f 1783//1783 1782//1782 1777//1777
f 1778//1778 1783//1783 1777//1777
f 1784//1784 1783//1783 1778//1778
f 1779//1779 1784//1784 1778//1778
f 1785//1785 1784//1784 1779//1779
f 1781//1781 1786//1786 1780//1780
f 1787//1787 1786//1786 1781//1781
f 1782//1782 1787//1787 1781//1781
f 1788//1788 1787//1787 1782//1782
f 1783//1783 1788//1788 1782//1782
f 1789//1789 1788//1788 1783//1783
f 1784//1784 1789//1789 1783//1783
f 1790//1790 1789//1789 1784//1784
f 1785//1785 1790//1790 1784//1784
f 1791//1791 1790//1790 1785//1785
f 1787//1787 1792//1792 1786//1786
f 1793//1793 1792//1792 1787//1787
f 1788//1788 1793//1793 1787//1787
f 1794//1794 1793//1793 1788//1788
f 1789//1789 1794//1794 1788//1788
f 1795//1795 1794//1794 1789//1789
f 1790//1790 1795//1795 1789//1789
f 1796//1796 1795//1795 1790//1790
f 1791//1791 1796//1796 1790//1790
f 1797//1797 1796//1796 1791//1791
f 1793//1793 1798//1798 1792//1792
f 1799//1799 1798//1798 1793//1793
f 1794//1794 1799//1799 1793//1793
f 1800//1800 1799//1799 1794//1794
f 1795//1795 1800//1800 1794//1794
f 1801//1801 1800//1800 1795//1795
f 1796//1796 1801//1801 1795//1795
f 1802//1802 1801//1801 1796//1796
f 1797//1797 1802//1802 1796//1796
f 1803//1803 1802//1802 1797//1797
f 1799//1799 1804//1804 1798//1798
f 1805//1805 1804//1804 1799//1799
f 1800//1800 1805//1805 1799//1799
f 1806//1806 1805//1805 1800//1800
f 1801//1801 1806//1806 1800//1800
f 1807//1807 1806//1806 1801//1801
f 1802//1802 1807//1807 1801//1801
f 1808//1808 1807//1807 1802//1802
f 1803//1803 1808//1808 1802//1802
f 1809//1809 1808//1808 1803//1803
f 1810//1810 1816//1816 1811//1811
f 1811//1811 1816//1816 1817//1817
f 1811//1811 1817//1817 1812//1812
f 1812//1812 1817//1817 1818//1818
f 1812//1812 1818//1818 1813//1813
f 1813//1813 1818//1818 1819//1819
f 1813//1813 1819//1819 1814//1814
f 1814//1814 1819//1819 1820//1820
f 1814//1814 1820//1820 1815//1815
f 1815//1815 1820//1820 1821//1821
f 1816//1816 1822//1822 1817//1817
f 1817//1817 1822//1822 1823//1823
f 1817//1817 1823//1823 1818//1818
f 1818//1818 1823//1823 1824//1824
f 1818//1818 1824//1824 1819//1819
f 1819//1819 1824//1824 1825//1825
f 1819//1819 1825//1825 1820//1820
f 1820//1820 1825//1825 1826//1826
f 1820//1820 1826//1826 1821//1821
f 1821//1821 1826//1826 1827//1827
f 1822//1822 1828//1828 1823//1823
f 1823//1823 1828//1828 1829//1829
f 1823//1823 1829//1829 1824//1824
f 1824//1824 1829//1829 1830//1830
f 1824//1824 1830//1830 1825//1825
f 1825//1825 1830//1830 1831//1831
f 1825//1825 1831//1831 1826//1826
f 1826//1826 1831//1831 1832//1832
f 1826//1826 1832//1832 1827//1827
f 1827//1827 1832//1832 1833//1833
f 1828//1828 1834//1834 1829//1829
f 1829//1829 1834//1834 1835//1835
f 1829//1829 1835//1835 1830//1830
f 1830//1830 1835//1835 1836//1836
f 1830//1830 1836//1836 1831//1831
f 1831//1831 1836//1836 1837//1837
f 1831//1831 1837//1837 1832//1832
f 1832//1832 1837//1837 1838//1838
f 1832//1832 1838//1838 1833//1833
f 1833//1833 1838//1838 1839//1839
f 1834//1834 1840//1840 1835//1835
f 1835//1835 1840//1840 1841//1841
f 1835//1835 1841//1841 1836//1836
f 1836//1836 1841//1841 1842//1842
f 1836//1836 1842//1842 1837//1837
f 1837//1837 1842//1842 1843//1843
f 1837//1837 1843//1843 1838//1838
f 1838//1838 1843//1843 1844//1844
f 1838//1838 1844//1844 1839//1839
f 1839//1839 1844//1844 1845//1845
f 1847//1847 1852//1852 1846//1846
f 1853//1853 1852//1852 1847//1847
f 1848//1848 1853//1853 1847//1847
f 1854//1854 1853//1853 1848//1848
f 1849//1849 1854//1854 1848//1848
f 1855//1855 1854//1854 1849//1849
f 1850//1850 1855//1855 1849//1849
f 1856//1856 1855//1855 1850//1850
f 1851//1851 1856//1856 1850//1850
f 1857//1857 1856//1856 1851//1851
f 1853//1853 1858//1858 1852//1852
f 1859//1859 1858//1858 1853//1853
f 1854//1854 1859//1859 1853//1853
f 1860//1860 1859//1859 1854//1854
f 1855//1855 1860//1860 1854//1854
f 1861//1861 1860//1860 1855//1855
f 1856//1856 1861//1861 1855//1855
f 1862//1862 1861//1861 1856//1856
f 1857//1857 1862//1862 1856//1856
f 1863//1863 1862//1862 1857//1857
f 1859//1859 1864//1864 1858//1858
f 1865//1865 1864//1864 1859//1859
f 1860//1860 1865//1865 1859//1859
f 1866//1866 1865//1865 1860//1860
f 1861//1861 1866//1866 1860//1860
f 1867//1867 1866//1866 1861//1861
f 1862//1862 1867//1867 1861//1861
f 1868//1868 1867//1867 1862//1862
f 1863//1863 1868//1868 1862//1862
f 1869//1869 1868//1868 1863//1863
f 1865//1865 1870//1870 1864//1864
f 1871//1871 1870//1870 1865//1865
f 1866//1866 1871//1871 1865//1865
f 1872//1872 1871//1871 1866//1866
f 1867//1867 1872//1872 1866//1866
f 1873//1873 1872//1872 1867//1867
f 1868//1868 1873//1873 1867//1867
f 1874//1874 1873//1873 1868//1868
f 1869//1869 1874//1874 1868//1868
f 1875//1875 1874//1874 1869//1869
f 1871//1871 1876//1876 1870//1870
f 1877//1877 1876//1876 1871//1871
f 1872//1872 1877//1877 1871//1871
f 1878//1878 1877//1877 1872//1872
f 1873//1873 1878//1878 1872//1872
f 1879//1879 1878//1878 1873//1873
f 1874//1874 1879//1879 1873//1873
f 1880//1880 1879//1879 1874//1874
f 1875//1875 1880//1880 1874//1874
f 1881//1881 1880//1880 1875//1875
f 1882//1882 1888//1888 1883//1883
f 1883//1883 1888//1888 1889//1889
f 1883//1883 1889//1889 1884//1884
f 1884//1884 1889//1889 1890//1890
f 1884//1884 1890//1890 1885//1885
f 1885//1885 1890//1890 1891//1891
f 1885//1885 1891//1891 1886//1886
f 1886//1886 1891//1891 1892//1892
f 1886//1886 1892//1892 1887//1887
f 1887//1887 1892//1892 1893//1893
f 1888//1888 1894//1894 1889//1889
f 1889//1889 1894//1894 1895//1895
f 1889//1889 1895//1895 1890//1890
f 1890//1890 1895//1895 1896//1896
f 1890//1890 1896//1896 1891//1891
f 1891//1891 1896//1896 1897//1897
f 1891//1891 1897//1897 1892//1892
f 1892//1892 1897//1897 1898//1898
f 1892//1892 1898//1898 1893//1893
f 1893//1893 1898//1898 1899//1899
f 1894//1894 1900//1900 1895//1895
f 1895//1895 1900//1900 1901//1901
f 1895//1895 1901//1901 1896//1896
f 1896//1896 1901//1901 1902//1902
f 1896//1896 1902//1902 1897//1897
f 1897//1897 1902//1902 1903//1903
f 1897//1897 1903//1903 1898//1898
f 1898//1898 1903//1903 1904//1904
f 1898//1898 1904//1904 1899//1899
f 1899//1899 1904//1904 1905//1905
f 1900//1900 1906//1906 1901//1901
f 1901//1901 1906//1906 1907//1907
f 1901//1901 1907//1907 1902//1902
f 1902//1902 1907//1907 1908//1908
f 1902//1902 1908//1908 1903//1903
f 1903//1903 1908//1908 1909//1909
f 1903//1903 1909//1909 1904//1904
f 1904//1904 1909//1909 1910//1910
f 1904//1904 1910//1910 1905//1905
f 1905//1905 1910//1910 1911//1911
f 1906//1906 1912//1912 1907//1907
f 1907//1907 1912//1912 1913//1913
f 1907//1907 1913//1913 1908//1908
f 1908//1908 1913//1913 1914//1914
f 1908//1908 1914//1914 1909//1909
f 1909//1909 1914//1914 1915//1915
f 1909//1909 1915//1915 1910//1910
f 1910//1910 1915//1915 1916//1916
f 1910//1910 1916//1916 1911//1911
f 1911//1911 1916//1916 1917//1917
f 1919//1919 1924//1924 1918//1918
f 1925//1925 1924//1924 1919//1919
f 1920//1920 1925//1925 1919//1919
f 1926//1926 1925//1925 1920//1920
f 1921//1921 1926//1926 1920//1920
f 1927//1927 1926//1926 1921//1921
f 1922//1922 1927//1927 1921//1921
f 1928//1928 1927//1927 1922//1922
f 1923//1923 1928//1928 1922//1922
f 1929//1929 1928//1928 1923//1923
f 1925//1925 1930//1930 1924//1924
f 1931//1931 1930//1930 1925//1925
f 1926//1926 1931//1931 1925//1925
f 1932//1932 1931//1931 1926//1926
f 1927//1927 1932//1932 1926//1926
f 1933//1933 1932//1932 1927//1927
f 1928//1928 1933//1933 1927//1927
f 1934//1934 1933//1933 1928//1928
f 1929//1929 1934//1934 1928//1928
f 1935//1935 1934//1934 1929//1929
f 1931//1931 1936//1936 1930//1930
f 1937//1937 1936//1936 1931//1931
f 1932//1932 1937//1937 1931//1931
f 1938//1938 1937//1937 1932//1932
f 1933//1933 1938//1938 1932//1932
f 1939//1939 1938//1938 1933//1933
f 1934//1934 1939//1939 1933//1933
f 1940//1940 1939//1939 1934//1934
f 1935//1935 1940//1940 1934//1934
f 1941//1941 1940//1940 1935//1935
f 1937//1937 1942//1942 1936//1936
f 1943//1943 1942//1942 1937//1937
f 1938//1938 1943//1943 1937//1937
f 1944//1944 1943//1943 1938//1938
f 1939//1939 1944//1944 1938//1938
f 1945//1945 1944//1944 1939//1939
f 1940//1940 1945//1945 1939//1939
f 1946//1946 1945//1945 1940//1940
f 1941//1941 1946//1946 1940//1940
f 1947//1947 1946//1946 1941//1941
f 1943//1943 1948//1948 1942//1942
f 1949//1949 1948//1948 1943//1943
f 1944//1944 1949//1949 1943//1943
f 1950//1950 1949//1949 1944//1944
f 1945//1945 1950//1950 1944//1944
f 1951//1951 1950//1950 1945//1945
f 1946//1946 1951//1951 1945//1945
f 1952//1952 1951//1951 1946//1946
f 1947//1947 1952//1952 1946//1946
f 1953//1953 1952//1952 1947//1947
f 1954//1954 1960//1960 1955//1955
f 1955//1955 1960//1960 1961//1961
f 1955//1955 1961//1961 1956//1956
f 1956//1956 1961//1961 1962//1962
f 1956//1956 1962//1962 1957//1957
f 1957//1957 1962//1962 1963//1963
f 1957//1957 1963//1963 1958//1958
f 1958//1958 1963//1963 1964//1964
f 1958//1958 1964//1964 1959//1959
f 1959//1959 1964//1964 1965//1965
f 1960//1960 1966//1966 1961//1961
f 1961//1961 1966//1966 1967//1967
f 1961//1961 1967//1967 1962//1962
f 1962//1962 1967//1967 1968//1968
f 1962//1962 1968//1968 1963//1963
f 1963//1963 1968//1968 1969//1969
f 1963//1963 1969//1969 1964//1964
f 1964//1964 1969//1969 1970//1970
f 1964//1964 1970//1970 1965//1965
f 1965//1965 1970//1970 1971//1971
f 1966//1966 1972//1972 1967//1967
f 1967//1967 1972//1972 1973//1973
f 1967//1967 1973//1973 1968//1968
f 1968//1968 1973//1973 1974//1974
f 1968//1968 1974//1974 1969//1969
f 1969//1969 1974//1974 1975//1975
f 1969//1969 1975//1975 1970//1970
f 1970//1970 1975//1975 1976//1976
f 1970//1970 1976//1976 1971//1971
f 1971//1971 1976//1976 1977//1977
f 1972//1972 1978//1978 1973//1973
f 1973//1973 1978//1978 1979//1979
f 1973//1973 1979//1979 1974//1974
f 1974//1974 1979//1979 1980//1980
f 1974//1974 1980//1980 1975//1975
f 1975//1975 1980//1980 1981//1981
f 1975//1975 1981//1981 1976//1976
f 1976//1976 1981//1981 1982//1982
f 1976//1976 1982//1982 1977//1977
f 1977//1977 1982//1982 1983//1983
f 1978//1978 1984//1984 1979//1979
f 1979//1979 1984//1984 1985//1985
f 1979//1979 1985//1985 1980//1980
f 1980//1980 1985//1985 1986//1986
f 1980//1980 1986//1986 1981//1981
f 1981//1981 1986//1986 1987//1987
f 1981//1981 1987//1987 1982//1982
f 1982//1982 1987//1987 1988//1988
f 1982//1982 1988//1988 1983//1983
f 1983//1983 1988//1988 1989//1989
f 1991//1991 1996//1996 1990//1990
f 1997//1997 1996//1996 1991//1991
f 1992//1992 1997//1997 1991//1991
f 1998//1998 1997//1997 1992//1992
f 1993//1993 1998//1998 1992//1992
f 1999//1999 1998//1998 1993//1993
f 1994//1994 1999//1999 1993//1993
f 2000//2000 1999//1999 1994//1994
f 1995//1995 2000//2000 1994//1994
f 2001//2001 2000//2000 1995//1995
f 1997//1997 2002//2002 1996//1996
f 2003//2003 2002//2002 1997//1997
f 1998//1998 2003//2003 1997//1997
f 2004//2004 2003//2003 1998//1998
f 1999//1999 2004//2004 1998//1998
f 2005//2005 2004//2004 1999//1999
f 2000//2000 2005//2005 1999//1999
f 2006//2006 2005//2005 2000//2000
f 2001//2001 2006//2006 2000//2000
f 2007//2007 2006//2006 2001//2001
f 2003//2003 2008//2008 2002//2002
f 2009//2009 2008//2008 2003//2003
f 2004//2004 2009//2009 2003//2003
f 2010//2010 2009//2009 2004//2004
f 2005//2005 2010//2010 2004//2004
f 2011//2011 2010//2010 2005//2005
f 2006//2006 2011//2011 2005//2005
f 2012//2012 2011//2011 2006//2006
f 2007//2007 2012//2012 2006//2006
f 2013//2013 2012//2012 2007//2007
f 2009//2009 2014//2014 2008//2008
f 2015//2015 2014//2014 2009//2009
f 2010//2010 2015//2015 2009//2009
f 2016//2016 2015//2015 2010//2010
f 2011//2011 2016//2016 2010//2010
f 2017//2017 2016//2016 2011//2011
f 2012//2012 2017//2017 2011//2011
f 2018//2018 2017//2017 2012//2012
f 2013//2013 2018//2018 2012//2012
f 2019//2019 2018//2018 2013//2013
f 2015//2015 2020//2020 2014//2014
f 2021//2021 2020//2020 2015//2015
f 2016//2016 2021//2021 2015//2015
f 2022//2022 2021//2021 2016//2016
f 2017//2017 2022//2022 2016//2016
f 2023//2023 2022//2022 2017//2017
f 2018//2018 2023//2023 2017//2017
f 2024//2024 2023//2023 2018//2018
f 2019//2019 2024//2024 2018//2018
f 2025//2025 2024//2024 2019//2019
f 2026//2026 2032//2032 2027//2027
f 2027//2027 2032//2032 2033//2033
f 2027//2027 2033//2033 2028//2028
f 2028//2028 2033//2033 2034//2034
f 2028//2028 2034//2034 2029//2029
f 2029//2029 2034//2034 2035//2035
f 2029//2029 2035//2035 2030//2030
f 2030//2030 2035//2035 2036//2036
f 2030//2030 2036//2036 2031//2031
f 2031//2031 2036//2036 2037//2037
f 2032//2032 2038//2038 2033//2033
f 2033//2033 2038//2038 2039//2039
f 2033//2033 2039//2039 2034//2034
f 2034//2034 2039//2039 2040//2040
f 2034//2034 2040//2040 2035//2035
f 2035//2035 2040//2040 2041//2041
f 2035//2035 2041//2041 2036//2036
f 2036//2036 2041//2041 2042//2042
f 2036//2036 2042//2042 2037//2037
f 2037//2037 2042//2042 2043//2043
f 2038//2038 2044//2044 2039//2039
f 2039//2039 2044//2044 2045//2045
f 2039//2039 2045//2045 2040//2040
f 2040//2040 2045//2045 2046//2046
f 2040//2040 2046//2046 2041//2041
f 2041//2041 2046//2046 2047//2047
f 2041//2041 2047//2047 2042//2042
f 2042//2042 2047//2047 2048//2048
f 2042//2042 2048//2048 2043//2043
f 2043//2043 2048//2048 2049//2049
f 2044//2044 2050//2050 2045//2045
f 2045//2045 2050//2050 2051//2051
f 2045//2045 2051//2051 2046//2046
f 2046//2046 2051//2051 2052//2052
f 2046//2046 2052//2052 2047//2047
f 2047//2047 2052//2052 2053//2053
f 2047//2047 2053//2053 2048//2048
f 2048//2048 2053//2053 2054//2054
f 2048//2048 2054//2054 2049//2049
f 2049//2049 2054//2054 2055//2055
f 2050//2050 2056//2056 2051//2051
f 2051//2051 2056//2056 2057//2057
f 2051//2051 2057//2057 2052//2052
f 2052//2052 2057//2057 2058//2058
f 2052//2052 2058//2058 2053//2053
f 2053//2053 2058//2058 2059//2059
f 2053//2053 2059//2059 2054//2054
f 2054//2054 2059//2059 2060//2060
f 2054//2054 2060//2060 2055//2055
f 2055//2055 2060//2060 2061//2061
o station-serve_cocoa
usemtl cocoa
v -0.172000 0.259080 0.387000
v -0.172000 0.259080 0.387000
v -0.172000 0.259080 0.387000
v -0.172000 0.259080 0.387000
v -0.172000 0.259080 0.387000
v -0.172000 0.259080 0.387000
v -0.172000 0.259080 0.387000
v -0.172000 0.259080 0.387000
v -0.172000 0.259080 0.387000
v -0.172000 0.259080 0.387000
v -0.172000 0.259080 0.387000
v -0.172000 0.259080 0.387000
v -0.172000 0.259080 0.387000
v -0.172000 0.259080 0.387000
v -0.172000 0.259080 0.387000
v -0.172000 0.259080 0.387000
v -0.172000 0.259080 0.387000
v -0.172000 0.259080 0.387000
v -0.172000 0.259080 0.387000
v -0.172000 0.259080 0.387000
v -0.172000 0.259080 0.387000
v -0.163977 0.258709 0.387000
v -0.164369 0.258709 0.388360
v -0.165509 0.258709 0.389586
v -0.167284 0.258709 0.390560
v -0.169521 0.258709 0.391185
v -0.172000 0.258709 0.391400
v -0.174479 0.258709 0.391185
v -0.176716 0.258709 0.390560
v -0.178491 0.258709 0.389586
v -0.179631 0.258709 0.388360
v -0.180023 0.258709 0.387000
v -0.179631 0.258709 0.385640
v -0.178491 0.258709 0.384414
v -0.176716 0.258709 0.383440
v -0.174479 0.258709 0.382815
v -0.172000 0.258709 0.382600
v -0.169521 0.258709 0.382815
v -0.167284 0.258709 0.383440
v -0.165509 0.258709 0.384414
v -0.164369 0.258709 0.385640
v -0.163977 0.258709 0.387000
v -0.156500 0.257622 0.387000
v -0.157259 0.257622 0.389627
v -0.159460 0.257622 0.391996
v -0.162889 0.257622 0.393877
v -0.167210 0.257622 0.395084
v -0.172000 0.257622 0.395500
v -0.176790 0.257622 0.395084
v -0.181111 0.257622 0.393877
v -0.184540 0.257622 0.391996
v -0.186741 0.257622 0.389627
v -0.187500 0.257622 0.387000
v -0.186741 0.257622 0.384373
v -0.184540 0.257622 0.382004
v -0.181111 0.257622 0.380123
v -0.176790 0.257622 0.378916
v -0.172000 0.257622 0.378500
v -0.167210 0.257622 0.378916
v -0.162889 0.257622 0.380123
v -0.159460 0.257622 0.382004
v -0.157259 0.257622 0.384373
v -0.156500 0.257622 0.387000
v -0.150080 0.255893 0.387000
v -0.151153 0.255893 0.390715
v -0.154266 0.255893 0.394066
v -0.159116 0.255893 0.396725
v -0.165226 0.255893 0.398432
v -0.172000 0.255893 0.399021
v -0.178774 0.255893 0.398432
v -0.184884 0.255893 0.396725
v -0.189734 0.255893 0.394066
v -0.192847 0.255893 0.390715
v -0.193920 0.255893 0.387000
v -0.192847 0.255893 0.383285
v -0.189734 0.255893 0.379934
v -0.184884 0.255893 0.377275
v -0.178774 0.255893 0.375568
v -0.172000 0.255893 0.374979
v -0.165226 0.255893 0.375568
v -0.159116 0.255893 0.377275
v -0.154266 0.255893 0.379934
v -0.151153 0.255893 0.383285
v -0.150080 0.255893 0.387000
v -0.145153 0.253640 0.387000
v -0.146467 0.253640 0.391549
v -0.150280 0.253640 0.395654
v -0.156220 0.253640 0.398911
v -0.163704 0.253640 0.401002
v -0.172000 0.253640 0.401722
v -0.180296 0.253640 0.401002
v -0.187780 0.253640 0.398911
v -0.193720 0.253640 0.395654
v -0.197533 0.253640 0.391549
v -0.198847 0.253640 0.387000
v -0.197533 0.253640 0.382451
v -0.193720 0.253640 0.378346
v -0.187780 0.253640 0.375089
v -0.180296 0.253640 0.372998
v -0.172000 0.253640 0.372278
v -0.163704 0.253640 0.372998
v -0.156220 0.253640 0.375089
v -0.150280 0.253640 0.378346
v -0.146467 0.253640 0.382451
v -0.145153 0.253640 0.387000
v -0.142056 0.251016 0.387000
v -0.143522 0.251016 0.392074
v -0.147775 0.251016 0.396652
v -0.154400 0.251016 0.400285
v -0.162747 0.251016 0.402617
v -0.172000 0.251016 0.403421
v -0.181253 0.251016 0.402617
v -0.189600 0.251016 0.400285
v -0.196225 0.251016 0.396652
v -0.200478 0.251016 0.392074
v -0.201944 0.251016 0.387000
v -0.200478 0.251016 0.381926
v -0.196225 0.251016 0.377348
v -0.189600 0.251016 0.373715
v -0.181253 0.251016 0.371383
v -0.172000 0.251016 0.370579
v -0.162747 0.251016 0.371383
v -0.154400 0.251016 0.373715
v -0.147775 0.251016 0.377348
v -0.143522 0.251016 0.381926
v -0.142056 0.251016 0.387000
v -0.141000 0.248200 0.387000
v -0.142517 0.248200 0.392253
v -0.146920 0.248200 0.396992
v -0.153779 0.248200 0.400753
v -0.162420 0.248200 0.403168
v -0.172000 0.248200 0.404000
v -0.181580 0.248200 0.403168
v -0.190221 0.248200 0.400753
v -0.197080 0.248200 0.396992
v -0.201483 0.248200 0.392253
v -0.203000 0.248200 0.387000
v -0.201483 0.248200 0.381747
v -0.197080 0.248200 0.377008
v -0.190221 0.248200 0.373247
v -0.181580 0.248200 0.370832
v -0.172000 0.248200 0.370000
v -0.162420 0.248200 0.370832
v -0.153779 0.248200 0.373247
v -0.146920 0.248200 0.377008
v -0.142517 0.248200 0.381747
v -0.141000 0.248200 0.387000
v -0.142056 0.245384 0.387000
v -0.143522 0.245384 0.392074
v -0.147775 0.245384 0.396652
v -0.154400 0.245384 0.400285
v -0.162747 0.245384 0.402617
v -0.172000 0.245384 0.403421
v -0.181253 0.245384 0.402617
v -0.189600 0.245384 0.400285
v -0.196225 0.245384 0.396652
v -0.200478 0.245384 0.392074
v -0.201944 0.245384 0.387000
v -0.200478 0.245384 0.381926
v -0.196225 0.245384 0.377348
v -0.189600 0.245384 0.373715
v -0.181253 0.245384 0.371383
v -0.172000 0.245384 0.370579
v -0.162747 0.245384 0.371383
v -0.154400 0.245384 0.373715
v -0.147775 0.245384 0.377348
v -0.143522 0.245384 0.381926
v -0.142056 0.245384 0.387000
v -0.145153 0.242760 0.387000
v -0.146467 0.242760 0.391549
v -0.150280 0.242760 0.395654
v -0.156220 0.242760 0.398911
v -0.163704 0.242760 0.401002
v -0.172000 0.242760 0.401722
v -0.180296 0.242760 0.401002
v -0.187780 0.242760 0.398911
v -0.193720 0.242760 0.395654
v -0.197533 0.242760 0.391549
v -0.198847 0.242760 0.387000
v -0.197533 0.242760 0.382451
v -0.193720 0.242760 0.378346
v -0.187780 0.242760 0.375089
v -0.180296 0.242760 0.372998
v -0.172000 0.242760 0.372278
v -0.163704 0.242760 0.372998
v -0.156220 0.242760 0.375089
v -0.150280 0.242760 0.378346
v -0.146467 0.242760 0.382451
v -0.145153 0.242760 0.387000
v -0.150080 0.240507 0.387000
v -0.151153 0.240507 0.390715
v -0.154266 0.240507 0.394066
v -0.159116 0.240507 0.396725
v -0.165226 0.240507 0.398432
v -0.172000 0.240507 0.399021
v -0.178774 0.240507 0.398432
v -0.184884 0.240507 0.396725
v -0.189734 0.240507 0.394066
v -0.192847 0.240507 0.390715
v -0.193920 0.240507 0.387000
v -0.192847 0.240507 0.383285
v -0.189734 0.240507 0.379934
v -0.184884 0.240507 0.377275
v -0.178774 0.240507 0.375568
v -0.172000 0.240507 0.374979
v -0.165226 0.240507 0.375568
v -0.159116 0.240507 0.377275
v -0.154266 0.240507 0.379934
v -0.151153 0.240507 0.383285
v -0.150080 0.240507 0.387000
v -0.156500 0.238778 0.387000
v -0.157259 0.238778 0.389627
v -0.159460 0.238778 0.391996
v -0.162889 0.238778 0.393877
v -0.167210 0.238778 0.395084
v -0.172000 0.238778 0.395500
v -0.176790 0.238778 0.395084
v -0.181111 0.238778 0.393877
v -0.184540 0.238778 0.391996
v -0.186741 0.238778 0.389627
v -0.187500 0.238778 0.387000
v -0.186741 0.238778 0.384373
v -0.184540 0.238778 0.382004
v -0.181111 0.238778 0.380123
v -0.176790 0.238778 0.378916
v -0.172000 0.238778 0.378500
v -0.167210 0.238778 0.378916
v -0.162889 0.238778 0.380123
v -0.159460 0.238778 0.382004
v -0.157259 0.238778 0.384373
v -0.156500 0.238778 0.387000
v -0.163977 0.237691 0.387000
v -0.164369 0.237691 0.388360
v -0.165509 0.237691 0.389586
v -0.167284 0.237691 0.390560
v -0.169521 0.237691 0.391185
v -0.172000 0.237691 0.391400
v -0.174479 0.237691 0.391185
v -0.176716 0.237691 0.390560
v -0.178491 0.237691 0.389586
v -0.179631 0.237691 0.388360
v -0.180023 0.237691 0.387000
v -0.179631 0.237691 0.385640
v -0.178491 0.237691 0.384414
v -0.176716 0.237691 0.383440
v -0.174479 0.237691 0.382815
v -0.172000 0.237691 0.382600
v -0.169521 0.237691 0.382815
v -0.167284 0.237691 0.383440
v -0.165509 0.237691 0.384414
v -0.164369 0.237691 0.385640
v -0.163977 0.237691 0.387000
v -0.172000 0.237320 0.387000
v -0.172000 0.237320 0.387000
v -0.172000 0.237320 0.387000
v -0.172000 0.237320 0.387000
v -0.172000 0.237320 0.387000
v -0.172000 0.237320 0.387000
v -0.172000 0.237320 0.387000
v -0.172000 0.237320 0.387000
v -0.172000 0.237320 0.387000
v -0.172000 0.237320 0.387000
v -0.172000 0.237320 0.387000
v -0.172000 0.237320 0.387000
v -0.172000 0.237320 0.387000
v -0.172000 0.237320 0.387000
v -0.172000 0.237320 0.387000
v -0.172000 0.237320 0.387000
v -0.172000 0.237320 0.387000
v -0.172000 0.237320 0.387000
v -0.172000 0.237320 0.387000
v -0.172000 0.237320 0.387000
v -0.172000 0.237320 0.387000
v 0.172000 0.259080 0.387000
v 0.172000 0.259080 0.387000
v 0.172000 0.259080 0.387000
v 0.172000 0.259080 0.387000
v 0.172000 0.259080 0.387000
v 0.172000 0.259080 0.387000
v 0.172000 0.259080 0.387000
v 0.172000 0.259080 0.387000
v 0.172000 0.259080 0.387000
v 0.172000 0.259080 0.387000
v 0.172000 0.259080 0.387000
v 0.172000 0.259080 0.387000
v 0.172000 0.259080 0.387000
v 0.172000 0.259080 0.387000
v 0.172000 0.259080 0.387000
v 0.172000 0.259080 0.387000
v 0.172000 0.259080 0.387000
v 0.172000 0.259080 0.387000
v 0.172000 0.259080 0.387000
v 0.172000 0.259080 0.387000
v 0.172000 0.259080 0.387000
v 0.180023 0.258709 0.387000
v 0.179631 0.258709 0.388360
v 0.178491 0.258709 0.389586
v 0.176716 0.258709 0.390560
v 0.174479 0.258709 0.391185
v 0.172000 0.258709 0.391400
v 0.169521 0.258709 0.391185
v 0.167284 0.258709 0.390560
v 0.165509 0.258709 0.389586
v 0.164369 0.258709 0.388360
v 0.163977 0.258709 0.387000
v 0.164369 0.258709 0.385640
v 0.165509 0.258709 0.384414
v 0.167284 0.258709 0.383440
v 0.169521 0.258709 0.382815
v 0.172000 0.258709 0.382600
v 0.174479 0.258709 0.382815
v 0.176716 0.258709 0.383440
v 0.178491 0.258709 0.384414
v 0.179631 0.258709 0.385640
v 0.180023 0.258709 0.387000
v 0.187500 0.257622 0.387000
v 0.186741 0.257622 0.389627
v 0.184540 0.257622 0.391996
v 0.181111 0.257622 0.393877
v 0.176790 0.257622 0.395084
v 0.172000 0.257622 0.395500
v 0.167210 0.257622 0.395084
v 0.162889 0.257622 0.393877
v 0.159460 0.257622 0.391996
v 0.157259 0.257622 0.389627
v 0.156500 0.257622 0.387000
v 0.157259 0.257622 0.384373
v 0.159460 0.257622 0.382004
v 0.162889 0.257622 0.380123
v 0.167210 0.257622 0.378916
v 0.172000 0.257622 0.378500
v 0.176790 0.257622 0.378916
v 0.181111 0.257622 0.380123
v 0.184540 0.257622 0.382004
v 0.186741 0.257622 0.384373
v 0.187500 0.257622 0.387000
v 0.193920 0.255893 0.387000
v 0.192847 0.255893 0.390715
v 0.189734 0.255893 0.394066
v 0.184884 0.255893 0.396725
v 0.178774 0.255893 0.398432
v 0.172000 0.255893 0.399021
v 0.165226 0.255893 0.398432
v 0.159116 0.255893 0.396725
v 0.154266 0.255893 0.394066
v 0.151153 0.255893 0.390715
v 0.150080 0.255893 0.387000
v 0.151153 0.255893 0.383285
v 0.154266 0.255893 0.379934
v 0.159116 0.255893 0.377275
v 0.165226 0.255893 0.375568
v 0.172000 0.255893 0.374979
v 0.178774 0.255893 0.375568
v 0.184884 0.255893 0.377275
v 0.189734 0.255893 0.379934
v 0.192847 0.255893 0.383285
v 0.193920 0.255893 0.387000
v 0.198847 0.253640 0.387000
v 0.197533 0.253640 0.391549
v 0.193720 0.253640 0.395654
v 0.187780 0.253640 0.398911
v 0.180296 0.253640 0.401002
v 0.172000 0.253640 0.401722
v 0.163704 0.253640 0.401002
v 0.156220 0.253640 0.398911
v 0.150280 0.253640 0.395654
v 0.146467 0.253640 0.391549
v 0.145153 0.253640 0.387000
v 0.146467 0.253640 0.382451
v 0.150280 0.253640 0.378346
v 0.156220 0.253640 0.375089
v 0.163704 0.253640 0.372998
v 0.172000 0.253640 0.372278
v 0.180296 0.253640 0.372998
v 0.187780 0.253640 0.375089
v 0.193720 0.253640 0.378346
v 0.197533 0.253640 0.382451
v 0.198847 0.253640 0.387000
v 0.201944 0.251016 0.387000
v 0.200478 0.251016 0.392074
v 0.196225 0.251016 0.396652
v 0.189600 0.251016 0.400285
v 0.181253 0.251016 0.402617
v 0.172000 0.251016 0.403421
v 0.162747 0.251016 0.402617
v 0.154400 0.251016 0.400285
v 0.147775 0.251016 0.396652
v 0.143522 0.251016 0.392074
v 0.142056 0.251016 0.387000
v 0.143522 0.251016 0.381926
v 0.147775 0.251016 0.377348
v 0.154400 0.251016 0.373715
v 0.162747 0.251016 0.371383
v 0.172000 0.251016 0.370579
v 0.181253 0.251016 0.371383
v 0.189600 0.251016 0.373715
v 0.196225 0.251016 0.377348
v 0.200478 0.251016 0.381926
v 0.201944 0.251016 0.387000
v 0.203000 0.248200 0.387000
v 0.201483 0.248200 0.392253
v 0.197080 0.248200 0.396992
v 0.190221 0.248200 0.400753
v 0.181580 0.248200 0.403168
v 0.172000 0.248200 0.404000
v 0.162420 0.248200 0.403168
v 0.153779 0.248200 0.400753
v 0.146920 0.248200 0.396992
v 0.142517 0.248200 0.392253
v 0.141000 0.248200 0.387000
v 0.142517 0.248200 0.381747
v 0.146920 0.248200 0.377008
v 0.153779 0.248200 0.373247
v 0.162420 0.248200 0.370832
v 0.172000 0.248200 0.370000
v 0.181580 0.248200 0.370832
v 0.190221 0.248200 0.373247
v 0.197080 0.248200 0.377008
v 0.201483 0.248200 0.381747
v 0.203000 0.248200 0.387000
v 0.201944 0.245384 0.387000
v 0.200478 0.245384 0.392074
v 0.196225 0.245384 0.396652
v 0.189600 0.245384 0.400285
v 0.181253 0.245384 0.402617
v 0.172000 0.245384 0.403421
v 0.162747 0.245384 0.402617
v 0.154400 0.245384 0.400285
v 0.147775 0.245384 0.396652
v 0.143522 0.245384 0.392074
v 0.142056 0.245384 0.387000
v 0.143522 0.245384 0.381926
v 0.147775 0.245384 0.377348
v 0.154400 0.245384 0.373715
v 0.162747 0.245384 0.371383
v 0.172000 0.245384 0.370579
v 0.181253 0.245384 0.371383
v 0.189600 0.245384 0.373715
v 0.196225 0.245384 0.377348
v 0.200478 0.245384 0.381926
v 0.201944 0.245384 0.387000
v 0.198847 0.242760 0.387000
v 0.197533 0.242760 0.391549
v 0.193720 0.242760 0.395654
v 0.187780 0.242760 0.398911
v 0.180296 0.242760 0.401002
v 0.172000 0.242760 0.401722
v 0.163704 0.242760 0.401002
v 0.156220 0.242760 0.398911
v 0.150280 0.242760 0.395654
v 0.146467 0.242760 0.391549
v 0.145153 0.242760 0.387000
v 0.146467 0.242760 0.382451
v 0.150280 0.242760 0.378346
v 0.156220 0.242760 0.375089
v 0.163704 0.242760 0.372998
v 0.172000 0.242760 0.372278
v 0.180296 0.242760 0.372998
v 0.187780 0.242760 0.375089
v 0.193720 0.242760 0.378346
v 0.197533 0.242760 0.382451
v 0.198847 0.242760 0.387000
v 0.193920 0.240507 0.387000
v 0.192847 0.240507 0.390715
v 0.189734 0.240507 0.394066
v 0.184884 0.240507 0.396725
v 0.178774 0.240507 0.398432
v 0.172000 0.240507 0.399021
v 0.165226 0.240507 0.398432
v 0.159116 0.240507 0.396725
v 0.154266 0.240507 0.394066
v 0.151153 0.240507 0.390715
v 0.150080 0.240507 0.387000
v 0.151153 0.240507 0.383285
v 0.154266 0.240507 0.379934
v 0.159116 0.240507 0.377275
v 0.165226 0.240507 0.375568
v 0.172000 0.240507 0.374979
v 0.178774 0.240507 0.375568
v 0.184884 0.240507 0.377275
v 0.189734 0.240507 0.379934
v 0.192847 0.240507 0.383285
v 0.193920 0.240507 0.387000
v 0.187500 0.238778 0.387000
v 0.186741 0.238778 0.389627
v 0.184540 0.238778 0.391996
v 0.181111 0.238778 0.393877
v 0.176790 0.238778 0.395084
v 0.172000 0.238778 0.395500
v 0.167210 0.238778 0.395084
v 0.162889 0.238778 0.393877
v 0.159460 0.238778 0.391996
v 0.157259 0.238778 0.389627
v 0.156500 0.238778 0.387000
v 0.157259 0.238778 0.384373
v 0.159460 0.238778 0.382004
v 0.162889 0.238778 0.380123
v 0.167210 0.238778 0.378916
v 0.172000 0.238778 0.378500
v 0.176790 0.238778 0.378916
v 0.181111 0.238778 0.380123
v 0.184540 0.238778 0.382004
v 0.186741 0.238778 0.384373
v 0.187500 0.238778 0.387000
v 0.180023 0.237691 0.387000
v 0.179631 0.237691 0.388360
v 0.178491 0.237691 0.389586
v 0.176716 0.237691 0.390560
v 0.174479 0.237691 0.391185
v 0.172000 0.237691 0.391400
v 0.169521 0.237691 0.391185
v 0.167284 0.237691 0.390560
v 0.165509 0.237691 0.389586
v 0.164369 0.237691 0.388360
v 0.163977 0.237691 0.387000
v 0.164369 0.237691 0.385640
v 0.165509 0.237691 0.384414
v 0.167284 0.237691 0.383440
v 0.169521 0.237691 0.382815
v 0.172000 0.237691 0.382600
v 0.174479 0.237691 0.382815
v 0.176716 0.237691 0.383440
v 0.178491 0.237691 0.384414
v 0.179631 0.237691 0.385640
v 0.180023 0.237691 0.387000
v 0.172000 0.237320 0.387000
v 0.172000 0.237320 0.387000
v 0.172000 0.237320 0.387000
v 0.172000 0.237320 0.387000
v 0.172000 0.237320 0.387000
v 0.172000 0.237320 0.387000
v 0.172000 0.237320 0.387000
v 0.172000 0.237320 0.387000
v 0.172000 0.237320 0.387000
v 0.172000 0.237320 0.387000
v 0.172000 0.237320 0.387000
v 0.172000 0.237320 0.387000
v 0.172000 0.237320 0.387000
v 0.172000 0.237320 0.387000
v 0.172000 0.237320 0.387000
v 0.172000 0.237320 0.387000
v 0.172000 0.237320 0.387000
v 0.172000 0.237320 0.387000
v 0.172000 0.237320 0.387000
v 0.172000 0.237320 0.387000
v 0.172000 0.237320 0.387000
vn 0.000000 1.000000 0.000000
vn 0.000000 1.000000 0.000000
vn 0.000000 1.000000 0.000000
vn 0.000000 1.000000 0.000000
vn 0.000000 1.000000 0.000000
vn 0.000000 1.000000 0.000000
vn 0.000000 1.000000 0.000000
vn 0.000000 1.000000 0.000000
vn 0.000000 1.000000 0.000000
vn 0.000000 1.000000 0.000000
vn 0.000000 1.000000 0.000000
vn 0.000000 1.000000 0.000000
vn 0.000000 1.000000 0.000000
vn 0.000000 1.000000 0.000000
vn 0.000000 1.000000 0.000000
vn 0.000000 1.000000 0.000000
vn 0.000000 1.000000 0.000000
vn 0.000000 1.000000 0.000000
vn 0.000000 1.000000 0.000000
vn 0.000000 1.000000 0.000000
vn 0.000000 1.000000 0.000000
vn 0.109682 0.993878 -0.013263
vn 0.106478 0.993099 0.049153
vn 0.092646 0.989996 0.106414
vn 0.069782 0.985796 0.152761
vn 0.040328 0.982114 0.183917
vn 0.007174 0.980321 0.197280
vn -0.026628 0.981070 0.191813
vn -0.058008 0.984090 0.167936
vn -0.083982 0.988268 0.127568
vn -0.101875 0.992020 0.074281
vn -0.109682 0.993878 0.013263
vn -0.106478 0.993099 -0.049153
vn -0.092646 0.989996 -0.106414
vn -0.069782 0.985796 -0.152761
vn -0.040328 0.982114 -0.183917
vn -0.007174 0.980321 -0.197280
vn 0.026628 0.981070 -0.191813
vn 0.058008 0.984090 -0.167936
vn 0.083982 0.988268 -0.127568
vn 0.101875 0.992020 -0.074281
vn 0.109682 0.993878 -0.013263
vn 0.207421 0.978165 -0.013054
vn 0.198736 0.974511 0.104077
vn 0.169389 0.963235 0.208530
vn 0.123920 0.949131 0.289474
vn 0.067966 0.937621 0.340950
vn 0.006826 0.932677 0.360649
vn -0.054812 0.935878 0.348034
vn -0.112334 0.946210 0.303427
vn -0.160592 0.960183 0.228602
vn -0.193938 0.972554 0.128555
vn -0.207421 0.978165 0.013054
vn -0.198736 0.974511 -0.104077
vn -0.169389 0.963235 -0.208530
vn -0.123920 0.949131 -0.289474
vn -0.067966 0.937621 -0.340950
vn -0.006826 0.932677 -0.360649
vn 0.054812 0.935878 -0.348034
vn 0.112334 0.946210 -0.303427
vn 0.160592 0.960183 -0.228602
vn 0.193938 0.972554 -0.128555
vn 0.207421 0.978165 -0.013054
vn 0.337964 0.941075 -0.012559
vn 0.320023 0.930814 0.176553
vn 0.266184 0.902806 0.337767
vn 0.188916 0.870541 0.454389
vn 0.099792 0.846152 0.523515
vn 0.006122 0.836559 0.547843
vn -0.087788 0.843985 0.529135
vn -0.177826 0.866732 0.465998
vn -0.257201 0.898560 0.355581
vn -0.314835 0.927930 0.199561
vn -0.337964 0.941075 0.012559
vn -0.320023 0.930814 -0.176553
vn -0.266184 0.902806 -0.337767
vn -0.188916 0.870541 -0.454389
vn -0.099792 0.846152 -0.523515
vn -0.006122 0.836559 -0.547843
vn 0.087788 0.843985 -0.529135
vn 0.177826 0.866732 -0.465998
vn 0.257201 0.898560 -0.355581
vn 0.314835 0.927930 -0.199561
vn 0.337964 0.941075 -0.012559
vn 0.525254 0.850870 -0.011355
vn 0.487812 0.827696 0.277415
vn 0.388933 0.772123 0.502550
vn 0.264003 0.715905 0.646361
vn 0.134022 0.677837 0.722894
vn 0.004860 0.664128 0.747603
vn -0.124235 0.675922 0.726426
vn -0.254228 0.712267 0.654251
vn -0.380034 0.767565 0.516157
vn -0.482034 0.824217 0.297171
vn -0.525254 0.850870 0.011355
vn -0.487812 0.827696 -0.277415
vn -0.388933 0.772123 -0.502550
vn -0.264003 0.715905 -0.646361
vn -0.134022 0.677837 -0.722894
vn -0.004860 0.664128 -0.747603
vn 0.124235 0.675922 -0.726426
vn 0.254228 0.712267 -0.654251
vn 0.380034 0.767565 -0.516157
vn 0.482034 0.824217 -0.297171
vn 0.525254 0.850870 -0.011355
vn 0.798414 0.602056 -0.008034
vn 0.713482 0.564687 0.414815
vn 0.528754 0.490871 0.692434
vn 0.337555 0.429782 0.837463
vn 0.164172 0.393923 0.904363
vn 0.002797 0.382134 0.924102
vn -0.158363 0.393115 0.905749
vn -0.331156 0.428089 0.840878
vn -0.521839 0.488352 0.699426
vn -0.707940 0.562314 0.427345
vn -0.798414 0.602056 0.008034
vn -0.713482 0.564687 -0.414815
vn -0.528754 0.490871 -0.692434
vn -0.337555 0.429782 -0.837463
vn -0.164172 0.393923 -0.904363
vn -0.002797 0.382134 -0.924102
vn 0.158363 0.393115 -0.905749
vn 0.331156 0.428089 -0.840878
vn 0.521839 0.488352 -0.699426
vn 0.707940 0.562314 -0.427345
vn 0.798414 0.602056 -0.008034
vn 1.000000 -0.000000 0.000000
vn 0.860326 -0.000000 0.509744
vn 0.602444 0.000000 0.798161
vn 0.370130 0.000000 0.928980
vn 0.175419 0.000000 0.984494
vn 0.000000 -0.000000 1.000000
vn -0.175419 -0.000000 0.984494
vn -0.370130 0.000000 0.928980
vn -0.602444 -0.000000 0.798161
vn -0.860326 0.000000 0.509744
vn -1.000000 -0.000000 0.000000
vn -0.860326 -0.000000 -0.509744
vn -0.602444 0.000000 -0.798161
vn -0.370130 0.000000 -0.928980
vn -0.175419 0.000000 -0.984494
vn -0.000000 -0.000000 -1.000000
vn 0.175419 -0.000000 -0.984494
vn 0.370130 0.000000 -0.928980
vn 0.602444 -0.000000 -0.798161
vn 0.860326 0.000000 -0.509744
vn 1.000000 -0.000000 0.000000
vn 0.798414 -0.602056 0.008034
vn 0.707940 -0.562314 0.427345
vn 0.521839 -0.488352 0.699426
vn 0.331156 -0.428089 0.840878
vn 0.158363 -0.393115 0.905749
vn -0.002797 -0.382134 0.924102
vn -0.164172 -0.393923 0.904363
vn -0.337555 -0.429782 0.837463
vn -0.528754 -0.490871 0.692434
vn -0.713482 -0.564687 0.414815
vn -0.798414 -0.602056 -0.008034
vn -0.707940 -0.562314 -0.427345
vn -0.521839 -0.488352 -0.699426
vn -0.331156 -0.428089 -0.840878
vn -0.158363 -0.393115 -0.905749
vn 0.002797 -0.382134 -0.924102
vn 0.164172 -0.393923 -0.904363
vn 0.337555 -0.429782 -0.837463
vn 0.528754 -0.490871 -0.692434
vn 0.713482 -0.564687 -0.414815
vn 0.798414 -0.602056 0.008034
vn 0.525254 -0.850870 0.011355
vn 0.482034 -0.824217 0.297171
vn 0.380034 -0.767565 0.516157
vn 0.254228 -0.712267 0.654251
vn 0.124235 -0.675922 0.726426
vn -0.004860 -0.664128 0.747603
vn -0.134022 -0.677837 0.722894
vn -0.264003 -0.715905 0.646361
vn -0.388933 -0.772123 0.502550
vn -0.487812 -0.827696 0.277415
vn -0.525254 -0.850870 -0.011355
vn -0.482034 -0.824217 -0.297171
vn -0.380034 -0.767565 -0.516157
vn -0.254228 -0.712267 -0.654251
vn -0.124235 -0.675922 -0.726426
vn 0.004860 -0.664128 -0.747603
vn 0.134022 -0.677837 -0.722894
vn 0.264003 -0.715905 -0.646361
vn 0.388933 -0.772123 -0.502550
vn 0.487812 -0.827696 -0.277415
vn 0.525254 -0.850870 0.011355
vn 0.337964 -0.941075 0.012559
vn 0.314835 -0.927930 0.199561
vn 0.257201 -0.898560 0.355581
vn 0.177826 -0.866732 0.465998
vn 0.087788 -0.843985 0.529135
vn -0.006122 -0.836559 0.547843
vn -0.099792 -0.846152 0.523515
vn -0.188916 -0.870541 0.454389
vn -0.266184 -0.902806 0.337767
vn -0.320023 -0.930814 0.176553
vn -0.337964 -0.941075 -0.012559
vn -0.314835 -0.927930 -0.199561
vn -0.257201 -0.898560 -0.355581
vn -0.177826 -0.866732 -0.465998
vn -0.087788 -0.843985 -0.529135
vn 0.006122 -0.836559 -0.547843
vn 0.099792 -0.846152 -0.523515
vn 0.188916 -0.870541 -0.454389
vn 0.266184 -0.902806 -0.337767
vn 0.320023 -0.930814 -0.176553
vn 0.337964 -0.941075 0.012559
vn 0.207421 -0.978165 0.013054
vn 0.193938 -0.972554 0.128555
vn 0.160592 -0.960183 0.228602
vn 0.112334 -0.946210 0.303427
vn 0.054812 -0.935878 0.348034
vn -0.006826 -0.932677 0.360649
vn -0.067966 -0.937621 0.340950
vn -0.123920 -0.949131 0.289474
vn -0.169389 -0.963235 0.208530
vn -0.198736 -0.974511 0.104077
vn -0.207421 -0.978165 -0.013054
vn -0.193938 -0.972554 -0.128555
vn -0.160592 -0.960183 -0.228602
vn -0.112334 -0.946210 -0.303427
vn -0.054812 -0.935878 -0.348034
vn 0.006826 -0.932677 -0.360649
vn 0.067966 -0.937621 -0.340950
vn 0.123920 -0.949131 -0.289474
vn 0.169389 -0.963235 -0.208530
vn 0.198736 -0.974511 -0.104077
vn 0.207421 -0.978165 0.013054
vn 0.109682 -0.993878 0.013263
vn 0.101875 -0.992020 0.074281
vn 0.083982 -0.988268 0.127568
vn 0.058008 -0.984090 0.167936
vn 0.026628 -0.981070 0.191813
vn -0.007174 -0.980321 0.197280
vn -0.040328 -0.982114 0.183917
vn -0.069782 -0.985796 0.152761
vn -0.092646 -0.989996 0.106414
vn -0.106478 -0.993099 0.049153
vn -0.109682 -0.993878 -0.013263
vn -0.101875 -0.992020 -0.074281
vn -0.083982 -0.988268 -0.127568
vn -0.058008 -0.984090 -0.167936
vn -0.026628 -0.981070 -0.191813
vn 0.007174 -0.980321 -0.197280
vn 0.040328 -0.982114 -0.183917
vn 0.069782 -0.985796 -0.152761
vn 0.092646 -0.989996 -0.106414
vn 0.106478 -0.993099 -0.049153
vn 0.109682 -0.993878 0.013263
vn 0.000000 -1.000000 0.000000
vn 0.000000 -1.000000 0.000000
vn 0.000000 -1.000000 0.000000
vn 0.000000 -1.000000 0.000000
vn 0.000000 -1.000000 0.000000
vn 0.000000 -1.000000 0.000000
vn 0.000000 -1.000000 0.000000
vn 0.000000 -1.000000 0.000000
vn 0.000000 -1.000000 0.000000
vn 0.000000 -1.000000 0.000000
vn 0.000000 -1.000000 0.000000
vn 0.000000 -1.000000 0.000000
vn 0.000000 -1.000000 0.000000
vn 0.000000 -1.000000 0.000000
vn 0.000000 -1.000000 0.000000
vn 0.000000 -1.000000 0.000000
vn 0.000000 -1.000000 0.000000
vn 0.000000 -1.000000 0.000000
vn 0.000000 -1.000000 0.000000
vn 0.000000 -1.000000 0.000000
vn 0.000000 -1.000000 0.000000
vn 0.000000 1.000000 0.000000
vn 0.000000 1.000000 0.000000
vn 0.000000 1.000000 0.000000
vn 0.000000 1.000000 0.000000
vn 0.000000 1.000000 0.000000
vn 0.000000 1.000000 0.000000
vn 0.000000 1.000000 0.000000
vn 0.000000 1.000000 0.000000
vn 0.000000 1.000000 0.000000
vn 0.000000 1.000000 0.000000
vn 0.000000 1.000000 0.000000
vn 0.000000 1.000000 0.000000
vn 0.000000 1.000000 0.000000
vn 0.000000 1.000000 0.000000
vn 0.000000 1.000000 0.000000
vn 0.000000 1.000000 0.000000
vn 0.000000 1.000000 0.000000
vn 0.000000 1.000000 0.000000
vn 0.000000 1.000000 0.000000
vn 0.000000 1.000000 0.000000
vn 0.000000 1.000000 0.000000
vn 0.109682 0.993878 -0.013263
vn 0.106478 0.993099 0.049153
vn 0.092646 0.989996 0.106414
vn 0.069782 0.985796 0.152761
vn 0.040328 0.982114 0.183917
vn 0.007174 0.980321 0.197280
vn -0.026628 0.981070 0.191813
vn -0.058008 0.984090 0.167936
vn -0.083982 0.988268 0.127568
vn -0.101875 0.992020 0.074281
vn -0.109682 0.993878 0.013263
vn -0.106478 0.993099 -0.049153
vn -0.092646 0.989996 -0.106414
vn -0.069782 0.985796 -0.152761
vn -0.040328 0.982114 -0.183917
vn -0.007174 0.980321 -0.197280
vn 0.026628 0.981070 -0.191813
vn 0.058008 0.984090 -0.167936
vn 0.083982 0.988268 -0.127568
vn 0.101875 0.992020 -0.074281
vn 0.109682 0.993878 -0.013263
vn 0.207421 0.978165 -0.013054
vn 0.198736 0.974511 0.104077
vn 0.169389 0.963235 0.208530
vn 0.123920 0.949131 0.289474
vn 0.067966 0.937621 0.340950
vn 0.006826 0.932677 0.360649
vn -0.054812 0.935878 0.348034
vn -0.112334 0.946210 0.303427
vn -0.160592 0.960183 0.228602
vn -0.193938 0.972554 0.128555
vn -0.207421 0.978165 0.013054
vn -0.198736 0.974511 -0.104077
vn -0.169389 0.963235 -0.208530
vn -0.123920 0.949131 -0.289474
vn -0.067966 0.937621 -0.340950
vn -0.006826 0.932677 -0.360649
vn 0.054812 0.935878 -0.348034
vn 0.112334 0.946210 -0.303427
vn 0.160592 0.960183 -0.228602
vn 0.193938 0.972554 -0.128555
vn 0.207421 0.978165 -0.013054
vn 0.337964 0.941075 -0.012559
vn 0.320023 0.930814 0.176553
vn 0.266184 0.902806 0.337767
vn 0.188916 0.870541 0.454389
vn 0.099792 0.846152 0.523515
vn 0.006122 0.836559 0.547843
vn -0.087788 0.843985 0.529135
vn -0.177826 0.866732 0.465998
vn -0.257201 0.898560 0.355581
vn -0.314835 0.927930 0.199561
vn -0.337964 0.941075 0.012559
vn -0.320023 0.930814 -0.176553
vn -0.266184 0.902806 -0.337767
vn -0.188916 0.870541 -0.454389
vn -0.099792 0.846152 -0.523515
vn -0.006122 0.836559 -0.547843
vn 0.087788 0.843985 -0.529135
vn 0.177826 0.866732 -0.465998
vn 0.257201 0.898560 -0.355581
vn 0.314835 0.927930 -0.199561
vn 0.337964 0.941075 -0.012559
vn 0.525254 0.850870 -0.011355
vn 0.487812 0.827696 0.277415
vn 0.388933 0.772123 0.502550
vn 0.264003 0.715905 0.646361
vn 0.134022 0.677837 0.722894
vn 0.004860 0.664128 0.747603
vn -0.124235 0.675922 0.726426
vn -0.254228 0.712267 0.654251
vn -0.380034 0.767565 0.516157
vn -0.482034 0.824217 0.297171
vn -0.525254 0.850870 0.011355
vn -0.487812 0.827696 -0.277415
vn -0.388933 0.772123 -0.502550
vn -0.264003 0.715905 -0.646361
vn -0.134022 0.677837 -0.722894
vn -0.004860 0.664128 -0.747603
vn 0.124235 0.675922 -0.726426
vn 0.254228 0.712267 -0.654251
vn 0.380034 0.767565 -0.516157
vn 0.482034 0.824217 -0.297171
vn 0.525254 0.850870 -0.011355
vn 0.798414 0.602056 -0.008034
vn 0.713482 0.564687 0.414815
vn 0.528754 0.490871 0.692434
vn 0.337555 0.429782 0.837463
vn 0.164172 0.393923 0.904363
vn 0.002797 0.382134 0.924102
vn -0.158363 0.393115 0.905749
vn -0.331156 0.428089 0.840878
vn -0.521839 0.488352 0.699426
vn -0.707940 0.562314 0.427345
vn -0.798414 0.602056 0.008034
vn -0.713482 0.564687 -0.414815
vn -0.528754 0.490871 -0.692434
vn -0.337555 0.429782 -0.837463
vn -0.164172 0.393923 -0.904363
vn -0.002797 0.382134 -0.924102
vn 0.158363 0.393115 -0.905749
vn 0.331156 0.428089 -0.840878
vn 0.521839 0.488352 -0.699426
vn 0.707940 0.562314 -0.427345
vn 0.798414 0.602056 -0.008034
vn 1.000000 -0.000000 0.000000
vn 0.860326 -0.000000 0.509744
vn 0.602444 0.000000 0.798161
vn 0.370130 0.000000 0.928980
vn 0.175419 0.000000 0.984494
vn 0.000000 -0.000000 1.000000
vn -0.175419 -0.000000 0.984494
vn -0.370130 0.000000 0.928980
vn -0.602444 -0.000000 0.798161
vn -0.860326 0.000000 0.509744
vn -1.000000 -0.000000 0.000000
vn -0.860326 -0.000000 -0.509744
vn -0.602444 0.000000 -0.798161
vn -0.370130 0.000000 -0.928980
vn -0.175419 0.000000 -0.984494
vn -0.000000 -0.000000 -1.000000
vn 0.175419 -0.000000 -0.984494
vn 0.370130 0.000000 -0.928980
vn 0.602444 -0.000000 -0.798161
vn 0.860326 0.000000 -0.509744
vn 1.000000 -0.000000 0.000000
vn 0.798414 -0.602056 0.008034
vn 0.707940 -0.562314 0.427345
vn 0.521839 -0.488352 0.699426
vn 0.331156 -0.428089 0.840878
vn 0.158363 -0.393115 0.905749
vn -0.002797 -0.382134 0.924102
vn -0.164172 -0.393923 0.904363
vn -0.337555 -0.429782 0.837463
vn -0.528754 -0.490871 0.692434
vn -0.713482 -0.564687 0.414815
vn -0.798414 -0.602056 -0.008034
vn -0.707940 -0.562314 -0.427345
vn -0.521839 -0.488352 -0.699426
vn -0.331156 -0.428089 -0.840878
vn -0.158363 -0.393115 -0.905749
vn 0.002797 -0.382134 -0.924102
vn 0.164172 -0.393923 -0.904363
vn 0.337555 -0.429782 -0.837463
vn 0.528754 -0.490871 -0.692434
vn 0.713482 -0.564687 -0.414815
vn 0.798414 -0.602056 0.008034
vn 0.525254 -0.850870 0.011355
vn 0.482034 -0.824217 0.297171
vn 0.380034 -0.767565 0.516157
vn 0.254228 -0.712267 0.654251
vn 0.124235 -0.675922 0.726426
vn -0.004860 -0.664128 0.747603
vn -0.134022 -0.677837 0.722894
vn -0.264003 -0.715905 0.646361
vn -0.388933 -0.772123 0.502550
vn -0.487812 -0.827696 0.277415
vn -0.525254 -0.850870 -0.011355
vn -0.482034 -0.824217 -0.297171
vn -0.380034 -0.767565 -0.516157
vn -0.254228 -0.712267 -0.654251
vn -0.124235 -0.675922 -0.726426
vn 0.004860 -0.664128 -0.747603
vn 0.134022 -0.677837 -0.722894
vn 0.264003 -0.715905 -0.646361
vn 0.388933 -0.772123 -0.502550
vn 0.487812 -0.827696 -0.277415
vn 0.525254 -0.850870 0.011355
vn 0.337964 -0.941075 0.012559
vn 0.314835 -0.927930 0.199561
vn 0.257201 -0.898560 0.355581
vn 0.177826 -0.866732 0.465998
vn 0.087788 -0.843985 0.529135
vn -0.006122 -0.836559 0.547843
vn -0.099792 -0.846152 0.523515
vn -0.188916 -0.870541 0.454389
vn -0.266184 -0.902806 0.337767
vn -0.320023 -0.930814 0.176553
vn -0.337964 -0.941075 -0.012559
vn -0.314835 -0.927930 -0.199561
vn -0.257201 -0.898560 -0.355581
vn -0.177826 -0.866732 -0.465998
vn -0.087788 -0.843985 -0.529135
vn 0.006122 -0.836559 -0.547843
vn 0.099792 -0.846152 -0.523515
vn 0.188916 -0.870541 -0.454389
vn 0.266184 -0.902806 -0.337767
vn 0.320023 -0.930814 -0.176553
vn 0.337964 -0.941075 0.012559
vn 0.207421 -0.978165 0.013054
vn 0.193938 -0.972554 0.128555
vn 0.160592 -0.960183 0.228602
vn 0.112334 -0.946210 0.303427
vn 0.054812 -0.935878 0.348034
vn -0.006826 -0.932677 0.360649
vn -0.067966 -0.937621 0.340950
vn -0.123920 -0.949131 0.289474
vn -0.169389 -0.963235 0.208530
vn -0.198736 -0.974511 0.104077
vn -0.207421 -0.978165 -0.013054
vn -0.193938 -0.972554 -0.128555
vn -0.160592 -0.960183 -0.228602
vn -0.112334 -0.946210 -0.303427
vn -0.054812 -0.935878 -0.348034
vn 0.006826 -0.932677 -0.360649
vn 0.067966 -0.937621 -0.340950
vn 0.123920 -0.949131 -0.289474
vn 0.169389 -0.963235 -0.208530
vn 0.198736 -0.974511 -0.104077
vn 0.207421 -0.978165 0.013054
vn 0.109682 -0.993878 0.013263
vn 0.101875 -0.992020 0.074281
vn 0.083982 -0.988268 0.127568
vn 0.058008 -0.984090 0.167936
vn 0.026628 -0.981070 0.191813
vn -0.007174 -0.980321 0.197280
vn -0.040328 -0.982114 0.183917
vn -0.069782 -0.985796 0.152761
vn -0.092646 -0.989996 0.106414
vn -0.106478 -0.993099 0.049153
vn -0.109682 -0.993878 -0.013263
vn -0.101875 -0.992020 -0.074281
vn -0.083982 -0.988268 -0.127568
vn -0.058008 -0.984090 -0.167936
vn -0.026628 -0.981070 -0.191813
vn 0.007174 -0.980321 -0.197280
vn 0.040328 -0.982114 -0.183917
vn 0.069782 -0.985796 -0.152761
vn 0.092646 -0.989996 -0.106414
vn 0.106478 -0.993099 -0.049153
vn 0.109682 -0.993878 0.013263
vn 0.000000 -1.000000 0.000000
vn 0.000000 -1.000000 0.000000
vn 0.000000 -1.000000 0.000000
vn 0.000000 -1.000000 0.000000
vn 0.000000 -1.000000 0.000000
vn 0.000000 -1.000000 0.000000
vn 0.000000 -1.000000 0.000000
vn 0.000000 -1.000000 0.000000
vn 0.000000 -1.000000 0.000000
vn 0.000000 -1.000000 0.000000
vn 0.000000 -1.000000 0.000000
vn 0.000000 -1.000000 0.000000
vn 0.000000 -1.000000 0.000000
vn 0.000000 -1.000000 0.000000
vn 0.000000 -1.000000 0.000000
vn 0.000000 -1.000000 0.000000
vn 0.000000 -1.000000 0.000000
vn 0.000000 -1.000000 0.000000
vn 0.000000 -1.000000 0.000000
vn 0.000000 -1.000000 0.000000
vn 0.000000 -1.000000 0.000000
f 2062//2062 2063//2063 2083//2083
f 2063//2063 2084//2084 2083//2083
f 2063//2063 2064//2064 2084//2084
f 2064//2064 2085//2085 2084//2084
f 2064//2064 2065//2065 2085//2085
f 2065//2065 2086//2086 2085//2085
f 2065//2065 2066//2066 2086//2086
f 2066//2066 2087//2087 2086//2086
f 2066//2066 2067//2067 2087//2087
f 2067//2067 2088//2088 2087//2087
f 2067//2067 2068//2068 2088//2088
f 2068//2068 2089//2089 2088//2088
f 2068//2068 2069//2069 2089//2089
f 2069//2069 2090//2090 2089//2089
f 2069//2069 2070//2070 2090//2090
f 2070//2070 2091//2091 2090//2090
f 2070//2070 2071//2071 2091//2091
f 2071//2071 2092//2092 2091//2091
f 2071//2071 2072//2072 2092//2092
f 2072//2072 2093//2093 2092//2092
f 2072//2072 2073//2073 2093//2093
f 2073//2073 2094//2094 2093//2093
f 2073//2073 2074//2074 2094//2094
f 2074//2074 2095//2095 2094//2094
f 2074//2074 2075//2075 2095//2095
f 2075//2075 2096//2096 2095//2095
f 2075//2075 2076//2076 2096//2096
f 2076//2076 2097//2097 2096//2096
f 2076//2076 2077//2077 2097//2097
f 2077//2077 2098//2098 2097//2097
f 2077//2077 2078//2078 2098//2098
f 2078//2078 2099//2099 2098//2098
f 2078//2078 2079//2079 2099//2099
f 2079//2079 2100//2100 2099//2099
f 2079//2079 2080//2080 2100//2100
f 2080//2080 2101//2101 2100//2100
f 2080//2080 2081//2081 2101//2101
f 2081//2081 2102//2102 2101//2101
f 2081//2081 2082//2082 2102//2102
f 2082//2082 2103//2103 2102//2102
f 2083//2083 2084//2084 2104//2104
f 2084//2084 2105//2105 2104//2104
f 2084//2084 2085//2085 2105//2105
f 2085//2085 2106//2106 2105//2105
f 2085//2085 2086//2086 2106//2106
f 2086//2086 2107//2107 2106//2106
f 2086//2086 2087//2087 2107//2107
f 2087//2087 2108//2108 2107//2107
f 2087//2087 2088//2088 2108//2108
f 2088//2088 2109//2109 2108//2108
f 2088//2088 2089//2089 2109//2109
f 2089//2089 2110//2110 2109//2109
f 2089//2089 2090//2090 2110//2110
f 2090//2090 2111//2111 2110//2110
f 2090//2090 2091//2091 2111//2111
f 2091//2091 2112//2112 2111//2111
f 2091//2091 2092//2092 2112//2112
f 2092//2092 2113//2113 2112//2112
f 2092//2092 2093//2093 2113//2113
f 2093//2093 2114//2114 2113//2113
f 2093//2093 2094//2094 2114//2114
f 2094//2094 2115//2115 2114//2114
f 2094//2094 2095//2095 2115//2115
f 2095//2095 2116//2116 2115//2115
f 2095//2095 2096//2096 2116//2116
f 2096//2096 2117//2117 2116//2116
f 2096//2096 2097//2097 2117//2117
f 2097//2097 2118//2118 2117//2117
f 2097//2097 2098//2098 2118//2118
f 2098//2098 2119//2119 2118//2118
f 2098//2098 2099//2099 2119//2119
f 2099//2099 2120//2120 2119//2119
f 2099//2099 2100//2100 2120//2120
f 2100//2100 2121//2121 2120//2120
f 2100//2100 2101//2101 2121//2121
f 2101//2101 2122//2122 2121//2121
f 2101//2101 2102//2102 2122//2122
f 2102//2102 2123//2123 2122//2122
f 2102//2102 2103//2103 2123//2123
f 2103//2103 2124//2124 2123//2123
f 2104//2104 2105//2105 2125//2125
f 2105//2105 2126//2126 2125//2125
f 2105//2105 2106//2106 2126//2126
f 2106//2106 2127//2127 2126//2126
f 2106//2106 2107//2107 2127//2127
f 2107//2107 2128//2128 2127//2127
f 2107//2107 2108//2108 2128//2128
f 2108//2108 2129//2129 2128//2128
f 2108//2108 2109//2109 2129//2129
f 2109//2109 2130//2130 2129//2129
f 2109//2109 2110//2110 2130//2130
f 2110//2110 2131//2131 2130//2130
f 2110//2110 2111//2111 2131//2131
f 2111//2111 2132//2132 2131//2131
f 2111//2111 2112//2112 2132//2132
f 2112//2112 2133//2133 2132//2132
f 2112//2112 2113//2113 2133//2133
f 2113//2113 2134//2134 2133//2133
f 2113//2113 2114//2114 2134//2134
f 2114//2114 2135//2135 2134//2134
f 2114//2114 2115//2115 2135//2135
f 2115//2115 2136//2136 2135//2135
f 2115//2115 2116//2116 2136//2136
f 2116//2116 2137//2137 2136//2136
f 2116//2116 2117//2117 2137//2137
f 2117//2117 2138//2138 2137//2137
f 2117//2117 2118//2118 2138//2138
f 2118//2118 2139//2139 2138//2138
f 2118//2118 2119//2119 2139//2139
f 2119//2119 2140//2140 2139//2139
f 2119//2119 2120//2120 2140//2140
f 2120//2120 2141//2141 2140//2140
f 2120//2120 2121//2121 2141//2141
f 2121//2121 2142//2142 2141//2141
f 2121//2121 2122//2122 2142//2142
f 2122//2122 2143//2143 2142//2142
f 2122//2122 2123//2123 2143//2143
f 2123//2123 2144//2144 2143//2143
f 2123//2123 2124//2124 2144//2144
f 2124//2124 2145//2145 2144//2144
f 2125//2125 2126//2126 2146//2146
f 2126//2126 2147//2147 2146//2146
f 2126//2126 2127//2127 2147//2147
f 2127//2127 2148//2148 2147//2147
f 2127//2127 2128//2128 2148//2148
f 2128//2128 2149//2149 2148//2148
f 2128//2128 2129//2129 2149//2149
f 2129//2129 2150//2150 2149//2149
f 2129//2129 2130//2130 2150//2150
f 2130//2130 2151//2151 2150//2150
f 2130//2130 2131//2131 2151//2151
f 2131//2131 2152//2152 2151//2151
f 2131//2131 2132//2132 2152//2152
f 2132//2132 2153//2153 2152//2152
f 2132//2132 2133//2133 2153//2153
f 2133//2133 2154//2154 2153//2153
f 2133//2133 2134//2134 2154//2154
f 2134//2134 2155//2155 2154//2154
f 2134//2134 2135//2135 2155//2155
f 2135//2135 2156//2156 2155//2155
f 2135//2135 2136//2136 2156//2156
f 2136//2136 2157//2157 2156//2156
f 2136//2136 2137//2137 2157//2157
f 2137//2137 2158//2158 2157//2157
f 2137//2137 2138//2138 2158//2158
f 2138//2138 2159//2159 2158//2158
f 2138//2138 2139//2139 2159//2159
f 2139//2139 2160//2160 2159//2159
f 2139//2139 2140//2140 2160//2160
f 2140//2140 2161//2161 2160//2160
f 2140//2140 2141//2141 2161//2161
f 2141//2141 2162//2162 2161//2161
f 2141//2141 2142//2142 2162//2162
f 2142//2142 2163//2163 2162//2162
f 2142//2142 2143//2143 2163//2163
f 2143//2143 2164//2164 2163//2163
f 2143//2143 2144//2144 2164//2164
f 2144//2144 2165//2165 2164//2164
f 2144//2144 2145//2145 2165//2165
f 2145//2145 2166//2166 2165//2165
f 2146//2146 2147//2147 2167//2167
f 2147//2147 2168//2168 2167//2167
f 2147//2147 2148//2148 2168//2168
f 2148//2148 2169//2169 2168//2168
f 2148//2148 2149//2149 2169//2169
f 2149//2149 2170//2170 2169//2169
f 2149//2149 2150//2150 2170//2170
f 2150//2150 2171//2171 2170//2170
f 2150//2150 2151//2151 2171//2171
f 2151//2151 2172//2172 2171//2171
f 2151//2151 2152//2152 2172//2172
f 2152//2152 2173//2173 2172//2172
f 2152//2152 2153//2153 2173//2173
f 2153//2153 2174//2174 2173//2173
f 2153//2153 2154//2154 2174//2174
f 2154//2154 2175//2175 2174//2174
f 2154//2154 2155//2155 2175//2175
f 2155//2155 2176//2176 2175//2175
f 2155//2155 2156//2156 2176//2176
f 2156//2156 2177//2177 2176//2176
f 2156//2156 2157//2157 2177//2177
f 2157//2157 2178//2178 2177//2177
f 2157//2157 2158//2158 2178//2178
f 2158//2158 2179//2179 2178//2178
f 2158//2158 2159//2159 2179//2179
f 2159//2159 2180//2180 2179//2179
f 2159//2159 2160//2160 2180//2180
f 2160//2160 2181//2181 2180//2180
f 2160//2160 2161//2161 2181//2181
f 2161//2161 2182//2182 2181//2181
f 2161//2161 2162//2162 2182//2182
f 2162//2162 2183//2183 2182//2182
f 2162//2162 2163//2163 2183//2183
f 2163//2163 2184//2184 2183//2183
f 2163//2163 2164//2164 2184//2184
f 2164//2164 2185//2185 2184//2184
f 2164//2164 2165//2165 2185//2185
f 2165//2165 2186//2186 2185//2185
f 2165//2165 2166//2166 2186//2186
f 2166//2166 2187//2187 2186//2186
f 2167//2167 2168//2168 2188//2188
f 2168//2168 2189//2189 2188//2188
f 2168//2168 2169//2169 2189//2189
f 2169//2169 2190//2190 2189//2189
f 2169//2169 2170//2170 2190//2190
f 2170//2170 2191//2191 2190//2190
f 2170//2170 2171//2171 2191//2191
f 2171//2171 2192//2192 2191//2191
f 2171//2171 2172//2172 2192//2192
f 2172//2172 2193//2193 2192//2192
f 2172//2172 2173//2173 2193//2193
f 2173//2173 2194//2194 2193//2193
f 2173//2173 2174//2174 2194//2194
f 2174//2174 2195//2195 2194//2194
f 2174//2174 2175//2175 2195//2195
f 2175//2175 2196//2196 2195//2195
f 2175//2175 2176//2176 2196//2196
f 2176//2176 2197//2197 2196//2196
f 2176//2176 2177//2177 2197//2197
f 2177//2177 2198//2198 2197//2197
f 2177//2177 2178//2178 2198//2198
f 2178//2178 2199//2199 2198//2198
f 2178//2178 2179//2179 2199//2199
f 2179//2179 2200//2200 2199//2199
f 2179//2179 2180//2180 2200//2200
f 2180//2180 2201//2201 2200//2200
f 2180//2180 2181//2181 2201//2201
f 2181//2181 2202//2202 2201//2201
f 2181//2181 2182//2182 2202//2202
f 2182//2182 2203//2203 2202//2202
f 2182//2182 2183//2183 2203//2203
f 2183//2183 2204//2204 2203//2203
f 2183//2183 2184//2184 2204//2204
f 2184//2184 2205//2205 2204//2204
f 2184//2184 2185//2185 2205//2205
f 2185//2185 2206//2206 2205//2205
f 2185//2185 2186//2186 2206//2206
f 2186//2186 2207//2207 2206//2206
f 2186//2186 2187//2187 2207//2207
f 2187//2187 2208//2208 2207//2207
f 2188//2188 2189//2189 2209//2209
f 2189//2189 2210//2210 2209//2209
f 2189//2189 2190//2190 2210//2210
f 2190//2190 2211//2211 2210//2210
f 2190//2190 2191//2191 2211//2211
f 2191//2191 2212//2212 2211//2211
f 2191//2191 2192//2192 2212//2212
f 2192//2192 2213//2213 2212//2212
f 2192//2192 2193//2193 2213//2213
f 2193//2193 2214//2214 2213//2213
f 2193//2193 2194//2194 2214//2214
f 2194//2194 2215//2215 2214//2214
f 2194//2194 2195//2195 2215//2215
f 2195//2195 2216//2216 2215//2215
f 2195//2195 2196//2196 2216//2216
f 2196//2196 2217//2217 2216//2216
f 2196//2196 2197//2197 2217//2217
f 2197//2197 2218//2218 2217//2217
f 2197//2197 2198//2198 2218//2218
f 2198//2198 2219//2219 2218//2218
f 2198//2198 2199//2199 2219//2219
f 2199//2199 2220//2220 2219//2219
f 2199//2199 2200//2200 2220//2220
f 2200//2200 2221//2221 2220//2220
f 2200//2200 2201//2201 2221//2221
f 2201//2201 2222//2222 2221//2221
f 2201//2201 2202//2202 2222//2222
f 2202//2202 2223//2223 2222//2222
f 2202//2202 2203//2203 2223//2223
f 2203//2203 2224//2224 2223//2223
f 2203//2203 2204//2204 2224//2224
f 2204//2204 2225//2225 2224//2224
f 2204//2204 2205//2205 2225//2225
f 2205//2205 2226//2226 2225//2225
f 2205//2205 2206//2206 2226//2226
f 2206//2206 2227//2227 2226//2226
f 2206//2206 2207//2207 2227//2227
f 2207//2207 2228//2228 2227//2227
f 2207//2207 2208//2208 2228//2228
f 2208//2208 2229//2229 2228//2228
f 2209//2209 2210//2210 2230//2230
f 2210//2210 2231//2231 2230//2230
f 2210//2210 2211//2211 2231//2231
f 2211//2211 2232//2232 2231//2231
f 2211//2211 2212//2212 2232//2232
f 2212//2212 2233//2233 2232//2232
f 2212//2212 2213//2213 2233//2233
f 2213//2213 2234//2234 2233//2233
f 2213//2213 2214//2214 2234//2234
f 2214//2214 2235//2235 2234//2234
f 2214//2214 2215//2215 2235//2235
f 2215//2215 2236//2236 2235//2235
f 2215//2215 2216//2216 2236//2236
f 2216//2216 2237//2237 2236//2236
f 2216//2216 2217//2217 2237//2237
f 2217//2217 2238//2238 2237//2237
f 2217//2217 2218//2218 2238//2238
f 2218//2218 2239//2239 2238//2238
f 2218//2218 2219//2219 2239//2239
f 2219//2219 2240//2240 2239//2239
f 2219//2219 2220//2220 2240//2240
f 2220//2220 2241//2241 2240//2240
f 2220//2220 2221//2221 2241//2241
f 2221//2221 2242//2242 2241//2241
f 2221//2221 2222//2222 2242//2242
f 2222//2222 2243//2243 2242//2242
f 2222//2222 2223//2223 2243//2243
f 2223//2223 2244//2244 2243//2243
f 2223//2223 2224//2224 2244//2244
f 2224//2224 2245//2245 2244//2244
f 2224//2224 2225//2225 2245//2245
f 2225//2225 2246//2246 2245//2245
f 2225//2225 2226//2226 2246//2246
f 2226//2226 2247//2247 2246//2246
f 2226//2226 2227//2227 2247//2247
f 2227//2227 2248//2248 2247//2247
f 2227//2227 2228//2228 2248//2248
f 2228//2228 2249//2249 2248//2248
f 2228//2228 2229//2229 2249//2249
f 2229//2229 2250//2250 2249//2249
f 2230//2230 2231//2231 2251//2251
f 2231//2231 2252//2252 2251//2251
f 2231//2231 2232//2232 2252//2252
f 2232//2232 2253//2253 2252//2252
f 2232//2232 2233//2233 2253//2253
f 2233//2233 2254//2254 2253//2253
f 2233//2233 2234//2234 2254//2254
f 2234//2234 2255//2255 2254//2254
f 2234//2234 2235//2235 2255//2255
f 2235//2235 2256//2256 2255//2255
f 2235//2235 2236//2236 2256//2256
f 2236//2236 2257//2257 2256//2256
f 2236//2236 2237//2237 2257//2257
f 2237//2237 2258//2258 2257//2257
f 2237//2237 2238//2238 2258//2258
f 2238//2238 2259//2259 2258//2258
f 2238//2238 2239//2239 2259//2259
f 2239//2239 2260//2260 2259//2259
f 2239//2239 2240//2240 2260//2260
f 2240//2240 2261//2261 2260//2260
f 2240//2240 2241//2241 2261//2261
f 2241//2241 2262//2262 2261//2261
f 2241//2241 2242//2242 2262//2262
f 2242//2242 2263//2263 2262//2262
f 2242//2242 2243//2243 2263//2263
f 2243//2243 2264//2264 2263//2263
f 2243//2243 2244//2244 2264//2264
f 2244//2244 2265//2265 2264//2264
f 2244//2244 2245//2245 2265//2265
f 2245//2245 2266//2266 2265//2265
f 2245//2245 2246//2246 2266//2266
f 2246//2246 2267//2267 2266//2266
f 2246//2246 2247//2247 2267//2267
f 2247//2247 2268//2268 2267//2267
f 2247//2247 2248//2248 2268//2268
f 2248//2248 2269//2269 2268//2268
f 2248//2248 2249//2249 2269//2269
f 2249//2249 2270//2270 2269//2269
f 2249//2249 2250//2250 2270//2270
f 2250//2250 2271//2271 2270//2270
f 2251//2251 2252//2252 2272//2272
f 2252//2252 2273//2273 2272//2272
f 2252//2252 2253//2253 2273//2273
f 2253//2253 2274//2274 2273//2273
f 2253//2253 2254//2254 2274//2274
f 2254//2254 2275//2275 2274//2274
f 2254//2254 2255//2255 2275//2275
f 2255//2255 2276//2276 2275//2275
f 2255//2255 2256//2256 2276//2276
f 2256//2256 2277//2277 2276//2276
f 2256//2256 2257//2257 2277//2277
f 2257//2257 2278//2278 2277//2277
f 2257//2257 2258//2258 2278//2278
f 2258//2258 2279//2279 2278//2278
f 2258//2258 2259//2259 2279//2279
f 2259//2259 2280//2280 2279//2279
f 2259//2259 2260//2260 2280//2280
f 2260//2260 2281//2281 2280//2280
f 2260//2260 2261//2261 2281//2281
f 2261//2261 2282//2282 2281//2281
f 2261//2261 2262//2262 2282//2282
f 2262//2262 2283//2283 2282//2282
f 2262//2262 2263//2263 2283//2283
f 2263//2263 2284//2284 2283//2283
f 2263//2263 2264//2264 2284//2284
f 2264//2264 2285//2285 2284//2284
f 2264//2264 2265//2265 2285//2285
f 2265//2265 2286//2286 2285//2285
f 2265//2265 2266//2266 2286//2286
f 2266//2266 2287//2287 2286//2286
f 2266//2266 2267//2267 2287//2287
f 2267//2267 2288//2288 2287//2287
f 2267//2267 2268//2268 2288//2288
f 2268//2268 2289//2289 2288//2288
f 2268//2268 2269//2269 2289//2289
f 2269//2269 2290//2290 2289//2289
f 2269//2269 2270//2270 2290//2290
f 2270//2270 2291//2291 2290//2290
f 2270//2270 2271//2271 2291//2291
f 2271//2271 2292//2292 2291//2291
f 2272//2272 2273//2273 2293//2293
f 2273//2273 2294//2294 2293//2293
f 2273//2273 2274//2274 2294//2294
f 2274//2274 2295//2295 2294//2294
f 2274//2274 2275//2275 2295//2295
f 2275//2275 2296//2296 2295//2295
f 2275//2275 2276//2276 2296//2296
f 2276//2276 2297//2297 2296//2296
f 2276//2276 2277//2277 2297//2297
f 2277//2277 2298//2298 2297//2297
f 2277//2277 2278//2278 2298//2298
f 2278//2278 2299//2299 2298//2298
f 2278//2278 2279//2279 2299//2299
f 2279//2279 2300//2300 2299//2299
f 2279//2279 2280//2280 2300//2300
f 2280//2280 2301//2301 2300//2300
f 2280//2280 2281//2281 2301//2301
f 2281//2281 2302//2302 2301//2301
f 2281//2281 2282//2282 2302//2302
f 2282//2282 2303//2303 2302//2302
f 2282//2282 2283//2283 2303//2303
f 2283//2283 2304//2304 2303//2303
f 2283//2283 2284//2284 2304//2304
f 2284//2284 2305//2305 2304//2304
f 2284//2284 2285//2285 2305//2305
f 2285//2285 2306//2306 2305//2305
f 2285//2285 2286//2286 2306//2306
f 2286//2286 2307//2307 2306//2306
f 2286//2286 2287//2287 2307//2307
f 2287//2287 2308//2308 2307//2307
f 2287//2287 2288//2288 2308//2308
f 2288//2288 2309//2309 2308//2308
f 2288//2288 2289//2289 2309//2309
f 2289//2289 2310//2310 2309//2309
f 2289//2289 2290//2290 2310//2310
f 2290//2290 2311//2311 2310//2310
f 2290//2290 2291//2291 2311//2311
f 2291//2291 2312//2312 2311//2311
f 2291//2291 2292//2292 2312//2312
f 2292//2292 2313//2313 2312//2312
f 2293//2293 2294//2294 2314//2314
f 2294//2294 2315//2315 2314//2314
f 2294//2294 2295//2295 2315//2315
f 2295//2295 2316//2316 2315//2315
f 2295//2295 2296//2296 2316//2316
f 2296//2296 2317//2317 2316//2316
f 2296//2296 2297//2297 2317//2317
f 2297//2297 2318//2318 2317//2317
f 2297//2297 2298//2298 2318//2318
f 2298//2298 2319//2319 2318//2318
f 2298//2298 2299//2299 2319//2319
f 2299//2299 2320//2320 2319//2319
f 2299//2299 2300//2300 2320//2320
f 2300//2300 2321//2321 2320//2320
f 2300//2300 2301//2301 2321//2321
f 2301//2301 2322//2322 2321//2321
f 2301//2301 2302//2302 2322//2322
f 2302//2302 2323//2323 2322//2322
f 2302//2302 2303//2303 2323//2323
f 2303//2303 2324//2324 2323//2323
f 2303//2303 2304//2304 2324//2324
f 2304//2304 2325//2325 2324//2324
f 2304//2304 2305//2305 2325//2325
f 2305//2305 2326//2326 2325//2325
f 2305//2305 2306//2306 2326//2326
f 2306//2306 2327//2327 2326//2326
f 2306//2306 2307//2307 2327//2327
f 2307//2307 2328//2328 2327//2327
f 2307//2307 2308//2308 2328//2328
f 2308//2308 2329//2329 2328//2328
f 2308//2308 2309//2309 2329//2329
f 2309//2309 2330//2330 2329//2329
f 2309//2309 2310//2310 2330//2330
f 2310//2310 2331//2331 2330//2330
f 2310//2310 2311//2311 2331//2331
f 2311//2311 2332//2332 2331//2331
f 2311//2311 2312//2312 2332//2332
f 2312//2312 2333//2333 2332//2332
f 2312//2312 2313//2313 2333//2333
f 2313//2313 2334//2334 2333//2333
f 2335//2335 2336//2336 2356//2356
f 2336//2336 2357//2357 2356//2356
f 2336//2336 2337//2337 2357//2357
f 2337//2337 2358//2358 2357//2357
f 2337//2337 2338//2338 2358//2358
f 2338//2338 2359//2359 2358//2358
f 2338//2338 2339//2339 2359//2359
f 2339//2339 2360//2360 2359//2359
f 2339//2339 2340//2340 2360//2360
f 2340//2340 2361//2361 2360//2360
f 2340//2340 2341//2341 2361//2361
f 2341//2341 2362//2362 2361//2361
f 2341//2341 2342//2342 2362//2362
f 2342//2342 2363//2363 2362//2362
f 2342//2342 2343//2343 2363//2363
f 2343//2343 2364//2364 2363//2363
f 2343//2343 2344//2344 2364//2364
f 2344//2344 2365//2365 2364//2364
f 2344//2344 2345//2345 2365//2365
f 2345//2345 2366//2366 2365//2365
f 2345//2345 2346//2346 2366//2366
f 2346//2346 2367//2367 2366//2366
f 2346//2346 2347//2347 2367//2367
f 2347//2347 2368//2368 2367//2367
f 2347//2347 2348//2348 2368//2368
f 2348//2348 2369//2369 2368//2368
f 2348//2348 2349//2349 2369//2369
f 2349//2349 2370//2370 2369//2369
f 2349//2349 2350//2350 2370//2370
f 2350//2350 2371//2371 2370//2370
f 2350//2350 2351//2351 2371//2371
f 2351//2351 2372//2372 2371//2371
f 2351//2351 2352//2352 2372//2372
f 2352//2352 2373//2373 2372//2372
f 2352//2352 2353//2353 2373//2373
f 2353//2353 2374//2374 2373//2373
f 2353//2353 2354//2354 2374//2374
f 2354//2354 2375//2375 2374//2374
f 2354//2354 2355//2355 2375//2375
f 2355//2355 2376//2376 2375//2375
f 2356//2356 2357//2357 2377//2377
f 2357//2357 2378//2378 2377//2377
f 2357//2357 2358//2358 2378//2378
f 2358//2358 2379//2379 2378//2378
f 2358//2358 2359//2359 2379//2379
f 2359//2359 2380//2380 2379//2379
f 2359//2359 2360//2360 2380//2380
f 2360//2360 2381//2381 2380//2380
f 2360//2360 2361//2361 2381//2381
f 2361//2361 2382//2382 2381//2381
f 2361//2361 2362//2362 2382//2382
f 2362//2362 2383//2383 2382//2382
f 2362//2362 2363//2363 2383//2383
f 2363//2363 2384//2384 2383//2383
f 2363//2363 2364//2364 2384//2384
f 2364//2364 2385//2385 2384//2384
f 2364//2364 2365//2365 2385//2385
f 2365//2365 2386//2386 2385//2385
f 2365//2365 2366//2366 2386//2386
f 2366//2366 2387//2387 2386//2386
f 2366//2366 2367//2367 2387//2387
f 2367//2367 2388//2388 2387//2387
f 2367//2367 2368//2368 2388//2388
f 2368//2368 2389//2389 2388//2388
f 2368//2368 2369//2369 2389//2389
f 2369//2369 2390//2390 2389//2389
f 2369//2369 2370//2370 2390//2390
f 2370//2370 2391//2391 2390//2390
f 2370//2370 2371//2371 2391//2391
f 2371//2371 2392//2392 2391//2391
f 2371//2371 2372//2372 2392//2392
f 2372//2372 2393//2393 2392//2392
f 2372//2372 2373//2373 2393//2393
f 2373//2373 2394//2394 2393//2393
f 2373//2373 2374//2374 2394//2394
f 2374//2374 2395//2395 2394//2394
f 2374//2374 2375//2375 2395//2395
f 2375//2375 2396//2396 2395//2395
f 2375//2375 2376//2376 2396//2396
f 2376//2376 2397//2397 2396//2396
f 2377//2377 2378//2378 2398//2398
f 2378//2378 2399//2399 2398//2398
f 2378//2378 2379//2379 2399//2399
f 2379//2379 2400//2400 2399//2399
f 2379//2379 2380//2380 2400//2400
f 2380//2380 2401//2401 2400//2400
f 2380//2380 2381//2381 2401//2401
f 2381//2381 2402//2402 2401//2401
f 2381//2381 2382//2382 2402//2402
f 2382//2382 2403//2403 2402//2402
f 2382//2382 2383//2383 2403//2403
f 2383//2383 2404//2404 2403//2403
f 2383//2383 2384//2384 2404//2404
f 2384//2384 2405//2405 2404//2404
f 2384//2384 2385//2385 2405//2405
f 2385//2385 2406//2406 2405//2405
f 2385//2385 2386//2386 2406//2406
f 2386//2386 2407//2407 2406//2406
f 2386//2386 2387//2387 2407//2407
f 2387//2387 2408//2408 2407//2407
f 2387//2387 2388//2388 2408//2408
f 2388//2388 2409//2409 2408//2408
f 2388//2388 2389//2389 2409//2409
f 2389//2389 2410//2410 2409//2409
f 2389//2389 2390//2390 2410//2410
f 2390//2390 2411//2411 2410//2410
f 2390//2390 2391//2391 2411//2411
f 2391//2391 2412//2412 2411//2411
f 2391//2391 2392//2392 2412//2412
f 2392//2392 2413//2413 2412//2412
f 2392//2392 2393//2393 2413//2413
f 2393//2393 2414//2414 2413//2413
f 2393//2393 2394//2394 2414//2414
f 2394//2394 2415//2415 2414//2414
f 2394//2394 2395//2395 2415//2415
f 2395//2395 2416//2416 2415//2415
f 2395//2395 2396//2396 2416//2416
f 2396//2396 2417//2417 2416//2416
f 2396//2396 2397//2397 2417//2417
f 2397//2397 2418//2418 2417//2417
f 2398//2398 2399//2399 2419//2419
f 2399//2399 2420//2420 2419//2419
f 2399//2399 2400//2400 2420//2420
f 2400//2400 2421//2421 2420//2420
f 2400//2400 2401//2401 2421//2421
f 2401//2401 2422//2422 2421//2421
f 2401//2401 2402//2402 2422//2422
f 2402//2402 2423//2423 2422//2422
f 2402//2402 2403//2403 2423//2423
f 2403//2403 2424//2424 2423//2423
f 2403//2403 2404//2404 2424//2424
f 2404//2404 2425//2425 2424//2424
f 2404//2404 2405//2405 2425//2425
f 2405//2405 2426//2426 2425//2425
f 2405//2405 2406//2406 2426//2426
f 2406//2406 2427//2427 2426//2426
f 2406//2406 2407//2407 2427//2427
f 2407//2407 2428//2428 2427//2427
f 2407//2407 2408//2408 2428//2428
f 2408//2408 2429//2429 2428//2428
f 2408//2408 2409//2409 2429//2429
f 2409//2409 2430//2430 2429//2429
f 2409//2409 2410//2410 2430//2430
f 2410//2410 2431//2431 2430//2430
f 2410//2410 2411//2411 2431//2431
f 2411//2411 2432//2432 2431//2431
f 2411//2411 2412//2412 2432//2432
f 2412//2412 2433//2433 2432//2432
f 2412//2412 2413//2413 2433//2433
f 2413//2413 2434//2434 2433//2433
f 2413//2413 2414//2414 2434//2434
f 2414//2414 2435//2435 2434//2434
f 2414//2414 2415//2415 2435//2435
f 2415//2415 2436//2436 2435//2435
f 2415//2415 2416//2416 2436//2436
f 2416//2416 2437//2437 2436//2436
f 2416//2416 2417//2417 2437//2437
f 2417//2417 2438//2438 2437//2437
f 2417//2417 2418//2418 2438//2438
f 2418//2418 2439//2439 2438//2438
f 2419//2419 2420//2420 2440//2440
f 2420//2420 2441//2441 2440//2440
f 2420//2420 2421//2421 2441//2441
f 2421//2421 2442//2442 2441//2441
f 2421//2421 2422//2422 2442//2442
f 2422//2422 2443//2443 2442//2442
f 2422//2422 2423//2423 2443//2443
f 2423//2423 2444//2444 2443//2443
f 2423//2423 2424//2424 2444//2444
f 2424//2424 2445//2445 2444//2444
f 2424//2424 2425//2425 2445//2445
f 2425//2425 2446//2446 2445//2445
f 2425//2425 2426//2426 2446//2446
f 2426//2426 2447//2447 2446//2446
f 2426//2426 2427//2427 2447//2447
f 2427//2427 2448//2448 2447//2447
f 2427//2427 2428//2428 2448//2448
f 2428//2428 2449//2449 2448//2448
f 2428//2428 2429//2429 2449//2449
f 2429//2429 2450//2450 2449//2449
f 2429//2429 2430//2430 2450//2450
f 2430//2430 2451//2451 2450//2450
f 2430//2430 2431//2431 2451//2451
f 2431//2431 2452//2452 2451//2451
f 2431//2431 2432//2432 2452//2452
f 2432//2432 2453//2453 2452//2452
f 2432//2432 2433//2433 2453//2453
f 2433//2433 2454//2454 2453//2453
f 2433//2433 2434//2434 2454//2454
f 2434//2434 2455//2455 2454//2454
f 2434//2434 2435//2435 2455//2455
f 2435//2435 2456//2456 2455//2455
f 2435//2435 2436//2436 2456//2456
f 2436//2436 2457//2457 2456//2456
f 2436//2436 2437//2437 2457//2457
f 2437//2437 2458//2458 2457//2457
f 2437//2437 2438//2438 2458//2458
f 2438//2438 2459//2459 2458//2458
f 2438//2438 2439//2439 2459//2459
f 2439//2439 2460//2460 2459//2459
f 2440//2440 2441//2441 2461//2461
f 2441//2441 2462//2462 2461//2461
f 2441//2441 2442//2442 2462//2462
f 2442//2442 2463//2463 2462//2462
f 2442//2442 2443//2443 2463//2463
f 2443//2443 2464//2464 2463//2463
f 2443//2443 2444//2444 2464//2464
f 2444//2444 2465//2465 2464//2464
f 2444//2444 2445//2445 2465//2465
f 2445//2445 2466//2466 2465//2465
f 2445//2445 2446//2446 2466//2466
f 2446//2446 2467//2467 2466//2466
f 2446//2446 2447//2447 2467//2467
f 2447//2447 2468//2468 2467//2467
f 2447//2447 2448//2448 2468//2468
f 2448//2448 2469//2469 2468//2468
f 2448//2448 2449//2449 2469//2469
f 2449//2449 2470//2470 2469//2469
f 2449//2449 2450//2450 2470//2470
f 2450//2450 2471//2471 2470//2470
f 2450//2450 2451//2451 2471//2471
f 2451//2451 2472//2472 2471//2471
f 2451//2451 2452//2452 2472//2472
f 2452//2452 2473//2473 2472//2472
f 2452//2452 2453//2453 2473//2473
f 2453//2453 2474//2474 2473//2473
f 2453//2453 2454//2454 2474//2474
f 2454//2454 2475//2475 2474//2474
f 2454//2454 2455//2455 2475//2475
f 2455//2455 2476//2476 2475//2475
f 2455//2455 2456//2456 2476//2476
f 2456//2456 2477//2477 2476//2476
f 2456//2456 2457//2457 2477//2477
f 2457//2457 2478//2478 2477//2477
f 2457//2457 2458//2458 2478//2478
f 2458//2458 2479//2479 2478//2478
f 2458//2458 2459//2459 2479//2479
f 2459//2459 2480//2480 2479//2479
f 2459//2459 2460//2460 2480//2480
f 2460//2460 2481//2481 2480//2480
f 2461//2461 2462//2462 2482//2482
f 2462//2462 2483//2483 2482//2482
f 2462//2462 2463//2463 2483//2483
f 2463//2463 2484//2484 2483//2483
f 2463//2463 2464//2464 2484//2484
f 2464//2464 2485//2485 2484//2484
f 2464//2464 2465//2465 2485//2485
f 2465//2465 2486//2486 2485//2485
f 2465//2465 2466//2466 2486//2486
f 2466//2466 2487//2487 2486//2486
f 2466//2466 2467//2467 2487//2487
f 2467//2467 2488//2488 2487//2487
f 2467//2467 2468//2468 2488//2488
f 2468//2468 2489//2489 2488//2488
f 2468//2468 2469//2469 2489//2489
f 2469//2469 2490//2490 2489//2489
f 2469//2469 2470//2470 2490//2490
f 2470//2470 2491//2491 2490//2490
f 2470//2470 2471//2471 2491//2491
f 2471//2471 2492//2492 2491//2491
f 2471//2471 2472//2472 2492//2492
f 2472//2472 2493//2493 2492//2492
f 2472//2472 2473//2473 2493//2493
f 2473//2473 2494//2494 2493//2493
f 2473//2473 2474//2474 2494//2494
f 2474//2474 2495//2495 2494//2494
f 2474//2474 2475//2475 2495//2495
f 2475//2475 2496//2496 2495//2495
f 2475//2475 2476//2476 2496//2496
f 2476//2476 2497//2497 2496//2496
f 2476//2476 2477//2477 2497//2497
f 2477//2477 2498//2498 2497//2497
f 2477//2477 2478//2478 2498//2498
f 2478//2478 2499//2499 2498//2498
f 2478//2478 2479//2479 2499//2499
f 2479//2479 2500//2500 2499//2499
f 2479//2479 2480//2480 2500//2500
f 2480//2480 2501//2501 2500//2500
f 2480//2480 2481//2481 2501//2501
f 2481//2481 2502//2502 2501//2501
f 2482//2482 2483//2483 2503//2503
f 2483//2483 2504//2504 2503//2503
f 2483//2483 2484//2484 2504//2504
f 2484//2484 2505//2505 2504//2504
f 2484//2484 2485//2485 2505//2505
f 2485//2485 2506//2506 2505//2505
f 2485//2485 2486//2486 2506//2506
f 2486//2486 2507//2507 2506//2506
f 2486//2486 2487//2487 2507//2507
f 2487//2487 2508//2508 2507//2507
f 2487//2487 2488//2488 2508//2508
f 2488//2488 2509//2509 2508//2508
f 2488//2488 2489//2489 2509//2509
f 2489//2489 2510//2510 2509//2509
f 2489//2489 2490//2490 2510//2510
f 2490//2490 2511//2511 2510//2510
f 2490//2490 2491//2491 2511//2511
f 2491//2491 2512//2512 2511//2511
f 2491//2491 2492//2492 2512//2512
f 2492//2492 2513//2513 2512//2512
f 2492//2492 2493//2493 2513//2513
f 2493//2493 2514//2514 2513//2513
f 2493//2493 2494//2494 2514//2514
f 2494//2494 2515//2515 2514//2514
f 2494//2494 2495//2495 2515//2515
f 2495//2495 2516//2516 2515//2515
f 2495//2495 2496//2496 2516//2516
f 2496//2496 2517//2517 2516//2516
f 2496//2496 2497//2497 2517//2517
f 2497//2497 2518//2518 2517//2517
f 2497//2497 2498//2498 2518//2518
f 2498//2498 2519//2519 2518//2518
f 2498//2498 2499//2499 2519//2519
f 2499//2499 2520//2520 2519//2519
f 2499//2499 2500//2500 2520//2520
f 2500//2500 2521//2521 2520//2520
f 2500//2500 2501//2501 2521//2521
f 2501//2501 2522//2522 2521//2521
f 2501//2501 2502//2502 2522//2522
f 2502//2502 2523//2523 2522//2522
f 2503//2503 2504//2504 2524//2524
f 2504//2504 2525//2525 2524//2524
f 2504//2504 2505//2505 2525//2525
f 2505//2505 2526//2526 2525//2525
f 2505//2505 2506//2506 2526//2526
f 2506//2506 2527//2527 2526//2526
f 2506//2506 2507//2507 2527//2527
f 2507//2507 2528//2528 2527//2527
f 2507//2507 2508//2508 2528//2528
f 2508//2508 2529//2529 2528//2528
f 2508//2508 2509//2509 2529//2529
f 2509//2509 2530//2530 2529//2529
f 2509//2509 2510//2510 2530//2530
f 2510//2510 2531//2531 2530//2530
f 2510//2510 2511//2511 2531//2531
f 2511//2511 2532//2532 2531//2531
f 2511//2511 2512//2512 2532//2532
f 2512//2512 2533//2533 2532//2532
f 2512//2512 2513//2513 2533//2533
f 2513//2513 2534//2534 2533//2533
f 2513//2513 2514//2514 2534//2534
f 2514//2514 2535//2535 2534//2534
f 2514//2514 2515//2515 2535//2535
f 2515//2515 2536//2536 2535//2535
f 2515//2515 2516//2516 2536//2536
f 2516//2516 2537//2537 2536//2536
f 2516//2516 2517//2517 2537//2537
f 2517//2517 2538//2538 2537//2537
f 2517//2517 2518//2518 2538//2538
f 2518//2518 2539//2539 2538//2538
f 2518//2518 2519//2519 2539//2539
f 2519//2519 2540//2540 2539//2539
f 2519//2519 2520//2520 2540//2540
f 2520//2520 2541//2541 2540//2540
f 2520//2520 2521//2521 2541//2541
f 2521//2521 2542//2542 2541//2541
f 2521//2521 2522//2522 2542//2542
f 2522//2522 2543//2543 2542//2542
f 2522//2522 2523//2523 2543//2543
f 2523//2523 2544//2544 2543//2543
f 2524//2524 2525//2525 2545//2545
f 2525//2525 2546//2546 2545//2545
f 2525//2525 2526//2526 2546//2546
f 2526//2526 2547//2547 2546//2546
f 2526//2526 2527//2527 2547//2547
f 2527//2527 2548//2548 2547//2547
f 2527//2527 2528//2528 2548//2548
f 2528//2528 2549//2549 2548//2548
f 2528//2528 2529//2529 2549//2549
f 2529//2529 2550//2550 2549//2549
f 2529//2529 2530//2530 2550//2550
f 2530//2530 2551//2551 2550//2550
f 2530//2530 2531//2531 2551//2551
f 2531//2531 2552//2552 2551//2551
f 2531//2531 2532//2532 2552//2552
f 2532//2532 2553//2553 2552//2552
f 2532//2532 2533//2533 2553//2553
f 2533//2533 2554//2554 2553//2553
f 2533//2533 2534//2534 2554//2554
f 2534//2534 2555//2555 2554//2554
f 2534//2534 2535//2535 2555//2555
f 2535//2535 2556//2556 2555//2555
f 2535//2535 2536//2536 2556//2556
f 2536//2536 2557//2557 2556//2556
f 2536//2536 2537//2537 2557//2557
f 2537//2537 2558//2558 2557//2557
f 2537//2537 2538//2538 2558//2558
f 2538//2538 2559//2559 2558//2558
f 2538//2538 2539//2539 2559//2559
f 2539//2539 2560//2560 2559//2559
f 2539//2539 2540//2540 2560//2560
f 2540//2540 2561//2561 2560//2560
f 2540//2540 2541//2541 2561//2561
f 2541//2541 2562//2562 2561//2561
f 2541//2541 2542//2542 2562//2562
f 2542//2542 2563//2563 2562//2562
f 2542//2542 2543//2543 2563//2563
f 2543//2543 2564//2564 2563//2563
f 2543//2543 2544//2544 2564//2564
f 2544//2544 2565//2565 2564//2564
f 2545//2545 2546//2546 2566//2566
f 2546//2546 2567//2567 2566//2566
f 2546//2546 2547//2547 2567//2567
f 2547//2547 2568//2568 2567//2567
f 2547//2547 2548//2548 2568//2568
f 2548//2548 2569//2569 2568//2568
f 2548//2548 2549//2549 2569//2569
f 2549//2549 2570//2570 2569//2569
f 2549//2549 2550//2550 2570//2570
f 2550//2550 2571//2571 2570//2570
f 2550//2550 2551//2551 2571//2571
f 2551//2551 2572//2572 2571//2571
f 2551//2551 2552//2552 2572//2572
f 2552//2552 2573//2573 2572//2572
f 2552//2552 2553//2553 2573//2573
f 2553//2553 2574//2574 2573//2573
f 2553//2553 2554//2554 2574//2574
f 2554//2554 2575//2575 2574//2574
f 2554//2554 2555//2555 2575//2575
f 2555//2555 2576//2576 2575//2575
f 2555//2555 2556//2556 2576//2576
f 2556//2556 2577//2577 2576//2576
f 2556//2556 2557//2557 2577//2577
f 2557//2557 2578//2578 2577//2577
f 2557//2557 2558//2558 2578//2578
f 2558//2558 2579//2579 2578//2578
f 2558//2558 2559//2559 2579//2579
f 2559//2559 2580//2580 2579//2579
f 2559//2559 2560//2560 2580//2580
f 2560//2560 2581//2581 2580//2580
f 2560//2560 2561//2561 2581//2581
f 2561//2561 2582//2582 2581//2581
f 2561//2561 2562//2562 2582//2582
f 2562//2562 2583//2583 2582//2582
f 2562//2562 2563//2563 2583//2583
f 2563//2563 2584//2584 2583//2583
f 2563//2563 2564//2564 2584//2584
f 2564//2564 2585//2585 2584//2584
f 2564//2564 2565//2565 2585//2585
f 2565//2565 2586//2586 2585//2585
f 2566//2566 2567//2567 2587//2587
f 2567//2567 2588//2588 2587//2587
f 2567//2567 2568//2568 2588//2588
f 2568//2568 2589//2589 2588//2588
f 2568//2568 2569//2569 2589//2589
f 2569//2569 2590//2590 2589//2589
f 2569//2569 2570//2570 2590//2590
f 2570//2570 2591//2591 2590//2590
f 2570//2570 2571//2571 2591//2591
f 2571//2571 2592//2592 2591//2591
f 2571//2571 2572//2572 2592//2592
f 2572//2572 2593//2593 2592//2592
f 2572//2572 2573//2573 2593//2593
f 2573//2573 2594//2594 2593//2593
f 2573//2573 2574//2574 2594//2594
f 2574//2574 2595//2595 2594//2594
f 2574//2574 2575//2575 2595//2595
f 2575//2575 2596//2596 2595//2595
f 2575//2575 2576//2576 2596//2596
f 2576//2576 2597//2597 2596//2596
f 2576//2576 2577//2577 2597//2597
f 2577//2577 2598//2598 2597//2597
f 2577//2577 2578//2578 2598//2598
f 2578//2578 2599//2599 2598//2598
f 2578//2578 2579//2579 2599//2599
f 2579//2579 2600//2600 2599//2599
f 2579//2579 2580//2580 2600//2600
f 2580//2580 2601//2601 2600//2600
f 2580//2580 2581//2581 2601//2601
f 2581//2581 2602//2602 2601//2601
f 2581//2581 2582//2582 2602//2602
f 2582//2582 2603//2603 2602//2602
f 2582//2582 2583//2583 2603//2603
f 2583//2583 2604//2604 2603//2603
f 2583//2583 2584//2584 2604//2604
f 2584//2584 2605//2605 2604//2604
f 2584//2584 2585//2585 2605//2605
f 2585//2585 2606//2606 2605//2605
f 2585//2585 2586//2586 2606//2606
f 2586//2586 2607//2607 2606//2606
o station-serve_teal
usemtl teal
v -0.336407 0.404073 -0.116407
v -0.337167 0.403313 -0.114333
v -0.337510 0.402970 -0.111500
v -0.337510 0.402970 0.291500
v -0.337167 0.403313 0.294333
v -0.336407 0.404073 0.296407
v -0.337167 0.406147 -0.117167
v -0.338440 0.405510 -0.114970
v -0.339103 0.405179 -0.111500
v -0.339103 0.405179 0.291500
v -0.338440 0.405510 0.294970
v -0.337167 0.406147 0.297167
v -0.337510 0.408980 -0.117510
v -0.339103 0.408980 -0.115301
v -0.340000 0.408980 -0.111500
v -0.340000 0.408980 0.291500
v -0.339103 0.408980 0.295301
v -0.337510 0.408980 0.297510
v -0.337510 0.411980 -0.117510
v -0.339103 0.411980 -0.115301
v -0.340000 0.411980 -0.111500
v -0.340000 0.411980 0.291500
v -0.339103 0.411980 0.295301
v -0.337510 0.411980 0.297510
v -0.337167 0.414813 -0.117167
v -0.338440 0.415450 -0.114970
v -0.339103 0.415781 -0.111500
v -0.339103 0.415781 0.291500
v -0.338440 0.415450 0.294970
v -0.337167 0.414813 0.297167
v -0.336407 0.416887 -0.116407
v -0.337167 0.417647 -0.114333
v -0.337510 0.417990 -0.111500
v -0.337510 0.417990 0.291500
v -0.337167 0.417647 0.294333
v -0.336407 0.416887 0.296407
v 0.336407 0.404073 -0.116407
v 0.337167 0.403313 -0.114333
v 0.337510 0.402970 -0.111500
v 0.337510 0.402970 0.291500
v 0.337167 0.403313 0.294333
v 0.336407 0.404073 0.296407
v 0.337167 0.406147 -0.117167
v 0.338440 0.405510 -0.114970
v 0.339103 0.405179 -0.111500
v 0.339103 0.405179 0.291500
v 0.338440 0.405510 0.294970
v 0.337167 0.406147 0.297167
v 0.337510 0.408980 -0.117510
v 0.339103 0.408980 -0.115301
v 0.340000 0.408980 -0.111500
v 0.340000 0.408980 0.291500
v 0.339103 0.408980 0.295301
v 0.337510 0.408980 0.297510
v 0.337510 0.411980 -0.117510
v 0.339103 0.411980 -0.115301
v 0.340000 0.411980 -0.111500
v 0.340000 0.411980 0.291500
v 0.339103 0.411980 0.295301
v 0.337510 0.411980 0.297510
v 0.337167 0.414813 -0.117167
v 0.338440 0.415450 -0.114970
v 0.339103 0.415781 -0.111500
v 0.339103 0.415781 0.291500
v 0.338440 0.415450 0.294970
v 0.337167 0.414813 0.297167
v 0.336407 0.416887 -0.116407
v 0.337167 0.417647 -0.114333
v 0.337510 0.417990 -0.111500
v 0.337510 0.417990 0.291500
v 0.337167 0.417647 0.294333
v 0.336407 0.416887 0.296407
v -0.336407 0.404073 -0.116407
v -0.334333 0.403313 -0.117167
v -0.331500 0.402970 -0.117510
v 0.331500 0.402970 -0.117510
v 0.334333 0.403313 -0.117167
v 0.336407 0.404073 -0.116407
v -0.337167 0.403313 -0.114333
v -0.334970 0.402040 -0.114970
v -0.331500 0.401377 -0.115301
v 0.331500 0.401377 -0.115301
v 0.334970 0.402040 -0.114970
v 0.337167 0.403313 -0.114333
v -0.337510 0.402970 -0.111500
v -0.335301 0.401377 -0.111500
v -0.331500 0.400480 -0.111500
v 0.331500 0.400480 -0.111500
v 0.335301 0.401377 -0.111500
v 0.337510 0.402970 -0.111500
v -0.337510 0.402970 0.291500
v -0.335301 0.401377 0.291500
v -0.331500 0.400480 0.291500
v 0.331500 0.400480 0.291500
v 0.335301 0.401377 0.291500
v 0.337510 0.402970 0.291500
v -0.337167 0.403313 0.294333
v -0.334970 0.402040 0.294970
v -0.331500 0.401377 0.295301
v 0.331500 0.401377 0.295301
v 0.334970 0.402040 0.294970
v 0.337167 0.403313 0.294333
v -0.336407 0.404073 0.296407
v -0.334333 0.403313 0.297167
v -0.331500 0.402970 0.297510
v 0.331500 0.402970 0.297510
v 0.334333 0.403313 0.297167
v 0.336407 0.404073 0.296407
v -0.336407 0.416887 -0.116407
v -0.334333 0.417647 -0.117167
v -0.331500 0.417990 -0.117510
v 0.331500 0.417990 -0.117510
v 0.334333 0.417647 -0.117167
v 0.336407 0.416887 -0.116407
v -0.337167 0.417647 -0.114333
v -0.334970 0.418920 -0.114970
v -0.331500 0.419583 -0.115301
v 0.331500 0.419583 -0.115301
v 0.334970 0.418920 -0.114970
v 0.337167 0.417647 -0.114333
v -0.337510 0.417990 -0.111500
v -0.335301 0.419583 -0.111500
v -0.331500 0.420480 -0.111500
v 0.331500 0.420480 -0.111500
v 0.335301 0.419583 -0.111500
v 0.337510 0.417990 -0.111500
v -0.337510 0.417990 0.291500
v -0.335301 0.419583 0.291500
v -0.331500 0.420480 0.291500
v 0.331500 0.420480 0.291500
v 0.335301 0.419583 0.291500
v 0.337510 0.417990 0.291500
v -0.337167 0.417647 0.294333
v -0.334970 0.418920 0.294970
v -0.331500 0.419583 0.295301
v 0.331500 0.419583 0.295301
v 0.334970 0.418920 0.294970
v 0.337167 0.417647 0.294333
v -0.336407 0.416887 0.296407
v -0.334333 0.417647 0.297167
v -0.331500 0.417990 0.297510
v 0.331500 0.417990 0.297510
v 0.334333 0.417647 0.297167
v 0.336407 0.416887 0.296407
v -0.336407 0.404073 -0.116407
v -0.337167 0.406147 -0.117167
v -0.337510 0.408980 -0.117510
v -0.337510 0.411980 -0.117510
v -0.337167 0.414813 -0.117167
v -0.336407 0.416887 -0.116407
v -0.334333 0.403313 -0.117167
v -0.334970 0.405510 -0.118440
v -0.335301 0.408980 -0.119103
v -0.335301 0.411980 -0.119103
v -0.334970 0.415450 -0.118440
v -0.334333 0.417647 -0.117167
v -0.331500 0.402970 -0.117510
v -0.331500 0.405179 -0.119103
v -0.331500 0.408980 -0.120000
v -0.331500 0.411980 -0.120000
v -0.331500 0.415781 -0.119103
v -0.331500 0.417990 -0.117510
v 0.331500 0.402970 -0.117510
v 0.331500 0.405179 -0.119103
v 0.331500 0.408980 -0.120000
v 0.331500 0.411980 -0.120000
v 0.331500 0.415781 -0.119103
v 0.331500 0.417990 -0.117510
v 0.334333 0.403313 -0.117167
v 0.334970 0.405510 -0.118440
v 0.335301 0.408980 -0.119103
v 0.335301 0.411980 -0.119103
v 0.334970 0.415450 -0.118440
v 0.334333 0.417647 -0.117167
v 0.336407 0.404073 -0.116407
v 0.337167 0.406147 -0.117167
v 0.337510 0.408980 -0.117510
v 0.337510 0.411980 -0.117510
v 0.337167 0.414813 -0.117167
v 0.336407 0.416887 -0.116407
v -0.336407 0.404073 0.296407
v -0.337167 0.406147 0.297167
v -0.337510 0.408980 0.297510
v -0.337510 0.411980 0.297510
v -0.337167 0.414813 0.297167
v -0.336407 0.416887 0.296407
v -0.334333 0.403313 0.297167
v -0.334970 0.405510 0.298440
v -0.335301 0.408980 0.299103
v -0.335301 0.411980 0.299103
v -0.334970 0.415450 0.298440
v -0.334333 0.417647 0.297167
v -0.331500 0.402970 0.297510
v -0.331500 0.405179 0.299103
v -0.331500 0.408980 0.300000
v -0.331500 0.411980 0.300000
v -0.331500 0.415781 0.299103
v -0.331500 0.417990 0.297510
v 0.331500 0.402970 0.297510
v 0.331500 0.405179 0.299103
v 0.331500 0.408980 0.300000
v 0.331500 0.411980 0.300000
v 0.331500 0.415781 0.299103
v 0.331500 0.417990 0.297510
v 0.334333 0.403313 0.297167
v 0.334970 0.405510 0.298440
v 0.335301 0.408980 0.299103
v 0.335301 0.411980 0.299103
v 0.334970 0.415450 0.298440
v 0.334333 0.417647 0.297167
v 0.336407 0.404073 0.296407
v 0.337167 0.406147 0.297167
v 0.337510 0.408980 0.297510
v 0.337510 0.411980 0.297510
v 0.337167 0.414813 0.297167
v 0.336407 0.416887 0.296407
vn -0.577350 -0.577350 -0.577350
vn -0.653281 -0.653281 -0.382683
vn -0.707104 -0.707104 -0.002895
vn -0.707107 -0.707107 0.000601
vn -0.682272 -0.682272 0.262698
vn -0.587065 -0.587065 0.557412
vn -0.653281 -0.382683 -0.653281
vn -0.855957 -0.365607 -0.365607
vn -0.896220 -0.443604 -0.002121
vn -0.945031 -0.326978 0.001424
vn -0.884494 -0.329902 0.329902
vn -0.679222 -0.317377 0.661762
vn -0.701137 -0.129670 -0.701137
vn -0.920116 -0.124130 -0.371453
vn -0.986081 -0.166254 -0.002012
vn -0.995776 -0.091786 0.002153
vn -0.923356 -0.098389 0.371125
vn -0.696556 -0.092966 0.711455
vn -0.706038 0.054950 -0.706038
vn -0.923356 0.098389 -0.371125
vn -0.995776 0.091786 -0.002153
vn -0.986081 0.166254 0.002012
vn -0.920116 0.124130 0.371453
vn -0.711455 0.092966 0.696556
vn -0.682272 0.262698 -0.682272
vn -0.884494 0.329902 -0.329902
vn -0.945031 0.326978 -0.001424
vn -0.896220 0.443604 0.002121
vn -0.855957 0.365607 0.365607
vn -0.661762 0.317377 0.679222
vn -0.587065 0.557412 -0.587065
vn -0.679222 0.661762 -0.317377
vn -0.743634 0.668585 -0.001370
vn -0.668585 0.743634 0.001370
vn -0.661762 0.679222 0.317377
vn -0.557412 0.587065 0.587065
vn 0.557412 -0.587065 -0.587065
vn 0.661762 -0.679222 -0.317377
vn 0.668585 -0.743634 -0.001370
vn 0.743634 -0.668585 0.001370
vn 0.679222 -0.661762 0.317377
vn 0.587065 -0.557412 0.587065
vn 0.661762 -0.317377 -0.679222
vn 0.855957 -0.365607 -0.365607
vn 0.896220 -0.443604 -0.002121
vn 0.945031 -0.326978 0.001424
vn 0.884494 -0.329902 0.329902
vn 0.682272 -0.262698 0.682272
vn 0.711455 -0.092966 -0.696556
vn 0.920116 -0.124130 -0.371453
vn 0.986081 -0.166254 -0.002012
vn 0.995776 -0.091786 0.002153
vn 0.923356 -0.098389 0.371125
vn 0.706038 -0.054950 0.706038
vn 0.696556 0.092966 -0.711455
vn 0.923356 0.098389 -0.371125
vn 0.995776 0.091786 -0.002153
vn 0.986081 0.166254 0.002012
vn 0.920116 0.124130 0.371453
vn 0.701137 0.129670 0.701137
vn 0.679222 0.317377 -0.661762
vn 0.884494 0.329902 -0.329902
vn 0.945031 0.326978 -0.001424
vn 0.896220 0.443604 0.002121
vn 0.855957 0.365607 0.365607
vn 0.653281 0.382683 0.653281
vn 0.587065 0.587065 -0.557412
vn 0.682272 0.682272 -0.262698
vn 0.707107 0.707107 -0.000601
vn 0.707104 0.707104 0.002895
vn 0.653281 0.653281 0.382683
vn 0.577350 0.577350 0.577350
vn -0.577350 -0.577350 -0.577350
vn -0.382683 -0.653281 -0.653281
vn -0.001770 -0.707106 -0.707106
vn 0.000366 -0.707107 -0.707107
vn 0.262698 -0.682272 -0.682272
vn 0.557412 -0.587065 -0.587065
vn -0.653281 -0.653281 -0.382683
vn -0.365607 -0.855957 -0.365607
vn -0.001294 -0.895995 -0.444062
vn 0.000868 -0.945123 -0.326714
vn 0.329902 -0.884494 -0.329902
vn 0.661762 -0.679222 -0.317377
vn -0.707104 -0.707104 -0.002895
vn -0.443604 -0.896220 -0.002121
vn -0.002640 -0.999987 -0.004334
vn 0.000683 -0.999999 -0.001116
vn 0.326978 -0.945031 -0.001424
vn 0.668585 -0.743634 -0.001370
vn -0.707107 -0.707107 0.000601
vn -0.326978 -0.945031 0.001424
vn -0.000683 -0.999999 0.001116
vn 0.002640 -0.999987 0.004334
vn 0.443604 -0.896220 0.002121
vn 0.743634 -0.668585 0.001370
vn -0.682272 -0.682272 0.262698
vn -0.329902 -0.884494 0.329902
vn -0.000868 -0.945123 0.326714
vn 0.001294 -0.895995 0.444062
vn 0.365607 -0.855957 0.365607
vn 0.679222 -0.661762 0.317377
vn -0.587065 -0.587065 0.557412
vn -0.317377 -0.679222 0.661762
vn -0.000835 -0.743882 0.668311
vn 0.000835 -0.668311 0.743882
vn 0.317377 -0.661762 0.679222
vn 0.587065 -0.557412 0.587065
vn -0.587065 0.557412 -0.587065
vn -0.317377 0.661762 -0.679222
vn -0.000835 0.668311 -0.743882
vn 0.000835 0.743882 -0.668311
vn 0.317377 0.679222 -0.661762
vn 0.587065 0.587065 -0.557412
vn -0.679222 0.661762 -0.317377
vn -0.365607 0.855957 -0.365607
vn -0.001294 0.895995 -0.444062
vn 0.000868 0.945123 -0.326714
vn 0.329902 0.884494 -0.329902
vn 0.682272 0.682272 -0.262698
vn -0.743634 0.668585 -0.001370
vn -0.443604 0.896220 -0.002121
vn -0.002640 0.999987 -0.004334
vn 0.000683 0.999999 -0.001116
vn 0.326978 0.945031 -0.001424
vn 0.707107 0.707107 -0.000601
vn -0.668585 0.743634 0.001370
vn -0.326978 0.945031 0.001424
vn -0.000683 0.999999 0.001116
vn 0.002640 0.999987 0.004334
vn 0.443604 0.896220 0.002121
vn 0.707104 0.707104 0.002895
vn -0.661762 0.679222 0.317377
vn -0.329902 0.884494 0.329902
vn -0.000868 0.945123 0.326714
vn 0.001294 0.895995 0.444062
vn 0.365607 0.855957 0.365607
vn 0.653281 0.653281 0.382683
vn -0.557412 0.587065 0.587065
vn -0.262698 0.682272 0.682272
vn -0.000366 0.707107 0.707107
vn 0.001770 0.707106 0.707106
vn 0.382683 0.653281 0.653281
vn 0.577350 0.577350 0.577350
vn -0.577350 -0.577350 -0.577350
vn -0.653281 -0.382683 -0.653281
vn -0.701137 -0.129670 -0.701137
vn -0.706038 0.054950 -0.706038
vn -0.682272 0.262698 -0.682272
vn -0.587065 0.557412 -0.587065
vn -0.382683 -0.653281 -0.653281
vn -0.365607 -0.365607 -0.855957
vn -0.371453 -0.124130 -0.920116
vn -0.371125 0.098389 -0.923356
vn -0.329902 0.329902 -0.884494
vn -0.317377 0.661762 -0.679222
vn -0.001770 -0.707106 -0.707106
vn -0.001294 -0.444062 -0.895995
vn -0.001227 -0.166506 -0.986040
vn -0.001313 0.091548 -0.995800
vn -0.000868 0.326714 -0.945123
vn -0.000835 0.668311 -0.743882
vn 0.000366 -0.707107 -0.707107
vn 0.000868 -0.326714 -0.945123
vn 0.001313 -0.091548 -0.995800
vn 0.001227 0.166506 -0.986040
vn 0.001294 0.444062 -0.895995
vn 0.000835 0.743882 -0.668311
vn 0.262698 -0.682272 -0.682272
vn 0.329902 -0.329902 -0.884494
vn 0.371125 -0.098389 -0.923356
vn 0.371453 0.124130 -0.920116
vn 0.365607 0.365607 -0.855957
vn 0.317377 0.679222 -0.661762
vn 0.557412 -0.587065 -0.587065
vn 0.661762 -0.317377 -0.679222
vn 0.711455 -0.092966 -0.696556
vn 0.696556 0.092966 -0.711455
vn 0.679222 0.317377 -0.661762
vn 0.587065 0.587065 -0.557412
vn -0.587065 -0.587065 0.557412
vn -0.679222 -0.317377 0.661762
vn -0.696556 -0.092966 0.711455
vn -0.711455 0.092966 0.696556
vn -0.661762 0.317377 0.679222
vn -0.557412 0.587065 0.587065
vn -0.317377 -0.679222 0.661762
vn -0.365607 -0.365607 0.855957
vn -0.371453 -0.124130 0.920116
vn -0.371125 0.098389 0.923356
vn -0.329902 0.329902 0.884494
vn -0.262698 0.682272 0.682272
vn -0.000835 -0.743882 0.668311
vn -0.001294 -0.444062 0.895995
vn -0.001227 -0.166506 0.986040
vn -0.001313 0.091548 0.995800
vn -0.000868 0.326714 0.945123
vn -0.000366 0.707107 0.707107
vn 0.000835 -0.668311 0.743882
vn 0.000868 -0.326714 0.945123
vn 0.001313 -0.091548 0.995800
vn 0.001227 0.166506 0.986040
vn 0.001294 0.444062 0.895995
vn 0.001770 0.707106 0.707106
vn 0.317377 -0.661762 0.679222
vn 0.329902 -0.329902 0.884494
vn 0.371125 -0.098389 0.923356
vn 0.371453 0.124130 0.920116
vn 0.365607 0.365607 0.855957
vn 0.382683 0.653281 0.653281
vn 0.587065 -0.557412 0.587065
vn 0.682272 -0.262698 0.682272
vn 0.706038 -0.054950 0.706038
vn 0.701137 0.129670 0.701137
vn 0.653281 0.382683 0.653281
vn 0.577350 0.577350 0.577350
f 2609//2609 2614//2614 2608//2608
f 2615//2615 2614//2614 2609//2609
f 2610//2610 2615//2615 2609//2609
f 2616//2616 2615//2615 2610//2610
f 2611//2611 2616//2616 2610//2610
f 2617//2617 2616//2616 2611//2611
f 2612//2612 2617//2617 2611//2611
f 2618//2618 2617//2617 2612//2612
f 2613//2613 2618//2618 2612//2612
f 2619//2619 2618//2618 2613//2613
f 2615//2615 2620//2620 2614//2614
f 2621//2621 2620//2620 2615//2615
f 2616//2616 2621//2621 2615//2615
f 2622//2622 2621//2621 2616//2616
f 2617//2617 2622//2622 2616//2616
f 2623//2623 2622//2622 2617//2617
f 2618//2618 2623//2623 2617//2617
f 2624//2624 2623//2623 2618//2618
f 2619//2619 2624//2624 2618//2618
f 2625//2625 2624//2624 2619//2619
f 2621//2621 2626//2626 2620//2620
f 2627//2627 2626//2626 2621//2621
f 2622//2622 2627//2627 2621//2621
f 2628//2628 2627//2627 2622//2622
f 2623//2623 2628//2628 2622//2622
f 2629//2629 2628//2628 2623//2623
f 2624//2624 2629//2629 2623//2623
f 2630//2630 2629//2629 2624//2624
f 2625//2625 2630//2630 2624//2624
f 2631//2631 2630//2630 2625//2625
f 2627//2627 2632//2632 2626//2626
f 2633//2633 2632//2632 2627//2627
f 2628//2628 2633//2633 2627//2627
f 2634//2634 2633//2633 2628//2628
f 2629//2629 2634//2634 2628//2628
f 2635//2635 2634//2634 2629//2629
f 2630//2630 2635//2635 2629//2629
f 2636//2636 2635//2635 2630//2630
f 2631//2631 2636//2636 2630//2630
f 2637//2637 2636//2636 2631//2631
f 2633//2633 2638//2638 2632//2632
f 2639//2639 2638//2638 2633//2633
f 2634//2634 2639//2639 2633//2633
f 2640//2640 2639//2639 2634//2634
f 2635//2635 2640//2640 2634//2634
f 2641//2641 2640//2640 2635//2635
f 2636//2636 2641//2641 2635//2635
f 2642//2642 2641//2641 2636//2636
f 2637//2637 2642//2642 2636//2636
f 2643//2643 2642//2642 2637//2637
f 2644//2644 2650//2650 2645//2645
f 2645//2645 2650//2650 2651//2651
f 2645//2645 2651//2651 2646//2646
f 2646//2646 2651//2651 2652//2652
f 2646//2646 2652//2652 2647//2647
f 2647//2647 2652//2652 2653//2653
f 2647//2647 2653//2653 2648//2648
f 2648//2648 2653//2653 2654//2654
f 2648//2648 2654//2654 2649//2649
f 2649//2649 2654//2654 2655//2655
f 2650//2650 2656//2656 2651//2651
f 2651//2651 2656//2656 2657//2657
f 2651//2651 2657//2657 2652//2652
f 2652//2652 2657//2657 2658//2658
f 2652//2652 2658//2658 2653//2653
f 2653//2653 2658//2658 2659//2659
f 2653//2653 2659//2659 2654//2654
f 2654//2654 2659//2659 2660//2660
f 2654//2654 2660//2660 2655//2655
f 2655//2655 2660//2660 2661//2661
f 2656//2656 2662//2662 2657//2657
f 2657//2657 2662//2662 2663//2663
f 2657//2657 2663//2663 2658//2658
f 2658//2658 2663//2663 2664//2664
f 2658//2658 2664//2664 2659//2659
f 2659//2659 2664//2664 2665//2665
f 2659//2659 2665//2665 2660//2660
f 2660//2660 2665//2665 2666//2666
f 2660//2660 2666//2666 2661//2661
f 2661//2661 2666//2666 2667//2667
f 2662//2662 2668//2668 2663//2663
f 2663//2663 2668//2668 2669//2669
f 2663//2663 2669//2669 2664//2664
f 2664//2664 2669//2669 2670//2670
f 2664//2664 2670//2670 2665//2665
f 2665//2665 2670//2670 2671//2671
f 2665//2665 2671//2671 2666//2666
f 2666//2666 2671//2671 2672//2672
f 2666//2666 2672//2672 2667//2667
f 2667//2667 2672//2672 2673//2673
f 2668//2668 2674//2674 2669//2669
f 2669//2669 2674//2674 2675//2675
f 2669//2669 2675//2675 2670//2670
f 2670//2670 2675//2675 2676//2676
f 2670//2670 2676//2676 2671//2671
f 2671//2671 2676//2676 2677//2677
f 2671//2671 2677//2677 2672//2672
f 2672//2672 2677//2677 2678//2678
f 2672//2672 2678//2678 2673//2673
f 2673//2673 2678//2678 2679//2679
f 2681//2681 2686//2686 2680//2680
f 2687//2687 2686//2686 2681//2681
f 2682//2682 2687//2687 2681//2681
f 2688//2688 2687//2687 2682//2682
f 2683//2683 2688//2688 2682//2682
f 2689//2689 2688//2688 2683//2683
f 2684//2684 2689//2689 2683//2683
f 2690//2690 2689//2689 2684//2684
f 2685//2685 2690//2690 2684//2684
f 2691//2691 2690//2690 2685//2685
f 2687//2687 2692//2692 2686//2686
f 2693//2693 2692//2692 2687//2687
f 2688//2688 2693//2693 2687//2687
f 2694//2694 2693//2693 2688//2688
f 2689//2689 2694//2694 2688//2688
f 2695//2695 2694//2694 2689//2689
f 2690//2690 2695//2695 2689//2689
f 2696//2696 2695//2695 2690//2690
f 2691//2691 2696//2696 2690//2690
f 2697//2697 2696//2696 2691//2691
f 2693//2693 2698//2698 2692//2692
f 2699//2699 2698//2698 2693//2693
f 2694//2694 2699//2699 2693//2693
f 2700//2700 2699//2699 2694//2694
f 2695//2695 2700//2700 2694//2694
f 2701//2701 2700//2700 2695//2695
f 2696//2696 2701//2701 2695//2695
f 2702//2702 2701//2701 2696//2696
f 2697//2697 2702//2702 2696//2696
f 2703//2703 2702//2702 2697//2697
f 2699//2699 2704//2704 2698//2698
f 2705//2705 2704//2704 2699//2699
f 2700//2700 2705//2705 2699//2699
f 2706//2706 2705//2705 2700//2700
f 2701//2701 2706//2706 2700//2700
f 2707//2707 2706//2706 2701//2701
f 2702//2702 2707//2707 2701//2701
f 2708//2708 2707//2707 2702//2702
f 2703//2703 2708//2708 2702//2702
f 2709//2709 2708//2708 2703//2703
f 2705//2705 2710//2710 2704//2704
f 2711//2711 2710//2710 2705//2705
f 2706//2706 2711//2711 2705//2705
f 2712//2712 2711//2711 2706//2706
f 2707//2707 2712//2712 2706//2706
f 2713//2713 2712//2712 2707//2707
f 2708//2708 2713//2713 2707//2707
f 2714//2714 2713//2713 2708//2708
f 2709//2709 2714//2714 2708//2708
f 2715//2715 2714//2714 2709//2709
f 2716//2716 2722//2722 2717//2717
f 2717//2717 2722//2722 2723//2723
f 2717//2717 2723//2723 2718//2718
f 2718//2718 2723//2723 2724//2724
f 2718//2718 2724//2724 2719//2719
f 2719//2719 2724//2724 2725//2725
f 2719//2719 2725//2725 2720//2720
f 2720//2720 2725//2725 2726//2726
f 2720//2720 2726//2726 2721//2721
f 2721//2721 2726//2726 2727//2727
f 2722//2722 2728//2728 2723//2723
f 2723//2723 2728//2728 2729//2729
f 2723//2723 2729//2729 2724//2724
f 2724//2724 2729//2729 2730//2730
f 2724//2724 2730//2730 2725//2725
f 2725//2725 2730//2730 2731//2731
f 2725//2725 2731//2731 2726//2726
f 2726//2726 2731//2731 2732//2732
f 2726//2726 2732//2732 2727//2727
f 2727//2727 2732//2732 2733//2733
f 2728//2728 2734//2734 2729//2729
f 2729//2729 2734//2734 2735//2735
f 2729//2729 2735//2735 2730//2730
f 2730//2730 2735//2735 2736//2736
f 2730//2730 2736//2736 2731//2731
f 2731//2731 2736//2736 2737//2737
f 2731//2731 2737//2737 2732//2732
f 2732//2732 2737//2737 2738//2738
f 2732//2732 2738//2738 2733//2733
f 2733//2733 2738//2738 2739//2739
f 2734//2734 2740//2740 2735//2735
f 2735//2735 2740//2740 2741//2741
f 2735//2735 2741//2741 2736//2736
f 2736//2736 2741//2741 2742//2742
f 2736//2736 2742//2742 2737//2737
f 2737//2737 2742//2742 2743//2743
f 2737//2737 2743//2743 2738//2738
f 2738//2738 2743//2743 2744//2744
f 2738//2738 2744//2744 2739//2739
f 2739//2739 2744//2744 2745//2745
f 2740//2740 2746//2746 2741//2741
f 2741//2741 2746//2746 2747//2747
f 2741//2741 2747//2747 2742//2742
f 2742//2742 2747//2747 2748//2748
f 2742//2742 2748//2748 2743//2743
f 2743//2743 2748//2748 2749//2749
f 2743//2743 2749//2749 2744//2744
f 2744//2744 2749//2749 2750//2750
f 2744//2744 2750//2750 2745//2745
f 2745//2745 2750//2750 2751//2751
f 2753//2753 2758//2758 2752//2752
f 2759//2759 2758//2758 2753//2753
f 2754//2754 2759//2759 2753//2753
f 2760//2760 2759//2759 2754//2754
f 2755//2755 2760//2760 2754//2754
f 2761//2761 2760//2760 2755//2755
f 2756//2756 2761//2761 2755//2755
f 2762//2762 2761//2761 2756//2756
f 2757//2757 2762//2762 2756//2756
f 2763//2763 2762//2762 2757//2757
f 2759//2759 2764//2764 2758//2758
f 2765//2765 2764//2764 2759//2759
f 2760//2760 2765//2765 2759//2759
f 2766//2766 2765//2765 2760//2760
f 2761//2761 2766//2766 2760//2760
f 2767//2767 2766//2766 2761//2761
f 2762//2762 2767//2767 2761//2761
f 2768//2768 2767//2767 2762//2762
f 2763//2763 2768//2768 2762//2762
f 2769//2769 2768//2768 2763//2763
f 2765//2765 2770//2770 2764//2764
f 2771//2771 2770//2770 2765//2765
f 2766//2766 2771//2771 2765//2765
f 2772//2772 2771//2771 2766//2766
f 2767//2767 2772//2772 2766//2766
f 2773//2773 2772//2772 2767//2767
f 2768//2768 2773//2773 2767//2767
f 2774//2774 2773//2773 2768//2768
f 2769//2769 2774//2774 2768//2768
f 2775//2775 2774//2774 2769//2769
f 2771//2771 2776//2776 2770//2770
f 2777//2777 2776//2776 2771//2771
f 2772//2772 2777//2777 2771//2771
f 2778//2778 2777//2777 2772//2772
f 2773//2773 2778//2778 2772//2772
f 2779//2779 2778//2778 2773//2773
f 2774//2774 2779//2779 2773//2773
f 2780//2780 2779//2779 2774//2774
f 2775//2775 2780//2780 2774//2774
f 2781//2781 2780//2780 2775//2775
f 2777//2777 2782//2782 2776//2776
f 2783//2783 2782//2782 2777//2777
f 2778//2778 2783//2783 2777//2777
f 2784//2784 2783//2783 2778//2778
f 2779//2779 2784//2784 2778//2778
f 2785//2785 2784//2784 2779//2779
f 2780//2780 2785//2785 2779//2779
f 2786//2786 2785//2785 2780//2780
f 2781//2781 2786//2786 2780//2780
f 2787//2787 2786//2786 2781//2781
f 2788//2788 2794//2794 2789//2789
f 2789//2789 2794//2794 2795//2795
f 2789//2789 2795//2795 2790//2790
f 2790//2790 2795//2795 2796//2796
f 2790//2790 2796//2796 2791//2791
f 2791//2791 2796//2796 2797//2797
f 2791//2791 2797//2797 2792//2792
f 2792//2792 2797//2797 2798//2798
f 2792//2792 2798//2798 2793//2793
f 2793//2793 2798//2798 2799//2799
f 2794//2794 2800//2800 2795//2795
f 2795//2795 2800//2800 2801//2801
f 2795//2795 2801//2801 2796//2796
f 2796//2796 2801//2801 2802//2802
f 2796//2796 2802//2802 2797//2797
f 2797//2797 2802//2802 2803//2803
f 2797//2797 2803//2803 2798//2798
f 2798//2798 2803//2803 2804//2804
f 2798//2798 2804//2804 2799//2799
f 2799//2799 2804//2804 2805//2805
f 2800//2800 2806//2806 2801//2801
f 2801//2801 2806//2806 2807//2807
f 2801//2801 2807//2807 2802//2802
f 2802//2802 2807//2807 2808//2808
f 2802//2802 2808//2808 2803//2803
f 2803//2803 2808//2808 2809//2809
f 2803//2803 2809//2809 2804//2804
f 2804//2804 2809//2809 2810//2810
f 2804//2804 2810//2810 2805//2805
f 2805//2805 2810//2810 2811//2811
f 2806//2806 2812//2812 2807//2807
f 2807//2807 2812//2812 2813//2813
f 2807//2807 2813//2813 2808//2808
f 2808//2808 2813//2813 2814//2814
f 2808//2808 2814//2814 2809//2809
f 2809//2809 2814//2814 2815//2815
f 2809//2809 2815//2815 2810//2810
f 2810//2810 2815//2815 2816//2816
f 2810//2810 2816//2816 2811//2811
f 2811//2811 2816//2816 2817//2817
f 2812//2812 2818//2818 2813//2813
f 2813//2813 2818//2818 2819//2819
f 2813//2813 2819//2819 2814//2814
f 2814//2814 2819//2819 2820//2820
f 2814//2814 2820//2820 2815//2815
f 2815//2815 2820//2820 2821//2821
f 2815//2815 2821//2821 2816//2816
f 2816//2816 2821//2821 2822//2822
f 2816//2816 2822//2822 2817//2817
f 2817//2817 2822//2822 2823//2823
