# Bara Kitchen - metres, +Y up; editable mesh source
mtllib palette.mtl
o station-sink_oakDark
usemtl oakDark
v -0.339434 0.010585 -0.339434
v -0.341667 0.009067 -0.333333
v -0.342678 0.008379 -0.325000
v -0.342678 0.008379 0.325000
v -0.341667 0.009067 0.333333
v -0.339434 0.010585 0.339434
v -0.341667 0.014733 -0.341667
v -0.345412 0.013460 -0.335206
v -0.347361 0.012797 -0.325000
v -0.347361 0.012797 0.325000
v -0.345412 0.013460 0.335206
v -0.341667 0.014733 0.341667
v -0.342678 0.020400 -0.342678
v -0.347361 0.020400 -0.336180
v -0.350000 0.020400 -0.325000
v -0.350000 0.020400 0.325000
v -0.347361 0.020400 0.336180
v -0.342678 0.020400 0.342678
v -0.342678 0.054400 -0.342678
v -0.347361 0.054400 -0.336180
v -0.350000 0.054400 -0.325000
v -0.350000 0.054400 0.325000
v -0.347361 0.054400 0.336180
v -0.342678 0.054400 0.342678
v -0.341667 0.060067 -0.341667
v -0.345412 0.061340 -0.335206
v -0.347361 0.062003 -0.325000
v -0.347361 0.062003 0.325000
v -0.345412 0.061340 0.335206
v -0.341667 0.060067 0.341667
v -0.339434 0.064215 -0.339434
v -0.341667 0.065733 -0.333333
v -0.342678 0.066421 -0.325000
v -0.342678 0.066421 0.325000
v -0.341667 0.065733 0.333333
v -0.339434 0.064215 0.339434
v 0.339434 0.010585 -0.339434
v 0.341667 0.009067 -0.333333
v 0.342678 0.008379 -0.325000
v 0.342678 0.008379 0.325000
v 0.341667 0.009067 0.333333
v 0.339434 0.010585 0.339434
v 0.341667 0.014733 -0.341667
v 0.345412 0.013460 -0.335206
v 0.347361 0.012797 -0.325000
v 0.347361 0.012797 0.325000
v 0.345412 0.013460 0.335206
v 0.341667 0.014733 0.341667
v 0.342678 0.020400 -0.342678
v 0.347361 0.020400 -0.336180
v 0.350000 0.020400 -0.325000
v 0.350000 0.020400 0.325000
v 0.347361 0.020400 0.336180
v 0.342678 0.020400 0.342678
v 0.342678 0.054400 -0.342678
v 0.347361 0.054400 -0.336180
v 0.350000 0.054400 -0.325000
v 0.350000 0.054400 0.325000
v 0.347361 0.054400 0.336180
v 0.342678 0.054400 0.342678
v 0.341667 0.060067 -0.341667
v 0.345412 0.061340 -0.335206
v 0.347361 0.062003 -0.325000
v 0.347361 0.062003 0.325000
v 0.345412 0.061340 0.335206
v 0.341667 0.060067 0.341667
v 0.339434 0.064215 -0.339434
v 0.341667 0.065733 -0.333333
v 0.342678 0.066421 -0.325000
v 0.342678 0.066421 0.325000
v 0.341667 0.065733 0.333333
v 0.339434 0.064215 0.339434
v -0.339434 0.010585 -0.339434
v -0.333333 0.009067 -0.341667
v -0.325000 0.008379 -0.342678
v 0.325000 0.008379 -0.342678
v 0.333333 0.009067 -0.341667
v 0.339434 0.010585 -0.339434
v -0.341667 0.009067 -0.333333
v -0.335206 0.006520 -0.335206
v -0.325000 0.005195 -0.336180
v 0.325000 0.005195 -0.336180
v 0.335206 0.006520 -0.335206
v 0.341667 0.009067 -0.333333
v -0.342678 0.008379 -0.325000
v -0.336180 0.005195 -0.325000
v -0.325000 0.003400 -0.325000
v 0.325000 0.003400 -0.325000
v 0.336180 0.005195 -0.325000
v 0.342678 0.008379 -0.325000
v -0.342678 0.008379 0.325000
v -0.336180 0.005195 0.325000
v -0.325000 0.003400 0.325000
v 0.325000 0.003400 0.325000
v 0.336180 0.005195 0.325000
v 0.342678 0.008379 0.325000
v -0.341667 0.009067 0.333333
v -0.335206 0.006520 0.335206
v -0.325000 0.005195 0.336180
v 0.325000 0.005195 0.336180
v 0.335206 0.006520 0.335206
v 0.341667 0.009067 0.333333
v -0.339434 0.010585 0.339434
v -0.333333 0.009067 0.341667
v -0.325000 0.008379 0.342678
v 0.325000 0.008379 0.342678
v 0.333333 0.009067 0.341667
v 0.339434 0.010585 0.339434
v -0.339434 0.064215 -0.339434
v -0.333333 0.065733 -0.341667
v -0.325000 0.066421 -0.342678
v 0.325000 0.066421 -0.342678
v 0.333333 0.065733 -0.341667
v 0.339434 0.064215 -0.339434
v -0.341667 0.065733 -0.333333
v -0.335206 0.068280 -0.335206
v -0.325000 0.069605 -0.336180
v 0.325000 0.069605 -0.336180
v 0.335206 0.068280 -0.335206
v 0.341667 0.065733 -0.333333
v -0.342678 0.066421 -0.325000
v -0.336180 0.069605 -0.325000
v -0.325000 0.071400 -0.325000
v 0.325000 0.071400 -0.325000
v 0.336180 0.069605 -0.325000
v 0.342678 0.066421 -0.325000
v -0.342678 0.066421 0.325000
v -0.336180 0.069605 0.325000
v -0.325000 0.071400 0.325000
v 0.325000 0.071400 0.325000
v 0.336180 0.069605 0.325000
v 0.342678 0.066421 0.325000
v -0.341667 0.065733 0.333333
v -0.335206 0.068280 0.335206
v -0.325000 0.069605 0.336180
v 0.325000 0.069605 0.336180
v 0.335206 0.068280 0.335206
v 0.341667 0.065733 0.333333
v -0.339434 0.064215 0.339434
v -0.333333 0.065733 0.341667
v -0.325000 0.066421 0.342678
v 0.325000 0.066421 0.342678
v 0.333333 0.065733 0.341667
v 0.339434 0.064215 0.339434
v -0.339434 0.010585 -0.339434
v -0.341667 0.014733 -0.341667
v -0.342678 0.020400 -0.342678
v -0.342678 0.054400 -0.342678
v -0.341667 0.060067 -0.341667
v -0.339434 0.064215 -0.339434
v -0.333333 0.009067 -0.341667
v -0.335206 0.013460 -0.345412
v -0.336180 0.020400 -0.347361
v -0.336180 0.054400 -0.347361
v -0.335206 0.061340 -0.345412
v -0.333333 0.065733 -0.341667
v -0.325000 0.008379 -0.342678
v -0.325000 0.012797 -0.347361
v -0.325000 0.020400 -0.350000
v -0.325000 0.054400 -0.350000
v -0.325000 0.062003 -0.347361
v -0.325000 0.066421 -0.342678
v 0.325000 0.008379 -0.342678
v 0.325000 0.012797 -0.347361
v 0.325000 0.020400 -0.350000
v 0.325000 0.054400 -0.350000
v 0.325000 0.062003 -0.347361
v 0.325000 0.066421 -0.342678
v 0.333333 0.009067 -0.341667
v 0.335206 0.013460 -0.345412
v 0.336180 0.020400 -0.347361
v 0.336180 0.054400 -0.347361
v 0.335206 0.061340 -0.345412
v 0.333333 0.065733 -0.341667
v 0.339434 0.010585 -0.339434
v 0.341667 0.014733 -0.341667
v 0.342678 0.020400 -0.342678
v 0.342678 0.054400 -0.342678
v 0.341667 0.060067 -0.341667
v 0.339434 0.064215 -0.339434
v -0.339434 0.010585 0.339434
v -0.341667 0.014733 0.341667
v -0.342678 0.020400 0.342678
v -0.342678 0.054400 0.342678
v -0.341667 0.060067 0.341667
v -0.339434 0.064215 0.339434
v -0.333333 0.009067 0.341667
v -0.335206 0.013460 0.345412
v -0.336180 0.020400 0.347361
v -0.336180 0.054400 0.347361
v -0.335206 0.061340 0.345412
v -0.333333 0.065733 0.341667
v -0.325000 0.008379 0.342678
v -0.325000 0.012797 0.347361
v -0.325000 0.020400 0.350000
v -0.325000 0.054400 0.350000
v -0.325000 0.062003 0.347361
v -0.325000 0.066421 0.342678
v 0.325000 0.008379 0.342678
v 0.325000 0.012797 0.347361
v 0.325000 0.020400 0.350000
v 0.325000 0.054400 0.350000
v 0.325000 0.062003 0.347361
v 0.325000 0.066421 0.342678
v 0.333333 0.009067 0.341667
v 0.335206 0.013460 0.345412
v 0.336180 0.020400 0.347361
v 0.336180 0.054400 0.347361
v 0.335206 0.061340 0.345412
v 0.333333 0.065733 0.341667
v 0.339434 0.010585 0.339434
v 0.341667 0.014733 0.341667
v 0.342678 0.020400 0.342678
v 0.342678 0.054400 0.342678
v 0.341667 0.060067 0.341667
v 0.339434 0.064215 0.339434
vn -0.490135 -0.720787 -0.490135
vn -0.534082 -0.785415 -0.312858
vn -0.562305 -0.826919 -0.004148
vn -0.562310 -0.826926 0.000869
vn -0.549577 -0.808201 0.211606
vn -0.496038 -0.729467 0.470983
vn -0.603891 -0.520222 -0.603891
vn -0.796314 -0.500194 -0.340132
vn -0.809235 -0.587474 -0.003463
vn -0.890912 -0.454169 0.002435
vn -0.833341 -0.457092 0.310822
vn -0.642635 -0.441589 0.626115
vn -0.705098 -0.075326 -0.705098
vn -0.905016 -0.060655 -0.421030
vn -0.994472 -0.104832 -0.006045
vn -0.999365 -0.035544 0.002507
vn -0.939519 -0.042797 0.339813
vn -0.730640 -0.040959 0.681533
vn -0.706974 0.019405 -0.706974
vn -0.939519 0.042797 -0.339813
vn -0.999365 0.035544 -0.002507
vn -0.994472 0.104832 0.006045
vn -0.905016 0.060655 0.421030
vn -0.681533 0.040959 0.730640
vn -0.656445 0.371698 -0.656445
vn -0.833341 0.457092 -0.310822
vn -0.890912 0.454169 -0.002435
vn -0.809235 0.587474 0.003463
vn -0.796314 0.500194 0.340132
vn -0.626115 0.441589 0.642635
vn -0.503175 0.702588 -0.503175
vn -0.552899 0.792186 -0.258350
vn -0.602631 0.798017 -0.002013
vn -0.522200 0.852821 0.001938
vn -0.533893 0.805851 0.256051
vn -0.470983 0.729467 0.496038
vn 0.470983 -0.729467 -0.496038
vn 0.533893 -0.805851 -0.256051
vn 0.522200 -0.852821 -0.001938
vn 0.602631 -0.798017 0.002013
vn 0.552899 -0.792186 0.258350
vn 0.503175 -0.702588 0.503175
vn 0.626115 -0.441589 -0.642635
vn 0.796314 -0.500194 -0.340132
vn 0.809235 -0.587474 -0.003463
vn 0.890912 -0.454169 0.002435
vn 0.833341 -0.457092 0.310822
vn 0.656445 -0.371698 0.656445
vn 0.681533 -0.040959 -0.730640
vn 0.905016 -0.060655 -0.421030
vn 0.994472 -0.104832 -0.006045
vn 0.999365 -0.035544 0.002507
vn 0.939519 -0.042797 0.339813
vn 0.706974 -0.019405 0.706974
vn 0.730640 0.040959 -0.681533
vn 0.939519 0.042797 -0.339813
vn 0.999365 0.035544 -0.002507
vn 0.994472 0.104832 0.006045
vn 0.905016 0.060655 0.421030
vn 0.705098 0.075326 0.705098
vn 0.642635 0.441589 -0.626115
vn 0.833341 0.457092 -0.310822
vn 0.890912 0.454169 -0.002435
vn 0.809235 0.587474 0.003463
vn 0.796314 0.500194 0.340132
vn 0.603891 0.520222 0.603891
vn 0.496038 0.729467 -0.470983
vn 0.549577 0.808201 -0.211606
vn 0.562310 0.826926 -0.000869
vn 0.562305 0.826919 0.004148
vn 0.534082 0.785415 0.312858
vn 0.490135 0.720787 0.490135
vn -0.490135 -0.720787 -0.490135
vn -0.312858 -0.785415 -0.534082
vn -0.004148 -0.826919 -0.562305
vn 0.000869 -0.826926 -0.562310
vn 0.211606 -0.808201 -0.549577
vn 0.470983 -0.729467 -0.496038
vn -0.534082 -0.785415 -0.312858
vn -0.268668 -0.925005 -0.268668
vn -0.002759 -0.948009 -0.318232
vn 0.001809 -0.973323 -0.229434
vn 0.238736 -0.941281 -0.238736
vn 0.533893 -0.805851 -0.256051
vn -0.562305 -0.826919 -0.004148
vn -0.318232 -0.948009 -0.002759
vn -0.005210 -0.999973 -0.005210
vn 0.001397 -0.999998 -0.001397
vn 0.229434 -0.973323 -0.001809
vn 0.522200 -0.852821 -0.001938
vn -0.562310 -0.826926 0.000869
vn -0.229434 -0.973323 0.001809
vn -0.001397 -0.999998 0.001397
vn 0.005210 -0.999973 0.005210
vn 0.318232 -0.948009 0.002759
vn 0.602631 -0.798017 0.002013
vn -0.549577 -0.808201 0.211606
vn -0.238736 -0.941281 0.238736
vn -0.001809 -0.973323 0.229434
vn 0.002759 -0.948009 0.318232
vn 0.268668 -0.925005 0.268668
vn 0.552899 -0.792186 0.258350
vn -0.496038 -0.729467 0.470983
vn -0.256051 -0.805851 0.533893
vn -0.001938 -0.852821 0.522200
vn 0.002013 -0.798017 0.602631
vn 0.258350 -0.792186 0.552899
vn 0.503175 -0.702588 0.503175
vn -0.503175 0.702588 -0.503175
vn -0.258350 0.792186 -0.552899
vn -0.002013 0.798017 -0.602631
vn 0.001938 0.852821 -0.522200
vn 0.256051 0.805851 -0.533893
vn 0.496038 0.729467 -0.470983
vn -0.552899 0.792186 -0.258350
vn -0.268668 0.925005 -0.268668
vn -0.002759 0.948009 -0.318232
vn 0.001809 0.973323 -0.229434
vn 0.238736 0.941281 -0.238736
vn 0.549577 0.808201 -0.211606
vn -0.602631 0.798017 -0.002013
vn -0.318232 0.948009 -0.002759
vn -0.005210 0.999973 -0.005210
vn 0.001397 0.999998 -0.001397
vn 0.229434 0.973323 -0.001809
vn 0.562310 0.826926 -0.000869
vn -0.522200 0.852821 0.001938
vn -0.229434 0.973323 0.001809
vn -0.001397 0.999998 0.001397
vn 0.005210 0.999973 0.005210
vn 0.318232 0.948009 0.002759
vn 0.562305 0.826919 0.004148
vn -0.533893 0.805851 0.256051
vn -0.238736 0.941281 0.238736
vn -0.001809 0.973323 0.229434
vn 0.002759 0.948009 0.318232
vn 0.268668 0.925005 0.268668
vn 0.534082 0.785415 0.312858
vn -0.470983 0.729467 0.496038
vn -0.211606 0.808201 0.549577
vn -0.000869 0.826926 0.562310
vn 0.004148 0.826919 0.562305
vn 0.312858 0.785415 0.534082
vn 0.490135 0.720787 0.490135
vn -0.490135 -0.720787 -0.490135
vn -0.603891 -0.520222 -0.603891
vn -0.705098 -0.075326 -0.705098
vn -0.706974 0.019405 -0.706974
vn -0.656445 0.371698 -0.656445
vn -0.503175 0.702588 -0.503175
vn -0.312858 -0.785415 -0.534082
vn -0.340132 -0.500194 -0.796314
vn -0.421030 -0.060655 -0.905016
vn -0.339813 0.042797 -0.939519
vn -0.310822 0.457092 -0.833341
vn -0.258350 0.792186 -0.552899
vn -0.004148 -0.826919 -0.562305
vn -0.003463 -0.587474 -0.809235
vn -0.006045 -0.104832 -0.994472
vn -0.002507 0.035544 -0.999365
vn -0.002435 0.454169 -0.890912
vn -0.002013 0.798017 -0.602631
vn 0.000869 -0.826926 -0.562310
vn 0.002435 -0.454169 -0.890912
vn 0.002507 -0.035544 -0.999365
vn 0.006045 0.104832 -0.994472
vn 0.003463 0.587474 -0.809235
vn 0.001938 0.852821 -0.522200
vn 0.211606 -0.808201 -0.549577
vn 0.310822 -0.457092 -0.833341
vn 0.339813 -0.042797 -0.939519
vn 0.421030 0.060655 -0.905016
vn 0.340132 0.500194 -0.796314
vn 0.256051 0.805851 -0.533893
vn 0.470983 -0.729467 -0.496038
vn 0.626115 -0.441589 -0.642635
vn 0.681533 -0.040959 -0.730640
vn 0.730640 0.040959 -0.681533
vn 0.642635 0.441589 -0.626115
vn 0.496038 0.729467 -0.470983
vn -0.496038 -0.729467 0.470983
vn -0.642635 -0.441589 0.626115
vn -0.730640 -0.040959 0.681533
vn -0.681533 0.040959 0.730640
vn -0.626115 0.441589 0.642635
vn -0.470983 0.729467 0.496038
vn -0.256051 -0.805851 0.533893
vn -0.340132 -0.500194 0.796314
vn -0.421030 -0.060655 0.905016
vn -0.339813 0.042797 0.939519
vn -0.310822 0.457092 0.833341
vn -0.211606 0.808201 0.549577
vn -0.001938 -0.852821 0.522200
vn -0.003463 -0.587474 0.809235
vn -0.006045 -0.104832 0.994472
vn -0.002507 0.035544 0.999365
vn -0.002435 0.454169 0.890912
vn -0.000869 0.826926 0.562310
vn 0.002013 -0.798017 0.602631
vn 0.002435 -0.454169 0.890912
vn 0.002507 -0.035544 0.999365
vn 0.006045 0.104832 0.994472
vn 0.003463 0.587474 0.809235
vn 0.004148 0.826919 0.562305
vn 0.258350 -0.792186 0.552899
vn 0.310822 -0.457092 0.833341
vn 0.339813 -0.042797 0.939519
vn 0.421030 0.060655 0.905016
vn 0.340132 0.500194 0.796314
vn 0.312858 0.785415 0.534082
vn 0.503175 -0.702588 0.503175
vn 0.656445 -0.371698 0.656445
vn 0.706974 -0.019405 0.706974
vn 0.705098 0.075326 0.705098
vn 0.603891 0.520222 0.603891
vn 0.490135 0.720787 0.490135
f 2//2 7//7 1//1
f 8//8 7//7 2//2
f 3//3 8//8 2//2
f 9//9 8//8 3//3
f 4//4 9//9 3//3
f 10//10 9//9 4//4
f 5//5 10//10 4//4
f 11//11 10//10 5//5
f 6//6 11//11 5//5
f 12//12 11//11 6//6
f 8//8 13//13 7//7
f 14//14 13//13 8//8
f 9//9 14//14 8//8
f 15//15 14//14 9//9
f 10//10 15//15 9//9
f 16//16 15//15 10//10
f 11//11 16//16 10//10
f 17//17 16//16 11//11
f 12//12 17//17 11//11
f 18//18 17//17 12//12
f 14//14 19//19 13//13
f 20//20 19//19 14//14
f 15//15 20//20 14//14
f 21//21 20//20 15//15
f 16//16 21//21 15//15
f 22//22 21//21 16//16
f 17//17 22//22 16//16
f 23//23 22//22 17//17
f 18//18 23//23 17//17
f 24//24 23//23 18//18
f 20//20 25//25 19//19
f 26//26 25//25 20//20
f 21//21 26//26 20//20
f 27//27 26//26 21//21
f 22//22 27//27 21//21
f 28//28 27//27 22//22
f 23//23 28//28 22//22
f 29//29 28//28 23//23
f 24//24 29//29 23//23
f 30//30 29//29 24//24
f 26//26 31//31 25//25
f 32//32 31//31 26//26
f 27//27 32//32 26//26
f 33//33 32//32 27//27
f 28//28 33//33 27//27
f 34//34 33//33 28//28
f 29//29 34//34 28//28
f 35//35 34//34 29//29
f 30//30 35//35 29//29
f 36//36 35//35 30//30
f 37//37 43//43 38//38
f 38//38 43//43 44//44
f 38//38 44//44 39//39
f 39//39 44//44 45//45
f 39//39 45//45 40//40
f 40//40 45//45 46//46
f 40//40 46//46 41//41
f 41//41 46//46 47//47
f 41//41 47//47 42//42
f 42//42 47//47 48//48
f 43//43 49//49 44//44
f 44//44 49//49 50//50
f 44//44 50//50 45//45
f 45//45 50//50 51//51
f 45//45 51//51 46//46
f 46//46 51//51 52//52
f 46//46 52//52 47//47
f 47//47 52//52 53//53
f 47//47 53//53 48//48
f 48//48 53//53 54//54
f 49//49 55//55 50//50
f 50//50 55//55 56//56
f 50//50 56//56 51//51
f 51//51 56//56 57//57
f 51//51 57//57 52//52
f 52//52 57//57 58//58
f 52//52 58//58 53//53
f 53//53 58//58 59//59
f 53//53 59//59 54//54
f 54//54 59//59 60//60
f 55//55 61//61 56//56
f 56//56 61//61 62//62
f 56//56 62//62 57//57
f 57//57 62//62 63//63
f 57//57 63//63 58//58
f 58//58 63//63 64//64
f 58//58 64//64 59//59
f 59//59 64//64 65//65
f 59//59 65//65 60//60
f 60//60 65//65 66//66
f 61//61 67//67 62//62
f 62//62 67//67 68//68
f 62//62 68//68 63//63
f 63//63 68//68 69//69
f 63//63 69//69 64//64
f 64//64 69//69 70//70
f 64//64 70//70 65//65
f 65//65 70//70 71//71
f 65//65 71//71 66//66
f 66//66 71//71 72//72
f 74//74 79//79 73//73
f 80//80 79//79 74//74
f 75//75 80//80 74//74
f 81//81 80//80 75//75
f 76//76 81//81 75//75
f 82//82 81//81 76//76
f 77//77 82//82 76//76
f 83//83 82//82 77//77
f 78//78 83//83 77//77
f 84//84 83//83 78//78
f 80//80 85//85 79//79
f 86//86 85//85 80//80
f 81//81 86//86 80//80
f 87//87 86//86 81//81
f 82//82 87//87 81//81
f 88//88 87//87 82//82
f 83//83 88//88 82//82
f 89//89 88//88 83//83
f 84//84 89//89 83//83
f 90//90 89//89 84//84
f 86//86 91//91 85//85
f 92//92 91//91 86//86
f 87//87 92//92 86//86
f 93//93 92//92 87//87
f 88//88 93//93 87//87
f 94//94 93//93 88//88
f 89//89 94//94 88//88
f 95//95 94//94 89//89
f 90//90 95//95 89//89
f 96//96 95//95 90//90
f 92//92 97//97 91//91
f 98//98 97//97 92//92
f 93//93 98//98 92//92
f 99//99 98//98 93//93
f 94//94 99//99 93//93
f 100//100 99//99 94//94
f 95//95 100//100 94//94
f 101//101 100//100 95//95
f 96//96 101//101 95//95
f 102//102 101//101 96//96
f 98//98 103//103 97//97
f 104//104 103//103 98//98
f 99//99 104//104 98//98
f 105//105 104//104 99//99
f 100//100 105//105 99//99
f 106//106 105//105 100//100
f 101//101 106//106 100//100
f 107//107 106//106 101//101
f 102//102 107//107 101//101
f 108//108 107//107 102//102
f 109//109 115//115 110//110
f 110//110 115//115 116//116
f 110//110 116//116 111//111
f 111//111 116//116 117//117
f 111//111 117//117 112//112
f 112//112 117//117 118//118
f 112//112 118//118 113//113
f 113//113 118//118 119//119
f 113//113 119//119 114//114
f 114//114 119//119 120//120
f 115//115 121//121 116//116
f 116//116 121//121 122//122
f 116//116 122//122 117//117
f 117//117 122//122 123//123
f 117//117 123//123 118//118
f 118//118 123//123 124//124
f 118//118 124//124 119//119
f 119//119 124//124 125//125
f 119//119 125//125 120//120
f 120//120 125//125 126//126
f 121//121 127//127 122//122
f 122//122 127//127 128//128
f 122//122 128//128 123//123
f 123//123 128//128 129//129
f 123//123 129//129 124//124
f 124//124 129//129 130//130
f 124//124 130//130 125//125
f 125//125 130//130 131//131
f 125//125 131//131 126//126
f 126//126 131//131 132//132
f 127//127 133//133 128//128
f 128//128 133//133 134//134
f 128//128 134//134 129//129
f 129//129 134//134 135//135
f 129//129 135//135 130//130
f 130//130 135//135 136//136
f 130//130 136//136 131//131
f 131//131 136//136 137//137
f 131//131 137//137 132//132
f 132//132 137//137 138//138
f 133//133 139//139 134//134
f 134//134 139//139 140//140
f 134//134 140//140 135//135
f 135//135 140//140 141//141
f 135//135 141//141 136//136
f 136//136 141//141 142//142
f 136//136 142//142 137//137
f 137//137 142//142 143//143
f 137//137 143//143 138//138
f 138//138 143//143 144//144
f 146//146 151//151 145//145
f 152//152 151//151 146//146
f 147//147 152//152 146//146
f 153//153 152//152 147//147
f 148//148 153//153 147//147
f 154//154 153//153 148//148
f 149//149 154//154 148//148
f 155//155 154//154 149//149
f 150//150 155//155 149//149
f 156//156 155//155 150//150
f 152//152 157//157 151//151
f 158//158 157//157 152//152
f 153//153 158//158 152//152
f 159//159 158//158 153//153
f 154//154 159//159 153//153
f 160//160 159//159 154//154
f 155//155 160//160 154//154
f 161//161 160//160 155//155
f 156//156 161//161 155//155
f 162//162 161//161 156//156
f 158//158 163//163 157//157
f 164//164 163//163 158//158
f 159//159 164//164 158//158
f 165//165 164//164 159//159
f 160//160 165//165 159//159
f 166//166 165//165 160//160
f 161//161 166//166 160//160
f 167//167 166//166 161//161
f 162//162 167//167 161//161
f 168//168 167//167 162//162
f 164//164 169//169 163//163
f 170//170 169//169 164//164
f 165//165 170//170 164//164
f 171//171 170//170 165//165
f 166//166 171//171 165//165
f 172//172 171//171 166//166
f 167//167 172//172 166//166
f 173//173 172//172 167//167
f 168//168 173//173 167//167
f 174//174 173//173 168//168
f 170//170 175//175 169//169
f 176//176 175//175 170//170
f 171//171 176//176 170//170
f 177//177 176//176 171//171
f 172//172 177//177 171//171
f 178//178 177//177 172//172
f 173//173 178//178 172//172
f 179//179 178//178 173//173
f 174//174 179//179 173//173
f 180//180 179//179 174//174
f 181//181 187//187 182//182
f 182//182 187//187 188//188
f 182//182 188//188 183//183
f 183//183 188//188 189//189
f 183//183 189//189 184//184
f 184//184 189//189 190//190
f 184//184 190//190 185//185
f 185//185 190//190 191//191
f 185//185 191//191 186//186
f 186//186 191//191 192//192
f 187//187 193//193 188//188
f 188//188 193//193 194//194
f 188//188 194//194 189//189
f 189//189 194//194 195//195
f 189//189 195//195 190//190
f 190//190 195//195 196//196
f 190//190 196//196 191//191
f 191//191 196//196 197//197
f 191//191 197//197 192//192
f 192//192 197//197 198//198
f 193//193 199//199 194//194
f 194//194 199//199 200//200
f 194//194 200//200 195//195
f 195//195 200//200 201//201
f 195//195 201//201 196//196
f 196//196 201//201 202//202
f 196//196 202//202 197//197
f 197//197 202//202 203//203
f 197//197 203//203 198//198
f 198//198 203//203 204//204
f 199//199 205//205 200//200
f 200//200 205//205 206//206
f 200//200 206//206 201//201
f 201//201 206//206 207//207
f 201//201 207//207 202//202
f 202//202 207//207 208//208
f 202//202 208//208 203//203
f 203//203 208//208 209//209
f 203//203 209//209 204//204
f 204//204 209//209 210//210
f 205//205 211//211 206//206
f 206//206 211//211 212//212
f 206//206 212//212 207//207
f 207//207 212//212 213//213
f 207//207 213//213 208//208
f 208//208 213//213 214//214
f 208//208 214//214 209//209
f 209//209 214//214 215//215
f 209//209 215//215 210//210
f 210//210 215//215 216//216
o station-sink_teal
usemtl teal
v -0.358660 0.051911 -0.348660
v -0.360000 0.051000 -0.345000
v -0.360607 0.050588 -0.340000
v -0.360607 0.050588 0.340000
v -0.360000 0.051000 0.345000
v -0.358660 0.051911 0.348660
v -0.360000 0.054400 -0.350000
v -0.362247 0.053636 -0.346124
v -0.363416 0.053238 -0.340000
v -0.363416 0.053238 0.340000
v -0.362247 0.053636 0.346124
v -0.360000 0.054400 0.350000
v -0.360607 0.057800 -0.350607
v -0.363416 0.057800 -0.346708
v -0.365000 0.057800 -0.340000
v -0.365000 0.057800 0.340000
v -0.363416 0.057800 0.346708
v -0.360607 0.057800 0.350607
v -0.360607 0.336600 -0.350607
v -0.363416 0.336600 -0.346708
v -0.365000 0.336600 -0.340000
v -0.365000 0.336600 0.340000
v -0.363416 0.336600 0.346708
v -0.360607 0.336600 0.350607
v -0.360000 0.340000 -0.350000
v -0.362247 0.340764 -0.346124
v -0.363416 0.341162 -0.340000
v -0.363416 0.341162 0.340000
v -0.362247 0.340764 0.346124
v -0.360000 0.340000 0.350000
v -0.358660 0.342489 -0.348660
v -0.360000 0.343400 -0.345000
v -0.360607 0.343812 -0.340000
v -0.360607 0.343812 0.340000
v -0.360000 0.343400 0.345000
v -0.358660 0.342489 0.348660
v -0.321340 0.051911 -0.348660
v -0.320000 0.051000 -0.345000
v -0.319393 0.050588 -0.340000
v -0.319393 0.050588 0.340000
v -0.320000 0.051000 0.345000
v -0.321340 0.051911 0.348660
v -0.320000 0.054400 -0.350000
v -0.317753 0.053636 -0.346124
v -0.316584 0.053238 -0.340000
v -0.316584 0.053238 0.340000
v -0.317753 0.053636 0.346124
v -0.320000 0.054400 0.350000
v -0.319393 0.057800 -0.350607
v -0.316584 0.057800 -0.346708
v -0.315000 0.057800 -0.340000
v -0.315000 0.057800 0.340000
v -0.316584 0.057800 0.346708
v -0.319393 0.057800 0.350607
v -0.319393 0.336600 -0.350607
v -0.316584 0.336600 -0.346708
v -0.315000 0.336600 -0.340000
v -0.315000 0.336600 0.340000
v -0.316584 0.336600 0.346708
v -0.319393 0.336600 0.350607
v -0.320000 0.340000 -0.350000
v -0.317753 0.340764 -0.346124
v -0.316584 0.341162 -0.340000
v -0.316584 0.341162 0.340000
v -0.317753 0.340764 0.346124
v -0.320000 0.340000 0.350000
v -0.321340 0.342489 -0.348660
v -0.320000 0.343400 -0.345000
v -0.319393 0.343812 -0.340000
v -0.319393 0.343812 0.340000
v -0.320000 0.343400 0.345000
v -0.321340 0.342489 0.348660
v -0.358660 0.051911 -0.348660
v -0.355000 0.051000 -0.350000
v -0.350000 0.050588 -0.350607
v -0.330000 0.050588 -0.350607
v -0.325000 0.051000 -0.350000
v -0.321340 0.051911 -0.348660
v -0.360000 0.051000 -0.345000
v -0.356124 0.049472 -0.346124
v -0.350000 0.048677 -0.346708
v -0.330000 0.048677 -0.346708
v -0.323876 0.049472 -0.346124
v -0.320000 0.051000 -0.345000
v -0.360607 0.050588 -0.340000
v -0.356708 0.048677 -0.340000
v -0.350000 0.047600 -0.340000
v -0.330000 0.047600 -0.340000
v -0.323292 0.048677 -0.340000
v -0.319393 0.050588 -0.340000
v -0.360607 0.050588 0.340000
v -0.356708 0.048677 0.340000
v -0.350000 0.047600 0.340000
v -0.330000 0.047600 0.340000
v -0.323292 0.048677 0.340000
v -0.319393 0.050588 0.340000
v -0.360000 0.051000 0.345000
v -0.356124 0.049472 0.346124
v -0.350000 0.048677 0.346708
v -0.330000 0.048677 0.346708
v -0.323876 0.049472 0.346124
v -0.320000 0.051000 0.345000
v -0.358660 0.051911 0.348660
v -0.355000 0.051000 0.350000
v -0.350000 0.050588 0.350607
v -0.330000 0.050588 0.350607
v -0.325000 0.051000 0.350000
v -0.321340 0.051911 0.348660
v -0.358660 0.342489 -0.348660
v -0.355000 0.343400 -0.350000
v -0.350000 0.343812 -0.350607
v -0.330000 0.343812 -0.350607
v -0.325000 0.343400 -0.350000
v -0.321340 0.342489 -0.348660
v -0.360000 0.343400 -0.345000
v -0.356124 0.344928 -0.346124
v -0.350000 0.345723 -0.346708
v -0.330000 0.345723 -0.346708
v -0.323876 0.344928 -0.346124
v -0.320000 0.343400 -0.345000
v -0.360607 0.343812 -0.340000
v -0.356708 0.345723 -0.340000
v -0.350000 0.346800 -0.340000
v -0.330000 0.346800 -0.340000
v -0.323292 0.345723 -0.340000
v -0.319393 0.343812 -0.340000
v -0.360607 0.343812 0.340000
v -0.356708 0.345723 0.340000
v -0.350000 0.346800 0.340000
v -0.330000 0.346800 0.340000
v -0.323292 0.345723 0.340000
v -0.319393 0.343812 0.340000
v -0.360000 0.343400 0.345000
v -0.356124 0.344928 0.346124
v -0.350000 0.345723 0.346708
v -0.330000 0.345723 0.346708
v -0.323876 0.344928 0.346124
v -0.320000 0.343400 0.345000
v -0.358660 0.342489 0.348660
v -0.355000 0.343400 0.350000
v -0.350000 0.343812 0.350607
v -0.330000 0.343812 0.350607
v -0.325000 0.343400 0.350000
v -0.321340 0.342489 0.348660
v -0.358660 0.051911 -0.348660
v -0.360000 0.054400 -0.350000
v -0.360607 0.057800 -0.350607
v -0.360607 0.336600 -0.350607
v -0.360000 0.340000 -0.350000
v -0.358660 0.342489 -0.348660
v -0.355000 0.051000 -0.350000
v -0.356124 0.053636 -0.352247
v -0.356708 0.057800 -0.353416
v -0.356708 0.336600 -0.353416
v -0.356124 0.340764 -0.352247
v -0.355000 0.343400 -0.350000
v -0.350000 0.050588 -0.350607
v -0.350000 0.053238 -0.353416
v -0.350000 0.057800 -0.355000
v -0.350000 0.336600 -0.355000
v -0.350000 0.341162 -0.353416
v -0.350000 0.343812 -0.350607
v -0.330000 0.050588 -0.350607
v -0.330000 0.053238 -0.353416
v -0.330000 0.057800 -0.355000
v -0.330000 0.336600 -0.355000
v -0.330000 0.341162 -0.353416
v -0.330000 0.343812 -0.350607
v -0.325000 0.051000 -0.350000
v -0.323876 0.053636 -0.352247
v -0.323292 0.057800 -0.353416
v -0.323292 0.336600 -0.353416
v -0.323876 0.340764 -0.352247
v -0.325000 0.343400 -0.350000
v -0.321340 0.051911 -0.348660
v -0.320000 0.054400 -0.350000
v -0.319393 0.057800 -0.350607
v -0.319393 0.336600 -0.350607
v -0.320000 0.340000 -0.350000
v -0.321340 0.342489 -0.348660
v -0.358660 0.051911 0.348660
v -0.360000 0.054400 0.350000
v -0.360607 0.057800 0.350607
v -0.360607 0.336600 0.350607
v -0.360000 0.340000 0.350000
v -0.358660 0.342489 0.348660
v -0.355000 0.051000 0.350000
v -0.356124 0.053636 0.352247
v -0.356708 0.057800 0.353416
v -0.356708 0.336600 0.353416
v -0.356124 0.340764 0.352247
v -0.355000 0.343400 0.350000
v -0.350000 0.050588 0.350607
v -0.350000 0.053238 0.353416
v -0.350000 0.057800 0.355000
v -0.350000 0.336600 0.355000
v -0.350000 0.341162 0.353416
v -0.350000 0.343812 0.350607
v -0.330000 0.050588 0.350607
v -0.330000 0.053238 0.353416
v -0.330000 0.057800 0.355000
v -0.330000 0.336600 0.355000
v -0.330000 0.341162 0.353416
v -0.330000 0.343812 0.350607
v -0.325000 0.051000 0.350000
v -0.323876 0.053636 0.352247
v -0.323292 0.057800 0.353416
v -0.323292 0.336600 0.353416
v -0.323876 0.340764 0.352247
v -0.325000 0.343400 0.350000
v -0.321340 0.051911 0.348660
v -0.320000 0.054400 0.350000
v -0.319393 0.057800 0.350607
v -0.319393 0.336600 0.350607
v -0.320000 0.340000 0.350000
v -0.321340 0.342489 0.348660
v 0.321340 0.051911 -0.348660
v 0.320000 0.051000 -0.345000
v 0.319393 0.050588 -0.340000
v 0.319393 0.050588 0.340000
v 0.320000 0.051000 0.345000
v 0.321340 0.051911 0.348660
v 0.320000 0.054400 -0.350000
v 0.317753 0.053636 -0.346124
v 0.316584 0.053238 -0.340000
v 0.316584 0.053238 0.340000
v 0.317753 0.053636 0.346124
v 0.320000 0.054400 0.350000
v 0.319393 0.057800 -0.350607
v 0.316584 0.057800 -0.346708
v 0.315000 0.057800 -0.340000
v 0.315000 0.057800 0.340000
v 0.316584 0.057800 0.346708
v 0.319393 0.057800 0.350607
v 0.319393 0.336600 -0.350607
v 0.316584 0.336600 -0.346708
v 0.315000 0.336600 -0.340000
v 0.315000 0.336600 0.340000
v 0.316584 0.336600 0.346708
v 0.319393 0.336600 0.350607
v 0.320000 0.340000 -0.350000
v 0.317753 0.340764 -0.346124
v 0.316584 0.341162 -0.340000
v 0.316584 0.341162 0.340000
v 0.317753 0.340764 0.346124
v 0.320000 0.340000 0.350000
v 0.321340 0.342489 -0.348660
v 0.320000 0.343400 -0.345000
v 0.319393 0.343812 -0.340000
v 0.319393 0.343812 0.340000
v 0.320000 0.343400 0.345000
v 0.321340 0.342489 0.348660
v 0.358660 0.051911 -0.348660
v 0.360000 0.051000 -0.345000
v 0.360607 0.050588 -0.340000
v 0.360607 0.050588 0.340000
v 0.360000 0.051000 0.345000
v 0.358660 0.051911 0.348660
v 0.360000 0.054400 -0.350000
v 0.362247 0.053636 -0.346124
v 0.363416 0.053238 -0.340000
v 0.363416 0.053238 0.340000
v 0.362247 0.053636 0.346124
v 0.360000 0.054400 0.350000
v 0.360607 0.057800 -0.350607
v 0.363416 0.057800 -0.346708
v 0.365000 0.057800 -0.340000
v 0.365000 0.057800 0.340000
v 0.363416 0.057800 0.346708
v 0.360607 0.057800 0.350607
v 0.360607 0.336600 -0.350607
v 0.363416 0.336600 -0.346708
v 0.365000 0.336600 -0.340000
v 0.365000 0.336600 0.340000
v 0.363416 0.336600 0.346708
v 0.360607 0.336600 0.350607
v 0.360000 0.340000 -0.350000
v 0.362247 0.340764 -0.346124
v 0.363416 0.341162 -0.340000
v 0.363416 0.341162 0.340000
v 0.362247 0.340764 0.346124
v 0.360000 0.340000 0.350000
v 0.358660 0.342489 -0.348660
v 0.360000 0.343400 -0.345000
v 0.360607 0.343812 -0.340000
v 0.360607 0.343812 0.340000
v 0.360000 0.343400 0.345000
v 0.358660 0.342489 0.348660
v 0.321340 0.051911 -0.348660
v 0.325000 0.051000 -0.350000
v 0.330000 0.050588 -0.350607
v 0.350000 0.050588 -0.350607
v 0.355000 0.051000 -0.350000
v 0.358660 0.051911 -0.348660
v 0.320000 0.051000 -0.345000
v 0.323876 0.049472 -0.346124
v 0.330000 0.048677 -0.346708
v 0.350000 0.048677 -0.346708
v 0.356124 0.049472 -0.346124
v 0.360000 0.051000 -0.345000
v 0.319393 0.050588 -0.340000
v 0.323292 0.048677 -0.340000
v 0.330000 0.047600 -0.340000
v 0.350000 0.047600 -0.340000
v 0.356708 0.048677 -0.340000
v 0.360607 0.050588 -0.340000
v 0.319393 0.050588 0.340000
v 0.323292 0.048677 0.340000
v 0.330000 0.047600 0.340000
v 0.350000 0.047600 0.340000
v 0.356708 0.048677 0.340000
v 0.360607 0.050588 0.340000
v 0.320000 0.051000 0.345000
v 0.323876 0.049472 0.346124
v 0.330000 0.048677 0.346708
v 0.350000 0.048677 0.346708
v 0.356124 0.049472 0.346124
v 0.360000 0.051000 0.345000
v 0.321340 0.051911 0.348660
v 0.325000 0.051000 0.350000
v 0.330000 0.050588 0.350607
v 0.350000 0.050588 0.350607
v 0.355000 0.051000 0.350000
v 0.358660 0.051911 0.348660
v 0.321340 0.342489 -0.348660
v 0.325000 0.343400 -0.350000
v 0.330000 0.343812 -0.350607
v 0.350000 0.343812 -0.350607
v 0.355000 0.343400 -0.350000
v 0.358660 0.342489 -0.348660
v 0.320000 0.343400 -0.345000
v 0.323876 0.344928 -0.346124
v 0.330000 0.345723 -0.346708
v 0.350000 0.345723 -0.346708
v 0.356124 0.344928 -0.346124
v 0.360000 0.343400 -0.345000
v 0.319393 0.343812 -0.340000
v 0.323292 0.345723 -0.340000
v 0.330000 0.346800 -0.340000
v 0.350000 0.346800 -0.340000
v 0.356708 0.345723 -0.340000
v 0.360607 0.343812 -0.340000
v 0.319393 0.343812 0.340000
v 0.323292 0.345723 0.340000
v 0.330000 0.346800 0.340000
v 0.350000 0.346800 0.340000
v 0.356708 0.345723 0.340000
v 0.360607 0.343812 0.340000
v 0.320000 0.343400 0.345000
v 0.323876 0.344928 0.346124
v 0.330000 0.345723 0.346708
v 0.350000 0.345723 0.346708
v 0.356124 0.344928 0.346124
v 0.360000 0.343400 0.345000
v 0.321340 0.342489 0.348660
v 0.325000 0.343400 0.350000
v 0.330000 0.343812 0.350607
v 0.350000 0.343812 0.350607
v 0.355000 0.343400 0.350000
v 0.358660 0.342489 0.348660
v 0.321340 0.051911 -0.348660
v 0.320000 0.054400 -0.350000
v 0.319393 0.057800 -0.350607
v 0.319393 0.336600 -0.350607
v 0.320000 0.340000 -0.350000
v 0.321340 0.342489 -0.348660
v 0.325000 0.051000 -0.350000
v 0.323876 0.053636 -0.352247
v 0.323292 0.057800 -0.353416
v 0.323292 0.336600 -0.353416
v 0.323876 0.340764 -0.352247
v 0.325000 0.343400 -0.350000
v 0.330000 0.050588 -0.350607
v 0.330000 0.053238 -0.353416
v 0.330000 0.057800 -0.355000
v 0.330000 0.336600 -0.355000
v 0.330000 0.341162 -0.353416
v 0.330000 0.343812 -0.350607
v 0.350000 0.050588 -0.350607
v 0.350000 0.053238 -0.353416
v 0.350000 0.057800 -0.355000
v 0.350000 0.336600 -0.355000
v 0.350000 0.341162 -0.353416
v 0.350000 0.343812 -0.350607
v 0.355000 0.051000 -0.350000
v 0.356124 0.053636 -0.352247
v 0.356708 0.057800 -0.353416
v 0.356708 0.336600 -0.353416
v 0.356124 0.340764 -0.352247
v 0.355000 0.343400 -0.350000
v 0.358660 0.051911 -0.348660
v 0.360000 0.054400 -0.350000
v 0.360607 0.057800 -0.350607
v 0.360607 0.336600 -0.350607
v 0.360000 0.340000 -0.350000
v 0.358660 0.342489 -0.348660
v 0.321340 0.051911 0.348660
v 0.320000 0.054400 0.350000
v 0.319393 0.057800 0.350607
v 0.319393 0.336600 0.350607
v 0.320000 0.340000 0.350000
v 0.321340 0.342489 0.348660
v 0.325000 0.051000 0.350000
v 0.323876 0.053636 0.352247
v 0.323292 0.057800 0.353416
v 0.323292 0.336600 0.353416
v 0.323876 0.340764 0.352247
v 0.325000 0.343400 0.350000
v 0.330000 0.050588 0.350607
v 0.330000 0.053238 0.353416
v 0.330000 0.057800 0.355000
v 0.330000 0.336600 0.355000
v 0.330000 0.341162 0.353416
v 0.330000 0.343812 0.350607
v 0.350000 0.050588 0.350607
v 0.350000 0.053238 0.353416
v 0.350000 0.057800 0.355000
v 0.350000 0.336600 0.355000
v 0.350000 0.341162 0.353416
v 0.350000 0.343812 0.350607
v 0.355000 0.051000 0.350000
v 0.356124 0.053636 0.352247
v 0.356708 0.057800 0.353416
v 0.356708 0.336600 0.353416
v 0.356124 0.340764 0.352247
v 0.355000 0.343400 0.350000
v 0.358660 0.051911 0.348660
v 0.360000 0.054400 0.350000
v 0.360607 0.057800 0.350607
v 0.360607 0.336600 0.350607
v 0.360000 0.340000 0.350000
v 0.358660 0.342489 0.348660
v -0.313660 0.051911 -0.348660
v -0.315000 0.051000 -0.345000
v -0.315607 0.050588 -0.340000
v -0.315607 0.050588 -0.320000
v -0.315000 0.051000 -0.315000
v -0.313660 0.051911 -0.311340
v -0.315000 0.054400 -0.350000
v -0.317247 0.053636 -0.346124
v -0.318416 0.053238 -0.340000
v -0.318416 0.053238 -0.320000
v -0.317247 0.053636 -0.313876
v -0.315000 0.054400 -0.310000
v -0.315607 0.057800 -0.350607
v -0.318416 0.057800 -0.346708
v -0.320000 0.057800 -0.340000
v -0.320000 0.057800 -0.320000
v -0.318416 0.057800 -0.313292
v -0.315607 0.057800 -0.309393
v -0.315607 0.336600 -0.350607
v -0.318416 0.336600 -0.346708
v -0.320000 0.336600 -0.340000
v -0.320000 0.336600 -0.320000
v -0.318416 0.336600 -0.313292
v -0.315607 0.336600 -0.309393
v -0.315000 0.340000 -0.350000
v -0.317247 0.340764 -0.346124
v -0.318416 0.341162 -0.340000
v -0.318416 0.341162 -0.320000
v -0.317247 0.340764 -0.313876
v -0.315000 0.340000 -0.310000
v -0.313660 0.342489 -0.348660
v -0.315000 0.343400 -0.345000
v -0.315607 0.343812 -0.340000
v -0.315607 0.343812 -0.320000
v -0.315000 0.343400 -0.315000
v -0.313660 0.342489 -0.311340
v 0.313660 0.051911 -0.348660
v 0.315000 0.051000 -0.345000
v 0.315607 0.050588 -0.340000
v 0.315607 0.050588 -0.320000
v 0.315000 0.051000 -0.315000
v 0.313660 0.051911 -0.311340
v 0.315000 0.054400 -0.350000
v 0.317247 0.053636 -0.346124
v 0.318416 0.053238 -0.340000
v 0.318416 0.053238 -0.320000
v 0.317247 0.053636 -0.313876
v 0.315000 0.054400 -0.310000
v 0.315607 0.057800 -0.350607
v 0.318416 0.057800 -0.346708
v 0.320000 0.057800 -0.340000
v 0.320000 0.057800 -0.320000
v 0.318416 0.057800 -0.313292
v 0.315607 0.057800 -0.309393
v 0.315607 0.336600 -0.350607
v 0.318416 0.336600 -0.346708
v 0.320000 0.336600 -0.340000
v 0.320000 0.336600 -0.320000
v 0.318416 0.336600 -0.313292
v 0.315607 0.336600 -0.309393
v 0.315000 0.340000 -0.350000
v 0.317247 0.340764 -0.346124
v 0.318416 0.341162 -0.340000
v 0.318416 0.341162 -0.320000
v 0.317247 0.340764 -0.313876
v 0.315000 0.340000 -0.310000
v 0.313660 0.342489 -0.348660
v 0.315000 0.343400 -0.345000
v 0.315607 0.343812 -0.340000
v 0.315607 0.343812 -0.320000
v 0.315000 0.343400 -0.315000
v 0.313660 0.342489 -0.311340
v -0.313660 0.051911 -0.348660
v -0.310000 0.051000 -0.350000
v -0.305000 0.050588 -0.350607
v 0.305000 0.050588 -0.350607
v 0.310000 0.051000 -0.350000
v 0.313660 0.051911 -0.348660
v -0.315000 0.051000 -0.345000
v -0.311124 0.049472 -0.346124
v -0.305000 0.048677 -0.346708
v 0.305000 0.048677 -0.346708
v 0.311124 0.049472 -0.346124
v 0.315000 0.051000 -0.345000
v -0.315607 0.050588 -0.340000
v -0.311708 0.048677 -0.340000
v -0.305000 0.047600 -0.340000
v 0.305000 0.047600 -0.340000
v 0.311708 0.048677 -0.340000
v 0.315607 0.050588 -0.340000
v -0.315607 0.050588 -0.320000
v -0.311708 0.048677 -0.320000
v -0.305000 0.047600 -0.320000
v 0.305000 0.047600 -0.320000
v 0.311708 0.048677 -0.320000
v 0.315607 0.050588 -0.320000
v -0.315000 0.051000 -0.315000
v -0.311124 0.049472 -0.313876
v -0.305000 0.048677 -0.313292
v 0.305000 0.048677 -0.313292
v 0.311124 0.049472 -0.313876
v 0.315000 0.051000 -0.315000
v -0.313660 0.051911 -0.311340
v -0.310000 0.051000 -0.310000
v -0.305000 0.050588 -0.309393
v 0.305000 0.050588 -0.309393
v 0.310000 0.051000 -0.310000
v 0.313660 0.051911 -0.311340
v -0.313660 0.342489 -0.348660
v -0.310000 0.343400 -0.350000
v -0.305000 0.343812 -0.350607
v 0.305000 0.343812 -0.350607
v 0.310000 0.343400 -0.350000
v 0.313660 0.342489 -0.348660
v -0.315000 0.343400 -0.345000
v -0.311124 0.344928 -0.346124
v -0.305000 0.345723 -0.346708
v 0.305000 0.345723 -0.346708
v 0.311124 0.344928 -0.346124
v 0.315000 0.343400 -0.345000
v -0.315607 0.343812 -0.340000
v -0.311708 0.345723 -0.340000
v -0.305000 0.346800 -0.340000
v 0.305000 0.346800 -0.340000
v 0.311708 0.345723 -0.340000
v 0.315607 0.343812 -0.340000
v -0.315607 0.343812 -0.320000
v -0.311708 0.345723 -0.320000
v -0.305000 0.346800 -0.320000
v 0.305000 0.346800 -0.320000
v 0.311708 0.345723 -0.320000
v 0.315607 0.343812 -0.320000
v -0.315000 0.343400 -0.315000
v -0.311124 0.344928 -0.313876
v -0.305000 0.345723 -0.313292
v 0.305000 0.345723 -0.313292
v 0.311124 0.344928 -0.313876
v 0.315000 0.343400 -0.315000
v -0.313660 0.342489 -0.311340
v -0.310000 0.343400 -0.310000
v -0.305000 0.343812 -0.309393
v 0.305000 0.343812 -0.309393
v 0.310000 0.343400 -0.310000
v 0.313660 0.342489 -0.311340
v -0.313660 0.051911 -0.348660
v -0.315000 0.054400 -0.350000
v -0.315607 0.057800 -0.350607
v -0.315607 0.336600 -0.350607
v -0.315000 0.340000 -0.350000
v -0.313660 0.342489 -0.348660
v -0.310000 0.051000 -0.350000
v -0.311124 0.053636 -0.352247
v -0.311708 0.057800 -0.353416
v -0.311708 0.336600 -0.353416
v -0.311124 0.340764 -0.352247
v -0.310000 0.343400 -0.350000
v -0.305000 0.050588 -0.350607
v -0.305000 0.053238 -0.353416
v -0.305000 0.057800 -0.355000
v -0.305000 0.336600 -0.355000
v -0.305000 0.341162 -0.353416
v -0.305000 0.343812 -0.350607
v 0.305000 0.050588 -0.350607
v 0.305000 0.053238 -0.353416
v 0.305000 0.057800 -0.355000
v 0.305000 0.336600 -0.355000
v 0.305000 0.341162 -0.353416
v 0.305000 0.343812 -0.350607
v 0.310000 0.051000 -0.350000
v 0.311124 0.053636 -0.352247
v 0.311708 0.057800 -0.353416
v 0.311708 0.336600 -0.353416
v 0.311124 0.340764 -0.352247
v 0.310000 0.343400 -0.350000
v 0.313660 0.051911 -0.348660
v 0.315000 0.054400 -0.350000
v 0.315607 0.057800 -0.350607
v 0.315607 0.336600 -0.350607
v 0.315000 0.340000 -0.350000
v 0.313660 0.342489 -0.348660
v -0.313660 0.051911 -0.311340
v -0.315000 0.054400 -0.310000
v -0.315607 0.057800 -0.309393
v -0.315607 0.336600 -0.309393
v -0.315000 0.340000 -0.310000
v -0.313660 0.342489 -0.311340
v -0.310000 0.051000 -0.310000
v -0.311124 0.053636 -0.307753
v -0.311708 0.057800 -0.306584
v -0.311708 0.336600 -0.306584
v -0.311124 0.340764 -0.307753
v -0.310000 0.343400 -0.310000
v -0.305000 0.050588 -0.309393
v -0.305000 0.053238 -0.306584
v -0.305000 0.057800 -0.305000
v -0.305000 0.336600 -0.305000
v -0.305000 0.341162 -0.306584
v -0.305000 0.343812 -0.309393
v 0.305000 0.050588 -0.309393
v 0.305000 0.053238 -0.306584
v 0.305000 0.057800 -0.305000
v 0.305000 0.336600 -0.305000
v 0.305000 0.341162 -0.306584
v 0.305000 0.343812 -0.309393
v 0.310000 0.051000 -0.310000
v 0.311124 0.053636 -0.307753
v 0.311708 0.057800 -0.306584
v 0.311708 0.336600 -0.306584
v 0.311124 0.340764 -0.307753
v 0.310000 0.343400 -0.310000
v 0.313660 0.051911 -0.311340
v 0.315000 0.054400 -0.310000
v 0.315607 0.057800 -0.309393
v 0.315607 0.336600 -0.309393
v 0.315000 0.340000 -0.310000
v 0.313660 0.342489 -0.311340
v -0.313660 0.051911 0.311340
v -0.315000 0.051000 0.315000
v -0.315607 0.050588 0.320000
v -0.315607 0.050588 0.340000
v -0.315000 0.051000 0.345000
v -0.313660 0.051911 0.348660
v -0.315000 0.054400 0.310000
v -0.317247 0.053636 0.313876
v -0.318416 0.053238 0.320000
v -0.318416 0.053238 0.340000
v -0.317247 0.053636 0.346124
v -0.315000 0.054400 0.350000
v -0.315607 0.057800 0.309393
v -0.318416 0.057800 0.313292
v -0.320000 0.057800 0.320000
v -0.320000 0.057800 0.340000
v -0.318416 0.057800 0.346708
v -0.315607 0.057800 0.350607
v -0.315607 0.336600 0.309393
v -0.318416 0.336600 0.313292
v -0.320000 0.336600 0.320000
v -0.320000 0.336600 0.340000
v -0.318416 0.336600 0.346708
v -0.315607 0.336600 0.350607
v -0.315000 0.340000 0.310000
v -0.317247 0.340764 0.313876
v -0.318416 0.341162 0.320000
v -0.318416 0.341162 0.340000
v -0.317247 0.340764 0.346124
v -0.315000 0.340000 0.350000
v -0.313660 0.342489 0.311340
v -0.315000 0.343400 0.315000
v -0.315607 0.343812 0.320000
v -0.315607 0.343812 0.340000
v -0.315000 0.343400 0.345000
v -0.313660 0.342489 0.348660
v 0.313660 0.051911 0.311340
v 0.315000 0.051000 0.315000
v 0.315607 0.050588 0.320000
v 0.315607 0.050588 0.340000
v 0.315000 0.051000 0.345000
v 0.313660 0.051911 0.348660
v 0.315000 0.054400 0.310000
v 0.317247 0.053636 0.313876
v 0.318416 0.053238 0.320000
v 0.318416 0.053238 0.340000
v 0.317247 0.053636 0.346124
v 0.315000 0.054400 0.350000
v 0.315607 0.057800 0.309393
v 0.318416 0.057800 0.313292
v 0.320000 0.057800 0.320000
v 0.320000 0.057800 0.340000
v 0.318416 0.057800 0.346708
v 0.315607 0.057800 0.350607
v 0.315607 0.336600 0.309393
v 0.318416 0.336600 0.313292
v 0.320000 0.336600 0.320000
v 0.320000 0.336600 0.340000
v 0.318416 0.336600 0.346708
v 0.315607 0.336600 0.350607
v 0.315000 0.340000 0.310000
v 0.317247 0.340764 0.313876
v 0.318416 0.341162 0.320000
v 0.318416 0.341162 0.340000
v 0.317247 0.340764 0.346124
v 0.315000 0.340000 0.350000
v 0.313660 0.342489 0.311340
v 0.315000 0.343400 0.315000
v 0.315607 0.343812 0.320000
v 0.315607 0.343812 0.340000
v 0.315000 0.343400 0.345000
v 0.313660 0.342489 0.348660
v -0.313660 0.051911 0.311340
v -0.310000 0.051000 0.310000
v -0.305000 0.050588 0.309393
v 0.305000 0.050588 0.309393
v 0.310000 0.051000 0.310000
v 0.313660 0.051911 0.311340
v -0.315000 0.051000 0.315000
v -0.311124 0.049472 0.313876
v -0.305000 0.048677 0.313292
v 0.305000 0.048677 0.313292
v 0.311124 0.049472 0.313876
v 0.315000 0.051000 0.315000
v -0.315607 0.050588 0.320000
v -0.311708 0.048677 0.320000
v -0.305000 0.047600 0.320000
v 0.305000 0.047600 0.320000
v 0.311708 0.048677 0.320000
v 0.315607 0.050588 0.320000
v -0.315607 0.050588 0.340000
v -0.311708 0.048677 0.340000
v -0.305000 0.047600 0.340000
v 0.305000 0.047600 0.340000
v 0.311708 0.048677 0.340000
v 0.315607 0.050588 0.340000
v -0.315000 0.051000 0.345000
v -0.311124 0.049472 0.346124
v -0.305000 0.048677 0.346708
v 0.305000 0.048677 0.346708
v 0.311124 0.049472 0.346124
v 0.315000 0.051000 0.345000
v -0.313660 0.051911 0.348660
v -0.310000 0.051000 0.350000
v -0.305000 0.050588 0.350607
v 0.305000 0.050588 0.350607
v 0.310000 0.051000 0.350000
v 0.313660 0.051911 0.348660
v -0.313660 0.342489 0.311340
v -0.310000 0.343400 0.310000
v -0.305000 0.343812 0.309393
v 0.305000 0.343812 0.309393
v 0.310000 0.343400 0.310000
v 0.313660 0.342489 0.311340
v -0.315000 0.343400 0.315000
v -0.311124 0.344928 0.313876
v -0.305000 0.345723 0.313292
v 0.305000 0.345723 0.313292
v 0.311124 0.344928 0.313876
v 0.315000 0.343400 0.315000
v -0.315607 0.343812 0.320000
v -0.311708 0.345723 0.320000
v -0.305000 0.346800 0.320000
v 0.305000 0.346800 0.320000
v 0.311708 0.345723 0.320000
v 0.315607 0.343812 0.320000
v -0.315607 0.343812 0.340000
v -0.311708 0.345723 0.340000
v -0.305000 0.346800 0.340000
v 0.305000 0.346800 0.340000
v 0.311708 0.345723 0.340000
v 0.315607 0.343812 0.340000
v -0.315000 0.343400 0.345000
v -0.311124 0.344928 0.346124
v -0.305000 0.345723 0.346708
v 0.305000 0.345723 0.346708
v 0.311124 0.344928 0.346124
v 0.315000 0.343400 0.345000
v -0.313660 0.342489 0.348660
v -0.310000 0.343400 0.350000
v -0.305000 0.343812 0.350607
v 0.305000 0.343812 0.350607
v 0.310000 0.343400 0.350000
v 0.313660 0.342489 0.348660
v -0.313660 0.051911 0.311340
v -0.315000 0.054400 0.310000
v -0.315607 0.057800 0.309393
v -0.315607 0.336600 0.309393
v -0.315000 0.340000 0.310000
v -0.313660 0.342489 0.311340
v -0.310000 0.051000 0.310000
v -0.311124 0.053636 0.307753
v -0.311708 0.057800 0.306584
v -0.311708 0.336600 0.306584
v -0.311124 0.340764 0.307753
v -0.310000 0.343400 0.310000
v -0.305000 0.050588 0.309393
v -0.305000 0.053238 0.306584
v -0.305000 0.057800 0.305000
v -0.305000 0.336600 0.305000
v -0.305000 0.341162 0.306584
v -0.305000 0.343812 0.309393
v 0.305000 0.050588 0.309393
v 0.305000 0.053238 0.306584
v 0.305000 0.057800 0.305000
v 0.305000 0.336600 0.305000
v 0.305000 0.341162 0.306584
v 0.305000 0.343812 0.309393
v 0.310000 0.051000 0.310000
v 0.311124 0.053636 0.307753
v 0.311708 0.057800 0.306584
v 0.311708 0.336600 0.306584
v 0.311124 0.340764 0.307753
v 0.310000 0.343400 0.310000
v 0.313660 0.051911 0.311340
v 0.315000 0.054400 0.310000
v 0.315607 0.057800 0.309393
v 0.315607 0.336600 0.309393
v 0.315000 0.340000 0.310000
v 0.313660 0.342489 0.311340
v -0.313660 0.051911 0.348660
v -0.315000 0.054400 0.350000
v -0.315607 0.057800 0.350607
v -0.315607 0.336600 0.350607
v -0.315000 0.340000 0.350000
v -0.313660 0.342489 0.348660
v -0.310000 0.051000 0.350000
v -0.311124 0.053636 0.352247
v -0.311708 0.057800 0.353416
v -0.311708 0.336600 0.353416
v -0.311124 0.340764 0.352247
v -0.310000 0.343400 0.350000
v -0.305000 0.050588 0.350607
v -0.305000 0.053238 0.353416
v -0.305000 0.057800 0.355000
v -0.305000 0.336600 0.355000
v -0.305000 0.341162 0.353416
v -0.305000 0.343812 0.350607
v 0.305000 0.050588 0.350607
v 0.305000 0.053238 0.353416
v 0.305000 0.057800 0.355000
v 0.305000 0.336600 0.355000
v 0.305000 0.341162 0.353416
v 0.305000 0.343812 0.350607
v 0.310000 0.051000 0.350000
v 0.311124 0.053636 0.352247
v 0.311708 0.057800 0.353416
v 0.311708 0.336600 0.353416
v 0.311124 0.340764 0.352247
v 0.310000 0.343400 0.350000
v 0.313660 0.051911 0.348660
v 0.315000 0.054400 0.350000
v 0.315607 0.057800 0.350607
v 0.315607 0.336600 0.350607
v 0.315000 0.340000 0.350000
v 0.313660 0.342489 0.348660
v -0.325907 0.099683 0.358593
v -0.326667 0.099167 0.360667
v -0.327010 0.098933 0.363500
v -0.327010 0.098933 0.366500
v -0.326667 0.099167 0.369333
v -0.325907 0.099683 0.371407
v -0.326667 0.101093 0.357833
v -0.327940 0.100660 0.360030
v -0.328603 0.100435 0.363500
v -0.328603 0.100435 0.366500
v -0.327940 0.100660 0.369970
v -0.326667 0.101093 0.372167
v -0.327010 0.103020 0.357490
v -0.328603 0.103020 0.359699
v -0.329500 0.103020 0.363500
v -0.329500 0.103020 0.366500
v -0.328603 0.103020 0.370301
v -0.327010 0.103020 0.372510
v -0.327010 0.302260 0.357490
v -0.328603 0.302260 0.359699
v -0.329500 0.302260 0.363500
v -0.329500 0.302260 0.366500
v -0.328603 0.302260 0.370301
v -0.327010 0.302260 0.372510
v -0.326667 0.304187 0.357833
v -0.327940 0.304620 0.360030
v -0.328603 0.304845 0.363500
v -0.328603 0.304845 0.366500
v -0.327940 0.304620 0.369970
v -0.326667 0.304187 0.372167
v -0.325907 0.305597 0.358593
v -0.326667 0.306113 0.360667
v -0.327010 0.306347 0.363500
v -0.327010 0.306347 0.366500
v -0.326667 0.306113 0.369333
v -0.325907 0.305597 0.371407
v -0.018093 0.099683 0.358593
v -0.017333 0.099167 0.360667
v -0.016990 0.098933 0.363500
v -0.016990 0.098933 0.366500
v -0.017333 0.099167 0.369333
v -0.018093 0.099683 0.371407
v -0.017333 0.101093 0.357833
v -0.016060 0.100660 0.360030
v -0.015397 0.100435 0.363500
v -0.015397 0.100435 0.366500
v -0.016060 0.100660 0.369970
v -0.017333 0.101093 0.372167
v -0.016990 0.103020 0.357490
v -0.015397 0.103020 0.359699
v -0.014500 0.103020 0.363500
v -0.014500 0.103020 0.366500
v -0.015397 0.103020 0.370301
v -0.016990 0.103020 0.372510
v -0.016990 0.302260 0.357490
v -0.015397 0.302260 0.359699
v -0.014500 0.302260 0.363500
v -0.014500 0.302260 0.366500
v -0.015397 0.302260 0.370301
v -0.016990 0.302260 0.372510
v -0.017333 0.304187 0.357833
v -0.016060 0.304620 0.360030
v -0.015397 0.304845 0.363500
v -0.015397 0.304845 0.366500
v -0.016060 0.304620 0.369970
v -0.017333 0.304187 0.372167
v -0.018093 0.305597 0.358593
v -0.017333 0.306113 0.360667
v -0.016990 0.306347 0.363500
v -0.016990 0.306347 0.366500
v -0.017333 0.306113 0.369333
v -0.018093 0.305597 0.371407
v -0.325907 0.099683 0.358593
v -0.323833 0.099167 0.357833
v -0.321000 0.098933 0.357490
v -0.023000 0.098933 0.357490
v -0.020167 0.099167 0.357833
v -0.018093 0.099683 0.358593
v -0.326667 0.099167 0.360667
v -0.324470 0.098301 0.360030
v -0.321000 0.097850 0.359699
v -0.023000 0.097850 0.359699
v -0.019530 0.098301 0.360030
v -0.017333 0.099167 0.360667
v -0.327010 0.098933 0.363500
v -0.324801 0.097850 0.363500
v -0.321000 0.097240 0.363500
v -0.023000 0.097240 0.363500
v -0.019199 0.097850 0.363500
v -0.016990 0.098933 0.363500
v -0.327010 0.098933 0.366500
v -0.324801 0.097850 0.366500
v -0.321000 0.097240 0.366500
v -0.023000 0.097240 0.366500
v -0.019199 0.097850 0.366500
v -0.016990 0.098933 0.366500
v -0.326667 0.099167 0.369333
v -0.324470 0.098301 0.369970
v -0.321000 0.097850 0.370301
v -0.023000 0.097850 0.370301
v -0.019530 0.098301 0.369970
v -0.017333 0.099167 0.369333
v -0.325907 0.099683 0.371407
v -0.323833 0.099167 0.372167
v -0.321000 0.098933 0.372510
v -0.023000 0.098933 0.372510
v -0.020167 0.099167 0.372167
v -0.018093 0.099683 0.371407
v -0.325907 0.305597 0.358593
v -0.323833 0.306113 0.357833
v -0.321000 0.306347 0.357490
v -0.023000 0.306347 0.357490
v -0.020167 0.306113 0.357833
v -0.018093 0.305597 0.358593
v -0.326667 0.306113 0.360667
v -0.324470 0.306979 0.360030
v -0.321000 0.307430 0.359699
v -0.023000 0.307430 0.359699
v -0.019530 0.306979 0.360030
v -0.017333 0.306113 0.360667
v -0.327010 0.306347 0.363500
v -0.324801 0.307430 0.363500
v -0.321000 0.308040 0.363500
v -0.023000 0.308040 0.363500
v -0.019199 0.307430 0.363500
v -0.016990 0.306347 0.363500
v -0.327010 0.306347 0.366500
v -0.324801 0.307430 0.366500
v -0.321000 0.308040 0.366500
v -0.023000 0.308040 0.366500
v -0.019199 0.307430 0.366500
v -0.016990 0.306347 0.366500
v -0.326667 0.306113 0.369333
v -0.324470 0.306979 0.369970
v -0.321000 0.307430 0.370301
v -0.023000 0.307430 0.370301
v -0.019530 0.306979 0.369970
v -0.017333 0.306113 0.369333
v -0.325907 0.305597 0.371407
v -0.323833 0.306113 0.372167
v -0.321000 0.306347 0.372510
v -0.023000 0.306347 0.372510
v -0.020167 0.306113 0.372167
v -0.018093 0.305597 0.371407
v -0.325907 0.099683 0.358593
v -0.326667 0.101093 0.357833
v -0.327010 0.103020 0.357490
v -0.327010 0.302260 0.357490
v -0.326667 0.304187 0.357833
v -0.325907 0.305597 0.358593
v -0.323833 0.099167 0.357833
v -0.324470 0.100660 0.356560
v -0.324801 0.103020 0.355897
v -0.324801 0.302260 0.355897
v -0.324470 0.304620 0.356560
v -0.323833 0.306113 0.357833
v -0.321000 0.098933 0.357490
v -0.321000 0.100435 0.355897
v -0.321000 0.103020 0.355000
v -0.321000 0.302260 0.355000
v -0.321000 0.304845 0.355897
v -0.321000 0.306347 0.357490
v -0.023000 0.098933 0.357490
v -0.023000 0.100435 0.355897
v -0.023000 0.103020 0.355000
v -0.023000 0.302260 0.355000
v -0.023000 0.304845 0.355897
v -0.023000 0.306347 0.357490
v -0.020167 0.099167 0.357833
v -0.019530 0.100660 0.356560
v -0.019199 0.103020 0.355897
v -0.019199 0.302260 0.355897
v -0.019530 0.304620 0.356560
v -0.020167 0.306113 0.357833
v -0.018093 0.099683 0.358593
v -0.017333 0.101093 0.357833
v -0.016990 0.103020 0.357490
v -0.016990 0.302260 0.357490
v -0.017333 0.304187 0.357833
v -0.018093 0.305597 0.358593
v -0.325907 0.099683 0.371407
v -0.326667 0.101093 0.372167
v -0.327010 0.103020 0.372510
v -0.327010 0.302260 0.372510
v -0.326667 0.304187 0.372167
v -0.325907 0.305597 0.371407
v -0.323833 0.099167 0.372167
v -0.324470 0.100660 0.373440
v -0.324801 0.103020 0.374103
v -0.324801 0.302260 0.374103
v -0.324470 0.304620 0.373440
v -0.323833 0.306113 0.372167
v -0.321000 0.098933 0.372510
v -0.321000 0.100435 0.374103
v -0.321000 0.103020 0.375000
v -0.321000 0.302260 0.375000
v -0.321000 0.304845 0.374103
v -0.321000 0.306347 0.372510
v -0.023000 0.098933 0.372510
v -0.023000 0.100435 0.374103
v -0.023000 0.103020 0.375000
v -0.023000 0.302260 0.375000
v -0.023000 0.304845 0.374103
v -0.023000 0.306347 0.372510
v -0.020167 0.099167 0.372167
v -0.019530 0.100660 0.373440
v -0.019199 0.103020 0.374103
v -0.019199 0.302260 0.374103
v -0.019530 0.304620 0.373440
v -0.020167 0.306113 0.372167
v -0.018093 0.099683 0.371407
v -0.017333 0.101093 0.372167
v -0.016990 0.103020 0.372510
v -0.016990 0.302260 0.372510
v -0.017333 0.304187 0.372167
v -0.018093 0.305597 0.371407
v 0.018093 0.099683 0.358593
v 0.017333 0.099167 0.360667
v 0.016990 0.098933 0.363500
v 0.016990 0.098933 0.366500
v 0.017333 0.099167 0.369333
v 0.018093 0.099683 0.371407
v 0.017333 0.101093 0.357833
v 0.016060 0.100660 0.360030
v 0.015397 0.100435 0.363500
v 0.015397 0.100435 0.366500
v 0.016060 0.100660 0.369970
v 0.017333 0.101093 0.372167
v 0.016990 0.103020 0.357490
v 0.015397 0.103020 0.359699
v 0.014500 0.103020 0.363500
v 0.014500 0.103020 0.366500
v 0.015397 0.103020 0.370301
v 0.016990 0.103020 0.372510
v 0.016990 0.302260 0.357490
v 0.015397 0.302260 0.359699
v 0.014500 0.302260 0.363500
v 0.014500 0.302260 0.366500
v 0.015397 0.302260 0.370301
v 0.016990 0.302260 0.372510
v 0.017333 0.304187 0.357833
v 0.016060 0.304620 0.360030
v 0.015397 0.304845 0.363500
v 0.015397 0.304845 0.366500
v 0.016060 0.304620 0.369970
v 0.017333 0.304187 0.372167
v 0.018093 0.305597 0.358593
v 0.017333 0.306113 0.360667
v 0.016990 0.306347 0.363500
v 0.016990 0.306347 0.366500
v 0.017333 0.306113 0.369333
v 0.018093 0.305597 0.371407
v 0.325907 0.099683 0.358593
v 0.326667 0.099167 0.360667
v 0.327010 0.098933 0.363500
v 0.327010 0.098933 0.366500
v 0.326667 0.099167 0.369333
v 0.325907 0.099683 0.371407
v 0.326667 0.101093 0.357833
v 0.327940 0.100660 0.360030
v 0.328603 0.100435 0.363500
v 0.328603 0.100435 0.366500
v 0.327940 0.100660 0.369970
v 0.326667 0.101093 0.372167
v 0.327010 0.103020 0.357490
v 0.328603 0.103020 0.359699
v 0.329500 0.103020 0.363500
v 0.329500 0.103020 0.366500
v 0.328603 0.103020 0.370301
v 0.327010 0.103020 0.372510
v 0.327010 0.302260 0.357490
v 0.328603 0.302260 0.359699
v 0.329500 0.302260 0.363500
v 0.329500 0.302260 0.366500
v 0.328603 0.302260 0.370301
v 0.327010 0.302260 0.372510
v 0.326667 0.304187 0.357833
v 0.327940 0.304620 0.360030
v 0.328603 0.304845 0.363500
v 0.328603 0.304845 0.366500
v 0.327940 0.304620 0.369970
v 0.326667 0.304187 0.372167
v 0.325907 0.305597 0.358593
v 0.326667 0.306113 0.360667
v 0.327010 0.306347 0.363500
v 0.327010 0.306347 0.366500
v 0.326667 0.306113 0.369333
v 0.325907 0.305597 0.371407
v 0.018093 0.099683 0.358593
v 0.020167 0.099167 0.357833
v 0.023000 0.098933 0.357490
v 0.321000 0.098933 0.357490
v 0.323833 0.099167 0.357833
v 0.325907 0.099683 0.358593
v 0.017333 0.099167 0.360667
v 0.019530 0.098301 0.360030
v 0.023000 0.097850 0.359699
v 0.321000 0.097850 0.359699
v 0.324470 0.098301 0.360030
v 0.326667 0.099167 0.360667
v 0.016990 0.098933 0.363500
v 0.019199 0.097850 0.363500
v 0.023000 0.097240 0.363500
v 0.321000 0.097240 0.363500
v 0.324801 0.097850 0.363500
v 0.327010 0.098933 0.363500
v 0.016990 0.098933 0.366500
v 0.019199 0.097850 0.366500
v 0.023000 0.097240 0.366500
v 0.321000 0.097240 0.366500
v 0.324801 0.097850 0.366500
v 0.327010 0.098933 0.366500
v 0.017333 0.099167 0.369333
v 0.019530 0.098301 0.369970
v 0.023000 0.097850 0.370301
v 0.321000 0.097850 0.370301
v 0.324470 0.098301 0.369970
v 0.326667 0.099167 0.369333
v 0.018093 0.099683 0.371407
v 0.020167 0.099167 0.372167
v 0.023000 0.098933 0.372510
v 0.321000 0.098933 0.372510
v 0.323833 0.099167 0.372167
v 0.325907 0.099683 0.371407
v 0.018093 0.305597 0.358593
v 0.020167 0.306113 0.357833
v 0.023000 0.306347 0.357490
v 0.321000 0.306347 0.357490
v 0.323833 0.306113 0.357833
v 0.325907 0.305597 0.358593
v 0.017333 0.306113 0.360667
v 0.019530 0.306979 0.360030
v 0.023000 0.307430 0.359699
v 0.321000 0.307430 0.359699
v 0.324470 0.306979 0.360030
v 0.326667 0.306113 0.360667
v 0.016990 0.306347 0.363500
v 0.019199 0.307430 0.363500
v 0.023000 0.308040 0.363500
v 0.321000 0.308040 0.363500
v 0.324801 0.307430 0.363500
v 0.327010 0.306347 0.363500
v 0.016990 0.306347 0.366500
v 0.019199 0.307430 0.366500
v 0.023000 0.308040 0.366500
v 0.321000 0.308040 0.366500
v 0.324801 0.307430 0.366500
v 0.327010 0.306347 0.366500
v 0.017333 0.306113 0.369333
v 0.019530 0.306979 0.369970
v 0.023000 0.307430 0.370301
v 0.321000 0.307430 0.370301
v 0.324470 0.306979 0.369970
v 0.326667 0.306113 0.369333
v 0.018093 0.305597 0.371407
v 0.020167 0.306113 0.372167
v 0.023000 0.306347 0.372510
v 0.321000 0.306347 0.372510
v 0.323833 0.306113 0.372167
v 0.325907 0.305597 0.371407
v 0.018093 0.099683 0.358593
v 0.017333 0.101093 0.357833
v 0.016990 0.103020 0.357490
v 0.016990 0.302260 0.357490
v 0.017333 0.304187 0.357833
v 0.018093 0.305597 0.358593
v 0.020167 0.099167 0.357833
v 0.019530 0.100660 0.356560
v 0.019199 0.103020 0.355897
v 0.019199 0.302260 0.355897
v 0.019530 0.304620 0.356560
v 0.020167 0.306113 0.357833
v 0.023000 0.098933 0.357490
v 0.023000 0.100435 0.355897
v 0.023000 0.103020 0.355000
v 0.023000 0.302260 0.355000
v 0.023000 0.304845 0.355897
v 0.023000 0.306347 0.357490
v 0.321000 0.098933 0.357490
v 0.321000 0.100435 0.355897
v 0.321000 0.103020 0.355000
v 0.321000 0.302260 0.355000
v 0.321000 0.304845 0.355897
v 0.321000 0.306347 0.357490
v 0.323833 0.099167 0.357833
v 0.324470 0.100660 0.356560
v 0.324801 0.103020 0.355897
v 0.324801 0.302260 0.355897
v 0.324470 0.304620 0.356560
v 0.323833 0.306113 0.357833
v 0.325907 0.099683 0.358593
v 0.326667 0.101093 0.357833
v 0.327010 0.103020 0.357490
v 0.327010 0.302260 0.357490
v 0.326667 0.304187 0.357833
v 0.325907 0.305597 0.358593
v 0.018093 0.099683 0.371407
v 0.017333 0.101093 0.372167
v 0.016990 0.103020 0.372510
v 0.016990 0.302260 0.372510
v 0.017333 0.304187 0.372167
v 0.018093 0.305597 0.371407
v 0.020167 0.099167 0.372167
v 0.019530 0.100660 0.373440
v 0.019199 0.103020 0.374103
v 0.019199 0.302260 0.374103
v 0.019530 0.304620 0.373440
v 0.020167 0.306113 0.372167
v 0.023000 0.098933 0.372510
v 0.023000 0.100435 0.374103
v 0.023000 0.103020 0.375000
v 0.023000 0.302260 0.375000
v 0.023000 0.304845 0.374103
v 0.023000 0.306347 0.372510
v 0.321000 0.098933 0.372510
v 0.321000 0.100435 0.374103
v 0.321000 0.103020 0.375000
v 0.321000 0.302260 0.375000
v 0.321000 0.304845 0.374103
v 0.321000 0.306347 0.372510
v 0.323833 0.099167 0.372167
v 0.324470 0.100660 0.373440
v 0.324801 0.103020 0.374103
v 0.324801 0.302260 0.374103
v 0.324470 0.304620 0.373440
v 0.323833 0.306113 0.372167
v 0.325907 0.099683 0.371407
v 0.326667 0.101093 0.372167
v 0.327010 0.103020 0.372510
v 0.327010 0.302260 0.372510
v 0.326667 0.304187 0.372167
v 0.325907 0.305597 0.371407
vn -0.490135 -0.720787 -0.490135
vn -0.534082 -0.785415 -0.312858
vn -0.562308 -0.826924 -0.002406
vn -0.562310 -0.826926 0.000500
vn -0.549577 -0.808201 0.211606
vn -0.496038 -0.729467 0.470983
vn -0.603891 -0.520222 -0.603891
vn -0.796314 -0.500194 -0.340132
vn -0.808535 -0.588445 -0.002000
vn -0.891240 -0.453529 0.001404
vn -0.833341 -0.457092 0.310822
vn -0.642635 -0.441589 0.626115
vn -0.707088 -0.007306 -0.707088
vn -0.896628 -0.005373 -0.442751
vn -0.999931 -0.010845 -0.004461
vn -0.999995 -0.002851 0.001182
vn -0.944855 -0.003614 0.327468
vn -0.743171 -0.003475 0.669093
vn -0.707106 0.001529 -0.707106
vn -0.944855 0.003614 -0.327468
vn -0.999995 0.002851 -0.001182
vn -0.999931 0.010845 0.004461
vn -0.896628 0.005373 0.442751
vn -0.669093 0.003475 0.743171
vn -0.656445 0.371698 -0.656445
vn -0.833341 0.457092 -0.310822
vn -0.891240 0.453529 -0.001404
vn -0.808535 0.588445 0.002000
vn -0.796314 0.500194 0.340132
vn -0.626115 0.441589 0.642635
vn -0.503175 0.702588 -0.503175
vn -0.552899 0.792186 -0.258350
vn -0.603193 0.797595 -0.001162
vn -0.521645 0.853162 0.001117
vn -0.533893 0.805851 0.256051
vn -0.470983 0.729467 0.496038
vn 0.470983 -0.729467 -0.496038
vn 0.533893 -0.805851 -0.256051
vn 0.521645 -0.853162 -0.001117
vn 0.603193 -0.797595 0.001162
vn 0.552899 -0.792186 0.258350
vn 0.503175 -0.702588 0.503175
vn 0.626115 -0.441589 -0.642635
vn 0.796314 -0.500194 -0.340132
vn 0.808535 -0.588445 -0.002000
vn 0.891240 -0.453529 0.001404
vn 0.833341 -0.457092 0.310822
vn 0.656445 -0.371698 0.656445
vn 0.669093 -0.003475 -0.743171
vn 0.896628 -0.005373 -0.442751
vn 0.999931 -0.010845 -0.004461
vn 0.999995 -0.002851 0.001182
vn 0.944855 -0.003614 0.327468
vn 0.707106 -0.001529 0.707106
vn 0.743171 0.003475 -0.669093
vn 0.944855 0.003614 -0.327468
vn 0.999995 0.002851 -0.001182
vn 0.999931 0.010845 0.004461
vn 0.896628 0.005373 0.442751
vn 0.707088 0.007306 0.707088
vn 0.642635 0.441589 -0.626115
vn 0.833341 0.457092 -0.310822
vn 0.891240 0.453529 -0.001404
vn 0.808535 0.588445 0.002000
vn 0.796314 0.500194 0.340132
vn 0.603891 0.520222 0.603891
vn 0.496038 0.729467 -0.470983
vn 0.549577 0.808201 -0.211606
vn 0.562310 0.826926 -0.000500
vn 0.562308 0.826924 0.002406
vn 0.534082 0.785415 0.312858
vn 0.490135 0.720787 0.490135
vn -0.490135 -0.720787 -0.490135
vn -0.312858 -0.785415 -0.534082
vn -0.054081 -0.825716 -0.561487
vn 0.015158 -0.826831 -0.562245
vn 0.211606 -0.808201 -0.549577
vn 0.470983 -0.729467 -0.496038
vn -0.534082 -0.785415 -0.312858
vn -0.268668 -0.925005 -0.268668
vn -0.040423 -0.954772 -0.294580
vn 0.028649 -0.969638 -0.242860
vn 0.238736 -0.941281 -0.238736
vn 0.533893 -0.805851 -0.256051
vn -0.562308 -0.826924 -0.002406
vn -0.318953 -0.947769 -0.001594
vn -0.063757 -0.997963 -0.002179
vn 0.023285 -0.999728 -0.001066
vn 0.229048 -0.973415 -0.001043
vn 0.521645 -0.853162 -0.001117
vn -0.562310 -0.826926 0.000500
vn -0.229048 -0.973415 0.001043
vn -0.023285 -0.999728 0.001066
vn 0.063757 -0.997963 0.002179
vn 0.318953 -0.947769 0.001594
vn 0.603193 -0.797595 0.001162
vn -0.549577 -0.808201 0.211606
vn -0.238736 -0.941281 0.238736
vn -0.028649 -0.969638 0.242860
vn 0.040423 -0.954772 0.294580
vn 0.268668 -0.925005 0.268668
vn 0.552899 -0.792186 0.258350
vn -0.496038 -0.729467 0.470983
vn -0.256051 -0.805851 0.533893
vn -0.030643 -0.840310 0.541240
vn 0.031259 -0.811943 0.582899
vn 0.258350 -0.792186 0.552899
vn 0.503175 -0.702588 0.503175
vn -0.503175 0.702588 -0.503175
vn -0.258350 0.792186 -0.552899
vn -0.031259 0.811943 -0.582899
vn 0.030643 0.840310 -0.541240
vn 0.256051 0.805851 -0.533893
vn 0.496038 0.729467 -0.470983
vn -0.552899 0.792186 -0.258350
vn -0.268668 0.925005 -0.268668
vn -0.040423 0.954772 -0.294580
vn 0.028649 0.969638 -0.242860
vn 0.238736 0.941281 -0.238736
vn 0.549577 0.808201 -0.211606
vn -0.603193 0.797595 -0.001162
vn -0.318953 0.947769 -0.001594
vn -0.063757 0.997963 -0.002179
vn 0.023285 0.999728 -0.001066
vn 0.229048 0.973415 -0.001043
vn 0.562310 0.826926 -0.000500
vn -0.521645 0.853162 0.001117
vn -0.229048 0.973415 0.001043
vn -0.023285 0.999728 0.001066
vn 0.063757 0.997963 0.002179
vn 0.318953 0.947769 0.001594
vn 0.562308 0.826924 0.002406
vn -0.533893 0.805851 0.256051
vn -0.238736 0.941281 0.238736
vn -0.028649 0.969638 0.242860
vn 0.040423 0.954772 0.294580
vn 0.268668 0.925005 0.268668
vn 0.534082 0.785415 0.312858
vn -0.470983 0.729467 0.496038
vn -0.211606 0.808201 0.549577
vn -0.015158 0.826831 0.562245
vn 0.054081 0.825716 0.561487
vn 0.312858 0.785415 0.534082
vn 0.490135 0.720787 0.490135
vn -0.490135 -0.720787 -0.490135
vn -0.603891 -0.520222 -0.603891
vn -0.707088 -0.007306 -0.707088
vn -0.707106 0.001529 -0.707106
vn -0.656445 0.371698 -0.656445
vn -0.503175 0.702588 -0.503175
vn -0.312858 -0.785415 -0.534082
vn -0.340132 -0.500194 -0.796314
vn -0.442751 -0.005373 -0.896628
vn -0.327468 0.003614 -0.944855
vn -0.310822 0.457092 -0.833341
vn -0.258350 0.792186 -0.552899
vn -0.054081 -0.825716 -0.561487
vn -0.051722 -0.554290 -0.830715
vn -0.093010 -0.007728 -0.995635
vn -0.034458 0.003805 -0.999399
vn -0.038177 0.475933 -0.878653
vn -0.031259 0.811943 -0.582899
vn 0.015158 -0.826831 -0.562245
vn 0.038177 -0.475933 -0.878653
vn 0.034458 -0.003805 -0.999399
vn 0.093010 0.007728 -0.995635
vn 0.051722 0.554290 -0.830715
vn 0.030643 0.840310 -0.541240
vn 0.211606 -0.808201 -0.549577
vn 0.310822 -0.457092 -0.833341
vn 0.327468 -0.003614 -0.944855
vn 0.442751 0.005373 -0.896628
vn 0.340132 0.500194 -0.796314
vn 0.256051 0.805851 -0.533893
vn 0.470983 -0.729467 -0.496038
vn 0.626115 -0.441589 -0.642635
vn 0.669093 -0.003475 -0.743171
vn 0.743171 0.003475 -0.669093
vn 0.642635 0.441589 -0.626115
vn 0.496038 0.729467 -0.470983
vn -0.496038 -0.729467 0.470983
vn -0.642635 -0.441589 0.626115
vn -0.743171 -0.003475 0.669093
vn -0.669093 0.003475 0.743171
vn -0.626115 0.441589 0.642635
vn -0.470983 0.729467 0.496038
vn -0.256051 -0.805851 0.533893
vn -0.340132 -0.500194 0.796314
vn -0.442751 -0.005373 0.896628
vn -0.327468 0.003614 0.944855
vn -0.310822 0.457092 0.833341
vn -0.211606 0.808201 0.549577
vn -0.030643 -0.840310 0.541240
vn -0.051722 -0.554290 0.830715
vn -0.093010 -0.007728 0.995635
vn -0.034458 0.003805 0.999399
vn -0.038177 0.475933 0.878653
vn -0.015158 0.826831 0.562245
vn 0.031259 -0.811943 0.582899
vn 0.038177 -0.475933 0.878653
vn 0.034458 -0.003805 0.999399
vn 0.093010 0.007728 0.995635
vn 0.051722 0.554290 0.830715
vn 0.054081 0.825716 0.561487
vn 0.258350 -0.792186 0.552899
vn 0.310822 -0.457092 0.833341
vn 0.327468 -0.003614 0.944855
vn 0.442751 0.005373 0.896628
vn 0.340132 0.500194 0.796314
vn 0.312858 0.785415 0.534082
vn 0.503175 -0.702588 0.503175
vn 0.656445 -0.371698 0.656445
vn 0.707106 -0.001529 0.707106
vn 0.707088 0.007306 0.707088
vn 0.603891 0.520222 0.603891
vn 0.490135 0.720787 0.490135
vn -0.490135 -0.720787 -0.490135
vn -0.534082 -0.785415 -0.312858
vn -0.562308 -0.826924 -0.002406
vn -0.562310 -0.826926 0.000500
vn -0.549577 -0.808201 0.211606
vn -0.496038 -0.729467 0.470983
vn -0.603891 -0.520222 -0.603891
vn -0.796314 -0.500194 -0.340132
vn -0.808535 -0.588445 -0.002000
vn -0.891240 -0.453529 0.001404
vn -0.833341 -0.457092 0.310822
vn -0.642635 -0.441589 0.626115
vn -0.707088 -0.007306 -0.707088
vn -0.896628 -0.005373 -0.442751
vn -0.999931 -0.010845 -0.004461
vn -0.999995 -0.002851 0.001182
vn -0.944855 -0.003614 0.327468
vn -0.743171 -0.003475 0.669093
vn -0.707106 0.001529 -0.707106
vn -0.944855 0.003614 -0.327468
vn -0.999995 0.002851 -0.001182
vn -0.999931 0.010845 0.004461
vn -0.896628 0.005373 0.442751
vn -0.669093 0.003475 0.743171
vn -0.656445 0.371698 -0.656445
vn -0.833341 0.457092 -0.310822
vn -0.891240 0.453529 -0.001404
vn -0.808535 0.588445 0.002000
vn -0.796314 0.500194 0.340132
vn -0.626115 0.441589 0.642635
vn -0.503175 0.702588 -0.503175
vn -0.552899 0.792186 -0.258350
vn -0.603193 0.797595 -0.001162
vn -0.521645 0.853162 0.001117
vn -0.533893 0.805851 0.256051
vn -0.470983 0.729467 0.496038
vn 0.470983 -0.729467 -0.496038
vn 0.533893 -0.805851 -0.256051
vn 0.521645 -0.853162 -0.001117
vn 0.603193 -0.797595 0.001162
vn 0.552899 -0.792186 0.258350
vn 0.503175 -0.702588 0.503175
vn 0.626115 -0.441589 -0.642635
vn 0.796314 -0.500194 -0.340132
vn 0.808535 -0.588445 -0.002000
vn 0.891240 -0.453529 0.001404
vn 0.833341 -0.457092 0.310822
vn 0.656445 -0.371698 0.656445
vn 0.669093 -0.003475 -0.743171
vn 0.896628 -0.005373 -0.442751
vn 0.999931 -0.010845 -0.004461
vn 0.999995 -0.002851 0.001182
vn 0.944855 -0.003614 0.327468
vn 0.707106 -0.001529 0.707106
vn 0.743171 0.003475 -0.669093
vn 0.944855 0.003614 -0.327468
vn 0.999995 0.002851 -0.001182
vn 0.999931 0.010845 0.004461
vn 0.896628 0.005373 0.442751
vn 0.707088 0.007306 0.707088
vn 0.642635 0.441589 -0.626115
vn 0.833341 0.457092 -0.310822
vn 0.891240 0.453529 -0.001404
vn 0.808535 0.588445 0.002000
vn 0.796314 0.500194 0.340132
vn 0.603891 0.520222 0.603891
vn 0.496038 0.729467 -0.470983
vn 0.549577 0.808201 -0.211606
vn 0.562310 0.826926 -0.000500
vn 0.562308 0.826924 0.002406
vn 0.534082 0.785415 0.312858
vn 0.490135 0.720787 0.490135
vn -0.490135 -0.720787 -0.490135
vn -0.312858 -0.785415 -0.534082
vn -0.054081 -0.825716 -0.561487
vn 0.015158 -0.826831 -0.562245
vn 0.211606 -0.808201 -0.549577
vn 0.470983 -0.729467 -0.496038
vn -0.534082 -0.785415 -0.312858
vn -0.268668 -0.925005 -0.268668
vn -0.040423 -0.954772 -0.294580
vn 0.028649 -0.969638 -0.242860
vn 0.238736 -0.941281 -0.238736
vn 0.533893 -0.805851 -0.256051
vn -0.562308 -0.826924 -0.002406
vn -0.318953 -0.947769 -0.001594
vn -0.063757 -0.997963 -0.002179
vn 0.023285 -0.999728 -0.001066
vn 0.229048 -0.973415 -0.001043
vn 0.521645 -0.853162 -0.001117
vn -0.562310 -0.826926 0.000500
vn -0.229048 -0.973415 0.001043
vn -0.023285 -0.999728 0.001066
vn 0.063757 -0.997963 0.002179
vn 0.318953 -0.947769 0.001594
vn 0.603193 -0.797595 0.001162
vn -0.549577 -0.808201 0.211606
vn -0.238736 -0.941281 0.238736
vn -0.028649 -0.969638 0.242860
vn 0.040423 -0.954772 0.294580
vn 0.268668 -0.925005 0.268668
vn 0.552899 -0.792186 0.258350
vn -0.496038 -0.729467 0.470983
vn -0.256051 -0.805851 0.533893
vn -0.030643 -0.840310 0.541240
vn 0.031259 -0.811943 0.582899
vn 0.258350 -0.792186 0.552899
vn 0.503175 -0.702588 0.503175
vn -0.503175 0.702588 -0.503175
vn -0.258350 0.792186 -0.552899
vn -0.031259 0.811943 -0.582899
vn 0.030643 0.840310 -0.541240
vn 0.256051 0.805851 -0.533893
vn 0.496038 0.729467 -0.470983
vn -0.552899 0.792186 -0.258350
vn -0.268668 0.925005 -0.268668
vn -0.040423 0.954772 -0.294580
vn 0.028649 0.969638 -0.242860
vn 0.238736 0.941281 -0.238736
vn 0.549577 0.808201 -0.211606
vn -0.603193 0.797595 -0.001162
vn -0.318953 0.947769 -0.001594
vn -0.063757 0.997963 -0.002179
vn 0.023285 0.999728 -0.001066
vn 0.229048 0.973415 -0.001043
vn 0.562310 0.826926 -0.000500
vn -0.521645 0.853162 0.001117
vn -0.229048 0.973415 0.001043
vn -0.023285 0.999728 0.001066
vn 0.063757 0.997963 0.002179
vn 0.318953 0.947769 0.001594
vn 0.562308 0.826924 0.002406
vn -0.533893 0.805851 0.256051
vn -0.238736 0.941281 0.238736
vn -0.028649 0.969638 0.242860
vn 0.040423 0.954772 0.294580
vn 0.268668 0.925005 0.268668
vn 0.534082 0.785415 0.312858
vn -0.470983 0.729467 0.496038
vn -0.211606 0.808201 0.549577
vn -0.015158 0.826831 0.562245
vn 0.054081 0.825716 0.561487
vn 0.312858 0.785415 0.534082
vn 0.490135 0.720787 0.490135
vn -0.490135 -0.720787 -0.490135
vn -0.603891 -0.520222 -0.603891
vn -0.707088 -0.007306 -0.707088
vn -0.707106 0.001529 -0.707106
vn -0.656445 0.371698 -0.656445
vn -0.503175 0.702588 -0.503175
vn -0.312858 -0.785415 -0.534082
vn -0.340132 -0.500194 -0.796314
vn -0.442751 -0.005373 -0.896628
vn -0.327468 0.003614 -0.944855
vn -0.310822 0.457092 -0.833341
vn -0.258350 0.792186 -0.552899
vn -0.054081 -0.825716 -0.561487
vn -0.051722 -0.554290 -0.830715
vn -0.093010 -0.007728 -0.995635
vn -0.034458 0.003805 -0.999399
vn -0.038177 0.475933 -0.878653
vn -0.031259 0.811943 -0.582899
vn 0.015158 -0.826831 -0.562245
vn 0.038177 -0.475933 -0.878653
vn 0.034458 -0.003805 -0.999399
vn 0.093010 0.007728 -0.995635
vn 0.051722 0.554290 -0.830715
vn 0.030643 0.840310 -0.541240
vn 0.211606 -0.808201 -0.549577
vn 0.310822 -0.457092 -0.833341
vn 0.327468 -0.003614 -0.944855
vn 0.442751 0.005373 -0.896628
vn 0.340132 0.500194 -0.796314
vn 0.256051 0.805851 -0.533893
vn 0.470983 -0.729467 -0.496038
vn 0.626115 -0.441589 -0.642635
vn 0.669093 -0.003475 -0.743171
vn 0.743171 0.003475 -0.669093
vn 0.642635 0.441589 -0.626115
vn 0.496038 0.729467 -0.470983
vn -0.496038 -0.729467 0.470983
vn -0.642635 -0.441589 0.626115
vn -0.743171 -0.003475 0.669093
vn -0.669093 0.003475 0.743171
vn -0.626115 0.441589 0.642635
vn -0.470983 0.729467 0.496038
vn -0.256051 -0.805851 0.533893
vn -0.340132 -0.500194 0.796314
vn -0.442751 -0.005373 0.896628
vn -0.327468 0.003614 0.944855
vn -0.310822 0.457092 0.833341
vn -0.211606 0.808201 0.549577
vn -0.030643 -0.840310 0.541240
vn -0.051722 -0.554290 0.830715
vn -0.093010 -0.007728 0.995635
vn -0.034458 0.003805 0.999399
vn -0.038177 0.475933 0.878653
vn -0.015158 0.826831 0.562245
vn 0.031259 -0.811943 0.582899
vn 0.038177 -0.475933 0.878653
vn 0.034458 -0.003805 0.999399
vn 0.093010 0.007728 0.995635
vn 0.051722 0.554290 0.830715
vn 0.054081 0.825716 0.561487
vn 0.258350 -0.792186 0.552899
vn 0.310822 -0.457092 0.833341
vn 0.327468 -0.003614 0.944855
vn 0.442751 0.005373 0.896628
vn 0.340132 0.500194 0.796314
vn 0.312858 0.785415 0.534082
vn 0.503175 -0.702588 0.503175
vn 0.656445 -0.371698 0.656445
vn 0.707106 -0.001529 0.707106
vn 0.707088 0.007306 0.707088
vn 0.603891 0.520222 0.603891
vn 0.490135 0.720787 0.490135
vn -0.490135 -0.720787 -0.490135
vn -0.534082 -0.785415 -0.312858
vn -0.561487 -0.825716 -0.054081
vn -0.562245 -0.826831 0.015158
vn -0.549577 -0.808201 0.211606
vn -0.496038 -0.729467 0.470983
vn -0.603891 -0.520222 -0.603891
vn -0.796314 -0.500194 -0.340132
vn -0.830715 -0.554290 -0.051722
vn -0.878653 -0.475933 0.038177
vn -0.833341 -0.457092 0.310822
vn -0.642635 -0.441589 0.626115
vn -0.707088 -0.007306 -0.707088
vn -0.896628 -0.005373 -0.442751
vn -0.995635 -0.007728 -0.093010
vn -0.999399 -0.003805 0.034458
vn -0.944855 -0.003614 0.327468
vn -0.743171 -0.003475 0.669093
vn -0.707106 0.001529 -0.707106
vn -0.944855 0.003614 -0.327468
vn -0.999399 0.003805 -0.034458
vn -0.995635 0.007728 0.093010
vn -0.896628 0.005373 0.442751
vn -0.669093 0.003475 0.743171
vn -0.656445 0.371698 -0.656445
vn -0.833341 0.457092 -0.310822
vn -0.878653 0.475933 -0.038177
vn -0.830715 0.554290 0.051722
vn -0.796314 0.500194 0.340132
vn -0.626115 0.441589 0.642635
vn -0.503175 0.702588 -0.503175
vn -0.552899 0.792186 -0.258350
vn -0.582899 0.811943 -0.031259
vn -0.541240 0.840310 0.030643
vn -0.533893 0.805851 0.256051
vn -0.470983 0.729467 0.496038
vn 0.470983 -0.729467 -0.496038
vn 0.533893 -0.805851 -0.256051
vn 0.541240 -0.840310 -0.030643
vn 0.582899 -0.811943 0.031259
vn 0.552899 -0.792186 0.258350
vn 0.503175 -0.702588 0.503175
vn 0.626115 -0.441589 -0.642635
vn 0.796314 -0.500194 -0.340132
vn 0.830715 -0.554290 -0.051722
vn 0.878653 -0.475933 0.038177
vn 0.833341 -0.457092 0.310822
vn 0.656445 -0.371698 0.656445
vn 0.669093 -0.003475 -0.743171
vn 0.896628 -0.005373 -0.442751
vn 0.995635 -0.007728 -0.093010
vn 0.999399 -0.003805 0.034458
vn 0.944855 -0.003614 0.327468
vn 0.707106 -0.001529 0.707106
vn 0.743171 0.003475 -0.669093
vn 0.944855 0.003614 -0.327468
vn 0.999399 0.003805 -0.034458
vn 0.995635 0.007728 0.093010
vn 0.896628 0.005373 0.442751
vn 0.707088 0.007306 0.707088
vn 0.642635 0.441589 -0.626115
vn 0.833341 0.457092 -0.310822
vn 0.878653 0.475933 -0.038177
vn 0.830715 0.554290 0.051722
vn 0.796314 0.500194 0.340132
vn 0.603891 0.520222 0.603891
vn 0.496038 0.729467 -0.470983
vn 0.549577 0.808201 -0.211606
vn 0.562245 0.826831 -0.015158
vn 0.561487 0.825716 0.054081
vn 0.534082 0.785415 0.312858
vn 0.490135 0.720787 0.490135
vn -0.490135 -0.720787 -0.490135
vn -0.312858 -0.785415 -0.534082
vn -0.002678 -0.826924 -0.562308
vn 0.000557 -0.826926 -0.562310
vn 0.211606 -0.808201 -0.549577
vn 0.470983 -0.729467 -0.496038
vn -0.534082 -0.785415 -0.312858
vn -0.268668 -0.925005 -0.268668
vn -0.001775 -0.947806 -0.318841
vn 0.001162 -0.973400 -0.229107
vn 0.238736 -0.941281 -0.238736
vn 0.533893 -0.805851 -0.256051
vn -0.561487 -0.825716 -0.054081
vn -0.294580 -0.954772 -0.040423
vn -0.002425 -0.997967 -0.063693
vn 0.001187 -0.999728 -0.023312
vn 0.242860 -0.969638 -0.028649
vn 0.541240 -0.840310 -0.030643
vn -0.562245 -0.826831 0.015158
vn -0.242860 -0.969638 0.028649
vn -0.001187 -0.999728 0.023312
vn 0.002425 -0.997967 0.063693
vn 0.294580 -0.954772 0.040423
vn 0.582899 -0.811943 0.031259
vn -0.549577 -0.808201 0.211606
vn -0.238736 -0.941281 0.238736
vn -0.001162 -0.973400 0.229107
vn 0.001775 -0.947806 0.318841
vn 0.268668 -0.925005 0.268668
vn 0.552899 -0.792186 0.258350
vn -0.496038 -0.729467 0.470983
vn -0.256051 -0.805851 0.533893
vn -0.001244 -0.853109 0.521731
vn 0.001294 -0.797660 0.603106
vn 0.258350 -0.792186 0.552899
vn 0.503175 -0.702588 0.503175
vn -0.503175 0.702588 -0.503175
vn -0.258350 0.792186 -0.552899
vn -0.001294 0.797660 -0.603106
vn 0.001244 0.853109 -0.521731
vn 0.256051 0.805851 -0.533893
vn 0.496038 0.729467 -0.470983
vn -0.552899 0.792186 -0.258350
vn -0.268668 0.925005 -0.268668
vn -0.001775 0.947806 -0.318841
vn 0.001162 0.973400 -0.229107
vn 0.238736 0.941281 -0.238736
vn 0.549577 0.808201 -0.211606
vn -0.582899 0.811943 -0.031259
vn -0.294580 0.954772 -0.040423
vn -0.002425 0.997967 -0.063693
vn 0.001187 0.999728 -0.023312
vn 0.242860 0.969638 -0.028649
vn 0.562245 0.826831 -0.015158
vn -0.541240 0.840310 0.030643
vn -0.242860 0.969638 0.028649
vn -0.001187 0.999728 0.023312
vn 0.002425 0.997967 0.063693
vn 0.294580 0.954772 0.040423
vn 0.561487 0.825716 0.054081
vn -0.533893 0.805851 0.256051
vn -0.238736 0.941281 0.238736
vn -0.001162 0.973400 0.229107
vn 0.001775 0.947806 0.318841
vn 0.268668 0.925005 0.268668
vn 0.534082 0.785415 0.312858
vn -0.470983 0.729467 0.496038
vn -0.211606 0.808201 0.549577
vn -0.000557 0.826926 0.562310
vn 0.002678 0.826924 0.562308
vn 0.312858 0.785415 0.534082
vn 0.490135 0.720787 0.490135
vn -0.490135 -0.720787 -0.490135
vn -0.603891 -0.520222 -0.603891
vn -0.707088 -0.007306 -0.707088
vn -0.707106 0.001529 -0.707106
vn -0.656445 0.371698 -0.656445
vn -0.503175 0.702588 -0.503175
vn -0.312858 -0.785415 -0.534082
vn -0.340132 -0.500194 -0.796314
vn -0.442751 -0.005373 -0.896628
vn -0.327468 0.003614 -0.944855
vn -0.310822 0.457092 -0.833341
vn -0.258350 0.792186 -0.552899
vn -0.002678 -0.826924 -0.562308
vn -0.002227 -0.588294 -0.808644
vn -0.004962 -0.010827 -0.999929
vn -0.001317 0.002855 -0.999995
vn -0.001564 0.453628 -0.891190
vn -0.001294 0.797660 -0.603106
vn 0.000557 -0.826926 -0.562310
vn 0.001564 -0.453628 -0.891190
vn 0.001317 -0.002855 -0.999995
vn 0.004962 0.010827 -0.999929
vn 0.002227 0.588294 -0.808644
vn 0.001244 0.853109 -0.521731
vn 0.211606 -0.808201 -0.549577
vn 0.310822 -0.457092 -0.833341
vn 0.327468 -0.003614 -0.944855
vn 0.442751 0.005373 -0.896628
vn 0.340132 0.500194 -0.796314
vn 0.256051 0.805851 -0.533893
vn 0.470983 -0.729467 -0.496038
vn 0.626115 -0.441589 -0.642635
vn 0.669093 -0.003475 -0.743171
vn 0.743171 0.003475 -0.669093
vn 0.642635 0.441589 -0.626115
vn 0.496038 0.729467 -0.470983
vn -0.496038 -0.729467 0.470983
vn -0.642635 -0.441589 0.626115
vn -0.743171 -0.003475 0.669093
vn -0.669093 0.003475 0.743171
vn -0.626115 0.441589 0.642635
vn -0.470983 0.729467 0.496038
vn -0.256051 -0.805851 0.533893
vn -0.340132 -0.500194 0.796314
vn -0.442751 -0.005373 0.896628
vn -0.327468 0.003614 0.944855
vn -0.310822 0.457092 0.833341
vn -0.211606 0.808201 0.549577
vn -0.001244 -0.853109 0.521731
vn -0.002227 -0.588294 0.808644
vn -0.004962 -0.010827 0.999929
vn -0.001317 0.002855 0.999995
vn -0.001564 0.453628 0.891190
vn -0.000557 0.826926 0.562310
vn 0.001294 -0.797660 0.603106
vn 0.001564 -0.453628 0.891190
vn 0.001317 -0.002855 0.999995
vn 0.004962 0.010827 0.999929
vn 0.002227 0.588294 0.808644
vn 0.002678 0.826924 0.562308
vn 0.258350 -0.792186 0.552899
vn 0.310822 -0.457092 0.833341
vn 0.327468 -0.003614 0.944855
vn 0.442751 0.005373 0.896628
vn 0.340132 0.500194 0.796314
vn 0.312858 0.785415 0.534082
vn 0.503175 -0.702588 0.503175
vn 0.656445 -0.371698 0.656445
vn 0.707106 -0.001529 0.707106
vn 0.707088 0.007306 0.707088
vn 0.603891 0.520222 0.603891
vn 0.490135 0.720787 0.490135
vn -0.490135 -0.720787 -0.490135
vn -0.534082 -0.785415 -0.312858
vn -0.561487 -0.825716 -0.054081
vn -0.562245 -0.826831 0.015158
vn -0.549577 -0.808201 0.211606
vn -0.496038 -0.729467 0.470983
vn -0.603891 -0.520222 -0.603891
vn -0.796314 -0.500194 -0.340132
vn -0.830715 -0.554290 -0.051722
vn -0.878653 -0.475933 0.038177
vn -0.833341 -0.457092 0.310822
vn -0.642635 -0.441589 0.626115
vn -0.707088 -0.007306 -0.707088
vn -0.896628 -0.005373 -0.442751
vn -0.995635 -0.007728 -0.093010
vn -0.999399 -0.003805 0.034458
vn -0.944855 -0.003614 0.327468
vn -0.743171 -0.003475 0.669093
vn -0.707106 0.001529 -0.707106
vn -0.944855 0.003614 -0.327468
vn -0.999399 0.003805 -0.034458
vn -0.995635 0.007728 0.093010
vn -0.896628 0.005373 0.442751
vn -0.669093 0.003475 0.743171
vn -0.656445 0.371698 -0.656445
vn -0.833341 0.457092 -0.310822
vn -0.878653 0.475933 -0.038177
vn -0.830715 0.554290 0.051722
vn -0.796314 0.500194 0.340132
vn -0.626115 0.441589 0.642635
vn -0.503175 0.702588 -0.503175
vn -0.552899 0.792186 -0.258350
vn -0.582899 0.811943 -0.031259
vn -0.541240 0.840310 0.030643
vn -0.533893 0.805851 0.256051
vn -0.470983 0.729467 0.496038
vn 0.470983 -0.729467 -0.496038
vn 0.533893 -0.805851 -0.256051
vn 0.541240 -0.840310 -0.030643
vn 0.582899 -0.811943 0.031259
vn 0.552899 -0.792186 0.258350
vn 0.503175 -0.702588 0.503175
vn 0.626115 -0.441589 -0.642635
vn 0.796314 -0.500194 -0.340132
vn 0.830715 -0.554290 -0.051722
vn 0.878653 -0.475933 0.038177
vn 0.833341 -0.457092 0.310822
vn 0.656445 -0.371698 0.656445
vn 0.669093 -0.003475 -0.743171
vn 0.896628 -0.005373 -0.442751
vn 0.995635 -0.007728 -0.093010
vn 0.999399 -0.003805 0.034458
vn 0.944855 -0.003614 0.327468
vn 0.707106 -0.001529 0.707106
vn 0.743171 0.003475 -0.669093
vn 0.944855 0.003614 -0.327468
vn 0.999399 0.003805 -0.034458
vn 0.995635 0.007728 0.093010
vn 0.896628 0.005373 0.442751
vn 0.707088 0.007306 0.707088
vn 0.642635 0.441589 -0.626115
vn 0.833341 0.457092 -0.310822
vn 0.878653 0.475933 -0.038177
vn 0.830715 0.554290 0.051722
vn 0.796314 0.500194 0.340132
vn 0.603891 0.520222 0.603891
vn 0.496038 0.729467 -0.470983
vn 0.549577 0.808201 -0.211606
vn 0.562245 0.826831 -0.015158
vn 0.561487 0.825716 0.054081
vn 0.534082 0.785415 0.312858
vn 0.490135 0.720787 0.490135
vn -0.490135 -0.720787 -0.490135
vn -0.312858 -0.785415 -0.534082
vn -0.002678 -0.826924 -0.562308
vn 0.000557 -0.826926 -0.562310
vn 0.211606 -0.808201 -0.549577
vn 0.470983 -0.729467 -0.496038
vn -0.534082 -0.785415 -0.312858
vn -0.268668 -0.925005 -0.268668
vn -0.001775 -0.947806 -0.318841
vn 0.001162 -0.973400 -0.229107
vn 0.238736 -0.941281 -0.238736
vn 0.533893 -0.805851 -0.256051
vn -0.561487 -0.825716 -0.054081
vn -0.294580 -0.954772 -0.040423
vn -0.002425 -0.997967 -0.063693
vn 0.001187 -0.999728 -0.023312
vn 0.242860 -0.969638 -0.028649
vn 0.541240 -0.840310 -0.030643
vn -0.562245 -0.826831 0.015158
vn -0.242860 -0.969638 0.028649
vn -0.001187 -0.999728 0.023312
vn 0.002425 -0.997967 0.063693
vn 0.294580 -0.954772 0.040423
vn 0.582899 -0.811943 0.031259
vn -0.549577 -0.808201 0.211606
vn -0.238736 -0.941281 0.238736
vn -0.001162 -0.973400 0.229107
vn 0.001775 -0.947806 0.318841
vn 0.268668 -0.925005 0.268668
vn 0.552899 -0.792186 0.258350
vn -0.496038 -0.729467 0.470983
vn -0.256051 -0.805851 0.533893
vn -0.001244 -0.853109 0.521731
vn 0.001294 -0.797660 0.603106
vn 0.258350 -0.792186 0.552899
vn 0.503175 -0.702588 0.503175
vn -0.503175 0.702588 -0.503175
vn -0.258350 0.792186 -0.552899
vn -0.001294 0.797660 -0.603106
vn 0.001244 0.853109 -0.521731
vn 0.256051 0.805851 -0.533893
vn 0.496038 0.729467 -0.470983
vn -0.552899 0.792186 -0.258350
vn -0.268668 0.925005 -0.268668
vn -0.001775 0.947806 -0.318841
vn 0.001162 0.973400 -0.229107
vn 0.238736 0.941281 -0.238736
vn 0.549577 0.808201 -0.211606
vn -0.582899 0.811943 -0.031259
vn -0.294580 0.954772 -0.040423
vn -0.002425 0.997967 -0.063693
vn 0.001187 0.999728 -0.023312
vn 0.242860 0.969638 -0.028649
vn 0.562245 0.826831 -0.015158
vn -0.541240 0.840310 0.030643
vn -0.242860 0.969638 0.028649
vn -0.001187 0.999728 0.023312
vn 0.002425 0.997967 0.063693
vn 0.294580 0.954772 0.040423
vn 0.561487 0.825716 0.054081
vn -0.533893 0.805851 0.256051
vn -0.238736 0.941281 0.238736
vn -0.001162 0.973400 0.229107
vn 0.001775 0.947806 0.318841
vn 0.268668 0.925005 0.268668
vn 0.534082 0.785415 0.312858
vn -0.470983 0.729467 0.496038
vn -0.211606 0.808201 0.549577
vn -0.000557 0.826926 0.562310
vn 0.002678 0.826924 0.562308
vn 0.312858 0.785415 0.534082
vn 0.490135 0.720787 0.490135
vn -0.490135 -0.720787 -0.490135
vn -0.603891 -0.520222 -0.603891
vn -0.707088 -0.007306 -0.707088
vn -0.707106 0.001529 -0.707106
vn -0.656445 0.371698 -0.656445
vn -0.503175 0.702588 -0.503175
vn -0.312858 -0.785415 -0.534082
vn -0.340132 -0.500194 -0.796314
vn -0.442751 -0.005373 -0.896628
vn -0.327468 0.003614 -0.944855
vn -0.310822 0.457092 -0.833341
vn -0.258350 0.792186 -0.552899
vn -0.002678 -0.826924 -0.562308
vn -0.002227 -0.588294 -0.808644
vn -0.004962 -0.010827 -0.999929
vn -0.001317 0.002855 -0.999995
vn -0.001564 0.453628 -0.891190
vn -0.001294 0.797660 -0.603106
vn 0.000557 -0.826926 -0.562310
vn 0.001564 -0.453628 -0.891190
vn 0.001317 -0.002855 -0.999995
vn 0.004962 0.010827 -0.999929
vn 0.002227 0.588294 -0.808644
vn 0.001244 0.853109 -0.521731
vn 0.211606 -0.808201 -0.549577
vn 0.310822 -0.457092 -0.833341
vn 0.327468 -0.003614 -0.944855
vn 0.442751 0.005373 -0.896628
vn 0.340132 0.500194 -0.796314
vn 0.256051 0.805851 -0.533893
vn 0.470983 -0.729467 -0.496038
vn 0.626115 -0.441589 -0.642635
vn 0.669093 -0.003475 -0.743171
vn 0.743171 0.003475 -0.669093
vn 0.642635 0.441589 -0.626115
vn 0.496038 0.729467 -0.470983
vn -0.496038 -0.729467 0.470983
vn -0.642635 -0.441589 0.626115
vn -0.743171 -0.003475 0.669093
vn -0.669093 0.003475 0.743171
vn -0.626115 0.441589 0.642635
vn -0.470983 0.729467 0.496038
vn -0.256051 -0.805851 0.533893
vn -0.340132 -0.500194 0.796314
vn -0.442751 -0.005373 0.896628
vn -0.327468 0.003614 0.944855
vn -0.310822 0.457092 0.833341
vn -0.211606 0.808201 0.549577
vn -0.001244 -0.853109 0.521731
vn -0.002227 -0.588294 0.808644
vn -0.004962 -0.010827 0.999929
vn -0.001317 0.002855 0.999995
vn -0.001564 0.453628 0.891190
vn -0.000557 0.826926 0.562310
vn 0.001294 -0.797660 0.603106
vn 0.001564 -0.453628 0.891190
vn 0.001317 -0.002855 0.999995
vn 0.004962 0.010827 0.999929
vn 0.002227 0.588294 0.808644
vn 0.002678 0.826924 0.562308
vn 0.258350 -0.792186 0.552899
vn 0.310822 -0.457092 0.833341
vn 0.327468 -0.003614 0.944855
vn 0.442751 0.005373 0.896628
vn 0.340132 0.500194 0.796314
vn 0.312858 0.785415 0.534082
vn 0.503175 -0.702588 0.503175
vn 0.656445 -0.371698 0.656445
vn 0.707106 -0.001529 0.707106
vn 0.707088 0.007306 0.707088
vn 0.603891 0.520222 0.603891
vn 0.490135 0.720787 0.490135
vn -0.490135 -0.720787 -0.490135
vn -0.534082 -0.785415 -0.312858
vn -0.559294 -0.822491 -0.103437
vn -0.561772 -0.826136 0.043722
vn -0.549577 -0.808201 0.211606
vn -0.496038 -0.729467 0.470983
vn -0.603891 -0.520222 -0.603891
vn -0.796314 -0.500194 -0.340132
vn -0.854153 -0.507094 -0.115231
vn -0.857265 -0.506707 0.091347
vn -0.833341 -0.457092 0.310822
vn -0.642635 -0.441589 0.626115
vn -0.707095 -0.005824 -0.707095
vn -0.896429 -0.004275 -0.443166
vn -0.986115 -0.004057 -0.166014
vn -0.995748 -0.004339 0.092012
vn -0.944941 -0.002873 0.327229
vn -0.743397 -0.002763 0.668845
vn -0.707106 0.001214 -0.707106
vn -0.944941 0.002873 -0.327229
vn -0.995748 0.004339 -0.092012
vn -0.986115 0.004057 0.166014
vn -0.896429 0.004275 0.443166
vn -0.668845 0.002763 0.743397
vn -0.656445 0.371698 -0.656445
vn -0.833341 0.457092 -0.310822
vn -0.857265 0.506707 -0.091347
vn -0.854153 0.507094 0.115231
vn -0.796314 0.500194 0.340132
vn -0.626115 0.441589 0.642635
vn -0.503175 0.702588 -0.503175
vn -0.552899 0.792186 -0.258350
vn -0.552668 0.830131 -0.073762
vn -0.568873 0.819059 0.074335
vn -0.533893 0.805851 0.256051
vn -0.470983 0.729467 0.496038
vn 0.470983 -0.729467 -0.496038
vn 0.533893 -0.805851 -0.256051
vn 0.568873 -0.819059 -0.074335
vn 0.552668 -0.830131 0.073762
vn 0.552899 -0.792186 0.258350
vn 0.503175 -0.702588 0.503175
vn 0.626115 -0.441589 -0.642635
vn 0.796314 -0.500194 -0.340132
vn 0.854153 -0.507094 -0.115231
vn 0.857265 -0.506707 0.091347
vn 0.833341 -0.457092 0.310822
vn 0.656445 -0.371698 0.656445
vn 0.668845 -0.002763 -0.743397
vn 0.896429 -0.004275 -0.443166
vn 0.986115 -0.004057 -0.166014
vn 0.995748 -0.004339 0.092012
vn 0.944941 -0.002873 0.327229
vn 0.707106 -0.001214 0.707106
vn 0.743397 0.002763 -0.668845
vn 0.944941 0.002873 -0.327229
vn 0.995748 0.004339 -0.092012
vn 0.986115 0.004057 0.166014
vn 0.896429 0.004275 0.443166
vn 0.707095 0.005824 0.707095
vn 0.642635 0.441589 -0.626115
vn 0.833341 0.457092 -0.310822
vn 0.857265 0.506707 -0.091347
vn 0.854153 0.507094 0.115231
vn 0.796314 0.500194 0.340132
vn 0.603891 0.520222 0.603891
vn 0.496038 0.729467 -0.470983
vn 0.549577 0.808201 -0.211606
vn 0.561772 0.826136 -0.043722
vn 0.559294 0.822491 0.103437
vn 0.534082 0.785415 0.312858
vn 0.490135 0.720787 0.490135
vn -0.490135 -0.720787 -0.490135
vn -0.312858 -0.785415 -0.534082
vn -0.003098 -0.826923 -0.562307
vn 0.000646 -0.826926 -0.562310
vn 0.211606 -0.808201 -0.549577
vn 0.470983 -0.729467 -0.496038
vn -0.534082 -0.785415 -0.312858
vn -0.268668 -0.925005 -0.268668
vn -0.002055 -0.947864 -0.318668
vn 0.001346 -0.973378 -0.229200
vn 0.238736 -0.941281 -0.238736
vn 0.533893 -0.805851 -0.256051
vn -0.559294 -0.822491 -0.103437
vn -0.263694 -0.960573 -0.088120
vn -0.001859 -0.993508 -0.113746
vn 0.001978 -0.998030 -0.062702
vn 0.263001 -0.962273 -0.069724
vn 0.568873 -0.819059 -0.074335
vn -0.561772 -0.826136 0.043722
vn -0.263001 -0.962273 0.069724
vn -0.001978 -0.998030 0.062702
vn 0.001859 -0.993508 0.113746
vn 0.263694 -0.960573 0.088120
vn 0.552668 -0.830131 0.073762
vn -0.549577 -0.808201 0.211606
vn -0.238736 -0.941281 0.238736
vn -0.001346 -0.973378 0.229200
vn 0.002055 -0.947864 0.318668
vn 0.268668 -0.925005 0.268668
vn 0.552899 -0.792186 0.258350
vn -0.496038 -0.729467 0.470983
vn -0.256051 -0.805851 0.533893
vn -0.001442 -0.853027 0.521865
vn 0.001499 -0.797762 0.602971
vn 0.258350 -0.792186 0.552899
vn 0.503175 -0.702588 0.503175
vn -0.503175 0.702588 -0.503175
vn -0.258350 0.792186 -0.552899
vn -0.001499 0.797762 -0.602971
vn 0.001442 0.853027 -0.521865
vn 0.256051 0.805851 -0.533893
vn 0.496038 0.729467 -0.470983
vn -0.552899 0.792186 -0.258350
vn -0.268668 0.925005 -0.268668
vn -0.002055 0.947864 -0.318668
vn 0.001346 0.973378 -0.229200
vn 0.238736 0.941281 -0.238736
vn 0.549577 0.808201 -0.211606
vn -0.552668 0.830131 -0.073762
vn -0.263694 0.960573 -0.088120
vn -0.001859 0.993508 -0.113746
vn 0.001978 0.998030 -0.062702
vn 0.263001 0.962273 -0.069724
vn 0.561772 0.826136 -0.043722
vn -0.568873 0.819059 0.074335
vn -0.263001 0.962273 0.069724
vn -0.001978 0.998030 0.062702
vn 0.001859 0.993508 0.113746
vn 0.263694 0.960573 0.088120
vn 0.559294 0.822491 0.103437
vn -0.533893 0.805851 0.256051
vn -0.238736 0.941281 0.238736
vn -0.001346 0.973378 0.229200
vn 0.002055 0.947864 0.318668
vn 0.268668 0.925005 0.268668
vn 0.534082 0.785415 0.312858
vn -0.470983 0.729467 0.496038
vn -0.211606 0.808201 0.549577
vn -0.000646 0.826926 0.562310
vn 0.003098 0.826923 0.562307
vn 0.312858 0.785415 0.534082
vn 0.490135 0.720787 0.490135
vn -0.490135 -0.720787 -0.490135
vn -0.603891 -0.520222 -0.603891
vn -0.707095 -0.005824 -0.707095
vn -0.707106 0.001214 -0.707106
vn -0.656445 0.371698 -0.656445
vn -0.503175 0.702588 -0.503175
vn -0.312858 -0.785415 -0.534082
vn -0.340132 -0.500194 -0.796314
vn -0.443166 -0.004275 -0.896429
vn -0.327229 0.002873 -0.944941
vn -0.310822 0.457092 -0.833341
vn -0.258350 0.792186 -0.552899
vn -0.003098 -0.826923 -0.562307
vn -0.002579 -0.588061 -0.808813
vn -0.005764 -0.008620 -0.999946
vn -0.001520 0.002272 -0.999996
vn -0.001812 0.453782 -0.891111
vn -0.001499 0.797762 -0.602971
vn 0.000646 -0.826926 -0.562310
vn 0.001812 -0.453782 -0.891111
vn 0.001520 -0.002272 -0.999996
vn 0.005764 0.008620 -0.999946
vn 0.002579 0.588061 -0.808813
vn 0.001442 0.853027 -0.521865
vn 0.211606 -0.808201 -0.549577
vn 0.310822 -0.457092 -0.833341
vn 0.327229 -0.002873 -0.944941
vn 0.443166 0.004275 -0.896429
vn 0.340132 0.500194 -0.796314
vn 0.256051 0.805851 -0.533893
vn 0.470983 -0.729467 -0.496038
vn 0.626115 -0.441589 -0.642635
vn 0.668845 -0.002763 -0.743397
vn 0.743397 0.002763 -0.668845
vn 0.642635 0.441589 -0.626115
vn 0.496038 0.729467 -0.470983
vn -0.496038 -0.729467 0.470983
vn -0.642635 -0.441589 0.626115
vn -0.743397 -0.002763 0.668845
vn -0.668845 0.002763 0.743397
vn -0.626115 0.441589 0.642635
vn -0.470983 0.729467 0.496038
vn -0.256051 -0.805851 0.533893
vn -0.340132 -0.500194 0.796314
vn -0.443166 -0.004275 0.896429
vn -0.327229 0.002873 0.944941
vn -0.310822 0.457092 0.833341
vn -0.211606 0.808201 0.549577
vn -0.001442 -0.853027 0.521865
vn -0.002579 -0.588061 0.808813
vn -0.005764 -0.008620 0.999946
vn -0.001520 0.002272 0.999996
vn -0.001812 0.453782 0.891111
vn -0.000646 0.826926 0.562310
vn 0.001499 -0.797762 0.602971
vn 0.001812 -0.453782 0.891111
vn 0.001520 -0.002272 0.999996
vn 0.005764 0.008620 0.999946
vn 0.002579 0.588061 0.808813
vn 0.003098 0.826923 0.562307
vn 0.258350 -0.792186 0.552899
vn 0.310822 -0.457092 0.833341
vn 0.327229 -0.002873 0.944941
vn 0.443166 0.004275 0.896429
vn 0.340132 0.500194 0.796314
vn 0.312858 0.785415 0.534082
vn 0.503175 -0.702588 0.503175
vn 0.656445 -0.371698 0.656445
vn 0.707106 -0.001214 0.707106
vn 0.707095 0.005824 0.707095
vn 0.603891 0.520222 0.603891
vn 0.490135 0.720787 0.490135
vn -0.490135 -0.720787 -0.490135
vn -0.534082 -0.785415 -0.312858
vn -0.559294 -0.822491 -0.103437
vn -0.561772 -0.826136 0.043722
vn -0.549577 -0.808201 0.211606
vn -0.496038 -0.729467 0.470983
vn -0.603891 -0.520222 -0.603891
vn -0.796314 -0.500194 -0.340132
vn -0.854153 -0.507094 -0.115231
vn -0.857265 -0.506707 0.091347
vn -0.833341 -0.457092 0.310822
vn -0.642635 -0.441589 0.626115
vn -0.707095 -0.005824 -0.707095
vn -0.896429 -0.004275 -0.443166
vn -0.986115 -0.004057 -0.166014
vn -0.995748 -0.004339 0.092012
vn -0.944941 -0.002873 0.327229
vn -0.743397 -0.002763 0.668845
vn -0.707106 0.001214 -0.707106
vn -0.944941 0.002873 -0.327229
vn -0.995748 0.004339 -0.092012
vn -0.986115 0.004057 0.166014
vn -0.896429 0.004275 0.443166
vn -0.668845 0.002763 0.743397
vn -0.656445 0.371698 -0.656445
vn -0.833341 0.457092 -0.310822
vn -0.857265 0.506707 -0.091347
vn -0.854153 0.507094 0.115231
vn -0.796314 0.500194 0.340132
vn -0.626115 0.441589 0.642635
vn -0.503175 0.702588 -0.503175
vn -0.552899 0.792186 -0.258350
vn -0.552668 0.830131 -0.073762
vn -0.568873 0.819059 0.074335
vn -0.533893 0.805851 0.256051
vn -0.470983 0.729467 0.496038
vn 0.470983 -0.729467 -0.496038
vn 0.533893 -0.805851 -0.256051
vn 0.568873 -0.819059 -0.074335
vn 0.552668 -0.830131 0.073762
vn 0.552899 -0.792186 0.258350
vn 0.503175 -0.702588 0.503175
vn 0.626115 -0.441589 -0.642635
vn 0.796314 -0.500194 -0.340132
vn 0.854153 -0.507094 -0.115231
vn 0.857265 -0.506707 0.091347
vn 0.833341 -0.457092 0.310822
vn 0.656445 -0.371698 0.656445
vn 0.668845 -0.002763 -0.743397
vn 0.896429 -0.004275 -0.443166
vn 0.986115 -0.004057 -0.166014
vn 0.995748 -0.004339 0.092012
vn 0.944941 -0.002873 0.327229
vn 0.707106 -0.001214 0.707106
vn 0.743397 0.002763 -0.668845
vn 0.944941 0.002873 -0.327229
vn 0.995748 0.004339 -0.092012
vn 0.986115 0.004057 0.166014
vn 0.896429 0.004275 0.443166
vn 0.707095 0.005824 0.707095
vn 0.642635 0.441589 -0.626115
vn 0.833341 0.457092 -0.310822
vn 0.857265 0.506707 -0.091347
vn 0.854153 0.507094 0.115231
vn 0.796314 0.500194 0.340132
vn 0.603891 0.520222 0.603891
vn 0.496038 0.729467 -0.470983
vn 0.549577 0.808201 -0.211606
vn 0.561772 0.826136 -0.043722
vn 0.559294 0.822491 0.103437
vn 0.534082 0.785415 0.312858
vn 0.490135 0.720787 0.490135
vn -0.490135 -0.720787 -0.490135
vn -0.312858 -0.785415 -0.534082
vn -0.003098 -0.826923 -0.562307
vn 0.000646 -0.826926 -0.562310
vn 0.211606 -0.808201 -0.549577
vn 0.470983 -0.729467 -0.496038
vn -0.534082 -0.785415 -0.312858
vn -0.268668 -0.925005 -0.268668
vn -0.002055 -0.947864 -0.318668
vn 0.001346 -0.973378 -0.229200
vn 0.238736 -0.941281 -0.238736
vn 0.533893 -0.805851 -0.256051
vn -0.559294 -0.822491 -0.103437
vn -0.263694 -0.960573 -0.088120
vn -0.001859 -0.993508 -0.113746
vn 0.001978 -0.998030 -0.062702
vn 0.263001 -0.962273 -0.069724
vn 0.568873 -0.819059 -0.074335
vn -0.561772 -0.826136 0.043722
vn -0.263001 -0.962273 0.069724
vn -0.001978 -0.998030 0.062702
vn 0.001859 -0.993508 0.113746
vn 0.263694 -0.960573 0.088120
vn 0.552668 -0.830131 0.073762
vn -0.549577 -0.808201 0.211606
vn -0.238736 -0.941281 0.238736
vn -0.001346 -0.973378 0.229200
vn 0.002055 -0.947864 0.318668
vn 0.268668 -0.925005 0.268668
vn 0.552899 -0.792186 0.258350
vn -0.496038 -0.729467 0.470983
vn -0.256051 -0.805851 0.533893
vn -0.001442 -0.853027 0.521865
vn 0.001499 -0.797762 0.602971
vn 0.258350 -0.792186 0.552899
vn 0.503175 -0.702588 0.503175
vn -0.503175 0.702588 -0.503175
vn -0.258350 0.792186 -0.552899
vn -0.001499 0.797762 -0.602971
vn 0.001442 0.853027 -0.521865
vn 0.256051 0.805851 -0.533893
vn 0.496038 0.729467 -0.470983
vn -0.552899 0.792186 -0.258350
vn -0.268668 0.925005 -0.268668
vn -0.002055 0.947864 -0.318668
vn 0.001346 0.973378 -0.229200
vn 0.238736 0.941281 -0.238736
vn 0.549577 0.808201 -0.211606
vn -0.552668 0.830131 -0.073762
vn -0.263694 0.960573 -0.088120
vn -0.001859 0.993508 -0.113746
vn 0.001978 0.998030 -0.062702
vn 0.263001 0.962273 -0.069724
vn 0.561772 0.826136 -0.043722
vn -0.568873 0.819059 0.074335
vn -0.263001 0.962273 0.069724
vn -0.001978 0.998030 0.062702
vn 0.001859 0.993508 0.113746
vn 0.263694 0.960573 0.088120
vn 0.559294 0.822491 0.103437
vn -0.533893 0.805851 0.256051
vn -0.238736 0.941281 0.238736
vn -0.001346 0.973378 0.229200
vn 0.002055 0.947864 0.318668
vn 0.268668 0.925005 0.268668
vn 0.534082 0.785415 0.312858
vn -0.470983 0.729467 0.496038
vn -0.211606 0.808201 0.549577
vn -0.000646 0.826926 0.562310
vn 0.003098 0.826923 0.562307
vn 0.312858 0.785415 0.534082
vn 0.490135 0.720787 0.490135
vn -0.490135 -0.720787 -0.490135
vn -0.603891 -0.520222 -0.603891
vn -0.707095 -0.005824 -0.707095
vn -0.707106 0.001214 -0.707106
vn -0.656445 0.371698 -0.656445
vn -0.503175 0.702588 -0.503175
vn -0.312858 -0.785415 -0.534082
vn -0.340132 -0.500194 -0.796314
vn -0.443166 -0.004275 -0.896429
vn -0.327229 0.002873 -0.944941
vn -0.310822 0.457092 -0.833341
vn -0.258350 0.792186 -0.552899
vn -0.003098 -0.826923 -0.562307
vn -0.002579 -0.588061 -0.808813
vn -0.005764 -0.008620 -0.999946
vn -0.001520 0.002272 -0.999996
vn -0.001812 0.453782 -0.891111
vn -0.001499 0.797762 -0.602971
vn 0.000646 -0.826926 -0.562310
vn 0.001812 -0.453782 -0.891111
vn 0.001520 -0.002272 -0.999996
vn 0.005764 0.008620 -0.999946
vn 0.002579 0.588061 -0.808813
vn 0.001442 0.853027 -0.521865
vn 0.211606 -0.808201 -0.549577
vn 0.310822 -0.457092 -0.833341
vn 0.327229 -0.002873 -0.944941
vn 0.443166 0.004275 -0.896429
vn 0.340132 0.500194 -0.796314
vn 0.256051 0.805851 -0.533893
vn 0.470983 -0.729467 -0.496038
vn 0.626115 -0.441589 -0.642635
vn 0.668845 -0.002763 -0.743397
vn 0.743397 0.002763 -0.668845
vn 0.642635 0.441589 -0.626115
vn 0.496038 0.729467 -0.470983
vn -0.496038 -0.729467 0.470983
vn -0.642635 -0.441589 0.626115
vn -0.743397 -0.002763 0.668845
vn -0.668845 0.002763 0.743397
vn -0.626115 0.441589 0.642635
vn -0.470983 0.729467 0.496038
vn -0.256051 -0.805851 0.533893
vn -0.340132 -0.500194 0.796314
vn -0.443166 -0.004275 0.896429
vn -0.327229 0.002873 0.944941
vn -0.310822 0.457092 0.833341
vn -0.211606 0.808201 0.549577
vn -0.001442 -0.853027 0.521865
vn -0.002579 -0.588061 0.808813
vn -0.005764 -0.008620 0.999946
vn -0.001520 0.002272 0.999996
vn -0.001812 0.453782 0.891111
vn -0.000646 0.826926 0.562310
vn 0.001499 -0.797762 0.602971
vn 0.001812 -0.453782 0.891111
vn 0.001520 -0.002272 0.999996
vn 0.005764 0.008620 0.999946
vn 0.002579 0.588061 0.808813
vn 0.003098 0.826923 0.562307
vn 0.258350 -0.792186 0.552899
vn 0.310822 -0.457092 0.833341
vn 0.327229 -0.002873 0.944941
vn 0.443166 0.004275 0.896429
vn 0.340132 0.500194 0.796314
vn 0.312858 0.785415 0.534082
vn 0.503175 -0.702588 0.503175
vn 0.656445 -0.371698 0.656445
vn 0.707106 -0.001214 0.707106
vn 0.707095 0.005824 0.707095
vn 0.603891 0.520222 0.603891
vn 0.490135 0.720787 0.490135
f 218//218 223//223 217//217
f 224//224 223//223 218//218
f 219//219 224//224 218//218
f 225//225 224//224 219//219
f 220//220 225//225 219//219
f 226//226 225//225 220//220
f 221//221 226//226 220//220
f 227//227 226//226 221//221
f 222//222 227//227 221//221
f 228//228 227//227 222//222
f 224//224 229//229 223//223
f 230//230 229//229 224//224
f 225//225 230//230 224//224
f 231//231 230//230 225//225
f 226//226 231//231 225//225
f 232//232 231//231 226//226
f 227//227 232//232 226//226
f 233//233 232//232 227//227
f 228//228 233//233 227//227
f 234//234 233//233 228//228
f 230//230 235//235 229//229
f 236//236 235//235 230//230
f 231//231 236//236 230//230
f 237//237 236//236 231//231
f 232//232 237//237 231//231
f 238//238 237//237 232//232
f 233//233 238//238 232//232
f 239//239 238//238 233//233
f 234//234 239//239 233//233
f 240//240 239//239 234//234
f 236//236 241//241 235//235
f 242//242 241//241 236//236
f 237//237 242//242 236//236
f 243//243 242//242 237//237
f 238//238 243//243 237//237
f 244//244 243//243 238//238
f 239//239 244//244 238//238
f 245//245 244//244 239//239
f 240//240 245//245 239//239
f 246//246 245//245 240//240
f 242//242 247//247 241//241
f 248//248 247//247 242//242
f 243//243 248//248 242//242
f 249//249 248//248 243//243
f 244//244 249//249 243//243
f 250//250 249//249 244//244
f 245//245 250//250 244//244
f 251//251 250//250 245//245
f 246//246 251//251 245//245
f 252//252 251//251 246//246
f 253//253 259//259 254//254
f 254//254 259//259 260//260
f 254//254 260//260 255//255
f 255//255 260//260 261//261
f 255//255 261//261 256//256
f 256//256 261//261 262//262
f 256//256 262//262 257//257
f 257//257 262//262 263//263
f 257//257 263//263 258//258
f 258//258 263//263 264//264
f 259//259 265//265 260//260
f 260//260 265//265 266//266
f 260//260 266//266 261//261
f 261//261 266//266 267//267
f 261//261 267//267 262//262
f 262//262 267//267 268//268
f 262//262 268//268 263//263
f 263//263 268//268 269//269
f 263//263 269//269 264//264
f 264//264 269//269 270//270
f 265//265 271//271 266//266
f 266//266 271//271 272//272
f 266//266 272//272 267//267
f 267//267 272//272 273//273
f 267//267 273//273 268//268
f 268//268 273//273 274//274
f 268//268 274//274 269//269
f 269//269 274//274 275//275
f 269//269 275//275 270//270
f 270//270 275//275 276//276
f 271//271 277//277 272//272
f 272//272 277//277 278//278
f 272//272 278//278 273//273
f 273//273 278//278 279//279
f 273//273 279//279 274//274
f 274//274 279//279 280//280
f 274//274 280//280 275//275
f 275//275 280//280 281//281
f 275//275 281//281 276//276
f 276//276 281//281 282//282
f 277//277 283//283 278//278
f 278//278 283//283 284//284
f 278//278 284//284 279//279
f 279//279 284//284 285//285
f 279//279 285//285 280//280
f 280//280 285//285 286//286
f 280//280 286//286 281//281
f 281//281 286//286 287//287
f 281//281 287//287 282//282
f 282//282 287//287 288//288
f 290//290 295//295 289//289
f 296//296 295//295 290//290
f 291//291 296//296 290//290
f 297//297 296//296 291//291
f 292//292 297//297 291//291
f 298//298 297//297 292//292
f 293//293 298//298 292//292
f 299//299 298//298 293//293
f 294//294 299//299 293//293
f 300//300 299//299 294//294
f 296//296 301//301 295//295
f 302//302 301//301 296//296
f 297//297 302//302 296//296
f 303//303 302//302 297//297
f 298//298 303//303 297//297
f 304//304 303//303 298//298
f 299//299 304//304 298//298
f 305//305 304//304 299//299
f 300//300 305//305 299//299
f 306//306 305//305 300//300
f 302//302 307//307 301//301
f 308//308 307//307 302//302
f 303//303 308//308 302//302
f 309//309 308//308 303//303
f 304//304 309//309 303//303
f 310//310 309//309 304//304
f 305//305 310//310 304//304
f 311//311 310//310 305//305
f 306//306 311//311 305//305
f 312//312 311//311 306//306
f 308//308 313//313 307//307
f 314//314 313//313 308//308
f 309//309 314//314 308//308
f 315//315 314//314 309//309
f 310//310 315//315 309//309
f 316//316 315//315 310//310
f 311//311 316//316 310//310
f 317//317 316//316 311//311
f 312//312 317//317 311//311
f 318//318 317//317 312//312
f 314//314 319//319 313//313
f 320//320 319//319 314//314
f 315//315 320//320 314//314
f 321//321 320//320 315//315
f 316//316 321//321 315//315
f 322//322 321//321 316//316
f 317//317 322//322 316//316
f 323//323 322//322 317//317
f 318//318 323//323 317//317
f 324//324 323//323 318//318
f 325//325 331//331 326//326
f 326//326 331//331 332//332
f 326//326 332//332 327//327
f 327//327 332//332 333//333
f 327//327 333//333 328//328
f 328//328 333//333 334//334
f 328//328 334//334 329//329
f 329//329 334//334 335//335
f 329//329 335//335 330//330
f 330//330 335//335 336//336
f 331//331 337//337 332//332
f 332//332 337//337 338//338
f 332//332 338//338 333//333
f 333//333 338//338 339//339
f 333//333 339//339 334//334
f 334//334 339//339 340//340
f 334//334 340//340 335//335
f 335//335 340//340 341//341
f 335//335 341//341 336//336
f 336//336 341//341 342//342
f 337//337 343//343 338//338
f 338//338 343//343 344//344
f 338//338 344//344 339//339
f 339//339 344//344 345//345
f 339//339 345//345 340//340
f 340//340 345//345 346//346
f 340//340 346//346 341//341
f 341//341 346//346 347//347
f 341//341 347//347 342//342
f 342//342 347//347 348//348
f 343//343 349//349 344//344
f 344//344 349//349 350//350
f 344//344 350//350 345//345
f 345//345 350//350 351//351
f 345//345 351//351 346//346
f 346//346 351//351 352//352
f 346//346 352//352 347//347
f 347//347 352//352 353//353
f 347//347 353//353 348//348
f 348//348 353//353 354//354
f 349//349 355//355 350//350
f 350//350 355//355 356//356
f 350//350 356//356 351//351
f 351//351 356//356 357//357
f 351//351 357//357 352//352
f 352//352 357//357 358//358
f 352//352 358//358 353//353
f 353//353 358//358 359//359
f 353//353 359//359 354//354
f 354//354 359//359 360//360
f 362//362 367//367 361//361
f 368//368 367//367 362//362
f 363//363 368//368 362//362
f 369//369 368//368 363//363
f 364//364 369//369 363//363
f 370//370 369//369 364//364
f 365//365 370//370 364//364
f 371//371 370//370 365//365
f 366//366 371//371 365//365
f 372//372 371//371 366//366
f 368//368 373//373 367//367
f 374//374 373//373 368//368
f 369//369 374//374 368//368
f 375//375 374//374 369//369
f 370//370 375//375 369//369
f 376//376 375//375 370//370
f 371//371 376//376 370//370
f 377//377 376//376 371//371
f 372//372 377//377 371//371
f 378//378 377//377 372//372
f 374//374 379//379 373//373
f 380//380 379//379 374//374
f 375//375 380//380 374//374
f 381//381 380//380 375//375
f 376//376 381//381 375//375
f 382//382 381//381 376//376
f 377//377 382//382 376//376
f 383//383 382//382 377//377
f 378//378 383//383 377//377
f 384//384 383//383 378//378
f 380//380 385//385 379//379
f 386//386 385//385 380//380
f 381//381 386//386 380//380
f 387//387 386//386 381//381
f 382//382 387//387 381//381
f 388//388 387//387 382//382
f 383//383 388//388 382//382
f 389//389 388//388 383//383
f 384//384 389//389 383//383
f 390//390 389//389 384//384
f 386//386 391//391 385//385
f 392//392 391//391 386//386
f 387//387 392//392 386//386
f 393//393 392//392 387//387
f 388//388 393//393 387//387
f 394//394 393//393 388//388
f 389//389 394//394 388//388
f 395//395 394//394 389//389
f 390//390 395//395 389//389
f 396//396 395//395 390//390
f 397//397 403//403 398//398
f 398//398 403//403 404//404
f 398//398 404//404 399//399
f 399//399 404//404 405//405
f 399//399 405//405 400//400
f 400//400 405//405 406//406
f 400//400 406//406 401//401
f 401//401 406//406 407//407
f 401//401 407//407 402//402
f 402//402 407//407 408//408
f 403//403 409//409 404//404
f 404//404 409//409 410//410
f 404//404 410//410 405//405
f 405//405 410//410 411//411
f 405//405 411//411 406//406
f 406//406 411//411 412//412
f 406//406 412//412 407//407
f 407//407 412//412 413//413
f 407//407 413//413 408//408
f 408//408 413//413 414//414
f 409//409 415//415 410//410
f 410//410 415//415 416//416
f 410//410 416//416 411//411
f 411//411 416//416 417//417
f 411//411 417//417 412//412
f 412//412 417//417 418//418
f 412//412 418//418 413//413
f 413//413 418//418 419//419
f 413//413 419//419 414//414
f 414//414 419//419 420//420
f 415//415 421//421 416//416
f 416//416 421//421 422//422
f 416//416 422//422 417//417
f 417//417 422//422 423//423
f 417//417 423//423 418//418
f 418//418 423//423 424//424
f 418//418 424//424 419//419
f 419//419 424//424 425//425
f 419//419 425//425 420//420
f 420//420 425//425 426//426
f 421//421 427//427 422//422
f 422//422 427//427 428//428
f 422//422 428//428 423//423
f 423//423 428//428 429//429
f 423//423 429//429 424//424
f 424//424 429//429 430//430
f 424//424 430//430 425//425
f 425//425 430//430 431//431
f 425//425 431//431 426//426
f 426//426 431//431 432//432
f 434//434 439//439 433//433
f 440//440 439//439 434//434
f 435//435 440//440 434//434
f 441//441 440//440 435//435
f 436//436 441//441 435//435
f 442//442 441//441 436//436
f 437//437 442//442 436//436
f 443//443 442//442 437//437
f 438//438 443//443 437//437
f 444//444 443//443 438//438
f 440//440 445//445 439//439
f 446//446 445//445 440//440
f 441//441 446//446 440//440
f 447//447 446//446 441//441
f 442//442 447//447 441//441
f 448//448 447//447 442//442
f 443//443 448//448 442//442
f 449//449 448//448 443//443
f 444//444 449//449 443//443
f 450//450 449//449 444//444
f 446//446 451//451 445//445
f 452//452 451//451 446//446
f 447//447 452//452 446//446
f 453//453 452//452 447//447
f 448//448 453//453 447//447
f 454//454 453//453 448//448
f 449//449 454//454 448//448
f 455//455 454//454 449//449
f 450//450 455//455 449//449
f 456//456 455//455 450//450
f 452//452 457//457 451//451
f 458//458 457//457 452//452
f 453//453 458//458 452//452
f 459//459 458//458 453//453
f 454//454 459//459 453//453
f 460//460 459//459 454//454
f 455//455 460//460 454//454
f 461//461 460//460 455//455
f 456//456 461//461 455//455
f 462//462 461//461 456//456
f 458//458 463//463 457//457
f 464//464 463//463 458//458
f 459//459 464//464 458//458
f 465//465 464//464 459//459
f 460//460 465//465 459//459
f 466//466 465//465 460//460
f 461//461 466//466 460//460
f 467//467 466//466 461//461
f 462//462 467//467 461//461
f 468//468 467//467 462//462
f 469//469 475//475 470//470
f 470//470 475//475 476//476
f 470//470 476//476 471//471
f 471//471 476//476 477//477
f 471//471 477//477 472//472
f 472//472 477//477 478//478
f 472//472 478//478 473//473
f 473//473 478//478 479//479
f 473//473 479//479 474//474
f 474//474 479//479 480//480
f 475//475 481//481 476//476
f 476//476 481//481 482//482
f 476//476 482//482 477//477
f 477//477 482//482 483//483
f 477//477 483//483 478//478
f 478//478 483//483 484//484
f 478//478 484//484 479//479
f 479//479 484//484 485//485
f 479//479 485//485 480//480
f 480//480 485//485 486//486
f 481//481 487//487 482//482
f 482//482 487//487 488//488
f 482//482 488//488 483//483
f 483//483 488//488 489//489
f 483//483 489//489 484//484
f 484//484 489//489 490//490
f 484//484 490//490 485//485
f 485//485 490//490 491//491
f 485//485 491//491 486//486
f 486//486 491//491 492//492
f 487//487 493//493 488//488
f 488//488 493//493 494//494
f 488//488 494//494 489//489
f 489//489 494//494 495//495
f 489//489 495//495 490//490
f 490//490 495//495 496//496
f 490//490 496//496 491//491
f 491//491 496//496 497//497
f 491//491 497//497 492//492
f 492//492 497//497 498//498
f 493//493 499//499 494//494
f 494//494 499//499 500//500
f 494//494 500//500 495//495
f 495//495 500//500 501//501
f 495//495 501//501 496//496
f 496//496 501//501 502//502
f 496//496 502//502 497//497
f 497//497 502//502 503//503
f 497//497 503//503 498//498
f 498//498 503//503 504//504
f 506//506 511//511 505//505
f 512//512 511//511 506//506
f 507//507 512//512 506//506
f 513//513 512//512 507//507
f 508//508 513//513 507//507
f 514//514 513//513 508//508
f 509//509 514//514 508//508
f 515//515 514//514 509//509
f 510//510 515//515 509//509
f 516//516 515//515 510//510
f 512//512 517//517 511//511
f 518//518 517//517 512//512
f 513//513 518//518 512//512
f 519//519 518//518 513//513
f 514//514 519//519 513//513
f 520//520 519//519 514//514
f 515//515 520//520 514//514
f 521//521 520//520 515//515
f 516//516 521//521 515//515
f 522//522 521//521 516//516
f 518//518 523//523 517//517
f 524//524 523//523 518//518
f 519//519 524//524 518//518
f 525//525 524//524 519//519
f 520//520 525//525 519//519
f 526//526 525//525 520//520
f 521//521 526//526 520//520
f 527//527 526//526 521//521
f 522//522 527//527 521//521
f 528//528 527//527 522//522
f 524//524 529//529 523//523
f 530//530 529//529 524//524
f 525//525 530//530 524//524
f 531//531 530//530 525//525
f 526//526 531//531 525//525
f 532//532 531//531 526//526
f 527//527 532//532 526//526
f 533//533 532//532 527//527
f 528//528 533//533 527//527
f 534//534 533//533 528//528
f 530//530 535//535 529//529
f 536//536 535//535 530//530
f 531//531 536//536 530//530
f 537//537 536//536 531//531
f 532//532 537//537 531//531
f 538//538 537//537 532//532
f 533//533 538//538 532//532
f 539//539 538//538 533//533
f 534//534 539//539 533//533
f 540//540 539//539 534//534
f 541//541 547//547 542//542
f 542//542 547//547 548//548
f 542//542 548//548 543//543
f 543//543 548//548 549//549
f 543//543 549//549 544//544
f 544//544 549//549 550//550
f 544//544 550//550 545//545
f 545//545 550//550 551//551
f 545//545 551//551 546//546
f 546//546 551//551 552//552
f 547//547 553//553 548//548
f 548//548 553//553 554//554
f 548//548 554//554 549//549
f 549//549 554//554 555//555
f 549//549 555//555 550//550
f 550//550 555//555 556//556
f 550//550 556//556 551//551
f 551//551 556//556 557//557
f 551//551 557//557 552//552
f 552//552 557//557 558//558
f 553//553 559//559 554//554
f 554//554 559//559 560//560
f 554//554 560//560 555//555
f 555//555 560//560 561//561
f 555//555 561//561 556//556
f 556//556 561//561 562//562
f 556//556 562//562 557//557
f 557//557 562//562 563//563
f 557//557 563//563 558//558
f 558//558 563//563 564//564
f 559//559 565//565 560//560
f 560//560 565//565 566//566
f 560//560 566//566 561//561
f 561//561 566//566 567//567
f 561//561 567//567 562//562
f 562//562 567//567 568//568
f 562//562 568//568 563//563
f 563//563 568//568 569//569
f 563//563 569//569 564//564
f 564//564 569//569 570//570
f 565//565 571//571 566//566
f 566//566 571//571 572//572
f 566//566 572//572 567//567
f 567//567 572//572 573//573
f 567//567 573//573 568//568
f 568//568 573//573 574//574
f 568//568 574//574 569//569
f 569//569 574//574 575//575
f 569//569 575//575 570//570
f 570//570 575//575 576//576
f 578//578 583//583 577//577
f 584//584 583//583 578//578
f 579//579 584//584 578//578
f 585//585 584//584 579//579
f 580//580 585//585 579//579
f 586//586 585//585 580//580
f 581//581 586//586 580//580
f 587//587 586//586 581//581
f 582//582 587//587 581//581
f 588//588 587//587 582//582
f 584//584 589//589 583//583
f 590//590 589//589 584//584
f 585//585 590//590 584//584
f 591//591 590//590 585//585
f 586//586 591//591 585//585
f 592//592 591//591 586//586
f 587//587 592//592 586//586
f 593//593 592//592 587//587
f 588//588 593//593 587//587
f 594//594 593//593 588//588
f 590//590 595//595 589//589
f 596//596 595//595 590//590
f 591//591 596//596 590//590
f 597//597 596//596 591//591
f 592//592 597//597 591//591
f 598//598 597//597 592//592
f 593//593 598//598 592//592
f 599//599 598//598 593//593
f 594//594 599//599 593//593
f 600//600 599//599 594//594
f 596//596 601//601 595//595
f 602//602 601//601 596//596
f 597//597 602//602 596//596
f 603//603 602//602 597//597
f 598//598 603//603 597//597
f 604//604 603//603 598//598
f 599//599 604//604 598//598
f 605//605 604//604 599//599
f 600//600 605//605 599//599
f 606//606 605//605 600//600
f 602//602 607//607 601//601
f 608//608 607//607 602//602
f 603//603 608//608 602//602
f 609//609 608//608 603//603
f 604//604 609//609 603//603
f 610//610 609//609 604//604
f 605//605 610//610 604//604
f 611//611 610//610 605//605
f 606//606 611//611 605//605
f 612//612 611//611 606//606
f 613//613 619//619 614//614
f 614//614 619//619 620//620
f 614//614 620//620 615//615
f 615//615 620//620 621//621
f 615//615 621//621 616//616
f 616//616 621//621 622//622
f 616//616 622//622 617//617
f 617//617 622//622 623//623
f 617//617 623//623 618//618
f 618//618 623//623 624//624
f 619//619 625//625 620//620
f 620//620 625//625 626//626
f 620//620 626//626 621//621
f 621//621 626//626 627//627
f 621//621 627//627 622//622
f 622//622 627//627 628//628
f 622//622 628//628 623//623
f 623//623 628//628 629//629
f 623//623 629//629 624//624
f 624//624 629//629 630//630
f 625//625 631//631 626//626
f 626//626 631//631 632//632
f 626//626 632//632 627//627
f 627//627 632//632 633//633
f 627//627 633//633 628//628
f 628//628 633//633 634//634
f 628//628 634//634 629//629
f 629//629 634//634 635//635
f 629//629 635//635 630//630
f 630//630 635//635 636//636
f 631//631 637//637 632//632
f 632//632 637//637 638//638
f 632//632 638//638 633//633
f 633//633 638//638 639//639
f 633//633 639//639 634//634
f 634//634 639//639 640//640
f 634//634 640//640 635//635
f 635//635 640//640 641//641
f 635//635 641//641 636//636
f 636//636 641//641 642//642
f 637//637 643//643 638//638
f 638//638 643//643 644//644
f 638//638 644//644 639//639
f 639//639 644//644 645//645
f 639//639 645//645 640//640
f 640//640 645//645 646//646
f 640//640 646//646 641//641
f 641//641 646//646 647//647
f 641//641 647//647 642//642
f 642//642 647//647 648//648
f 650//650 655//655 649//649
f 656//656 655//655 650//650
f 651//651 656//656 650//650
f 657//657 656//656 651//651
f 652//652 657//657 651//651
f 658//658 657//657 652//652
f 653//653 658//658 652//652
f 659//659 658//658 653//653
f 654//654 659//659 653//653
f 660//660 659//659 654//654
f 656//656 661//661 655//655
f 662//662 661//661 656//656
f 657//657 662//662 656//656
f 663//663 662//662 657//657
f 658//658 663//663 657//657
f 664//664 663//663 658//658
f 659//659 664//664 658//658
f 665//665 664//664 659//659
f 660//660 665//665 659//659
f 666//666 665//665 660//660
f 662//662 667//667 661//661
f 668//668 667//667 662//662
f 663//663 668//668 662//662
f 669//669 668//668 663//663
f 664//664 669//669 663//663
f 670//670 669//669 664//664
f 665//665 670//670 664//664
f 671//671 670//670 665//665
f 666//666 671//671 665//665
f 672//672 671//671 666//666
f 668//668 673//673 667//667
f 674//674 673//673 668//668
f 669//669 674//674 668//668
f 675//675 674//674 669//669
f 670//670 675//675 669//669
f 676//676 675//675 670//670
f 671//671 676//676 670//670
f 677//677 676//676 671//671
f 672//672 677//677 671//671
f 678//678 677//677 672//672
f 674//674 679//679 673//673
f 680//680 679//679 674//674
f 675//675 680//680 674//674
f 681//681 680//680 675//675
f 676//676 681//681 675//675
f 682//682 681//681 676//676
f 677//677 682//682 676//676
f 683//683 682//682 677//677
f 678//678 683//683 677//677
f 684//684 683//683 678//678
f 685//685 691//691 686//686
f 686//686 691//691 692//692
f 686//686 692//692 687//687
f 687//687 692//692 693//693
f 687//687 693//693 688//688
f 688//688 693//693 694//694
f 688//688 694//694 689//689
f 689//689 694//694 695//695
f 689//689 695//695 690//690
f 690//690 695//695 696//696
f 691//691 697//697 692//692
f 692//692 697//697 698//698
f 692//692 698//698 693//693
f 693//693 698//698 699//699
f 693//693 699//699 694//694
f 694//694 699//699 700//700
f 694//694 700//700 695//695
f 695//695 700//700 701//701
f 695//695 701//701 696//696
f 696//696 701//701 702//702
f 697//697 703//703 698//698
f 698//698 703//703 704//704
f 698//698 704//704 699//699
f 699//699 704//704 705//705
f 699//699 705//705 700//700
f 700//700 705//705 706//706
f 700//700 706//706 701//701
f 701//701 706//706 707//707
f 701//701 707//707 702//702
f 702//702 707//707 708//708
f 703//703 709//709 704//704
f 704//704 709//709 710//710
f 704//704 710//710 705//705
f 705//705 710//710 711//711
f 705//705 711//711 706//706
f 706//706 711//711 712//712
f 706//706 712//712 707//707
f 707//707 712//712 713//713
f 707//707 713//713 708//708
f 708//708 713//713 714//714
f 709//709 715//715 710//710
f 710//710 715//715 716//716
f 710//710 716//716 711//711
f 711//711 716//716 717//717
f 711//711 717//717 712//712
f 712//712 717//717 718//718
f 712//712 718//718 713//713
f 713//713 718//718 719//719
f 713//713 719//719 714//714
f 714//714 719//719 720//720
f 722//722 727//727 721//721
f 728//728 727//727 722//722
f 723//723 728//728 722//722
f 729//729 728//728 723//723
f 724//724 729//729 723//723
f 730//730 729//729 724//724
f 725//725 730//730 724//724
f 731//731 730//730 725//725
f 726//726 731//731 725//725
f 732//732 731//731 726//726
f 728//728 733//733 727//727
f 734//734 733//733 728//728
f 729//729 734//734 728//728
f 735//735 734//734 729//729
f 730//730 735//735 729//729
f 736//736 735//735 730//730
f 731//731 736//736 730//730
f 737//737 736//736 731//731
f 732//732 737//737 731//731
f 738//738 737//737 732//732
f 734//734 739//739 733//733
f 740//740 739//739 734//734
f 735//735 740//740 734//734
f 741//741 740//740 735//735
f 736//736 741//741 735//735
f 742//742 741//741 736//736
f 737//737 742//742 736//736
f 743//743 742//742 737//737
f 738//738 743//743 737//737
f 744//744 743//743 738//738
f 740//740 745//745 739//739
f 746//746 745//745 740//740
f 741//741 746//746 740//740
f 747//747 746//746 741//741
f 742//742 747//747 741//741
f 748//748 747//747 742//742
f 743//743 748//748 742//742
f 749//749 748//748 743//743
f 744//744 749//749 743//743
f 750//750 749//749 744//744
f 746//746 751//751 745//745
f 752//752 751//751 746//746
f 747//747 752//752 746//746
f 753//753 752//752 747//747
f 748//748 753//753 747//747
f 754//754 753//753 748//748
f 749//749 754//754 748//748
f 755//755 754//754 749//749
f 750//750 755//755 749//749
f 756//756 755//755 750//750
f 757//757 763//763 758//758
f 758//758 763//763 764//764
f 758//758 764//764 759//759
f 759//759 764//764 765//765
f 759//759 765//765 760//760
f 760//760 765//765 766//766
f 760//760 766//766 761//761
f 761//761 766//766 767//767
f 761//761 767//767 762//762
f 762//762 767//767 768//768
f 763//763 769//769 764//764
f 764//764 769//769 770//770
f 764//764 770//770 765//765
f 765//765 770//770 771//771
f 765//765 771//771 766//766
f 766//766 771//771 772//772
f 766//766 772//772 767//767
f 767//767 772//772 773//773
f 767//767 773//773 768//768
f 768//768 773//773 774//774
f 769//769 775//775 770//770
f 770//770 775//775 776//776
f 770//770 776//776 771//771
f 771//771 776//776 777//777
f 771//771 777//777 772//772
f 772//772 777//777 778//778
f 772//772 778//778 773//773
f 773//773 778//778 779//779
f 773//773 779//779 774//774
f 774//774 779//779 780//780
f 775//775 781//781 776//776
f 776//776 781//781 782//782
f 776//776 782//782 777//777
f 777//777 782//782 783//783
f 777//777 783//783 778//778
f 778//778 783//783 784//784
f 778//778 784//784 779//779
f 779//779 784//784 785//785
f 779//779 785//785 780//780
f 780//780 785//785 786//786
f 781//781 787//787 782//782
f 782//782 787//787 788//788
f 782//782 788//788 783//783
f 783//783 788//788 789//789
f 783//783 789//789 784//784
f 784//784 789//789 790//790
f 784//784 790//790 785//785
f 785//785 790//790 791//791
f 785//785 791//791 786//786
f 786//786 791//791 792//792
f 794//794 799//799 793//793
f 800//800 799//799 794//794
f 795//795 800//800 794//794
f 801//801 800//800 795//795
f 796//796 801//801 795//795
f 802//802 801//801 796//796
f 797//797 802//802 796//796
f 803//803 802//802 797//797
f 798//798 803//803 797//797
f 804//804 803//803 798//798
f 800//800 805//805 799//799
f 806//806 805//805 800//800
f 801//801 806//806 800//800
f 807//807 806//806 801//801
f 802//802 807//807 801//801
f 808//808 807//807 802//802
f 803//803 808//808 802//802
f 809//809 808//808 803//803
f 804//804 809//809 803//803
f 810//810 809//809 804//804
f 806//806 811//811 805//805
f 812//812 811//811 806//806
f 807//807 812//812 806//806
f 813//813 812//812 807//807
f 808//808 813//813 807//807
f 814//814 813//813 808//808
f 809//809 814//814 808//808
f 815//815 814//814 809//809
f 810//810 815//815 809//809
f 816//816 815//815 810//810
f 812//812 817//817 811//811
f 818//818 817//817 812//812
f 813//813 818//818 812//812
f 819//819 818//818 813//813
f 814//814 819//819 813//813
f 820//820 819//819 814//814
f 815//815 820//820 814//814
f 821//821 820//820 815//815
f 816//816 821//821 815//815
f 822//822 821//821 816//816
f 818//818 823//823 817//817
f 824//824 823//823 818//818
f 819//819 824//824 818//818
f 825//825 824//824 819//819
f 820//820 825//825 819//819
f 826//826 825//825 820//820
f 821//821 826//826 820//820
f 827//827 826//826 821//821
f 822//822 827//827 821//821
f 828//828 827//827 822//822
f 829//829 835//835 830//830
f 830//830 835//835 836//836
f 830//830 836//836 831//831
f 831//831 836//836 837//837
f 831//831 837//837 832//832
f 832//832 837//837 838//838
f 832//832 838//838 833//833
f 833//833 838//838 839//839
f 833//833 839//839 834//834
f 834//834 839//839 840//840
f 835//835 841//841 836//836
f 836//836 841//841 842//842
f 836//836 842//842 837//837
f 837//837 842//842 843//843
f 837//837 843//843 838//838
f 838//838 843//843 844//844
f 838//838 844//844 839//839
f 839//839 844//844 845//845
f 839//839 845//845 840//840
f 840//840 845//845 846//846
f 841//841 847//847 842//842
f 842//842 847//847 848//848
f 842//842 848//848 843//843
f 843//843 848//848 849//849
f 843//843 849//849 844//844
f 844//844 849//849 850//850
f 844//844 850//850 845//845
f 845//845 850//850 851//851
f 845//845 851//851 846//846
f 846//846 851//851 852//852
f 847//847 853//853 848//848
f 848//848 853//853 854//854
f 848//848 854//854 849//849
f 849//849 854//854 855//855
f 849//849 855//855 850//850
f 850//850 855//855 856//856
f 850//850 856//856 851//851
f 851//851 856//856 857//857
f 851//851 857//857 852//852
f 852//852 857//857 858//858
f 853//853 859//859 854//854
f 854//854 859//859 860//860
f 854//854 860//860 855//855
f 855//855 860//860 861//861
f 855//855 861//861 856//856
f 856//856 861//861 862//862
f 856//856 862//862 857//857
f 857//857 862//862 863//863
f 857//857 863//863 858//858
f 858//858 863//863 864//864
f 866//866 871//871 865//865
f 872//872 871//871 866//866
f 867//867 872//872 866//866
f 873//873 872//872 867//867
f 868//868 873//873 867//867
f 874//874 873//873 868//868
f 869//869 874//874 868//868
f 875//875 874//874 869//869
f 870//870 875//875 869//869
f 876//876 875//875 870//870
f 872//872 877//877 871//871
f 878//878 877//877 872//872
f 873//873 878//878 872//872
f 879//879 878//878 873//873
f 874//874 879//879 873//873
f 880//880 879//879 874//874
f 875//875 880//880 874//874
f 881//881 880//880 875//875
f 876//876 881//881 875//875
f 882//882 881//881 876//876
f 878//878 883//883 877//877
f 884//884 883//883 878//878
f 879//879 884//884 878//878
f 885//885 884//884 879//879
f 880//880 885//885 879//879
f 886//886 885//885 880//880
f 881//881 886//886 880//880
f 887//887 886//886 881//881
f 882//882 887//887 881//881
f 888//888 887//887 882//882
f 884//884 889//889 883//883
f 890//890 889//889 884//884
f 885//885 890//890 884//884
f 891//891 890//890 885//885
f 886//886 891//891 885//885
f 892//892 891//891 886//886
f 887//887 892//892 886//886
f 893//893 892//892 887//887
f 888//888 893//893 887//887
f 894//894 893//893 888//888
f 890//890 895//895 889//889
f 896//896 895//895 890//890
f 891//891 896//896 890//890
f 897//897 896//896 891//891
f 892//892 897//897 891//891
f 898//898 897//897 892//892
f 893//893 898//898 892//892
f 899//899 898//898 893//893
f 894//894 899//899 893//893
f 900//900 899//899 894//894
f 901//901 907//907 902//902
f 902//902 907//907 908//908
f 902//902 908//908 903//903
f 903//903 908//908 909//909
f 903//903 909//909 904//904
f 904//904 909//909 910//910
f 904//904 910//910 905//905
f 905//905 910//910 911//911
f 905//905 911//911 906//906
f 906//906 911//911 912//912
f 907//907 913//913 908//908
f 908//908 913//913 914//914
f 908//908 914//914 909//909
f 909//909 914//914 915//915
f 909//909 915//915 910//910
f 910//910 915//915 916//916
f 910//910 916//916 911//911
f 911//911 916//916 917//917
f 911//911 917//917 912//912
f 912//912 917//917 918//918
f 913//913 919//919 914//914
f 914//914 919//919 920//920
f 914//914 920//920 915//915
f 915//915 920//920 921//921
f 915//915 921//921 916//916
f 916//916 921//921 922//922
f 916//916 922//922 917//917
f 917//917 922//922 923//923
f 917//917 923//923 918//918
f 918//918 923//923 924//924
f 919//919 925//925 920//920
f 920//920 925//925 926//926
f 920//920 926//926 921//921
f 921//921 926//926 927//927
f 921//921 927//927 922//922
f 922//922 927//927 928//928
f 922//922 928//928 923//923
f 923//923 928//928 929//929
f 923//923 929//929 924//924
f 924//924 929//929 930//930
f 925//925 931//931 926//926
f 926//926 931//931 932//932
f 926//926 932//932 927//927
f 927//927 932//932 933//933
f 927//927 933//933 928//928
f 928//928 933//933 934//934
f 928//928 934//934 929//929
f 929//929 934//934 935//935
f 929//929 935//935 930//930
f 930//930 935//935 936//936
f 938//938 943//943 937//937
f 944//944 943//943 938//938
f 939//939 944//944 938//938
f 945//945 944//944 939//939
f 940//940 945//945 939//939
f 946//946 945//945 940//940
f 941//941 946//946 940//940
f 947//947 946//946 941//941
f 942//942 947//947 941//941
f 948//948 947//947 942//942
f 944//944 949//949 943//943
f 950//950 949//949 944//944
f 945//945 950//950 944//944
f 951//951 950//950 945//945
f 946//946 951//951 945//945
f 952//952 951//951 946//946
f 947//947 952//952 946//946
f 953//953 952//952 947//947
f 948//948 953//953 947//947
f 954//954 953//953 948//948
f 950//950 955//955 949//949
f 956//956 955//955 950//950
f 951//951 956//956 950//950
f 957//957 956//956 951//951
f 952//952 957//957 951//951
f 958//958 957//957 952//952
f 953//953 958//958 952//952
f 959//959 958//958 953//953
f 954//954 959//959 953//953
f 960//960 959//959 954//954
f 956//956 961//961 955//955
f 962//962 961//961 956//956
f 957//957 962//962 956//956
f 963//963 962//962 957//957
f 958//958 963//963 957//957
f 964//964 963//963 958//958
f 959//959 964//964 958//958
f 965//965 964//964 959//959
f 960//960 965//965 959//959
f 966//966 965//965 960//960
f 962//962 967//967 961//961
f 968//968 967//967 962//962
f 963//963 968//968 962//962
f 969//969 968//968 963//963
f 964//964 969//969 963//963
f 970//970 969//969 964//964
f 965//965 970//970 964//964
f 971//971 970//970 965//965
f 966//966 971//971 965//965
f 972//972 971//971 966//966
f 973//973 979//979 974//974
f 974//974 979//979 980//980
f 974//974 980//980 975//975
f 975//975 980//980 981//981
f 975//975 981//981 976//976
f 976//976 981//981 982//982
f 976//976 982//982 977//977
f 977//977 982//982 983//983
f 977//977 983//983 978//978
f 978//978 983//983 984//984
f 979//979 985//985 980//980
f 980//980 985//985 986//986
f 980//980 986//986 981//981
f 981//981 986//986 987//987
f 981//981 987//987 982//982
f 982//982 987//987 988//988
f 982//982 988//988 983//983
f 983//983 988//988 989//989
f 983//983 989//989 984//984
f 984//984 989//989 990//990
f 985//985 991//991 986//986
f 986//986 991//991 992//992
f 986//986 992//992 987//987
f 987//987 992//992 993//993
f 987//987 993//993 988//988
f 988//988 993//993 994//994
f 988//988 994//994 989//989
f 989//989 994//994 995//995
f 989//989 995//995 990//990
f 990//990 995//995 996//996
f 991//991 997//997 992//992
f 992//992 997//997 998//998
f 992//992 998//998 993//993
f 993//993 998//998 999//999
f 993//993 999//999 994//994
f 994//994 999//999 1000//1000
f 994//994 1000//1000 995//995
f 995//995 1000//1000 1001//1001
f 995//995 1001//1001 996//996
f 996//996 1001//1001 1002//1002
f 997//997 1003//1003 998//998
f 998//998 1003//1003 1004//1004
f 998//998 1004//1004 999//999
f 999//999 1004//1004 1005//1005
f 999//999 1005//1005 1000//1000
f 1000//1000 1005//1005 1006//1006
f 1000//1000 1006//1006 1001//1001
f 1001//1001 1006//1006 1007//1007
f 1001//1001 1007//1007 1002//1002
f 1002//1002 1007//1007 1008//1008
f 1010//1010 1015//1015 1009//1009
f 1016//1016 1015//1015 1010//1010
f 1011//1011 1016//1016 1010//1010
f 1017//1017 1016//1016 1011//1011
f 1012//1012 1017//1017 1011//1011
f 1018//1018 1017//1017 1012//1012
f 1013//1013 1018//1018 1012//1012
f 1019//1019 1018//1018 1013//1013
f 1014//1014 1019//1019 1013//1013
f 1020//1020 1019//1019 1014//1014
f 1016//1016 1021//1021 1015//1015
f 1022//1022 1021//1021 1016//1016
f 1017//1017 1022//1022 1016//1016
f 1023//1023 1022//1022 1017//1017
f 1018//1018 1023//1023 1017//1017
f 1024//1024 1023//1023 1018//1018
f 1019//1019 1024//1024 1018//1018
f 1025//1025 1024//1024 1019//1019
f 1020//1020 1025//1025 1019//1019
f 1026//1026 1025//1025 1020//1020
f 1022//1022 1027//1027 1021//1021
f 1028//1028 1027//1027 1022//1022
f 1023//1023 1028//1028 1022//1022
f 1029//1029 1028//1028 1023//1023
f 1024//1024 1029//1029 1023//1023
f 1030//1030 1029//1029 1024//1024
f 1025//1025 1030//1030 1024//1024
f 1031//1031 1030//1030 1025//1025
f 1026//1026 1031//1031 1025//1025
f 1032//1032 1031//1031 1026//1026
f 1028//1028 1033//1033 1027//1027
f 1034//1034 1033//1033 1028//1028
f 1029//1029 1034//1034 1028//1028
f 1035//1035 1034//1034 1029//1029
f 1030//1030 1035//1035 1029//1029
f 1036//1036 1035//1035 1030//1030
f 1031//1031 1036//1036 1030//1030
f 1037//1037 1036//1036 1031//1031
f 1032//1032 1037//1037 1031//1031
f 1038//1038 1037//1037 1032//1032
f 1034//1034 1039//1039 1033//1033
f 1040//1040 1039//1039 1034//1034
f 1035//1035 1040//1040 1034//1034
f 1041//1041 1040//1040 1035//1035
f 1036//1036 1041//1041 1035//1035
f 1042//1042 1041//1041 1036//1036
f 1037//1037 1042//1042 1036//1036
f 1043//1043 1042//1042 1037//1037
f 1038//1038 1043//1043 1037//1037
f 1044//1044 1043//1043 1038//1038
f 1045//1045 1051//1051 1046//1046
f 1046//1046 1051//1051 1052//1052
f 1046//1046 1052//1052 1047//1047
f 1047//1047 1052//1052 1053//1053
f 1047//1047 1053//1053 1048//1048
f 1048//1048 1053//1053 1054//1054
f 1048//1048 1054//1054 1049//1049
f 1049//1049 1054//1054 1055//1055
f 1049//1049 1055//1055 1050//1050
f 1050//1050 1055//1055 1056//1056
f 1051//1051 1057//1057 1052//1052
f 1052//1052 1057//1057 1058//1058
f 1052//1052 1058//1058 1053//1053
f 1053//1053 1058//1058 1059//1059
f 1053//1053 1059//1059 1054//1054
f 1054//1054 1059//1059 1060//1060
f 1054//1054 1060//1060 1055//1055
f 1055//1055 1060//1060 1061//1061
f 1055//1055 1061//1061 1056//1056
f 1056//1056 1061//1061 1062//1062
f 1057//1057 1063//1063 1058//1058
f 1058//1058 1063//1063 1064//1064
f 1058//1058 1064//1064 1059//1059
f 1059//1059 1064//1064 1065//1065
f 1059//1059 1065//1065 1060//1060
f 1060//1060 1065//1065 1066//1066
f 1060//1060 1066//1066 1061//1061
f 1061//1061 1066//1066 1067//1067
f 1061//1061 1067//1067 1062//1062
f 1062//1062 1067//1067 1068//1068
f 1063//1063 1069//1069 1064//1064
f 1064//1064 1069//1069 1070//1070
f 1064//1064 1070//1070 1065//1065
f 1065//1065 1070//1070 1071//1071
f 1065//1065 1071//1071 1066//1066
f 1066//1066 1071//1071 1072//1072
f 1066//1066 1072//1072 1067//1067
f 1067//1067 1072//1072 1073//1073
f 1067//1067 1073//1073 1068//1068
f 1068//1068 1073//1073 1074//1074
f 1069//1069 1075//1075 1070//1070
f 1070//1070 1075//1075 1076//1076
f 1070//1070 1076//1076 1071//1071
f 1071//1071 1076//1076 1077//1077
f 1071//1071 1077//1077 1072//1072
f 1072//1072 1077//1077 1078//1078
f 1072//1072 1078//1078 1073//1073
f 1073//1073 1078//1078 1079//1079
f 1073//1073 1079//1079 1074//1074
f 1074//1074 1079//1079 1080//1080
f 1082//1082 1087//1087 1081//1081
f 1088//1088 1087//1087 1082//1082
f 1083//1083 1088//1088 1082//1082
f 1089//1089 1088//1088 1083//1083
f 1084//1084 1089//1089 1083//1083
f 1090//1090 1089//1089 1084//1084
f 1085//1085 1090//1090 1084//1084
f 1091//1091 1090//1090 1085//1085
f 1086//1086 1091//1091 1085//1085
f 1092//1092 1091//1091 1086//1086
f 1088//1088 1093//1093 1087//1087
f 1094//1094 1093//1093 1088//1088
f 1089//1089 1094//1094 1088//1088
f 1095//1095 1094//1094 1089//1089
f 1090//1090 1095//1095 1089//1089
f 1096//1096 1095//1095 1090//1090
f 1091//1091 1096//1096 1090//1090
f 1097//1097 1096//1096 1091//1091
f 1092//1092 1097//1097 1091//1091
f 1098//1098 1097//1097 1092//1092
f 1094//1094 1099//1099 1093//1093
f 1100//1100 1099//1099 1094//1094
f 1095//1095 1100//1100 1094//1094
f 1101//1101 1100//1100 1095//1095
f 1096//1096 1101//1101 1095//1095
f 1102//1102 1101//1101 1096//1096
f 1097//1097 1102//1102 1096//1096
f 1103//1103 1102//1102 1097//1097
f 1098//1098 1103//1103 1097//1097
f 1104//1104 1103//1103 1098//1098
f 1100//1100 1105//1105 1099//1099
f 1106//1106 1105//1105 1100//1100
f 1101//1101 1106//1106 1100//1100
f 1107//1107 1106//1106 1101//1101
f 1102//1102 1107//1107 1101//1101
f 1108//1108 1107//1107 1102//1102
f 1103//1103 1108//1108 1102//1102
f 1109//1109 1108//1108 1103//1103
f 1104//1104 1109//1109 1103//1103
f 1110//1110 1109//1109 1104//1104
f 1106//1106 1111//1111 1105//1105
f 1112//1112 1111//1111 1106//1106
f 1107//1107 1112//1112 1106//1106
f 1113//1113 1112//1112 1107//1107
f 1108//1108 1113//1113 1107//1107
f 1114//1114 1113//1113 1108//1108
f 1109//1109 1114//1114 1108//1108
f 1115//1115 1114//1114 1109//1109
f 1110//1110 1115//1115 1109//1109
f 1116//1116 1115//1115 1110//1110
f 1117//1117 1123//1123 1118//1118
f 1118//1118 1123//1123 1124//1124
f 1118//1118 1124//1124 1119//1119
f 1119//1119 1124//1124 1125//1125
f 1119//1119 1125//1125 1120//1120
f 1120//1120 1125//1125 1126//1126
f 1120//1120 1126//1126 1121//1121
f 1121//1121 1126//1126 1127//1127
f 1121//1121 1127//1127 1122//1122
f 1122//1122 1127//1127 1128//1128
f 1123//1123 1129//1129 1124//1124
f 1124//1124 1129//1129 1130//1130
f 1124//1124 1130//1130 1125//1125
f 1125//1125 1130//1130 1131//1131
f 1125//1125 1131//1131 1126//1126
f 1126//1126 1131//1131 1132//1132
f 1126//1126 1132//1132 1127//1127
f 1127//1127 1132//1132 1133//1133
f 1127//1127 1133//1133 1128//1128
f 1128//1128 1133//1133 1134//1134
f 1129//1129 1135//1135 1130//1130
f 1130//1130 1135//1135 1136//1136
f 1130//1130 1136//1136 1131//1131
f 1131//1131 1136//1136 1137//1137
f 1131//1131 1137//1137 1132//1132
f 1132//1132 1137//1137 1138//1138
f 1132//1132 1138//1138 1133//1133
f 1133//1133 1138//1138 1139//1139
f 1133//1133 1139//1139 1134//1134
f 1134//1134 1139//1139 1140//1140
f 1135//1135 1141//1141 1136//1136
f 1136//1136 1141//1141 1142//1142
f 1136//1136 1142//1142 1137//1137
f 1137//1137 1142//1142 1143//1143
f 1137//1137 1143//1143 1138//1138
f 1138//1138 1143//1143 1144//1144
f 1138//1138 1144//1144 1139//1139
f 1139//1139 1144//1144 1145//1145
f 1139//1139 1145//1145 1140//1140
f 1140//1140 1145//1145 1146//1146
f 1141//1141 1147//1147 1142//1142
f 1142//1142 1147//1147 1148//1148
f 1142//1142 1148//1148 1143//1143
f 1143//1143 1148//1148 1149//1149
f 1143//1143 1149//1149 1144//1144
f 1144//1144 1149//1149 1150//1150
f 1144//1144 1150//1150 1145//1145
f 1145//1145 1150//1150 1151//1151
f 1145//1145 1151//1151 1146//1146
f 1146//1146 1151//1151 1152//1152
f 1154//1154 1159//1159 1153//1153
f 1160//1160 1159//1159 1154//1154
f 1155//1155 1160//1160 1154//1154
f 1161//1161 1160//1160 1155//1155
f 1156//1156 1161//1161 1155//1155
f 1162//1162 1161//1161 1156//1156
f 1157//1157 1162//1162 1156//1156
f 1163//1163 1162//1162 1157//1157
f 1158//1158 1163//1163 1157//1157
f 1164//1164 1163//1163 1158//1158
f 1160//1160 1165//1165 1159//1159
f 1166//1166 1165//1165 1160//1160
f 1161//1161 1166//1166 1160//1160
f 1167//1167 1166//1166 1161//1161
f 1162//1162 1167//1167 1161//1161
f 1168//1168 1167//1167 1162//1162
f 1163//1163 1168//1168 1162//1162
f 1169//1169 1168//1168 1163//1163
f 1164//1164 1169//1169 1163//1163
f 1170//1170 1169//1169 1164//1164
f 1166//1166 1171//1171 1165//1165
f 1172//1172 1171//1171 1166//1166
f 1167//1167 1172//1172 1166//1166
f 1173//1173 1172//1172 1167//1167
f 1168//1168 1173//1173 1167//1167
f 1174//1174 1173//1173 1168//1168
f 1169//1169 1174//1174 1168//1168
f 1175//1175 1174//1174 1169//1169
f 1170//1170 1175//1175 1169//1169
f 1176//1176 1175//1175 1170//1170
f 1172//1172 1177//1177 1171//1171
f 1178//1178 1177//1177 1172//1172
f 1173//1173 1178//1178 1172//1172
f 1179//1179 1178//1178 1173//1173
f 1174//1174 1179//1179 1173//1173
f 1180//1180 1179//1179 1174//1174
f 1175//1175 1180//1180 1174//1174
f 1181//1181 1180//1180 1175//1175
f 1176//1176 1181//1181 1175//1175
f 1182//1182 1181//1181 1176//1176
f 1178//1178 1183//1183 1177//1177
f 1184//1184 1183//1183 1178//1178
f 1179//1179 1184//1184 1178//1178
f 1185//1185 1184//1184 1179//1179
f 1180//1180 1185//1185 1179//1179
f 1186//1186 1185//1185 1180//1180
f 1181//1181 1186//1186 1180//1180
f 1187//1187 1186//1186 1181//1181
f 1182//1182 1187//1187 1181//1181
f 1188//1188 1187//1187 1182//1182
f 1189//1189 1195//1195 1190//1190
f 1190//1190 1195//1195 1196//1196
f 1190//1190 1196//1196 1191//1191
f 1191//1191 1196//1196 1197//1197
f 1191//1191 1197//1197 1192//1192
f 1192//1192 1197//1197 1198//1198
f 1192//1192 1198//1198 1193//1193
f 1193//1193 1198//1198 1199//1199
f 1193//1193 1199//1199 1194//1194
f 1194//1194 1199//1199 1200//1200
f 1195//1195 1201//1201 1196//1196
f 1196//1196 1201//1201 1202//1202
f 1196//1196 1202//1202 1197//1197
f 1197//1197 1202//1202 1203//1203
f 1197//1197 1203//1203 1198//1198
f 1198//1198 1203//1203 1204//1204
f 1198//1198 1204//1204 1199//1199
f 1199//1199 1204//1204 1205//1205
f 1199//1199 1205//1205 1200//1200
f 1200//1200 1205//1205 1206//1206
f 1201//1201 1207//1207 1202//1202
f 1202//1202 1207//1207 1208//1208
f 1202//1202 1208//1208 1203//1203
f 1203//1203 1208//1208 1209//1209
f 1203//1203 1209//1209 1204//1204
f 1204//1204 1209//1209 1210//1210
f 1204//1204 1210//1210 1205//1205
f 1205//1205 1210//1210 1211//1211
f 1205//1205 1211//1211 1206//1206
f 1206//1206 1211//1211 1212//1212
f 1207//1207 1213//1213 1208//1208
f 1208//1208 1213//1213 1214//1214
f 1208//1208 1214//1214 1209//1209
f 1209//1209 1214//1214 1215//1215
f 1209//1209 1215//1215 1210//1210
f 1210//1210 1215//1215 1216//1216
f 1210//1210 1216//1216 1211//1211
f 1211//1211 1216//1216 1217//1217
f 1211//1211 1217//1217 1212//1212
f 1212//1212 1217//1217 1218//1218
f 1213//1213 1219//1219 1214//1214
f 1214//1214 1219//1219 1220//1220
f 1214//1214 1220//1220 1215//1215
f 1215//1215 1220//1220 1221//1221
f 1215//1215 1221//1221 1216//1216
f 1216//1216 1221//1221 1222//1222
f 1216//1216 1222//1222 1217//1217
f 1217//1217 1222//1222 1223//1223
f 1217//1217 1223//1223 1218//1218
f 1218//1218 1223//1223 1224//1224
f 1226//1226 1231//1231 1225//1225
f 1232//1232 1231//1231 1226//1226
f 1227//1227 1232//1232 1226//1226
f 1233//1233 1232//1232 1227//1227
f 1228//1228 1233//1233 1227//1227
f 1234//1234 1233//1233 1228//1228
f 1229//1229 1234//1234 1228//1228
f 1235//1235 1234//1234 1229//1229
f 1230//1230 1235//1235 1229//1229
f 1236//1236 1235//1235 1230//1230
f 1232//1232 1237//1237 1231//1231
f 1238//1238 1237//1237 1232//1232
f 1233//1233 1238//1238 1232//1232
f 1239//1239 1238//1238 1233//1233
f 1234//1234 1239//1239 1233//1233
f 1240//1240 1239//1239 1234//1234
f 1235//1235 1240//1240 1234//1234
f 1241//1241 1240//1240 1235//1235
f 1236//1236 1241//1241 1235//1235
f 1242//1242 1241//1241 1236//1236
f 1238//1238 1243//1243 1237//1237
f 1244//1244 1243//1243 1238//1238
f 1239//1239 1244//1244 1238//1238
f 1245//1245 1244//1244 1239//1239
f 1240//1240 1245//1245 1239//1239
f 1246//1246 1245//1245 1240//1240
f 1241//1241 1246//1246 1240//1240
f 1247//1247 1246//1246 1241//1241
f 1242//1242 1247//1247 1241//1241
f 1248//1248 1247//1247 1242//1242
f 1244//1244 1249//1249 1243//1243
f 1250//1250 1249//1249 1244//1244
f 1245//1245 1250//1250 1244//1244
f 1251//1251 1250//1250 1245//1245
f 1246//1246 1251//1251 1245//1245
f 1252//1252 1251//1251 1246//1246
f 1247//1247 1252//1252 1246//1246
f 1253//1253 1252//1252 1247//1247
f 1248//1248 1253//1253 1247//1247
f 1254//1254 1253//1253 1248//1248
f 1250//1250 1255//1255 1249//1249
f 1256//1256 1255//1255 1250//1250
f 1251//1251 1256//1256 1250//1250
f 1257//1257 1256//1256 1251//1251
f 1252//1252 1257//1257 1251//1251
f 1258//1258 1257//1257 1252//1252
f 1253//1253 1258//1258 1252//1252
f 1259//1259 1258//1258 1253//1253
f 1254//1254 1259//1259 1253//1253
f 1260//1260 1259//1259 1254//1254
f 1261//1261 1267//1267 1262//1262
f 1262//1262 1267//1267 1268//1268
f 1262//1262 1268//1268 1263//1263
f 1263//1263 1268//1268 1269//1269
f 1263//1263 1269//1269 1264//1264
f 1264//1264 1269//1269 1270//1270
f 1264//1264 1270//1270 1265//1265
f 1265//1265 1270//1270 1271//1271
f 1265//1265 1271//1271 1266//1266
f 1266//1266 1271//1271 1272//1272
f 1267//1267 1273//1273 1268//1268
f 1268//1268 1273//1273 1274//1274
f 1268//1268 1274//1274 1269//1269
f 1269//1269 1274//1274 1275//1275
f 1269//1269 1275//1275 1270//1270
f 1270//1270 1275//1275 1276//1276
f 1270//1270 1276//1276 1271//1271
f 1271//1271 1276//1276 1277//1277
f 1271//1271 1277//1277 1272//1272
f 1272//1272 1277//1277 1278//1278
f 1273//1273 1279//1279 1274//1274
f 1274//1274 1279//1279 1280//1280
f 1274//1274 1280//1280 1275//1275
f 1275//1275 1280//1280 1281//1281
f 1275//1275 1281//1281 1276//1276
f 1276//1276 1281//1281 1282//1282
f 1276//1276 1282//1282 1277//1277
f 1277//1277 1282//1282 1283//1283
f 1277//1277 1283//1283 1278//1278
f 1278//1278 1283//1283 1284//1284
f 1279//1279 1285//1285 1280//1280
f 1280//1280 1285//1285 1286//1286
f 1280//1280 1286//1286 1281//1281
f 1281//1281 1286//1286 1287//1287
f 1281//1281 1287//1287 1282//1282
f 1282//1282 1287//1287 1288//1288
f 1282//1282 1288//1288 1283//1283
f 1283//1283 1288//1288 1289//1289
f 1283//1283 1289//1289 1284//1284
f 1284//1284 1289//1289 1290//1290
f 1285//1285 1291//1291 1286//1286
f 1286//1286 1291//1291 1292//1292
f 1286//1286 1292//1292 1287//1287
f 1287//1287 1292//1292 1293//1293
f 1287//1287 1293//1293 1288//1288
f 1288//1288 1293//1293 1294//1294
f 1288//1288 1294//1294 1289//1289
f 1289//1289 1294//1294 1295//1295
f 1289//1289 1295//1295 1290//1290
f 1290//1290 1295//1295 1296//1296
f 1298//1298 1303//1303 1297//1297
f 1304//1304 1303//1303 1298//1298
f 1299//1299 1304//1304 1298//1298
f 1305//1305 1304//1304 1299//1299
f 1300//1300 1305//1305 1299//1299
f 1306//1306 1305//1305 1300//1300
f 1301//1301 1306//1306 1300//1300
f 1307//1307 1306//1306 1301//1301
f 1302//1302 1307//1307 1301//1301
f 1308//1308 1307//1307 1302//1302
f 1304//1304 1309//1309 1303//1303
f 1310//1310 1309//1309 1304//1304
f 1305//1305 1310//1310 1304//1304
f 1311//1311 1310//1310 1305//1305
f 1306//1306 1311//1311 1305//1305
f 1312//1312 1311//1311 1306//1306
f 1307//1307 1312//1312 1306//1306
f 1313//1313 1312//1312 1307//1307
f 1308//1308 1313//1313 1307//1307
f 1314//1314 1313//1313 1308//1308
f 1310//1310 1315//1315 1309//1309
f 1316//1316 1315//1315 1310//1310
f 1311//1311 1316//1316 1310//1310
f 1317//1317 1316//1316 1311//1311
f 1312//1312 1317//1317 1311//1311
f 1318//1318 1317//1317 1312//1312
f 1313//1313 1318//1318 1312//1312
f 1319//1319 1318//1318 1313//1313
f 1314//1314 1319//1319 1313//1313
f 1320//1320 1319//1319 1314//1314
f 1316//1316 1321//1321 1315//1315
f 1322//1322 1321//1321 1316//1316
f 1317//1317 1322//1322 1316//1316
f 1323//1323 1322//1322 1317//1317
f 1318//1318 1323//1323 1317//1317
f 1324//1324 1323//1323 1318//1318
f 1319//1319 1324//1324 1318//1318
f 1325//1325 1324//1324 1319//1319
f 1320//1320 1325//1325 1319//1319
f 1326//1326 1325//1325 1320//1320
f 1322//1322 1327//1327 1321//1321
f 1328//1328 1327//1327 1322//1322
f 1323//1323 1328//1328 1322//1322
f 1329//1329 1328//1328 1323//1323
f 1324//1324 1329//1329 1323//1323
f 1330//1330 1329//1329 1324//1324
f 1325//1325 1330//1330 1324//1324
f 1331//1331 1330//1330 1325//1325
f 1326//1326 1331//1331 1325//1325
f 1332//1332 1331//1331 1326//1326
f 1333//1333 1339//1339 1334//1334
f 1334//1334 1339//1339 1340//1340
f 1334//1334 1340//1340 1335//1335
f 1335//1335 1340//1340 1341//1341
f 1335//1335 1341//1341 1336//1336
f 1336//1336 1341//1341 1342//1342
f 1336//1336 1342//1342 1337//1337
f 1337//1337 1342//1342 1343//1343
f 1337//1337 1343//1343 1338//1338
f 1338//1338 1343//1343 1344//1344
f 1339//1339 1345//1345 1340//1340
f 1340//1340 1345//1345 1346//1346
f 1340//1340 1346//1346 1341//1341
f 1341//1341 1346//1346 1347//1347
f 1341//1341 1347//1347 1342//1342
f 1342//1342 1347//1347 1348//1348
f 1342//1342 1348//1348 1343//1343
f 1343//1343 1348//1348 1349//1349
f 1343//1343 1349//1349 1344//1344
f 1344//1344 1349//1349 1350//1350
f 1345//1345 1351//1351 1346//1346
f 1346//1346 1351//1351 1352//1352
f 1346//1346 1352//1352 1347//1347
f 1347//1347 1352//1352 1353//1353
f 1347//1347 1353//1353 1348//1348
f 1348//1348 1353//1353 1354//1354
f 1348//1348 1354//1354 1349//1349
f 1349//1349 1354//1354 1355//1355
f 1349//1349 1355//1355 1350//1350
f 1350//1350 1355//1355 1356//1356
f 1351//1351 1357//1357 1352//1352
f 1352//1352 1357//1357 1358//1358
f 1352//1352 1358//1358 1353//1353
f 1353//1353 1358//1358 1359//1359
f 1353//1353 1359//1359 1354//1354
f 1354//1354 1359//1359 1360//1360
f 1354//1354 1360//1360 1355//1355
f 1355//1355 1360//1360 1361//1361
f 1355//1355 1361//1361 1356//1356
f 1356//1356 1361//1361 1362//1362
f 1357//1357 1363//1363 1358//1358
f 1358//1358 1363//1363 1364//1364
f 1358//1358 1364//1364 1359//1359
f 1359//1359 1364//1364 1365//1365
f 1359//1359 1365//1365 1360//1360
f 1360//1360 1365//1365 1366//1366
f 1360//1360 1366//1366 1361//1361
f 1361//1361 1366//1366 1367//1367
f 1361//1361 1367//1367 1362//1362
f 1362//1362 1367//1367 1368//1368
f 1370//1370 1375//1375 1369//1369
f 1376//1376 1375//1375 1370//1370
f 1371//1371 1376//1376 1370//1370
f 1377//1377 1376//1376 1371//1371
f 1372//1372 1377//1377 1371//1371
f 1378//1378 1377//1377 1372//1372
f 1373//1373 1378//1378 1372//1372
f 1379//1379 1378//1378 1373//1373
f 1374//1374 1379//1379 1373//1373
f 1380//1380 1379//1379 1374//1374
f 1376//1376 1381//1381 1375//1375
f 1382//1382 1381//1381 1376//1376
f 1377//1377 1382//1382 1376//1376
f 1383//1383 1382//1382 1377//1377
f 1378//1378 1383//1383 1377//1377
f 1384//1384 1383//1383 1378//1378
f 1379//1379 1384//1384 1378//1378
f 1385//1385 1384//1384 1379//1379
f 1380//1380 1385//1385 1379//1379
f 1386//1386 1385//1385 1380//1380
f 1382//1382 1387//1387 1381//1381
f 1388//1388 1387//1387 1382//1382
f 1383//1383 1388//1388 1382//1382
f 1389//1389 1388//1388 1383//1383
f 1384//1384 1389//1389 1383//1383
f 1390//1390 1389//1389 1384//1384
f 1385//1385 1390//1390 1384//1384
f 1391//1391 1390//1390 1385//1385
f 1386//1386 1391//1391 1385//1385
f 1392//1392 1391//1391 1386//1386
f 1388//1388 1393//1393 1387//1387
f 1394//1394 1393//1393 1388//1388
f 1389//1389 1394//1394 1388//1388
f 1395//1395 1394//1394 1389//1389
f 1390//1390 1395//1395 1389//1389
f 1396//1396 1395//1395 1390//1390
f 1391//1391 1396//1396 1390//1390
f 1397//1397 1396//1396 1391//1391
f 1392//1392 1397//1397 1391//1391
f 1398//1398 1397//1397 1392//1392
f 1394//1394 1399//1399 1393//1393
f 1400//1400 1399//1399 1394//1394
f 1395//1395 1400//1400 1394//1394
f 1401//1401 1400//1400 1395//1395
f 1396//1396 1401//1401 1395//1395
f 1402//1402 1401//1401 1396//1396
f 1397//1397 1402//1402 1396//1396
f 1403//1403 1402//1402 1397//1397
f 1398//1398 1403//1403 1397//1397
f 1404//1404 1403//1403 1398//1398
f 1405//1405 1411//1411 1406//1406
f 1406//1406 1411//1411 1412//1412
f 1406//1406 1412//1412 1407//1407
f 1407//1407 1412//1412 1413//1413
f 1407//1407 1413//1413 1408//1408
f 1408//1408 1413//1413 1414//1414
f 1408//1408 1414//1414 1409//1409
f 1409//1409 1414//1414 1415//1415
f 1409//1409 1415//1415 1410//1410
f 1410//1410 1415//1415 1416//1416
f 1411//1411 1417//1417 1412//1412
f 1412//1412 1417//1417 1418//1418
f 1412//1412 1418//1418 1413//1413
f 1413//1413 1418//1418 1419//1419
f 1413//1413 1419//1419 1414//1414
f 1414//1414 1419//1419 1420//1420
f 1414//1414 1420//1420 1415//1415
f 1415//1415 1420//1420 1421//1421
f 1415//1415 1421//1421 1416//1416
f 1416//1416 1421//1421 1422//1422
f 1417//1417 1423//1423 1418//1418
f 1418//1418 1423//1423 1424//1424
f 1418//1418 1424//1424 1419//1419
f 1419//1419 1424//1424 1425//1425
f 1419//1419 1425//1425 1420//1420
f 1420//1420 1425//1425 1426//1426
f 1420//1420 1426//1426 1421//1421
f 1421//1421 1426//1426 1427//1427
f 1421//1421 1427//1427 1422//1422
f 1422//1422 1427//1427 1428//1428
f 1423//1423 1429//1429 1424//1424
f 1424//1424 1429//1429 1430//1430
f 1424//1424 1430//1430 1425//1425
f 1425//1425 1430//1430 1431//1431
f 1425//1425 1431//1431 1426//1426
f 1426//1426 1431//1431 1432//1432
f 1426//1426 1432//1432 1427//1427
f 1427//1427 1432//1432 1433//1433
f 1427//1427 1433//1433 1428//1428
f 1428//1428 1433//1433 1434//1434
f 1429//1429 1435//1435 1430//1430
f 1430//1430 1435//1435 1436//1436
f 1430//1430 1436//1436 1431//1431
f 1431//1431 1436//1436 1437//1437
f 1431//1431 1437//1437 1432//1432
f 1432//1432 1437//1437 1438//1438
f 1432//1432 1438//1438 1433//1433
f 1433//1433 1438//1438 1439//1439
f 1433//1433 1439//1439 1434//1434
f 1434//1434 1439//1439 1440//1440
f 1442//1442 1447//1447 1441//1441
f 1448//1448 1447//1447 1442//1442
f 1443//1443 1448//1448 1442//1442
f 1449//1449 1448//1448 1443//1443
f 1444//1444 1449//1449 1443//1443
f 1450//1450 1449//1449 1444//1444
f 1445//1445 1450//1450 1444//1444
f 1451//1451 1450//1450 1445//1445
f 1446//1446 1451//1451 1445//1445
f 1452//1452 1451//1451 1446//1446
f 1448//1448 1453//1453 1447//1447
f 1454//1454 1453//1453 1448//1448
f 1449//1449 1454//1454 1448//1448
f 1455//1455 1454//1454 1449//1449
f 1450//1450 1455//1455 1449//1449
f 1456//1456 1455//1455 1450//1450
f 1451//1451 1456//1456 1450//1450
f 1457//1457 1456//1456 1451//1451
f 1452//1452 1457//1457 1451//1451
f 1458//1458 1457//1457 1452//1452
f 1454//1454 1459//1459 1453//1453
f 1460//1460 1459//1459 1454//1454
f 1455//1455 1460//1460 1454//1454
f 1461//1461 1460//1460 1455//1455
f 1456//1456 1461//1461 1455//1455
f 1462//1462 1461//1461 1456//1456
f 1457//1457 1462//1462 1456//1456
f 1463//1463 1462//1462 1457//1457
f 1458//1458 1463//1463 1457//1457
f 1464//1464 1463//1463 1458//1458
f 1460//1460 1465//1465 1459//1459
f 1466//1466 1465//1465 1460//1460
f 1461//1461 1466//1466 1460//1460
f 1467//1467 1466//1466 1461//1461
f 1462//1462 1467//1467 1461//1461
f 1468//1468 1467//1467 1462//1462
f 1463//1463 1468//1468 1462//1462
f 1469//1469 1468//1468 1463//1463
f 1464//1464 1469//1469 1463//1463
f 1470//1470 1469//1469 1464//1464
f 1466//1466 1471//1471 1465//1465
f 1472//1472 1471//1471 1466//1466
f 1467//1467 1472//1472 1466//1466
f 1473//1473 1472//1472 1467//1467
f 1468//1468 1473//1473 1467//1467
f 1474//1474 1473//1473 1468//1468
f 1469//1469 1474//1474 1468//1468
f 1475//1475 1474//1474 1469//1469
f 1470//1470 1475//1475 1469//1469
f 1476//1476 1475//1475 1470//1470
f 1477//1477 1483//1483 1478//1478
f 1478//1478 1483//1483 1484//1484
f 1478//1478 1484//1484 1479//1479
f 1479//1479 1484//1484 1485//1485
f 1479//1479 1485//1485 1480//1480
f 1480//1480 1485//1485 1486//1486
f 1480//1480 1486//1486 1481//1481
f 1481//1481 1486//1486 1487//1487
f 1481//1481 1487//1487 1482//1482
f 1482//1482 1487//1487 1488//1488
f 1483//1483 1489//1489 1484//1484
f 1484//1484 1489//1489 1490//1490
f 1484//1484 1490//1490 1485//1485
f 1485//1485 1490//1490 1491//1491
f 1485//1485 1491//1491 1486//1486
f 1486//1486 1491//1491 1492//1492
f 1486//1486 1492//1492 1487//1487
f 1487//1487 1492//1492 1493//1493
f 1487//1487 1493//1493 1488//1488
f 1488//1488 1493//1493 1494//1494
f 1489//1489 1495//1495 1490//1490
f 1490//1490 1495//1495 1496//1496
f 1490//1490 1496//1496 1491//1491
f 1491//1491 1496//1496 1497//1497
f 1491//1491 1497//1497 1492//1492
f 1492//1492 1497//1497 1498//1498
f 1492//1492 1498//1498 1493//1493
f 1493//1493 1498//1498 1499//1499
f 1493//1493 1499//1499 1494//1494
f 1494//1494 1499//1499 1500//1500
f 1495//1495 1501//1501 1496//1496
f 1496//1496 1501//1501 1502//1502
f 1496//1496 1502//1502 1497//1497
f 1497//1497 1502//1502 1503//1503
f 1497//1497 1503//1503 1498//1498
f 1498//1498 1503//1503 1504//1504
f 1498//1498 1504//1504 1499//1499
f 1499//1499 1504//1504 1505//1505
f 1499//1499 1505//1505 1500//1500
f 1500//1500 1505//1505 1506//1506
f 1501//1501 1507//1507 1502//1502
f 1502//1502 1507//1507 1508//1508
f 1502//1502 1508//1508 1503//1503
f 1503//1503 1508//1508 1509//1509
f 1503//1503 1509//1509 1504//1504
f 1504//1504 1509//1509 1510//1510
f 1504//1504 1510//1510 1505//1505
f 1505//1505 1510//1510 1511//1511
f 1505//1505 1511//1511 1506//1506
f 1506//1506 1511//1511 1512//1512
o station-sink_cocoa
usemtl cocoa
v -0.172000 0.259080 0.387000
v -0.172000 0.259080 0.387000
v -0.172000 0.259080 0.387000
v -0.172000 0.259080 0.387000
v -0.172000 0.259080 0.387000
v -0.172000 0.259080 0.387000
v -0.172000 0.259080 0.387000
v -0.172000 0.259080 0.387000
v -0.172000 0.259080 0.387000
v -0.172000 0.259080 0.387000
v -0.172000 0.259080 0.387000
v -0.172000 0.259080 0.387000
v -0.172000 0.259080 0.387000
v -0.172000 0.259080 0.387000
v -0.172000 0.259080 0.387000
v -0.172000 0.259080 0.387000
v -0.172000 0.259080 0.387000
v -0.172000 0.259080 0.387000
v -0.172000 0.259080 0.387000
v -0.172000 0.259080 0.387000
v -0.172000 0.259080 0.387000
v -0.163977 0.258709 0.387000
v -0.164369 0.258709 0.388360
v -0.165509 0.258709 0.389586
v -0.167284 0.258709 0.390560
v -0.169521 0.258709 0.391185
v -0.172000 0.258709 0.391400
v -0.174479 0.258709 0.391185
v -0.176716 0.258709 0.390560
v -0.178491 0.258709 0.389586
v -0.179631 0.258709 0.388360
v -0.180023 0.258709 0.387000
v -0.179631 0.258709 0.385640
v -0.178491 0.258709 0.384414
v -0.176716 0.258709 0.383440
v -0.174479 0.258709 0.382815
v -0.172000 0.258709 0.382600
v -0.169521 0.258709 0.382815
v -0.167284 0.258709 0.383440
v -0.165509 0.258709 0.384414
v -0.164369 0.258709 0.385640
v -0.163977 0.258709 0.387000
v -0.156500 0.257622 0.387000
v -0.157259 0.257622 0.389627
v -0.159460 0.257622 0.391996
v -0.162889 0.257622 0.393877
v -0.167210 0.257622 0.395084
v -0.172000 0.257622 0.395500
v -0.176790 0.257622 0.395084
v -0.181111 0.257622 0.393877
v -0.184540 0.257622 0.391996
v -0.186741 0.257622 0.389627
v -0.187500 0.257622 0.387000
v -0.186741 0.257622 0.384373
v -0.184540 0.257622 0.382004
v -0.181111 0.257622 0.380123
v -0.176790 0.257622 0.378916
v -0.172000 0.257622 0.378500
v -0.167210 0.257622 0.378916
v -0.162889 0.257622 0.380123
v -0.159460 0.257622 0.382004
v -0.157259 0.257622 0.384373
v -0.156500 0.257622 0.387000
v -0.150080 0.255893 0.387000
v -0.151153 0.255893 0.390715
v -0.154266 0.255893 0.394066
v -0.159116 0.255893 0.396725
v -0.165226 0.255893 0.398432
v -0.172000 0.255893 0.399021
v -0.178774 0.255893 0.398432
v -0.184884 0.255893 0.396725
v -0.189734 0.255893 0.394066
v -0.192847 0.255893 0.390715
v -0.193920 0.255893 0.387000
v -0.192847 0.255893 0.383285
v -0.189734 0.255893 0.379934
v -0.184884 0.255893 0.377275
v -0.178774 0.255893 0.375568
v -0.172000 0.255893 0.374979
v -0.165226 0.255893 0.375568
v -0.159116 0.255893 0.377275
v -0.154266 0.255893 0.379934
v -0.151153 0.255893 0.383285
v -0.150080 0.255893 0.387000
v -0.145153 0.253640 0.387000
v -0.146467 0.253640 0.391549
v -0.150280 0.253640 0.395654
v -0.156220 0.253640 0.398911
v -0.163704 0.253640 0.401002
v -0.172000 0.253640 0.401722
v -0.180296 0.253640 0.401002
v -0.187780 0.253640 0.398911
v -0.193720 0.253640 0.395654
v -0.197533 0.253640 0.391549
v -0.198847 0.253640 0.387000
v -0.197533 0.253640 0.382451
v -0.193720 0.253640 0.378346
v -0.187780 0.253640 0.375089
v -0.180296 0.253640 0.372998
v -0.172000 0.253640 0.372278
v -0.163704 0.253640 0.372998
v -0.156220 0.253640 0.375089
v -0.150280 0.253640 0.378346
v -0.146467 0.253640 0.382451
v -0.145153 0.253640 0.387000
v -0.142056 0.251016 0.387000
v -0.143522 0.251016 0.392074
v -0.147775 0.251016 0.396652
v -0.154400 0.251016 0.400285
v -0.162747 0.251016 0.402617
v -0.172000 0.251016 0.403421
v -0.181253 0.251016 0.402617
v -0.189600 0.251016 0.400285
v -0.196225 0.251016 0.396652
v -0.200478 0.251016 0.392074
v -0.201944 0.251016 0.387000
v -0.200478 0.251016 0.381926
v -0.196225 0.251016 0.377348
v -0.189600 0.251016 0.373715
v -0.181253 0.251016 0.371383
v -0.172000 0.251016 0.370579
v -0.162747 0.251016 0.371383
v -0.154400 0.251016 0.373715
v -0.147775 0.251016 0.377348
v -0.143522 0.251016 0.381926
v -0.142056 0.251016 0.387000
v -0.141000 0.248200 0.387000
v -0.142517 0.248200 0.392253
v -0.146920 0.248200 0.396992
v -0.153779 0.248200 0.400753
v -0.162420 0.248200 0.403168
v -0.172000 0.248200 0.404000
v -0.181580 0.248200 0.403168
v -0.190221 0.248200 0.400753
v -0.197080 0.248200 0.396992
v -0.201483 0.248200 0.392253
v -0.203000 0.248200 0.387000
v -0.201483 0.248200 0.381747
v -0.197080 0.248200 0.377008
v -0.190221 0.248200 0.373247
v -0.181580 0.248200 0.370832
v -0.172000 0.248200 0.370000
v -0.162420 0.248200 0.370832
v -0.153779 0.248200 0.373247
v -0.146920 0.248200 0.377008
v -0.142517 0.248200 0.381747
v -0.141000 0.248200 0.387000
v -0.142056 0.245384 0.387000
v -0.143522 0.245384 0.392074
v -0.147775 0.245384 0.396652
v -0.154400 0.245384 0.400285
v -0.162747 0.245384 0.402617
v -0.172000 0.245384 0.403421
v -0.181253 0.245384 0.402617
v -0.189600 0.245384 0.400285
v -0.196225 0.245384 0.396652
v -0.200478 0.245384 0.392074
v -0.201944 0.245384 0.387000
v -0.200478 0.245384 0.381926
v -0.196225 0.245384 0.377348
v -0.189600 0.245384 0.373715
v -0.181253 0.245384 0.371383
v -0.172000 0.245384 0.370579
v -0.162747 0.245384 0.371383
v -0.154400 0.245384 0.373715
v -0.147775 0.245384 0.377348
v -0.143522 0.245384 0.381926
v -0.142056 0.245384 0.387000
v -0.145153 0.242760 0.387000
v -0.146467 0.242760 0.391549
v -0.150280 0.242760 0.395654
v -0.156220 0.242760 0.398911
v -0.163704 0.242760 0.401002
v -0.172000 0.242760 0.401722
v -0.180296 0.242760 0.401002
v -0.187780 0.242760 0.398911
v -0.193720 0.242760 0.395654
v -0.197533 0.242760 0.391549
v -0.198847 0.242760 0.387000
v -0.197533 0.242760 0.382451
v -0.193720 0.242760 0.378346
v -0.187780 0.242760 0.375089
v -0.180296 0.242760 0.372998
v -0.172000 0.242760 0.372278
v -0.163704 0.242760 0.372998
v -0.156220 0.242760 0.375089
v -0.150280 0.242760 0.378346
v -0.146467 0.242760 0.382451
v -0.145153 0.242760 0.387000
v -0.150080 0.240507 0.387000
v -0.151153 0.240507 0.390715
v -0.154266 0.240507 0.394066
v -0.159116 0.240507 0.396725
v -0.165226 0.240507 0.398432
v -0.172000 0.240507 0.399021
v -0.178774 0.240507 0.398432
v -0.184884 0.240507 0.396725
v -0.189734 0.240507 0.394066
v -0.192847 0.240507 0.390715
v -0.193920 0.240507 0.387000
v -0.192847 0.240507 0.383285
v -0.189734 0.240507 0.379934
v -0.184884 0.240507 0.377275
v -0.178774 0.240507 0.375568
v -0.172000 0.240507 0.374979
v -0.165226 0.240507 0.375568
v -0.159116 0.240507 0.377275
v -0.154266 0.240507 0.379934
v -0.151153 0.240507 0.383285
v -0.150080 0.240507 0.387000
v -0.156500 0.238778 0.387000
v -0.157259 0.238778 0.389627
v -0.159460 0.238778 0.391996
v -0.162889 0.238778 0.393877
v -0.167210 0.238778 0.395084
v -0.172000 0.238778 0.395500
v -0.176790 0.238778 0.395084
v -0.181111 0.238778 0.393877
v -0.184540 0.238778 0.391996
v -0.186741 0.238778 0.389627
v -0.187500 0.238778 0.387000
v -0.186741 0.238778 0.384373
v -0.184540 0.238778 0.382004
v -0.181111 0.238778 0.380123
v -0.176790 0.238778 0.378916
v -0.172000 0.238778 0.378500
v -0.167210 0.238778 0.378916
v -0.162889 0.238778 0.380123
v -0.159460 0.238778 0.382004
v -0.157259 0.238778 0.384373
v -0.156500 0.238778 0.387000
v -0.163977 0.237691 0.387000
v -0.164369 0.237691 0.388360
v -0.165509 0.237691 0.389586
v -0.167284 0.237691 0.390560
v -0.169521 0.237691 0.391185
v -0.172000 0.237691 0.391400
v -0.174479 0.237691 0.391185
v -0.176716 0.237691 0.390560
v -0.178491 0.237691 0.389586
v -0.179631 0.237691 0.388360
v -0.180023 0.237691 0.387000
v -0.179631 0.237691 0.385640
v -0.178491 0.237691 0.384414
v -0.176716 0.237691 0.383440
v -0.174479 0.237691 0.382815
v -0.172000 0.237691 0.382600
v -0.169521 0.237691 0.382815
v -0.167284 0.237691 0.383440
v -0.165509 0.237691 0.384414
v -0.164369 0.237691 0.385640
v -0.163977 0.237691 0.387000
v -0.172000 0.237320 0.387000
v -0.172000 0.237320 0.387000
v -0.172000 0.237320 0.387000
v -0.172000 0.237320 0.387000
v -0.172000 0.237320 0.387000
v -0.172000 0.237320 0.387000
v -0.172000 0.237320 0.387000
v -0.172000 0.237320 0.387000
v -0.172000 0.237320 0.387000
v -0.172000 0.237320 0.387000
v -0.172000 0.237320 0.387000
v -0.172000 0.237320 0.387000
v -0.172000 0.237320 0.387000
v -0.172000 0.237320 0.387000
v -0.172000 0.237320 0.387000
v -0.172000 0.237320 0.387000
v -0.172000 0.237320 0.387000
v -0.172000 0.237320 0.387000
v -0.172000 0.237320 0.387000
v -0.172000 0.237320 0.387000
v -0.172000 0.237320 0.387000
v 0.172000 0.259080 0.387000
v 0.172000 0.259080 0.387000
v 0.172000 0.259080 0.387000
v 0.172000 0.259080 0.387000
v 0.172000 0.259080 0.387000
v 0.172000 0.259080 0.387000
v 0.172000 0.259080 0.387000
v 0.172000 0.259080 0.387000
v 0.172000 0.259080 0.387000
v 0.172000 0.259080 0.387000
v 0.172000 0.259080 0.387000
v 0.172000 0.259080 0.387000
v 0.172000 0.259080 0.387000
v 0.172000 0.259080 0.387000
v 0.172000 0.259080 0.387000
v 0.172000 0.259080 0.387000
v 0.172000 0.259080 0.387000
v 0.172000 0.259080 0.387000
v 0.172000 0.259080 0.387000
v 0.172000 0.259080 0.387000
v 0.172000 0.259080 0.387000
v 0.180023 0.258709 0.387000
v 0.179631 0.258709 0.388360
v 0.178491 0.258709 0.389586
v 0.176716 0.258709 0.390560
v 0.174479 0.258709 0.391185
v 0.172000 0.258709 0.391400
v 0.169521 0.258709 0.391185
v 0.167284 0.258709 0.390560
v 0.165509 0.258709 0.389586
v 0.164369 0.258709 0.388360
v 0.163977 0.258709 0.387000
v 0.164369 0.258709 0.385640
v 0.165509 0.258709 0.384414
v 0.167284 0.258709 0.383440
v 0.169521 0.258709 0.382815
v 0.172000 0.258709 0.382600
v 0.174479 0.258709 0.382815
v 0.176716 0.258709 0.383440
v 0.178491 0.258709 0.384414
v 0.179631 0.258709 0.385640
v 0.180023 0.258709 0.387000
v 0.187500 0.257622 0.387000
v 0.186741 0.257622 0.389627
v 0.184540 0.257622 0.391996
v 0.181111 0.257622 0.393877
v 0.176790 0.257622 0.395084
v 0.172000 0.257622 0.395500
v 0.167210 0.257622 0.395084
v 0.162889 0.257622 0.393877
v 0.159460 0.257622 0.391996
v 0.157259 0.257622 0.389627
v 0.156500 0.257622 0.387000
v 0.157259 0.257622 0.384373
v 0.159460 0.257622 0.382004
v 0.162889 0.257622 0.380123
v 0.167210 0.257622 0.378916
v 0.172000 0.257622 0.378500
v 0.176790 0.257622 0.378916
v 0.181111 0.257622 0.380123
v 0.184540 0.257622 0.382004
v 0.186741 0.257622 0.384373
v 0.187500 0.257622 0.387000
v 0.193920 0.255893 0.387000
v 0.192847 0.255893 0.390715
v 0.189734 0.255893 0.394066
v 0.184884 0.255893 0.396725
v 0.178774 0.255893 0.398432
v 0.172000 0.255893 0.399021
v 0.165226 0.255893 0.398432
v 0.159116 0.255893 0.396725
v 0.154266 0.255893 0.394066
v 0.151153 0.255893 0.390715
v 0.150080 0.255893 0.387000
v 0.151153 0.255893 0.383285
v 0.154266 0.255893 0.379934
v 0.159116 0.255893 0.377275
v 0.165226 0.255893 0.375568
v 0.172000 0.255893 0.374979
v 0.178774 0.255893 0.375568
v 0.184884 0.255893 0.377275
v 0.189734 0.255893 0.379934
v 0.192847 0.255893 0.383285
v 0.193920 0.255893 0.387000
v 0.198847 0.253640 0.387000
v 0.197533 0.253640 0.391549
v 0.193720 0.253640 0.395654
v 0.187780 0.253640 0.398911
v 0.180296 0.253640 0.401002
v 0.172000 0.253640 0.401722
v 0.163704 0.253640 0.401002
v 0.156220 0.253640 0.398911
v 0.150280 0.253640 0.395654
v 0.146467 0.253640 0.391549
v 0.145153 0.253640 0.387000
v 0.146467 0.253640 0.382451
v 0.150280 0.253640 0.378346
v 0.156220 0.253640 0.375089
v 0.163704 0.253640 0.372998
v 0.172000 0.253640 0.372278
v 0.180296 0.253640 0.372998
v 0.187780 0.253640 0.375089
v 0.193720 0.253640 0.378346
v 0.197533 0.253640 0.382451
v 0.198847 0.253640 0.387000
v 0.201944 0.251016 0.387000
v 0.200478 0.251016 0.392074
v 0.196225 0.251016 0.396652
v 0.189600 0.251016 0.400285
v 0.181253 0.251016 0.402617
v 0.172000 0.251016 0.403421
v 0.162747 0.251016 0.402617
v 0.154400 0.251016 0.400285
v 0.147775 0.251016 0.396652
v 0.143522 0.251016 0.392074
v 0.142056 0.251016 0.387000
v 0.143522 0.251016 0.381926
v 0.147775 0.251016 0.377348
v 0.154400 0.251016 0.373715
v 0.162747 0.251016 0.371383
v 0.172000 0.251016 0.370579
v 0.181253 0.251016 0.371383
v 0.189600 0.251016 0.373715
v 0.196225 0.251016 0.377348
v 0.200478 0.251016 0.381926
v 0.201944 0.251016 0.387000
v 0.203000 0.248200 0.387000
v 0.201483 0.248200 0.392253
v 0.197080 0.248200 0.396992
v 0.190221 0.248200 0.400753
v 0.181580 0.248200 0.403168
v 0.172000 0.248200 0.404000
v 0.162420 0.248200 0.403168
v 0.153779 0.248200 0.400753
v 0.146920 0.248200 0.396992
v 0.142517 0.248200 0.392253
v 0.141000 0.248200 0.387000
v 0.142517 0.248200 0.381747
v 0.146920 0.248200 0.377008
v 0.153779 0.248200 0.373247
v 0.162420 0.248200 0.370832
v 0.172000 0.248200 0.370000
v 0.181580 0.248200 0.370832
v 0.190221 0.248200 0.373247
v 0.197080 0.248200 0.377008
v 0.201483 0.248200 0.381747
v 0.203000 0.248200 0.387000
v 0.201944 0.245384 0.387000
v 0.200478 0.245384 0.392074
v 0.196225 0.245384 0.396652
v 0.189600 0.245384 0.400285
v 0.181253 0.245384 0.402617
v 0.172000 0.245384 0.403421
v 0.162747 0.245384 0.402617
v 0.154400 0.245384 0.400285
v 0.147775 0.245384 0.396652
v 0.143522 0.245384 0.392074
v 0.142056 0.245384 0.387000
v 0.143522 0.245384 0.381926
v 0.147775 0.245384 0.377348
v 0.154400 0.245384 0.373715
v 0.162747 0.245384 0.371383
v 0.172000 0.245384 0.370579
v 0.181253 0.245384 0.371383
v 0.189600 0.245384 0.373715
v 0.196225 0.245384 0.377348
v 0.200478 0.245384 0.381926
v 0.201944 0.245384 0.387000
v 0.198847 0.242760 0.387000
v 0.197533 0.242760 0.391549
v 0.193720 0.242760 0.395654
v 0.187780 0.242760 0.398911
v 0.180296 0.242760 0.401002
v 0.172000 0.242760 0.401722
v 0.163704 0.242760 0.401002
v 0.156220 0.242760 0.398911
v 0.150280 0.242760 0.395654
v 0.146467 0.242760 0.391549
v 0.145153 0.242760 0.387000
v 0.146467 0.242760 0.382451
v 0.150280 0.242760 0.378346
v 0.156220 0.242760 0.375089
v 0.163704 0.242760 0.372998
v 0.172000 0.242760 0.372278
v 0.180296 0.242760 0.372998
v 0.187780 0.242760 0.375089
v 0.193720 0.242760 0.378346
v 0.197533 0.242760 0.382451
v 0.198847 0.242760 0.387000
v 0.193920 0.240507 0.387000
v 0.192847 0.240507 0.390715
v 0.189734 0.240507 0.394066
v 0.184884 0.240507 0.396725
v 0.178774 0.240507 0.398432
v 0.172000 0.240507 0.399021
v 0.165226 0.240507 0.398432
v 0.159116 0.240507 0.396725
v 0.154266 0.240507 0.394066
v 0.151153 0.240507 0.390715
v 0.150080 0.240507 0.387000
v 0.151153 0.240507 0.383285
v 0.154266 0.240507 0.379934
v 0.159116 0.240507 0.377275
v 0.165226 0.240507 0.375568
v 0.172000 0.240507 0.374979
v 0.178774 0.240507 0.375568
v 0.184884 0.240507 0.377275
v 0.189734 0.240507 0.379934
v 0.192847 0.240507 0.383285
v 0.193920 0.240507 0.387000
v 0.187500 0.238778 0.387000
v 0.186741 0.238778 0.389627
v 0.184540 0.238778 0.391996
v 0.181111 0.238778 0.393877
v 0.176790 0.238778 0.395084
v 0.172000 0.238778 0.395500
v 0.167210 0.238778 0.395084
v 0.162889 0.238778 0.393877
v 0.159460 0.238778 0.391996
v 0.157259 0.238778 0.389627
v 0.156500 0.238778 0.387000
v 0.157259 0.238778 0.384373
v 0.159460 0.238778 0.382004
v 0.162889 0.238778 0.380123
v 0.167210 0.238778 0.378916
v 0.172000 0.238778 0.378500
v 0.176790 0.238778 0.378916
v 0.181111 0.238778 0.380123
v 0.184540 0.238778 0.382004
v 0.186741 0.238778 0.384373
v 0.187500 0.238778 0.387000
v 0.180023 0.237691 0.387000
v 0.179631 0.237691 0.388360
v 0.178491 0.237691 0.389586
v 0.176716 0.237691 0.390560
v 0.174479 0.237691 0.391185
v 0.172000 0.237691 0.391400
v 0.169521 0.237691 0.391185
v 0.167284 0.237691 0.390560
v 0.165509 0.237691 0.389586
v 0.164369 0.237691 0.388360
v 0.163977 0.237691 0.387000
v 0.164369 0.237691 0.385640
v 0.165509 0.237691 0.384414
v 0.167284 0.237691 0.383440
v 0.169521 0.237691 0.382815
v 0.172000 0.237691 0.382600
v 0.174479 0.237691 0.382815
v 0.176716 0.237691 0.383440
v 0.178491 0.237691 0.384414
v 0.179631 0.237691 0.385640
v 0.180023 0.237691 0.387000
v 0.172000 0.237320 0.387000
v 0.172000 0.237320 0.387000
v 0.172000 0.237320 0.387000
v 0.172000 0.237320 0.387000
v 0.172000 0.237320 0.387000
v 0.172000 0.237320 0.387000
v 0.172000 0.237320 0.387000
v 0.172000 0.237320 0.387000
v 0.172000 0.237320 0.387000
v 0.172000 0.237320 0.387000
v 0.172000 0.237320 0.387000
v 0.172000 0.237320 0.387000
v 0.172000 0.237320 0.387000
v 0.172000 0.237320 0.387000
v 0.172000 0.237320 0.387000
v 0.172000 0.237320 0.387000
v 0.172000 0.237320 0.387000
v 0.172000 0.237320 0.387000
v 0.172000 0.237320 0.387000
v 0.172000 0.237320 0.387000
v 0.172000 0.237320 0.387000
vn 0.000000 1.000000 0.000000
vn 0.000000 1.000000 0.000000
vn 0.000000 1.000000 0.000000
vn 0.000000 1.000000 0.000000
vn 0.000000 1.000000 0.000000
vn 0.000000 1.000000 0.000000
vn 0.000000 1.000000 0.000000
vn 0.000000 1.000000 0.000000
vn 0.000000 1.000000 0.000000
vn 0.000000 1.000000 0.000000
vn 0.000000 1.000000 0.000000
vn 0.000000 1.000000 0.000000
vn 0.000000 1.000000 0.000000
vn 0.000000 1.000000 0.000000
vn 0.000000 1.000000 0.000000
vn 0.000000 1.000000 0.000000
vn 0.000000 1.000000 0.000000
vn 0.000000 1.000000 0.000000
vn 0.000000 1.000000 0.000000
vn 0.000000 1.000000 0.000000
vn 0.000000 1.000000 0.000000
vn 0.109682 0.993878 -0.013263
vn 0.106478 0.993099 0.049153
vn 0.092646 0.989996 0.106414
vn 0.069782 0.985796 0.152761
vn 0.040328 0.982114 0.183917
vn 0.007174 0.980321 0.197280
vn -0.026628 0.981070 0.191813
vn -0.058008 0.984090 0.167936
vn -0.083982 0.988268 0.127568
vn -0.101875 0.992020 0.074281
vn -0.109682 0.993878 0.013263
vn -0.106478 0.993099 -0.049153
vn -0.092646 0.989996 -0.106414
vn -0.069782 0.985796 -0.152761
vn -0.040328 0.982114 -0.183917
vn -0.007174 0.980321 -0.197280
vn 0.026628 0.981070 -0.191813
vn 0.058008 0.984090 -0.167936
vn 0.083982 0.988268 -0.127568
vn 0.101875 0.992020 -0.074281
vn 0.109682 0.993878 -0.013263
vn 0.207421 0.978165 -0.013054
vn 0.198736 0.974511 0.104077
vn 0.169389 0.963235 0.208530
vn 0.123920 0.949131 0.289474
vn 0.067966 0.937621 0.340950
vn 0.006826 0.932677 0.360649
vn -0.054812 0.935878 0.348034
vn -0.112334 0.946210 0.303427
vn -0.160592 0.960183 0.228602
vn -0.193938 0.972554 0.128555
vn -0.207421 0.978165 0.013054
vn -0.198736 0.974511 -0.104077
vn -0.169389 0.963235 -0.208530
vn -0.123920 0.949131 -0.289474
vn -0.067966 0.937621 -0.340950
vn -0.006826 0.932677 -0.360649
vn 0.054812 0.935878 -0.348034
vn 0.112334 0.946210 -0.303427
vn 0.160592 0.960183 -0.228602
vn 0.193938 0.972554 -0.128555
vn 0.207421 0.978165 -0.013054
vn 0.337964 0.941075 -0.012559
vn 0.320023 0.930814 0.176553
vn 0.266184 0.902806 0.337767
vn 0.188916 0.870541 0.454389
vn 0.099792 0.846152 0.523515
vn 0.006122 0.836559 0.547843
vn -0.087788 0.843985 0.529135
vn -0.177826 0.866732 0.465998
vn -0.257201 0.898560 0.355581
vn -0.314835 0.927930 0.199561
vn -0.337964 0.941075 0.012559
vn -0.320023 0.930814 -0.176553
vn -0.266184 0.902806 -0.337767
vn -0.188916 0.870541 -0.454389
vn -0.099792 0.846152 -0.523515
vn -0.006122 0.836559 -0.547843
vn 0.087788 0.843985 -0.529135
vn 0.177826 0.866732 -0.465998
vn 0.257201 0.898560 -0.355581
vn 0.314835 0.927930 -0.199561
vn 0.337964 0.941075 -0.012559
vn 0.525254 0.850870 -0.011355
vn 0.487812 0.827696 0.277415
vn 0.388933 0.772123 0.502550
vn 0.264003 0.715905 0.646361
vn 0.134022 0.677837 0.722894
vn 0.004860 0.664128 0.747603
vn -0.124235 0.675922 0.726426
vn -0.254228 0.712267 0.654251
vn -0.380034 0.767565 0.516157
vn -0.482034 0.824217 0.297171
vn -0.525254 0.850870 0.011355
vn -0.487812 0.827696 -0.277415
vn -0.388933 0.772123 -0.502550
vn -0.264003 0.715905 -0.646361
vn -0.134022 0.677837 -0.722894
vn -0.004860 0.664128 -0.747603
vn 0.124235 0.675922 -0.726426
vn 0.254228 0.712267 -0.654251
vn 0.380034 0.767565 -0.516157
vn 0.482034 0.824217 -0.297171
vn 0.525254 0.850870 -0.011355
vn 0.798414 0.602056 -0.008034
vn 0.713482 0.564687 0.414815
vn 0.528754 0.490871 0.692434
vn 0.337555 0.429782 0.837463
vn 0.164172 0.393923 0.904363
vn 0.002797 0.382134 0.924102
vn -0.158363 0.393115 0.905749
vn -0.331156 0.428089 0.840878
vn -0.521839 0.488352 0.699426
vn -0.707940 0.562314 0.427345
vn -0.798414 0.602056 0.008034
vn -0.713482 0.564687 -0.414815
vn -0.528754 0.490871 -0.692434
vn -0.337555 0.429782 -0.837463
vn -0.164172 0.393923 -0.904363
vn -0.002797 0.382134 -0.924102
vn 0.158363 0.393115 -0.905749
vn 0.331156 0.428089 -0.840878
vn 0.521839 0.488352 -0.699426
vn 0.707940 0.562314 -0.427345
vn 0.798414 0.602056 -0.008034
vn 1.000000 -0.000000 0.000000
vn 0.860326 -0.000000 0.509744
vn 0.602444 0.000000 0.798161
vn 0.370130 0.000000 0.928980
vn 0.175419 0.000000 0.984494
vn 0.000000 -0.000000 1.000000
vn -0.175419 -0.000000 0.984494
vn -0.370130 0.000000 0.928980
vn -0.602444 -0.000000 0.798161
vn -0.860326 0.000000 0.509744
vn -1.000000 -0.000000 0.000000
vn -0.860326 -0.000000 -0.509744
vn -0.602444 0.000000 -0.798161
vn -0.370130 0.000000 -0.928980
vn -0.175419 0.000000 -0.984494
vn -0.000000 -0.000000 -1.000000
vn 0.175419 -0.000000 -0.984494
vn 0.370130 0.000000 -0.928980
vn 0.602444 -0.000000 -0.798161
vn 0.860326 0.000000 -0.509744
vn 1.000000 -0.000000 0.000000
vn 0.798414 -0.602056 0.008034
vn 0.707940 -0.562314 0.427345
vn 0.521839 -0.488352 0.699426
vn 0.331156 -0.428089 0.840878
vn 0.158363 -0.393115 0.905749
vn -0.002797 -0.382134 0.924102
vn -0.164172 -0.393923 0.904363
vn -0.337555 -0.429782 0.837463
vn -0.528754 -0.490871 0.692434
vn -0.713482 -0.564687 0.414815
vn -0.798414 -0.602056 -0.008034
vn -0.707940 -0.562314 -0.427345
vn -0.521839 -0.488352 -0.699426
vn -0.331156 -0.428089 -0.840878
vn -0.158363 -0.393115 -0.905749
vn 0.002797 -0.382134 -0.924102
vn 0.164172 -0.393923 -0.904363
vn 0.337555 -0.429782 -0.837463
vn 0.528754 -0.490871 -0.692434
vn 0.713482 -0.564687 -0.414815
vn 0.798414 -0.602056 0.008034
vn 0.525254 -0.850870 0.011355
vn 0.482034 -0.824217 0.297171
vn 0.380034 -0.767565 0.516157
vn 0.254228 -0.712267 0.654251
vn 0.124235 -0.675922 0.726426
vn -0.004860 -0.664128 0.747603
vn -0.134022 -0.677837 0.722894
vn -0.264003 -0.715905 0.646361
vn -0.388933 -0.772123 0.502550
vn -0.487812 -0.827696 0.277415
vn -0.525254 -0.850870 -0.011355
vn -0.482034 -0.824217 -0.297171
vn -0.380034 -0.767565 -0.516157
vn -0.254228 -0.712267 -0.654251
vn -0.124235 -0.675922 -0.726426
vn 0.004860 -0.664128 -0.747603
vn 0.134022 -0.677837 -0.722894
vn 0.264003 -0.715905 -0.646361
vn 0.388933 -0.772123 -0.502550
vn 0.487812 -0.827696 -0.277415
vn 0.525254 -0.850870 0.011355
vn 0.337964 -0.941075 0.012559
vn 0.314835 -0.927930 0.199561
vn 0.257201 -0.898560 0.355581
vn 0.177826 -0.866732 0.465998
vn 0.087788 -0.843985 0.529135
vn -0.006122 -0.836559 0.547843
vn -0.099792 -0.846152 0.523515
vn -0.188916 -0.870541 0.454389
vn -0.266184 -0.902806 0.337767
vn -0.320023 -0.930814 0.176553
vn -0.337964 -0.941075 -0.012559
vn -0.314835 -0.927930 -0.199561
vn -0.257201 -0.898560 -0.355581
vn -0.177826 -0.866732 -0.465998
vn -0.087788 -0.843985 -0.529135
vn 0.006122 -0.836559 -0.547843
vn 0.099792 -0.846152 -0.523515
vn 0.188916 -0.870541 -0.454389
vn 0.266184 -0.902806 -0.337767
vn 0.320023 -0.930814 -0.176553
vn 0.337964 -0.941075 0.012559
vn 0.207421 -0.978165 0.013054
vn 0.193938 -0.972554 0.128555
vn 0.160592 -0.960183 0.228602
vn 0.112334 -0.946210 0.303427
vn 0.054812 -0.935878 0.348034
vn -0.006826 -0.932677 0.360649
vn -0.067966 -0.937621 0.340950
vn -0.123920 -0.949131 0.289474
vn -0.169389 -0.963235 0.208530
vn -0.198736 -0.974511 0.104077
vn -0.207421 -0.978165 -0.013054
vn -0.193938 -0.972554 -0.128555
vn -0.160592 -0.960183 -0.228602
vn -0.112334 -0.946210 -0.303427
vn -0.054812 -0.935878 -0.348034
vn 0.006826 -0.932677 -0.360649
vn 0.067966 -0.937621 -0.340950
vn 0.123920 -0.949131 -0.289474
vn 0.169389 -0.963235 -0.208530
vn 0.198736 -0.974511 -0.104077
vn 0.207421 -0.978165 0.013054
vn 0.109682 -0.993878 0.013263
vn 0.101875 -0.992020 0.074281
vn 0.083982 -0.988268 0.127568
vn 0.058008 -0.984090 0.167936
vn 0.026628 -0.981070 0.191813
vn -0.007174 -0.980321 0.197280
vn -0.040328 -0.982114 0.183917
vn -0.069782 -0.985796 0.152761
vn -0.092646 -0.989996 0.106414
vn -0.106478 -0.993099 0.049153
vn -0.109682 -0.993878 -0.013263
vn -0.101875 -0.992020 -0.074281
vn -0.083982 -0.988268 -0.127568
vn -0.058008 -0.984090 -0.167936
vn -0.026628 -0.981070 -0.191813
vn 0.007174 -0.980321 -0.197280
vn 0.040328 -0.982114 -0.183917
vn 0.069782 -0.985796 -0.152761
vn 0.092646 -0.989996 -0.106414
vn 0.106478 -0.993099 -0.049153
vn 0.109682 -0.993878 0.013263
vn 0.000000 -1.000000 0.000000
vn 0.000000 -1.000000 0.000000
vn 0.000000 -1.000000 0.000000
vn 0.000000 -1.000000 0.000000
vn 0.000000 -1.000000 0.000000
vn 0.000000 -1.000000 0.000000
vn 0.000000 -1.000000 0.000000
vn 0.000000 -1.000000 0.000000
vn 0.000000 -1.000000 0.000000
vn 0.000000 -1.000000 0.000000
vn 0.000000 -1.000000 0.000000
vn 0.000000 -1.000000 0.000000
vn 0.000000 -1.000000 0.000000
vn 0.000000 -1.000000 0.000000
vn 0.000000 -1.000000 0.000000
vn 0.000000 -1.000000 0.000000
vn 0.000000 -1.000000 0.000000
vn 0.000000 -1.000000 0.000000
vn 0.000000 -1.000000 0.000000
vn 0.000000 -1.000000 0.000000
vn 0.000000 -1.000000 0.000000
vn 0.000000 1.000000 0.000000
vn 0.000000 1.000000 0.000000
vn 0.000000 1.000000 0.000000
vn 0.000000 1.000000 0.000000
vn 0.000000 1.000000 0.000000
vn 0.000000 1.000000 0.000000
vn 0.000000 1.000000 0.000000
vn 0.000000 1.000000 0.000000
vn 0.000000 1.000000 0.000000
vn 0.000000 1.000000 0.000000
vn 0.000000 1.000000 0.000000
vn 0.000000 1.000000 0.000000
vn 0.000000 1.000000 0.000000
vn 0.000000 1.000000 0.000000
vn 0.000000 1.000000 0.000000
vn 0.000000 1.000000 0.000000
vn 0.000000 1.000000 0.000000
vn 0.000000 1.000000 0.000000
vn 0.000000 1.000000 0.000000
vn 0.000000 1.000000 0.000000
vn 0.000000 1.000000 0.000000
vn 0.109682 0.993878 -0.013263
vn 0.106478 0.993099 0.049153
vn 0.092646 0.989996 0.106414
vn 0.069782 0.985796 0.152761
vn 0.040328 0.982114 0.183917
vn 0.007174 0.980321 0.197280
vn -0.026628 0.981070 0.191813
vn -0.058008 0.984090 0.167936
vn -0.083982 0.988268 0.127568
vn -0.101875 0.992020 0.074281
vn -0.109682 0.993878 0.013263
vn -0.106478 0.993099 -0.049153
vn -0.092646 0.989996 -0.106414
vn -0.069782 0.985796 -0.152761
vn -0.040328 0.982114 -0.183917
vn -0.007174 0.980321 -0.197280
vn 0.026628 0.981070 -0.191813
vn 0.058008 0.984090 -0.167936
vn 0.083982 0.988268 -0.127568
vn 0.101875 0.992020 -0.074281
vn 0.109682 0.993878 -0.013263
vn 0.207421 0.978165 -0.013054
vn 0.198736 0.974511 0.104077
vn 0.169389 0.963235 0.208530
vn 0.123920 0.949131 0.289474
vn 0.067966 0.937621 0.340950
vn 0.006826 0.932677 0.360649
vn -0.054812 0.935878 0.348034
vn -0.112334 0.946210 0.303427
vn -0.160592 0.960183 0.228602
vn -0.193938 0.972554 0.128555
vn -0.207421 0.978165 0.013054
vn -0.198736 0.974511 -0.104077
vn -0.169389 0.963235 -0.208530
vn -0.123920 0.949131 -0.289474
vn -0.067966 0.937621 -0.340950
vn -0.006826 0.932677 -0.360649
vn 0.054812 0.935878 -0.348034
vn 0.112334 0.946210 -0.303427
vn 0.160592 0.960183 -0.228602
vn 0.193938 0.972554 -0.128555
vn 0.207421 0.978165 -0.013054
vn 0.337964 0.941075 -0.012559
vn 0.320023 0.930814 0.176553
vn 0.266184 0.902806 0.337767
vn 0.188916 0.870541 0.454389
vn 0.099792 0.846152 0.523515
vn 0.006122 0.836559 0.547843
vn -0.087788 0.843985 0.529135
vn -0.177826 0.866732 0.465998
vn -0.257201 0.898560 0.355581
vn -0.314835 0.927930 0.199561
vn -0.337964 0.941075 0.012559
vn -0.320023 0.930814 -0.176553
vn -0.266184 0.902806 -0.337767
vn -0.188916 0.870541 -0.454389
vn -0.099792 0.846152 -0.523515
vn -0.006122 0.836559 -0.547843
vn 0.087788 0.843985 -0.529135
vn 0.177826 0.866732 -0.465998
vn 0.257201 0.898560 -0.355581
vn 0.314835 0.927930 -0.199561
vn 0.337964 0.941075 -0.012559
vn 0.525254 0.850870 -0.011355
vn 0.487812 0.827696 0.277415
vn 0.388933 0.772123 0.502550
vn 0.264003 0.715905 0.646361
vn 0.134022 0.677837 0.722894
vn 0.004860 0.664128 0.747603
vn -0.124235 0.675922 0.726426
vn -0.254228 0.712267 0.654251
vn -0.380034 0.767565 0.516157
vn -0.482034 0.824217 0.297171
vn -0.525254 0.850870 0.011355
vn -0.487812 0.827696 -0.277415
vn -0.388933 0.772123 -0.502550
vn -0.264003 0.715905 -0.646361
vn -0.134022 0.677837 -0.722894
vn -0.004860 0.664128 -0.747603
vn 0.124235 0.675922 -0.726426
vn 0.254228 0.712267 -0.654251
vn 0.380034 0.767565 -0.516157
vn 0.482034 0.824217 -0.297171
vn 0.525254 0.850870 -0.011355
vn 0.798414 0.602056 -0.008034
vn 0.713482 0.564687 0.414815
vn 0.528754 0.490871 0.692434
vn 0.337555 0.429782 0.837463
vn 0.164172 0.393923 0.904363
vn 0.002797 0.382134 0.924102
vn -0.158363 0.393115 0.905749
vn -0.331156 0.428089 0.840878
vn -0.521839 0.488352 0.699426
vn -0.707940 0.562314 0.427345
vn -0.798414 0.602056 0.008034
vn -0.713482 0.564687 -0.414815
vn -0.528754 0.490871 -0.692434
vn -0.337555 0.429782 -0.837463
vn -0.164172 0.393923 -0.904363
vn -0.002797 0.382134 -0.924102
vn 0.158363 0.393115 -0.905749
vn 0.331156 0.428089 -0.840878
vn 0.521839 0.488352 -0.699426
vn 0.707940 0.562314 -0.427345
vn 0.798414 0.602056 -0.008034
vn 1.000000 -0.000000 0.000000
vn 0.860326 -0.000000 0.509744
vn 0.602444 0.000000 0.798161
vn 0.370130 0.000000 0.928980
vn 0.175419 0.000000 0.984494
vn 0.000000 -0.000000 1.000000
vn -0.175419 -0.000000 0.984494
vn -0.370130 0.000000 0.928980
vn -0.602444 -0.000000 0.798161
vn -0.860326 0.000000 0.509744
vn -1.000000 -0.000000 0.000000
vn -0.860326 -0.000000 -0.509744
vn -0.602444 0.000000 -0.798161
vn -0.370130 0.000000 -0.928980
vn -0.175419 0.000000 -0.984494
vn -0.000000 -0.000000 -1.000000
vn 0.175419 -0.000000 -0.984494
vn 0.370130 0.000000 -0.928980
vn 0.602444 -0.000000 -0.798161
vn 0.860326 0.000000 -0.509744
vn 1.000000 -0.000000 0.000000
vn 0.798414 -0.602056 0.008034
vn 0.707940 -0.562314 0.427345
vn 0.521839 -0.488352 0.699426
vn 0.331156 -0.428089 0.840878
vn 0.158363 -0.393115 0.905749
vn -0.002797 -0.382134 0.924102
vn -0.164172 -0.393923 0.904363
vn -0.337555 -0.429782 0.837463
vn -0.528754 -0.490871 0.692434
vn -0.713482 -0.564687 0.414815
vn -0.798414 -0.602056 -0.008034
vn -0.707940 -0.562314 -0.427345
vn -0.521839 -0.488352 -0.699426
vn -0.331156 -0.428089 -0.840878
vn -0.158363 -0.393115 -0.905749
vn 0.002797 -0.382134 -0.924102
vn 0.164172 -0.393923 -0.904363
vn 0.337555 -0.429782 -0.837463
vn 0.528754 -0.490871 -0.692434
vn 0.713482 -0.564687 -0.414815
vn 0.798414 -0.602056 0.008034
vn 0.525254 -0.850870 0.011355
vn 0.482034 -0.824217 0.297171
vn 0.380034 -0.767565 0.516157
vn 0.254228 -0.712267 0.654251
vn 0.124235 -0.675922 0.726426
vn -0.004860 -0.664128 0.747603
vn -0.134022 -0.677837 0.722894
vn -0.264003 -0.715905 0.646361
vn -0.388933 -0.772123 0.502550
vn -0.487812 -0.827696 0.277415
vn -0.525254 -0.850870 -0.011355
vn -0.482034 -0.824217 -0.297171
vn -0.380034 -0.767565 -0.516157
vn -0.254228 -0.712267 -0.654251
vn -0.124235 -0.675922 -0.726426
vn 0.004860 -0.664128 -0.747603
vn 0.134022 -0.677837 -0.722894
vn 0.264003 -0.715905 -0.646361
vn 0.388933 -0.772123 -0.502550
vn 0.487812 -0.827696 -0.277415
vn 0.525254 -0.850870 0.011355
vn 0.337964 -0.941075 0.012559
vn 0.314835 -0.927930 0.199561
vn 0.257201 -0.898560 0.355581
vn 0.177826 -0.866732 0.465998
vn 0.087788 -0.843985 0.529135
vn -0.006122 -0.836559 0.547843
vn -0.099792 -0.846152 0.523515
vn -0.188916 -0.870541 0.454389
vn -0.266184 -0.902806 0.337767
vn -0.320023 -0.930814 0.176553
vn -0.337964 -0.941075 -0.012559
vn -0.314835 -0.927930 -0.199561
vn -0.257201 -0.898560 -0.355581
vn -0.177826 -0.866732 -0.465998
vn -0.087788 -0.843985 -0.529135
vn 0.006122 -0.836559 -0.547843
vn 0.099792 -0.846152 -0.523515
vn 0.188916 -0.870541 -0.454389
vn 0.266184 -0.902806 -0.337767
vn 0.320023 -0.930814 -0.176553
vn 0.337964 -0.941075 0.012559
vn 0.207421 -0.978165 0.013054
vn 0.193938 -0.972554 0.128555
vn 0.160592 -0.960183 0.228602
vn 0.112334 -0.946210 0.303427
vn 0.054812 -0.935878 0.348034
vn -0.006826 -0.932677 0.360649
vn -0.067966 -0.937621 0.340950
vn -0.123920 -0.949131 0.289474
vn -0.169389 -0.963235 0.208530
vn -0.198736 -0.974511 0.104077
vn -0.207421 -0.978165 -0.013054
vn -0.193938 -0.972554 -0.128555
vn -0.160592 -0.960183 -0.228602
vn -0.112334 -0.946210 -0.303427
vn -0.054812 -0.935878 -0.348034
vn 0.006826 -0.932677 -0.360649
vn 0.067966 -0.937621 -0.340950
vn 0.123920 -0.949131 -0.289474
vn 0.169389 -0.963235 -0.208530
vn 0.198736 -0.974511 -0.104077
vn 0.207421 -0.978165 0.013054
vn 0.109682 -0.993878 0.013263
vn 0.101875 -0.992020 0.074281
vn 0.083982 -0.988268 0.127568
vn 0.058008 -0.984090 0.167936
vn 0.026628 -0.981070 0.191813
vn -0.007174 -0.980321 0.197280
vn -0.040328 -0.982114 0.183917
vn -0.069782 -0.985796 0.152761
vn -0.092646 -0.989996 0.106414
vn -0.106478 -0.993099 0.049153
vn -0.109682 -0.993878 -0.013263
vn -0.101875 -0.992020 -0.074281
vn -0.083982 -0.988268 -0.127568
vn -0.058008 -0.984090 -0.167936
vn -0.026628 -0.981070 -0.191813
vn 0.007174 -0.980321 -0.197280
vn 0.040328 -0.982114 -0.183917
vn 0.069782 -0.985796 -0.152761
vn 0.092646 -0.989996 -0.106414
vn 0.106478 -0.993099 -0.049153
vn 0.109682 -0.993878 0.013263
vn 0.000000 -1.000000 0.000000
vn 0.000000 -1.000000 0.000000
vn 0.000000 -1.000000 0.000000
vn 0.000000 -1.000000 0.000000
vn 0.000000 -1.000000 0.000000
vn 0.000000 -1.000000 0.000000
vn 0.000000 -1.000000 0.000000
vn 0.000000 -1.000000 0.000000
vn 0.000000 -1.000000 0.000000
vn 0.000000 -1.000000 0.000000
vn 0.000000 -1.000000 0.000000
vn 0.000000 -1.000000 0.000000
vn 0.000000 -1.000000 0.000000
vn 0.000000 -1.000000 0.000000
vn 0.000000 -1.000000 0.000000
vn 0.000000 -1.000000 0.000000
vn 0.000000 -1.000000 0.000000
vn 0.000000 -1.000000 0.000000
vn 0.000000 -1.000000 0.000000
vn 0.000000 -1.000000 0.000000
vn 0.000000 -1.000000 0.000000
f 1513//1513 1514//1514 1534//1534
f 1514//1514 1535//1535 1534//1534
f 1514//1514 1515//1515 1535//1535
f 1515//1515 1536//1536 1535//1535
f 1515//1515 1516//1516 1536//1536
f 1516//1516 1537//1537 1536//1536
f 1516//1516 1517//1517 1537//1537
f 1517//1517 1538//1538 1537//1537
f 1517//1517 1518//1518 1538//1538
f 1518//1518 1539//1539 1538//1538
f 1518//1518 1519//1519 1539//1539
f 1519//1519 1540//1540 1539//1539
f 1519//1519 1520//1520 1540//1540
f 1520//1520 1541//1541 1540//1540
f 1520//1520 1521//1521 1541//1541
f 1521//1521 1542//1542 1541//1541
f 1521//1521 1522//1522 1542//1542
f 1522//1522 1543//1543 1542//1542
f 1522//1522 1523//1523 1543//1543
f 1523//1523 1544//1544 1543//1543
f 1523//1523 1524//1524 1544//1544
f 1524//1524 1545//1545 1544//1544
f 1524//1524 1525//1525 1545//1545
f 1525//1525 1546//1546 1545//1545
f 1525//1525 1526//1526 1546//1546
f 1526//1526 1547//1547 1546//1546
f 1526//1526 1527//1527 1547//1547
f 1527//1527 1548//1548 1547//1547
f 1527//1527 1528//1528 1548//1548
f 1528//1528 1549//1549 1548//1548
f 1528//1528 1529//1529 1549//1549
f 1529//1529 1550//1550 1549//1549
f 1529//1529 1530//1530 1550//1550
f 1530//1530 1551//1551 1550//1550
f 1530//1530 1531//1531 1551//1551
f 1531//1531 1552//1552 1551//1551
f 1531//1531 1532//1532 1552//1552
f 1532//1532 1553//1553 1552//1552
f 1532//1532 1533//1533 1553//1553
f 1533//1533 1554//1554 1553//1553
f 1534//1534 1535//1535 1555//1555
f 1535//1535 1556//1556 1555//1555
f 1535//1535 1536//1536 1556//1556
f 1536//1536 1557//1557 1556//1556
f 1536//1536 1537//1537 1557//1557
f 1537//1537 1558//1558 1557//1557
f 1537//1537 1538//1538 1558//1558
f 1538//1538 1559//1559 1558//1558
f 1538//1538 1539//1539 1559//1559
f 1539//1539 1560//1560 1559//1559
f 1539//1539 1540//1540 1560//1560
f 1540//1540 1561//1561 1560//1560
f 1540//1540 1541//1541 1561//1561
f 1541//1541 1562//1562 1561//1561
f 1541//1541 1542//1542 1562//1562
f 1542//1542 1563//1563 1562//1562
f 1542//1542 1543//1543 1563//1563
f 1543//1543 1564//1564 1563//1563
f 1543//1543 1544//1544 1564//1564
f 1544//1544 1565//1565 1564//1564
f 1544//1544 1545//1545 1565//1565
f 1545//1545 1566//1566 1565//1565
f 1545//1545 1546//1546 1566//1566
f 1546//1546 1567//1567 1566//1566
f 1546//1546 1547//1547 1567//1567
f 1547//1547 1568//1568 1567//1567
f 1547//1547 1548//1548 1568//1568
f 1548//1548 1569//1569 1568//1568
f 1548//1548 1549//1549 1569//1569
f 1549//1549 1570//1570 1569//1569
f 1549//1549 1550//1550 1570//1570
f 1550//1550 1571//1571 1570//1570
f 1550//1550 1551//1551 1571//1571
f 1551//1551 1572//1572 1571//1571
f 1551//1551 1552//1552 1572//1572
f 1552//1552 1573//1573 1572//1572
f 1552//1552 1553//1553 1573//1573
f 1553//1553 1574//1574 1573//1573
f 1553//1553 1554//1554 1574//1574
f 1554//1554 1575//1575 1574//1574
f 1555//1555 1556//1556 1576//1576
f 1556//1556 1577//1577 1576//1576
f 1556//1556 1557//1557 1577//1577
f 1557//1557 1578//1578 1577//1577
f 1557//1557 1558//1558 1578//1578
f 1558//1558 1579//1579 1578//1578
f 1558//1558 1559//1559 1579//1579
f 1559//1559 1580//1580 1579//1579
f 1559//1559 1560//1560 1580//1580
f 1560//1560 1581//1581 1580//1580
f 1560//1560 1561//1561 1581//1581
f 1561//1561 1582//1582 1581//1581
f 1561//1561 1562//1562 1582//1582
f 1562//1562 1583//1583 1582//1582
f 1562//1562 1563//1563 1583//1583
f 1563//1563 1584//1584 1583//1583
f 1563//1563 1564//1564 1584//1584
f 1564//1564 1585//1585 1584//1584
f 1564//1564 1565//1565 1585//1585
f 1565//1565 1586//1586 1585//1585
f 1565//1565 1566//1566 1586//1586
f 1566//1566 1587//1587 1586//1586
f 1566//1566 1567//1567 1587//1587
f 1567//1567 1588//1588 1587//1587
f 1567//1567 1568//1568 1588//1588
f 1568//1568 1589//1589 1588//1588
f 1568//1568 1569//1569 1589//1589
f 1569//1569 1590//1590 1589//1589
f 1569//1569 1570//1570 1590//1590
f 1570//1570 1591//1591 1590//1590
f 1570//1570 1571//1571 1591//1591
f 1571//1571 1592//1592 1591//1591
f 1571//1571 1572//1572 1592//1592
f 1572//1572 1593//1593 1592//1592
f 1572//1572 1573//1573 1593//1593
f 1573//1573 1594//1594 1593//1593
f 1573//1573 1574//1574 1594//1594
f 1574//1574 1595//1595 1594//1594
f 1574//1574 1575//1575 1595//1595
f 1575//1575 1596//1596 1595//1595
f 1576//1576 1577//1577 1597//1597
f 1577//1577 1598//1598 1597//1597
f 1577//1577 1578//1578 1598//1598
f 1578//1578 1599//1599 1598//1598
f 1578//1578 1579//1579 1599//1599
f 1579//1579 1600//1600 1599//1599
f 1579//1579 1580//1580 1600//1600
f 1580//1580 1601//1601 1600//1600
f 1580//1580 1581//1581 1601//1601
f 1581//1581 1602//1602 1601//1601
f 1581//1581 1582//1582 1602//1602
f 1582//1582 1603//1603 1602//1602
f 1582//1582 1583//1583 1603//1603
f 1583//1583 1604//1604 1603//1603
f 1583//1583 1584//1584 1604//1604
f 1584//1584 1605//1605 1604//1604
f 1584//1584 1585//1585 1605//1605
f 1585//1585 1606//1606 1605//1605
f 1585//1585 1586//1586 1606//1606
f 1586//1586 1607//1607 1606//1606
f 1586//1586 1587//1587 1607//1607
f 1587//1587 1608//1608 1607//1607
f 1587//1587 1588//1588 1608//1608
f 1588//1588 1609//1609 1608//1608
f 1588//1588 1589//1589 1609//1609
f 1589//1589 1610//1610 1609//1609
f 1589//1589 1590//1590 1610//1610
f 1590//1590 1611//1611 1610//1610
f 1590//1590 1591//1591 1611//1611
f 1591//1591 1612//1612 1611//1611
f 1591//1591 1592//1592 1612//1612
f 1592//1592 1613//1613 1612//1612
f 1592//1592 1593//1593 1613//1613
f 1593//1593 1614//1614 1613//1613
f 1593//1593 1594//1594 1614//1614
f 1594//1594 1615//1615 1614//1614
f 1594//1594 1595//1595 1615//1615
f 1595//1595 1616//1616 1615//1615
f 1595//1595 1596//1596 1616//1616
f 1596//1596 1617//1617 1616//1616
f 1597//1597 1598//1598 1618//1618
f 1598//1598 1619//1619 1618//1618
f 1598//1598 1599//1599 1619//1619
f 1599//1599 1620//1620 1619//1619
f 1599//1599 1600//1600 1620//1620
f 1600//1600 1621//1621 1620//1620
f 1600//1600 1601//1601 1621//1621
f 1601//1601 1622//1622 1621//1621
f 1601//1601 1602//1602 1622//1622
f 1602//1602 1623//1623 1622//1622
f 1602//1602 1603//1603 1623//1623
f 1603//1603 1624//1624 1623//1623
f 1603//1603 1604//1604 1624//1624
f 1604//1604 1625//1625 1624//1624
f 1604//1604 1605//1605 1625//1625
f 1605//1605 1626//1626 1625//1625
f 1605//1605 1606//1606 1626//1626
f 1606//1606 1627//1627 1626//1626
f 1606//1606 1607//1607 1627//1627
f 1607//1607 1628//1628 1627//1627
f 1607//1607 1608//1608 1628//1628
f 1608//1608 1629//1629 1628//1628
f 1608//1608 1609//1609 1629//1629
f 1609//1609 1630//1630 1629//1629
f 1609//1609 1610//1610 1630//1630
f 1610//1610 1631//1631 1630//1630
f 1610//1610 1611//1611 1631//1631
f 1611//1611 1632//1632 1631//1631
f 1611//1611 1612//1612 1632//1632
f 1612//1612 1633//1633 1632//1632
f 1612//1612 1613//1613 1633//1633
f 1613//1613 1634//1634 1633//1633
f 1613//1613 1614//1614 1634//1634
f 1614//1614 1635//1635 1634//1634
f 1614//1614 1615//1615 1635//1635
f 1615//1615 1636//1636 1635//1635
f 1615//1615 1616//1616 1636//1636
f 1616//1616 1637//1637 1636//1636
f 1616//1616 1617//1617 1637//1637
f 1617//1617 1638//1638 1637//1637
f 1618//1618 1619//1619 1639//1639
f 1619//1619 1640//1640 1639//1639
f 1619//1619 1620//1620 1640//1640
f 1620//1620 1641//1641 1640//1640
f 1620//1620 1621//1621 1641//1641
f 1621//1621 1642//1642 1641//1641
f 1621//1621 1622//1622 1642//1642
f 1622//1622 1643//1643 1642//1642
f 1622//1622 1623//1623 1643//1643
f 1623//1623 1644//1644 1643//1643
f 1623//1623 1624//1624 1644//1644
f 1624//1624 1645//1645 1644//1644
f 1624//1624 1625//1625 1645//1645
f 1625//1625 1646//1646 1645//1645
f 1625//1625 1626//1626 1646//1646
f 1626//1626 1647//1647 1646//1646
f 1626//1626 1627//1627 1647//1647
f 1627//1627 1648//1648 1647//1647
f 1627//1627 1628//1628 1648//1648
f 1628//1628 1649//1649 1648//1648
f 1628//1628 1629//1629 1649//1649
f 1629//1629 1650//1650 1649//1649
f 1629//1629 1630//1630 1650//1650
f 1630//1630 1651//1651 1650//1650
f 1630//1630 1631//1631 1651//1651
f 1631//1631 1652//1652 1651//1651
f 1631//1631 1632//1632 1652//1652
f 1632//1632 1653//1653 1652//1652
f 1632//1632 1633//1633 1653//1653
f 1633//1633 1654//1654 1653//1653
f 1633//1633 1634//1634 1654//1654
f 1634//1634 1655//1655 1654//1654
f 1634//1634 1635//1635 1655//1655
f 1635//1635 1656//1656 1655//1655
f 1635//1635 1636//1636 1656//1656
f 1636//1636 1657//1657 1656//1656
f 1636//1636 1637//1637 1657//1657
f 1637//1637 1658//1658 1657//1657
f 1637//1637 1638//1638 1658//1658
f 1638//1638 1659//1659 1658//1658
f 1639//1639 1640//1640 1660//1660
f 1640//1640 1661//1661 1660//1660
f 1640//1640 1641//1641 1661//1661
f 1641//1641 1662//1662 1661//1661
f 1641//1641 1642//1642 1662//1662
f 1642//1642 1663//1663 1662//1662
f 1642//1642 1643//1643 1663//1663
f 1643//1643 1664//1664 1663//1663
f 1643//1643 1644//1644 1664//1664
f 1644//1644 1665//1665 1664//1664
f 1644//1644 1645//1645 1665//1665
f 1645//1645 1666//1666 1665//1665
f 1645//1645 1646//1646 1666//1666
f 1646//1646 1667//1667 1666//1666
f 1646//1646 1647//1647 1667//1667
f 1647//1647 1668//1668 1667//1667
f 1647//1647 1648//1648 1668//1668
f 1648//1648 1669//1669 1668//1668
f 1648//1648 1649//1649 1669//1669
f 1649//1649 1670//1670 1669//1669
f 1649//1649 1650//1650 1670//1670
f 1650//1650 1671//1671 1670//1670
f 1650//1650 1651//1651 1671//1671
f 1651//1651 1672//1672 1671//1671
f 1651//1651 1652//1652 1672//1672
f 1652//1652 1673//1673 1672//1672
f 1652//1652 1653//1653 1673//1673
f 1653//1653 1674//1674 1673//1673
f 1653//1653 1654//1654 1674//1674
f 1654//1654 1675//1675 1674//1674
f 1654//1654 1655//1655 1675//1675
f 1655//1655 1676//1676 1675//1675
f 1655//1655 1656//1656 1676//1676
f 1656//1656 1677//1677 1676//1676
f 1656//1656 1657//1657 1677//1677
f 1657//1657 1678//1678 1677//1677
f 1657//1657 1658//1658 1678//1678
f 1658//1658 1679//1679 1678//1678
f 1658//1658 1659//1659 1679//1679
f 1659//1659 1680//1680 1679//1679
f 1660//1660 1661//1661 1681//1681
f 1661//1661 1682//1682 1681//1681
f 1661//1661 1662//1662 1682//1682
f 1662//1662 1683//1683 1682//1682
f 1662//1662 1663//1663 1683//1683
f 1663//1663 1684//1684 1683//1683
f 1663//1663 1664//1664 1684//1684
f 1664//1664 1685//1685 1684//1684
f 1664//1664 1665//1665 1685//1685
f 1665//1665 1686//1686 1685//1685
f 1665//1665 1666//1666 1686//1686
f 1666//1666 1687//1687 1686//1686
f 1666//1666 1667//1667 1687//1687
f 1667//1667 1688//1688 1687//1687
f 1667//1667 1668//1668 1688//1688
f 1668//1668 1689//1689 1688//1688
f 1668//1668 1669//1669 1689//1689
f 1669//1669 1690//1690 1689//1689
f 1669//1669 1670//1670 1690//1690
f 1670//1670 1691//1691 1690//1690
f 1670//1670 1671//1671 1691//1691
f 1671//1671 1692//1692 1691//1691
f 1671//1671 1672//1672 1692//1692
f 1672//1672 1693//1693 1692//1692
f 1672//1672 1673//1673 1693//1693
f 1673//1673 1694//1694 1693//1693
f 1673//1673 1674//1674 1694//1694
f 1674//1674 1695//1695 1694//1694
f 1674//1674 1675//1675 1695//1695
f 1675//1675 1696//1696 1695//1695
f 1675//1675 1676//1676 1696//1696
f 1676//1676 1697//1697 1696//1696
f 1676//1676 1677//1677 1697//1697
f 1677//1677 1698//1698 1697//1697
f 1677//1677 1678//1678 1698//1698
f 1678//1678 1699//1699 1698//1698
f 1678//1678 1679//1679 1699//1699
f 1679//1679 1700//1700 1699//1699
f 1679//1679 1680//1680 1700//1700
f 1680//1680 1701//1701 1700//1700
f 1681//1681 1682//1682 1702//1702
f 1682//1682 1703//1703 1702//1702
f 1682//1682 1683//1683 1703//1703
f 1683//1683 1704//1704 1703//1703
f 1683//1683 1684//1684 1704//1704
f 1684//1684 1705//1705 1704//1704
f 1684//1684 1685//1685 1705//1705
f 1685//1685 1706//1706 1705//1705
f 1685//1685 1686//1686 1706//1706
f 1686//1686 1707//1707 1706//1706
f 1686//1686 1687//1687 1707//1707
f 1687//1687 1708//1708 1707//1707
f 1687//1687 1688//1688 1708//1708
f 1688//1688 1709//1709 1708//1708
f 1688//1688 1689//1689 1709//1709
f 1689//1689 1710//1710 1709//1709
f 1689//1689 1690//1690 1710//1710
f 1690//1690 1711//1711 1710//1710
f 1690//1690 1691//1691 1711//1711
f 1691//1691 1712//1712 1711//1711
f 1691//1691 1692//1692 1712//1712
f 1692//1692 1713//1713 1712//1712
f 1692//1692 1693//1693 1713//1713
f 1693//1693 1714//1714 1713//1713
f 1693//1693 1694//1694 1714//1714
f 1694//1694 1715//1715 1714//1714
f 1694//1694 1695//1695 1715//1715
f 1695//1695 1716//1716 1715//1715
f 1695//1695 1696//1696 1716//1716
f 1696//1696 1717//1717 1716//1716
f 1696//1696 1697//1697 1717//1717
f 1697//1697 1718//1718 1717//1717
f 1697//1697 1698//1698 1718//1718
f 1698//1698 1719//1719 1718//1718
f 1698//1698 1699//1699 1719//1719
f 1699//1699 1720//1720 1719//1719
f 1699//1699 1700//1700 1720//1720
f 1700//1700 1721//1721 1720//1720
f 1700//1700 1701//1701 1721//1721
f 1701//1701 1722//1722 1721//1721
f 1702//1702 1703//1703 1723//1723
f 1703//1703 1724//1724 1723//1723
f 1703//1703 1704//1704 1724//1724
f 1704//1704 1725//1725 1724//1724
f 1704//1704 1705//1705 1725//1725
f 1705//1705 1726//1726 1725//1725
f 1705//1705 1706//1706 1726//1726
f 1706//1706 1727//1727 1726//1726
f 1706//1706 1707//1707 1727//1727
f 1707//1707 1728//1728 1727//1727
f 1707//1707 1708//1708 1728//1728
f 1708//1708 1729//1729 1728//1728
f 1708//1708 1709//1709 1729//1729
f 1709//1709 1730//1730 1729//1729
f 1709//1709 1710//1710 1730//1730
f 1710//1710 1731//1731 1730//1730
f 1710//1710 1711//1711 1731//1731
f 1711//1711 1732//1732 1731//1731
f 1711//1711 1712//1712 1732//1732
f 1712//1712 1733//1733 1732//1732
f 1712//1712 1713//1713 1733//1733
f 1713//1713 1734//1734 1733//1733
f 1713//1713 1714//1714 1734//1734
f 1714//1714 1735//1735 1734//1734
f 1714//1714 1715//1715 1735//1735
f 1715//1715 1736//1736 1735//1735
f 1715//1715 1716//1716 1736//1736
f 1716//1716 1737//1737 1736//1736
f 1716//1716 1717//1717 1737//1737
f 1717//1717 1738//1738 1737//1737
f 1717//1717 1718//1718 1738//1738
f 1718//1718 1739//1739 1738//1738
f 1718//1718 1719//1719 1739//1739
f 1719//1719 1740//1740 1739//1739
f 1719//1719 1720//1720 1740//1740
f 1720//1720 1741//1741 1740//1740
f 1720//1720 1721//1721 1741//1741
f 1721//1721 1742//1742 1741//1741
f 1721//1721 1722//1722 1742//1742
f 1722//1722 1743//1743 1742//1742
f 1723//1723 1724//1724 1744//1744
f 1724//1724 1745//1745 1744//1744
f 1724//1724 1725//1725 1745//1745
f 1725//1725 1746//1746 1745//1745
f 1725//1725 1726//1726 1746//1746
f 1726//1726 1747//1747 1746//1746
f 1726//1726 1727//1727 1747//1747
f 1727//1727 1748//1748 1747//1747
f 1727//1727 1728//1728 1748//1748
f 1728//1728 1749//1749 1748//1748
f 1728//1728 1729//1729 1749//1749
f 1729//1729 1750//1750 1749//1749
f 1729//1729 1730//1730 1750//1750
f 1730//1730 1751//1751 1750//1750
f 1730//1730 1731//1731 1751//1751
f 1731//1731 1752//1752 1751//1751
f 1731//1731 1732//1732 1752//1752
f 1732//1732 1753//1753 1752//1752
f 1732//1732 1733//1733 1753//1753
f 1733//1733 1754//1754 1753//1753
f 1733//1733 1734//1734 1754//1754
f 1734//1734 1755//1755 1754//1754
f 1734//1734 1735//1735 1755//1755
f 1735//1735 1756//1756 1755//1755
f 1735//1735 1736//1736 1756//1756
f 1736//1736 1757//1757 1756//1756
f 1736//1736 1737//1737 1757//1757
f 1737//1737 1758//1758 1757//1757
f 1737//1737 1738//1738 1758//1758
f 1738//1738 1759//1759 1758//1758
f 1738//1738 1739//1739 1759//1759
f 1739//1739 1760//1760 1759//1759
f 1739//1739 1740//1740 1760//1760
f 1740//1740 1761//1761 1760//1760
f 1740//1740 1741//1741 1761//1761
f 1741//1741 1762//1762 1761//1761
f 1741//1741 1742//1742 1762//1762
f 1742//1742 1763//1763 1762//1762
f 1742//1742 1743//1743 1763//1763
f 1743//1743 1764//1764 1763//1763
f 1744//1744 1745//1745 1765//1765
f 1745//1745 1766//1766 1765//1765
f 1745//1745 1746//1746 1766//1766
f 1746//1746 1767//1767 1766//1766
f 1746//1746 1747//1747 1767//1767
f 1747//1747 1768//1768 1767//1767
f 1747//1747 1748//1748 1768//1768
f 1748//1748 1769//1769 1768//1768
f 1748//1748 1749//1749 1769//1769
f 1749//1749 1770//1770 1769//1769
f 1749//1749 1750//1750 1770//1770
f 1750//1750 1771//1771 1770//1770
f 1750//1750 1751//1751 1771//1771
f 1751//1751 1772//1772 1771//1771
f 1751//1751 1752//1752 1772//1772
f 1752//1752 1773//1773 1772//1772
f 1752//1752 1753//1753 1773//1773
f 1753//1753 1774//1774 1773//1773
f 1753//1753 1754//1754 1774//1774
f 1754//1754 1775//1775 1774//1774
f 1754//1754 1755//1755 1775//1775
f 1755//1755 1776//1776 1775//1775
f 1755//1755 1756//1756 1776//1776
f 1756//1756 1777//1777 1776//1776
f 1756//1756 1757//1757 1777//1777
f 1757//1757 1778//1778 1777//1777
f 1757//1757 1758//1758 1778//1778
f 1758//1758 1779//1779 1778//1778
f 1758//1758 1759//1759 1779//1779
f 1759//1759 1780//1780 1779//1779
f 1759//1759 1760//1760 1780//1780
f 1760//1760 1781//1781 1780//1780
f 1760//1760 1761//1761 1781//1781
f 1761//1761 1782//1782 1781//1781
f 1761//1761 1762//1762 1782//1782
f 1762//1762 1783//1783 1782//1782
f 1762//1762 1763//1763 1783//1783
f 1763//1763 1784//1784 1783//1783
f 1763//1763 1764//1764 1784//1784
f 1764//1764 1785//1785 1784//1784
f 1786//1786 1787//1787 1807//1807
f 1787//1787 1808//1808 1807//1807
f 1787//1787 1788//1788 1808//1808
f 1788//1788 1809//1809 1808//1808
f 1788//1788 1789//1789 1809//1809
f 1789//1789 1810//1810 1809//1809
f 1789//1789 1790//1790 1810//1810
f 1790//1790 1811//1811 1810//1810
f 1790//1790 1791//1791 1811//1811
f 1791//1791 1812//1812 1811//1811
f 1791//1791 1792//1792 1812//1812
f 1792//1792 1813//1813 1812//1812
f 1792//1792 1793//1793 1813//1813
f 1793//1793 1814//1814 1813//1813
f 1793//1793 1794//1794 1814//1814
f 1794//1794 1815//1815 1814//1814
f 1794//1794 1795//1795 1815//1815
f 1795//1795 1816//1816 1815//1815
f 1795//1795 1796//1796 1816//1816
f 1796//1796 1817//1817 1816//1816
f 1796//1796 1797//1797 1817//1817
f 1797//1797 1818//1818 1817//1817
f 1797//1797 1798//1798 1818//1818
f 1798//1798 1819//1819 1818//1818
f 1798//1798 1799//1799 1819//1819
f 1799//1799 1820//1820 1819//1819
f 1799//1799 1800//1800 1820//1820
f 1800//1800 1821//1821 1820//1820
f 1800//1800 1801//1801 1821//1821
f 1801//1801 1822//1822 1821//1821
f 1801//1801 1802//1802 1822//1822
f 1802//1802 1823//1823 1822//1822
f 1802//1802 1803//1803 1823//1823
f 1803//1803 1824//1824 1823//1823
f 1803//1803 1804//1804 1824//1824
f 1804//1804 1825//1825 1824//1824
f 1804//1804 1805//1805 1825//1825
f 1805//1805 1826//1826 1825//1825
f 1805//1805 1806//1806 1826//1826
f 1806//1806 1827//1827 1826//1826
f 1807//1807 1808//1808 1828//1828
f 1808//1808 1829//1829 1828//1828
f 1808//1808 1809//1809 1829//1829
f 1809//1809 1830//1830 1829//1829
f 1809//1809 1810//1810 1830//1830
f 1810//1810 1831//1831 1830//1830
f 1810//1810 1811//1811 1831//1831
f 1811//1811 1832//1832 1831//1831
f 1811//1811 1812//1812 1832//1832
f 1812//1812 1833//1833 1832//1832
f 1812//1812 1813//1813 1833//1833
f 1813//1813 1834//1834 1833//1833
f 1813//1813 1814//1814 1834//1834
f 1814//1814 1835//1835 1834//1834
f 1814//1814 1815//1815 1835//1835
f 1815//1815 1836//1836 1835//1835
f 1815//1815 1816//1816 1836//1836
f 1816//1816 1837//1837 1836//1836
f 1816//1816 1817//1817 1837//1837
f 1817//1817 1838//1838 1837//1837
f 1817//1817 1818//1818 1838//1838
f 1818//1818 1839//1839 1838//1838
f 1818//1818 1819//1819 1839//1839
f 1819//1819 1840//1840 1839//1839
f 1819//1819 1820//1820 1840//1840
f 1820//1820 1841//1841 1840//1840
f 1820//1820 1821//1821 1841//1841
f 1821//1821 1842//1842 1841//1841
f 1821//1821 1822//1822 1842//1842
f 1822//1822 1843//1843 1842//1842
f 1822//1822 1823//1823 1843//1843
f 1823//1823 1844//1844 1843//1843
f 1823//1823 1824//1824 1844//1844
f 1824//1824 1845//1845 1844//1844
f 1824//1824 1825//1825 1845//1845
f 1825//1825 1846//1846 1845//1845
f 1825//1825 1826//1826 1846//1846
f 1826//1826 1847//1847 1846//1846
f 1826//1826 1827//1827 1847//1847
f 1827//1827 1848//1848 1847//1847
f 1828//1828 1829//1829 1849//1849
f 1829//1829 1850//1850 1849//1849
f 1829//1829 1830//1830 1850//1850
f 1830//1830 1851//1851 1850//1850
f 1830//1830 1831//1831 1851//1851
f 1831//1831 1852//1852 1851//1851
f 1831//1831 1832//1832 1852//1852
f 1832//1832 1853//1853 1852//1852
f 1832//1832 1833//1833 1853//1853
f 1833//1833 1854//1854 1853//1853
f 1833//1833 1834//1834 1854//1854
f 1834//1834 1855//1855 1854//1854
f 1834//1834 1835//1835 1855//1855
f 1835//1835 1856//1856 1855//1855
f 1835//1835 1836//1836 1856//1856
f 1836//1836 1857//1857 1856//1856
f 1836//1836 1837//1837 1857//1857
f 1837//1837 1858//1858 1857//1857
f 1837//1837 1838//1838 1858//1858
f 1838//1838 1859//1859 1858//1858
f 1838//1838 1839//1839 1859//1859
f 1839//1839 1860//1860 1859//1859
f 1839//1839 1840//1840 1860//1860
f 1840//1840 1861//1861 1860//1860
f 1840//1840 1841//1841 1861//1861
f 1841//1841 1862//1862 1861//1861
f 1841//1841 1842//1842 1862//1862
f 1842//1842 1863//1863 1862//1862
f 1842//1842 1843//1843 1863//1863
f 1843//1843 1864//1864 1863//1863
f 1843//1843 1844//1844 1864//1864
f 1844//1844 1865//1865 1864//1864
f 1844//1844 1845//1845 1865//1865
f 1845//1845 1866//1866 1865//1865
f 1845//1845 1846//1846 1866//1866
f 1846//1846 1867//1867 1866//1866
f 1846//1846 1847//1847 1867//1867
f 1847//1847 1868//1868 1867//1867
f 1847//1847 1848//1848 1868//1868
f 1848//1848 1869//1869 1868//1868
f 1849//1849 1850//1850 1870//1870
f 1850//1850 1871//1871 1870//1870
f 1850//1850 1851//1851 1871//1871
f 1851//1851 1872//1872 1871//1871
f 1851//1851 1852//1852 1872//1872
f 1852//1852 1873//1873 1872//1872
f 1852//1852 1853//1853 1873//1873
f 1853//1853 1874//1874 1873//1873
f 1853//1853 1854//1854 1874//1874
f 1854//1854 1875//1875 1874//1874
f 1854//1854 1855//1855 1875//1875
f 1855//1855 1876//1876 1875//1875
f 1855//1855 1856//1856 1876//1876
f 1856//1856 1877//1877 1876//1876
f 1856//1856 1857//1857 1877//1877
f 1857//1857 1878//1878 1877//1877
f 1857//1857 1858//1858 1878//1878
f 1858//1858 1879//1879 1878//1878
f 1858//1858 1859//1859 1879//1879
f 1859//1859 1880//1880 1879//1879
f 1859//1859 1860//1860 1880//1880
f 1860//1860 1881//1881 1880//1880
f 1860//1860 1861//1861 1881//1881
f 1861//1861 1882//1882 1881//1881
f 1861//1861 1862//1862 1882//1882
f 1862//1862 1883//1883 1882//1882
f 1862//1862 1863//1863 1883//1883
f 1863//1863 1884//1884 1883//1883
f 1863//1863 1864//1864 1884//1884
f 1864//1864 1885//1885 1884//1884
f 1864//1864 1865//1865 1885//1885
f 1865//1865 1886//1886 1885//1885
f 1865//1865 1866//1866 1886//1886
f 1866//1866 1887//1887 1886//1886
f 1866//1866 1867//1867 1887//1887
f 1867//1867 1888//1888 1887//1887
f 1867//1867 1868//1868 1888//1888
f 1868//1868 1889//1889 1888//1888
f 1868//1868 1869//1869 1889//1889
f 1869//1869 1890//1890 1889//1889
f 1870//1870 1871//1871 1891//1891
f 1871//1871 1892//1892 1891//1891
f 1871//1871 1872//1872 1892//1892
f 1872//1872 1893//1893 1892//1892
f 1872//1872 1873//1873 1893//1893
f 1873//1873 1894//1894 1893//1893
f 1873//1873 1874//1874 1894//1894
f 1874//1874 1895//1895 1894//1894
f 1874//1874 1875//1875 1895//1895
f 1875//1875 1896//1896 1895//1895
f 1875//1875 1876//1876 1896//1896
f 1876//1876 1897//1897 1896//1896
f 1876//1876 1877//1877 1897//1897
f 1877//1877 1898//1898 1897//1897
f 1877//1877 1878//1878 1898//1898
f 1878//1878 1899//1899 1898//1898
f 1878//1878 1879//1879 1899//1899
f 1879//1879 1900//1900 1899//1899
f 1879//1879 1880//1880 1900//1900
f 1880//1880 1901//1901 1900//1900
f 1880//1880 1881//1881 1901//1901
f 1881//1881 1902//1902 1901//1901
f 1881//1881 1882//1882 1902//1902
f 1882//1882 1903//1903 1902//1902
f 1882//1882 1883//1883 1903//1903
f 1883//1883 1904//1904 1903//1903
f 1883//1883 1884//1884 1904//1904
f 1884//1884 1905//1905 1904//1904
f 1884//1884 1885//1885 1905//1905
f 1885//1885 1906//1906 1905//1905
f 1885//1885 1886//1886 1906//1906
f 1886//1886 1907//1907 1906//1906
f 1886//1886 1887//1887 1907//1907
f 1887//1887 1908//1908 1907//1907
f 1887//1887 1888//1888 1908//1908
f 1888//1888 1909//1909 1908//1908
f 1888//1888 1889//1889 1909//1909
f 1889//1889 1910//1910 1909//1909
f 1889//1889 1890//1890 1910//1910
f 1890//1890 1911//1911 1910//1910
f 1891//1891 1892//1892 1912//1912
f 1892//1892 1913//1913 1912//1912
f 1892//1892 1893//1893 1913//1913
f 1893//1893 1914//1914 1913//1913
f 1893//1893 1894//1894 1914//1914
f 1894//1894 1915//1915 1914//1914
f 1894//1894 1895//1895 1915//1915
f 1895//1895 1916//1916 1915//1915
f 1895//1895 1896//1896 1916//1916
f 1896//1896 1917//1917 1916//1916
f 1896//1896 1897//1897 1917//1917
f 1897//1897 1918//1918 1917//1917
f 1897//1897 1898//1898 1918//1918
f 1898//1898 1919//1919 1918//1918
f 1898//1898 1899//1899 1919//1919
f 1899//1899 1920//1920 1919//1919
f 1899//1899 1900//1900 1920//1920
f 1900//1900 1921//1921 1920//1920
f 1900//1900 1901//1901 1921//1921
f 1901//1901 1922//1922 1921//1921
f 1901//1901 1902//1902 1922//1922
f 1902//1902 1923//1923 1922//1922
f 1902//1902 1903//1903 1923//1923
f 1903//1903 1924//1924 1923//1923
f 1903//1903 1904//1904 1924//1924
f 1904//1904 1925//1925 1924//1924
f 1904//1904 1905//1905 1925//1925
f 1905//1905 1926//1926 1925//1925
f 1905//1905 1906//1906 1926//1926
f 1906//1906 1927//1927 1926//1926
f 1906//1906 1907//1907 1927//1927
f 1907//1907 1928//1928 1927//1927
f 1907//1907 1908//1908 1928//1928
f 1908//1908 1929//1929 1928//1928
f 1908//1908 1909//1909 1929//1929
f 1909//1909 1930//1930 1929//1929
f 1909//1909 1910//1910 1930//1930
f 1910//1910 1931//1931 1930//1930
f 1910//1910 1911//1911 1931//1931
f 1911//1911 1932//1932 1931//1931
f 1912//1912 1913//1913 1933//1933
f 1913//1913 1934//1934 1933//1933
f 1913//1913 1914//1914 1934//1934
f 1914//1914 1935//1935 1934//1934
f 1914//1914 1915//1915 1935//1935
f 1915//1915 1936//1936 1935//1935
f 1915//1915 1916//1916 1936//1936
f 1916//1916 1937//1937 1936//1936
f 1916//1916 1917//1917 1937//1937
f 1917//1917 1938//1938 1937//1937
f 1917//1917 1918//1918 1938//1938
f 1918//1918 1939//1939 1938//1938
f 1918//1918 1919//1919 1939//1939
f 1919//1919 1940//1940 1939//1939
f 1919//1919 1920//1920 1940//1940
f 1920//1920 1941//1941 1940//1940
f 1920//1920 1921//1921 1941//1941
f 1921//1921 1942//1942 1941//1941
f 1921//1921 1922//1922 1942//1942
f 1922//1922 1943//1943 1942//1942
f 1922//1922 1923//1923 1943//1943
f 1923//1923 1944//1944 1943//1943
f 1923//1923 1924//1924 1944//1944
f 1924//1924 1945//1945 1944//1944
f 1924//1924 1925//1925 1945//1945
f 1925//1925 1946//1946 1945//1945
f 1925//1925 1926//1926 1946//1946
f 1926//1926 1947//1947 1946//1946
f 1926//1926 1927//1927 1947//1947
f 1927//1927 1948//1948 1947//1947
f 1927//1927 1928//1928 1948//1948
f 1928//1928 1949//1949 1948//1948
f 1928//1928 1929//1929 1949//1949
f 1929//1929 1950//1950 1949//1949
f 1929//1929 1930//1930 1950//1950
f 1930//1930 1951//1951 1950//1950
f 1930//1930 1931//1931 1951//1951
f 1931//1931 1952//1952 1951//1951
f 1931//1931 1932//1932 1952//1952
f 1932//1932 1953//1953 1952//1952
f 1933//1933 1934//1934 1954//1954
f 1934//1934 1955//1955 1954//1954
f 1934//1934 1935//1935 1955//1955
f 1935//1935 1956//1956 1955//1955
f 1935//1935 1936//1936 1956//1956
f 1936//1936 1957//1957 1956//1956
f 1936//1936 1937//1937 1957//1957
f 1937//1937 1958//1958 1957//1957
f 1937//1937 1938//1938 1958//1958
f 1938//1938 1959//1959 1958//1958
f 1938//1938 1939//1939 1959//1959
f 1939//1939 1960//1960 1959//1959
f 1939//1939 1940//1940 1960//1960
f 1940//1940 1961//1961 1960//1960
f 1940//1940 1941//1941 1961//1961
f 1941//1941 1962//1962 1961//1961
f 1941//1941 1942//1942 1962//1962
f 1942//1942 1963//1963 1962//1962
f 1942//1942 1943//1943 1963//1963
f 1943//1943 1964//1964 1963//1963
f 1943//1943 1944//1944 1964//1964
f 1944//1944 1965//1965 1964//1964
f 1944//1944 1945//1945 1965//1965
f 1945//1945 1966//1966 1965//1965
f 1945//1945 1946//1946 1966//1966
f 1946//1946 1967//1967 1966//1966
f 1946//1946 1947//1947 1967//1967
f 1947//1947 1968//1968 1967//1967
f 1947//1947 1948//1948 1968//1968
f 1948//1948 1969//1969 1968//1968
f 1948//1948 1949//1949 1969//1969
f 1949//1949 1970//1970 1969//1969
f 1949//1949 1950//1950 1970//1970
f 1950//1950 1971//1971 1970//1970
f 1950//1950 1951//1951 1971//1971
f 1951//1951 1972//1972 1971//1971
f 1951//1951 1952//1952 1972//1972
f 1952//1952 1973//1973 1972//1972
f 1952//1952 1953//1953 1973//1973
f 1953//1953 1974//1974 1973//1973
f 1954//1954 1955//1955 1975//1975
f 1955//1955 1976//1976 1975//1975
f 1955//1955 1956//1956 1976//1976
f 1956//1956 1977//1977 1976//1976
f 1956//1956 1957//1957 1977//1977
f 1957//1957 1978//1978 1977//1977
f 1957//1957 1958//1958 1978//1978
f 1958//1958 1979//1979 1978//1978
f 1958//1958 1959//1959 1979//1979
f 1959//1959 1980//1980 1979//1979
f 1959//1959 1960//1960 1980//1980
f 1960//1960 1981//1981 1980//1980
f 1960//1960 1961//1961 1981//1981
f 1961//1961 1982//1982 1981//1981
f 1961//1961 1962//1962 1982//1982
f 1962//1962 1983//1983 1982//1982
f 1962//1962 1963//1963 1983//1983
f 1963//1963 1984//1984 1983//1983
f 1963//1963 1964//1964 1984//1984
f 1964//1964 1985//1985 1984//1984
f 1964//1964 1965//1965 1985//1985
f 1965//1965 1986//1986 1985//1985
f 1965//1965 1966//1966 1986//1986
f 1966//1966 1987//1987 1986//1986
f 1966//1966 1967//1967 1987//1987
f 1967//1967 1988//1988 1987//1987
f 1967//1967 1968//1968 1988//1988
f 1968//1968 1989//1989 1988//1988
f 1968//1968 1969//1969 1989//1989
f 1969//1969 1990//1990 1989//1989
f 1969//1969 1970//1970 1990//1990
f 1970//1970 1991//1991 1990//1990
f 1970//1970 1971//1971 1991//1991
f 1971//1971 1992//1992 1991//1991
f 1971//1971 1972//1972 1992//1992
f 1972//1972 1993//1993 1992//1992
f 1972//1972 1973//1973 1993//1993
f 1973//1973 1994//1994 1993//1993
f 1973//1973 1974//1974 1994//1994
f 1974//1974 1995//1995 1994//1994
f 1975//1975 1976//1976 1996//1996
f 1976//1976 1997//1997 1996//1996
f 1976//1976 1977//1977 1997//1997
f 1977//1977 1998//1998 1997//1997
f 1977//1977 1978//1978 1998//1998
f 1978//1978 1999//1999 1998//1998
f 1978//1978 1979//1979 1999//1999
f 1979//1979 2000//2000 1999//1999
f 1979//1979 1980//1980 2000//2000
f 1980//1980 2001//2001 2000//2000
f 1980//1980 1981//1981 2001//2001
f 1981//1981 2002//2002 2001//2001
f 1981//1981 1982//1982 2002//2002
f 1982//1982 2003//2003 2002//2002
f 1982//1982 1983//1983 2003//2003
f 1983//1983 2004//2004 2003//2003
f 1983//1983 1984//1984 2004//2004
f 1984//1984 2005//2005 2004//2004
f 1984//1984 1985//1985 2005//2005
f 1985//1985 2006//2006 2005//2005
f 1985//1985 1986//1986 2006//2006
f 1986//1986 2007//2007 2006//2006
f 1986//1986 1987//1987 2007//2007
f 1987//1987 2008//2008 2007//2007
f 1987//1987 1988//1988 2008//2008
f 1988//1988 2009//2009 2008//2008
f 1988//1988 1989//1989 2009//2009
f 1989//1989 2010//2010 2009//2009
f 1989//1989 1990//1990 2010//2010
f 1990//1990 2011//2011 2010//2010
f 1990//1990 1991//1991 2011//2011
f 1991//1991 2012//2012 2011//2011
f 1991//1991 1992//1992 2012//2012
f 1992//1992 2013//2013 2012//2012
f 1992//1992 1993//1993 2013//2013
f 1993//1993 2014//2014 2013//2013
f 1993//1993 1994//1994 2014//2014
f 1994//1994 2015//2015 2014//2014
f 1994//1994 1995//1995 2015//2015
f 1995//1995 2016//2016 2015//2015
f 1996//1996 1997//1997 2017//2017
f 1997//1997 2018//2018 2017//2017
f 1997//1997 1998//1998 2018//2018
f 1998//1998 2019//2019 2018//2018
f 1998//1998 1999//1999 2019//2019
f 1999//1999 2020//2020 2019//2019
f 1999//1999 2000//2000 2020//2020
f 2000//2000 2021//2021 2020//2020
f 2000//2000 2001//2001 2021//2021
f 2001//2001 2022//2022 2021//2021
f 2001//2001 2002//2002 2022//2022
f 2002//2002 2023//2023 2022//2022
f 2002//2002 2003//2003 2023//2023
f 2003//2003 2024//2024 2023//2023
f 2003//2003 2004//2004 2024//2024
f 2004//2004 2025//2025 2024//2024
f 2004//2004 2005//2005 2025//2025
f 2005//2005 2026//2026 2025//2025
f 2005//2005 2006//2006 2026//2026
f 2006//2006 2027//2027 2026//2026
f 2006//2006 2007//2007 2027//2027
f 2007//2007 2028//2028 2027//2027
f 2007//2007 2008//2008 2028//2028
f 2008//2008 2029//2029 2028//2028
f 2008//2008 2009//2009 2029//2029
f 2009//2009 2030//2030 2029//2029
f 2009//2009 2010//2010 2030//2030
f 2010//2010 2031//2031 2030//2030
f 2010//2010 2011//2011 2031//2031
f 2011//2011 2032//2032 2031//2031
f 2011//2011 2012//2012 2032//2032
f 2012//2012 2033//2033 2032//2032
f 2012//2012 2013//2013 2033//2033
f 2013//2013 2034//2034 2033//2033
f 2013//2013 2014//2014 2034//2034
f 2014//2014 2035//2035 2034//2034
f 2014//2014 2015//2015 2035//2035
f 2015//2015 2036//2036 2035//2035
f 2015//2015 2016//2016 2036//2036
f 2016//2016 2037//2037 2036//2036
f 2017//2017 2018//2018 2038//2038
f 2018//2018 2039//2039 2038//2038
f 2018//2018 2019//2019 2039//2039
f 2019//2019 2040//2040 2039//2039
f 2019//2019 2020//2020 2040//2040
f 2020//2020 2041//2041 2040//2040
f 2020//2020 2021//2021 2041//2041
f 2021//2021 2042//2042 2041//2041
f 2021//2021 2022//2022 2042//2042
f 2022//2022 2043//2043 2042//2042
f 2022//2022 2023//2023 2043//2043
f 2023//2023 2044//2044 2043//2043
f 2023//2023 2024//2024 2044//2044
f 2024//2024 2045//2045 2044//2044
f 2024//2024 2025//2025 2045//2045
f 2025//2025 2046//2046 2045//2045
f 2025//2025 2026//2026 2046//2046
f 2026//2026 2047//2047 2046//2046
f 2026//2026 2027//2027 2047//2047
f 2027//2027 2048//2048 2047//2047
f 2027//2027 2028//2028 2048//2048
f 2028//2028 2049//2049 2048//2048
f 2028//2028 2029//2029 2049//2049
f 2029//2029 2050//2050 2049//2049
f 2029//2029 2030//2030 2050//2050
f 2030//2030 2051//2051 2050//2050
f 2030//2030 2031//2031 2051//2051
f 2031//2031 2052//2052 2051//2051
f 2031//2031 2032//2032 2052//2052
f 2032//2032 2053//2053 2052//2052
f 2032//2032 2033//2033 2053//2053
f 2033//2033 2054//2054 2053//2053
f 2033//2033 2034//2034 2054//2054
f 2034//2034 2055//2055 2054//2054
f 2034//2034 2035//2035 2055//2055
f 2035//2035 2056//2056 2055//2055
f 2035//2035 2036//2036 2056//2056
f 2036//2036 2057//2057 2056//2056
f 2036//2036 2037//2037 2057//2057
f 2037//2037 2058//2058 2057//2057
o station-sink_metal
usemtl metal
v 0.390000 0.363800 0.365000
v 0.389135 0.363800 0.373779
v 0.386575 0.363800 0.382221
v 0.382416 0.363800 0.390001
v 0.376820 0.363800 0.396820
v 0.370001 0.363800 0.402416
v 0.362221 0.363800 0.406575
v 0.353779 0.363800 0.409135
v 0.345000 0.363800 0.410000
v -0.345000 0.363800 0.410000
v -0.353779 0.363800 0.409135
v -0.362221 0.363800 0.406575
v -0.370001 0.363800 0.402416
v -0.376820 0.363800 0.396820
v -0.382416 0.363800 0.390001
v -0.386575 0.363800 0.382221
v -0.389135 0.363800 0.373779
v -0.390000 0.363800 0.365000
v -0.390000 0.363800 -0.325000
v -0.389135 0.363800 -0.333779
v -0.386575 0.363800 -0.342221
v -0.382416 0.363800 -0.350001
v -0.376820 0.363800 -0.356820
v -0.370001 0.363800 -0.362416
v -0.362221 0.363800 -0.366575
v -0.353779 0.363800 -0.369135
v -0.345000 0.363800 -0.370000
v 0.345000 0.363800 -0.370000
v 0.353779 0.363800 -0.369135
v 0.362221 0.363800 -0.366575
v 0.370001 0.363800 -0.362416
v 0.376820 0.363800 -0.356820
v 0.382416 0.363800 -0.350001
v 0.386575 0.363800 -0.342221
v 0.389135 0.363800 -0.333779
v 0.390000 0.363800 -0.325000
v 0.390000 0.393040 0.365000
v 0.389135 0.393040 0.373779
v 0.386575 0.393040 0.382221
v 0.382416 0.393040 0.390001
v 0.376820 0.393040 0.396820
v 0.370001 0.393040 0.402416
v 0.362221 0.393040 0.406575
v 0.353779 0.393040 0.409135
v 0.345000 0.393040 0.410000
v -0.345000 0.393040 0.410000
v -0.353779 0.393040 0.409135
v -0.362221 0.393040 0.406575
v -0.370001 0.393040 0.402416
v -0.376820 0.393040 0.396820
v -0.382416 0.393040 0.390001
v -0.386575 0.393040 0.382221
v -0.389135 0.393040 0.373779
v -0.390000 0.393040 0.365000
v -0.390000 0.393040 -0.325000
v -0.389135 0.393040 -0.333779
v -0.386575 0.393040 -0.342221
v -0.382416 0.393040 -0.350001
v -0.376820 0.393040 -0.356820
v -0.370001 0.393040 -0.362416
v -0.362221 0.393040 -0.366575
v -0.353779 0.393040 -0.369135
v -0.345000 0.393040 -0.370000
v 0.345000 0.393040 -0.370000
v 0.353779 0.393040 -0.369135
v 0.362221 0.393040 -0.366575
v 0.370001 0.393040 -0.362416
v 0.376820 0.393040 -0.356820
v 0.382416 0.393040 -0.350001
v 0.386575 0.393040 -0.342221
v 0.389135 0.393040 -0.333779
v 0.390000 0.393040 -0.325000
v 0.290000 0.403480 0.215000
v 0.288751 0.403480 0.227681
v 0.285052 0.403480 0.239874
v 0.279046 0.403480 0.251112
v 0.270962 0.403480 0.260962
v 0.261112 0.403480 0.269046
v 0.249874 0.403480 0.275052
v 0.237681 0.403480 0.278751
v 0.225000 0.403480 0.280000
v -0.225000 0.403480 0.280000
v -0.237681 0.403480 0.278751
v -0.249874 0.403480 0.275052
v -0.261112 0.403480 0.269046
v -0.270962 0.403480 0.260962
v -0.279046 0.403480 0.251112
v -0.285052 0.403480 0.239874
v -0.288751 0.403480 0.227681
v -0.290000 0.403480 0.215000
v -0.290000 0.403480 -0.175000
v -0.288751 0.403480 -0.187681
v -0.285052 0.403480 -0.199874
v -0.279046 0.403480 -0.211112
v -0.270962 0.403480 -0.220962
v -0.261112 0.403480 -0.229046
v -0.249874 0.403480 -0.235052
v -0.237681 0.403480 -0.238751
v -0.225000 0.403480 -0.240000
v 0.225000 0.403480 -0.240000
v 0.237681 0.403480 -0.238751
v 0.249874 0.403480 -0.235052
v 0.261112 0.403480 -0.229046
v 0.270962 0.403480 -0.220962
v 0.279046 0.403480 -0.211112
v 0.285052 0.403480 -0.199874
v 0.288751 0.403480 -0.187681
v 0.290000 0.403480 -0.175000
v 0.253000 0.392360 0.175000
v 0.251751 0.392360 0.187681
v 0.248052 0.392360 0.199874
v 0.242046 0.392360 0.211112
v 0.233962 0.392360 0.220962
v 0.224112 0.392360 0.229046
v 0.212874 0.392360 0.235052
v 0.200681 0.392360 0.238751
v 0.188000 0.392360 0.240000
v -0.188000 0.392360 0.240000
v -0.200681 0.392360 0.238751
v -0.212874 0.392360 0.235052
v -0.224112 0.392360 0.229046
v -0.233962 0.392360 0.220962
v -0.242046 0.392360 0.211112
v -0.248052 0.392360 0.199874
v -0.251751 0.392360 0.187681
v -0.253000 0.392360 0.175000
v -0.253000 0.392360 -0.135000
v -0.251751 0.392360 -0.147681
v -0.248052 0.392360 -0.159874
v -0.242046 0.392360 -0.171112
v -0.233962 0.392360 -0.180962
v -0.224112 0.392360 -0.189046
v -0.212874 0.392360 -0.195052
v -0.200681 0.392360 -0.198751
v -0.188000 0.392360 -0.200000
v 0.188000 0.392360 -0.200000
v 0.200681 0.392360 -0.198751
v 0.212874 0.392360 -0.195052
v 0.224112 0.392360 -0.189046
v 0.233962 0.392360 -0.180962
v 0.242046 0.392360 -0.171112
v 0.248052 0.392360 -0.159874
v 0.251751 0.392360 -0.147681
v 0.253000 0.392360 -0.135000
v 0.225000 0.304640 0.137000
v 0.223559 0.304640 0.151632
v 0.219291 0.304640 0.165701
v 0.212360 0.304640 0.178668
v 0.203033 0.304640 0.190033
v 0.191668 0.304640 0.199360
v 0.178701 0.304640 0.206291
v 0.164632 0.304640 0.210559
v 0.150000 0.304640 0.212000
v -0.150000 0.304640 0.212000
v -0.164632 0.304640 0.210559
v -0.178701 0.304640 0.206291
v -0.191668 0.304640 0.199360
v -0.203033 0.304640 0.190033
v -0.212360 0.304640 0.178668
v -0.219291 0.304640 0.165701
v -0.223559 0.304640 0.151632
v -0.225000 0.304640 0.137000
v -0.225000 0.304640 -0.097000
v -0.223559 0.304640 -0.111632
v -0.219291 0.304640 -0.125701
v -0.212360 0.304640 -0.138668
v -0.203033 0.304640 -0.150033
v -0.191668 0.304640 -0.159360
v -0.178701 0.304640 -0.166291
v -0.164632 0.304640 -0.170559
v -0.150000 0.304640 -0.172000
v 0.150000 0.304640 -0.172000
v 0.164632 0.304640 -0.170559
v 0.178701 0.304640 -0.166291
v 0.191668 0.304640 -0.159360
v 0.203033 0.304640 -0.150033
v 0.212360 0.304640 -0.138668
v 0.219291 0.304640 -0.125701
v 0.223559 0.304640 -0.111632
v 0.225000 0.304640 -0.097000
v 0.000000 0.318240 0.020000
v 0.000000 0.318240 0.020000
v 0.000000 0.318240 0.020000
v 0.000000 0.318240 0.020000
v 0.000000 0.318240 0.020000
v 0.000000 0.318240 0.020000
v 0.000000 0.318240 0.020000
v 0.000000 0.318240 0.020000
v 0.000000 0.318240 0.020000
v 0.000000 0.318240 0.020000
v 0.000000 0.318240 0.020000
v 0.000000 0.318240 0.020000
v 0.000000 0.318240 0.020000
v 0.000000 0.318240 0.020000
v 0.000000 0.318240 0.020000
v 0.000000 0.318240 0.020000
v 0.000000 0.318240 0.020000
v 0.000000 0.318240 0.020000
v 0.000000 0.318240 0.020000
v 0.000000 0.318240 0.020000
v 0.000000 0.318240 0.020000
v 0.000000 0.318240 0.020000
v 0.000000 0.318240 0.020000
v 0.000000 0.318240 0.020000
v 0.000000 0.318240 0.020000
v 0.000000 0.318240 0.020000
v 0.000000 0.318240 0.020000
v 0.000000 0.318240 0.020000
v 0.000000 0.318240 0.020000
v 0.000000 0.318240 0.020000
v 0.000000 0.318240 0.020000
v 0.000000 0.318240 0.020000
v 0.000000 0.318240 0.020000
v 0.000000 0.318240 0.020000
v 0.000000 0.318240 0.020000
v 0.000000 0.318240 0.020000
v 0.000000 0.318240 0.020000
v 0.000000 0.318240 0.020000
v 0.000000 0.318240 0.020000
v 0.000000 0.318240 0.020000
v 0.000000 0.318240 0.020000
v 0.029140 0.318240 0.020000
v 0.028781 0.318240 0.024559
v 0.027714 0.318240 0.029005
v 0.025964 0.318240 0.033229
v 0.023575 0.318240 0.037128
v 0.020605 0.318240 0.040605
v 0.017128 0.318240 0.043575
v 0.013229 0.318240 0.045964
v 0.009005 0.318240 0.047714
v 0.004559 0.318240 0.048781
v 0.000000 0.318240 0.049140
v -0.004559 0.318240 0.048781
v -0.009005 0.318240 0.047714
v -0.013229 0.318240 0.045964
v -0.017128 0.318240 0.043575
v -0.020605 0.318240 0.040605
v -0.023575 0.318240 0.037128
v -0.025964 0.318240 0.033229
v -0.027714 0.318240 0.029005
v -0.028781 0.318240 0.024559
v -0.029140 0.318240 0.020000
v -0.028781 0.318240 0.015441
v -0.027714 0.318240 0.010995
v -0.025964 0.318240 0.006771
v -0.023575 0.318240 0.002872
v -0.020605 0.318240 -0.000605
v -0.017128 0.318240 -0.003575
v -0.013229 0.318240 -0.005964
v -0.009005 0.318240 -0.007714
v -0.004559 0.318240 -0.008781
v -0.000000 0.318240 -0.009140
v 0.004559 0.318240 -0.008781
v 0.009005 0.318240 -0.007714
v 0.013229 0.318240 -0.005964
v 0.017128 0.318240 -0.003575
v 0.020605 0.318240 -0.000605
v 0.023575 0.318240 0.002872
v 0.025964 0.318240 0.006771
v 0.027714 0.318240 0.010995
v 0.028781 0.318240 0.015441
v 0.029140 0.318240 0.020000
v 0.031000 0.318566 0.020000
v 0.030618 0.318566 0.024849
v 0.029483 0.318566 0.029580
v 0.027621 0.318566 0.034074
v 0.025080 0.318566 0.038221
v 0.021920 0.318566 0.041920
v 0.018221 0.318566 0.045080
v 0.014074 0.318566 0.047621
v 0.009580 0.318566 0.049483
v 0.004849 0.318566 0.050618
v 0.000000 0.318566 0.051000
v -0.004849 0.318566 0.050618
v -0.009580 0.318566 0.049483
v -0.014074 0.318566 0.047621
v -0.018221 0.318566 0.045080
v -0.021920 0.318566 0.041920
v -0.025080 0.318566 0.038221
v -0.027621 0.318566 0.034074
v -0.029483 0.318566 0.029580
v -0.030618 0.318566 0.024849
v -0.031000 0.318566 0.020000
v -0.030618 0.318566 0.015151
v -0.029483 0.318566 0.010420
v -0.027621 0.318566 0.005926
v -0.025080 0.318566 0.001779
v -0.021920 0.318566 -0.001920
v -0.018221 0.318566 -0.005080
v -0.014074 0.318566 -0.007621
v -0.009580 0.318566 -0.009483
v -0.004849 0.318566 -0.010618
v -0.000000 0.318566 -0.011000
v 0.004849 0.318566 -0.010618
v 0.009580 0.318566 -0.009483
v 0.014074 0.318566 -0.007621
v 0.018221 0.318566 -0.005080
v 0.021920 0.318566 -0.001920
v 0.025080 0.318566 0.001779
v 0.027621 0.318566 0.005926
v 0.029483 0.318566 0.010420
v 0.030618 0.318566 0.015151
v 0.031000 0.318566 0.020000
v 0.031000 0.321994 0.020000
v 0.030618 0.321994 0.024849
v 0.029483 0.321994 0.029580
v 0.027621 0.321994 0.034074
v 0.025080 0.321994 0.038221
v 0.021920 0.321994 0.041920
v 0.018221 0.321994 0.045080
v 0.014074 0.321994 0.047621
v 0.009580 0.321994 0.049483
v 0.004849 0.321994 0.050618
v 0.000000 0.321994 0.051000
v -0.004849 0.321994 0.050618
v -0.009580 0.321994 0.049483
v -0.014074 0.321994 0.047621
v -0.018221 0.321994 0.045080
v -0.021920 0.321994 0.041920
v -0.025080 0.321994 0.038221
v -0.027621 0.321994 0.034074
v -0.029483 0.321994 0.029580
v -0.030618 0.321994 0.024849
v -0.031000 0.321994 0.020000
v -0.030618 0.321994 0.015151
v -0.029483 0.321994 0.010420
v -0.027621 0.321994 0.005926
v -0.025080 0.321994 0.001779
v -0.021920 0.321994 -0.001920
v -0.018221 0.321994 -0.005080
v -0.014074 0.321994 -0.007621
v -0.009580 0.321994 -0.009483
v -0.004849 0.321994 -0.010618
v -0.000000 0.321994 -0.011000
v 0.004849 0.321994 -0.010618
v 0.009580 0.321994 -0.009483
v 0.014074 0.321994 -0.007621
v 0.018221 0.321994 -0.005080
v 0.021920 0.321994 -0.001920
v 0.025080 0.321994 0.001779
v 0.027621 0.321994 0.005926
v 0.029483 0.321994 0.010420
v 0.030618 0.321994 0.015151
v 0.031000 0.321994 0.020000
v 0.029140 0.322320 0.020000
v 0.028781 0.322320 0.024559
v 0.027714 0.322320 0.029005
v 0.025964 0.322320 0.033229
v 0.023575 0.322320 0.037128
v 0.020605 0.322320 0.040605
v 0.017128 0.322320 0.043575
v 0.013229 0.322320 0.045964
v 0.009005 0.322320 0.047714
v 0.004559 0.322320 0.048781
v 0.000000 0.322320 0.049140
v -0.004559 0.322320 0.048781
v -0.009005 0.322320 0.047714
v -0.013229 0.322320 0.045964
v -0.017128 0.322320 0.043575
v -0.020605 0.322320 0.040605
v -0.023575 0.322320 0.037128
v -0.025964 0.322320 0.033229
v -0.027714 0.322320 0.029005
v -0.028781 0.322320 0.024559
v -0.029140 0.322320 0.020000
v -0.028781 0.322320 0.015441
v -0.027714 0.322320 0.010995
v -0.025964 0.322320 0.006771
v -0.023575 0.322320 0.002872
v -0.020605 0.322320 -0.000605
v -0.017128 0.322320 -0.003575
v -0.013229 0.322320 -0.005964
v -0.009005 0.322320 -0.007714
v -0.004559 0.322320 -0.008781
v -0.000000 0.322320 -0.009140
v 0.004559 0.322320 -0.008781
v 0.009005 0.322320 -0.007714
v 0.013229 0.322320 -0.005964
v 0.017128 0.322320 -0.003575
v 0.020605 0.322320 -0.000605
v 0.023575 0.322320 0.002872
v 0.025964 0.322320 0.006771
v 0.027714 0.322320 0.010995
v 0.028781 0.322320 0.015441
v 0.029140 0.322320 0.020000
v 0.000000 0.322320 0.020000
v 0.000000 0.322320 0.020000
v 0.000000 0.322320 0.020000
v 0.000000 0.322320 0.020000
v 0.000000 0.322320 0.020000
v 0.000000 0.322320 0.020000
v 0.000000 0.322320 0.020000
v 0.000000 0.322320 0.020000
v 0.000000 0.322320 0.020000
v 0.000000 0.322320 0.020000
v 0.000000 0.322320 0.020000
v 0.000000 0.322320 0.020000
v 0.000000 0.322320 0.020000
v 0.000000 0.322320 0.020000
v 0.000000 0.322320 0.020000
v 0.000000 0.322320 0.020000
v 0.000000 0.322320 0.020000
v 0.000000 0.322320 0.020000
v 0.000000 0.322320 0.020000
v 0.000000 0.322320 0.020000
v 0.000000 0.322320 0.020000
v 0.000000 0.322320 0.020000
v 0.000000 0.322320 0.020000
v 0.000000 0.322320 0.020000
v 0.000000 0.322320 0.020000
v 0.000000 0.322320 0.020000
v 0.000000 0.322320 0.020000
v 0.000000 0.322320 0.020000
v 0.000000 0.322320 0.020000
v 0.000000 0.322320 0.020000
v 0.000000 0.322320 0.020000
v 0.000000 0.322320 0.020000
v 0.000000 0.322320 0.020000
v 0.000000 0.322320 0.020000
v 0.000000 0.322320 0.020000
v 0.000000 0.322320 0.020000
v 0.000000 0.322320 0.020000
v 0.000000 0.322320 0.020000
v 0.000000 0.322320 0.020000
v 0.000000 0.322320 0.020000
v 0.000000 0.322320 0.020000
v 0.000000 0.384200 -0.240000
v 0.000000 0.384200 -0.240000
v 0.000000 0.384200 -0.240000
v 0.000000 0.384200 -0.240000
v 0.000000 0.384200 -0.240000
v 0.000000 0.384200 -0.240000
v 0.000000 0.384200 -0.240000
v 0.000000 0.384200 -0.240000
v 0.000000 0.384200 -0.240000
v 0.000000 0.384200 -0.240000
v 0.000000 0.384200 -0.240000
v 0.000000 0.384200 -0.240000
v 0.000000 0.384200 -0.240000
v 0.000000 0.384200 -0.240000
v 0.000000 0.384200 -0.240000
v 0.000000 0.384200 -0.240000
v 0.000000 0.384200 -0.240000
v 0.000000 0.384200 -0.240000
v 0.000000 0.384200 -0.240000
v 0.000000 0.384200 -0.240000
v 0.000000 0.384200 -0.240000
v 0.000000 0.384200 -0.240000
v 0.000000 0.384200 -0.240000
v 0.000000 0.384200 -0.240000
v 0.000000 0.384200 -0.240000
v 0.000000 0.384200 -0.240000
v 0.000000 0.384200 -0.240000
v 0.000000 0.384200 -0.240000
v 0.000000 0.384200 -0.240000
v 0.000000 0.384200 -0.240000
v 0.000000 0.384200 -0.240000
v 0.000000 0.384200 -0.240000
v 0.000000 0.384200 -0.240000
v 0.000000 0.384200 -0.240000
v 0.000000 0.384200 -0.240000
v 0.000000 0.384200 -0.240000
v 0.000000 0.384200 -0.240000
v 0.000000 0.384200 -0.240000
v 0.000000 0.384200 -0.240000
v 0.000000 0.384200 -0.240000
v 0.000000 0.384200 -0.240000
v 0.022560 0.384200 -0.240000
v 0.022282 0.384200 -0.236471
v 0.021456 0.384200 -0.233029
v 0.020101 0.384200 -0.229758
v 0.018251 0.384200 -0.226740
v 0.015952 0.384200 -0.224048
v 0.013260 0.384200 -0.221749
v 0.010242 0.384200 -0.219899
v 0.006971 0.384200 -0.218544
v 0.003529 0.384200 -0.217718
v 0.000000 0.384200 -0.217440
v -0.003529 0.384200 -0.217718
v -0.006971 0.384200 -0.218544
v -0.010242 0.384200 -0.219899
v -0.013260 0.384200 -0.221749
v -0.015952 0.384200 -0.224048
v -0.018251 0.384200 -0.226740
v -0.020101 0.384200 -0.229758
v -0.021456 0.384200 -0.233029
v -0.022282 0.384200 -0.236471
v -0.022560 0.384200 -0.240000
v -0.022282 0.384200 -0.243529
v -0.021456 0.384200 -0.246971
v -0.020101 0.384200 -0.250242
v -0.018251 0.384200 -0.253260
v -0.015952 0.384200 -0.255952
v -0.013260 0.384200 -0.258251
v -0.010242 0.384200 -0.260101
v -0.006971 0.384200 -0.261456
v -0.003529 0.384200 -0.262282
v -0.000000 0.384200 -0.262560
v 0.003529 0.384200 -0.262282
v 0.006971 0.384200 -0.261456
v 0.010242 0.384200 -0.260101
v 0.013260 0.384200 -0.258251
v 0.015952 0.384200 -0.255952
v 0.018251 0.384200 -0.253260
v 0.020101 0.384200 -0.250242
v 0.021456 0.384200 -0.246971
v 0.022282 0.384200 -0.243529
v 0.022560 0.384200 -0.240000
v 0.024000 0.399880 -0.240000
v 0.023705 0.399880 -0.236246
v 0.022825 0.399880 -0.232584
v 0.021384 0.399880 -0.229104
v 0.019416 0.399880 -0.225893
v 0.016971 0.399880 -0.223029
v 0.014107 0.399880 -0.220584
v 0.010896 0.399880 -0.218616
v 0.007416 0.399880 -0.217175
v 0.003754 0.399880 -0.216295
v 0.000000 0.399880 -0.216000
v -0.003754 0.399880 -0.216295
v -0.007416 0.399880 -0.217175
v -0.010896 0.399880 -0.218616
v -0.014107 0.399880 -0.220584
v -0.016971 0.399880 -0.223029
v -0.019416 0.399880 -0.225893
v -0.021384 0.399880 -0.229104
v -0.022825 0.399880 -0.232584
v -0.023705 0.399880 -0.236246
v -0.024000 0.399880 -0.240000
v -0.023705 0.399880 -0.243754
v -0.022825 0.399880 -0.247416
v -0.021384 0.399880 -0.250896
v -0.019416 0.399880 -0.254107
v -0.016971 0.399880 -0.256971
v -0.014107 0.399880 -0.259416
v -0.010896 0.399880 -0.261384
v -0.007416 0.399880 -0.262825
v -0.003754 0.399880 -0.263705
v -0.000000 0.399880 -0.264000
v 0.003754 0.399880 -0.263705
v 0.007416 0.399880 -0.262825
v 0.010896 0.399880 -0.261384
v 0.014107 0.399880 -0.259416
v 0.016971 0.399880 -0.256971
v 0.019416 0.399880 -0.254107
v 0.021384 0.399880 -0.250896
v 0.022825 0.399880 -0.247416
v 0.023705 0.399880 -0.243754
v 0.024000 0.399880 -0.240000
v 0.024000 0.635080 -0.240000
v 0.023705 0.635080 -0.236246
v 0.022825 0.635080 -0.232584
v 0.021384 0.635080 -0.229104
v 0.019416 0.635080 -0.225893
v 0.016971 0.635080 -0.223029
v 0.014107 0.635080 -0.220584
v 0.010896 0.635080 -0.218616
v 0.007416 0.635080 -0.217175
v 0.003754 0.635080 -0.216295
v 0.000000 0.635080 -0.216000
v -0.003754 0.635080 -0.216295
v -0.007416 0.635080 -0.217175
v -0.010896 0.635080 -0.218616
v -0.014107 0.635080 -0.220584
v -0.016971 0.635080 -0.223029
v -0.019416 0.635080 -0.225893
v -0.021384 0.635080 -0.229104
v -0.022825 0.635080 -0.232584
v -0.023705 0.635080 -0.236246
v -0.024000 0.635080 -0.240000
v -0.023705 0.635080 -0.243754
v -0.022825 0.635080 -0.247416
v -0.021384 0.635080 -0.250896
v -0.019416 0.635080 -0.254107
v -0.016971 0.635080 -0.256971
v -0.014107 0.635080 -0.259416
v -0.010896 0.635080 -0.261384
v -0.007416 0.635080 -0.262825
v -0.003754 0.635080 -0.263705
v -0.000000 0.635080 -0.264000
v 0.003754 0.635080 -0.263705
v 0.007416 0.635080 -0.262825
v 0.010896 0.635080 -0.261384
v 0.014107 0.635080 -0.259416
v 0.016971 0.635080 -0.256971
v 0.019416 0.635080 -0.254107
v 0.021384 0.635080 -0.250896
v 0.022825 0.635080 -0.247416
v 0.023705 0.635080 -0.243754
v 0.024000 0.635080 -0.240000
v 0.022560 0.657480 -0.240000
v 0.022282 0.657480 -0.236471
v 0.021456 0.657480 -0.233029
v 0.020101 0.657480 -0.229758
v 0.018251 0.657480 -0.226740
v 0.015952 0.657480 -0.224048
v 0.013260 0.657480 -0.221749
v 0.010242 0.657480 -0.219899
v 0.006971 0.657480 -0.218544
v 0.003529 0.657480 -0.217718
v 0.000000 0.657480 -0.217440
v -0.003529 0.657480 -0.217718
v -0.006971 0.657480 -0.218544
v -0.010242 0.657480 -0.219899
v -0.013260 0.657480 -0.221749
v -0.015952 0.657480 -0.224048
v -0.018251 0.657480 -0.226740
v -0.020101 0.657480 -0.229758
v -0.021456 0.657480 -0.233029
v -0.022282 0.657480 -0.236471
v -0.022560 0.657480 -0.240000
v -0.022282 0.657480 -0.243529
v -0.021456 0.657480 -0.246971
v -0.020101 0.657480 -0.250242
v -0.018251 0.657480 -0.253260
v -0.015952 0.657480 -0.255952
v -0.013260 0.657480 -0.258251
v -0.010242 0.657480 -0.260101
v -0.006971 0.657480 -0.261456
v -0.003529 0.657480 -0.262282
v -0.000000 0.657480 -0.262560
v 0.003529 0.657480 -0.262282
v 0.006971 0.657480 -0.261456
v 0.010242 0.657480 -0.260101
v 0.013260 0.657480 -0.258251
v 0.015952 0.657480 -0.255952
v 0.018251 0.657480 -0.253260
v 0.020101 0.657480 -0.250242
v 0.021456 0.657480 -0.246971
v 0.022282 0.657480 -0.243529
v 0.022560 0.657480 -0.240000
v 0.000000 0.657480 -0.240000
v 0.000000 0.657480 -0.240000
v 0.000000 0.657480 -0.240000
v 0.000000 0.657480 -0.240000
v 0.000000 0.657480 -0.240000
v 0.000000 0.657480 -0.240000
v 0.000000 0.657480 -0.240000
v 0.000000 0.657480 -0.240000
v 0.000000 0.657480 -0.240000
v 0.000000 0.657480 -0.240000
v 0.000000 0.657480 -0.240000
v 0.000000 0.657480 -0.240000
v 0.000000 0.657480 -0.240000
v 0.000000 0.657480 -0.240000
v 0.000000 0.657480 -0.240000
v 0.000000 0.657480 -0.240000
v 0.000000 0.657480 -0.240000
v 0.000000 0.657480 -0.240000
v 0.000000 0.657480 -0.240000
v 0.000000 0.657480 -0.240000
v 0.000000 0.657480 -0.240000
v 0.000000 0.657480 -0.240000
v 0.000000 0.657480 -0.240000
v 0.000000 0.657480 -0.240000
v 0.000000 0.657480 -0.240000
v 0.000000 0.657480 -0.240000
v 0.000000 0.657480 -0.240000
v 0.000000 0.657480 -0.240000
v 0.000000 0.657480 -0.240000
v 0.000000 0.657480 -0.240000
v 0.000000 0.657480 -0.240000
v 0.000000 0.657480 -0.240000
v 0.000000 0.657480 -0.240000
v 0.000000 0.657480 -0.240000
v 0.000000 0.657480 -0.240000
v 0.000000 0.657480 -0.240000
v 0.000000 0.657480 -0.240000
v 0.000000 0.657480 -0.240000
v 0.000000 0.657480 -0.240000
v 0.000000 0.657480 -0.240000
v 0.000000 0.657480 -0.240000
v -0.013815 0.619665 -0.252815
v -0.015333 0.618147 -0.248667
v -0.016021 0.617459 -0.243000
v -0.016021 0.617459 -0.237000
v -0.015333 0.618147 -0.231333
v -0.013815 0.619665 -0.227185
v -0.015333 0.623813 -0.254333
v -0.017880 0.622540 -0.249940
v -0.019205 0.621877 -0.243000
v -0.019205 0.621877 -0.237000
v -0.017880 0.622540 -0.230060
v -0.015333 0.623813 -0.225667
v -0.016021 0.629480 -0.255021
v -0.019205 0.629480 -0.250603
v -0.021000 0.629480 -0.243000
v -0.021000 0.629480 -0.237000
v -0.019205 0.629480 -0.229397
v -0.016021 0.629480 -0.224979
v -0.016021 0.635480 -0.255021
v -0.019205 0.635480 -0.250603
v -0.021000 0.635480 -0.243000
v -0.021000 0.635480 -0.237000
v -0.019205 0.635480 -0.229397
v -0.016021 0.635480 -0.224979
v -0.015333 0.641147 -0.254333
v -0.017880 0.642420 -0.249940
v -0.019205 0.643083 -0.243000
v -0.019205 0.643083 -0.237000
v -0.017880 0.642420 -0.230060
v -0.015333 0.641147 -0.225667
v -0.013815 0.645295 -0.252815
v -0.015333 0.646813 -0.248667
v -0.016021 0.647501 -0.243000
v -0.016021 0.647501 -0.237000
v -0.015333 0.646813 -0.231333
v -0.013815 0.645295 -0.227185
v 0.151815 0.619665 -0.252815
v 0.153333 0.618147 -0.248667
v 0.154021 0.617459 -0.243000
v 0.154021 0.617459 -0.237000
v 0.153333 0.618147 -0.231333
v 0.151815 0.619665 -0.227185
v 0.153333 0.623813 -0.254333
v 0.155880 0.622540 -0.249940
v 0.157205 0.621877 -0.243000
v 0.157205 0.621877 -0.237000
v 0.155880 0.622540 -0.230060
v 0.153333 0.623813 -0.225667
v 0.154021 0.629480 -0.255021
v 0.157205 0.629480 -0.250603
v 0.159000 0.629480 -0.243000
v 0.159000 0.629480 -0.237000
v 0.157205 0.629480 -0.229397
v 0.154021 0.629480 -0.224979
v 0.154021 0.635480 -0.255021
v 0.157205 0.635480 -0.250603
v 0.159000 0.635480 -0.243000
v 0.159000 0.635480 -0.237000
v 0.157205 0.635480 -0.229397
v 0.154021 0.635480 -0.224979
v 0.153333 0.641147 -0.254333
v 0.155880 0.642420 -0.249940
v 0.157205 0.643083 -0.243000
v 0.157205 0.643083 -0.237000
v 0.155880 0.642420 -0.230060
v 0.153333 0.641147 -0.225667
v 0.151815 0.645295 -0.252815
v 0.153333 0.646813 -0.248667
v 0.154021 0.647501 -0.243000
v 0.154021 0.647501 -0.237000
v 0.153333 0.646813 -0.231333
v 0.151815 0.645295 -0.227185
v -0.013815 0.619665 -0.252815
v -0.009667 0.618147 -0.254333
v -0.004000 0.617459 -0.255021
v 0.142000 0.617459 -0.255021
v 0.147667 0.618147 -0.254333
v 0.151815 0.619665 -0.252815
v -0.015333 0.618147 -0.248667
v -0.010940 0.615600 -0.249940
v -0.004000 0.614275 -0.250603
v 0.142000 0.614275 -0.250603
v 0.148940 0.615600 -0.249940
v 0.153333 0.618147 -0.248667
v -0.016021 0.617459 -0.243000
v -0.011603 0.614275 -0.243000
v -0.004000 0.612480 -0.243000
v 0.142000 0.612480 -0.243000
v 0.149603 0.614275 -0.243000
v 0.154021 0.617459 -0.243000
v -0.016021 0.617459 -0.237000
v -0.011603 0.614275 -0.237000
v -0.004000 0.612480 -0.237000
v 0.142000 0.612480 -0.237000
v 0.149603 0.614275 -0.237000
v 0.154021 0.617459 -0.237000
v -0.015333 0.618147 -0.231333
v -0.010940 0.615600 -0.230060
v -0.004000 0.614275 -0.229397
v 0.142000 0.614275 -0.229397
v 0.148940 0.615600 -0.230060
v 0.153333 0.618147 -0.231333
v -0.013815 0.619665 -0.227185
v -0.009667 0.618147 -0.225667
v -0.004000 0.617459 -0.224979
v 0.142000 0.617459 -0.224979
v 0.147667 0.618147 -0.225667
v 0.151815 0.619665 -0.227185
v -0.013815 0.645295 -0.252815
v -0.009667 0.646813 -0.254333
v -0.004000 0.647501 -0.255021
v 0.142000 0.647501 -0.255021
v 0.147667 0.646813 -0.254333
v 0.151815 0.645295 -0.252815
v -0.015333 0.646813 -0.248667
v -0.010940 0.649360 -0.249940
v -0.004000 0.650685 -0.250603
v 0.142000 0.650685 -0.250603
v 0.148940 0.649360 -0.249940
v 0.153333 0.646813 -0.248667
v -0.016021 0.647501 -0.243000
v -0.011603 0.650685 -0.243000
v -0.004000 0.652480 -0.243000
v 0.142000 0.652480 -0.243000
v 0.149603 0.650685 -0.243000
v 0.154021 0.647501 -0.243000
v -0.016021 0.647501 -0.237000
v -0.011603 0.650685 -0.237000
v -0.004000 0.652480 -0.237000
v 0.142000 0.652480 -0.237000
v 0.149603 0.650685 -0.237000
v 0.154021 0.647501 -0.237000
v -0.015333 0.646813 -0.231333
v -0.010940 0.649360 -0.230060
v -0.004000 0.650685 -0.229397
v 0.142000 0.650685 -0.229397
v 0.148940 0.649360 -0.230060
v 0.153333 0.646813 -0.231333
v -0.013815 0.645295 -0.227185
v -0.009667 0.646813 -0.225667
v -0.004000 0.647501 -0.224979
v 0.142000 0.647501 -0.224979
v 0.147667 0.646813 -0.225667
v 0.151815 0.645295 -0.227185
v -0.013815 0.619665 -0.252815
v -0.015333 0.623813 -0.254333
v -0.016021 0.629480 -0.255021
v -0.016021 0.635480 -0.255021
v -0.015333 0.641147 -0.254333
v -0.013815 0.645295 -0.252815
v -0.009667 0.618147 -0.254333
v -0.010940 0.622540 -0.256880
v -0.011603 0.629480 -0.258205
v -0.011603 0.635480 -0.258205
v -0.010940 0.642420 -0.256880
v -0.009667 0.646813 -0.254333
v -0.004000 0.617459 -0.255021
v -0.004000 0.621877 -0.258205
v -0.004000 0.629480 -0.260000
v -0.004000 0.635480 -0.260000
v -0.004000 0.643083 -0.258205
v -0.004000 0.647501 -0.255021
v 0.142000 0.617459 -0.255021
v 0.142000 0.621877 -0.258205
v 0.142000 0.629480 -0.260000
v 0.142000 0.635480 -0.260000
v 0.142000 0.643083 -0.258205
v 0.142000 0.647501 -0.255021
v 0.147667 0.618147 -0.254333
v 0.148940 0.622540 -0.256880
v 0.149603 0.629480 -0.258205
v 0.149603 0.635480 -0.258205
v 0.148940 0.642420 -0.256880
v 0.147667 0.646813 -0.254333
v 0.151815 0.619665 -0.252815
v 0.153333 0.623813 -0.254333
v 0.154021 0.629480 -0.255021
v 0.154021 0.635480 -0.255021
v 0.153333 0.641147 -0.254333
v 0.151815 0.645295 -0.252815
v -0.013815 0.619665 -0.227185
v -0.015333 0.623813 -0.225667
v -0.016021 0.629480 -0.224979
v -0.016021 0.635480 -0.224979
v -0.015333 0.641147 -0.225667
v -0.013815 0.645295 -0.227185
v -0.009667 0.618147 -0.225667
v -0.010940 0.622540 -0.223120
v -0.011603 0.629480 -0.221795
v -0.011603 0.635480 -0.221795
v -0.010940 0.642420 -0.223120
v -0.009667 0.646813 -0.225667
v -0.004000 0.617459 -0.224979
v -0.004000 0.621877 -0.221795
v -0.004000 0.629480 -0.220000
v -0.004000 0.635480 -0.220000
v -0.004000 0.643083 -0.221795
v -0.004000 0.647501 -0.224979
v 0.142000 0.617459 -0.224979
v 0.142000 0.621877 -0.221795
v 0.142000 0.629480 -0.220000
v 0.142000 0.635480 -0.220000
v 0.142000 0.643083 -0.221795
v 0.142000 0.647501 -0.224979
v 0.147667 0.618147 -0.225667
v 0.148940 0.622540 -0.223120
v 0.149603 0.629480 -0.221795
v 0.149603 0.635480 -0.221795
v 0.148940 0.642420 -0.223120
v 0.147667 0.646813 -0.225667
v 0.151815 0.619665 -0.227185
v 0.153333 0.623813 -0.225667
v 0.154021 0.629480 -0.224979
v 0.154021 0.635480 -0.224979
v 0.153333 0.641147 -0.225667
v 0.151815 0.645295 -0.227185
v 0.140000 0.559480 -0.240000
v 0.140000 0.559480 -0.240000
v 0.140000 0.559480 -0.240000
v 0.140000 0.559480 -0.240000
v 0.140000 0.559480 -0.240000
v 0.140000 0.559480 -0.240000
v 0.140000 0.559480 -0.240000
v 0.140000 0.559480 -0.240000
v 0.140000 0.559480 -0.240000
v 0.140000 0.559480 -0.240000
v 0.140000 0.559480 -0.240000
v 0.140000 0.559480 -0.240000
v 0.140000 0.559480 -0.240000
v 0.140000 0.559480 -0.240000
v 0.140000 0.559480 -0.240000
v 0.140000 0.559480 -0.240000
v 0.140000 0.559480 -0.240000
v 0.140000 0.559480 -0.240000
v 0.140000 0.559480 -0.240000
v 0.140000 0.559480 -0.240000
v 0.140000 0.559480 -0.240000
v 0.140000 0.559480 -0.240000
v 0.140000 0.559480 -0.240000
v 0.140000 0.559480 -0.240000
v 0.140000 0.559480 -0.240000
v 0.140000 0.559480 -0.240000
v 0.140000 0.559480 -0.240000
v 0.140000 0.559480 -0.240000
v 0.140000 0.559480 -0.240000
v 0.140000 0.559480 -0.240000
v 0.140000 0.559480 -0.240000
v 0.140000 0.559480 -0.240000
v 0.140000 0.559480 -0.240000
v 0.140000 0.559480 -0.240000
v 0.140000 0.559480 -0.240000
v 0.140000 0.559480 -0.240000
v 0.140000 0.559480 -0.240000
v 0.140000 0.559480 -0.240000
v 0.140000 0.559480 -0.240000
v 0.140000 0.559480 -0.240000
v 0.140000 0.559480 -0.240000
v 0.160680 0.559480 -0.240000
v 0.160425 0.559480 -0.236765
v 0.159668 0.559480 -0.233610
v 0.158426 0.559480 -0.230611
v 0.156730 0.559480 -0.227845
v 0.154623 0.559480 -0.225377
v 0.152155 0.559480 -0.223270
v 0.149389 0.559480 -0.221574
v 0.146390 0.559480 -0.220332
v 0.143235 0.559480 -0.219575
v 0.140000 0.559480 -0.219320
v 0.136765 0.559480 -0.219575
v 0.133610 0.559480 -0.220332
v 0.130611 0.559480 -0.221574
v 0.127845 0.559480 -0.223270
v 0.125377 0.559480 -0.225377
v 0.123270 0.559480 -0.227845
v 0.121574 0.559480 -0.230611
v 0.120332 0.559480 -0.233610
v 0.119575 0.559480 -0.236765
v 0.119320 0.559480 -0.240000
v 0.119575 0.559480 -0.243235
v 0.120332 0.559480 -0.246390
v 0.121574 0.559480 -0.249389
v 0.123270 0.559480 -0.252155
v 0.125377 0.559480 -0.254623
v 0.127845 0.559480 -0.256730
v 0.130611 0.559480 -0.258426
v 0.133610 0.559480 -0.259668
v 0.136765 0.559480 -0.260425
v 0.140000 0.559480 -0.260680
v 0.143235 0.559480 -0.260425
v 0.146390 0.559480 -0.259668
v 0.149389 0.559480 -0.258426
v 0.152155 0.559480 -0.256730
v 0.154623 0.559480 -0.254623
v 0.156730 0.559480 -0.252155
v 0.158426 0.559480 -0.249389
v 0.159668 0.559480 -0.246390
v 0.160425 0.559480 -0.243235
v 0.160680 0.559480 -0.240000
v 0.162000 0.565480 -0.240000
v 0.161729 0.565480 -0.236558
v 0.160923 0.565480 -0.233202
v 0.159602 0.565480 -0.230012
v 0.157798 0.565480 -0.227069
v 0.155556 0.565480 -0.224444
v 0.152931 0.565480 -0.222202
v 0.149988 0.565480 -0.220398
v 0.146798 0.565480 -0.219077
v 0.143442 0.565480 -0.218271
v 0.140000 0.565480 -0.218000
v 0.136558 0.565480 -0.218271
v 0.133202 0.565480 -0.219077
v 0.130012 0.565480 -0.220398
v 0.127069 0.565480 -0.222202
v 0.124444 0.565480 -0.224444
v 0.122202 0.565480 -0.227069
v 0.120398 0.565480 -0.230012
v 0.119077 0.565480 -0.233202
v 0.118271 0.565480 -0.236558
v 0.118000 0.565480 -0.240000
v 0.118271 0.565480 -0.243442
v 0.119077 0.565480 -0.246798
v 0.120398 0.565480 -0.249988
v 0.122202 0.565480 -0.252931
v 0.124444 0.565480 -0.255556
v 0.127069 0.565480 -0.257798
v 0.130012 0.565480 -0.259602
v 0.133202 0.565480 -0.260923
v 0.136558 0.565480 -0.261729
v 0.140000 0.565480 -0.262000
v 0.143442 0.565480 -0.261729
v 0.146798 0.565480 -0.260923
v 0.149988 0.565480 -0.259602
v 0.152931 0.565480 -0.257798
v 0.155556 0.565480 -0.255556
v 0.157798 0.565480 -0.252931
v 0.159602 0.565480 -0.249988
v 0.160923 0.565480 -0.246798
v 0.161729 0.565480 -0.243442
v 0.162000 0.565480 -0.240000
v 0.162000 0.628480 -0.240000
v 0.161729 0.628480 -0.236558
v 0.160923 0.628480 -0.233202
v 0.159602 0.628480 -0.230012
v 0.157798 0.628480 -0.227069
v 0.155556 0.628480 -0.224444
v 0.152931 0.628480 -0.222202
v 0.149988 0.628480 -0.220398
v 0.146798 0.628480 -0.219077
v 0.143442 0.628480 -0.218271
v 0.140000 0.628480 -0.218000
v 0.136558 0.628480 -0.218271
v 0.133202 0.628480 -0.219077
v 0.130012 0.628480 -0.220398
v 0.127069 0.628480 -0.222202
v 0.124444 0.628480 -0.224444
v 0.122202 0.628480 -0.227069
v 0.120398 0.628480 -0.230012
v 0.119077 0.628480 -0.233202
v 0.118271 0.628480 -0.236558
v 0.118000 0.628480 -0.240000
v 0.118271 0.628480 -0.243442
v 0.119077 0.628480 -0.246798
v 0.120398 0.628480 -0.249988
v 0.122202 0.628480 -0.252931
v 0.124444 0.628480 -0.255556
v 0.127069 0.628480 -0.257798
v 0.130012 0.628480 -0.259602
v 0.133202 0.628480 -0.260923
v 0.136558 0.628480 -0.261729
v 0.140000 0.628480 -0.262000
v 0.143442 0.628480 -0.261729
v 0.146798 0.628480 -0.260923
v 0.149988 0.628480 -0.259602
v 0.152931 0.628480 -0.257798
v 0.155556 0.628480 -0.255556
v 0.157798 0.628480 -0.252931
v 0.159602 0.628480 -0.249988
v 0.160923 0.628480 -0.246798
v 0.161729 0.628480 -0.243442
v 0.162000 0.628480 -0.240000
v 0.160680 0.634480 -0.240000
v 0.160425 0.634480 -0.236765
v 0.159668 0.634480 -0.233610
v 0.158426 0.634480 -0.230611
v 0.156730 0.634480 -0.227845
v 0.154623 0.634480 -0.225377
v 0.152155 0.634480 -0.223270
v 0.149389 0.634480 -0.221574
v 0.146390 0.634480 -0.220332
v 0.143235 0.634480 -0.219575
v 0.140000 0.634480 -0.219320
v 0.136765 0.634480 -0.219575
v 0.133610 0.634480 -0.220332
v 0.130611 0.634480 -0.221574
v 0.127845 0.634480 -0.223270
v 0.125377 0.634480 -0.225377
v 0.123270 0.634480 -0.227845
v 0.121574 0.634480 -0.230611
v 0.120332 0.634480 -0.233610
v 0.119575 0.634480 -0.236765
v 0.119320 0.634480 -0.240000
v 0.119575 0.634480 -0.243235
v 0.120332 0.634480 -0.246390
v 0.121574 0.634480 -0.249389
v 0.123270 0.634480 -0.252155
v 0.125377 0.634480 -0.254623
v 0.127845 0.634480 -0.256730
v 0.130611 0.634480 -0.258426
v 0.133610 0.634480 -0.259668
v 0.136765 0.634480 -0.260425
v 0.140000 0.634480 -0.260680
v 0.143235 0.634480 -0.260425
v 0.146390 0.634480 -0.259668
v 0.149389 0.634480 -0.258426
v 0.152155 0.634480 -0.256730
v 0.154623 0.634480 -0.254623
v 0.156730 0.634480 -0.252155
v 0.158426 0.634480 -0.249389
v 0.159668 0.634480 -0.246390
v 0.160425 0.634480 -0.243235
v 0.160680 0.634480 -0.240000
v 0.140000 0.634480 -0.240000
v 0.140000 0.634480 -0.240000
v 0.140000 0.634480 -0.240000
v 0.140000 0.634480 -0.240000
v 0.140000 0.634480 -0.240000
v 0.140000 0.634480 -0.240000
v 0.140000 0.634480 -0.240000
v 0.140000 0.634480 -0.240000
v 0.140000 0.634480 -0.240000
v 0.140000 0.634480 -0.240000
v 0.140000 0.634480 -0.240000
v 0.140000 0.634480 -0.240000
v 0.140000 0.634480 -0.240000
v 0.140000 0.634480 -0.240000
v 0.140000 0.634480 -0.240000
v 0.140000 0.634480 -0.240000
v 0.140000 0.634480 -0.240000
v 0.140000 0.634480 -0.240000
v 0.140000 0.634480 -0.240000
v 0.140000 0.634480 -0.240000
v 0.140000 0.634480 -0.240000
v 0.140000 0.634480 -0.240000
v 0.140000 0.634480 -0.240000
v 0.140000 0.634480 -0.240000
v 0.140000 0.634480 -0.240000
v 0.140000 0.634480 -0.240000
v 0.140000 0.634480 -0.240000
v 0.140000 0.634480 -0.240000
v 0.140000 0.634480 -0.240000
v 0.140000 0.634480 -0.240000
v 0.140000 0.634480 -0.240000
v 0.140000 0.634480 -0.240000
v 0.140000 0.634480 -0.240000
v 0.140000 0.634480 -0.240000
v 0.140000 0.634480 -0.240000
v 0.140000 0.634480 -0.240000
v 0.140000 0.634480 -0.240000
v 0.140000 0.634480 -0.240000
v 0.140000 0.634480 -0.240000
v 0.140000 0.634480 -0.240000
v 0.140000 0.634480 -0.240000
vn 1.000000 0.000000 0.000623
vn 0.986659 0.000000 0.162803
vn 0.935939 0.000000 0.352162
vn 0.849252 0.000000 0.527988
vn 0.729928 0.000000 0.683524
vn 0.582554 0.000000 0.812792
vn 0.412792 0.000000 0.910825
vn 0.227168 0.000000 0.973856
vn 0.002444 0.000000 0.999997
vn -0.000623 0.000000 1.000000
vn -0.162803 0.000000 0.986659
vn -0.352162 0.000000 0.935939
vn -0.527988 0.000000 0.849252
vn -0.683524 0.000000 0.729928
vn -0.812792 0.000000 0.582554
vn -0.910825 0.000000 0.412792
vn -0.973856 0.000000 0.227168
vn -0.999997 0.000000 0.002444
vn -1.000000 0.000000 -0.000623
vn -0.986659 0.000000 -0.162803
vn -0.935939 0.000000 -0.352162
vn -0.849252 0.000000 -0.527988
vn -0.729928 0.000000 -0.683524
vn -0.582554 0.000000 -0.812792
vn -0.412792 0.000000 -0.910825
vn -0.227168 0.000000 -0.973856
vn -0.002444 0.000000 -0.999997
vn 0.000623 0.000000 -1.000000
vn 0.162803 0.000000 -0.986659
vn 0.352162 0.000000 -0.935939
vn 0.527988 0.000000 -0.849252
vn 0.683524 0.000000 -0.729928
vn 0.812792 0.000000 -0.582554
vn 0.910825 0.000000 -0.412792
vn 0.973856 0.000000 -0.227168
vn 0.999997 0.000000 -0.002444
vn 0.282124 0.959378 0.000524
vn 0.276614 0.959213 0.058272
vn 0.221845 0.970459 0.094836
vn 0.179932 0.975935 0.123184
vn 0.144447 0.978421 0.147742
vn 0.111576 0.978910 0.171131
vn 0.078382 0.977579 0.195436
vn 0.041742 0.973934 0.222959
vn 0.000453 0.887964 0.459912
vn -0.000390 0.976912 0.213642
vn -0.048956 0.971389 0.232392
vn -0.084918 0.976386 0.198645
vn -0.116286 0.978584 0.169856
vn -0.146298 0.978845 0.143035
vn -0.177613 0.977263 0.115802
vn -0.213268 0.973242 0.085534
vn -0.257896 0.964966 0.048282
vn -0.557860 0.829935 0.000550
vn -0.282124 0.959378 -0.000524
vn -0.276614 0.959213 -0.058272
vn -0.221845 0.970459 -0.094836
vn -0.179932 0.975935 -0.123184
vn -0.144447 0.978421 -0.147742
vn -0.111576 0.978910 -0.171131
vn -0.078382 0.977579 -0.195436
vn -0.041742 0.973934 -0.222959
vn -0.000453 0.887964 -0.459912
vn 0.000390 0.976912 -0.213642
vn 0.048956 0.971389 -0.232392
vn 0.084918 0.976386 -0.198645
vn 0.116286 0.978584 -0.169856
vn 0.146298 0.978845 -0.143035
vn 0.177613 0.977263 -0.115802
vn 0.213268 0.973242 -0.085534
vn 0.257896 0.964966 -0.048282
vn 0.557860 0.829935 -0.000550
vn -0.053389 0.998574 0.000120
vn -0.011481 0.999933 0.001560
vn -0.010048 0.999949 -0.000617
vn -0.008939 0.999957 -0.002356
vn -0.007990 0.999960 -0.003899
vn -0.007100 0.999960 -0.005402
vn -0.006189 0.999956 -0.006999
vn -0.005166 0.999947 -0.008863
vn -0.000087 0.999205 0.039872
vn -0.000086 0.998930 -0.046243
vn -0.001365 0.999949 -0.010046
vn 0.000569 0.999957 -0.009270
vn 0.002271 0.999960 -0.008619
vn 0.003915 0.999960 -0.008022
vn 0.005648 0.999956 -0.007424
vn 0.007654 0.999948 -0.006769
vn 0.010236 0.999930 -0.005966
vn -0.054263 0.998527 -0.000118
vn 0.053389 0.998574 -0.000120
vn 0.011481 0.999933 -0.001560
vn 0.010048 0.999949 0.000617
vn 0.008939 0.999957 0.002356
vn 0.007990 0.999960 0.003899
vn 0.007100 0.999960 0.005402
vn 0.006189 0.999956 0.006999
vn 0.005166 0.999947 0.008863
vn 0.000087 0.999205 -0.039872
vn 0.000086 0.998930 0.046243
vn 0.001365 0.999949 0.010046
vn -0.000569 0.999957 0.009270
vn -0.002271 0.999960 0.008619
vn -0.003915 0.999960 0.008022
vn -0.005648 0.999956 0.007424
vn -0.007654 0.999948 0.006769
vn -0.010236 0.999930 0.005966
vn 0.054263 0.998527 0.000118
vn -0.881582 0.472025 -0.002303
vn -0.778029 0.614261 -0.131740
vn -0.700940 0.661314 -0.267109
vn -0.615004 0.687615 -0.385948
vn -0.521313 0.697046 -0.492300
vn -0.418620 0.691016 -0.589283
vn -0.304104 0.668622 -0.678576
vn -0.173859 0.626545 -0.759746
vn -0.003940 0.709334 -0.704861
vn 0.001857 0.479804 -0.877373
vn 0.130358 0.624747 -0.769869
vn 0.265198 0.667352 -0.695925
vn 0.384662 0.690161 -0.612954
vn 0.492632 0.696549 -0.521664
vn 0.592035 0.687468 -0.420574
vn 0.684313 0.661564 -0.306675
vn 0.768642 0.615020 -0.175895
vn 0.721834 0.692049 -0.004808
vn 0.881582 0.472025 0.002303
vn 0.778029 0.614261 0.131740
vn 0.700940 0.661314 0.267109
vn 0.615004 0.687615 0.385948
vn 0.521313 0.697046 0.492300
vn 0.418620 0.691016 0.589283
vn 0.304104 0.668622 0.678576
vn 0.173859 0.626545 0.759746
vn 0.003940 0.709334 0.704861
vn -0.001857 0.479804 0.877373
vn -0.130358 0.624747 0.769869
vn -0.265198 0.667352 0.695925
vn -0.384662 0.690161 0.612954
vn -0.492632 0.696549 0.521664
vn -0.592035 0.687468 0.420574
vn -0.684313 0.661564 0.306675
vn -0.768642 0.615020 0.175895
vn -0.721834 0.692049 0.004808
vn -0.951363 0.307915 -0.009794
vn -0.903169 0.375654 -0.207775
vn -0.829001 0.416988 -0.372664
vn -0.731413 0.440162 -0.520857
vn -0.613741 0.446077 -0.651412
vn -0.477750 0.434990 -0.763242
vn -0.324373 0.406426 -0.854166
vn -0.154736 0.359357 -0.920282
vn -0.001987 0.304863 -0.952394
vn 0.007821 0.307146 -0.951630
vn 0.207775 0.375654 -0.903169
vn 0.372664 0.416988 -0.829001
vn 0.520857 0.440162 -0.731413
vn 0.651412 0.446077 -0.613741
vn 0.763242 0.434990 -0.477750
vn 0.854166 0.406426 -0.324373
vn 0.920282 0.359357 -0.154736
vn 0.952334 0.305047 -0.002457
vn 0.951363 0.307915 0.009794
vn 0.903169 0.375654 0.207775
vn 0.829001 0.416988 0.372664
vn 0.731413 0.440162 0.520857
vn 0.613741 0.446077 0.651412
vn 0.477750 0.434990 0.763242
vn 0.324373 0.406426 0.854166
vn 0.154736 0.359357 0.920282
vn 0.001987 0.304863 0.952394
vn -0.007821 0.307146 0.951630
vn -0.207775 0.375654 0.903169
vn -0.372664 0.416988 0.829001
vn -0.520857 0.440162 0.731413
vn -0.651412 0.446077 0.613741
vn -0.763242 0.434990 0.477750
vn -0.854166 0.406426 0.324373
vn -0.920282 0.359357 0.154736
vn -0.952334 0.305047 0.002457
vn 0.000000 -1.000000 0.000000
vn 0.000000 -1.000000 0.000000
vn 0.000000 -1.000000 0.000000
vn 0.000000 -1.000000 0.000000
vn 0.000000 -1.000000 0.000000
vn 0.000000 -1.000000 0.000000
vn 0.000000 -1.000000 0.000000
vn 0.000000 -1.000000 0.000000
vn 0.000000 -1.000000 0.000000
vn 0.000000 -1.000000 0.000000
vn 0.000000 -1.000000 0.000000
vn 0.000000 -1.000000 0.000000
vn 0.000000 -1.000000 0.000000
vn 0.000000 -1.000000 0.000000
vn 0.000000 -1.000000 0.000000
vn 0.000000 -1.000000 0.000000
vn 0.000000 -1.000000 0.000000
vn 0.000000 -1.000000 0.000000
vn 0.000000 -1.000000 0.000000
vn 0.000000 -1.000000 0.000000
vn 0.000000 -1.000000 0.000000
vn 0.000000 -1.000000 0.000000
vn 0.000000 -1.000000 0.000000
vn 0.000000 -1.000000 0.000000
vn 0.000000 -1.000000 0.000000
vn 0.000000 -1.000000 0.000000
vn 0.000000 -1.000000 0.000000
vn 0.000000 -1.000000 0.000000
vn 0.000000 -1.000000 0.000000
vn 0.000000 -1.000000 0.000000
vn 0.000000 -1.000000 0.000000
vn 0.000000 -1.000000 0.000000
vn 0.000000 -1.000000 0.000000
vn 0.000000 -1.000000 0.000000
vn 0.000000 -1.000000 0.000000
vn 0.000000 -1.000000 0.000000
vn 0.000000 -1.000000 0.000000
vn 0.000000 -1.000000 0.000000
vn 0.000000 -1.000000 0.000000
vn 0.000000 -1.000000 0.000000
vn 0.000000 -1.000000 0.000000
vn 0.015629 -0.999878 -0.000427
vn 0.015503 -0.999878 0.002023
vn 0.014996 -0.999878 0.004423
vn 0.014119 -0.999878 0.006715
vn 0.012895 -0.999878 0.008841
vn 0.011353 -0.999878 0.010749
vn 0.009532 -0.999878 0.012393
vn 0.007476 -0.999878 0.013731
vn 0.005236 -0.999878 0.014732
vn 0.002867 -0.999878 0.015370
vn 0.000427 -0.999878 0.015629
vn -0.002023 -0.999878 0.015503
vn -0.004423 -0.999878 0.014996
vn -0.006715 -0.999878 0.014119
vn -0.008841 -0.999878 0.012895
vn -0.010749 -0.999878 0.011353
vn -0.012393 -0.999878 0.009532
vn -0.013731 -0.999878 0.007476
vn -0.014732 -0.999878 0.005236
vn -0.015370 -0.999878 0.002867
vn -0.015629 -0.999878 0.000427
vn -0.015503 -0.999878 -0.002023
vn -0.014996 -0.999878 -0.004423
vn -0.014119 -0.999878 -0.006715
vn -0.012895 -0.999878 -0.008841
vn -0.011353 -0.999878 -0.010749
vn -0.009532 -0.999878 -0.012393
vn -0.007476 -0.999878 -0.013731
vn -0.005236 -0.999878 -0.014732
vn -0.002867 -0.999878 -0.015370
vn -0.000427 -0.999878 -0.015629
vn 0.002023 -0.999878 -0.015503
vn 0.004423 -0.999878 -0.014996
vn 0.006715 -0.999878 -0.014119
vn 0.008841 -0.999878 -0.012895
vn 0.010749 -0.999878 -0.011353
vn 0.012393 -0.999878 -0.009532
vn 0.013731 -0.999878 -0.007476
vn 0.014732 -0.999878 -0.005236
vn 0.015370 -0.999878 -0.002867
vn 0.015629 -0.999878 -0.000427
vn 0.899071 -0.437362 -0.019641
vn 0.891075 -0.437362 0.121246
vn 0.861137 -0.437362 0.259148
vn 0.809995 -0.437362 0.390669
vn 0.738909 -0.437362 0.512570
vn 0.649628 -0.437362 0.621851
vn 0.544351 -0.437362 0.715819
vn 0.425670 -0.437362 0.792161
vn 0.296508 -0.437362 0.848998
vn 0.160045 -0.437362 0.884929
vn 0.019641 -0.437362 0.899071
vn -0.121246 -0.437362 0.891075
vn -0.259148 -0.437362 0.861137
vn -0.390669 -0.437362 0.809995
vn -0.512570 -0.437362 0.738909
vn -0.621851 -0.437362 0.649628
vn -0.715819 -0.437362 0.544351
vn -0.792161 -0.437362 0.425670
vn -0.848998 -0.437362 0.296508
vn -0.884929 -0.437362 0.160045
vn -0.899071 -0.437362 0.019641
vn -0.891075 -0.437362 -0.121246
vn -0.861137 -0.437362 -0.259148
vn -0.809995 -0.437362 -0.390669
vn -0.738909 -0.437362 -0.512570
vn -0.649628 -0.437362 -0.621851
vn -0.544351 -0.437362 -0.715819
vn -0.425670 -0.437362 -0.792161
vn -0.296508 -0.437362 -0.848998
vn -0.160045 -0.437362 -0.884929
vn -0.019641 -0.437362 -0.899071
vn 0.121246 -0.437362 -0.891075
vn 0.259148 -0.437362 -0.861137
vn 0.390669 -0.437362 -0.809995
vn 0.512570 -0.437362 -0.738909
vn 0.621851 -0.437362 -0.649628
vn 0.715819 -0.437362 -0.544351
vn 0.792161 -0.437362 -0.425670
vn 0.848998 -0.437362 -0.296508
vn 0.884929 -0.437362 -0.160045
vn 0.899071 -0.437362 -0.019641
vn 0.899071 0.437362 0.019641
vn 0.884929 0.437362 0.160045
vn 0.848998 0.437362 0.296508
vn 0.792161 0.437362 0.425670
vn 0.715819 0.437362 0.544351
vn 0.621851 0.437362 0.649628
vn 0.512570 0.437362 0.738909
vn 0.390669 0.437362 0.809995
vn 0.259148 0.437362 0.861137
vn 0.121246 0.437362 0.891075
vn -0.019641 0.437362 0.899071
vn -0.160045 0.437362 0.884929
vn -0.296508 0.437362 0.848998
vn -0.425670 0.437362 0.792161
vn -0.544351 0.437362 0.715819
vn -0.649628 0.437362 0.621851
vn -0.738909 0.437362 0.512570
vn -0.809995 0.437362 0.390669
vn -0.861137 0.437362 0.259148
vn -0.891075 0.437362 0.121246
vn -0.899071 0.437362 -0.019641
vn -0.884929 0.437362 -0.160045
vn -0.848998 0.437362 -0.296508
vn -0.792161 0.437362 -0.425670
vn -0.715819 0.437362 -0.544351
vn -0.621851 0.437362 -0.649628
vn -0.512570 0.437362 -0.738909
vn -0.390669 0.437362 -0.809995
vn -0.259148 0.437362 -0.861137
vn -0.121246 0.437362 -0.891075
vn 0.019641 0.437362 -0.899071
vn 0.160045 0.437362 -0.884929
vn 0.296508 0.437362 -0.848998
vn 0.425670 0.437362 -0.792161
vn 0.544351 0.437362 -0.715819
vn 0.649628 0.437362 -0.621851
vn 0.738909 0.437362 -0.512570
vn 0.809995 0.437362 -0.390669
vn 0.861137 0.437362 -0.259148
vn 0.891075 0.437362 -0.121246
vn 0.899071 0.437362 0.019641
vn 0.015629 0.999878 0.000427
vn 0.015370 0.999878 0.002867
vn 0.014732 0.999878 0.005236
vn 0.013731 0.999878 0.007476
vn 0.012393 0.999878 0.009532
vn 0.010749 0.999878 0.011353
vn 0.008841 0.999878 0.012895
vn 0.006715 0.999878 0.014119
vn 0.004423 0.999878 0.014996
vn 0.002023 0.999878 0.015503
vn -0.000427 0.999878 0.015629
vn -0.002867 0.999878 0.015370
vn -0.005236 0.999878 0.014732
vn -0.007476 0.999878 0.013731
vn -0.009532 0.999878 0.012393
vn -0.011353 0.999878 0.010749
vn -0.012895 0.999878 0.008841
vn -0.014119 0.999878 0.006715
vn -0.014996 0.999878 0.004423
vn -0.015503 0.999878 0.002023
vn -0.015629 0.999878 -0.000427
vn -0.015370 0.999878 -0.002867
vn -0.014732 0.999878 -0.005236
vn -0.013731 0.999878 -0.007476
vn -0.012393 0.999878 -0.009532
vn -0.010749 0.999878 -0.011353
vn -0.008841 0.999878 -0.012895
vn -0.006715 0.999878 -0.014119
vn -0.004423 0.999878 -0.014996
vn -0.002023 0.999878 -0.015503
vn 0.000427 0.999878 -0.015629
vn 0.002867 0.999878 -0.015370
vn 0.005236 0.999878 -0.014732
vn 0.007476 0.999878 -0.013731
vn 0.009532 0.999878 -0.012393
vn 0.011353 0.999878 -0.010749
vn 0.012895 0.999878 -0.008841
vn 0.014119 0.999878 -0.006715
vn 0.014996 0.999878 -0.004423
vn 0.015503 0.999878 -0.002023
vn 0.015629 0.999878 0.000427
vn 0.000000 1.000000 0.000000
vn 0.000000 1.000000 0.000000
vn 0.000000 1.000000 0.000000
vn 0.000000 1.000000 0.000000
vn 0.000000 1.000000 0.000000
vn 0.000000 1.000000 0.000000
vn 0.000000 1.000000 0.000000
vn 0.000000 1.000000 0.000000
vn 0.000000 1.000000 0.000000
vn 0.000000 1.000000 0.000000
vn 0.000000 1.000000 0.000000
vn 0.000000 1.000000 0.000000
vn 0.000000 1.000000 0.000000
vn 0.000000 1.000000 0.000000
vn 0.000000 1.000000 0.000000
vn 0.000000 1.000000 0.000000
vn 0.000000 1.000000 0.000000
vn 0.000000 1.000000 0.000000
vn 0.000000 1.000000 0.000000
vn 0.000000 1.000000 0.000000
vn 0.000000 1.000000 0.000000
vn 0.000000 1.000000 0.000000
vn 0.000000 1.000000 0.000000
vn 0.000000 1.000000 0.000000
vn 0.000000 1.000000 0.000000
vn 0.000000 1.000000 0.000000
vn 0.000000 1.000000 0.000000
vn 0.000000 1.000000 0.000000
vn 0.000000 1.000000 0.000000
vn 0.000000 1.000000 0.000000
vn 0.000000 1.000000 0.000000
vn 0.000000 1.000000 0.000000
vn 0.000000 1.000000 0.000000
vn 0.000000 1.000000 0.000000
vn 0.000000 1.000000 0.000000
vn 0.000000 1.000000 0.000000
vn 0.000000 1.000000 0.000000
vn 0.000000 1.000000 0.000000
vn 0.000000 1.000000 0.000000
vn 0.000000 1.000000 0.000000
vn 0.000000 1.000000 0.000000
vn 0.000000 -1.000000 0.000000
vn 0.000000 -1.000000 0.000000
vn 0.000000 -1.000000 0.000000
vn 0.000000 -1.000000 0.000000
vn 0.000000 -1.000000 0.000000
vn 0.000000 -1.000000 0.000000
vn 0.000000 -1.000000 0.000000
vn 0.000000 -1.000000 0.000000
vn 0.000000 -1.000000 0.000000
vn 0.000000 -1.000000 0.000000
vn 0.000000 -1.000000 0.000000
vn 0.000000 -1.000000 0.000000
vn 0.000000 -1.000000 0.000000
vn 0.000000 -1.000000 0.000000
vn 0.000000 -1.000000 0.000000
vn 0.000000 -1.000000 0.000000
vn 0.000000 -1.000000 0.000000
vn 0.000000 -1.000000 0.000000
vn 0.000000 -1.000000 0.000000
vn 0.000000 -1.000000 0.000000
vn 0.000000 -1.000000 0.000000
vn 0.000000 -1.000000 0.000000
vn 0.000000 -1.000000 0.000000
vn 0.000000 -1.000000 0.000000
vn 0.000000 -1.000000 0.000000
vn 0.000000 -1.000000 0.000000
vn 0.000000 -1.000000 0.000000
vn 0.000000 -1.000000 0.000000
vn 0.000000 -1.000000 0.000000
vn 0.000000 -1.000000 0.000000
vn 0.000000 -1.000000 0.000000
vn 0.000000 -1.000000 0.000000
vn 0.000000 -1.000000 0.000000
vn 0.000000 -1.000000 0.000000
vn 0.000000 -1.000000 0.000000
vn 0.000000 -1.000000 0.000000
vn 0.000000 -1.000000 0.000000
vn 0.000000 -1.000000 0.000000
vn 0.000000 -1.000000 0.000000
vn 0.000000 -1.000000 0.000000
vn 0.000000 -1.000000 0.000000
vn 0.696094 -0.717699 -0.019022
vn 0.690499 -0.717699 0.090105
vn 0.667903 -0.717699 0.197014
vn 0.628860 -0.717699 0.299071
vn 0.574333 -0.717699 0.393764
vn 0.505663 -0.717699 0.478762
vn 0.424543 -0.717699 0.551971
vn 0.332969 -0.717699 0.611588
vn 0.233196 -0.717699 0.656146
vn 0.127681 -0.717699 0.684548
vn 0.019022 -0.717699 0.696094
vn -0.090105 -0.717699 0.690499
vn -0.197014 -0.717699 0.667903
vn -0.299071 -0.717699 0.628860
vn -0.393764 -0.717699 0.574333
vn -0.478762 -0.717699 0.505663
vn -0.551971 -0.717699 0.424543
vn -0.611588 -0.717699 0.332969
vn -0.656146 -0.717699 0.233196
vn -0.684548 -0.717699 0.127681
vn -0.696094 -0.717699 0.019022
vn -0.690499 -0.717699 -0.090105
vn -0.667903 -0.717699 -0.197014
vn -0.628860 -0.717699 -0.299071
vn -0.574333 -0.717699 -0.393764
vn -0.505663 -0.717699 -0.478762
vn -0.424543 -0.717699 -0.551971
vn -0.332969 -0.717699 -0.611588
vn -0.233196 -0.717699 -0.656146
vn -0.127681 -0.717699 -0.684548
vn -0.019022 -0.717699 -0.696094
vn 0.090105 -0.717699 -0.690499
vn 0.197014 -0.717699 -0.667903
vn 0.299071 -0.717699 -0.628860
vn 0.393764 -0.717699 -0.574333
vn 0.478762 -0.717699 -0.505663
vn 0.551971 -0.717699 -0.424543
vn 0.611588 -0.717699 -0.332969
vn 0.656146 -0.717699 -0.233196
vn 0.684548 -0.717699 -0.127681
vn 0.696094 -0.717699 -0.019022
vn 0.999718 -0.005630 -0.023075
vn 0.991019 -0.005630 0.133599
vn 0.957919 -0.005630 0.286984
vn 0.901231 -0.005630 0.433302
vn 0.822352 -0.005630 0.568951
vn 0.723224 -0.005630 0.690591
vn 0.606288 -0.005630 0.795225
vn 0.474423 -0.005630 0.880279
vn 0.330876 -0.005630 0.943658
vn 0.179182 -0.005630 0.983800
vn 0.023075 -0.005630 0.999718
vn -0.133599 -0.005630 0.991019
vn -0.286984 -0.005630 0.957919
vn -0.433302 -0.005630 0.901231
vn -0.568951 -0.005630 0.822352
vn -0.690591 -0.005630 0.723224
vn -0.795225 -0.005630 0.606288
vn -0.880279 -0.005630 0.474423
vn -0.943658 -0.005630 0.330876
vn -0.983800 -0.005630 0.179182
vn -0.999718 -0.005630 0.023075
vn -0.991019 -0.005630 -0.133599
vn -0.957919 -0.005630 -0.286984
vn -0.901231 -0.005630 -0.433302
vn -0.822352 -0.005630 -0.568951
vn -0.723224 -0.005630 -0.690591
vn -0.606288 -0.005630 -0.795225
vn -0.474423 -0.005630 -0.880279
vn -0.330876 -0.005630 -0.943658
vn -0.179182 -0.005630 -0.983800
vn -0.023075 -0.005630 -0.999718
vn 0.133599 -0.005630 -0.991019
vn 0.286984 -0.005630 -0.957919
vn 0.433302 -0.005630 -0.901231
vn 0.568951 -0.005630 -0.822352
vn 0.690591 -0.005630 -0.723224
vn 0.795225 -0.005630 -0.606288
vn 0.880279 -0.005630 -0.474423
vn 0.943658 -0.005630 -0.330876
vn 0.983800 -0.005630 -0.179182
vn 0.999718 -0.005630 -0.023075
vn 0.999746 0.005486 0.021841
vn 0.984021 0.005486 0.177967
vn 0.944066 0.005486 0.329710
vn 0.880865 0.005486 0.473336
vn 0.795974 0.005486 0.605306
vn 0.691484 0.005486 0.722371
vn 0.569967 0.005486 0.821650
vn 0.434415 0.005486 0.900696
vn 0.288167 0.005486 0.957565
vn 0.134823 0.005486 0.990855
vn -0.021841 0.005486 0.999746
vn -0.177967 0.005486 0.984021
vn -0.329710 0.005486 0.944066
vn -0.473336 0.005486 0.880865
vn -0.605306 0.005486 0.795974
vn -0.722371 0.005486 0.691484
vn -0.821650 0.005486 0.569967
vn -0.900696 0.005486 0.434415
vn -0.957565 0.005486 0.288167
vn -0.990855 0.005486 0.134823
vn -0.999746 0.005486 -0.021841
vn -0.984021 0.005486 -0.177967
vn -0.944066 0.005486 -0.329710
vn -0.880865 0.005486 -0.473336
vn -0.795974 0.005486 -0.605306
vn -0.691484 0.005486 -0.722371
vn -0.569967 0.005486 -0.821650
vn -0.434415 0.005486 -0.900696
vn -0.288167 0.005486 -0.957565
vn -0.134823 0.005486 -0.990855
vn 0.021841 0.005486 -0.999746
vn 0.177967 0.005486 -0.984021
vn 0.329710 0.005486 -0.944066
vn 0.473336 0.005486 -0.880865
vn 0.605306 0.005486 -0.795974
vn 0.722371 0.005486 -0.691484
vn 0.821650 0.005486 -0.569967
vn 0.900696 0.005486 -0.434415
vn 0.957565 0.005486 -0.288167
vn 0.990855 0.005486 -0.134823
vn 0.999746 0.005486 0.021841
vn 0.810671 0.585083 0.022153
vn 0.797225 0.585083 0.148697
vn 0.764148 0.585083 0.271580
vn 0.712256 0.585083 0.387776
vn 0.642825 0.585083 0.494423
vn 0.557566 0.585083 0.588896
vn 0.458578 0.585083 0.668868
vn 0.348298 0.585083 0.732371
vn 0.229442 0.585083 0.777840
vn 0.104936 0.585083 0.804156
vn -0.022153 0.585083 0.810671
vn -0.148697 0.585083 0.797225
vn -0.271580 0.585083 0.764148
vn -0.387776 0.585083 0.712256
vn -0.494423 0.585083 0.642825
vn -0.588896 0.585083 0.557566
vn -0.668868 0.585083 0.458578
vn -0.732371 0.585083 0.348298
vn -0.777840 0.585083 0.229442
vn -0.804156 0.585083 0.104936
vn -0.810671 0.585083 -0.022153
vn -0.797225 0.585083 -0.148697
vn -0.764148 0.585083 -0.271580
vn -0.712256 0.585083 -0.387776
vn -0.642825 0.585083 -0.494423
vn -0.557566 0.585083 -0.588896
vn -0.458578 0.585083 -0.668868
vn -0.348298 0.585083 -0.732371
vn -0.229442 0.585083 -0.777840
vn -0.104936 0.585083 -0.804156
vn 0.022153 0.585083 -0.810671
vn 0.148697 0.585083 -0.797225
vn 0.271580 0.585083 -0.764148
vn 0.387776 0.585083 -0.712256
vn 0.494423 0.585083 -0.642825
vn 0.588896 0.585083 -0.557566
vn 0.668868 0.585083 -0.458578
vn 0.732371 0.585083 -0.348298
vn 0.777840 0.585083 -0.229442
vn 0.804156 0.585083 -0.104936
vn 0.810671 0.585083 0.022153
vn 0.000000 1.000000 0.000000
vn 0.000000 1.000000 0.000000
vn 0.000000 1.000000 0.000000
vn 0.000000 1.000000 0.000000
vn 0.000000 1.000000 0.000000
vn 0.000000 1.000000 0.000000
vn 0.000000 1.000000 0.000000
vn 0.000000 1.000000 0.000000
vn 0.000000 1.000000 0.000000
vn 0.000000 1.000000 0.000000
vn 0.000000 1.000000 0.000000
vn 0.000000 1.000000 0.000000
vn 0.000000 1.000000 0.000000
vn 0.000000 1.000000 0.000000
vn 0.000000 1.000000 0.000000
vn 0.000000 1.000000 0.000000
vn 0.000000 1.000000 0.000000
vn 0.000000 1.000000 0.000000
vn 0.000000 1.000000 0.000000
vn 0.000000 1.000000 0.000000
vn 0.000000 1.000000 0.000000
vn 0.000000 1.000000 0.000000
vn 0.000000 1.000000 0.000000
vn 0.000000 1.000000 0.000000
vn 0.000000 1.000000 0.000000
vn 0.000000 1.000000 0.000000
vn 0.000000 1.000000 0.000000
vn 0.000000 1.000000 0.000000
vn 0.000000 1.000000 0.000000
vn 0.000000 1.000000 0.000000
vn 0.000000 1.000000 0.000000
vn 0.000000 1.000000 0.000000
vn 0.000000 1.000000 0.000000
vn 0.000000 1.000000 0.000000
vn 0.000000 1.000000 0.000000
vn 0.000000 1.000000 0.000000
vn 0.000000 1.000000 0.000000
vn 0.000000 1.000000 0.000000
vn 0.000000 1.000000 0.000000
vn 0.000000 1.000000 0.000000
vn 0.000000 1.000000 0.000000
vn -0.577350 -0.577350 -0.577350
vn -0.653281 -0.653281 -0.382683
vn -0.701137 -0.701137 -0.129670
vn -0.706038 -0.706038 0.054950
vn -0.682272 -0.682272 0.262698
vn -0.587065 -0.587065 0.557412
vn -0.653281 -0.382683 -0.653281
vn -0.855957 -0.365607 -0.365607
vn -0.920116 -0.371453 -0.124130
vn -0.923356 -0.371125 0.098389
vn -0.884494 -0.329902 0.329902
vn -0.679222 -0.317377 0.661762
vn -0.701137 -0.129670 -0.701137
vn -0.920116 -0.124130 -0.371453
vn -0.984167 -0.125332 -0.125332
vn -0.983932 -0.126251 0.126251
vn -0.923356 -0.098389 0.371125
vn -0.696556 -0.092966 0.711455
vn -0.706038 0.054950 -0.706038
vn -0.923356 0.098389 -0.371125
vn -0.983932 0.126251 -0.126251
vn -0.984167 0.125332 0.125332
vn -0.920116 0.124130 0.371453
vn -0.711455 0.092966 0.696556
vn -0.682272 0.262698 -0.682272
vn -0.884494 0.329902 -0.329902
vn -0.923356 0.371125 -0.098389
vn -0.920116 0.371453 0.124130
vn -0.855957 0.365607 0.365607
vn -0.661762 0.317377 0.679222
vn -0.587065 0.557412 -0.587065
vn -0.679222 0.661762 -0.317377
vn -0.696556 0.711455 -0.092966
vn -0.711455 0.696556 0.092966
vn -0.661762 0.679222 0.317377
vn -0.557412 0.587065 0.587065
vn 0.557412 -0.587065 -0.587065
vn 0.661762 -0.679222 -0.317377
vn 0.711455 -0.696556 -0.092966
vn 0.696556 -0.711455 0.092966
vn 0.679222 -0.661762 0.317377
vn 0.587065 -0.557412 0.587065
vn 0.661762 -0.317377 -0.679222
vn 0.855957 -0.365607 -0.365607
vn 0.920116 -0.371453 -0.124130
vn 0.923356 -0.371125 0.098389
vn 0.884494 -0.329902 0.329902
vn 0.682272 -0.262698 0.682272
vn 0.711455 -0.092966 -0.696556
vn 0.920116 -0.124130 -0.371453
vn 0.984167 -0.125332 -0.125332
vn 0.983932 -0.126251 0.126251
vn 0.923356 -0.098389 0.371125
vn 0.706038 -0.054950 0.706038
vn 0.696556 0.092966 -0.711455
vn 0.923356 0.098389 -0.371125
vn 0.983932 0.126251 -0.126251
vn 0.984167 0.125332 0.125332
vn 0.920116 0.124130 0.371453
vn 0.701137 0.129670 0.701137
vn 0.679222 0.317377 -0.661762
vn 0.884494 0.329902 -0.329902
vn 0.923356 0.371125 -0.098389
vn 0.920116 0.371453 0.124130
vn 0.855957 0.365607 0.365607
vn 0.653281 0.382683 0.653281
vn 0.587065 0.587065 -0.557412
vn 0.682272 0.682272 -0.262698
vn 0.706038 0.706038 -0.054950
vn 0.701137 0.701137 0.129670
vn 0.653281 0.653281 0.382683
vn 0.577350 0.577350 0.577350
vn -0.577350 -0.577350 -0.577350
vn -0.382683 -0.653281 -0.653281
vn -0.014980 -0.707027 -0.707027
vn 0.003266 -0.707103 -0.707103
vn 0.262698 -0.682272 -0.682272
vn 0.557412 -0.587065 -0.587065
vn -0.653281 -0.653281 -0.382683
vn -0.365607 -0.855957 -0.365607
vn -0.011225 -0.898643 -0.438538
vn 0.007620 -0.943980 -0.329915
vn 0.329902 -0.884494 -0.329902
vn 0.661762 -0.679222 -0.317377
vn -0.701137 -0.701137 -0.129670
vn -0.371453 -0.920116 -0.124130
vn -0.010695 -0.986491 -0.163465
vn 0.011393 -0.995469 -0.094405
vn 0.371125 -0.923356 -0.098389
vn 0.711455 -0.696556 -0.092966
vn -0.706038 -0.706038 0.054950
vn -0.371125 -0.923356 0.098389
vn -0.011393 -0.995469 0.094405
vn 0.010695 -0.986491 0.163465
vn 0.371453 -0.920116 0.124130
vn 0.696556 -0.711455 0.092966
vn -0.682272 -0.682272 0.262698
vn -0.329902 -0.884494 0.329902
vn -0.007620 -0.943980 0.329915
vn 0.011225 -0.898643 0.438538
vn 0.365607 -0.855957 0.365607
vn 0.679222 -0.661762 0.317377
vn -0.587065 -0.587065 0.557412
vn -0.317377 -0.679222 0.661762
vn -0.007321 -0.740857 0.671623
vn 0.007321 -0.671623 0.740857
vn 0.317377 -0.661762 0.679222
vn 0.587065 -0.557412 0.587065
vn -0.587065 0.557412 -0.587065
vn -0.317377 0.661762 -0.679222
vn -0.007321 0.671623 -0.740857
vn 0.007321 0.740857 -0.671623
vn 0.317377 0.679222 -0.661762
vn 0.587065 0.587065 -0.557412
vn -0.679222 0.661762 -0.317377
vn -0.365607 0.855957 -0.365607
vn -0.011225 0.898643 -0.438538
vn 0.007620 0.943980 -0.329915
vn 0.329902 0.884494 -0.329902
vn 0.682272 0.682272 -0.262698
vn -0.696556 0.711455 -0.092966
vn -0.371453 0.920116 -0.124130
vn -0.010695 0.986491 -0.163465
vn 0.011393 0.995469 -0.094405
vn 0.371125 0.923356 -0.098389
vn 0.706038 0.706038 -0.054950
vn -0.711455 0.696556 0.092966
vn -0.371125 0.923356 0.098389
vn -0.011393 0.995469 0.094405
vn 0.010695 0.986491 0.163465
vn 0.371453 0.920116 0.124130
vn 0.701137 0.701137 0.129670
vn -0.661762 0.679222 0.317377
vn -0.329902 0.884494 0.329902
vn -0.007620 0.943980 0.329915
vn 0.011225 0.898643 0.438538
vn 0.365607 0.855957 0.365607
vn 0.653281 0.653281 0.382683
vn -0.557412 0.587065 0.587065
vn -0.262698 0.682272 0.682272
vn -0.003266 0.707103 0.707103
vn 0.014980 0.707027 0.707027
vn 0.382683 0.653281 0.653281
vn 0.577350 0.577350 0.577350
vn -0.577350 -0.577350 -0.577350
vn -0.653281 -0.382683 -0.653281
vn -0.701137 -0.129670 -0.701137
vn -0.706038 0.054950 -0.706038
vn -0.682272 0.262698 -0.682272
vn -0.587065 0.557412 -0.587065
vn -0.382683 -0.653281 -0.653281
vn -0.365607 -0.365607 -0.855957
vn -0.371453 -0.124130 -0.920116
vn -0.371125 0.098389 -0.923356
vn -0.329902 0.329902 -0.884494
vn -0.317377 0.661762 -0.679222
vn -0.014980 -0.707027 -0.707027
vn -0.011225 -0.438538 -0.898643
vn -0.010695 -0.163465 -0.986491
vn -0.011393 0.094405 -0.995469
vn -0.007620 0.329915 -0.943980
vn -0.007321 0.671623 -0.740857
vn 0.003266 -0.707103 -0.707103
vn 0.007620 -0.329915 -0.943980
vn 0.011393 -0.094405 -0.995469
vn 0.010695 0.163465 -0.986491
vn 0.011225 0.438538 -0.898643
vn 0.007321 0.740857 -0.671623
vn 0.262698 -0.682272 -0.682272
vn 0.329902 -0.329902 -0.884494
vn 0.371125 -0.098389 -0.923356
vn 0.371453 0.124130 -0.920116
vn 0.365607 0.365607 -0.855957
vn 0.317377 0.679222 -0.661762
vn 0.557412 -0.587065 -0.587065
vn 0.661762 -0.317377 -0.679222
vn 0.711455 -0.092966 -0.696556
vn 0.696556 0.092966 -0.711455
vn 0.679222 0.317377 -0.661762
vn 0.587065 0.587065 -0.557412
vn -0.587065 -0.587065 0.557412
vn -0.679222 -0.317377 0.661762
vn -0.696556 -0.092966 0.711455
vn -0.711455 0.092966 0.696556
vn -0.661762 0.317377 0.679222
vn -0.557412 0.587065 0.587065
vn -0.317377 -0.679222 0.661762
vn -0.365607 -0.365607 0.855957
vn -0.371453 -0.124130 0.920116
vn -0.371125 0.098389 0.923356
vn -0.329902 0.329902 0.884494
vn -0.262698 0.682272 0.682272
vn -0.007321 -0.740857 0.671623
vn -0.011225 -0.438538 0.898643
vn -0.010695 -0.163465 0.986491
vn -0.011393 0.094405 0.995469
vn -0.007620 0.329915 0.943980
vn -0.003266 0.707103 0.707103
vn 0.007321 -0.671623 0.740857
vn 0.007620 -0.329915 0.943980
vn 0.011393 -0.094405 0.995469
vn 0.010695 0.163465 0.986491
vn 0.011225 0.438538 0.898643
vn 0.014980 0.707027 0.707027
vn 0.317377 -0.661762 0.679222
vn 0.329902 -0.329902 0.884494
vn 0.371125 -0.098389 0.923356
vn 0.371453 0.124130 0.920116
vn 0.365607 0.365607 0.855957
vn 0.382683 0.653281 0.653281
vn 0.587065 -0.557412 0.587065
vn 0.682272 -0.262698 0.682272
vn 0.706038 -0.054950 0.706038
vn 0.701137 0.129670 0.701137
vn 0.653281 0.382683 0.653281
vn 0.577350 0.577350 0.577350
vn 0.000000 -1.000000 0.000000
vn 0.000000 -1.000000 0.000000
vn 0.000000 -1.000000 0.000000
vn 0.000000 -1.000000 0.000000
vn 0.000000 -1.000000 0.000000
vn 0.000000 -1.000000 0.000000
vn 0.000000 -1.000000 0.000000
vn 0.000000 -1.000000 0.000000
vn 0.000000 -1.000000 0.000000
vn 0.000000 -1.000000 0.000000
vn 0.000000 -1.000000 0.000000
vn 0.000000 -1.000000 0.000000
vn 0.000000 -1.000000 0.000000
vn 0.000000 -1.000000 0.000000
vn 0.000000 -1.000000 0.000000
vn 0.000000 -1.000000 0.000000
vn 0.000000 -1.000000 0.000000
vn 0.000000 -1.000000 0.000000
vn 0.000000 -1.000000 0.000000
vn 0.000000 -1.000000 0.000000
vn 0.000000 -1.000000 0.000000
vn 0.000000 -1.000000 0.000000
vn 0.000000 -1.000000 0.000000
vn 0.000000 -1.000000 0.000000
vn 0.000000 -1.000000 0.000000
vn 0.000000 -1.000000 0.000000
vn 0.000000 -1.000000 0.000000
vn 0.000000 -1.000000 0.000000
vn 0.000000 -1.000000 0.000000
vn 0.000000 -1.000000 0.000000
vn 0.000000 -1.000000 0.000000
vn 0.000000 -1.000000 0.000000
vn 0.000000 -1.000000 0.000000
vn 0.000000 -1.000000 0.000000
vn 0.000000 -1.000000 0.000000
vn 0.000000 -1.000000 0.000000
vn 0.000000 -1.000000 0.000000
vn 0.000000 -1.000000 0.000000
vn 0.000000 -1.000000 0.000000
vn 0.000000 -1.000000 0.000000
vn 0.000000 -1.000000 0.000000
vn 0.375262 -0.926862 -0.010255
vn 0.372246 -0.926862 0.048575
vn 0.360064 -0.926862 0.106209
vn 0.339016 -0.926862 0.161228
vn 0.309621 -0.926862 0.212277
vn 0.272601 -0.926862 0.258099
vn 0.228870 -0.926862 0.297566
vn 0.179502 -0.926862 0.329705
vn 0.125715 -0.926862 0.353726
vn 0.068832 -0.926862 0.369038
vn 0.010255 -0.926862 0.375262
vn -0.048575 -0.926862 0.372246
vn -0.106209 -0.926862 0.360064
vn -0.161228 -0.926862 0.339016
vn -0.212277 -0.926862 0.309621
vn -0.258099 -0.926862 0.272601
vn -0.297566 -0.926862 0.228870
vn -0.329705 -0.926862 0.179502
vn -0.353726 -0.926862 0.125715
vn -0.369038 -0.926862 0.068832
vn -0.375262 -0.926862 0.010255
vn -0.372246 -0.926862 -0.048575
vn -0.360064 -0.926862 -0.106209
vn -0.339016 -0.926862 -0.161228
vn -0.309621 -0.926862 -0.212277
vn -0.272601 -0.926862 -0.258099
vn -0.228870 -0.926862 -0.297566
vn -0.179502 -0.926862 -0.329705
vn -0.125715 -0.926862 -0.353726
vn -0.068832 -0.926862 -0.369038
vn -0.010255 -0.926862 -0.375262
vn 0.048575 -0.926862 -0.372246
vn 0.106209 -0.926862 -0.360064
vn 0.161228 -0.926862 -0.339016
vn 0.212277 -0.926862 -0.309621
vn 0.258099 -0.926862 -0.272601
vn 0.297566 -0.926862 -0.228870
vn 0.329705 -0.926862 -0.179502
vn 0.353726 -0.926862 -0.125715
vn 0.369038 -0.926862 -0.068832
vn 0.375262 -0.926862 -0.010255
vn 0.999585 -0.018773 -0.021837
vn 0.990695 -0.018773 0.134801
vn 0.957410 -0.018773 0.288120
vn 0.900551 -0.018773 0.434345
vn 0.821517 -0.018773 0.569875
vn 0.722255 -0.018773 0.691372
vn 0.605208 -0.018773 0.795846
vn 0.473259 -0.018773 0.880723
vn 0.329657 -0.018773 0.943914
vn 0.177938 -0.018773 0.983863
vn 0.021837 -0.018773 0.999585
vn -0.134801 -0.018773 0.990695
vn -0.288120 -0.018773 0.957410
vn -0.434345 -0.018773 0.900551
vn -0.569875 -0.018773 0.821517
vn -0.691372 -0.018773 0.722255
vn -0.795846 -0.018773 0.605208
vn -0.880723 -0.018773 0.473259
vn -0.943914 -0.018773 0.329657
vn -0.983863 -0.018773 0.177938
vn -0.999585 -0.018773 0.021837
vn -0.990695 -0.018773 -0.134801
vn -0.957410 -0.018773 -0.288120
vn -0.900551 -0.018773 -0.434345
vn -0.821517 -0.018773 -0.569875
vn -0.722255 -0.018773 -0.691372
vn -0.605208 -0.018773 -0.795846
vn -0.473259 -0.018773 -0.880723
vn -0.329657 -0.018773 -0.943914
vn -0.177938 -0.018773 -0.983863
vn -0.021837 -0.018773 -0.999585
vn 0.134801 -0.018773 -0.990695
vn 0.288120 -0.018773 -0.957410
vn 0.434345 -0.018773 -0.900551
vn 0.569875 -0.018773 -0.821517
vn 0.691372 -0.018773 -0.722255
vn 0.795846 -0.018773 -0.605208
vn 0.880723 -0.018773 -0.473259
vn 0.943914 -0.018773 -0.329657
vn 0.983863 -0.018773 -0.177938
vn 0.999585 -0.018773 -0.021837
vn 0.999585 0.018773 0.021837
vn 0.983863 0.018773 0.177938
vn 0.943914 0.018773 0.329657
vn 0.880723 0.018773 0.473259
vn 0.795846 0.018773 0.605208
vn 0.691372 0.018773 0.722255
vn 0.569875 0.018773 0.821517
vn 0.434345 0.018773 0.900551
vn 0.288120 0.018773 0.957410
vn 0.134801 0.018773 0.990695
vn -0.021837 0.018773 0.999585
vn -0.177938 0.018773 0.983863
vn -0.329657 0.018773 0.943914
vn -0.473259 0.018773 0.880723
vn -0.605208 0.018773 0.795846
vn -0.722255 0.018773 0.691372
vn -0.821517 0.018773 0.569875
vn -0.900551 0.018773 0.434345
vn -0.957410 0.018773 0.288120
vn -0.990695 0.018773 0.134801
vn -0.999585 0.018773 -0.021837
vn -0.983863 0.018773 -0.177938
vn -0.943914 0.018773 -0.329657
vn -0.880723 0.018773 -0.473259
vn -0.795846 0.018773 -0.605208
vn -0.691372 0.018773 -0.722255
vn -0.569875 0.018773 -0.821517
vn -0.434345 0.018773 -0.900551
vn -0.288120 0.018773 -0.957410
vn -0.134801 0.018773 -0.990695
vn 0.021837 0.018773 -0.999585
vn 0.177938 0.018773 -0.983863
vn 0.329657 0.018773 -0.943914
vn 0.473259 0.018773 -0.880723
vn 0.605208 0.018773 -0.795846
vn 0.722255 0.018773 -0.691372
vn 0.821517 0.018773 -0.569875
vn 0.900551 0.018773 -0.434345
vn 0.957410 0.018773 -0.288120
vn 0.990695 0.018773 -0.134801
vn 0.999585 0.018773 0.021837
vn 0.375262 0.926862 0.010255
vn 0.369038 0.926862 0.068832
vn 0.353726 0.926862 0.125715
vn 0.329705 0.926862 0.179502
vn 0.297566 0.926862 0.228870
vn 0.258099 0.926862 0.272601
vn 0.212277 0.926862 0.309621
vn 0.161228 0.926862 0.339016
vn 0.106209 0.926862 0.360064
vn 0.048575 0.926862 0.372246
vn -0.010255 0.926862 0.375262
vn -0.068832 0.926862 0.369038
vn -0.125715 0.926862 0.353726
vn -0.179502 0.926862 0.329705
vn -0.228870 0.926862 0.297566
vn -0.272601 0.926862 0.258099
vn -0.309621 0.926862 0.212277
vn -0.339016 0.926862 0.161228
vn -0.360064 0.926862 0.106209
vn -0.372246 0.926862 0.048575
vn -0.375262 0.926862 -0.010255
vn -0.369038 0.926862 -0.068832
vn -0.353726 0.926862 -0.125715
vn -0.329705 0.926862 -0.179502
vn -0.297566 0.926862 -0.228870
vn -0.258099 0.926862 -0.272601
vn -0.212277 0.926862 -0.309621
vn -0.161228 0.926862 -0.339016
vn -0.106209 0.926862 -0.360064
vn -0.048575 0.926862 -0.372246
vn 0.010255 0.926862 -0.375262
vn 0.068832 0.926862 -0.369038
vn 0.125715 0.926862 -0.353726
vn 0.179502 0.926862 -0.329705
vn 0.228870 0.926862 -0.297566
vn 0.272601 0.926862 -0.258099
vn 0.309621 0.926862 -0.212277
vn 0.339016 0.926862 -0.161228
vn 0.360064 0.926862 -0.106209
vn 0.372246 0.926862 -0.048575
vn 0.375262 0.926862 0.010255
vn 0.000000 1.000000 0.000000
vn 0.000000 1.000000 0.000000
vn 0.000000 1.000000 0.000000
vn 0.000000 1.000000 0.000000
vn 0.000000 1.000000 0.000000
vn 0.000000 1.000000 0.000000
vn 0.000000 1.000000 0.000000
vn 0.000000 1.000000 0.000000
vn 0.000000 1.000000 0.000000
vn 0.000000 1.000000 0.000000
vn 0.000000 1.000000 0.000000
vn 0.000000 1.000000 0.000000
vn 0.000000 1.000000 0.000000
vn 0.000000 1.000000 0.000000
vn 0.000000 1.000000 0.000000
vn 0.000000 1.000000 0.000000
vn 0.000000 1.000000 0.000000
vn 0.000000 1.000000 0.000000
vn 0.000000 1.000000 0.000000
vn 0.000000 1.000000 0.000000
vn 0.000000 1.000000 0.000000
vn 0.000000 1.000000 0.000000
vn 0.000000 1.000000 0.000000
vn 0.000000 1.000000 0.000000
vn 0.000000 1.000000 0.000000
vn 0.000000 1.000000 0.000000
vn 0.000000 1.000000 0.000000
vn 0.000000 1.000000 0.000000
vn 0.000000 1.000000 0.000000
vn 0.000000 1.000000 0.000000
vn 0.000000 1.000000 0.000000
vn 0.000000 1.000000 0.000000
vn 0.000000 1.000000 0.000000
vn 0.000000 1.000000 0.000000
vn 0.000000 1.000000 0.000000
vn 0.000000 1.000000 0.000000
vn 0.000000 1.000000 0.000000
vn 0.000000 1.000000 0.000000
vn 0.000000 1.000000 0.000000
vn 0.000000 1.000000 0.000000
vn 0.000000 1.000000 0.000000
f 2059//2059 2095//2095 2060//2060
f 2060//2060 2095//2095 2096//2096
f 2060//2060 2096//2096 2061//2061
f 2061//2061 2096//2096 2097//2097
f 2061//2061 2097//2097 2062//2062
f 2062//2062 2097//2097 2098//2098
f 2062//2062 2098//2098 2063//2063
f 2063//2063 2098//2098 2099//2099
f 2063//2063 2099//2099 2064//2064
f 2064//2064 2099//2099 2100//2100
f 2064//2064 2100//2100 2065//2065
f 2065//2065 2100//2100 2101//2101
f 2065//2065 2101//2101 2066//2066
f 2066//2066 2101//2101 2102//2102
f 2066//2066 2102//2102 2067//2067
f 2067//2067 2102//2102 2103//2103
f 2067//2067 2103//2103 2068//2068
f 2068//2068 2103//2103 2104//2104
f 2068//2068 2104//2104 2069//2069
f 2069//2069 2104//2104 2105//2105
f 2069//2069 2105//2105 2070//2070
f 2070//2070 2105//2105 2106//2106
f 2070//2070 2106//2106 2071//2071
f 2071//2071 2106//2106 2107//2107
f 2071//2071 2107//2107 2072//2072
f 2072//2072 2107//2107 2108//2108
f 2072//2072 2108//2108 2073//2073
f 2073//2073 2108//2108 2109//2109
f 2073//2073 2109//2109 2074//2074
f 2074//2074 2109//2109 2110//2110
f 2074//2074 2110//2110 2075//2075
f 2075//2075 2110//2110 2111//2111
f 2075//2075 2111//2111 2076//2076
f 2076//2076 2111//2111 2112//2112
f 2076//2076 2112//2112 2077//2077
f 2077//2077 2112//2112 2113//2113
f 2077//2077 2113//2113 2078//2078
f 2078//2078 2113//2113 2114//2114
f 2078//2078 2114//2114 2079//2079
f 2079//2079 2114//2114 2115//2115
f 2079//2079 2115//2115 2080//2080
f 2080//2080 2115//2115 2116//2116
f 2080//2080 2116//2116 2081//2081
f 2081//2081 2116//2116 2117//2117
f 2081//2081 2117//2117 2082//2082
f 2082//2082 2117//2117 2118//2118
f 2082//2082 2118//2118 2083//2083
f 2083//2083 2118//2118 2119//2119
f 2083//2083 2119//2119 2084//2084
f 2084//2084 2119//2119 2120//2120
f 2084//2084 2120//2120 2085//2085
f 2085//2085 2120//2120 2121//2121
f 2085//2085 2121//2121 2086//2086
f 2086//2086 2121//2121 2122//2122
f 2086//2086 2122//2122 2087//2087
f 2087//2087 2122//2122 2123//2123
f 2087//2087 2123//2123 2088//2088
f 2088//2088 2123//2123 2124//2124
f 2088//2088 2124//2124 2089//2089
f 2089//2089 2124//2124 2125//2125
f 2089//2089 2125//2125 2090//2090
f 2090//2090 2125//2125 2126//2126
f 2090//2090 2126//2126 2091//2091
f 2091//2091 2126//2126 2127//2127
f 2091//2091 2127//2127 2092//2092
f 2092//2092 2127//2127 2128//2128
f 2092//2092 2128//2128 2093//2093
f 2093//2093 2128//2128 2129//2129
f 2093//2093 2129//2129 2094//2094
f 2094//2094 2129//2129 2130//2130
f 2094//2094 2130//2130 2059//2059
f 2059//2059 2130//2130 2095//2095
f 2095//2095 2131//2131 2096//2096
f 2096//2096 2131//2131 2132//2132
f 2096//2096 2132//2132 2097//2097
f 2097//2097 2132//2132 2133//2133
f 2097//2097 2133//2133 2098//2098
f 2098//2098 2133//2133 2134//2134
f 2098//2098 2134//2134 2099//2099
f 2099//2099 2134//2134 2135//2135
f 2099//2099 2135//2135 2100//2100
f 2100//2100 2135//2135 2136//2136
f 2100//2100 2136//2136 2101//2101
f 2101//2101 2136//2136 2137//2137
f 2101//2101 2137//2137 2102//2102
f 2102//2102 2137//2137 2138//2138
f 2102//2102 2138//2138 2103//2103
f 2103//2103 2138//2138 2139//2139
f 2103//2103 2139//2139 2104//2104
f 2104//2104 2139//2139 2140//2140
f 2104//2104 2140//2140 2105//2105
f 2105//2105 2140//2140 2141//2141
f 2105//2105 2141//2141 2106//2106
f 2106//2106 2141//2141 2142//2142
f 2106//2106 2142//2142 2107//2107
f 2107//2107 2142//2142 2143//2143
f 2107//2107 2143//2143 2108//2108
f 2108//2108 2143//2143 2144//2144
f 2108//2108 2144//2144 2109//2109
f 2109//2109 2144//2144 2145//2145
f 2109//2109 2145//2145 2110//2110
f 2110//2110 2145//2145 2146//2146
f 2110//2110 2146//2146 2111//2111
f 2111//2111 2146//2146 2147//2147
f 2111//2111 2147//2147 2112//2112
f 2112//2112 2147//2147 2148//2148
f 2112//2112 2148//2148 2113//2113
f 2113//2113 2148//2148 2149//2149
f 2113//2113 2149//2149 2114//2114
f 2114//2114 2149//2149 2150//2150
f 2114//2114 2150//2150 2115//2115
f 2115//2115 2150//2150 2151//2151
f 2115//2115 2151//2151 2116//2116
f 2116//2116 2151//2151 2152//2152
f 2116//2116 2152//2152 2117//2117
f 2117//2117 2152//2152 2153//2153
f 2117//2117 2153//2153 2118//2118
f 2118//2118 2153//2153 2154//2154
f 2118//2118 2154//2154 2119//2119
f 2119//2119 2154//2154 2155//2155
f 2119//2119 2155//2155 2120//2120
f 2120//2120 2155//2155 2156//2156
f 2120//2120 2156//2156 2121//2121
f 2121//2121 2156//2156 2157//2157
f 2121//2121 2157//2157 2122//2122
f 2122//2122 2157//2157 2158//2158
f 2122//2122 2158//2158 2123//2123
f 2123//2123 2158//2158 2159//2159
f 2123//2123 2159//2159 2124//2124
f 2124//2124 2159//2159 2160//2160
f 2124//2124 2160//2160 2125//2125
f 2125//2125 2160//2160 2161//2161
f 2125//2125 2161//2161 2126//2126
f 2126//2126 2161//2161 2162//2162
f 2126//2126 2162//2162 2127//2127
f 2127//2127 2162//2162 2163//2163
f 2127//2127 2163//2163 2128//2128
f 2128//2128 2163//2163 2164//2164
f 2128//2128 2164//2164 2129//2129
f 2129//2129 2164//2164 2165//2165
f 2129//2129 2165//2165 2130//2130
f 2130//2130 2165//2165 2166//2166
f 2130//2130 2166//2166 2095//2095
f 2095//2095 2166//2166 2131//2131
f 2131//2131 2167//2167 2132//2132
f 2132//2132 2167//2167 2168//2168
f 2132//2132 2168//2168 2133//2133
f 2133//2133 2168//2168 2169//2169
f 2133//2133 2169//2169 2134//2134
f 2134//2134 2169//2169 2170//2170
f 2134//2134 2170//2170 2135//2135
f 2135//2135 2170//2170 2171//2171
f 2135//2135 2171//2171 2136//2136
f 2136//2136 2171//2171 2172//2172
f 2136//2136 2172//2172 2137//2137
f 2137//2137 2172//2172 2173//2173
f 2137//2137 2173//2173 2138//2138
f 2138//2138 2173//2173 2174//2174
f 2138//2138 2174//2174 2139//2139
f 2139//2139 2174//2174 2175//2175
f 2139//2139 2175//2175 2140//2140
f 2140//2140 2175//2175 2176//2176
f 2140//2140 2176//2176 2141//2141
f 2141//2141 2176//2176 2177//2177
f 2141//2141 2177//2177 2142//2142
f 2142//2142 2177//2177 2178//2178
f 2142//2142 2178//2178 2143//2143
f 2143//2143 2178//2178 2179//2179
f 2143//2143 2179//2179 2144//2144
f 2144//2144 2179//2179 2180//2180
f 2144//2144 2180//2180 2145//2145
f 2145//2145 2180//2180 2181//2181
f 2145//2145 2181//2181 2146//2146
f 2146//2146 2181//2181 2182//2182
f 2146//2146 2182//2182 2147//2147
f 2147//2147 2182//2182 2183//2183
f 2147//2147 2183//2183 2148//2148
f 2148//2148 2183//2183 2184//2184
f 2148//2148 2184//2184 2149//2149
f 2149//2149 2184//2184 2185//2185
f 2149//2149 2185//2185 2150//2150
f 2150//2150 2185//2185 2186//2186
f 2150//2150 2186//2186 2151//2151
f 2151//2151 2186//2186 2187//2187
f 2151//2151 2187//2187 2152//2152
f 2152//2152 2187//2187 2188//2188
f 2152//2152 2188//2188 2153//2153
f 2153//2153 2188//2188 2189//2189
f 2153//2153 2189//2189 2154//2154
f 2154//2154 2189//2189 2190//2190
f 2154//2154 2190//2190 2155//2155
f 2155//2155 2190//2190 2191//2191
f 2155//2155 2191//2191 2156//2156
f 2156//2156 2191//2191 2192//2192
f 2156//2156 2192//2192 2157//2157
f 2157//2157 2192//2192 2193//2193
f 2157//2157 2193//2193 2158//2158
f 2158//2158 2193//2193 2194//2194
f 2158//2158 2194//2194 2159//2159
f 2159//2159 2194//2194 2195//2195
f 2159//2159 2195//2195 2160//2160
f 2160//2160 2195//2195 2196//2196
f 2160//2160 2196//2196 2161//2161
f 2161//2161 2196//2196 2197//2197
f 2161//2161 2197//2197 2162//2162
f 2162//2162 2197//2197 2198//2198
f 2162//2162 2198//2198 2163//2163
f 2163//2163 2198//2198 2199//2199
f 2163//2163 2199//2199 2164//2164
f 2164//2164 2199//2199 2200//2200
f 2164//2164 2200//2200 2165//2165
f 2165//2165 2200//2200 2201//2201
f 2165//2165 2201//2201 2166//2166
f 2166//2166 2201//2201 2202//2202
f 2166//2166 2202//2202 2131//2131
f 2131//2131 2202//2202 2167//2167
f 2167//2167 2203//2203 2168//2168
f 2168//2168 2203//2203 2204//2204
f 2168//2168 2204//2204 2169//2169
f 2169//2169 2204//2204 2205//2205
f 2169//2169 2205//2205 2170//2170
f 2170//2170 2205//2205 2206//2206
f 2170//2170 2206//2206 2171//2171
f 2171//2171 2206//2206 2207//2207
f 2171//2171 2207//2207 2172//2172
f 2172//2172 2207//2207 2208//2208
f 2172//2172 2208//2208 2173//2173
f 2173//2173 2208//2208 2209//2209
f 2173//2173 2209//2209 2174//2174
f 2174//2174 2209//2209 2210//2210
f 2174//2174 2210//2210 2175//2175
f 2175//2175 2210//2210 2211//2211
f 2175//2175 2211//2211 2176//2176
f 2176//2176 2211//2211 2212//2212
f 2176//2176 2212//2212 2177//2177
f 2177//2177 2212//2212 2213//2213
f 2177//2177 2213//2213 2178//2178
f 2178//2178 2213//2213 2214//2214
f 2178//2178 2214//2214 2179//2179
f 2179//2179 2214//2214 2215//2215
f 2179//2179 2215//2215 2180//2180
f 2180//2180 2215//2215 2216//2216
f 2180//2180 2216//2216 2181//2181
f 2181//2181 2216//2216 2217//2217
f 2181//2181 2217//2217 2182//2182
f 2182//2182 2217//2217 2218//2218
f 2182//2182 2218//2218 2183//2183
f 2183//2183 2218//2218 2219//2219
f 2183//2183 2219//2219 2184//2184
f 2184//2184 2219//2219 2220//2220
f 2184//2184 2220//2220 2185//2185
f 2185//2185 2220//2220 2221//2221
f 2185//2185 2221//2221 2186//2186
f 2186//2186 2221//2221 2222//2222
f 2186//2186 2222//2222 2187//2187
f 2187//2187 2222//2222 2223//2223
f 2187//2187 2223//2223 2188//2188
f 2188//2188 2223//2223 2224//2224
f 2188//2188 2224//2224 2189//2189
f 2189//2189 2224//2224 2225//2225
f 2189//2189 2225//2225 2190//2190
f 2190//2190 2225//2225 2226//2226
f 2190//2190 2226//2226 2191//2191
f 2191//2191 2226//2226 2227//2227
f 2191//2191 2227//2227 2192//2192
f 2192//2192 2227//2227 2228//2228
f 2192//2192 2228//2228 2193//2193
f 2193//2193 2228//2228 2229//2229
f 2193//2193 2229//2229 2194//2194
f 2194//2194 2229//2229 2230//2230
f 2194//2194 2230//2230 2195//2195
f 2195//2195 2230//2230 2231//2231
f 2195//2195 2231//2231 2196//2196
f 2196//2196 2231//2231 2232//2232
f 2196//2196 2232//2232 2197//2197
f 2197//2197 2232//2232 2233//2233
f 2197//2197 2233//2233 2198//2198
f 2198//2198 2233//2233 2234//2234
f 2198//2198 2234//2234 2199//2199
f 2199//2199 2234//2234 2235//2235
f 2199//2199 2235//2235 2200//2200
f 2200//2200 2235//2235 2236//2236
f 2200//2200 2236//2236 2201//2201
f 2201//2201 2236//2236 2237//2237
f 2201//2201 2237//2237 2202//2202
f 2202//2202 2237//2237 2238//2238
f 2202//2202 2238//2238 2167//2167
f 2167//2167 2238//2238 2203//2203
f 2239//2239 2280//2280 2240//2240
f 2240//2240 2280//2280 2281//2281
f 2240//2240 2281//2281 2241//2241
f 2241//2241 2281//2281 2282//2282
f 2241//2241 2282//2282 2242//2242
f 2242//2242 2282//2282 2283//2283
f 2242//2242 2283//2283 2243//2243
f 2243//2243 2283//2283 2284//2284
f 2243//2243 2284//2284 2244//2244
f 2244//2244 2284//2284 2285//2285
f 2244//2244 2285//2285 2245//2245
f 2245//2245 2285//2285 2286//2286
f 2245//2245 2286//2286 2246//2246
f 2246//2246 2286//2286 2287//2287
f 2246//2246 2287//2287 2247//2247
f 2247//2247 2287//2287 2288//2288
f 2247//2247 2288//2288 2248//2248
f 2248//2248 2288//2288 2289//2289
f 2248//2248 2289//2289 2249//2249
f 2249//2249 2289//2289 2290//2290
f 2249//2249 2290//2290 2250//2250
f 2250//2250 2290//2290 2291//2291
f 2250//2250 2291//2291 2251//2251
f 2251//2251 2291//2291 2292//2292
f 2251//2251 2292//2292 2252//2252
f 2252//2252 2292//2292 2293//2293
f 2252//2252 2293//2293 2253//2253
f 2253//2253 2293//2293 2294//2294
f 2253//2253 2294//2294 2254//2254
f 2254//2254 2294//2294 2295//2295
f 2254//2254 2295//2295 2255//2255
f 2255//2255 2295//2295 2296//2296
f 2255//2255 2296//2296 2256//2256
f 2256//2256 2296//2296 2297//2297
f 2256//2256 2297//2297 2257//2257
f 2257//2257 2297//2297 2298//2298
f 2257//2257 2298//2298 2258//2258
f 2258//2258 2298//2298 2299//2299
f 2258//2258 2299//2299 2259//2259
f 2259//2259 2299//2299 2300//2300
f 2259//2259 2300//2300 2260//2260
f 2260//2260 2300//2300 2301//2301
f 2260//2260 2301//2301 2261//2261
f 2261//2261 2301//2301 2302//2302
f 2261//2261 2302//2302 2262//2262
f 2262//2262 2302//2302 2303//2303
f 2262//2262 2303//2303 2263//2263
f 2263//2263 2303//2303 2304//2304
f 2263//2263 2304//2304 2264//2264
f 2264//2264 2304//2304 2305//2305
f 2264//2264 2305//2305 2265//2265
f 2265//2265 2305//2305 2306//2306
f 2265//2265 2306//2306 2266//2266
f 2266//2266 2306//2306 2307//2307
f 2266//2266 2307//2307 2267//2267
f 2267//2267 2307//2307 2308//2308
f 2267//2267 2308//2308 2268//2268
f 2268//2268 2308//2308 2309//2309
f 2268//2268 2309//2309 2269//2269
f 2269//2269 2309//2309 2310//2310
f 2269//2269 2310//2310 2270//2270
f 2270//2270 2310//2310 2311//2311
f 2270//2270 2311//2311 2271//2271
f 2271//2271 2311//2311 2312//2312
f 2271//2271 2312//2312 2272//2272
f 2272//2272 2312//2312 2313//2313
f 2272//2272 2313//2313 2273//2273
f 2273//2273 2313//2313 2314//2314
f 2273//2273 2314//2314 2274//2274
f 2274//2274 2314//2314 2315//2315
f 2274//2274 2315//2315 2275//2275
f 2275//2275 2315//2315 2316//2316
f 2275//2275 2316//2316 2276//2276
f 2276//2276 2316//2316 2317//2317
f 2276//2276 2317//2317 2277//2277
f 2277//2277 2317//2317 2318//2318
f 2277//2277 2318//2318 2278//2278
f 2278//2278 2318//2318 2319//2319
f 2278//2278 2319//2319 2279//2279
f 2279//2279 2319//2319 2320//2320
f 2280//2280 2321//2321 2281//2281
f 2281//2281 2321//2321 2322//2322
f 2281//2281 2322//2322 2282//2282
f 2282//2282 2322//2322 2323//2323
f 2282//2282 2323//2323 2283//2283
f 2283//2283 2323//2323 2324//2324
f 2283//2283 2324//2324 2284//2284
f 2284//2284 2324//2324 2325//2325
f 2284//2284 2325//2325 2285//2285
f 2285//2285 2325//2325 2326//2326
f 2285//2285 2326//2326 2286//2286
f 2286//2286 2326//2326 2327//2327
f 2286//2286 2327//2327 2287//2287
f 2287//2287 2327//2327 2328//2328
f 2287//2287 2328//2328 2288//2288
f 2288//2288 2328//2328 2329//2329
f 2288//2288 2329//2329 2289//2289
f 2289//2289 2329//2329 2330//2330
f 2289//2289 2330//2330 2290//2290
f 2290//2290 2330//2330 2331//2331
f 2290//2290 2331//2331 2291//2291
f 2291//2291 2331//2331 2332//2332
f 2291//2291 2332//2332 2292//2292
f 2292//2292 2332//2332 2333//2333
f 2292//2292 2333//2333 2293//2293
f 2293//2293 2333//2333 2334//2334
f 2293//2293 2334//2334 2294//2294
f 2294//2294 2334//2334 2335//2335
f 2294//2294 2335//2335 2295//2295
f 2295//2295 2335//2335 2336//2336
f 2295//2295 2336//2336 2296//2296
f 2296//2296 2336//2336 2337//2337
f 2296//2296 2337//2337 2297//2297
f 2297//2297 2337//2337 2338//2338
f 2297//2297 2338//2338 2298//2298
f 2298//2298 2338//2338 2339//2339
f 2298//2298 2339//2339 2299//2299
f 2299//2299 2339//2339 2340//2340
f 2299//2299 2340//2340 2300//2300
f 2300//2300 2340//2340 2341//2341
f 2300//2300 2341//2341 2301//2301
f 2301//2301 2341//2341 2342//2342
f 2301//2301 2342//2342 2302//2302
f 2302//2302 2342//2342 2343//2343
f 2302//2302 2343//2343 2303//2303
f 2303//2303 2343//2343 2344//2344
f 2303//2303 2344//2344 2304//2304
f 2304//2304 2344//2344 2345//2345
f 2304//2304 2345//2345 2305//2305
f 2305//2305 2345//2345 2346//2346
f 2305//2305 2346//2346 2306//2306
f 2306//2306 2346//2346 2347//2347
f 2306//2306 2347//2347 2307//2307
f 2307//2307 2347//2347 2348//2348
f 2307//2307 2348//2348 2308//2308
f 2308//2308 2348//2348 2349//2349
f 2308//2308 2349//2349 2309//2309
f 2309//2309 2349//2349 2350//2350
f 2309//2309 2350//2350 2310//2310
f 2310//2310 2350//2350 2351//2351
f 2310//2310 2351//2351 2311//2311
f 2311//2311 2351//2351 2352//2352
f 2311//2311 2352//2352 2312//2312
f 2312//2312 2352//2352 2353//2353
f 2312//2312 2353//2353 2313//2313
f 2313//2313 2353//2353 2354//2354
f 2313//2313 2354//2354 2314//2314
f 2314//2314 2354//2354 2355//2355
f 2314//2314 2355//2355 2315//2315
f 2315//2315 2355//2355 2356//2356
f 2315//2315 2356//2356 2316//2316
f 2316//2316 2356//2356 2357//2357
f 2316//2316 2357//2357 2317//2317
f 2317//2317 2357//2357 2358//2358
f 2317//2317 2358//2358 2318//2318
f 2318//2318 2358//2358 2359//2359
f 2318//2318 2359//2359 2319//2319
f 2319//2319 2359//2359 2360//2360
f 2319//2319 2360//2360 2320//2320
f 2320//2320 2360//2360 2361//2361
f 2321//2321 2362//2362 2322//2322
f 2322//2322 2362//2362 2363//2363
f 2322//2322 2363//2363 2323//2323
f 2323//2323 2363//2363 2364//2364
f 2323//2323 2364//2364 2324//2324
f 2324//2324 2364//2364 2365//2365
f 2324//2324 2365//2365 2325//2325
f 2325//2325 2365//2365 2366//2366
f 2325//2325 2366//2366 2326//2326
f 2326//2326 2366//2366 2367//2367
f 2326//2326 2367//2367 2327//2327
f 2327//2327 2367//2367 2368//2368
f 2327//2327 2368//2368 2328//2328
f 2328//2328 2368//2368 2369//2369
f 2328//2328 2369//2369 2329//2329
f 2329//2329 2369//2369 2370//2370
f 2329//2329 2370//2370 2330//2330
f 2330//2330 2370//2370 2371//2371
f 2330//2330 2371//2371 2331//2331
f 2331//2331 2371//2371 2372//2372
f 2331//2331 2372//2372 2332//2332
f 2332//2332 2372//2372 2373//2373
f 2332//2332 2373//2373 2333//2333
f 2333//2333 2373//2373 2374//2374
f 2333//2333 2374//2374 2334//2334
f 2334//2334 2374//2374 2375//2375
f 2334//2334 2375//2375 2335//2335
f 2335//2335 2375//2375 2376//2376
f 2335//2335 2376//2376 2336//2336
f 2336//2336 2376//2376 2377//2377
f 2336//2336 2377//2377 2337//2337
f 2337//2337 2377//2377 2378//2378
f 2337//2337 2378//2378 2338//2338
f 2338//2338 2378//2378 2379//2379
f 2338//2338 2379//2379 2339//2339
f 2339//2339 2379//2379 2380//2380
f 2339//2339 2380//2380 2340//2340
f 2340//2340 2380//2380 2381//2381
f 2340//2340 2381//2381 2341//2341
f 2341//2341 2381//2381 2382//2382
f 2341//2341 2382//2382 2342//2342
f 2342//2342 2382//2382 2383//2383
f 2342//2342 2383//2383 2343//2343
f 2343//2343 2383//2383 2384//2384
f 2343//2343 2384//2384 2344//2344
f 2344//2344 2384//2384 2385//2385
f 2344//2344 2385//2385 2345//2345
f 2345//2345 2385//2385 2386//2386
f 2345//2345 2386//2386 2346//2346
f 2346//2346 2386//2386 2387//2387
f 2346//2346 2387//2387 2347//2347
f 2347//2347 2387//2387 2388//2388
f 2347//2347 2388//2388 2348//2348
f 2348//2348 2388//2388 2389//2389
f 2348//2348 2389//2389 2349//2349
f 2349//2349 2389//2389 2390//2390
f 2349//2349 2390//2390 2350//2350
f 2350//2350 2390//2390 2391//2391
f 2350//2350 2391//2391 2351//2351
f 2351//2351 2391//2391 2392//2392
f 2351//2351 2392//2392 2352//2352
f 2352//2352 2392//2392 2393//2393
f 2352//2352 2393//2393 2353//2353
f 2353//2353 2393//2393 2394//2394
f 2353//2353 2394//2394 2354//2354
f 2354//2354 2394//2394 2395//2395
f 2354//2354 2395//2395 2355//2355
f 2355//2355 2395//2395 2396//2396
f 2355//2355 2396//2396 2356//2356
f 2356//2356 2396//2396 2397//2397
f 2356//2356 2397//2397 2357//2357
f 2357//2357 2397//2397 2398//2398
f 2357//2357 2398//2398 2358//2358
f 2358//2358 2398//2398 2399//2399
f 2358//2358 2399//2399 2359//2359
f 2359//2359 2399//2399 2400//2400
f 2359//2359 2400//2400 2360//2360
f 2360//2360 2400//2400 2401//2401
f 2360//2360 2401//2401 2361//2361
f 2361//2361 2401//2401 2402//2402
f 2362//2362 2403//2403 2363//2363
f 2363//2363 2403//2403 2404//2404
f 2363//2363 2404//2404 2364//2364
f 2364//2364 2404//2404 2405//2405
f 2364//2364 2405//2405 2365//2365
f 2365//2365 2405//2405 2406//2406
f 2365//2365 2406//2406 2366//2366
f 2366//2366 2406//2406 2407//2407
f 2366//2366 2407//2407 2367//2367
f 2367//2367 2407//2407 2408//2408
f 2367//2367 2408//2408 2368//2368
f 2368//2368 2408//2408 2409//2409
f 2368//2368 2409//2409 2369//2369
f 2369//2369 2409//2409 2410//2410
f 2369//2369 2410//2410 2370//2370
f 2370//2370 2410//2410 2411//2411
f 2370//2370 2411//2411 2371//2371
f 2371//2371 2411//2411 2412//2412
f 2371//2371 2412//2412 2372//2372
f 2372//2372 2412//2412 2413//2413
f 2372//2372 2413//2413 2373//2373
f 2373//2373 2413//2413 2414//2414
f 2373//2373 2414//2414 2374//2374
f 2374//2374 2414//2414 2415//2415
f 2374//2374 2415//2415 2375//2375
f 2375//2375 2415//2415 2416//2416
f 2375//2375 2416//2416 2376//2376
f 2376//2376 2416//2416 2417//2417
f 2376//2376 2417//2417 2377//2377
f 2377//2377 2417//2417 2418//2418
f 2377//2377 2418//2418 2378//2378
f 2378//2378 2418//2418 2419//2419
f 2378//2378 2419//2419 2379//2379
f 2379//2379 2419//2419 2420//2420
f 2379//2379 2420//2420 2380//2380
f 2380//2380 2420//2420 2421//2421
f 2380//2380 2421//2421 2381//2381
f 2381//2381 2421//2421 2422//2422
f 2381//2381 2422//2422 2382//2382
f 2382//2382 2422//2422 2423//2423
f 2382//2382 2423//2423 2383//2383
f 2383//2383 2423//2423 2424//2424
f 2383//2383 2424//2424 2384//2384
f 2384//2384 2424//2424 2425//2425
f 2384//2384 2425//2425 2385//2385
f 2385//2385 2425//2425 2426//2426
f 2385//2385 2426//2426 2386//2386
f 2386//2386 2426//2426 2427//2427
f 2386//2386 2427//2427 2387//2387
f 2387//2387 2427//2427 2428//2428
f 2387//2387 2428//2428 2388//2388
f 2388//2388 2428//2428 2429//2429
f 2388//2388 2429//2429 2389//2389
f 2389//2389 2429//2429 2430//2430
f 2389//2389 2430//2430 2390//2390
f 2390//2390 2430//2430 2431//2431
f 2390//2390 2431//2431 2391//2391
f 2391//2391 2431//2431 2432//2432
f 2391//2391 2432//2432 2392//2392
f 2392//2392 2432//2432 2433//2433
f 2392//2392 2433//2433 2393//2393
f 2393//2393 2433//2433 2434//2434
f 2393//2393 2434//2434 2394//2394
f 2394//2394 2434//2434 2435//2435
f 2394//2394 2435//2435 2395//2395
f 2395//2395 2435//2435 2436//2436
f 2395//2395 2436//2436 2396//2396
f 2396//2396 2436//2436 2437//2437
f 2396//2396 2437//2437 2397//2397
f 2397//2397 2437//2437 2438//2438
f 2397//2397 2438//2438 2398//2398
f 2398//2398 2438//2438 2439//2439
f 2398//2398 2439//2439 2399//2399
f 2399//2399 2439//2439 2440//2440
f 2399//2399 2440//2440 2400//2400
f 2400//2400 2440//2440 2441//2441
f 2400//2400 2441//2441 2401//2401
f 2401//2401 2441//2441 2442//2442
f 2401//2401 2442//2442 2402//2402
f 2402//2402 2442//2442 2443//2443
f 2403//2403 2444//2444 2404//2404
f 2404//2404 2444//2444 2445//2445
f 2404//2404 2445//2445 2405//2405
f 2405//2405 2445//2445 2446//2446
f 2405//2405 2446//2446 2406//2406
f 2406//2406 2446//2446 2447//2447
f 2406//2406 2447//2447 2407//2407
f 2407//2407 2447//2447 2448//2448
f 2407//2407 2448//2448 2408//2408
f 2408//2408 2448//2448 2449//2449
f 2408//2408 2449//2449 2409//2409
f 2409//2409 2449//2449 2450//2450
f 2409//2409 2450//2450 2410//2410
f 2410//2410 2450//2450 2451//2451
f 2410//2410 2451//2451 2411//2411
f 2411//2411 2451//2451 2452//2452
f 2411//2411 2452//2452 2412//2412
f 2412//2412 2452//2452 2453//2453
f 2412//2412 2453//2453 2413//2413
f 2413//2413 2453//2453 2454//2454
f 2413//2413 2454//2454 2414//2414
f 2414//2414 2454//2454 2455//2455
f 2414//2414 2455//2455 2415//2415
f 2415//2415 2455//2455 2456//2456
f 2415//2415 2456//2456 2416//2416
f 2416//2416 2456//2456 2457//2457
f 2416//2416 2457//2457 2417//2417
f 2417//2417 2457//2457 2458//2458
f 2417//2417 2458//2458 2418//2418
f 2418//2418 2458//2458 2459//2459
f 2418//2418 2459//2459 2419//2419
f 2419//2419 2459//2459 2460//2460
f 2419//2419 2460//2460 2420//2420
f 2420//2420 2460//2460 2461//2461
f 2420//2420 2461//2461 2421//2421
f 2421//2421 2461//2461 2462//2462
f 2421//2421 2462//2462 2422//2422
f 2422//2422 2462//2462 2463//2463
f 2422//2422 2463//2463 2423//2423
f 2423//2423 2463//2463 2464//2464
f 2423//2423 2464//2464 2424//2424
f 2424//2424 2464//2464 2465//2465
f 2424//2424 2465//2465 2425//2425
f 2425//2425 2465//2465 2466//2466
f 2425//2425 2466//2466 2426//2426
f 2426//2426 2466//2466 2467//2467
f 2426//2426 2467//2467 2427//2427
f 2427//2427 2467//2467 2468//2468
f 2427//2427 2468//2468 2428//2428
f 2428//2428 2468//2468 2469//2469
f 2428//2428 2469//2469 2429//2429
f 2429//2429 2469//2469 2470//2470
f 2429//2429 2470//2470 2430//2430
f 2430//2430 2470//2470 2471//2471
f 2430//2430 2471//2471 2431//2431
f 2431//2431 2471//2471 2472//2472
f 2431//2431 2472//2472 2432//2432
f 2432//2432 2472//2472 2473//2473
f 2432//2432 2473//2473 2433//2433
f 2433//2433 2473//2473 2474//2474
f 2433//2433 2474//2474 2434//2434
f 2434//2434 2474//2474 2475//2475
f 2434//2434 2475//2475 2435//2435
f 2435//2435 2475//2475 2476//2476
f 2435//2435 2476//2476 2436//2436
f 2436//2436 2476//2476 2477//2477
f 2436//2436 2477//2477 2437//2437
f 2437//2437 2477//2477 2478//2478
f 2437//2437 2478//2478 2438//2438
f 2438//2438 2478//2478 2479//2479
f 2438//2438 2479//2479 2439//2439
f 2439//2439 2479//2479 2480//2480
f 2439//2439 2480//2480 2440//2440
f 2440//2440 2480//2480 2481//2481
f 2440//2440 2481//2481 2441//2441
f 2441//2441 2481//2481 2482//2482
f 2441//2441 2482//2482 2442//2442
f 2442//2442 2482//2482 2483//2483
f 2442//2442 2483//2483 2443//2443
f 2443//2443 2483//2483 2484//2484
f 2485//2485 2526//2526 2486//2486
f 2486//2486 2526//2526 2527//2527
f 2486//2486 2527//2527 2487//2487
f 2487//2487 2527//2527 2528//2528
f 2487//2487 2528//2528 2488//2488
f 2488//2488 2528//2528 2529//2529
f 2488//2488 2529//2529 2489//2489
f 2489//2489 2529//2529 2530//2530
f 2489//2489 2530//2530 2490//2490
f 2490//2490 2530//2530 2531//2531
f 2490//2490 2531//2531 2491//2491
f 2491//2491 2531//2531 2532//2532
f 2491//2491 2532//2532 2492//2492
f 2492//2492 2532//2532 2533//2533
f 2492//2492 2533//2533 2493//2493
f 2493//2493 2533//2533 2534//2534
f 2493//2493 2534//2534 2494//2494
f 2494//2494 2534//2534 2535//2535
f 2494//2494 2535//2535 2495//2495
f 2495//2495 2535//2535 2536//2536
f 2495//2495 2536//2536 2496//2496
f 2496//2496 2536//2536 2537//2537
f 2496//2496 2537//2537 2497//2497
f 2497//2497 2537//2537 2538//2538
f 2497//2497 2538//2538 2498//2498
f 2498//2498 2538//2538 2539//2539
f 2498//2498 2539//2539 2499//2499
f 2499//2499 2539//2539 2540//2540
f 2499//2499 2540//2540 2500//2500
f 2500//2500 2540//2540 2541//2541
f 2500//2500 2541//2541 2501//2501
f 2501//2501 2541//2541 2542//2542
f 2501//2501 2542//2542 2502//2502
f 2502//2502 2542//2542 2543//2543
f 2502//2502 2543//2543 2503//2503
f 2503//2503 2543//2543 2544//2544
f 2503//2503 2544//2544 2504//2504
f 2504//2504 2544//2544 2545//2545
f 2504//2504 2545//2545 2505//2505
f 2505//2505 2545//2545 2546//2546
f 2505//2505 2546//2546 2506//2506
f 2506//2506 2546//2546 2547//2547
f 2506//2506 2547//2547 2507//2507
f 2507//2507 2547//2547 2548//2548
f 2507//2507 2548//2548 2508//2508
f 2508//2508 2548//2548 2549//2549
f 2508//2508 2549//2549 2509//2509
f 2509//2509 2549//2549 2550//2550
f 2509//2509 2550//2550 2510//2510
f 2510//2510 2550//2550 2551//2551
f 2510//2510 2551//2551 2511//2511
f 2511//2511 2551//2551 2552//2552
f 2511//2511 2552//2552 2512//2512
f 2512//2512 2552//2552 2553//2553
f 2512//2512 2553//2553 2513//2513
f 2513//2513 2553//2553 2554//2554
f 2513//2513 2554//2554 2514//2514
f 2514//2514 2554//2554 2555//2555
f 2514//2514 2555//2555 2515//2515
f 2515//2515 2555//2555 2556//2556
f 2515//2515 2556//2556 2516//2516
f 2516//2516 2556//2556 2557//2557
f 2516//2516 2557//2557 2517//2517
f 2517//2517 2557//2557 2558//2558
f 2517//2517 2558//2558 2518//2518
f 2518//2518 2558//2558 2559//2559
f 2518//2518 2559//2559 2519//2519
f 2519//2519 2559//2559 2560//2560
f 2519//2519 2560//2560 2520//2520
f 2520//2520 2560//2560 2561//2561
f 2520//2520 2561//2561 2521//2521
f 2521//2521 2561//2561 2562//2562
f 2521//2521 2562//2562 2522//2522
f 2522//2522 2562//2562 2563//2563
f 2522//2522 2563//2563 2523//2523
f 2523//2523 2563//2563 2564//2564
f 2523//2523 2564//2564 2524//2524
f 2524//2524 2564//2564 2565//2565
f 2524//2524 2565//2565 2525//2525
f 2525//2525 2565//2565 2566//2566
f 2526//2526 2567//2567 2527//2527
f 2527//2527 2567//2567 2568//2568
f 2527//2527 2568//2568 2528//2528
f 2528//2528 2568//2568 2569//2569
f 2528//2528 2569//2569 2529//2529
f 2529//2529 2569//2569 2570//2570
f 2529//2529 2570//2570 2530//2530
f 2530//2530 2570//2570 2571//2571
f 2530//2530 2571//2571 2531//2531
f 2531//2531 2571//2571 2572//2572
f 2531//2531 2572//2572 2532//2532
f 2532//2532 2572//2572 2573//2573
f 2532//2532 2573//2573 2533//2533
f 2533//2533 2573//2573 2574//2574
f 2533//2533 2574//2574 2534//2534
f 2534//2534 2574//2574 2575//2575
f 2534//2534 2575//2575 2535//2535
f 2535//2535 2575//2575 2576//2576
f 2535//2535 2576//2576 2536//2536
f 2536//2536 2576//2576 2577//2577
f 2536//2536 2577//2577 2537//2537
f 2537//2537 2577//2577 2578//2578
f 2537//2537 2578//2578 2538//2538
f 2538//2538 2578//2578 2579//2579
f 2538//2538 2579//2579 2539//2539
f 2539//2539 2579//2579 2580//2580
f 2539//2539 2580//2580 2540//2540
f 2540//2540 2580//2580 2581//2581
f 2540//2540 2581//2581 2541//2541
f 2541//2541 2581//2581 2582//2582
f 2541//2541 2582//2582 2542//2542
f 2542//2542 2582//2582 2583//2583
f 2542//2542 2583//2583 2543//2543
f 2543//2543 2583//2583 2584//2584
f 2543//2543 2584//2584 2544//2544
f 2544//2544 2584//2584 2585//2585
f 2544//2544 2585//2585 2545//2545
f 2545//2545 2585//2585 2586//2586
f 2545//2545 2586//2586 2546//2546
f 2546//2546 2586//2586 2587//2587
f 2546//2546 2587//2587 2547//2547
f 2547//2547 2587//2587 2588//2588
f 2547//2547 2588//2588 2548//2548
f 2548//2548 2588//2588 2589//2589
f 2548//2548 2589//2589 2549//2549
f 2549//2549 2589//2589 2590//2590
f 2549//2549 2590//2590 2550//2550
f 2550//2550 2590//2590 2591//2591
f 2550//2550 2591//2591 2551//2551
f 2551//2551 2591//2591 2592//2592
f 2551//2551 2592//2592 2552//2552
f 2552//2552 2592//2592 2593//2593
f 2552//2552 2593//2593 2553//2553
f 2553//2553 2593//2593 2594//2594
f 2553//2553 2594//2594 2554//2554
f 2554//2554 2594//2594 2595//2595
f 2554//2554 2595//2595 2555//2555
f 2555//2555 2595//2595 2596//2596
f 2555//2555 2596//2596 2556//2556
f 2556//2556 2596//2596 2597//2597
f 2556//2556 2597//2597 2557//2557
f 2557//2557 2597//2597 2598//2598
f 2557//2557 2598//2598 2558//2558
f 2558//2558 2598//2598 2599//2599
f 2558//2558 2599//2599 2559//2559
f 2559//2559 2599//2599 2600//2600
f 2559//2559 2600//2600 2560//2560
f 2560//2560 2600//2600 2601//2601
f 2560//2560 2601//2601 2561//2561
f 2561//2561 2601//2601 2602//2602
f 2561//2561 2602//2602 2562//2562
f 2562//2562 2602//2602 2603//2603
f 2562//2562 2603//2603 2563//2563
f 2563//2563 2603//2603 2604//2604
f 2563//2563 2604//2604 2564//2564
f 2564//2564 2604//2604 2605//2605
f 2564//2564 2605//2605 2565//2565
f 2565//2565 2605//2605 2606//2606
f 2565//2565 2606//2606 2566//2566
f 2566//2566 2606//2606 2607//2607
f 2567//2567 2608//2608 2568//2568
f 2568//2568 2608//2608 2609//2609
f 2568//2568 2609//2609 2569//2569
f 2569//2569 2609//2609 2610//2610
f 2569//2569 2610//2610 2570//2570
f 2570//2570 2610//2610 2611//2611
f 2570//2570 2611//2611 2571//2571
f 2571//2571 2611//2611 2612//2612
f 2571//2571 2612//2612 2572//2572
f 2572//2572 2612//2612 2613//2613
f 2572//2572 2613//2613 2573//2573
f 2573//2573 2613//2613 2614//2614
f 2573//2573 2614//2614 2574//2574
f 2574//2574 2614//2614 2615//2615
f 2574//2574 2615//2615 2575//2575
f 2575//2575 2615//2615 2616//2616
f 2575//2575 2616//2616 2576//2576
f 2576//2576 2616//2616 2617//2617
f 2576//2576 2617//2617 2577//2577
f 2577//2577 2617//2617 2618//2618
f 2577//2577 2618//2618 2578//2578
f 2578//2578 2618//2618 2619//2619
f 2578//2578 2619//2619 2579//2579
f 2579//2579 2619//2619 2620//2620
f 2579//2579 2620//2620 2580//2580
f 2580//2580 2620//2620 2621//2621
f 2580//2580 2621//2621 2581//2581
f 2581//2581 2621//2621 2622//2622
f 2581//2581 2622//2622 2582//2582
f 2582//2582 2622//2622 2623//2623
f 2582//2582 2623//2623 2583//2583
f 2583//2583 2623//2623 2624//2624
f 2583//2583 2624//2624 2584//2584
f 2584//2584 2624//2624 2625//2625
f 2584//2584 2625//2625 2585//2585
f 2585//2585 2625//2625 2626//2626
f 2585//2585 2626//2626 2586//2586
f 2586//2586 2626//2626 2627//2627
f 2586//2586 2627//2627 2587//2587
f 2587//2587 2627//2627 2628//2628
f 2587//2587 2628//2628 2588//2588
f 2588//2588 2628//2628 2629//2629
f 2588//2588 2629//2629 2589//2589
f 2589//2589 2629//2629 2630//2630
f 2589//2589 2630//2630 2590//2590
f 2590//2590 2630//2630 2631//2631
f 2590//2590 2631//2631 2591//2591
f 2591//2591 2631//2631 2632//2632
f 2591//2591 2632//2632 2592//2592
f 2592//2592 2632//2632 2633//2633
f 2592//2592 2633//2633 2593//2593
f 2593//2593 2633//2633 2634//2634
f 2593//2593 2634//2634 2594//2594
f 2594//2594 2634//2634 2635//2635
f 2594//2594 2635//2635 2595//2595
f 2595//2595 2635//2635 2636//2636
f 2595//2595 2636//2636 2596//2596
f 2596//2596 2636//2636 2637//2637
f 2596//2596 2637//2637 2597//2597
f 2597//2597 2637//2637 2638//2638
f 2597//2597 2638//2638 2598//2598
f 2598//2598 2638//2638 2639//2639
f 2598//2598 2639//2639 2599//2599
f 2599//2599 2639//2639 2640//2640
f 2599//2599 2640//2640 2600//2600
f 2600//2600 2640//2640 2641//2641
f 2600//2600 2641//2641 2601//2601
f 2601//2601 2641//2641 2642//2642
f 2601//2601 2642//2642 2602//2602
f 2602//2602 2642//2642 2643//2643
f 2602//2602 2643//2643 2603//2603
f 2603//2603 2643//2643 2644//2644
f 2603//2603 2644//2644 2604//2604
f 2604//2604 2644//2644 2645//2645
f 2604//2604 2645//2645 2605//2605
f 2605//2605 2645//2645 2646//2646
f 2605//2605 2646//2646 2606//2606
f 2606//2606 2646//2646 2647//2647
f 2606//2606 2647//2647 2607//2607
f 2607//2607 2647//2647 2648//2648
f 2608//2608 2649//2649 2609//2609
f 2609//2609 2649//2649 2650//2650
f 2609//2609 2650//2650 2610//2610
f 2610//2610 2650//2650 2651//2651
f 2610//2610 2651//2651 2611//2611
f 2611//2611 2651//2651 2652//2652
f 2611//2611 2652//2652 2612//2612
f 2612//2612 2652//2652 2653//2653
f 2612//2612 2653//2653 2613//2613
f 2613//2613 2653//2653 2654//2654
f 2613//2613 2654//2654 2614//2614
f 2614//2614 2654//2654 2655//2655
f 2614//2614 2655//2655 2615//2615
f 2615//2615 2655//2655 2656//2656
f 2615//2615 2656//2656 2616//2616
f 2616//2616 2656//2656 2657//2657
f 2616//2616 2657//2657 2617//2617
f 2617//2617 2657//2657 2658//2658
f 2617//2617 2658//2658 2618//2618
f 2618//2618 2658//2658 2659//2659
f 2618//2618 2659//2659 2619//2619
f 2619//2619 2659//2659 2660//2660
f 2619//2619 2660//2660 2620//2620
f 2620//2620 2660//2660 2661//2661
f 2620//2620 2661//2661 2621//2621
f 2621//2621 2661//2661 2662//2662
f 2621//2621 2662//2662 2622//2622
f 2622//2622 2662//2662 2663//2663
f 2622//2622 2663//2663 2623//2623
f 2623//2623 2663//2663 2664//2664
f 2623//2623 2664//2664 2624//2624
f 2624//2624 2664//2664 2665//2665
f 2624//2624 2665//2665 2625//2625
f 2625//2625 2665//2665 2666//2666
f 2625//2625 2666//2666 2626//2626
f 2626//2626 2666//2666 2667//2667
f 2626//2626 2667//2667 2627//2627
f 2627//2627 2667//2667 2668//2668
f 2627//2627 2668//2668 2628//2628
f 2628//2628 2668//2668 2669//2669
f 2628//2628 2669//2669 2629//2629
f 2629//2629 2669//2669 2670//2670
f 2629//2629 2670//2670 2630//2630
f 2630//2630 2670//2670 2671//2671
f 2630//2630 2671//2671 2631//2631
f 2631//2631 2671//2671 2672//2672
f 2631//2631 2672//2672 2632//2632
f 2632//2632 2672//2672 2673//2673
f 2632//2632 2673//2673 2633//2633
f 2633//2633 2673//2673 2674//2674
f 2633//2633 2674//2674 2634//2634
f 2634//2634 2674//2674 2675//2675
f 2634//2634 2675//2675 2635//2635
f 2635//2635 2675//2675 2676//2676
f 2635//2635 2676//2676 2636//2636
f 2636//2636 2676//2676 2677//2677
f 2636//2636 2677//2677 2637//2637
f 2637//2637 2677//2677 2678//2678
f 2637//2637 2678//2678 2638//2638
f 2638//2638 2678//2678 2679//2679
f 2638//2638 2679//2679 2639//2639
f 2639//2639 2679//2679 2680//2680
f 2639//2639 2680//2680 2640//2640
f 2640//2640 2680//2680 2681//2681
f 2640//2640 2681//2681 2641//2641
f 2641//2641 2681//2681 2682//2682
f 2641//2641 2682//2682 2642//2642
f 2642//2642 2682//2682 2683//2683
f 2642//2642 2683//2683 2643//2643
f 2643//2643 2683//2683 2684//2684
f 2643//2643 2684//2684 2644//2644
f 2644//2644 2684//2684 2685//2685
f 2644//2644 2685//2685 2645//2645
f 2645//2645 2685//2685 2686//2686
f 2645//2645 2686//2686 2646//2646
f 2646//2646 2686//2686 2687//2687
f 2646//2646 2687//2687 2647//2647
f 2647//2647 2687//2687 2688//2688
f 2647//2647 2688//2688 2648//2648
f 2648//2648 2688//2688 2689//2689
f 2649//2649 2690//2690 2650//2650
f 2650//2650 2690//2690 2691//2691
f 2650//2650 2691//2691 2651//2651
f 2651//2651 2691//2691 2692//2692
f 2651//2651 2692//2692 2652//2652
f 2652//2652 2692//2692 2693//2693
f 2652//2652 2693//2693 2653//2653
f 2653//2653 2693//2693 2694//2694
f 2653//2653 2694//2694 2654//2654
f 2654//2654 2694//2694 2695//2695
f 2654//2654 2695//2695 2655//2655
f 2655//2655 2695//2695 2696//2696
f 2655//2655 2696//2696 2656//2656
f 2656//2656 2696//2696 2697//2697
f 2656//2656 2697//2697 2657//2657
f 2657//2657 2697//2697 2698//2698
f 2657//2657 2698//2698 2658//2658
f 2658//2658 2698//2698 2699//2699
f 2658//2658 2699//2699 2659//2659
f 2659//2659 2699//2699 2700//2700
f 2659//2659 2700//2700 2660//2660
f 2660//2660 2700//2700 2701//2701
f 2660//2660 2701//2701 2661//2661
f 2661//2661 2701//2701 2702//2702
f 2661//2661 2702//2702 2662//2662
f 2662//2662 2702//2702 2703//2703
f 2662//2662 2703//2703 2663//2663
f 2663//2663 2703//2703 2704//2704
f 2663//2663 2704//2704 2664//2664
f 2664//2664 2704//2704 2705//2705
f 2664//2664 2705//2705 2665//2665
f 2665//2665 2705//2705 2706//2706
f 2665//2665 2706//2706 2666//2666
f 2666//2666 2706//2706 2707//2707
f 2666//2666 2707//2707 2667//2667
f 2667//2667 2707//2707 2708//2708
f 2667//2667 2708//2708 2668//2668
f 2668//2668 2708//2708 2709//2709
f 2668//2668 2709//2709 2669//2669
f 2669//2669 2709//2709 2710//2710
f 2669//2669 2710//2710 2670//2670
f 2670//2670 2710//2710 2711//2711
f 2670//2670 2711//2711 2671//2671
f 2671//2671 2711//2711 2712//2712
f 2671//2671 2712//2712 2672//2672
f 2672//2672 2712//2712 2713//2713
f 2672//2672 2713//2713 2673//2673
f 2673//2673 2713//2713 2714//2714
f 2673//2673 2714//2714 2674//2674
f 2674//2674 2714//2714 2715//2715
f 2674//2674 2715//2715 2675//2675
f 2675//2675 2715//2715 2716//2716
f 2675//2675 2716//2716 2676//2676
f 2676//2676 2716//2716 2717//2717
f 2676//2676 2717//2717 2677//2677
f 2677//2677 2717//2717 2718//2718
f 2677//2677 2718//2718 2678//2678
f 2678//2678 2718//2718 2719//2719
f 2678//2678 2719//2719 2679//2679
f 2679//2679 2719//2719 2720//2720
f 2679//2679 2720//2720 2680//2680
f 2680//2680 2720//2720 2721//2721
f 2680//2680 2721//2721 2681//2681
f 2681//2681 2721//2721 2722//2722
f 2681//2681 2722//2722 2682//2682
f 2682//2682 2722//2722 2723//2723
f 2682//2682 2723//2723 2683//2683
f 2683//2683 2723//2723 2724//2724
f 2683//2683 2724//2724 2684//2684
f 2684//2684 2724//2724 2725//2725
f 2684//2684 2725//2725 2685//2685
f 2685//2685 2725//2725 2726//2726
f 2685//2685 2726//2726 2686//2686
f 2686//2686 2726//2726 2727//2727
f 2686//2686 2727//2727 2687//2687
f 2687//2687 2727//2727 2728//2728
f 2687//2687 2728//2728 2688//2688
f 2688//2688 2728//2728 2729//2729
f 2688//2688 2729//2729 2689//2689
f 2689//2689 2729//2729 2730//2730
f 2732//2732 2737//2737 2731//2731
f 2738//2738 2737//2737 2732//2732
f 2733//2733 2738//2738 2732//2732
f 2739//2739 2738//2738 2733//2733
f 2734//2734 2739//2739 2733//2733
f 2740//2740 2739//2739 2734//2734
f 2735//2735 2740//2740 2734//2734
f 2741//2741 2740//2740 2735//2735
f 2736//2736 2741//2741 2735//2735
f 2742//2742 2741//2741 2736//2736
f 2738//2738 2743//2743 2737//2737
f 2744//2744 2743//2743 2738//2738
f 2739//2739 2744//2744 2738//2738
f 2745//2745 2744//2744 2739//2739
f 2740//2740 2745//2745 2739//2739
f 2746//2746 2745//2745 2740//2740
f 2741//2741 2746//2746 2740//2740
f 2747//2747 2746//2746 2741//2741
f 2742//2742 2747//2747 2741//2741
f 2748//2748 2747//2747 2742//2742
f 2744//2744 2749//2749 2743//2743
f 2750//2750 2749//2749 2744//2744
f 2745//2745 2750//2750 2744//2744
f 2751//2751 2750//2750 2745//2745
f 2746//2746 2751//2751 2745//2745
f 2752//2752 2751//2751 2746//2746
f 2747//2747 2752//2752 2746//2746
f 2753//2753 2752//2752 2747//2747
f 2748//2748 2753//2753 2747//2747
f 2754//2754 2753//2753 2748//2748
f 2750//2750 2755//2755 2749//2749
f 2756//2756 2755//2755 2750//2750
f 2751//2751 2756//2756 2750//2750
f 2757//2757 2756//2756 2751//2751
f 2752//2752 2757//2757 2751//2751
f 2758//2758 2757//2757 2752//2752
f 2753//2753 2758//2758 2752//2752
f 2759//2759 2758//2758 2753//2753
f 2754//2754 2759//2759 2753//2753
f 2760//2760 2759//2759 2754//2754
f 2756//2756 2761//2761 2755//2755
f 2762//2762 2761//2761 2756//2756
f 2757//2757 2762//2762 2756//2756
f 2763//2763 2762//2762 2757//2757
f 2758//2758 2763//2763 2757//2757
f 2764//2764 2763//2763 2758//2758
f 2759//2759 2764//2764 2758//2758
f 2765//2765 2764//2764 2759//2759
f 2760//2760 2765//2765 2759//2759
f 2766//2766 2765//2765 2760//2760
f 2767//2767 2773//2773 2768//2768
f 2768//2768 2773//2773 2774//2774
f 2768//2768 2774//2774 2769//2769
f 2769//2769 2774//2774 2775//2775
f 2769//2769 2775//2775 2770//2770
f 2770//2770 2775//2775 2776//2776
f 2770//2770 2776//2776 2771//2771
f 2771//2771 2776//2776 2777//2777
f 2771//2771 2777//2777 2772//2772
f 2772//2772 2777//2777 2778//2778
f 2773//2773 2779//2779 2774//2774
f 2774//2774 2779//2779 2780//2780
f 2774//2774 2780//2780 2775//2775
f 2775//2775 2780//2780 2781//2781
f 2775//2775 2781//2781 2776//2776
f 2776//2776 2781//2781 2782//2782
f 2776//2776 2782//2782 2777//2777
f 2777//2777 2782//2782 2783//2783
f 2777//2777 2783//2783 2778//2778
f 2778//2778 2783//2783 2784//2784
f 2779//2779 2785//2785 2780//2780
f 2780//2780 2785//2785 2786//2786
f 2780//2780 2786//2786 2781//2781
f 2781//2781 2786//2786 2787//2787
f 2781//2781 2787//2787 2782//2782
f 2782//2782 2787//2787 2788//2788
f 2782//2782 2788//2788 2783//2783
f 2783//2783 2788//2788 2789//2789
f 2783//2783 2789//2789 2784//2784
f 2784//2784 2789//2789 2790//2790
f 2785//2785 2791//2791 2786//2786
f 2786//2786 2791//2791 2792//2792
f 2786//2786 2792//2792 2787//2787
f 2787//2787 2792//2792 2793//2793
f 2787//2787 2793//2793 2788//2788
f 2788//2788 2793//2793 2794//2794
f 2788//2788 2794//2794 2789//2789
f 2789//2789 2794//2794 2795//2795
f 2789//2789 2795//2795 2790//2790
f 2790//2790 2795//2795 2796//2796
f 2791//2791 2797//2797 2792//2792
f 2792//2792 2797//2797 2798//2798
f 2792//2792 2798//2798 2793//2793
f 2793//2793 2798//2798 2799//2799
f 2793//2793 2799//2799 2794//2794
f 2794//2794 2799//2799 2800//2800
f 2794//2794 2800//2800 2795//2795
f 2795//2795 2800//2800 2801//2801
f 2795//2795 2801//2801 2796//2796
f 2796//2796 2801//2801 2802//2802
f 2804//2804 2809//2809 2803//2803
f 2810//2810 2809//2809 2804//2804
f 2805//2805 2810//2810 2804//2804
f 2811//2811 2810//2810 2805//2805
f 2806//2806 2811//2811 2805//2805
f 2812//2812 2811//2811 2806//2806
f 2807//2807 2812//2812 2806//2806
f 2813//2813 2812//2812 2807//2807
f 2808//2808 2813//2813 2807//2807
f 2814//2814 2813//2813 2808//2808
f 2810//2810 2815//2815 2809//2809
f 2816//2816 2815//2815 2810//2810
f 2811//2811 2816//2816 2810//2810
f 2817//2817 2816//2816 2811//2811
f 2812//2812 2817//2817 2811//2811
f 2818//2818 2817//2817 2812//2812
f 2813//2813 2818//2818 2812//2812
f 2819//2819 2818//2818 2813//2813
f 2814//2814 2819//2819 2813//2813
f 2820//2820 2819//2819 2814//2814
f 2816//2816 2821//2821 2815//2815
f 2822//2822 2821//2821 2816//2816
f 2817//2817 2822//2822 2816//2816
f 2823//2823 2822//2822 2817//2817
f 2818//2818 2823//2823 2817//2817
f 2824//2824 2823//2823 2818//2818
f 2819//2819 2824//2824 2818//2818
f 2825//2825 2824//2824 2819//2819
f 2820//2820 2825//2825 2819//2819
f 2826//2826 2825//2825 2820//2820
f 2822//2822 2827//2827 2821//2821
f 2828//2828 2827//2827 2822//2822
f 2823//2823 2828//2828 2822//2822
f 2829//2829 2828//2828 2823//2823
f 2824//2824 2829//2829 2823//2823
f 2830//2830 2829//2829 2824//2824
f 2825//2825 2830//2830 2824//2824
f 2831//2831 2830//2830 2825//2825
f 2826//2826 2831//2831 2825//2825
f 2832//2832 2831//2831 2826//2826
f 2828//2828 2833//2833 2827//2827
f 2834//2834 2833//2833 2828//2828
f 2829//2829 2834//2834 2828//2828
f 2835//2835 2834//2834 2829//2829
f 2830//2830 2835//2835 2829//2829
f 2836//2836 2835//2835 2830//2830
f 2831//2831 2836//2836 2830//2830
f 2837//2837 2836//2836 2831//2831
f 2832//2832 2837//2837 2831//2831
f 2838//2838 2837//2837 2832//2832
f 2839//2839 2845//2845 2840//2840
f 2840//2840 2845//2845 2846//2846
f 2840//2840 2846//2846 2841//2841
f 2841//2841 2846//2846 2847//2847
f 2841//2841 2847//2847 2842//2842
f 2842//2842 2847//2847 2848//2848
f 2842//2842 2848//2848 2843//2843
f 2843//2843 2848//2848 2849//2849
f 2843//2843 2849//2849 2844//2844
f 2844//2844 2849//2849 2850//2850
f 2845//2845 2851//2851 2846//2846
f 2846//2846 2851//2851 2852//2852
f 2846//2846 2852//2852 2847//2847
f 2847//2847 2852//2852 2853//2853
f 2847//2847 2853//2853 2848//2848
f 2848//2848 2853//2853 2854//2854
f 2848//2848 2854//2854 2849//2849
f 2849//2849 2854//2854 2855//2855
f 2849//2849 2855//2855 2850//2850
f 2850//2850 2855//2855 2856//2856
f 2851//2851 2857//2857 2852//2852
f 2852//2852 2857//2857 2858//2858
f 2852//2852 2858//2858 2853//2853
f 2853//2853 2858//2858 2859//2859
f 2853//2853 2859//2859 2854//2854
f 2854//2854 2859//2859 2860//2860
f 2854//2854 2860//2860 2855//2855
f 2855//2855 2860//2860 2861//2861
f 2855//2855 2861//2861 2856//2856
f 2856//2856 2861//2861 2862//2862
f 2857//2857 2863//2863 2858//2858
f 2858//2858 2863//2863 2864//2864
f 2858//2858 2864//2864 2859//2859
f 2859//2859 2864//2864 2865//2865
f 2859//2859 2865//2865 2860//2860
f 2860//2860 2865//2865 2866//2866
f 2860//2860 2866//2866 2861//2861
f 2861//2861 2866//2866 2867//2867
f 2861//2861 2867//2867 2862//2862
f 2862//2862 2867//2867 2868//2868
f 2863//2863 2869//2869 2864//2864
f 2864//2864 2869//2869 2870//2870
f 2864//2864 2870//2870 2865//2865
f 2865//2865 2870//2870 2871//2871
f 2865//2865 2871//2871 2866//2866
f 2866//2866 2871//2871 2872//2872
f 2866//2866 2872//2872 2867//2867
f 2867//2867 2872//2872 2873//2873
f 2867//2867 2873//2873 2868//2868
f 2868//2868 2873//2873 2874//2874
f 2876//2876 2881//2881 2875//2875
f 2882//2882 2881//2881 2876//2876
f 2877//2877 2882//2882 2876//2876
f 2883//2883 2882//2882 2877//2877
f 2878//2878 2883//2883 2877//2877
f 2884//2884 2883//2883 2878//2878
f 2879//2879 2884//2884 2878//2878
f 2885//2885 2884//2884 2879//2879
f 2880//2880 2885//2885 2879//2879
f 2886//2886 2885//2885 2880//2880
f 2882//2882 2887//2887 2881//2881
f 2888//2888 2887//2887 2882//2882
f 2883//2883 2888//2888 2882//2882
f 2889//2889 2888//2888 2883//2883
f 2884//2884 2889//2889 2883//2883
f 2890//2890 2889//2889 2884//2884
f 2885//2885 2890//2890 2884//2884
f 2891//2891 2890//2890 2885//2885
f 2886//2886 2891//2891 2885//2885
f 2892//2892 2891//2891 2886//2886
f 2888//2888 2893//2893 2887//2887
f 2894//2894 2893//2893 2888//2888
f 2889//2889 2894//2894 2888//2888
f 2895//2895 2894//2894 2889//2889
f 2890//2890 2895//2895 2889//2889
f 2896//2896 2895//2895 2890//2890
f 2891//2891 2896//2896 2890//2890
f 2897//2897 2896//2896 2891//2891
f 2892//2892 2897//2897 2891//2891
f 2898//2898 2897//2897 2892//2892
f 2894//2894 2899//2899 2893//2893
f 2900//2900 2899//2899 2894//2894
f 2895//2895 2900//2900 2894//2894
f 2901//2901 2900//2900 2895//2895
f 2896//2896 2901//2901 2895//2895
f 2902//2902 2901//2901 2896//2896
f 2897//2897 2902//2902 2896//2896
f 2903//2903 2902//2902 2897//2897
f 2898//2898 2903//2903 2897//2897
f 2904//2904 2903//2903 2898//2898
f 2900//2900 2905//2905 2899//2899
f 2906//2906 2905//2905 2900//2900
f 2901//2901 2906//2906 2900//2900
f 2907//2907 2906//2906 2901//2901
f 2902//2902 2907//2907 2901//2901
f 2908//2908 2907//2907 2902//2902
f 2903//2903 2908//2908 2902//2902
f 2909//2909 2908//2908 2903//2903
f 2904//2904 2909//2909 2903//2903
f 2910//2910 2909//2909 2904//2904
f 2911//2911 2917//2917 2912//2912
f 2912//2912 2917//2917 2918//2918
f 2912//2912 2918//2918 2913//2913
f 2913//2913 2918//2918 2919//2919
f 2913//2913 2919//2919 2914//2914
f 2914//2914 2919//2919 2920//2920
f 2914//2914 2920//2920 2915//2915
f 2915//2915 2920//2920 2921//2921
f 2915//2915 2921//2921 2916//2916
f 2916//2916 2921//2921 2922//2922
f 2917//2917 2923//2923 2918//2918
f 2918//2918 2923//2923 2924//2924
f 2918//2918 2924//2924 2919//2919
f 2919//2919 2924//2924 2925//2925
f 2919//2919 2925//2925 2920//2920
f 2920//2920 2925//2925 2926//2926
f 2920//2920 2926//2926 2921//2921
f 2921//2921 2926//2926 2927//2927
f 2921//2921 2927//2927 2922//2922
f 2922//2922 2927//2927 2928//2928
f 2923//2923 2929//2929 2924//2924
f 2924//2924 2929//2929 2930//2930
f 2924//2924 2930//2930 2925//2925
f 2925//2925 2930//2930 2931//2931
f 2925//2925 2931//2931 2926//2926
f 2926//2926 2931//2931 2932//2932
f 2926//2926 2932//2932 2927//2927
f 2927//2927 2932//2932 2933//2933
f 2927//2927 2933//2933 2928//2928
f 2928//2928 2933//2933 2934//2934
f 2929//2929 2935//2935 2930//2930
f 2930//2930 2935//2935 2936//2936
f 2930//2930 2936//2936 2931//2931
f 2931//2931 2936//2936 2937//2937
f 2931//2931 2937//2937 2932//2932
f 2932//2932 2937//2937 2938//2938
f 2932//2932 2938//2938 2933//2933
f 2933//2933 2938//2938 2939//2939
f 2933//2933 2939//2939 2934//2934
f 2934//2934 2939//2939 2940//2940
f 2935//2935 2941//2941 2936//2936
f 2936//2936 2941//2941 2942//2942
f 2936//2936 2942//2942 2937//2937
f 2937//2937 2942//2942 2943//2943
f 2937//2937 2943//2943 2938//2938
f 2938//2938 2943//2943 2944//2944
f 2938//2938 2944//2944 2939//2939
f 2939//2939 2944//2944 2945//2945
f 2939//2939 2945//2945 2940//2940
f 2940//2940 2945//2945 2946//2946
f 2947//2947 2988//2988 2948//2948
f 2948//2948 2988//2988 2989//2989
f 2948//2948 2989//2989 2949//2949
f 2949//2949 2989//2989 2990//2990
f 2949//2949 2990//2990 2950//2950
f 2950//2950 2990//2990 2991//2991
f 2950//2950 2991//2991 2951//2951
f 2951//2951 2991//2991 2992//2992
f 2951//2951 2992//2992 2952//2952
f 2952//2952 2992//2992 2993//2993
f 2952//2952 2993//2993 2953//2953
f 2953//2953 2993//2993 2994//2994
f 2953//2953 2994//2994 2954//2954
f 2954//2954 2994//2994 2995//2995
f 2954//2954 2995//2995 2955//2955
f 2955//2955 2995//2995 2996//2996
f 2955//2955 2996//2996 2956//2956
f 2956//2956 2996//2996 2997//2997
f 2956//2956 2997//2997 2957//2957
f 2957//2957 2997//2997 2998//2998
f 2957//2957 2998//2998 2958//2958
f 2958//2958 2998//2998 2999//2999
f 2958//2958 2999//2999 2959//2959
f 2959//2959 2999//2999 3000//3000
f 2959//2959 3000//3000 2960//2960
f 2960//2960 3000//3000 3001//3001
f 2960//2960 3001//3001 2961//2961
f 2961//2961 3001//3001 3002//3002
f 2961//2961 3002//3002 2962//2962
f 2962//2962 3002//3002 3003//3003
f 2962//2962 3003//3003 2963//2963
f 2963//2963 3003//3003 3004//3004
f 2963//2963 3004//3004 2964//2964
f 2964//2964 3004//3004 3005//3005
f 2964//2964 3005//3005 2965//2965
f 2965//2965 3005//3005 3006//3006
f 2965//2965 3006//3006 2966//2966
f 2966//2966 3006//3006 3007//3007
f 2966//2966 3007//3007 2967//2967
f 2967//2967 3007//3007 3008//3008
f 2967//2967 3008//3008 2968//2968
f 2968//2968 3008//3008 3009//3009
f 2968//2968 3009//3009 2969//2969
f 2969//2969 3009//3009 3010//3010
f 2969//2969 3010//3010 2970//2970
f 2970//2970 3010//3010 3011//3011
f 2970//2970 3011//3011 2971//2971
f 2971//2971 3011//3011 3012//3012
f 2971//2971 3012//3012 2972//2972
f 2972//2972 3012//3012 3013//3013
f 2972//2972 3013//3013 2973//2973
f 2973//2973 3013//3013 3014//3014
f 2973//2973 3014//3014 2974//2974
f 2974//2974 3014//3014 3015//3015
f 2974//2974 3015//3015 2975//2975
f 2975//2975 3015//3015 3016//3016
f 2975//2975 3016//3016 2976//2976
f 2976//2976 3016//3016 3017//3017
f 2976//2976 3017//3017 2977//2977
f 2977//2977 3017//3017 3018//3018
f 2977//2977 3018//3018 2978//2978
f 2978//2978 3018//3018 3019//3019
f 2978//2978 3019//3019 2979//2979
f 2979//2979 3019//3019 3020//3020
f 2979//2979 3020//3020 2980//2980
f 2980//2980 3020//3020 3021//3021
f 2980//2980 3021//3021 2981//2981
f 2981//2981 3021//3021 3022//3022
f 2981//2981 3022//3022 2982//2982
f 2982//2982 3022//3022 3023//3023
f 2982//2982 3023//3023 2983//2983
f 2983//2983 3023//3023 3024//3024
f 2983//2983 3024//3024 2984//2984
f 2984//2984 3024//3024 3025//3025
f 2984//2984 3025//3025 2985//2985
f 2985//2985 3025//3025 3026//3026
f 2985//2985 3026//3026 2986//2986
f 2986//2986 3026//3026 3027//3027
f 2986//2986 3027//3027 2987//2987
f 2987//2987 3027//3027 3028//3028
f 2988//2988 3029//3029 2989//2989
f 2989//2989 3029//3029 3030//3030
f 2989//2989 3030//3030 2990//2990
f 2990//2990 3030//3030 3031//3031
f 2990//2990 3031//3031 2991//2991
f 2991//2991 3031//3031 3032//3032
f 2991//2991 3032//3032 2992//2992
f 2992//2992 3032//3032 3033//3033
f 2992//2992 3033//3033 2993//2993
f 2993//2993 3033//3033 3034//3034
f 2993//2993 3034//3034 2994//2994
f 2994//2994 3034//3034 3035//3035
f 2994//2994 3035//3035 2995//2995
f 2995//2995 3035//3035 3036//3036
f 2995//2995 3036//3036 2996//2996
f 2996//2996 3036//3036 3037//3037
f 2996//2996 3037//3037 2997//2997
f 2997//2997 3037//3037 3038//3038
f 2997//2997 3038//3038 2998//2998
f 2998//2998 3038//3038 3039//3039
f 2998//2998 3039//3039 2999//2999
f 2999//2999 3039//3039 3040//3040
f 2999//2999 3040//3040 3000//3000
f 3000//3000 3040//3040 3041//3041
f 3000//3000 3041//3041 3001//3001
f 3001//3001 3041//3041 3042//3042
f 3001//3001 3042//3042 3002//3002
f 3002//3002 3042//3042 3043//3043
f 3002//3002 3043//3043 3003//3003
f 3003//3003 3043//3043 3044//3044
f 3003//3003 3044//3044 3004//3004
f 3004//3004 3044//3044 3045//3045
f 3004//3004 3045//3045 3005//3005
f 3005//3005 3045//3045 3046//3046
f 3005//3005 3046//3046 3006//3006
f 3006//3006 3046//3046 3047//3047
f 3006//3006 3047//3047 3007//3007
f 3007//3007 3047//3047 3048//3048
f 3007//3007 3048//3048 3008//3008
f 3008//3008 3048//3048 3049//3049
f 3008//3008 3049//3049 3009//3009
f 3009//3009 3049//3049 3050//3050
f 3009//3009 3050//3050 3010//3010
f 3010//3010 3050//3050 3051//3051
f 3010//3010 3051//3051 3011//3011
f 3011//3011 3051//3051 3052//3052
f 3011//3011 3052//3052 3012//3012
f 3012//3012 3052//3052 3053//3053
f 3012//3012 3053//3053 3013//3013
f 3013//3013 3053//3053 3054//3054
f 3013//3013 3054//3054 3014//3014
f 3014//3014 3054//3054 3055//3055
f 3014//3014 3055//3055 3015//3015
f 3015//3015 3055//3055 3056//3056
f 3015//3015 3056//3056 3016//3016
f 3016//3016 3056//3056 3057//3057
f 3016//3016 3057//3057 3017//3017
f 3017//3017 3057//3057 3058//3058
f 3017//3017 3058//3058 3018//3018
f 3018//3018 3058//3058 3059//3059
f 3018//3018 3059//3059 3019//3019
f 3019//3019 3059//3059 3060//3060
f 3019//3019 3060//3060 3020//3020
f 3020//3020 3060//3060 3061//3061
f 3020//3020 3061//3061 3021//3021
f 3021//3021 3061//3061 3062//3062
f 3021//3021 3062//3062 3022//3022
f 3022//3022 3062//3062 3063//3063
f 3022//3022 3063//3063 3023//3023
f 3023//3023 3063//3063 3064//3064
f 3023//3023 3064//3064 3024//3024
f 3024//3024 3064//3064 3065//3065
f 3024//3024 3065//3065 3025//3025
f 3025//3025 3065//3065 3066//3066
f 3025//3025 3066//3066 3026//3026
f 3026//3026 3066//3066 3067//3067
f 3026//3026 3067//3067 3027//3027
f 3027//3027 3067//3067 3068//3068
f 3027//3027 3068//3068 3028//3028
f 3028//3028 3068//3068 3069//3069
f 3029//3029 3070//3070 3030//3030
f 3030//3030 3070//3070 3071//3071
f 3030//3030 3071//3071 3031//3031
f 3031//3031 3071//3071 3072//3072
f 3031//3031 3072//3072 3032//3032
f 3032//3032 3072//3072 3073//3073
f 3032//3032 3073//3073 3033//3033
f 3033//3033 3073//3073 3074//3074
f 3033//3033 3074//3074 3034//3034
f 3034//3034 3074//3074 3075//3075
f 3034//3034 3075//3075 3035//3035
f 3035//3035 3075//3075 3076//3076
f 3035//3035 3076//3076 3036//3036
f 3036//3036 3076//3076 3077//3077
f 3036//3036 3077//3077 3037//3037
f 3037//3037 3077//3077 3078//3078
f 3037//3037 3078//3078 3038//3038
f 3038//3038 3078//3078 3079//3079
f 3038//3038 3079//3079 3039//3039
f 3039//3039 3079//3079 3080//3080
f 3039//3039 3080//3080 3040//3040
f 3040//3040 3080//3080 3081//3081
f 3040//3040 3081//3081 3041//3041
f 3041//3041 3081//3081 3082//3082
f 3041//3041 3082//3082 3042//3042
f 3042//3042 3082//3082 3083//3083
f 3042//3042 3083//3083 3043//3043
f 3043//3043 3083//3083 3084//3084
f 3043//3043 3084//3084 3044//3044
f 3044//3044 3084//3084 3085//3085
f 3044//3044 3085//3085 3045//3045
f 3045//3045 3085//3085 3086//3086
f 3045//3045 3086//3086 3046//3046
f 3046//3046 3086//3086 3087//3087
f 3046//3046 3087//3087 3047//3047
f 3047//3047 3087//3087 3088//3088
f 3047//3047 3088//3088 3048//3048
f 3048//3048 3088//3088 3089//3089
f 3048//3048 3089//3089 3049//3049
f 3049//3049 3089//3089 3090//3090
f 3049//3049 3090//3090 3050//3050
f 3050//3050 3090//3090 3091//3091
f 3050//3050 3091//3091 3051//3051
f 3051//3051 3091//3091 3092//3092
f 3051//3051 3092//3092 3052//3052
f 3052//3052 3092//3092 3093//3093
f 3052//3052 3093//3093 3053//3053
f 3053//3053 3093//3093 3094//3094
f 3053//3053 3094//3094 3054//3054
f 3054//3054 3094//3094 3095//3095
f 3054//3054 3095//3095 3055//3055
f 3055//3055 3095//3095 3096//3096
f 3055//3055 3096//3096 3056//3056
f 3056//3056 3096//3096 3097//3097
f 3056//3056 3097//3097 3057//3057
f 3057//3057 3097//3097 3098//3098
f 3057//3057 3098//3098 3058//3058
f 3058//3058 3098//3098 3099//3099
f 3058//3058 3099//3099 3059//3059
f 3059//3059 3099//3099 3100//3100
f 3059//3059 3100//3100 3060//3060
f 3060//3060 3100//3100 3101//3101
f 3060//3060 3101//3101 3061//3061
f 3061//3061 3101//3101 3102//3102
f 3061//3061 3102//3102 3062//3062
f 3062//3062 3102//3102 3103//3103
f 3062//3062 3103//3103 3063//3063
f 3063//3063 3103//3103 3104//3104
f 3063//3063 3104//3104 3064//3064
f 3064//3064 3104//3104 3105//3105
f 3064//3064 3105//3105 3065//3065
f 3065//3065 3105//3105 3106//3106
f 3065//3065 3106//3106 3066//3066
f 3066//3066 3106//3106 3107//3107
f 3066//3066 3107//3107 3067//3067
f 3067//3067 3107//3107 3108//3108
f 3067//3067 3108//3108 3068//3068
f 3068//3068 3108//3108 3109//3109
f 3068//3068 3109//3109 3069//3069
f 3069//3069 3109//3109 3110//3110
f 3070//3070 3111//3111 3071//3071
f 3071//3071 3111//3111 3112//3112
f 3071//3071 3112//3112 3072//3072
f 3072//3072 3112//3112 3113//3113
f 3072//3072 3113//3113 3073//3073
f 3073//3073 3113//3113 3114//3114
f 3073//3073 3114//3114 3074//3074
f 3074//3074 3114//3114 3115//3115
f 3074//3074 3115//3115 3075//3075
f 3075//3075 3115//3115 3116//3116
f 3075//3075 3116//3116 3076//3076
f 3076//3076 3116//3116 3117//3117
f 3076//3076 3117//3117 3077//3077
f 3077//3077 3117//3117 3118//3118
f 3077//3077 3118//3118 3078//3078
f 3078//3078 3118//3118 3119//3119
f 3078//3078 3119//3119 3079//3079
f 3079//3079 3119//3119 3120//3120
f 3079//3079 3120//3120 3080//3080
f 3080//3080 3120//3120 3121//3121
f 3080//3080 3121//3121 3081//3081
f 3081//3081 3121//3121 3122//3122
f 3081//3081 3122//3122 3082//3082
f 3082//3082 3122//3122 3123//3123
f 3082//3082 3123//3123 3083//3083
f 3083//3083 3123//3123 3124//3124
f 3083//3083 3124//3124 3084//3084
f 3084//3084 3124//3124 3125//3125
f 3084//3084 3125//3125 3085//3085
f 3085//3085 3125//3125 3126//3126
f 3085//3085 3126//3126 3086//3086
f 3086//3086 3126//3126 3127//3127
f 3086//3086 3127//3127 3087//3087
f 3087//3087 3127//3127 3128//3128
f 3087//3087 3128//3128 3088//3088
f 3088//3088 3128//3128 3129//3129
f 3088//3088 3129//3129 3089//3089
f 3089//3089 3129//3129 3130//3130
f 3089//3089 3130//3130 3090//3090
f 3090//3090 3130//3130 3131//3131
f 3090//3090 3131//3131 3091//3091
f 3091//3091 3131//3131 3132//3132
f 3091//3091 3132//3132 3092//3092
f 3092//3092 3132//3132 3133//3133
f 3092//3092 3133//3133 3093//3093
f 3093//3093 3133//3133 3134//3134
f 3093//3093 3134//3134 3094//3094
f 3094//3094 3134//3134 3135//3135
f 3094//3094 3135//3135 3095//3095
f 3095//3095 3135//3135 3136//3136
f 3095//3095 3136//3136 3096//3096
f 3096//3096 3136//3136 3137//3137
f 3096//3096 3137//3137 3097//3097
f 3097//3097 3137//3137 3138//3138
f 3097//3097 3138//3138 3098//3098
f 3098//3098 3138//3138 3139//3139
f 3098//3098 3139//3139 3099//3099
f 3099//3099 3139//3139 3140//3140
f 3099//3099 3140//3140 3100//3100
f 3100//3100 3140//3140 3141//3141
f 3100//3100 3141//3141 3101//3101
f 3101//3101 3141//3141 3142//3142
f 3101//3101 3142//3142 3102//3102
f 3102//3102 3142//3142 3143//3143
f 3102//3102 3143//3143 3103//3103
f 3103//3103 3143//3143 3144//3144
f 3103//3103 3144//3144 3104//3104
f 3104//3104 3144//3144 3145//3145
f 3104//3104 3145//3145 3105//3105
f 3105//3105 3145//3145 3146//3146
f 3105//3105 3146//3146 3106//3106
f 3106//3106 3146//3146 3147//3147
f 3106//3106 3147//3147 3107//3107
f 3107//3107 3147//3147 3148//3148
f 3107//3107 3148//3148 3108//3108
f 3108//3108 3148//3148 3149//3149
f 3108//3108 3149//3149 3109//3109
f 3109//3109 3149//3149 3150//3150
f 3109//3109 3150//3150 3110//3110
f 3110//3110 3150//3150 3151//3151
f 3111//3111 3152//3152 3112//3112
f 3112//3112 3152//3152 3153//3153
f 3112//3112 3153//3153 3113//3113
f 3113//3113 3153//3153 3154//3154
f 3113//3113 3154//3154 3114//3114
f 3114//3114 3154//3154 3155//3155
f 3114//3114 3155//3155 3115//3115
f 3115//3115 3155//3155 3156//3156
f 3115//3115 3156//3156 3116//3116
f 3116//3116 3156//3156 3157//3157
f 3116//3116 3157//3157 3117//3117
f 3117//3117 3157//3157 3158//3158
f 3117//3117 3158//3158 3118//3118
f 3118//3118 3158//3158 3159//3159
f 3118//3118 3159//3159 3119//3119
f 3119//3119 3159//3159 3160//3160
f 3119//3119 3160//3160 3120//3120
f 3120//3120 3160//3160 3161//3161
f 3120//3120 3161//3161 3121//3121
f 3121//3121 3161//3161 3162//3162
f 3121//3121 3162//3162 3122//3122
f 3122//3122 3162//3162 3163//3163
f 3122//3122 3163//3163 3123//3123
f 3123//3123 3163//3163 3164//3164
f 3123//3123 3164//3164 3124//3124
f 3124//3124 3164//3164 3165//3165
f 3124//3124 3165//3165 3125//3125
f 3125//3125 3165//3165 3166//3166
f 3125//3125 3166//3166 3126//3126
f 3126//3126 3166//3166 3167//3167
f 3126//3126 3167//3167 3127//3127
f 3127//3127 3167//3167 3168//3168
f 3127//3127 3168//3168 3128//3128
f 3128//3128 3168//3168 3169//3169
f 3128//3128 3169//3169 3129//3129
f 3129//3129 3169//3169 3170//3170
f 3129//3129 3170//3170 3130//3130
f 3130//3130 3170//3170 3171//3171
f 3130//3130 3171//3171 3131//3131
f 3131//3131 3171//3171 3172//3172
f 3131//3131 3172//3172 3132//3132
f 3132//3132 3172//3172 3173//3173
f 3132//3132 3173//3173 3133//3133
f 3133//3133 3173//3173 3174//3174
f 3133//3133 3174//3174 3134//3134
f 3134//3134 3174//3174 3175//3175
f 3134//3134 3175//3175 3135//3135
f 3135//3135 3175//3175 3176//3176
f 3135//3135 3176//3176 3136//3136
f 3136//3136 3176//3176 3177//3177
f 3136//3136 3177//3177 3137//3137
f 3137//3137 3177//3177 3178//3178
f 3137//3137 3178//3178 3138//3138
f 3138//3138 3178//3178 3179//3179
f 3138//3138 3179//3179 3139//3139
f 3139//3139 3179//3179 3180//3180
f 3139//3139 3180//3180 3140//3140
f 3140//3140 3180//3180 3181//3181
f 3140//3140 3181//3181 3141//3141
f 3141//3141 3181//3181 3182//3182
f 3141//3141 3182//3182 3142//3142
f 3142//3142 3182//3182 3183//3183
f 3142//3142 3183//3183 3143//3143
f 3143//3143 3183//3183 3184//3184
f 3143//3143 3184//3184 3144//3144
f 3144//3144 3184//3184 3185//3185
f 3144//3144 3185//3185 3145//3145
f 3145//3145 3185//3185 3186//3186
f 3145//3145 3186//3186 3146//3146
f 3146//3146 3186//3186 3187//3187
f 3146//3146 3187//3187 3147//3147
f 3147//3147 3187//3187 3188//3188
f 3147//3147 3188//3188 3148//3148
f 3148//3148 3188//3188 3189//3189
f 3148//3148 3189//3189 3149//3149
f 3149//3149 3189//3189 3190//3190
f 3149//3149 3190//3190 3150//3150
f 3150//3150 3190//3190 3191//3191
f 3150//3150 3191//3191 3151//3151
f 3151//3151 3191//3191 3192//3192
o station-sink_darkMetal
usemtl darkMetal
v 0.253000 0.391680 0.175000
v 0.251751 0.391680 0.187681
v 0.248052 0.391680 0.199874
v 0.242046 0.391680 0.211112
v 0.233962 0.391680 0.220962
v 0.224112 0.391680 0.229046
v 0.212874 0.391680 0.235052
v 0.200681 0.391680 0.238751
v 0.188000 0.391680 0.240000
v -0.188000 0.391680 0.240000
v -0.200681 0.391680 0.238751
v -0.212874 0.391680 0.235052
v -0.224112 0.391680 0.229046
v -0.233962 0.391680 0.220962
v -0.242046 0.391680 0.211112
v -0.248052 0.391680 0.199874
v -0.251751 0.391680 0.187681
v -0.253000 0.391680 0.175000
v -0.253000 0.391680 -0.135000
v -0.251751 0.391680 -0.147681
v -0.248052 0.391680 -0.159874
v -0.242046 0.391680 -0.171112
v -0.233962 0.391680 -0.180962
v -0.224112 0.391680 -0.189046
v -0.212874 0.391680 -0.195052
v -0.200681 0.391680 -0.198751
v -0.188000 0.391680 -0.200000
v 0.188000 0.391680 -0.200000
v 0.200681 0.391680 -0.198751
v 0.212874 0.391680 -0.195052
v 0.224112 0.391680 -0.189046
v 0.233962 0.391680 -0.180962
v 0.242046 0.391680 -0.171112
v 0.248052 0.391680 -0.159874
v 0.251751 0.391680 -0.147681
v 0.253000 0.391680 -0.135000
v 0.225000 0.304640 0.137000
v 0.223559 0.304640 0.151632
v 0.219291 0.304640 0.165701
v 0.212360 0.304640 0.178668
v 0.203033 0.304640 0.190033
v 0.191668 0.304640 0.199360
v 0.178701 0.304640 0.206291
v 0.164632 0.304640 0.210559
v 0.150000 0.304640 0.212000
v -0.150000 0.304640 0.212000
v -0.164632 0.304640 0.210559
v -0.178701 0.304640 0.206291
v -0.191668 0.304640 0.199360
v -0.203033 0.304640 0.190033
v -0.212360 0.304640 0.178668
v -0.219291 0.304640 0.165701
v -0.223559 0.304640 0.151632
v -0.225000 0.304640 0.137000
v -0.225000 0.304640 -0.097000
v -0.223559 0.304640 -0.111632
v -0.219291 0.304640 -0.125701
v -0.212360 0.304640 -0.138668
v -0.203033 0.304640 -0.150033
v -0.191668 0.304640 -0.159360
v -0.178701 0.304640 -0.166291
v -0.164632 0.304640 -0.170559
v -0.150000 0.304640 -0.172000
v 0.150000 0.304640 -0.172000
v 0.164632 0.304640 -0.170559
v 0.178701 0.304640 -0.166291
v 0.191668 0.304640 -0.159360
v 0.203033 0.304640 -0.150033
v 0.212360 0.304640 -0.138668
v 0.219291 0.304640 -0.125701
v 0.223559 0.304640 -0.111632
v 0.225000 0.304640 -0.097000
v -0.220509 0.293074 -0.167509
v -0.221458 0.292428 -0.164917
v -0.221888 0.292136 -0.161375
v -0.221888 0.292136 0.201375
v -0.221458 0.292428 0.204917
v -0.220509 0.293074 0.207509
v -0.221458 0.294837 -0.168458
v -0.223050 0.294295 -0.165713
v -0.223878 0.294014 -0.161375
v -0.223878 0.294014 0.201375
v -0.223050 0.294295 0.205713
v -0.221458 0.294837 0.208458
v -0.221888 0.297245 -0.168888
v -0.223878 0.297245 -0.166127
v -0.225000 0.297245 -0.161375
v -0.225000 0.297245 0.201375
v -0.223878 0.297245 0.206127
v -0.221888 0.297245 0.208888
v -0.221888 0.299795 -0.168888
v -0.223878 0.299795 -0.166127
v -0.225000 0.299795 -0.161375
v -0.225000 0.299795 0.201375
v -0.223878 0.299795 0.206127
v -0.221888 0.299795 0.208888
v -0.221458 0.302203 -0.168458
v -0.223050 0.302745 -0.165713
v -0.223878 0.303026 -0.161375
v -0.223878 0.303026 0.201375
v -0.223050 0.302745 0.205713
v -0.221458 0.302203 0.208458
v -0.220509 0.303966 -0.167509
v -0.221458 0.304612 -0.164917
v -0.221888 0.304904 -0.161375
v -0.221888 0.304904 0.201375
v -0.221458 0.304612 0.204917
v -0.220509 0.303966 0.207509
v 0.220509 0.293074 -0.167509
v 0.221458 0.292428 -0.164917
v 0.221888 0.292136 -0.161375
v 0.221888 0.292136 0.201375
v 0.221458 0.292428 0.204917
v 0.220509 0.293074 0.207509
v 0.221458 0.294837 -0.168458
v 0.223050 0.294295 -0.165713
v 0.223878 0.294014 -0.161375
v 0.223878 0.294014 0.201375
v 0.223050 0.294295 0.205713
v 0.221458 0.294837 0.208458
v 0.221888 0.297245 -0.168888
v 0.223878 0.297245 -0.166127
v 0.225000 0.297245 -0.161375
v 0.225000 0.297245 0.201375
v 0.223878 0.297245 0.206127
v 0.221888 0.297245 0.208888
v 0.221888 0.299795 -0.168888
v 0.223878 0.299795 -0.166127
v 0.225000 0.299795 -0.161375
v 0.225000 0.299795 0.201375
v 0.223878 0.299795 0.206127
v 0.221888 0.299795 0.208888
v 0.221458 0.302203 -0.168458
v 0.223050 0.302745 -0.165713
v 0.223878 0.303026 -0.161375
v 0.223878 0.303026 0.201375
v 0.223050 0.302745 0.205713
v 0.221458 0.302203 0.208458
v 0.220509 0.303966 -0.167509
v 0.221458 0.304612 -0.164917
v 0.221888 0.304904 -0.161375
v 0.221888 0.304904 0.201375
v 0.221458 0.304612 0.204917
v 0.220509 0.303966 0.207509
v -0.220509 0.293074 -0.167509
v -0.217917 0.292428 -0.168458
v -0.214375 0.292136 -0.168888
v 0.214375 0.292136 -0.168888
v 0.217917 0.292428 -0.168458
v 0.220509 0.293074 -0.167509
v -0.221458 0.292428 -0.164917
v -0.218713 0.291346 -0.165713
v -0.214375 0.290783 -0.166127
v 0.214375 0.290783 -0.166127
v 0.218713 0.291346 -0.165713
v 0.221458 0.292428 -0.164917
v -0.221888 0.292136 -0.161375
v -0.219127 0.290783 -0.161375
v -0.214375 0.290020 -0.161375
v 0.214375 0.290020 -0.161375
v 0.219127 0.290783 -0.161375
v 0.221888 0.292136 -0.161375
v -0.221888 0.292136 0.201375
v -0.219127 0.290783 0.201375
v -0.214375 0.290020 0.201375
v 0.214375 0.290020 0.201375
v 0.219127 0.290783 0.201375
v 0.221888 0.292136 0.201375
v -0.221458 0.292428 0.204917
v -0.218713 0.291346 0.205713
v -0.214375 0.290783 0.206127
v 0.214375 0.290783 0.206127
v 0.218713 0.291346 0.205713
v 0.221458 0.292428 0.204917
v -0.220509 0.293074 0.207509
v -0.217917 0.292428 0.208458
v -0.214375 0.292136 0.208888
v 0.214375 0.292136 0.208888
v 0.217917 0.292428 0.208458
v 0.220509 0.293074 0.207509
v -0.220509 0.303966 -0.167509
v -0.217917 0.304612 -0.168458
v -0.214375 0.304904 -0.168888
v 0.214375 0.304904 -0.168888
v 0.217917 0.304612 -0.168458
v 0.220509 0.303966 -0.167509
v -0.221458 0.304612 -0.164917
v -0.218713 0.305694 -0.165713
v -0.214375 0.306257 -0.166127
v 0.214375 0.306257 -0.166127
v 0.218713 0.305694 -0.165713
v 0.221458 0.304612 -0.164917
v -0.221888 0.304904 -0.161375
v -0.219127 0.306257 -0.161375
v -0.214375 0.307020 -0.161375
v 0.214375 0.307020 -0.161375
v 0.219127 0.306257 -0.161375
v 0.221888 0.304904 -0.161375
v -0.221888 0.304904 0.201375
v -0.219127 0.306257 0.201375
v -0.214375 0.307020 0.201375
v 0.214375 0.307020 0.201375
v 0.219127 0.306257 0.201375
v 0.221888 0.304904 0.201375
v -0.221458 0.304612 0.204917
v -0.218713 0.305694 0.205713
v -0.214375 0.306257 0.206127
v 0.214375 0.306257 0.206127
v 0.218713 0.305694 0.205713
v 0.221458 0.304612 0.204917
v -0.220509 0.303966 0.207509
v -0.217917 0.304612 0.208458
v -0.214375 0.304904 0.208888
v 0.214375 0.304904 0.208888
v 0.217917 0.304612 0.208458
v 0.220509 0.303966 0.207509
v -0.220509 0.293074 -0.167509
v -0.221458 0.294837 -0.168458
v -0.221888 0.297245 -0.168888
v -0.221888 0.299795 -0.168888
v -0.221458 0.302203 -0.168458
v -0.220509 0.303966 -0.167509
v -0.217917 0.292428 -0.168458
v -0.218713 0.294295 -0.170050
v -0.219127 0.297245 -0.170878
v -0.219127 0.299795 -0.170878
v -0.218713 0.302745 -0.170050
v -0.217917 0.304612 -0.168458
v -0.214375 0.292136 -0.168888
v -0.214375 0.294014 -0.170878
v -0.214375 0.297245 -0.172000
v -0.214375 0.299795 -0.172000
v -0.214375 0.303026 -0.170878
v -0.214375 0.304904 -0.168888
v 0.214375 0.292136 -0.168888
v 0.214375 0.294014 -0.170878
v 0.214375 0.297245 -0.172000
v 0.214375 0.299795 -0.172000
v 0.214375 0.303026 -0.170878
v 0.214375 0.304904 -0.168888
v 0.217917 0.292428 -0.168458
v 0.218713 0.294295 -0.170050
v 0.219127 0.297245 -0.170878
v 0.219127 0.299795 -0.170878
v 0.218713 0.302745 -0.170050
v 0.217917 0.304612 -0.168458
v 0.220509 0.293074 -0.167509
v 0.221458 0.294837 -0.168458
v 0.221888 0.297245 -0.168888
v 0.221888 0.299795 -0.168888
v 0.221458 0.302203 -0.168458
v 0.220509 0.303966 -0.167509
v -0.220509 0.293074 0.207509
v -0.221458 0.294837 0.208458
v -0.221888 0.297245 0.208888
v -0.221888 0.299795 0.208888
v -0.221458 0.302203 0.208458
v -0.220509 0.303966 0.207509
v -0.217917 0.292428 0.208458
v -0.218713 0.294295 0.210050
v -0.219127 0.297245 0.210878
v -0.219127 0.299795 0.210878
v -0.218713 0.302745 0.210050
v -0.217917 0.304612 0.208458
v -0.214375 0.292136 0.208888
v -0.214375 0.294014 0.210878
v -0.214375 0.297245 0.212000
v -0.214375 0.299795 0.212000
v -0.214375 0.303026 0.210878
v -0.214375 0.304904 0.208888
v 0.214375 0.292136 0.208888
v 0.214375 0.294014 0.210878
v 0.214375 0.297245 0.212000
v 0.214375 0.299795 0.212000
v 0.214375 0.303026 0.210878
v 0.214375 0.304904 0.208888
v 0.217917 0.292428 0.208458
v 0.218713 0.294295 0.210050
v 0.219127 0.297245 0.210878
v 0.219127 0.299795 0.210878
v 0.218713 0.302745 0.210050
v 0.217917 0.304612 0.208458
v 0.220509 0.293074 0.207509
v 0.221458 0.294837 0.208458
v 0.221888 0.297245 0.208888
v 0.221888 0.299795 0.208888
v 0.221458 0.302203 0.208458
v 0.220509 0.303966 0.207509
v 0.000000 0.318920 0.020000
v 0.000000 0.318920 0.020000
v 0.000000 0.318920 0.020000
v 0.000000 0.318920 0.020000
v 0.000000 0.318920 0.020000
v 0.000000 0.318920 0.020000
v 0.000000 0.318920 0.020000
v 0.000000 0.318920 0.020000
v 0.000000 0.318920 0.020000
v 0.000000 0.318920 0.020000
v 0.000000 0.318920 0.020000
v 0.000000 0.318920 0.020000
v 0.000000 0.318920 0.020000
v 0.000000 0.318920 0.020000
v 0.000000 0.318920 0.020000
v 0.000000 0.318920 0.020000
v 0.000000 0.318920 0.020000
v 0.000000 0.318920 0.020000
v 0.000000 0.318920 0.020000
v 0.000000 0.318920 0.020000
v 0.000000 0.318920 0.020000
v 0.000000 0.318920 0.020000
v 0.000000 0.318920 0.020000
v 0.000000 0.318920 0.020000
v 0.000000 0.318920 0.020000
v 0.000000 0.318920 0.020000
v 0.000000 0.318920 0.020000
v 0.000000 0.318920 0.020000
v 0.000000 0.318920 0.020000
v 0.000000 0.318920 0.020000
v 0.000000 0.318920 0.020000
v 0.000000 0.318920 0.020000
v 0.000000 0.318920 0.020000
v 0.000000 0.318920 0.020000
v 0.000000 0.318920 0.020000
v 0.000000 0.318920 0.020000
v 0.000000 0.318920 0.020000
v 0.000000 0.318920 0.020000
v 0.000000 0.318920 0.020000
v 0.000000 0.318920 0.020000
v 0.000000 0.318920 0.020000
v 0.014100 0.318920 0.020000
v 0.013926 0.318920 0.022206
v 0.013410 0.318920 0.024357
v 0.012563 0.318920 0.026401
v 0.011407 0.318920 0.028288
v 0.009970 0.318920 0.029970
v 0.008288 0.318920 0.031407
v 0.006401 0.318920 0.032563
v 0.004357 0.318920 0.033410
v 0.002206 0.318920 0.033926
v 0.000000 0.318920 0.034100
v -0.002206 0.318920 0.033926
v -0.004357 0.318920 0.033410
v -0.006401 0.318920 0.032563
v -0.008288 0.318920 0.031407
v -0.009970 0.318920 0.029970
v -0.011407 0.318920 0.028288
v -0.012563 0.318920 0.026401
v -0.013410 0.318920 0.024357
v -0.013926 0.318920 0.022206
v -0.014100 0.318920 0.020000
v -0.013926 0.318920 0.017794
v -0.013410 0.318920 0.015643
v -0.012563 0.318920 0.013599
v -0.011407 0.318920 0.011712
v -0.009970 0.318920 0.010030
v -0.008288 0.318920 0.008593
v -0.006401 0.318920 0.007437
v -0.004357 0.318920 0.006590
v -0.002206 0.318920 0.006074
v -0.000000 0.318920 0.005900
v 0.002206 0.318920 0.006074
v 0.004357 0.318920 0.006590
v 0.006401 0.318920 0.007437
v 0.008288 0.318920 0.008593
v 0.009970 0.318920 0.010030
v 0.011407 0.318920 0.011712
v 0.012563 0.318920 0.013599
v 0.013410 0.318920 0.015643
v 0.013926 0.318920 0.017794
v 0.014100 0.318920 0.020000
v 0.015000 0.319301 0.020000
v 0.014815 0.319301 0.022347
v 0.014266 0.319301 0.024635
v 0.013365 0.319301 0.026810
v 0.012135 0.319301 0.028817
v 0.010607 0.319301 0.030607
v 0.008817 0.319301 0.032135
v 0.006810 0.319301 0.033365
v 0.004635 0.319301 0.034266
v 0.002347 0.319301 0.034815
v 0.000000 0.319301 0.035000
v -0.002347 0.319301 0.034815
v -0.004635 0.319301 0.034266
v -0.006810 0.319301 0.033365
v -0.008817 0.319301 0.032135
v -0.010607 0.319301 0.030607
v -0.012135 0.319301 0.028817
v -0.013365 0.319301 0.026810
v -0.014266 0.319301 0.024635
v -0.014815 0.319301 0.022347
v -0.015000 0.319301 0.020000
v -0.014815 0.319301 0.017653
v -0.014266 0.319301 0.015365
v -0.013365 0.319301 0.013190
v -0.012135 0.319301 0.011183
v -0.010607 0.319301 0.009393
v -0.008817 0.319301 0.007865
v -0.006810 0.319301 0.006635
v -0.004635 0.319301 0.005734
v -0.002347 0.319301 0.005185
v -0.000000 0.319301 0.005000
v 0.002347 0.319301 0.005185
v 0.004635 0.319301 0.005734
v 0.006810 0.319301 0.006635
v 0.008817 0.319301 0.007865
v 0.010607 0.319301 0.009393
v 0.012135 0.319301 0.011183
v 0.013365 0.319301 0.013190
v 0.014266 0.319301 0.015365
v 0.014815 0.319301 0.017653
v 0.015000 0.319301 0.020000
v 0.015000 0.323299 0.020000
v 0.014815 0.323299 0.022347
v 0.014266 0.323299 0.024635
v 0.013365 0.323299 0.026810
v 0.012135 0.323299 0.028817
v 0.010607 0.323299 0.030607
v 0.008817 0.323299 0.032135
v 0.006810 0.323299 0.033365
v 0.004635 0.323299 0.034266
v 0.002347 0.323299 0.034815
v 0.000000 0.323299 0.035000
v -0.002347 0.323299 0.034815
v -0.004635 0.323299 0.034266
v -0.006810 0.323299 0.033365
v -0.008817 0.323299 0.032135
v -0.010607 0.323299 0.030607
v -0.012135 0.323299 0.028817
v -0.013365 0.323299 0.026810
v -0.014266 0.323299 0.024635
v -0.014815 0.323299 0.022347
v -0.015000 0.323299 0.020000
v -0.014815 0.323299 0.017653
v -0.014266 0.323299 0.015365
v -0.013365 0.323299 0.013190
v -0.012135 0.323299 0.011183
v -0.010607 0.323299 0.009393
v -0.008817 0.323299 0.007865
v -0.006810 0.323299 0.006635
v -0.004635 0.323299 0.005734
v -0.002347 0.323299 0.005185
v -0.000000 0.323299 0.005000
v 0.002347 0.323299 0.005185
v 0.004635 0.323299 0.005734
v 0.006810 0.323299 0.006635
v 0.008817 0.323299 0.007865
v 0.010607 0.323299 0.009393
v 0.012135 0.323299 0.011183
v 0.013365 0.323299 0.013190
v 0.014266 0.323299 0.015365
v 0.014815 0.323299 0.017653
v 0.015000 0.323299 0.020000
v 0.014100 0.323680 0.020000
v 0.013926 0.323680 0.022206
v 0.013410 0.323680 0.024357
v 0.012563 0.323680 0.026401
v 0.011407 0.323680 0.028288
v 0.009970 0.323680 0.029970
v 0.008288 0.323680 0.031407
v 0.006401 0.323680 0.032563
v 0.004357 0.323680 0.033410
v 0.002206 0.323680 0.033926
v 0.000000 0.323680 0.034100
v -0.002206 0.323680 0.033926
v -0.004357 0.323680 0.033410
v -0.006401 0.323680 0.032563
v -0.008288 0.323680 0.031407
v -0.009970 0.323680 0.029970
v -0.011407 0.323680 0.028288
v -0.012563 0.323680 0.026401
v -0.013410 0.323680 0.024357
v -0.013926 0.323680 0.022206
v -0.014100 0.323680 0.020000
v -0.013926 0.323680 0.017794
v -0.013410 0.323680 0.015643
v -0.012563 0.323680 0.013599
v -0.011407 0.323680 0.011712
v -0.009970 0.323680 0.010030
v -0.008288 0.323680 0.008593
v -0.006401 0.323680 0.007437
v -0.004357 0.323680 0.006590
v -0.002206 0.323680 0.006074
v -0.000000 0.323680 0.005900
v 0.002206 0.323680 0.006074
v 0.004357 0.323680 0.006590
v 0.006401 0.323680 0.007437
v 0.008288 0.323680 0.008593
v 0.009970 0.323680 0.010030
v 0.011407 0.323680 0.011712
v 0.012563 0.323680 0.013599
v 0.013410 0.323680 0.015643
v 0.013926 0.323680 0.017794
v 0.014100 0.323680 0.020000
v 0.000000 0.323680 0.020000
v 0.000000 0.323680 0.020000
v 0.000000 0.323680 0.020000
v 0.000000 0.323680 0.020000
v 0.000000 0.323680 0.020000
v 0.000000 0.323680 0.020000
v 0.000000 0.323680 0.020000
v 0.000000 0.323680 0.020000
v 0.000000 0.323680 0.020000
v 0.000000 0.323680 0.020000
v 0.000000 0.323680 0.020000
v 0.000000 0.323680 0.020000
v 0.000000 0.323680 0.020000
v 0.000000 0.323680 0.020000
v 0.000000 0.323680 0.020000
v 0.000000 0.323680 0.020000
v 0.000000 0.323680 0.020000
v 0.000000 0.323680 0.020000
v 0.000000 0.323680 0.020000
v 0.000000 0.323680 0.020000
v 0.000000 0.323680 0.020000
v 0.000000 0.323680 0.020000
v 0.000000 0.323680 0.020000
v 0.000000 0.323680 0.020000
v 0.000000 0.323680 0.020000
v 0.000000 0.323680 0.020000
v 0.000000 0.323680 0.020000
v 0.000000 0.323680 0.020000
v 0.000000 0.323680 0.020000
v 0.000000 0.323680 0.020000
v 0.000000 0.323680 0.020000
v 0.000000 0.323680 0.020000
v 0.000000 0.323680 0.020000
v 0.000000 0.323680 0.020000
v 0.000000 0.323680 0.020000
v 0.000000 0.323680 0.020000
v 0.000000 0.323680 0.020000
v 0.000000 0.323680 0.020000
v 0.000000 0.323680 0.020000
v 0.000000 0.323680 0.020000
v 0.000000 0.323680 0.020000
vn -0.951681 0.307080 -0.002135
vn -0.920989 0.359994 -0.148942
vn -0.855571 0.407878 -0.318802
vn -0.765335 0.437119 -0.472429
vn -0.654243 0.448788 -0.608733
vn -0.524486 0.443398 -0.726851
vn -0.377125 0.420707 -0.825095
vn -0.213026 0.379804 -0.900205
vn -0.006344 0.308738 -0.951126
vn 0.001726 0.306918 -0.951734
vn 0.148942 0.359994 -0.920989
vn 0.318802 0.407878 -0.855571
vn 0.472429 0.437119 -0.765335
vn 0.608733 0.448788 -0.654243
vn 0.726851 0.443398 -0.524486
vn 0.825095 0.420707 -0.377125
vn 0.900205 0.379804 -0.213026
vn 0.950958 0.309226 -0.007584
vn 0.951681 0.307080 0.002135
vn 0.920989 0.359994 0.148942
vn 0.855571 0.407878 0.318802
vn 0.765335 0.437119 0.472429
vn 0.654243 0.448788 0.608733
vn 0.524486 0.443398 0.726851
vn 0.377125 0.420707 0.825095
vn 0.213026 0.379804 0.900205
vn 0.006344 0.308738 0.951126
vn -0.001726 0.306918 0.951734
vn -0.148942 0.359994 0.920989
vn -0.318802 0.407878 0.855571
vn -0.472429 0.437119 0.765335
vn -0.608733 0.448788 0.654243
vn -0.726851 0.443398 0.524486
vn -0.825095 0.420707 0.377125
vn -0.900205 0.379804 0.213026
vn -0.950958 0.309226 0.007584
vn -0.950657 0.310090 -0.009786
vn -0.902171 0.378171 -0.207546
vn -0.827873 0.419674 -0.372157
vn -0.730304 0.442929 -0.520067
vn -0.612785 0.448862 -0.650398
vn -0.477043 0.437739 -0.762112
vn -0.323953 0.409072 -0.853062
vn -0.154580 0.361799 -0.919351
vn -0.001986 0.307021 -0.951701
vn 0.007815 0.309317 -0.950927
vn 0.207546 0.378171 -0.902171
vn 0.372157 0.419674 -0.827873
vn 0.520067 0.442929 -0.730304
vn 0.650398 0.448862 -0.612785
vn 0.762112 0.437739 -0.477043
vn 0.853062 0.409072 -0.323953
vn 0.919351 0.361799 -0.154580
vn 0.951640 0.307206 -0.002455
vn 0.950657 0.310090 0.009786
vn 0.902171 0.378171 0.207546
vn 0.827873 0.419674 0.372157
vn 0.730304 0.442929 0.520067
vn 0.612785 0.448862 0.650398
vn 0.477043 0.437739 0.762112
vn 0.323953 0.409072 0.853062
vn 0.154580 0.361799 0.919351
vn 0.001986 0.307021 0.951701
vn -0.007815 0.309317 0.950927
vn -0.207546 0.378171 0.902171
vn -0.372157 0.419674 0.827873
vn -0.520067 0.442929 0.730304
vn -0.650398 0.448862 0.612785
vn -0.762112 0.437739 0.477043
vn -0.853062 0.409072 0.323953
vn -0.919351 0.361799 0.154580
vn -0.951640 0.307206 0.002455
vn -0.490135 -0.720787 -0.490135
vn -0.534082 -0.785415 -0.312858
vn -0.562307 -0.826922 -0.003179
vn -0.562310 -0.826926 0.000663
vn -0.549577 -0.808201 0.211606
vn -0.496038 -0.729467 0.470983
vn -0.603891 -0.520222 -0.603891
vn -0.796314 -0.500194 -0.340132
vn -0.808845 -0.588015 -0.002648
vn -0.891095 -0.453812 0.001860
vn -0.833341 -0.457092 0.310822
vn -0.642635 -0.441589 0.626115
vn -0.694383 -0.188854 -0.694383
vn -0.911984 -0.180931 -0.368170
vn -0.970693 -0.240308 -0.002742
vn -0.990887 -0.134663 0.002964
vn -0.918203 -0.143882 0.369054
vn -0.693082 -0.136034 0.707907
vn -0.704802 0.080667 -0.704802
vn -0.918203 0.143882 -0.369054
vn -0.990887 0.134663 -0.002964
vn -0.970693 0.240308 0.002742
vn -0.911984 0.180931 0.368170
vn -0.707907 0.136034 0.693082
vn -0.656445 0.371698 -0.656445
vn -0.833341 0.457092 -0.310822
vn -0.891095 0.453812 -0.001860
vn -0.808845 0.588015 0.002648
vn -0.796314 0.500194 0.340132
vn -0.626115 0.441589 0.642635
vn -0.503175 0.702588 -0.503175
vn -0.552899 0.792186 -0.258350
vn -0.602944 0.797782 -0.001538
vn -0.521891 0.853011 0.001480
vn -0.533893 0.805851 0.256051
vn -0.470983 0.729467 0.496038
vn 0.470983 -0.729467 -0.496038
vn 0.533893 -0.805851 -0.256051
vn 0.521891 -0.853011 -0.001480
vn 0.602944 -0.797782 0.001538
vn 0.552899 -0.792186 0.258350
vn 0.503175 -0.702588 0.503175
vn 0.626115 -0.441589 -0.642635
vn 0.796314 -0.500194 -0.340132
vn 0.808845 -0.588015 -0.002648
vn 0.891095 -0.453812 0.001860
vn 0.833341 -0.457092 0.310822
vn 0.656445 -0.371698 0.656445
vn 0.707907 -0.136034 -0.693082
vn 0.911984 -0.180931 -0.368170
vn 0.970693 -0.240308 -0.002742
vn 0.990887 -0.134663 0.002964
vn 0.918203 -0.143882 0.369054
vn 0.704802 -0.080667 0.704802
vn 0.693082 0.136034 -0.707907
vn 0.918203 0.143882 -0.369054
vn 0.990887 0.134663 -0.002964
vn 0.970693 0.240308 0.002742
vn 0.911984 0.180931 0.368170
vn 0.694383 0.188854 0.694383
vn 0.642635 0.441589 -0.626115
vn 0.833341 0.457092 -0.310822
vn 0.891095 0.453812 -0.001860
vn 0.808845 0.588015 0.002648
vn 0.796314 0.500194 0.340132
vn 0.603891 0.520222 0.603891
vn 0.496038 0.729467 -0.470983
vn 0.549577 0.808201 -0.211606
vn 0.562310 0.826926 -0.000663
vn 0.562307 0.826922 0.003179
vn 0.534082 0.785415 0.312858
vn 0.490135 0.720787 0.490135
vn -0.490135 -0.720787 -0.490135
vn -0.312858 -0.785415 -0.534082
vn -0.002698 -0.826923 -0.562308
vn 0.000561 -0.826926 -0.562310
vn 0.211606 -0.808201 -0.549577
vn 0.470983 -0.729467 -0.496038
vn -0.534082 -0.785415 -0.312858
vn -0.268668 -0.925005 -0.268668
vn -0.001789 -0.947809 -0.318833
vn 0.001170 -0.973399 -0.229112
vn 0.238736 -0.941281 -0.238736
vn 0.533893 -0.805851 -0.256051
vn -0.562307 -0.826922 -0.003179
vn -0.318634 -0.947875 -0.002110
vn -0.003416 -0.999986 -0.004033
vn 0.000899 -0.999999 -0.001059
vn 0.229218 -0.973374 -0.001381
vn 0.521891 -0.853011 -0.001480
vn -0.562310 -0.826926 0.000663
vn -0.229218 -0.973374 0.001381
vn -0.000899 -0.999999 0.001059
vn 0.003416 -0.999986 0.004033
vn 0.318634 -0.947875 0.002110
vn 0.602944 -0.797782 0.001538
vn -0.549577 -0.808201 0.211606
vn -0.238736 -0.941281 0.238736
vn -0.001170 -0.973399 0.229112
vn 0.001789 -0.947809 0.318833
vn 0.268668 -0.925005 0.268668
vn 0.552899 -0.792186 0.258350
vn -0.496038 -0.729467 0.470983
vn -0.256051 -0.805851 0.533893
vn -0.001254 -0.853105 0.521738
vn 0.001304 -0.797665 0.603099
vn 0.258350 -0.792186 0.552899
vn 0.503175 -0.702588 0.503175
vn -0.503175 0.702588 -0.503175
vn -0.258350 0.792186 -0.552899
vn -0.001304 0.797665 -0.603099
vn 0.001254 0.853105 -0.521738
vn 0.256051 0.805851 -0.533893
vn 0.496038 0.729467 -0.470983
vn -0.552899 0.792186 -0.258350
vn -0.268668 0.925005 -0.268668
vn -0.001789 0.947809 -0.318833
vn 0.001170 0.973399 -0.229112
vn 0.238736 0.941281 -0.238736
vn 0.549577 0.808201 -0.211606
vn -0.602944 0.797782 -0.001538
vn -0.318634 0.947875 -0.002110
vn -0.003416 0.999986 -0.004033
vn 0.000899 0.999999 -0.001059
vn 0.229218 0.973374 -0.001381
vn 0.562310 0.826926 -0.000663
vn -0.521891 0.853011 0.001480
vn -0.229218 0.973374 0.001381
vn -0.000899 0.999999 0.001059
vn 0.003416 0.999986 0.004033
vn 0.318634 0.947875 0.002110
vn 0.562307 0.826922 0.003179
vn -0.533893 0.805851 0.256051
vn -0.238736 0.941281 0.238736
vn -0.001170 0.973399 0.229112
vn 0.001789 0.947809 0.318833
vn 0.268668 0.925005 0.268668
vn 0.534082 0.785415 0.312858
vn -0.470983 0.729467 0.496038
vn -0.211606 0.808201 0.549577
vn -0.000561 0.826926 0.562310
vn 0.002698 0.826923 0.562308
vn 0.312858 0.785415 0.534082
vn 0.490135 0.720787 0.490135
vn -0.490135 -0.720787 -0.490135
vn -0.603891 -0.520222 -0.603891
vn -0.694383 -0.188854 -0.694383
vn -0.704802 0.080667 -0.704802
vn -0.656445 0.371698 -0.656445
vn -0.503175 0.702588 -0.503175
vn -0.312858 -0.785415 -0.534082
vn -0.340132 -0.500194 -0.796314
vn -0.368170 -0.180931 -0.911984
vn -0.369054 0.143882 -0.918203
vn -0.310822 0.457092 -0.833341
vn -0.258350 0.792186 -0.552899
vn -0.002698 -0.826923 -0.562308
vn -0.002245 -0.588283 -0.808652
vn -0.002324 -0.240499 -0.970647
vn -0.002513 0.134476 -0.990914
vn -0.001576 0.453636 -0.891186
vn -0.001304 0.797665 -0.603099
vn 0.000561 -0.826926 -0.562310
vn 0.001576 -0.453636 -0.891186
vn 0.002513 -0.134476 -0.990914
vn 0.002324 0.240499 -0.970647
vn 0.002245 0.588283 -0.808652
vn 0.001254 0.853105 -0.521738
vn 0.211606 -0.808201 -0.549577
vn 0.310822 -0.457092 -0.833341
vn 0.369054 -0.143882 -0.918203
vn 0.368170 0.180931 -0.911984
vn 0.340132 0.500194 -0.796314
vn 0.256051 0.805851 -0.533893
vn 0.470983 -0.729467 -0.496038
vn 0.626115 -0.441589 -0.642635
vn 0.707907 -0.136034 -0.693082
vn 0.693082 0.136034 -0.707907
vn 0.642635 0.441589 -0.626115
vn 0.496038 0.729467 -0.470983
vn -0.496038 -0.729467 0.470983
vn -0.642635 -0.441589 0.626115
vn -0.693082 -0.136034 0.707907
vn -0.707907 0.136034 0.693082
vn -0.626115 0.441589 0.642635
vn -0.470983 0.729467 0.496038
vn -0.256051 -0.805851 0.533893
vn -0.340132 -0.500194 0.796314
vn -0.368170 -0.180931 0.911984
vn -0.369054 0.143882 0.918203
vn -0.310822 0.457092 0.833341
vn -0.211606 0.808201 0.549577
vn -0.001254 -0.853105 0.521738
vn -0.002245 -0.588283 0.808652
vn -0.002324 -0.240499 0.970647
vn -0.002513 0.134476 0.990914
vn -0.001576 0.453636 0.891186
vn -0.000561 0.826926 0.562310
vn 0.001304 -0.797665 0.603099
vn 0.001576 -0.453636 0.891186
vn 0.002513 -0.134476 0.990914
vn 0.002324 0.240499 0.970647
vn 0.002245 0.588283 0.808652
vn 0.002698 0.826923 0.562308
vn 0.258350 -0.792186 0.552899
vn 0.310822 -0.457092 0.833341
vn 0.369054 -0.143882 0.918203
vn 0.368170 0.180931 0.911984
vn 0.340132 0.500194 0.796314
vn 0.312858 0.785415 0.534082
vn 0.503175 -0.702588 0.503175
vn 0.656445 -0.371698 0.656445
vn 0.704802 -0.080667 0.704802
vn 0.694383 0.188854 0.694383
vn 0.603891 0.520222 0.603891
vn 0.490135 0.720787 0.490135
vn 0.000000 -1.000000 0.000000
vn 0.000000 -1.000000 0.000000
vn 0.000000 -1.000000 0.000000
vn 0.000000 -1.000000 0.000000
vn 0.000000 -1.000000 0.000000
vn 0.000000 -1.000000 0.000000
vn 0.000000 -1.000000 0.000000
vn 0.000000 -1.000000 0.000000
vn 0.000000 -1.000000 0.000000
vn 0.000000 -1.000000 0.000000
vn 0.000000 -1.000000 0.000000
vn 0.000000 -1.000000 0.000000
vn 0.000000 -1.000000 0.000000
vn 0.000000 -1.000000 0.000000
vn 0.000000 -1.000000 0.000000
vn 0.000000 -1.000000 0.000000
vn 0.000000 -1.000000 0.000000
vn 0.000000 -1.000000 0.000000
vn 0.000000 -1.000000 0.000000
vn 0.000000 -1.000000 0.000000
vn 0.000000 -1.000000 0.000000
vn 0.000000 -1.000000 0.000000
vn 0.000000 -1.000000 0.000000
vn 0.000000 -1.000000 0.000000
vn 0.000000 -1.000000 0.000000
vn 0.000000 -1.000000 0.000000
vn 0.000000 -1.000000 0.000000
vn 0.000000 -1.000000 0.000000
vn 0.000000 -1.000000 0.000000
vn 0.000000 -1.000000 0.000000
vn 0.000000 -1.000000 0.000000
vn 0.000000 -1.000000 0.000000
vn 0.000000 -1.000000 0.000000
vn 0.000000 -1.000000 0.000000
vn 0.000000 -1.000000 0.000000
vn 0.000000 -1.000000 0.000000
vn 0.000000 -1.000000 0.000000
vn 0.000000 -1.000000 0.000000
vn 0.000000 -1.000000 0.000000
vn 0.000000 -1.000000 0.000000
vn 0.000000 -1.000000 0.000000
vn 0.037661 -0.999290 -0.001029
vn 0.037358 -0.999290 0.004875
vn 0.036135 -0.999290 0.010659
vn 0.034023 -0.999290 0.016181
vn 0.031073 -0.999290 0.021304
vn 0.027358 -0.999290 0.025902
vn 0.022969 -0.999290 0.029863
vn 0.018015 -0.999290 0.033089
vn 0.012617 -0.999290 0.035499
vn 0.006908 -0.999290 0.037036
vn 0.001029 -0.999290 0.037661
vn -0.004875 -0.999290 0.037358
vn -0.010659 -0.999290 0.036135
vn -0.016181 -0.999290 0.034023
vn -0.021304 -0.999290 0.031073
vn -0.025902 -0.999290 0.027358
vn -0.029863 -0.999290 0.022969
vn -0.033089 -0.999290 0.018015
vn -0.035499 -0.999290 0.012617
vn -0.037036 -0.999290 0.006908
vn -0.037661 -0.999290 0.001029
vn -0.037358 -0.999290 -0.004875
vn -0.036135 -0.999290 -0.010659
vn -0.034023 -0.999290 -0.016181
vn -0.031073 -0.999290 -0.021304
vn -0.027358 -0.999290 -0.025902
vn -0.022969 -0.999290 -0.029863
vn -0.018015 -0.999290 -0.033089
vn -0.012617 -0.999290 -0.035499
vn -0.006908 -0.999290 -0.037036
vn -0.001029 -0.999290 -0.037661
vn 0.004875 -0.999290 -0.037358
vn 0.010659 -0.999290 -0.036135
vn 0.016181 -0.999290 -0.034023
vn 0.021304 -0.999290 -0.031073
vn 0.025902 -0.999290 -0.027358
vn 0.029863 -0.999290 -0.022969
vn 0.033089 -0.999290 -0.018015
vn 0.035499 -0.999290 -0.012617
vn 0.037036 -0.999290 -0.006908
vn 0.037661 -0.999290 -0.001029
vn 0.980023 -0.197727 -0.021410
vn 0.971307 -0.197727 0.132163
vn 0.938674 -0.197727 0.282482
vn 0.882927 -0.197727 0.425845
vn 0.805440 -0.197727 0.558722
vn 0.708120 -0.197727 0.677842
vn 0.593364 -0.197727 0.780271
vn 0.463998 -0.197727 0.863487
vn 0.323206 -0.197727 0.925441
vn 0.174456 -0.197727 0.964608
vn 0.021410 -0.197727 0.980023
vn -0.132163 -0.197727 0.971307
vn -0.282482 -0.197727 0.938674
vn -0.425845 -0.197727 0.882927
vn -0.558722 -0.197727 0.805440
vn -0.677842 -0.197727 0.708120
vn -0.780271 -0.197727 0.593364
vn -0.863487 -0.197727 0.463998
vn -0.925441 -0.197727 0.323206
vn -0.964608 -0.197727 0.174456
vn -0.980023 -0.197727 0.021410
vn -0.971307 -0.197727 -0.132163
vn -0.938674 -0.197727 -0.282482
vn -0.882927 -0.197727 -0.425845
vn -0.805440 -0.197727 -0.558722
vn -0.708120 -0.197727 -0.677842
vn -0.593364 -0.197727 -0.780271
vn -0.463998 -0.197727 -0.863487
vn -0.323206 -0.197727 -0.925441
vn -0.174456 -0.197727 -0.964608
vn -0.021410 -0.197727 -0.980023
vn 0.132163 -0.197727 -0.971307
vn 0.282482 -0.197727 -0.938674
vn 0.425845 -0.197727 -0.882927
vn 0.558722 -0.197727 -0.805440
vn 0.677842 -0.197727 -0.708120
vn 0.780271 -0.197727 -0.593364
vn 0.863487 -0.197727 -0.463998
vn 0.925441 -0.197727 -0.323206
vn 0.964608 -0.197727 -0.174456
vn 0.980023 -0.197727 -0.021410
vn 0.980023 0.197727 0.021410
vn 0.964608 0.197727 0.174456
vn 0.925441 0.197727 0.323206
vn 0.863487 0.197727 0.463998
vn 0.780271 0.197727 0.593364
vn 0.677842 0.197727 0.708120
vn 0.558722 0.197727 0.805440
vn 0.425845 0.197727 0.882927
vn 0.282482 0.197727 0.938674
vn 0.132163 0.197727 0.971307
vn -0.021410 0.197727 0.980023
vn -0.174456 0.197727 0.964608
vn -0.323206 0.197727 0.925441
vn -0.463998 0.197727 0.863487
vn -0.593364 0.197727 0.780271
vn -0.708120 0.197727 0.677842
vn -0.805440 0.197727 0.558722
vn -0.882927 0.197727 0.425845
vn -0.938674 0.197727 0.282482
vn -0.971307 0.197727 0.132163
vn -0.980023 0.197727 -0.021410
vn -0.964608 0.197727 -0.174456
vn -0.925441 0.197727 -0.323206
vn -0.863487 0.197727 -0.463998
vn -0.780271 0.197727 -0.593364
vn -0.677842 0.197727 -0.708120
vn -0.558722 0.197727 -0.805440
vn -0.425845 0.197727 -0.882927
vn -0.282482 0.197727 -0.938674
vn -0.132163 0.197727 -0.971307
vn 0.021410 0.197727 -0.980023
vn 0.174456 0.197727 -0.964608
vn 0.323206 0.197727 -0.925441
vn 0.463998 0.197727 -0.863487
vn 0.593364 0.197727 -0.780271
vn 0.708120 0.197727 -0.677842
vn 0.805440 0.197727 -0.558722
vn 0.882927 0.197727 -0.425845
vn 0.938674 0.197727 -0.282482
vn 0.971307 0.197727 -0.132163
vn 0.980023 0.197727 0.021410
vn 0.037661 0.999290 0.001029
vn 0.037036 0.999290 0.006908
vn 0.035499 0.999290 0.012617
vn 0.033089 0.999290 0.018015
vn 0.029863 0.999290 0.022969
vn 0.025902 0.999290 0.027358
vn 0.021304 0.999290 0.031073
vn 0.016181 0.999290 0.034023
vn 0.010659 0.999290 0.036135
vn 0.004875 0.999290 0.037358
vn -0.001029 0.999290 0.037661
vn -0.006908 0.999290 0.037036
vn -0.012617 0.999290 0.035499
vn -0.018015 0.999290 0.033089
vn -0.022969 0.999290 0.029863
vn -0.027358 0.999290 0.025902
vn -0.031073 0.999290 0.021304
vn -0.034023 0.999290 0.016181
vn -0.036135 0.999290 0.010659
vn -0.037358 0.999290 0.004875
vn -0.037661 0.999290 -0.001029
vn -0.037036 0.999290 -0.006908
vn -0.035499 0.999290 -0.012617
vn -0.033089 0.999290 -0.018015
vn -0.029863 0.999290 -0.022969
vn -0.025902 0.999290 -0.027358
vn -0.021304 0.999290 -0.031073
vn -0.016181 0.999290 -0.034023
vn -0.010659 0.999290 -0.036135
vn -0.004875 0.999290 -0.037358
vn 0.001029 0.999290 -0.037661
vn 0.006908 0.999290 -0.037036
vn 0.012617 0.999290 -0.035499
vn 0.018015 0.999290 -0.033089
vn 0.022969 0.999290 -0.029863
vn 0.027358 0.999290 -0.025902
vn 0.031073 0.999290 -0.021304
vn 0.034023 0.999290 -0.016181
vn 0.036135 0.999290 -0.010659
vn 0.037358 0.999290 -0.004875
vn 0.037661 0.999290 0.001029
vn 0.000000 1.000000 0.000000
vn 0.000000 1.000000 0.000000
vn 0.000000 1.000000 0.000000
vn 0.000000 1.000000 0.000000
vn 0.000000 1.000000 0.000000
vn 0.000000 1.000000 0.000000
vn 0.000000 1.000000 0.000000
vn 0.000000 1.000000 0.000000
vn 0.000000 1.000000 0.000000
vn 0.000000 1.000000 0.000000
vn 0.000000 1.000000 0.000000
vn 0.000000 1.000000 0.000000
vn 0.000000 1.000000 0.000000
vn 0.000000 1.000000 0.000000
vn 0.000000 1.000000 0.000000
vn 0.000000 1.000000 0.000000
vn 0.000000 1.000000 0.000000
vn 0.000000 1.000000 0.000000
vn 0.000000 1.000000 0.000000
vn 0.000000 1.000000 0.000000
vn 0.000000 1.000000 0.000000
vn 0.000000 1.000000 0.000000
vn 0.000000 1.000000 0.000000
vn 0.000000 1.000000 0.000000
vn 0.000000 1.000000 0.000000
vn 0.000000 1.000000 0.000000
vn 0.000000 1.000000 0.000000
vn 0.000000 1.000000 0.000000
vn 0.000000 1.000000 0.000000
vn 0.000000 1.000000 0.000000
vn 0.000000 1.000000 0.000000
vn 0.000000 1.000000 0.000000
vn 0.000000 1.000000 0.000000
vn 0.000000 1.000000 0.000000
vn 0.000000 1.000000 0.000000
vn 0.000000 1.000000 0.000000
vn 0.000000 1.000000 0.000000
vn 0.000000 1.000000 0.000000
vn 0.000000 1.000000 0.000000
vn 0.000000 1.000000 0.000000
vn 0.000000 1.000000 0.000000
f 3193//3193 3229//3229 3194//3194
f 3194//3194 3229//3229 3230//3230
f 3194//3194 3230//3230 3195//3195
f 3195//3195 3230//3230 3231//3231
f 3195//3195 3231//3231 3196//3196
f 3196//3196 3231//3231 3232//3232
f 3196//3196 3232//3232 3197//3197
f 3197//3197 3232//3232 3233//3233
f 3197//3197 3233//3233 3198//3198
f 3198//3198 3233//3233 3234//3234
f 3198//3198 3234//3234 3199//3199
f 3199//3199 3234//3234 3235//3235
f 3199//3199 3235//3235 3200//3200
f 3200//3200 3235//3235 3236//3236
f 3200//3200 3236//3236 3201//3201
f 3201//3201 3236//3236 3237//3237
f 3201//3201 3237//3237 3202//3202
f 3202//3202 3237//3237 3238//3238
f 3202//3202 3238//3238 3203//3203
f 3203//3203 3238//3238 3239//3239
f 3203//3203 3239//3239 3204//3204
f 3204//3204 3239//3239 3240//3240
f 3204//3204 3240//3240 3205//3205
f 3205//3205 3240//3240 3241//3241
f 3205//3205 3241//3241 3206//3206
f 3206//3206 3241//3241 3242//3242
f 3206//3206 3242//3242 3207//3207
f 3207//3207 3242//3242 3243//3243
f 3207//3207 3243//3243 3208//3208
f 3208//3208 3243//3243 3244//3244
f 3208//3208 3244//3244 3209//3209
f 3209//3209 3244//3244 3245//3245
f 3209//3209 3245//3245 3210//3210
f 3210//3210 3245//3245 3246//3246
f 3210//3210 3246//3246 3211//3211
f 3211//3211 3246//3246 3247//3247
f 3211//3211 3247//3247 3212//3212
f 3212//3212 3247//3247 3248//3248
f 3212//3212 3248//3248 3213//3213
f 3213//3213 3248//3248 3249//3249
f 3213//3213 3249//3249 3214//3214
f 3214//3214 3249//3249 3250//3250
f 3214//3214 3250//3250 3215//3215
f 3215//3215 3250//3250 3251//3251
f 3215//3215 3251//3251 3216//3216
f 3216//3216 3251//3251 3252//3252
f 3216//3216 3252//3252 3217//3217
f 3217//3217 3252//3252 3253//3253
f 3217//3217 3253//3253 3218//3218
f 3218//3218 3253//3253 3254//3254
f 3218//3218 3254//3254 3219//3219
f 3219//3219 3254//3254 3255//3255
f 3219//3219 3255//3255 3220//3220
f 3220//3220 3255//3255 3256//3256
f 3220//3220 3256//3256 3221//3221
f 3221//3221 3256//3256 3257//3257
f 3221//3221 3257//3257 3222//3222
f 3222//3222 3257//3257 3258//3258
f 3222//3222 3258//3258 3223//3223
f 3223//3223 3258//3258 3259//3259
f 3223//3223 3259//3259 3224//3224
f 3224//3224 3259//3259 3260//3260
f 3224//3224 3260//3260 3225//3225
f 3225//3225 3260//3260 3261//3261
f 3225//3225 3261//3261 3226//3226
f 3226//3226 3261//3261 3262//3262
f 3226//3226 3262//3262 3227//3227
f 3227//3227 3262//3262 3263//3263
f 3227//3227 3263//3263 3228//3228
f 3228//3228 3263//3263 3264//3264
f 3228//3228 3264//3264 3193//3193
f 3193//3193 3264//3264 3229//3229
f 3266//3266 3271//3271 3265//3265
f 3272//3272 3271//3271 3266//3266
f 3267//3267 3272//3272 3266//3266
f 3273//3273 3272//3272 3267//3267
f 3268//3268 3273//3273 3267//3267
f 3274//3274 3273//3273 3268//3268
f 3269//3269 3274//3274 3268//3268
f 3275//3275 3274//3274 3269//3269
f 3270//3270 3275//3275 3269//3269
f 3276//3276 3275//3275 3270//3270
f 3272//3272 3277//3277 3271//3271
f 3278//3278 3277//3277 3272//3272
f 3273//3273 3278//3278 3272//3272
f 3279//3279 3278//3278 3273//3273
f 3274//3274 3279//3279 3273//3273
f 3280//3280 3279//3279 3274//3274
f 3275//3275 3280//3280 3274//3274
f 3281//3281 3280//3280 3275//3275
f 3276//3276 3281//3281 3275//3275
f 3282//3282 3281//3281 3276//3276
f 3278//3278 3283//3283 3277//3277
f 3284//3284 3283//3283 3278//3278
f 3279//3279 3284//3284 3278//3278
f 3285//3285 3284//3284 3279//3279
f 3280//3280 3285//3285 3279//3279
f 3286//3286 3285//3285 3280//3280
f 3281//3281 3286//3286 3280//3280
f 3287//3287 3286//3286 3281//3281
f 3282//3282 3287//3287 3281//3281
f 3288//3288 3287//3287 3282//3282
f 3284//3284 3289//3289 3283//3283
f 3290//3290 3289//3289 3284//3284
f 3285//3285 3290//3290 3284//3284
f 3291//3291 3290//3290 3285//3285
f 3286//3286 3291//3291 3285//3285
f 3292//3292 3291//3291 3286//3286
f 3287//3287 3292//3292 3286//3286
f 3293//3293 3292//3292 3287//3287
f 3288//3288 3293//3293 3287//3287
f 3294//3294 3293//3293 3288//3288
f 3290//3290 3295//3295 3289//3289
f 3296//3296 3295//3295 3290//3290
f 3291//3291 3296//3296 3290//3290
f 3297//3297 3296//3296 3291//3291
f 3292//3292 3297//3297 3291//3291
f 3298//3298 3297//3297 3292//3292
f 3293//3293 3298//3298 3292//3292
f 3299//3299 3298//3298 3293//3293
f 3294//3294 3299//3299 3293//3293
f 3300//3300 3299//3299 3294//3294
f 3301//3301 3307//3307 3302//3302
f 3302//3302 3307//3307 3308//3308
f 3302//3302 3308//3308 3303//3303
f 3303//3303 3308//3308 3309//3309
f 3303//3303 3309//3309 3304//3304
f 3304//3304 3309//3309 3310//3310
f 3304//3304 3310//3310 3305//3305
f 3305//3305 3310//3310 3311//3311
f 3305//3305 3311//3311 3306//3306
f 3306//3306 3311//3311 3312//3312
f 3307//3307 3313//3313 3308//3308
f 3308//3308 3313//3313 3314//3314
f 3308//3308 3314//3314 3309//3309
f 3309//3309 3314//3314 3315//3315
f 3309//3309 3315//3315 3310//3310
f 3310//3310 3315//3315 3316//3316
f 3310//3310 3316//3316 3311//3311
f 3311//3311 3316//3316 3317//3317
f 3311//3311 3317//3317 3312//3312
f 3312//3312 3317//3317 3318//3318
f 3313//3313 3319//3319 3314//3314
f 3314//3314 3319//3319 3320//3320
f 3314//3314 3320//3320 3315//3315
f 3315//3315 3320//3320 3321//3321
f 3315//3315 3321//3321 3316//3316
f 3316//3316 3321//3321 3322//3322
f 3316//3316 3322//3322 3317//3317
f 3317//3317 3322//3322 3323//3323
f 3317//3317 3323//3323 3318//3318
f 3318//3318 3323//3323 3324//3324
f 3319//3319 3325//3325 3320//3320
f 3320//3320 3325//3325 3326//3326
f 3320//3320 3326//3326 3321//3321
f 3321//3321 3326//3326 3327//3327
f 3321//3321 3327//3327 3322//3322
f 3322//3322 3327//3327 3328//3328
f 3322//3322 3328//3328 3323//3323
f 3323//3323 3328//3328 3329//3329
f 3323//3323 3329//3329 3324//3324
f 3324//3324 3329//3329 3330//3330
f 3325//3325 3331//3331 3326//3326
f 3326//3326 3331//3331 3332//3332
f 3326//3326 3332//3332 3327//3327
f 3327//3327 3332//3332 3333//3333
f 3327//3327 3333//3333 3328//3328
f 3328//3328 3333//3333 3334//3334
f 3328//3328 3334//3334 3329//3329
f 3329//3329 3334//3334 3335//3335
f 3329//3329 3335//3335 3330//3330
f 3330//3330 3335//3335 3336//3336
f 3338//3338 3343//3343 3337//3337
f 3344//3344 3343//3343 3338//3338
f 3339//3339 3344//3344 3338//3338
f 3345//3345 3344//3344 3339//3339
f 3340//3340 3345//3345 3339//3339
f 3346//3346 3345//3345 3340//3340
f 3341//3341 3346//3346 3340//3340
f 3347//3347 3346//3346 3341//3341
f 3342//3342 3347//3347 3341//3341
f 3348//3348 3347//3347 3342//3342
f 3344//3344 3349//3349 3343//3343
f 3350//3350 3349//3349 3344//3344
f 3345//3345 3350//3350 3344//3344
f 3351//3351 3350//3350 3345//3345
f 3346//3346 3351//3351 3345//3345
f 3352//3352 3351//3351 3346//3346
f 3347//3347 3352//3352 3346//3346
f 3353//3353 3352//3352 3347//3347
f 3348//3348 3353//3353 3347//3347
f 3354//3354 3353//3353 3348//3348
f 3350//3350 3355//3355 3349//3349
f 3356//3356 3355//3355 3350//3350
f 3351//3351 3356//3356 3350//3350
f 3357//3357 3356//3356 3351//3351
f 3352//3352 3357//3357 3351//3351
f 3358//3358 3357//3357 3352//3352
f 3353//3353 3358//3358 3352//3352
f 3359//3359 3358//3358 3353//3353
f 3354//3354 3359//3359 3353//3353
f 3360//3360 3359//3359 3354//3354
f 3356//3356 3361//3361 3355//3355
f 3362//3362 3361//3361 3356//3356
f 3357//3357 3362//3362 3356//3356
f 3363//3363 3362//3362 3357//3357
f 3358//3358 3363//3363 3357//3357
f 3364//3364 3363//3363 3358//3358
f 3359//3359 3364//3364 3358//3358
f 3365//3365 3364//3364 3359//3359
f 3360//3360 3365//3365 3359//3359
f 3366//3366 3365//3365 3360//3360
f 3362//3362 3367//3367 3361//3361
f 3368//3368 3367//3367 3362//3362
f 3363//3363 3368//3368 3362//3362
f 3369//3369 3368//3368 3363//3363
f 3364//3364 3369//3369 3363//3363
f 3370//3370 3369//3369 3364//3364
f 3365//3365 3370//3370 3364//3364
f 3371//3371 3370//3370 3365//3365
f 3366//3366 3371//3371 3365//3365
f 3372//3372 3371//3371 3366//3366
f 3373//3373 3379//3379 3374//3374
f 3374//3374 3379//3379 3380//3380
f 3374//3374 3380//3380 3375//3375
f 3375//3375 3380//3380 3381//3381
f 3375//3375 3381//3381 3376//3376
f 3376//3376 3381//3381 3382//3382
f 3376//3376 3382//3382 3377//3377
f 3377//3377 3382//3382 3383//3383
f 3377//3377 3383//3383 3378//3378
f 3378//3378 3383//3383 3384//3384
f 3379//3379 3385//3385 3380//3380
f 3380//3380 3385//3385 3386//3386
f 3380//3380 3386//3386 3381//3381
f 3381//3381 3386//3386 3387//3387
f 3381//3381 3387//3387 3382//3382
f 3382//3382 3387//3387 3388//3388
f 3382//3382 3388//3388 3383//3383
f 3383//3383 3388//3388 3389//3389
f 3383//3383 3389//3389 3384//3384
f 3384//3384 3389//3389 3390//3390
f 3385//3385 3391//3391 3386//3386
f 3386//3386 3391//3391 3392//3392
f 3386//3386 3392//3392 3387//3387
f 3387//3387 3392//3392 3393//3393
f 3387//3387 3393//3393 3388//3388
f 3388//3388 3393//3393 3394//3394
f 3388//3388 3394//3394 3389//3389
f 3389//3389 3394//3394 3395//3395
f 3389//3389 3395//3395 3390//3390
f 3390//3390 3395//3395 3396//3396
f 3391//3391 3397//3397 3392//3392
f 3392//3392 3397//3397 3398//3398
f 3392//3392 3398//3398 3393//3393
f 3393//3393 3398//3398 3399//3399
f 3393//3393 3399//3399 3394//3394
f 3394//3394 3399//3399 3400//3400
f 3394//3394 3400//3400 3395//3395
f 3395//3395 3400//3400 3401//3401
f 3395//3395 3401//3401 3396//3396
f 3396//3396 3401//3401 3402//3402
f 3397//3397 3403//3403 3398//3398
f 3398//3398 3403//3403 3404//3404
f 3398//3398 3404//3404 3399//3399
f 3399//3399 3404//3404 3405//3405
f 3399//3399 3405//3405 3400//3400
f 3400//3400 3405//3405 3406//3406
f 3400//3400 3406//3406 3401//3401
f 3401//3401 3406//3406 3407//3407
f 3401//3401 3407//3407 3402//3402
f 3402//3402 3407//3407 3408//3408
f 3410//3410 3415//3415 3409//3409
f 3416//3416 3415//3415 3410//3410
f 3411//3411 3416//3416 3410//3410
f 3417//3417 3416//3416 3411//3411
f 3412//3412 3417//3417 3411//3411
f 3418//3418 3417//3417 3412//3412
f 3413//3413 3418//3418 3412//3412
f 3419//3419 3418//3418 3413//3413
f 3414//3414 3419//3419 3413//3413
f 3420//3420 3419//3419 3414//3414
f 3416//3416 3421//3421 3415//3415
f 3422//3422 3421//3421 3416//3416
f 3417//3417 3422//3422 3416//3416
f 3423//3423 3422//3422 3417//3417
f 3418//3418 3423//3423 3417//3417
f 3424//3424 3423//3423 3418//3418
f 3419//3419 3424//3424 3418//3418
f 3425//3425 3424//3424 3419//3419
f 3420//3420 3425//3425 3419//3419
f 3426//3426 3425//3425 3420//3420
f 3422//3422 3427//3427 3421//3421
f 3428//3428 3427//3427 3422//3422
f 3423//3423 3428//3428 3422//3422
f 3429//3429 3428//3428 3423//3423
f 3424//3424 3429//3429 3423//3423
f 3430//3430 3429//3429 3424//3424
f 3425//3425 3430//3430 3424//3424
f 3431//3431 3430//3430 3425//3425
f 3426//3426 3431//3431 3425//3425
f 3432//3432 3431//3431 3426//3426
f 3428//3428 3433//3433 3427//3427
f 3434//3434 3433//3433 3428//3428
f 3429//3429 3434//3434 3428//3428
f 3435//3435 3434//3434 3429//3429
f 3430//3430 3435//3435 3429//3429
f 3436//3436 3435//3435 3430//3430
f 3431//3431 3436//3436 3430//3430
f 3437//3437 3436//3436 3431//3431
f 3432//3432 3437//3437 3431//3431
f 3438//3438 3437//3437 3432//3432
f 3434//3434 3439//3439 3433//3433
f 3440//3440 3439//3439 3434//3434
f 3435//3435 3440//3440 3434//3434
f 3441//3441 3440//3440 3435//3435
f 3436//3436 3441//3441 3435//3435
f 3442//3442 3441//3441 3436//3436
f 3437//3437 3442//3442 3436//3436
f 3443//3443 3442//3442 3437//3437
f 3438//3438 3443//3443 3437//3437
f 3444//3444 3443//3443 3438//3438
f 3445//3445 3451//3451 3446//3446
f 3446//3446 3451//3451 3452//3452
f 3446//3446 3452//3452 3447//3447
f 3447//3447 3452//3452 3453//3453
f 3447//3447 3453//3453 3448//3448
f 3448//3448 3453//3453 3454//3454
f 3448//3448 3454//3454 3449//3449
f 3449//3449 3454//3454 3455//3455
f 3449//3449 3455//3455 3450//3450
f 3450//3450 3455//3455 3456//3456
f 3451//3451 3457//3457 3452//3452
f 3452//3452 3457//3457 3458//3458
f 3452//3452 3458//3458 3453//3453
f 3453//3453 3458//3458 3459//3459
f 3453//3453 3459//3459 3454//3454
f 3454//3454 3459//3459 3460//3460
f 3454//3454 3460//3460 3455//3455
f 3455//3455 3460//3460 3461//3461
f 3455//3455 3461//3461 3456//3456
f 3456//3456 3461//3461 3462//3462
f 3457//3457 3463//3463 3458//3458
f 3458//3458 3463//3463 3464//3464
f 3458//3458 3464//3464 3459//3459
f 3459//3459 3464//3464 3465//3465
f 3459//3459 3465//3465 3460//3460
f 3460//3460 3465//3465 3466//3466
f 3460//3460 3466//3466 3461//3461
f 3461//3461 3466//3466 3467//3467
f 3461//3461 3467//3467 3462//3462
f 3462//3462 3467//3467 3468//3468
f 3463//3463 3469//3469 3464//3464
f 3464//3464 3469//3469 3470//3470
f 3464//3464 3470//3470 3465//3465
f 3465//3465 3470//3470 3471//3471
f 3465//3465 3471//3471 3466//3466
f 3466//3466 3471//3471 3472//3472
f 3466//3466 3472//3472 3467//3467
f 3467//3467 3472//3472 3473//3473
f 3467//3467 3473//3473 3468//3468
f 3468//3468 3473//3473 3474//3474
f 3469//3469 3475//3475 3470//3470
f 3470//3470 3475//3475 3476//3476
f 3470//3470 3476//3476 3471//3471
f 3471//3471 3476//3476 3477//3477
f 3471//3471 3477//3477 3472//3472
f 3472//3472 3477//3477 3478//3478
f 3472//3472 3478//3478 3473//3473
f 3473//3473 3478//3478 3479//3479
f 3473//3473 3479//3479 3474//3474
f 3474//3474 3479//3479 3480//3480
f 3481//3481 3522//3522 3482//3482
f 3482//3482 3522//3522 3523//3523
f 3482//3482 3523//3523 3483//3483
f 3483//3483 3523//3523 3524//3524
f 3483//3483 3524//3524 3484//3484
f 3484//3484 3524//3524 3525//3525
f 3484//3484 3525//3525 3485//3485
f 3485//3485 3525//3525 3526//3526
f 3485//3485 3526//3526 3486//3486
f 3486//3486 3526//3526 3527//3527
f 3486//3486 3527//3527 3487//3487
f 3487//3487 3527//3527 3528//3528
f 3487//3487 3528//3528 3488//3488
f 3488//3488 3528//3528 3529//3529
f 3488//3488 3529//3529 3489//3489
f 3489//3489 3529//3529 3530//3530
f 3489//3489 3530//3530 3490//3490
f 3490//3490 3530//3530 3531//3531
f 3490//3490 3531//3531 3491//3491
f 3491//3491 3531//3531 3532//3532
f 3491//3491 3532//3532 3492//3492
f 3492//3492 3532//3532 3533//3533
f 3492//3492 3533//3533 3493//3493
f 3493//3493 3533//3533 3534//3534
f 3493//3493 3534//3534 3494//3494
f 3494//3494 3534//3534 3535//3535
f 3494//3494 3535//3535 3495//3495
f 3495//3495 3535//3535 3536//3536
f 3495//3495 3536//3536 3496//3496
f 3496//3496 3536//3536 3537//3537
f 3496//3496 3537//3537 3497//3497
f 3497//3497 3537//3537 3538//3538
f 3497//3497 3538//3538 3498//3498
f 3498//3498 3538//3538 3539//3539
f 3498//3498 3539//3539 3499//3499
f 3499//3499 3539//3539 3540//3540
f 3499//3499 3540//3540 3500//3500
f 3500//3500 3540//3540 3541//3541
f 3500//3500 3541//3541 3501//3501
f 3501//3501 3541//3541 3542//3542
f 3501//3501 3542//3542 3502//3502
f 3502//3502 3542//3542 3543//3543
f 3502//3502 3543//3543 3503//3503
f 3503//3503 3543//3543 3544//3544
f 3503//3503 3544//3544 3504//3504
f 3504//3504 3544//3544 3545//3545
f 3504//3504 3545//3545 3505//3505
f 3505//3505 3545//3545 3546//3546
f 3505//3505 3546//3546 3506//3506
f 3506//3506 3546//3546 3547//3547
f 3506//3506 3547//3547 3507//3507
f 3507//3507 3547//3547 3548//3548
f 3507//3507 3548//3548 3508//3508
f 3508//3508 3548//3548 3549//3549
f 3508//3508 3549//3549 3509//3509
f 3509//3509 3549//3549 3550//3550
f 3509//3509 3550//3550 3510//3510
f 3510//3510 3550//3550 3551//3551
f 3510//3510 3551//3551 3511//3511
f 3511//3511 3551//3551 3552//3552
f 3511//3511 3552//3552 3512//3512
f 3512//3512 3552//3552 3553//3553
f 3512//3512 3553//3553 3513//3513
f 3513//3513 3553//3553 3554//3554
f 3513//3513 3554//3554 3514//3514
f 3514//3514 3554//3554 3555//3555
f 3514//3514 3555//3555 3515//3515
f 3515//3515 3555//3555 3556//3556
f 3515//3515 3556//3556 3516//3516
f 3516//3516 3556//3556 3557//3557
f 3516//3516 3557//3557 3517//3517
f 3517//3517 3557//3557 3558//3558
f 3517//3517 3558//3558 3518//3518
f 3518//3518 3558//3558 3559//3559
f 3518//3518 3559//3559 3519//3519
f 3519//3519 3559//3559 3560//3560
f 3519//3519 3560//3560 3520//3520
f 3520//3520 3560//3560 3561//3561
f 3520//3520 3561//3561 3521//3521
f 3521//3521 3561//3561 3562//3562
f 3522//3522 3563//3563 3523//3523
f 3523//3523 3563//3563 3564//3564
f 3523//3523 3564//3564 3524//3524
f 3524//3524 3564//3564 3565//3565
f 3524//3524 3565//3565 3525//3525
f 3525//3525 3565//3565 3566//3566
f 3525//3525 3566//3566 3526//3526
f 3526//3526 3566//3566 3567//3567
f 3526//3526 3567//3567 3527//3527
f 3527//3527 3567//3567 3568//3568
f 3527//3527 3568//3568 3528//3528
f 3528//3528 3568//3568 3569//3569
f 3528//3528 3569//3569 3529//3529
f 3529//3529 3569//3569 3570//3570
f 3529//3529 3570//3570 3530//3530
f 3530//3530 3570//3570 3571//3571
f 3530//3530 3571//3571 3531//3531
f 3531//3531 3571//3571 3572//3572
f 3531//3531 3572//3572 3532//3532
f 3532//3532 3572//3572 3573//3573
f 3532//3532 3573//3573 3533//3533
f 3533//3533 3573//3573 3574//3574
f 3533//3533 3574//3574 3534//3534
f 3534//3534 3574//3574 3575//3575
f 3534//3534 3575//3575 3535//3535
f 3535//3535 3575//3575 3576//3576
f 3535//3535 3576//3576 3536//3536
f 3536//3536 3576//3576 3577//3577
f 3536//3536 3577//3577 3537//3537
f 3537//3537 3577//3577 3578//3578
f 3537//3537 3578//3578 3538//3538
f 3538//3538 3578//3578 3579//3579
f 3538//3538 3579//3579 3539//3539
f 3539//3539 3579//3579 3580//3580
f 3539//3539 3580//3580 3540//3540
f 3540//3540 3580//3580 3581//3581
f 3540//3540 3581//3581 3541//3541
f 3541//3541 3581//3581 3582//3582
f 3541//3541 3582//3582 3542//3542
f 3542//3542 3582//3582 3583//3583
f 3542//3542 3583//3583 3543//3543
f 3543//3543 3583//3583 3584//3584
f 3543//3543 3584//3584 3544//3544
f 3544//3544 3584//3584 3585//3585
f 3544//3544 3585//3585 3545//3545
f 3545//3545 3585//3585 3586//3586
f 3545//3545 3586//3586 3546//3546
f 3546//3546 3586//3586 3587//3587
f 3546//3546 3587//3587 3547//3547
f 3547//3547 3587//3587 3588//3588
f 3547//3547 3588//3588 3548//3548
f 3548//3548 3588//3588 3589//3589
f 3548//3548 3589//3589 3549//3549
f 3549//3549 3589//3589 3590//3590
f 3549//3549 3590//3590 3550//3550
f 3550//3550 3590//3590 3591//3591
f 3550//3550 3591//3591 3551//3551
f 3551//3551 3591//3591 3592//3592
f 3551//3551 3592//3592 3552//3552
f 3552//3552 3592//3592 3593//3593
f 3552//3552 3593//3593 3553//3553
f 3553//3553 3593//3593 3594//3594
f 3553//3553 3594//3594 3554//3554
f 3554//3554 3594//3594 3595//3595
f 3554//3554 3595//3595 3555//3555
f 3555//3555 3595//3595 3596//3596
f 3555//3555 3596//3596 3556//3556
f 3556//3556 3596//3596 3597//3597
f 3556//3556 3597//3597 3557//3557
f 3557//3557 3597//3597 3598//3598
f 3557//3557 3598//3598 3558//3558
f 3558//3558 3598//3598 3599//3599
f 3558//3558 3599//3599 3559//3559
f 3559//3559 3599//3599 3600//3600
f 3559//3559 3600//3600 3560//3560
f 3560//3560 3600//3600 3601//3601
f 3560//3560 3601//3601 3561//3561
f 3561//3561 3601//3601 3602//3602
f 3561//3561 3602//3602 3562//3562
f 3562//3562 3602//3602 3603//3603
f 3563//3563 3604//3604 3564//3564
f 3564//3564 3604//3604 3605//3605
f 3564//3564 3605//3605 3565//3565
f 3565//3565 3605//3605 3606//3606
f 3565//3565 3606//3606 3566//3566
f 3566//3566 3606//3606 3607//3607
f 3566//3566 3607//3607 3567//3567
f 3567//3567 3607//3607 3608//3608
f 3567//3567 3608//3608 3568//3568
f 3568//3568 3608//3608 3609//3609
f 3568//3568 3609//3609 3569//3569
f 3569//3569 3609//3609 3610//3610
f 3569//3569 3610//3610 3570//3570
f 3570//3570 3610//3610 3611//3611
f 3570//3570 3611//3611 3571//3571
f 3571//3571 3611//3611 3612//3612
f 3571//3571 3612//3612 3572//3572
f 3572//3572 3612//3612 3613//3613
f 3572//3572 3613//3613 3573//3573
f 3573//3573 3613//3613 3614//3614
f 3573//3573 3614//3614 3574//3574
f 3574//3574 3614//3614 3615//3615
f 3574//3574 3615//3615 3575//3575
f 3575//3575 3615//3615 3616//3616
f 3575//3575 3616//3616 3576//3576
f 3576//3576 3616//3616 3617//3617
f 3576//3576 3617//3617 3577//3577
f 3577//3577 3617//3617 3618//3618
f 3577//3577 3618//3618 3578//3578
f 3578//3578 3618//3618 3619//3619
f 3578//3578 3619//3619 3579//3579
f 3579//3579 3619//3619 3620//3620
f 3579//3579 3620//3620 3580//3580
f 3580//3580 3620//3620 3621//3621
f 3580//3580 3621//3621 3581//3581
f 3581//3581 3621//3621 3622//3622
f 3581//3581 3622//3622 3582//3582
f 3582//3582 3622//3622 3623//3623
f 3582//3582 3623//3623 3583//3583
f 3583//3583 3623//3623 3624//3624
f 3583//3583 3624//3624 3584//3584
f 3584//3584 3624//3624 3625//3625
f 3584//3584 3625//3625 3585//3585
f 3585//3585 3625//3625 3626//3626
f 3585//3585 3626//3626 3586//3586
f 3586//3586 3626//3626 3627//3627
f 3586//3586 3627//3627 3587//3587
f 3587//3587 3627//3627 3628//3628
f 3587//3587 3628//3628 3588//3588
f 3588//3588 3628//3628 3629//3629
f 3588//3588 3629//3629 3589//3589
f 3589//3589 3629//3629 3630//3630
f 3589//3589 3630//3630 3590//3590
f 3590//3590 3630//3630 3631//3631
f 3590//3590 3631//3631 3591//3591
f 3591//3591 3631//3631 3632//3632
f 3591//3591 3632//3632 3592//3592
f 3592//3592 3632//3632 3633//3633
f 3592//3592 3633//3633 3593//3593
f 3593//3593 3633//3633 3634//3634
f 3593//3593 3634//3634 3594//3594
f 3594//3594 3634//3634 3635//3635
f 3594//3594 3635//3635 3595//3595
f 3595//3595 3635//3635 3636//3636
f 3595//3595 3636//3636 3596//3596
f 3596//3596 3636//3636 3637//3637
f 3596//3596 3637//3637 3597//3597
f 3597//3597 3637//3637 3638//3638
f 3597//3597 3638//3638 3598//3598
f 3598//3598 3638//3638 3639//3639
f 3598//3598 3639//3639 3599//3599
f 3599//3599 3639//3639 3640//3640
f 3599//3599 3640//3640 3600//3600
f 3600//3600 3640//3640 3641//3641
f 3600//3600 3641//3641 3601//3601
f 3601//3601 3641//3641 3642//3642
f 3601//3601 3642//3642 3602//3602
f 3602//3602 3642//3642 3643//3643
f 3602//3602 3643//3643 3603//3603
f 3603//3603 3643//3643 3644//3644
f 3604//3604 3645//3645 3605//3605
f 3605//3605 3645//3645 3646//3646
f 3605//3605 3646//3646 3606//3606
f 3606//3606 3646//3646 3647//3647
f 3606//3606 3647//3647 3607//3607
f 3607//3607 3647//3647 3648//3648
f 3607//3607 3648//3648 3608//3608
f 3608//3608 3648//3648 3649//3649
f 3608//3608 3649//3649 3609//3609
f 3609//3609 3649//3649 3650//3650
f 3609//3609 3650//3650 3610//3610
f 3610//3610 3650//3650 3651//3651
f 3610//3610 3651//3651 3611//3611
f 3611//3611 3651//3651 3652//3652
f 3611//3611 3652//3652 3612//3612
f 3612//3612 3652//3652 3653//3653
f 3612//3612 3653//3653 3613//3613
f 3613//3613 3653//3653 3654//3654
f 3613//3613 3654//3654 3614//3614
f 3614//3614 3654//3654 3655//3655
f 3614//3614 3655//3655 3615//3615
f 3615//3615 3655//3655 3656//3656
f 3615//3615 3656//3656 3616//3616
f 3616//3616 3656//3656 3657//3657
f 3616//3616 3657//3657 3617//3617
f 3617//3617 3657//3657 3658//3658
f 3617//3617 3658//3658 3618//3618
f 3618//3618 3658//3658 3659//3659
f 3618//3618 3659//3659 3619//3619
f 3619//3619 3659//3659 3660//3660
f 3619//3619 3660//3660 3620//3620
f 3620//3620 3660//3660 3661//3661
f 3620//3620 3661//3661 3621//3621
f 3621//3621 3661//3661 3662//3662
f 3621//3621 3662//3662 3622//3622
f 3622//3622 3662//3662 3663//3663
f 3622//3622 3663//3663 3623//3623
f 3623//3623 3663//3663 3664//3664
f 3623//3623 3664//3664 3624//3624
f 3624//3624 3664//3664 3665//3665
f 3624//3624 3665//3665 3625//3625
f 3625//3625 3665//3665 3666//3666
f 3625//3625 3666//3666 3626//3626
f 3626//3626 3666//3666 3667//3667
f 3626//3626 3667//3667 3627//3627
f 3627//3627 3667//3667 3668//3668
f 3627//3627 3668//3668 3628//3628
f 3628//3628 3668//3668 3669//3669
f 3628//3628 3669//3669 3629//3629
f 3629//3629 3669//3669 3670//3670
f 3629//3629 3670//3670 3630//3630
f 3630//3630 3670//3670 3671//3671
f 3630//3630 3671//3671 3631//3631
f 3631//3631 3671//3671 3672//3672
f 3631//3631 3672//3672 3632//3632
f 3632//3632 3672//3672 3673//3673
f 3632//3632 3673//3673 3633//3633
f 3633//3633 3673//3673 3674//3674
f 3633//3633 3674//3674 3634//3634
f 3634//3634 3674//3674 3675//3675
f 3634//3634 3675//3675 3635//3635
f 3635//3635 3675//3675 3676//3676
f 3635//3635 3676//3676 3636//3636
f 3636//3636 3676//3676 3677//3677
f 3636//3636 3677//3677 3637//3637
f 3637//3637 3677//3677 3678//3678
f 3637//3637 3678//3678 3638//3638
f 3638//3638 3678//3678 3679//3679
f 3638//3638 3679//3679 3639//3639
f 3639//3639 3679//3679 3680//3680
f 3639//3639 3680//3680 3640//3640
f 3640//3640 3680//3680 3681//3681
f 3640//3640 3681//3681 3641//3641
f 3641//3641 3681//3681 3682//3682
f 3641//3641 3682//3682 3642//3642
f 3642//3642 3682//3682 3683//3683
f 3642//3642 3683//3683 3643//3643
f 3643//3643 3683//3683 3684//3684
f 3643//3643 3684//3684 3644//3644
f 3644//3644 3684//3684 3685//3685
f 3645//3645 3686//3686 3646//3646
f 3646//3646 3686//3686 3687//3687
f 3646//3646 3687//3687 3647//3647
f 3647//3647 3687//3687 3688//3688
f 3647//3647 3688//3688 3648//3648
f 3648//3648 3688//3688 3689//3689
f 3648//3648 3689//3689 3649//3649
f 3649//3649 3689//3689 3690//3690
f 3649//3649 3690//3690 3650//3650
f 3650//3650 3690//3690 3691//3691
f 3650//3650 3691//3691 3651//3651
f 3651//3651 3691//3691 3692//3692
f 3651//3651 3692//3692 3652//3652
f 3652//3652 3692//3692 3693//3693
f 3652//3652 3693//3693 3653//3653
f 3653//3653 3693//3693 3694//3694
f 3653//3653 3694//3694 3654//3654
f 3654//3654 3694//3694 3695//3695
f 3654//3654 3695//3695 3655//3655
f 3655//3655 3695//3695 3696//3696
f 3655//3655 3696//3696 3656//3656
f 3656//3656 3696//3696 3697//3697
f 3656//3656 3697//3697 3657//3657
f 3657//3657 3697//3697 3698//3698
f 3657//3657 3698//3698 3658//3658
f 3658//3658 3698//3698 3699//3699
f 3658//3658 3699//3699 3659//3659
f 3659//3659 3699//3699 3700//3700
f 3659//3659 3700//3700 3660//3660
f 3660//3660 3700//3700 3701//3701
f 3660//3660 3701//3701 3661//3661
f 3661//3661 3701//3701 3702//3702
f 3661//3661 3702//3702 3662//3662
f 3662//3662 3702//3702 3703//3703
f 3662//3662 3703//3703 3663//3663
f 3663//3663 3703//3703 3704//3704
f 3663//3663 3704//3704 3664//3664
f 3664//3664 3704//3704 3705//3705
f 3664//3664 3705//3705 3665//3665
f 3665//3665 3705//3705 3706//3706
f 3665//3665 3706//3706 3666//3666
f 3666//3666 3706//3706 3707//3707
f 3666//3666 3707//3707 3667//3667
f 3667//3667 3707//3707 3708//3708
f 3667//3667 3708//3708 3668//3668
f 3668//3668 3708//3708 3709//3709
f 3668//3668 3709//3709 3669//3669
f 3669//3669 3709//3709 3710//3710
f 3669//3669 3710//3710 3670//3670
f 3670//3670 3710//3710 3711//3711
f 3670//3670 3711//3711 3671//3671
f 3671//3671 3711//3711 3712//3712
f 3671//3671 3712//3712 3672//3672
f 3672//3672 3712//3712 3713//3713
f 3672//3672 3713//3713 3673//3673
f 3673//3673 3713//3713 3714//3714
f 3673//3673 3714//3714 3674//3674
f 3674//3674 3714//3714 3715//3715
f 3674//3674 3715//3715 3675//3675
f 3675//3675 3715//3715 3716//3716
f 3675//3675 3716//3716 3676//3676
f 3676//3676 3716//3716 3717//3717
f 3676//3676 3717//3717 3677//3677
f 3677//3677 3717//3717 3718//3718
f 3677//3677 3718//3718 3678//3678
f 3678//3678 3718//3718 3719//3719
f 3678//3678 3719//3719 3679//3679
f 3679//3679 3719//3719 3720//3720
f 3679//3679 3720//3720 3680//3680
f 3680//3680 3720//3720 3721//3721
f 3680//3680 3721//3721 3681//3681
f 3681//3681 3721//3721 3722//3722
f 3681//3681 3722//3722 3682//3682
f 3682//3682 3722//3722 3723//3723
f 3682//3682 3723//3723 3683//3683
f 3683//3683 3723//3723 3724//3724
f 3683//3683 3724//3724 3684//3684
f 3684//3684 3724//3724 3725//3725
f 3684//3684 3725//3725 3685//3685
f 3685//3685 3725//3725 3726//3726
o station-sink_water
usemtl water
v -0.203383 0.312199 -0.150883
v -0.203725 0.311967 -0.149950
v -0.203880 0.311862 -0.148675
v -0.203880 0.311862 0.188675
v -0.203725 0.311967 0.189950
v -0.203383 0.312199 0.190883
v -0.203725 0.312834 -0.151225
v -0.204298 0.312639 -0.150237
v -0.204596 0.312538 -0.148675
v -0.204596 0.312538 0.188675
v -0.204298 0.312639 0.190237
v -0.203725 0.312834 0.191225
v -0.203880 0.313701 -0.151380
v -0.204596 0.313701 -0.150386
v -0.205000 0.313701 -0.148675
v -0.205000 0.313701 0.188675
v -0.204596 0.313701 0.190386
v -0.203880 0.313701 0.191380
v -0.203880 0.314619 -0.151380
v -0.204596 0.314619 -0.150386
v -0.205000 0.314619 -0.148675
v -0.205000 0.314619 0.188675
v -0.204596 0.314619 0.190386
v -0.203880 0.314619 0.191380
v -0.203725 0.315486 -0.151225
v -0.204298 0.315681 -0.150237
v -0.204596 0.315782 -0.148675
v -0.204596 0.315782 0.188675
v -0.204298 0.315681 0.190237
v -0.203725 0.315486 0.191225
v -0.203383 0.316121 -0.150883
v -0.203725 0.316353 -0.149950
v -0.203880 0.316458 -0.148675
v -0.203880 0.316458 0.188675
v -0.203725 0.316353 0.189950
v -0.203383 0.316121 0.190883
v 0.203383 0.312199 -0.150883
v 0.203725 0.311967 -0.149950
v 0.203880 0.311862 -0.148675
v 0.203880 0.311862 0.188675
v 0.203725 0.311967 0.189950
v 0.203383 0.312199 0.190883
v 0.203725 0.312834 -0.151225
v 0.204298 0.312639 -0.150237
v 0.204596 0.312538 -0.148675
v 0.204596 0.312538 0.188675
v 0.204298 0.312639 0.190237
v 0.203725 0.312834 0.191225
v 0.203880 0.313701 -0.151380
v 0.204596 0.313701 -0.150386
v 0.205000 0.313701 -0.148675
v 0.205000 0.313701 0.188675
v 0.204596 0.313701 0.190386
v 0.203880 0.313701 0.191380
v 0.203880 0.314619 -0.151380
v 0.204596 0.314619 -0.150386
v 0.205000 0.314619 -0.148675
v 0.205000 0.314619 0.188675
v 0.204596 0.314619 0.190386
v 0.203880 0.314619 0.191380
v 0.203725 0.315486 -0.151225
v 0.204298 0.315681 -0.150237
v 0.204596 0.315782 -0.148675
v 0.204596 0.315782 0.188675
v 0.204298 0.315681 0.190237
v 0.203725 0.315486 0.191225
v 0.203383 0.316121 -0.150883
v 0.203725 0.316353 -0.149950
v 0.203880 0.316458 -0.148675
v 0.203880 0.316458 0.188675
v 0.203725 0.316353 0.189950
v 0.203383 0.316121 0.190883
v -0.203383 0.312199 -0.150883
v -0.202450 0.311967 -0.151225
v -0.201175 0.311862 -0.151380
v 0.201175 0.311862 -0.151380
v 0.202450 0.311967 -0.151225
v 0.203383 0.312199 -0.150883
v -0.203725 0.311967 -0.149950
v -0.202737 0.311577 -0.150237
v -0.201175 0.311375 -0.150386
v 0.201175 0.311375 -0.150386
v 0.202737 0.311577 -0.150237
v 0.203725 0.311967 -0.149950
v -0.203880 0.311862 -0.148675
v -0.202886 0.311375 -0.148675
v -0.201175 0.311100 -0.148675
v 0.201175 0.311100 -0.148675
v 0.202886 0.311375 -0.148675
v 0.203880 0.311862 -0.148675
v -0.203880 0.311862 0.188675
v -0.202886 0.311375 0.188675
v -0.201175 0.311100 0.188675
v 0.201175 0.311100 0.188675
v 0.202886 0.311375 0.188675
v 0.203880 0.311862 0.188675
v -0.203725 0.311967 0.189950
v -0.202737 0.311577 0.190237
v -0.201175 0.311375 0.190386
v 0.201175 0.311375 0.190386
v 0.202737 0.311577 0.190237
v 0.203725 0.311967 0.189950
v -0.203383 0.312199 0.190883
v -0.202450 0.311967 0.191225
v -0.201175 0.311862 0.191380
v 0.201175 0.311862 0.191380
v 0.202450 0.311967 0.191225
v 0.203383 0.312199 0.190883
v -0.203383 0.316121 -0.150883
v -0.202450 0.316353 -0.151225
v -0.201175 0.316458 -0.151380
v 0.201175 0.316458 -0.151380
v 0.202450 0.316353 -0.151225
v 0.203383 0.316121 -0.150883
v -0.203725 0.316353 -0.149950
v -0.202737 0.316743 -0.150237
v -0.201175 0.316945 -0.150386
v 0.201175 0.316945 -0.150386
v 0.202737 0.316743 -0.150237
v 0.203725 0.316353 -0.149950
v -0.203880 0.316458 -0.148675
v -0.202886 0.316945 -0.148675
v -0.201175 0.317220 -0.148675
v 0.201175 0.317220 -0.148675
v 0.202886 0.316945 -0.148675
v 0.203880 0.316458 -0.148675
v -0.203880 0.316458 0.188675
v -0.202886 0.316945 0.188675
v -0.201175 0.317220 0.188675
v 0.201175 0.317220 0.188675
v 0.202886 0.316945 0.188675
v 0.203880 0.316458 0.188675
v -0.203725 0.316353 0.189950
v -0.202737 0.316743 0.190237
v -0.201175 0.316945 0.190386
v 0.201175 0.316945 0.190386
v 0.202737 0.316743 0.190237
v 0.203725 0.316353 0.189950
v -0.203383 0.316121 0.190883
v -0.202450 0.316353 0.191225
v -0.201175 0.316458 0.191380
v 0.201175 0.316458 0.191380
v 0.202450 0.316353 0.191225
v 0.203383 0.316121 0.190883
v -0.203383 0.312199 -0.150883
v -0.203725 0.312834 -0.151225
v -0.203880 0.313701 -0.151380
v -0.203880 0.314619 -0.151380
v -0.203725 0.315486 -0.151225
v -0.203383 0.316121 -0.150883
v -0.202450 0.311967 -0.151225
v -0.202737 0.312639 -0.151798
v -0.202886 0.313701 -0.152096
v -0.202886 0.314619 -0.152096
v -0.202737 0.315681 -0.151798
v -0.202450 0.316353 -0.151225
v -0.201175 0.311862 -0.151380
v -0.201175 0.312538 -0.152096
v -0.201175 0.313701 -0.152500
v -0.201175 0.314619 -0.152500
v -0.201175 0.315782 -0.152096
v -0.201175 0.316458 -0.151380
v 0.201175 0.311862 -0.151380
v 0.201175 0.312538 -0.152096
v 0.201175 0.313701 -0.152500
v 0.201175 0.314619 -0.152500
v 0.201175 0.315782 -0.152096
v 0.201175 0.316458 -0.151380
v 0.202450 0.311967 -0.151225
v 0.202737 0.312639 -0.151798
v 0.202886 0.313701 -0.152096
v 0.202886 0.314619 -0.152096
v 0.202737 0.315681 -0.151798
v 0.202450 0.316353 -0.151225
v 0.203383 0.312199 -0.150883
v 0.203725 0.312834 -0.151225
v 0.203880 0.313701 -0.151380
v 0.203880 0.314619 -0.151380
v 0.203725 0.315486 -0.151225
v 0.203383 0.316121 -0.150883
v -0.203383 0.312199 0.190883
v -0.203725 0.312834 0.191225
v -0.203880 0.313701 0.191380
v -0.203880 0.314619 0.191380
v -0.203725 0.315486 0.191225
v -0.203383 0.316121 0.190883
v -0.202450 0.311967 0.191225
v -0.202737 0.312639 0.191798
v -0.202886 0.313701 0.192096
v -0.202886 0.314619 0.192096
v -0.202737 0.315681 0.191798
v -0.202450 0.316353 0.191225
v -0.201175 0.311862 0.191380
v -0.201175 0.312538 0.192096
v -0.201175 0.313701 0.192500
v -0.201175 0.314619 0.192500
v -0.201175 0.315782 0.192096
v -0.201175 0.316458 0.191380
v 0.201175 0.311862 0.191380
v 0.201175 0.312538 0.192096
v 0.201175 0.313701 0.192500
v 0.201175 0.314619 0.192500
v 0.201175 0.315782 0.192096
v 0.201175 0.316458 0.191380
v 0.202450 0.311967 0.191225
v 0.202737 0.312639 0.191798
v 0.202886 0.313701 0.192096
v 0.202886 0.314619 0.192096
v 0.202737 0.315681 0.191798
v 0.202450 0.316353 0.191225
v 0.203383 0.312199 0.190883
v 0.203725 0.312834 0.191225
v 0.203880 0.313701 0.191380
v 0.203880 0.314619 0.191380
v 0.203725 0.315486 0.191225
v 0.203383 0.316121 0.190883
vn -0.490135 -0.720787 -0.490135
vn -0.534082 -0.785415 -0.312858
vn -0.562310 -0.826926 -0.001246
vn -0.562310 -0.826926 0.000257
vn -0.549577 -0.808201 0.211606
vn -0.496038 -0.729467 0.470983
vn -0.603891 -0.520222 -0.603891
vn -0.796314 -0.500194 -0.340132
vn -0.808070 -0.589085 -0.001033
vn -0.891456 -0.453106 0.000724
vn -0.833341 -0.457092 0.310822
vn -0.642635 -0.441589 0.626115
vn -0.694383 -0.188854 -0.694383
vn -0.911984 -0.180931 -0.368170
vn -0.970507 -0.241071 -0.001069
vn -0.990992 -0.133916 0.001157
vn -0.918203 -0.143882 0.369054
vn -0.693082 -0.136034 0.707907
vn -0.704802 0.080667 -0.704802
vn -0.918203 0.143882 -0.369054
vn -0.990992 0.133916 -0.001157
vn -0.970507 0.241071 0.001069
vn -0.911984 0.180931 0.368170
vn -0.707907 0.136034 0.693082
vn -0.656445 0.371698 -0.656445
vn -0.833341 0.457092 -0.310822
vn -0.891456 0.453106 -0.000724
vn -0.808070 0.589085 0.001033
vn -0.796314 0.500194 0.340132
vn -0.626115 0.441589 0.642635
vn -0.503175 0.702588 -0.503175
vn -0.552899 0.792186 -0.258350
vn -0.603563 0.797315 -0.000599
vn -0.521279 0.853386 0.000576
vn -0.533893 0.805851 0.256051
vn -0.470983 0.729467 0.496038
vn 0.470983 -0.729467 -0.496038
vn 0.533893 -0.805851 -0.256051
vn 0.521279 -0.853386 -0.000576
vn 0.603563 -0.797315 0.000599
vn 0.552899 -0.792186 0.258350
vn 0.503175 -0.702588 0.503175
vn 0.626115 -0.441589 -0.642635
vn 0.796314 -0.500194 -0.340132
vn 0.808070 -0.589085 -0.001033
vn 0.891456 -0.453106 0.000724
vn 0.833341 -0.457092 0.310822
vn 0.656445 -0.371698 0.656445
vn 0.707907 -0.136034 -0.693082
vn 0.911984 -0.180931 -0.368170
vn 0.970507 -0.241071 -0.001069
vn 0.990992 -0.133916 0.001157
vn 0.918203 -0.143882 0.369054
vn 0.704802 -0.080667 0.704802
vn 0.693082 0.136034 -0.707907
vn 0.918203 0.143882 -0.369054
vn 0.990992 0.133916 -0.001157
vn 0.970507 0.241071 0.001069
vn 0.911984 0.180931 0.368170
vn 0.694383 0.188854 0.694383
vn 0.642635 0.441589 -0.626115
vn 0.833341 0.457092 -0.310822
vn 0.891456 0.453106 -0.000724
vn 0.808070 0.589085 0.001033
vn 0.796314 0.500194 0.340132
vn 0.603891 0.520222 0.603891
vn 0.496038 0.729467 -0.470983
vn 0.549577 0.808201 -0.211606
vn 0.562310 0.826926 -0.000257
vn 0.562310 0.826926 0.001246
vn 0.534082 0.785415 0.312858
vn 0.490135 0.720787 0.490135
vn -0.490135 -0.720787 -0.490135
vn -0.312858 -0.785415 -0.534082
vn -0.001046 -0.826926 -0.562310
vn 0.000216 -0.826926 -0.562310
vn 0.211606 -0.808201 -0.549577
vn 0.470983 -0.729467 -0.496038
vn -0.534082 -0.785415 -0.312858
vn -0.268668 -0.925005 -0.268668
vn -0.000691 -0.947582 -0.319512
vn 0.000451 -0.973485 -0.228749
vn 0.238736 -0.941281 -0.238736
vn 0.533893 -0.805851 -0.256051
vn -0.562310 -0.826926 -0.001246
vn -0.319430 -0.947609 -0.000824
vn -0.001343 -0.999998 -0.001602
vn 0.000343 -1.000000 -0.000408
vn 0.228793 -0.973475 -0.000538
vn 0.521279 -0.853386 -0.000576
vn -0.562310 -0.826926 0.000257
vn -0.228793 -0.973475 0.000538
vn -0.000343 -1.000000 0.000408
vn 0.001343 -0.999998 0.001602
vn 0.319430 -0.947609 0.000824
vn 0.603563 -0.797315 0.000599
vn -0.549577 -0.808201 0.211606
vn -0.238736 -0.941281 0.238736
vn -0.000451 -0.973485 0.228749
vn 0.000691 -0.947582 0.319512
vn 0.268668 -0.925005 0.268668
vn 0.552899 -0.792186 0.258350
vn -0.496038 -0.729467 0.470983
vn -0.256051 -0.805851 0.533893
vn -0.000483 -0.853424 0.521217
vn 0.000503 -0.797267 0.603627
vn 0.258350 -0.792186 0.552899
vn 0.503175 -0.702588 0.503175
vn -0.503175 0.702588 -0.503175
vn -0.258350 0.792186 -0.552899
vn -0.000503 0.797267 -0.603627
vn 0.000483 0.853424 -0.521217
vn 0.256051 0.805851 -0.533893
vn 0.496038 0.729467 -0.470983
vn -0.552899 0.792186 -0.258350
vn -0.268668 0.925005 -0.268668
vn -0.000691 0.947582 -0.319512
vn 0.000451 0.973485 -0.228749
vn 0.238736 0.941281 -0.238736
vn 0.549577 0.808201 -0.211606
vn -0.603563 0.797315 -0.000599
vn -0.319430 0.947609 -0.000824
vn -0.001343 0.999998 -0.001602
vn 0.000343 1.000000 -0.000408
vn 0.228793 0.973475 -0.000538
vn 0.562310 0.826926 -0.000257
vn -0.521279 0.853386 0.000576
vn -0.228793 0.973475 0.000538
vn -0.000343 1.000000 0.000408
vn 0.001343 0.999998 0.001602
vn 0.319430 0.947609 0.000824
vn 0.562310 0.826926 0.001246
vn -0.533893 0.805851 0.256051
vn -0.238736 0.941281 0.238736
vn -0.000451 0.973485 0.228749
vn 0.000691 0.947582 0.319512
vn 0.268668 0.925005 0.268668
vn 0.534082 0.785415 0.312858
vn -0.470983 0.729467 0.496038
vn -0.211606 0.808201 0.549577
vn -0.000216 0.826926 0.562310
vn 0.001046 0.826926 0.562310
vn 0.312858 0.785415 0.534082
vn 0.490135 0.720787 0.490135
vn -0.490135 -0.720787 -0.490135
vn -0.603891 -0.520222 -0.603891
vn -0.694383 -0.188854 -0.694383
vn -0.704802 0.080667 -0.704802
vn -0.656445 0.371698 -0.656445
vn -0.503175 0.702588 -0.503175
vn -0.312858 -0.785415 -0.534082
vn -0.340132 -0.500194 -0.796314
vn -0.368170 -0.180931 -0.911984
vn -0.369054 0.143882 -0.918203
vn -0.310822 0.457092 -0.833341
vn -0.258350 0.792186 -0.552899
vn -0.001046 -0.826926 -0.562310
vn -0.000867 -0.589195 -0.807991
vn -0.000897 -0.241150 -0.970487
vn -0.000971 0.133839 -0.991003
vn -0.000608 0.453034 -0.891493
vn -0.000503 0.797267 -0.603627
vn 0.000216 -0.826926 -0.562310
vn 0.000608 -0.453034 -0.891493
vn 0.000971 -0.133839 -0.991003
vn 0.000897 0.241150 -0.970487
vn 0.000867 0.589195 -0.807991
vn 0.000483 0.853424 -0.521217
vn 0.211606 -0.808201 -0.549577
vn 0.310822 -0.457092 -0.833341
vn 0.369054 -0.143882 -0.918203
vn 0.368170 0.180931 -0.911984
vn 0.340132 0.500194 -0.796314
vn 0.256051 0.805851 -0.533893
vn 0.470983 -0.729467 -0.496038
vn 0.626115 -0.441589 -0.642635
vn 0.707907 -0.136034 -0.693082
vn 0.693082 0.136034 -0.707907
vn 0.642635 0.441589 -0.626115
vn 0.496038 0.729467 -0.470983
vn -0.496038 -0.729467 0.470983
vn -0.642635 -0.441589 0.626115
vn -0.693082 -0.136034 0.707907
vn -0.707907 0.136034 0.693082
vn -0.626115 0.441589 0.642635
vn -0.470983 0.729467 0.496038
vn -0.256051 -0.805851 0.533893
vn -0.340132 -0.500194 0.796314
vn -0.368170 -0.180931 0.911984
vn -0.369054 0.143882 0.918203
vn -0.310822 0.457092 0.833341
vn -0.211606 0.808201 0.549577
vn -0.000483 -0.853424 0.521217
vn -0.000867 -0.589195 0.807991
vn -0.000897 -0.241150 0.970487
vn -0.000971 0.133839 0.991003
vn -0.000608 0.453034 0.891493
vn -0.000216 0.826926 0.562310
vn 0.000503 -0.797267 0.603627
vn 0.000608 -0.453034 0.891493
vn 0.000971 -0.133839 0.991003
vn 0.000897 0.241150 0.970487
vn 0.000867 0.589195 0.807991
vn 0.001046 0.826926 0.562310
vn 0.258350 -0.792186 0.552899
vn 0.310822 -0.457092 0.833341
vn 0.369054 -0.143882 0.918203
vn 0.368170 0.180931 0.911984
vn 0.340132 0.500194 0.796314
vn 0.312858 0.785415 0.534082
vn 0.503175 -0.702588 0.503175
vn 0.656445 -0.371698 0.656445
vn 0.704802 -0.080667 0.704802
vn 0.694383 0.188854 0.694383
vn 0.603891 0.520222 0.603891
vn 0.490135 0.720787 0.490135
f 3728//3728 3733//3733 3727//3727
f 3734//3734 3733//3733 3728//3728
f 3729//3729 3734//3734 3728//3728
f 3735//3735 3734//3734 3729//3729
f 3730//3730 3735//3735 3729//3729
f 3736//3736 3735//3735 3730//3730
f 3731//3731 3736//3736 3730//3730
f 3737//3737 3736//3736 3731//3731
f 3732//3732 3737//3737 3731//3731
f 3738//3738 3737//3737 3732//3732
f 3734//3734 3739//3739 3733//3733
f 3740//3740 3739//3739 3734//3734
f 3735//3735 3740//3740 3734//3734
f 3741//3741 3740//3740 3735//3735
f 3736//3736 3741//3741 3735//3735
f 3742//3742 3741//3741 3736//3736
f 3737//3737 3742//3742 3736//3736
f 3743//3743 3742//3742 3737//3737
f 3738//3738 3743//3743 3737//3737
f 3744//3744 3743//3743 3738//3738
f 3740//3740 3745//3745 3739//3739
f 3746//3746 3745//3745 3740//3740
f 3741//3741 3746//3746 3740//3740
f 3747//3747 3746//3746 3741//3741
f 3742//3742 3747//3747 3741//3741
f 3748//3748 3747//3747 3742//3742
f 3743//3743 3748//3748 3742//3742
f 3749//3749 3748//3748 3743//3743
f 3744//3744 3749//3749 3743//3743
f 3750//3750 3749//3749 3744//3744
f 3746//3746 3751//3751 3745//3745
f 3752//3752 3751//3751 3746//3746
f 3747//3747 3752//3752 3746//3746
f 3753//3753 3752//3752 3747//3747
f 3748//3748 3753//3753 3747//3747
f 3754//3754 3753//3753 3748//3748
f 3749//3749 3754//3754 3748//3748
f 3755//3755 3754//3754 3749//3749
f 3750//3750 3755//3755 3749//3749
f 3756//3756 3755//3755 3750//3750
f 3752//3752 3757//3757 3751//3751
f 3758//3758 3757//3757 3752//3752
f 3753//3753 3758//3758 3752//3752
f 3759//3759 3758//3758 3753//3753
f 3754//3754 3759//3759 3753//3753
f 3760//3760 3759//3759 3754//3754
f 3755//3755 3760//3760 3754//3754
f 3761//3761 3760//3760 3755//3755
f 3756//3756 3761//3761 3755//3755
f 3762//3762 3761//3761 3756//3756
f 3763//3763 3769//3769 3764//3764
f 3764//3764 3769//3769 3770//3770
f 3764//3764 3770//3770 3765//3765
f 3765//3765 3770//3770 3771//3771
f 3765//3765 3771//3771 3766//3766
f 3766//3766 3771//3771 3772//3772
f 3766//3766 3772//3772 3767//3767
f 3767//3767 3772//3772 3773//3773
f 3767//3767 3773//3773 3768//3768
f 3768//3768 3773//3773 3774//3774
f 3769//3769 3775//3775 3770//3770
f 3770//3770 3775//3775 3776//3776
f 3770//3770 3776//3776 3771//3771
f 3771//3771 3776//3776 3777//3777
f 3771//3771 3777//3777 3772//3772
f 3772//3772 3777//3777 3778//3778
f 3772//3772 3778//3778 3773//3773
f 3773//3773 3778//3778 3779//3779
f 3773//3773 3779//3779 3774//3774
f 3774//3774 3779//3779 3780//3780
f 3775//3775 3781//3781 3776//3776
f 3776//3776 3781//3781 3782//3782
f 3776//3776 3782//3782 3777//3777
f 3777//3777 3782//3782 3783//3783
f 3777//3777 3783//3783 3778//3778
f 3778//3778 3783//3783 3784//3784
f 3778//3778 3784//3784 3779//3779
f 3779//3779 3784//3784 3785//3785
f 3779//3779 3785//3785 3780//3780
f 3780//3780 3785//3785 3786//3786
f 3781//3781 3787//3787 3782//3782
f 3782//3782 3787//3787 3788//3788
f 3782//3782 3788//3788 3783//3783
f 3783//3783 3788//3788 3789//3789
f 3783//3783 3789//3789 3784//3784
f 3784//3784 3789//3789 3790//3790
f 3784//3784 3790//3790 3785//3785
f 3785//3785 3790//3790 3791//3791
f 3785//3785 3791//3791 3786//3786
f 3786//3786 3791//3791 3792//3792
f 3787//3787 3793//3793 3788//3788
f 3788//3788 3793//3793 3794//3794
f 3788//3788 3794//3794 3789//3789
f 3789//3789 3794//3794 3795//3795
f 3789//3789 3795//3795 3790//3790
f 3790//3790 3795//3795 3796//3796
f 3790//3790 3796//3796 3791//3791
f 3791//3791 3796//3796 3797//3797
f 3791//3791 3797//3797 3792//3792
f 3792//3792 3797//3797 3798//3798
f 3800//3800 3805//3805 3799//3799
f 3806//3806 3805//3805 3800//3800
f 3801//3801 3806//3806 3800//3800
f 3807//3807 3806//3806 3801//3801
f 3802//3802 3807//3807 3801//3801
f 3808//3808 3807//3807 3802//3802
f 3803//3803 3808//3808 3802//3802
f 3809//3809 3808//3808 3803//3803
f 3804//3804 3809//3809 3803//3803
f 3810//3810 3809//3809 3804//3804
f 3806//3806 3811//3811 3805//3805
f 3812//3812 3811//3811 3806//3806
f 3807//3807 3812//3812 3806//3806
f 3813//3813 3812//3812 3807//3807
f 3808//3808 3813//3813 3807//3807
f 3814//3814 3813//3813 3808//3808
f 3809//3809 3814//3814 3808//3808
f 3815//3815 3814//3814 3809//3809
f 3810//3810 3815//3815 3809//3809
f 3816//3816 3815//3815 3810//3810
f 3812//3812 3817//3817 3811//3811
f 3818//3818 3817//3817 3812//3812
f 3813//3813 3818//3818 3812//3812
f 3819//3819 3818//3818 3813//3813
f 3814//3814 3819//3819 3813//3813
f 3820//3820 3819//3819 3814//3814
f 3815//3815 3820//3820 3814//3814
f 3821//3821 3820//3820 3815//3815
f 3816//3816 3821//3821 3815//3815
f 3822//3822 3821//3821 3816//3816
f 3818//3818 3823//3823 3817//3817
f 3824//3824 3823//3823 3818//3818
f 3819//3819 3824//3824 3818//3818
f 3825//3825 3824//3824 3819//3819
f 3820//3820 3825//3825 3819//3819
f 3826//3826 3825//3825 3820//3820
f 3821//3821 3826//3826 3820//3820
f 3827//3827 3826//3826 3821//3821
f 3822//3822 3827//3827 3821//3821
f 3828//3828 3827//3827 3822//3822
f 3824//3824 3829//3829 3823//3823
f 3830//3830 3829//3829 3824//3824
f 3825//3825 3830//3830 3824//3824
f 3831//3831 3830//3830 3825//3825
f 3826//3826 3831//3831 3825//3825
f 3832//3832 3831//3831 3826//3826
f 3827//3827 3832//3832 3826//3826
f 3833//3833 3832//3832 3827//3827
f 3828//3828 3833//3833 3827//3827
f 3834//3834 3833//3833 3828//3828
f 3835//3835 3841//3841 3836//3836
f 3836//3836 3841//3841 3842//3842
f 3836//3836 3842//3842 3837//3837
f 3837//3837 3842//3842 3843//3843
f 3837//3837 3843//3843 3838//3838
f 3838//3838 3843//3843 3844//3844
f 3838//3838 3844//3844 3839//3839
f 3839//3839 3844//3844 3845//3845
f 3839//3839 3845//3845 3840//3840
f 3840//3840 3845//3845 3846//3846
f 3841//3841 3847//3847 3842//3842
f 3842//3842 3847//3847 3848//3848
f 3842//3842 3848//3848 3843//3843
f 3843//3843 3848//3848 3849//3849
f 3843//3843 3849//3849 3844//3844
f 3844//3844 3849//3849 3850//3850
f 3844//3844 3850//3850 3845//3845
f 3845//3845 3850//3850 3851//3851
f 3845//3845 3851//3851 3846//3846
f 3846//3846 3851//3851 3852//3852
f 3847//3847 3853//3853 3848//3848
f 3848//3848 3853//3853 3854//3854
f 3848//3848 3854//3854 3849//3849
f 3849//3849 3854//3854 3855//3855
f 3849//3849 3855//3855 3850//3850
f 3850//3850 3855//3855 3856//3856
f 3850//3850 3856//3856 3851//3851
f 3851//3851 3856//3856 3857//3857
f 3851//3851 3857//3857 3852//3852
f 3852//3852 3857//3857 3858//3858
f 3853//3853 3859//3859 3854//3854
f 3854//3854 3859//3859 3860//3860
f 3854//3854 3860//3860 3855//3855
f 3855//3855 3860//3860 3861//3861
f 3855//3855 3861//3861 3856//3856
f 3856//3856 3861//3861 3862//3862
f 3856//3856 3862//3862 3857//3857
f 3857//3857 3862//3862 3863//3863
f 3857//3857 3863//3863 3858//3858
f 3858//3858 3863//3863 3864//3864
f 3859//3859 3865//3865 3860//3860
f 3860//3860 3865//3865 3866//3866
f 3860//3860 3866//3866 3861//3861
f 3861//3861 3866//3866 3867//3867
f 3861//3861 3867//3867 3862//3862
f 3862//3862 3867//3867 3868//3868
f 3862//3862 3868//3868 3863//3863
f 3863//3863 3868//3868 3869//3869
f 3863//3863 3869//3869 3864//3864
f 3864//3864 3869//3869 3870//3870
f 3872//3872 3877//3877 3871//3871
f 3878//3878 3877//3877 3872//3872
f 3873//3873 3878//3878 3872//3872
f 3879//3879 3878//3878 3873//3873
f 3874//3874 3879//3879 3873//3873
f 3880//3880 3879//3879 3874//3874
f 3875//3875 3880//3880 3874//3874
f 3881//3881 3880//3880 3875//3875
f 3876//3876 3881//3881 3875//3875
f 3882//3882 3881//3881 3876//3876
f 3878//3878 3883//3883 3877//3877
f 3884//3884 3883//3883 3878//3878
f 3879//3879 3884//3884 3878//3878
f 3885//3885 3884//3884 3879//3879
f 3880//3880 3885//3885 3879//3879
f 3886//3886 3885//3885 3880//3880
f 3881//3881 3886//3886 3880//3880
f 3887//3887 3886//3886 3881//3881
f 3882//3882 3887//3887 3881//3881
f 3888//3888 3887//3887 3882//3882
f 3884//3884 3889//3889 3883//3883
f 3890//3890 3889//3889 3884//3884
f 3885//3885 3890//3890 3884//3884
f 3891//3891 3890//3890 3885//3885
f 3886//3886 3891//3891 3885//3885
f 3892//3892 3891//3891 3886//3886
f 3887//3887 3892//3892 3886//3886
f 3893//3893 3892//3892 3887//3887
f 3888//3888 3893//3893 3887//3887
f 3894//3894 3893//3893 3888//3888
f 3890//3890 3895//3895 3889//3889
f 3896//3896 3895//3895 3890//3890
f 3891//3891 3896//3896 3890//3890
f 3897//3897 3896//3896 3891//3891
f 3892//3892 3897//3897 3891//3891
f 3898//3898 3897//3897 3892//3892
f 3893//3893 3898//3898 3892//3892
f 3899//3899 3898//3898 3893//3893
f 3894//3894 3899//3899 3893//3893
f 3900//3900 3899//3899 3894//3894
f 3896//3896 3901//3901 3895//3895
f 3902//3902 3901//3901 3896//3896
f 3897//3897 3902//3902 3896//3896
f 3903//3903 3902//3902 3897//3897
f 3898//3898 3903//3903 3897//3897
f 3904//3904 3903//3903 3898//3898
f 3899//3899 3904//3904 3898//3898
f 3905//3905 3904//3904 3899//3899
f 3900//3900 3905//3905 3899//3899
f 3906//3906 3905//3905 3900//3900
f 3907//3907 3913//3913 3908//3908
f 3908//3908 3913//3913 3914//3914
f 3908//3908 3914//3914 3909//3909
f 3909//3909 3914//3914 3915//3915
f 3909//3909 3915//3915 3910//3910
f 3910//3910 3915//3915 3916//3916
f 3910//3910 3916//3916 3911//3911
f 3911//3911 3916//3916 3917//3917
f 3911//3911 3917//3917 3912//3912
f 3912//3912 3917//3917 3918//3918
f 3913//3913 3919//3919 3914//3914
f 3914//3914 3919//3919 3920//3920
f 3914//3914 3920//3920 3915//3915
f 3915//3915 3920//3920 3921//3921
f 3915//3915 3921//3921 3916//3916
f 3916//3916 3921//3921 3922//3922
f 3916//3916 3922//3922 3917//3917
f 3917//3917 3922//3922 3923//3923
f 3917//3917 3923//3923 3918//3918
f 3918//3918 3923//3923 3924//3924
f 3919//3919 3925//3925 3920//3920
f 3920//3920 3925//3925 3926//3926
f 3920//3920 3926//3926 3921//3921
f 3921//3921 3926//3926 3927//3927
f 3921//3921 3927//3927 3922//3922
f 3922//3922 3927//3927 3928//3928
f 3922//3922 3928//3928 3923//3923
f 3923//3923 3928//3928 3929//3929
f 3923//3923 3929//3929 3924//3924
f 3924//3924 3929//3929 3930//3930
f 3925//3925 3931//3931 3926//3926
f 3926//3926 3931//3931 3932//3932
f 3926//3926 3932//3932 3927//3927
f 3927//3927 3932//3932 3933//3933
f 3927//3927 3933//3933 3928//3928
f 3928//3928 3933//3933 3934//3934
f 3928//3928 3934//3934 3929//3929
f 3929//3929 3934//3934 3935//3935
f 3929//3929 3935//3935 3930//3930
f 3930//3930 3935//3935 3936//3936
f 3931//3931 3937//3937 3932//3932
f 3932//3932 3937//3937 3938//3938
f 3932//3932 3938//3938 3933//3933
f 3933//3933 3938//3938 3939//3939
f 3933//3933 3939//3939 3934//3934
f 3934//3934 3939//3939 3940//3940
f 3934//3934 3940//3940 3935//3935
f 3935//3935 3940//3940 3941//3941
f 3935//3935 3941//3941 3936//3936
f 3936//3936 3941//3941 3942//3942
o station-sink_seed
usemtl seed
v 0.259685 0.393166 0.199685
v 0.258167 0.392133 0.203833
v 0.257479 0.391666 0.209500
v 0.257479 0.391666 0.250500
v 0.258167 0.392133 0.256167
v 0.259685 0.393166 0.260315
v 0.258167 0.395987 0.198167
v 0.255620 0.395121 0.202560
v 0.254295 0.394670 0.209500
v 0.254295 0.394670 0.250500
v 0.255620 0.395121 0.257440
v 0.258167 0.395987 0.261833
v 0.257479 0.400480 0.197479
v 0.254295 0.400480 0.201897
v 0.252500 0.400480 0.209500
v 0.252500 0.400480 0.250500
v 0.254295 0.400480 0.258103
v 0.257479 0.400480 0.262521
v 0.257479 0.406480 0.197479
v 0.254295 0.406480 0.201897
v 0.252500 0.406480 0.209500
v 0.252500 0.406480 0.250500
v 0.254295 0.406480 0.258103
v 0.257479 0.406480 0.262521
v 0.258167 0.412147 0.198167
v 0.255620 0.413420 0.202560
v 0.254295 0.414083 0.209500
v 0.254295 0.414083 0.250500
v 0.255620 0.413420 0.257440
v 0.258167 0.412147 0.261833
v 0.259685 0.416295 0.199685
v 0.258167 0.417813 0.203833
v 0.257479 0.418501 0.209500
v 0.257479 0.418501 0.250500
v 0.258167 0.417813 0.256167
v 0.259685 0.416295 0.260315
v 0.360315 0.393166 0.199685
v 0.361833 0.392133 0.203833
v 0.362521 0.391666 0.209500
v 0.362521 0.391666 0.250500
v 0.361833 0.392133 0.256167
v 0.360315 0.393166 0.260315
v 0.361833 0.395987 0.198167
v 0.364380 0.395121 0.202560
v 0.365705 0.394670 0.209500
v 0.365705 0.394670 0.250500
v 0.364380 0.395121 0.257440
v 0.361833 0.395987 0.261833
v 0.362521 0.400480 0.197479
v 0.365705 0.400480 0.201897
v 0.367500 0.400480 0.209500
v 0.367500 0.400480 0.250500
v 0.365705 0.400480 0.258103
v 0.362521 0.400480 0.262521
v 0.362521 0.406480 0.197479
v 0.365705 0.406480 0.201897
v 0.367500 0.406480 0.209500
v 0.367500 0.406480 0.250500
v 0.365705 0.406480 0.258103
v 0.362521 0.406480 0.262521
v 0.361833 0.412147 0.198167
v 0.364380 0.413420 0.202560
v 0.365705 0.414083 0.209500
v 0.365705 0.414083 0.250500
v 0.364380 0.413420 0.257440
v 0.361833 0.412147 0.261833
v 0.360315 0.416295 0.199685
v 0.361833 0.417813 0.203833
v 0.362521 0.418501 0.209500
v 0.362521 0.418501 0.250500
v 0.361833 0.417813 0.256167
v 0.360315 0.416295 0.260315
v 0.259685 0.393166 0.199685
v 0.263833 0.392133 0.198167
v 0.269500 0.391666 0.197479
v 0.350500 0.391666 0.197479
v 0.356167 0.392133 0.198167
v 0.360315 0.393166 0.199685
v 0.258167 0.392133 0.203833
v 0.262560 0.390401 0.202560
v 0.269500 0.389500 0.201897
v 0.350500 0.389500 0.201897
v 0.357440 0.390401 0.202560
v 0.361833 0.392133 0.203833
v 0.257479 0.391666 0.209500
v 0.261897 0.389500 0.209500
v 0.269500 0.388280 0.209500
v 0.350500 0.388280 0.209500
v 0.358103 0.389500 0.209500
v 0.362521 0.391666 0.209500
v 0.257479 0.391666 0.250500
v 0.261897 0.389500 0.250500
v 0.269500 0.388280 0.250500
v 0.350500 0.388280 0.250500
v 0.358103 0.389500 0.250500
v 0.362521 0.391666 0.250500
v 0.258167 0.392133 0.256167
v 0.262560 0.390401 0.257440
v 0.269500 0.389500 0.258103
v 0.350500 0.389500 0.258103
v 0.357440 0.390401 0.257440
v 0.361833 0.392133 0.256167
v 0.259685 0.393166 0.260315
v 0.263833 0.392133 0.261833
v 0.269500 0.391666 0.262521
v 0.350500 0.391666 0.262521
v 0.356167 0.392133 0.261833
v 0.360315 0.393166 0.260315
v 0.259685 0.416295 0.199685
v 0.263833 0.417813 0.198167
v 0.269500 0.418501 0.197479
v 0.350500 0.418501 0.197479
v 0.356167 0.417813 0.198167
v 0.360315 0.416295 0.199685
v 0.258167 0.417813 0.203833
v 0.262560 0.420360 0.202560
v 0.269500 0.421685 0.201897
v 0.350500 0.421685 0.201897
v 0.357440 0.420360 0.202560
v 0.361833 0.417813 0.203833
v 0.257479 0.418501 0.209500
v 0.261897 0.421685 0.209500
v 0.269500 0.423480 0.209500
v 0.350500 0.423480 0.209500
v 0.358103 0.421685 0.209500
v 0.362521 0.418501 0.209500
v 0.257479 0.418501 0.250500
v 0.261897 0.421685 0.250500
v 0.269500 0.423480 0.250500
v 0.350500 0.423480 0.250500
v 0.358103 0.421685 0.250500
v 0.362521 0.418501 0.250500
v 0.258167 0.417813 0.256167
v 0.262560 0.420360 0.257440
v 0.269500 0.421685 0.258103
v 0.350500 0.421685 0.258103
v 0.357440 0.420360 0.257440
v 0.361833 0.417813 0.256167
v 0.259685 0.416295 0.260315
v 0.263833 0.417813 0.261833
v 0.269500 0.418501 0.262521
v 0.350500 0.418501 0.262521
v 0.356167 0.417813 0.261833
v 0.360315 0.416295 0.260315
v 0.259685 0.393166 0.199685
v 0.258167 0.395987 0.198167
v 0.257479 0.400480 0.197479
v 0.257479 0.406480 0.197479
v 0.258167 0.412147 0.198167
v 0.259685 0.416295 0.199685
v 0.263833 0.392133 0.198167
v 0.262560 0.395121 0.195620
v 0.261897 0.400480 0.194295
v 0.261897 0.406480 0.194295
v 0.262560 0.413420 0.195620
v 0.263833 0.417813 0.198167
v 0.269500 0.391666 0.197479
v 0.269500 0.394670 0.194295
v 0.269500 0.400480 0.192500
v 0.269500 0.406480 0.192500
v 0.269500 0.414083 0.194295
v 0.269500 0.418501 0.197479
v 0.350500 0.391666 0.197479
v 0.350500 0.394670 0.194295
v 0.350500 0.400480 0.192500
v 0.350500 0.406480 0.192500
v 0.350500 0.414083 0.194295
v 0.350500 0.418501 0.197479
v 0.356167 0.392133 0.198167
v 0.357440 0.395121 0.195620
v 0.358103 0.400480 0.194295
v 0.358103 0.406480 0.194295
v 0.357440 0.413420 0.195620
v 0.356167 0.417813 0.198167
v 0.360315 0.393166 0.199685
v 0.361833 0.395987 0.198167
v 0.362521 0.400480 0.197479
v 0.362521 0.406480 0.197479
v 0.361833 0.412147 0.198167
v 0.360315 0.416295 0.199685
v 0.259685 0.393166 0.260315
v 0.258167 0.395987 0.261833
v 0.257479 0.400480 0.262521
v 0.257479 0.406480 0.262521
v 0.258167 0.412147 0.261833
v 0.259685 0.416295 0.260315
v 0.263833 0.392133 0.261833
v 0.262560 0.395121 0.264380
v 0.261897 0.400480 0.265705
v 0.261897 0.406480 0.265705
v 0.262560 0.413420 0.264380
v 0.263833 0.417813 0.261833
v 0.269500 0.391666 0.262521
v 0.269500 0.394670 0.265705
v 0.269500 0.400480 0.267500
v 0.269500 0.406480 0.267500
v 0.269500 0.414083 0.265705
v 0.269500 0.418501 0.262521
v 0.350500 0.391666 0.262521
v 0.350500 0.394670 0.265705
v 0.350500 0.400480 0.267500
v 0.350500 0.406480 0.267500
v 0.350500 0.414083 0.265705
v 0.350500 0.418501 0.262521
v 0.356167 0.392133 0.261833
v 0.357440 0.395121 0.264380
v 0.358103 0.400480 0.265705
v 0.358103 0.406480 0.265705
v 0.357440 0.413420 0.264380
v 0.356167 0.417813 0.261833
v 0.360315 0.393166 0.260315
v 0.361833 0.395987 0.261833
v 0.362521 0.400480 0.262521
v 0.362521 0.406480 0.262521
v 0.361833 0.412147 0.261833
v 0.360315 0.416295 0.260315
vn -0.490135 -0.720787 -0.490135
vn -0.534082 -0.785415 -0.312858
vn -0.561957 -0.826407 -0.035443
vn -0.562288 -0.826894 0.008819
vn -0.549577 -0.808201 0.211606
vn -0.496038 -0.729467 0.470983
vn -0.614337 -0.495156 -0.614337
vn -0.811347 -0.469786 -0.347875
vn -0.838415 -0.543993 -0.033650
vn -0.899938 -0.435420 0.022814
vn -0.848894 -0.427065 0.311440
vn -0.655584 -0.410358 0.633890
vn -0.698952 -0.151438 -0.698952
vn -0.914568 -0.142459 -0.378512
vn -0.982219 -0.184137 -0.036600
vn -0.993057 -0.112764 0.033484
vn -0.924638 -0.110212 0.364553
vn -0.701041 -0.103987 0.705499
vn -0.706038 0.054950 -0.706038
vn -0.923356 0.098389 -0.371125
vn -0.994207 0.101311 -0.035907
vn -0.987188 0.155877 0.034102
vn -0.920116 0.124130 0.371453
vn -0.711455 0.092966 0.696556
vn -0.682272 0.262698 -0.682272
vn -0.884494 0.329902 -0.329902
vn -0.940838 0.337953 -0.024753
vn -0.904570 0.424855 0.035370
vn -0.855957 0.365607 0.365607
vn -0.661762 0.317377 0.679222
vn -0.587065 0.557412 -0.587065
vn -0.679222 0.661762 -0.317377
vn -0.733007 0.679807 -0.023708
vn -0.679807 0.733007 0.023708
vn -0.661762 0.679222 0.317377
vn -0.557412 0.587065 0.587065
vn 0.470983 -0.729467 -0.496038
vn 0.533893 -0.805851 -0.256051
vn 0.533337 -0.845698 -0.018600
vn 0.591194 -0.806303 0.019122
vn 0.552899 -0.792186 0.258350
vn 0.503175 -0.702588 0.503175
vn 0.633890 -0.410358 -0.655584
vn 0.811347 -0.469786 -0.347875
vn 0.838415 -0.543993 -0.033650
vn 0.899938 -0.435420 0.022814
vn 0.848894 -0.427065 0.311440
vn 0.665380 -0.338436 0.665380
vn 0.705499 -0.103987 -0.701041
vn 0.914568 -0.142459 -0.378512
vn 0.982219 -0.184137 -0.036600
vn 0.993057 -0.112764 0.033484
vn 0.924638 -0.110212 0.364553
vn 0.705881 -0.058846 0.705881
vn 0.696556 0.092966 -0.711455
vn 0.923356 0.098389 -0.371125
vn 0.994207 0.101311 -0.035907
vn 0.987188 0.155877 0.034102
vn 0.920116 0.124130 0.371453
vn 0.701137 0.129670 0.701137
vn 0.679222 0.317377 -0.661762
vn 0.884494 0.329902 -0.329902
vn 0.940838 0.337953 -0.024753
vn 0.904570 0.424855 0.035370
vn 0.855957 0.365607 0.365607
vn 0.653281 0.382683 0.653281
vn 0.587065 0.587065 -0.557412
vn 0.682272 0.682272 -0.262698
vn 0.707063 0.707063 -0.011090
vn 0.706405 0.706405 0.044554
vn 0.653281 0.653281 0.382683
vn 0.577350 0.577350 0.577350
vn -0.490135 -0.720787 -0.490135
vn -0.312858 -0.785415 -0.534082
vn -0.020226 -0.826757 -0.562195
vn 0.004611 -0.826918 -0.562304
vn 0.211606 -0.808201 -0.549577
vn 0.470983 -0.729467 -0.496038
vn -0.534082 -0.785415 -0.312858
vn -0.268668 -0.925005 -0.268668
vn -0.013946 -0.950218 -0.311274
vn 0.009350 -0.972377 -0.233227
vn 0.238736 -0.941281 -0.238736
vn 0.533893 -0.805851 -0.256051
vn -0.561957 -0.826407 -0.035443
vn -0.304142 -0.952290 -0.025320
vn -0.020873 -0.999001 -0.039508
vn 0.008619 -0.999851 -0.014979
vn 0.237247 -0.971294 -0.017377
vn 0.533337 -0.845698 -0.018600
vn -0.562288 -0.826894 0.008819
vn -0.237247 -0.971294 0.017377
vn -0.008619 -0.999851 0.014979
vn 0.020873 -0.999001 0.039508
vn 0.304142 -0.952290 0.025320
vn 0.591194 -0.806303 0.019122
vn -0.549577 -0.808201 0.211606
vn -0.238736 -0.941281 0.238736
vn -0.009350 -0.972377 0.233227
vn 0.013946 -0.950218 0.311274
vn 0.268668 -0.925005 0.268668
vn 0.552899 -0.792186 0.258350
vn -0.496038 -0.729467 0.470983
vn -0.256051 -0.805851 0.533893
vn -0.010012 -0.849418 0.527626
vn 0.010350 -0.802104 0.597095
vn 0.258350 -0.792186 0.552899
vn 0.503175 -0.702588 0.503175
vn -0.587065 0.557412 -0.587065
vn -0.317377 0.661762 -0.679222
vn -0.012797 0.674388 -0.738267
vn 0.012797 0.738267 -0.674388
vn 0.317377 0.679222 -0.661762
vn 0.587065 0.587065 -0.557412
vn -0.679222 0.661762 -0.317377
vn -0.365607 0.855957 -0.365607
vn -0.019441 0.900741 -0.433922
vn 0.013334 0.942971 -0.332609
vn 0.329902 0.884494 -0.329902
vn 0.682272 0.682272 -0.262698
vn -0.733007 0.679807 -0.023708
vn -0.424855 0.904570 -0.035370
vn -0.030659 0.997844 -0.058033
vn 0.012673 0.999677 -0.022024
vn 0.337953 0.940838 -0.024753
vn 0.707063 0.707063 -0.011090
vn -0.679807 0.733007 0.023708
vn -0.337953 0.940838 0.024753
vn -0.012673 0.999677 0.022024
vn 0.030659 0.997844 0.058033
vn 0.424855 0.904570 0.035370
vn 0.706405 0.706405 0.044554
vn -0.661762 0.679222 0.317377
vn -0.329902 0.884494 0.329902
vn -0.013334 0.942971 0.332609
vn 0.019441 0.900741 0.433922
vn 0.365607 0.855957 0.365607
vn 0.653281 0.653281 0.382683
vn -0.557412 0.587065 0.587065
vn -0.262698 0.682272 0.682272
vn -0.005799 0.707095 0.707095
vn 0.025431 0.706878 0.706878
vn 0.382683 0.653281 0.653281
vn 0.577350 0.577350 0.577350
vn -0.490135 -0.720787 -0.490135
vn -0.614337 -0.495156 -0.614337
vn -0.698952 -0.151438 -0.698952
vn -0.706038 0.054950 -0.706038
vn -0.682272 0.262698 -0.682272
vn -0.587065 0.557412 -0.587065
vn -0.312858 -0.785415 -0.534082
vn -0.347875 -0.469786 -0.811347
vn -0.378512 -0.142459 -0.914568
vn -0.371125 0.098389 -0.923356
vn -0.329902 0.329902 -0.884494
vn -0.317377 0.661762 -0.679222
vn -0.020226 -0.826757 -0.562195
vn -0.018480 -0.555109 -0.831572
vn -0.020074 -0.191168 -0.981352
vn -0.019734 0.096762 -0.995112
vn -0.013334 0.332609 -0.942971
vn -0.012797 0.674388 -0.738267
vn 0.004611 -0.826918 -0.562304
vn 0.012288 -0.428488 -0.903464
vn 0.018302 -0.107113 -0.994078
vn 0.018598 0.160914 -0.986793
vn 0.019441 0.433922 -0.900741
vn 0.012797 0.738267 -0.674388
vn 0.211606 -0.808201 -0.549577
vn 0.311440 -0.427065 -0.848894
vn 0.364553 -0.110212 -0.924638
vn 0.371453 0.124130 -0.920116
vn 0.365607 0.365607 -0.855957
vn 0.317377 0.679222 -0.661762
vn 0.470983 -0.729467 -0.496038
vn 0.633890 -0.410358 -0.655584
vn 0.705499 -0.103987 -0.701041
vn 0.696556 0.092966 -0.711455
vn 0.679222 0.317377 -0.661762
vn 0.587065 0.587065 -0.557412
vn -0.496038 -0.729467 0.470983
vn -0.655584 -0.410358 0.633890
vn -0.701041 -0.103987 0.705499
vn -0.711455 0.092966 0.696556
vn -0.661762 0.317377 0.679222
vn -0.557412 0.587065 0.587065
vn -0.256051 -0.805851 0.533893
vn -0.347875 -0.469786 0.811347
vn -0.378512 -0.142459 0.914568
vn -0.371125 0.098389 0.923356
vn -0.329902 0.329902 0.884494
vn -0.262698 0.682272 0.682272
vn -0.010012 -0.849418 0.527626
vn -0.018480 -0.555109 0.831572
vn -0.020074 -0.191168 0.981352
vn -0.019734 0.096762 0.995112
vn -0.013334 0.332609 0.942971
vn -0.005799 0.707095 0.707095
vn 0.010350 -0.802104 0.597095
vn 0.012288 -0.428488 0.903464
vn 0.018302 -0.107113 0.994078
vn 0.018598 0.160914 0.986793
vn 0.019441 0.433922 0.900741
vn 0.025431 0.706878 0.706878
vn 0.258350 -0.792186 0.552899
vn 0.311440 -0.427065 0.848894
vn 0.364553 -0.110212 0.924638
vn 0.371453 0.124130 0.920116
vn 0.365607 0.365607 0.855957
vn 0.382683 0.653281 0.653281
vn 0.503175 -0.702588 0.503175
vn 0.665380 -0.338436 0.665380
vn 0.705881 -0.058846 0.705881
vn 0.701137 0.129670 0.701137
vn 0.653281 0.382683 0.653281
vn 0.577350 0.577350 0.577350
f 3944//3944 3949//3949 3943//3943
f 3950//3950 3949//3949 3944//3944
f 3945//3945 3950//3950 3944//3944
f 3951//3951 3950//3950 3945//3945
f 3946//3946 3951//3951 3945//3945
f 3952//3952 3951//3951 3946//3946
f 3947//3947 3952//3952 3946//3946
f 3953//3953 3952//3952 3947//3947
f 3948//3948 3953//3953 3947//3947
f 3954//3954 3953//3953 3948//3948
f 3950//3950 3955//3955 3949//3949
f 3956//3956 3955//3955 3950//3950
f 3951//3951 3956//3956 3950//3950
f 3957//3957 3956//3956 3951//3951
f 3952//3952 3957//3957 3951//3951
f 3958//3958 3957//3957 3952//3952
f 3953//3953 3958//3958 3952//3952
f 3959//3959 3958//3958 3953//3953
f 3954//3954 3959//3959 3953//3953
f 3960//3960 3959//3959 3954//3954
f 3956//3956 3961//3961 3955//3955
f 3962//3962 3961//3961 3956//3956
f 3957//3957 3962//3962 3956//3956
f 3963//3963 3962//3962 3957//3957
f 3958//3958 3963//3963 3957//3957
f 3964//3964 3963//3963 3958//3958
f 3959//3959 3964//3964 3958//3958
f 3965//3965 3964//3964 3959//3959
f 3960//3960 3965//3965 3959//3959
f 3966//3966 3965//3965 3960//3960
f 3962//3962 3967//3967 3961//3961
f 3968//3968 3967//3967 3962//3962
f 3963//3963 3968//3968 3962//3962
f 3969//3969 3968//3968 3963//3963
f 3964//3964 3969//3969 3963//3963
f 3970//3970 3969//3969 3964//3964
f 3965//3965 3970//3970 3964//3964
f 3971//3971 3970//3970 3965//3965
f 3966//3966 3971//3971 3965//3965
f 3972//3972 3971//3971 3966//3966
f 3968//3968 3973//3973 3967//3967
f 3974//3974 3973//3973 3968//3968
f 3969//3969 3974//3974 3968//3968
f 3975//3975 3974//3974 3969//3969
f 3970//3970 3975//3975 3969//3969
f 3976//3976 3975//3975 3970//3970
f 3971//3971 3976//3976 3970//3970
f 3977//3977 3976//3976 3971//3971
f 3972//3972 3977//3977 3971//3971
f 3978//3978 3977//3977 3972//3972
f 3979//3979 3985//3985 3980//3980
f 3980//3980 3985//3985 3986//3986
f 3980//3980 3986//3986 3981//3981
f 3981//3981 3986//3986 3987//3987
f 3981//3981 3987//3987 3982//3982
f 3982//3982 3987//3987 3988//3988
f 3982//3982 3988//3988 3983//3983
f 3983//3983 3988//3988 3989//3989
f 3983//3983 3989//3989 3984//3984
f 3984//3984 3989//3989 3990//3990
f 3985//3985 3991//3991 3986//3986
f 3986//3986 3991//3991 3992//3992
f 3986//3986 3992//3992 3987//3987
f 3987//3987 3992//3992 3993//3993
f 3987//3987 3993//3993 3988//3988
f 3988//3988 3993//3993 3994//3994
f 3988//3988 3994//3994 3989//3989
f 3989//3989 3994//3994 3995//3995
f 3989//3989 3995//3995 3990//3990
f 3990//3990 3995//3995 3996//3996
f 3991//3991 3997//3997 3992//3992
f 3992//3992 3997//3997 3998//3998
f 3992//3992 3998//3998 3993//3993
f 3993//3993 3998//3998 3999//3999
f 3993//3993 3999//3999 3994//3994
f 3994//3994 3999//3999 4000//4000
f 3994//3994 4000//4000 3995//3995
f 3995//3995 4000//4000 4001//4001
f 3995//3995 4001//4001 3996//3996
f 3996//3996 4001//4001 4002//4002
f 3997//3997 4003//4003 3998//3998
f 3998//3998 4003//4003 4004//4004
f 3998//3998 4004//4004 3999//3999
f 3999//3999 4004//4004 4005//4005
f 3999//3999 4005//4005 4000//4000
f 4000//4000 4005//4005 4006//4006
f 4000//4000 4006//4006 4001//4001
f 4001//4001 4006//4006 4007//4007
f 4001//4001 4007//4007 4002//4002
f 4002//4002 4007//4007 4008//4008
f 4003//4003 4009//4009 4004//4004
f 4004//4004 4009//4009 4010//4010
f 4004//4004 4010//4010 4005//4005
f 4005//4005 4010//4010 4011//4011
f 4005//4005 4011//4011 4006//4006
f 4006//4006 4011//4011 4012//4012
f 4006//4006 4012//4012 4007//4007
f 4007//4007 4012//4012 4013//4013
f 4007//4007 4013//4013 4008//4008
f 4008//4008 4013//4013 4014//4014
f 4016//4016 4021//4021 4015//4015
f 4022//4022 4021//4021 4016//4016
f 4017//4017 4022//4022 4016//4016
f 4023//4023 4022//4022 4017//4017
f 4018//4018 4023//4023 4017//4017
f 4024//4024 4023//4023 4018//4018
f 4019//4019 4024//4024 4018//4018
f 4025//4025 4024//4024 4019//4019
f 4020//4020 4025//4025 4019//4019
f 4026//4026 4025//4025 4020//4020
f 4022//4022 4027//4027 4021//4021
f 4028//4028 4027//4027 4022//4022
f 4023//4023 4028//4028 4022//4022
f 4029//4029 4028//4028 4023//4023
f 4024//4024 4029//4029 4023//4023
f 4030//4030 4029//4029 4024//4024
f 4025//4025 4030//4030 4024//4024
f 4031//4031 4030//4030 4025//4025
f 4026//4026 4031//4031 4025//4025
f 4032//4032 4031//4031 4026//4026
f 4028//4028 4033//4033 4027//4027
f 4034//4034 4033//4033 4028//4028
f 4029//4029 4034//4034 4028//4028
f 4035//4035 4034//4034 4029//4029
f 4030//4030 4035//4035 4029//4029
f 4036//4036 4035//4035 4030//4030
f 4031//4031 4036//4036 4030//4030
f 4037//4037 4036//4036 4031//4031
f 4032//4032 4037//4037 4031//4031
f 4038//4038 4037//4037 4032//4032
f 4034//4034 4039//4039 4033//4033
f 4040//4040 4039//4039 4034//4034
f 4035//4035 4040//4040 4034//4034
f 4041//4041 4040//4040 4035//4035
f 4036//4036 4041//4041 4035//4035
f 4042//4042 4041//4041 4036//4036
f 4037//4037 4042//4042 4036//4036
f 4043//4043 4042//4042 4037//4037
f 4038//4038 4043//4043 4037//4037
f 4044//4044 4043//4043 4038//4038
f 4040//4040 4045//4045 4039//4039
f 4046//4046 4045//4045 4040//4040
f 4041//4041 4046//4046 4040//4040
f 4047//4047 4046//4046 4041//4041
f 4042//4042 4047//4047 4041//4041
f 4048//4048 4047//4047 4042//4042
f 4043//4043 4048//4048 4042//4042
f 4049//4049 4048//4048 4043//4043
f 4044//4044 4049//4049 4043//4043
f 4050//4050 4049//4049 4044//4044
f 4051//4051 4057//4057 4052//4052
f 4052//4052 4057//4057 4058//4058
f 4052//4052 4058//4058 4053//4053
f 4053//4053 4058//4058 4059//4059
f 4053//4053 4059//4059 4054//4054
f 4054//4054 4059//4059 4060//4060
f 4054//4054 4060//4060 4055//4055
f 4055//4055 4060//4060 4061//4061
f 4055//4055 4061//4061 4056//4056
f 4056//4056 4061//4061 4062//4062
f 4057//4057 4063//4063 4058//4058
f 4058//4058 4063//4063 4064//4064
f 4058//4058 4064//4064 4059//4059
f 4059//4059 4064//4064 4065//4065
f 4059//4059 4065//4065 4060//4060
f 4060//4060 4065//4065 4066//4066
f 4060//4060 4066//4066 4061//4061
f 4061//4061 4066//4066 4067//4067
f 4061//4061 4067//4067 4062//4062
f 4062//4062 4067//4067 4068//4068
f 4063//4063 4069//4069 4064//4064
f 4064//4064 4069//4069 4070//4070
f 4064//4064 4070//4070 4065//4065
f 4065//4065 4070//4070 4071//4071
f 4065//4065 4071//4071 4066//4066
f 4066//4066 4071//4071 4072//4072
f 4066//4066 4072//4072 4067//4067
f 4067//4067 4072//4072 4073//4073
f 4067//4067 4073//4073 4068//4068
f 4068//4068 4073//4073 4074//4074
f 4069//4069 4075//4075 4070//4070
f 4070//4070 4075//4075 4076//4076
f 4070//4070 4076//4076 4071//4071
f 4071//4071 4076//4076 4077//4077
f 4071//4071 4077//4077 4072//4072
f 4072//4072 4077//4077 4078//4078
f 4072//4072 4078//4078 4073//4073
f 4073//4073 4078//4078 4079//4079
f 4073//4073 4079//4079 4074//4074
f 4074//4074 4079//4079 4080//4080
f 4075//4075 4081//4081 4076//4076
f 4076//4076 4081//4081 4082//4082
f 4076//4076 4082//4082 4077//4077
f 4077//4077 4082//4082 4083//4083
f 4077//4077 4083//4083 4078//4078
f 4078//4078 4083//4083 4084//4084
f 4078//4078 4084//4084 4079//4079
f 4079//4079 4084//4084 4085//4085
f 4079//4079 4085//4085 4080//4080
f 4080//4080 4085//4085 4086//4086
f 4088//4088 4093//4093 4087//4087
f 4094//4094 4093//4093 4088//4088
f 4089//4089 4094//4094 4088//4088
f 4095//4095 4094//4094 4089//4089
f 4090//4090 4095//4095 4089//4089
f 4096//4096 4095//4095 4090//4090
f 4091//4091 4096//4096 4090//4090
f 4097//4097 4096//4096 4091//4091
f 4092//4092 4097//4097 4091//4091
f 4098//4098 4097//4097 4092//4092
f 4094//4094 4099//4099 4093//4093
f 4100//4100 4099//4099 4094//4094
f 4095//4095 4100//4100 4094//4094
f 4101//4101 4100//4100 4095//4095
f 4096//4096 4101//4101 4095//4095
f 4102//4102 4101//4101 4096//4096
f 4097//4097 4102//4102 4096//4096
f 4103//4103 4102//4102 4097//4097
f 4098//4098 4103//4103 4097//4097
f 4104//4104 4103//4103 4098//4098
f 4100//4100 4105//4105 4099//4099
f 4106//4106 4105//4105 4100//4100
f 4101//4101 4106//4106 4100//4100
f 4107//4107 4106//4106 4101//4101
f 4102//4102 4107//4107 4101//4101
f 4108//4108 4107//4107 4102//4102
f 4103//4103 4108//4108 4102//4102
f 4109//4109 4108//4108 4103//4103
f 4104//4104 4109//4109 4103//4103
f 4110//4110 4109//4109 4104//4104
f 4106//4106 4111//4111 4105//4105
f 4112//4112 4111//4111 4106//4106
f 4107//4107 4112//4112 4106//4106
f 4113//4113 4112//4112 4107//4107
f 4108//4108 4113//4113 4107//4107
f 4114//4114 4113//4113 4108//4108
f 4109//4109 4114//4114 4108//4108
f 4115//4115 4114//4114 4109//4109
f 4110//4110 4115//4115 4109//4109
f 4116//4116 4115//4115 4110//4110
f 4112//4112 4117//4117 4111//4111
f 4118//4118 4117//4117 4112//4112
f 4113//4113 4118//4118 4112//4112
f 4119//4119 4118//4118 4113//4113
f 4114//4114 4119//4119 4113//4113
f 4120//4120 4119//4119 4114//4114
f 4115//4115 4120//4120 4114//4114
f 4121//4121 4120//4120 4115//4115
f 4116//4116 4121//4121 4115//4115
f 4122//4122 4121//4121 4116//4116
f 4123//4123 4129//4129 4124//4124
f 4124//4124 4129//4129 4130//4130
f 4124//4124 4130//4130 4125//4125
f 4125//4125 4130//4130 4131//4131
f 4125//4125 4131//4131 4126//4126
f 4126//4126 4131//4131 4132//4132
f 4126//4126 4132//4132 4127//4127
f 4127//4127 4132//4132 4133//4133
f 4127//4127 4133//4133 4128//4128
f 4128//4128 4133//4133 4134//4134
f 4129//4129 4135//4135 4130//4130
f 4130//4130 4135//4135 4136//4136
f 4130//4130 4136//4136 4131//4131
f 4131//4131 4136//4136 4137//4137
f 4131//4131 4137//4137 4132//4132
f 4132//4132 4137//4137 4138//4138
f 4132//4132 4138//4138 4133//4133
f 4133//4133 4138//4138 4139//4139
f 4133//4133 4139//4139 4134//4134
f 4134//4134 4139//4139 4140//4140
f 4135//4135 4141//4141 4136//4136
f 4136//4136 4141//4141 4142//4142
f 4136//4136 4142//4142 4137//4137
f 4137//4137 4142//4142 4143//4143
f 4137//4137 4143//4143 4138//4138
f 4138//4138 4143//4143 4144//4144
f 4138//4138 4144//4144 4139//4139
f 4139//4139 4144//4144 4145//4145
f 4139//4139 4145//4145 4140//4140
f 4140//4140 4145//4145 4146//4146
f 4141//4141 4147//4147 4142//4142
f 4142//4142 4147//4147 4148//4148
f 4142//4142 4148//4148 4143//4143
f 4143//4143 4148//4148 4149//4149
f 4143//4143 4149//4149 4144//4144
f 4144//4144 4149//4149 4150//4150
f 4144//4144 4150//4150 4145//4145
f 4145//4145 4150//4150 4151//4151
f 4145//4145 4151//4151 4146//4146
f 4146//4146 4151//4151 4152//4152
f 4147//4147 4153//4153 4148//4148
f 4148//4148 4153//4153 4154//4154
f 4148//4148 4154//4154 4149//4149
f 4149//4149 4154//4154 4155//4155
f 4149//4149 4155//4155 4150//4150
f 4150//4150 4155//4155 4156//4156
f 4150//4150 4156//4156 4151//4151
f 4151//4151 4156//4156 4157//4157
f 4151//4151 4157//4157 4152//4152
f 4152//4152 4157//4157 4158//4158
o station-sink_sageDark
usemtl sageDark
v 0.253656 0.421636 0.194156
v 0.253200 0.421180 0.195400
v 0.252994 0.420974 0.197100
v 0.252994 0.420974 0.262900
v 0.253200 0.421180 0.264600
v 0.253656 0.421636 0.265844
v 0.253200 0.422880 0.193700
v 0.252436 0.422498 0.195018
v 0.252038 0.422299 0.197100
v 0.252038 0.422299 0.262900
v 0.252436 0.422498 0.264982
v 0.253200 0.422880 0.266300
v 0.252994 0.424580 0.193494
v 0.252038 0.424580 0.194819
v 0.251500 0.424580 0.197100
v 0.251500 0.424580 0.262900
v 0.252038 0.424580 0.265181
v 0.252994 0.424580 0.266506
v 0.252994 0.426380 0.193494
v 0.252038 0.426380 0.194819
v 0.251500 0.426380 0.197100
v 0.251500 0.426380 0.262900
v 0.252038 0.426380 0.265181
v 0.252994 0.426380 0.266506
v 0.253200 0.428080 0.193700
v 0.252436 0.428462 0.195018
v 0.252038 0.428661 0.197100
v 0.252038 0.428661 0.262900
v 0.252436 0.428462 0.264982
v 0.253200 0.428080 0.266300
v 0.253656 0.429324 0.194156
v 0.253200 0.429780 0.195400
v 0.252994 0.429986 0.197100
v 0.252994 0.429986 0.262900
v 0.253200 0.429780 0.264600
v 0.253656 0.429324 0.265844
v 0.366344 0.421636 0.194156
v 0.366800 0.421180 0.195400
v 0.367006 0.420974 0.197100
v 0.367006 0.420974 0.262900
v 0.366800 0.421180 0.264600
v 0.366344 0.421636 0.265844
v 0.366800 0.422880 0.193700
v 0.367564 0.422498 0.195018
v 0.367962 0.422299 0.197100
v 0.367962 0.422299 0.262900
v 0.367564 0.422498 0.264982
v 0.366800 0.422880 0.266300
v 0.367006 0.424580 0.193494
v 0.367962 0.424580 0.194819
v 0.368500 0.424580 0.197100
v 0.368500 0.424580 0.262900
v 0.367962 0.424580 0.265181
v 0.367006 0.424580 0.266506
v 0.367006 0.426380 0.193494
v 0.367962 0.426380 0.194819
v 0.368500 0.426380 0.197100
v 0.368500 0.426380 0.262900
v 0.367962 0.426380 0.265181
v 0.367006 0.426380 0.266506
v 0.366800 0.428080 0.193700
v 0.367564 0.428462 0.195018
v 0.367962 0.428661 0.197100
v 0.367962 0.428661 0.262900
v 0.367564 0.428462 0.264982
v 0.366800 0.428080 0.266300
v 0.366344 0.429324 0.194156
v 0.366800 0.429780 0.195400
v 0.367006 0.429986 0.197100
v 0.367006 0.429986 0.262900
v 0.366800 0.429780 0.264600
v 0.366344 0.429324 0.265844
v 0.253656 0.421636 0.194156
v 0.254900 0.421180 0.193700
v 0.256600 0.420974 0.193494
v 0.363400 0.420974 0.193494
v 0.365100 0.421180 0.193700
v 0.366344 0.421636 0.194156
v 0.253200 0.421180 0.195400
v 0.254518 0.420416 0.195018
v 0.256600 0.420018 0.194819
v 0.363400 0.420018 0.194819
v 0.365482 0.420416 0.195018
v 0.366800 0.421180 0.195400
v 0.252994 0.420974 0.197100
v 0.254319 0.420018 0.197100
v 0.256600 0.419480 0.197100
v 0.363400 0.419480 0.197100
v 0.365681 0.420018 0.197100
v 0.367006 0.420974 0.197100
v 0.252994 0.420974 0.262900
v 0.254319 0.420018 0.262900
v 0.256600 0.419480 0.262900
v 0.363400 0.419480 0.262900
v 0.365681 0.420018 0.262900
v 0.367006 0.420974 0.262900
v 0.253200 0.421180 0.264600
v 0.254518 0.420416 0.264982
v 0.256600 0.420018 0.265181
v 0.363400 0.420018 0.265181
v 0.365482 0.420416 0.264982
v 0.366800 0.421180 0.264600
v 0.253656 0.421636 0.265844
v 0.254900 0.421180 0.266300
v 0.256600 0.420974 0.266506
v 0.363400 0.420974 0.266506
v 0.365100 0.421180 0.266300
v 0.366344 0.421636 0.265844
v 0.253656 0.429324 0.194156
v 0.254900 0.429780 0.193700
v 0.256600 0.429986 0.193494
v 0.363400 0.429986 0.193494
v 0.365100 0.429780 0.193700
v 0.366344 0.429324 0.194156
v 0.253200 0.429780 0.195400
v 0.254518 0.430544 0.195018
v 0.256600 0.430942 0.194819
v 0.363400 0.430942 0.194819
v 0.365482 0.430544 0.195018
v 0.366800 0.429780 0.195400
v 0.252994 0.429986 0.197100
v 0.254319 0.430942 0.197100
v 0.256600 0.431480 0.197100
v 0.363400 0.431480 0.197100
v 0.365681 0.430942 0.197100
v 0.367006 0.429986 0.197100
v 0.252994 0.429986 0.262900
v 0.254319 0.430942 0.262900
v 0.256600 0.431480 0.262900
v 0.363400 0.431480 0.262900
v 0.365681 0.430942 0.262900
v 0.367006 0.429986 0.262900
v 0.253200 0.429780 0.264600
v 0.254518 0.430544 0.264982
v 0.256600 0.430942 0.265181
v 0.363400 0.430942 0.265181
v 0.365482 0.430544 0.264982
v 0.366800 0.429780 0.264600
v 0.253656 0.429324 0.265844
v 0.254900 0.429780 0.266300
v 0.256600 0.429986 0.266506
v 0.363400 0.429986 0.266506
v 0.365100 0.429780 0.266300
v 0.366344 0.429324 0.265844
v 0.253656 0.421636 0.194156
v 0.253200 0.422880 0.193700
v 0.252994 0.424580 0.193494
v 0.252994 0.426380 0.193494
v 0.253200 0.428080 0.193700
v 0.253656 0.429324 0.194156
v 0.254900 0.421180 0.193700
v 0.254518 0.422498 0.192936
v 0.254319 0.424580 0.192538
v 0.254319 0.426380 0.192538
v 0.254518 0.428462 0.192936
v 0.254900 0.429780 0.193700
v 0.256600 0.420974 0.193494
v 0.256600 0.422299 0.192538
v 0.256600 0.424580 0.192000
v 0.256600 0.426380 0.192000
v 0.256600 0.428661 0.192538
v 0.256600 0.429986 0.193494
v 0.363400 0.420974 0.193494
v 0.363400 0.422299 0.192538
v 0.363400 0.424580 0.192000
v 0.363400 0.426380 0.192000
v 0.363400 0.428661 0.192538
v 0.363400 0.429986 0.193494
v 0.365100 0.421180 0.193700
v 0.365482 0.422498 0.192936
v 0.365681 0.424580 0.192538
v 0.365681 0.426380 0.192538
v 0.365482 0.428462 0.192936
v 0.365100 0.429780 0.193700
v 0.366344 0.421636 0.194156
v 0.366800 0.422880 0.193700
v 0.367006 0.424580 0.193494
v 0.367006 0.426380 0.193494
v 0.366800 0.428080 0.193700
v 0.366344 0.429324 0.194156
v 0.253656 0.421636 0.265844
v 0.253200 0.422880 0.266300
v 0.252994 0.424580 0.266506
v 0.252994 0.426380 0.266506
v 0.253200 0.428080 0.266300
v 0.253656 0.429324 0.265844
v 0.254900 0.421180 0.266300
v 0.254518 0.422498 0.267064
v 0.254319 0.424580 0.267462
v 0.254319 0.426380 0.267462
v 0.254518 0.428462 0.267064
v 0.254900 0.429780 0.266300
v 0.256600 0.420974 0.266506
v 0.256600 0.422299 0.267462
v 0.256600 0.424580 0.268000
v 0.256600 0.426380 0.268000
v 0.256600 0.428661 0.267462
v 0.256600 0.429986 0.266506
v 0.363400 0.420974 0.266506
v 0.363400 0.422299 0.267462
v 0.363400 0.424580 0.268000
v 0.363400 0.426380 0.268000
v 0.363400 0.428661 0.267462
v 0.363400 0.429986 0.266506
v 0.365100 0.421180 0.266300
v 0.365482 0.422498 0.267064
v 0.365681 0.424580 0.267462
v 0.365681 0.426380 0.267462
v 0.365482 0.428462 0.267064
v 0.365100 0.429780 0.266300
v 0.366344 0.421636 0.265844
v 0.366800 0.422880 0.266300
v 0.367006 0.424580 0.266506
v 0.367006 0.426380 0.266506
v 0.366800 0.428080 0.266300
v 0.366344 0.429324 0.265844
vn -0.577350 -0.577350 -0.577350
vn -0.653281 -0.653281 -0.382683
vn -0.707070 -0.707070 -0.010234
vn -0.707105 -0.707105 0.002188
vn -0.682272 -0.682272 0.262698
vn -0.587065 -0.587065 0.557412
vn -0.653281 -0.382683 -0.653281
vn -0.855957 -0.365607 -0.365607
vn -0.897691 -0.440561 -0.007600
vn -0.944407 -0.328740 0.005137
vn -0.884494 -0.329902 0.329902
vn -0.679222 -0.317377 0.661762
vn -0.701137 -0.129670 -0.701137
vn -0.920116 -0.124130 -0.371453
vn -0.986337 -0.164580 -0.007229
vn -0.995602 -0.093363 0.007714
vn -0.923356 -0.098389 0.371125
vn -0.696556 -0.092966 0.711455
vn -0.706038 0.054950 -0.706038
vn -0.923356 0.098389 -0.371125
vn -0.995602 0.093363 -0.007714
vn -0.986337 0.164580 0.007229
vn -0.920116 0.124130 0.371453
vn -0.711455 0.092966 0.696556
vn -0.682272 0.262698 -0.682272
vn -0.884494 0.329902 -0.329902
vn -0.944407 0.328740 -0.005137
vn -0.897691 0.440561 0.007600
vn -0.855957 0.365607 0.365607
vn -0.661762 0.317377 0.679222
vn -0.587065 0.557412 -0.587065
vn -0.679222 0.661762 -0.317377
vn -0.741974 0.670411 -0.004937
vn -0.670411 0.741974 0.004937
vn -0.661762 0.679222 0.317377
vn -0.557412 0.587065 0.587065
vn 0.557412 -0.587065 -0.587065
vn 0.661762 -0.679222 -0.317377
vn 0.670411 -0.741974 -0.004937
vn 0.741974 -0.670411 0.004937
vn 0.679222 -0.661762 0.317377
vn 0.587065 -0.557412 0.587065
vn 0.661762 -0.317377 -0.679222
vn 0.855957 -0.365607 -0.365607
vn 0.897691 -0.440561 -0.007600
vn 0.944407 -0.328740 0.005137
vn 0.884494 -0.329902 0.329902
vn 0.682272 -0.262698 0.682272
vn 0.711455 -0.092966 -0.696556
vn 0.920116 -0.124130 -0.371453
vn 0.986337 -0.164580 -0.007229
vn 0.995602 -0.093363 0.007714
vn 0.923356 -0.098389 0.371125
vn 0.706038 -0.054950 0.706038
vn 0.696556 0.092966 -0.711455
vn 0.923356 0.098389 -0.371125
vn 0.995602 0.093363 -0.007714
vn 0.986337 0.164580 0.007229
vn 0.920116 0.124130 0.371453
vn 0.701137 0.129670 0.701137
vn 0.679222 0.317377 -0.661762
vn 0.884494 0.329902 -0.329902
vn 0.944407 0.328740 -0.005137
vn 0.897691 0.440561 0.007600
vn 0.855957 0.365607 0.365607
vn 0.653281 0.382683 0.653281
vn 0.587065 0.587065 -0.557412
vn 0.682272 0.682272 -0.262698
vn 0.707105 0.707105 -0.002188
vn 0.707070 0.707070 0.010234
vn 0.653281 0.653281 0.382683
vn 0.577350 0.577350 0.577350
vn -0.577350 -0.577350 -0.577350
vn -0.382683 -0.653281 -0.653281
vn -0.006435 -0.707092 -0.707092
vn 0.001355 -0.707106 -0.707106
vn 0.262698 -0.682272 -0.682272
vn 0.557412 -0.587065 -0.587065
vn -0.653281 -0.653281 -0.382683
vn -0.365607 -0.855957 -0.365607
vn -0.004745 -0.896929 -0.442149
vn 0.003196 -0.944735 -0.327820
vn 0.329902 -0.884494 -0.329902
vn 0.661762 -0.679222 -0.317377
vn -0.707070 -0.707070 -0.010234
vn -0.440561 -0.897691 -0.007600
vn -0.009217 -0.999847 -0.014862
vn 0.002598 -0.999988 -0.004125
vn 0.328740 -0.944407 -0.005137
vn 0.670411 -0.741974 -0.004937
vn -0.707105 -0.707105 0.002188
vn -0.328740 -0.944407 0.005137
vn -0.002598 -0.999988 0.004125
vn 0.009217 -0.999847 0.014862
vn 0.440561 -0.897691 0.007600
vn 0.741974 -0.670411 0.004937
vn -0.682272 -0.682272 0.262698
vn -0.329902 -0.884494 0.329902
vn -0.003196 -0.944735 0.327820
vn 0.004745 -0.896929 0.442149
vn 0.365607 -0.855957 0.365607
vn 0.679222 -0.661762 0.317377
vn -0.587065 -0.587065 0.557412
vn -0.317377 -0.679222 0.661762
vn -0.003073 -0.742843 0.669458
vn 0.003073 -0.669458 0.742843
vn 0.317377 -0.661762 0.679222
vn 0.587065 -0.557412 0.587065
vn -0.587065 0.557412 -0.587065
vn -0.317377 0.661762 -0.679222
vn -0.003073 0.669458 -0.742843
vn 0.003073 0.742843 -0.669458
vn 0.317377 0.679222 -0.661762
vn 0.587065 0.587065 -0.557412
vn -0.679222 0.661762 -0.317377
vn -0.365607 0.855957 -0.365607
vn -0.004745 0.896929 -0.442149
vn 0.003196 0.944735 -0.327820
vn 0.329902 0.884494 -0.329902
vn 0.682272 0.682272 -0.262698
vn -0.741974 0.670411 -0.004937
vn -0.440561 0.897691 -0.007600
vn -0.009217 0.999847 -0.014862
vn 0.002598 0.999988 -0.004125
vn 0.328740 0.944407 -0.005137
vn 0.707105 0.707105 -0.002188
vn -0.670411 0.741974 0.004937
vn -0.328740 0.944407 0.005137
vn -0.002598 0.999988 0.004125
vn 0.009217 0.999847 0.014862
vn 0.440561 0.897691 0.007600
vn 0.707070 0.707070 0.010234
vn -0.661762 0.679222 0.317377
vn -0.329902 0.884494 0.329902
vn -0.003196 0.944735 0.327820
vn 0.004745 0.896929 0.442149
vn 0.365607 0.855957 0.365607
vn 0.653281 0.653281 0.382683
vn -0.557412 0.587065 0.587065
vn -0.262698 0.682272 0.682272
vn -0.001355 0.707106 0.707106
vn 0.006435 0.707092 0.707092
vn 0.382683 0.653281 0.653281
vn 0.577350 0.577350 0.577350
vn -0.577350 -0.577350 -0.577350
vn -0.653281 -0.382683 -0.653281
vn -0.701137 -0.129670 -0.701137
vn -0.706038 0.054950 -0.706038
vn -0.682272 0.262698 -0.682272
vn -0.587065 0.557412 -0.587065
vn -0.382683 -0.653281 -0.653281
vn -0.365607 -0.365607 -0.855957
vn -0.371453 -0.124130 -0.920116
vn -0.371125 0.098389 -0.923356
vn -0.329902 0.329902 -0.884494
vn -0.317377 0.661762 -0.679222
vn -0.006435 -0.707092 -0.707092
vn -0.004745 -0.442149 -0.896929
vn -0.004507 -0.165454 -0.986207
vn -0.004816 0.092542 -0.995697
vn -0.003196 0.327820 -0.944735
vn -0.003073 0.669458 -0.742843
vn 0.001355 -0.707106 -0.707106
vn 0.003196 -0.327820 -0.944735
vn 0.004816 -0.092542 -0.995697
vn 0.004507 0.165454 -0.986207
vn 0.004745 0.442149 -0.896929
vn 0.003073 0.742843 -0.669458
vn 0.262698 -0.682272 -0.682272
vn 0.329902 -0.329902 -0.884494
vn 0.371125 -0.098389 -0.923356
vn 0.371453 0.124130 -0.920116
vn 0.365607 0.365607 -0.855957
vn 0.317377 0.679222 -0.661762
vn 0.557412 -0.587065 -0.587065
vn 0.661762 -0.317377 -0.679222
vn 0.711455 -0.092966 -0.696556
vn 0.696556 0.092966 -0.711455
vn 0.679222 0.317377 -0.661762
vn 0.587065 0.587065 -0.557412
vn -0.587065 -0.587065 0.557412
vn -0.679222 -0.317377 0.661762
vn -0.696556 -0.092966 0.711455
vn -0.711455 0.092966 0.696556
vn -0.661762 0.317377 0.679222
vn -0.557412 0.587065 0.587065
vn -0.317377 -0.679222 0.661762
vn -0.365607 -0.365607 0.855957
vn -0.371453 -0.124130 0.920116
vn -0.371125 0.098389 0.923356
vn -0.329902 0.329902 0.884494
vn -0.262698 0.682272 0.682272
vn -0.003073 -0.742843 0.669458
vn -0.004745 -0.442149 0.896929
vn -0.004507 -0.165454 0.986207
vn -0.004816 0.092542 0.995697
vn -0.003196 0.327820 0.944735
vn -0.001355 0.707106 0.707106
vn 0.003073 -0.669458 0.742843
vn 0.003196 -0.327820 0.944735
vn 0.004816 -0.092542 0.995697
vn 0.004507 0.165454 0.986207
vn 0.004745 0.442149 0.896929
vn 0.006435 0.707092 0.707092
vn 0.317377 -0.661762 0.679222
vn 0.329902 -0.329902 0.884494
vn 0.371125 -0.098389 0.923356
vn 0.371453 0.124130 0.920116
vn 0.365607 0.365607 0.855957
vn 0.382683 0.653281 0.653281
vn 0.587065 -0.557412 0.587065
vn 0.682272 -0.262698 0.682272
vn 0.706038 -0.054950 0.706038
vn 0.701137 0.129670 0.701137
vn 0.653281 0.382683 0.653281
vn 0.577350 0.577350 0.577350
f 4160//4160 4165//4165 4159//4159
f 4166//4166 4165//4165 4160//4160
f 4161//4161 4166//4166 4160//4160
f 4167//4167 4166//4166 4161//4161
f 4162//4162 4167//4167 4161//4161
f 4168//4168 4167//4167 4162//4162
f 4163//4163 4168//4168 4162//4162
f 4169//4169 4168//4168 4163//4163
f 4164//4164 4169//4169 4163//4163
f 4170//4170 4169//4169 4164//4164
f 4166//4166 4171//4171 4165//4165
f 4172//4172 4171//4171 4166//4166
f 4167//4167 4172//4172 4166//4166
f 4173//4173 4172//4172 4167//4167
f 4168//4168 4173//4173 4167//4167
f 4174//4174 4173//4173 4168//4168
f 4169//4169 4174//4174 4168//4168
f 4175//4175 4174//4174 4169//4169
f 4170//4170 4175//4175 4169//4169
f 4176//4176 4175//4175 4170//4170
f 4172//4172 4177//4177 4171//4171
f 4178//4178 4177//4177 4172//4172
f 4173//4173 4178//4178 4172//4172
f 4179//4179 4178//4178 4173//4173
f 4174//4174 4179//4179 4173//4173
f 4180//4180 4179//4179 4174//4174
f 4175//4175 4180//4180 4174//4174
f 4181//4181 4180//4180 4175//4175
f 4176//4176 4181//4181 4175//4175
f 4182//4182 4181//4181 4176//4176
f 4178//4178 4183//4183 4177//4177
f 4184//4184 4183//4183 4178//4178
f 4179//4179 4184//4184 4178//4178
f 4185//4185 4184//4184 4179//4179
f 4180//4180 4185//4185 4179//4179
f 4186//4186 4185//4185 4180//4180
f 4181//4181 4186//4186 4180//4180
f 4187//4187 4186//4186 4181//4181
f 4182//4182 4187//4187 4181//4181
f 4188//4188 4187//4187 4182//4182
f 4184//4184 4189//4189 4183//4183
f 4190//4190 4189//4189 4184//4184
f 4185//4185 4190//4190 4184//4184
f 4191//4191 4190//4190 4185//4185
f 4186//4186 4191//4191 4185//4185
f 4192//4192 4191//4191 4186//4186
f 4187//4187 4192//4192 4186//4186
f 4193//4193 4192//4192 4187//4187
f 4188//4188 4193//4193 4187//4187
f 4194//4194 4193//4193 4188//4188
f 4195//4195 4201//4201 4196//4196
f 4196//4196 4201//4201 4202//4202
f 4196//4196 4202//4202 4197//4197
f 4197//4197 4202//4202 4203//4203
f 4197//4197 4203//4203 4198//4198
f 4198//4198 4203//4203 4204//4204
f 4198//4198 4204//4204 4199//4199
f 4199//4199 4204//4204 4205//4205
f 4199//4199 4205//4205 4200//4200
f 4200//4200 4205//4205 4206//4206
f 4201//4201 4207//4207 4202//4202
f 4202//4202 4207//4207 4208//4208
f 4202//4202 4208//4208 4203//4203
f 4203//4203 4208//4208 4209//4209
f 4203//4203 4209//4209 4204//4204
f 4204//4204 4209//4209 4210//4210
f 4204//4204 4210//4210 4205//4205
f 4205//4205 4210//4210 4211//4211
f 4205//4205 4211//4211 4206//4206
f 4206//4206 4211//4211 4212//4212
f 4207//4207 4213//4213 4208//4208
f 4208//4208 4213//4213 4214//4214
f 4208//4208 4214//4214 4209//4209
f 4209//4209 4214//4214 4215//4215
f 4209//4209 4215//4215 4210//4210
f 4210//4210 4215//4215 4216//4216
f 4210//4210 4216//4216 4211//4211
f 4211//4211 4216//4216 4217//4217
f 4211//4211 4217//4217 4212//4212
f 4212//4212 4217//4217 4218//4218
f 4213//4213 4219//4219 4214//4214
f 4214//4214 4219//4219 4220//4220
f 4214//4214 4220//4220 4215//4215
f 4215//4215 4220//4220 4221//4221
f 4215//4215 4221//4221 4216//4216
f 4216//4216 4221//4221 4222//4222
f 4216//4216 4222//4222 4217//4217
f 4217//4217 4222//4222 4223//4223
f 4217//4217 4223//4223 4218//4218
f 4218//4218 4223//4223 4224//4224
f 4219//4219 4225//4225 4220//4220
f 4220//4220 4225//4225 4226//4226
f 4220//4220 4226//4226 4221//4221
f 4221//4221 4226//4226 4227//4227
f 4221//4221 4227//4227 4222//4222
f 4222//4222 4227//4227 4228//4228
f 4222//4222 4228//4228 4223//4223
f 4223//4223 4228//4228 4229//4229
f 4223//4223 4229//4229 4224//4224
f 4224//4224 4229//4229 4230//4230
f 4232//4232 4237//4237 4231//4231
f 4238//4238 4237//4237 4232//4232
f 4233//4233 4238//4238 4232//4232
f 4239//4239 4238//4238 4233//4233
f 4234//4234 4239//4239 4233//4233
f 4240//4240 4239//4239 4234//4234
f 4235//4235 4240//4240 4234//4234
f 4241//4241 4240//4240 4235//4235
f 4236//4236 4241//4241 4235//4235
f 4242//4242 4241//4241 4236//4236
f 4238//4238 4243//4243 4237//4237
f 4244//4244 4243//4243 4238//4238
f 4239//4239 4244//4244 4238//4238
f 4245//4245 4244//4244 4239//4239
f 4240//4240 4245//4245 4239//4239
f 4246//4246 4245//4245 4240//4240
f 4241//4241 4246//4246 4240//4240
f 4247//4247 4246//4246 4241//4241
f 4242//4242 4247//4247 4241//4241
f 4248//4248 4247//4247 4242//4242
f 4244//4244 4249//4249 4243//4243
f 4250//4250 4249//4249 4244//4244
f 4245//4245 4250//4250 4244//4244
f 4251//4251 4250//4250 4245//4245
f 4246//4246 4251//4251 4245//4245
f 4252//4252 4251//4251 4246//4246
f 4247//4247 4252//4252 4246//4246
f 4253//4253 4252//4252 4247//4247
f 4248//4248 4253//4253 4247//4247
f 4254//4254 4253//4253 4248//4248
f 4250//4250 4255//4255 4249//4249
f 4256//4256 4255//4255 4250//4250
f 4251//4251 4256//4256 4250//4250
f 4257//4257 4256//4256 4251//4251
f 4252//4252 4257//4257 4251//4251
f 4258//4258 4257//4257 4252//4252
f 4253//4253 4258//4258 4252//4252
f 4259//4259 4258//4258 4253//4253
f 4254//4254 4259//4259 4253//4253
f 4260//4260 4259//4259 4254//4254
f 4256//4256 4261//4261 4255//4255
f 4262//4262 4261//4261 4256//4256
f 4257//4257 4262//4262 4256//4256
f 4263//4263 4262//4262 4257//4257
f 4258//4258 4263//4263 4257//4257
f 4264//4264 4263//4263 4258//4258
f 4259//4259 4264//4264 4258//4258
f 4265//4265 4264//4264 4259//4259
f 4260//4260 4265//4265 4259//4259
f 4266//4266 4265//4265 4260//4260
f 4267//4267 4273//4273 4268//4268
f 4268//4268 4273//4273 4274//4274
f 4268//4268 4274//4274 4269//4269
f 4269//4269 4274//4274 4275//4275
f 4269//4269 4275//4275 4270//4270
f 4270//4270 4275//4275 4276//4276
f 4270//4270 4276//4276 4271//4271
f 4271//4271 4276//4276 4277//4277
f 4271//4271 4277//4277 4272//4272
f 4272//4272 4277//4277 4278//4278
f 4273//4273 4279//4279 4274//4274
f 4274//4274 4279//4279 4280//4280
f 4274//4274 4280//4280 4275//4275
f 4275//4275 4280//4280 4281//4281
f 4275//4275 4281//4281 4276//4276
f 4276//4276 4281//4281 4282//4282
f 4276//4276 4282//4282 4277//4277
f 4277//4277 4282//4282 4283//4283
f 4277//4277 4283//4283 4278//4278
f 4278//4278 4283//4283 4284//4284
f 4279//4279 4285//4285 4280//4280
f 4280//4280 4285//4285 4286//4286
f 4280//4280 4286//4286 4281//4281
f 4281//4281 4286//4286 4287//4287
f 4281//4281 4287//4287 4282//4282
f 4282//4282 4287//4287 4288//4288
f 4282//4282 4288//4288 4283//4283
f 4283//4283 4288//4288 4289//4289
f 4283//4283 4289//4289 4284//4284
f 4284//4284 4289//4289 4290//4290
f 4285//4285 4291//4291 4286//4286
f 4286//4286 4291//4291 4292//4292
f 4286//4286 4292//4292 4287//4287
f 4287//4287 4292//4292 4293//4293
f 4287//4287 4293//4293 4288//4288
f 4288//4288 4293//4293 4294//4294
f 4288//4288 4294//4294 4289//4289
f 4289//4289 4294//4294 4295//4295
f 4289//4289 4295//4295 4290//4290
f 4290//4290 4295//4295 4296//4296
f 4291//4291 4297//4297 4292//4292
f 4292//4292 4297//4297 4298//4298
f 4292//4292 4298//4298 4293//4293
f 4293//4293 4298//4298 4299//4299
f 4293//4293 4299//4299 4294//4294
f 4294//4294 4299//4299 4300//4300
f 4294//4294 4300//4300 4295//4295
f 4295//4295 4300//4300 4301//4301
f 4295//4295 4301//4301 4296//4296
f 4296//4296 4301//4301 4302//4302
f 4304//4304 4309//4309 4303//4303
f 4310//4310 4309//4309 4304//4304
f 4305//4305 4310//4310 4304//4304
f 4311//4311 4310//4310 4305//4305
f 4306//4306 4311//4311 4305//4305
f 4312//4312 4311//4311 4306//4306
f 4307//4307 4312//4312 4306//4306
f 4313//4313 4312//4312 4307//4307
f 4308//4308 4313//4313 4307//4307
f 4314//4314 4313//4313 4308//4308
f 4310//4310 4315//4315 4309//4309
f 4316//4316 4315//4315 4310//4310
f 4311//4311 4316//4316 4310//4310
f 4317//4317 4316//4316 4311//4311
f 4312//4312 4317//4317 4311//4311
f 4318//4318 4317//4317 4312//4312
f 4313//4313 4318//4318 4312//4312
f 4319//4319 4318//4318 4313//4313
f 4314//4314 4319//4319 4313//4313
f 4320//4320 4319//4319 4314//4314
f 4316//4316 4321//4321 4315//4315
f 4322//4322 4321//4321 4316//4316
f 4317//4317 4322//4322 4316//4316
f 4323//4323 4322//4322 4317//4317
f 4318//4318 4323//4323 4317//4317
f 4324//4324 4323//4323 4318//4318
f 4319//4319 4324//4324 4318//4318
f 4325//4325 4324//4324 4319//4319
f 4320//4320 4325//4325 4319//4319
f 4326//4326 4325//4325 4320//4320
f 4322//4322 4327//4327 4321//4321
f 4328//4328 4327//4327 4322//4322
f 4323//4323 4328//4328 4322//4322
f 4329//4329 4328//4328 4323//4323
f 4324//4324 4329//4329 4323//4323
f 4330//4330 4329//4329 4324//4324
f 4325//4325 4330//4330 4324//4324
f 4331//4331 4330//4330 4325//4325
f 4326//4326 4331//4331 4325//4325
f 4332//4332 4331//4331 4326//4326
f 4328//4328 4333//4333 4327//4327
f 4334//4334 4333//4333 4328//4328
f 4329//4329 4334//4334 4328//4328
f 4335//4335 4334//4334 4329//4329
f 4330//4330 4335//4335 4329//4329
f 4336//4336 4335//4335 4330//4330
f 4331//4331 4336//4336 4330//4330
f 4337//4337 4336//4336 4331//4331
f 4332//4332 4337//4337 4331//4331
f 4338//4338 4337//4337 4332//4332
f 4339//4339 4345//4345 4340//4340
f 4340//4340 4345//4345 4346//4346
f 4340//4340 4346//4346 4341//4341
f 4341//4341 4346//4346 4347//4347
f 4341//4341 4347//4347 4342//4342
f 4342//4342 4347//4347 4348//4348
f 4342//4342 4348//4348 4343//4343
f 4343//4343 4348//4348 4349//4349
f 4343//4343 4349//4349 4344//4344
f 4344//4344 4349//4349 4350//4350
f 4345//4345 4351//4351 4346//4346
f 4346//4346 4351//4351 4352//4352
f 4346//4346 4352//4352 4347//4347
f 4347//4347 4352//4352 4353//4353
f 4347//4347 4353//4353 4348//4348
f 4348//4348 4353//4353 4354//4354
f 4348//4348 4354//4354 4349//4349
f 4349//4349 4354//4354 4355//4355
f 4349//4349 4355//4355 4350//4350
f 4350//4350 4355//4355 4356//4356
f 4351//4351 4357//4357 4352//4352
f 4352//4352 4357//4357 4358//4358
f 4352//4352 4358//4358 4353//4353
f 4353//4353 4358//4358 4359//4359
f 4353//4353 4359//4359 4354//4354
f 4354//4354 4359//4359 4360//4360
f 4354//4354 4360//4360 4355//4355
f 4355//4355 4360//4360 4361//4361
f 4355//4355 4361//4361 4356//4356
f 4356//4356 4361//4361 4362//4362
f 4357//4357 4363//4363 4358//4358
f 4358//4358 4363//4363 4364//4364
f 4358//4358 4364//4364 4359//4359
f 4359//4359 4364//4364 4365//4365
f 4359//4359 4365//4365 4360//4360
f 4360//4360 4365//4365 4366//4366
f 4360//4360 4366//4366 4361//4361
f 4361//4361 4366//4366 4367//4367
f 4361//4361 4367//4367 4362//4362
f 4362//4362 4367//4367 4368//4368
f 4363//4363 4369//4369 4364//4364
f 4364//4364 4369//4369 4370//4370
f 4364//4364 4370//4370 4365//4365
f 4365//4365 4370//4370 4371//4371
f 4365//4365 4371//4371 4366//4366
f 4366//4366 4371//4371 4372//4372
f 4366//4366 4372//4372 4367//4367
f 4367//4367 4372//4372 4373//4373
f 4367//4367 4373//4373 4368//4368
f 4368//4368 4373//4373 4374//4374
