# Bara Kitchen - metres, +Y up; editable mesh source
mtllib palette.mtl
o tomato-chopped_tomato
usemtl tomato
v -0.109950 0.007000 -0.083875
v 0.002432 0.007000 -0.031471
v 0.000517 0.026411 -0.032363
v -0.005096 0.044500 -0.034981
v -0.014026 0.060033 -0.039145
v -0.025663 0.071952 -0.044572
v -0.039216 0.079444 -0.050891
v -0.053759 0.082000 -0.057673
v -0.068302 0.079444 -0.064455
v -0.081854 0.071952 -0.070774
v -0.093492 0.060033 -0.076201
v -0.102422 0.044500 -0.080365
v -0.108035 0.026411 -0.082983
v -0.126432 0.007000 -0.048529
v -0.014050 0.007000 0.003875
v -0.015965 0.026411 0.002983
v -0.021578 0.044500 0.000365
v -0.030508 0.060033 -0.003799
v -0.042146 0.071952 -0.009226
v -0.055698 0.079444 -0.015545
v -0.070241 0.082000 -0.022327
v -0.084784 0.079444 -0.029109
v -0.098337 0.071952 -0.035428
v -0.109974 0.060033 -0.040855
v -0.118904 0.044500 -0.045019
v -0.124517 0.026411 -0.047637
v -0.109950 0.007000 -0.083875
v 0.002432 0.007000 -0.031471
v -0.014050 0.007000 0.003875
v -0.126432 0.007000 -0.048529
v 0.002432 0.007000 -0.031471
v 0.000517 0.026411 -0.032363
v -0.015965 0.026411 0.002983
v -0.014050 0.007000 0.003875
v 0.000517 0.026411 -0.032363
v -0.005096 0.044500 -0.034981
v -0.021578 0.044500 0.000365
v -0.015965 0.026411 0.002983
v -0.005096 0.044500 -0.034981
v -0.014026 0.060033 -0.039145
v -0.030508 0.060033 -0.003799
v -0.021578 0.044500 0.000365
v -0.014026 0.060033 -0.039145
v -0.025663 0.071952 -0.044572
v -0.042146 0.071952 -0.009226
v -0.030508 0.060033 -0.003799
v -0.025663 0.071952 -0.044572
v -0.039216 0.079444 -0.050891
v -0.055698 0.079444 -0.015545
v -0.042146 0.071952 -0.009226
v -0.039216 0.079444 -0.050891
v -0.053759 0.082000 -0.057673
v -0.070241 0.082000 -0.022327
v -0.055698 0.079444 -0.015545
v -0.053759 0.082000 -0.057673
v -0.068302 0.079444 -0.064455
v -0.084784 0.079444 -0.029109
v -0.070241 0.082000 -0.022327
v -0.068302 0.079444 -0.064455
v -0.081854 0.071952 -0.070774
v -0.098337 0.071952 -0.035428
v -0.084784 0.079444 -0.029109
v -0.081854 0.071952 -0.070774
v -0.093492 0.060033 -0.076201
v -0.109974 0.060033 -0.040855
v -0.098337 0.071952 -0.035428
v -0.093492 0.060033 -0.076201
v -0.102422 0.044500 -0.080365
v -0.118904 0.044500 -0.045019
v -0.109974 0.060033 -0.040855
v -0.102422 0.044500 -0.080365
v -0.108035 0.026411 -0.082983
v -0.124517 0.026411 -0.047637
v -0.118904 0.044500 -0.045019
v -0.108035 0.026411 -0.082983
v -0.109950 0.007000 -0.083875
v -0.126432 0.007000 -0.048529
v -0.124517 0.026411 -0.047637
v -0.011972 0.007000 -0.018412
v 0.089603 0.007000 -0.089535
v 0.087872 0.026411 -0.088323
v 0.082798 0.044500 -0.084771
v 0.074727 0.060033 -0.079119
v 0.064209 0.071952 -0.071754
v 0.051960 0.079444 -0.063178
v 0.038815 0.082000 -0.053973
v 0.025671 0.079444 -0.044769
v 0.013422 0.071952 -0.036193
v 0.002903 0.060033 -0.028828
v -0.005168 0.044500 -0.023176
v -0.010242 0.026411 -0.019623
v 0.010397 0.007000 0.013535
v 0.111972 0.007000 -0.057588
v 0.110242 0.026411 -0.056377
v 0.105168 0.044500 -0.052824
v 0.097097 0.060033 -0.047172
v 0.086578 0.071952 -0.039807
v 0.074329 0.079444 -0.031231
v 0.061185 0.082000 -0.022027
v 0.048040 0.079444 -0.012822
v 0.035791 0.071952 -0.004246
v 0.025273 0.060033 0.003119
v 0.017202 0.044500 0.008771
v 0.012128 0.026411 0.012323
v -0.011972 0.007000 -0.018412
v 0.089603 0.007000 -0.089535
v 0.111972 0.007000 -0.057588
v 0.010397 0.007000 0.013535
v 0.089603 0.007000 -0.089535
v 0.087872 0.026411 -0.088323
v 0.110242 0.026411 -0.056377
v 0.111972 0.007000 -0.057588
v 0.087872 0.026411 -0.088323
v 0.082798 0.044500 -0.084771
v 0.105168 0.044500 -0.052824
v 0.110242 0.026411 -0.056377
v 0.082798 0.044500 -0.084771
v 0.074727 0.060033 -0.079119
v 0.097097 0.060033 -0.047172
v 0.105168 0.044500 -0.052824
v 0.074727 0.060033 -0.079119
v 0.064209 0.071952 -0.071754
v 0.086578 0.071952 -0.039807
v 0.097097 0.060033 -0.047172
v 0.064209 0.071952 -0.071754
v 0.051960 0.079444 -0.063178
v 0.074329 0.079444 -0.031231
v 0.086578 0.071952 -0.039807
v 0.051960 0.079444 -0.063178
v 0.038815 0.082000 -0.053973
v 0.061185 0.082000 -0.022027
v 0.074329 0.079444 -0.031231
v 0.038815 0.082000 -0.053973
v 0.025671 0.079444 -0.044769
v 0.048040 0.079444 -0.012822
v 0.061185 0.082000 -0.022027
v 0.025671 0.079444 -0.044769
v 0.013422 0.071952 -0.036193
v 0.035791 0.071952 -0.004246
v 0.048040 0.079444 -0.012822
v 0.013422 0.071952 -0.036193
v 0.002903 0.060033 -0.028828
v 0.025273 0.060033 0.003119
v 0.035791 0.071952 -0.004246
v 0.002903 0.060033 -0.028828
v -0.005168 0.044500 -0.023176
v 0.017202 0.044500 0.008771
v 0.025273 0.060033 0.003119
v -0.005168 0.044500 -0.023176
v -0.010242 0.026411 -0.019623
v 0.012128 0.026411 0.012323
v 0.017202 0.044500 0.008771
v -0.010242 0.026411 -0.019623
v -0.011972 0.007000 -0.018412
v 0.010397 0.007000 0.013535
v 0.012128 0.026411 0.012323
v -0.104699 0.007000 0.054817
v 0.016591 0.007000 0.029036
v 0.014524 0.026411 0.029475
v 0.008466 0.044500 0.030763
v -0.001172 0.060033 0.032811
v -0.013732 0.071952 0.035481
v -0.028358 0.079444 0.038590
v -0.044054 0.082000 0.041926
v -0.059750 0.079444 0.045262
v -0.074377 0.071952 0.048371
v -0.086937 0.060033 0.051041
v -0.096575 0.044500 0.053090
v -0.102633 0.026411 0.054377
v -0.096591 0.007000 0.092964
v 0.024699 0.007000 0.067183
v 0.022633 0.026411 0.067623
v 0.016575 0.044500 0.068910
v 0.006937 0.060033 0.070959
v -0.005623 0.071952 0.073629
v -0.020250 0.079444 0.076738
v -0.035946 0.082000 0.080074
v -0.051642 0.079444 0.083410
v -0.066268 0.071952 0.086519
v -0.078828 0.060033 0.089189
v -0.088466 0.044500 0.091237
v -0.094524 0.026411 0.092525
v -0.104699 0.007000 0.054817
v 0.016591 0.007000 0.029036
v 0.024699 0.007000 0.067183
v -0.096591 0.007000 0.092964
v 0.016591 0.007000 0.029036
v 0.014524 0.026411 0.029475
v 0.022633 0.026411 0.067623
v 0.024699 0.007000 0.067183
v 0.014524 0.026411 0.029475
v 0.008466 0.044500 0.030763
v 0.016575 0.044500 0.068910
v 0.022633 0.026411 0.067623
v 0.008466 0.044500 0.030763
v -0.001172 0.060033 0.032811
v 0.006937 0.060033 0.070959
v 0.016575 0.044500 0.068910
v -0.001172 0.060033 0.032811
v -0.013732 0.071952 0.035481
v -0.005623 0.071952 0.073629
v 0.006937 0.060033 0.070959
v -0.013732 0.071952 0.035481
v -0.028358 0.079444 0.038590
v -0.020250 0.079444 0.076738
v -0.005623 0.071952 0.073629
v -0.028358 0.079444 0.038590
v -0.044054 0.082000 0.041926
v -0.035946 0.082000 0.080074
v -0.020250 0.079444 0.076738
v -0.044054 0.082000 0.041926
v -0.059750 0.079444 0.045262
v -0.051642 0.079444 0.083410
v -0.035946 0.082000 0.080074
v -0.059750 0.079444 0.045262
v -0.074377 0.071952 0.048371
v -0.066268 0.071952 0.086519
v -0.051642 0.079444 0.083410
v -0.074377 0.071952 0.048371
v -0.086937 0.060033 0.051041
v -0.078828 0.060033 0.089189
v -0.066268 0.071952 0.086519
v -0.086937 0.060033 0.051041
v -0.096575 0.044500 0.053090
v -0.088466 0.044500 0.091237
v -0.078828 0.060033 0.089189
v -0.096575 0.044500 0.053090
v -0.102633 0.026411 0.054377
v -0.094524 0.026411 0.092525
v -0.088466 0.044500 0.091237
v -0.102633 0.026411 0.054377
v -0.104699 0.007000 0.054817
v -0.096591 0.007000 0.092964
v -0.094524 0.026411 0.092525
v 0.035397 0.032000 0.006465
v 0.136972 0.032000 0.077588
v 0.135242 0.051411 0.076377
v 0.130168 0.069500 0.072824
v 0.122097 0.085033 0.067172
v 0.111578 0.096952 0.059807
v 0.099329 0.104444 0.051231
v 0.086185 0.107000 0.042027
v 0.073040 0.104444 0.032822
v 0.060791 0.096952 0.024246
v 0.050273 0.085033 0.016881
v 0.042202 0.069500 0.011229
v 0.037128 0.051411 0.007677
v 0.013028 0.032000 0.038412
v 0.114603 0.032000 0.109535
v 0.112872 0.051411 0.108323
v 0.107798 0.069500 0.104771
v 0.099727 0.085033 0.099119
v 0.089209 0.096952 0.091754
v 0.076960 0.104444 0.083178
v 0.063815 0.107000 0.073973
v 0.050671 0.104444 0.064769
v 0.038422 0.096952 0.056193
v 0.027903 0.085033 0.048828
v 0.019832 0.069500 0.043176
v 0.014758 0.051411 0.039623
v 0.035397 0.032000 0.006465
v 0.136972 0.032000 0.077588
v 0.114603 0.032000 0.109535
v 0.013028 0.032000 0.038412
v 0.136972 0.032000 0.077588
v 0.135242 0.051411 0.076377
v 0.112872 0.051411 0.108323
v 0.114603 0.032000 0.109535
v 0.135242 0.051411 0.076377
v 0.130168 0.069500 0.072824
v 0.107798 0.069500 0.104771
v 0.112872 0.051411 0.108323
v 0.130168 0.069500 0.072824
v 0.122097 0.085033 0.067172
v 0.099727 0.085033 0.099119
v 0.107798 0.069500 0.104771
v 0.122097 0.085033 0.067172
v 0.111578 0.096952 0.059807
v 0.089209 0.096952 0.091754
v 0.099727 0.085033 0.099119
v 0.111578 0.096952 0.059807
v 0.099329 0.104444 0.051231
v 0.076960 0.104444 0.083178
v 0.089209 0.096952 0.091754
v 0.099329 0.104444 0.051231
v 0.086185 0.107000 0.042027
v 0.063815 0.107000 0.073973
v 0.076960 0.104444 0.083178
v 0.086185 0.107000 0.042027
v 0.073040 0.104444 0.032822
v 0.050671 0.104444 0.064769
v 0.063815 0.107000 0.073973
v 0.073040 0.104444 0.032822
v 0.060791 0.096952 0.024246
v 0.038422 0.096952 0.056193
v 0.050671 0.104444 0.064769
v 0.060791 0.096952 0.024246
v 0.050273 0.085033 0.016881
v 0.027903 0.085033 0.048828
v 0.038422 0.096952 0.056193
v 0.050273 0.085033 0.016881
v 0.042202 0.069500 0.011229
v 0.019832 0.069500 0.043176
v 0.027903 0.085033 0.048828
v 0.042202 0.069500 0.011229
v 0.037128 0.051411 0.007677
v 0.014758 0.051411 0.039623
v 0.019832 0.069500 0.043176
v 0.037128 0.051411 0.007677
v 0.035397 0.032000 0.006465
v 0.013028 0.032000 0.038412
v 0.014758 0.051411 0.039623
vn 0.312197 -0.552637 -0.772739
vn 0.436939 -0.854176 -0.281899
vn 0.757248 0.108012 -0.644134
vn 0.729034 0.202548 -0.653823
vn 0.679996 0.301251 -0.668471
vn 0.602204 0.405340 -0.687786
vn 0.482644 0.513068 -0.709800
vn 0.303483 0.614704 -0.728036
vn 0.051142 0.684124 -0.727571
vn -0.256421 0.678653 -0.688243
vn -0.550731 0.572336 -0.607558
vn -0.762306 0.390911 -0.515828
vn -0.875552 0.179963 -0.448356
vn -0.490081 -0.306227 0.816116
vn -0.033394 -0.967082 0.252262
vn 0.002242 0.077510 0.996989
vn -0.014095 0.173499 0.984733
vn -0.047058 0.274993 0.960294
vn -0.101374 0.383902 0.917792
vn -0.184190 0.499744 0.846363
vn -0.303483 0.614704 0.728036
vn -0.460275 0.704090 0.540743
vn -0.632288 0.722204 0.280417
vn -0.773169 0.634184 -0.004562
vn -0.855290 0.461076 -0.236409
vn -0.891837 0.252235 -0.375506
vn 0.312197 -0.552637 -0.772739
vn 0.436939 -0.854176 -0.281899
vn -0.033394 -0.967082 0.252262
vn -0.490081 -0.306227 0.816116
vn 0.436939 -0.854176 -0.281899
vn 0.757248 0.108012 -0.644134
vn 0.002242 0.077510 0.996989
vn -0.033394 -0.967082 0.252262
vn 0.757248 0.108012 -0.644134
vn 0.729034 0.202548 -0.653823
vn -0.014095 0.173499 0.984733
vn 0.002242 0.077510 0.996989
vn 0.729034 0.202548 -0.653823
vn 0.679996 0.301251 -0.668471
vn -0.047058 0.274993 0.960294
vn -0.014095 0.173499 0.984733
vn 0.679996 0.301251 -0.668471
vn 0.602204 0.405340 -0.687786
vn -0.101374 0.383902 0.917792
vn -0.047058 0.274993 0.960294
vn 0.602204 0.405340 -0.687786
vn 0.482644 0.513068 -0.709800
vn -0.184190 0.499744 0.846363
vn -0.101374 0.383902 0.917792
vn 0.482644 0.513068 -0.709800
vn 0.303483 0.614704 -0.728036
vn -0.303483 0.614704 0.728036
vn -0.184190 0.499744 0.846363
vn 0.303483 0.614704 -0.728036
vn 0.051142 0.684124 -0.727571
vn -0.460275 0.704090 0.540743
vn -0.303483 0.614704 0.728036
vn 0.051142 0.684124 -0.727571
vn -0.256421 0.678653 -0.688243
vn -0.632288 0.722204 0.280417
vn -0.460275 0.704090 0.540743
vn -0.256421 0.678653 -0.688243
vn -0.550731 0.572336 -0.607558
vn -0.773169 0.634184 -0.004562
vn -0.632288 0.722204 0.280417
vn -0.550731 0.572336 -0.607558
vn -0.762306 0.390911 -0.515828
vn -0.855290 0.461076 -0.236409
vn -0.773169 0.634184 -0.004562
vn -0.762306 0.390911 -0.515828
vn -0.875552 0.179963 -0.448356
vn -0.891837 0.252235 -0.375506
vn -0.855290 0.461076 -0.236409
vn -0.875552 0.179963 -0.448356
vn 0.312197 -0.552637 -0.772739
vn -0.490081 -0.306227 0.816116
vn -0.891837 0.252235 -0.375506
vn -0.513114 -0.552637 -0.656740
vn -0.025662 -0.854176 -0.519350
vn -0.179212 0.108012 -0.977863
vn -0.201710 0.202548 -0.958273
vn -0.238915 0.301251 -0.923129
vn -0.294538 0.405340 -0.865417
vn -0.373383 0.513068 -0.772882
vn -0.478756 0.614704 -0.626842
vn -0.604524 0.684124 -0.408076
vn -0.724247 0.678653 -0.122054
vn -0.801526 0.572336 0.173168
vn -0.827873 0.390911 0.402262
vn -0.826063 0.179963 0.534072
vn 0.461737 -0.306227 0.832480
vn 0.201769 -0.967082 0.155051
vn 0.864539 0.077510 0.496553
vn 0.845756 0.173499 0.504573
vn 0.808110 0.274993 0.520900
vn 0.744144 0.383902 0.546689
vn 0.640877 0.499744 0.582695
vn 0.478756 0.614704 0.626842
vn 0.238160 0.704090 0.668982
vn -0.073295 0.722204 0.687786
vn -0.390535 0.634184 0.667303
vn -0.632381 0.461076 0.622498
vn -0.771116 0.252235 0.584600
vn -0.513114 -0.552637 -0.656740
vn -0.025662 -0.854176 -0.519350
vn 0.201769 -0.967082 0.155051
vn 0.461737 -0.306227 0.832480
vn -0.025662 -0.854176 -0.519350
vn -0.179212 0.108012 -0.977863
vn 0.864539 0.077510 0.496553
vn 0.201769 -0.967082 0.155051
vn -0.179212 0.108012 -0.977863
vn -0.201710 0.202548 -0.958273
vn 0.845756 0.173499 0.504573
vn 0.864539 0.077510 0.496553
vn -0.201710 0.202548 -0.958273
vn -0.238915 0.301251 -0.923129
vn 0.808110 0.274993 0.520900
vn 0.845756 0.173499 0.504573
vn -0.238915 0.301251 -0.923129
vn -0.294538 0.405340 -0.865417
vn 0.744144 0.383902 0.546689
vn 0.808110 0.274993 0.520900
vn -0.294538 0.405340 -0.865417
vn -0.373383 0.513068 -0.772882
vn 0.640877 0.499744 0.582695
vn 0.744144 0.383902 0.546689
vn -0.373383 0.513068 -0.772882
vn -0.478756 0.614704 -0.626842
vn 0.478756 0.614704 0.626842
vn 0.640877 0.499744 0.582695
vn -0.478756 0.614704 -0.626842
vn -0.604524 0.684124 -0.408076
vn 0.238160 0.704090 0.668982
vn 0.478756 0.614704 0.626842
vn -0.604524 0.684124 -0.408076
vn -0.724247 0.678653 -0.122054
vn -0.073295 0.722204 0.687786
vn 0.238160 0.704090 0.668982
vn -0.724247 0.678653 -0.122054
vn -0.801526 0.572336 0.173168
vn -0.390535 0.634184 0.667303
vn -0.073295 0.722204 0.687786
vn -0.801526 0.572336 0.173168
vn -0.827873 0.390911 0.402262
vn -0.632381 0.461076 0.622498
vn -0.390535 0.634184 0.667303
vn -0.827873 0.390911 0.402262
vn -0.826063 0.179963 0.534072
vn -0.771116 0.252235 0.584600
vn -0.632381 0.461076 0.622498
vn -0.826063 0.179963 0.534072
vn -0.513114 -0.552637 -0.656740
vn 0.461737 -0.306227 0.832480
vn -0.771116 0.252235 0.584600
vn -0.215715 -0.552637 -0.805022
vn 0.179304 -0.854176 -0.488091
vn 0.217116 0.108012 -0.970152
vn 0.188752 0.202548 -0.960909
vn 0.140773 0.301251 -0.943096
vn 0.067022 0.405340 -0.911706
vn -0.041712 0.513068 -0.857334
vn -0.195770 0.614704 -0.764076
vn -0.397019 0.684124 -0.611842
vn -0.618982 0.678653 -0.395337
vn -0.805471 0.572336 -0.153779
vn -0.919237 0.390911 0.046809
vn -0.969074 0.179963 0.168847
vn 0.099755 -0.306227 0.946717
vn 0.125146 -0.967082 0.221563
vn 0.601794 0.077510 0.794881
vn 0.581370 0.173499 0.794925
vn 0.540338 0.274993 0.795245
vn 0.471380 0.383902 0.793990
vn 0.362253 0.499744 0.786784
vn 0.195770 0.614704 0.764076
vn -0.042165 0.704090 0.708857
vn -0.336208 0.722204 0.604471
vn -0.620225 0.634184 0.461662
vn -0.825339 0.461076 0.325922
vn -0.938238 0.252235 0.236828
vn -0.215715 -0.552637 -0.805022
vn 0.179304 -0.854176 -0.488091
vn 0.125146 -0.967082 0.221563
vn 0.099755 -0.306227 0.946717
vn 0.179304 -0.854176 -0.488091
vn 0.217116 0.108012 -0.970152
vn 0.601794 0.077510 0.794881
vn 0.125146 -0.967082 0.221563
vn 0.217116 0.108012 -0.970152
vn 0.188752 0.202548 -0.960909
vn 0.581370 0.173499 0.794925
vn 0.601794 0.077510 0.794881
vn 0.188752 0.202548 -0.960909
vn 0.140773 0.301251 -0.943096
vn 0.540338 0.274993 0.795245
vn 0.581370 0.173499 0.794925
vn 0.140773 0.301251 -0.943096
vn 0.067022 0.405340 -0.911706
vn 0.471380 0.383902 0.793990
vn 0.540338 0.274993 0.795245
vn 0.067022 0.405340 -0.911706
vn -0.041712 0.513068 -0.857334
vn 0.362253 0.499744 0.786784
vn 0.471380 0.383902 0.793990
vn -0.041712 0.513068 -0.857334
vn -0.195770 0.614704 -0.764076
vn 0.195770 0.614704 0.764076
vn 0.362253 0.499744 0.786784
vn -0.195770 0.614704 -0.764076
vn -0.397019 0.684124 -0.611842
vn -0.042165 0.704090 0.708857
vn 0.195770 0.614704 0.764076
vn -0.397019 0.684124 -0.611842
vn -0.618982 0.678653 -0.395337
vn -0.336208 0.722204 0.604471
vn -0.042165 0.704090 0.708857
vn -0.618982 0.678653 -0.395337
vn -0.805471 0.572336 -0.153779
vn -0.620225 0.634184 0.461662
vn -0.336208 0.722204 0.604471
vn -0.805471 0.572336 -0.153779
vn -0.919237 0.390911 0.046809
vn -0.825339 0.461076 0.325922
vn -0.620225 0.634184 0.461662
vn -0.919237 0.390911 0.046809
vn -0.969074 0.179963 0.168847
vn -0.938238 0.252235 0.236828
vn -0.825339 0.461076 0.325922
vn -0.969074 0.179963 0.168847
vn -0.215715 -0.552637 -0.805022
vn 0.099755 -0.306227 0.946717
vn -0.938238 0.252235 0.236828
vn 0.441638 -0.552637 -0.706787
vn 0.479253 -0.854176 -0.201743
vn 0.857597 0.108012 -0.502853
vn 0.831493 0.202548 -0.517294
vn 0.785744 0.301251 -0.540235
vn 0.712488 0.405340 -0.572765
vn 0.598567 0.513068 -0.615207
vn 0.425295 0.614704 -0.664276
vn 0.176706 0.684124 -0.707637
vn -0.133013 0.678653 -0.722314
vn -0.436863 0.572336 -0.693961
vn -0.661152 0.390911 -0.640364
vn -0.784394 0.179963 -0.593582
vn -0.624352 -0.306227 0.718616
vn -0.076691 -0.967082 0.242631
vn -0.170917 0.077510 0.982232
vn -0.184878 0.173499 0.967325
vn -0.213096 0.274993 0.937533
vn -0.259207 0.383902 0.886245
vn -0.328362 0.499744 0.801520
vn -0.425295 0.614704 0.664276
vn -0.547182 0.704090 0.452602
vn -0.671376 0.722204 0.166362
vn -0.760630 0.634184 -0.138752
vn -0.801244 0.461076 -0.381336
vn -0.813082 0.252235 -0.524667
vn 0.441638 -0.552637 -0.706787
vn 0.479253 -0.854176 -0.201743
vn -0.076691 -0.967082 0.242631
vn -0.624352 -0.306227 0.718616
vn 0.479253 -0.854176 -0.201743
vn 0.857597 0.108012 -0.502853
vn -0.170917 0.077510 0.982232
vn -0.076691 -0.967082 0.242631
vn 0.857597 0.108012 -0.502853
vn 0.831493 0.202548 -0.517294
vn -0.184878 0.173499 0.967325
vn -0.170917 0.077510 0.982232
vn 0.831493 0.202548 -0.517294
vn 0.785744 0.301251 -0.540235
vn -0.213096 0.274993 0.937533
vn -0.184878 0.173499 0.967325
vn 0.785744 0.301251 -0.540235
vn 0.712488 0.405340 -0.572765
vn -0.259207 0.383902 0.886245
vn -0.213096 0.274993 0.937533
vn 0.712488 0.405340 -0.572765
vn 0.598567 0.513068 -0.615207
vn -0.328362 0.499744 0.801520
vn -0.259207 0.383902 0.886245
vn 0.598567 0.513068 -0.615207
vn 0.425295 0.614704 -0.664276
vn -0.425295 0.614704 0.664276
vn -0.328362 0.499744 0.801520
vn 0.425295 0.614704 -0.664276
vn 0.176706 0.684124 -0.707637
vn -0.547182 0.704090 0.452602
vn -0.425295 0.614704 0.664276
vn 0.176706 0.684124 -0.707637
vn -0.133013 0.678653 -0.722314
vn -0.671376 0.722204 0.166362
vn -0.547182 0.704090 0.452602
vn -0.133013 0.678653 -0.722314
vn -0.436863 0.572336 -0.693961
vn -0.760630 0.634184 -0.138752
vn -0.671376 0.722204 0.166362
vn -0.436863 0.572336 -0.693961
vn -0.661152 0.390911 -0.640364
vn -0.801244 0.461076 -0.381336
vn -0.760630 0.634184 -0.138752
vn -0.661152 0.390911 -0.640364
vn -0.784394 0.179963 -0.593582
vn -0.813082 0.252235 -0.524667
vn -0.801244 0.461076 -0.381336
vn -0.784394 0.179963 -0.593582
vn 0.441638 -0.552637 -0.706787
vn -0.624352 -0.306227 0.718616
vn -0.813082 0.252235 -0.524667
f 3//3 2//2 1//1
f 4//4 3//3 1//1
f 5//5 4//4 1//1
f 6//6 5//5 1//1
f 7//7 6//6 1//1
f 8//8 7//7 1//1
f 9//9 8//8 1//1
f 10//10 9//9 1//1
f 11//11 10//10 1//1
f 12//12 11//11 1//1
f 13//13 12//12 1//1
f 14//14 15//15 16//16
f 14//14 16//16 17//17
f 14//14 17//17 18//18
f 14//14 18//18 19//19
f 14//14 19//19 20//20
f 14//14 20//20 21//21
f 14//14 21//21 22//22
f 14//14 22//22 23//23
f 14//14 23//23 24//24
f 14//14 24//24 25//25
f 14//14 25//25 26//26
f 27//27 28//28 29//29
f 27//27 29//29 30//30
f 31//31 32//32 33//33
f 31//31 33//33 34//34
f 35//35 36//36 37//37
f 35//35 37//37 38//38
f 39//39 40//40 41//41
f 39//39 41//41 42//42
f 43//43 44//44 45//45
f 43//43 45//45 46//46
f 47//47 48//48 49//49
f 47//47 49//49 50//50
f 51//51 52//52 53//53
f 51//51 53//53 54//54
f 55//55 56//56 57//57
f 55//55 57//57 58//58
f 59//59 60//60 61//61
f 59//59 61//61 62//62
f 63//63 64//64 65//65
f 63//63 65//65 66//66
f 67//67 68//68 69//69
f 67//67 69//69 70//70
f 71//71 72//72 73//73
f 71//71 73//73 74//74
f 75//75 76//76 77//77
f 75//75 77//77 78//78
f 81//81 80//80 79//79
f 82//82 81//81 79//79
f 83//83 82//82 79//79
f 84//84 83//83 79//79
f 85//85 84//84 79//79
f 86//86 85//85 79//79
f 87//87 86//86 79//79
f 88//88 87//87 79//79
f 89//89 88//88 79//79
f 90//90 89//89 79//79
f 91//91 90//90 79//79
f 92//92 93//93 94//94
f 92//92 94//94 95//95
f 92//92 95//95 96//96
f 92//92 96//96 97//97
f 92//92 97//97 98//98
f 92//92 98//98 99//99
f 92//92 99//99 100//100
f 92//92 100//100 101//101
f 92//92 101//101 102//102
f 92//92 102//102 103//103
f 92//92 103//103 104//104
f 105//105 106//106 107//107
f 105//105 107//107 108//108
f 109//109 110//110 111//111
f 109//109 111//111 112//112
f 113//113 114//114 115//115
f 113//113 115//115 116//116
f 117//117 118//118 119//119
f 117//117 119//119 120//120
f 121//121 122//122 123//123
f 121//121 123//123 124//124
f 125//125 126//126 127//127
f 125//125 127//127 128//128
f 129//129 130//130 131//131
f 129//129 131//131 132//132
f 133//133 134//134 135//135
f 133//133 135//135 136//136
f 137//137 138//138 139//139
f 137//137 139//139 140//140
f 141//141 142//142 143//143
f 141//141 143//143 144//144
f 145//145 146//146 147//147
f 145//145 147//147 148//148
f 149//149 150//150 151//151
f 149//149 151//151 152//152
f 153//153 154//154 155//155
f 153//153 155//155 156//156
f 159//159 158//158 157//157
f 160//160 159//159 157//157
f 161//161 160//160 157//157
f 162//162 161//161 157//157
f 163//163 162//162 157//157
f 164//164 163//163 157//157
f 165//165 164//164 157//157
f 166//166 165//165 157//157
f 167//167 166//166 157//157
f 168//168 167//167 157//157
f 169//169 168//168 157//157
f 170//170 171//171 172//172
f 170//170 172//172 173//173
f 170//170 173//173 174//174
f 170//170 174//174 175//175
f 170//170 175//175 176//176
f 170//170 176//176 177//177
f 170//170 177//177 178//178
f 170//170 178//178 179//179
f 170//170 179//179 180//180
f 170//170 180//180 181//181
f 170//170 181//181 182//182
f 183//183 184//184 185//185
f 183//183 185//185 186//186
f 187//187 188//188 189//189
f 187//187 189//189 190//190
f 191//191 192//192 193//193
f 191//191 193//193 194//194
f 195//195 196//196 197//197
f 195//195 197//197 198//198
f 199//199 200//200 201//201
f 199//199 201//201 202//202
f 203//203 204//204 205//205
f 203//203 205//205 206//206
f 207//207 208//208 209//209
f 207//207 209//209 210//210
f 211//211 212//212 213//213
f 211//211 213//213 214//214
f 215//215 216//216 217//217
f 215//215 217//217 218//218
f 219//219 220//220 221//221
f 219//219 221//221 222//222
f 223//223 224//224 225//225
f 223//223 225//225 226//226
f 227//227 228//228 229//229
f 227//227 229//229 230//230
f 231//231 232//232 233//233
f 231//231 233//233 234//234
f 237//237 236//236 235//235
f 238//238 237//237 235//235
f 239//239 238//238 235//235
f 240//240 239//239 235//235
f 241//241 240//240 235//235
f 242//242 241//241 235//235
f 243//243 242//242 235//235
f 244//244 243//243 235//235
f 245//245 244//244 235//235
f 246//246 245//245 235//235
f 247//247 246//246 235//235
f 248//248 249//249 250//250
f 248//248 250//250 251//251
f 248//248 251//251 252//252
f 248//248 252//252 253//253
f 248//248 253//253 254//254
f 248//248 254//254 255//255
f 248//248 255//255 256//256
f 248//248 256//256 257//257
f 248//248 257//257 258//258
f 248//248 258//258 259//259
f 248//248 259//259 260//260
f 261//261 262//262 263//263
f 261//261 263//263 264//264
f 265//265 266//266 267//267
f 265//265 267//267 268//268
f 269//269 270//270 271//271
f 269//269 271//271 272//272
f 273//273 274//274 275//275
f 273//273 275//275 276//276
f 277//277 278//278 279//279
f 277//277 279//279 280//280
f 281//281 282//282 283//283
f 281//281 283//283 284//284
f 285//285 286//286 287//287
f 285//285 287//287 288//288
f 289//289 290//290 291//291
f 289//289 291//291 292//292
f 293//293 294//294 295//295
f 293//293 295//295 296//296
f 297//297 298//298 299//299
f 297//297 299//299 300//300
f 301//301 302//302 303//303
f 301//301 303//303 304//304
f 305//305 306//306 307//307
f 305//305 307//307 308//308
f 309//309 310//310 311//311
f 309//309 311//311 312//312
o tomato-chopped_tomatoFlesh
usemtl tomatoFlesh
v -0.099062 0.013000 -0.079350
v -0.008033 0.013000 -0.036902
v -0.009584 0.028529 -0.037625
v -0.014131 0.043000 -0.039746
v -0.021364 0.055426 -0.043119
v -0.030790 0.064962 -0.047514
v -0.041768 0.070956 -0.052633
v -0.053548 0.073000 -0.058126
v -0.065328 0.070956 -0.063619
v -0.076305 0.064962 -0.068738
v -0.085731 0.055426 -0.073134
v -0.092965 0.043000 -0.076507
v -0.097512 0.028529 -0.078627
v -0.115967 0.013000 -0.043098
v -0.024938 0.013000 -0.000650
v -0.026488 0.028529 -0.001373
v -0.031035 0.043000 -0.003493
v -0.038269 0.055426 -0.006866
v -0.047695 0.064962 -0.011262
v -0.058672 0.070956 -0.016381
v -0.070452 0.073000 -0.021874
v -0.082232 0.070956 -0.027367
v -0.093210 0.064962 -0.032486
v -0.102636 0.055426 -0.036881
v -0.109869 0.043000 -0.040254
v -0.114416 0.028529 -0.042375
v -0.099062 0.013000 -0.079350
v -0.008033 0.013000 -0.036902
v -0.024938 0.013000 -0.000650
v -0.115967 0.013000 -0.043098
v -0.008033 0.013000 -0.036902
v -0.009584 0.028529 -0.037625
v -0.026488 0.028529 -0.001373
v -0.024938 0.013000 -0.000650
v -0.009584 0.028529 -0.037625
v -0.014131 0.043000 -0.039746
v -0.031035 0.043000 -0.003493
v -0.026488 0.028529 -0.001373
v -0.014131 0.043000 -0.039746
v -0.021364 0.055426 -0.043119
v -0.038269 0.055426 -0.006866
v -0.031035 0.043000 -0.003493
v -0.021364 0.055426 -0.043119
v -0.030790 0.064962 -0.047514
v -0.047695 0.064962 -0.011262
v -0.038269 0.055426 -0.006866
v -0.030790 0.064962 -0.047514
v -0.041768 0.070956 -0.052633
v -0.058672 0.070956 -0.016381
v -0.047695 0.064962 -0.011262
v -0.041768 0.070956 -0.052633
v -0.053548 0.073000 -0.058126
v -0.070452 0.073000 -0.021874
v -0.058672 0.070956 -0.016381
v -0.053548 0.073000 -0.058126
v -0.065328 0.070956 -0.063619
v -0.082232 0.070956 -0.027367
v -0.070452 0.073000 -0.021874
v -0.065328 0.070956 -0.063619
v -0.076305 0.064962 -0.068738
v -0.093210 0.064962 -0.032486
v -0.082232 0.070956 -0.027367
v -0.076305 0.064962 -0.068738
v -0.085731 0.055426 -0.073134
v -0.102636 0.055426 -0.036881
v -0.093210 0.064962 -0.032486
v -0.085731 0.055426 -0.073134
v -0.092965 0.043000 -0.076507
v -0.109869 0.043000 -0.040254
v -0.102636 0.055426 -0.036881
v -0.092965 0.043000 -0.076507
v -0.097512 0.028529 -0.078627
v -0.114416 0.028529 -0.042375
v -0.109869 0.043000 -0.040254
v -0.097512 0.028529 -0.078627
v -0.099062 0.013000 -0.079350
v -0.115967 0.013000 -0.043098
v -0.114416 0.028529 -0.042375
v -0.002609 0.013000 -0.025578
v 0.079666 0.013000 -0.083188
v 0.078265 0.028529 -0.082207
v 0.074155 0.043000 -0.079329
v 0.067617 0.055426 -0.074751
v 0.059097 0.064962 -0.068786
v 0.049176 0.070956 -0.061838
v 0.038528 0.073000 -0.054383
v 0.027881 0.070956 -0.046928
v 0.017960 0.064962 -0.039981
v 0.009440 0.055426 -0.034015
v 0.002902 0.043000 -0.029437
v -0.001208 0.028529 -0.026560
v 0.020334 0.013000 0.007188
v 0.102609 0.013000 -0.050422
v 0.101208 0.028529 -0.049440
v 0.097098 0.043000 -0.046563
v 0.090560 0.055426 -0.041985
v 0.082040 0.064962 -0.036019
v 0.072119 0.070956 -0.029072
v 0.061472 0.073000 -0.021617
v 0.050824 0.070956 -0.014162
v 0.040903 0.064962 -0.007214
v 0.032383 0.055426 -0.001249
v 0.025845 0.043000 0.003329
v 0.021735 0.028529 0.006207
v -0.002609 0.013000 -0.025578
v 0.079666 0.013000 -0.083188
v 0.102609 0.013000 -0.050422
v 0.020334 0.013000 0.007188
v 0.079666 0.013000 -0.083188
v 0.078265 0.028529 -0.082207
v 0.101208 0.028529 -0.049440
v 0.102609 0.013000 -0.050422
v 0.078265 0.028529 -0.082207
v 0.074155 0.043000 -0.079329
v 0.097098 0.043000 -0.046563
v 0.101208 0.028529 -0.049440
v 0.074155 0.043000 -0.079329
v 0.067617 0.055426 -0.074751
v 0.090560 0.055426 -0.041985
v 0.097098 0.043000 -0.046563
v 0.067617 0.055426 -0.074751
v 0.059097 0.064962 -0.068786
v 0.082040 0.064962 -0.036019
v 0.090560 0.055426 -0.041985
v 0.059097 0.064962 -0.068786
v 0.049176 0.070956 -0.061838
v 0.072119 0.070956 -0.029072
v 0.082040 0.064962 -0.036019
v 0.049176 0.070956 -0.061838
v 0.038528 0.073000 -0.054383
v 0.061472 0.073000 -0.021617
v 0.072119 0.070956 -0.029072
v 0.038528 0.073000 -0.054383
v 0.027881 0.070956 -0.046928
v 0.050824 0.070956 -0.014162
v 0.061472 0.073000 -0.021617
v 0.027881 0.070956 -0.046928
v 0.017960 0.064962 -0.039981
v 0.040903 0.064962 -0.007214
v 0.050824 0.070956 -0.014162
v 0.017960 0.064962 -0.039981
v 0.009440 0.055426 -0.034015
v 0.032383 0.055426 -0.001249
v 0.040903 0.064962 -0.007214
v 0.009440 0.055426 -0.034015
v 0.002902 0.043000 -0.029437
v 0.025845 0.043000 0.003329
v 0.032383 0.055426 -0.001249
v 0.002902 0.043000 -0.029437
v -0.001208 0.028529 -0.026560
v 0.021735 0.028529 0.006207
v 0.025845 0.043000 0.003329
v -0.001208 0.028529 -0.026560
v -0.002609 0.013000 -0.025578
v 0.020334 0.013000 0.007188
v 0.021735 0.028529 0.006207
v -0.093281 0.013000 0.051878
v 0.004964 0.013000 0.030996
v 0.003291 0.028529 0.031352
v -0.001617 0.043000 0.032395
v -0.009423 0.055426 0.034054
v -0.019597 0.064962 0.036216
v -0.031444 0.070956 0.038735
v -0.044158 0.073000 0.041437
v -0.056872 0.070956 0.044139
v -0.068720 0.064962 0.046658
v -0.078893 0.055426 0.048820
v -0.086700 0.043000 0.050480
v -0.091607 0.028529 0.051523
v -0.084964 0.013000 0.091004
v 0.013281 0.013000 0.070122
v 0.011607 0.028529 0.070477
v 0.006700 0.043000 0.071520
v -0.001107 0.055426 0.073180
v -0.011280 0.064962 0.075342
v -0.023128 0.070956 0.077861
v -0.035842 0.073000 0.080563
v -0.048556 0.070956 0.083265
v -0.060403 0.064962 0.085784
v -0.070577 0.055426 0.087946
v -0.078383 0.043000 0.089605
v -0.083291 0.028529 0.090648
v -0.093281 0.013000 0.051878
v 0.004964 0.013000 0.030996
v 0.013281 0.013000 0.070122
v -0.084964 0.013000 0.091004
v 0.004964 0.013000 0.030996
v 0.003291 0.028529 0.031352
v 0.011607 0.028529 0.070477
v 0.013281 0.013000 0.070122
v 0.003291 0.028529 0.031352
v -0.001617 0.043000 0.032395
v 0.006700 0.043000 0.071520
v 0.011607 0.028529 0.070477
v -0.001617 0.043000 0.032395
v -0.009423 0.055426 0.034054
v -0.001107 0.055426 0.073180
v 0.006700 0.043000 0.071520
v -0.009423 0.055426 0.034054
v -0.019597 0.064962 0.036216
v -0.011280 0.064962 0.075342
v -0.001107 0.055426 0.073180
v -0.019597 0.064962 0.036216
v -0.031444 0.070956 0.038735
v -0.023128 0.070956 0.077861
v -0.011280 0.064962 0.075342
v -0.031444 0.070956 0.038735
v -0.044158 0.073000 0.041437
v -0.035842 0.073000 0.080563
v -0.023128 0.070956 0.077861
v -0.044158 0.073000 0.041437
v -0.056872 0.070956 0.044139
v -0.048556 0.070956 0.083265
v -0.035842 0.073000 0.080563
v -0.056872 0.070956 0.044139
v -0.068720 0.064962 0.046658
v -0.060403 0.064962 0.085784
v -0.048556 0.070956 0.083265
v -0.068720 0.064962 0.046658
v -0.078893 0.055426 0.048820
v -0.070577 0.055426 0.087946
v -0.060403 0.064962 0.085784
v -0.078893 0.055426 0.048820
v -0.086700 0.043000 0.050480
v -0.078383 0.043000 0.089605
v -0.070577 0.055426 0.087946
v -0.086700 0.043000 0.050480
v -0.091607 0.028529 0.051523
v -0.083291 0.028529 0.090648
v -0.078383 0.043000 0.089605
v -0.091607 0.028529 0.051523
v -0.093281 0.013000 0.051878
v -0.084964 0.013000 0.091004
v -0.083291 0.028529 0.090648
v 0.045334 0.038000 0.012812
v 0.127609 0.038000 0.070422
v 0.126208 0.053529 0.069440
v 0.122098 0.068000 0.066563
v 0.115560 0.080426 0.061985
v 0.107040 0.089962 0.056019
v 0.097119 0.095956 0.049072
v 0.086472 0.098000 0.041617
v 0.075824 0.095956 0.034162
v 0.065903 0.089962 0.027214
v 0.057383 0.080426 0.021249
v 0.050845 0.068000 0.016671
v 0.046735 0.053529 0.013793
v 0.022391 0.038000 0.045578
v 0.104666 0.038000 0.103188
v 0.103265 0.053529 0.102207
v 0.099155 0.068000 0.099329
v 0.092617 0.080426 0.094751
v 0.084097 0.089962 0.088786
v 0.074176 0.095956 0.081838
v 0.063528 0.098000 0.074383
v 0.052881 0.095956 0.066928
v 0.042960 0.089962 0.059981
v 0.034440 0.080426 0.054015
v 0.027902 0.068000 0.049437
v 0.023792 0.053529 0.046560
v 0.045334 0.038000 0.012812
v 0.127609 0.038000 0.070422
v 0.104666 0.038000 0.103188
v 0.022391 0.038000 0.045578
v 0.127609 0.038000 0.070422
v 0.126208 0.053529 0.069440
v 0.103265 0.053529 0.102207
v 0.104666 0.038000 0.103188
v 0.126208 0.053529 0.069440
v 0.122098 0.068000 0.066563
v 0.099155 0.068000 0.099329
v 0.103265 0.053529 0.102207
v 0.122098 0.068000 0.066563
v 0.115560 0.080426 0.061985
v 0.092617 0.080426 0.094751
v 0.099155 0.068000 0.099329
v 0.115560 0.080426 0.061985
v 0.107040 0.089962 0.056019
v 0.084097 0.089962 0.088786
v 0.092617 0.080426 0.094751
v 0.107040 0.089962 0.056019
v 0.097119 0.095956 0.049072
v 0.074176 0.095956 0.081838
v 0.084097 0.089962 0.088786
v 0.097119 0.095956 0.049072
v 0.086472 0.098000 0.041617
v 0.063528 0.098000 0.074383
v 0.074176 0.095956 0.081838
v 0.086472 0.098000 0.041617
v 0.075824 0.095956 0.034162
v 0.052881 0.095956 0.066928
v 0.063528 0.098000 0.074383
v 0.075824 0.095956 0.034162
v 0.065903 0.089962 0.027214
v 0.042960 0.089962 0.059981
v 0.052881 0.095956 0.066928
v 0.065903 0.089962 0.027214
v 0.057383 0.080426 0.021249
v 0.034440 0.080426 0.054015
v 0.042960 0.089962 0.059981
v 0.057383 0.080426 0.021249
v 0.050845 0.068000 0.016671
v 0.027902 0.068000 0.049437
v 0.034440 0.080426 0.054015
v 0.050845 0.068000 0.016671
v 0.046735 0.053529 0.013793
v 0.023792 0.053529 0.046560
v 0.027902 0.068000 0.049437
v 0.046735 0.053529 0.013793
v 0.045334 0.038000 0.012812
v 0.022391 0.038000 0.045578
v 0.023792 0.053529 0.046560
vn 0.275647 -0.647391 -0.710566
vn 0.409145 -0.889451 -0.203661
vn 0.813228 0.131380 -0.566922
vn 0.778057 0.245859 -0.578083
vn 0.716834 0.364030 -0.594669
vn 0.620302 0.485645 -0.615934
vn 0.474672 0.605321 -0.638963
vn 0.265054 0.706621 -0.656074
vn -0.010240 0.757009 -0.653324
vn -0.316525 0.719669 -0.617971
vn -0.587797 0.588318 -0.555317
vn -0.776815 0.396612 -0.489139
vn -0.878639 0.182183 -0.441364
vn -0.497792 -0.380197 0.779521
vn -0.011817 -0.978508 0.205869
vn 0.098998 0.094234 0.990616
vn 0.078736 0.210412 0.974437
vn 0.038197 0.331912 0.942537
vn -0.027961 0.459417 0.887780
vn -0.127046 0.589135 0.797984
vn -0.265054 0.706621 0.656074
vn -0.436843 0.779636 0.448705
vn -0.613972 0.766186 0.189727
vn -0.755557 0.651646 -0.067018
vn -0.843394 0.467495 -0.264830
vn -0.888099 0.255248 -0.382267
vn 0.275647 -0.647391 -0.710566
vn 0.409145 -0.889451 -0.203661
vn -0.011817 -0.978508 0.205869
vn -0.497792 -0.380197 0.779521
vn 0.409145 -0.889451 -0.203661
vn 0.813228 0.131380 -0.566922
vn 0.098998 0.094234 0.990616
vn -0.011817 -0.978508 0.205869
vn 0.813228 0.131380 -0.566922
vn 0.778057 0.245859 -0.578083
vn 0.078736 0.210412 0.974437
vn 0.098998 0.094234 0.990616
vn 0.778057 0.245859 -0.578083
vn 0.716834 0.364030 -0.594669
vn 0.038197 0.331912 0.942537
vn 0.078736 0.210412 0.974437
vn 0.716834 0.364030 -0.594669
vn 0.620302 0.485645 -0.615934
vn -0.027961 0.459417 0.887780
vn 0.038197 0.331912 0.942537
vn 0.620302 0.485645 -0.615934
vn 0.474672 0.605321 -0.638963
vn -0.127046 0.589135 0.797984
vn -0.027961 0.459417 0.887780
vn 0.474672 0.605321 -0.638963
vn 0.265054 0.706621 -0.656074
vn -0.265054 0.706621 0.656074
vn -0.127046 0.589135 0.797984
vn 0.265054 0.706621 -0.656074
vn -0.010240 0.757009 -0.653324
vn -0.436843 0.779636 0.448705
vn -0.265054 0.706621 0.656074
vn -0.010240 0.757009 -0.653324
vn -0.316525 0.719669 -0.617971
vn -0.613972 0.766186 0.189727
vn -0.436843 0.779636 0.448705
vn -0.316525 0.719669 -0.617971
vn -0.587797 0.588318 -0.555317
vn -0.755557 0.651646 -0.067018
vn -0.613972 0.766186 0.189727
vn -0.587797 0.588318 -0.555317
vn -0.776815 0.396612 -0.489139
vn -0.843394 0.467495 -0.264830
vn -0.755557 0.651646 -0.067018
vn -0.776815 0.396612 -0.489139
vn -0.878639 0.182183 -0.441364
vn -0.888099 0.255248 -0.382267
vn -0.843394 0.467495 -0.264830
vn -0.878639 0.182183 -0.441364
vn 0.275647 -0.647391 -0.710566
vn -0.497792 -0.380197 0.779521
vn -0.888099 0.255248 -0.382267
vn -0.477544 -0.647391 -0.594000
vn 0.028197 -0.889451 -0.456160
vn -0.084355 0.131380 -0.987737
vn -0.111606 0.245859 -0.962859
vn -0.156581 0.364030 -0.918131
vn -0.223263 0.485645 -0.845164
vn -0.316022 0.605321 -0.730559
vn -0.435650 0.706621 -0.557580
vn -0.570916 0.757009 -0.317794
vn -0.693441 0.719669 -0.034866
vn -0.774817 0.588318 0.231389
vn -0.812014 0.396612 0.428172
vn -0.821552 0.182183 0.540242
vn 0.426189 -0.380197 0.820861
vn 0.172379 -0.978508 0.113168
vn 0.907397 0.094234 0.409573
vn 0.883255 0.210412 0.419031
vn 0.835359 0.331912 0.438188
vn 0.754860 0.459417 0.468105
vn 0.627552 0.589135 0.509017
vn 0.435650 0.706621 0.557580
vn 0.170169 0.779636 0.602670
vn -0.142678 0.766186 0.626579
vn -0.435818 0.651646 0.620823
vn -0.651046 0.467495 0.597986
vn -0.775103 0.255248 0.577983
vn -0.477544 -0.647391 -0.594000
vn 0.028197 -0.889451 -0.456160
vn 0.172379 -0.978508 0.113168
vn 0.426189 -0.380197 0.820861
vn 0.028197 -0.889451 -0.456160
vn -0.084355 0.131380 -0.987737
vn 0.907397 0.094234 0.409573
vn 0.172379 -0.978508 0.113168
vn -0.084355 0.131380 -0.987737
vn -0.111606 0.245859 -0.962859
vn 0.883255 0.210412 0.419031
vn 0.907397 0.094234 0.409573
vn -0.111606 0.245859 -0.962859
vn -0.156581 0.364030 -0.918131
vn 0.835359 0.331912 0.438188
vn 0.883255 0.210412 0.419031
vn -0.156581 0.364030 -0.918131
vn -0.223263 0.485645 -0.845164
vn 0.754860 0.459417 0.468105
vn 0.835359 0.331912 0.438188
vn -0.223263 0.485645 -0.845164
vn -0.316022 0.605321 -0.730559
vn 0.627552 0.589135 0.509017
vn 0.754860 0.459417 0.468105
vn -0.316022 0.605321 -0.730559
vn -0.435650 0.706621 -0.557580
vn 0.435650 0.706621 0.557580
vn 0.627552 0.589135 0.509017
vn -0.435650 0.706621 -0.557580
vn -0.570916 0.757009 -0.317794
vn 0.170169 0.779636 0.602670
vn 0.435650 0.706621 0.557580
vn -0.570916 0.757009 -0.317794
vn -0.693441 0.719669 -0.034866
vn -0.142678 0.766186 0.626579
vn 0.170169 0.779636 0.602670
vn -0.693441 0.719669 -0.034866
vn -0.774817 0.588318 0.231389
vn -0.435818 0.651646 0.620823
vn -0.142678 0.766186 0.626579
vn -0.774817 0.588318 0.231389
vn -0.812014 0.396612 0.428172
vn -0.651046 0.467495 0.597986
vn -0.435818 0.651646 0.620823
vn -0.812014 0.396612 0.428172
vn -0.821552 0.182183 0.540242
vn -0.775103 0.255248 0.577983
vn -0.651046 0.467495 0.597986
vn -0.821552 0.182183 0.540242
vn -0.477544 -0.647391 -0.594000
vn 0.426189 -0.380197 0.820861
vn -0.775103 0.255248 0.577983
vn -0.207488 -0.647391 -0.733372
vn 0.204191 -0.889451 -0.408880
vn 0.308291 0.131380 -0.942176
vn 0.273485 0.245859 -0.929924
vn 0.214609 0.364030 -0.906325
vn 0.124717 0.485645 -0.865214
vn -0.005448 0.605321 -0.795963
vn -0.183154 0.706621 -0.683477
vn -0.401359 0.757009 -0.515605
vn -0.624692 0.719669 -0.303044
vn -0.803633 0.588318 -0.089751
vn -0.914763 0.396612 0.076855
vn -0.967332 0.182183 0.176290
vn 0.071573 -0.380197 0.922132
vn 0.114457 -0.978508 0.171526
vn 0.675230 0.094234 0.731563
vn 0.649312 0.210412 0.730835
vn 0.597738 0.331912 0.729756
vn 0.511949 0.459417 0.725840
vn 0.378776 0.589135 0.713757
vn 0.183154 0.706621 0.683477
vn -0.078841 0.779636 0.621251
vn -0.376160 0.766186 0.521021
vn -0.643747 0.651646 0.401183
vn -0.832943 0.467495 0.296065
vn -0.939322 0.255248 0.229179
vn -0.207488 -0.647391 -0.733372
vn 0.204191 -0.889451 -0.408880
vn 0.114457 -0.978508 0.171526
vn 0.071573 -0.380197 0.922132
vn 0.204191 -0.889451 -0.408880
vn 0.308291 0.131380 -0.942176
vn 0.675230 0.094234 0.731563
vn 0.114457 -0.978508 0.171526
vn 0.308291 0.131380 -0.942176
vn 0.273485 0.245859 -0.929924
vn 0.649312 0.210412 0.730835
vn 0.675230 0.094234 0.731563
vn 0.273485 0.245859 -0.929924
vn 0.214609 0.364030 -0.906325
vn 0.597738 0.331912 0.729756
vn 0.649312 0.210412 0.730835
vn 0.214609 0.364030 -0.906325
vn 0.124717 0.485645 -0.865214
vn 0.511949 0.459417 0.725840
vn 0.597738 0.331912 0.729756
vn 0.124717 0.485645 -0.865214
vn -0.005448 0.605321 -0.795963
vn 0.378776 0.589135 0.713757
vn 0.511949 0.459417 0.725840
vn -0.005448 0.605321 -0.795963
vn -0.183154 0.706621 -0.683477
vn 0.183154 0.706621 0.683477
vn 0.378776 0.589135 0.713757
vn -0.183154 0.706621 -0.683477
vn -0.401359 0.757009 -0.515605
vn -0.078841 0.779636 0.621251
vn 0.183154 0.706621 0.683477
vn -0.401359 0.757009 -0.515605
vn -0.624692 0.719669 -0.303044
vn -0.376160 0.766186 0.521021
vn -0.078841 0.779636 0.621251
vn -0.624692 0.719669 -0.303044
vn -0.803633 0.588318 -0.089751
vn -0.643747 0.651646 0.401183
vn -0.376160 0.766186 0.521021
vn -0.803633 0.588318 -0.089751
vn -0.914763 0.396612 0.076855
vn -0.832943 0.467495 0.296065
vn -0.643747 0.651646 0.401183
vn -0.914763 0.396612 0.076855
vn -0.967332 0.182183 0.176290
vn -0.939322 0.255248 0.229179
vn -0.832943 0.467495 0.296065
vn -0.967332 0.182183 0.176290
vn -0.207488 -0.647391 -0.733372
vn 0.071573 -0.380197 0.922132
vn -0.939322 0.255248 0.229179
vn 0.394848 -0.647391 -0.651905
vn 0.438294 -0.889451 -0.129520
vn 0.899318 0.131380 -0.417093
vn 0.866620 0.245859 -0.434193
vn 0.809207 0.364030 -0.461157
vn 0.717834 0.485645 -0.498862
vn 0.578415 0.605321 -0.546829
vn 0.374953 0.706621 -0.600080
vn 0.103364 0.757009 -0.645177
vn -0.204407 0.719669 -0.663546
vn -0.482437 0.588318 -0.648950
vn -0.680075 0.396612 -0.616600
vn -0.788649 0.182183 -0.587233
vn -0.625592 -0.380197 0.681238
vn -0.047386 -0.978508 0.200689
vn -0.074525 0.094234 0.992757
vn -0.091669 0.210412 0.973306
vn -0.126053 0.331912 0.934850
vn -0.181698 0.459417 0.869438
vn -0.263684 0.589135 0.763800
vn -0.374953 0.706621 0.600080
vn -0.508123 0.779636 0.366031
vn -0.637590 0.766186 0.080230
vn -0.732441 0.651646 -0.197201
vn -0.784594 0.467495 -0.407260
vn -0.808227 0.255248 -0.530677
vn 0.394848 -0.647391 -0.651905
vn 0.438294 -0.889451 -0.129520
vn -0.047386 -0.978508 0.200689
vn -0.625592 -0.380197 0.681238
vn 0.438294 -0.889451 -0.129520
vn 0.899318 0.131380 -0.417093
vn -0.074525 0.094234 0.992757
vn -0.047386 -0.978508 0.200689
vn 0.899318 0.131380 -0.417093
vn 0.866620 0.245859 -0.434193
vn -0.091669 0.210412 0.973306
vn -0.074525 0.094234 0.992757
vn 0.866620 0.245859 -0.434193
vn 0.809207 0.364030 -0.461157
vn -0.126053 0.331912 0.934850
vn -0.091669 0.210412 0.973306
vn 0.809207 0.364030 -0.461157
vn 0.717834 0.485645 -0.498862
vn -0.181698 0.459417 0.869438
vn -0.126053 0.331912 0.934850
vn 0.717834 0.485645 -0.498862
vn 0.578415 0.605321 -0.546829
vn -0.263684 0.589135 0.763800
vn -0.181698 0.459417 0.869438
vn 0.578415 0.605321 -0.546829
vn 0.374953 0.706621 -0.600080
vn -0.374953 0.706621 0.600080
vn -0.263684 0.589135 0.763800
vn 0.374953 0.706621 -0.600080
vn 0.103364 0.757009 -0.645177
vn -0.508123 0.779636 0.366031
vn -0.374953 0.706621 0.600080
vn 0.103364 0.757009 -0.645177
vn -0.204407 0.719669 -0.663546
vn -0.637590 0.766186 0.080230
vn -0.508123 0.779636 0.366031
vn -0.204407 0.719669 -0.663546
vn -0.482437 0.588318 -0.648950
vn -0.732441 0.651646 -0.197201
vn -0.637590 0.766186 0.080230
vn -0.482437 0.588318 -0.648950
vn -0.680075 0.396612 -0.616600
vn -0.784594 0.467495 -0.407260
vn -0.732441 0.651646 -0.197201
vn -0.680075 0.396612 -0.616600
vn -0.788649 0.182183 -0.587233
vn -0.808227 0.255248 -0.530677
vn -0.784594 0.467495 -0.407260
vn -0.788649 0.182183 -0.587233
vn 0.394848 -0.647391 -0.651905
vn -0.625592 -0.380197 0.681238
vn -0.808227 0.255248 -0.530677
f 315//315 314//314 313//313
f 316//316 315//315 313//313
f 317//317 316//316 313//313
f 318//318 317//317 313//313
f 319//319 318//318 313//313
f 320//320 319//319 313//313
f 321//321 320//320 313//313
f 322//322 321//321 313//313
f 323//323 322//322 313//313
f 324//324 323//323 313//313
f 325//325 324//324 313//313
f 326//326 327//327 328//328
f 326//326 328//328 329//329
f 326//326 329//329 330//330
f 326//326 330//330 331//331
f 326//326 331//331 332//332
f 326//326 332//332 333//333
f 326//326 333//333 334//334
f 326//326 334//334 335//335
f 326//326 335//335 336//336
f 326//326 336//336 337//337
f 326//326 337//337 338//338
f 339//339 340//340 341//341
f 339//339 341//341 342//342
f 343//343 344//344 345//345
f 343//343 345//345 346//346
f 347//347 348//348 349//349
f 347//347 349//349 350//350
f 351//351 352//352 353//353
f 351//351 353//353 354//354
f 355//355 356//356 357//357
f 355//355 357//357 358//358
f 359//359 360//360 361//361
f 359//359 361//361 362//362
f 363//363 364//364 365//365
f 363//363 365//365 366//366
f 367//367 368//368 369//369
f 367//367 369//369 370//370
f 371//371 372//372 373//373
f 371//371 373//373 374//374
f 375//375 376//376 377//377
f 375//375 377//377 378//378
f 379//379 380//380 381//381
f 379//379 381//381 382//382
f 383//383 384//384 385//385
f 383//383 385//385 386//386
f 387//387 388//388 389//389
f 387//387 389//389 390//390
f 393//393 392//392 391//391
f 394//394 393//393 391//391
f 395//395 394//394 391//391
f 396//396 395//395 391//391
f 397//397 396//396 391//391
f 398//398 397//397 391//391
f 399//399 398//398 391//391
f 400//400 399//399 391//391
f 401//401 400//400 391//391
f 402//402 401//401 391//391
f 403//403 402//402 391//391
f 404//404 405//405 406//406
f 404//404 406//406 407//407
f 404//404 407//407 408//408
f 404//404 408//408 409//409
f 404//404 409//409 410//410
f 404//404 410//410 411//411
f 404//404 411//411 412//412
f 404//404 412//412 413//413
f 404//404 413//413 414//414
f 404//404 414//414 415//415
f 404//404 415//415 416//416
f 417//417 418//418 419//419
f 417//417 419//419 420//420
f 421//421 422//422 423//423
f 421//421 423//423 424//424
f 425//425 426//426 427//427
f 425//425 427//427 428//428
f 429//429 430//430 431//431
f 429//429 431//431 432//432
f 433//433 434//434 435//435
f 433//433 435//435 436//436
f 437//437 438//438 439//439
f 437//437 439//439 440//440
f 441//441 442//442 443//443
f 441//441 443//443 444//444
f 445//445 446//446 447//447
f 445//445 447//447 448//448
f 449//449 450//450 451//451
f 449//449 451//451 452//452
f 453//453 454//454 455//455
f 453//453 455//455 456//456
f 457//457 458//458 459//459
f 457//457 459//459 460//460
f 461//461 462//462 463//463
f 461//461 463//463 464//464
f 465//465 466//466 467//467
f 465//465 467//467 468//468
f 471//471 470//470 469//469
f 472//472 471//471 469//469
f 473//473 472//472 469//469
f 474//474 473//473 469//469
f 475//475 474//474 469//469
f 476//476 475//475 469//469
f 477//477 476//476 469//469
f 478//478 477//477 469//469
f 479//479 478//478 469//469
f 480//480 479//479 469//469
f 481//481 480//480 469//469
f 482//482 483//483 484//484
f 482//482 484//484 485//485
f 482//482 485//485 486//486
f 482//482 486//486 487//487
f 482//482 487//487 488//488
f 482//482 488//488 489//489
f 482//482 489//489 490//490
f 482//482 490//490 491//491
f 482//482 491//491 492//492
f 482//482 492//492 493//493
f 482//482 493//493 494//494
f 495//495 496//496 497//497
f 495//495 497//497 498//498
f 499//499 500//500 501//501
f 499//499 501//501 502//502
f 503//503 504//504 505//505
f 503//503 505//505 506//506
f 507//507 508//508 509//509
f 507//507 509//509 510//510
f 511//511 512//512 513//513
f 511//511 513//513 514//514
f 515//515 516//516 517//517
f 515//515 517//517 518//518
f 519//519 520//520 521//521
f 519//519 521//521 522//522
f 523//523 524//524 525//525
f 523//523 525//525 526//526
f 527//527 528//528 529//529
f 527//527 529//529 530//530
f 531//531 532//532 533//533
f 531//531 533//533 534//534
f 535//535 536//536 537//537
f 535//535 537//537 538//538
f 539//539 540//540 541//541
f 539//539 541//541 542//542
f 543//543 544//544 545//545
f 543//543 545//545 546//546
f 549//549 548//548 547//547
f 550//550 549//549 547//547
f 551//551 550//550 547//547
f 552//552 551//551 547//547
f 553//553 552//552 547//547
f 554//554 553//553 547//547
f 555//555 554//554 547//547
f 556//556 555//555 547//547
f 557//557 556//556 547//547
f 558//558 557//557 547//547
f 559//559 558//558 547//547
f 560//560 561//561 562//562
f 560//560 562//562 563//563
f 560//560 563//563 564//564
f 560//560 564//564 565//565
f 560//560 565//565 566//566
f 560//560 566//566 567//567
f 560//560 567//567 568//568
f 560//560 568//568 569//569
f 560//560 569//569 570//570
f 560//560 570//570 571//571
f 560//560 571//571 572//572
f 573//573 574//574 575//575
f 573//573 575//575 576//576
f 577//577 578//578 579//579
f 577//577 579//579 580//580
f 581//581 582//582 583//583
f 581//581 583//583 584//584
f 585//585 586//586 587//587
f 585//585 587//587 588//588
f 589//589 590//590 591//591
f 589//589 591//591 592//592
f 593//593 594//594 595//595
f 593//593 595//595 596//596
f 597//597 598//598 599//599
f 597//597 599//599 600//600
f 601//601 602//602 603//603
f 601//601 603//603 604//604
f 605//605 606//606 607//607
f 605//605 607//607 608//608
f 609//609 610//610 611//611
f 609//609 611//611 612//612
f 613//613 614//614 615//615
f 613//613 615//615 616//616
f 617//617 618//618 619//619
f 617//617 619//619 620//620
f 621//621 622//622 623//623
f 621//621 623//623 624//624
o tomato-chopped_seed
usemtl seed
v -0.087546 0.045876 -0.027638
v -0.087546 0.045876 -0.027638
v -0.087546 0.045876 -0.027638
v -0.087546 0.045876 -0.027638
v -0.087546 0.045876 -0.027638
v -0.087546 0.045876 -0.027638
v -0.087546 0.045876 -0.027638
v -0.087546 0.045876 -0.027638
v -0.087546 0.045876 -0.027638
v -0.087546 0.045876 -0.027638
v -0.087546 0.045876 -0.027638
v -0.087546 0.045876 -0.027638
v -0.087546 0.045876 -0.027638
v -0.087546 0.045876 -0.027638
v -0.087546 0.045876 -0.027638
v -0.087546 0.045876 -0.027638
v -0.087546 0.045876 -0.027638
v -0.087546 0.045876 -0.027638
v -0.087546 0.045876 -0.027638
v -0.087546 0.045876 -0.027638
v -0.087546 0.045876 -0.027638
v -0.086215 0.044739 -0.027017
v -0.086389 0.044777 -0.026834
v -0.086692 0.044886 -0.026736
v -0.087094 0.045055 -0.026734
v -0.087555 0.045269 -0.026828
v -0.088031 0.045505 -0.027007
v -0.088475 0.045742 -0.027256
v -0.088843 0.045955 -0.027550
v -0.089100 0.046125 -0.027859
v -0.089220 0.046233 -0.028154
v -0.089191 0.046271 -0.028405
v -0.089017 0.046233 -0.028589
v -0.088714 0.046125 -0.028686
v -0.088312 0.045955 -0.028688
v -0.087851 0.045742 -0.028595
v -0.087375 0.045505 -0.028415
v -0.086931 0.045269 -0.028166
v -0.086563 0.045055 -0.027873
v -0.086306 0.044886 -0.027563
v -0.086186 0.044777 -0.027269
v -0.086215 0.044739 -0.027017
v -0.085287 0.042939 -0.026585
v -0.085624 0.043012 -0.026230
v -0.086209 0.043222 -0.026042
v -0.086985 0.043549 -0.026038
v -0.087877 0.043962 -0.026218
v -0.088796 0.044419 -0.026566
v -0.089653 0.044876 -0.027047
v -0.090365 0.045288 -0.027613
v -0.090861 0.045615 -0.028211
v -0.091092 0.045825 -0.028780
v -0.091037 0.045898 -0.029266
v -0.090700 0.045825 -0.029620
v -0.090115 0.045615 -0.029809
v -0.089339 0.045288 -0.029813
v -0.088448 0.044876 -0.029633
v -0.087528 0.044419 -0.029285
v -0.086671 0.043962 -0.028804
v -0.085960 0.043549 -0.028237
v -0.085464 0.043222 -0.027640
v -0.085232 0.043012 -0.027070
v -0.085287 0.042939 -0.026585
v -0.084827 0.040598 -0.026370
v -0.085303 0.040701 -0.025869
v -0.086130 0.040998 -0.025602
v -0.087228 0.041461 -0.025596
v -0.088489 0.042044 -0.025852
v -0.089789 0.042690 -0.026343
v -0.091002 0.043337 -0.027023
v -0.092008 0.043920 -0.027825
v -0.092709 0.044383 -0.028670
v -0.093036 0.044680 -0.029475
v -0.092958 0.044782 -0.030162
v -0.092482 0.044680 -0.030663
v -0.091655 0.044383 -0.030930
v -0.090557 0.043920 -0.030936
v -0.089296 0.043337 -0.030680
v -0.087996 0.042690 -0.030188
v -0.086784 0.042044 -0.029509
v -0.085778 0.041461 -0.028707
v -0.085076 0.040998 -0.027862
v -0.084749 0.040701 -0.027057
v -0.084827 0.040598 -0.026370
v -0.084865 0.037876 -0.026388
v -0.085448 0.038001 -0.025774
v -0.086461 0.038365 -0.025447
v -0.087806 0.038932 -0.025440
v -0.089350 0.039646 -0.025753
v -0.090943 0.040438 -0.026355
v -0.092428 0.041230 -0.027188
v -0.093660 0.041944 -0.028170
v -0.094518 0.042511 -0.029204
v -0.094920 0.042874 -0.030190
v -0.094824 0.043000 -0.031032
v -0.094241 0.042874 -0.031646
v -0.093228 0.042511 -0.031972
v -0.091883 0.041944 -0.031980
v -0.090339 0.041230 -0.031667
v -0.088747 0.040438 -0.031064
v -0.087262 0.039646 -0.030232
v -0.086029 0.038932 -0.029250
v -0.085171 0.038365 -0.028215
v -0.084770 0.038001 -0.027229
v -0.084865 0.037876 -0.026388
v -0.085399 0.034957 -0.026637
v -0.086050 0.035097 -0.025952
v -0.087180 0.035503 -0.025588
v -0.088679 0.036135 -0.025580
v -0.090402 0.036932 -0.025929
v -0.092178 0.037815 -0.026600
v -0.093834 0.038698 -0.027529
v -0.095208 0.039494 -0.028624
v -0.096166 0.040127 -0.029778
v -0.096614 0.040533 -0.030878
v -0.096507 0.040672 -0.031817
v -0.095857 0.040533 -0.032501
v -0.094726 0.040127 -0.032866
v -0.093227 0.039494 -0.032874
v -0.091505 0.038698 -0.032525
v -0.089728 0.037815 -0.031853
v -0.088072 0.036932 -0.030924
v -0.086698 0.036135 -0.029829
v -0.085740 0.035503 -0.028675
v -0.085293 0.035097 -0.027575
v -0.085399 0.034957 -0.026637
v -0.086393 0.032042 -0.027100
v -0.087066 0.032186 -0.026391
v -0.088236 0.032607 -0.026014
v -0.089789 0.033261 -0.026006
v -0.091572 0.034086 -0.026367
v -0.093411 0.035000 -0.027063
v -0.095125 0.035914 -0.028024
v -0.096548 0.036739 -0.029158
v -0.097540 0.037393 -0.030352
v -0.098003 0.037814 -0.031491
v -0.097892 0.037958 -0.032463
v -0.097219 0.037814 -0.033172
v -0.096049 0.037393 -0.033549
v -0.094497 0.036739 -0.033557
v -0.092714 0.035914 -0.033196
v -0.090875 0.035000 -0.032500
v -0.089160 0.034086 -0.031539
v -0.087737 0.033261 -0.030405
v -0.086746 0.032607 -0.029210
v -0.086283 0.032186 -0.028072
v -0.086393 0.032042 -0.027100
v -0.087778 0.029328 -0.027746
v -0.088429 0.029467 -0.027062
v -0.089559 0.029873 -0.026697
v -0.091059 0.030506 -0.026689
v -0.092781 0.031302 -0.027038
v -0.094557 0.032185 -0.027710
v -0.096213 0.033068 -0.028639
v -0.097588 0.033865 -0.029734
v -0.098545 0.034497 -0.030888
v -0.098993 0.034903 -0.031988
v -0.098886 0.035043 -0.032926
v -0.098236 0.034903 -0.033611
v -0.097106 0.034497 -0.033975
v -0.095606 0.033865 -0.033983
v -0.093884 0.033068 -0.033634
v -0.092108 0.032185 -0.032962
v -0.090451 0.031302 -0.032034
v -0.089077 0.030506 -0.030939
v -0.088119 0.029873 -0.029785
v -0.087672 0.029467 -0.028685
v -0.087778 0.029328 -0.027746
v -0.089461 0.027000 -0.028531
v -0.090044 0.027126 -0.027917
v -0.091058 0.027489 -0.027591
v -0.092402 0.028056 -0.027583
v -0.093946 0.028770 -0.027896
v -0.095539 0.029562 -0.028498
v -0.097024 0.030354 -0.029331
v -0.098256 0.031068 -0.030313
v -0.099115 0.031635 -0.031348
v -0.099516 0.031999 -0.032334
v -0.099420 0.032124 -0.033175
v -0.098837 0.031999 -0.033789
v -0.097824 0.031635 -0.034116
v -0.096479 0.031068 -0.034123
v -0.094935 0.030354 -0.033810
v -0.093343 0.029562 -0.033208
v -0.091858 0.028770 -0.032375
v -0.090626 0.028056 -0.031393
v -0.089767 0.027489 -0.030359
v -0.089366 0.027126 -0.029372
v -0.089461 0.027000 -0.028531
v -0.091327 0.025218 -0.029401
v -0.091803 0.025320 -0.028900
v -0.092630 0.025617 -0.028633
v -0.093728 0.026080 -0.028627
v -0.094989 0.026663 -0.028883
v -0.096289 0.027310 -0.029374
v -0.097502 0.027956 -0.030054
v -0.098508 0.028539 -0.030856
v -0.099209 0.029002 -0.031701
v -0.099536 0.029299 -0.032506
v -0.099458 0.029402 -0.033193
v -0.098982 0.029299 -0.033694
v -0.098155 0.029002 -0.033961
v -0.097057 0.028539 -0.033967
v -0.095796 0.027956 -0.033711
v -0.094496 0.027310 -0.033220
v -0.093284 0.026663 -0.032540
v -0.092278 0.026080 -0.031738
v -0.091577 0.025617 -0.030893
v -0.091249 0.025320 -0.030088
v -0.091327 0.025218 -0.029401
v -0.093248 0.024102 -0.030297
v -0.093585 0.024175 -0.029943
v -0.094170 0.024385 -0.029754
v -0.094946 0.024712 -0.029750
v -0.095838 0.025124 -0.029930
v -0.096757 0.025581 -0.030278
v -0.097614 0.026038 -0.030759
v -0.098326 0.026451 -0.031326
v -0.098822 0.026778 -0.031923
v -0.099053 0.026988 -0.032492
v -0.098998 0.027061 -0.032978
v -0.098661 0.026988 -0.033333
v -0.098076 0.026778 -0.033521
v -0.097300 0.026451 -0.033525
v -0.096409 0.026038 -0.033345
v -0.095489 0.025581 -0.032997
v -0.094632 0.025124 -0.032516
v -0.093920 0.024712 -0.031949
v -0.093425 0.024385 -0.031352
v -0.093193 0.024175 -0.030783
v -0.093248 0.024102 -0.030297
v -0.095094 0.023729 -0.031158
v -0.095268 0.023767 -0.030974
v -0.095571 0.023875 -0.030877
v -0.095973 0.024045 -0.030874
v -0.096435 0.024258 -0.030968
v -0.096910 0.024495 -0.031148
v -0.097354 0.024731 -0.031397
v -0.097723 0.024945 -0.031690
v -0.097979 0.025114 -0.031999
v -0.098099 0.025223 -0.032294
v -0.098070 0.025261 -0.032546
v -0.097896 0.025223 -0.032729
v -0.097593 0.025114 -0.032827
v -0.097192 0.024945 -0.032829
v -0.096730 0.024731 -0.032735
v -0.096254 0.024495 -0.032555
v -0.095810 0.024258 -0.032307
v -0.095442 0.024045 -0.032013
v -0.095186 0.023875 -0.031704
v -0.095066 0.023767 -0.031409
v -0.095094 0.023729 -0.031158
v -0.096739 0.024124 -0.031925
v -0.096739 0.024124 -0.031925
v -0.096739 0.024124 -0.031925
v -0.096739 0.024124 -0.031925
v -0.096739 0.024124 -0.031925
v -0.096739 0.024124 -0.031925
v -0.096739 0.024124 -0.031925
v -0.096739 0.024124 -0.031925
v -0.096739 0.024124 -0.031925
v -0.096739 0.024124 -0.031925
v -0.096739 0.024124 -0.031925
v -0.096739 0.024124 -0.031925
v -0.096739 0.024124 -0.031925
v -0.096739 0.024124 -0.031925
v -0.096739 0.024124 -0.031925
v -0.096739 0.024124 -0.031925
v -0.096739 0.024124 -0.031925
v -0.096739 0.024124 -0.031925
v -0.096739 0.024124 -0.031925
v -0.096739 0.024124 -0.031925
v -0.096739 0.024124 -0.031925
v -0.071298 0.056000 -0.020061
v -0.071298 0.056000 -0.020061
v -0.071298 0.056000 -0.020061
v -0.071298 0.056000 -0.020061
v -0.071298 0.056000 -0.020061
v -0.071298 0.056000 -0.020061
v -0.071298 0.056000 -0.020061
v -0.071298 0.056000 -0.020061
v -0.071298 0.056000 -0.020061
v -0.071298 0.056000 -0.020061
v -0.071298 0.056000 -0.020061
v -0.071298 0.056000 -0.020061
v -0.071298 0.056000 -0.020061
v -0.071298 0.056000 -0.020061
v -0.071298 0.056000 -0.020061
v -0.071298 0.056000 -0.020061
v -0.071298 0.056000 -0.020061
v -0.071298 0.056000 -0.020061
v -0.071298 0.056000 -0.020061
v -0.071298 0.056000 -0.020061
v -0.071298 0.056000 -0.020061
v -0.069656 0.055591 -0.019296
v -0.069837 0.055591 -0.019116
v -0.070162 0.055591 -0.019028
v -0.070598 0.055591 -0.019042
v -0.071102 0.055591 -0.019155
v -0.071626 0.055591 -0.019358
v -0.072117 0.055591 -0.019629
v -0.072528 0.055591 -0.019942
v -0.072819 0.055591 -0.020267
v -0.072961 0.055591 -0.020572
v -0.072940 0.055591 -0.020827
v -0.072758 0.055591 -0.021007
v -0.072433 0.055591 -0.021094
v -0.071997 0.055591 -0.021081
v -0.071493 0.055591 -0.020967
v -0.070969 0.055591 -0.020765
v -0.070478 0.055591 -0.020494
v -0.070067 0.055591 -0.020180
v -0.069776 0.055591 -0.019855
v -0.069635 0.055591 -0.019550
v -0.069656 0.055591 -0.019296
v -0.068126 0.054392 -0.018582
v -0.068477 0.054392 -0.018234
v -0.069104 0.054392 -0.018065
v -0.069946 0.054392 -0.018092
v -0.070920 0.054392 -0.018311
v -0.071932 0.054392 -0.018702
v -0.072881 0.054392 -0.019225
v -0.073675 0.054392 -0.019831
v -0.074236 0.054392 -0.020459
v -0.074510 0.054392 -0.021048
v -0.074470 0.054392 -0.021540
v -0.074119 0.054392 -0.021888
v -0.073491 0.054392 -0.022057
v -0.072649 0.054392 -0.022030
v -0.071675 0.054392 -0.021811
v -0.070664 0.054392 -0.021421
v -0.069714 0.054392 -0.020897
v -0.068920 0.054392 -0.020292
v -0.068359 0.054392 -0.019664
v -0.068085 0.054392 -0.019075
v -0.068126 0.054392 -0.018582
v -0.066812 0.052485 -0.017969
v -0.067308 0.052485 -0.017478
v -0.068195 0.052485 -0.017239
v -0.069386 0.052485 -0.017276
v -0.070764 0.052485 -0.017586
v -0.072194 0.052485 -0.018139
v -0.073536 0.052485 -0.018879
v -0.074660 0.052485 -0.019735
v -0.075454 0.052485 -0.020624
v -0.075841 0.052485 -0.021457
v -0.075784 0.052485 -0.022153
v -0.075287 0.052485 -0.022645
v -0.074400 0.052485 -0.022884
v -0.073209 0.052485 -0.022846
v -0.071831 0.052485 -0.022536
v -0.070401 0.052485 -0.021984
v -0.069059 0.052485 -0.021243
v -0.067936 0.052485 -0.020387
v -0.067141 0.052485 -0.019499
v -0.066754 0.052485 -0.018666
v -0.066812 0.052485 -0.017969
v -0.065803 0.050000 -0.017499
v -0.066412 0.050000 -0.016897
v -0.067498 0.050000 -0.016605
v -0.068956 0.050000 -0.016650
v -0.070644 0.050000 -0.017030
v -0.072396 0.050000 -0.017707
v -0.074040 0.050000 -0.018614
v -0.075415 0.050000 -0.019662
v -0.076388 0.050000 -0.020750
v -0.076862 0.050000 -0.021770
v -0.076792 0.050000 -0.022623
v -0.076184 0.050000 -0.023225
v -0.075097 0.050000 -0.023518
v -0.073639 0.050000 -0.023472
v -0.071951 0.050000 -0.023092
v -0.070200 0.050000 -0.022416
v -0.068556 0.050000 -0.021509
v -0.067180 0.050000 -0.020460
v -0.066207 0.050000 -0.019373
v -0.065733 0.050000 -0.018352
v -0.065803 0.050000 -0.017499
v -0.065170 0.047106 -0.017204
v -0.065848 0.047106 -0.016532
v -0.067060 0.047106 -0.016206
v -0.068686 0.047106 -0.016257
v -0.070569 0.047106 -0.016680
v -0.072522 0.047106 -0.017435
v -0.074356 0.047106 -0.018447
v -0.075890 0.047106 -0.019616
v -0.076975 0.047106 -0.020829
v -0.077504 0.047106 -0.021967
v -0.077426 0.047106 -0.022919
v -0.076747 0.047106 -0.023590
v -0.075535 0.047106 -0.023917
v -0.073909 0.047106 -0.023866
v -0.072027 0.047106 -0.023442
v -0.070073 0.047106 -0.022688
v -0.068239 0.047106 -0.021676
v -0.066705 0.047106 -0.020506
v -0.065620 0.047106 -0.019293
v -0.065091 0.047106 -0.018155
v -0.065170 0.047106 -0.017204
v -0.064953 0.044000 -0.017103
v -0.065656 0.044000 -0.016407
v -0.066910 0.044000 -0.016070
v -0.068594 0.044000 -0.016123
v -0.070543 0.044000 -0.016561
v -0.072565 0.044000 -0.017342
v -0.074464 0.044000 -0.018390
v -0.076052 0.044000 -0.019600
v -0.077175 0.044000 -0.020856
v -0.077723 0.044000 -0.022035
v -0.077642 0.044000 -0.023020
v -0.076939 0.044000 -0.023715
v -0.075685 0.044000 -0.024053
v -0.074001 0.044000 -0.024000
v -0.072052 0.044000 -0.023561
v -0.070030 0.044000 -0.022780
v -0.068131 0.044000 -0.021733
v -0.066543 0.044000 -0.020522
v -0.065420 0.044000 -0.019266
v -0.064872 0.044000 -0.018088
v -0.064953 0.044000 -0.017103
v -0.065170 0.040894 -0.017204
v -0.065848 0.040894 -0.016532
v -0.067060 0.040894 -0.016206
v -0.068686 0.040894 -0.016257
v -0.070569 0.040894 -0.016680
v -0.072522 0.040894 -0.017435
v -0.074356 0.040894 -0.018447
v -0.075890 0.040894 -0.019616
v -0.076975 0.040894 -0.020829
v -0.077504 0.040894 -0.021967
v -0.077426 0.040894 -0.022919
v -0.076747 0.040894 -0.023590
v -0.075535 0.040894 -0.023917
v -0.073909 0.040894 -0.023866
v -0.072027 0.040894 -0.023442
v -0.070073 0.040894 -0.022688
v -0.068239 0.040894 -0.021676
v -0.066705 0.040894 -0.020506
v -0.065620 0.040894 -0.019293
v -0.065091 0.040894 -0.018155
v -0.065170 0.040894 -0.017204
v -0.065803 0.038000 -0.017499
v -0.066412 0.038000 -0.016897
v -0.067498 0.038000 -0.016605
v -0.068956 0.038000 -0.016650
v -0.070644 0.038000 -0.017030
v -0.072396 0.038000 -0.017707
v -0.074040 0.038000 -0.018614
v -0.075415 0.038000 -0.019662
v -0.076388 0.038000 -0.020750
v -0.076862 0.038000 -0.021770
v -0.076792 0.038000 -0.022623
v -0.076184 0.038000 -0.023225
v -0.075097 0.038000 -0.023518
v -0.073639 0.038000 -0.023472
v -0.071951 0.038000 -0.023092
v -0.070200 0.038000 -0.022416
v -0.068556 0.038000 -0.021509
v -0.067180 0.038000 -0.020460
v -0.066207 0.038000 -0.019373
v -0.065733 0.038000 -0.018352
v -0.065803 0.038000 -0.017499
v -0.066812 0.035515 -0.017969
v -0.067308 0.035515 -0.017478
v -0.068195 0.035515 -0.017239
v -0.069386 0.035515 -0.017276
v -0.070764 0.035515 -0.017586
v -0.072194 0.035515 -0.018139
v -0.073536 0.035515 -0.018879
v -0.074660 0.035515 -0.019735
v -0.075454 0.035515 -0.020624
v -0.075841 0.035515 -0.021457
v -0.075784 0.035515 -0.022153
v -0.075287 0.035515 -0.022645
v -0.074400 0.035515 -0.022884
v -0.073209 0.035515 -0.022846
v -0.071831 0.035515 -0.022536
v -0.070401 0.035515 -0.021984
v -0.069059 0.035515 -0.021243
v -0.067936 0.035515 -0.020387
v -0.067141 0.035515 -0.019499
v -0.066754 0.035515 -0.018666
v -0.066812 0.035515 -0.017969
v -0.068126 0.033608 -0.018582
v -0.068477 0.033608 -0.018234
v -0.069104 0.033608 -0.018065
v -0.069946 0.033608 -0.018092
v -0.070920 0.033608 -0.018311
v -0.071932 0.033608 -0.018702
v -0.072881 0.033608 -0.019225
v -0.073675 0.033608 -0.019831
v -0.074236 0.033608 -0.020459
v -0.074510 0.033608 -0.021048
v -0.074470 0.033608 -0.021540
v -0.074119 0.033608 -0.021888
v -0.073491 0.033608 -0.022057
v -0.072649 0.033608 -0.022030
v -0.071675 0.033608 -0.021811
v -0.070664 0.033608 -0.021421
v -0.069714 0.033608 -0.020897
v -0.068920 0.033608 -0.020292
v -0.068359 0.033608 -0.019664
v -0.068085 0.033608 -0.019075
v -0.068126 0.033608 -0.018582
v -0.069656 0.032409 -0.019296
v -0.069837 0.032409 -0.019116
v -0.070162 0.032409 -0.019028
v -0.070598 0.032409 -0.019042
v -0.071102 0.032409 -0.019155
v -0.071626 0.032409 -0.019358
v -0.072117 0.032409 -0.019629
v -0.072528 0.032409 -0.019942
v -0.072819 0.032409 -0.020267
v -0.072961 0.032409 -0.020572
v -0.072940 0.032409 -0.020827
v -0.072758 0.032409 -0.021007
v -0.072433 0.032409 -0.021094
v -0.071997 0.032409 -0.021081
v -0.071493 0.032409 -0.020967
v -0.070969 0.032409 -0.020765
v -0.070478 0.032409 -0.020494
v -0.070067 0.032409 -0.020180
v -0.069776 0.032409 -0.019855
v -0.069635 0.032409 -0.019550
v -0.069656 0.032409 -0.019296
v -0.071298 0.032000 -0.020061
v -0.071298 0.032000 -0.020061
v -0.071298 0.032000 -0.020061
v -0.071298 0.032000 -0.020061
v -0.071298 0.032000 -0.020061
v -0.071298 0.032000 -0.020061
v -0.071298 0.032000 -0.020061
v -0.071298 0.032000 -0.020061
v -0.071298 0.032000 -0.020061
v -0.071298 0.032000 -0.020061
v -0.071298 0.032000 -0.020061
v -0.071298 0.032000 -0.020061
v -0.071298 0.032000 -0.020061
v -0.071298 0.032000 -0.020061
v -0.071298 0.032000 -0.020061
v -0.071298 0.032000 -0.020061
v -0.071298 0.032000 -0.020061
v -0.071298 0.032000 -0.020061
v -0.071298 0.032000 -0.020061
v -0.071298 0.032000 -0.020061
v -0.071298 0.032000 -0.020061
v -0.055049 0.045876 -0.012484
v -0.055049 0.045876 -0.012484
v -0.055049 0.045876 -0.012484
v -0.055049 0.045876 -0.012484
v -0.055049 0.045876 -0.012484
v -0.055049 0.045876 -0.012484
v -0.055049 0.045876 -0.012484
v -0.055049 0.045876 -0.012484
v -0.055049 0.045876 -0.012484
v -0.055049 0.045876 -0.012484
v -0.055049 0.045876 -0.012484
v -0.055049 0.045876 -0.012484
v -0.055049 0.045876 -0.012484
v -0.055049 0.045876 -0.012484
v -0.055049 0.045876 -0.012484
v -0.055049 0.045876 -0.012484
v -0.055049 0.045876 -0.012484
v -0.055049 0.045876 -0.012484
v -0.055049 0.045876 -0.012484
v -0.055049 0.045876 -0.012484
v -0.055049 0.045876 -0.012484
v -0.053404 0.046271 -0.011717
v -0.053578 0.046233 -0.011534
v -0.053881 0.046125 -0.011436
v -0.054283 0.045955 -0.011434
v -0.054744 0.045742 -0.011528
v -0.055220 0.045505 -0.011708
v -0.055664 0.045269 -0.011956
v -0.056032 0.045055 -0.012250
v -0.056289 0.044886 -0.012559
v -0.056409 0.044777 -0.012854
v -0.056380 0.044739 -0.013105
v -0.056206 0.044777 -0.013289
v -0.055903 0.044886 -0.013386
v -0.055501 0.045055 -0.013388
v -0.055040 0.045269 -0.013295
v -0.054564 0.045505 -0.013115
v -0.054120 0.045742 -0.012866
v -0.053752 0.045955 -0.012573
v -0.053495 0.046125 -0.012263
v -0.053375 0.046233 -0.011969
v -0.053404 0.046271 -0.011717
v -0.051558 0.045898 -0.010857
v -0.051895 0.045825 -0.010502
v -0.052480 0.045615 -0.010314
v -0.053256 0.045288 -0.010309
v -0.054148 0.044876 -0.010490
v -0.055067 0.044419 -0.010838
v -0.055924 0.043962 -0.011318
v -0.056636 0.043549 -0.011885
v -0.057131 0.043222 -0.012483
v -0.057363 0.043012 -0.013052
v -0.057308 0.042939 -0.013538
v -0.056971 0.043012 -0.013892
v -0.056386 0.043222 -0.014081
v -0.055610 0.043549 -0.014085
v -0.054718 0.043962 -0.013904
v -0.053799 0.044419 -0.013557
v -0.052942 0.044876 -0.013076
v -0.052230 0.045288 -0.012509
v -0.051735 0.045615 -0.011912
v -0.051503 0.045825 -0.011342
v -0.051558 0.045898 -0.010857
v -0.049637 0.044782 -0.009961
v -0.050113 0.044680 -0.009459
v -0.050940 0.044383 -0.009193
v -0.052038 0.043920 -0.009187
v -0.053299 0.043337 -0.009442
v -0.054599 0.042690 -0.009934
v -0.055812 0.042044 -0.010614
v -0.056818 0.041461 -0.011416
v -0.057519 0.040998 -0.012260
v -0.057846 0.040701 -0.013065
v -0.057768 0.040598 -0.013752
v -0.057292 0.040701 -0.014254
v -0.056465 0.040998 -0.014520
v -0.055367 0.041461 -0.014526
v -0.054106 0.042044 -0.014271
v -0.052806 0.042690 -0.013779
v -0.051594 0.043337 -0.013099
v -0.050588 0.043920 -0.012298
v -0.049886 0.044383 -0.011453
v -0.049559 0.044680 -0.010648
v -0.049637 0.044782 -0.009961
v -0.047771 0.043000 -0.009091
v -0.048354 0.042874 -0.008477
v -0.049368 0.042511 -0.008150
v -0.050712 0.041944 -0.008143
v -0.052256 0.041230 -0.008456
v -0.053849 0.040438 -0.009058
v -0.055334 0.039646 -0.009891
v -0.056566 0.038932 -0.010872
v -0.057424 0.038365 -0.011907
v -0.057826 0.038001 -0.012893
v -0.057730 0.037876 -0.013735
v -0.057147 0.038001 -0.014349
v -0.056134 0.038365 -0.014675
v -0.054789 0.038932 -0.014682
v -0.053245 0.039646 -0.014370
v -0.051653 0.040438 -0.013767
v -0.050168 0.041230 -0.012935
v -0.048936 0.041944 -0.011953
v -0.048077 0.042511 -0.010918
v -0.047676 0.042874 -0.009932
v -0.047771 0.043000 -0.009091
v -0.046088 0.040672 -0.008306
v -0.046739 0.040533 -0.007621
v -0.047869 0.040127 -0.007257
v -0.049368 0.039494 -0.007249
v -0.051091 0.038698 -0.007598
v -0.052867 0.037815 -0.008269
v -0.054523 0.036932 -0.009198
v -0.055897 0.036135 -0.010293
v -0.056855 0.035503 -0.011447
v -0.057303 0.035097 -0.012547
v -0.057196 0.034957 -0.013486
v -0.056546 0.035097 -0.014170
v -0.055415 0.035503 -0.014535
v -0.053916 0.036135 -0.014543
v -0.052194 0.036932 -0.014194
v -0.050417 0.037815 -0.013522
v -0.048761 0.038698 -0.012593
v -0.047387 0.039494 -0.011498
v -0.046429 0.040127 -0.010344
v -0.045982 0.040533 -0.009244
v -0.046088 0.040672 -0.008306
v -0.044703 0.037958 -0.007660
v -0.045376 0.037814 -0.006951
v -0.046546 0.037393 -0.006574
v -0.048099 0.036739 -0.006565
v -0.049882 0.035914 -0.006927
v -0.051720 0.035000 -0.007622
v -0.053435 0.034086 -0.008584
v -0.054858 0.033261 -0.009717
v -0.055849 0.032607 -0.010912
v -0.056313 0.032186 -0.012051
v -0.056202 0.032042 -0.013022
v -0.055529 0.032186 -0.013731
v -0.054359 0.032607 -0.014108
v -0.052806 0.033261 -0.014117
v -0.051023 0.034086 -0.013755
v -0.049185 0.035000 -0.013060
v -0.047470 0.035914 -0.012098
v -0.046047 0.036739 -0.010965
v -0.045056 0.037393 -0.009770
v -0.044592 0.037814 -0.008631
v -0.044703 0.037958 -0.007660
v -0.043709 0.035043 -0.007196
v -0.044359 0.034903 -0.006512
v -0.045490 0.034497 -0.006147
v -0.046989 0.033865 -0.006139
v -0.048711 0.033068 -0.006488
v -0.050488 0.032185 -0.007160
v -0.052144 0.031302 -0.008089
v -0.053518 0.030506 -0.009184
v -0.054476 0.029873 -0.010338
v -0.054923 0.029467 -0.011438
v -0.054817 0.029328 -0.012376
v -0.054166 0.029467 -0.013061
v -0.053036 0.029873 -0.013425
v -0.051537 0.030506 -0.013433
v -0.049814 0.031302 -0.013084
v -0.048038 0.032185 -0.012413
v -0.046382 0.033068 -0.011484
v -0.045008 0.033865 -0.010389
v -0.044050 0.034497 -0.009235
v -0.043602 0.034903 -0.008135
v -0.043709 0.035043 -0.007196
v -0.043175 0.032124 -0.006947
v -0.043758 0.031999 -0.006333
v -0.044771 0.031635 -0.006007
v -0.046116 0.031068 -0.006000
v -0.047660 0.030354 -0.006312
v -0.049252 0.029562 -0.006915
v -0.050737 0.028770 -0.007747
v -0.051970 0.028056 -0.008729
v -0.052828 0.027489 -0.009764
v -0.053229 0.027126 -0.010750
v -0.053134 0.027000 -0.011591
v -0.052551 0.027126 -0.012205
v -0.051537 0.027489 -0.012532
v -0.050193 0.028056 -0.012539
v -0.048649 0.028770 -0.012226
v -0.047056 0.029562 -0.011624
v -0.045571 0.030354 -0.010791
v -0.044339 0.031068 -0.009810
v -0.043481 0.031635 -0.008775
v -0.043079 0.031999 -0.007789
v -0.043175 0.032124 -0.006947
v -0.043137 0.029402 -0.006930
v -0.043613 0.029299 -0.006428
v -0.044440 0.029002 -0.006162
v -0.045538 0.028539 -0.006156
v -0.046799 0.027956 -0.006411
v -0.048099 0.027310 -0.006903
v -0.049311 0.026663 -0.007583
v -0.050318 0.026080 -0.008384
v -0.051019 0.025617 -0.009229
v -0.051346 0.025320 -0.010034
v -0.051268 0.025218 -0.010721
v -0.050792 0.025320 -0.011223
v -0.049965 0.025617 -0.011489
v -0.048867 0.026080 -0.011495
v -0.047606 0.026663 -0.011240
v -0.046306 0.027310 -0.010748
v -0.045093 0.027956 -0.010068
v -0.044087 0.028539 -0.009267
v -0.043386 0.029002 -0.008422
v -0.043059 0.029299 -0.007617
v -0.043137 0.029402 -0.006930
v -0.043597 0.027061 -0.007144
v -0.043934 0.026988 -0.006790
v -0.044519 0.026778 -0.006601
v -0.045295 0.026451 -0.006597
v -0.046187 0.026038 -0.006778
v -0.047106 0.025581 -0.007125
v -0.047963 0.025124 -0.007606
v -0.048675 0.024712 -0.008173
v -0.049170 0.024385 -0.008770
v -0.049402 0.024175 -0.009340
v -0.049347 0.024102 -0.009825
v -0.049010 0.024175 -0.010180
v -0.048425 0.024385 -0.010369
v -0.047649 0.024712 -0.010373
v -0.046758 0.025124 -0.010192
v -0.045838 0.025581 -0.009844
v -0.044981 0.026038 -0.009364
v -0.044269 0.026451 -0.008797
v -0.043774 0.026778 -0.008199
v -0.043542 0.026988 -0.007630
v -0.043597 0.027061 -0.007144
v -0.044525 0.025261 -0.007577
v -0.044699 0.025223 -0.007393
v -0.045002 0.025114 -0.007296
v -0.045404 0.024945 -0.007294
v -0.045865 0.024731 -0.007387
v -0.046341 0.024495 -0.007567
v -0.046785 0.024258 -0.007816
v -0.047153 0.024045 -0.008109
v -0.047410 0.023875 -0.008419
v -0.047530 0.023767 -0.008713
v -0.047501 0.023729 -0.008965
v -0.047327 0.023767 -0.009148
v -0.047024 0.023875 -0.009246
v -0.046622 0.024045 -0.009248
v -0.046161 0.024258 -0.009154
v -0.045685 0.024495 -0.008974
v -0.045241 0.024731 -0.008726
v -0.044873 0.024945 -0.008432
v -0.044616 0.025114 -0.008123
v -0.044496 0.025223 -0.007828
v -0.044525 0.025261 -0.007577
v -0.045856 0.024124 -0.008198
v -0.045856 0.024124 -0.008198
v -0.045856 0.024124 -0.008198
v -0.045856 0.024124 -0.008198
v -0.045856 0.024124 -0.008198
v -0.045856 0.024124 -0.008198
v -0.045856 0.024124 -0.008198
v -0.045856 0.024124 -0.008198
v -0.045856 0.024124 -0.008198
v -0.045856 0.024124 -0.008198
v -0.045856 0.024124 -0.008198
v -0.045856 0.024124 -0.008198
v -0.045856 0.024124 -0.008198
v -0.045856 0.024124 -0.008198
v -0.045856 0.024124 -0.008198
v -0.045856 0.024124 -0.008198
v -0.045856 0.024124 -0.008198
v -0.045856 0.024124 -0.008198
v -0.045856 0.024124 -0.008198
v -0.045856 0.024124 -0.008198
v -0.045856 0.024124 -0.008198
v 0.047932 0.045876 -0.009695
v 0.047932 0.045876 -0.009695
v 0.047932 0.045876 -0.009695
v 0.047932 0.045876 -0.009695
v 0.047932 0.045876 -0.009695
v 0.047932 0.045876 -0.009695
v 0.047932 0.045876 -0.009695
v 0.047932 0.045876 -0.009695
v 0.047932 0.045876 -0.009695
v 0.047932 0.045876 -0.009695
v 0.047932 0.045876 -0.009695
v 0.047932 0.045876 -0.009695
v 0.047932 0.045876 -0.009695
v 0.047932 0.045876 -0.009695
v 0.047932 0.045876 -0.009695
v 0.047932 0.045876 -0.009695
v 0.047932 0.045876 -0.009695
v 0.047932 0.045876 -0.009695
v 0.047932 0.045876 -0.009695
v 0.047932 0.045876 -0.009695
v 0.047932 0.045876 -0.009695
v 0.049136 0.044739 -0.010538
v 0.049208 0.044777 -0.010295
v 0.049141 0.044886 -0.009984
v 0.048942 0.045055 -0.009635
v 0.048630 0.045269 -0.009282
v 0.048236 0.045505 -0.008960
v 0.047799 0.045742 -0.008700
v 0.047361 0.045955 -0.008528
v 0.046965 0.046125 -0.008460
v 0.046649 0.046233 -0.008504
v 0.046446 0.046271 -0.008654
v 0.046374 0.046233 -0.008897
v 0.046441 0.046125 -0.009208
v 0.046640 0.045955 -0.009557
v 0.046952 0.045742 -0.009910
v 0.047346 0.045505 -0.010232
v 0.047783 0.045269 -0.010492
v 0.048221 0.045055 -0.010664
v 0.048617 0.044886 -0.010732
v 0.048932 0.044777 -0.010688
v 0.049136 0.044739 -0.010538
v 0.049974 0.042939 -0.011125
v 0.050113 0.043012 -0.010656
v 0.049984 0.043222 -0.010055
v 0.049599 0.043549 -0.009381
v 0.048997 0.043962 -0.008699
v 0.048236 0.044419 -0.008077
v 0.047391 0.044876 -0.007575
v 0.046545 0.045288 -0.007242
v 0.045779 0.045615 -0.007111
v 0.045171 0.045825 -0.007195
v 0.044777 0.045898 -0.007486
v 0.044639 0.045825 -0.007955
v 0.044768 0.045615 -0.008556
v 0.045153 0.045288 -0.009230
v 0.045755 0.044876 -0.009912
v 0.046516 0.044419 -0.010534
v 0.047361 0.043962 -0.011036
v 0.048207 0.043549 -0.011369
v 0.048972 0.043222 -0.011500
v 0.049581 0.043012 -0.011416
v 0.049974 0.042939 -0.011125
v 0.050390 0.040598 -0.011416
v 0.050587 0.040701 -0.010753
v 0.050404 0.040998 -0.009904
v 0.049860 0.041461 -0.008950
v 0.049008 0.042044 -0.007986
v 0.047932 0.042690 -0.007106
v 0.046737 0.043337 -0.006396
v 0.045540 0.043920 -0.005925
v 0.044458 0.044383 -0.005740
v 0.043597 0.044680 -0.005859
v 0.043041 0.044782 -0.006270
v 0.042845 0.044680 -0.006933
v 0.043028 0.044383 -0.007783
v 0.043571 0.043920 -0.008737
v 0.044423 0.043337 -0.009701
v 0.045499 0.042690 -0.010581
v 0.046694 0.042044 -0.011291
v 0.047891 0.041461 -0.011761
v 0.048973 0.040998 -0.011946
v 0.049835 0.040701 -0.011827
v 0.050390 0.040598 -0.011416
v 0.050356 0.037876 -0.011392
v 0.050596 0.038001 -0.010580
v 0.050372 0.038365 -0.009539
v 0.049706 0.038932 -0.008371
v 0.048663 0.039646 -0.007191
v 0.047346 0.040438 -0.006113
v 0.045882 0.041230 -0.005243
v 0.044416 0.041944 -0.004667
v 0.043090 0.042511 -0.004440
v 0.042036 0.042874 -0.004586
v 0.041355 0.043000 -0.005089
v 0.041115 0.042874 -0.005901
v 0.041338 0.042511 -0.006942
v 0.042004 0.041944 -0.008110
v 0.043047 0.041230 -0.009291
v 0.044365 0.040438 -0.010369
v 0.045829 0.039646 -0.011239
v 0.047295 0.038932 -0.011815
v 0.048620 0.038365 -0.012041
v 0.049675 0.038001 -0.011896
v 0.050356 0.037876 -0.011392
v 0.049873 0.034957 -0.011054
v 0.050141 0.035097 -0.010149
v 0.049891 0.035503 -0.008988
v 0.049149 0.036135 -0.007685
v 0.047985 0.036932 -0.006368
v 0.046515 0.037815 -0.005166
v 0.044883 0.038698 -0.004196
v 0.043248 0.039494 -0.003553
v 0.041769 0.040127 -0.003300
v 0.040593 0.040533 -0.003463
v 0.039834 0.040672 -0.004024
v 0.039566 0.040533 -0.004930
v 0.039815 0.040127 -0.006091
v 0.040558 0.039494 -0.007394
v 0.041721 0.038698 -0.008711
v 0.043191 0.037815 -0.009913
v 0.044824 0.036932 -0.010883
v 0.046459 0.036135 -0.011526
v 0.047937 0.035503 -0.011778
v 0.049114 0.035097 -0.011616
v 0.049873 0.034957 -0.011054
v 0.048975 0.032042 -0.010425
v 0.049252 0.032186 -0.009488
v 0.048994 0.032607 -0.008286
v 0.048225 0.033261 -0.006937
v 0.047021 0.034086 -0.005574
v 0.045499 0.035000 -0.004329
v 0.043809 0.035914 -0.003325
v 0.042116 0.036739 -0.002659
v 0.040585 0.037393 -0.002398
v 0.039367 0.037814 -0.002566
v 0.038581 0.037958 -0.003148
v 0.038304 0.037814 -0.004085
v 0.038562 0.037393 -0.005287
v 0.039331 0.036739 -0.006636
v 0.040536 0.035914 -0.007999
v 0.042057 0.035000 -0.009244
v 0.043748 0.034086 -0.010248
v 0.045441 0.033261 -0.010913
v 0.046971 0.032607 -0.011175
v 0.048189 0.032186 -0.011007
v 0.048975 0.032042 -0.010425
v 0.047723 0.029328 -0.009548
v 0.047991 0.029467 -0.008643
v 0.047741 0.029873 -0.007482
v 0.046998 0.030506 -0.006179
v 0.045835 0.031302 -0.004862
v 0.044365 0.032185 -0.003660
v 0.042733 0.033068 -0.002690
v 0.041097 0.033865 -0.002047
v 0.039619 0.034497 -0.001795
v 0.038443 0.034903 -0.001957
v 0.037683 0.035043 -0.002519
v 0.037415 0.034903 -0.003424
v 0.037665 0.034497 -0.004585
v 0.038408 0.033865 -0.005888
v 0.039571 0.033068 -0.007205
v 0.041041 0.032185 -0.008407
v 0.042673 0.031302 -0.009377
v 0.044309 0.030506 -0.010020
v 0.045787 0.029873 -0.010272
v 0.046963 0.029467 -0.010110
v 0.047723 0.029328 -0.009548
v 0.046202 0.027000 -0.008483
v 0.046442 0.027126 -0.007671
v 0.046218 0.027489 -0.006631
v 0.045552 0.028056 -0.005463
v 0.044509 0.028770 -0.004282
v 0.043191 0.029562 -0.003204
v 0.041728 0.030354 -0.002334
v 0.040261 0.031068 -0.001758
v 0.038936 0.031635 -0.001532
v 0.037881 0.031999 -0.001677
v 0.037200 0.032124 -0.002181
v 0.036960 0.031999 -0.002993
v 0.037184 0.031635 -0.004033
v 0.037850 0.031068 -0.005201
v 0.038893 0.030354 -0.006382
v 0.040211 0.029562 -0.007460
v 0.041675 0.028770 -0.008330
v 0.043141 0.028056 -0.008906
v 0.044466 0.027489 -0.009132
v 0.045521 0.027126 -0.008987
v 0.046202 0.027000 -0.008483
v 0.044515 0.025218 -0.007303
v 0.044712 0.025320 -0.006640
v 0.044529 0.025617 -0.005790
v 0.043985 0.026080 -0.004836
v 0.043133 0.026663 -0.003872
v 0.042057 0.027310 -0.002992
v 0.040862 0.027956 -0.002282
v 0.039665 0.028539 -0.001811
v 0.038583 0.029002 -0.001626
v 0.037722 0.029299 -0.001745
v 0.037166 0.029402 -0.002156
v 0.036970 0.029299 -0.002819
v 0.037153 0.029002 -0.003669
v 0.037696 0.028539 -0.004623
v 0.038548 0.027956 -0.005587
v 0.039624 0.027310 -0.006467
v 0.040819 0.026663 -0.007177
v 0.042016 0.026080 -0.007648
v 0.043098 0.025617 -0.007833
v 0.043960 0.025320 -0.007714
v 0.044515 0.025218 -0.007303
v 0.042779 0.024102 -0.006087
v 0.042918 0.024175 -0.005618
v 0.042788 0.024385 -0.005017
v 0.042404 0.024712 -0.004343
v 0.041802 0.025124 -0.003661
v 0.041041 0.025581 -0.003039
v 0.040196 0.026038 -0.002536
v 0.039349 0.026451 -0.002204
v 0.038584 0.026778 -0.002073
v 0.037975 0.026988 -0.002157
v 0.037582 0.027061 -0.002448
v 0.037443 0.026988 -0.002917
v 0.037573 0.026778 -0.003518
v 0.037957 0.026451 -0.004192
v 0.038559 0.026038 -0.004874
v 0.039320 0.025581 -0.005496
v 0.040165 0.025124 -0.005998
v 0.041012 0.024712 -0.006331
v 0.041777 0.024385 -0.006461
v 0.042386 0.024175 -0.006377
v 0.042779 0.024102 -0.006087
v 0.041111 0.023729 -0.004918
v 0.041182 0.023767 -0.004676
v 0.041115 0.023875 -0.004365
v 0.040916 0.024045 -0.004016
v 0.040605 0.024258 -0.003663
v 0.040211 0.024495 -0.003341
v 0.039773 0.024731 -0.003081
v 0.039335 0.024945 -0.002909
v 0.038939 0.025114 -0.002841
v 0.038624 0.025223 -0.002884
v 0.038420 0.025261 -0.003035
v 0.038349 0.025223 -0.003278
v 0.038416 0.025114 -0.003589
v 0.038615 0.024945 -0.003938
v 0.038926 0.024731 -0.004291
v 0.039320 0.024495 -0.004613
v 0.039758 0.024258 -0.004873
v 0.040196 0.024045 -0.005045
v 0.040592 0.023875 -0.005112
v 0.040907 0.023767 -0.005069
v 0.041111 0.023729 -0.004918
v 0.039624 0.024124 -0.003878
v 0.039624 0.024124 -0.003878
v 0.039624 0.024124 -0.003878
v 0.039624 0.024124 -0.003878
v 0.039624 0.024124 -0.003878
v 0.039624 0.024124 -0.003878
v 0.039624 0.024124 -0.003878
v 0.039624 0.024124 -0.003878
v 0.039624 0.024124 -0.003878
v 0.039624 0.024124 -0.003878
v 0.039624 0.024124 -0.003878
v 0.039624 0.024124 -0.003878
v 0.039624 0.024124 -0.003878
v 0.039624 0.024124 -0.003878
v 0.039624 0.024124 -0.003878
v 0.039624 0.024124 -0.003878
v 0.039624 0.024124 -0.003878
v 0.039624 0.024124 -0.003878
v 0.039624 0.024124 -0.003878
v 0.039624 0.024124 -0.003878
v 0.039624 0.024124 -0.003878
v 0.062619 0.056000 -0.019979
v 0.062619 0.056000 -0.019979
v 0.062619 0.056000 -0.019979
v 0.062619 0.056000 -0.019979
v 0.062619 0.056000 -0.019979
v 0.062619 0.056000 -0.019979
v 0.062619 0.056000 -0.019979
v 0.062619 0.056000 -0.019979
v 0.062619 0.056000 -0.019979
v 0.062619 0.056000 -0.019979
v 0.062619 0.056000 -0.019979
v 0.062619 0.056000 -0.019979
v 0.062619 0.056000 -0.019979
v 0.062619 0.056000 -0.019979
v 0.062619 0.056000 -0.019979
v 0.062619 0.056000 -0.019979
v 0.062619 0.056000 -0.019979
v 0.062619 0.056000 -0.019979
v 0.062619 0.056000 -0.019979
v 0.062619 0.056000 -0.019979
v 0.062619 0.056000 -0.019979
v 0.064103 0.055591 -0.021018
v 0.064168 0.055591 -0.020770
v 0.064081 0.055591 -0.020446
v 0.063851 0.055591 -0.020075
v 0.063501 0.055591 -0.019695
v 0.063064 0.055591 -0.019343
v 0.062584 0.055591 -0.019053
v 0.062107 0.055591 -0.018853
v 0.061680 0.055591 -0.018764
v 0.061345 0.055591 -0.018794
v 0.061135 0.055591 -0.018939
v 0.061070 0.055591 -0.019187
v 0.061156 0.055591 -0.019512
v 0.061386 0.055591 -0.019882
v 0.061737 0.055591 -0.020262
v 0.062173 0.055591 -0.020615
v 0.062654 0.055591 -0.020905
v 0.063131 0.055591 -0.021104
v 0.063558 0.055591 -0.021193
v 0.063893 0.055591 -0.021164
v 0.064103 0.055591 -0.021018
v 0.065486 0.054392 -0.021986
v 0.065611 0.054392 -0.021508
v 0.065444 0.054392 -0.020881
v 0.065000 0.054392 -0.020165
v 0.064323 0.054392 -0.019430
v 0.063479 0.054392 -0.018750
v 0.062551 0.054392 -0.018190
v 0.061630 0.054392 -0.017805
v 0.060805 0.054392 -0.017632
v 0.060158 0.054392 -0.017690
v 0.059752 0.054392 -0.017971
v 0.059626 0.054392 -0.018449
v 0.059793 0.054392 -0.019077
v 0.060237 0.054392 -0.019793
v 0.060914 0.054392 -0.020527
v 0.061758 0.054392 -0.021207
v 0.062686 0.054392 -0.021768
v 0.063608 0.054392 -0.022153
v 0.064432 0.054392 -0.022325
v 0.065080 0.054392 -0.022268
v 0.065486 0.054392 -0.021986
v 0.066673 0.052485 -0.022818
v 0.066851 0.052485 -0.022142
v 0.066614 0.052485 -0.021254
v 0.065986 0.052485 -0.020242
v 0.065029 0.052485 -0.019203
v 0.063835 0.052485 -0.018241
v 0.062523 0.052485 -0.017449
v 0.061220 0.052485 -0.016904
v 0.060054 0.052485 -0.016660
v 0.059139 0.052485 -0.016742
v 0.058564 0.052485 -0.017140
v 0.058387 0.052485 -0.017816
v 0.058623 0.052485 -0.018703
v 0.059251 0.052485 -0.019716
v 0.060209 0.052485 -0.020754
v 0.061402 0.052485 -0.021716
v 0.062714 0.052485 -0.022509
v 0.064018 0.052485 -0.023053
v 0.065184 0.052485 -0.023297
v 0.066099 0.052485 -0.023216
v 0.066673 0.052485 -0.022818
v 0.067585 0.050000 -0.023456
v 0.067802 0.050000 -0.022628
v 0.067512 0.050000 -0.021541
v 0.066743 0.050000 -0.020301
v 0.065570 0.050000 -0.019029
v 0.064109 0.050000 -0.017850
v 0.062501 0.050000 -0.016880
v 0.060905 0.050000 -0.016213
v 0.059477 0.050000 -0.015915
v 0.058356 0.050000 -0.016014
v 0.057653 0.050000 -0.016502
v 0.057435 0.050000 -0.017329
v 0.057725 0.050000 -0.018417
v 0.058494 0.050000 -0.019657
v 0.059667 0.050000 -0.020928
v 0.061128 0.050000 -0.022107
v 0.062736 0.050000 -0.023077
v 0.064332 0.050000 -0.023744
v 0.065760 0.050000 -0.024043
v 0.066881 0.050000 -0.023943
v 0.067585 0.050000 -0.023456
v 0.068157 0.047106 -0.023857
v 0.068400 0.047106 -0.022934
v 0.068077 0.047106 -0.021721
v 0.067219 0.047106 -0.020338
v 0.065911 0.047106 -0.018920
v 0.064281 0.047106 -0.017605
v 0.062488 0.047106 -0.016523
v 0.060708 0.047106 -0.015779
v 0.059115 0.047106 -0.015446
v 0.057865 0.047106 -0.015557
v 0.057080 0.047106 -0.016100
v 0.056837 0.047106 -0.017024
v 0.057161 0.047106 -0.018236
v 0.058018 0.047106 -0.019619
v 0.059326 0.047106 -0.021038
v 0.060957 0.047106 -0.022352
v 0.062749 0.047106 -0.023435
v 0.064530 0.047106 -0.024179
v 0.066123 0.047106 -0.024511
v 0.067373 0.047106 -0.024401
v 0.068157 0.047106 -0.023857
v 0.068353 0.044000 -0.023994
v 0.068604 0.044000 -0.023038
v 0.068269 0.044000 -0.021782
v 0.067381 0.044000 -0.020351
v 0.066027 0.044000 -0.018882
v 0.064339 0.044000 -0.017521
v 0.062483 0.044000 -0.016401
v 0.060640 0.044000 -0.015631
v 0.058991 0.044000 -0.015286
v 0.057697 0.044000 -0.015401
v 0.056885 0.044000 -0.015964
v 0.056634 0.044000 -0.016920
v 0.056968 0.044000 -0.018175
v 0.057856 0.044000 -0.019607
v 0.059210 0.044000 -0.021075
v 0.060898 0.044000 -0.022436
v 0.062754 0.044000 -0.023557
v 0.064597 0.044000 -0.024327
v 0.066246 0.044000 -0.024671
v 0.067540 0.044000 -0.024557
v 0.068353 0.044000 -0.023994
v 0.068157 0.040894 -0.023857
v 0.068400 0.040894 -0.022934
v 0.068077 0.040894 -0.021721
v 0.067219 0.040894 -0.020338
v 0.065911 0.040894 -0.018920
v 0.064281 0.040894 -0.017605
v 0.062488 0.040894 -0.016523
v 0.060708 0.040894 -0.015779
v 0.059115 0.040894 -0.015446
v 0.057865 0.040894 -0.015557
v 0.057080 0.040894 -0.016100
v 0.056837 0.040894 -0.017024
v 0.057161 0.040894 -0.018236
v 0.058018 0.040894 -0.019619
v 0.059326 0.040894 -0.021038
v 0.060957 0.040894 -0.022352
v 0.062749 0.040894 -0.023435
v 0.064530 0.040894 -0.024179
v 0.066123 0.040894 -0.024511
v 0.067373 0.040894 -0.024401
v 0.068157 0.040894 -0.023857
v 0.067585 0.038000 -0.023456
v 0.067802 0.038000 -0.022628
v 0.067512 0.038000 -0.021541
v 0.066743 0.038000 -0.020301
v 0.065570 0.038000 -0.019029
v 0.064109 0.038000 -0.017850
v 0.062501 0.038000 -0.016880
v 0.060905 0.038000 -0.016213
v 0.059477 0.038000 -0.015915
v 0.058356 0.038000 -0.016014
v 0.057653 0.038000 -0.016502
v 0.057435 0.038000 -0.017329
v 0.057725 0.038000 -0.018417
v 0.058494 0.038000 -0.019657
v 0.059667 0.038000 -0.020928
v 0.061128 0.038000 -0.022107
v 0.062736 0.038000 -0.023077
v 0.064332 0.038000 -0.023744
v 0.065760 0.038000 -0.024043
v 0.066881 0.038000 -0.023943
v 0.067585 0.038000 -0.023456
v 0.066673 0.035515 -0.022818
v 0.066851 0.035515 -0.022142
v 0.066614 0.035515 -0.021254
v 0.065986 0.035515 -0.020242
v 0.065029 0.035515 -0.019203
v 0.063835 0.035515 -0.018241
v 0.062523 0.035515 -0.017449
v 0.061220 0.035515 -0.016904
v 0.060054 0.035515 -0.016660
v 0.059139 0.035515 -0.016742
v 0.058564 0.035515 -0.017140
v 0.058387 0.035515 -0.017816
v 0.058623 0.035515 -0.018703
v 0.059251 0.035515 -0.019716
v 0.060209 0.035515 -0.020754
v 0.061402 0.035515 -0.021716
v 0.062714 0.035515 -0.022509
v 0.064018 0.035515 -0.023053
v 0.065184 0.035515 -0.023297
v 0.066099 0.035515 -0.023216
v 0.066673 0.035515 -0.022818
v 0.065486 0.033608 -0.021986
v 0.065611 0.033608 -0.021508
v 0.065444 0.033608 -0.020881
v 0.065000 0.033608 -0.020165
v 0.064323 0.033608 -0.019430
v 0.063479 0.033608 -0.018750
v 0.062551 0.033608 -0.018190
v 0.061630 0.033608 -0.017805
v 0.060805 0.033608 -0.017632
v 0.060158 0.033608 -0.017690
v 0.059752 0.033608 -0.017971
v 0.059626 0.033608 -0.018449
v 0.059793 0.033608 -0.019077
v 0.060237 0.033608 -0.019793
v 0.060914 0.033608 -0.020527
v 0.061758 0.033608 -0.021207
v 0.062686 0.033608 -0.021768
v 0.063608 0.033608 -0.022153
v 0.064432 0.033608 -0.022325
v 0.065080 0.033608 -0.022268
v 0.065486 0.033608 -0.021986
v 0.064103 0.032409 -0.021018
v 0.064168 0.032409 -0.020770
v 0.064081 0.032409 -0.020446
v 0.063851 0.032409 -0.020075
v 0.063501 0.032409 -0.019695
v 0.063064 0.032409 -0.019343
v 0.062584 0.032409 -0.019053
v 0.062107 0.032409 -0.018853
v 0.061680 0.032409 -0.018764
v 0.061345 0.032409 -0.018794
v 0.061135 0.032409 -0.018939
v 0.061070 0.032409 -0.019187
v 0.061156 0.032409 -0.019512
v 0.061386 0.032409 -0.019882
v 0.061737 0.032409 -0.020262
v 0.062173 0.032409 -0.020615
v 0.062654 0.032409 -0.020905
v 0.063131 0.032409 -0.021104
v 0.063558 0.032409 -0.021193
v 0.063893 0.032409 -0.021164
v 0.064103 0.032409 -0.021018
v 0.062619 0.032000 -0.019979
v 0.062619 0.032000 -0.019979
v 0.062619 0.032000 -0.019979
v 0.062619 0.032000 -0.019979
v 0.062619 0.032000 -0.019979
v 0.062619 0.032000 -0.019979
v 0.062619 0.032000 -0.019979
v 0.062619 0.032000 -0.019979
v 0.062619 0.032000 -0.019979
v 0.062619 0.032000 -0.019979
v 0.062619 0.032000 -0.019979
v 0.062619 0.032000 -0.019979
v 0.062619 0.032000 -0.019979
v 0.062619 0.032000 -0.019979
v 0.062619 0.032000 -0.019979
v 0.062619 0.032000 -0.019979
v 0.062619 0.032000 -0.019979
v 0.062619 0.032000 -0.019979
v 0.062619 0.032000 -0.019979
v 0.062619 0.032000 -0.019979
v 0.062619 0.032000 -0.019979
v 0.077305 0.045876 -0.030262
v 0.077305 0.045876 -0.030262
v 0.077305 0.045876 -0.030262
v 0.077305 0.045876 -0.030262
v 0.077305 0.045876 -0.030262
v 0.077305 0.045876 -0.030262
v 0.077305 0.045876 -0.030262
v 0.077305 0.045876 -0.030262
v 0.077305 0.045876 -0.030262
v 0.077305 0.045876 -0.030262
v 0.077305 0.045876 -0.030262
v 0.077305 0.045876 -0.030262
v 0.077305 0.045876 -0.030262
v 0.077305 0.045876 -0.030262
v 0.077305 0.045876 -0.030262
v 0.077305 0.045876 -0.030262
v 0.077305 0.045876 -0.030262
v 0.077305 0.045876 -0.030262
v 0.077305 0.045876 -0.030262
v 0.077305 0.045876 -0.030262
v 0.077305 0.045876 -0.030262
v 0.078792 0.046271 -0.031303
v 0.078863 0.046233 -0.031060
v 0.078796 0.046125 -0.030749
v 0.078597 0.045955 -0.030400
v 0.078286 0.045742 -0.030047
v 0.077892 0.045505 -0.029725
v 0.077454 0.045269 -0.029465
v 0.077016 0.045055 -0.029293
v 0.076620 0.044886 -0.029225
v 0.076305 0.044777 -0.029269
v 0.076101 0.044739 -0.029419
v 0.076030 0.044777 -0.029662
v 0.076097 0.044886 -0.029973
v 0.076296 0.045055 -0.030322
v 0.076607 0.045269 -0.030675
v 0.077001 0.045505 -0.030997
v 0.077439 0.045742 -0.031257
v 0.077877 0.045955 -0.031429
v 0.078273 0.046125 -0.031497
v 0.078588 0.046233 -0.031453
v 0.078792 0.046271 -0.031303
v 0.080460 0.045898 -0.032471
v 0.080599 0.045825 -0.032002
v 0.080469 0.045615 -0.031401
v 0.080085 0.045288 -0.030727
v 0.079483 0.044876 -0.030045
v 0.078722 0.044419 -0.029423
v 0.077877 0.043962 -0.028921
v 0.077030 0.043549 -0.028588
v 0.076265 0.043222 -0.028458
v 0.075656 0.043012 -0.028542
v 0.075263 0.042939 -0.028832
v 0.075124 0.043012 -0.029301
v 0.075254 0.043222 -0.029902
v 0.075638 0.043549 -0.030576
v 0.076240 0.043962 -0.031258
v 0.077001 0.044419 -0.031881
v 0.077846 0.044876 -0.032383
v 0.078693 0.045288 -0.032715
v 0.079458 0.045615 -0.032846
v 0.080067 0.045825 -0.032762
v 0.080460 0.045898 -0.032471
v 0.082196 0.044782 -0.033687
v 0.082393 0.044680 -0.033024
v 0.082210 0.044383 -0.032174
v 0.081666 0.043920 -0.031221
v 0.080814 0.043337 -0.030257
v 0.079738 0.042690 -0.029376
v 0.078543 0.042044 -0.028666
v 0.077346 0.041461 -0.028196
v 0.076264 0.040998 -0.028011
v 0.075403 0.040701 -0.028130
v 0.074847 0.040598 -0.028541
v 0.074651 0.040701 -0.029204
v 0.074834 0.040998 -0.030054
v 0.075377 0.041461 -0.031007
v 0.076229 0.042044 -0.031972
v 0.077305 0.042690 -0.032852
v 0.078500 0.043337 -0.033562
v 0.079697 0.043920 -0.034032
v 0.080779 0.044383 -0.034217
v 0.081641 0.044680 -0.034098
v 0.082196 0.044782 -0.033687
v 0.083883 0.043000 -0.034868
v 0.084123 0.042874 -0.034056
v 0.083899 0.042511 -0.033015
v 0.083233 0.041944 -0.031847
v 0.082190 0.041230 -0.030666
v 0.080872 0.040438 -0.029588
v 0.079409 0.039646 -0.028719
v 0.077942 0.038932 -0.028142
v 0.076617 0.038365 -0.027916
v 0.075562 0.038001 -0.028062
v 0.074881 0.037876 -0.028565
v 0.074641 0.038001 -0.029377
v 0.074865 0.038365 -0.030418
v 0.075531 0.038932 -0.031586
v 0.076574 0.039646 -0.032767
v 0.077892 0.040438 -0.033845
v 0.079356 0.041230 -0.034714
v 0.080822 0.041944 -0.035291
v 0.082147 0.042511 -0.035517
v 0.083202 0.042874 -0.035371
v 0.083883 0.043000 -0.034868
v 0.085404 0.040672 -0.035933
v 0.085672 0.040533 -0.035027
v 0.085422 0.040127 -0.033866
v 0.084679 0.039494 -0.032564
v 0.083516 0.038698 -0.031247
v 0.082046 0.037815 -0.030044
v 0.080414 0.036932 -0.029074
v 0.078778 0.036135 -0.028432
v 0.077300 0.035503 -0.028179
v 0.076124 0.035097 -0.028342
v 0.075364 0.034957 -0.028903
v 0.075096 0.035097 -0.029809
v 0.075346 0.035503 -0.030970
v 0.076089 0.036135 -0.032272
v 0.077252 0.036932 -0.033589
v 0.078722 0.037815 -0.034792
v 0.080354 0.038698 -0.035762
v 0.081990 0.039494 -0.036404
v 0.083468 0.040127 -0.036657
v 0.084644 0.040533 -0.036494
v 0.085404 0.040672 -0.035933
v 0.086656 0.037958 -0.036810
v 0.086933 0.037814 -0.035872
v 0.086675 0.037393 -0.034670
v 0.085906 0.036739 -0.033322
v 0.084702 0.035914 -0.031958
v 0.083180 0.035000 -0.030713
v 0.081490 0.034086 -0.029709
v 0.079797 0.033261 -0.029044
v 0.078266 0.032607 -0.028783
v 0.077048 0.032186 -0.028951
v 0.076262 0.032042 -0.029532
v 0.075985 0.032186 -0.030470
v 0.076243 0.032607 -0.031671
v 0.077012 0.033261 -0.033020
v 0.078217 0.034086 -0.034384
v 0.079738 0.035000 -0.035628
v 0.081429 0.035914 -0.036633
v 0.083122 0.036739 -0.037298
v 0.084652 0.037393 -0.037559
v 0.085870 0.037814 -0.037391
v 0.086656 0.037958 -0.036810
v 0.087554 0.035043 -0.037439
v 0.087822 0.034903 -0.036533
v 0.087572 0.034497 -0.035372
v 0.086830 0.033865 -0.034069
v 0.085666 0.033068 -0.032752
v 0.084196 0.032185 -0.031550
v 0.082564 0.031302 -0.030580
v 0.080929 0.030506 -0.029937
v 0.079450 0.029873 -0.029685
v 0.078274 0.029467 -0.029847
v 0.077515 0.029328 -0.030409
v 0.077247 0.029467 -0.031314
v 0.077496 0.029873 -0.032475
v 0.078239 0.030506 -0.033778
v 0.079402 0.031302 -0.035095
v 0.080872 0.032185 -0.036297
v 0.082505 0.033068 -0.037267
v 0.084140 0.033865 -0.037910
v 0.085618 0.034497 -0.038163
v 0.086795 0.034903 -0.038000
v 0.087554 0.035043 -0.037439
v 0.088037 0.032124 -0.037777
v 0.088277 0.031999 -0.036965
v 0.088053 0.031635 -0.035924
v 0.087387 0.031068 -0.034756
v 0.086344 0.030354 -0.033575
v 0.085027 0.029562 -0.032497
v 0.083563 0.028770 -0.031627
v 0.082097 0.028056 -0.031051
v 0.080771 0.027489 -0.030825
v 0.079716 0.027126 -0.030971
v 0.079036 0.027000 -0.031474
v 0.078796 0.027126 -0.032286
v 0.079019 0.027489 -0.033327
v 0.079685 0.028056 -0.034495
v 0.080728 0.028770 -0.035676
v 0.082046 0.029562 -0.036754
v 0.083510 0.030354 -0.037623
v 0.084976 0.031068 -0.038199
v 0.086301 0.031635 -0.038426
v 0.087356 0.031999 -0.038280
v 0.088037 0.032124 -0.037777
v 0.088071 0.029402 -0.037801
v 0.088268 0.029299 -0.037138
v 0.088085 0.029002 -0.036288
v 0.087541 0.028539 -0.035334
v 0.086689 0.027956 -0.034370
v 0.085613 0.027310 -0.033490
v 0.084418 0.026663 -0.032780
v 0.083221 0.026080 -0.032310
v 0.082139 0.025617 -0.032125
v 0.081278 0.025320 -0.032244
v 0.080722 0.025218 -0.032655
v 0.080526 0.025320 -0.033318
v 0.080709 0.025617 -0.034168
v 0.081252 0.026080 -0.035121
v 0.082104 0.026663 -0.036085
v 0.083180 0.027310 -0.036965
v 0.084375 0.027956 -0.037676
v 0.085572 0.028539 -0.038146
v 0.086654 0.029002 -0.038331
v 0.087516 0.029299 -0.038212
v 0.088071 0.029402 -0.037801
v 0.087655 0.027061 -0.037509
v 0.087794 0.026988 -0.037041
v 0.087665 0.026778 -0.036440
v 0.087280 0.026451 -0.035765
v 0.086678 0.026038 -0.035084
v 0.085917 0.025581 -0.034461
v 0.085072 0.025124 -0.033959
v 0.084226 0.024712 -0.033627
v 0.083460 0.024385 -0.033496
v 0.082852 0.024175 -0.033580
v 0.082458 0.024102 -0.033871
v 0.082320 0.024175 -0.034339
v 0.082449 0.024385 -0.034940
v 0.082834 0.024712 -0.035615
v 0.083436 0.025124 -0.036296
v 0.084197 0.025581 -0.036919
v 0.085042 0.026038 -0.037421
v 0.085888 0.026451 -0.037754
v 0.086653 0.026778 -0.037884
v 0.087262 0.026988 -0.037800
v 0.087655 0.027061 -0.037509
v 0.086817 0.025261 -0.036922
v 0.086889 0.025223 -0.036680
v 0.086822 0.025114 -0.036369
v 0.086623 0.024945 -0.036020
v 0.086311 0.024731 -0.035667
v 0.085917 0.024495 -0.035345
v 0.085480 0.024258 -0.035085
v 0.085042 0.024045 -0.034912
v 0.084646 0.023875 -0.034845
v 0.084330 0.023767 -0.034888
v 0.084127 0.023729 -0.035039
v 0.084055 0.023767 -0.035281
v 0.084122 0.023875 -0.035593
v 0.084321 0.024045 -0.035942
v 0.084633 0.024258 -0.036295
v 0.085027 0.024495 -0.036617
v 0.085464 0.024731 -0.036877
v 0.085902 0.024945 -0.037049
v 0.086298 0.025114 -0.037116
v 0.086613 0.025223 -0.037073
v 0.086817 0.025261 -0.036922
v 0.085613 0.024124 -0.036080
v 0.085613 0.024124 -0.036080
v 0.085613 0.024124 -0.036080
v 0.085613 0.024124 -0.036080
v 0.085613 0.024124 -0.036080
v 0.085613 0.024124 -0.036080
v 0.085613 0.024124 -0.036080
v 0.085613 0.024124 -0.036080
v 0.085613 0.024124 -0.036080
v 0.085613 0.024124 -0.036080
v 0.085613 0.024124 -0.036080
v 0.085613 0.024124 -0.036080
v 0.085613 0.024124 -0.036080
v 0.085613 0.024124 -0.036080
v 0.085613 0.024124 -0.036080
v 0.085613 0.024124 -0.036080
v 0.085613 0.024124 -0.036080
v 0.085613 0.024124 -0.036080
v 0.085613 0.024124 -0.036080
v 0.085613 0.024124 -0.036080
v 0.085613 0.024124 -0.036080
v -0.052963 0.045876 0.086247
v -0.052963 0.045876 0.086247
v -0.052963 0.045876 0.086247
v -0.052963 0.045876 0.086247
v -0.052963 0.045876 0.086247
v -0.052963 0.045876 0.086247
v -0.052963 0.045876 0.086247
v -0.052963 0.045876 0.086247
v -0.052963 0.045876 0.086247
v -0.052963 0.045876 0.086247
v -0.052963 0.045876 0.086247
v -0.052963 0.045876 0.086247
v -0.052963 0.045876 0.086247
v -0.052963 0.045876 0.086247
v -0.052963 0.045876 0.086247
v -0.052963 0.045876 0.086247
v -0.052963 0.045876 0.086247
v -0.052963 0.045876 0.086247
v -0.052963 0.045876 0.086247
v -0.052963 0.045876 0.086247
v -0.052963 0.045876 0.086247
v -0.051526 0.044739 0.085941
v -0.051554 0.044777 0.086193
v -0.051738 0.044886 0.086453
v -0.052057 0.045055 0.086697
v -0.052482 0.045269 0.086900
v -0.052970 0.045505 0.087042
v -0.053475 0.045742 0.087111
v -0.053945 0.045955 0.087098
v -0.054336 0.046125 0.087005
v -0.054609 0.046233 0.086842
v -0.054738 0.046271 0.086624
v -0.054709 0.046233 0.086373
v -0.054526 0.046125 0.086113
v -0.054206 0.045955 0.085869
v -0.053782 0.045742 0.085666
v -0.053293 0.045505 0.085523
v -0.052789 0.045269 0.085455
v -0.052318 0.045055 0.085468
v -0.051927 0.044886 0.085560
v -0.051654 0.044777 0.085723
v -0.051526 0.044739 0.085941
v -0.050525 0.042939 0.085729
v -0.050580 0.043012 0.086214
v -0.050934 0.043222 0.086717
v -0.051551 0.043549 0.087187
v -0.052372 0.043962 0.087580
v -0.053315 0.044419 0.087855
v -0.054290 0.044876 0.087987
v -0.055199 0.045288 0.087963
v -0.055954 0.045615 0.087784
v -0.056482 0.045825 0.087469
v -0.056730 0.045898 0.087048
v -0.056675 0.045825 0.086562
v -0.056321 0.045615 0.086059
v -0.055703 0.045288 0.085589
v -0.054883 0.044876 0.085196
v -0.053939 0.044419 0.084921
v -0.052965 0.043962 0.084789
v -0.052056 0.043549 0.084813
v -0.051300 0.043222 0.084992
v -0.050773 0.043012 0.085307
v -0.050525 0.042939 0.085729
v -0.050028 0.040598 0.085623
v -0.050106 0.040701 0.086310
v -0.050606 0.040998 0.087021
v -0.051480 0.041461 0.087686
v -0.052640 0.042044 0.088241
v -0.053975 0.042690 0.088631
v -0.055352 0.043337 0.088817
v -0.056638 0.043920 0.088783
v -0.057706 0.044383 0.088530
v -0.058453 0.044680 0.088084
v -0.058804 0.044782 0.087488
v -0.058725 0.044680 0.086801
v -0.058225 0.044383 0.086091
v -0.057352 0.043920 0.085425
v -0.056191 0.043337 0.084870
v -0.054857 0.042690 0.084481
v -0.053479 0.042044 0.084294
v -0.052193 0.041461 0.084329
v -0.051125 0.040998 0.084581
v -0.050379 0.040701 0.085027
v -0.050028 0.040598 0.085623
v -0.050069 0.037876 0.085632
v -0.050165 0.038001 0.086473
v -0.050778 0.038365 0.087344
v -0.051847 0.038932 0.088159
v -0.053269 0.039646 0.088838
v -0.054903 0.040438 0.089315
v -0.056590 0.041230 0.089544
v -0.058165 0.041944 0.089501
v -0.059473 0.042511 0.089192
v -0.060387 0.042874 0.088646
v -0.060817 0.043000 0.087916
v -0.060721 0.042874 0.087075
v -0.060108 0.042511 0.086204
v -0.059039 0.041944 0.085389
v -0.057617 0.041230 0.084710
v -0.055983 0.040438 0.084233
v -0.054296 0.039646 0.084004
v -0.052721 0.038932 0.084047
v -0.051413 0.038365 0.084356
v -0.050499 0.038001 0.084902
v -0.050069 0.037876 0.085632
v -0.050645 0.034957 0.085754
v -0.050753 0.035097 0.086692
v -0.051436 0.035503 0.087664
v -0.052629 0.036135 0.088573
v -0.054214 0.036932 0.089330
v -0.056037 0.037815 0.089863
v -0.057919 0.038698 0.090118
v -0.059675 0.039494 0.090070
v -0.061135 0.040127 0.089725
v -0.062154 0.040533 0.089116
v -0.062634 0.040672 0.088302
v -0.062526 0.040533 0.087364
v -0.061843 0.040127 0.086393
v -0.060650 0.039494 0.085484
v -0.059065 0.038698 0.084726
v -0.057242 0.037815 0.084194
v -0.055360 0.036932 0.083939
v -0.053604 0.036135 0.083986
v -0.052144 0.035503 0.084332
v -0.051125 0.035097 0.084941
v -0.050645 0.034957 0.085754
v -0.051718 0.032042 0.085982
v -0.051829 0.032186 0.086954
v -0.052536 0.032607 0.087959
v -0.053771 0.033261 0.088900
v -0.055413 0.034086 0.089684
v -0.057300 0.035000 0.090236
v -0.059248 0.035914 0.090500
v -0.061066 0.036739 0.090451
v -0.062577 0.037393 0.090093
v -0.063632 0.037814 0.089462
v -0.064129 0.037958 0.088620
v -0.064018 0.037814 0.087649
v -0.063310 0.037393 0.086644
v -0.062075 0.036739 0.085703
v -0.060434 0.035914 0.084918
v -0.058547 0.035000 0.084367
v -0.056599 0.034086 0.084103
v -0.054780 0.033261 0.084152
v -0.053270 0.032607 0.084509
v -0.052214 0.032186 0.085140
v -0.051718 0.032042 0.085982
v -0.053213 0.029328 0.086300
v -0.053320 0.029467 0.087238
v -0.054004 0.029873 0.088209
v -0.055197 0.030506 0.089118
v -0.056782 0.031302 0.089876
v -0.058605 0.032185 0.090409
v -0.060487 0.033068 0.090664
v -0.062243 0.033865 0.090616
v -0.063702 0.034497 0.090271
v -0.064722 0.034903 0.089662
v -0.065201 0.035043 0.088848
v -0.065094 0.034903 0.087910
v -0.064411 0.034497 0.086939
v -0.063218 0.033865 0.086030
v -0.061632 0.033068 0.085272
v -0.059810 0.032185 0.084740
v -0.057928 0.031302 0.084485
v -0.056171 0.030506 0.084532
v -0.054712 0.029873 0.084877
v -0.053693 0.029467 0.085487
v -0.053213 0.029328 0.086300
v -0.055029 0.027000 0.086686
v -0.055126 0.027126 0.087527
v -0.055738 0.027489 0.088398
v -0.056808 0.028056 0.089213
v -0.058229 0.028770 0.089892
v -0.059863 0.029562 0.090370
v -0.061551 0.030354 0.090598
v -0.063125 0.031068 0.090556
v -0.064434 0.031635 0.090246
v -0.065348 0.031999 0.089700
v -0.065778 0.032124 0.088971
v -0.065682 0.031999 0.088130
v -0.065069 0.031635 0.087259
v -0.063999 0.031068 0.086444
v -0.062578 0.030354 0.085764
v -0.060944 0.029562 0.085287
v -0.059257 0.028770 0.085059
v -0.057682 0.028056 0.085101
v -0.056373 0.027489 0.085411
v -0.055459 0.027126 0.085957
v -0.055029 0.027000 0.086686
v -0.057043 0.025218 0.087114
v -0.057122 0.025320 0.087801
v -0.057622 0.025617 0.088512
v -0.058495 0.026080 0.089177
v -0.059656 0.026663 0.089732
v -0.060990 0.027310 0.090122
v -0.062368 0.027956 0.090308
v -0.063653 0.028539 0.090274
v -0.064722 0.029002 0.090021
v -0.065468 0.029299 0.089575
v -0.065819 0.029402 0.088979
v -0.065741 0.029299 0.088293
v -0.065240 0.029002 0.087582
v -0.064367 0.028539 0.086916
v -0.063206 0.027956 0.086362
v -0.061872 0.027310 0.085972
v -0.060495 0.026663 0.085785
v -0.059209 0.026080 0.085820
v -0.058140 0.025617 0.086073
v -0.057394 0.025320 0.086519
v -0.057043 0.025218 0.087114
v -0.059117 0.024102 0.087555
v -0.059172 0.024175 0.088041
v -0.059526 0.024385 0.088543
v -0.060143 0.024712 0.089014
v -0.060964 0.025124 0.089406
v -0.061907 0.025581 0.089682
v -0.062882 0.026038 0.089814
v -0.063791 0.026451 0.089789
v -0.064546 0.026778 0.089610
v -0.065074 0.026988 0.089295
v -0.065322 0.027061 0.088874
v -0.065267 0.026988 0.088388
v -0.064913 0.026778 0.087886
v -0.064295 0.026451 0.087415
v -0.063475 0.026038 0.087023
v -0.062531 0.025581 0.086747
v -0.061557 0.025124 0.086615
v -0.060648 0.024712 0.086640
v -0.059892 0.024385 0.086818
v -0.059365 0.024175 0.087134
v -0.059117 0.024102 0.087555
v -0.061109 0.023729 0.087978
v -0.061138 0.023767 0.088230
v -0.061321 0.023875 0.088490
v -0.061640 0.024045 0.088733
v -0.062065 0.024258 0.088937
v -0.062553 0.024495 0.089079
v -0.063058 0.024731 0.089148
v -0.063528 0.024945 0.089135
v -0.063919 0.025114 0.089042
v -0.064193 0.025223 0.088879
v -0.064321 0.025261 0.088661
v -0.064292 0.025223 0.088410
v -0.064109 0.025114 0.088149
v -0.063790 0.024945 0.087906
v -0.063365 0.024731 0.087703
v -0.062876 0.024495 0.087560
v -0.062372 0.024258 0.087492
v -0.061901 0.024045 0.087505
v -0.061510 0.023875 0.087597
v -0.061237 0.023767 0.087760
v -0.061109 0.023729 0.087978
v -0.062884 0.024124 0.088356
v -0.062884 0.024124 0.088356
v -0.062884 0.024124 0.088356
v -0.062884 0.024124 0.088356
v -0.062884 0.024124 0.088356
v -0.062884 0.024124 0.088356
v -0.062884 0.024124 0.088356
v -0.062884 0.024124 0.088356
v -0.062884 0.024124 0.088356
v -0.062884 0.024124 0.088356
v -0.062884 0.024124 0.088356
v -0.062884 0.024124 0.088356
v -0.062884 0.024124 0.088356
v -0.062884 0.024124 0.088356
v -0.062884 0.024124 0.088356
v -0.062884 0.024124 0.088356
v -0.062884 0.024124 0.088356
v -0.062884 0.024124 0.088356
v -0.062884 0.024124 0.088356
v -0.062884 0.024124 0.088356
v -0.062884 0.024124 0.088356
v -0.035426 0.056000 0.082519
v -0.035426 0.056000 0.082519
v -0.035426 0.056000 0.082519
v -0.035426 0.056000 0.082519
v -0.035426 0.056000 0.082519
v -0.035426 0.056000 0.082519
v -0.035426 0.056000 0.082519
v -0.035426 0.056000 0.082519
v -0.035426 0.056000 0.082519
v -0.035426 0.056000 0.082519
v -0.035426 0.056000 0.082519
v -0.035426 0.056000 0.082519
v -0.035426 0.056000 0.082519
v -0.035426 0.056000 0.082519
v -0.035426 0.056000 0.082519
v -0.035426 0.056000 0.082519
v -0.035426 0.056000 0.082519
v -0.035426 0.056000 0.082519
v -0.035426 0.056000 0.082519
v -0.035426 0.056000 0.082519
v -0.035426 0.056000 0.082519
v -0.033654 0.055591 0.082143
v -0.033691 0.055591 0.082396
v -0.033897 0.055591 0.082661
v -0.034254 0.055591 0.082912
v -0.034725 0.055591 0.083125
v -0.035265 0.055591 0.083279
v -0.035820 0.055591 0.083358
v -0.036337 0.055591 0.083355
v -0.036765 0.055591 0.083270
v -0.037061 0.055591 0.083112
v -0.037198 0.055591 0.082896
v -0.037161 0.055591 0.082643
v -0.036955 0.055591 0.082378
v -0.036598 0.055591 0.082126
v -0.036127 0.055591 0.081913
v -0.035587 0.055591 0.081760
v -0.035032 0.055591 0.081681
v -0.034515 0.055591 0.081683
v -0.034087 0.055591 0.081768
v -0.033790 0.055591 0.081926
v -0.033654 0.055591 0.082143
v -0.032002 0.054392 0.081792
v -0.032074 0.054392 0.082281
v -0.032473 0.054392 0.082793
v -0.033161 0.054392 0.083279
v -0.034071 0.054392 0.083690
v -0.035114 0.054392 0.083986
v -0.036187 0.054392 0.084140
v -0.037186 0.054392 0.084134
v -0.038012 0.054392 0.083970
v -0.038586 0.054392 0.083665
v -0.038849 0.054392 0.083247
v -0.038778 0.054392 0.082758
v -0.038379 0.054392 0.082246
v -0.037691 0.054392 0.081760
v -0.036780 0.054392 0.081349
v -0.035738 0.054392 0.081052
v -0.034665 0.054392 0.080899
v -0.033666 0.054392 0.080905
v -0.032840 0.054392 0.081068
v -0.032266 0.054392 0.081374
v -0.032002 0.054392 0.081792
v -0.030584 0.052485 0.081490
v -0.030685 0.052485 0.082182
v -0.031250 0.052485 0.082906
v -0.032223 0.052485 0.083593
v -0.033510 0.052485 0.084175
v -0.034985 0.052485 0.084594
v -0.036503 0.052485 0.084811
v -0.037915 0.052485 0.084803
v -0.039084 0.052485 0.084571
v -0.039894 0.052485 0.084139
v -0.040268 0.052485 0.083548
v -0.040167 0.052485 0.082857
v -0.039602 0.052485 0.082132
v -0.038629 0.052485 0.081445
v -0.037342 0.052485 0.080864
v -0.035867 0.052485 0.080444
v -0.034349 0.052485 0.080228
v -0.032937 0.052485 0.080236
v -0.031768 0.052485 0.080467
v -0.030958 0.052485 0.080899
v -0.030584 0.052485 0.081490
v -0.029496 0.050000 0.081259
v -0.029620 0.050000 0.082106
v -0.030311 0.050000 0.082993
v -0.031504 0.050000 0.083834
v -0.033080 0.050000 0.084547
v -0.034886 0.050000 0.085061
v -0.036745 0.050000 0.085326
v -0.038474 0.050000 0.085316
v -0.039906 0.050000 0.085033
v -0.040899 0.050000 0.084503
v -0.041356 0.050000 0.083780
v -0.041232 0.050000 0.082933
v -0.040541 0.050000 0.082045
v -0.039348 0.050000 0.081204
v -0.037772 0.050000 0.080492
v -0.035966 0.050000 0.079978
v -0.034107 0.050000 0.079713
v -0.032378 0.050000 0.079722
v -0.030946 0.050000 0.080006
v -0.029953 0.050000 0.080535
v -0.029496 0.050000 0.081259
v -0.028812 0.047106 0.081113
v -0.028950 0.047106 0.082058
v -0.029721 0.047106 0.083048
v -0.031051 0.047106 0.083986
v -0.032809 0.047106 0.084781
v -0.034823 0.047106 0.085354
v -0.036897 0.047106 0.085649
v -0.038826 0.047106 0.085639
v -0.040422 0.047106 0.085323
v -0.041530 0.047106 0.084732
v -0.042040 0.047106 0.083925
v -0.041902 0.047106 0.082980
v -0.041131 0.047106 0.081991
v -0.039801 0.047106 0.081052
v -0.038043 0.047106 0.080258
v -0.036028 0.047106 0.079685
v -0.033955 0.047106 0.079389
v -0.032026 0.047106 0.079400
v -0.030429 0.047106 0.079716
v -0.029322 0.047106 0.080306
v -0.028812 0.047106 0.081113
v -0.028579 0.044000 0.081064
v -0.028721 0.044000 0.082042
v -0.029520 0.044000 0.083067
v -0.030897 0.044000 0.084038
v -0.032717 0.044000 0.084860
v -0.034802 0.044000 0.085454
v -0.036949 0.044000 0.085760
v -0.038946 0.044000 0.085749
v -0.040599 0.044000 0.085421
v -0.041745 0.044000 0.084810
v -0.042273 0.044000 0.083975
v -0.042131 0.044000 0.082997
v -0.041332 0.044000 0.081972
v -0.039955 0.044000 0.081001
v -0.038135 0.044000 0.080178
v -0.036050 0.044000 0.079585
v -0.033903 0.044000 0.079279
v -0.031906 0.044000 0.079290
v -0.030253 0.044000 0.079617
v -0.029107 0.044000 0.080228
v -0.028579 0.044000 0.081064
v -0.028812 0.040894 0.081113
v -0.028950 0.040894 0.082058
v -0.029721 0.040894 0.083048
v -0.031051 0.040894 0.083986
v -0.032809 0.040894 0.084781
v -0.034823 0.040894 0.085354
v -0.036897 0.040894 0.085649
v -0.038826 0.040894 0.085639
v -0.040422 0.040894 0.085323
v -0.041530 0.040894 0.084732
v -0.042040 0.040894 0.083925
v -0.041902 0.040894 0.082980
v -0.041131 0.040894 0.081991
v -0.039801 0.040894 0.081052
v -0.038043 0.040894 0.080258
v -0.036028 0.040894 0.079685
v -0.033955 0.040894 0.079389
v -0.032026 0.040894 0.079400
v -0.030429 0.040894 0.079716
v -0.029322 0.040894 0.080306
v -0.028812 0.040894 0.081113
v -0.029496 0.038000 0.081259
v -0.029620 0.038000 0.082106
v -0.030311 0.038000 0.082993
v -0.031504 0.038000 0.083834
v -0.033080 0.038000 0.084547
v -0.034886 0.038000 0.085061
v -0.036745 0.038000 0.085326
v -0.038474 0.038000 0.085316
v -0.039906 0.038000 0.085033
v -0.040899 0.038000 0.084503
v -0.041356 0.038000 0.083780
v -0.041232 0.038000 0.082933
v -0.040541 0.038000 0.082045
v -0.039348 0.038000 0.081204
v -0.037772 0.038000 0.080492
v -0.035966 0.038000 0.079978
v -0.034107 0.038000 0.079713
v -0.032378 0.038000 0.079722
v -0.030946 0.038000 0.080006
v -0.029953 0.038000 0.080535
v -0.029496 0.038000 0.081259
v -0.030584 0.035515 0.081490
v -0.030685 0.035515 0.082182
v -0.031250 0.035515 0.082906
v -0.032223 0.035515 0.083593
v -0.033510 0.035515 0.084175
v -0.034985 0.035515 0.084594
v -0.036503 0.035515 0.084811
v -0.037915 0.035515 0.084803
v -0.039084 0.035515 0.084571
v -0.039894 0.035515 0.084139
v -0.040268 0.035515 0.083548
v -0.040167 0.035515 0.082857
v -0.039602 0.035515 0.082132
v -0.038629 0.035515 0.081445
v -0.037342 0.035515 0.080864
v -0.035867 0.035515 0.080444
v -0.034349 0.035515 0.080228
v -0.032937 0.035515 0.080236
v -0.031768 0.035515 0.080467
v -0.030958 0.035515 0.080899
v -0.030584 0.035515 0.081490
v -0.032002 0.033608 0.081792
v -0.032074 0.033608 0.082281
v -0.032473 0.033608 0.082793
v -0.033161 0.033608 0.083279
v -0.034071 0.033608 0.083690
v -0.035114 0.033608 0.083986
v -0.036187 0.033608 0.084140
v -0.037186 0.033608 0.084134
v -0.038012 0.033608 0.083970
v -0.038586 0.033608 0.083665
v -0.038849 0.033608 0.083247
v -0.038778 0.033608 0.082758
v -0.038379 0.033608 0.082246
v -0.037691 0.033608 0.081760
v -0.036780 0.033608 0.081349
v -0.035738 0.033608 0.081052
v -0.034665 0.033608 0.080899
v -0.033666 0.033608 0.080905
v -0.032840 0.033608 0.081068
v -0.032266 0.033608 0.081374
v -0.032002 0.033608 0.081792
v -0.033654 0.032409 0.082143
v -0.033691 0.032409 0.082396
v -0.033897 0.032409 0.082661
v -0.034254 0.032409 0.082912
v -0.034725 0.032409 0.083125
v -0.035265 0.032409 0.083279
v -0.035820 0.032409 0.083358
v -0.036337 0.032409 0.083355
v -0.036765 0.032409 0.083270
v -0.037061 0.032409 0.083112
v -0.037198 0.032409 0.082896
v -0.037161 0.032409 0.082643
v -0.036955 0.032409 0.082378
v -0.036598 0.032409 0.082126
v -0.036127 0.032409 0.081913
v -0.035587 0.032409 0.081760
v -0.035032 0.032409 0.081681
v -0.034515 0.032409 0.081683
v -0.034087 0.032409 0.081768
v -0.033790 0.032409 0.081926
v -0.033654 0.032409 0.082143
v -0.035426 0.032000 0.082519
v -0.035426 0.032000 0.082519
v -0.035426 0.032000 0.082519
v -0.035426 0.032000 0.082519
v -0.035426 0.032000 0.082519
v -0.035426 0.032000 0.082519
v -0.035426 0.032000 0.082519
v -0.035426 0.032000 0.082519
v -0.035426 0.032000 0.082519
v -0.035426 0.032000 0.082519
v -0.035426 0.032000 0.082519
v -0.035426 0.032000 0.082519
v -0.035426 0.032000 0.082519
v -0.035426 0.032000 0.082519
v -0.035426 0.032000 0.082519
v -0.035426 0.032000 0.082519
v -0.035426 0.032000 0.082519
v -0.035426 0.032000 0.082519
v -0.035426 0.032000 0.082519
v -0.035426 0.032000 0.082519
v -0.035426 0.032000 0.082519
v -0.017889 0.045876 0.078792
v -0.017889 0.045876 0.078792
v -0.017889 0.045876 0.078792
v -0.017889 0.045876 0.078792
v -0.017889 0.045876 0.078792
v -0.017889 0.045876 0.078792
v -0.017889 0.045876 0.078792
v -0.017889 0.045876 0.078792
v -0.017889 0.045876 0.078792
v -0.017889 0.045876 0.078792
v -0.017889 0.045876 0.078792
v -0.017889 0.045876 0.078792
v -0.017889 0.045876 0.078792
v -0.017889 0.045876 0.078792
v -0.017889 0.045876 0.078792
v -0.017889 0.045876 0.078792
v -0.017889 0.045876 0.078792
v -0.017889 0.045876 0.078792
v -0.017889 0.045876 0.078792
v -0.017889 0.045876 0.078792
v -0.017889 0.045876 0.078792
v -0.016114 0.046271 0.078414
v -0.016143 0.046233 0.078666
v -0.016326 0.046125 0.078926
v -0.016645 0.045955 0.079170
v -0.017070 0.045742 0.079373
v -0.017559 0.045505 0.079515
v -0.018063 0.045269 0.079584
v -0.018534 0.045055 0.079571
v -0.018925 0.044886 0.079478
v -0.019198 0.044777 0.079315
v -0.019326 0.044739 0.079097
v -0.019298 0.044777 0.078846
v -0.019114 0.044886 0.078586
v -0.018795 0.045055 0.078342
v -0.018370 0.045269 0.078139
v -0.017882 0.045505 0.077996
v -0.017377 0.045742 0.077928
v -0.016907 0.045955 0.077941
v -0.016516 0.046125 0.078033
v -0.016243 0.046233 0.078196
v -0.016114 0.046271 0.078414
v -0.014122 0.045898 0.077991
v -0.014177 0.045825 0.078477
v -0.014531 0.045615 0.078979
v -0.015148 0.045288 0.079450
v -0.015969 0.044876 0.079842
v -0.016913 0.044419 0.080118
v -0.017887 0.043962 0.080250
v -0.018796 0.043549 0.080225
v -0.019551 0.043222 0.080046
v -0.020079 0.043012 0.079731
v -0.020327 0.042939 0.079310
v -0.020272 0.043012 0.078824
v -0.019918 0.043222 0.078322
v -0.019301 0.043549 0.077851
v -0.018480 0.043962 0.077459
v -0.017536 0.044419 0.077183
v -0.016562 0.044876 0.077051
v -0.015653 0.045288 0.077076
v -0.014898 0.045615 0.077254
v -0.014370 0.045825 0.077570
v -0.014122 0.045898 0.077991
v -0.012048 0.044782 0.077550
v -0.012127 0.044680 0.078237
v -0.012627 0.044383 0.078948
v -0.013500 0.043920 0.079613
v -0.014661 0.043337 0.080168
v -0.015995 0.042690 0.080558
v -0.017373 0.042044 0.080744
v -0.018659 0.041461 0.080710
v -0.019727 0.040998 0.080457
v -0.020473 0.040701 0.080011
v -0.020824 0.040598 0.079416
v -0.020746 0.040701 0.078729
v -0.020245 0.040998 0.078018
v -0.019372 0.041461 0.077352
v -0.018212 0.042044 0.076798
v -0.016877 0.042690 0.076408
v -0.015500 0.043337 0.076221
v -0.014214 0.043920 0.076256
v -0.013146 0.044383 0.076509
v -0.012399 0.044680 0.076955
v -0.012048 0.044782 0.077550
v -0.010035 0.043000 0.077122
v -0.010131 0.042874 0.077963
v -0.010744 0.042511 0.078834
v -0.011813 0.041944 0.079649
v -0.013234 0.041230 0.080328
v -0.014869 0.040438 0.080806
v -0.016556 0.039646 0.081034
v -0.018131 0.038932 0.080992
v -0.019439 0.038365 0.080682
v -0.020353 0.038001 0.080136
v -0.020783 0.037876 0.079407
v -0.020687 0.038001 0.078566
v -0.020074 0.038365 0.077695
v -0.019005 0.038932 0.076880
v -0.017583 0.039646 0.076201
v -0.015949 0.040438 0.075723
v -0.014262 0.041230 0.075495
v -0.012687 0.041944 0.075537
v -0.011379 0.042511 0.075847
v -0.010465 0.042874 0.076393
v -0.010035 0.043000 0.077122
v -0.008218 0.040672 0.076736
v -0.008326 0.040533 0.077674
v -0.009009 0.040127 0.078645
v -0.010202 0.039494 0.079554
v -0.011787 0.038698 0.080312
v -0.013610 0.037815 0.080845
v -0.015492 0.036932 0.081100
v -0.017248 0.036135 0.081052
v -0.018708 0.035503 0.080707
v -0.019727 0.035097 0.080098
v -0.020207 0.034957 0.079284
v -0.020099 0.035097 0.078346
v -0.019416 0.035503 0.077375
v -0.018223 0.036135 0.076466
v -0.016638 0.036932 0.075708
v -0.014815 0.037815 0.075176
v -0.012933 0.038698 0.074921
v -0.011177 0.039494 0.074968
v -0.009717 0.040127 0.075313
v -0.008698 0.040533 0.075923
v -0.008218 0.040672 0.076736
v -0.006723 0.037958 0.076418
v -0.006834 0.037814 0.077390
v -0.007542 0.037393 0.078395
v -0.008776 0.036739 0.079336
v -0.010418 0.035914 0.080120
v -0.012305 0.035000 0.080672
v -0.014253 0.034086 0.080936
v -0.016071 0.033261 0.080887
v -0.017582 0.032607 0.080529
v -0.018638 0.032186 0.079899
v -0.019134 0.032042 0.079056
v -0.019023 0.032186 0.078085
v -0.018316 0.032607 0.077080
v -0.017081 0.033261 0.076139
v -0.015439 0.034086 0.075354
v -0.013552 0.035000 0.074803
v -0.011604 0.035914 0.074539
v -0.009786 0.036739 0.074588
v -0.008275 0.037393 0.074945
v -0.007219 0.037814 0.075576
v -0.006723 0.037958 0.076418
v -0.005651 0.035043 0.076190
v -0.005758 0.034903 0.077129
v -0.006441 0.034497 0.078100
v -0.007634 0.033865 0.079009
v -0.009219 0.033068 0.079766
v -0.011042 0.032185 0.080299
v -0.012924 0.031302 0.080554
v -0.014680 0.030506 0.080506
v -0.016140 0.029873 0.080161
v -0.017159 0.029467 0.079552
v -0.017639 0.029328 0.078738
v -0.017532 0.029467 0.077800
v -0.016848 0.029873 0.076829
v -0.015655 0.030506 0.075920
v -0.014070 0.031302 0.075162
v -0.012247 0.032185 0.074630
v -0.010365 0.033068 0.074375
v -0.008609 0.033865 0.074422
v -0.007149 0.034497 0.074768
v -0.006130 0.034903 0.075377
v -0.005651 0.035043 0.076190
v -0.005074 0.032124 0.076068
v -0.005170 0.031999 0.076909
v -0.005783 0.031635 0.077780
v -0.006852 0.031068 0.078595
v -0.008274 0.030354 0.079274
v -0.009908 0.029562 0.079751
v -0.011595 0.028770 0.079980
v -0.013170 0.028056 0.079937
v -0.014479 0.027489 0.079628
v -0.015392 0.027126 0.079082
v -0.015822 0.027000 0.078352
v -0.015726 0.027126 0.077511
v -0.015114 0.027489 0.076640
v -0.014044 0.028056 0.075826
v -0.012623 0.028770 0.075146
v -0.010988 0.029562 0.074669
v -0.009301 0.030354 0.074440
v -0.007726 0.031068 0.074483
v -0.006418 0.031635 0.074792
v -0.005504 0.031999 0.075338
v -0.005074 0.032124 0.076068
v -0.005033 0.029402 0.076059
v -0.005111 0.029299 0.076746
v -0.005612 0.029002 0.077457
v -0.006485 0.028539 0.078122
v -0.007645 0.027956 0.078677
v -0.008980 0.027310 0.079067
v -0.010357 0.026663 0.079253
v -0.011643 0.026080 0.079219
v -0.012712 0.025617 0.078966
v -0.013458 0.025320 0.078520
v -0.013809 0.025218 0.077924
v -0.013730 0.025320 0.077238
v -0.013230 0.025617 0.076527
v -0.012357 0.026080 0.075861
v -0.011196 0.026663 0.075307
v -0.009862 0.027310 0.074917
v -0.008484 0.027956 0.074730
v -0.007199 0.028539 0.074765
v -0.006130 0.029002 0.075018
v -0.005384 0.029299 0.075463
v -0.005033 0.029402 0.076059
v -0.005530 0.027061 0.076165
v -0.005585 0.026988 0.076650
v -0.005939 0.026778 0.077153
v -0.006556 0.026451 0.077623
v -0.007377 0.026038 0.078016
v -0.008321 0.025581 0.078291
v -0.009295 0.025124 0.078423
v -0.010204 0.024712 0.078399
v -0.010959 0.024385 0.078220
v -0.011487 0.024175 0.077905
v -0.011735 0.024102 0.077484
v -0.011680 0.024175 0.076998
v -0.011326 0.024385 0.076495
v -0.010709 0.024712 0.076025
v -0.009888 0.025124 0.075633
v -0.008944 0.025581 0.075357
v -0.007970 0.026038 0.075225
v -0.007061 0.026451 0.075249
v -0.006306 0.026778 0.075428
v -0.005778 0.026988 0.075744
v -0.005530 0.027061 0.076165
v -0.006531 0.025261 0.076377
v -0.006560 0.025223 0.076629
v -0.006743 0.025114 0.076889
v -0.007062 0.024945 0.077133
v -0.007487 0.024731 0.077336
v -0.007976 0.024495 0.077478
v -0.008480 0.024258 0.077547
v -0.008950 0.024045 0.077534
v -0.009341 0.023875 0.077441
v -0.009615 0.023767 0.077278
v -0.009743 0.023729 0.077060
v -0.009714 0.023767 0.076809
v -0.009531 0.023875 0.076549
v -0.009212 0.024045 0.076305
v -0.008787 0.024258 0.076102
v -0.008298 0.024495 0.075959
v -0.007794 0.024731 0.075891
v -0.007324 0.024945 0.075904
v -0.006933 0.025114 0.075996
v -0.006659 0.025223 0.076159
v -0.006531 0.025261 0.076377
v -0.007968 0.024124 0.076683
v -0.007968 0.024124 0.076683
v -0.007968 0.024124 0.076683
v -0.007968 0.024124 0.076683
v -0.007968 0.024124 0.076683
v -0.007968 0.024124 0.076683
v -0.007968 0.024124 0.076683
v -0.007968 0.024124 0.076683
v -0.007968 0.024124 0.076683
v -0.007968 0.024124 0.076683
v -0.007968 0.024124 0.076683
v -0.007968 0.024124 0.076683
v -0.007968 0.024124 0.076683
v -0.007968 0.024124 0.076683
v -0.007968 0.024124 0.076683
v -0.007968 0.024124 0.076683
v -0.007968 0.024124 0.076683
v -0.007968 0.024124 0.076683
v -0.007968 0.024124 0.076683
v -0.007968 0.024124 0.076683
v -0.007968 0.024124 0.076683
v 0.047695 0.070876 0.065738
v 0.047695 0.070876 0.065738
v 0.047695 0.070876 0.065738
v 0.047695 0.070876 0.065738
v 0.047695 0.070876 0.065738
v 0.047695 0.070876 0.065738
v 0.047695 0.070876 0.065738
v 0.047695 0.070876 0.065738
v 0.047695 0.070876 0.065738
v 0.047695 0.070876 0.065738
v 0.047695 0.070876 0.065738
v 0.047695 0.070876 0.065738
v 0.047695 0.070876 0.065738
v 0.047695 0.070876 0.065738
v 0.047695 0.070876 0.065738
v 0.047695 0.070876 0.065738
v 0.047695 0.070876 0.065738
v 0.047695 0.070876 0.065738
v 0.047695 0.070876 0.065738
v 0.047695 0.070876 0.065738
v 0.047695 0.070876 0.065738
v 0.048899 0.069739 0.066581
v 0.048695 0.069777 0.066731
v 0.048380 0.069886 0.066775
v 0.047984 0.070055 0.066707
v 0.047546 0.070269 0.066535
v 0.047108 0.070505 0.066275
v 0.046714 0.070742 0.065953
v 0.046403 0.070955 0.065600
v 0.046204 0.071125 0.065251
v 0.046137 0.071233 0.064940
v 0.046208 0.071271 0.064697
v 0.046412 0.071233 0.064547
v 0.046727 0.071125 0.064503
v 0.047123 0.070955 0.064571
v 0.047561 0.070742 0.064743
v 0.047999 0.070505 0.065003
v 0.048393 0.070269 0.065325
v 0.048704 0.070055 0.065678
v 0.048903 0.069886 0.066027
v 0.048970 0.069777 0.066338
v 0.048899 0.069739 0.066581
v 0.049737 0.067939 0.067168
v 0.049344 0.068012 0.067458
v 0.048735 0.068222 0.067542
v 0.047970 0.068549 0.067412
v 0.047123 0.068962 0.067079
v 0.046278 0.069419 0.066577
v 0.045517 0.069876 0.065955
v 0.044915 0.070288 0.065273
v 0.044531 0.070615 0.064599
v 0.044401 0.070825 0.063998
v 0.044540 0.070898 0.063529
v 0.044933 0.070825 0.063238
v 0.045542 0.070615 0.063154
v 0.046307 0.070288 0.063285
v 0.047154 0.069876 0.063617
v 0.047999 0.069419 0.064119
v 0.048760 0.068962 0.064742
v 0.049362 0.068549 0.065424
v 0.049746 0.068222 0.066098
v 0.049876 0.068012 0.066699
v 0.049737 0.067939 0.067168
v 0.050153 0.065598 0.067459
v 0.049597 0.065701 0.067870
v 0.048736 0.065998 0.067989
v 0.047654 0.066461 0.067804
v 0.046457 0.067044 0.067334
v 0.045262 0.067690 0.066624
v 0.044186 0.068337 0.065743
v 0.043334 0.068920 0.064779
v 0.042790 0.069383 0.063826
v 0.042607 0.069680 0.062976
v 0.042804 0.069782 0.062313
v 0.043359 0.069680 0.061902
v 0.044221 0.069383 0.061783
v 0.045303 0.068920 0.061968
v 0.046500 0.068337 0.062438
v 0.047695 0.067690 0.063148
v 0.048771 0.067044 0.064028
v 0.049623 0.066461 0.064993
v 0.050166 0.065998 0.065946
v 0.050349 0.065701 0.066796
v 0.050153 0.065598 0.067459
v 0.050119 0.062876 0.067435
v 0.049438 0.063001 0.067938
v 0.048383 0.063365 0.068084
v 0.047058 0.063932 0.067858
v 0.045591 0.064646 0.067281
v 0.044128 0.065438 0.066412
v 0.042810 0.066230 0.065334
v 0.041767 0.066944 0.064153
v 0.041101 0.067511 0.062985
v 0.040877 0.067874 0.061944
v 0.041117 0.068000 0.061132
v 0.041798 0.067874 0.060629
v 0.042853 0.067511 0.060483
v 0.044178 0.066944 0.060709
v 0.045644 0.066230 0.061286
v 0.047108 0.065438 0.062155
v 0.048426 0.064646 0.063233
v 0.049469 0.063932 0.064414
v 0.050135 0.063365 0.065582
v 0.050359 0.063001 0.066623
v 0.050119 0.062876 0.067435
v 0.049636 0.059957 0.067097
v 0.048876 0.060097 0.067658
v 0.047700 0.060503 0.067821
v 0.046222 0.061135 0.067568
v 0.044586 0.061932 0.066926
v 0.042954 0.062815 0.065956
v 0.041484 0.063698 0.064753
v 0.040321 0.064494 0.063436
v 0.039578 0.065127 0.062134
v 0.039328 0.065533 0.060973
v 0.039596 0.065672 0.060067
v 0.040356 0.065533 0.059506
v 0.041532 0.065127 0.059343
v 0.043010 0.064494 0.059596
v 0.044646 0.063698 0.060238
v 0.046278 0.062815 0.061208
v 0.047748 0.061932 0.062411
v 0.048911 0.061135 0.063728
v 0.049654 0.060503 0.065030
v 0.049904 0.060097 0.066191
v 0.049636 0.059957 0.067097
v 0.048738 0.057042 0.066468
v 0.047952 0.057186 0.067049
v 0.046734 0.057607 0.067217
v 0.045203 0.058261 0.066956
v 0.043510 0.059086 0.066291
v 0.041820 0.060000 0.065287
v 0.040298 0.060914 0.064042
v 0.039094 0.061739 0.062678
v 0.038325 0.062393 0.061330
v 0.038067 0.062814 0.060128
v 0.038344 0.062958 0.059190
v 0.039130 0.062814 0.058609
v 0.040348 0.062393 0.058441
v 0.041878 0.061739 0.058702
v 0.043571 0.060914 0.059367
v 0.045262 0.060000 0.060372
v 0.046783 0.059086 0.061616
v 0.047988 0.058261 0.062980
v 0.048757 0.057607 0.064329
v 0.049015 0.057186 0.065530
v 0.048738 0.057042 0.066468
v 0.047485 0.054328 0.065591
v 0.046726 0.054467 0.066153
v 0.045550 0.054873 0.066315
v 0.044071 0.055506 0.066063
v 0.042436 0.056302 0.065420
v 0.040804 0.057185 0.064450
v 0.039334 0.058068 0.063248
v 0.038170 0.058865 0.061931
v 0.037428 0.059497 0.060628
v 0.037178 0.059903 0.059467
v 0.037446 0.060043 0.058561
v 0.038205 0.059903 0.058000
v 0.039382 0.059497 0.057837
v 0.040860 0.058865 0.058090
v 0.042495 0.058068 0.058733
v 0.044128 0.057185 0.059703
v 0.045598 0.056302 0.060905
v 0.046761 0.055506 0.062222
v 0.047504 0.054873 0.063525
v 0.047753 0.054467 0.064686
v 0.047485 0.054328 0.065591
v 0.045964 0.052000 0.064526
v 0.045284 0.052126 0.065029
v 0.044229 0.052489 0.065175
v 0.042903 0.053056 0.064949
v 0.041437 0.053770 0.064373
v 0.039973 0.054562 0.063503
v 0.038656 0.055354 0.062425
v 0.037613 0.056068 0.061244
v 0.036947 0.056635 0.060076
v 0.036723 0.056999 0.059035
v 0.036963 0.057124 0.058223
v 0.037644 0.056999 0.057720
v 0.038699 0.056635 0.057574
v 0.040024 0.056068 0.057801
v 0.041490 0.055354 0.058377
v 0.042954 0.054562 0.059246
v 0.044272 0.053770 0.060324
v 0.045315 0.053056 0.061505
v 0.045981 0.052489 0.062673
v 0.046204 0.052126 0.063714
v 0.045964 0.052000 0.064526
v 0.044278 0.050218 0.063345
v 0.043722 0.050320 0.063756
v 0.042861 0.050617 0.063875
v 0.041779 0.051080 0.063690
v 0.040582 0.051663 0.063220
v 0.039387 0.052310 0.062510
v 0.038311 0.052956 0.061630
v 0.037459 0.053539 0.060666
v 0.036915 0.054002 0.059712
v 0.036732 0.054299 0.058862
v 0.036929 0.054402 0.058199
v 0.037484 0.054299 0.057788
v 0.038346 0.054002 0.057669
v 0.039428 0.053539 0.057854
v 0.040625 0.052956 0.058324
v 0.041820 0.052310 0.059035
v 0.042896 0.051663 0.059915
v 0.043748 0.051080 0.060879
v 0.044291 0.050617 0.061832
v 0.044474 0.050320 0.062682
v 0.044278 0.050218 0.063345
v 0.042542 0.049102 0.062129
v 0.042148 0.049175 0.062420
v 0.041540 0.049385 0.062504
v 0.040774 0.049712 0.062373
v 0.039928 0.050124 0.062041
v 0.039083 0.050581 0.061539
v 0.038322 0.051038 0.060916
v 0.037720 0.051451 0.060235
v 0.037335 0.051778 0.059560
v 0.037206 0.051988 0.058959
v 0.037345 0.052061 0.058491
v 0.037738 0.051988 0.058200
v 0.038347 0.051778 0.058116
v 0.039112 0.051451 0.058246
v 0.039958 0.051038 0.058579
v 0.040803 0.050581 0.059081
v 0.041564 0.050124 0.059704
v 0.042166 0.049712 0.060385
v 0.042551 0.049385 0.061060
v 0.042680 0.049175 0.061661
v 0.042542 0.049102 0.062129
v 0.040873 0.048729 0.060961
v 0.040670 0.048767 0.061112
v 0.040354 0.048875 0.061155
v 0.039958 0.049045 0.061088
v 0.039520 0.049258 0.060915
v 0.039083 0.049495 0.060655
v 0.038689 0.049731 0.060333
v 0.038377 0.049945 0.059980
v 0.038178 0.050114 0.059631
v 0.038111 0.050223 0.059320
v 0.038183 0.050261 0.059078
v 0.038387 0.050223 0.058927
v 0.038702 0.050114 0.058884
v 0.039098 0.049945 0.058951
v 0.039536 0.049731 0.059123
v 0.039973 0.049495 0.059383
v 0.040367 0.049258 0.059705
v 0.040679 0.049045 0.060058
v 0.040878 0.048875 0.060407
v 0.040945 0.048767 0.060719
v 0.040873 0.048729 0.060961
v 0.039387 0.049124 0.059920
v 0.039387 0.049124 0.059920
v 0.039387 0.049124 0.059920
v 0.039387 0.049124 0.059920
v 0.039387 0.049124 0.059920
v 0.039387 0.049124 0.059920
v 0.039387 0.049124 0.059920
v 0.039387 0.049124 0.059920
v 0.039387 0.049124 0.059920
v 0.039387 0.049124 0.059920
v 0.039387 0.049124 0.059920
v 0.039387 0.049124 0.059920
v 0.039387 0.049124 0.059920
v 0.039387 0.049124 0.059920
v 0.039387 0.049124 0.059920
v 0.039387 0.049124 0.059920
v 0.039387 0.049124 0.059920
v 0.039387 0.049124 0.059920
v 0.039387 0.049124 0.059920
v 0.039387 0.049124 0.059920
v 0.039387 0.049124 0.059920
v 0.062381 0.081000 0.076021
v 0.062381 0.081000 0.076021
v 0.062381 0.081000 0.076021
v 0.062381 0.081000 0.076021
v 0.062381 0.081000 0.076021
v 0.062381 0.081000 0.076021
v 0.062381 0.081000 0.076021
v 0.062381 0.081000 0.076021
v 0.062381 0.081000 0.076021
v 0.062381 0.081000 0.076021
v 0.062381 0.081000 0.076021
v 0.062381 0.081000 0.076021
v 0.062381 0.081000 0.076021
v 0.062381 0.081000 0.076021
v 0.062381 0.081000 0.076021
v 0.062381 0.081000 0.076021
v 0.062381 0.081000 0.076021
v 0.062381 0.081000 0.076021
v 0.062381 0.081000 0.076021
v 0.062381 0.081000 0.076021
v 0.062381 0.081000 0.076021
v 0.063865 0.080591 0.077061
v 0.063655 0.080591 0.077206
v 0.063320 0.080591 0.077236
v 0.062893 0.080591 0.077147
v 0.062416 0.080591 0.076947
v 0.061936 0.080591 0.076657
v 0.061499 0.080591 0.076305
v 0.061149 0.080591 0.075925
v 0.060919 0.080591 0.075554
v 0.060832 0.080591 0.075230
v 0.060897 0.080591 0.074982
v 0.061107 0.080591 0.074836
v 0.061442 0.080591 0.074807
v 0.061869 0.080591 0.074896
v 0.062346 0.080591 0.075095
v 0.062827 0.080591 0.075385
v 0.063263 0.080591 0.075738
v 0.063614 0.080591 0.076118
v 0.063844 0.080591 0.076488
v 0.063930 0.080591 0.076813
v 0.063865 0.080591 0.077061
v 0.065248 0.079392 0.078029
v 0.064842 0.079392 0.078310
v 0.064195 0.079392 0.078368
v 0.063370 0.079392 0.078195
v 0.062449 0.079392 0.077810
v 0.061521 0.079392 0.077250
v 0.060677 0.079392 0.076570
v 0.060000 0.079392 0.075835
v 0.059556 0.079392 0.075119
v 0.059389 0.079392 0.074492
v 0.059514 0.079392 0.074014
v 0.059920 0.079392 0.073732
v 0.060568 0.079392 0.073675
v 0.061392 0.079392 0.073847
v 0.062314 0.079392 0.074232
v 0.063242 0.079392 0.074793
v 0.064086 0.079392 0.075473
v 0.064763 0.079392 0.076207
v 0.065207 0.079392 0.076923
v 0.065374 0.079392 0.077551
v 0.065248 0.079392 0.078029
v 0.066436 0.077485 0.078860
v 0.065861 0.077485 0.079258
v 0.064946 0.077485 0.079340
v 0.063780 0.077485 0.079096
v 0.062477 0.077485 0.078551
v 0.061165 0.077485 0.077759
v 0.059971 0.077485 0.076797
v 0.059014 0.077485 0.075758
v 0.058386 0.077485 0.074746
v 0.058149 0.077485 0.073858
v 0.058327 0.077485 0.073182
v 0.058901 0.077485 0.072784
v 0.059816 0.077485 0.072703
v 0.060982 0.077485 0.072947
v 0.062286 0.077485 0.073491
v 0.063598 0.077485 0.074284
v 0.064791 0.077485 0.075246
v 0.065749 0.077485 0.076284
v 0.066377 0.077485 0.077297
v 0.066613 0.077485 0.078184
v 0.066436 0.077485 0.078860
v 0.067347 0.075000 0.079498
v 0.066644 0.075000 0.079986
v 0.065523 0.075000 0.080085
v 0.064095 0.075000 0.079787
v 0.062499 0.075000 0.079120
v 0.060891 0.075000 0.078150
v 0.059430 0.075000 0.076971
v 0.058257 0.075000 0.075699
v 0.057488 0.075000 0.074459
v 0.057198 0.075000 0.073372
v 0.057415 0.075000 0.072544
v 0.058119 0.075000 0.072057
v 0.059240 0.075000 0.071957
v 0.060668 0.075000 0.072256
v 0.062264 0.075000 0.072923
v 0.063872 0.075000 0.073893
v 0.065333 0.075000 0.075072
v 0.066506 0.075000 0.076343
v 0.067275 0.075000 0.077583
v 0.067565 0.075000 0.078671
v 0.067347 0.075000 0.079498
v 0.067920 0.072106 0.079900
v 0.067135 0.072106 0.080443
v 0.065885 0.072106 0.080554
v 0.064292 0.072106 0.080221
v 0.062512 0.072106 0.079477
v 0.060719 0.072106 0.078395
v 0.059089 0.072106 0.077080
v 0.057781 0.072106 0.075662
v 0.056923 0.072106 0.074279
v 0.056600 0.072106 0.073066
v 0.056843 0.072106 0.072143
v 0.057627 0.072106 0.071599
v 0.058877 0.072106 0.071489
v 0.060470 0.072106 0.071821
v 0.062251 0.072106 0.072565
v 0.064043 0.072106 0.073648
v 0.065674 0.072106 0.074962
v 0.066982 0.072106 0.076381
v 0.067839 0.072106 0.077764
v 0.068163 0.072106 0.078976
v 0.067920 0.072106 0.079900
v 0.068115 0.069000 0.080036
v 0.067303 0.069000 0.080599
v 0.066009 0.069000 0.080714
v 0.064360 0.069000 0.080369
v 0.062517 0.069000 0.079599
v 0.060661 0.069000 0.078479
v 0.058973 0.069000 0.077118
v 0.057619 0.069000 0.075649
v 0.056731 0.069000 0.074218
v 0.056396 0.069000 0.072962
v 0.056647 0.069000 0.072006
v 0.057460 0.069000 0.071443
v 0.058754 0.069000 0.071329
v 0.060403 0.069000 0.071673
v 0.062246 0.069000 0.072443
v 0.064102 0.069000 0.073564
v 0.065790 0.069000 0.074925
v 0.067144 0.069000 0.076393
v 0.068032 0.069000 0.077825
v 0.068366 0.069000 0.079080
v 0.068115 0.069000 0.080036
v 0.067920 0.065894 0.079900
v 0.067135 0.065894 0.080443
v 0.065885 0.065894 0.080554
v 0.064292 0.065894 0.080221
v 0.062512 0.065894 0.079477
v 0.060719 0.065894 0.078395
v 0.059089 0.065894 0.077080
v 0.057781 0.065894 0.075662
v 0.056923 0.065894 0.074279
v 0.056600 0.065894 0.073066
v 0.056843 0.065894 0.072143
v 0.057627 0.065894 0.071599
v 0.058877 0.065894 0.071489
v 0.060470 0.065894 0.071821
v 0.062251 0.065894 0.072565
v 0.064043 0.065894 0.073648
v 0.065674 0.065894 0.074962
v 0.066982 0.065894 0.076381
v 0.067839 0.065894 0.077764
v 0.068163 0.065894 0.078976
v 0.067920 0.065894 0.079900
v 0.067347 0.063000 0.079498
v 0.066644 0.063000 0.079986
v 0.065523 0.063000 0.080085
v 0.064095 0.063000 0.079787
v 0.062499 0.063000 0.079120
v 0.060891 0.063000 0.078150
v 0.059430 0.063000 0.076971
v 0.058257 0.063000 0.075699
v 0.057488 0.063000 0.074459
v 0.057198 0.063000 0.073372
v 0.057415 0.063000 0.072544
v 0.058119 0.063000 0.072057
v 0.059240 0.063000 0.071957
v 0.060668 0.063000 0.072256
v 0.062264 0.063000 0.072923
v 0.063872 0.063000 0.073893
v 0.065333 0.063000 0.075072
v 0.066506 0.063000 0.076343
v 0.067275 0.063000 0.077583
v 0.067565 0.063000 0.078671
v 0.067347 0.063000 0.079498
v 0.066436 0.060515 0.078860
v 0.065861 0.060515 0.079258
v 0.064946 0.060515 0.079340
v 0.063780 0.060515 0.079096
v 0.062477 0.060515 0.078551
v 0.061165 0.060515 0.077759
v 0.059971 0.060515 0.076797
v 0.059014 0.060515 0.075758
v 0.058386 0.060515 0.074746
v 0.058149 0.060515 0.073858
v 0.058327 0.060515 0.073182
v 0.058901 0.060515 0.072784
v 0.059816 0.060515 0.072703
v 0.060982 0.060515 0.072947
v 0.062286 0.060515 0.073491
v 0.063598 0.060515 0.074284
v 0.064791 0.060515 0.075246
v 0.065749 0.060515 0.076284
v 0.066377 0.060515 0.077297
v 0.066613 0.060515 0.078184
v 0.066436 0.060515 0.078860
v 0.065248 0.058608 0.078029
v 0.064842 0.058608 0.078310
v 0.064195 0.058608 0.078368
v 0.063370 0.058608 0.078195
v 0.062449 0.058608 0.077810
v 0.061521 0.058608 0.077250
v 0.060677 0.058608 0.076570
v 0.060000 0.058608 0.075835
v 0.059556 0.058608 0.075119
v 0.059389 0.058608 0.074492
v 0.059514 0.058608 0.074014
v 0.059920 0.058608 0.073732
v 0.060568 0.058608 0.073675
v 0.061392 0.058608 0.073847
v 0.062314 0.058608 0.074232
v 0.063242 0.058608 0.074793
v 0.064086 0.058608 0.075473
v 0.064763 0.058608 0.076207
v 0.065207 0.058608 0.076923
v 0.065374 0.058608 0.077551
v 0.065248 0.058608 0.078029
v 0.063865 0.057409 0.077061
v 0.063655 0.057409 0.077206
v 0.063320 0.057409 0.077236
v 0.062893 0.057409 0.077147
v 0.062416 0.057409 0.076947
v 0.061936 0.057409 0.076657
v 0.061499 0.057409 0.076305
v 0.061149 0.057409 0.075925
v 0.060919 0.057409 0.075554
v 0.060832 0.057409 0.075230
v 0.060897 0.057409 0.074982
v 0.061107 0.057409 0.074836
v 0.061442 0.057409 0.074807
v 0.061869 0.057409 0.074896
v 0.062346 0.057409 0.075095
v 0.062827 0.057409 0.075385
v 0.063263 0.057409 0.075738
v 0.063614 0.057409 0.076118
v 0.063844 0.057409 0.076488
v 0.063930 0.057409 0.076813
v 0.063865 0.057409 0.077061
v 0.062381 0.057000 0.076021
v 0.062381 0.057000 0.076021
v 0.062381 0.057000 0.076021
v 0.062381 0.057000 0.076021
v 0.062381 0.057000 0.076021
v 0.062381 0.057000 0.076021
v 0.062381 0.057000 0.076021
v 0.062381 0.057000 0.076021
v 0.062381 0.057000 0.076021
v 0.062381 0.057000 0.076021
v 0.062381 0.057000 0.076021
v 0.062381 0.057000 0.076021
v 0.062381 0.057000 0.076021
v 0.062381 0.057000 0.076021
v 0.062381 0.057000 0.076021
v 0.062381 0.057000 0.076021
v 0.062381 0.057000 0.076021
v 0.062381 0.057000 0.076021
v 0.062381 0.057000 0.076021
v 0.062381 0.057000 0.076021
v 0.062381 0.057000 0.076021
v 0.077068 0.070876 0.086305
v 0.077068 0.070876 0.086305
v 0.077068 0.070876 0.086305
v 0.077068 0.070876 0.086305
v 0.077068 0.070876 0.086305
v 0.077068 0.070876 0.086305
v 0.077068 0.070876 0.086305
v 0.077068 0.070876 0.086305
v 0.077068 0.070876 0.086305
v 0.077068 0.070876 0.086305
v 0.077068 0.070876 0.086305
v 0.077068 0.070876 0.086305
v 0.077068 0.070876 0.086305
v 0.077068 0.070876 0.086305
v 0.077068 0.070876 0.086305
v 0.077068 0.070876 0.086305
v 0.077068 0.070876 0.086305
v 0.077068 0.070876 0.086305
v 0.077068 0.070876 0.086305
v 0.077068 0.070876 0.086305
v 0.077068 0.070876 0.086305
v 0.078554 0.071271 0.087346
v 0.078351 0.071233 0.087496
v 0.078035 0.071125 0.087540
v 0.077639 0.070955 0.087472
v 0.077201 0.070742 0.087300
v 0.076764 0.070505 0.087040
v 0.076370 0.070269 0.086718
v 0.076058 0.070055 0.086365
v 0.075859 0.069886 0.086016
v 0.075792 0.069777 0.085705
v 0.075864 0.069739 0.085462
v 0.076068 0.069777 0.085312
v 0.076383 0.069886 0.085268
v 0.076779 0.070055 0.085336
v 0.077217 0.070269 0.085508
v 0.077654 0.070505 0.085768
v 0.078048 0.070742 0.086090
v 0.078360 0.070955 0.086443
v 0.078559 0.071125 0.086792
v 0.078626 0.071233 0.087103
v 0.078554 0.071271 0.087346
v 0.080223 0.070898 0.088514
v 0.079829 0.070825 0.088805
v 0.079221 0.070615 0.088889
v 0.078455 0.070288 0.088758
v 0.077609 0.069876 0.088425
v 0.076764 0.069419 0.087923
v 0.076003 0.068962 0.087301
v 0.075401 0.068549 0.086619
v 0.075016 0.068222 0.085945
v 0.074887 0.068012 0.085344
v 0.075026 0.067939 0.084875
v 0.075419 0.068012 0.084584
v 0.076028 0.068222 0.084500
v 0.076793 0.068549 0.084631
v 0.077639 0.068962 0.084964
v 0.078484 0.069419 0.085466
v 0.079245 0.069876 0.086088
v 0.079847 0.070288 0.086770
v 0.080232 0.070615 0.087444
v 0.080361 0.070825 0.088045
v 0.080223 0.070898 0.088514
v 0.081959 0.069782 0.089730
v 0.081403 0.069680 0.090141
v 0.080542 0.069383 0.090260
v 0.079460 0.068920 0.090075
v 0.078263 0.068337 0.089604
v 0.077068 0.067690 0.088894
v 0.075992 0.067044 0.088014
v 0.075140 0.066461 0.087050
v 0.074596 0.065998 0.086096
v 0.074413 0.065701 0.085247
v 0.074610 0.065598 0.084584
v 0.075165 0.065701 0.084173
v 0.076027 0.065998 0.084054
v 0.077109 0.066461 0.084239
v 0.078306 0.067044 0.084709
v 0.079501 0.067690 0.085419
v 0.080577 0.068337 0.086299
v 0.081429 0.068920 0.087263
v 0.081972 0.069383 0.088217
v 0.082155 0.069680 0.089067
v 0.081959 0.069782 0.089730
v 0.083645 0.068000 0.090911
v 0.082964 0.067874 0.091414
v 0.081910 0.067511 0.091560
v 0.080584 0.066944 0.091333
v 0.079118 0.066230 0.090757
v 0.077654 0.065438 0.089887
v 0.076337 0.064646 0.088809
v 0.075294 0.063932 0.087629
v 0.074628 0.063365 0.086461
v 0.074404 0.063001 0.085420
v 0.074644 0.062876 0.084608
v 0.075325 0.063001 0.084104
v 0.076380 0.063365 0.083959
v 0.077705 0.063932 0.084185
v 0.079171 0.064646 0.084761
v 0.080635 0.065438 0.085631
v 0.081953 0.066230 0.086709
v 0.082996 0.066944 0.087890
v 0.083662 0.067511 0.089058
v 0.083885 0.067874 0.090099
v 0.083645 0.068000 0.090911
v 0.085166 0.065672 0.091976
v 0.084407 0.065533 0.092537
v 0.083231 0.065127 0.092700
v 0.081752 0.064494 0.092447
v 0.080117 0.063698 0.091804
v 0.078485 0.062815 0.090834
v 0.077015 0.061932 0.089632
v 0.075851 0.061135 0.088315
v 0.075109 0.060503 0.087012
v 0.074859 0.060097 0.085851
v 0.075127 0.059957 0.084946
v 0.075886 0.060097 0.084384
v 0.077063 0.060503 0.084222
v 0.078541 0.061135 0.084474
v 0.080176 0.061932 0.085117
v 0.081809 0.062815 0.086087
v 0.083279 0.063698 0.087289
v 0.084442 0.064494 0.088606
v 0.085185 0.065127 0.089909
v 0.085434 0.065533 0.091070
v 0.085166 0.065672 0.091976
v 0.086419 0.062958 0.092852
v 0.085633 0.062814 0.093434
v 0.084415 0.062393 0.093602
v 0.082884 0.061739 0.093341
v 0.081191 0.060914 0.092675
v 0.079501 0.060000 0.091671
v 0.077979 0.059086 0.090426
v 0.076775 0.058261 0.089063
v 0.076006 0.057607 0.087714
v 0.075748 0.057186 0.086512
v 0.076025 0.057042 0.085575
v 0.076811 0.057186 0.084993
v 0.078029 0.057607 0.084825
v 0.079559 0.058261 0.085087
v 0.081252 0.059086 0.085752
v 0.082943 0.060000 0.086756
v 0.084464 0.060914 0.088001
v 0.085669 0.061739 0.089364
v 0.086438 0.062393 0.090713
v 0.086696 0.062814 0.091915
v 0.086419 0.062958 0.092852
v 0.087317 0.060043 0.093481
v 0.086557 0.059903 0.094043
v 0.085381 0.059497 0.094205
v 0.083903 0.058865 0.093953
v 0.082267 0.058068 0.093310
v 0.080635 0.057185 0.092340
v 0.079165 0.056302 0.091138
v 0.078002 0.055506 0.089821
v 0.077259 0.054873 0.088518
v 0.077009 0.054467 0.087357
v 0.077277 0.054328 0.086452
v 0.078037 0.054467 0.085890
v 0.079213 0.054873 0.085728
v 0.080691 0.055506 0.085980
v 0.082327 0.056302 0.086623
v 0.083959 0.057185 0.087593
v 0.085429 0.058068 0.088795
v 0.086592 0.058865 0.090112
v 0.087335 0.059497 0.091415
v 0.087585 0.059903 0.092576
v 0.087317 0.060043 0.093481
v 0.087800 0.057124 0.093819
v 0.087119 0.056999 0.094323
v 0.086064 0.056635 0.094468
v 0.084739 0.056068 0.094242
v 0.083272 0.055354 0.093666
v 0.081809 0.054562 0.092796
v 0.080491 0.053770 0.091718
v 0.079448 0.053056 0.090537
v 0.078782 0.052489 0.089369
v 0.078558 0.052126 0.088329
v 0.078798 0.052000 0.087517
v 0.079479 0.052126 0.087013
v 0.080534 0.052489 0.086868
v 0.081859 0.053056 0.087094
v 0.083325 0.053770 0.087670
v 0.084789 0.054562 0.088540
v 0.086107 0.055354 0.089618
v 0.087150 0.056068 0.090799
v 0.087816 0.056635 0.091967
v 0.088040 0.056999 0.093007
v 0.087800 0.057124 0.093819
v 0.087834 0.054402 0.093844
v 0.087278 0.054299 0.094255
v 0.086417 0.054002 0.094374
v 0.085335 0.053539 0.094189
v 0.084138 0.052956 0.093718
v 0.082943 0.052310 0.093008
v 0.081867 0.051663 0.092128
v 0.081015 0.051080 0.091164
v 0.080471 0.050617 0.090210
v 0.080288 0.050320 0.089360
v 0.080485 0.050218 0.088697
v 0.081040 0.050320 0.088286
v 0.081902 0.050617 0.088167
v 0.082984 0.051080 0.088352
v 0.084181 0.051663 0.088823
v 0.085376 0.052310 0.089533
v 0.086452 0.052956 0.090413
v 0.087304 0.053539 0.091377
v 0.087847 0.054002 0.092331
v 0.088030 0.054299 0.093181
v 0.087834 0.054402 0.093844
v 0.087418 0.052061 0.093552
v 0.087025 0.051988 0.093843
v 0.086416 0.051778 0.093927
v 0.085651 0.051451 0.093796
v 0.084804 0.051038 0.093464
v 0.083959 0.050581 0.092961
v 0.083198 0.050124 0.092339
v 0.082596 0.049712 0.091657
v 0.082212 0.049385 0.090983
v 0.082082 0.049175 0.090382
v 0.082221 0.049102 0.089913
v 0.082614 0.049175 0.089623
v 0.083223 0.049385 0.089539
v 0.083988 0.049712 0.089669
v 0.084835 0.050124 0.090002
v 0.085680 0.050581 0.090504
v 0.086441 0.051038 0.091126
v 0.087043 0.051451 0.091808
v 0.087427 0.051778 0.092482
v 0.087557 0.051988 0.093083
v 0.087418 0.052061 0.093552
v 0.086580 0.050261 0.092965
v 0.086376 0.050223 0.093116
v 0.086061 0.050114 0.093159
v 0.085665 0.049945 0.093091
v 0.085227 0.049731 0.092919
v 0.084789 0.049495 0.092659
v 0.084395 0.049258 0.092337
v 0.084084 0.049045 0.091984
v 0.083885 0.048875 0.091635
v 0.083818 0.048767 0.091324
v 0.083889 0.048729 0.091082
v 0.084093 0.048767 0.090931
v 0.084408 0.048875 0.090888
v 0.084804 0.049045 0.090955
v 0.085242 0.049258 0.091127
v 0.085680 0.049495 0.091387
v 0.086074 0.049731 0.091709
v 0.086385 0.049945 0.092062
v 0.086584 0.050114 0.092411
v 0.086651 0.050223 0.092722
v 0.086580 0.050261 0.092965
v 0.085376 0.049124 0.092122
v 0.085376 0.049124 0.092122
v 0.085376 0.049124 0.092122
v 0.085376 0.049124 0.092122
v 0.085376 0.049124 0.092122
v 0.085376 0.049124 0.092122
v 0.085376 0.049124 0.092122
v 0.085376 0.049124 0.092122
v 0.085376 0.049124 0.092122
v 0.085376 0.049124 0.092122
v 0.085376 0.049124 0.092122
v 0.085376 0.049124 0.092122
v 0.085376 0.049124 0.092122
v 0.085376 0.049124 0.092122
v 0.085376 0.049124 0.092122
v 0.085376 0.049124 0.092122
v 0.085376 0.049124 0.092122
v 0.085376 0.049124 0.092122
v 0.085376 0.049124 0.092122
v 0.085376 0.049124 0.092122
v 0.085376 0.049124 0.092122
vn 0.383022 0.906308 0.178606
vn 0.383022 0.906308 0.178606
vn 0.383022 0.906308 0.178606
vn 0.383022 0.906308 0.178606
vn 0.383022 0.906308 0.178606
vn 0.383022 0.906308 0.178606
vn 0.383022 0.906308 0.178606
vn 0.383022 0.906308 0.178606
vn 0.383022 0.906308 0.178606
vn 0.383022 0.906308 0.178606
vn 0.383022 0.906308 0.178606
vn 0.383022 0.906308 0.178606
vn 0.383022 0.906308 0.178606
vn 0.383022 0.906308 0.178606
vn 0.383022 0.906308 0.178606
vn 0.383022 0.906308 0.178606
vn 0.383022 0.906308 0.178606
vn 0.383022 0.906308 0.178606
vn 0.383022 0.906308 0.178606
vn 0.383022 0.906308 0.178606
vn 0.383022 0.906308 0.178606
vn 0.755898 0.595654 0.271689
vn 0.583068 0.585230 0.563504
vn 0.368302 0.553451 0.747025
vn 0.179662 0.529959 0.828773
vn 0.034222 0.529192 0.847812
vn -0.074142 0.554492 0.828879
vn -0.152914 0.607328 0.779596
vn -0.204160 0.689868 0.694551
vn -0.221348 0.801135 0.556047
vn -0.187002 0.922159 0.338604
vn -0.083389 0.995635 0.041907
vn 0.071419 0.963418 -0.258312
vn 0.226216 0.853298 -0.469796
vn 0.354381 0.733696 -0.579745
vn 0.459220 0.638391 -0.617716
vn 0.550764 0.573291 -0.606627
vn 0.636362 0.536609 -0.554161
vn 0.718242 0.526553 -0.454830
vn 0.788686 0.541301 -0.291493
vn 0.818691 0.572543 -0.044043
vn 0.755898 0.595654 0.271689
vn 0.879971 0.324921 0.346522
vn 0.588676 0.310845 0.746214
vn 0.273540 0.287601 0.917857
vn 0.045103 0.283646 0.957868
vn -0.114286 0.301693 0.946531
vn -0.232817 0.340709 0.910886
vn -0.327614 0.403401 0.854363
vn -0.406411 0.497635 0.766282
vn -0.465373 0.635254 0.616344
vn -0.472332 0.812491 0.341703
vn -0.348782 0.931979 -0.098825
vn -0.098043 0.850091 -0.517429
vn 0.131975 0.671929 -0.728762
vn 0.296114 0.523742 -0.798756
vn 0.419714 0.421013 -0.804107
vn 0.525678 0.352260 -0.774323
vn 0.628452 0.308443 -0.714080
vn 0.737503 0.285793 -0.611892
vn 0.854195 0.284776 -0.435033
vn 0.944586 0.304957 -0.121488
vn 0.879971 0.324921 0.346522
vn 0.919950 0.081637 0.383441
vn 0.551813 0.086002 0.829522
vn 0.197674 0.101854 0.974962
vn -0.034989 0.128282 0.991120
vn -0.192799 0.164260 0.967392
vn -0.312656 0.211510 0.926018
vn -0.414714 0.275043 0.867389
vn -0.510167 0.364700 0.778925
vn -0.601150 0.497080 0.625723
vn -0.656172 0.681810 0.323377
vn -0.540885 0.815308 -0.206679
vn -0.216700 0.706942 -0.673256
vn 0.064435 0.518348 -0.852739
vn 0.249391 0.379036 -0.891143
vn 0.382629 0.284917 -0.878873
vn 0.494463 0.218681 -0.841240
vn 0.602663 0.169682 -0.779747
vn 0.720251 0.132402 -0.680961
vn 0.855486 0.104730 -0.507125
vn 0.981250 0.087388 -0.171791
vn 0.919950 0.081637 0.383441
vn 0.910989 -0.115798 0.395841
vn 0.503594 -0.083907 0.859856
vn 0.140958 -0.027479 0.989634
vn -0.086935 0.024150 0.995921
vn -0.240957 0.073163 0.967774
vn -0.360377 0.125409 0.924338
vn -0.466142 0.187693 0.864571
vn -0.571340 0.270133 0.774983
vn -0.682611 0.389486 0.618339
vn -0.772715 0.560129 0.298610
vn -0.669930 0.686192 -0.283434
vn -0.296442 0.574070 -0.763260
vn 0.016724 0.400588 -0.916105
vn 0.214456 0.277591 -0.936457
vn 0.353464 0.193050 -0.915311
vn 0.468174 0.129660 -0.874071
vn 0.577971 0.076918 -0.812424
vn 0.697281 0.027869 -0.716256
vn 0.837335 -0.023377 -0.546190
vn 0.975729 -0.079757 -0.203943
vn 0.910989 -0.115798 0.395841
vn 0.875523 -0.279369 0.394223
vn 0.452760 -0.219408 0.864215
vn 0.094880 -0.127696 0.987265
vn -0.125922 -0.055825 0.990468
vn -0.275966 0.003167 0.961162
vn -0.394470 0.058836 0.917023
vn -0.502389 0.119291 0.856373
vn -0.613864 0.194287 0.765130
vn -0.738438 0.298954 0.604431
vn -0.852078 0.447412 0.271635
vn -0.758655 0.555904 -0.339726
vn -0.354001 0.453091 -0.818163
vn -0.020619 0.303412 -0.952636
vn 0.185734 0.197351 -0.962578
vn 0.328700 0.121611 -0.936572
vn 0.445043 0.060831 -0.893441
vn 0.554972 0.005130 -0.831853
vn 0.673322 -0.053597 -0.737404
vn 0.812025 -0.124832 -0.570117
vn 0.949859 -0.216043 -0.226039
vn 0.875523 -0.279369 0.394223
vn 0.821394 -0.422618 0.383022
vn 0.399224 -0.336773 0.852763
vn 0.053319 -0.214720 0.975219
vn -0.159312 -0.125643 0.979200
vn -0.305292 -0.058288 0.950473
vn -0.422618 0.000000 0.906308
vn -0.531866 0.058288 0.844820
vn -0.647707 0.125643 0.751458
vn -0.781334 0.214720 0.586014
vn -0.909870 0.336773 0.242322
vn -0.821394 0.422618 -0.383022
vn -0.399224 0.336773 -0.852763
vn -0.053319 0.214720 -0.975219
vn 0.159312 0.125643 -0.979200
vn 0.305292 0.058288 -0.950473
vn 0.422618 0.000000 -0.906308
vn 0.531866 -0.058288 -0.844820
vn 0.647707 -0.125643 -0.751458
vn 0.781334 -0.214720 -0.586014
vn 0.909870 -0.336773 -0.242322
vn 0.821394 -0.422618 0.383022
vn 0.747899 -0.555904 0.362791
vn 0.339621 -0.447412 0.827333
vn 0.011638 -0.298954 0.954197
vn -0.191539 -0.194287 0.962063
vn -0.333090 -0.119291 0.935318
vn -0.448920 -0.058836 0.891633
vn -0.558905 -0.003167 0.829226
vn -0.677802 0.055825 0.733123
vn -0.817276 0.127696 0.561919
vn -0.953056 0.219408 0.208673
vn -0.864768 0.279369 -0.417288
vn -0.437401 0.216043 -0.872929
vn -0.085225 0.124832 -0.988511
vn 0.132081 0.053597 -0.989789
vn 0.280508 -0.005130 -0.959838
vn 0.398347 -0.060831 -0.915215
vn 0.506172 -0.121611 -0.853816
vn 0.617990 -0.197351 -0.761013
vn 0.743015 -0.303412 -0.596548
vn 0.854297 -0.453091 -0.254724
vn 0.747899 -0.555904 0.362791
vn 0.647746 -0.686192 0.331009
vn 0.267943 -0.560129 0.783876
vn -0.034902 -0.389486 0.920371
vn -0.226422 -0.270133 0.935821
vn -0.362670 -0.187693 0.912821
vn -0.476438 -0.125409 0.870218
vn -0.586474 -0.073163 0.806657
vn -0.707039 -0.024150 0.706762
vn -0.848710 0.027479 0.528144
vn -0.982392 0.083907 0.166929
vn -0.888804 0.115798 -0.443416
vn -0.470957 0.079757 -0.878543
vn -0.119822 0.023377 -0.992520
vn 0.100481 -0.027869 -0.994549
vn 0.250840 -0.076918 -0.964968
vn 0.368641 -0.129660 -0.920485
vn 0.473967 -0.193050 -0.859120
vn 0.579518 -0.277591 -0.766226
vn 0.691027 -0.400588 -0.601673
vn 0.775240 -0.574070 -0.263526
vn 0.647746 -0.686192 0.331009
vn 0.506000 -0.815308 0.281491
vn 0.174058 -0.681810 0.710520
vn -0.092920 -0.497080 0.862715
vn -0.268762 -0.364700 0.891494
vn -0.397885 -0.275043 0.875236
vn -0.508399 -0.211510 0.834742
vn -0.617136 -0.164260 0.769520
vn -0.736752 -0.128282 0.663883
vn -0.873927 -0.101854 0.475266
vn -0.990149 -0.086002 0.110493
vn -0.885065 -0.081637 -0.458252
vn -0.499135 -0.087388 -0.862106
vn -0.161416 -0.104730 -0.981314
vn 0.058678 -0.132402 -0.989458
vn 0.209936 -0.169682 -0.962878
vn 0.326593 -0.218681 -0.919519
vn 0.427306 -0.284917 -0.858040
vn 0.522350 -0.379036 -0.763860
vn 0.611818 -0.518348 -0.597490
vn 0.655036 -0.706942 -0.266759
vn 0.506000 -0.815308 0.281491
vn 0.299897 -0.931979 0.203659
vn 0.041849 -0.812491 0.581470
vn -0.173011 -0.635254 0.752675
vn -0.325770 -0.497635 0.803886
vn -0.443894 -0.403401 0.800141
vn -0.548128 -0.340709 0.763854
vn -0.651623 -0.301693 0.695966
vn -0.762761 -0.283646 0.581155
vn -0.878947 -0.287601 0.380444
vn -0.950027 -0.310845 0.028706
vn -0.831086 -0.324921 -0.451356
vn -0.514103 -0.304957 -0.801686
vn -0.215811 -0.284776 -0.933985
vn -0.005321 -0.285793 -0.958276
vn 0.143056 -0.308443 -0.940424
vn 0.255266 -0.352260 -0.900418
vn 0.346194 -0.421013 -0.838390
vn 0.421544 -0.523742 -0.740267
vn 0.473432 -0.671929 -0.569538
vn 0.459394 -0.850091 -0.257491
vn 0.299897 -0.931979 0.203659
vn 0.021499 -0.995635 0.090817
vn -0.139183 -0.922159 0.360903
vn -0.283677 -0.801135 0.526982
vn -0.400825 -0.689868 0.602844
vn -0.498914 -0.607328 0.618254
vn -0.587301 -0.554492 0.589590
vn -0.671459 -0.529192 0.518748
vn -0.750362 -0.529959 0.395096
vn -0.808994 -0.553451 0.198042
vn -0.806458 -0.585230 -0.084443
vn -0.694007 -0.595654 -0.404413
vn -0.492505 -0.572543 -0.655464
vn -0.283661 -0.541301 -0.791536
vn -0.113257 -0.526553 -0.842564
vn 0.015466 -0.536609 -0.843690
vn 0.110679 -0.573291 -0.811842
vn 0.178017 -0.638391 -0.748843
vn 0.216318 -0.733696 -0.644125
vn 0.214476 -0.853298 -0.475271
vn 0.151971 -0.963418 -0.220750
vn 0.021499 -0.995635 0.090817
vn -0.383022 -0.906308 -0.178606
vn -0.383022 -0.906308 -0.178606
vn -0.383022 -0.906308 -0.178606
vn -0.383022 -0.906308 -0.178606
vn -0.383022 -0.906308 -0.178606
vn -0.383022 -0.906308 -0.178606
vn -0.383022 -0.906308 -0.178606
vn -0.383022 -0.906308 -0.178606
vn -0.383022 -0.906308 -0.178606
vn -0.383022 -0.906308 -0.178606
vn -0.383022 -0.906308 -0.178606
vn -0.383022 -0.906308 -0.178606
vn -0.383022 -0.906308 -0.178606
vn -0.383022 -0.906308 -0.178606
vn -0.383022 -0.906308 -0.178606
vn -0.383022 -0.906308 -0.178606
vn -0.383022 -0.906308 -0.178606
vn -0.383022 -0.906308 -0.178606
vn -0.383022 -0.906308 -0.178606
vn -0.383022 -0.906308 -0.178606
vn -0.383022 -0.906308 -0.178606
vn 0.000000 1.000000 0.000000
vn 0.000000 1.000000 0.000000
vn 0.000000 1.000000 0.000000
vn 0.000000 1.000000 0.000000
vn 0.000000 1.000000 0.000000
vn 0.000000 1.000000 0.000000
vn 0.000000 1.000000 0.000000
vn 0.000000 1.000000 0.000000
vn 0.000000 1.000000 0.000000
vn 0.000000 1.000000 0.000000
vn 0.000000 1.000000 0.000000
vn 0.000000 1.000000 0.000000
vn 0.000000 1.000000 0.000000
vn 0.000000 1.000000 0.000000
vn 0.000000 1.000000 0.000000
vn 0.000000 1.000000 0.000000
vn 0.000000 1.000000 0.000000
vn 0.000000 1.000000 0.000000
vn 0.000000 1.000000 0.000000
vn 0.000000 1.000000 0.000000
vn 0.000000 1.000000 0.000000
vn 0.459826 0.877897 0.133628
vn 0.293818 0.854372 0.428624
vn 0.101166 0.776088 0.622457
vn -0.066892 0.697144 0.713803
vn -0.201529 0.644143 0.737879
vn -0.310565 0.622186 0.718634
vn -0.401743 0.631097 0.663566
vn -0.477607 0.671086 0.567040
vn -0.531120 0.740607 0.411598
vn -0.537969 0.824611 0.174945
vn -0.459826 0.877897 -0.133628
vn -0.293818 0.854372 -0.428624
vn -0.101166 0.776088 -0.622457
vn 0.066892 0.697144 -0.713803
vn 0.201529 0.644143 -0.737879
vn 0.310565 0.622186 -0.718634
vn 0.401743 0.631097 -0.663566
vn 0.477607 0.671086 -0.567040
vn 0.531120 0.740607 -0.411598
vn 0.537969 0.824611 -0.174945
vn 0.459826 0.877897 0.133628
vn 0.675363 0.693418 0.251112
vn 0.397533 0.640476 0.657083
vn 0.109392 0.529362 0.841314
vn -0.101385 0.445427 0.889559
vn -0.255013 0.398709 0.880908
vn -0.378087 0.382303 0.843146
vn -0.487573 0.392717 0.779773
vn -0.593239 0.432209 0.679163
vn -0.694993 0.507571 0.509270
vn -0.759447 0.616483 0.207820
vn -0.675363 0.693418 -0.251112
vn -0.397533 0.640476 -0.657083
vn -0.109392 0.529362 -0.841314
vn 0.101385 0.445427 -0.889559
vn 0.255013 0.398709 -0.880908
vn 0.378087 0.382303 -0.843146
vn 0.487573 0.392717 -0.779773
vn 0.593239 0.432209 -0.679163
vn 0.694993 0.507571 -0.509270
vn 0.759447 0.616483 -0.207820
vn 0.675363 0.693418 0.251112
vn 0.804123 0.494835 0.329430
vn 0.446637 0.437458 0.780478
vn 0.108461 0.342159 0.933361
vn -0.116999 0.279882 0.952879
vn -0.275593 0.247806 0.928785
vn -0.402839 0.237331 0.883965
vn -0.519274 0.245350 0.818632
vn -0.638546 0.274246 0.719061
vn -0.767734 0.332012 0.548044
vn -0.878428 0.424358 0.219738
vn -0.804123 0.494835 -0.329430
vn -0.446637 0.437458 -0.780478
vn -0.108461 0.342159 -0.933361
vn 0.116999 0.279882 -0.952879
vn 0.275593 0.247806 -0.928785
vn 0.402839 0.237331 -0.883965
vn 0.519274 0.245350 -0.818632
vn 0.638546 0.274246 -0.719061
vn 0.767734 0.332012 -0.548044
vn 0.878428 0.424358 -0.219738
vn 0.804123 0.494835 0.329430
vn 0.871029 0.314680 0.377208
vn 0.466120 0.270417 0.842382
vn 0.105121 0.205840 0.972923
vn -0.125234 0.166467 0.978062
vn -0.285167 0.146867 0.947159
vn -0.413849 0.140719 0.899404
vn -0.533185 0.145983 0.833308
vn -0.658648 0.164404 0.734271
vn -0.801450 0.201978 0.562924
vn -0.938506 0.265016 0.221300
vn -0.871029 0.314680 -0.377208
vn -0.466120 0.270417 -0.842382
vn -0.105121 0.205840 -0.972923
vn 0.125234 0.166467 -0.978062
vn 0.285167 0.146867 -0.947159
vn 0.413849 0.140719 -0.899404
vn 0.533185 0.145983 -0.833308
vn 0.658648 0.164404 -0.734271
vn 0.801450 0.201978 -0.562924
vn 0.938506 0.265016 -0.221300
vn 0.871029 0.314680 0.377208
vn 0.901002 0.152561 0.406104
vn 0.470941 0.128920 0.872693
vn 0.101060 0.096941 0.990146
vn -0.130393 0.078079 0.988383
vn -0.290434 0.068838 0.954416
vn -0.419556 0.066019 0.905325
vn -0.540149 0.068642 0.838765
vn -0.668496 0.077617 0.739654
vn -0.817805 0.096061 0.567421
vn -0.967620 0.127644 0.217757
vn -0.901002 0.152561 -0.406104
vn -0.470941 0.128920 -0.872693
vn -0.101060 0.096941 -0.990146
vn 0.130393 0.078079 -0.988383
vn 0.290434 0.068838 -0.954416
vn 0.419556 0.066019 -0.905325
vn 0.540149 0.068642 -0.838765
vn 0.668496 0.077617 -0.739654
vn 0.817805 0.096061 -0.567421
vn 0.967620 0.127644 -0.217757
vn 0.901002 0.152561 0.406104
vn 0.906308 -0.000000 0.422618
vn 0.466889 0.000000 0.884316
vn 0.096461 0.000000 0.995337
vn -0.134067 -0.000000 0.990972
vn -0.293581 0.000000 0.955934
vn -0.422618 0.000000 0.906308
vn -0.543578 -0.000000 0.839359
vn -0.672952 -0.000000 0.739686
vn -0.824476 0.000000 0.565897
vn -0.977536 0.000000 0.210769
vn -0.906308 0.000000 -0.422618
vn -0.466889 0.000000 -0.884316
vn -0.096461 0.000000 -0.995337
vn 0.134067 -0.000000 -0.990972
vn 0.293581 -0.000000 -0.955934
vn 0.422618 0.000000 -0.906308
vn 0.543578 -0.000000 -0.839359
vn 0.672952 -0.000000 -0.739686
vn 0.824476 0.000000 -0.565897
vn 0.977536 -0.000000 -0.210769
vn 0.906308 -0.000000 0.422618
vn 0.890247 -0.152561 0.429169
vn 0.455163 -0.127644 0.881212
vn 0.091005 -0.096061 0.991206
vn -0.136907 -0.077617 0.987538
vn -0.295330 -0.068642 0.952926
vn -0.423834 -0.066019 0.903331
vn -0.544438 -0.068838 0.835972
vn -0.673330 -0.078079 0.735208
vn -0.823456 -0.096941 0.559038
vn -0.971237 -0.128920 0.200195
vn -0.890247 -0.152561 -0.429169
vn -0.455163 -0.127644 -0.881212
vn -0.091005 -0.096061 -0.991206
vn 0.136907 -0.077617 -0.987538
vn 0.295330 -0.068642 -0.952926
vn 0.423834 -0.066019 -0.903331
vn 0.544438 -0.068838 -0.835972
vn 0.673330 -0.078079 -0.735208
vn 0.823456 -0.096941 -0.559038
vn 0.971237 -0.128920 -0.200195
vn 0.890247 -0.152561 0.429169
vn 0.848844 -0.314680 0.424782
vn 0.433734 -0.265016 0.861186
vn 0.083937 -0.201978 0.975787
vn -0.139113 -0.164404 0.976534
vn -0.295626 -0.145983 0.944084
vn -0.422966 -0.140719 0.895152
vn -0.542264 -0.146867 0.827272
vn -0.668740 -0.166467 0.724621
vn -0.812873 -0.205840 0.544855
vn -0.944918 -0.270417 0.184404
vn -0.848844 -0.314680 -0.424782
vn -0.433734 -0.265016 -0.861186
vn -0.083937 -0.201978 -0.975787
vn 0.139113 -0.164404 -0.976534
vn 0.295626 -0.145983 -0.944084
vn 0.422966 -0.140719 -0.895152
vn 0.542264 -0.146867 -0.827272
vn 0.668740 -0.166467 -0.724621
vn 0.812873 -0.205840 -0.544855
vn 0.944918 -0.270417 -0.184404
vn 0.848844 -0.314680 0.424782
vn 0.769238 -0.494835 0.404241
vn 0.396313 -0.424358 0.814160
vn 0.073664 -0.332012 0.940394
vn -0.140383 -0.274246 0.951358
vn -0.293326 -0.245350 0.923993
vn -0.418217 -0.237331 0.876795
vn -0.534343 -0.247806 0.808128
vn -0.654742 -0.279882 0.702125
vn -0.784714 -0.342159 0.516867
vn -0.884973 -0.437458 0.159537
vn -0.769238 -0.494835 -0.404241
vn -0.396313 -0.424358 -0.814160
vn -0.073664 -0.332012 -0.940394
vn 0.140383 -0.274246 -0.951358
vn 0.293326 -0.245350 -0.923993
vn 0.418217 -0.237331 -0.876795
vn 0.534343 -0.247806 -0.808128
vn 0.654742 -0.279882 -0.702125
vn 0.784714 -0.342159 -0.516867
vn 0.884973 -0.437458 -0.159537
vn 0.769238 -0.494835 0.404241
vn 0.626478 -0.693418 0.355946
vn 0.328964 -0.616483 0.715354
vn 0.056609 -0.507571 0.859748
vn -0.138942 -0.432209 0.891005
vn -0.283936 -0.392717 0.874731
vn -0.402858 -0.382303 0.831595
vn -0.510896 -0.398709 0.761588
vn -0.616273 -0.445427 0.649463
vn -0.714800 -0.529362 0.456987
vn -0.758884 -0.640476 0.117837
vn -0.626478 -0.693418 -0.355946
vn -0.328964 -0.616483 -0.715354
vn -0.056609 -0.507571 -0.859748
vn 0.138942 -0.432209 -0.891005
vn 0.283936 -0.392717 -0.874731
vn 0.402858 -0.382303 -0.831595
vn 0.510896 -0.398709 -0.761588
vn 0.616273 -0.445427 -0.649463
vn 0.714800 -0.529362 -0.456987
vn 0.758884 -0.640476 -0.117837
vn 0.626478 -0.693418 0.355946
vn 0.397936 -0.877897 0.266353
vn 0.211784 -0.824611 0.524561
vn 0.026095 -0.740607 0.671432
vn -0.127377 -0.671086 0.730355
vn -0.250086 -0.631097 0.734285
vn -0.350878 -0.622186 0.699835
vn -0.435708 -0.644143 0.628680
vn -0.503808 -0.697144 0.510066
vn -0.541858 -0.776088 0.322610
vn -0.517208 -0.854372 0.050437
vn -0.397936 -0.877897 -0.266353
vn -0.211784 -0.824611 -0.524561
vn -0.026095 -0.740607 -0.671432
vn 0.127377 -0.671086 -0.730355
vn 0.250086 -0.631097 -0.734285
vn 0.350878 -0.622186 -0.699835
vn 0.435708 -0.644143 -0.628680
vn 0.503808 -0.697144 -0.510066
vn 0.541858 -0.776088 -0.322610
vn 0.517208 -0.854372 -0.050437
vn 0.397936 -0.877897 0.266353
vn -0.000000 -1.000000 -0.000000
vn -0.000000 -1.000000 -0.000000
vn -0.000000 -1.000000 -0.000000
vn -0.000000 -1.000000 -0.000000
vn -0.000000 -1.000000 -0.000000
vn -0.000000 -1.000000 -0.000000
vn -0.000000 -1.000000 -0.000000
vn -0.000000 -1.000000 -0.000000
vn -0.000000 -1.000000 -0.000000
vn -0.000000 -1.000000 -0.000000
vn -0.000000 -1.000000 -0.000000
vn -0.000000 -1.000000 -0.000000
vn -0.000000 -1.000000 -0.000000
vn -0.000000 -1.000000 -0.000000
vn -0.000000 -1.000000 -0.000000
vn -0.000000 -1.000000 -0.000000
vn -0.000000 -1.000000 -0.000000
vn -0.000000 -1.000000 -0.000000
vn -0.000000 -1.000000 -0.000000
vn -0.000000 -1.000000 -0.000000
vn -0.000000 -1.000000 -0.000000
vn -0.383022 0.906308 -0.178606
vn -0.383022 0.906308 -0.178606
vn -0.383022 0.906308 -0.178606
vn -0.383022 0.906308 -0.178606
vn -0.383022 0.906308 -0.178606
vn -0.383022 0.906308 -0.178606
vn -0.383022 0.906308 -0.178606
vn -0.383022 0.906308 -0.178606
vn -0.383022 0.906308 -0.178606
vn -0.383022 0.906308 -0.178606
vn -0.383022 0.906308 -0.178606
vn -0.383022 0.906308 -0.178606
vn -0.383022 0.906308 -0.178606
vn -0.383022 0.906308 -0.178606
vn -0.383022 0.906308 -0.178606
vn -0.383022 0.906308 -0.178606
vn -0.383022 0.906308 -0.178606
vn -0.383022 0.906308 -0.178606
vn -0.383022 0.906308 -0.178606
vn -0.383022 0.906308 -0.178606
vn -0.383022 0.906308 -0.178606
vn 0.083389 0.995635 -0.041907
vn -0.071419 0.963418 0.258312
vn -0.226216 0.853298 0.469796
vn -0.354381 0.733696 0.579745
vn -0.459220 0.638391 0.617716
vn -0.550764 0.573291 0.606627
vn -0.636362 0.536609 0.554161
vn -0.718242 0.526553 0.454830
vn -0.788686 0.541301 0.291493
vn -0.818691 0.572543 0.044043
vn -0.755898 0.595654 -0.271689
vn -0.583068 0.585230 -0.563504
vn -0.368302 0.553451 -0.747025
vn -0.179662 0.529959 -0.828773
vn -0.034222 0.529192 -0.847812
vn 0.074142 0.554492 -0.828879
vn 0.152914 0.607328 -0.779596
vn 0.204160 0.689868 -0.694551
vn 0.221348 0.801135 -0.556047
vn 0.187002 0.922159 -0.338604
vn 0.083389 0.995635 -0.041907
vn 0.348782 0.931979 0.098825
vn 0.098043 0.850091 0.517429
vn -0.131975 0.671929 0.728762
vn -0.296114 0.523742 0.798756
vn -0.419714 0.421013 0.804107
vn -0.525678 0.352260 0.774323
vn -0.628452 0.308443 0.714080
vn -0.737503 0.285793 0.611892
vn -0.854195 0.284776 0.435033
vn -0.944586 0.304957 0.121488
vn -0.879971 0.324921 -0.346522
vn -0.588676 0.310845 -0.746214
vn -0.273540 0.287601 -0.917857
vn -0.045103 0.283646 -0.957868
vn 0.114286 0.301693 -0.946531
vn 0.232817 0.340709 -0.910886
vn 0.327614 0.403401 -0.854363
vn 0.406411 0.497635 -0.766282
vn 0.465373 0.635254 -0.616344
vn 0.472332 0.812491 -0.341703
vn 0.348782 0.931979 0.098825
vn 0.540885 0.815308 0.206679
vn 0.216700 0.706942 0.673256
vn -0.064435 0.518348 0.852739
vn -0.249391 0.379036 0.891143
vn -0.382629 0.284917 0.878873
vn -0.494463 0.218681 0.841240
vn -0.602663 0.169682 0.779747
vn -0.720251 0.132402 0.680961
vn -0.855486 0.104730 0.507125
vn -0.981250 0.087388 0.171791
vn -0.919950 0.081637 -0.383441
vn -0.551813 0.086002 -0.829522
vn -0.197674 0.101854 -0.974962
vn 0.034989 0.128282 -0.991120
vn 0.192799 0.164260 -0.967392
vn 0.312656 0.211510 -0.926018
vn 0.414714 0.275043 -0.867389
vn 0.510167 0.364700 -0.778925
vn 0.601150 0.497080 -0.625723
vn 0.656172 0.681810 -0.323377
vn 0.540885 0.815308 0.206679
vn 0.669930 0.686192 0.283434
vn 0.296442 0.574070 0.763260
vn -0.016724 0.400588 0.916105
vn -0.214456 0.277591 0.936457
vn -0.353464 0.193050 0.915311
vn -0.468174 0.129660 0.874071
vn -0.577971 0.076918 0.812424
vn -0.697281 0.027869 0.716256
vn -0.837335 -0.023377 0.546190
vn -0.975729 -0.079757 0.203943
vn -0.910989 -0.115798 -0.395841
vn -0.503594 -0.083907 -0.859856
vn -0.140958 -0.027479 -0.989634
vn 0.086935 0.024150 -0.995921
vn 0.240957 0.073163 -0.967774
vn 0.360377 0.125409 -0.924338
vn 0.466142 0.187693 -0.864571
vn 0.571340 0.270133 -0.774983
vn 0.682611 0.389486 -0.618339
vn 0.772715 0.560129 -0.298610
vn 0.669930 0.686192 0.283434
vn 0.758655 0.555904 0.339726
vn 0.354001 0.453091 0.818163
vn 0.020619 0.303412 0.952636
vn -0.185734 0.197351 0.962578
vn -0.328700 0.121611 0.936572
vn -0.445043 0.060831 0.893441
vn -0.554972 0.005130 0.831853
vn -0.673322 -0.053597 0.737404
vn -0.812025 -0.124832 0.570117
vn -0.949859 -0.216043 0.226039
vn -0.875523 -0.279369 -0.394223
vn -0.452760 -0.219408 -0.864215
vn -0.094880 -0.127696 -0.987265
vn 0.125922 -0.055825 -0.990468
vn 0.275966 0.003167 -0.961162
vn 0.394470 0.058836 -0.917023
vn 0.502389 0.119291 -0.856373
vn 0.613864 0.194287 -0.765130
vn 0.738438 0.298954 -0.604431
vn 0.852078 0.447412 -0.271635
vn 0.758655 0.555904 0.339726
vn 0.821394 0.422618 0.383022
vn 0.399224 0.336773 0.852763
vn 0.053319 0.214720 0.975219
vn -0.159312 0.125643 0.979200
vn -0.305292 0.058288 0.950473
vn -0.422618 -0.000000 0.906308
vn -0.531866 -0.058288 0.844820
vn -0.647707 -0.125643 0.751458
vn -0.781334 -0.214720 0.586014
vn -0.909870 -0.336773 0.242322
vn -0.821394 -0.422618 -0.383022
vn -0.399224 -0.336773 -0.852763
vn -0.053319 -0.214720 -0.975219
vn 0.159312 -0.125643 -0.979200
vn 0.305292 -0.058288 -0.950473
vn 0.422618 0.000000 -0.906308
vn 0.531866 0.058288 -0.844820
vn 0.647707 0.125643 -0.751458
vn 0.781334 0.214720 -0.586014
vn 0.909870 0.336773 -0.242322
vn 0.821394 0.422618 0.383022
vn 0.864768 0.279369 0.417288
vn 0.437401 0.216043 0.872929
vn 0.085225 0.124832 0.988511
vn -0.132081 0.053597 0.989789
vn -0.280508 -0.005130 0.959838
vn -0.398347 -0.060831 0.915215
vn -0.506172 -0.121611 0.853816
vn -0.617990 -0.197351 0.761013
vn -0.743015 -0.303412 0.596548
vn -0.854297 -0.453091 0.254724
vn -0.747899 -0.555904 -0.362791
vn -0.339621 -0.447412 -0.827333
vn -0.011638 -0.298954 -0.954197
vn 0.191539 -0.194287 -0.962063
vn 0.333090 -0.119291 -0.935318
vn 0.448920 -0.058836 -0.891633
vn 0.558905 -0.003167 -0.829226
vn 0.677802 0.055825 -0.733123
vn 0.817276 0.127696 -0.561919
vn 0.953056 0.219408 -0.208673
vn 0.864768 0.279369 0.417288
vn 0.888804 0.115798 0.443416
vn 0.470957 0.079757 0.878543
vn 0.119822 0.023377 0.992520
vn -0.100481 -0.027869 0.994549
vn -0.250840 -0.076918 0.964968
vn -0.368641 -0.129660 0.920485
vn -0.473967 -0.193050 0.859120
vn -0.579518 -0.277591 0.766226
vn -0.691027 -0.400588 0.601673
vn -0.775240 -0.574070 0.263526
vn -0.647746 -0.686192 -0.331009
vn -0.267943 -0.560129 -0.783876
vn 0.034902 -0.389486 -0.920371
vn 0.226422 -0.270133 -0.935821
vn 0.362670 -0.187693 -0.912821
vn 0.476438 -0.125409 -0.870218
vn 0.586474 -0.073163 -0.806657
vn 0.707039 -0.024150 -0.706762
vn 0.848710 0.027479 -0.528144
vn 0.982392 0.083907 -0.166929
vn 0.888804 0.115798 0.443416
vn 0.885065 -0.081637 0.458252
vn 0.499135 -0.087388 0.862106
vn 0.161416 -0.104730 0.981314
vn -0.058678 -0.132402 0.989458
vn -0.209936 -0.169682 0.962878
vn -0.326593 -0.218681 0.919519
vn -0.427306 -0.284917 0.858040
vn -0.522350 -0.379036 0.763860
vn -0.611818 -0.518348 0.597490
vn -0.655036 -0.706942 0.266759
vn -0.506000 -0.815308 -0.281491
vn -0.174058 -0.681810 -0.710520
vn 0.092920 -0.497080 -0.862715
vn 0.268762 -0.364700 -0.891494
vn 0.397885 -0.275043 -0.875236
vn 0.508399 -0.211510 -0.834742
vn 0.617136 -0.164260 -0.769520
vn 0.736752 -0.128282 -0.663883
vn 0.873927 -0.101854 -0.475266
vn 0.990149 -0.086002 -0.110493
vn 0.885065 -0.081637 0.458252
vn 0.831086 -0.324921 0.451356
vn 0.514103 -0.304957 0.801686
vn 0.215811 -0.284776 0.933985
vn 0.005321 -0.285793 0.958276
vn -0.143056 -0.308443 0.940424
vn -0.255266 -0.352260 0.900418
vn -0.346194 -0.421013 0.838390
vn -0.421544 -0.523742 0.740267
vn -0.473432 -0.671929 0.569538
vn -0.459394 -0.850091 0.257491
vn -0.299897 -0.931979 -0.203659
vn -0.041849 -0.812491 -0.581470
vn 0.173011 -0.635254 -0.752675
vn 0.325770 -0.497635 -0.803886
vn 0.443894 -0.403401 -0.800141
vn 0.548128 -0.340709 -0.763854
vn 0.651623 -0.301693 -0.695966
vn 0.762761 -0.283646 -0.581155
vn 0.878947 -0.287601 -0.380444
vn 0.950027 -0.310845 -0.028706
vn 0.831086 -0.324921 0.451356
vn 0.694007 -0.595654 0.404413
vn 0.492505 -0.572543 0.655464
vn 0.283661 -0.541301 0.791536
vn 0.113257 -0.526553 0.842564
vn -0.015466 -0.536609 0.843690
vn -0.110679 -0.573291 0.811842
vn -0.178017 -0.638391 0.748843
vn -0.216318 -0.733696 0.644125
vn -0.214476 -0.853298 0.475271
vn -0.151971 -0.963418 0.220750
vn -0.021499 -0.995635 -0.090817
vn 0.139183 -0.922159 -0.360903
vn 0.283677 -0.801135 -0.526982
vn 0.400825 -0.689868 -0.602844
vn 0.498914 -0.607328 -0.618254
vn 0.587301 -0.554492 -0.589590
vn 0.671459 -0.529192 -0.518748
vn 0.750362 -0.529959 -0.395096
vn 0.808994 -0.553451 -0.198042
vn 0.806458 -0.585230 0.084443
vn 0.694007 -0.595654 0.404413
vn 0.383022 -0.906308 0.178606
vn 0.383022 -0.906308 0.178606
vn 0.383022 -0.906308 0.178606
vn 0.383022 -0.906308 0.178606
vn 0.383022 -0.906308 0.178606
vn 0.383022 -0.906308 0.178606
vn 0.383022 -0.906308 0.178606
vn 0.383022 -0.906308 0.178606
vn 0.383022 -0.906308 0.178606
vn 0.383022 -0.906308 0.178606
vn 0.383022 -0.906308 0.178606
vn 0.383022 -0.906308 0.178606
vn 0.383022 -0.906308 0.178606
vn 0.383022 -0.906308 0.178606
vn 0.383022 -0.906308 0.178606
vn 0.383022 -0.906308 0.178606
vn 0.383022 -0.906308 0.178606
vn 0.383022 -0.906308 0.178606
vn 0.383022 -0.906308 0.178606
vn 0.383022 -0.906308 0.178606
vn 0.383022 -0.906308 0.178606
vn 0.346189 0.906308 -0.242404
vn 0.346189 0.906308 -0.242404
vn 0.346189 0.906308 -0.242404
vn 0.346189 0.906308 -0.242404
vn 0.346189 0.906308 -0.242404
vn 0.346189 0.906308 -0.242404
vn 0.346189 0.906308 -0.242404
vn 0.346189 0.906308 -0.242404
vn 0.346189 0.906308 -0.242404
vn 0.346189 0.906308 -0.242404
vn 0.346189 0.906308 -0.242404
vn 0.346189 0.906308 -0.242404
vn 0.346189 0.906308 -0.242404
vn 0.346189 0.906308 -0.242404
vn 0.346189 0.906308 -0.242404
vn 0.346189 0.906308 -0.242404
vn 0.346189 0.906308 -0.242404
vn 0.346189 0.906308 -0.242404
vn 0.346189 0.906308 -0.242404
vn 0.346189 0.906308 -0.242404
vn 0.346189 0.906308 -0.242404
vn 0.613238 0.595654 -0.518782
vn 0.779543 0.585230 -0.223200
vn 0.831093 0.553451 0.054553
vn 0.807570 0.529959 0.258795
vn 0.751337 0.529192 0.394269
vn 0.680759 0.554492 0.478649
vn 0.598693 0.607328 0.522226
vn 0.499419 0.689868 0.524083
vn 0.370877 0.801135 0.469716
vn 0.199739 0.922159 0.331251
vn -0.005402 0.995635 0.093171
vn -0.187995 0.963418 -0.191006
vn -0.293748 0.853298 -0.430807
vn -0.324883 0.733696 -0.596776
vn -0.305348 0.638391 -0.706554
vn -0.249972 0.573291 -0.780289
vn -0.161736 0.536609 -0.828186
vn -0.034774 0.526553 -0.849431
vn 0.141903 0.541301 -0.828768
vn 0.371203 0.572543 -0.731028
vn 0.613238 0.595654 -0.518782
vn 0.740083 0.324921 -0.588816
vn 0.940579 0.310845 -0.136701
vn 0.931657 0.287601 0.222036
vn 0.852089 0.283646 0.439874
vn 0.762577 0.301693 0.572239
vn 0.672442 0.340709 0.657068
vn 0.576094 0.403401 0.710904
vn 0.460414 0.497635 0.735104
vn 0.301083 0.635254 0.711197
vn 0.059758 0.812491 0.579903
vn -0.259976 0.931979 0.252642
vn -0.497128 0.850091 -0.173807
vn -0.565139 0.671929 -0.478675
vn -0.543686 0.523742 -0.655820
vn -0.486520 0.421013 -0.765537
vn -0.407744 0.352260 -0.842412
vn -0.304186 0.308443 -0.901296
vn -0.161163 0.285793 -0.944642
vn 0.050347 0.284776 -0.957271
vn 0.367081 0.304957 -0.878779
vn 0.740083 0.324921 -0.588816
vn 0.792044 0.081637 -0.604980
vn 0.994293 0.086002 -0.063123
vn 0.943179 0.101854 0.316290
vn 0.840841 0.128282 0.525862
vn 0.741386 0.164260 0.650665
vn 0.645627 0.211510 0.733777
vn 0.543824 0.275043 0.792847
vn 0.419485 0.364700 0.831280
vn 0.241317 0.497080 0.833473
vn -0.048033 0.681810 0.729951
vn -0.449432 0.815308 0.365080
vn -0.691407 0.706942 -0.148960
vn -0.706276 0.518348 -0.482172
vn -0.647057 0.379036 -0.661551
vn -0.569811 0.284917 -0.770803
vn -0.481304 0.218681 -0.848837
vn -0.373949 0.169682 -0.911795
vn -0.229604 0.132402 -0.964236
vn -0.011440 0.104730 -0.994435
vn 0.341849 0.087388 -0.935683
vn 0.792044 0.081637 -0.604980
vn 0.798303 -0.115798 -0.591019
vn 0.996454 -0.083907 -0.006197
vn 0.927527 -0.027479 0.372744
vn 0.819026 0.024150 0.573248
vn 0.717638 0.073163 0.692562
vn 0.620311 0.125409 0.774265
vn 0.515670 0.187693 0.835976
vn 0.385486 0.270133 0.882286
vn 0.194192 0.389486 0.900328
vn -0.127754 0.560129 0.818495
vn -0.580426 0.686192 0.438460
vn -0.809223 0.574070 -0.124903
vn -0.785008 0.400588 -0.472537
vn -0.703768 0.277591 -0.653953
vn -0.615951 0.193050 -0.763764
vn -0.522881 0.129660 -0.842487
vn -0.414594 0.076918 -0.906750
vn -0.271656 0.027869 -0.961991
vn -0.054347 -0.023377 -0.998248
vn 0.311245 -0.079757 -0.946977
vn 0.798303 -0.115798 -0.591019
vn 0.779169 -0.279369 -0.561114
vn 0.974813 -0.219408 0.040006
vn 0.902436 -0.127696 0.411464
vn 0.794810 -0.055825 0.604286
vn 0.694408 0.003167 0.719575
vn 0.596930 0.058836 0.800133
vn 0.490446 0.119291 0.863268
vn 0.355690 0.194287 0.914187
vn 0.154234 0.298954 0.941721
vn -0.190796 0.447412 0.873739
vn -0.673539 0.555904 0.487151
vn -0.885551 0.453091 -0.102507
vn -0.835317 0.303412 -0.458461
vn -0.740750 0.197351 -0.642139
vn -0.646745 0.121611 -0.752948
vn -0.551221 0.060831 -0.832139
vn -0.442920 0.005130 -0.896546
vn -0.301949 -0.053597 -0.951816
vn -0.087723 -0.124832 -0.988292
vn 0.279174 -0.216043 -0.935621
vn 0.779169 -0.279369 -0.561114
vn 0.742404 -0.422618 -0.519837
vn 0.938126 -0.336773 0.080644
vn 0.871224 -0.214720 0.441434
vn 0.768356 -0.125643 0.627569
vn 0.670488 -0.058288 0.739627
vn 0.573576 -0.000000 0.819152
vn 0.465702 0.058288 0.883020
vn 0.326928 0.125643 0.936660
vn 0.116836 0.214720 0.969662
vn -0.245078 0.336773 0.909132
vn -0.742404 0.422618 0.519837
vn -0.938126 0.336773 -0.080644
vn -0.871224 0.214720 -0.441434
vn -0.768356 0.125643 -0.627569
vn -0.670488 0.058288 -0.739627
vn -0.573576 -0.000000 -0.819152
vn -0.465702 -0.058288 -0.883020
vn -0.326928 -0.125643 -0.936660
vn -0.116836 -0.214720 -0.969662
vn 0.245078 -0.336773 -0.909132
vn 0.742404 -0.422618 -0.519837
vn 0.688136 -0.555904 -0.466304
vn 0.886302 -0.447412 0.119546
vn 0.832177 -0.298954 0.467020
vn 0.737402 -0.194287 0.646909
vn 0.643464 -0.119291 0.756124
vn 0.547717 -0.058836 0.834593
vn 0.438678 -0.003167 0.898639
vn 0.296002 0.055825 0.953555
vn 0.077998 0.127696 0.988742
vn -0.295812 0.219408 0.929707
vn -0.793766 0.279369 0.540267
vn -0.974680 0.216043 -0.057664
vn -0.898688 0.124832 -0.420449
vn -0.791142 0.053597 -0.609280
vn -0.690990 -0.005130 -0.722846
vn -0.593426 -0.060831 -0.802586
vn -0.486340 -0.121611 -0.865265
vn -0.350062 -0.197351 -0.915702
vn -0.145118 -0.303412 -0.941744
vn 0.206551 -0.453091 -0.867205
vn 0.688136 -0.555904 -0.466304
vn 0.610535 -0.686192 -0.395460
vn 0.812828 -0.560129 0.159893
vn 0.779614 -0.389486 0.490411
vn 0.697234 -0.270133 0.663998
vn 0.609191 -0.187693 0.770492
vn 0.515412 -0.125409 0.847716
vn 0.405349 -0.073163 0.911230
vn 0.258554 -0.024150 0.965695
vn 0.033031 0.027479 0.999076
vn -0.346631 0.083907 0.934241
vn -0.828412 0.115798 0.548019
vn -0.996319 0.079757 -0.031411
vn -0.919459 0.023377 -0.392491
vn -0.811064 -0.027869 -0.584293
vn -0.710266 -0.076918 -0.699718
vn -0.612843 -0.129660 -0.779495
vn -0.507036 -0.193050 -0.840027
vn -0.373812 -0.277591 -0.884990
vn -0.175550 -0.400588 -0.899284
vn 0.159400 -0.574070 -0.803141
vn 0.610535 -0.686192 -0.395460
vn 0.496778 -0.815308 -0.297463
vn 0.702358 -0.681810 0.204521
vn 0.700673 -0.497080 0.511829
vn 0.637675 -0.364700 0.678502
vn 0.559034 -0.275043 0.782197
vn 0.468708 -0.211510 0.857658
vn 0.357856 -0.164260 0.919216
vn 0.206564 -0.128282 0.969987
vn -0.025370 -0.101854 0.994476
vn -0.399385 -0.086002 0.912741
vn -0.839390 -0.081637 0.537363
vn -0.996174 -0.087388 0.001211
vn -0.930550 -0.104730 -0.350867
vn -0.827557 -0.132402 -0.545545
vn -0.728909 -0.169682 -0.663249
vn -0.633031 -0.218681 -0.742598
vn -0.529431 -0.284917 -0.799078
vn -0.400348 -0.379036 -0.834298
vn -0.211533 -0.518348 -0.828594
vn 0.096498 -0.706942 -0.700658
vn 0.496778 -0.815308 -0.297463
vn 0.326322 -0.931979 -0.157889
vn 0.524492 -0.812491 0.254492
vn 0.565330 -0.635254 0.526169
vn 0.533301 -0.497635 0.684068
vn 0.470995 -0.403401 0.784494
vn 0.387453 -0.340709 0.856620
vn 0.276913 -0.301693 0.912305
vn 0.121915 -0.283646 0.951148
vn -0.110000 -0.287601 0.951412
vn -0.450154 -0.310845 0.837100
vn -0.806429 -0.324921 0.494063
vn -0.951332 -0.304957 0.044383
vn -0.916760 -0.284776 -0.280095
vn -0.832552 -0.285793 -0.474530
vn -0.742903 -0.308443 -0.594102
vn -0.652151 -0.352260 -0.671276
vn -0.552970 -0.421013 -0.719008
vn -0.430318 -0.523742 -0.735201
vn -0.256519 -0.671929 -0.694774
vn 0.006703 -0.850091 -0.526593
vn 0.326322 -0.931979 -0.157889
vn 0.089400 -0.995635 0.026790
vn 0.242959 -0.922159 0.300987
vn 0.314542 -0.801135 0.509163
vn 0.321665 -0.689868 0.648547
vn 0.285966 -0.607328 0.741199
vn 0.216949 -0.554492 0.803412
vn 0.113519 -0.529192 0.840874
vn -0.033018 -0.529959 0.847380
vn -0.232987 -0.553451 0.799631
vn -0.476359 -0.585230 0.656192
vn -0.697236 -0.595654 0.398821
vn -0.813901 -0.572543 0.098790
vn -0.827321 -0.541301 -0.150111
vn -0.786310 -0.526553 -0.323199
vn -0.722924 -0.536609 -0.435239
vn -0.647737 -0.573291 -0.501772
vn -0.559509 -0.638391 -0.528589
vn -0.449669 -0.733696 -0.509400
vn -0.304358 -0.853298 -0.423377
vn -0.115189 -0.963418 -0.241986
vn 0.089400 -0.995635 0.026790
vn -0.346189 -0.906308 0.242404
vn -0.346189 -0.906308 0.242404
vn -0.346189 -0.906308 0.242404
vn -0.346189 -0.906308 0.242404
vn -0.346189 -0.906308 0.242404
vn -0.346189 -0.906308 0.242404
vn -0.346189 -0.906308 0.242404
vn -0.346189 -0.906308 0.242404
vn -0.346189 -0.906308 0.242404
vn -0.346189 -0.906308 0.242404
vn -0.346189 -0.906308 0.242404
vn -0.346189 -0.906308 0.242404
vn -0.346189 -0.906308 0.242404
vn -0.346189 -0.906308 0.242404
vn -0.346189 -0.906308 0.242404
vn -0.346189 -0.906308 0.242404
vn -0.346189 -0.906308 0.242404
vn -0.346189 -0.906308 0.242404
vn -0.346189 -0.906308 0.242404
vn -0.346189 -0.906308 0.242404
vn -0.346189 -0.906308 0.242404
vn 0.000000 1.000000 0.000000
vn 0.000000 1.000000 0.000000
vn 0.000000 1.000000 0.000000
vn 0.000000 1.000000 0.000000
vn 0.000000 1.000000 0.000000
vn 0.000000 1.000000 0.000000
vn 0.000000 1.000000 0.000000
vn 0.000000 1.000000 0.000000
vn 0.000000 1.000000 0.000000
vn 0.000000 1.000000 0.000000
vn 0.000000 1.000000 0.000000
vn 0.000000 1.000000 0.000000
vn 0.000000 1.000000 0.000000
vn 0.000000 1.000000 0.000000
vn 0.000000 1.000000 0.000000
vn 0.000000 1.000000 0.000000
vn 0.000000 1.000000 0.000000
vn 0.000000 1.000000 0.000000
vn 0.000000 1.000000 0.000000
vn 0.000000 1.000000 0.000000
vn 0.000000 1.000000 0.000000
vn 0.345639 0.877897 -0.331407
vn 0.518109 0.854372 -0.040142
vn 0.589647 0.776088 0.223616
vn 0.584726 0.697144 0.414832
vn 0.538258 0.644143 0.543469
vn 0.467073 0.622186 0.628274
vn 0.373793 0.631097 0.679702
vn 0.252267 0.671086 0.697140
vn 0.090894 0.740607 0.665762
vn -0.117478 0.824611 0.553368
vn -0.345639 0.877897 0.331407
vn -0.518109 0.854372 0.040142
vn -0.589647 0.776088 -0.223616
vn -0.584726 0.697144 -0.414832
vn -0.538258 0.644143 -0.543469
vn -0.467073 0.622186 -0.628274
vn -0.373793 0.631097 -0.679702
vn -0.252267 0.671086 -0.697140
vn -0.090894 0.740607 -0.665762
vn 0.117478 0.824611 -0.553368
vn 0.345639 0.877897 -0.331407
vn 0.555151 0.693418 -0.459325
vn 0.767817 0.640476 -0.015732
vn 0.783295 0.529362 0.325920
vn 0.719688 0.445427 0.532582
vn 0.635383 0.398709 0.661302
vn 0.541142 0.382303 0.749006
vn 0.431517 0.392717 0.812137
vn 0.291553 0.432209 0.853342
vn 0.093544 0.507571 0.856517
vn -0.199746 0.616483 0.761610
vn -0.555151 0.693418 0.459325
vn -0.767817 0.640476 0.015732
vn -0.783295 0.529362 -0.325920
vn -0.719688 0.445427 -0.532582
vn -0.635383 0.398709 -0.661302
vn -0.541142 0.382303 -0.749006
vn -0.431517 0.392717 -0.812137
vn -0.291553 0.432209 -0.853342
vn -0.093544 0.507571 -0.856517
vn 0.199746 0.616483 -0.761610
vn 0.555151 0.693418 -0.459325
vn 0.687356 0.494835 -0.531676
vn 0.899232 0.437458 0.003440
vn 0.862545 0.342159 0.372751
vn 0.766718 0.279882 0.577763
vn 0.666555 0.247806 0.703063
vn 0.564117 0.237331 0.790852
vn 0.449319 0.245350 0.859020
vn 0.303452 0.274246 0.912527
vn 0.090753 0.332012 0.938899
vn -0.248915 0.424358 0.870610
vn -0.687356 0.494835 0.531676
vn -0.899232 0.437458 -0.003440
vn -0.862545 0.342159 -0.372751
vn -0.766718 0.279882 -0.577763
vn -0.666555 0.247806 -0.703063
vn -0.564117 0.237331 -0.790852
vn -0.449319 0.245350 -0.859020
vn -0.303452 0.274246 -0.912527
vn -0.090753 0.332012 -0.938899
vn 0.248915 0.424358 -0.870610
vn 0.687356 0.494835 -0.531676
vn 0.762186 0.314680 -0.565729
vn 0.962584 0.270417 0.017519
vn 0.895137 0.205840 0.395424
vn 0.784409 0.166467 0.597487
vn 0.677680 0.146867 0.720541
vn 0.571982 0.140719 0.808106
vn 0.455074 0.145983 0.878406
vn 0.306573 0.164404 0.937542
vn 0.086782 0.201978 0.975538
vn -0.277601 0.265016 0.923420
vn -0.762186 0.314680 0.565729
vn -0.962584 0.270417 -0.017519
vn -0.895137 0.205840 -0.395424
vn -0.784409 0.166467 -0.597487
vn -0.677680 0.146867 -0.720541
vn -0.571982 0.140719 -0.808106
vn -0.455074 0.145983 -0.878406
vn -0.306573 0.164404 -0.937542
vn -0.086782 0.201978 -0.975538
vn 0.277601 0.265016 -0.923420
vn 0.762186 0.314680 -0.565729
vn 0.802197 0.152561 -0.577239
vn 0.991245 0.128920 0.028500
vn 0.908022 0.096941 0.407553
vn 0.790768 0.078079 0.607116
vn 0.681331 0.068838 0.728731
vn 0.574257 0.066019 0.816009
vn 0.456317 0.068642 0.887166
vn 0.306311 0.077617 0.948762
vn 0.082498 0.096061 0.991951
vn -0.295227 0.127644 0.946862
vn -0.802197 0.152561 0.577239
vn -0.991245 0.128920 -0.028500
vn -0.908022 0.096941 -0.407553
vn -0.790768 0.078079 -0.607116
vn -0.681331 0.068838 -0.728731
vn -0.574257 0.066019 -0.816009
vn -0.456317 0.068642 -0.887166
vn -0.306311 0.077617 -0.948762
vn -0.082498 0.096061 -0.991951
vn 0.295227 0.127644 -0.946862
vn 0.802197 0.152561 -0.577239
vn 0.819152 -0.000000 -0.573576
vn 0.999285 -0.000000 0.037820
vn 0.910217 0.000000 0.414131
vn 0.791173 -0.000000 0.611592
vn 0.681073 -0.000000 0.732216
vn 0.573576 0.000000 0.819152
vn 0.455117 -0.000000 0.890432
vn 0.304111 -0.000000 0.952637
vn 0.077843 -0.000000 0.996966
vn -0.306236 -0.000000 0.951956
vn -0.819152 0.000000 0.573576
vn -0.999285 0.000000 -0.037820
vn -0.910217 0.000000 -0.414131
vn -0.791173 -0.000000 -0.611592
vn -0.681073 -0.000000 -0.732216
vn -0.573576 -0.000000 -0.819152
vn -0.455117 -0.000000 -0.890432
vn -0.304111 0.000000 -0.952637
vn -0.077843 0.000000 -0.996966
vn 0.306236 -0.000000 -0.951956
vn 0.819152 -0.000000 -0.573576
vn 0.816795 -0.152561 -0.556392
vn 0.990733 -0.127644 0.046423
vn 0.903913 -0.096061 0.416790
vn 0.786780 -0.077617 0.612334
vn 0.677593 -0.068642 0.732227
vn 0.570390 -0.066019 0.818716
vn 0.451754 -0.068838 0.889483
vn 0.300043 -0.078079 0.950725
vn 0.072413 -0.096941 0.992652
vn -0.312245 -0.128920 0.941213
vn -0.816795 -0.152561 0.556392
vn -0.990733 -0.127644 -0.046423
vn -0.903913 -0.096061 -0.416790
vn -0.786780 -0.077617 -0.612334
vn -0.677593 -0.068642 -0.732227
vn -0.570390 -0.066019 -0.818716
vn -0.451754 -0.068838 -0.889483
vn -0.300043 -0.078079 -0.950725
vn -0.072413 -0.096941 -0.992652
vn 0.312245 -0.128920 -0.941213
vn 0.816795 -0.152561 -0.556392
vn 0.792294 -0.314680 -0.522730
vn 0.962676 -0.265016 0.054968
vn 0.887024 -0.201978 0.415202
vn 0.776147 -0.164404 0.608742
vn 0.669787 -0.145983 0.728062
vn 0.563741 -0.140719 0.813876
vn 0.445307 -0.146867 0.883251
vn 0.293170 -0.166467 0.941456
vn 0.065422 -0.205840 0.976396
vn -0.312760 -0.270417 0.910525
vn -0.792294 -0.314680 0.522730
vn -0.962676 -0.265016 -0.054968
vn -0.887024 -0.201978 -0.415202
vn -0.776147 -0.164404 -0.608742
vn -0.669787 -0.145983 -0.728062
vn -0.563741 -0.140719 -0.813876
vn -0.445307 -0.146867 -0.883251
vn -0.293170 -0.166467 -0.941456
vn -0.065422 -0.205840 -0.976396
vn 0.312760 -0.270417 -0.910525
vn 0.792294 -0.314680 -0.522730
vn 0.734702 -0.494835 -0.464059
vn 0.903240 -0.424358 0.063862
vn 0.851237 -0.332012 0.406402
vn 0.753709 -0.274246 0.597254
vn 0.653539 -0.245350 0.716024
vn 0.550218 -0.237331 0.800583
vn 0.432688 -0.247806 0.866818
vn 0.280687 -0.279882 0.918086
vn 0.055263 -0.342159 0.938016
vn -0.304323 -0.437458 0.846178
vn -0.734702 -0.494835 0.464059
vn -0.903240 -0.424358 -0.063862
vn -0.851237 -0.332012 -0.406402
vn -0.753709 -0.274246 -0.597254
vn -0.653539 -0.245350 -0.716024
vn -0.550218 -0.237331 -0.800583
vn -0.432688 -0.247806 -0.866818
vn -0.280687 -0.279882 -0.918086
vn -0.055263 -0.342159 -0.938016
vn 0.304323 -0.437458 -0.846178
vn 0.734702 -0.494835 -0.464059
vn 0.621497 -0.693418 -0.364572
vn 0.783997 -0.616483 0.072786
vn 0.772869 -0.507571 0.380849
vn 0.702162 -0.432209 0.565830
vn 0.615571 -0.392717 0.683261
vn 0.518754 -0.382303 0.764682
vn 0.404107 -0.398709 0.823243
vn 0.254315 -0.445427 0.858440
vn 0.038362 -0.529362 0.847528
vn -0.277392 -0.640476 0.716131
vn -0.621497 -0.693418 0.364572
vn -0.783997 -0.616483 -0.072786
vn -0.772869 -0.507571 -0.380849
vn -0.702162 -0.432209 -0.565830
vn -0.615571 -0.392717 -0.683261
vn -0.518754 -0.382303 -0.764682
vn -0.404107 -0.398709 -0.823243
vn -0.254315 -0.445427 -0.858440
vn -0.038362 -0.529362 -0.847528
vn 0.277392 -0.640476 -0.716131
vn 0.621497 -0.693418 -0.364572
vn 0.429636 -0.877897 -0.211446
vn 0.560175 -0.824611 0.078870
vn 0.594525 -0.740607 0.313116
vn 0.568817 -0.671086 0.475489
vn 0.510866 -0.631097 0.583723
vn 0.430636 -0.622186 0.653787
vn 0.326599 -0.644143 0.691674
vn 0.189826 -0.697144 0.691344
vn 0.008459 -0.776088 0.630568
vn -0.214925 -0.854372 0.473134
vn -0.429636 -0.877897 0.211446
vn -0.560175 -0.824611 -0.078870
vn -0.594525 -0.740607 -0.313116
vn -0.568817 -0.671086 -0.475489
vn -0.510866 -0.631097 -0.583723
vn -0.430636 -0.622186 -0.653787
vn -0.326599 -0.644143 -0.691674
vn -0.189826 -0.697144 -0.691344
vn -0.008459 -0.776088 -0.630568
vn 0.214925 -0.854372 -0.473134
vn 0.429636 -0.877897 -0.211446
vn 0.000000 -1.000000 0.000000
vn 0.000000 -1.000000 0.000000
vn 0.000000 -1.000000 0.000000
vn 0.000000 -1.000000 0.000000
vn 0.000000 -1.000000 0.000000
vn 0.000000 -1.000000 0.000000
vn 0.000000 -1.000000 0.000000
vn 0.000000 -1.000000 0.000000
vn 0.000000 -1.000000 0.000000
vn 0.000000 -1.000000 0.000000
vn 0.000000 -1.000000 0.000000
vn 0.000000 -1.000000 0.000000
vn 0.000000 -1.000000 0.000000
vn 0.000000 -1.000000 0.000000
vn 0.000000 -1.000000 0.000000
vn 0.000000 -1.000000 0.000000
vn 0.000000 -1.000000 0.000000
vn 0.000000 -1.000000 0.000000
vn 0.000000 -1.000000 0.000000
vn 0.000000 -1.000000 0.000000
vn 0.000000 -1.000000 0.000000
vn -0.346189 0.906308 0.242404
vn -0.346189 0.906308 0.242404
vn -0.346189 0.906308 0.242404
vn -0.346189 0.906308 0.242404
vn -0.346189 0.906308 0.242404
vn -0.346189 0.906308 0.242404
vn -0.346189 0.906308 0.242404
vn -0.346189 0.906308 0.242404
vn -0.346189 0.906308 0.242404
vn -0.346189 0.906308 0.242404
vn -0.346189 0.906308 0.242404
vn -0.346189 0.906308 0.242404
vn -0.346189 0.906308 0.242404
vn -0.346189 0.906308 0.242404
vn -0.346189 0.906308 0.242404
vn -0.346189 0.906308 0.242404
vn -0.346189 0.906308 0.242404
vn -0.346189 0.906308 0.242404
vn -0.346189 0.906308 0.242404
vn -0.346189 0.906308 0.242404
vn -0.346189 0.906308 0.242404
vn 0.005402 0.995635 -0.093171
vn 0.187995 0.963418 0.191006
vn 0.293748 0.853298 0.430807
vn 0.324883 0.733696 0.596776
vn 0.305348 0.638391 0.706554
vn 0.249972 0.573291 0.780289
vn 0.161736 0.536609 0.828186
vn 0.034774 0.526553 0.849431
vn -0.141903 0.541301 0.828768
vn -0.371203 0.572543 0.731028
vn -0.613238 0.595654 0.518782
vn -0.779543 0.585230 0.223200
vn -0.831093 0.553451 -0.054553
vn -0.807570 0.529959 -0.258795
vn -0.751337 0.529192 -0.394269
vn -0.680759 0.554492 -0.478649
vn -0.598693 0.607328 -0.522226
vn -0.499419 0.689868 -0.524083
vn -0.370877 0.801135 -0.469716
vn -0.199739 0.922159 -0.331251
vn 0.005402 0.995635 -0.093171
vn 0.259976 0.931979 -0.252642
vn 0.497128 0.850091 0.173807
vn 0.565139 0.671929 0.478675
vn 0.543686 0.523742 0.655820
vn 0.486520 0.421013 0.765537
vn 0.407744 0.352260 0.842412
vn 0.304186 0.308443 0.901296
vn 0.161163 0.285793 0.944642
vn -0.050347 0.284776 0.957271
vn -0.367081 0.304957 0.878779
vn -0.740083 0.324921 0.588816
vn -0.940579 0.310845 0.136701
vn -0.931657 0.287601 -0.222036
vn -0.852089 0.283646 -0.439874
vn -0.762577 0.301693 -0.572239
vn -0.672442 0.340709 -0.657068
vn -0.576094 0.403401 -0.710904
vn -0.460414 0.497635 -0.735104
vn -0.301083 0.635254 -0.711197
vn -0.059758 0.812491 -0.579903
vn 0.259976 0.931979 -0.252642
vn 0.449432 0.815308 -0.365080
vn 0.691407 0.706942 0.148960
vn 0.706276 0.518348 0.482172
vn 0.647057 0.379036 0.661551
vn 0.569811 0.284917 0.770803
vn 0.481304 0.218681 0.848837
vn 0.373949 0.169682 0.911795
vn 0.229604 0.132402 0.964236
vn 0.011440 0.104730 0.994435
vn -0.341849 0.087388 0.935683
vn -0.792044 0.081637 0.604980
vn -0.994293 0.086002 0.063123
vn -0.943179 0.101854 -0.316290
vn -0.840841 0.128282 -0.525862
vn -0.741386 0.164260 -0.650665
vn -0.645627 0.211510 -0.733777
vn -0.543824 0.275043 -0.792847
vn -0.419485 0.364700 -0.831280
vn -0.241317 0.497080 -0.833473
vn 0.048033 0.681810 -0.729951
vn 0.449432 0.815308 -0.365080
vn 0.580426 0.686192 -0.438460
vn 0.809223 0.574070 0.124903
vn 0.785008 0.400588 0.472537
vn 0.703768 0.277591 0.653953
vn 0.615951 0.193050 0.763764
vn 0.522881 0.129660 0.842487
vn 0.414594 0.076918 0.906750
vn 0.271656 0.027869 0.961991
vn 0.054347 -0.023377 0.998248
vn -0.311245 -0.079757 0.946977
vn -0.798303 -0.115798 0.591019
vn -0.996454 -0.083907 0.006197
vn -0.927527 -0.027479 -0.372744
vn -0.819026 0.024150 -0.573248
vn -0.717638 0.073163 -0.692562
vn -0.620311 0.125409 -0.774265
vn -0.515670 0.187693 -0.835976
vn -0.385486 0.270133 -0.882286
vn -0.194192 0.389486 -0.900328
vn 0.127754 0.560129 -0.818495
vn 0.580426 0.686192 -0.438460
vn 0.673539 0.555904 -0.487151
vn 0.885551 0.453091 0.102507
vn 0.835317 0.303412 0.458461
vn 0.740750 0.197351 0.642139
vn 0.646745 0.121611 0.752948
vn 0.551221 0.060831 0.832139
vn 0.442920 0.005130 0.896546
vn 0.301949 -0.053597 0.951816
vn 0.087723 -0.124832 0.988292
vn -0.279174 -0.216043 0.935621
vn -0.779169 -0.279369 0.561114
vn -0.974813 -0.219408 -0.040006
vn -0.902436 -0.127696 -0.411464
vn -0.794810 -0.055825 -0.604286
vn -0.694408 0.003167 -0.719575
vn -0.596930 0.058836 -0.800133
vn -0.490446 0.119291 -0.863268
vn -0.355690 0.194287 -0.914187
vn -0.154234 0.298954 -0.941721
vn 0.190796 0.447412 -0.873739
vn 0.673539 0.555904 -0.487151
vn 0.742404 0.422618 -0.519837
vn 0.938126 0.336773 0.080644
vn 0.871224 0.214720 0.441434
vn 0.768356 0.125643 0.627569
vn 0.670488 0.058288 0.739627
vn 0.573576 -0.000000 0.819152
vn 0.465702 -0.058288 0.883020
vn 0.326928 -0.125643 0.936660
vn 0.116836 -0.214720 0.969662
vn -0.245078 -0.336773 0.909132
vn -0.742404 -0.422618 0.519837
vn -0.938126 -0.336773 -0.080644
vn -0.871224 -0.214720 -0.441434
vn -0.768356 -0.125643 -0.627569
vn -0.670488 -0.058288 -0.739627
vn -0.573576 0.000000 -0.819152
vn -0.465702 0.058288 -0.883020
vn -0.326928 0.125643 -0.936660
vn -0.116836 0.214720 -0.969662
vn 0.245078 0.336773 -0.909132
vn 0.742404 0.422618 -0.519837
vn 0.793766 0.279369 -0.540267
vn 0.974680 0.216043 0.057664
vn 0.898688 0.124832 0.420449
vn 0.791142 0.053597 0.609280
vn 0.690990 -0.005130 0.722846
vn 0.593426 -0.060831 0.802586
vn 0.486340 -0.121611 0.865265
vn 0.350062 -0.197351 0.915702
vn 0.145118 -0.303412 0.941744
vn -0.206551 -0.453091 0.867205
vn -0.688136 -0.555904 0.466304
vn -0.886302 -0.447412 -0.119546
vn -0.832177 -0.298954 -0.467020
vn -0.737402 -0.194287 -0.646909
vn -0.643464 -0.119291 -0.756124
vn -0.547717 -0.058836 -0.834593
vn -0.438678 -0.003167 -0.898639
vn -0.296002 0.055825 -0.953555
vn -0.077998 0.127696 -0.988742
vn 0.295812 0.219408 -0.929707
vn 0.793766 0.279369 -0.540267
vn 0.828412 0.115798 -0.548019
vn 0.996319 0.079757 0.031411
vn 0.919459 0.023377 0.392491
vn 0.811064 -0.027869 0.584293
vn 0.710266 -0.076918 0.699718
vn 0.612843 -0.129660 0.779495
vn 0.507036 -0.193050 0.840027
vn 0.373812 -0.277591 0.884990
vn 0.175550 -0.400588 0.899284
vn -0.159400 -0.574070 0.803141
vn -0.610535 -0.686192 0.395460
vn -0.812828 -0.560129 -0.159893
vn -0.779614 -0.389486 -0.490411
vn -0.697234 -0.270133 -0.663998
vn -0.609191 -0.187693 -0.770492
vn -0.515412 -0.125409 -0.847716
vn -0.405349 -0.073163 -0.911230
vn -0.258554 -0.024150 -0.965695
vn -0.033031 0.027479 -0.999076
vn 0.346631 0.083907 -0.934241
vn 0.828412 0.115798 -0.548019
vn 0.839390 -0.081637 -0.537363
vn 0.996174 -0.087388 -0.001211
vn 0.930550 -0.104730 0.350867
vn 0.827557 -0.132402 0.545545
vn 0.728909 -0.169682 0.663249
vn 0.633031 -0.218681 0.742598
vn 0.529431 -0.284917 0.799078
vn 0.400348 -0.379036 0.834298
vn 0.211533 -0.518348 0.828594
vn -0.096498 -0.706942 0.700658
vn -0.496778 -0.815308 0.297463
vn -0.702358 -0.681810 -0.204521
vn -0.700673 -0.497080 -0.511829
vn -0.637675 -0.364700 -0.678502
vn -0.559034 -0.275043 -0.782197
vn -0.468708 -0.211510 -0.857658
vn -0.357856 -0.164260 -0.919216
vn -0.206564 -0.128282 -0.969987
vn 0.025370 -0.101854 -0.994476
vn 0.399385 -0.086002 -0.912741
vn 0.839390 -0.081637 -0.537363
vn 0.806429 -0.324921 -0.494063
vn 0.951332 -0.304957 -0.044383
vn 0.916760 -0.284776 0.280095
vn 0.832552 -0.285793 0.474530
vn 0.742903 -0.308443 0.594102
vn 0.652151 -0.352260 0.671276
vn 0.552970 -0.421013 0.719008
vn 0.430318 -0.523742 0.735201
vn 0.256519 -0.671929 0.694774
vn -0.006703 -0.850091 0.526593
vn -0.326322 -0.931979 0.157889
vn -0.524492 -0.812491 -0.254492
vn -0.565330 -0.635254 -0.526169
vn -0.533301 -0.497635 -0.684068
vn -0.470995 -0.403401 -0.784494
vn -0.387453 -0.340709 -0.856620
vn -0.276913 -0.301693 -0.912305
vn -0.121915 -0.283646 -0.951148
vn 0.110000 -0.287601 -0.951412
vn 0.450154 -0.310845 -0.837100
vn 0.806429 -0.324921 -0.494063
vn 0.697236 -0.595654 -0.398821
vn 0.813901 -0.572543 -0.098790
vn 0.827321 -0.541301 0.150111
vn 0.786310 -0.526553 0.323199
vn 0.722924 -0.536609 0.435239
vn 0.647737 -0.573291 0.501772
vn 0.559509 -0.638391 0.528589
vn 0.449669 -0.733696 0.509400
vn 0.304358 -0.853298 0.423377
vn 0.115189 -0.963418 0.241986
vn -0.089400 -0.995635 -0.026790
vn -0.242959 -0.922159 -0.300987
vn -0.314542 -0.801135 -0.509163
vn -0.321665 -0.689868 -0.648547
vn -0.285966 -0.607328 -0.741199
vn -0.216949 -0.554492 -0.803412
vn -0.113519 -0.529192 -0.840874
vn 0.033018 -0.529959 -0.847380
vn 0.232987 -0.553451 -0.799631
vn 0.476359 -0.585230 -0.656192
vn 0.697236 -0.595654 -0.398821
vn 0.346189 -0.906308 -0.242404
vn 0.346189 -0.906308 -0.242404
vn 0.346189 -0.906308 -0.242404
vn 0.346189 -0.906308 -0.242404
vn 0.346189 -0.906308 -0.242404
vn 0.346189 -0.906308 -0.242404
vn 0.346189 -0.906308 -0.242404
vn 0.346189 -0.906308 -0.242404
vn 0.346189 -0.906308 -0.242404
vn 0.346189 -0.906308 -0.242404
vn 0.346189 -0.906308 -0.242404
vn 0.346189 -0.906308 -0.242404
vn 0.346189 -0.906308 -0.242404
vn 0.346189 -0.906308 -0.242404
vn 0.346189 -0.906308 -0.242404
vn 0.346189 -0.906308 -0.242404
vn 0.346189 -0.906308 -0.242404
vn 0.346189 -0.906308 -0.242404
vn 0.346189 -0.906308 -0.242404
vn 0.346189 -0.906308 -0.242404
vn 0.346189 -0.906308 -0.242404
vn 0.413383 0.906308 -0.087867
vn 0.413383 0.906308 -0.087867
vn 0.413383 0.906308 -0.087867
vn 0.413383 0.906308 -0.087867
vn 0.413383 0.906308 -0.087867
vn 0.413383 0.906308 -0.087867
vn 0.413383 0.906308 -0.087867
vn 0.413383 0.906308 -0.087867
vn 0.413383 0.906308 -0.087867
vn 0.413383 0.906308 -0.087867
vn 0.413383 0.906308 -0.087867
vn 0.413383 0.906308 -0.087867
vn 0.413383 0.906308 -0.087867
vn 0.413383 0.906308 -0.087867
vn 0.413383 0.906308 -0.087867
vn 0.413383 0.906308 -0.087867
vn 0.413383 0.906308 -0.087867
vn 0.413383 0.906308 -0.087867
vn 0.413383 0.906308 -0.087867
vn 0.413383 0.906308 -0.087867
vn 0.413383 0.906308 -0.087867
vn 0.767193 0.595654 -0.237930
vn 0.804784 0.585230 0.099135
vn 0.743710 0.553451 0.374951
vn 0.642253 0.529959 0.553764
vn 0.537557 0.529192 0.656497
vn 0.439619 0.554492 0.706593
vn 0.347050 0.607328 0.714639
vn 0.254942 0.689868 0.677559
vn 0.157861 0.801135 0.577289
vn 0.054430 0.922159 0.382962
vn -0.041377 0.995635 0.083653
vn -0.098418 0.963418 -0.249278
vn -0.102067 0.853298 -0.511336
vn -0.065878 0.733696 -0.676277
vn -0.005001 0.638391 -0.769696
vn 0.074783 0.573291 -0.815932
vn 0.174719 0.536609 -0.825545
vn 0.299890 0.526553 -0.795492
vn 0.454448 0.541301 -0.707440
vn 0.627330 0.572543 -0.527875
vn 0.767193 0.595654 -0.237930
vn 0.911318 0.324921 -0.252835
vn 0.919221 0.310845 0.241679
vn 0.770839 0.287601 0.568413
vn 0.612480 0.283646 0.737844
vn 0.478364 0.301693 0.824712
vn 0.362249 0.340709 0.867579
vn 0.252525 0.403401 0.879488
vn 0.136586 0.497635 0.856565
vn -0.000738 0.635254 0.772303
vn -0.171579 0.812491 0.557153
vn -0.338024 0.931979 0.130977
vn -0.389697 0.850091 -0.354233
vn -0.333180 0.671929 -0.661440
vn -0.244216 0.523742 -0.816121
vn -0.148725 0.421013 -0.894779
vn -0.046174 0.352260 -0.934763
vn 0.072160 0.308443 -0.948502
vn 0.220750 0.285793 -0.932519
vn 0.420380 0.284776 -0.861500
vn 0.681267 0.304957 -0.665490
vn 0.911318 0.324921 -0.252835
vn 0.965465 0.081637 -0.247411
vn 0.939916 0.086002 0.330396
vn 0.744616 0.101854 0.659676
vn 0.568527 0.128282 0.812601
vn 0.428215 0.164260 0.888623
vn 0.307593 0.211510 0.927712
vn 0.190802 0.275043 0.942309
vn 0.061331 0.364700 0.929103
vn -0.103530 0.497080 0.861506
vn -0.329429 0.681810 0.653155
vn -0.556353 0.815308 0.160451
vn -0.578240 0.706942 -0.407273
vn -0.461731 0.518348 -0.719805
vn -0.337131 0.379036 -0.861786
vn -0.223337 0.284917 -0.932171
vn -0.111376 0.218681 -0.969420
vn 0.012045 0.169682 -0.985425
vn 0.165406 0.132402 -0.977298
vn 0.378026 0.104730 -0.919852
vn 0.680274 0.087388 -0.727730
vn 0.965465 0.081637 -0.247411
vn 0.965771 -0.115798 -0.232114
vn 0.919662 -0.083907 0.383641
vn 0.708151 -0.027479 0.705526
vn 0.529931 0.024150 0.847697
vn 0.389984 0.073163 0.917910
vn 0.268470 0.125409 0.955090
vn 0.148035 0.187693 0.971008
vn 0.010105 0.270133 0.962770
vn -0.173031 0.389486 0.904633
vn -0.437409 0.560129 0.703512
vn -0.705605 0.686192 0.176814
vn -0.696090 0.574070 -0.431163
vn -0.537969 0.400588 -0.741699
vn -0.392302 0.277591 -0.876951
vn -0.268559 0.193050 -0.943720
vn -0.152129 0.129660 -0.979819
vn -0.027341 0.076918 -0.996662
vn 0.125819 0.027869 -0.991662
vn 0.340020 -0.023377 -0.940128
vn 0.656516 -0.079757 -0.750084
vn 0.965771 -0.115798 -0.232114
vn 0.936473 -0.279369 -0.212062
vn 0.881688 -0.219408 0.417715
vn 0.669925 -0.127696 0.731364
vn 0.495513 -0.055825 0.866805
vn 0.358045 0.003167 0.933699
vn 0.236841 0.058836 0.969765
vn 0.114153 0.119291 0.986275
vn -0.029787 0.194287 0.980492
vn -0.225987 0.298954 0.927123
vn -0.517026 0.447412 0.729731
vn -0.810341 0.555904 0.185252
vn -0.775101 0.453091 -0.440371
vn -0.589778 0.303412 -0.748400
vn -0.430960 0.197351 -0.880526
vn -0.301132 0.121611 -0.945796
vn -0.182259 0.060831 -0.981367
vn -0.057402 0.005130 -0.998338
vn 0.093958 -0.053597 -0.994132
vn 0.305407 -0.124832 -0.944004
vn 0.622557 -0.216043 -0.752162
vn 0.936473 -0.279369 -0.212062
vn 0.886503 -0.422618 -0.188432
vn 0.832040 -0.336773 0.440788
vn 0.629484 -0.214720 0.746757
vn 0.462065 -0.125643 0.877901
vn 0.328192 -0.058288 0.942811
vn 0.207912 -0.000000 0.978148
vn 0.083658 0.058288 0.994788
vn -0.065043 0.125643 0.989941
vn -0.271329 0.214720 0.938230
vn -0.580821 0.336773 0.741101
vn -0.886503 0.422618 0.188432
vn -0.832040 0.336773 -0.440788
vn -0.629484 0.214720 -0.746757
vn -0.462065 0.125643 -0.877901
vn -0.328192 0.058288 -0.942811
vn -0.207912 0.000000 -0.978148
vn -0.083658 -0.058288 -0.994788
vn 0.065043 -0.125643 -0.989941
vn 0.271329 -0.214720 -0.938230
vn 0.580821 -0.336773 -0.741101
vn 0.886503 -0.422618 -0.188432
vn 0.815632 -0.555904 -0.160359
vn 0.769135 -0.447412 0.456349
vn 0.583544 -0.298954 0.755052
vn 0.426014 -0.194287 0.883609
vn 0.296871 -0.119291 0.947437
vn 0.178075 -0.058836 0.982256
vn 0.052679 -0.003167 0.998606
vn -0.100112 0.055825 0.993409
vn -0.314535 0.127696 0.940618
vn -0.635562 0.219408 0.740217
vn -0.941764 0.279369 0.187169
vn -0.874666 0.216043 -0.433917
vn -0.662964 0.124832 -0.738170
vn -0.490185 0.053597 -0.869969
vn -0.353622 -0.005130 -0.935375
vn -0.232656 -0.060831 -0.970655
vn -0.109592 -0.121611 -0.986509
vn 0.035560 -0.197351 -0.979688
vn 0.234387 -0.303412 -0.923582
vn 0.528975 -0.453091 -0.717561
vn 0.815632 -0.555904 -0.160359
vn 0.716519 -0.686192 -0.125468
vn 0.685737 -0.560129 0.464779
vn 0.526019 -0.389486 0.756045
vn 0.382363 -0.270133 0.883644
vn 0.259708 -0.187693 0.947271
vn 0.143210 -0.125409 0.981715
vn 0.017080 -0.073163 0.997174
vn -0.139327 -0.024150 0.989952
vn -0.359965 0.027479 0.932561
vn -0.684113 0.083907 0.724534
vn -0.976685 0.115798 0.180768
vn -0.904844 0.079757 -0.418207
vn -0.693008 0.023377 -0.720551
vn -0.518287 -0.027869 -0.854753
vn -0.380402 -0.076918 -0.921617
vn -0.259552 -0.129660 -0.956985
vn -0.138505 -0.193050 -0.971364
vn 0.001698 -0.277591 -0.960698
vn 0.189783 -0.400588 -0.896388
vn 0.460541 -0.574070 -0.677012
vn 0.716519 -0.686192 -0.125468
vn 0.573515 -0.815308 -0.079710
vn 0.566611 -0.681810 0.462696
vn 0.444985 -0.497080 0.744916
vn 0.321871 -0.364700 0.873724
vn 0.208965 -0.275043 0.938448
vn 0.096334 -0.211510 0.972617
vn -0.029758 -0.164260 0.985968
vn -0.188861 -0.128282 0.973589
vn -0.411926 -0.101854 0.905507
vn -0.724272 -0.086002 0.684130
vn -0.982627 -0.081637 0.166669
vn -0.917456 -0.087388 -0.388122
vn -0.719482 -0.104730 -0.686570
vn -0.548608 -0.132402 -0.825529
vn -0.411812 -0.169682 -0.895332
vn -0.292552 -0.218681 -0.930909
vn -0.175119 -0.284917 -0.942420
vn -0.042536 -0.379036 -0.924404
vn 0.129041 -0.518348 -0.845378
vn 0.362596 -0.706942 -0.607254
vn 0.573515 -0.815308 -0.079710
vn 0.362073 -0.931979 -0.017833
vn 0.383360 -0.812491 0.439197
vn 0.314798 -0.635254 0.705233
vn 0.223619 -0.497635 0.838065
vn 0.127027 -0.403401 0.906163
vn 0.021945 -0.340709 0.939913
vn -0.101567 -0.301693 0.947980
vn -0.259420 -0.283646 0.923172
vn -0.473002 -0.287601 0.832799
vn -0.741450 -0.310845 0.594666
vn -0.935368 -0.324921 0.139691
vn -0.893047 -0.304957 -0.330860
vn -0.734440 -0.284776 -0.616036
vn -0.580955 -0.285793 -0.762111
vn -0.451712 -0.308443 -0.837149
vn -0.338020 -0.352260 -0.872729
vn -0.228073 -0.421013 -0.877913
vn -0.108844 -0.523742 -0.844895
vn 0.035343 -0.671929 -0.739772
vn 0.211926 -0.850091 -0.482112
vn 0.362073 -0.931979 -0.017833
vn 0.071825 -0.995635 0.059592
vn 0.106040 -0.922159 0.371992
vn 0.090592 -0.801135 0.591588
vn 0.042687 -0.689868 0.722675
vn -0.026376 -0.607328 0.794014
vn -0.114215 -0.554492 0.824314
vn -0.224061 -0.529192 0.818384
vn -0.361491 -0.529959 0.767117
vn -0.526906 -0.553451 0.645028
vn -0.694885 -0.585230 0.417900
vn -0.797641 -0.595654 0.094685
vn -0.787800 -0.572543 -0.227080
vn -0.702900 -0.541301 -0.461438
vn -0.597519 -0.526553 -0.604742
vn -0.495393 -0.536609 -0.683108
vn -0.400187 -0.573291 -0.714974
vn -0.308495 -0.638391 -0.705186
vn -0.214884 -0.733696 -0.644604
vn -0.114737 -0.853298 -0.508643
vn -0.011481 -0.963418 -0.267757
vn 0.071825 -0.995635 0.059592
vn -0.413383 -0.906308 0.087867
vn -0.413383 -0.906308 0.087867
vn -0.413383 -0.906308 0.087867
vn -0.413383 -0.906308 0.087867
vn -0.413383 -0.906308 0.087867
vn -0.413383 -0.906308 0.087867
vn -0.413383 -0.906308 0.087867
vn -0.413383 -0.906308 0.087867
vn -0.413383 -0.906308 0.087867
vn -0.413383 -0.906308 0.087867
vn -0.413383 -0.906308 0.087867
vn -0.413383 -0.906308 0.087867
vn -0.413383 -0.906308 0.087867
vn -0.413383 -0.906308 0.087867
vn -0.413383 -0.906308 0.087867
vn -0.413383 -0.906308 0.087867
vn -0.413383 -0.906308 0.087867
vn -0.413383 -0.906308 0.087867
vn -0.413383 -0.906308 0.087867
vn -0.413383 -0.906308 0.087867
vn -0.413383 -0.906308 0.087867
vn 0.000000 1.000000 -0.000000
vn 0.000000 1.000000 -0.000000
vn 0.000000 1.000000 -0.000000
vn 0.000000 1.000000 -0.000000
vn 0.000000 1.000000 -0.000000
vn 0.000000 1.000000 -0.000000
vn 0.000000 1.000000 -0.000000
vn 0.000000 1.000000 -0.000000
vn 0.000000 1.000000 -0.000000
vn 0.000000 1.000000 -0.000000
vn 0.000000 1.000000 -0.000000
vn 0.000000 1.000000 -0.000000
vn 0.000000 1.000000 -0.000000
vn 0.000000 1.000000 -0.000000
vn 0.000000 1.000000 -0.000000
vn 0.000000 1.000000 -0.000000
vn 0.000000 1.000000 -0.000000
vn 0.000000 1.000000 -0.000000
vn 0.000000 1.000000 -0.000000
vn 0.000000 1.000000 -0.000000
vn 0.000000 1.000000 -0.000000
vn 0.447653 0.877897 -0.170010
vn 0.492606 0.854372 0.165491
vn 0.455399 0.776088 0.436233
vn 0.376156 0.697144 0.610325
vn 0.283119 0.644143 0.710580
vn 0.184457 0.622186 0.760829
vn 0.078498 0.631097 0.771722
vn -0.040181 0.671086 0.740289
vn -0.176466 0.740607 0.648353
vn -0.324357 0.824611 0.463476
vn -0.447653 0.877897 0.170010
vn -0.492606 0.854372 -0.165491
vn -0.455399 0.776088 -0.436233
vn -0.376156 0.697144 -0.610325
vn -0.283119 0.644143 -0.710580
vn -0.184457 0.622186 -0.760829
vn -0.078498 0.631097 -0.771722
vn 0.040181 0.671086 -0.740289
vn 0.176466 0.740607 -0.648353
vn 0.324357 0.824611 -0.463476
vn 0.447653 0.877897 -0.170010
vn 0.690491 0.693418 -0.205896
vn 0.712927 0.640476 0.285529
vn 0.593680 0.529362 0.606069
vn 0.454380 0.445427 0.771449
vn 0.326482 0.398709 0.856995
vn 0.205464 0.382303 0.900904
vn 0.079887 0.392717 0.916183
vn -0.065051 0.432209 0.899424
vn -0.248560 0.507571 0.824979
vn -0.481452 0.616483 0.623019
vn -0.690491 0.693418 0.205896
vn -0.712927 0.640476 -0.285529
vn -0.593680 0.529362 -0.606069
vn -0.454380 0.445427 -0.771449
vn -0.326482 0.398709 -0.856995
vn -0.205464 0.382303 -0.900904
vn -0.079887 0.392717 -0.916183
vn 0.065051 0.432209 -0.899424
vn 0.248560 0.507571 -0.824979
vn 0.481452 0.616483 -0.623019
vn 0.690491 0.693418 -0.205896
vn 0.840457 0.494835 -0.220839
vn 0.826404 0.437458 0.354524
vn 0.648332 0.342159 0.680142
vn 0.480017 0.279882 0.831414
vn 0.338858 0.247806 0.907616
vn 0.210262 0.237331 0.948401
vn 0.077955 0.245350 0.966295
vn -0.077224 0.274246 0.958554
vn -0.283319 0.332012 0.899721
vn -0.569302 0.424358 0.704142
vn -0.840457 0.494835 0.220839
vn -0.826404 0.437458 -0.354524
vn -0.648332 0.342159 -0.680142
vn -0.480017 0.279882 -0.831414
vn -0.338858 0.247806 -0.907616
vn -0.210262 0.237331 -0.948401
vn -0.077955 0.245350 -0.966295
vn 0.077224 0.274246 -0.958554
vn 0.283319 0.332012 -0.899721
vn 0.569302 0.424358 -0.704142
vn 0.840457 0.494835 -0.220839
vn 0.922644 0.314680 -0.222947
vn 0.879218 0.270417 0.392238
vn 0.669473 0.205840 0.713747
vn 0.488596 0.166467 0.856483
vn 0.342270 0.146867 0.928052
vn 0.210760 0.140719 0.967356
vn 0.075677 0.145983 0.986388
vn -0.084125 0.164404 0.982799
vn -0.301290 0.201978 0.931895
vn -0.616342 0.265016 0.741545
vn -0.922644 0.314680 0.222947
vn -0.879218 0.270417 -0.392238
vn -0.669473 0.205840 -0.713747
vn -0.488596 0.166467 -0.856483
vn -0.342270 0.146867 -0.928052
vn -0.210760 0.140719 -0.967356
vn -0.075677 0.145983 -0.986388
vn 0.084125 0.164404 -0.982799
vn 0.301290 0.201978 -0.931895
vn 0.616342 0.265016 -0.741545
vn 0.922644 0.314680 -0.222947
vn 0.963972 0.152561 -0.217907
vn 0.901310 0.128920 0.413544
vn 0.676595 0.096941 0.729947
vn 0.490687 0.078079 0.867831
vn 0.342431 0.068838 0.937018
vn 0.209766 0.066019 0.975520
vn 0.073399 0.068642 0.994938
vn -0.088750 0.077617 0.993025
vn -0.311646 0.096061 0.945330
vn -0.641727 0.127644 0.756237
vn -0.963972 0.152561 0.217907
vn -0.901310 0.128920 -0.413544
vn -0.676595 0.096941 -0.729947
vn -0.490687 0.078079 -0.867831
vn -0.342431 0.068838 -0.937018
vn -0.209766 0.066019 -0.975520
vn -0.073399 0.068642 -0.994938
vn 0.088750 0.077617 -0.993025
vn 0.311646 0.096061 -0.945330
vn 0.641727 0.127644 -0.756237
vn 0.963972 0.152561 -0.217907
vn 0.978148 0.000000 -0.207912
vn 0.905069 0.000000 0.425265
vn 0.676046 0.000000 0.736860
vn 0.489311 -0.000000 0.872109
vn 0.340831 0.000000 0.940124
vn 0.207912 -0.000000 0.978148
vn 0.071018 -0.000000 0.997475
vn -0.092289 0.000000 0.995732
vn -0.317891 0.000000 0.948127
vn -0.653851 -0.000000 0.756624
vn -0.978148 -0.000000 0.207912
vn -0.905069 -0.000000 -0.425265
vn -0.676046 -0.000000 -0.736860
vn -0.489311 0.000000 -0.872109
vn -0.340831 -0.000000 -0.940124
vn -0.207912 -0.000000 -0.978148
vn -0.071018 0.000000 -0.997475
vn 0.092289 0.000000 -0.995732
vn 0.317891 -0.000000 -0.948127
vn 0.653851 -0.000000 -0.756624
vn 0.978148 0.000000 -0.207912
vn 0.969263 -0.152561 -0.193014
vn 0.893836 -0.127644 0.429843
vn 0.669203 -0.096061 0.736844
vn 0.484977 -0.077617 0.871076
vn 0.337624 -0.068642 0.938775
vn 0.205149 -0.066019 0.976502
vn 0.068293 -0.068838 0.995288
vn -0.095286 -0.078079 0.992383
vn -0.321204 -0.096941 0.942035
vn -0.655184 -0.128920 0.744388
vn -0.969263 -0.152561 0.193014
vn -0.893836 -0.127644 -0.429843
vn -0.669203 -0.096061 -0.736844
vn -0.484977 -0.077617 -0.871076
vn -0.337624 -0.068642 -0.938775
vn -0.205149 -0.066019 -0.976502
vn -0.068293 -0.068838 -0.995288
vn 0.095286 -0.078079 -0.992383
vn 0.321204 -0.096941 -0.942035
vn 0.655184 -0.128920 -0.744388
vn 0.969263 -0.152561 -0.193014
vn 0.933558 -0.314680 -0.171601
vn 0.864670 -0.265016 0.426746
vn 0.654278 -0.201978 0.728783
vn 0.476592 -0.164404 0.863615
vn 0.332066 -0.145983 0.931891
vn 0.200920 -0.140719 0.969448
vn 0.064793 -0.146867 0.987032
vn -0.097992 -0.166467 0.981166
vn -0.321287 -0.205840 0.924340
vn -0.643668 -0.270417 0.715937
vn -0.933558 -0.314680 0.171601
vn -0.864670 -0.265016 -0.426746
vn -0.654278 -0.201978 -0.728783
vn -0.476592 -0.164404 -0.863615
vn -0.332066 -0.145983 -0.931891
vn -0.200920 -0.140719 -0.969448
vn -0.064793 -0.146867 -0.987032
vn 0.097992 -0.166467 -0.981166
vn 0.321287 -0.205840 -0.924340
vn 0.643668 -0.270417 -0.715937
vn 0.933558 -0.314680 -0.171601
vn 0.857619 -0.494835 -0.140098
vn 0.806483 -0.424358 0.411710
vn 0.624774 -0.332012 0.706700
vn 0.460427 -0.274246 0.844273
vn 0.321812 -0.245350 0.914462
vn 0.193665 -0.237331 0.951928
vn 0.059598 -0.247806 0.966975
vn -0.100351 -0.279882 0.954775
vn -0.315642 -0.342159 0.885041
vn -0.610759 -0.437458 0.660002
vn -0.857619 -0.494835 0.140098
vn -0.806483 -0.424358 -0.411710
vn -0.624774 -0.332012 -0.706700
vn -0.460427 -0.274246 -0.844273
vn -0.321812 -0.245350 -0.914462
vn -0.193665 -0.237331 -0.951928
vn -0.059598 -0.247806 -0.966975
vn 0.100351 -0.279882 -0.954775
vn 0.315642 -0.342159 -0.885041
vn 0.610759 -0.437458 -0.660002
vn 0.857619 -0.494835 -0.140098
vn 0.714541 -0.693418 -0.092752
vn 0.693233 -0.616483 0.373331
vn 0.562620 -0.507571 0.652557
vn 0.425256 -0.432209 0.795206
vn 0.299665 -0.392717 0.869468
vn 0.178730 -0.382303 0.906587
vn 0.050316 -0.398709 0.915696
vn -0.101321 -0.445427 0.889567
vn -0.295843 -0.529362 0.795143
vn -0.535156 -0.640476 0.550817
vn -0.714541 -0.693418 0.092752
vn -0.693233 -0.616483 -0.373331
vn -0.562620 -0.507571 -0.652557
vn -0.425256 -0.432209 -0.795206
vn -0.299665 -0.392717 -0.869468
vn -0.178730 -0.382303 -0.906587
vn -0.050316 -0.398709 -0.915696
vn 0.101321 -0.445427 -0.889567
vn 0.295843 -0.529362 -0.795143
vn 0.535156 -0.640476 -0.550817
vn 0.714541 -0.693418 -0.092752
vn 0.478101 -0.877897 -0.026765
vn 0.484827 -0.824611 0.291478
vn 0.424918 -0.740607 0.520524
vn 0.337810 -0.671086 0.659945
vn 0.242176 -0.631097 0.736931
vn 0.140948 -0.622186 0.770077
vn 0.030377 -0.644143 0.764302
vn -0.095394 -0.697144 0.710556
vn -0.238596 -0.776088 0.583746
vn -0.382707 -0.854372 0.351544
vn -0.478101 -0.877897 0.026765
vn -0.484827 -0.824611 -0.291478
vn -0.424918 -0.740607 -0.520524
vn -0.337810 -0.671086 -0.659945
vn -0.242176 -0.631097 -0.736931
vn -0.140948 -0.622186 -0.770077
vn -0.030377 -0.644143 -0.764302
vn 0.095394 -0.697144 -0.710556
vn 0.238596 -0.776088 -0.583746
vn 0.382707 -0.854372 -0.351544
vn 0.478101 -0.877897 -0.026765
vn 0.000000 -1.000000 0.000000
vn 0.000000 -1.000000 0.000000
vn 0.000000 -1.000000 0.000000
vn 0.000000 -1.000000 0.000000
vn 0.000000 -1.000000 0.000000
vn 0.000000 -1.000000 0.000000
vn 0.000000 -1.000000 0.000000
vn 0.000000 -1.000000 0.000000
vn 0.000000 -1.000000 0.000000
vn 0.000000 -1.000000 0.000000
vn 0.000000 -1.000000 0.000000
vn 0.000000 -1.000000 0.000000
vn 0.000000 -1.000000 0.000000
vn 0.000000 -1.000000 0.000000
vn 0.000000 -1.000000 0.000000
vn 0.000000 -1.000000 0.000000
vn 0.000000 -1.000000 0.000000
vn 0.000000 -1.000000 0.000000
vn 0.000000 -1.000000 0.000000
vn 0.000000 -1.000000 0.000000
vn 0.000000 -1.000000 0.000000
vn -0.413383 0.906308 0.087867
vn -0.413383 0.906308 0.087867
vn -0.413383 0.906308 0.087867
vn -0.413383 0.906308 0.087867
vn -0.413383 0.906308 0.087867
vn -0.413383 0.906308 0.087867
vn -0.413383 0.906308 0.087867
vn -0.413383 0.906308 0.087867
vn -0.413383 0.906308 0.087867
vn -0.413383 0.906308 0.087867
vn -0.413383 0.906308 0.087867
vn -0.413383 0.906308 0.087867
vn -0.413383 0.906308 0.087867
vn -0.413383 0.906308 0.087867
vn -0.413383 0.906308 0.087867
vn -0.413383 0.906308 0.087867
vn -0.413383 0.906308 0.087867
vn -0.413383 0.906308 0.087867
vn -0.413383 0.906308 0.087867
vn -0.413383 0.906308 0.087867
vn -0.413383 0.906308 0.087867
vn 0.041377 0.995635 -0.083653
vn 0.098418 0.963418 0.249278
vn 0.102067 0.853298 0.511336
vn 0.065878 0.733696 0.676277
vn 0.005001 0.638391 0.769696
vn -0.074783 0.573291 0.815932
vn -0.174719 0.536609 0.825545
vn -0.299890 0.526553 0.795492
vn -0.454448 0.541301 0.707440
vn -0.627330 0.572543 0.527875
vn -0.767193 0.595654 0.237930
vn -0.804784 0.585230 -0.099135
vn -0.743710 0.553451 -0.374951
vn -0.642253 0.529959 -0.553764
vn -0.537557 0.529192 -0.656497
vn -0.439619 0.554492 -0.706593
vn -0.347050 0.607328 -0.714639
vn -0.254942 0.689868 -0.677559
vn -0.157861 0.801135 -0.577289
vn -0.054430 0.922159 -0.382962
vn 0.041377 0.995635 -0.083653
vn 0.338024 0.931979 -0.130977
vn 0.389697 0.850091 0.354233
vn 0.333180 0.671929 0.661440
vn 0.244216 0.523742 0.816121
vn 0.148725 0.421013 0.894779
vn 0.046174 0.352260 0.934763
vn -0.072160 0.308443 0.948502
vn -0.220750 0.285793 0.932519
vn -0.420380 0.284776 0.861500
vn -0.681267 0.304957 0.665490
vn -0.911318 0.324921 0.252835
vn -0.919221 0.310845 -0.241679
vn -0.770839 0.287601 -0.568413
vn -0.612480 0.283646 -0.737844
vn -0.478364 0.301693 -0.824712
vn -0.362249 0.340709 -0.867579
vn -0.252525 0.403401 -0.879488
vn -0.136586 0.497635 -0.856565
vn 0.000738 0.635254 -0.772303
vn 0.171579 0.812491 -0.557153
vn 0.338024 0.931979 -0.130977
vn 0.556353 0.815308 -0.160451
vn 0.578240 0.706942 0.407273
vn 0.461731 0.518348 0.719805
vn 0.337131 0.379036 0.861786
vn 0.223337 0.284917 0.932171
vn 0.111376 0.218681 0.969420
vn -0.012045 0.169682 0.985425
vn -0.165406 0.132402 0.977298
vn -0.378026 0.104730 0.919852
vn -0.680274 0.087388 0.727730
vn -0.965465 0.081637 0.247411
vn -0.939916 0.086002 -0.330396
vn -0.744616 0.101854 -0.659676
vn -0.568527 0.128282 -0.812601
vn -0.428215 0.164260 -0.888623
vn -0.307593 0.211510 -0.927712
vn -0.190802 0.275043 -0.942309
vn -0.061331 0.364700 -0.929103
vn 0.103530 0.497080 -0.861506
vn 0.329429 0.681810 -0.653155
vn 0.556353 0.815308 -0.160451
vn 0.705605 0.686192 -0.176814
vn 0.696090 0.574070 0.431163
vn 0.537969 0.400588 0.741699
vn 0.392302 0.277591 0.876951
vn 0.268559 0.193050 0.943720
vn 0.152129 0.129660 0.979819
vn 0.027341 0.076918 0.996662
vn -0.125819 0.027869 0.991662
vn -0.340020 -0.023377 0.940128
vn -0.656516 -0.079757 0.750084
vn -0.965771 -0.115798 0.232114
vn -0.919662 -0.083907 -0.383641
vn -0.708151 -0.027479 -0.705526
vn -0.529931 0.024150 -0.847697
vn -0.389984 0.073163 -0.917910
vn -0.268470 0.125409 -0.955090
vn -0.148035 0.187693 -0.971008
vn -0.010105 0.270133 -0.962770
vn 0.173031 0.389486 -0.904633
vn 0.437409 0.560129 -0.703512
vn 0.705605 0.686192 -0.176814
vn 0.810341 0.555904 -0.185252
vn 0.775101 0.453091 0.440371
vn 0.589778 0.303412 0.748400
vn 0.430960 0.197351 0.880526
vn 0.301132 0.121611 0.945796
vn 0.182259 0.060831 0.981367
vn 0.057402 0.005130 0.998338
vn -0.093958 -0.053597 0.994132
vn -0.305407 -0.124832 0.944004
vn -0.622557 -0.216043 0.752162
vn -0.936473 -0.279369 0.212062
vn -0.881688 -0.219408 -0.417715
vn -0.669925 -0.127696 -0.731364
vn -0.495513 -0.055825 -0.866805
vn -0.358045 0.003167 -0.933699
vn -0.236841 0.058836 -0.969765
vn -0.114153 0.119291 -0.986275
vn 0.029787 0.194287 -0.980492
vn 0.225987 0.298954 -0.927123
vn 0.517026 0.447412 -0.729731
vn 0.810341 0.555904 -0.185252
vn 0.886503 0.422618 -0.188432
vn 0.832040 0.336773 0.440788
vn 0.629484 0.214720 0.746757
vn 0.462065 0.125643 0.877901
vn 0.328192 0.058288 0.942811
vn 0.207912 -0.000000 0.978148
vn 0.083658 -0.058288 0.994788
vn -0.065043 -0.125643 0.989941
vn -0.271329 -0.214720 0.938230
vn -0.580821 -0.336773 0.741101
vn -0.886503 -0.422618 0.188432
vn -0.832040 -0.336773 -0.440788
vn -0.629484 -0.214720 -0.746757
vn -0.462065 -0.125643 -0.877901
vn -0.328192 -0.058288 -0.942811
vn -0.207912 0.000000 -0.978148
vn -0.083658 0.058288 -0.994788
vn 0.065043 0.125643 -0.989941
vn 0.271329 0.214720 -0.938230
vn 0.580821 0.336773 -0.741101
vn 0.886503 0.422618 -0.188432
vn 0.941764 0.279369 -0.187169
vn 0.874666 0.216043 0.433917
vn 0.662964 0.124832 0.738170
vn 0.490185 0.053597 0.869969
vn 0.353622 -0.005130 0.935375
vn 0.232656 -0.060831 0.970655
vn 0.109592 -0.121611 0.986509
vn -0.035560 -0.197351 0.979688
vn -0.234387 -0.303412 0.923582
vn -0.528975 -0.453091 0.717561
vn -0.815632 -0.555904 0.160359
vn -0.769135 -0.447412 -0.456349
vn -0.583544 -0.298954 -0.755052
vn -0.426014 -0.194287 -0.883609
vn -0.296871 -0.119291 -0.947437
vn -0.178075 -0.058836 -0.982256
vn -0.052679 -0.003167 -0.998606
vn 0.100112 0.055825 -0.993409
vn 0.314535 0.127696 -0.940618
vn 0.635562 0.219408 -0.740217
vn 0.941764 0.279369 -0.187169
vn 0.976685 0.115798 -0.180768
vn 0.904844 0.079757 0.418207
vn 0.693008 0.023377 0.720551
vn 0.518287 -0.027869 0.854753
vn 0.380402 -0.076918 0.921617
vn 0.259552 -0.129660 0.956985
vn 0.138505 -0.193050 0.971364
vn -0.001698 -0.277591 0.960698
vn -0.189783 -0.400588 0.896388
vn -0.460541 -0.574070 0.677012
vn -0.716519 -0.686192 0.125468
vn -0.685737 -0.560129 -0.464779
vn -0.526019 -0.389486 -0.756045
vn -0.382363 -0.270133 -0.883644
vn -0.259708 -0.187693 -0.947271
vn -0.143210 -0.125409 -0.981715
vn -0.017080 -0.073163 -0.997174
vn 0.139327 -0.024150 -0.989952
vn 0.359965 0.027479 -0.932561
vn 0.684113 0.083907 -0.724534
vn 0.976685 0.115798 -0.180768
vn 0.982627 -0.081637 -0.166669
vn 0.917456 -0.087388 0.388122
vn 0.719482 -0.104730 0.686570
vn 0.548608 -0.132402 0.825529
vn 0.411812 -0.169682 0.895332
vn 0.292552 -0.218681 0.930909
vn 0.175119 -0.284917 0.942420
vn 0.042536 -0.379036 0.924404
vn -0.129041 -0.518348 0.845378
vn -0.362596 -0.706942 0.607254
vn -0.573515 -0.815308 0.079710
vn -0.566611 -0.681810 -0.462696
vn -0.444985 -0.497080 -0.744916
vn -0.321871 -0.364700 -0.873724
vn -0.208965 -0.275043 -0.938448
vn -0.096334 -0.211510 -0.972617
vn 0.029758 -0.164260 -0.985968
vn 0.188861 -0.128282 -0.973589
vn 0.411926 -0.101854 -0.905507
vn 0.724272 -0.086002 -0.684130
vn 0.982627 -0.081637 -0.166669
vn 0.935368 -0.324921 -0.139691
vn 0.893047 -0.304957 0.330860
vn 0.734440 -0.284776 0.616036
vn 0.580955 -0.285793 0.762111
vn 0.451712 -0.308443 0.837149
vn 0.338020 -0.352260 0.872729
vn 0.228073 -0.421013 0.877913
vn 0.108844 -0.523742 0.844895
vn -0.035343 -0.671929 0.739772
vn -0.211926 -0.850091 0.482112
vn -0.362073 -0.931979 0.017833
vn -0.383360 -0.812491 -0.439197
vn -0.314798 -0.635254 -0.705233
vn -0.223619 -0.497635 -0.838065
vn -0.127027 -0.403401 -0.906163
vn -0.021945 -0.340709 -0.939913
vn 0.101567 -0.301693 -0.947980
vn 0.259420 -0.283646 -0.923172
vn 0.473002 -0.287601 -0.832799
vn 0.741450 -0.310845 -0.594666
vn 0.935368 -0.324921 -0.139691
vn 0.797641 -0.595654 -0.094685
vn 0.787800 -0.572543 0.227080
vn 0.702900 -0.541301 0.461438
vn 0.597519 -0.526553 0.604742
vn 0.495393 -0.536609 0.683108
vn 0.400187 -0.573291 0.714974
vn 0.308495 -0.638391 0.705186
vn 0.214884 -0.733696 0.644604
vn 0.114737 -0.853298 0.508643
vn 0.011481 -0.963418 0.267757
vn -0.071825 -0.995635 -0.059592
vn -0.106040 -0.922159 -0.371992
vn -0.090592 -0.801135 -0.591588
vn -0.042687 -0.689868 -0.722675
vn 0.026376 -0.607328 -0.794014
vn 0.114215 -0.554492 -0.824314
vn 0.224061 -0.529192 -0.818384
vn 0.361491 -0.529959 -0.767117
vn 0.526906 -0.553451 -0.645028
vn 0.694885 -0.585230 -0.417900
vn 0.797641 -0.595654 -0.094685
vn 0.413383 -0.906308 -0.087867
vn 0.413383 -0.906308 -0.087867
vn 0.413383 -0.906308 -0.087867
vn 0.413383 -0.906308 -0.087867
vn 0.413383 -0.906308 -0.087867
vn 0.413383 -0.906308 -0.087867
vn 0.413383 -0.906308 -0.087867
vn 0.413383 -0.906308 -0.087867
vn 0.413383 -0.906308 -0.087867
vn 0.413383 -0.906308 -0.087867
vn 0.413383 -0.906308 -0.087867
vn 0.413383 -0.906308 -0.087867
vn 0.413383 -0.906308 -0.087867
vn 0.413383 -0.906308 -0.087867
vn 0.413383 -0.906308 -0.087867
vn 0.413383 -0.906308 -0.087867
vn 0.413383 -0.906308 -0.087867
vn 0.413383 -0.906308 -0.087867
vn 0.413383 -0.906308 -0.087867
vn 0.413383 -0.906308 -0.087867
vn 0.413383 -0.906308 -0.087867
vn 0.346189 0.906308 0.242404
vn 0.346189 0.906308 0.242404
vn 0.346189 0.906308 0.242404
vn 0.346189 0.906308 0.242404
vn 0.346189 0.906308 0.242404
vn 0.346189 0.906308 0.242404
vn 0.346189 0.906308 0.242404
vn 0.346189 0.906308 0.242404
vn 0.346189 0.906308 0.242404
vn 0.346189 0.906308 0.242404
vn 0.346189 0.906308 0.242404
vn 0.346189 0.906308 0.242404
vn 0.346189 0.906308 0.242404
vn 0.346189 0.906308 0.242404
vn 0.346189 0.906308 0.242404
vn 0.346189 0.906308 0.242404
vn 0.346189 0.906308 0.242404
vn 0.346189 0.906308 0.242404
vn 0.346189 0.906308 0.242404
vn 0.346189 0.906308 0.242404
vn 0.346189 0.906308 0.242404
vn 0.697236 0.595654 0.398821
vn 0.476359 0.585230 0.656192
vn 0.232987 0.553451 0.799631
vn 0.033018 0.529959 0.847380
vn -0.113519 0.529192 0.840874
vn -0.216949 0.554492 0.803412
vn -0.285966 0.607328 0.741199
vn -0.321665 0.689868 0.648547
vn -0.314542 0.801135 0.509163
vn -0.242959 0.922159 0.300987
vn -0.089400 0.995635 0.026790
vn 0.115189 0.963418 -0.241986
vn 0.304358 0.853298 -0.423377
vn 0.449669 0.733696 -0.509400
vn 0.559509 0.638391 -0.528589
vn 0.647737 0.573291 -0.501772
vn 0.722924 0.536609 -0.435239
vn 0.786310 0.526553 -0.323199
vn 0.827321 0.541301 -0.150111
vn 0.813901 0.572543 0.098790
vn 0.697236 0.595654 0.398821
vn 0.806429 0.324921 0.494063
vn 0.450154 0.310845 0.837100
vn 0.110000 0.287601 0.951412
vn -0.121915 0.283646 0.951148
vn -0.276913 0.301693 0.912305
vn -0.387453 0.340709 0.856620
vn -0.470995 0.403401 0.784494
vn -0.533301 0.497635 0.684068
vn -0.565330 0.635254 0.526169
vn -0.524492 0.812491 0.254492
vn -0.326322 0.931979 -0.157889
vn -0.006703 0.850091 -0.526593
vn 0.256519 0.671929 -0.694774
vn 0.430318 0.523742 -0.735201
vn 0.552970 0.421013 -0.719008
vn 0.652151 0.352260 -0.671276
vn 0.742903 0.308443 -0.594102
vn 0.832552 0.285793 -0.474530
vn 0.916760 0.284776 -0.280095
vn 0.951332 0.304957 0.044383
vn 0.806429 0.324921 0.494063
vn 0.839390 0.081637 0.537363
vn 0.399385 0.086002 0.912741
vn 0.025370 0.101854 0.994476
vn -0.206564 0.128282 0.969987
vn -0.357856 0.164260 0.919216
vn -0.468708 0.211510 0.857658
vn -0.559034 0.275043 0.782197
vn -0.637675 0.364700 0.678502
vn -0.700673 0.497080 0.511829
vn -0.702358 0.681810 0.204521
vn -0.496778 0.815308 -0.297463
vn -0.096498 0.706942 -0.700658
vn 0.211533 0.518348 -0.828594
vn 0.400348 0.379036 -0.834298
vn 0.529431 0.284917 -0.799078
vn 0.633031 0.218681 -0.742598
vn 0.728909 0.169682 -0.663249
vn 0.827557 0.132402 -0.545545
vn 0.930550 0.104730 -0.350867
vn 0.996174 0.087388 0.001211
vn 0.839390 0.081637 0.537363
vn 0.828412 -0.115798 0.548019
vn 0.346631 -0.083907 0.934241
vn -0.033031 -0.027479 0.999076
vn -0.258554 0.024150 0.965695
vn -0.405349 0.073163 0.911230
vn -0.515412 0.125409 0.847716
vn -0.609191 0.187693 0.770492
vn -0.697234 0.270133 0.663998
vn -0.779614 0.389486 0.490411
vn -0.812828 0.560129 0.159893
vn -0.610535 0.686192 -0.395460
vn -0.159400 0.574070 -0.803141
vn 0.175550 0.400588 -0.899284
vn 0.373812 0.277591 -0.884990
vn 0.507036 0.193050 -0.840027
vn 0.612843 0.129660 -0.779495
vn 0.710266 0.076918 -0.699718
vn 0.811064 0.027869 -0.584293
vn 0.919459 -0.023377 -0.392491
vn 0.996319 -0.079757 -0.031411
vn 0.828412 -0.115798 0.548019
vn 0.793766 -0.279369 0.540267
vn 0.295812 -0.219408 0.929707
vn -0.077998 -0.127696 0.988742
vn -0.296002 -0.055825 0.953555
vn -0.438678 0.003167 0.898639
vn -0.547717 0.058836 0.834593
vn -0.643464 0.119291 0.756124
vn -0.737402 0.194287 0.646909
vn -0.832177 0.298954 0.467020
vn -0.886302 0.447412 0.119546
vn -0.688136 0.555904 -0.466304
vn -0.206551 0.453091 -0.867205
vn 0.145118 0.303412 -0.941744
vn 0.350062 0.197351 -0.915702
vn 0.486340 0.121611 -0.865265
vn 0.593426 0.060831 -0.802586
vn 0.690990 0.005130 -0.722846
vn 0.791142 -0.053597 -0.609280
vn 0.898688 -0.124832 -0.420449
vn 0.974680 -0.216043 -0.057664
vn 0.793766 -0.279369 0.540267
vn 0.742404 -0.422618 0.519837
vn 0.245078 -0.336773 0.909132
vn -0.116836 -0.214720 0.969662
vn -0.326928 -0.125643 0.936660
vn -0.465702 -0.058288 0.883020
vn -0.573576 -0.000000 0.819152
vn -0.670488 0.058288 0.739627
vn -0.768356 0.125643 0.627569
vn -0.871224 0.214720 0.441434
vn -0.938126 0.336773 0.080644
vn -0.742404 0.422618 -0.519837
vn -0.245078 0.336773 -0.909132
vn 0.116836 0.214720 -0.969662
vn 0.326928 0.125643 -0.936660
vn 0.465702 0.058288 -0.883020
vn 0.573576 0.000000 -0.819152
vn 0.670488 -0.058288 -0.739627
vn 0.768356 -0.125643 -0.627569
vn 0.871224 -0.214720 -0.441434
vn 0.938126 -0.336773 -0.080644
vn 0.742404 -0.422618 0.519837
vn 0.673539 -0.555904 0.487151
vn 0.190796 -0.447412 0.873739
vn -0.154234 -0.298954 0.941721
vn -0.355690 -0.194287 0.914187
vn -0.490446 -0.119291 0.863268
vn -0.596930 -0.058836 0.800133
vn -0.694408 -0.003167 0.719575
vn -0.794810 0.055825 0.604286
vn -0.902436 0.127696 0.411464
vn -0.974813 0.219408 0.040006
vn -0.779169 0.279369 -0.561114
vn -0.279174 0.216043 -0.935621
vn 0.087723 0.124832 -0.988292
vn 0.301949 0.053597 -0.951816
vn 0.442920 -0.005130 -0.896546
vn 0.551221 -0.060831 -0.832139
vn 0.646745 -0.121611 -0.752948
vn 0.740750 -0.197351 -0.642139
vn 0.835317 -0.303412 -0.458461
vn 0.885551 -0.453091 -0.102507
vn 0.673539 -0.555904 0.487151
vn 0.580426 -0.686192 0.438460
vn 0.127754 -0.560129 0.818495
vn -0.194192 -0.389486 0.900328
vn -0.385486 -0.270133 0.882286
vn -0.515670 -0.187693 0.835976
vn -0.620311 -0.125409 0.774265
vn -0.717638 -0.073163 0.692562
vn -0.819026 -0.024150 0.573248
vn -0.927527 0.027479 0.372744
vn -0.996454 0.083907 -0.006197
vn -0.798303 0.115798 -0.591019
vn -0.311245 0.079757 -0.946977
vn 0.054347 0.023377 -0.998248
vn 0.271656 -0.027869 -0.961991
vn 0.414594 -0.076918 -0.906750
vn 0.522881 -0.129660 -0.842487
vn 0.615951 -0.193050 -0.763764
vn 0.703768 -0.277591 -0.653953
vn 0.785008 -0.400588 -0.472537
vn 0.809223 -0.574070 -0.124903
vn 0.580426 -0.686192 0.438460
vn 0.449432 -0.815308 0.365080
vn 0.048033 -0.681810 0.729951
vn -0.241317 -0.497080 0.833473
vn -0.419485 -0.364700 0.831280
vn -0.543824 -0.275043 0.792847
vn -0.645627 -0.211510 0.733777
vn -0.741386 -0.164260 0.650665
vn -0.840841 -0.128282 0.525862
vn -0.943179 -0.101854 0.316290
vn -0.994293 -0.086002 -0.063123
vn -0.792044 -0.081637 -0.604980
vn -0.341849 -0.087388 -0.935683
vn 0.011440 -0.104730 -0.994435
vn 0.229604 -0.132402 -0.964236
vn 0.373949 -0.169682 -0.911795
vn 0.481304 -0.218681 -0.848837
vn 0.569811 -0.284917 -0.770803
vn 0.647057 -0.379036 -0.661551
vn 0.706276 -0.518348 -0.482172
vn 0.691407 -0.706942 -0.148960
vn 0.449432 -0.815308 0.365080
vn 0.259976 -0.931979 0.252642
vn -0.059758 -0.812491 0.579903
vn -0.301083 -0.635254 0.711197
vn -0.460414 -0.497635 0.735104
vn -0.576094 -0.403401 0.710904
vn -0.672442 -0.340709 0.657068
vn -0.762577 -0.301693 0.572239
vn -0.852089 -0.283646 0.439874
vn -0.931657 -0.287601 0.222036
vn -0.940579 -0.310845 -0.136701
vn -0.740083 -0.324921 -0.588816
vn -0.367081 -0.304957 -0.878779
vn -0.050347 -0.284776 -0.957271
vn 0.161163 -0.285793 -0.944642
vn 0.304186 -0.308443 -0.901296
vn 0.407744 -0.352260 -0.842412
vn 0.486520 -0.421013 -0.765537
vn 0.543686 -0.523742 -0.655820
vn 0.565139 -0.671929 -0.478675
vn 0.497128 -0.850091 -0.173807
vn 0.259976 -0.931979 0.252642
vn 0.005402 -0.995635 0.093171
vn -0.199739 -0.922159 0.331251
vn -0.370877 -0.801135 0.469716
vn -0.499419 -0.689868 0.524083
vn -0.598693 -0.607328 0.522226
vn -0.680759 -0.554492 0.478649
vn -0.751337 -0.529192 0.394269
vn -0.807570 -0.529959 0.258795
vn -0.831093 -0.553451 0.054553
vn -0.779543 -0.585230 -0.223200
vn -0.613238 -0.595654 -0.518782
vn -0.371203 -0.572543 -0.731028
vn -0.141903 -0.541301 -0.828768
vn 0.034774 -0.526553 -0.849431
vn 0.161736 -0.536609 -0.828186
vn 0.249972 -0.573291 -0.780289
vn 0.305348 -0.638391 -0.706554
vn 0.324883 -0.733696 -0.596776
vn 0.293748 -0.853298 -0.430807
vn 0.187995 -0.963418 -0.191006
vn 0.005402 -0.995635 0.093171
vn -0.346189 -0.906308 -0.242404
vn -0.346189 -0.906308 -0.242404
vn -0.346189 -0.906308 -0.242404
vn -0.346189 -0.906308 -0.242404
vn -0.346189 -0.906308 -0.242404
vn -0.346189 -0.906308 -0.242404
vn -0.346189 -0.906308 -0.242404
vn -0.346189 -0.906308 -0.242404
vn -0.346189 -0.906308 -0.242404
vn -0.346189 -0.906308 -0.242404
vn -0.346189 -0.906308 -0.242404
vn -0.346189 -0.906308 -0.242404
vn -0.346189 -0.906308 -0.242404
vn -0.346189 -0.906308 -0.242404
vn -0.346189 -0.906308 -0.242404
vn -0.346189 -0.906308 -0.242404
vn -0.346189 -0.906308 -0.242404
vn -0.346189 -0.906308 -0.242404
vn -0.346189 -0.906308 -0.242404
vn -0.346189 -0.906308 -0.242404
vn -0.346189 -0.906308 -0.242404
vn -0.000000 1.000000 -0.000000
vn -0.000000 1.000000 -0.000000
vn -0.000000 1.000000 -0.000000
vn -0.000000 1.000000 -0.000000
vn -0.000000 1.000000 -0.000000
vn -0.000000 1.000000 -0.000000
vn -0.000000 1.000000 -0.000000
vn -0.000000 1.000000 -0.000000
vn -0.000000 1.000000 -0.000000
vn -0.000000 1.000000 -0.000000
vn -0.000000 1.000000 -0.000000
vn -0.000000 1.000000 -0.000000
vn -0.000000 1.000000 -0.000000
vn -0.000000 1.000000 -0.000000
vn -0.000000 1.000000 -0.000000
vn -0.000000 1.000000 -0.000000
vn -0.000000 1.000000 -0.000000
vn -0.000000 1.000000 -0.000000
vn -0.000000 1.000000 -0.000000
vn -0.000000 1.000000 -0.000000
vn -0.000000 1.000000 -0.000000
vn 0.429636 0.877897 0.211446
vn 0.214925 0.854372 0.473134
vn -0.008459 0.776088 0.630568
vn -0.189826 0.697144 0.691344
vn -0.326599 0.644143 0.691674
vn -0.430636 0.622186 0.653787
vn -0.510866 0.631097 0.583723
vn -0.568817 0.671086 0.475489
vn -0.594525 0.740607 0.313116
vn -0.560175 0.824611 0.078870
vn -0.429636 0.877897 -0.211446
vn -0.214925 0.854372 -0.473134
vn 0.008459 0.776088 -0.630568
vn 0.189826 0.697144 -0.691344
vn 0.326599 0.644143 -0.691674
vn 0.430636 0.622186 -0.653787
vn 0.510866 0.631097 -0.583723
vn 0.568817 0.671086 -0.475489
vn 0.594525 0.740607 -0.313116
vn 0.560175 0.824611 -0.078870
vn 0.429636 0.877897 0.211446
vn 0.621497 0.693418 0.364572
vn 0.277392 0.640476 0.716131
vn -0.038362 0.529362 0.847528
vn -0.254315 0.445427 0.858440
vn -0.404107 0.398709 0.823243
vn -0.518754 0.382303 0.764682
vn -0.615571 0.392717 0.683261
vn -0.702162 0.432209 0.565830
vn -0.772869 0.507571 0.380849
vn -0.783997 0.616483 0.072786
vn -0.621497 0.693418 -0.364572
vn -0.277392 0.640476 -0.716131
vn 0.038362 0.529362 -0.847528
vn 0.254315 0.445427 -0.858440
vn 0.404107 0.398709 -0.823243
vn 0.518754 0.382303 -0.764682
vn 0.615571 0.392717 -0.683261
vn 0.702162 0.432209 -0.565830
vn 0.772869 0.507571 -0.380849
vn 0.783997 0.616483 -0.072786
vn 0.621497 0.693418 0.364572
vn 0.734702 0.494835 0.464059
vn 0.304323 0.437458 0.846178
vn -0.055263 0.342159 0.938016
vn -0.280687 0.279882 0.918086
vn -0.432688 0.247806 0.866818
vn -0.550218 0.237331 0.800583
vn -0.653539 0.245350 0.716024
vn -0.753709 0.274246 0.597254
vn -0.851237 0.332012 0.406402
vn -0.903240 0.424358 0.063862
vn -0.734702 0.494835 -0.464059
vn -0.304323 0.437458 -0.846178
vn 0.055263 0.342159 -0.938016
vn 0.280687 0.279882 -0.918086
vn 0.432688 0.247806 -0.866818
vn 0.550218 0.237331 -0.800583
vn 0.653539 0.245350 -0.716024
vn 0.753709 0.274246 -0.597254
vn 0.851237 0.332012 -0.406402
vn 0.903240 0.424358 -0.063862
vn 0.734702 0.494835 0.464059
vn 0.792294 0.314680 0.522730
vn 0.312760 0.270417 0.910525
vn -0.065422 0.205840 0.976396
vn -0.293170 0.166467 0.941456
vn -0.445307 0.146867 0.883251
vn -0.563741 0.140719 0.813876
vn -0.669787 0.145983 0.728062
vn -0.776147 0.164404 0.608742
vn -0.887024 0.201978 0.415202
vn -0.962676 0.265016 0.054968
vn -0.792294 0.314680 -0.522730
vn -0.312760 0.270417 -0.910525
vn 0.065422 0.205840 -0.976396
vn 0.293170 0.166467 -0.941456
vn 0.445307 0.146867 -0.883251
vn 0.563741 0.140719 -0.813876
vn 0.669787 0.145983 -0.728062
vn 0.776147 0.164404 -0.608742
vn 0.887024 0.201978 -0.415202
vn 0.962676 0.265016 -0.054968
vn 0.792294 0.314680 0.522730
vn 0.816795 0.152561 0.556392
vn 0.312245 0.128920 0.941213
vn -0.072413 0.096941 0.992652
vn -0.300043 0.078079 0.950725
vn -0.451754 0.068838 0.889483
vn -0.570390 0.066019 0.818716
vn -0.677593 0.068642 0.732227
vn -0.786780 0.077617 0.612334
vn -0.903913 0.096061 0.416790
vn -0.990733 0.127644 0.046423
vn -0.816795 0.152561 -0.556392
vn -0.312245 0.128920 -0.941213
vn 0.072413 0.096941 -0.992652
vn 0.300043 0.078079 -0.950725
vn 0.451754 0.068838 -0.889483
vn 0.570390 0.066019 -0.818716
vn 0.677593 0.068642 -0.732227
vn 0.786780 0.077617 -0.612334
vn 0.903913 0.096061 -0.416790
vn 0.990733 0.127644 -0.046423
vn 0.816795 0.152561 0.556392
vn 0.819152 -0.000000 0.573576
vn 0.306236 -0.000000 0.951956
vn -0.077843 0.000000 0.996966
vn -0.304111 0.000000 0.952637
vn -0.455117 0.000000 0.890432
vn -0.573576 -0.000000 0.819152
vn -0.681073 0.000000 0.732216
vn -0.791173 0.000000 0.611592
vn -0.910217 -0.000000 0.414131
vn -0.999285 0.000000 0.037820
vn -0.819152 -0.000000 -0.573576
vn -0.306236 -0.000000 -0.951956
vn 0.077843 -0.000000 -0.996966
vn 0.304111 0.000000 -0.952637
vn 0.455117 0.000000 -0.890432
vn 0.573576 -0.000000 -0.819152
vn 0.681073 -0.000000 -0.732216
vn 0.791173 0.000000 -0.611592
vn 0.910217 -0.000000 -0.414131
vn 0.999285 0.000000 -0.037820
vn 0.819152 -0.000000 0.573576
vn 0.802197 -0.152561 0.577239
vn 0.295227 -0.127644 0.946862
vn -0.082498 -0.096061 0.991951
vn -0.306311 -0.077617 0.948762
vn -0.456317 -0.068642 0.887166
vn -0.574257 -0.066019 0.816009
vn -0.681331 -0.068838 0.728731
vn -0.790768 -0.078079 0.607116
vn -0.908022 -0.096941 0.407553
vn -0.991245 -0.128920 0.028500
vn -0.802197 -0.152561 -0.577239
vn -0.295227 -0.127644 -0.946862
vn 0.082498 -0.096061 -0.991951
vn 0.306311 -0.077617 -0.948762
vn 0.456317 -0.068642 -0.887166
vn 0.574257 -0.066019 -0.816009
vn 0.681331 -0.068838 -0.728731
vn 0.790768 -0.078079 -0.607116
vn 0.908022 -0.096941 -0.407553
vn 0.991245 -0.128920 -0.028500
vn 0.802197 -0.152561 0.577239
vn 0.762186 -0.314680 0.565729
vn 0.277601 -0.265016 0.923420
vn -0.086782 -0.201978 0.975538
vn -0.306573 -0.164404 0.937542
vn -0.455074 -0.145983 0.878406
vn -0.571982 -0.140719 0.808106
vn -0.677680 -0.146867 0.720541
vn -0.784409 -0.166467 0.597487
vn -0.895137 -0.205840 0.395424
vn -0.962584 -0.270417 0.017519
vn -0.762186 -0.314680 -0.565729
vn -0.277601 -0.265016 -0.923420
vn 0.086782 -0.201978 -0.975538
vn 0.306573 -0.164404 -0.937542
vn 0.455074 -0.145983 -0.878406
vn 0.571982 -0.140719 -0.808106
vn 0.677680 -0.146867 -0.720541
vn 0.784409 -0.166467 -0.597487
vn 0.895137 -0.205840 -0.395424
vn 0.962584 -0.270417 -0.017519
vn 0.762186 -0.314680 0.565729
vn 0.687356 -0.494835 0.531676
vn 0.248915 -0.424358 0.870610
vn -0.090753 -0.332012 0.938899
vn -0.303452 -0.274246 0.912527
vn -0.449319 -0.245350 0.859020
vn -0.564117 -0.237331 0.790852
vn -0.666555 -0.247806 0.703063
vn -0.766718 -0.279882 0.577763
vn -0.862545 -0.342159 0.372751
vn -0.899232 -0.437458 0.003440
vn -0.687356 -0.494835 -0.531676
vn -0.248915 -0.424358 -0.870610
vn 0.090753 -0.332012 -0.938899
vn 0.303452 -0.274246 -0.912527
vn 0.449319 -0.245350 -0.859020
vn 0.564117 -0.237331 -0.790852
vn 0.666555 -0.247806 -0.703063
vn 0.766718 -0.279882 -0.577763
vn 0.862545 -0.342159 -0.372751
vn 0.899232 -0.437458 -0.003440
vn 0.687356 -0.494835 0.531676
vn 0.555151 -0.693418 0.459325
vn 0.199746 -0.616483 0.761610
vn -0.093544 -0.507571 0.856517
vn -0.291553 -0.432209 0.853342
vn -0.431517 -0.392717 0.812137
vn -0.541142 -0.382303 0.749006
vn -0.635383 -0.398709 0.661302
vn -0.719688 -0.445427 0.532582
vn -0.783295 -0.529362 0.325920
vn -0.767817 -0.640476 -0.015732
vn -0.555151 -0.693418 -0.459325
vn -0.199746 -0.616483 -0.761610
vn 0.093544 -0.507571 -0.856517
vn 0.291553 -0.432209 -0.853342
vn 0.431517 -0.392717 -0.812137
vn 0.541142 -0.382303 -0.749006
vn 0.635383 -0.398709 -0.661302
vn 0.719688 -0.445427 -0.532582
vn 0.783295 -0.529362 -0.325920
vn 0.767817 -0.640476 0.015732
vn 0.555151 -0.693418 0.459325
vn 0.345639 -0.877897 0.331407
vn 0.117478 -0.824611 0.553368
vn -0.090894 -0.740607 0.665762
vn -0.252267 -0.671086 0.697140
vn -0.373793 -0.631097 0.679702
vn -0.467073 -0.622186 0.628274
vn -0.538258 -0.644143 0.543469
vn -0.584726 -0.697144 0.414832
vn -0.589647 -0.776088 0.223616
vn -0.518109 -0.854372 -0.040142
vn -0.345639 -0.877897 -0.331407
vn -0.117478 -0.824611 -0.553368
vn 0.090894 -0.740607 -0.665762
vn 0.252267 -0.671086 -0.697140
vn 0.373793 -0.631097 -0.679702
vn 0.467073 -0.622186 -0.628274
vn 0.538258 -0.644143 -0.543469
vn 0.584726 -0.697144 -0.414832
vn 0.589647 -0.776088 -0.223616
vn 0.518109 -0.854372 0.040142
vn 0.345639 -0.877897 0.331407
vn 0.000000 -1.000000 -0.000000
vn 0.000000 -1.000000 -0.000000
vn 0.000000 -1.000000 -0.000000
vn 0.000000 -1.000000 -0.000000
vn 0.000000 -1.000000 -0.000000
vn 0.000000 -1.000000 -0.000000
vn 0.000000 -1.000000 -0.000000
vn 0.000000 -1.000000 -0.000000
vn 0.000000 -1.000000 -0.000000
vn 0.000000 -1.000000 -0.000000
vn 0.000000 -1.000000 -0.000000
vn 0.000000 -1.000000 -0.000000
vn 0.000000 -1.000000 -0.000000
vn 0.000000 -1.000000 -0.000000
vn 0.000000 -1.000000 -0.000000
vn 0.000000 -1.000000 -0.000000
vn 0.000000 -1.000000 -0.000000
vn 0.000000 -1.000000 -0.000000
vn 0.000000 -1.000000 -0.000000
vn 0.000000 -1.000000 -0.000000
vn 0.000000 -1.000000 -0.000000
vn -0.346189 0.906308 -0.242404
vn -0.346189 0.906308 -0.242404
vn -0.346189 0.906308 -0.242404
vn -0.346189 0.906308 -0.242404
vn -0.346189 0.906308 -0.242404
vn -0.346189 0.906308 -0.242404
vn -0.346189 0.906308 -0.242404
vn -0.346189 0.906308 -0.242404
vn -0.346189 0.906308 -0.242404
vn -0.346189 0.906308 -0.242404
vn -0.346189 0.906308 -0.242404
vn -0.346189 0.906308 -0.242404
vn -0.346189 0.906308 -0.242404
vn -0.346189 0.906308 -0.242404
vn -0.346189 0.906308 -0.242404
vn -0.346189 0.906308 -0.242404
vn -0.346189 0.906308 -0.242404
vn -0.346189 0.906308 -0.242404
vn -0.346189 0.906308 -0.242404
vn -0.346189 0.906308 -0.242404
vn -0.346189 0.906308 -0.242404
vn 0.089400 0.995635 -0.026790
vn -0.115189 0.963418 0.241986
vn -0.304358 0.853298 0.423377
vn -0.449669 0.733696 0.509400
vn -0.559509 0.638391 0.528589
vn -0.647737 0.573291 0.501772
vn -0.722924 0.536609 0.435239
vn -0.786310 0.526553 0.323199
vn -0.827321 0.541301 0.150111
vn -0.813901 0.572543 -0.098790
vn -0.697236 0.595654 -0.398821
vn -0.476359 0.585230 -0.656192
vn -0.232987 0.553451 -0.799631
vn -0.033018 0.529959 -0.847380
vn 0.113519 0.529192 -0.840874
vn 0.216949 0.554492 -0.803412
vn 0.285966 0.607328 -0.741199
vn 0.321665 0.689868 -0.648547
vn 0.314542 0.801135 -0.509163
vn 0.242959 0.922159 -0.300987
vn 0.089400 0.995635 -0.026790
vn 0.326322 0.931979 0.157889
vn 0.006703 0.850091 0.526593
vn -0.256519 0.671929 0.694774
vn -0.430318 0.523742 0.735201
vn -0.552970 0.421013 0.719008
vn -0.652151 0.352260 0.671276
vn -0.742903 0.308443 0.594102
vn -0.832552 0.285793 0.474530
vn -0.916760 0.284776 0.280095
vn -0.951332 0.304957 -0.044383
vn -0.806429 0.324921 -0.494063
vn -0.450154 0.310845 -0.837100
vn -0.110000 0.287601 -0.951412
vn 0.121915 0.283646 -0.951148
vn 0.276913 0.301693 -0.912305
vn 0.387453 0.340709 -0.856620
vn 0.470995 0.403401 -0.784494
vn 0.533301 0.497635 -0.684068
vn 0.565330 0.635254 -0.526169
vn 0.524492 0.812491 -0.254492
vn 0.326322 0.931979 0.157889
vn 0.496778 0.815308 0.297463
vn 0.096498 0.706942 0.700658
vn -0.211533 0.518348 0.828594
vn -0.400348 0.379036 0.834298
vn -0.529431 0.284917 0.799078
vn -0.633031 0.218681 0.742598
vn -0.728909 0.169682 0.663249
vn -0.827557 0.132402 0.545545
vn -0.930550 0.104730 0.350867
vn -0.996174 0.087388 -0.001211
vn -0.839390 0.081637 -0.537363
vn -0.399385 0.086002 -0.912741
vn -0.025370 0.101854 -0.994476
vn 0.206564 0.128282 -0.969987
vn 0.357856 0.164260 -0.919216
vn 0.468708 0.211510 -0.857658
vn 0.559034 0.275043 -0.782197
vn 0.637675 0.364700 -0.678502
vn 0.700673 0.497080 -0.511829
vn 0.702358 0.681810 -0.204521
vn 0.496778 0.815308 0.297463
vn 0.610535 0.686192 0.395460
vn 0.159400 0.574070 0.803141
vn -0.175550 0.400588 0.899284
vn -0.373812 0.277591 0.884990
vn -0.507036 0.193050 0.840027
vn -0.612843 0.129660 0.779495
vn -0.710266 0.076918 0.699718
vn -0.811064 0.027869 0.584293
vn -0.919459 -0.023377 0.392491
vn -0.996319 -0.079757 0.031411
vn -0.828412 -0.115798 -0.548019
vn -0.346631 -0.083907 -0.934241
vn 0.033031 -0.027479 -0.999076
vn 0.258554 0.024150 -0.965695
vn 0.405349 0.073163 -0.911230
vn 0.515412 0.125409 -0.847716
vn 0.609191 0.187693 -0.770492
vn 0.697234 0.270133 -0.663998
vn 0.779614 0.389486 -0.490411
vn 0.812828 0.560129 -0.159893
vn 0.610535 0.686192 0.395460
vn 0.688136 0.555904 0.466304
vn 0.206551 0.453091 0.867205
vn -0.145118 0.303412 0.941744
vn -0.350062 0.197351 0.915702
vn -0.486340 0.121611 0.865265
vn -0.593426 0.060831 0.802586
vn -0.690990 0.005130 0.722846
vn -0.791142 -0.053597 0.609280
vn -0.898688 -0.124832 0.420449
vn -0.974680 -0.216043 0.057664
vn -0.793766 -0.279369 -0.540267
vn -0.295812 -0.219408 -0.929707
vn 0.077998 -0.127696 -0.988742
vn 0.296002 -0.055825 -0.953555
vn 0.438678 0.003167 -0.898639
vn 0.547717 0.058836 -0.834593
vn 0.643464 0.119291 -0.756124
vn 0.737402 0.194287 -0.646909
vn 0.832177 0.298954 -0.467020
vn 0.886302 0.447412 -0.119546
vn 0.688136 0.555904 0.466304
vn 0.742404 0.422618 0.519837
vn 0.245078 0.336773 0.909132
vn -0.116836 0.214720 0.969662
vn -0.326928 0.125643 0.936660
vn -0.465702 0.058288 0.883020
vn -0.573576 0.000000 0.819152
vn -0.670488 -0.058288 0.739627
vn -0.768356 -0.125643 0.627569
vn -0.871224 -0.214720 0.441434
vn -0.938126 -0.336773 0.080644
vn -0.742404 -0.422618 -0.519837
vn -0.245078 -0.336773 -0.909132
vn 0.116836 -0.214720 -0.969662
vn 0.326928 -0.125643 -0.936660
vn 0.465702 -0.058288 -0.883020
vn 0.573576 -0.000000 -0.819152
vn 0.670488 0.058288 -0.739627
vn 0.768356 0.125643 -0.627569
vn 0.871224 0.214720 -0.441434
vn 0.938126 0.336773 -0.080644
vn 0.742404 0.422618 0.519837
vn 0.779169 0.279369 0.561114
vn 0.279174 0.216043 0.935621
vn -0.087723 0.124832 0.988292
vn -0.301949 0.053597 0.951816
vn -0.442920 -0.005130 0.896546
vn -0.551221 -0.060831 0.832139
vn -0.646745 -0.121611 0.752948
vn -0.740750 -0.197351 0.642139
vn -0.835317 -0.303412 0.458461
vn -0.885551 -0.453091 0.102507
vn -0.673539 -0.555904 -0.487151
vn -0.190796 -0.447412 -0.873739
vn 0.154234 -0.298954 -0.941721
vn 0.355690 -0.194287 -0.914187
vn 0.490446 -0.119291 -0.863268
vn 0.596930 -0.058836 -0.800133
vn 0.694408 -0.003167 -0.719575
vn 0.794810 0.055825 -0.604286
vn 0.902436 0.127696 -0.411464
vn 0.974813 0.219408 -0.040006
vn 0.779169 0.279369 0.561114
vn 0.798303 0.115798 0.591019
vn 0.311245 0.079757 0.946977
vn -0.054347 0.023377 0.998248
vn -0.271656 -0.027869 0.961991
vn -0.414594 -0.076918 0.906750
vn -0.522881 -0.129660 0.842487
vn -0.615951 -0.193050 0.763764
vn -0.703768 -0.277591 0.653953
vn -0.785008 -0.400588 0.472537
vn -0.809223 -0.574070 0.124903
vn -0.580426 -0.686192 -0.438460
vn -0.127754 -0.560129 -0.818495
vn 0.194192 -0.389486 -0.900328
vn 0.385486 -0.270133 -0.882286
vn 0.515670 -0.187693 -0.835976
vn 0.620311 -0.125409 -0.774265
vn 0.717638 -0.073163 -0.692562
vn 0.819026 -0.024150 -0.573248
vn 0.927527 0.027479 -0.372744
vn 0.996454 0.083907 0.006197
vn 0.798303 0.115798 0.591019
vn 0.792044 -0.081637 0.604980
vn 0.341849 -0.087388 0.935683
vn -0.011440 -0.104730 0.994435
vn -0.229604 -0.132402 0.964236
vn -0.373949 -0.169682 0.911795
vn -0.481304 -0.218681 0.848837
vn -0.569811 -0.284917 0.770803
vn -0.647057 -0.379036 0.661551
vn -0.706276 -0.518348 0.482172
vn -0.691407 -0.706942 0.148960
vn -0.449432 -0.815308 -0.365080
vn -0.048033 -0.681810 -0.729951
vn 0.241317 -0.497080 -0.833473
vn 0.419485 -0.364700 -0.831280
vn 0.543824 -0.275043 -0.792847
vn 0.645627 -0.211510 -0.733777
vn 0.741386 -0.164260 -0.650665
vn 0.840841 -0.128282 -0.525862
vn 0.943179 -0.101854 -0.316290
vn 0.994293 -0.086002 0.063123
vn 0.792044 -0.081637 0.604980
vn 0.740083 -0.324921 0.588816
vn 0.367081 -0.304957 0.878779
vn 0.050347 -0.284776 0.957271
vn -0.161163 -0.285793 0.944642
vn -0.304186 -0.308443 0.901296
vn -0.407744 -0.352260 0.842412
vn -0.486520 -0.421013 0.765537
vn -0.543686 -0.523742 0.655820
vn -0.565139 -0.671929 0.478675
vn -0.497128 -0.850091 0.173807
vn -0.259976 -0.931979 -0.252642
vn 0.059758 -0.812491 -0.579903
vn 0.301083 -0.635254 -0.711197
vn 0.460414 -0.497635 -0.735104
vn 0.576094 -0.403401 -0.710904
vn 0.672442 -0.340709 -0.657068
vn 0.762577 -0.301693 -0.572239
vn 0.852089 -0.283646 -0.439874
vn 0.931657 -0.287601 -0.222036
vn 0.940579 -0.310845 0.136701
vn 0.740083 -0.324921 0.588816
vn 0.613238 -0.595654 0.518782
vn 0.371203 -0.572543 0.731028
vn 0.141903 -0.541301 0.828768
vn -0.034774 -0.526553 0.849431
vn -0.161736 -0.536609 0.828186
vn -0.249972 -0.573291 0.780289
vn -0.305348 -0.638391 0.706554
vn -0.324883 -0.733696 0.596776
vn -0.293748 -0.853298 0.430807
vn -0.187995 -0.963418 0.191006
vn -0.005402 -0.995635 -0.093171
vn 0.199739 -0.922159 -0.331251
vn 0.370877 -0.801135 -0.469716
vn 0.499419 -0.689868 -0.524083
vn 0.598693 -0.607328 -0.522226
vn 0.680759 -0.554492 -0.478649
vn 0.751337 -0.529192 -0.394269
vn 0.807570 -0.529959 -0.258795
vn 0.831093 -0.553451 -0.054553
vn 0.779543 -0.585230 0.223200
vn 0.613238 -0.595654 0.518782
vn 0.346189 -0.906308 0.242404
vn 0.346189 -0.906308 0.242404
vn 0.346189 -0.906308 0.242404
vn 0.346189 -0.906308 0.242404
vn 0.346189 -0.906308 0.242404
vn 0.346189 -0.906308 0.242404
vn 0.346189 -0.906308 0.242404
vn 0.346189 -0.906308 0.242404
vn 0.346189 -0.906308 0.242404
vn 0.346189 -0.906308 0.242404
vn 0.346189 -0.906308 0.242404
vn 0.346189 -0.906308 0.242404
vn 0.346189 -0.906308 0.242404
vn 0.346189 -0.906308 0.242404
vn 0.346189 -0.906308 0.242404
vn 0.346189 -0.906308 0.242404
vn 0.346189 -0.906308 0.242404
vn 0.346189 -0.906308 0.242404
vn 0.346189 -0.906308 0.242404
vn 0.346189 -0.906308 0.242404
vn 0.346189 -0.906308 0.242404
f 625//625 626//626 646//646
f 626//626 647//647 646//646
f 626//626 627//627 647//647
f 627//627 648//648 647//647
f 627//627 628//628 648//648
f 628//628 649//649 648//648
f 628//628 629//629 649//649
f 629//629 650//650 649//649
f 629//629 630//630 650//650
f 630//630 651//651 650//650
f 630//630 631//631 651//651
f 631//631 652//652 651//651
f 631//631 632//632 652//652
f 632//632 653//653 652//652
f 632//632 633//633 653//653
f 633//633 654//654 653//653
f 633//633 634//634 654//654
f 634//634 655//655 654//654
f 634//634 635//635 655//655
f 635//635 656//656 655//655
f 635//635 636//636 656//656
f 636//636 657//657 656//656
f 636//636 637//637 657//657
f 637//637 658//658 657//657
f 637//637 638//638 658//658
f 638//638 659//659 658//658
f 638//638 639//639 659//659
f 639//639 660//660 659//659
f 639//639 640//640 660//660
f 640//640 661//661 660//660
f 640//640 641//641 661//661
f 641//641 662//662 661//661
f 641//641 642//642 662//662
f 642//642 663//663 662//662
f 642//642 643//643 663//663
f 643//643 664//664 663//663
f 643//643 644//644 664//664
f 644//644 665//665 664//664
f 644//644 645//645 665//665
f 645//645 666//666 665//665
f 646//646 647//647 667//667
f 647//647 668//668 667//667
f 647//647 648//648 668//668
f 648//648 669//669 668//668
f 648//648 649//649 669//669
f 649//649 670//670 669//669
f 649//649 650//650 670//670
f 650//650 671//671 670//670
f 650//650 651//651 671//671
f 651//651 672//672 671//671
f 651//651 652//652 672//672
f 652//652 673//673 672//672
f 652//652 653//653 673//673
f 653//653 674//674 673//673
f 653//653 654//654 674//674
f 654//654 675//675 674//674
f 654//654 655//655 675//675
f 655//655 676//676 675//675
f 655//655 656//656 676//676
f 656//656 677//677 676//676
f 656//656 657//657 677//677
f 657//657 678//678 677//677
f 657//657 658//658 678//678
f 658//658 679//679 678//678
f 658//658 659//659 679//679
f 659//659 680//680 679//679
f 659//659 660//660 680//680
f 660//660 681//681 680//680
f 660//660 661//661 681//681
f 661//661 682//682 681//681
f 661//661 662//662 682//682
f 662//662 683//683 682//682
f 662//662 663//663 683//683
f 663//663 684//684 683//683
f 663//663 664//664 684//684
f 664//664 685//685 684//684
f 664//664 665//665 685//685
f 665//665 686//686 685//685
f 665//665 666//666 686//686
f 666//666 687//687 686//686
f 667//667 668//668 688//688
f 668//668 689//689 688//688
f 668//668 669//669 689//689
f 669//669 690//690 689//689
f 669//669 670//670 690//690
f 670//670 691//691 690//690
f 670//670 671//671 691//691
f 671//671 692//692 691//691
f 671//671 672//672 692//692
f 672//672 693//693 692//692
f 672//672 673//673 693//693
f 673//673 694//694 693//693
f 673//673 674//674 694//694
f 674//674 695//695 694//694
f 674//674 675//675 695//695
f 675//675 696//696 695//695
f 675//675 676//676 696//696
f 676//676 697//697 696//696
f 676//676 677//677 697//697
f 677//677 698//698 697//697
f 677//677 678//678 698//698
f 678//678 699//699 698//698
f 678//678 679//679 699//699
f 679//679 700//700 699//699
f 679//679 680//680 700//700
f 680//680 701//701 700//700
f 680//680 681//681 701//701
f 681//681 702//702 701//701
f 681//681 682//682 702//702
f 682//682 703//703 702//702
f 682//682 683//683 703//703
f 683//683 704//704 703//703
f 683//683 684//684 704//704
f 684//684 705//705 704//704
f 684//684 685//685 705//705
f 685//685 706//706 705//705
f 685//685 686//686 706//706
f 686//686 707//707 706//706
f 686//686 687//687 707//707
f 687//687 708//708 707//707
f 688//688 689//689 709//709
f 689//689 710//710 709//709
f 689//689 690//690 710//710
f 690//690 711//711 710//710
f 690//690 691//691 711//711
f 691//691 712//712 711//711
f 691//691 692//692 712//712
f 692//692 713//713 712//712
f 692//692 693//693 713//713
f 693//693 714//714 713//713
f 693//693 694//694 714//714
f 694//694 715//715 714//714
f 694//694 695//695 715//715
f 695//695 716//716 715//715
f 695//695 696//696 716//716
f 696//696 717//717 716//716
f 696//696 697//697 717//717
f 697//697 718//718 717//717
f 697//697 698//698 718//718
f 698//698 719//719 718//718
f 698//698 699//699 719//719
f 699//699 720//720 719//719
f 699//699 700//700 720//720
f 700//700 721//721 720//720
f 700//700 701//701 721//721
f 701//701 722//722 721//721
f 701//701 702//702 722//722
f 702//702 723//723 722//722
f 702//702 703//703 723//723
f 703//703 724//724 723//723
f 703//703 704//704 724//724
f 704//704 725//725 724//724
f 704//704 705//705 725//725
f 705//705 726//726 725//725
f 705//705 706//706 726//726
f 706//706 727//727 726//726
f 706//706 707//707 727//727
f 707//707 728//728 727//727
f 707//707 708//708 728//728
f 708//708 729//729 728//728
f 709//709 710//710 730//730
f 710//710 731//731 730//730
f 710//710 711//711 731//731
f 711//711 732//732 731//731
f 711//711 712//712 732//732
f 712//712 733//733 732//732
f 712//712 713//713 733//733
f 713//713 734//734 733//733
f 713//713 714//714 734//734
f 714//714 735//735 734//734
f 714//714 715//715 735//735
f 715//715 736//736 735//735
f 715//715 716//716 736//736
f 716//716 737//737 736//736
f 716//716 717//717 737//737
f 717//717 738//738 737//737
f 717//717 718//718 738//738
f 718//718 739//739 738//738
f 718//718 719//719 739//739
f 719//719 740//740 739//739
f 719//719 720//720 740//740
f 720//720 741//741 740//740
f 720//720 721//721 741//741
f 721//721 742//742 741//741
f 721//721 722//722 742//742
f 722//722 743//743 742//742
f 722//722 723//723 743//743
f 723//723 744//744 743//743
f 723//723 724//724 744//744
f 724//724 745//745 744//744
f 724//724 725//725 745//745
f 725//725 746//746 745//745
f 725//725 726//726 746//746
f 726//726 747//747 746//746
f 726//726 727//727 747//747
f 727//727 748//748 747//747
f 727//727 728//728 748//748
f 728//728 749//749 748//748
f 728//728 729//729 749//749
f 729//729 750//750 749//749
f 730//730 731//731 751//751
f 731//731 752//752 751//751
f 731//731 732//732 752//752
f 732//732 753//753 752//752
f 732//732 733//733 753//753
f 733//733 754//754 753//753
f 733//733 734//734 754//754
f 734//734 755//755 754//754
f 734//734 735//735 755//755
f 735//735 756//756 755//755
f 735//735 736//736 756//756
f 736//736 757//757 756//756
f 736//736 737//737 757//757
f 737//737 758//758 757//757
f 737//737 738//738 758//758
f 738//738 759//759 758//758
f 738//738 739//739 759//759
f 739//739 760//760 759//759
f 739//739 740//740 760//760
f 740//740 761//761 760//760
f 740//740 741//741 761//761
f 741//741 762//762 761//761
f 741//741 742//742 762//762
f 742//742 763//763 762//762
f 742//742 743//743 763//763
f 743//743 764//764 763//763
f 743//743 744//744 764//764
f 744//744 765//765 764//764
f 744//744 745//745 765//765
f 745//745 766//766 765//765
f 745//745 746//746 766//766
f 746//746 767//767 766//766
f 746//746 747//747 767//767
f 747//747 768//768 767//767
f 747//747 748//748 768//768
f 748//748 769//769 768//768
f 748//748 749//749 769//769
f 749//749 770//770 769//769
f 749//749 750//750 770//770
f 750//750 771//771 770//770
f 751//751 752//752 772//772
f 752//752 773//773 772//772
f 752//752 753//753 773//773
f 753//753 774//774 773//773
f 753//753 754//754 774//774
f 754//754 775//775 774//774
f 754//754 755//755 775//775
f 755//755 776//776 775//775
f 755//755 756//756 776//776
f 756//756 777//777 776//776
f 756//756 757//757 777//777
f 757//757 778//778 777//777
f 757//757 758//758 778//778
f 758//758 779//779 778//778
f 758//758 759//759 779//779
f 759//759 780//780 779//779
f 759//759 760//760 780//780
f 760//760 781//781 780//780
f 760//760 761//761 781//781
f 761//761 782//782 781//781
f 761//761 762//762 782//782
f 762//762 783//783 782//782
f 762//762 763//763 783//783
f 763//763 784//784 783//783
f 763//763 764//764 784//784
f 764//764 785//785 784//784
f 764//764 765//765 785//785
f 765//765 786//786 785//785
f 765//765 766//766 786//786
f 766//766 787//787 786//786
f 766//766 767//767 787//787
f 767//767 788//788 787//787
f 767//767 768//768 788//788
f 768//768 789//789 788//788
f 768//768 769//769 789//789
f 769//769 790//790 789//789
f 769//769 770//770 790//790
f 770//770 791//791 790//790
f 770//770 771//771 791//791
f 771//771 792//792 791//791
f 772//772 773//773 793//793
f 773//773 794//794 793//793
f 773//773 774//774 794//794
f 774//774 795//795 794//794
f 774//774 775//775 795//795
f 775//775 796//796 795//795
f 775//775 776//776 796//796
f 776//776 797//797 796//796
f 776//776 777//777 797//797
f 777//777 798//798 797//797
f 777//777 778//778 798//798
f 778//778 799//799 798//798
f 778//778 779//779 799//799
f 779//779 800//800 799//799
f 779//779 780//780 800//800
f 780//780 801//801 800//800
f 780//780 781//781 801//801
f 781//781 802//802 801//801
f 781//781 782//782 802//802
f 782//782 803//803 802//802
f 782//782 783//783 803//803
f 783//783 804//804 803//803
f 783//783 784//784 804//804
f 784//784 805//805 804//804
f 784//784 785//785 805//805
f 785//785 806//806 805//805
f 785//785 786//786 806//806
f 786//786 807//807 806//806
f 786//786 787//787 807//807
f 787//787 808//808 807//807
f 787//787 788//788 808//808
f 788//788 809//809 808//808
f 788//788 789//789 809//809
f 789//789 810//810 809//809
f 789//789 790//790 810//810
f 790//790 811//811 810//810
f 790//790 791//791 811//811
f 791//791 812//812 811//811
f 791//791 792//792 812//812
f 792//792 813//813 812//812
f 793//793 794//794 814//814
f 794//794 815//815 814//814
f 794//794 795//795 815//815
f 795//795 816//816 815//815
f 795//795 796//796 816//816
f 796//796 817//817 816//816
f 796//796 797//797 817//817
f 797//797 818//818 817//817
f 797//797 798//798 818//818
f 798//798 819//819 818//818
f 798//798 799//799 819//819
f 799//799 820//820 819//819
f 799//799 800//800 820//820
f 800//800 821//821 820//820
f 800//800 801//801 821//821
f 801//801 822//822 821//821
f 801//801 802//802 822//822
f 802//802 823//823 822//822
f 802//802 803//803 823//823
f 803//803 824//824 823//823
f 803//803 804//804 824//824
f 804//804 825//825 824//824
f 804//804 805//805 825//825
f 805//805 826//826 825//825
f 805//805 806//806 826//826
f 806//806 827//827 826//826
f 806//806 807//807 827//827
f 807//807 828//828 827//827
f 807//807 808//808 828//828
f 808//808 829//829 828//828
f 808//808 809//809 829//829
f 809//809 830//830 829//829
f 809//809 810//810 830//830
f 810//810 831//831 830//830
f 810//810 811//811 831//831
f 811//811 832//832 831//831
f 811//811 812//812 832//832
f 812//812 833//833 832//832
f 812//812 813//813 833//833
f 813//813 834//834 833//833
f 814//814 815//815 835//835
f 815//815 836//836 835//835
f 815//815 816//816 836//836
f 816//816 837//837 836//836
f 816//816 817//817 837//837
f 817//817 838//838 837//837
f 817//817 818//818 838//838
f 818//818 839//839 838//838
f 818//818 819//819 839//839
f 819//819 840//840 839//839
f 819//819 820//820 840//840
f 820//820 841//841 840//840
f 820//820 821//821 841//841
f 821//821 842//842 841//841
f 821//821 822//822 842//842
f 822//822 843//843 842//842
f 822//822 823//823 843//843
f 823//823 844//844 843//843
f 823//823 824//824 844//844
f 824//824 845//845 844//844
f 824//824 825//825 845//845
f 825//825 846//846 845//845
f 825//825 826//826 846//846
f 826//826 847//847 846//846
f 826//826 827//827 847//847
f 827//827 848//848 847//847
f 827//827 828//828 848//848
f 828//828 849//849 848//848
f 828//828 829//829 849//849
f 829//829 850//850 849//849
f 829//829 830//830 850//850
f 830//830 851//851 850//850
f 830//830 831//831 851//851
f 831//831 852//852 851//851
f 831//831 832//832 852//852
f 832//832 853//853 852//852
f 832//832 833//833 853//853
f 833//833 854//854 853//853
f 833//833 834//834 854//854
f 834//834 855//855 854//854
f 835//835 836//836 856//856
f 836//836 857//857 856//856
f 836//836 837//837 857//857
f 837//837 858//858 857//857
f 837//837 838//838 858//858
f 838//838 859//859 858//858
f 838//838 839//839 859//859
f 839//839 860//860 859//859
f 839//839 840//840 860//860
f 840//840 861//861 860//860
f 840//840 841//841 861//861
f 841//841 862//862 861//861
f 841//841 842//842 862//862
f 842//842 863//863 862//862
f 842//842 843//843 863//863
f 843//843 864//864 863//863
f 843//843 844//844 864//864
f 844//844 865//865 864//864
f 844//844 845//845 865//865
f 845//845 866//866 865//865
f 845//845 846//846 866//866
f 846//846 867//867 866//866
f 846//846 847//847 867//867
f 847//847 868//868 867//867
f 847//847 848//848 868//868
f 848//848 869//869 868//868
f 848//848 849//849 869//869
f 849//849 870//870 869//869
f 849//849 850//850 870//870
f 850//850 871//871 870//870
f 850//850 851//851 871//871
f 851//851 872//872 871//871
f 851//851 852//852 872//872
f 852//852 873//873 872//872
f 852//852 853//853 873//873
f 853//853 874//874 873//873
f 853//853 854//854 874//874
f 854//854 875//875 874//874
f 854//854 855//855 875//875
f 855//855 876//876 875//875
f 856//856 857//857 877//877
f 857//857 878//878 877//877
f 857//857 858//858 878//878
f 858//858 879//879 878//878
f 858//858 859//859 879//879
f 859//859 880//880 879//879
f 859//859 860//860 880//880
f 860//860 881//881 880//880
f 860//860 861//861 881//881
f 861//861 882//882 881//881
f 861//861 862//862 882//882
f 862//862 883//883 882//882
f 862//862 863//863 883//883
f 863//863 884//884 883//883
f 863//863 864//864 884//884
f 864//864 885//885 884//884
f 864//864 865//865 885//885
f 865//865 886//886 885//885
f 865//865 866//866 886//886
f 866//866 887//887 886//886
f 866//866 867//867 887//887
f 867//867 888//888 887//887
f 867//867 868//868 888//888
f 868//868 889//889 888//888
f 868//868 869//869 889//889
f 869//869 890//890 889//889
f 869//869 870//870 890//890
f 870//870 891//891 890//890
f 870//870 871//871 891//891
f 871//871 892//892 891//891
f 871//871 872//872 892//892
f 872//872 893//893 892//892
f 872//872 873//873 893//893
f 873//873 894//894 893//893
f 873//873 874//874 894//894
f 874//874 895//895 894//894
f 874//874 875//875 895//895
f 875//875 896//896 895//895
f 875//875 876//876 896//896
f 876//876 897//897 896//896
f 898//898 899//899 919//919
f 899//899 920//920 919//919
f 899//899 900//900 920//920
f 900//900 921//921 920//920
f 900//900 901//901 921//921
f 901//901 922//922 921//921
f 901//901 902//902 922//922
f 902//902 923//923 922//922
f 902//902 903//903 923//923
f 903//903 924//924 923//923
f 903//903 904//904 924//924
f 904//904 925//925 924//924
f 904//904 905//905 925//925
f 905//905 926//926 925//925
f 905//905 906//906 926//926
f 906//906 927//927 926//926
f 906//906 907//907 927//927
f 907//907 928//928 927//927
f 907//907 908//908 928//928
f 908//908 929//929 928//928
f 908//908 909//909 929//929
f 909//909 930//930 929//929
f 909//909 910//910 930//930
f 910//910 931//931 930//930
f 910//910 911//911 931//931
f 911//911 932//932 931//931
f 911//911 912//912 932//932
f 912//912 933//933 932//932
f 912//912 913//913 933//933
f 913//913 934//934 933//933
f 913//913 914//914 934//934
f 914//914 935//935 934//934
f 914//914 915//915 935//935
f 915//915 936//936 935//935
f 915//915 916//916 936//936
f 916//916 937//937 936//936
f 916//916 917//917 937//937
f 917//917 938//938 937//937
f 917//917 918//918 938//938
f 918//918 939//939 938//938
f 919//919 920//920 940//940
f 920//920 941//941 940//940
f 920//920 921//921 941//941
f 921//921 942//942 941//941
f 921//921 922//922 942//942
f 922//922 943//943 942//942
f 922//922 923//923 943//943
f 923//923 944//944 943//943
f 923//923 924//924 944//944
f 924//924 945//945 944//944
f 924//924 925//925 945//945
f 925//925 946//946 945//945
f 925//925 926//926 946//946
f 926//926 947//947 946//946
f 926//926 927//927 947//947
f 927//927 948//948 947//947
f 927//927 928//928 948//948
f 928//928 949//949 948//948
f 928//928 929//929 949//949
f 929//929 950//950 949//949
f 929//929 930//930 950//950
f 930//930 951//951 950//950
f 930//930 931//931 951//951
f 931//931 952//952 951//951
f 931//931 932//932 952//952
f 932//932 953//953 952//952
f 932//932 933//933 953//953
f 933//933 954//954 953//953
f 933//933 934//934 954//954
f 934//934 955//955 954//954
f 934//934 935//935 955//955
f 935//935 956//956 955//955
f 935//935 936//936 956//956
f 936//936 957//957 956//956
f 936//936 937//937 957//957
f 937//937 958//958 957//957
f 937//937 938//938 958//958
f 938//938 959//959 958//958
f 938//938 939//939 959//959
f 939//939 960//960 959//959
f 940//940 941//941 961//961
f 941//941 962//962 961//961
f 941//941 942//942 962//962
f 942//942 963//963 962//962
f 942//942 943//943 963//963
f 943//943 964//964 963//963
f 943//943 944//944 964//964
f 944//944 965//965 964//964
f 944//944 945//945 965//965
f 945//945 966//966 965//965
f 945//945 946//946 966//966
f 946//946 967//967 966//966
f 946//946 947//947 967//967
f 947//947 968//968 967//967
f 947//947 948//948 968//968
f 948//948 969//969 968//968
f 948//948 949//949 969//969
f 949//949 970//970 969//969
f 949//949 950//950 970//970
f 950//950 971//971 970//970
f 950//950 951//951 971//971
f 951//951 972//972 971//971
f 951//951 952//952 972//972
f 952//952 973//973 972//972
f 952//952 953//953 973//973
f 953//953 974//974 973//973
f 953//953 954//954 974//974
f 954//954 975//975 974//974
f 954//954 955//955 975//975
f 955//955 976//976 975//975
f 955//955 956//956 976//976
f 956//956 977//977 976//976
f 956//956 957//957 977//977
f 957//957 978//978 977//977
f 957//957 958//958 978//978
f 958//958 979//979 978//978
f 958//958 959//959 979//979
f 959//959 980//980 979//979
f 959//959 960//960 980//980
f 960//960 981//981 980//980
f 961//961 962//962 982//982
f 962//962 983//983 982//982
f 962//962 963//963 983//983
f 963//963 984//984 983//983
f 963//963 964//964 984//984
f 964//964 985//985 984//984
f 964//964 965//965 985//985
f 965//965 986//986 985//985
f 965//965 966//966 986//986
f 966//966 987//987 986//986
f 966//966 967//967 987//987
f 967//967 988//988 987//987
f 967//967 968//968 988//988
f 968//968 989//989 988//988
f 968//968 969//969 989//989
f 969//969 990//990 989//989
f 969//969 970//970 990//990
f 970//970 991//991 990//990
f 970//970 971//971 991//991
f 971//971 992//992 991//991
f 971//971 972//972 992//992
f 972//972 993//993 992//992
f 972//972 973//973 993//993
f 973//973 994//994 993//993
f 973//973 974//974 994//994
f 974//974 995//995 994//994
f 974//974 975//975 995//995
f 975//975 996//996 995//995
f 975//975 976//976 996//996
f 976//976 997//997 996//996
f 976//976 977//977 997//997
f 977//977 998//998 997//997
f 977//977 978//978 998//998
f 978//978 999//999 998//998
f 978//978 979//979 999//999
f 979//979 1000//1000 999//999
f 979//979 980//980 1000//1000
f 980//980 1001//1001 1000//1000
f 980//980 981//981 1001//1001
f 981//981 1002//1002 1001//1001
f 982//982 983//983 1003//1003
f 983//983 1004//1004 1003//1003
f 983//983 984//984 1004//1004
f 984//984 1005//1005 1004//1004
f 984//984 985//985 1005//1005
f 985//985 1006//1006 1005//1005
f 985//985 986//986 1006//1006
f 986//986 1007//1007 1006//1006
f 986//986 987//987 1007//1007
f 987//987 1008//1008 1007//1007
f 987//987 988//988 1008//1008
f 988//988 1009//1009 1008//1008
f 988//988 989//989 1009//1009
f 989//989 1010//1010 1009//1009
f 989//989 990//990 1010//1010
f 990//990 1011//1011 1010//1010
f 990//990 991//991 1011//1011
f 991//991 1012//1012 1011//1011
f 991//991 992//992 1012//1012
f 992//992 1013//1013 1012//1012
f 992//992 993//993 1013//1013
f 993//993 1014//1014 1013//1013
f 993//993 994//994 1014//1014
f 994//994 1015//1015 1014//1014
f 994//994 995//995 1015//1015
f 995//995 1016//1016 1015//1015
f 995//995 996//996 1016//1016
f 996//996 1017//1017 1016//1016
f 996//996 997//997 1017//1017
f 997//997 1018//1018 1017//1017
f 997//997 998//998 1018//1018
f 998//998 1019//1019 1018//1018
f 998//998 999//999 1019//1019
f 999//999 1020//1020 1019//1019
f 999//999 1000//1000 1020//1020
f 1000//1000 1021//1021 1020//1020
f 1000//1000 1001//1001 1021//1021
f 1001//1001 1022//1022 1021//1021
f 1001//1001 1002//1002 1022//1022
f 1002//1002 1023//1023 1022//1022
f 1003//1003 1004//1004 1024//1024
f 1004//1004 1025//1025 1024//1024
f 1004//1004 1005//1005 1025//1025
f 1005//1005 1026//1026 1025//1025
f 1005//1005 1006//1006 1026//1026
f 1006//1006 1027//1027 1026//1026
f 1006//1006 1007//1007 1027//1027
f 1007//1007 1028//1028 1027//1027
f 1007//1007 1008//1008 1028//1028
f 1008//1008 1029//1029 1028//1028
f 1008//1008 1009//1009 1029//1029
f 1009//1009 1030//1030 1029//1029
f 1009//1009 1010//1010 1030//1030
f 1010//1010 1031//1031 1030//1030
f 1010//1010 1011//1011 1031//1031
f 1011//1011 1032//1032 1031//1031
f 1011//1011 1012//1012 1032//1032
f 1012//1012 1033//1033 1032//1032
f 1012//1012 1013//1013 1033//1033
f 1013//1013 1034//1034 1033//1033
f 1013//1013 1014//1014 1034//1034
f 1014//1014 1035//1035 1034//1034
f 1014//1014 1015//1015 1035//1035
f 1015//1015 1036//1036 1035//1035
f 1015//1015 1016//1016 1036//1036
f 1016//1016 1037//1037 1036//1036
f 1016//1016 1017//1017 1037//1037
f 1017//1017 1038//1038 1037//1037
f 1017//1017 1018//1018 1038//1038
f 1018//1018 1039//1039 1038//1038
f 1018//1018 1019//1019 1039//1039
f 1019//1019 1040//1040 1039//1039
f 1019//1019 1020//1020 1040//1040
f 1020//1020 1041//1041 1040//1040
f 1020//1020 1021//1021 1041//1041
f 1021//1021 1042//1042 1041//1041
f 1021//1021 1022//1022 1042//1042
f 1022//1022 1043//1043 1042//1042
f 1022//1022 1023//1023 1043//1043
f 1023//1023 1044//1044 1043//1043
f 1024//1024 1025//1025 1045//1045
f 1025//1025 1046//1046 1045//1045
f 1025//1025 1026//1026 1046//1046
f 1026//1026 1047//1047 1046//1046
f 1026//1026 1027//1027 1047//1047
f 1027//1027 1048//1048 1047//1047
f 1027//1027 1028//1028 1048//1048
f 1028//1028 1049//1049 1048//1048
f 1028//1028 1029//1029 1049//1049
f 1029//1029 1050//1050 1049//1049
f 1029//1029 1030//1030 1050//1050
f 1030//1030 1051//1051 1050//1050
f 1030//1030 1031//1031 1051//1051
f 1031//1031 1052//1052 1051//1051
f 1031//1031 1032//1032 1052//1052
f 1032//1032 1053//1053 1052//1052
f 1032//1032 1033//1033 1053//1053
f 1033//1033 1054//1054 1053//1053
f 1033//1033 1034//1034 1054//1054
f 1034//1034 1055//1055 1054//1054
f 1034//1034 1035//1035 1055//1055
f 1035//1035 1056//1056 1055//1055
f 1035//1035 1036//1036 1056//1056
f 1036//1036 1057//1057 1056//1056
f 1036//1036 1037//1037 1057//1057
f 1037//1037 1058//1058 1057//1057
f 1037//1037 1038//1038 1058//1058
f 1038//1038 1059//1059 1058//1058
f 1038//1038 1039//1039 1059//1059
f 1039//1039 1060//1060 1059//1059
f 1039//1039 1040//1040 1060//1060
f 1040//1040 1061//1061 1060//1060
f 1040//1040 1041//1041 1061//1061
f 1041//1041 1062//1062 1061//1061
f 1041//1041 1042//1042 1062//1062
f 1042//1042 1063//1063 1062//1062
f 1042//1042 1043//1043 1063//1063
f 1043//1043 1064//1064 1063//1063
f 1043//1043 1044//1044 1064//1064
f 1044//1044 1065//1065 1064//1064
f 1045//1045 1046//1046 1066//1066
f 1046//1046 1067//1067 1066//1066
f 1046//1046 1047//1047 1067//1067
f 1047//1047 1068//1068 1067//1067
f 1047//1047 1048//1048 1068//1068
f 1048//1048 1069//1069 1068//1068
f 1048//1048 1049//1049 1069//1069
f 1049//1049 1070//1070 1069//1069
f 1049//1049 1050//1050 1070//1070
f 1050//1050 1071//1071 1070//1070
f 1050//1050 1051//1051 1071//1071
f 1051//1051 1072//1072 1071//1071
f 1051//1051 1052//1052 1072//1072
f 1052//1052 1073//1073 1072//1072
f 1052//1052 1053//1053 1073//1073
f 1053//1053 1074//1074 1073//1073
f 1053//1053 1054//1054 1074//1074
f 1054//1054 1075//1075 1074//1074
f 1054//1054 1055//1055 1075//1075
f 1055//1055 1076//1076 1075//1075
f 1055//1055 1056//1056 1076//1076
f 1056//1056 1077//1077 1076//1076
f 1056//1056 1057//1057 1077//1077
f 1057//1057 1078//1078 1077//1077
f 1057//1057 1058//1058 1078//1078
f 1058//1058 1079//1079 1078//1078
f 1058//1058 1059//1059 1079//1079
f 1059//1059 1080//1080 1079//1079
f 1059//1059 1060//1060 1080//1080
f 1060//1060 1081//1081 1080//1080
f 1060//1060 1061//1061 1081//1081
f 1061//1061 1082//1082 1081//1081
f 1061//1061 1062//1062 1082//1082
f 1062//1062 1083//1083 1082//1082
f 1062//1062 1063//1063 1083//1083
f 1063//1063 1084//1084 1083//1083
f 1063//1063 1064//1064 1084//1084
f 1064//1064 1085//1085 1084//1084
f 1064//1064 1065//1065 1085//1085
f 1065//1065 1086//1086 1085//1085
f 1066//1066 1067//1067 1087//1087
f 1067//1067 1088//1088 1087//1087
f 1067//1067 1068//1068 1088//1088
f 1068//1068 1089//1089 1088//1088
f 1068//1068 1069//1069 1089//1089
f 1069//1069 1090//1090 1089//1089
f 1069//1069 1070//1070 1090//1090
f 1070//1070 1091//1091 1090//1090
f 1070//1070 1071//1071 1091//1091
f 1071//1071 1092//1092 1091//1091
f 1071//1071 1072//1072 1092//1092
f 1072//1072 1093//1093 1092//1092
f 1072//1072 1073//1073 1093//1093
f 1073//1073 1094//1094 1093//1093
f 1073//1073 1074//1074 1094//1094
f 1074//1074 1095//1095 1094//1094
f 1074//1074 1075//1075 1095//1095
f 1075//1075 1096//1096 1095//1095
f 1075//1075 1076//1076 1096//1096
f 1076//1076 1097//1097 1096//1096
f 1076//1076 1077//1077 1097//1097
f 1077//1077 1098//1098 1097//1097
f 1077//1077 1078//1078 1098//1098
f 1078//1078 1099//1099 1098//1098
f 1078//1078 1079//1079 1099//1099
f 1079//1079 1100//1100 1099//1099
f 1079//1079 1080//1080 1100//1100
f 1080//1080 1101//1101 1100//1100
f 1080//1080 1081//1081 1101//1101
f 1081//1081 1102//1102 1101//1101
f 1081//1081 1082//1082 1102//1102
f 1082//1082 1103//1103 1102//1102
f 1082//1082 1083//1083 1103//1103
f 1083//1083 1104//1104 1103//1103
f 1083//1083 1084//1084 1104//1104
f 1084//1084 1105//1105 1104//1104
f 1084//1084 1085//1085 1105//1105
f 1085//1085 1106//1106 1105//1105
f 1085//1085 1086//1086 1106//1106
f 1086//1086 1107//1107 1106//1106
f 1087//1087 1088//1088 1108//1108
f 1088//1088 1109//1109 1108//1108
f 1088//1088 1089//1089 1109//1109
f 1089//1089 1110//1110 1109//1109
f 1089//1089 1090//1090 1110//1110
f 1090//1090 1111//1111 1110//1110
f 1090//1090 1091//1091 1111//1111
f 1091//1091 1112//1112 1111//1111
f 1091//1091 1092//1092 1112//1112
f 1092//1092 1113//1113 1112//1112
f 1092//1092 1093//1093 1113//1113
f 1093//1093 1114//1114 1113//1113
f 1093//1093 1094//1094 1114//1114
f 1094//1094 1115//1115 1114//1114
f 1094//1094 1095//1095 1115//1115
f 1095//1095 1116//1116 1115//1115
f 1095//1095 1096//1096 1116//1116
f 1096//1096 1117//1117 1116//1116
f 1096//1096 1097//1097 1117//1117
f 1097//1097 1118//1118 1117//1117
f 1097//1097 1098//1098 1118//1118
f 1098//1098 1119//1119 1118//1118
f 1098//1098 1099//1099 1119//1119
f 1099//1099 1120//1120 1119//1119
f 1099//1099 1100//1100 1120//1120
f 1100//1100 1121//1121 1120//1120
f 1100//1100 1101//1101 1121//1121
f 1101//1101 1122//1122 1121//1121
f 1101//1101 1102//1102 1122//1122
f 1102//1102 1123//1123 1122//1122
f 1102//1102 1103//1103 1123//1123
f 1103//1103 1124//1124 1123//1123
f 1103//1103 1104//1104 1124//1124
f 1104//1104 1125//1125 1124//1124
f 1104//1104 1105//1105 1125//1125
f 1105//1105 1126//1126 1125//1125
f 1105//1105 1106//1106 1126//1126
f 1106//1106 1127//1127 1126//1126
f 1106//1106 1107//1107 1127//1127
f 1107//1107 1128//1128 1127//1127
f 1108//1108 1109//1109 1129//1129
f 1109//1109 1130//1130 1129//1129
f 1109//1109 1110//1110 1130//1130
f 1110//1110 1131//1131 1130//1130
f 1110//1110 1111//1111 1131//1131
f 1111//1111 1132//1132 1131//1131
f 1111//1111 1112//1112 1132//1132
f 1112//1112 1133//1133 1132//1132
f 1112//1112 1113//1113 1133//1133
f 1113//1113 1134//1134 1133//1133
f 1113//1113 1114//1114 1134//1134
f 1114//1114 1135//1135 1134//1134
f 1114//1114 1115//1115 1135//1135
f 1115//1115 1136//1136 1135//1135
f 1115//1115 1116//1116 1136//1136
f 1116//1116 1137//1137 1136//1136
f 1116//1116 1117//1117 1137//1137
f 1117//1117 1138//1138 1137//1137
f 1117//1117 1118//1118 1138//1138
f 1118//1118 1139//1139 1138//1138
f 1118//1118 1119//1119 1139//1139
f 1119//1119 1140//1140 1139//1139
f 1119//1119 1120//1120 1140//1140
f 1120//1120 1141//1141 1140//1140
f 1120//1120 1121//1121 1141//1141
f 1121//1121 1142//1142 1141//1141
f 1121//1121 1122//1122 1142//1142
f 1122//1122 1143//1143 1142//1142
f 1122//1122 1123//1123 1143//1143
f 1123//1123 1144//1144 1143//1143
f 1123//1123 1124//1124 1144//1144
f 1124//1124 1145//1145 1144//1144
f 1124//1124 1125//1125 1145//1145
f 1125//1125 1146//1146 1145//1145
f 1125//1125 1126//1126 1146//1146
f 1126//1126 1147//1147 1146//1146
f 1126//1126 1127//1127 1147//1147
f 1127//1127 1148//1148 1147//1147
f 1127//1127 1128//1128 1148//1148
f 1128//1128 1149//1149 1148//1148
f 1129//1129 1130//1130 1150//1150
f 1130//1130 1151//1151 1150//1150
f 1130//1130 1131//1131 1151//1151
f 1131//1131 1152//1152 1151//1151
f 1131//1131 1132//1132 1152//1152
f 1132//1132 1153//1153 1152//1152
f 1132//1132 1133//1133 1153//1153
f 1133//1133 1154//1154 1153//1153
f 1133//1133 1134//1134 1154//1154
f 1134//1134 1155//1155 1154//1154
f 1134//1134 1135//1135 1155//1155
f 1135//1135 1156//1156 1155//1155
f 1135//1135 1136//1136 1156//1156
f 1136//1136 1157//1157 1156//1156
f 1136//1136 1137//1137 1157//1157
f 1137//1137 1158//1158 1157//1157
f 1137//1137 1138//1138 1158//1158
f 1138//1138 1159//1159 1158//1158
f 1138//1138 1139//1139 1159//1159
f 1139//1139 1160//1160 1159//1159
f 1139//1139 1140//1140 1160//1160
f 1140//1140 1161//1161 1160//1160
f 1140//1140 1141//1141 1161//1161
f 1141//1141 1162//1162 1161//1161
f 1141//1141 1142//1142 1162//1162
f 1142//1142 1163//1163 1162//1162
f 1142//1142 1143//1143 1163//1163
f 1143//1143 1164//1164 1163//1163
f 1143//1143 1144//1144 1164//1164
f 1144//1144 1165//1165 1164//1164
f 1144//1144 1145//1145 1165//1165
f 1145//1145 1166//1166 1165//1165
f 1145//1145 1146//1146 1166//1166
f 1146//1146 1167//1167 1166//1166
f 1146//1146 1147//1147 1167//1167
f 1147//1147 1168//1168 1167//1167
f 1147//1147 1148//1148 1168//1168
f 1148//1148 1169//1169 1168//1168
f 1148//1148 1149//1149 1169//1169
f 1149//1149 1170//1170 1169//1169
f 1171//1171 1172//1172 1192//1192
f 1172//1172 1193//1193 1192//1192
f 1172//1172 1173//1173 1193//1193
f 1173//1173 1194//1194 1193//1193
f 1173//1173 1174//1174 1194//1194
f 1174//1174 1195//1195 1194//1194
f 1174//1174 1175//1175 1195//1195
f 1175//1175 1196//1196 1195//1195
f 1175//1175 1176//1176 1196//1196
f 1176//1176 1197//1197 1196//1196
f 1176//1176 1177//1177 1197//1197
f 1177//1177 1198//1198 1197//1197
f 1177//1177 1178//1178 1198//1198
f 1178//1178 1199//1199 1198//1198
f 1178//1178 1179//1179 1199//1199
f 1179//1179 1200//1200 1199//1199
f 1179//1179 1180//1180 1200//1200
f 1180//1180 1201//1201 1200//1200
f 1180//1180 1181//1181 1201//1201
f 1181//1181 1202//1202 1201//1201
f 1181//1181 1182//1182 1202//1202
f 1182//1182 1203//1203 1202//1202
f 1182//1182 1183//1183 1203//1203
f 1183//1183 1204//1204 1203//1203
f 1183//1183 1184//1184 1204//1204
f 1184//1184 1205//1205 1204//1204
f 1184//1184 1185//1185 1205//1205
f 1185//1185 1206//1206 1205//1205
f 1185//1185 1186//1186 1206//1206
f 1186//1186 1207//1207 1206//1206
f 1186//1186 1187//1187 1207//1207
f 1187//1187 1208//1208 1207//1207
f 1187//1187 1188//1188 1208//1208
f 1188//1188 1209//1209 1208//1208
f 1188//1188 1189//1189 1209//1209
f 1189//1189 1210//1210 1209//1209
f 1189//1189 1190//1190 1210//1210
f 1190//1190 1211//1211 1210//1210
f 1190//1190 1191//1191 1211//1211
f 1191//1191 1212//1212 1211//1211
f 1192//1192 1193//1193 1213//1213
f 1193//1193 1214//1214 1213//1213
f 1193//1193 1194//1194 1214//1214
f 1194//1194 1215//1215 1214//1214
f 1194//1194 1195//1195 1215//1215
f 1195//1195 1216//1216 1215//1215
f 1195//1195 1196//1196 1216//1216
f 1196//1196 1217//1217 1216//1216
f 1196//1196 1197//1197 1217//1217
f 1197//1197 1218//1218 1217//1217
f 1197//1197 1198//1198 1218//1218
f 1198//1198 1219//1219 1218//1218
f 1198//1198 1199//1199 1219//1219
f 1199//1199 1220//1220 1219//1219
f 1199//1199 1200//1200 1220//1220
f 1200//1200 1221//1221 1220//1220
f 1200//1200 1201//1201 1221//1221
f 1201//1201 1222//1222 1221//1221
f 1201//1201 1202//1202 1222//1222
f 1202//1202 1223//1223 1222//1222
f 1202//1202 1203//1203 1223//1223
f 1203//1203 1224//1224 1223//1223
f 1203//1203 1204//1204 1224//1224
f 1204//1204 1225//1225 1224//1224
f 1204//1204 1205//1205 1225//1225
f 1205//1205 1226//1226 1225//1225
f 1205//1205 1206//1206 1226//1226
f 1206//1206 1227//1227 1226//1226
f 1206//1206 1207//1207 1227//1227
f 1207//1207 1228//1228 1227//1227
f 1207//1207 1208//1208 1228//1228
f 1208//1208 1229//1229 1228//1228
f 1208//1208 1209//1209 1229//1229
f 1209//1209 1230//1230 1229//1229
f 1209//1209 1210//1210 1230//1230
f 1210//1210 1231//1231 1230//1230
f 1210//1210 1211//1211 1231//1231
f 1211//1211 1232//1232 1231//1231
f 1211//1211 1212//1212 1232//1232
f 1212//1212 1233//1233 1232//1232
f 1213//1213 1214//1214 1234//1234
f 1214//1214 1235//1235 1234//1234
f 1214//1214 1215//1215 1235//1235
f 1215//1215 1236//1236 1235//1235
f 1215//1215 1216//1216 1236//1236
f 1216//1216 1237//1237 1236//1236
f 1216//1216 1217//1217 1237//1237
f 1217//1217 1238//1238 1237//1237
f 1217//1217 1218//1218 1238//1238
f 1218//1218 1239//1239 1238//1238
f 1218//1218 1219//1219 1239//1239
f 1219//1219 1240//1240 1239//1239
f 1219//1219 1220//1220 1240//1240
f 1220//1220 1241//1241 1240//1240
f 1220//1220 1221//1221 1241//1241
f 1221//1221 1242//1242 1241//1241
f 1221//1221 1222//1222 1242//1242
f 1222//1222 1243//1243 1242//1242
f 1222//1222 1223//1223 1243//1243
f 1223//1223 1244//1244 1243//1243
f 1223//1223 1224//1224 1244//1244
f 1224//1224 1245//1245 1244//1244
f 1224//1224 1225//1225 1245//1245
f 1225//1225 1246//1246 1245//1245
f 1225//1225 1226//1226 1246//1246
f 1226//1226 1247//1247 1246//1246
f 1226//1226 1227//1227 1247//1247
f 1227//1227 1248//1248 1247//1247
f 1227//1227 1228//1228 1248//1248
f 1228//1228 1249//1249 1248//1248
f 1228//1228 1229//1229 1249//1249
f 1229//1229 1250//1250 1249//1249
f 1229//1229 1230//1230 1250//1250
f 1230//1230 1251//1251 1250//1250
f 1230//1230 1231//1231 1251//1251
f 1231//1231 1252//1252 1251//1251
f 1231//1231 1232//1232 1252//1252
f 1232//1232 1253//1253 1252//1252
f 1232//1232 1233//1233 1253//1253
f 1233//1233 1254//1254 1253//1253
f 1234//1234 1235//1235 1255//1255
f 1235//1235 1256//1256 1255//1255
f 1235//1235 1236//1236 1256//1256
f 1236//1236 1257//1257 1256//1256
f 1236//1236 1237//1237 1257//1257
f 1237//1237 1258//1258 1257//1257
f 1237//1237 1238//1238 1258//1258
f 1238//1238 1259//1259 1258//1258
f 1238//1238 1239//1239 1259//1259
f 1239//1239 1260//1260 1259//1259
f 1239//1239 1240//1240 1260//1260
f 1240//1240 1261//1261 1260//1260
f 1240//1240 1241//1241 1261//1261
f 1241//1241 1262//1262 1261//1261
f 1241//1241 1242//1242 1262//1262
f 1242//1242 1263//1263 1262//1262
f 1242//1242 1243//1243 1263//1263
f 1243//1243 1264//1264 1263//1263
f 1243//1243 1244//1244 1264//1264
f 1244//1244 1265//1265 1264//1264
f 1244//1244 1245//1245 1265//1265
f 1245//1245 1266//1266 1265//1265
f 1245//1245 1246//1246 1266//1266
f 1246//1246 1267//1267 1266//1266
f 1246//1246 1247//1247 1267//1267
f 1247//1247 1268//1268 1267//1267
f 1247//1247 1248//1248 1268//1268
f 1248//1248 1269//1269 1268//1268
f 1248//1248 1249//1249 1269//1269
f 1249//1249 1270//1270 1269//1269
f 1249//1249 1250//1250 1270//1270
f 1250//1250 1271//1271 1270//1270
f 1250//1250 1251//1251 1271//1271
f 1251//1251 1272//1272 1271//1271
f 1251//1251 1252//1252 1272//1272
f 1252//1252 1273//1273 1272//1272
f 1252//1252 1253//1253 1273//1273
f 1253//1253 1274//1274 1273//1273
f 1253//1253 1254//1254 1274//1274
f 1254//1254 1275//1275 1274//1274
f 1255//1255 1256//1256 1276//1276
f 1256//1256 1277//1277 1276//1276
f 1256//1256 1257//1257 1277//1277
f 1257//1257 1278//1278 1277//1277
f 1257//1257 1258//1258 1278//1278
f 1258//1258 1279//1279 1278//1278
f 1258//1258 1259//1259 1279//1279
f 1259//1259 1280//1280 1279//1279
f 1259//1259 1260//1260 1280//1280
f 1260//1260 1281//1281 1280//1280
f 1260//1260 1261//1261 1281//1281
f 1261//1261 1282//1282 1281//1281
f 1261//1261 1262//1262 1282//1282
f 1262//1262 1283//1283 1282//1282
f 1262//1262 1263//1263 1283//1283
f 1263//1263 1284//1284 1283//1283
f 1263//1263 1264//1264 1284//1284
f 1264//1264 1285//1285 1284//1284
f 1264//1264 1265//1265 1285//1285
f 1265//1265 1286//1286 1285//1285
f 1265//1265 1266//1266 1286//1286
f 1266//1266 1287//1287 1286//1286
f 1266//1266 1267//1267 1287//1287
f 1267//1267 1288//1288 1287//1287
f 1267//1267 1268//1268 1288//1288
f 1268//1268 1289//1289 1288//1288
f 1268//1268 1269//1269 1289//1289
f 1269//1269 1290//1290 1289//1289
f 1269//1269 1270//1270 1290//1290
f 1270//1270 1291//1291 1290//1290
f 1270//1270 1271//1271 1291//1291
f 1271//1271 1292//1292 1291//1291
f 1271//1271 1272//1272 1292//1292
f 1272//1272 1293//1293 1292//1292
f 1272//1272 1273//1273 1293//1293
f 1273//1273 1294//1294 1293//1293
f 1273//1273 1274//1274 1294//1294
f 1274//1274 1295//1295 1294//1294
f 1274//1274 1275//1275 1295//1295
f 1275//1275 1296//1296 1295//1295
f 1276//1276 1277//1277 1297//1297
f 1277//1277 1298//1298 1297//1297
f 1277//1277 1278//1278 1298//1298
f 1278//1278 1299//1299 1298//1298
f 1278//1278 1279//1279 1299//1299
f 1279//1279 1300//1300 1299//1299
f 1279//1279 1280//1280 1300//1300
f 1280//1280 1301//1301 1300//1300
f 1280//1280 1281//1281 1301//1301
f 1281//1281 1302//1302 1301//1301
f 1281//1281 1282//1282 1302//1302
f 1282//1282 1303//1303 1302//1302
f 1282//1282 1283//1283 1303//1303
f 1283//1283 1304//1304 1303//1303
f 1283//1283 1284//1284 1304//1304
f 1284//1284 1305//1305 1304//1304
f 1284//1284 1285//1285 1305//1305
f 1285//1285 1306//1306 1305//1305
f 1285//1285 1286//1286 1306//1306
f 1286//1286 1307//1307 1306//1306
f 1286//1286 1287//1287 1307//1307
f 1287//1287 1308//1308 1307//1307
f 1287//1287 1288//1288 1308//1308
f 1288//1288 1309//1309 1308//1308
f 1288//1288 1289//1289 1309//1309
f 1289//1289 1310//1310 1309//1309
f 1289//1289 1290//1290 1310//1310
f 1290//1290 1311//1311 1310//1310
f 1290//1290 1291//1291 1311//1311
f 1291//1291 1312//1312 1311//1311
f 1291//1291 1292//1292 1312//1312
f 1292//1292 1313//1313 1312//1312
f 1292//1292 1293//1293 1313//1313
f 1293//1293 1314//1314 1313//1313
f 1293//1293 1294//1294 1314//1314
f 1294//1294 1315//1315 1314//1314
f 1294//1294 1295//1295 1315//1315
f 1295//1295 1316//1316 1315//1315
f 1295//1295 1296//1296 1316//1316
f 1296//1296 1317//1317 1316//1316
f 1297//1297 1298//1298 1318//1318
f 1298//1298 1319//1319 1318//1318
f 1298//1298 1299//1299 1319//1319
f 1299//1299 1320//1320 1319//1319
f 1299//1299 1300//1300 1320//1320
f 1300//1300 1321//1321 1320//1320
f 1300//1300 1301//1301 1321//1321
f 1301//1301 1322//1322 1321//1321
f 1301//1301 1302//1302 1322//1322
f 1302//1302 1323//1323 1322//1322
f 1302//1302 1303//1303 1323//1323
f 1303//1303 1324//1324 1323//1323
f 1303//1303 1304//1304 1324//1324
f 1304//1304 1325//1325 1324//1324
f 1304//1304 1305//1305 1325//1325
f 1305//1305 1326//1326 1325//1325
f 1305//1305 1306//1306 1326//1326
f 1306//1306 1327//1327 1326//1326
f 1306//1306 1307//1307 1327//1327
f 1307//1307 1328//1328 1327//1327
f 1307//1307 1308//1308 1328//1328
f 1308//1308 1329//1329 1328//1328
f 1308//1308 1309//1309 1329//1329
f 1309//1309 1330//1330 1329//1329
f 1309//1309 1310//1310 1330//1330
f 1310//1310 1331//1331 1330//1330
f 1310//1310 1311//1311 1331//1331
f 1311//1311 1332//1332 1331//1331
f 1311//1311 1312//1312 1332//1332
f 1312//1312 1333//1333 1332//1332
f 1312//1312 1313//1313 1333//1333
f 1313//1313 1334//1334 1333//1333
f 1313//1313 1314//1314 1334//1334
f 1314//1314 1335//1335 1334//1334
f 1314//1314 1315//1315 1335//1335
f 1315//1315 1336//1336 1335//1335
f 1315//1315 1316//1316 1336//1336
f 1316//1316 1337//1337 1336//1336
f 1316//1316 1317//1317 1337//1337
f 1317//1317 1338//1338 1337//1337
f 1318//1318 1319//1319 1339//1339
f 1319//1319 1340//1340 1339//1339
f 1319//1319 1320//1320 1340//1340
f 1320//1320 1341//1341 1340//1340
f 1320//1320 1321//1321 1341//1341
f 1321//1321 1342//1342 1341//1341
f 1321//1321 1322//1322 1342//1342
f 1322//1322 1343//1343 1342//1342
f 1322//1322 1323//1323 1343//1343
f 1323//1323 1344//1344 1343//1343
f 1323//1323 1324//1324 1344//1344
f 1324//1324 1345//1345 1344//1344
f 1324//1324 1325//1325 1345//1345
f 1325//1325 1346//1346 1345//1345
f 1325//1325 1326//1326 1346//1346
f 1326//1326 1347//1347 1346//1346
f 1326//1326 1327//1327 1347//1347
f 1327//1327 1348//1348 1347//1347
f 1327//1327 1328//1328 1348//1348
f 1328//1328 1349//1349 1348//1348
f 1328//1328 1329//1329 1349//1349
f 1329//1329 1350//1350 1349//1349
f 1329//1329 1330//1330 1350//1350
f 1330//1330 1351//1351 1350//1350
f 1330//1330 1331//1331 1351//1351
f 1331//1331 1352//1352 1351//1351
f 1331//1331 1332//1332 1352//1352
f 1332//1332 1353//1353 1352//1352
f 1332//1332 1333//1333 1353//1353
f 1333//1333 1354//1354 1353//1353
f 1333//1333 1334//1334 1354//1354
f 1334//1334 1355//1355 1354//1354
f 1334//1334 1335//1335 1355//1355
f 1335//1335 1356//1356 1355//1355
f 1335//1335 1336//1336 1356//1356
f 1336//1336 1357//1357 1356//1356
f 1336//1336 1337//1337 1357//1357
f 1337//1337 1358//1358 1357//1357
f 1337//1337 1338//1338 1358//1358
f 1338//1338 1359//1359 1358//1358
f 1339//1339 1340//1340 1360//1360
f 1340//1340 1361//1361 1360//1360
f 1340//1340 1341//1341 1361//1361
f 1341//1341 1362//1362 1361//1361
f 1341//1341 1342//1342 1362//1362
f 1342//1342 1363//1363 1362//1362
f 1342//1342 1343//1343 1363//1363
f 1343//1343 1364//1364 1363//1363
f 1343//1343 1344//1344 1364//1364
f 1344//1344 1365//1365 1364//1364
f 1344//1344 1345//1345 1365//1365
f 1345//1345 1366//1366 1365//1365
f 1345//1345 1346//1346 1366//1366
f 1346//1346 1367//1367 1366//1366
f 1346//1346 1347//1347 1367//1367
f 1347//1347 1368//1368 1367//1367
f 1347//1347 1348//1348 1368//1368
f 1348//1348 1369//1369 1368//1368
f 1348//1348 1349//1349 1369//1369
f 1349//1349 1370//1370 1369//1369
f 1349//1349 1350//1350 1370//1370
f 1350//1350 1371//1371 1370//1370
f 1350//1350 1351//1351 1371//1371
f 1351//1351 1372//1372 1371//1371
f 1351//1351 1352//1352 1372//1372
f 1352//1352 1373//1373 1372//1372
f 1352//1352 1353//1353 1373//1373
f 1353//1353 1374//1374 1373//1373
f 1353//1353 1354//1354 1374//1374
f 1354//1354 1375//1375 1374//1374
f 1354//1354 1355//1355 1375//1375
f 1355//1355 1376//1376 1375//1375
f 1355//1355 1356//1356 1376//1376
f 1356//1356 1377//1377 1376//1376
f 1356//1356 1357//1357 1377//1377
f 1357//1357 1378//1378 1377//1377
f 1357//1357 1358//1358 1378//1378
f 1358//1358 1379//1379 1378//1378
f 1358//1358 1359//1359 1379//1379
f 1359//1359 1380//1380 1379//1379
f 1360//1360 1361//1361 1381//1381
f 1361//1361 1382//1382 1381//1381
f 1361//1361 1362//1362 1382//1382
f 1362//1362 1383//1383 1382//1382
f 1362//1362 1363//1363 1383//1383
f 1363//1363 1384//1384 1383//1383
f 1363//1363 1364//1364 1384//1384
f 1364//1364 1385//1385 1384//1384
f 1364//1364 1365//1365 1385//1385
f 1365//1365 1386//1386 1385//1385
f 1365//1365 1366//1366 1386//1386
f 1366//1366 1387//1387 1386//1386
f 1366//1366 1367//1367 1387//1387
f 1367//1367 1388//1388 1387//1387
f 1367//1367 1368//1368 1388//1388
f 1368//1368 1389//1389 1388//1388
f 1368//1368 1369//1369 1389//1389
f 1369//1369 1390//1390 1389//1389
f 1369//1369 1370//1370 1390//1390
f 1370//1370 1391//1391 1390//1390
f 1370//1370 1371//1371 1391//1391
f 1371//1371 1392//1392 1391//1391
f 1371//1371 1372//1372 1392//1392
f 1372//1372 1393//1393 1392//1392
f 1372//1372 1373//1373 1393//1393
f 1373//1373 1394//1394 1393//1393
f 1373//1373 1374//1374 1394//1394
f 1374//1374 1395//1395 1394//1394
f 1374//1374 1375//1375 1395//1395
f 1375//1375 1396//1396 1395//1395
f 1375//1375 1376//1376 1396//1396
f 1376//1376 1397//1397 1396//1396
f 1376//1376 1377//1377 1397//1397
f 1377//1377 1398//1398 1397//1397
f 1377//1377 1378//1378 1398//1398
f 1378//1378 1399//1399 1398//1398
f 1378//1378 1379//1379 1399//1399
f 1379//1379 1400//1400 1399//1399
f 1379//1379 1380//1380 1400//1400
f 1380//1380 1401//1401 1400//1400
f 1381//1381 1382//1382 1402//1402
f 1382//1382 1403//1403 1402//1402
f 1382//1382 1383//1383 1403//1403
f 1383//1383 1404//1404 1403//1403
f 1383//1383 1384//1384 1404//1404
f 1384//1384 1405//1405 1404//1404
f 1384//1384 1385//1385 1405//1405
f 1385//1385 1406//1406 1405//1405
f 1385//1385 1386//1386 1406//1406
f 1386//1386 1407//1407 1406//1406
f 1386//1386 1387//1387 1407//1407
f 1387//1387 1408//1408 1407//1407
f 1387//1387 1388//1388 1408//1408
f 1388//1388 1409//1409 1408//1408
f 1388//1388 1389//1389 1409//1409
f 1389//1389 1410//1410 1409//1409
f 1389//1389 1390//1390 1410//1410
f 1390//1390 1411//1411 1410//1410
f 1390//1390 1391//1391 1411//1411
f 1391//1391 1412//1412 1411//1411
f 1391//1391 1392//1392 1412//1412
f 1392//1392 1413//1413 1412//1412
f 1392//1392 1393//1393 1413//1413
f 1393//1393 1414//1414 1413//1413
f 1393//1393 1394//1394 1414//1414
f 1394//1394 1415//1415 1414//1414
f 1394//1394 1395//1395 1415//1415
f 1395//1395 1416//1416 1415//1415
f 1395//1395 1396//1396 1416//1416
f 1396//1396 1417//1417 1416//1416
f 1396//1396 1397//1397 1417//1417
f 1397//1397 1418//1418 1417//1417
f 1397//1397 1398//1398 1418//1418
f 1398//1398 1419//1419 1418//1418
f 1398//1398 1399//1399 1419//1419
f 1399//1399 1420//1420 1419//1419
f 1399//1399 1400//1400 1420//1420
f 1400//1400 1421//1421 1420//1420
f 1400//1400 1401//1401 1421//1421
f 1401//1401 1422//1422 1421//1421
f 1402//1402 1403//1403 1423//1423
f 1403//1403 1424//1424 1423//1423
f 1403//1403 1404//1404 1424//1424
f 1404//1404 1425//1425 1424//1424
f 1404//1404 1405//1405 1425//1425
f 1405//1405 1426//1426 1425//1425
f 1405//1405 1406//1406 1426//1426
f 1406//1406 1427//1427 1426//1426
f 1406//1406 1407//1407 1427//1427
f 1407//1407 1428//1428 1427//1427
f 1407//1407 1408//1408 1428//1428
f 1408//1408 1429//1429 1428//1428
f 1408//1408 1409//1409 1429//1429
f 1409//1409 1430//1430 1429//1429
f 1409//1409 1410//1410 1430//1430
f 1410//1410 1431//1431 1430//1430
f 1410//1410 1411//1411 1431//1431
f 1411//1411 1432//1432 1431//1431
f 1411//1411 1412//1412 1432//1432
f 1412//1412 1433//1433 1432//1432
f 1412//1412 1413//1413 1433//1433
f 1413//1413 1434//1434 1433//1433
f 1413//1413 1414//1414 1434//1434
f 1414//1414 1435//1435 1434//1434
f 1414//1414 1415//1415 1435//1435
f 1415//1415 1436//1436 1435//1435
f 1415//1415 1416//1416 1436//1436
f 1416//1416 1437//1437 1436//1436
f 1416//1416 1417//1417 1437//1437
f 1417//1417 1438//1438 1437//1437
f 1417//1417 1418//1418 1438//1438
f 1418//1418 1439//1439 1438//1438
f 1418//1418 1419//1419 1439//1439
f 1419//1419 1440//1440 1439//1439
f 1419//1419 1420//1420 1440//1440
f 1420//1420 1441//1441 1440//1440
f 1420//1420 1421//1421 1441//1441
f 1421//1421 1442//1442 1441//1441
f 1421//1421 1422//1422 1442//1442
f 1422//1422 1443//1443 1442//1442
f 1444//1444 1445//1445 1465//1465
f 1445//1445 1466//1466 1465//1465
f 1445//1445 1446//1446 1466//1466
f 1446//1446 1467//1467 1466//1466
f 1446//1446 1447//1447 1467//1467
f 1447//1447 1468//1468 1467//1467
f 1447//1447 1448//1448 1468//1468
f 1448//1448 1469//1469 1468//1468
f 1448//1448 1449//1449 1469//1469
f 1449//1449 1470//1470 1469//1469
f 1449//1449 1450//1450 1470//1470
f 1450//1450 1471//1471 1470//1470
f 1450//1450 1451//1451 1471//1471
f 1451//1451 1472//1472 1471//1471
f 1451//1451 1452//1452 1472//1472
f 1452//1452 1473//1473 1472//1472
f 1452//1452 1453//1453 1473//1473
f 1453//1453 1474//1474 1473//1473
f 1453//1453 1454//1454 1474//1474
f 1454//1454 1475//1475 1474//1474
f 1454//1454 1455//1455 1475//1475
f 1455//1455 1476//1476 1475//1475
f 1455//1455 1456//1456 1476//1476
f 1456//1456 1477//1477 1476//1476
f 1456//1456 1457//1457 1477//1477
f 1457//1457 1478//1478 1477//1477
f 1457//1457 1458//1458 1478//1478
f 1458//1458 1479//1479 1478//1478
f 1458//1458 1459//1459 1479//1479
f 1459//1459 1480//1480 1479//1479
f 1459//1459 1460//1460 1480//1480
f 1460//1460 1481//1481 1480//1480
f 1460//1460 1461//1461 1481//1481
f 1461//1461 1482//1482 1481//1481
f 1461//1461 1462//1462 1482//1482
f 1462//1462 1483//1483 1482//1482
f 1462//1462 1463//1463 1483//1483
f 1463//1463 1484//1484 1483//1483
f 1463//1463 1464//1464 1484//1484
f 1464//1464 1485//1485 1484//1484
f 1465//1465 1466//1466 1486//1486
f 1466//1466 1487//1487 1486//1486
f 1466//1466 1467//1467 1487//1487
f 1467//1467 1488//1488 1487//1487
f 1467//1467 1468//1468 1488//1488
f 1468//1468 1489//1489 1488//1488
f 1468//1468 1469//1469 1489//1489
f 1469//1469 1490//1490 1489//1489
f 1469//1469 1470//1470 1490//1490
f 1470//1470 1491//1491 1490//1490
f 1470//1470 1471//1471 1491//1491
f 1471//1471 1492//1492 1491//1491
f 1471//1471 1472//1472 1492//1492
f 1472//1472 1493//1493 1492//1492
f 1472//1472 1473//1473 1493//1493
f 1473//1473 1494//1494 1493//1493
f 1473//1473 1474//1474 1494//1494
f 1474//1474 1495//1495 1494//1494
f 1474//1474 1475//1475 1495//1495
f 1475//1475 1496//1496 1495//1495
f 1475//1475 1476//1476 1496//1496
f 1476//1476 1497//1497 1496//1496
f 1476//1476 1477//1477 1497//1497
f 1477//1477 1498//1498 1497//1497
f 1477//1477 1478//1478 1498//1498
f 1478//1478 1499//1499 1498//1498
f 1478//1478 1479//1479 1499//1499
f 1479//1479 1500//1500 1499//1499
f 1479//1479 1480//1480 1500//1500
f 1480//1480 1501//1501 1500//1500
f 1480//1480 1481//1481 1501//1501
f 1481//1481 1502//1502 1501//1501
f 1481//1481 1482//1482 1502//1502
f 1482//1482 1503//1503 1502//1502
f 1482//1482 1483//1483 1503//1503
f 1483//1483 1504//1504 1503//1503
f 1483//1483 1484//1484 1504//1504
f 1484//1484 1505//1505 1504//1504
f 1484//1484 1485//1485 1505//1505
f 1485//1485 1506//1506 1505//1505
f 1486//1486 1487//1487 1507//1507
f 1487//1487 1508//1508 1507//1507
f 1487//1487 1488//1488 1508//1508
f 1488//1488 1509//1509 1508//1508
f 1488//1488 1489//1489 1509//1509
f 1489//1489 1510//1510 1509//1509
f 1489//1489 1490//1490 1510//1510
f 1490//1490 1511//1511 1510//1510
f 1490//1490 1491//1491 1511//1511
f 1491//1491 1512//1512 1511//1511
f 1491//1491 1492//1492 1512//1512
f 1492//1492 1513//1513 1512//1512
f 1492//1492 1493//1493 1513//1513
f 1493//1493 1514//1514 1513//1513
f 1493//1493 1494//1494 1514//1514
f 1494//1494 1515//1515 1514//1514
f 1494//1494 1495//1495 1515//1515
f 1495//1495 1516//1516 1515//1515
f 1495//1495 1496//1496 1516//1516
f 1496//1496 1517//1517 1516//1516
f 1496//1496 1497//1497 1517//1517
f 1497//1497 1518//1518 1517//1517
f 1497//1497 1498//1498 1518//1518
f 1498//1498 1519//1519 1518//1518
f 1498//1498 1499//1499 1519//1519
f 1499//1499 1520//1520 1519//1519
f 1499//1499 1500//1500 1520//1520
f 1500//1500 1521//1521 1520//1520
f 1500//1500 1501//1501 1521//1521
f 1501//1501 1522//1522 1521//1521
f 1501//1501 1502//1502 1522//1522
f 1502//1502 1523//1523 1522//1522
f 1502//1502 1503//1503 1523//1523
f 1503//1503 1524//1524 1523//1523
f 1503//1503 1504//1504 1524//1524
f 1504//1504 1525//1525 1524//1524
f 1504//1504 1505//1505 1525//1525
f 1505//1505 1526//1526 1525//1525
f 1505//1505 1506//1506 1526//1526
f 1506//1506 1527//1527 1526//1526
f 1507//1507 1508//1508 1528//1528
f 1508//1508 1529//1529 1528//1528
f 1508//1508 1509//1509 1529//1529
f 1509//1509 1530//1530 1529//1529
f 1509//1509 1510//1510 1530//1530
f 1510//1510 1531//1531 1530//1530
f 1510//1510 1511//1511 1531//1531
f 1511//1511 1532//1532 1531//1531
f 1511//1511 1512//1512 1532//1532
f 1512//1512 1533//1533 1532//1532
f 1512//1512 1513//1513 1533//1533
f 1513//1513 1534//1534 1533//1533
f 1513//1513 1514//1514 1534//1534
f 1514//1514 1535//1535 1534//1534
f 1514//1514 1515//1515 1535//1535
f 1515//1515 1536//1536 1535//1535
f 1515//1515 1516//1516 1536//1536
f 1516//1516 1537//1537 1536//1536
f 1516//1516 1517//1517 1537//1537
f 1517//1517 1538//1538 1537//1537
f 1517//1517 1518//1518 1538//1538
f 1518//1518 1539//1539 1538//1538
f 1518//1518 1519//1519 1539//1539
f 1519//1519 1540//1540 1539//1539
f 1519//1519 1520//1520 1540//1540
f 1520//1520 1541//1541 1540//1540
f 1520//1520 1521//1521 1541//1541
f 1521//1521 1542//1542 1541//1541
f 1521//1521 1522//1522 1542//1542
f 1522//1522 1543//1543 1542//1542
f 1522//1522 1523//1523 1543//1543
f 1523//1523 1544//1544 1543//1543
f 1523//1523 1524//1524 1544//1544
f 1524//1524 1545//1545 1544//1544
f 1524//1524 1525//1525 1545//1545
f 1525//1525 1546//1546 1545//1545
f 1525//1525 1526//1526 1546//1546
f 1526//1526 1547//1547 1546//1546
f 1526//1526 1527//1527 1547//1547
f 1527//1527 1548//1548 1547//1547
f 1528//1528 1529//1529 1549//1549
f 1529//1529 1550//1550 1549//1549
f 1529//1529 1530//1530 1550//1550
f 1530//1530 1551//1551 1550//1550
f 1530//1530 1531//1531 1551//1551
f 1531//1531 1552//1552 1551//1551
f 1531//1531 1532//1532 1552//1552
f 1532//1532 1553//1553 1552//1552
f 1532//1532 1533//1533 1553//1553
f 1533//1533 1554//1554 1553//1553
f 1533//1533 1534//1534 1554//1554
f 1534//1534 1555//1555 1554//1554
f 1534//1534 1535//1535 1555//1555
f 1535//1535 1556//1556 1555//1555
f 1535//1535 1536//1536 1556//1556
f 1536//1536 1557//1557 1556//1556
f 1536//1536 1537//1537 1557//1557
f 1537//1537 1558//1558 1557//1557
f 1537//1537 1538//1538 1558//1558
f 1538//1538 1559//1559 1558//1558
f 1538//1538 1539//1539 1559//1559
f 1539//1539 1560//1560 1559//1559
f 1539//1539 1540//1540 1560//1560
f 1540//1540 1561//1561 1560//1560
f 1540//1540 1541//1541 1561//1561
f 1541//1541 1562//1562 1561//1561
f 1541//1541 1542//1542 1562//1562
f 1542//1542 1563//1563 1562//1562
f 1542//1542 1543//1543 1563//1563
f 1543//1543 1564//1564 1563//1563
f 1543//1543 1544//1544 1564//1564
f 1544//1544 1565//1565 1564//1564
f 1544//1544 1545//1545 1565//1565
f 1545//1545 1566//1566 1565//1565
f 1545//1545 1546//1546 1566//1566
f 1546//1546 1567//1567 1566//1566
f 1546//1546 1547//1547 1567//1567
f 1547//1547 1568//1568 1567//1567
f 1547//1547 1548//1548 1568//1568
f 1548//1548 1569//1569 1568//1568
f 1549//1549 1550//1550 1570//1570
f 1550//1550 1571//1571 1570//1570
f 1550//1550 1551//1551 1571//1571
f 1551//1551 1572//1572 1571//1571
f 1551//1551 1552//1552 1572//1572
f 1552//1552 1573//1573 1572//1572
f 1552//1552 1553//1553 1573//1573
f 1553//1553 1574//1574 1573//1573
f 1553//1553 1554//1554 1574//1574
f 1554//1554 1575//1575 1574//1574
f 1554//1554 1555//1555 1575//1575
f 1555//1555 1576//1576 1575//1575
f 1555//1555 1556//1556 1576//1576
f 1556//1556 1577//1577 1576//1576
f 1556//1556 1557//1557 1577//1577
f 1557//1557 1578//1578 1577//1577
f 1557//1557 1558//1558 1578//1578
f 1558//1558 1579//1579 1578//1578
f 1558//1558 1559//1559 1579//1579
f 1559//1559 1580//1580 1579//1579
f 1559//1559 1560//1560 1580//1580
f 1560//1560 1581//1581 1580//1580
f 1560//1560 1561//1561 1581//1581
f 1561//1561 1582//1582 1581//1581
f 1561//1561 1562//1562 1582//1582
f 1562//1562 1583//1583 1582//1582
f 1562//1562 1563//1563 1583//1583
f 1563//1563 1584//1584 1583//1583
f 1563//1563 1564//1564 1584//1584
f 1564//1564 1585//1585 1584//1584
f 1564//1564 1565//1565 1585//1585
f 1565//1565 1586//1586 1585//1585
f 1565//1565 1566//1566 1586//1586
f 1566//1566 1587//1587 1586//1586
f 1566//1566 1567//1567 1587//1587
f 1567//1567 1588//1588 1587//1587
f 1567//1567 1568//1568 1588//1588
f 1568//1568 1589//1589 1588//1588
f 1568//1568 1569//1569 1589//1589
f 1569//1569 1590//1590 1589//1589
f 1570//1570 1571//1571 1591//1591
f 1571//1571 1592//1592 1591//1591
f 1571//1571 1572//1572 1592//1592
f 1572//1572 1593//1593 1592//1592
f 1572//1572 1573//1573 1593//1593
f 1573//1573 1594//1594 1593//1593
f 1573//1573 1574//1574 1594//1594
f 1574//1574 1595//1595 1594//1594
f 1574//1574 1575//1575 1595//1595
f 1575//1575 1596//1596 1595//1595
f 1575//1575 1576//1576 1596//1596
f 1576//1576 1597//1597 1596//1596
f 1576//1576 1577//1577 1597//1597
f 1577//1577 1598//1598 1597//1597
f 1577//1577 1578//1578 1598//1598
f 1578//1578 1599//1599 1598//1598
f 1578//1578 1579//1579 1599//1599
f 1579//1579 1600//1600 1599//1599
f 1579//1579 1580//1580 1600//1600
f 1580//1580 1601//1601 1600//1600
f 1580//1580 1581//1581 1601//1601
f 1581//1581 1602//1602 1601//1601
f 1581//1581 1582//1582 1602//1602
f 1582//1582 1603//1603 1602//1602
f 1582//1582 1583//1583 1603//1603
f 1583//1583 1604//1604 1603//1603
f 1583//1583 1584//1584 1604//1604
f 1584//1584 1605//1605 1604//1604
f 1584//1584 1585//1585 1605//1605
f 1585//1585 1606//1606 1605//1605
f 1585//1585 1586//1586 1606//1606
f 1586//1586 1607//1607 1606//1606
f 1586//1586 1587//1587 1607//1607
f 1587//1587 1608//1608 1607//1607
f 1587//1587 1588//1588 1608//1608
f 1588//1588 1609//1609 1608//1608
f 1588//1588 1589//1589 1609//1609
f 1589//1589 1610//1610 1609//1609
f 1589//1589 1590//1590 1610//1610
f 1590//1590 1611//1611 1610//1610
f 1591//1591 1592//1592 1612//1612
f 1592//1592 1613//1613 1612//1612
f 1592//1592 1593//1593 1613//1613
f 1593//1593 1614//1614 1613//1613
f 1593//1593 1594//1594 1614//1614
f 1594//1594 1615//1615 1614//1614
f 1594//1594 1595//1595 1615//1615
f 1595//1595 1616//1616 1615//1615
f 1595//1595 1596//1596 1616//1616
f 1596//1596 1617//1617 1616//1616
f 1596//1596 1597//1597 1617//1617
f 1597//1597 1618//1618 1617//1617
f 1597//1597 1598//1598 1618//1618
f 1598//1598 1619//1619 1618//1618
f 1598//1598 1599//1599 1619//1619
f 1599//1599 1620//1620 1619//1619
f 1599//1599 1600//1600 1620//1620
f 1600//1600 1621//1621 1620//1620
f 1600//1600 1601//1601 1621//1621
f 1601//1601 1622//1622 1621//1621
f 1601//1601 1602//1602 1622//1622
f 1602//1602 1623//1623 1622//1622
f 1602//1602 1603//1603 1623//1623
f 1603//1603 1624//1624 1623//1623
f 1603//1603 1604//1604 1624//1624
f 1604//1604 1625//1625 1624//1624
f 1604//1604 1605//1605 1625//1625
f 1605//1605 1626//1626 1625//1625
f 1605//1605 1606//1606 1626//1626
f 1606//1606 1627//1627 1626//1626
f 1606//1606 1607//1607 1627//1627
f 1607//1607 1628//1628 1627//1627
f 1607//1607 1608//1608 1628//1628
f 1608//1608 1629//1629 1628//1628
f 1608//1608 1609//1609 1629//1629
f 1609//1609 1630//1630 1629//1629
f 1609//1609 1610//1610 1630//1630
f 1610//1610 1631//1631 1630//1630
f 1610//1610 1611//1611 1631//1631
f 1611//1611 1632//1632 1631//1631
f 1612//1612 1613//1613 1633//1633
f 1613//1613 1634//1634 1633//1633
f 1613//1613 1614//1614 1634//1634
f 1614//1614 1635//1635 1634//1634
f 1614//1614 1615//1615 1635//1635
f 1615//1615 1636//1636 1635//1635
f 1615//1615 1616//1616 1636//1636
f 1616//1616 1637//1637 1636//1636
f 1616//1616 1617//1617 1637//1637
f 1617//1617 1638//1638 1637//1637
f 1617//1617 1618//1618 1638//1638
f 1618//1618 1639//1639 1638//1638
f 1618//1618 1619//1619 1639//1639
f 1619//1619 1640//1640 1639//1639
f 1619//1619 1620//1620 1640//1640
f 1620//1620 1641//1641 1640//1640
f 1620//1620 1621//1621 1641//1641
f 1621//1621 1642//1642 1641//1641
f 1621//1621 1622//1622 1642//1642
f 1622//1622 1643//1643 1642//1642
f 1622//1622 1623//1623 1643//1643
f 1623//1623 1644//1644 1643//1643
f 1623//1623 1624//1624 1644//1644
f 1624//1624 1645//1645 1644//1644
f 1624//1624 1625//1625 1645//1645
f 1625//1625 1646//1646 1645//1645
f 1625//1625 1626//1626 1646//1646
f 1626//1626 1647//1647 1646//1646
f 1626//1626 1627//1627 1647//1647
f 1627//1627 1648//1648 1647//1647
f 1627//1627 1628//1628 1648//1648
f 1628//1628 1649//1649 1648//1648
f 1628//1628 1629//1629 1649//1649
f 1629//1629 1650//1650 1649//1649
f 1629//1629 1630//1630 1650//1650
f 1630//1630 1651//1651 1650//1650
f 1630//1630 1631//1631 1651//1651
f 1631//1631 1652//1652 1651//1651
f 1631//1631 1632//1632 1652//1652
f 1632//1632 1653//1653 1652//1652
f 1633//1633 1634//1634 1654//1654
f 1634//1634 1655//1655 1654//1654
f 1634//1634 1635//1635 1655//1655
f 1635//1635 1656//1656 1655//1655
f 1635//1635 1636//1636 1656//1656
f 1636//1636 1657//1657 1656//1656
f 1636//1636 1637//1637 1657//1657
f 1637//1637 1658//1658 1657//1657
f 1637//1637 1638//1638 1658//1658
f 1638//1638 1659//1659 1658//1658
f 1638//1638 1639//1639 1659//1659
f 1639//1639 1660//1660 1659//1659
f 1639//1639 1640//1640 1660//1660
f 1640//1640 1661//1661 1660//1660
f 1640//1640 1641//1641 1661//1661
f 1641//1641 1662//1662 1661//1661
f 1641//1641 1642//1642 1662//1662
f 1642//1642 1663//1663 1662//1662
f 1642//1642 1643//1643 1663//1663
f 1643//1643 1664//1664 1663//1663
f 1643//1643 1644//1644 1664//1664
f 1644//1644 1665//1665 1664//1664
f 1644//1644 1645//1645 1665//1665
f 1645//1645 1666//1666 1665//1665
f 1645//1645 1646//1646 1666//1666
f 1646//1646 1667//1667 1666//1666
f 1646//1646 1647//1647 1667//1667
f 1647//1647 1668//1668 1667//1667
f 1647//1647 1648//1648 1668//1668
f 1648//1648 1669//1669 1668//1668
f 1648//1648 1649//1649 1669//1669
f 1649//1649 1670//1670 1669//1669
f 1649//1649 1650//1650 1670//1670
f 1650//1650 1671//1671 1670//1670
f 1650//1650 1651//1651 1671//1671
f 1651//1651 1672//1672 1671//1671
f 1651//1651 1652//1652 1672//1672
f 1652//1652 1673//1673 1672//1672
f 1652//1652 1653//1653 1673//1673
f 1653//1653 1674//1674 1673//1673
f 1654//1654 1655//1655 1675//1675
f 1655//1655 1676//1676 1675//1675
f 1655//1655 1656//1656 1676//1676
f 1656//1656 1677//1677 1676//1676
f 1656//1656 1657//1657 1677//1677
f 1657//1657 1678//1678 1677//1677
f 1657//1657 1658//1658 1678//1678
f 1658//1658 1679//1679 1678//1678
f 1658//1658 1659//1659 1679//1679
f 1659//1659 1680//1680 1679//1679
f 1659//1659 1660//1660 1680//1680
f 1660//1660 1681//1681 1680//1680
f 1660//1660 1661//1661 1681//1681
f 1661//1661 1682//1682 1681//1681
f 1661//1661 1662//1662 1682//1682
f 1662//1662 1683//1683 1682//1682
f 1662//1662 1663//1663 1683//1683
f 1663//1663 1684//1684 1683//1683
f 1663//1663 1664//1664 1684//1684
f 1664//1664 1685//1685 1684//1684
f 1664//1664 1665//1665 1685//1685
f 1665//1665 1686//1686 1685//1685
f 1665//1665 1666//1666 1686//1686
f 1666//1666 1687//1687 1686//1686
f 1666//1666 1667//1667 1687//1687
f 1667//1667 1688//1688 1687//1687
f 1667//1667 1668//1668 1688//1688
f 1668//1668 1689//1689 1688//1688
f 1668//1668 1669//1669 1689//1689
f 1669//1669 1690//1690 1689//1689
f 1669//1669 1670//1670 1690//1690
f 1670//1670 1691//1691 1690//1690
f 1670//1670 1671//1671 1691//1691
f 1671//1671 1692//1692 1691//1691
f 1671//1671 1672//1672 1692//1692
f 1672//1672 1693//1693 1692//1692
f 1672//1672 1673//1673 1693//1693
f 1673//1673 1694//1694 1693//1693
f 1673//1673 1674//1674 1694//1694
f 1674//1674 1695//1695 1694//1694
f 1675//1675 1676//1676 1696//1696
f 1676//1676 1697//1697 1696//1696
f 1676//1676 1677//1677 1697//1697
f 1677//1677 1698//1698 1697//1697
f 1677//1677 1678//1678 1698//1698
f 1678//1678 1699//1699 1698//1698
f 1678//1678 1679//1679 1699//1699
f 1679//1679 1700//1700 1699//1699
f 1679//1679 1680//1680 1700//1700
f 1680//1680 1701//1701 1700//1700
f 1680//1680 1681//1681 1701//1701
f 1681//1681 1702//1702 1701//1701
f 1681//1681 1682//1682 1702//1702
f 1682//1682 1703//1703 1702//1702
f 1682//1682 1683//1683 1703//1703
f 1683//1683 1704//1704 1703//1703
f 1683//1683 1684//1684 1704//1704
f 1684//1684 1705//1705 1704//1704
f 1684//1684 1685//1685 1705//1705
f 1685//1685 1706//1706 1705//1705
f 1685//1685 1686//1686 1706//1706
f 1686//1686 1707//1707 1706//1706
f 1686//1686 1687//1687 1707//1707
f 1687//1687 1708//1708 1707//1707
f 1687//1687 1688//1688 1708//1708
f 1688//1688 1709//1709 1708//1708
f 1688//1688 1689//1689 1709//1709
f 1689//1689 1710//1710 1709//1709
f 1689//1689 1690//1690 1710//1710
f 1690//1690 1711//1711 1710//1710
f 1690//1690 1691//1691 1711//1711
f 1691//1691 1712//1712 1711//1711
f 1691//1691 1692//1692 1712//1712
f 1692//1692 1713//1713 1712//1712
f 1692//1692 1693//1693 1713//1713
f 1693//1693 1714//1714 1713//1713
f 1693//1693 1694//1694 1714//1714
f 1694//1694 1715//1715 1714//1714
f 1694//1694 1695//1695 1715//1715
f 1695//1695 1716//1716 1715//1715
f 1717//1717 1718//1718 1738//1738
f 1718//1718 1739//1739 1738//1738
f 1718//1718 1719//1719 1739//1739
f 1719//1719 1740//1740 1739//1739
f 1719//1719 1720//1720 1740//1740
f 1720//1720 1741//1741 1740//1740
f 1720//1720 1721//1721 1741//1741
f 1721//1721 1742//1742 1741//1741
f 1721//1721 1722//1722 1742//1742
f 1722//1722 1743//1743 1742//1742
f 1722//1722 1723//1723 1743//1743
f 1723//1723 1744//1744 1743//1743
f 1723//1723 1724//1724 1744//1744
f 1724//1724 1745//1745 1744//1744
f 1724//1724 1725//1725 1745//1745
f 1725//1725 1746//1746 1745//1745
f 1725//1725 1726//1726 1746//1746
f 1726//1726 1747//1747 1746//1746
f 1726//1726 1727//1727 1747//1747
f 1727//1727 1748//1748 1747//1747
f 1727//1727 1728//1728 1748//1748
f 1728//1728 1749//1749 1748//1748
f 1728//1728 1729//1729 1749//1749
f 1729//1729 1750//1750 1749//1749
f 1729//1729 1730//1730 1750//1750
f 1730//1730 1751//1751 1750//1750
f 1730//1730 1731//1731 1751//1751
f 1731//1731 1752//1752 1751//1751
f 1731//1731 1732//1732 1752//1752
f 1732//1732 1753//1753 1752//1752
f 1732//1732 1733//1733 1753//1753
f 1733//1733 1754//1754 1753//1753
f 1733//1733 1734//1734 1754//1754
f 1734//1734 1755//1755 1754//1754
f 1734//1734 1735//1735 1755//1755
f 1735//1735 1756//1756 1755//1755
f 1735//1735 1736//1736 1756//1756
f 1736//1736 1757//1757 1756//1756
f 1736//1736 1737//1737 1757//1757
f 1737//1737 1758//1758 1757//1757
f 1738//1738 1739//1739 1759//1759
f 1739//1739 1760//1760 1759//1759
f 1739//1739 1740//1740 1760//1760
f 1740//1740 1761//1761 1760//1760
f 1740//1740 1741//1741 1761//1761
f 1741//1741 1762//1762 1761//1761
f 1741//1741 1742//1742 1762//1762
f 1742//1742 1763//1763 1762//1762
f 1742//1742 1743//1743 1763//1763
f 1743//1743 1764//1764 1763//1763
f 1743//1743 1744//1744 1764//1764
f 1744//1744 1765//1765 1764//1764
f 1744//1744 1745//1745 1765//1765
f 1745//1745 1766//1766 1765//1765
f 1745//1745 1746//1746 1766//1766
f 1746//1746 1767//1767 1766//1766
f 1746//1746 1747//1747 1767//1767
f 1747//1747 1768//1768 1767//1767
f 1747//1747 1748//1748 1768//1768
f 1748//1748 1769//1769 1768//1768
f 1748//1748 1749//1749 1769//1769
f 1749//1749 1770//1770 1769//1769
f 1749//1749 1750//1750 1770//1770
f 1750//1750 1771//1771 1770//1770
f 1750//1750 1751//1751 1771//1771
f 1751//1751 1772//1772 1771//1771
f 1751//1751 1752//1752 1772//1772
f 1752//1752 1773//1773 1772//1772
f 1752//1752 1753//1753 1773//1773
f 1753//1753 1774//1774 1773//1773
f 1753//1753 1754//1754 1774//1774
f 1754//1754 1775//1775 1774//1774
f 1754//1754 1755//1755 1775//1775
f 1755//1755 1776//1776 1775//1775
f 1755//1755 1756//1756 1776//1776
f 1756//1756 1777//1777 1776//1776
f 1756//1756 1757//1757 1777//1777
f 1757//1757 1778//1778 1777//1777
f 1757//1757 1758//1758 1778//1778
f 1758//1758 1779//1779 1778//1778
f 1759//1759 1760//1760 1780//1780
f 1760//1760 1781//1781 1780//1780
f 1760//1760 1761//1761 1781//1781
f 1761//1761 1782//1782 1781//1781
f 1761//1761 1762//1762 1782//1782
f 1762//1762 1783//1783 1782//1782
f 1762//1762 1763//1763 1783//1783
f 1763//1763 1784//1784 1783//1783
f 1763//1763 1764//1764 1784//1784
f 1764//1764 1785//1785 1784//1784
f 1764//1764 1765//1765 1785//1785
f 1765//1765 1786//1786 1785//1785
f 1765//1765 1766//1766 1786//1786
f 1766//1766 1787//1787 1786//1786
f 1766//1766 1767//1767 1787//1787
f 1767//1767 1788//1788 1787//1787
f 1767//1767 1768//1768 1788//1788
f 1768//1768 1789//1789 1788//1788
f 1768//1768 1769//1769 1789//1789
f 1769//1769 1790//1790 1789//1789
f 1769//1769 1770//1770 1790//1790
f 1770//1770 1791//1791 1790//1790
f 1770//1770 1771//1771 1791//1791
f 1771//1771 1792//1792 1791//1791
f 1771//1771 1772//1772 1792//1792
f 1772//1772 1793//1793 1792//1792
f 1772//1772 1773//1773 1793//1793
f 1773//1773 1794//1794 1793//1793
f 1773//1773 1774//1774 1794//1794
f 1774//1774 1795//1795 1794//1794
f 1774//1774 1775//1775 1795//1795
f 1775//1775 1796//1796 1795//1795
f 1775//1775 1776//1776 1796//1796
f 1776//1776 1797//1797 1796//1796
f 1776//1776 1777//1777 1797//1797
f 1777//1777 1798//1798 1797//1797
f 1777//1777 1778//1778 1798//1798
f 1778//1778 1799//1799 1798//1798
f 1778//1778 1779//1779 1799//1799
f 1779//1779 1800//1800 1799//1799
f 1780//1780 1781//1781 1801//1801
f 1781//1781 1802//1802 1801//1801
f 1781//1781 1782//1782 1802//1802
f 1782//1782 1803//1803 1802//1802
f 1782//1782 1783//1783 1803//1803
f 1783//1783 1804//1804 1803//1803
f 1783//1783 1784//1784 1804//1804
f 1784//1784 1805//1805 1804//1804
f 1784//1784 1785//1785 1805//1805
f 1785//1785 1806//1806 1805//1805
f 1785//1785 1786//1786 1806//1806
f 1786//1786 1807//1807 1806//1806
f 1786//1786 1787//1787 1807//1807
f 1787//1787 1808//1808 1807//1807
f 1787//1787 1788//1788 1808//1808
f 1788//1788 1809//1809 1808//1808
f 1788//1788 1789//1789 1809//1809
f 1789//1789 1810//1810 1809//1809
f 1789//1789 1790//1790 1810//1810
f 1790//1790 1811//1811 1810//1810
f 1790//1790 1791//1791 1811//1811
f 1791//1791 1812//1812 1811//1811
f 1791//1791 1792//1792 1812//1812
f 1792//1792 1813//1813 1812//1812
f 1792//1792 1793//1793 1813//1813
f 1793//1793 1814//1814 1813//1813
f 1793//1793 1794//1794 1814//1814
f 1794//1794 1815//1815 1814//1814
f 1794//1794 1795//1795 1815//1815
f 1795//1795 1816//1816 1815//1815
f 1795//1795 1796//1796 1816//1816
f 1796//1796 1817//1817 1816//1816
f 1796//1796 1797//1797 1817//1817
f 1797//1797 1818//1818 1817//1817
f 1797//1797 1798//1798 1818//1818
f 1798//1798 1819//1819 1818//1818
f 1798//1798 1799//1799 1819//1819
f 1799//1799 1820//1820 1819//1819
f 1799//1799 1800//1800 1820//1820
f 1800//1800 1821//1821 1820//1820
f 1801//1801 1802//1802 1822//1822
f 1802//1802 1823//1823 1822//1822
f 1802//1802 1803//1803 1823//1823
f 1803//1803 1824//1824 1823//1823
f 1803//1803 1804//1804 1824//1824
f 1804//1804 1825//1825 1824//1824
f 1804//1804 1805//1805 1825//1825
f 1805//1805 1826//1826 1825//1825
f 1805//1805 1806//1806 1826//1826
f 1806//1806 1827//1827 1826//1826
f 1806//1806 1807//1807 1827//1827
f 1807//1807 1828//1828 1827//1827
f 1807//1807 1808//1808 1828//1828
f 1808//1808 1829//1829 1828//1828
f 1808//1808 1809//1809 1829//1829
f 1809//1809 1830//1830 1829//1829
f 1809//1809 1810//1810 1830//1830
f 1810//1810 1831//1831 1830//1830
f 1810//1810 1811//1811 1831//1831
f 1811//1811 1832//1832 1831//1831
f 1811//1811 1812//1812 1832//1832
f 1812//1812 1833//1833 1832//1832
f 1812//1812 1813//1813 1833//1833
f 1813//1813 1834//1834 1833//1833
f 1813//1813 1814//1814 1834//1834
f 1814//1814 1835//1835 1834//1834
f 1814//1814 1815//1815 1835//1835
f 1815//1815 1836//1836 1835//1835
f 1815//1815 1816//1816 1836//1836
f 1816//1816 1837//1837 1836//1836
f 1816//1816 1817//1817 1837//1837
f 1817//1817 1838//1838 1837//1837
f 1817//1817 1818//1818 1838//1838
f 1818//1818 1839//1839 1838//1838
f 1818//1818 1819//1819 1839//1839
f 1819//1819 1840//1840 1839//1839
f 1819//1819 1820//1820 1840//1840
f 1820//1820 1841//1841 1840//1840
f 1820//1820 1821//1821 1841//1841
f 1821//1821 1842//1842 1841//1841
f 1822//1822 1823//1823 1843//1843
f 1823//1823 1844//1844 1843//1843
f 1823//1823 1824//1824 1844//1844
f 1824//1824 1845//1845 1844//1844
f 1824//1824 1825//1825 1845//1845
f 1825//1825 1846//1846 1845//1845
f 1825//1825 1826//1826 1846//1846
f 1826//1826 1847//1847 1846//1846
f 1826//1826 1827//1827 1847//1847
f 1827//1827 1848//1848 1847//1847
f 1827//1827 1828//1828 1848//1848
f 1828//1828 1849//1849 1848//1848
f 1828//1828 1829//1829 1849//1849
f 1829//1829 1850//1850 1849//1849
f 1829//1829 1830//1830 1850//1850
f 1830//1830 1851//1851 1850//1850
f 1830//1830 1831//1831 1851//1851
f 1831//1831 1852//1852 1851//1851
f 1831//1831 1832//1832 1852//1852
f 1832//1832 1853//1853 1852//1852
f 1832//1832 1833//1833 1853//1853
f 1833//1833 1854//1854 1853//1853
f 1833//1833 1834//1834 1854//1854
f 1834//1834 1855//1855 1854//1854
f 1834//1834 1835//1835 1855//1855
f 1835//1835 1856//1856 1855//1855
f 1835//1835 1836//1836 1856//1856
f 1836//1836 1857//1857 1856//1856
f 1836//1836 1837//1837 1857//1857
f 1837//1837 1858//1858 1857//1857
f 1837//1837 1838//1838 1858//1858
f 1838//1838 1859//1859 1858//1858
f 1838//1838 1839//1839 1859//1859
f 1839//1839 1860//1860 1859//1859
f 1839//1839 1840//1840 1860//1860
f 1840//1840 1861//1861 1860//1860
f 1840//1840 1841//1841 1861//1861
f 1841//1841 1862//1862 1861//1861
f 1841//1841 1842//1842 1862//1862
f 1842//1842 1863//1863 1862//1862
f 1843//1843 1844//1844 1864//1864
f 1844//1844 1865//1865 1864//1864
f 1844//1844 1845//1845 1865//1865
f 1845//1845 1866//1866 1865//1865
f 1845//1845 1846//1846 1866//1866
f 1846//1846 1867//1867 1866//1866
f 1846//1846 1847//1847 1867//1867
f 1847//1847 1868//1868 1867//1867
f 1847//1847 1848//1848 1868//1868
f 1848//1848 1869//1869 1868//1868
f 1848//1848 1849//1849 1869//1869
f 1849//1849 1870//1870 1869//1869
f 1849//1849 1850//1850 1870//1870
f 1850//1850 1871//1871 1870//1870
f 1850//1850 1851//1851 1871//1871
f 1851//1851 1872//1872 1871//1871
f 1851//1851 1852//1852 1872//1872
f 1852//1852 1873//1873 1872//1872
f 1852//1852 1853//1853 1873//1873
f 1853//1853 1874//1874 1873//1873
f 1853//1853 1854//1854 1874//1874
f 1854//1854 1875//1875 1874//1874
f 1854//1854 1855//1855 1875//1875
f 1855//1855 1876//1876 1875//1875
f 1855//1855 1856//1856 1876//1876
f 1856//1856 1877//1877 1876//1876
f 1856//1856 1857//1857 1877//1877
f 1857//1857 1878//1878 1877//1877
f 1857//1857 1858//1858 1878//1878
f 1858//1858 1879//1879 1878//1878
f 1858//1858 1859//1859 1879//1879
f 1859//1859 1880//1880 1879//1879
f 1859//1859 1860//1860 1880//1880
f 1860//1860 1881//1881 1880//1880
f 1860//1860 1861//1861 1881//1881
f 1861//1861 1882//1882 1881//1881
f 1861//1861 1862//1862 1882//1882
f 1862//1862 1883//1883 1882//1882
f 1862//1862 1863//1863 1883//1883
f 1863//1863 1884//1884 1883//1883
f 1864//1864 1865//1865 1885//1885
f 1865//1865 1886//1886 1885//1885
f 1865//1865 1866//1866 1886//1886
f 1866//1866 1887//1887 1886//1886
f 1866//1866 1867//1867 1887//1887
f 1867//1867 1888//1888 1887//1887
f 1867//1867 1868//1868 1888//1888
f 1868//1868 1889//1889 1888//1888
f 1868//1868 1869//1869 1889//1889
f 1869//1869 1890//1890 1889//1889
f 1869//1869 1870//1870 1890//1890
f 1870//1870 1891//1891 1890//1890
f 1870//1870 1871//1871 1891//1891
f 1871//1871 1892//1892 1891//1891
f 1871//1871 1872//1872 1892//1892
f 1872//1872 1893//1893 1892//1892
f 1872//1872 1873//1873 1893//1893
f 1873//1873 1894//1894 1893//1893
f 1873//1873 1874//1874 1894//1894
f 1874//1874 1895//1895 1894//1894
f 1874//1874 1875//1875 1895//1895
f 1875//1875 1896//1896 1895//1895
f 1875//1875 1876//1876 1896//1896
f 1876//1876 1897//1897 1896//1896
f 1876//1876 1877//1877 1897//1897
f 1877//1877 1898//1898 1897//1897
f 1877//1877 1878//1878 1898//1898
f 1878//1878 1899//1899 1898//1898
f 1878//1878 1879//1879 1899//1899
f 1879//1879 1900//1900 1899//1899
f 1879//1879 1880//1880 1900//1900
f 1880//1880 1901//1901 1900//1900
f 1880//1880 1881//1881 1901//1901
f 1881//1881 1902//1902 1901//1901
f 1881//1881 1882//1882 1902//1902
f 1882//1882 1903//1903 1902//1902
f 1882//1882 1883//1883 1903//1903
f 1883//1883 1904//1904 1903//1903
f 1883//1883 1884//1884 1904//1904
f 1884//1884 1905//1905 1904//1904
f 1885//1885 1886//1886 1906//1906
f 1886//1886 1907//1907 1906//1906
f 1886//1886 1887//1887 1907//1907
f 1887//1887 1908//1908 1907//1907
f 1887//1887 1888//1888 1908//1908
f 1888//1888 1909//1909 1908//1908
f 1888//1888 1889//1889 1909//1909
f 1889//1889 1910//1910 1909//1909
f 1889//1889 1890//1890 1910//1910
f 1890//1890 1911//1911 1910//1910
f 1890//1890 1891//1891 1911//1911
f 1891//1891 1912//1912 1911//1911
f 1891//1891 1892//1892 1912//1912
f 1892//1892 1913//1913 1912//1912
f 1892//1892 1893//1893 1913//1913
f 1893//1893 1914//1914 1913//1913
f 1893//1893 1894//1894 1914//1914
f 1894//1894 1915//1915 1914//1914
f 1894//1894 1895//1895 1915//1915
f 1895//1895 1916//1916 1915//1915
f 1895//1895 1896//1896 1916//1916
f 1896//1896 1917//1917 1916//1916
f 1896//1896 1897//1897 1917//1917
f 1897//1897 1918//1918 1917//1917
f 1897//1897 1898//1898 1918//1918
f 1898//1898 1919//1919 1918//1918
f 1898//1898 1899//1899 1919//1919
f 1899//1899 1920//1920 1919//1919
f 1899//1899 1900//1900 1920//1920
f 1900//1900 1921//1921 1920//1920
f 1900//1900 1901//1901 1921//1921
f 1901//1901 1922//1922 1921//1921
f 1901//1901 1902//1902 1922//1922
f 1902//1902 1923//1923 1922//1922
f 1902//1902 1903//1903 1923//1923
f 1903//1903 1924//1924 1923//1923
f 1903//1903 1904//1904 1924//1924
f 1904//1904 1925//1925 1924//1924
f 1904//1904 1905//1905 1925//1925
f 1905//1905 1926//1926 1925//1925
f 1906//1906 1907//1907 1927//1927
f 1907//1907 1928//1928 1927//1927
f 1907//1907 1908//1908 1928//1928
f 1908//1908 1929//1929 1928//1928
f 1908//1908 1909//1909 1929//1929
f 1909//1909 1930//1930 1929//1929
f 1909//1909 1910//1910 1930//1930
f 1910//1910 1931//1931 1930//1930
f 1910//1910 1911//1911 1931//1931
f 1911//1911 1932//1932 1931//1931
f 1911//1911 1912//1912 1932//1932
f 1912//1912 1933//1933 1932//1932
f 1912//1912 1913//1913 1933//1933
f 1913//1913 1934//1934 1933//1933
f 1913//1913 1914//1914 1934//1934
f 1914//1914 1935//1935 1934//1934
f 1914//1914 1915//1915 1935//1935
f 1915//1915 1936//1936 1935//1935
f 1915//1915 1916//1916 1936//1936
f 1916//1916 1937//1937 1936//1936
f 1916//1916 1917//1917 1937//1937
f 1917//1917 1938//1938 1937//1937
f 1917//1917 1918//1918 1938//1938
f 1918//1918 1939//1939 1938//1938
f 1918//1918 1919//1919 1939//1939
f 1919//1919 1940//1940 1939//1939
f 1919//1919 1920//1920 1940//1940
f 1920//1920 1941//1941 1940//1940
f 1920//1920 1921//1921 1941//1941
f 1921//1921 1942//1942 1941//1941
f 1921//1921 1922//1922 1942//1942
f 1922//1922 1943//1943 1942//1942
f 1922//1922 1923//1923 1943//1943
f 1923//1923 1944//1944 1943//1943
f 1923//1923 1924//1924 1944//1944
f 1924//1924 1945//1945 1944//1944
f 1924//1924 1925//1925 1945//1945
f 1925//1925 1946//1946 1945//1945
f 1925//1925 1926//1926 1946//1946
f 1926//1926 1947//1947 1946//1946
f 1927//1927 1928//1928 1948//1948
f 1928//1928 1949//1949 1948//1948
f 1928//1928 1929//1929 1949//1949
f 1929//1929 1950//1950 1949//1949
f 1929//1929 1930//1930 1950//1950
f 1930//1930 1951//1951 1950//1950
f 1930//1930 1931//1931 1951//1951
f 1931//1931 1952//1952 1951//1951
f 1931//1931 1932//1932 1952//1952
f 1932//1932 1953//1953 1952//1952
f 1932//1932 1933//1933 1953//1953
f 1933//1933 1954//1954 1953//1953
f 1933//1933 1934//1934 1954//1954
f 1934//1934 1955//1955 1954//1954
f 1934//1934 1935//1935 1955//1955
f 1935//1935 1956//1956 1955//1955
f 1935//1935 1936//1936 1956//1956
f 1936//1936 1957//1957 1956//1956
f 1936//1936 1937//1937 1957//1957
f 1937//1937 1958//1958 1957//1957
f 1937//1937 1938//1938 1958//1958
f 1938//1938 1959//1959 1958//1958
f 1938//1938 1939//1939 1959//1959
f 1939//1939 1960//1960 1959//1959
f 1939//1939 1940//1940 1960//1960
f 1940//1940 1961//1961 1960//1960
f 1940//1940 1941//1941 1961//1961
f 1941//1941 1962//1962 1961//1961
f 1941//1941 1942//1942 1962//1962
f 1942//1942 1963//1963 1962//1962
f 1942//1942 1943//1943 1963//1963
f 1943//1943 1964//1964 1963//1963
f 1943//1943 1944//1944 1964//1964
f 1944//1944 1965//1965 1964//1964
f 1944//1944 1945//1945 1965//1965
f 1945//1945 1966//1966 1965//1965
f 1945//1945 1946//1946 1966//1966
f 1946//1946 1967//1967 1966//1966
f 1946//1946 1947//1947 1967//1967
f 1947//1947 1968//1968 1967//1967
f 1948//1948 1949//1949 1969//1969
f 1949//1949 1970//1970 1969//1969
f 1949//1949 1950//1950 1970//1970
f 1950//1950 1971//1971 1970//1970
f 1950//1950 1951//1951 1971//1971
f 1951//1951 1972//1972 1971//1971
f 1951//1951 1952//1952 1972//1972
f 1952//1952 1973//1973 1972//1972
f 1952//1952 1953//1953 1973//1973
f 1953//1953 1974//1974 1973//1973
f 1953//1953 1954//1954 1974//1974
f 1954//1954 1975//1975 1974//1974
f 1954//1954 1955//1955 1975//1975
f 1955//1955 1976//1976 1975//1975
f 1955//1955 1956//1956 1976//1976
f 1956//1956 1977//1977 1976//1976
f 1956//1956 1957//1957 1977//1977
f 1957//1957 1978//1978 1977//1977
f 1957//1957 1958//1958 1978//1978
f 1958//1958 1979//1979 1978//1978
f 1958//1958 1959//1959 1979//1979
f 1959//1959 1980//1980 1979//1979
f 1959//1959 1960//1960 1980//1980
f 1960//1960 1981//1981 1980//1980
f 1960//1960 1961//1961 1981//1981
f 1961//1961 1982//1982 1981//1981
f 1961//1961 1962//1962 1982//1982
f 1962//1962 1983//1983 1982//1982
f 1962//1962 1963//1963 1983//1983
f 1963//1963 1984//1984 1983//1983
f 1963//1963 1964//1964 1984//1984
f 1964//1964 1985//1985 1984//1984
f 1964//1964 1965//1965 1985//1985
f 1965//1965 1986//1986 1985//1985
f 1965//1965 1966//1966 1986//1986
f 1966//1966 1987//1987 1986//1986
f 1966//1966 1967//1967 1987//1987
f 1967//1967 1988//1988 1987//1987
f 1967//1967 1968//1968 1988//1988
f 1968//1968 1989//1989 1988//1988
f 1990//1990 1991//1991 2011//2011
f 1991//1991 2012//2012 2011//2011
f 1991//1991 1992//1992 2012//2012
f 1992//1992 2013//2013 2012//2012
f 1992//1992 1993//1993 2013//2013
f 1993//1993 2014//2014 2013//2013
f 1993//1993 1994//1994 2014//2014
f 1994//1994 2015//2015 2014//2014
f 1994//1994 1995//1995 2015//2015
f 1995//1995 2016//2016 2015//2015
f 1995//1995 1996//1996 2016//2016
f 1996//1996 2017//2017 2016//2016
f 1996//1996 1997//1997 2017//2017
f 1997//1997 2018//2018 2017//2017
f 1997//1997 1998//1998 2018//2018
f 1998//1998 2019//2019 2018//2018
f 1998//1998 1999//1999 2019//2019
f 1999//1999 2020//2020 2019//2019
f 1999//1999 2000//2000 2020//2020
f 2000//2000 2021//2021 2020//2020
f 2000//2000 2001//2001 2021//2021
f 2001//2001 2022//2022 2021//2021
f 2001//2001 2002//2002 2022//2022
f 2002//2002 2023//2023 2022//2022
f 2002//2002 2003//2003 2023//2023
f 2003//2003 2024//2024 2023//2023
f 2003//2003 2004//2004 2024//2024
f 2004//2004 2025//2025 2024//2024
f 2004//2004 2005//2005 2025//2025
f 2005//2005 2026//2026 2025//2025
f 2005//2005 2006//2006 2026//2026
f 2006//2006 2027//2027 2026//2026
f 2006//2006 2007//2007 2027//2027
f 2007//2007 2028//2028 2027//2027
f 2007//2007 2008//2008 2028//2028
f 2008//2008 2029//2029 2028//2028
f 2008//2008 2009//2009 2029//2029
f 2009//2009 2030//2030 2029//2029
f 2009//2009 2010//2010 2030//2030
f 2010//2010 2031//2031 2030//2030
f 2011//2011 2012//2012 2032//2032
f 2012//2012 2033//2033 2032//2032
f 2012//2012 2013//2013 2033//2033
f 2013//2013 2034//2034 2033//2033
f 2013//2013 2014//2014 2034//2034
f 2014//2014 2035//2035 2034//2034
f 2014//2014 2015//2015 2035//2035
f 2015//2015 2036//2036 2035//2035
f 2015//2015 2016//2016 2036//2036
f 2016//2016 2037//2037 2036//2036
f 2016//2016 2017//2017 2037//2037
f 2017//2017 2038//2038 2037//2037
f 2017//2017 2018//2018 2038//2038
f 2018//2018 2039//2039 2038//2038
f 2018//2018 2019//2019 2039//2039
f 2019//2019 2040//2040 2039//2039
f 2019//2019 2020//2020 2040//2040
f 2020//2020 2041//2041 2040//2040
f 2020//2020 2021//2021 2041//2041
f 2021//2021 2042//2042 2041//2041
f 2021//2021 2022//2022 2042//2042
f 2022//2022 2043//2043 2042//2042
f 2022//2022 2023//2023 2043//2043
f 2023//2023 2044//2044 2043//2043
f 2023//2023 2024//2024 2044//2044
f 2024//2024 2045//2045 2044//2044
f 2024//2024 2025//2025 2045//2045
f 2025//2025 2046//2046 2045//2045
f 2025//2025 2026//2026 2046//2046
f 2026//2026 2047//2047 2046//2046
f 2026//2026 2027//2027 2047//2047
f 2027//2027 2048//2048 2047//2047
f 2027//2027 2028//2028 2048//2048
f 2028//2028 2049//2049 2048//2048
f 2028//2028 2029//2029 2049//2049
f 2029//2029 2050//2050 2049//2049
f 2029//2029 2030//2030 2050//2050
f 2030//2030 2051//2051 2050//2050
f 2030//2030 2031//2031 2051//2051
f 2031//2031 2052//2052 2051//2051
f 2032//2032 2033//2033 2053//2053
f 2033//2033 2054//2054 2053//2053
f 2033//2033 2034//2034 2054//2054
f 2034//2034 2055//2055 2054//2054
f 2034//2034 2035//2035 2055//2055
f 2035//2035 2056//2056 2055//2055
f 2035//2035 2036//2036 2056//2056
f 2036//2036 2057//2057 2056//2056
f 2036//2036 2037//2037 2057//2057
f 2037//2037 2058//2058 2057//2057
f 2037//2037 2038//2038 2058//2058
f 2038//2038 2059//2059 2058//2058
f 2038//2038 2039//2039 2059//2059
f 2039//2039 2060//2060 2059//2059
f 2039//2039 2040//2040 2060//2060
f 2040//2040 2061//2061 2060//2060
f 2040//2040 2041//2041 2061//2061
f 2041//2041 2062//2062 2061//2061
f 2041//2041 2042//2042 2062//2062
f 2042//2042 2063//2063 2062//2062
f 2042//2042 2043//2043 2063//2063
f 2043//2043 2064//2064 2063//2063
f 2043//2043 2044//2044 2064//2064
f 2044//2044 2065//2065 2064//2064
f 2044//2044 2045//2045 2065//2065
f 2045//2045 2066//2066 2065//2065
f 2045//2045 2046//2046 2066//2066
f 2046//2046 2067//2067 2066//2066
f 2046//2046 2047//2047 2067//2067
f 2047//2047 2068//2068 2067//2067
f 2047//2047 2048//2048 2068//2068
f 2048//2048 2069//2069 2068//2068
f 2048//2048 2049//2049 2069//2069
f 2049//2049 2070//2070 2069//2069
f 2049//2049 2050//2050 2070//2070
f 2050//2050 2071//2071 2070//2070
f 2050//2050 2051//2051 2071//2071
f 2051//2051 2072//2072 2071//2071
f 2051//2051 2052//2052 2072//2072
f 2052//2052 2073//2073 2072//2072
f 2053//2053 2054//2054 2074//2074
f 2054//2054 2075//2075 2074//2074
f 2054//2054 2055//2055 2075//2075
f 2055//2055 2076//2076 2075//2075
f 2055//2055 2056//2056 2076//2076
f 2056//2056 2077//2077 2076//2076
f 2056//2056 2057//2057 2077//2077
f 2057//2057 2078//2078 2077//2077
f 2057//2057 2058//2058 2078//2078
f 2058//2058 2079//2079 2078//2078
f 2058//2058 2059//2059 2079//2079
f 2059//2059 2080//2080 2079//2079
f 2059//2059 2060//2060 2080//2080
f 2060//2060 2081//2081 2080//2080
f 2060//2060 2061//2061 2081//2081
f 2061//2061 2082//2082 2081//2081
f 2061//2061 2062//2062 2082//2082
f 2062//2062 2083//2083 2082//2082
f 2062//2062 2063//2063 2083//2083
f 2063//2063 2084//2084 2083//2083
f 2063//2063 2064//2064 2084//2084
f 2064//2064 2085//2085 2084//2084
f 2064//2064 2065//2065 2085//2085
f 2065//2065 2086//2086 2085//2085
f 2065//2065 2066//2066 2086//2086
f 2066//2066 2087//2087 2086//2086
f 2066//2066 2067//2067 2087//2087
f 2067//2067 2088//2088 2087//2087
f 2067//2067 2068//2068 2088//2088
f 2068//2068 2089//2089 2088//2088
f 2068//2068 2069//2069 2089//2089
f 2069//2069 2090//2090 2089//2089
f 2069//2069 2070//2070 2090//2090
f 2070//2070 2091//2091 2090//2090
f 2070//2070 2071//2071 2091//2091
f 2071//2071 2092//2092 2091//2091
f 2071//2071 2072//2072 2092//2092
f 2072//2072 2093//2093 2092//2092
f 2072//2072 2073//2073 2093//2093
f 2073//2073 2094//2094 2093//2093
f 2074//2074 2075//2075 2095//2095
f 2075//2075 2096//2096 2095//2095
f 2075//2075 2076//2076 2096//2096
f 2076//2076 2097//2097 2096//2096
f 2076//2076 2077//2077 2097//2097
f 2077//2077 2098//2098 2097//2097
f 2077//2077 2078//2078 2098//2098
f 2078//2078 2099//2099 2098//2098
f 2078//2078 2079//2079 2099//2099
f 2079//2079 2100//2100 2099//2099
f 2079//2079 2080//2080 2100//2100
f 2080//2080 2101//2101 2100//2100
f 2080//2080 2081//2081 2101//2101
f 2081//2081 2102//2102 2101//2101
f 2081//2081 2082//2082 2102//2102
f 2082//2082 2103//2103 2102//2102
f 2082//2082 2083//2083 2103//2103
f 2083//2083 2104//2104 2103//2103
f 2083//2083 2084//2084 2104//2104
f 2084//2084 2105//2105 2104//2104
f 2084//2084 2085//2085 2105//2105
f 2085//2085 2106//2106 2105//2105
f 2085//2085 2086//2086 2106//2106
f 2086//2086 2107//2107 2106//2106
f 2086//2086 2087//2087 2107//2107
f 2087//2087 2108//2108 2107//2107
f 2087//2087 2088//2088 2108//2108
f 2088//2088 2109//2109 2108//2108
f 2088//2088 2089//2089 2109//2109
f 2089//2089 2110//2110 2109//2109
f 2089//2089 2090//2090 2110//2110
f 2090//2090 2111//2111 2110//2110
f 2090//2090 2091//2091 2111//2111
f 2091//2091 2112//2112 2111//2111
f 2091//2091 2092//2092 2112//2112
f 2092//2092 2113//2113 2112//2112
f 2092//2092 2093//2093 2113//2113
f 2093//2093 2114//2114 2113//2113
f 2093//2093 2094//2094 2114//2114
f 2094//2094 2115//2115 2114//2114
f 2095//2095 2096//2096 2116//2116
f 2096//2096 2117//2117 2116//2116
f 2096//2096 2097//2097 2117//2117
f 2097//2097 2118//2118 2117//2117
f 2097//2097 2098//2098 2118//2118
f 2098//2098 2119//2119 2118//2118
f 2098//2098 2099//2099 2119//2119
f 2099//2099 2120//2120 2119//2119
f 2099//2099 2100//2100 2120//2120
f 2100//2100 2121//2121 2120//2120
f 2100//2100 2101//2101 2121//2121
f 2101//2101 2122//2122 2121//2121
f 2101//2101 2102//2102 2122//2122
f 2102//2102 2123//2123 2122//2122
f 2102//2102 2103//2103 2123//2123
f 2103//2103 2124//2124 2123//2123
f 2103//2103 2104//2104 2124//2124
f 2104//2104 2125//2125 2124//2124
f 2104//2104 2105//2105 2125//2125
f 2105//2105 2126//2126 2125//2125
f 2105//2105 2106//2106 2126//2126
f 2106//2106 2127//2127 2126//2126
f 2106//2106 2107//2107 2127//2127
f 2107//2107 2128//2128 2127//2127
f 2107//2107 2108//2108 2128//2128
f 2108//2108 2129//2129 2128//2128
f 2108//2108 2109//2109 2129//2129
f 2109//2109 2130//2130 2129//2129
f 2109//2109 2110//2110 2130//2130
f 2110//2110 2131//2131 2130//2130
f 2110//2110 2111//2111 2131//2131
f 2111//2111 2132//2132 2131//2131
f 2111//2111 2112//2112 2132//2132
f 2112//2112 2133//2133 2132//2132
f 2112//2112 2113//2113 2133//2133
f 2113//2113 2134//2134 2133//2133
f 2113//2113 2114//2114 2134//2134
f 2114//2114 2135//2135 2134//2134
f 2114//2114 2115//2115 2135//2135
f 2115//2115 2136//2136 2135//2135
f 2116//2116 2117//2117 2137//2137
f 2117//2117 2138//2138 2137//2137
f 2117//2117 2118//2118 2138//2138
f 2118//2118 2139//2139 2138//2138
f 2118//2118 2119//2119 2139//2139
f 2119//2119 2140//2140 2139//2139
f 2119//2119 2120//2120 2140//2140
f 2120//2120 2141//2141 2140//2140
f 2120//2120 2121//2121 2141//2141
f 2121//2121 2142//2142 2141//2141
f 2121//2121 2122//2122 2142//2142
f 2122//2122 2143//2143 2142//2142
f 2122//2122 2123//2123 2143//2143
f 2123//2123 2144//2144 2143//2143
f 2123//2123 2124//2124 2144//2144
f 2124//2124 2145//2145 2144//2144
f 2124//2124 2125//2125 2145//2145
f 2125//2125 2146//2146 2145//2145
f 2125//2125 2126//2126 2146//2146
f 2126//2126 2147//2147 2146//2146
f 2126//2126 2127//2127 2147//2147
f 2127//2127 2148//2148 2147//2147
f 2127//2127 2128//2128 2148//2148
f 2128//2128 2149//2149 2148//2148
f 2128//2128 2129//2129 2149//2149
f 2129//2129 2150//2150 2149//2149
f 2129//2129 2130//2130 2150//2150
f 2130//2130 2151//2151 2150//2150
f 2130//2130 2131//2131 2151//2151
f 2131//2131 2152//2152 2151//2151
f 2131//2131 2132//2132 2152//2152
f 2132//2132 2153//2153 2152//2152
f 2132//2132 2133//2133 2153//2153
f 2133//2133 2154//2154 2153//2153
f 2133//2133 2134//2134 2154//2154
f 2134//2134 2155//2155 2154//2154
f 2134//2134 2135//2135 2155//2155
f 2135//2135 2156//2156 2155//2155
f 2135//2135 2136//2136 2156//2156
f 2136//2136 2157//2157 2156//2156
f 2137//2137 2138//2138 2158//2158
f 2138//2138 2159//2159 2158//2158
f 2138//2138 2139//2139 2159//2159
f 2139//2139 2160//2160 2159//2159
f 2139//2139 2140//2140 2160//2160
f 2140//2140 2161//2161 2160//2160
f 2140//2140 2141//2141 2161//2161
f 2141//2141 2162//2162 2161//2161
f 2141//2141 2142//2142 2162//2162
f 2142//2142 2163//2163 2162//2162
f 2142//2142 2143//2143 2163//2163
f 2143//2143 2164//2164 2163//2163
f 2143//2143 2144//2144 2164//2164
f 2144//2144 2165//2165 2164//2164
f 2144//2144 2145//2145 2165//2165
f 2145//2145 2166//2166 2165//2165
f 2145//2145 2146//2146 2166//2166
f 2146//2146 2167//2167 2166//2166
f 2146//2146 2147//2147 2167//2167
f 2147//2147 2168//2168 2167//2167
f 2147//2147 2148//2148 2168//2168
f 2148//2148 2169//2169 2168//2168
f 2148//2148 2149//2149 2169//2169
f 2149//2149 2170//2170 2169//2169
f 2149//2149 2150//2150 2170//2170
f 2150//2150 2171//2171 2170//2170
f 2150//2150 2151//2151 2171//2171
f 2151//2151 2172//2172 2171//2171
f 2151//2151 2152//2152 2172//2172
f 2152//2152 2173//2173 2172//2172
f 2152//2152 2153//2153 2173//2173
f 2153//2153 2174//2174 2173//2173
f 2153//2153 2154//2154 2174//2174
f 2154//2154 2175//2175 2174//2174
f 2154//2154 2155//2155 2175//2175
f 2155//2155 2176//2176 2175//2175
f 2155//2155 2156//2156 2176//2176
f 2156//2156 2177//2177 2176//2176
f 2156//2156 2157//2157 2177//2177
f 2157//2157 2178//2178 2177//2177
f 2158//2158 2159//2159 2179//2179
f 2159//2159 2180//2180 2179//2179
f 2159//2159 2160//2160 2180//2180
f 2160//2160 2181//2181 2180//2180
f 2160//2160 2161//2161 2181//2181
f 2161//2161 2182//2182 2181//2181
f 2161//2161 2162//2162 2182//2182
f 2162//2162 2183//2183 2182//2182
f 2162//2162 2163//2163 2183//2183
f 2163//2163 2184//2184 2183//2183
f 2163//2163 2164//2164 2184//2184
f 2164//2164 2185//2185 2184//2184
f 2164//2164 2165//2165 2185//2185
f 2165//2165 2186//2186 2185//2185
f 2165//2165 2166//2166 2186//2186
f 2166//2166 2187//2187 2186//2186
f 2166//2166 2167//2167 2187//2187
f 2167//2167 2188//2188 2187//2187
f 2167//2167 2168//2168 2188//2188
f 2168//2168 2189//2189 2188//2188
f 2168//2168 2169//2169 2189//2189
f 2169//2169 2190//2190 2189//2189
f 2169//2169 2170//2170 2190//2190
f 2170//2170 2191//2191 2190//2190
f 2170//2170 2171//2171 2191//2191
f 2171//2171 2192//2192 2191//2191
f 2171//2171 2172//2172 2192//2192
f 2172//2172 2193//2193 2192//2192
f 2172//2172 2173//2173 2193//2193
f 2173//2173 2194//2194 2193//2193
f 2173//2173 2174//2174 2194//2194
f 2174//2174 2195//2195 2194//2194
f 2174//2174 2175//2175 2195//2195
f 2175//2175 2196//2196 2195//2195
f 2175//2175 2176//2176 2196//2196
f 2176//2176 2197//2197 2196//2196
f 2176//2176 2177//2177 2197//2197
f 2177//2177 2198//2198 2197//2197
f 2177//2177 2178//2178 2198//2198
f 2178//2178 2199//2199 2198//2198
f 2179//2179 2180//2180 2200//2200
f 2180//2180 2201//2201 2200//2200
f 2180//2180 2181//2181 2201//2201
f 2181//2181 2202//2202 2201//2201
f 2181//2181 2182//2182 2202//2202
f 2182//2182 2203//2203 2202//2202
f 2182//2182 2183//2183 2203//2203
f 2183//2183 2204//2204 2203//2203
f 2183//2183 2184//2184 2204//2204
f 2184//2184 2205//2205 2204//2204
f 2184//2184 2185//2185 2205//2205
f 2185//2185 2206//2206 2205//2205
f 2185//2185 2186//2186 2206//2206
f 2186//2186 2207//2207 2206//2206
f 2186//2186 2187//2187 2207//2207
f 2187//2187 2208//2208 2207//2207
f 2187//2187 2188//2188 2208//2208
f 2188//2188 2209//2209 2208//2208
f 2188//2188 2189//2189 2209//2209
f 2189//2189 2210//2210 2209//2209
f 2189//2189 2190//2190 2210//2210
f 2190//2190 2211//2211 2210//2210
f 2190//2190 2191//2191 2211//2211
f 2191//2191 2212//2212 2211//2211
f 2191//2191 2192//2192 2212//2212
f 2192//2192 2213//2213 2212//2212
f 2192//2192 2193//2193 2213//2213
f 2193//2193 2214//2214 2213//2213
f 2193//2193 2194//2194 2214//2214
f 2194//2194 2215//2215 2214//2214
f 2194//2194 2195//2195 2215//2215
f 2195//2195 2216//2216 2215//2215
f 2195//2195 2196//2196 2216//2216
f 2196//2196 2217//2217 2216//2216
f 2196//2196 2197//2197 2217//2217
f 2197//2197 2218//2218 2217//2217
f 2197//2197 2198//2198 2218//2218
f 2198//2198 2219//2219 2218//2218
f 2198//2198 2199//2199 2219//2219
f 2199//2199 2220//2220 2219//2219
f 2200//2200 2201//2201 2221//2221
f 2201//2201 2222//2222 2221//2221
f 2201//2201 2202//2202 2222//2222
f 2202//2202 2223//2223 2222//2222
f 2202//2202 2203//2203 2223//2223
f 2203//2203 2224//2224 2223//2223
f 2203//2203 2204//2204 2224//2224
f 2204//2204 2225//2225 2224//2224
f 2204//2204 2205//2205 2225//2225
f 2205//2205 2226//2226 2225//2225
f 2205//2205 2206//2206 2226//2226
f 2206//2206 2227//2227 2226//2226
f 2206//2206 2207//2207 2227//2227
f 2207//2207 2228//2228 2227//2227
f 2207//2207 2208//2208 2228//2228
f 2208//2208 2229//2229 2228//2228
f 2208//2208 2209//2209 2229//2229
f 2209//2209 2230//2230 2229//2229
f 2209//2209 2210//2210 2230//2230
f 2210//2210 2231//2231 2230//2230
f 2210//2210 2211//2211 2231//2231
f 2211//2211 2232//2232 2231//2231
f 2211//2211 2212//2212 2232//2232
f 2212//2212 2233//2233 2232//2232
f 2212//2212 2213//2213 2233//2233
f 2213//2213 2234//2234 2233//2233
f 2213//2213 2214//2214 2234//2234
f 2214//2214 2235//2235 2234//2234
f 2214//2214 2215//2215 2235//2235
f 2215//2215 2236//2236 2235//2235
f 2215//2215 2216//2216 2236//2236
f 2216//2216 2237//2237 2236//2236
f 2216//2216 2217//2217 2237//2237
f 2217//2217 2238//2238 2237//2237
f 2217//2217 2218//2218 2238//2238
f 2218//2218 2239//2239 2238//2238
f 2218//2218 2219//2219 2239//2239
f 2219//2219 2240//2240 2239//2239
f 2219//2219 2220//2220 2240//2240
f 2220//2220 2241//2241 2240//2240
f 2221//2221 2222//2222 2242//2242
f 2222//2222 2243//2243 2242//2242
f 2222//2222 2223//2223 2243//2243
f 2223//2223 2244//2244 2243//2243
f 2223//2223 2224//2224 2244//2244
f 2224//2224 2245//2245 2244//2244
f 2224//2224 2225//2225 2245//2245
f 2225//2225 2246//2246 2245//2245
f 2225//2225 2226//2226 2246//2246
f 2226//2226 2247//2247 2246//2246
f 2226//2226 2227//2227 2247//2247
f 2227//2227 2248//2248 2247//2247
f 2227//2227 2228//2228 2248//2248
f 2228//2228 2249//2249 2248//2248
f 2228//2228 2229//2229 2249//2249
f 2229//2229 2250//2250 2249//2249
f 2229//2229 2230//2230 2250//2250
f 2230//2230 2251//2251 2250//2250
f 2230//2230 2231//2231 2251//2251
f 2231//2231 2252//2252 2251//2251
f 2231//2231 2232//2232 2252//2252
f 2232//2232 2253//2253 2252//2252
f 2232//2232 2233//2233 2253//2253
f 2233//2233 2254//2254 2253//2253
f 2233//2233 2234//2234 2254//2254
f 2234//2234 2255//2255 2254//2254
f 2234//2234 2235//2235 2255//2255
f 2235//2235 2256//2256 2255//2255
f 2235//2235 2236//2236 2256//2256
f 2236//2236 2257//2257 2256//2256
f 2236//2236 2237//2237 2257//2257
f 2237//2237 2258//2258 2257//2257
f 2237//2237 2238//2238 2258//2258
f 2238//2238 2259//2259 2258//2258
f 2238//2238 2239//2239 2259//2259
f 2239//2239 2260//2260 2259//2259
f 2239//2239 2240//2240 2260//2260
f 2240//2240 2261//2261 2260//2260
f 2240//2240 2241//2241 2261//2261
f 2241//2241 2262//2262 2261//2261
f 2263//2263 2264//2264 2284//2284
f 2264//2264 2285//2285 2284//2284
f 2264//2264 2265//2265 2285//2285
f 2265//2265 2286//2286 2285//2285
f 2265//2265 2266//2266 2286//2286
f 2266//2266 2287//2287 2286//2286
f 2266//2266 2267//2267 2287//2287
f 2267//2267 2288//2288 2287//2287
f 2267//2267 2268//2268 2288//2288
f 2268//2268 2289//2289 2288//2288
f 2268//2268 2269//2269 2289//2289
f 2269//2269 2290//2290 2289//2289
f 2269//2269 2270//2270 2290//2290
f 2270//2270 2291//2291 2290//2290
f 2270//2270 2271//2271 2291//2291
f 2271//2271 2292//2292 2291//2291
f 2271//2271 2272//2272 2292//2292
f 2272//2272 2293//2293 2292//2292
f 2272//2272 2273//2273 2293//2293
f 2273//2273 2294//2294 2293//2293
f 2273//2273 2274//2274 2294//2294
f 2274//2274 2295//2295 2294//2294
f 2274//2274 2275//2275 2295//2295
f 2275//2275 2296//2296 2295//2295
f 2275//2275 2276//2276 2296//2296
f 2276//2276 2297//2297 2296//2296
f 2276//2276 2277//2277 2297//2297
f 2277//2277 2298//2298 2297//2297
f 2277//2277 2278//2278 2298//2298
f 2278//2278 2299//2299 2298//2298
f 2278//2278 2279//2279 2299//2299
f 2279//2279 2300//2300 2299//2299
f 2279//2279 2280//2280 2300//2300
f 2280//2280 2301//2301 2300//2300
f 2280//2280 2281//2281 2301//2301
f 2281//2281 2302//2302 2301//2301
f 2281//2281 2282//2282 2302//2302
f 2282//2282 2303//2303 2302//2302
f 2282//2282 2283//2283 2303//2303
f 2283//2283 2304//2304 2303//2303
f 2284//2284 2285//2285 2305//2305
f 2285//2285 2306//2306 2305//2305
f 2285//2285 2286//2286 2306//2306
f 2286//2286 2307//2307 2306//2306
f 2286//2286 2287//2287 2307//2307
f 2287//2287 2308//2308 2307//2307
f 2287//2287 2288//2288 2308//2308
f 2288//2288 2309//2309 2308//2308
f 2288//2288 2289//2289 2309//2309
f 2289//2289 2310//2310 2309//2309
f 2289//2289 2290//2290 2310//2310
f 2290//2290 2311//2311 2310//2310
f 2290//2290 2291//2291 2311//2311
f 2291//2291 2312//2312 2311//2311
f 2291//2291 2292//2292 2312//2312
f 2292//2292 2313//2313 2312//2312
f 2292//2292 2293//2293 2313//2313
f 2293//2293 2314//2314 2313//2313
f 2293//2293 2294//2294 2314//2314
f 2294//2294 2315//2315 2314//2314
f 2294//2294 2295//2295 2315//2315
f 2295//2295 2316//2316 2315//2315
f 2295//2295 2296//2296 2316//2316
f 2296//2296 2317//2317 2316//2316
f 2296//2296 2297//2297 2317//2317
f 2297//2297 2318//2318 2317//2317
f 2297//2297 2298//2298 2318//2318
f 2298//2298 2319//2319 2318//2318
f 2298//2298 2299//2299 2319//2319
f 2299//2299 2320//2320 2319//2319
f 2299//2299 2300//2300 2320//2320
f 2300//2300 2321//2321 2320//2320
f 2300//2300 2301//2301 2321//2321
f 2301//2301 2322//2322 2321//2321
f 2301//2301 2302//2302 2322//2322
f 2302//2302 2323//2323 2322//2322
f 2302//2302 2303//2303 2323//2323
f 2303//2303 2324//2324 2323//2323
f 2303//2303 2304//2304 2324//2324
f 2304//2304 2325//2325 2324//2324
f 2305//2305 2306//2306 2326//2326
f 2306//2306 2327//2327 2326//2326
f 2306//2306 2307//2307 2327//2327
f 2307//2307 2328//2328 2327//2327
f 2307//2307 2308//2308 2328//2328
f 2308//2308 2329//2329 2328//2328
f 2308//2308 2309//2309 2329//2329
f 2309//2309 2330//2330 2329//2329
f 2309//2309 2310//2310 2330//2330
f 2310//2310 2331//2331 2330//2330
f 2310//2310 2311//2311 2331//2331
f 2311//2311 2332//2332 2331//2331
f 2311//2311 2312//2312 2332//2332
f 2312//2312 2333//2333 2332//2332
f 2312//2312 2313//2313 2333//2333
f 2313//2313 2334//2334 2333//2333
f 2313//2313 2314//2314 2334//2334
f 2314//2314 2335//2335 2334//2334
f 2314//2314 2315//2315 2335//2335
f 2315//2315 2336//2336 2335//2335
f 2315//2315 2316//2316 2336//2336
f 2316//2316 2337//2337 2336//2336
f 2316//2316 2317//2317 2337//2337
f 2317//2317 2338//2338 2337//2337
f 2317//2317 2318//2318 2338//2338
f 2318//2318 2339//2339 2338//2338
f 2318//2318 2319//2319 2339//2339
f 2319//2319 2340//2340 2339//2339
f 2319//2319 2320//2320 2340//2340
f 2320//2320 2341//2341 2340//2340
f 2320//2320 2321//2321 2341//2341
f 2321//2321 2342//2342 2341//2341
f 2321//2321 2322//2322 2342//2342
f 2322//2322 2343//2343 2342//2342
f 2322//2322 2323//2323 2343//2343
f 2323//2323 2344//2344 2343//2343
f 2323//2323 2324//2324 2344//2344
f 2324//2324 2345//2345 2344//2344
f 2324//2324 2325//2325 2345//2345
f 2325//2325 2346//2346 2345//2345
f 2326//2326 2327//2327 2347//2347
f 2327//2327 2348//2348 2347//2347
f 2327//2327 2328//2328 2348//2348
f 2328//2328 2349//2349 2348//2348
f 2328//2328 2329//2329 2349//2349
f 2329//2329 2350//2350 2349//2349
f 2329//2329 2330//2330 2350//2350
f 2330//2330 2351//2351 2350//2350
f 2330//2330 2331//2331 2351//2351
f 2331//2331 2352//2352 2351//2351
f 2331//2331 2332//2332 2352//2352
f 2332//2332 2353//2353 2352//2352
f 2332//2332 2333//2333 2353//2353
f 2333//2333 2354//2354 2353//2353
f 2333//2333 2334//2334 2354//2354
f 2334//2334 2355//2355 2354//2354
f 2334//2334 2335//2335 2355//2355
f 2335//2335 2356//2356 2355//2355
f 2335//2335 2336//2336 2356//2356
f 2336//2336 2357//2357 2356//2356
f 2336//2336 2337//2337 2357//2357
f 2337//2337 2358//2358 2357//2357
f 2337//2337 2338//2338 2358//2358
f 2338//2338 2359//2359 2358//2358
f 2338//2338 2339//2339 2359//2359
f 2339//2339 2360//2360 2359//2359
f 2339//2339 2340//2340 2360//2360
f 2340//2340 2361//2361 2360//2360
f 2340//2340 2341//2341 2361//2361
f 2341//2341 2362//2362 2361//2361
f 2341//2341 2342//2342 2362//2362
f 2342//2342 2363//2363 2362//2362
f 2342//2342 2343//2343 2363//2363
f 2343//2343 2364//2364 2363//2363
f 2343//2343 2344//2344 2364//2364
f 2344//2344 2365//2365 2364//2364
f 2344//2344 2345//2345 2365//2365
f 2345//2345 2366//2366 2365//2365
f 2345//2345 2346//2346 2366//2366
f 2346//2346 2367//2367 2366//2366
f 2347//2347 2348//2348 2368//2368
f 2348//2348 2369//2369 2368//2368
f 2348//2348 2349//2349 2369//2369
f 2349//2349 2370//2370 2369//2369
f 2349//2349 2350//2350 2370//2370
f 2350//2350 2371//2371 2370//2370
f 2350//2350 2351//2351 2371//2371
f 2351//2351 2372//2372 2371//2371
f 2351//2351 2352//2352 2372//2372
f 2352//2352 2373//2373 2372//2372
f 2352//2352 2353//2353 2373//2373
f 2353//2353 2374//2374 2373//2373
f 2353//2353 2354//2354 2374//2374
f 2354//2354 2375//2375 2374//2374
f 2354//2354 2355//2355 2375//2375
f 2355//2355 2376//2376 2375//2375
f 2355//2355 2356//2356 2376//2376
f 2356//2356 2377//2377 2376//2376
f 2356//2356 2357//2357 2377//2377
f 2357//2357 2378//2378 2377//2377
f 2357//2357 2358//2358 2378//2378
f 2358//2358 2379//2379 2378//2378
f 2358//2358 2359//2359 2379//2379
f 2359//2359 2380//2380 2379//2379
f 2359//2359 2360//2360 2380//2380
f 2360//2360 2381//2381 2380//2380
f 2360//2360 2361//2361 2381//2381
f 2361//2361 2382//2382 2381//2381
f 2361//2361 2362//2362 2382//2382
f 2362//2362 2383//2383 2382//2382
f 2362//2362 2363//2363 2383//2383
f 2363//2363 2384//2384 2383//2383
f 2363//2363 2364//2364 2384//2384
f 2364//2364 2385//2385 2384//2384
f 2364//2364 2365//2365 2385//2385
f 2365//2365 2386//2386 2385//2385
f 2365//2365 2366//2366 2386//2386
f 2366//2366 2387//2387 2386//2386
f 2366//2366 2367//2367 2387//2387
f 2367//2367 2388//2388 2387//2387
f 2368//2368 2369//2369 2389//2389
f 2369//2369 2390//2390 2389//2389
f 2369//2369 2370//2370 2390//2390
f 2370//2370 2391//2391 2390//2390
f 2370//2370 2371//2371 2391//2391
f 2371//2371 2392//2392 2391//2391
f 2371//2371 2372//2372 2392//2392
f 2372//2372 2393//2393 2392//2392
f 2372//2372 2373//2373 2393//2393
f 2373//2373 2394//2394 2393//2393
f 2373//2373 2374//2374 2394//2394
f 2374//2374 2395//2395 2394//2394
f 2374//2374 2375//2375 2395//2395
f 2375//2375 2396//2396 2395//2395
f 2375//2375 2376//2376 2396//2396
f 2376//2376 2397//2397 2396//2396
f 2376//2376 2377//2377 2397//2397
f 2377//2377 2398//2398 2397//2397
f 2377//2377 2378//2378 2398//2398
f 2378//2378 2399//2399 2398//2398
f 2378//2378 2379//2379 2399//2399
f 2379//2379 2400//2400 2399//2399
f 2379//2379 2380//2380 2400//2400
f 2380//2380 2401//2401 2400//2400
f 2380//2380 2381//2381 2401//2401
f 2381//2381 2402//2402 2401//2401
f 2381//2381 2382//2382 2402//2402
f 2382//2382 2403//2403 2402//2402
f 2382//2382 2383//2383 2403//2403
f 2383//2383 2404//2404 2403//2403
f 2383//2383 2384//2384 2404//2404
f 2384//2384 2405//2405 2404//2404
f 2384//2384 2385//2385 2405//2405
f 2385//2385 2406//2406 2405//2405
f 2385//2385 2386//2386 2406//2406
f 2386//2386 2407//2407 2406//2406
f 2386//2386 2387//2387 2407//2407
f 2387//2387 2408//2408 2407//2407
f 2387//2387 2388//2388 2408//2408
f 2388//2388 2409//2409 2408//2408
f 2389//2389 2390//2390 2410//2410
f 2390//2390 2411//2411 2410//2410
f 2390//2390 2391//2391 2411//2411
f 2391//2391 2412//2412 2411//2411
f 2391//2391 2392//2392 2412//2412
f 2392//2392 2413//2413 2412//2412
f 2392//2392 2393//2393 2413//2413
f 2393//2393 2414//2414 2413//2413
f 2393//2393 2394//2394 2414//2414
f 2394//2394 2415//2415 2414//2414
f 2394//2394 2395//2395 2415//2415
f 2395//2395 2416//2416 2415//2415
f 2395//2395 2396//2396 2416//2416
f 2396//2396 2417//2417 2416//2416
f 2396//2396 2397//2397 2417//2417
f 2397//2397 2418//2418 2417//2417
f 2397//2397 2398//2398 2418//2418
f 2398//2398 2419//2419 2418//2418
f 2398//2398 2399//2399 2419//2419
f 2399//2399 2420//2420 2419//2419
f 2399//2399 2400//2400 2420//2420
f 2400//2400 2421//2421 2420//2420
f 2400//2400 2401//2401 2421//2421
f 2401//2401 2422//2422 2421//2421
f 2401//2401 2402//2402 2422//2422
f 2402//2402 2423//2423 2422//2422
f 2402//2402 2403//2403 2423//2423
f 2403//2403 2424//2424 2423//2423
f 2403//2403 2404//2404 2424//2424
f 2404//2404 2425//2425 2424//2424
f 2404//2404 2405//2405 2425//2425
f 2405//2405 2426//2426 2425//2425
f 2405//2405 2406//2406 2426//2426
f 2406//2406 2427//2427 2426//2426
f 2406//2406 2407//2407 2427//2427
f 2407//2407 2428//2428 2427//2427
f 2407//2407 2408//2408 2428//2428
f 2408//2408 2429//2429 2428//2428
f 2408//2408 2409//2409 2429//2429
f 2409//2409 2430//2430 2429//2429
f 2410//2410 2411//2411 2431//2431
f 2411//2411 2432//2432 2431//2431
f 2411//2411 2412//2412 2432//2432
f 2412//2412 2433//2433 2432//2432
f 2412//2412 2413//2413 2433//2433
f 2413//2413 2434//2434 2433//2433
f 2413//2413 2414//2414 2434//2434
f 2414//2414 2435//2435 2434//2434
f 2414//2414 2415//2415 2435//2435
f 2415//2415 2436//2436 2435//2435
f 2415//2415 2416//2416 2436//2436
f 2416//2416 2437//2437 2436//2436
f 2416//2416 2417//2417 2437//2437
f 2417//2417 2438//2438 2437//2437
f 2417//2417 2418//2418 2438//2438
f 2418//2418 2439//2439 2438//2438
f 2418//2418 2419//2419 2439//2439
f 2419//2419 2440//2440 2439//2439
f 2419//2419 2420//2420 2440//2440
f 2420//2420 2441//2441 2440//2440
f 2420//2420 2421//2421 2441//2441
f 2421//2421 2442//2442 2441//2441
f 2421//2421 2422//2422 2442//2442
f 2422//2422 2443//2443 2442//2442
f 2422//2422 2423//2423 2443//2443
f 2423//2423 2444//2444 2443//2443
f 2423//2423 2424//2424 2444//2444
f 2424//2424 2445//2445 2444//2444
f 2424//2424 2425//2425 2445//2445
f 2425//2425 2446//2446 2445//2445
f 2425//2425 2426//2426 2446//2446
f 2426//2426 2447//2447 2446//2446
f 2426//2426 2427//2427 2447//2447
f 2427//2427 2448//2448 2447//2447
f 2427//2427 2428//2428 2448//2448
f 2428//2428 2449//2449 2448//2448
f 2428//2428 2429//2429 2449//2449
f 2429//2429 2450//2450 2449//2449
f 2429//2429 2430//2430 2450//2450
f 2430//2430 2451//2451 2450//2450
f 2431//2431 2432//2432 2452//2452
f 2432//2432 2453//2453 2452//2452
f 2432//2432 2433//2433 2453//2453
f 2433//2433 2454//2454 2453//2453
f 2433//2433 2434//2434 2454//2454
f 2434//2434 2455//2455 2454//2454
f 2434//2434 2435//2435 2455//2455
f 2435//2435 2456//2456 2455//2455
f 2435//2435 2436//2436 2456//2456
f 2436//2436 2457//2457 2456//2456
f 2436//2436 2437//2437 2457//2457
f 2437//2437 2458//2458 2457//2457
f 2437//2437 2438//2438 2458//2458
f 2438//2438 2459//2459 2458//2458
f 2438//2438 2439//2439 2459//2459
f 2439//2439 2460//2460 2459//2459
f 2439//2439 2440//2440 2460//2460
f 2440//2440 2461//2461 2460//2460
f 2440//2440 2441//2441 2461//2461
f 2441//2441 2462//2462 2461//2461
f 2441//2441 2442//2442 2462//2462
f 2442//2442 2463//2463 2462//2462
f 2442//2442 2443//2443 2463//2463
f 2443//2443 2464//2464 2463//2463
f 2443//2443 2444//2444 2464//2464
f 2444//2444 2465//2465 2464//2464
f 2444//2444 2445//2445 2465//2465
f 2445//2445 2466//2466 2465//2465
f 2445//2445 2446//2446 2466//2466
f 2446//2446 2467//2467 2466//2466
f 2446//2446 2447//2447 2467//2467
f 2447//2447 2468//2468 2467//2467
f 2447//2447 2448//2448 2468//2468
f 2448//2448 2469//2469 2468//2468
f 2448//2448 2449//2449 2469//2469
f 2449//2449 2470//2470 2469//2469
f 2449//2449 2450//2450 2470//2470
f 2450//2450 2471//2471 2470//2470
f 2450//2450 2451//2451 2471//2471
f 2451//2451 2472//2472 2471//2471
f 2452//2452 2453//2453 2473//2473
f 2453//2453 2474//2474 2473//2473
f 2453//2453 2454//2454 2474//2474
f 2454//2454 2475//2475 2474//2474
f 2454//2454 2455//2455 2475//2475
f 2455//2455 2476//2476 2475//2475
f 2455//2455 2456//2456 2476//2476
f 2456//2456 2477//2477 2476//2476
f 2456//2456 2457//2457 2477//2477
f 2457//2457 2478//2478 2477//2477
f 2457//2457 2458//2458 2478//2478
f 2458//2458 2479//2479 2478//2478
f 2458//2458 2459//2459 2479//2479
f 2459//2459 2480//2480 2479//2479
f 2459//2459 2460//2460 2480//2480
f 2460//2460 2481//2481 2480//2480
f 2460//2460 2461//2461 2481//2481
f 2461//2461 2482//2482 2481//2481
f 2461//2461 2462//2462 2482//2482
f 2462//2462 2483//2483 2482//2482
f 2462//2462 2463//2463 2483//2483
f 2463//2463 2484//2484 2483//2483
f 2463//2463 2464//2464 2484//2484
f 2464//2464 2485//2485 2484//2484
f 2464//2464 2465//2465 2485//2485
f 2465//2465 2486//2486 2485//2485
f 2465//2465 2466//2466 2486//2486
f 2466//2466 2487//2487 2486//2486
f 2466//2466 2467//2467 2487//2487
f 2467//2467 2488//2488 2487//2487
f 2467//2467 2468//2468 2488//2488
f 2468//2468 2489//2489 2488//2488
f 2468//2468 2469//2469 2489//2489
f 2469//2469 2490//2490 2489//2489
f 2469//2469 2470//2470 2490//2490
f 2470//2470 2491//2491 2490//2490
f 2470//2470 2471//2471 2491//2491
f 2471//2471 2492//2492 2491//2491
f 2471//2471 2472//2472 2492//2492
f 2472//2472 2493//2493 2492//2492
f 2473//2473 2474//2474 2494//2494
f 2474//2474 2495//2495 2494//2494
f 2474//2474 2475//2475 2495//2495
f 2475//2475 2496//2496 2495//2495
f 2475//2475 2476//2476 2496//2496
f 2476//2476 2497//2497 2496//2496
f 2476//2476 2477//2477 2497//2497
f 2477//2477 2498//2498 2497//2497
f 2477//2477 2478//2478 2498//2498
f 2478//2478 2499//2499 2498//2498
f 2478//2478 2479//2479 2499//2499
f 2479//2479 2500//2500 2499//2499
f 2479//2479 2480//2480 2500//2500
f 2480//2480 2501//2501 2500//2500
f 2480//2480 2481//2481 2501//2501
f 2481//2481 2502//2502 2501//2501
f 2481//2481 2482//2482 2502//2502
f 2482//2482 2503//2503 2502//2502
f 2482//2482 2483//2483 2503//2503
f 2483//2483 2504//2504 2503//2503
f 2483//2483 2484//2484 2504//2504
f 2484//2484 2505//2505 2504//2504
f 2484//2484 2485//2485 2505//2505
f 2485//2485 2506//2506 2505//2505
f 2485//2485 2486//2486 2506//2506
f 2486//2486 2507//2507 2506//2506
f 2486//2486 2487//2487 2507//2507
f 2487//2487 2508//2508 2507//2507
f 2487//2487 2488//2488 2508//2508
f 2488//2488 2509//2509 2508//2508
f 2488//2488 2489//2489 2509//2509
f 2489//2489 2510//2510 2509//2509
f 2489//2489 2490//2490 2510//2510
f 2490//2490 2511//2511 2510//2510
f 2490//2490 2491//2491 2511//2511
f 2491//2491 2512//2512 2511//2511
f 2491//2491 2492//2492 2512//2512
f 2492//2492 2513//2513 2512//2512
f 2492//2492 2493//2493 2513//2513
f 2493//2493 2514//2514 2513//2513
f 2494//2494 2495//2495 2515//2515
f 2495//2495 2516//2516 2515//2515
f 2495//2495 2496//2496 2516//2516
f 2496//2496 2517//2517 2516//2516
f 2496//2496 2497//2497 2517//2517
f 2497//2497 2518//2518 2517//2517
f 2497//2497 2498//2498 2518//2518
f 2498//2498 2519//2519 2518//2518
f 2498//2498 2499//2499 2519//2519
f 2499//2499 2520//2520 2519//2519
f 2499//2499 2500//2500 2520//2520
f 2500//2500 2521//2521 2520//2520
f 2500//2500 2501//2501 2521//2521
f 2501//2501 2522//2522 2521//2521
f 2501//2501 2502//2502 2522//2522
f 2502//2502 2523//2523 2522//2522
f 2502//2502 2503//2503 2523//2523
f 2503//2503 2524//2524 2523//2523
f 2503//2503 2504//2504 2524//2524
f 2504//2504 2525//2525 2524//2524
f 2504//2504 2505//2505 2525//2525
f 2505//2505 2526//2526 2525//2525
f 2505//2505 2506//2506 2526//2526
f 2506//2506 2527//2527 2526//2526
f 2506//2506 2507//2507 2527//2527
f 2507//2507 2528//2528 2527//2527
f 2507//2507 2508//2508 2528//2528
f 2508//2508 2529//2529 2528//2528
f 2508//2508 2509//2509 2529//2529
f 2509//2509 2530//2530 2529//2529
f 2509//2509 2510//2510 2530//2530
f 2510//2510 2531//2531 2530//2530
f 2510//2510 2511//2511 2531//2531
f 2511//2511 2532//2532 2531//2531
f 2511//2511 2512//2512 2532//2532
f 2512//2512 2533//2533 2532//2532
f 2512//2512 2513//2513 2533//2533
f 2513//2513 2534//2534 2533//2533
f 2513//2513 2514//2514 2534//2534
f 2514//2514 2535//2535 2534//2534
f 2536//2536 2537//2537 2557//2557
f 2537//2537 2558//2558 2557//2557
f 2537//2537 2538//2538 2558//2558
f 2538//2538 2559//2559 2558//2558
f 2538//2538 2539//2539 2559//2559
f 2539//2539 2560//2560 2559//2559
f 2539//2539 2540//2540 2560//2560
f 2540//2540 2561//2561 2560//2560
f 2540//2540 2541//2541 2561//2561
f 2541//2541 2562//2562 2561//2561
f 2541//2541 2542//2542 2562//2562
f 2542//2542 2563//2563 2562//2562
f 2542//2542 2543//2543 2563//2563
f 2543//2543 2564//2564 2563//2563
f 2543//2543 2544//2544 2564//2564
f 2544//2544 2565//2565 2564//2564
f 2544//2544 2545//2545 2565//2565
f 2545//2545 2566//2566 2565//2565
f 2545//2545 2546//2546 2566//2566
f 2546//2546 2567//2567 2566//2566
f 2546//2546 2547//2547 2567//2567
f 2547//2547 2568//2568 2567//2567
f 2547//2547 2548//2548 2568//2568
f 2548//2548 2569//2569 2568//2568
f 2548//2548 2549//2549 2569//2569
f 2549//2549 2570//2570 2569//2569
f 2549//2549 2550//2550 2570//2570
f 2550//2550 2571//2571 2570//2570
f 2550//2550 2551//2551 2571//2571
f 2551//2551 2572//2572 2571//2571
f 2551//2551 2552//2552 2572//2572
f 2552//2552 2573//2573 2572//2572
f 2552//2552 2553//2553 2573//2573
f 2553//2553 2574//2574 2573//2573
f 2553//2553 2554//2554 2574//2574
f 2554//2554 2575//2575 2574//2574
f 2554//2554 2555//2555 2575//2575
f 2555//2555 2576//2576 2575//2575
f 2555//2555 2556//2556 2576//2576
f 2556//2556 2577//2577 2576//2576
f 2557//2557 2558//2558 2578//2578
f 2558//2558 2579//2579 2578//2578
f 2558//2558 2559//2559 2579//2579
f 2559//2559 2580//2580 2579//2579
f 2559//2559 2560//2560 2580//2580
f 2560//2560 2581//2581 2580//2580
f 2560//2560 2561//2561 2581//2581
f 2561//2561 2582//2582 2581//2581
f 2561//2561 2562//2562 2582//2582
f 2562//2562 2583//2583 2582//2582
f 2562//2562 2563//2563 2583//2583
f 2563//2563 2584//2584 2583//2583
f 2563//2563 2564//2564 2584//2584
f 2564//2564 2585//2585 2584//2584
f 2564//2564 2565//2565 2585//2585
f 2565//2565 2586//2586 2585//2585
f 2565//2565 2566//2566 2586//2586
f 2566//2566 2587//2587 2586//2586
f 2566//2566 2567//2567 2587//2587
f 2567//2567 2588//2588 2587//2587
f 2567//2567 2568//2568 2588//2588
f 2568//2568 2589//2589 2588//2588
f 2568//2568 2569//2569 2589//2589
f 2569//2569 2590//2590 2589//2589
f 2569//2569 2570//2570 2590//2590
f 2570//2570 2591//2591 2590//2590
f 2570//2570 2571//2571 2591//2591
f 2571//2571 2592//2592 2591//2591
f 2571//2571 2572//2572 2592//2592
f 2572//2572 2593//2593 2592//2592
f 2572//2572 2573//2573 2593//2593
f 2573//2573 2594//2594 2593//2593
f 2573//2573 2574//2574 2594//2594
f 2574//2574 2595//2595 2594//2594
f 2574//2574 2575//2575 2595//2595
f 2575//2575 2596//2596 2595//2595
f 2575//2575 2576//2576 2596//2596
f 2576//2576 2597//2597 2596//2596
f 2576//2576 2577//2577 2597//2597
f 2577//2577 2598//2598 2597//2597
f 2578//2578 2579//2579 2599//2599
f 2579//2579 2600//2600 2599//2599
f 2579//2579 2580//2580 2600//2600
f 2580//2580 2601//2601 2600//2600
f 2580//2580 2581//2581 2601//2601
f 2581//2581 2602//2602 2601//2601
f 2581//2581 2582//2582 2602//2602
f 2582//2582 2603//2603 2602//2602
f 2582//2582 2583//2583 2603//2603
f 2583//2583 2604//2604 2603//2603
f 2583//2583 2584//2584 2604//2604
f 2584//2584 2605//2605 2604//2604
f 2584//2584 2585//2585 2605//2605
f 2585//2585 2606//2606 2605//2605
f 2585//2585 2586//2586 2606//2606
f 2586//2586 2607//2607 2606//2606
f 2586//2586 2587//2587 2607//2607
f 2587//2587 2608//2608 2607//2607
f 2587//2587 2588//2588 2608//2608
f 2588//2588 2609//2609 2608//2608
f 2588//2588 2589//2589 2609//2609
f 2589//2589 2610//2610 2609//2609
f 2589//2589 2590//2590 2610//2610
f 2590//2590 2611//2611 2610//2610
f 2590//2590 2591//2591 2611//2611
f 2591//2591 2612//2612 2611//2611
f 2591//2591 2592//2592 2612//2612
f 2592//2592 2613//2613 2612//2612
f 2592//2592 2593//2593 2613//2613
f 2593//2593 2614//2614 2613//2613
f 2593//2593 2594//2594 2614//2614
f 2594//2594 2615//2615 2614//2614
f 2594//2594 2595//2595 2615//2615
f 2595//2595 2616//2616 2615//2615
f 2595//2595 2596//2596 2616//2616
f 2596//2596 2617//2617 2616//2616
f 2596//2596 2597//2597 2617//2617
f 2597//2597 2618//2618 2617//2617
f 2597//2597 2598//2598 2618//2618
f 2598//2598 2619//2619 2618//2618
f 2599//2599 2600//2600 2620//2620
f 2600//2600 2621//2621 2620//2620
f 2600//2600 2601//2601 2621//2621
f 2601//2601 2622//2622 2621//2621
f 2601//2601 2602//2602 2622//2622
f 2602//2602 2623//2623 2622//2622
f 2602//2602 2603//2603 2623//2623
f 2603//2603 2624//2624 2623//2623
f 2603//2603 2604//2604 2624//2624
f 2604//2604 2625//2625 2624//2624
f 2604//2604 2605//2605 2625//2625
f 2605//2605 2626//2626 2625//2625
f 2605//2605 2606//2606 2626//2626
f 2606//2606 2627//2627 2626//2626
f 2606//2606 2607//2607 2627//2627
f 2607//2607 2628//2628 2627//2627
f 2607//2607 2608//2608 2628//2628
f 2608//2608 2629//2629 2628//2628
f 2608//2608 2609//2609 2629//2629
f 2609//2609 2630//2630 2629//2629
f 2609//2609 2610//2610 2630//2630
f 2610//2610 2631//2631 2630//2630
f 2610//2610 2611//2611 2631//2631
f 2611//2611 2632//2632 2631//2631
f 2611//2611 2612//2612 2632//2632
f 2612//2612 2633//2633 2632//2632
f 2612//2612 2613//2613 2633//2633
f 2613//2613 2634//2634 2633//2633
f 2613//2613 2614//2614 2634//2634
f 2614//2614 2635//2635 2634//2634
f 2614//2614 2615//2615 2635//2635
f 2615//2615 2636//2636 2635//2635
f 2615//2615 2616//2616 2636//2636
f 2616//2616 2637//2637 2636//2636
f 2616//2616 2617//2617 2637//2637
f 2617//2617 2638//2638 2637//2637
f 2617//2617 2618//2618 2638//2638
f 2618//2618 2639//2639 2638//2638
f 2618//2618 2619//2619 2639//2639
f 2619//2619 2640//2640 2639//2639
f 2620//2620 2621//2621 2641//2641
f 2621//2621 2642//2642 2641//2641
f 2621//2621 2622//2622 2642//2642
f 2622//2622 2643//2643 2642//2642
f 2622//2622 2623//2623 2643//2643
f 2623//2623 2644//2644 2643//2643
f 2623//2623 2624//2624 2644//2644
f 2624//2624 2645//2645 2644//2644
f 2624//2624 2625//2625 2645//2645
f 2625//2625 2646//2646 2645//2645
f 2625//2625 2626//2626 2646//2646
f 2626//2626 2647//2647 2646//2646
f 2626//2626 2627//2627 2647//2647
f 2627//2627 2648//2648 2647//2647
f 2627//2627 2628//2628 2648//2648
f 2628//2628 2649//2649 2648//2648
f 2628//2628 2629//2629 2649//2649
f 2629//2629 2650//2650 2649//2649
f 2629//2629 2630//2630 2650//2650
f 2630//2630 2651//2651 2650//2650
f 2630//2630 2631//2631 2651//2651
f 2631//2631 2652//2652 2651//2651
f 2631//2631 2632//2632 2652//2652
f 2632//2632 2653//2653 2652//2652
f 2632//2632 2633//2633 2653//2653
f 2633//2633 2654//2654 2653//2653
f 2633//2633 2634//2634 2654//2654
f 2634//2634 2655//2655 2654//2654
f 2634//2634 2635//2635 2655//2655
f 2635//2635 2656//2656 2655//2655
f 2635//2635 2636//2636 2656//2656
f 2636//2636 2657//2657 2656//2656
f 2636//2636 2637//2637 2657//2657
f 2637//2637 2658//2658 2657//2657
f 2637//2637 2638//2638 2658//2658
f 2638//2638 2659//2659 2658//2658
f 2638//2638 2639//2639 2659//2659
f 2639//2639 2660//2660 2659//2659
f 2639//2639 2640//2640 2660//2660
f 2640//2640 2661//2661 2660//2660
f 2641//2641 2642//2642 2662//2662
f 2642//2642 2663//2663 2662//2662
f 2642//2642 2643//2643 2663//2663
f 2643//2643 2664//2664 2663//2663
f 2643//2643 2644//2644 2664//2664
f 2644//2644 2665//2665 2664//2664
f 2644//2644 2645//2645 2665//2665
f 2645//2645 2666//2666 2665//2665
f 2645//2645 2646//2646 2666//2666
f 2646//2646 2667//2667 2666//2666
f 2646//2646 2647//2647 2667//2667
f 2647//2647 2668//2668 2667//2667
f 2647//2647 2648//2648 2668//2668
f 2648//2648 2669//2669 2668//2668
f 2648//2648 2649//2649 2669//2669
f 2649//2649 2670//2670 2669//2669
f 2649//2649 2650//2650 2670//2670
f 2650//2650 2671//2671 2670//2670
f 2650//2650 2651//2651 2671//2671
f 2651//2651 2672//2672 2671//2671
f 2651//2651 2652//2652 2672//2672
f 2652//2652 2673//2673 2672//2672
f 2652//2652 2653//2653 2673//2673
f 2653//2653 2674//2674 2673//2673
f 2653//2653 2654//2654 2674//2674
f 2654//2654 2675//2675 2674//2674
f 2654//2654 2655//2655 2675//2675
f 2655//2655 2676//2676 2675//2675
f 2655//2655 2656//2656 2676//2676
f 2656//2656 2677//2677 2676//2676
f 2656//2656 2657//2657 2677//2677
f 2657//2657 2678//2678 2677//2677
f 2657//2657 2658//2658 2678//2678
f 2658//2658 2679//2679 2678//2678
f 2658//2658 2659//2659 2679//2679
f 2659//2659 2680//2680 2679//2679
f 2659//2659 2660//2660 2680//2680
f 2660//2660 2681//2681 2680//2680
f 2660//2660 2661//2661 2681//2681
f 2661//2661 2682//2682 2681//2681
f 2662//2662 2663//2663 2683//2683
f 2663//2663 2684//2684 2683//2683
f 2663//2663 2664//2664 2684//2684
f 2664//2664 2685//2685 2684//2684
f 2664//2664 2665//2665 2685//2685
f 2665//2665 2686//2686 2685//2685
f 2665//2665 2666//2666 2686//2686
f 2666//2666 2687//2687 2686//2686
f 2666//2666 2667//2667 2687//2687
f 2667//2667 2688//2688 2687//2687
f 2667//2667 2668//2668 2688//2688
f 2668//2668 2689//2689 2688//2688
f 2668//2668 2669//2669 2689//2689
f 2669//2669 2690//2690 2689//2689
f 2669//2669 2670//2670 2690//2690
f 2670//2670 2691//2691 2690//2690
f 2670//2670 2671//2671 2691//2691
f 2671//2671 2692//2692 2691//2691
f 2671//2671 2672//2672 2692//2692
f 2672//2672 2693//2693 2692//2692
f 2672//2672 2673//2673 2693//2693
f 2673//2673 2694//2694 2693//2693
f 2673//2673 2674//2674 2694//2694
f 2674//2674 2695//2695 2694//2694
f 2674//2674 2675//2675 2695//2695
f 2675//2675 2696//2696 2695//2695
f 2675//2675 2676//2676 2696//2696
f 2676//2676 2697//2697 2696//2696
f 2676//2676 2677//2677 2697//2697
f 2677//2677 2698//2698 2697//2697
f 2677//2677 2678//2678 2698//2698
f 2678//2678 2699//2699 2698//2698
f 2678//2678 2679//2679 2699//2699
f 2679//2679 2700//2700 2699//2699
f 2679//2679 2680//2680 2700//2700
f 2680//2680 2701//2701 2700//2700
f 2680//2680 2681//2681 2701//2701
f 2681//2681 2702//2702 2701//2701
f 2681//2681 2682//2682 2702//2702
f 2682//2682 2703//2703 2702//2702
f 2683//2683 2684//2684 2704//2704
f 2684//2684 2705//2705 2704//2704
f 2684//2684 2685//2685 2705//2705
f 2685//2685 2706//2706 2705//2705
f 2685//2685 2686//2686 2706//2706
f 2686//2686 2707//2707 2706//2706
f 2686//2686 2687//2687 2707//2707
f 2687//2687 2708//2708 2707//2707
f 2687//2687 2688//2688 2708//2708
f 2688//2688 2709//2709 2708//2708
f 2688//2688 2689//2689 2709//2709
f 2689//2689 2710//2710 2709//2709
f 2689//2689 2690//2690 2710//2710
f 2690//2690 2711//2711 2710//2710
f 2690//2690 2691//2691 2711//2711
f 2691//2691 2712//2712 2711//2711
f 2691//2691 2692//2692 2712//2712
f 2692//2692 2713//2713 2712//2712
f 2692//2692 2693//2693 2713//2713
f 2693//2693 2714//2714 2713//2713
f 2693//2693 2694//2694 2714//2714
f 2694//2694 2715//2715 2714//2714
f 2694//2694 2695//2695 2715//2715
f 2695//2695 2716//2716 2715//2715
f 2695//2695 2696//2696 2716//2716
f 2696//2696 2717//2717 2716//2716
f 2696//2696 2697//2697 2717//2717
f 2697//2697 2718//2718 2717//2717
f 2697//2697 2698//2698 2718//2718
f 2698//2698 2719//2719 2718//2718
f 2698//2698 2699//2699 2719//2719
f 2699//2699 2720//2720 2719//2719
f 2699//2699 2700//2700 2720//2720
f 2700//2700 2721//2721 2720//2720
f 2700//2700 2701//2701 2721//2721
f 2701//2701 2722//2722 2721//2721
f 2701//2701 2702//2702 2722//2722
f 2702//2702 2723//2723 2722//2722
f 2702//2702 2703//2703 2723//2723
f 2703//2703 2724//2724 2723//2723
f 2704//2704 2705//2705 2725//2725
f 2705//2705 2726//2726 2725//2725
f 2705//2705 2706//2706 2726//2726
f 2706//2706 2727//2727 2726//2726
f 2706//2706 2707//2707 2727//2727
f 2707//2707 2728//2728 2727//2727
f 2707//2707 2708//2708 2728//2728
f 2708//2708 2729//2729 2728//2728
f 2708//2708 2709//2709 2729//2729
f 2709//2709 2730//2730 2729//2729
f 2709//2709 2710//2710 2730//2730
f 2710//2710 2731//2731 2730//2730
f 2710//2710 2711//2711 2731//2731
f 2711//2711 2732//2732 2731//2731
f 2711//2711 2712//2712 2732//2732
f 2712//2712 2733//2733 2732//2732
f 2712//2712 2713//2713 2733//2733
f 2713//2713 2734//2734 2733//2733
f 2713//2713 2714//2714 2734//2734
f 2714//2714 2735//2735 2734//2734
f 2714//2714 2715//2715 2735//2735
f 2715//2715 2736//2736 2735//2735
f 2715//2715 2716//2716 2736//2736
f 2716//2716 2737//2737 2736//2736
f 2716//2716 2717//2717 2737//2737
f 2717//2717 2738//2738 2737//2737
f 2717//2717 2718//2718 2738//2738
f 2718//2718 2739//2739 2738//2738
f 2718//2718 2719//2719 2739//2739
f 2719//2719 2740//2740 2739//2739
f 2719//2719 2720//2720 2740//2740
f 2720//2720 2741//2741 2740//2740
f 2720//2720 2721//2721 2741//2741
f 2721//2721 2742//2742 2741//2741
f 2721//2721 2722//2722 2742//2742
f 2722//2722 2743//2743 2742//2742
f 2722//2722 2723//2723 2743//2743
f 2723//2723 2744//2744 2743//2743
f 2723//2723 2724//2724 2744//2744
f 2724//2724 2745//2745 2744//2744
f 2725//2725 2726//2726 2746//2746
f 2726//2726 2747//2747 2746//2746
f 2726//2726 2727//2727 2747//2747
f 2727//2727 2748//2748 2747//2747
f 2727//2727 2728//2728 2748//2748
f 2728//2728 2749//2749 2748//2748
f 2728//2728 2729//2729 2749//2749
f 2729//2729 2750//2750 2749//2749
f 2729//2729 2730//2730 2750//2750
f 2730//2730 2751//2751 2750//2750
f 2730//2730 2731//2731 2751//2751
f 2731//2731 2752//2752 2751//2751
f 2731//2731 2732//2732 2752//2752
f 2732//2732 2753//2753 2752//2752
f 2732//2732 2733//2733 2753//2753
f 2733//2733 2754//2754 2753//2753
f 2733//2733 2734//2734 2754//2754
f 2734//2734 2755//2755 2754//2754
f 2734//2734 2735//2735 2755//2755
f 2735//2735 2756//2756 2755//2755
f 2735//2735 2736//2736 2756//2756
f 2736//2736 2757//2757 2756//2756
f 2736//2736 2737//2737 2757//2757
f 2737//2737 2758//2758 2757//2757
f 2737//2737 2738//2738 2758//2758
f 2738//2738 2759//2759 2758//2758
f 2738//2738 2739//2739 2759//2759
f 2739//2739 2760//2760 2759//2759
f 2739//2739 2740//2740 2760//2760
f 2740//2740 2761//2761 2760//2760
f 2740//2740 2741//2741 2761//2761
f 2741//2741 2762//2762 2761//2761
f 2741//2741 2742//2742 2762//2762
f 2742//2742 2763//2763 2762//2762
f 2742//2742 2743//2743 2763//2763
f 2743//2743 2764//2764 2763//2763
f 2743//2743 2744//2744 2764//2764
f 2744//2744 2765//2765 2764//2764
f 2744//2744 2745//2745 2765//2765
f 2745//2745 2766//2766 2765//2765
f 2746//2746 2747//2747 2767//2767
f 2747//2747 2768//2768 2767//2767
f 2747//2747 2748//2748 2768//2768
f 2748//2748 2769//2769 2768//2768
f 2748//2748 2749//2749 2769//2769
f 2749//2749 2770//2770 2769//2769
f 2749//2749 2750//2750 2770//2770
f 2750//2750 2771//2771 2770//2770
f 2750//2750 2751//2751 2771//2771
f 2751//2751 2772//2772 2771//2771
f 2751//2751 2752//2752 2772//2772
f 2752//2752 2773//2773 2772//2772
f 2752//2752 2753//2753 2773//2773
f 2753//2753 2774//2774 2773//2773
f 2753//2753 2754//2754 2774//2774
f 2754//2754 2775//2775 2774//2774
f 2754//2754 2755//2755 2775//2775
f 2755//2755 2776//2776 2775//2775
f 2755//2755 2756//2756 2776//2776
f 2756//2756 2777//2777 2776//2776
f 2756//2756 2757//2757 2777//2777
f 2757//2757 2778//2778 2777//2777
f 2757//2757 2758//2758 2778//2778
f 2758//2758 2779//2779 2778//2778
f 2758//2758 2759//2759 2779//2779
f 2759//2759 2780//2780 2779//2779
f 2759//2759 2760//2760 2780//2780
f 2760//2760 2781//2781 2780//2780
f 2760//2760 2761//2761 2781//2781
f 2761//2761 2782//2782 2781//2781
f 2761//2761 2762//2762 2782//2782
f 2762//2762 2783//2783 2782//2782
f 2762//2762 2763//2763 2783//2783
f 2763//2763 2784//2784 2783//2783
f 2763//2763 2764//2764 2784//2784
f 2764//2764 2785//2785 2784//2784
f 2764//2764 2765//2765 2785//2785
f 2765//2765 2786//2786 2785//2785
f 2765//2765 2766//2766 2786//2786
f 2766//2766 2787//2787 2786//2786
f 2767//2767 2768//2768 2788//2788
f 2768//2768 2789//2789 2788//2788
f 2768//2768 2769//2769 2789//2789
f 2769//2769 2790//2790 2789//2789
f 2769//2769 2770//2770 2790//2790
f 2770//2770 2791//2791 2790//2790
f 2770//2770 2771//2771 2791//2791
f 2771//2771 2792//2792 2791//2791
f 2771//2771 2772//2772 2792//2792
f 2772//2772 2793//2793 2792//2792
f 2772//2772 2773//2773 2793//2793
f 2773//2773 2794//2794 2793//2793
f 2773//2773 2774//2774 2794//2794
f 2774//2774 2795//2795 2794//2794
f 2774//2774 2775//2775 2795//2795
f 2775//2775 2796//2796 2795//2795
f 2775//2775 2776//2776 2796//2796
f 2776//2776 2797//2797 2796//2796
f 2776//2776 2777//2777 2797//2797
f 2777//2777 2798//2798 2797//2797
f 2777//2777 2778//2778 2798//2798
f 2778//2778 2799//2799 2798//2798
f 2778//2778 2779//2779 2799//2799
f 2779//2779 2800//2800 2799//2799
f 2779//2779 2780//2780 2800//2800
f 2780//2780 2801//2801 2800//2800
f 2780//2780 2781//2781 2801//2801
f 2781//2781 2802//2802 2801//2801
f 2781//2781 2782//2782 2802//2802
f 2782//2782 2803//2803 2802//2802
f 2782//2782 2783//2783 2803//2803
f 2783//2783 2804//2804 2803//2803
f 2783//2783 2784//2784 2804//2804
f 2784//2784 2805//2805 2804//2804
f 2784//2784 2785//2785 2805//2805
f 2785//2785 2806//2806 2805//2805
f 2785//2785 2786//2786 2806//2806
f 2786//2786 2807//2807 2806//2806
f 2786//2786 2787//2787 2807//2807
f 2787//2787 2808//2808 2807//2807
f 2809//2809 2810//2810 2830//2830
f 2810//2810 2831//2831 2830//2830
f 2810//2810 2811//2811 2831//2831
f 2811//2811 2832//2832 2831//2831
f 2811//2811 2812//2812 2832//2832
f 2812//2812 2833//2833 2832//2832
f 2812//2812 2813//2813 2833//2833
f 2813//2813 2834//2834 2833//2833
f 2813//2813 2814//2814 2834//2834
f 2814//2814 2835//2835 2834//2834
f 2814//2814 2815//2815 2835//2835
f 2815//2815 2836//2836 2835//2835
f 2815//2815 2816//2816 2836//2836
f 2816//2816 2837//2837 2836//2836
f 2816//2816 2817//2817 2837//2837
f 2817//2817 2838//2838 2837//2837
f 2817//2817 2818//2818 2838//2838
f 2818//2818 2839//2839 2838//2838
f 2818//2818 2819//2819 2839//2839
f 2819//2819 2840//2840 2839//2839
f 2819//2819 2820//2820 2840//2840
f 2820//2820 2841//2841 2840//2840
f 2820//2820 2821//2821 2841//2841
f 2821//2821 2842//2842 2841//2841
f 2821//2821 2822//2822 2842//2842
f 2822//2822 2843//2843 2842//2842
f 2822//2822 2823//2823 2843//2843
f 2823//2823 2844//2844 2843//2843
f 2823//2823 2824//2824 2844//2844
f 2824//2824 2845//2845 2844//2844
f 2824//2824 2825//2825 2845//2845
f 2825//2825 2846//2846 2845//2845
f 2825//2825 2826//2826 2846//2846
f 2826//2826 2847//2847 2846//2846
f 2826//2826 2827//2827 2847//2847
f 2827//2827 2848//2848 2847//2847
f 2827//2827 2828//2828 2848//2848
f 2828//2828 2849//2849 2848//2848
f 2828//2828 2829//2829 2849//2849
f 2829//2829 2850//2850 2849//2849
f 2830//2830 2831//2831 2851//2851
f 2831//2831 2852//2852 2851//2851
f 2831//2831 2832//2832 2852//2852
f 2832//2832 2853//2853 2852//2852
f 2832//2832 2833//2833 2853//2853
f 2833//2833 2854//2854 2853//2853
f 2833//2833 2834//2834 2854//2854
f 2834//2834 2855//2855 2854//2854
f 2834//2834 2835//2835 2855//2855
f 2835//2835 2856//2856 2855//2855
f 2835//2835 2836//2836 2856//2856
f 2836//2836 2857//2857 2856//2856
f 2836//2836 2837//2837 2857//2857
f 2837//2837 2858//2858 2857//2857
f 2837//2837 2838//2838 2858//2858
f 2838//2838 2859//2859 2858//2858
f 2838//2838 2839//2839 2859//2859
f 2839//2839 2860//2860 2859//2859
f 2839//2839 2840//2840 2860//2860
f 2840//2840 2861//2861 2860//2860
f 2840//2840 2841//2841 2861//2861
f 2841//2841 2862//2862 2861//2861
f 2841//2841 2842//2842 2862//2862
f 2842//2842 2863//2863 2862//2862
f 2842//2842 2843//2843 2863//2863
f 2843//2843 2864//2864 2863//2863
f 2843//2843 2844//2844 2864//2864
f 2844//2844 2865//2865 2864//2864
f 2844//2844 2845//2845 2865//2865
f 2845//2845 2866//2866 2865//2865
f 2845//2845 2846//2846 2866//2866
f 2846//2846 2867//2867 2866//2866
f 2846//2846 2847//2847 2867//2867
f 2847//2847 2868//2868 2867//2867
f 2847//2847 2848//2848 2868//2868
f 2848//2848 2869//2869 2868//2868
f 2848//2848 2849//2849 2869//2869
f 2849//2849 2870//2870 2869//2869
f 2849//2849 2850//2850 2870//2870
f 2850//2850 2871//2871 2870//2870
f 2851//2851 2852//2852 2872//2872
f 2852//2852 2873//2873 2872//2872
f 2852//2852 2853//2853 2873//2873
f 2853//2853 2874//2874 2873//2873
f 2853//2853 2854//2854 2874//2874
f 2854//2854 2875//2875 2874//2874
f 2854//2854 2855//2855 2875//2875
f 2855//2855 2876//2876 2875//2875
f 2855//2855 2856//2856 2876//2876
f 2856//2856 2877//2877 2876//2876
f 2856//2856 2857//2857 2877//2877
f 2857//2857 2878//2878 2877//2877
f 2857//2857 2858//2858 2878//2878
f 2858//2858 2879//2879 2878//2878
f 2858//2858 2859//2859 2879//2879
f 2859//2859 2880//2880 2879//2879
f 2859//2859 2860//2860 2880//2880
f 2860//2860 2881//2881 2880//2880
f 2860//2860 2861//2861 2881//2881
f 2861//2861 2882//2882 2881//2881
f 2861//2861 2862//2862 2882//2882
f 2862//2862 2883//2883 2882//2882
f 2862//2862 2863//2863 2883//2883
f 2863//2863 2884//2884 2883//2883
f 2863//2863 2864//2864 2884//2884
f 2864//2864 2885//2885 2884//2884
f 2864//2864 2865//2865 2885//2885
f 2865//2865 2886//2886 2885//2885
f 2865//2865 2866//2866 2886//2886
f 2866//2866 2887//2887 2886//2886
f 2866//2866 2867//2867 2887//2887
f 2867//2867 2888//2888 2887//2887
f 2867//2867 2868//2868 2888//2888
f 2868//2868 2889//2889 2888//2888
f 2868//2868 2869//2869 2889//2889
f 2869//2869 2890//2890 2889//2889
f 2869//2869 2870//2870 2890//2890
f 2870//2870 2891//2891 2890//2890
f 2870//2870 2871//2871 2891//2891
f 2871//2871 2892//2892 2891//2891
f 2872//2872 2873//2873 2893//2893
f 2873//2873 2894//2894 2893//2893
f 2873//2873 2874//2874 2894//2894
f 2874//2874 2895//2895 2894//2894
f 2874//2874 2875//2875 2895//2895
f 2875//2875 2896//2896 2895//2895
f 2875//2875 2876//2876 2896//2896
f 2876//2876 2897//2897 2896//2896
f 2876//2876 2877//2877 2897//2897
f 2877//2877 2898//2898 2897//2897
f 2877//2877 2878//2878 2898//2898
f 2878//2878 2899//2899 2898//2898
f 2878//2878 2879//2879 2899//2899
f 2879//2879 2900//2900 2899//2899
f 2879//2879 2880//2880 2900//2900
f 2880//2880 2901//2901 2900//2900
f 2880//2880 2881//2881 2901//2901
f 2881//2881 2902//2902 2901//2901
f 2881//2881 2882//2882 2902//2902
f 2882//2882 2903//2903 2902//2902
f 2882//2882 2883//2883 2903//2903
f 2883//2883 2904//2904 2903//2903
f 2883//2883 2884//2884 2904//2904
f 2884//2884 2905//2905 2904//2904
f 2884//2884 2885//2885 2905//2905
f 2885//2885 2906//2906 2905//2905
f 2885//2885 2886//2886 2906//2906
f 2886//2886 2907//2907 2906//2906
f 2886//2886 2887//2887 2907//2907
f 2887//2887 2908//2908 2907//2907
f 2887//2887 2888//2888 2908//2908
f 2888//2888 2909//2909 2908//2908
f 2888//2888 2889//2889 2909//2909
f 2889//2889 2910//2910 2909//2909
f 2889//2889 2890//2890 2910//2910
f 2890//2890 2911//2911 2910//2910
f 2890//2890 2891//2891 2911//2911
f 2891//2891 2912//2912 2911//2911
f 2891//2891 2892//2892 2912//2912
f 2892//2892 2913//2913 2912//2912
f 2893//2893 2894//2894 2914//2914
f 2894//2894 2915//2915 2914//2914
f 2894//2894 2895//2895 2915//2915
f 2895//2895 2916//2916 2915//2915
f 2895//2895 2896//2896 2916//2916
f 2896//2896 2917//2917 2916//2916
f 2896//2896 2897//2897 2917//2917
f 2897//2897 2918//2918 2917//2917
f 2897//2897 2898//2898 2918//2918
f 2898//2898 2919//2919 2918//2918
f 2898//2898 2899//2899 2919//2919
f 2899//2899 2920//2920 2919//2919
f 2899//2899 2900//2900 2920//2920
f 2900//2900 2921//2921 2920//2920
f 2900//2900 2901//2901 2921//2921
f 2901//2901 2922//2922 2921//2921
f 2901//2901 2902//2902 2922//2922
f 2902//2902 2923//2923 2922//2922
f 2902//2902 2903//2903 2923//2923
f 2903//2903 2924//2924 2923//2923
f 2903//2903 2904//2904 2924//2924
f 2904//2904 2925//2925 2924//2924
f 2904//2904 2905//2905 2925//2925
f 2905//2905 2926//2926 2925//2925
f 2905//2905 2906//2906 2926//2926
f 2906//2906 2927//2927 2926//2926
f 2906//2906 2907//2907 2927//2927
f 2907//2907 2928//2928 2927//2927
f 2907//2907 2908//2908 2928//2928
f 2908//2908 2929//2929 2928//2928
f 2908//2908 2909//2909 2929//2929
f 2909//2909 2930//2930 2929//2929
f 2909//2909 2910//2910 2930//2930
f 2910//2910 2931//2931 2930//2930
f 2910//2910 2911//2911 2931//2931
f 2911//2911 2932//2932 2931//2931
f 2911//2911 2912//2912 2932//2932
f 2912//2912 2933//2933 2932//2932
f 2912//2912 2913//2913 2933//2933
f 2913//2913 2934//2934 2933//2933
f 2914//2914 2915//2915 2935//2935
f 2915//2915 2936//2936 2935//2935
f 2915//2915 2916//2916 2936//2936
f 2916//2916 2937//2937 2936//2936
f 2916//2916 2917//2917 2937//2937
f 2917//2917 2938//2938 2937//2937
f 2917//2917 2918//2918 2938//2938
f 2918//2918 2939//2939 2938//2938
f 2918//2918 2919//2919 2939//2939
f 2919//2919 2940//2940 2939//2939
f 2919//2919 2920//2920 2940//2940
f 2920//2920 2941//2941 2940//2940
f 2920//2920 2921//2921 2941//2941
f 2921//2921 2942//2942 2941//2941
f 2921//2921 2922//2922 2942//2942
f 2922//2922 2943//2943 2942//2942
f 2922//2922 2923//2923 2943//2943
f 2923//2923 2944//2944 2943//2943
f 2923//2923 2924//2924 2944//2944
f 2924//2924 2945//2945 2944//2944
f 2924//2924 2925//2925 2945//2945
f 2925//2925 2946//2946 2945//2945
f 2925//2925 2926//2926 2946//2946
f 2926//2926 2947//2947 2946//2946
f 2926//2926 2927//2927 2947//2947
f 2927//2927 2948//2948 2947//2947
f 2927//2927 2928//2928 2948//2948
f 2928//2928 2949//2949 2948//2948
f 2928//2928 2929//2929 2949//2949
f 2929//2929 2950//2950 2949//2949
f 2929//2929 2930//2930 2950//2950
f 2930//2930 2951//2951 2950//2950
f 2930//2930 2931//2931 2951//2951
f 2931//2931 2952//2952 2951//2951
f 2931//2931 2932//2932 2952//2952
f 2932//2932 2953//2953 2952//2952
f 2932//2932 2933//2933 2953//2953
f 2933//2933 2954//2954 2953//2953
f 2933//2933 2934//2934 2954//2954
f 2934//2934 2955//2955 2954//2954
f 2935//2935 2936//2936 2956//2956
f 2936//2936 2957//2957 2956//2956
f 2936//2936 2937//2937 2957//2957
f 2937//2937 2958//2958 2957//2957
f 2937//2937 2938//2938 2958//2958
f 2938//2938 2959//2959 2958//2958
f 2938//2938 2939//2939 2959//2959
f 2939//2939 2960//2960 2959//2959
f 2939//2939 2940//2940 2960//2960
f 2940//2940 2961//2961 2960//2960
f 2940//2940 2941//2941 2961//2961
f 2941//2941 2962//2962 2961//2961
f 2941//2941 2942//2942 2962//2962
f 2942//2942 2963//2963 2962//2962
f 2942//2942 2943//2943 2963//2963
f 2943//2943 2964//2964 2963//2963
f 2943//2943 2944//2944 2964//2964
f 2944//2944 2965//2965 2964//2964
f 2944//2944 2945//2945 2965//2965
f 2945//2945 2966//2966 2965//2965
f 2945//2945 2946//2946 2966//2966
f 2946//2946 2967//2967 2966//2966
f 2946//2946 2947//2947 2967//2967
f 2947//2947 2968//2968 2967//2967
f 2947//2947 2948//2948 2968//2968
f 2948//2948 2969//2969 2968//2968
f 2948//2948 2949//2949 2969//2969
f 2949//2949 2970//2970 2969//2969
f 2949//2949 2950//2950 2970//2970
f 2950//2950 2971//2971 2970//2970
f 2950//2950 2951//2951 2971//2971
f 2951//2951 2972//2972 2971//2971
f 2951//2951 2952//2952 2972//2972
f 2952//2952 2973//2973 2972//2972
f 2952//2952 2953//2953 2973//2973
f 2953//2953 2974//2974 2973//2973
f 2953//2953 2954//2954 2974//2974
f 2954//2954 2975//2975 2974//2974
f 2954//2954 2955//2955 2975//2975
f 2955//2955 2976//2976 2975//2975
f 2956//2956 2957//2957 2977//2977
f 2957//2957 2978//2978 2977//2977
f 2957//2957 2958//2958 2978//2978
f 2958//2958 2979//2979 2978//2978
f 2958//2958 2959//2959 2979//2979
f 2959//2959 2980//2980 2979//2979
f 2959//2959 2960//2960 2980//2980
f 2960//2960 2981//2981 2980//2980
f 2960//2960 2961//2961 2981//2981
f 2961//2961 2982//2982 2981//2981
f 2961//2961 2962//2962 2982//2982
f 2962//2962 2983//2983 2982//2982
f 2962//2962 2963//2963 2983//2983
f 2963//2963 2984//2984 2983//2983
f 2963//2963 2964//2964 2984//2984
f 2964//2964 2985//2985 2984//2984
f 2964//2964 2965//2965 2985//2985
f 2965//2965 2986//2986 2985//2985
f 2965//2965 2966//2966 2986//2986
f 2966//2966 2987//2987 2986//2986
f 2966//2966 2967//2967 2987//2987
f 2967//2967 2988//2988 2987//2987
f 2967//2967 2968//2968 2988//2988
f 2968//2968 2989//2989 2988//2988
f 2968//2968 2969//2969 2989//2989
f 2969//2969 2990//2990 2989//2989
f 2969//2969 2970//2970 2990//2990
f 2970//2970 2991//2991 2990//2990
f 2970//2970 2971//2971 2991//2991
f 2971//2971 2992//2992 2991//2991
f 2971//2971 2972//2972 2992//2992
f 2972//2972 2993//2993 2992//2992
f 2972//2972 2973//2973 2993//2993
f 2973//2973 2994//2994 2993//2993
f 2973//2973 2974//2974 2994//2994
f 2974//2974 2995//2995 2994//2994
f 2974//2974 2975//2975 2995//2995
f 2975//2975 2996//2996 2995//2995
f 2975//2975 2976//2976 2996//2996
f 2976//2976 2997//2997 2996//2996
f 2977//2977 2978//2978 2998//2998
f 2978//2978 2999//2999 2998//2998
f 2978//2978 2979//2979 2999//2999
f 2979//2979 3000//3000 2999//2999
f 2979//2979 2980//2980 3000//3000
f 2980//2980 3001//3001 3000//3000
f 2980//2980 2981//2981 3001//3001
f 2981//2981 3002//3002 3001//3001
f 2981//2981 2982//2982 3002//3002
f 2982//2982 3003//3003 3002//3002
f 2982//2982 2983//2983 3003//3003
f 2983//2983 3004//3004 3003//3003
f 2983//2983 2984//2984 3004//3004
f 2984//2984 3005//3005 3004//3004
f 2984//2984 2985//2985 3005//3005
f 2985//2985 3006//3006 3005//3005
f 2985//2985 2986//2986 3006//3006
f 2986//2986 3007//3007 3006//3006
f 2986//2986 2987//2987 3007//3007
f 2987//2987 3008//3008 3007//3007
f 2987//2987 2988//2988 3008//3008
f 2988//2988 3009//3009 3008//3008
f 2988//2988 2989//2989 3009//3009
f 2989//2989 3010//3010 3009//3009
f 2989//2989 2990//2990 3010//3010
f 2990//2990 3011//3011 3010//3010
f 2990//2990 2991//2991 3011//3011
f 2991//2991 3012//3012 3011//3011
f 2991//2991 2992//2992 3012//3012
f 2992//2992 3013//3013 3012//3012
f 2992//2992 2993//2993 3013//3013
f 2993//2993 3014//3014 3013//3013
f 2993//2993 2994//2994 3014//3014
f 2994//2994 3015//3015 3014//3014
f 2994//2994 2995//2995 3015//3015
f 2995//2995 3016//3016 3015//3015
f 2995//2995 2996//2996 3016//3016
f 2996//2996 3017//3017 3016//3016
f 2996//2996 2997//2997 3017//3017
f 2997//2997 3018//3018 3017//3017
f 2998//2998 2999//2999 3019//3019
f 2999//2999 3020//3020 3019//3019
f 2999//2999 3000//3000 3020//3020
f 3000//3000 3021//3021 3020//3020
f 3000//3000 3001//3001 3021//3021
f 3001//3001 3022//3022 3021//3021
f 3001//3001 3002//3002 3022//3022
f 3002//3002 3023//3023 3022//3022
f 3002//3002 3003//3003 3023//3023
f 3003//3003 3024//3024 3023//3023
f 3003//3003 3004//3004 3024//3024
f 3004//3004 3025//3025 3024//3024
f 3004//3004 3005//3005 3025//3025
f 3005//3005 3026//3026 3025//3025
f 3005//3005 3006//3006 3026//3026
f 3006//3006 3027//3027 3026//3026
f 3006//3006 3007//3007 3027//3027
f 3007//3007 3028//3028 3027//3027
f 3007//3007 3008//3008 3028//3028
f 3008//3008 3029//3029 3028//3028
f 3008//3008 3009//3009 3029//3029
f 3009//3009 3030//3030 3029//3029
f 3009//3009 3010//3010 3030//3030
f 3010//3010 3031//3031 3030//3030
f 3010//3010 3011//3011 3031//3031
f 3011//3011 3032//3032 3031//3031
f 3011//3011 3012//3012 3032//3032
f 3012//3012 3033//3033 3032//3032
f 3012//3012 3013//3013 3033//3033
f 3013//3013 3034//3034 3033//3033
f 3013//3013 3014//3014 3034//3034
f 3014//3014 3035//3035 3034//3034
f 3014//3014 3015//3015 3035//3035
f 3015//3015 3036//3036 3035//3035
f 3015//3015 3016//3016 3036//3036
f 3016//3016 3037//3037 3036//3036
f 3016//3016 3017//3017 3037//3037
f 3017//3017 3038//3038 3037//3037
f 3017//3017 3018//3018 3038//3038
f 3018//3018 3039//3039 3038//3038
f 3019//3019 3020//3020 3040//3040
f 3020//3020 3041//3041 3040//3040
f 3020//3020 3021//3021 3041//3041
f 3021//3021 3042//3042 3041//3041
f 3021//3021 3022//3022 3042//3042
f 3022//3022 3043//3043 3042//3042
f 3022//3022 3023//3023 3043//3043
f 3023//3023 3044//3044 3043//3043
f 3023//3023 3024//3024 3044//3044
f 3024//3024 3045//3045 3044//3044
f 3024//3024 3025//3025 3045//3045
f 3025//3025 3046//3046 3045//3045
f 3025//3025 3026//3026 3046//3046
f 3026//3026 3047//3047 3046//3046
f 3026//3026 3027//3027 3047//3047
f 3027//3027 3048//3048 3047//3047
f 3027//3027 3028//3028 3048//3048
f 3028//3028 3049//3049 3048//3048
f 3028//3028 3029//3029 3049//3049
f 3029//3029 3050//3050 3049//3049
f 3029//3029 3030//3030 3050//3050
f 3030//3030 3051//3051 3050//3050
f 3030//3030 3031//3031 3051//3051
f 3031//3031 3052//3052 3051//3051
f 3031//3031 3032//3032 3052//3052
f 3032//3032 3053//3053 3052//3052
f 3032//3032 3033//3033 3053//3053
f 3033//3033 3054//3054 3053//3053
f 3033//3033 3034//3034 3054//3054
f 3034//3034 3055//3055 3054//3054
f 3034//3034 3035//3035 3055//3055
f 3035//3035 3056//3056 3055//3055
f 3035//3035 3036//3036 3056//3056
f 3036//3036 3057//3057 3056//3056
f 3036//3036 3037//3037 3057//3057
f 3037//3037 3058//3058 3057//3057
f 3037//3037 3038//3038 3058//3058
f 3038//3038 3059//3059 3058//3058
f 3038//3038 3039//3039 3059//3059
f 3039//3039 3060//3060 3059//3059
f 3040//3040 3041//3041 3061//3061
f 3041//3041 3062//3062 3061//3061
f 3041//3041 3042//3042 3062//3062
f 3042//3042 3063//3063 3062//3062
f 3042//3042 3043//3043 3063//3063
f 3043//3043 3064//3064 3063//3063
f 3043//3043 3044//3044 3064//3064
f 3044//3044 3065//3065 3064//3064
f 3044//3044 3045//3045 3065//3065
f 3045//3045 3066//3066 3065//3065
f 3045//3045 3046//3046 3066//3066
f 3046//3046 3067//3067 3066//3066
f 3046//3046 3047//3047 3067//3067
f 3047//3047 3068//3068 3067//3067
f 3047//3047 3048//3048 3068//3068
f 3048//3048 3069//3069 3068//3068
f 3048//3048 3049//3049 3069//3069
f 3049//3049 3070//3070 3069//3069
f 3049//3049 3050//3050 3070//3070
f 3050//3050 3071//3071 3070//3070
f 3050//3050 3051//3051 3071//3071
f 3051//3051 3072//3072 3071//3071
f 3051//3051 3052//3052 3072//3072
f 3052//3052 3073//3073 3072//3072
f 3052//3052 3053//3053 3073//3073
f 3053//3053 3074//3074 3073//3073
f 3053//3053 3054//3054 3074//3074
f 3054//3054 3075//3075 3074//3074
f 3054//3054 3055//3055 3075//3075
f 3055//3055 3076//3076 3075//3075
f 3055//3055 3056//3056 3076//3076
f 3056//3056 3077//3077 3076//3076
f 3056//3056 3057//3057 3077//3077
f 3057//3057 3078//3078 3077//3077
f 3057//3057 3058//3058 3078//3078
f 3058//3058 3079//3079 3078//3078
f 3058//3058 3059//3059 3079//3079
f 3059//3059 3080//3080 3079//3079
f 3059//3059 3060//3060 3080//3080
f 3060//3060 3081//3081 3080//3080
f 3082//3082 3083//3083 3103//3103
f 3083//3083 3104//3104 3103//3103
f 3083//3083 3084//3084 3104//3104
f 3084//3084 3105//3105 3104//3104
f 3084//3084 3085//3085 3105//3105
f 3085//3085 3106//3106 3105//3105
f 3085//3085 3086//3086 3106//3106
f 3086//3086 3107//3107 3106//3106
f 3086//3086 3087//3087 3107//3107
f 3087//3087 3108//3108 3107//3107
f 3087//3087 3088//3088 3108//3108
f 3088//3088 3109//3109 3108//3108
f 3088//3088 3089//3089 3109//3109
f 3089//3089 3110//3110 3109//3109
f 3089//3089 3090//3090 3110//3110
f 3090//3090 3111//3111 3110//3110
f 3090//3090 3091//3091 3111//3111
f 3091//3091 3112//3112 3111//3111
f 3091//3091 3092//3092 3112//3112
f 3092//3092 3113//3113 3112//3112
f 3092//3092 3093//3093 3113//3113
f 3093//3093 3114//3114 3113//3113
f 3093//3093 3094//3094 3114//3114
f 3094//3094 3115//3115 3114//3114
f 3094//3094 3095//3095 3115//3115
f 3095//3095 3116//3116 3115//3115
f 3095//3095 3096//3096 3116//3116
f 3096//3096 3117//3117 3116//3116
f 3096//3096 3097//3097 3117//3117
f 3097//3097 3118//3118 3117//3117
f 3097//3097 3098//3098 3118//3118
f 3098//3098 3119//3119 3118//3118
f 3098//3098 3099//3099 3119//3119
f 3099//3099 3120//3120 3119//3119
f 3099//3099 3100//3100 3120//3120
f 3100//3100 3121//3121 3120//3120
f 3100//3100 3101//3101 3121//3121
f 3101//3101 3122//3122 3121//3121
f 3101//3101 3102//3102 3122//3122
f 3102//3102 3123//3123 3122//3122
f 3103//3103 3104//3104 3124//3124
f 3104//3104 3125//3125 3124//3124
f 3104//3104 3105//3105 3125//3125
f 3105//3105 3126//3126 3125//3125
f 3105//3105 3106//3106 3126//3126
f 3106//3106 3127//3127 3126//3126
f 3106//3106 3107//3107 3127//3127
f 3107//3107 3128//3128 3127//3127
f 3107//3107 3108//3108 3128//3128
f 3108//3108 3129//3129 3128//3128
f 3108//3108 3109//3109 3129//3129
f 3109//3109 3130//3130 3129//3129
f 3109//3109 3110//3110 3130//3130
f 3110//3110 3131//3131 3130//3130
f 3110//3110 3111//3111 3131//3131
f 3111//3111 3132//3132 3131//3131
f 3111//3111 3112//3112 3132//3132
f 3112//3112 3133//3133 3132//3132
f 3112//3112 3113//3113 3133//3133
f 3113//3113 3134//3134 3133//3133
f 3113//3113 3114//3114 3134//3134
f 3114//3114 3135//3135 3134//3134
f 3114//3114 3115//3115 3135//3135
f 3115//3115 3136//3136 3135//3135
f 3115//3115 3116//3116 3136//3136
f 3116//3116 3137//3137 3136//3136
f 3116//3116 3117//3117 3137//3137
f 3117//3117 3138//3138 3137//3137
f 3117//3117 3118//3118 3138//3138
f 3118//3118 3139//3139 3138//3138
f 3118//3118 3119//3119 3139//3139
f 3119//3119 3140//3140 3139//3139
f 3119//3119 3120//3120 3140//3140
f 3120//3120 3141//3141 3140//3140
f 3120//3120 3121//3121 3141//3141
f 3121//3121 3142//3142 3141//3141
f 3121//3121 3122//3122 3142//3142
f 3122//3122 3143//3143 3142//3142
f 3122//3122 3123//3123 3143//3143
f 3123//3123 3144//3144 3143//3143
f 3124//3124 3125//3125 3145//3145
f 3125//3125 3146//3146 3145//3145
f 3125//3125 3126//3126 3146//3146
f 3126//3126 3147//3147 3146//3146
f 3126//3126 3127//3127 3147//3147
f 3127//3127 3148//3148 3147//3147
f 3127//3127 3128//3128 3148//3148
f 3128//3128 3149//3149 3148//3148
f 3128//3128 3129//3129 3149//3149
f 3129//3129 3150//3150 3149//3149
f 3129//3129 3130//3130 3150//3150
f 3130//3130 3151//3151 3150//3150
f 3130//3130 3131//3131 3151//3151
f 3131//3131 3152//3152 3151//3151
f 3131//3131 3132//3132 3152//3152
f 3132//3132 3153//3153 3152//3152
f 3132//3132 3133//3133 3153//3153
f 3133//3133 3154//3154 3153//3153
f 3133//3133 3134//3134 3154//3154
f 3134//3134 3155//3155 3154//3154
f 3134//3134 3135//3135 3155//3155
f 3135//3135 3156//3156 3155//3155
f 3135//3135 3136//3136 3156//3156
f 3136//3136 3157//3157 3156//3156
f 3136//3136 3137//3137 3157//3157
f 3137//3137 3158//3158 3157//3157
f 3137//3137 3138//3138 3158//3158
f 3138//3138 3159//3159 3158//3158
f 3138//3138 3139//3139 3159//3159
f 3139//3139 3160//3160 3159//3159
f 3139//3139 3140//3140 3160//3160
f 3140//3140 3161//3161 3160//3160
f 3140//3140 3141//3141 3161//3161
f 3141//3141 3162//3162 3161//3161
f 3141//3141 3142//3142 3162//3162
f 3142//3142 3163//3163 3162//3162
f 3142//3142 3143//3143 3163//3163
f 3143//3143 3164//3164 3163//3163
f 3143//3143 3144//3144 3164//3164
f 3144//3144 3165//3165 3164//3164
f 3145//3145 3146//3146 3166//3166
f 3146//3146 3167//3167 3166//3166
f 3146//3146 3147//3147 3167//3167
f 3147//3147 3168//3168 3167//3167
f 3147//3147 3148//3148 3168//3168
f 3148//3148 3169//3169 3168//3168
f 3148//3148 3149//3149 3169//3169
f 3149//3149 3170//3170 3169//3169
f 3149//3149 3150//3150 3170//3170
f 3150//3150 3171//3171 3170//3170
f 3150//3150 3151//3151 3171//3171
f 3151//3151 3172//3172 3171//3171
f 3151//3151 3152//3152 3172//3172
f 3152//3152 3173//3173 3172//3172
f 3152//3152 3153//3153 3173//3173
f 3153//3153 3174//3174 3173//3173
f 3153//3153 3154//3154 3174//3174
f 3154//3154 3175//3175 3174//3174
f 3154//3154 3155//3155 3175//3175
f 3155//3155 3176//3176 3175//3175
f 3155//3155 3156//3156 3176//3176
f 3156//3156 3177//3177 3176//3176
f 3156//3156 3157//3157 3177//3177
f 3157//3157 3178//3178 3177//3177
f 3157//3157 3158//3158 3178//3178
f 3158//3158 3179//3179 3178//3178
f 3158//3158 3159//3159 3179//3179
f 3159//3159 3180//3180 3179//3179
f 3159//3159 3160//3160 3180//3180
f 3160//3160 3181//3181 3180//3180
f 3160//3160 3161//3161 3181//3181
f 3161//3161 3182//3182 3181//3181
f 3161//3161 3162//3162 3182//3182
f 3162//3162 3183//3183 3182//3182
f 3162//3162 3163//3163 3183//3183
f 3163//3163 3184//3184 3183//3183
f 3163//3163 3164//3164 3184//3184
f 3164//3164 3185//3185 3184//3184
f 3164//3164 3165//3165 3185//3185
f 3165//3165 3186//3186 3185//3185
f 3166//3166 3167//3167 3187//3187
f 3167//3167 3188//3188 3187//3187
f 3167//3167 3168//3168 3188//3188
f 3168//3168 3189//3189 3188//3188
f 3168//3168 3169//3169 3189//3189
f 3169//3169 3190//3190 3189//3189
f 3169//3169 3170//3170 3190//3190
f 3170//3170 3191//3191 3190//3190
f 3170//3170 3171//3171 3191//3191
f 3171//3171 3192//3192 3191//3191
f 3171//3171 3172//3172 3192//3192
f 3172//3172 3193//3193 3192//3192
f 3172//3172 3173//3173 3193//3193
f 3173//3173 3194//3194 3193//3193
f 3173//3173 3174//3174 3194//3194
f 3174//3174 3195//3195 3194//3194
f 3174//3174 3175//3175 3195//3195
f 3175//3175 3196//3196 3195//3195
f 3175//3175 3176//3176 3196//3196
f 3176//3176 3197//3197 3196//3196
f 3176//3176 3177//3177 3197//3197
f 3177//3177 3198//3198 3197//3197
f 3177//3177 3178//3178 3198//3198
f 3178//3178 3199//3199 3198//3198
f 3178//3178 3179//3179 3199//3199
f 3179//3179 3200//3200 3199//3199
f 3179//3179 3180//3180 3200//3200
f 3180//3180 3201//3201 3200//3200
f 3180//3180 3181//3181 3201//3201
f 3181//3181 3202//3202 3201//3201
f 3181//3181 3182//3182 3202//3202
f 3182//3182 3203//3203 3202//3202
f 3182//3182 3183//3183 3203//3203
f 3183//3183 3204//3204 3203//3203
f 3183//3183 3184//3184 3204//3204
f 3184//3184 3205//3205 3204//3204
f 3184//3184 3185//3185 3205//3205
f 3185//3185 3206//3206 3205//3205
f 3185//3185 3186//3186 3206//3206
f 3186//3186 3207//3207 3206//3206
f 3187//3187 3188//3188 3208//3208
f 3188//3188 3209//3209 3208//3208
f 3188//3188 3189//3189 3209//3209
f 3189//3189 3210//3210 3209//3209
f 3189//3189 3190//3190 3210//3210
f 3190//3190 3211//3211 3210//3210
f 3190//3190 3191//3191 3211//3211
f 3191//3191 3212//3212 3211//3211
f 3191//3191 3192//3192 3212//3212
f 3192//3192 3213//3213 3212//3212
f 3192//3192 3193//3193 3213//3213
f 3193//3193 3214//3214 3213//3213
f 3193//3193 3194//3194 3214//3214
f 3194//3194 3215//3215 3214//3214
f 3194//3194 3195//3195 3215//3215
f 3195//3195 3216//3216 3215//3215
f 3195//3195 3196//3196 3216//3216
f 3196//3196 3217//3217 3216//3216
f 3196//3196 3197//3197 3217//3217
f 3197//3197 3218//3218 3217//3217
f 3197//3197 3198//3198 3218//3218
f 3198//3198 3219//3219 3218//3218
f 3198//3198 3199//3199 3219//3219
f 3199//3199 3220//3220 3219//3219
f 3199//3199 3200//3200 3220//3220
f 3200//3200 3221//3221 3220//3220
f 3200//3200 3201//3201 3221//3221
f 3201//3201 3222//3222 3221//3221
f 3201//3201 3202//3202 3222//3222
f 3202//3202 3223//3223 3222//3222
f 3202//3202 3203//3203 3223//3223
f 3203//3203 3224//3224 3223//3223
f 3203//3203 3204//3204 3224//3224
f 3204//3204 3225//3225 3224//3224
f 3204//3204 3205//3205 3225//3225
f 3205//3205 3226//3226 3225//3225
f 3205//3205 3206//3206 3226//3226
f 3206//3206 3227//3227 3226//3226
f 3206//3206 3207//3207 3227//3227
f 3207//3207 3228//3228 3227//3227
f 3208//3208 3209//3209 3229//3229
f 3209//3209 3230//3230 3229//3229
f 3209//3209 3210//3210 3230//3230
f 3210//3210 3231//3231 3230//3230
f 3210//3210 3211//3211 3231//3231
f 3211//3211 3232//3232 3231//3231
f 3211//3211 3212//3212 3232//3232
f 3212//3212 3233//3233 3232//3232
f 3212//3212 3213//3213 3233//3233
f 3213//3213 3234//3234 3233//3233
f 3213//3213 3214//3214 3234//3234
f 3214//3214 3235//3235 3234//3234
f 3214//3214 3215//3215 3235//3235
f 3215//3215 3236//3236 3235//3235
f 3215//3215 3216//3216 3236//3236
f 3216//3216 3237//3237 3236//3236
f 3216//3216 3217//3217 3237//3237
f 3217//3217 3238//3238 3237//3237
f 3217//3217 3218//3218 3238//3238
f 3218//3218 3239//3239 3238//3238
f 3218//3218 3219//3219 3239//3239
f 3219//3219 3240//3240 3239//3239
f 3219//3219 3220//3220 3240//3240
f 3220//3220 3241//3241 3240//3240
f 3220//3220 3221//3221 3241//3241
f 3221//3221 3242//3242 3241//3241
f 3221//3221 3222//3222 3242//3242
f 3222//3222 3243//3243 3242//3242
f 3222//3222 3223//3223 3243//3243
f 3223//3223 3244//3244 3243//3243
f 3223//3223 3224//3224 3244//3244
f 3224//3224 3245//3245 3244//3244
f 3224//3224 3225//3225 3245//3245
f 3225//3225 3246//3246 3245//3245
f 3225//3225 3226//3226 3246//3246
f 3226//3226 3247//3247 3246//3246
f 3226//3226 3227//3227 3247//3247
f 3227//3227 3248//3248 3247//3247
f 3227//3227 3228//3228 3248//3248
f 3228//3228 3249//3249 3248//3248
f 3229//3229 3230//3230 3250//3250
f 3230//3230 3251//3251 3250//3250
f 3230//3230 3231//3231 3251//3251
f 3231//3231 3252//3252 3251//3251
f 3231//3231 3232//3232 3252//3252
f 3232//3232 3253//3253 3252//3252
f 3232//3232 3233//3233 3253//3253
f 3233//3233 3254//3254 3253//3253
f 3233//3233 3234//3234 3254//3254
f 3234//3234 3255//3255 3254//3254
f 3234//3234 3235//3235 3255//3255
f 3235//3235 3256//3256 3255//3255
f 3235//3235 3236//3236 3256//3256
f 3236//3236 3257//3257 3256//3256
f 3236//3236 3237//3237 3257//3257
f 3237//3237 3258//3258 3257//3257
f 3237//3237 3238//3238 3258//3258
f 3238//3238 3259//3259 3258//3258
f 3238//3238 3239//3239 3259//3259
f 3239//3239 3260//3260 3259//3259
f 3239//3239 3240//3240 3260//3260
f 3240//3240 3261//3261 3260//3260
f 3240//3240 3241//3241 3261//3261
f 3241//3241 3262//3262 3261//3261
f 3241//3241 3242//3242 3262//3262
f 3242//3242 3263//3263 3262//3262
f 3242//3242 3243//3243 3263//3263
f 3243//3243 3264//3264 3263//3263
f 3243//3243 3244//3244 3264//3264
f 3244//3244 3265//3265 3264//3264
f 3244//3244 3245//3245 3265//3265
f 3245//3245 3266//3266 3265//3265
f 3245//3245 3246//3246 3266//3266
f 3246//3246 3267//3267 3266//3266
f 3246//3246 3247//3247 3267//3267
f 3247//3247 3268//3268 3267//3267
f 3247//3247 3248//3248 3268//3268
f 3248//3248 3269//3269 3268//3268
f 3248//3248 3249//3249 3269//3269
f 3249//3249 3270//3270 3269//3269
f 3250//3250 3251//3251 3271//3271
f 3251//3251 3272//3272 3271//3271
f 3251//3251 3252//3252 3272//3272
f 3252//3252 3273//3273 3272//3272
f 3252//3252 3253//3253 3273//3273
f 3253//3253 3274//3274 3273//3273
f 3253//3253 3254//3254 3274//3274
f 3254//3254 3275//3275 3274//3274
f 3254//3254 3255//3255 3275//3275
f 3255//3255 3276//3276 3275//3275
f 3255//3255 3256//3256 3276//3276
f 3256//3256 3277//3277 3276//3276
f 3256//3256 3257//3257 3277//3277
f 3257//3257 3278//3278 3277//3277
f 3257//3257 3258//3258 3278//3278
f 3258//3258 3279//3279 3278//3278
f 3258//3258 3259//3259 3279//3279
f 3259//3259 3280//3280 3279//3279
f 3259//3259 3260//3260 3280//3280
f 3260//3260 3281//3281 3280//3280
f 3260//3260 3261//3261 3281//3281
f 3261//3261 3282//3282 3281//3281
f 3261//3261 3262//3262 3282//3282
f 3262//3262 3283//3283 3282//3282
f 3262//3262 3263//3263 3283//3283
f 3263//3263 3284//3284 3283//3283
f 3263//3263 3264//3264 3284//3284
f 3264//3264 3285//3285 3284//3284
f 3264//3264 3265//3265 3285//3285
f 3265//3265 3286//3286 3285//3285
f 3265//3265 3266//3266 3286//3286
f 3266//3266 3287//3287 3286//3286
f 3266//3266 3267//3267 3287//3287
f 3267//3267 3288//3288 3287//3287
f 3267//3267 3268//3268 3288//3288
f 3268//3268 3289//3289 3288//3288
f 3268//3268 3269//3269 3289//3289
f 3269//3269 3290//3290 3289//3289
f 3269//3269 3270//3270 3290//3290
f 3270//3270 3291//3291 3290//3290
f 3271//3271 3272//3272 3292//3292
f 3272//3272 3293//3293 3292//3292
f 3272//3272 3273//3273 3293//3293
f 3273//3273 3294//3294 3293//3293
f 3273//3273 3274//3274 3294//3294
f 3274//3274 3295//3295 3294//3294
f 3274//3274 3275//3275 3295//3295
f 3275//3275 3296//3296 3295//3295
f 3275//3275 3276//3276 3296//3296
f 3276//3276 3297//3297 3296//3296
f 3276//3276 3277//3277 3297//3297
f 3277//3277 3298//3298 3297//3297
f 3277//3277 3278//3278 3298//3298
f 3278//3278 3299//3299 3298//3298
f 3278//3278 3279//3279 3299//3299
f 3279//3279 3300//3300 3299//3299
f 3279//3279 3280//3280 3300//3300
f 3280//3280 3301//3301 3300//3300
f 3280//3280 3281//3281 3301//3301
f 3281//3281 3302//3302 3301//3301
f 3281//3281 3282//3282 3302//3302
f 3282//3282 3303//3303 3302//3302
f 3282//3282 3283//3283 3303//3303
f 3283//3283 3304//3304 3303//3303
f 3283//3283 3284//3284 3304//3304
f 3284//3284 3305//3305 3304//3304
f 3284//3284 3285//3285 3305//3305
f 3285//3285 3306//3306 3305//3305
f 3285//3285 3286//3286 3306//3306
f 3286//3286 3307//3307 3306//3306
f 3286//3286 3287//3287 3307//3307
f 3287//3287 3308//3308 3307//3307
f 3287//3287 3288//3288 3308//3308
f 3288//3288 3309//3309 3308//3308
f 3288//3288 3289//3289 3309//3309
f 3289//3289 3310//3310 3309//3309
f 3289//3289 3290//3290 3310//3310
f 3290//3290 3311//3311 3310//3310
f 3290//3290 3291//3291 3311//3311
f 3291//3291 3312//3312 3311//3311
f 3292//3292 3293//3293 3313//3313
f 3293//3293 3314//3314 3313//3313
f 3293//3293 3294//3294 3314//3314
f 3294//3294 3315//3315 3314//3314
f 3294//3294 3295//3295 3315//3315
f 3295//3295 3316//3316 3315//3315
f 3295//3295 3296//3296 3316//3316
f 3296//3296 3317//3317 3316//3316
f 3296//3296 3297//3297 3317//3317
f 3297//3297 3318//3318 3317//3317
f 3297//3297 3298//3298 3318//3318
f 3298//3298 3319//3319 3318//3318
f 3298//3298 3299//3299 3319//3319
f 3299//3299 3320//3320 3319//3319
f 3299//3299 3300//3300 3320//3320
f 3300//3300 3321//3321 3320//3320
f 3300//3300 3301//3301 3321//3321
f 3301//3301 3322//3322 3321//3321
f 3301//3301 3302//3302 3322//3322
f 3302//3302 3323//3323 3322//3322
f 3302//3302 3303//3303 3323//3323
f 3303//3303 3324//3324 3323//3323
f 3303//3303 3304//3304 3324//3324
f 3304//3304 3325//3325 3324//3324
f 3304//3304 3305//3305 3325//3325
f 3305//3305 3326//3326 3325//3325
f 3305//3305 3306//3306 3326//3326
f 3306//3306 3327//3327 3326//3326
f 3306//3306 3307//3307 3327//3327
f 3307//3307 3328//3328 3327//3327
f 3307//3307 3308//3308 3328//3328
f 3308//3308 3329//3329 3328//3328
f 3308//3308 3309//3309 3329//3329
f 3309//3309 3330//3330 3329//3329
f 3309//3309 3310//3310 3330//3330
f 3310//3310 3331//3331 3330//3330
f 3310//3310 3311//3311 3331//3331
f 3311//3311 3332//3332 3331//3331
f 3311//3311 3312//3312 3332//3332
f 3312//3312 3333//3333 3332//3332
f 3313//3313 3314//3314 3334//3334
f 3314//3314 3335//3335 3334//3334
f 3314//3314 3315//3315 3335//3335
f 3315//3315 3336//3336 3335//3335
f 3315//3315 3316//3316 3336//3336
f 3316//3316 3337//3337 3336//3336
f 3316//3316 3317//3317 3337//3337
f 3317//3317 3338//3338 3337//3337
f 3317//3317 3318//3318 3338//3338
f 3318//3318 3339//3339 3338//3338
f 3318//3318 3319//3319 3339//3339
f 3319//3319 3340//3340 3339//3339
f 3319//3319 3320//3320 3340//3340
f 3320//3320 3341//3341 3340//3340
f 3320//3320 3321//3321 3341//3341
f 3321//3321 3342//3342 3341//3341
f 3321//3321 3322//3322 3342//3342
f 3322//3322 3343//3343 3342//3342
f 3322//3322 3323//3323 3343//3343
f 3323//3323 3344//3344 3343//3343
f 3323//3323 3324//3324 3344//3344
f 3324//3324 3345//3345 3344//3344
f 3324//3324 3325//3325 3345//3345
f 3325//3325 3346//3346 3345//3345
f 3325//3325 3326//3326 3346//3346
f 3326//3326 3347//3347 3346//3346
f 3326//3326 3327//3327 3347//3347
f 3327//3327 3348//3348 3347//3347
f 3327//3327 3328//3328 3348//3348
f 3328//3328 3349//3349 3348//3348
f 3328//3328 3329//3329 3349//3349
f 3329//3329 3350//3350 3349//3349
f 3329//3329 3330//3330 3350//3350
f 3330//3330 3351//3351 3350//3350
f 3330//3330 3331//3331 3351//3351
f 3331//3331 3352//3352 3351//3351
f 3331//3331 3332//3332 3352//3352
f 3332//3332 3353//3353 3352//3352
f 3332//3332 3333//3333 3353//3353
f 3333//3333 3354//3354 3353//3353
f 3355//3355 3356//3356 3376//3376
f 3356//3356 3377//3377 3376//3376
f 3356//3356 3357//3357 3377//3377
f 3357//3357 3378//3378 3377//3377
f 3357//3357 3358//3358 3378//3378
f 3358//3358 3379//3379 3378//3378
f 3358//3358 3359//3359 3379//3379
f 3359//3359 3380//3380 3379//3379
f 3359//3359 3360//3360 3380//3380
f 3360//3360 3381//3381 3380//3380
f 3360//3360 3361//3361 3381//3381
f 3361//3361 3382//3382 3381//3381
f 3361//3361 3362//3362 3382//3382
f 3362//3362 3383//3383 3382//3382
f 3362//3362 3363//3363 3383//3383
f 3363//3363 3384//3384 3383//3383
f 3363//3363 3364//3364 3384//3384
f 3364//3364 3385//3385 3384//3384
f 3364//3364 3365//3365 3385//3385
f 3365//3365 3386//3386 3385//3385
f 3365//3365 3366//3366 3386//3386
f 3366//3366 3387//3387 3386//3386
f 3366//3366 3367//3367 3387//3387
f 3367//3367 3388//3388 3387//3387
f 3367//3367 3368//3368 3388//3388
f 3368//3368 3389//3389 3388//3388
f 3368//3368 3369//3369 3389//3389
f 3369//3369 3390//3390 3389//3389
f 3369//3369 3370//3370 3390//3390
f 3370//3370 3391//3391 3390//3390
f 3370//3370 3371//3371 3391//3391
f 3371//3371 3392//3392 3391//3391
f 3371//3371 3372//3372 3392//3392
f 3372//3372 3393//3393 3392//3392
f 3372//3372 3373//3373 3393//3393
f 3373//3373 3394//3394 3393//3393
f 3373//3373 3374//3374 3394//3394
f 3374//3374 3395//3395 3394//3394
f 3374//3374 3375//3375 3395//3395
f 3375//3375 3396//3396 3395//3395
f 3376//3376 3377//3377 3397//3397
f 3377//3377 3398//3398 3397//3397
f 3377//3377 3378//3378 3398//3398
f 3378//3378 3399//3399 3398//3398
f 3378//3378 3379//3379 3399//3399
f 3379//3379 3400//3400 3399//3399
f 3379//3379 3380//3380 3400//3400
f 3380//3380 3401//3401 3400//3400
f 3380//3380 3381//3381 3401//3401
f 3381//3381 3402//3402 3401//3401
f 3381//3381 3382//3382 3402//3402
f 3382//3382 3403//3403 3402//3402
f 3382//3382 3383//3383 3403//3403
f 3383//3383 3404//3404 3403//3403
f 3383//3383 3384//3384 3404//3404
f 3384//3384 3405//3405 3404//3404
f 3384//3384 3385//3385 3405//3405
f 3385//3385 3406//3406 3405//3405
f 3385//3385 3386//3386 3406//3406
f 3386//3386 3407//3407 3406//3406
f 3386//3386 3387//3387 3407//3407
f 3387//3387 3408//3408 3407//3407
f 3387//3387 3388//3388 3408//3408
f 3388//3388 3409//3409 3408//3408
f 3388//3388 3389//3389 3409//3409
f 3389//3389 3410//3410 3409//3409
f 3389//3389 3390//3390 3410//3410
f 3390//3390 3411//3411 3410//3410
f 3390//3390 3391//3391 3411//3411
f 3391//3391 3412//3412 3411//3411
f 3391//3391 3392//3392 3412//3412
f 3392//3392 3413//3413 3412//3412
f 3392//3392 3393//3393 3413//3413
f 3393//3393 3414//3414 3413//3413
f 3393//3393 3394//3394 3414//3414
f 3394//3394 3415//3415 3414//3414
f 3394//3394 3395//3395 3415//3415
f 3395//3395 3416//3416 3415//3415
f 3395//3395 3396//3396 3416//3416
f 3396//3396 3417//3417 3416//3416
f 3397//3397 3398//3398 3418//3418
f 3398//3398 3419//3419 3418//3418
f 3398//3398 3399//3399 3419//3419
f 3399//3399 3420//3420 3419//3419
f 3399//3399 3400//3400 3420//3420
f 3400//3400 3421//3421 3420//3420
f 3400//3400 3401//3401 3421//3421
f 3401//3401 3422//3422 3421//3421
f 3401//3401 3402//3402 3422//3422
f 3402//3402 3423//3423 3422//3422
f 3402//3402 3403//3403 3423//3423
f 3403//3403 3424//3424 3423//3423
f 3403//3403 3404//3404 3424//3424
f 3404//3404 3425//3425 3424//3424
f 3404//3404 3405//3405 3425//3425
f 3405//3405 3426//3426 3425//3425
f 3405//3405 3406//3406 3426//3426
f 3406//3406 3427//3427 3426//3426
f 3406//3406 3407//3407 3427//3427
f 3407//3407 3428//3428 3427//3427
f 3407//3407 3408//3408 3428//3428
f 3408//3408 3429//3429 3428//3428
f 3408//3408 3409//3409 3429//3429
f 3409//3409 3430//3430 3429//3429
f 3409//3409 3410//3410 3430//3430
f 3410//3410 3431//3431 3430//3430
f 3410//3410 3411//3411 3431//3431
f 3411//3411 3432//3432 3431//3431
f 3411//3411 3412//3412 3432//3432
f 3412//3412 3433//3433 3432//3432
f 3412//3412 3413//3413 3433//3433
f 3413//3413 3434//3434 3433//3433
f 3413//3413 3414//3414 3434//3434
f 3414//3414 3435//3435 3434//3434
f 3414//3414 3415//3415 3435//3435
f 3415//3415 3436//3436 3435//3435
f 3415//3415 3416//3416 3436//3436
f 3416//3416 3437//3437 3436//3436
f 3416//3416 3417//3417 3437//3437
f 3417//3417 3438//3438 3437//3437
f 3418//3418 3419//3419 3439//3439
f 3419//3419 3440//3440 3439//3439
f 3419//3419 3420//3420 3440//3440
f 3420//3420 3441//3441 3440//3440
f 3420//3420 3421//3421 3441//3441
f 3421//3421 3442//3442 3441//3441
f 3421//3421 3422//3422 3442//3442
f 3422//3422 3443//3443 3442//3442
f 3422//3422 3423//3423 3443//3443
f 3423//3423 3444//3444 3443//3443
f 3423//3423 3424//3424 3444//3444
f 3424//3424 3445//3445 3444//3444
f 3424//3424 3425//3425 3445//3445
f 3425//3425 3446//3446 3445//3445
f 3425//3425 3426//3426 3446//3446
f 3426//3426 3447//3447 3446//3446
f 3426//3426 3427//3427 3447//3447
f 3427//3427 3448//3448 3447//3447
f 3427//3427 3428//3428 3448//3448
f 3428//3428 3449//3449 3448//3448
f 3428//3428 3429//3429 3449//3449
f 3429//3429 3450//3450 3449//3449
f 3429//3429 3430//3430 3450//3450
f 3430//3430 3451//3451 3450//3450
f 3430//3430 3431//3431 3451//3451
f 3431//3431 3452//3452 3451//3451
f 3431//3431 3432//3432 3452//3452
f 3432//3432 3453//3453 3452//3452
f 3432//3432 3433//3433 3453//3453
f 3433//3433 3454//3454 3453//3453
f 3433//3433 3434//3434 3454//3454
f 3434//3434 3455//3455 3454//3454
f 3434//3434 3435//3435 3455//3455
f 3435//3435 3456//3456 3455//3455
f 3435//3435 3436//3436 3456//3456
f 3436//3436 3457//3457 3456//3456
f 3436//3436 3437//3437 3457//3457
f 3437//3437 3458//3458 3457//3457
f 3437//3437 3438//3438 3458//3458
f 3438//3438 3459//3459 3458//3458
f 3439//3439 3440//3440 3460//3460
f 3440//3440 3461//3461 3460//3460
f 3440//3440 3441//3441 3461//3461
f 3441//3441 3462//3462 3461//3461
f 3441//3441 3442//3442 3462//3462
f 3442//3442 3463//3463 3462//3462
f 3442//3442 3443//3443 3463//3463
f 3443//3443 3464//3464 3463//3463
f 3443//3443 3444//3444 3464//3464
f 3444//3444 3465//3465 3464//3464
f 3444//3444 3445//3445 3465//3465
f 3445//3445 3466//3466 3465//3465
f 3445//3445 3446//3446 3466//3466
f 3446//3446 3467//3467 3466//3466
f 3446//3446 3447//3447 3467//3467
f 3447//3447 3468//3468 3467//3467
f 3447//3447 3448//3448 3468//3468
f 3448//3448 3469//3469 3468//3468
f 3448//3448 3449//3449 3469//3469
f 3449//3449 3470//3470 3469//3469
f 3449//3449 3450//3450 3470//3470
f 3450//3450 3471//3471 3470//3470
f 3450//3450 3451//3451 3471//3471
f 3451//3451 3472//3472 3471//3471
f 3451//3451 3452//3452 3472//3472
f 3452//3452 3473//3473 3472//3472
f 3452//3452 3453//3453 3473//3473
f 3453//3453 3474//3474 3473//3473
f 3453//3453 3454//3454 3474//3474
f 3454//3454 3475//3475 3474//3474
f 3454//3454 3455//3455 3475//3475
f 3455//3455 3476//3476 3475//3475
f 3455//3455 3456//3456 3476//3476
f 3456//3456 3477//3477 3476//3476
f 3456//3456 3457//3457 3477//3477
f 3457//3457 3478//3478 3477//3477
f 3457//3457 3458//3458 3478//3478
f 3458//3458 3479//3479 3478//3478
f 3458//3458 3459//3459 3479//3479
f 3459//3459 3480//3480 3479//3479
f 3460//3460 3461//3461 3481//3481
f 3461//3461 3482//3482 3481//3481
f 3461//3461 3462//3462 3482//3482
f 3462//3462 3483//3483 3482//3482
f 3462//3462 3463//3463 3483//3483
f 3463//3463 3484//3484 3483//3483
f 3463//3463 3464//3464 3484//3484
f 3464//3464 3485//3485 3484//3484
f 3464//3464 3465//3465 3485//3485
f 3465//3465 3486//3486 3485//3485
f 3465//3465 3466//3466 3486//3486
f 3466//3466 3487//3487 3486//3486
f 3466//3466 3467//3467 3487//3487
f 3467//3467 3488//3488 3487//3487
f 3467//3467 3468//3468 3488//3488
f 3468//3468 3489//3489 3488//3488
f 3468//3468 3469//3469 3489//3489
f 3469//3469 3490//3490 3489//3489
f 3469//3469 3470//3470 3490//3490
f 3470//3470 3491//3491 3490//3490
f 3470//3470 3471//3471 3491//3491
f 3471//3471 3492//3492 3491//3491
f 3471//3471 3472//3472 3492//3492
f 3472//3472 3493//3493 3492//3492
f 3472//3472 3473//3473 3493//3493
f 3473//3473 3494//3494 3493//3493
f 3473//3473 3474//3474 3494//3494
f 3474//3474 3495//3495 3494//3494
f 3474//3474 3475//3475 3495//3495
f 3475//3475 3496//3496 3495//3495
f 3475//3475 3476//3476 3496//3496
f 3476//3476 3497//3497 3496//3496
f 3476//3476 3477//3477 3497//3497
f 3477//3477 3498//3498 3497//3497
f 3477//3477 3478//3478 3498//3498
f 3478//3478 3499//3499 3498//3498
f 3478//3478 3479//3479 3499//3499
f 3479//3479 3500//3500 3499//3499
f 3479//3479 3480//3480 3500//3500
f 3480//3480 3501//3501 3500//3500
f 3481//3481 3482//3482 3502//3502
f 3482//3482 3503//3503 3502//3502
f 3482//3482 3483//3483 3503//3503
f 3483//3483 3504//3504 3503//3503
f 3483//3483 3484//3484 3504//3504
f 3484//3484 3505//3505 3504//3504
f 3484//3484 3485//3485 3505//3505
f 3485//3485 3506//3506 3505//3505
f 3485//3485 3486//3486 3506//3506
f 3486//3486 3507//3507 3506//3506
f 3486//3486 3487//3487 3507//3507
f 3487//3487 3508//3508 3507//3507
f 3487//3487 3488//3488 3508//3508
f 3488//3488 3509//3509 3508//3508
f 3488//3488 3489//3489 3509//3509
f 3489//3489 3510//3510 3509//3509
f 3489//3489 3490//3490 3510//3510
f 3490//3490 3511//3511 3510//3510
f 3490//3490 3491//3491 3511//3511
f 3491//3491 3512//3512 3511//3511
f 3491//3491 3492//3492 3512//3512
f 3492//3492 3513//3513 3512//3512
f 3492//3492 3493//3493 3513//3513
f 3493//3493 3514//3514 3513//3513
f 3493//3493 3494//3494 3514//3514
f 3494//3494 3515//3515 3514//3514
f 3494//3494 3495//3495 3515//3515
f 3495//3495 3516//3516 3515//3515
f 3495//3495 3496//3496 3516//3516
f 3496//3496 3517//3517 3516//3516
f 3496//3496 3497//3497 3517//3517
f 3497//3497 3518//3518 3517//3517
f 3497//3497 3498//3498 3518//3518
f 3498//3498 3519//3519 3518//3518
f 3498//3498 3499//3499 3519//3519
f 3499//3499 3520//3520 3519//3519
f 3499//3499 3500//3500 3520//3520
f 3500//3500 3521//3521 3520//3520
f 3500//3500 3501//3501 3521//3521
f 3501//3501 3522//3522 3521//3521
f 3502//3502 3503//3503 3523//3523
f 3503//3503 3524//3524 3523//3523
f 3503//3503 3504//3504 3524//3524
f 3504//3504 3525//3525 3524//3524
f 3504//3504 3505//3505 3525//3525
f 3505//3505 3526//3526 3525//3525
f 3505//3505 3506//3506 3526//3526
f 3506//3506 3527//3527 3526//3526
f 3506//3506 3507//3507 3527//3527
f 3507//3507 3528//3528 3527//3527
f 3507//3507 3508//3508 3528//3528
f 3508//3508 3529//3529 3528//3528
f 3508//3508 3509//3509 3529//3529
f 3509//3509 3530//3530 3529//3529
f 3509//3509 3510//3510 3530//3530
f 3510//3510 3531//3531 3530//3530
f 3510//3510 3511//3511 3531//3531
f 3511//3511 3532//3532 3531//3531
f 3511//3511 3512//3512 3532//3532
f 3512//3512 3533//3533 3532//3532
f 3512//3512 3513//3513 3533//3533
f 3513//3513 3534//3534 3533//3533
f 3513//3513 3514//3514 3534//3534
f 3514//3514 3535//3535 3534//3534
f 3514//3514 3515//3515 3535//3535
f 3515//3515 3536//3536 3535//3535
f 3515//3515 3516//3516 3536//3536
f 3516//3516 3537//3537 3536//3536
f 3516//3516 3517//3517 3537//3537
f 3517//3517 3538//3538 3537//3537
f 3517//3517 3518//3518 3538//3538
f 3518//3518 3539//3539 3538//3538
f 3518//3518 3519//3519 3539//3539
f 3519//3519 3540//3540 3539//3539
f 3519//3519 3520//3520 3540//3540
f 3520//3520 3541//3541 3540//3540
f 3520//3520 3521//3521 3541//3541
f 3521//3521 3542//3542 3541//3541
f 3521//3521 3522//3522 3542//3542
f 3522//3522 3543//3543 3542//3542
f 3523//3523 3524//3524 3544//3544
f 3524//3524 3545//3545 3544//3544
f 3524//3524 3525//3525 3545//3545
f 3525//3525 3546//3546 3545//3545
f 3525//3525 3526//3526 3546//3546
f 3526//3526 3547//3547 3546//3546
f 3526//3526 3527//3527 3547//3547
f 3527//3527 3548//3548 3547//3547
f 3527//3527 3528//3528 3548//3548
f 3528//3528 3549//3549 3548//3548
f 3528//3528 3529//3529 3549//3549
f 3529//3529 3550//3550 3549//3549
f 3529//3529 3530//3530 3550//3550
f 3530//3530 3551//3551 3550//3550
f 3530//3530 3531//3531 3551//3551
f 3531//3531 3552//3552 3551//3551
f 3531//3531 3532//3532 3552//3552
f 3532//3532 3553//3553 3552//3552
f 3532//3532 3533//3533 3553//3553
f 3533//3533 3554//3554 3553//3553
f 3533//3533 3534//3534 3554//3554
f 3534//3534 3555//3555 3554//3554
f 3534//3534 3535//3535 3555//3555
f 3535//3535 3556//3556 3555//3555
f 3535//3535 3536//3536 3556//3556
f 3536//3536 3557//3557 3556//3556
f 3536//3536 3537//3537 3557//3557
f 3537//3537 3558//3558 3557//3557
f 3537//3537 3538//3538 3558//3558
f 3538//3538 3559//3559 3558//3558
f 3538//3538 3539//3539 3559//3559
f 3539//3539 3560//3560 3559//3559
f 3539//3539 3540//3540 3560//3560
f 3540//3540 3561//3561 3560//3560
f 3540//3540 3541//3541 3561//3561
f 3541//3541 3562//3562 3561//3561
f 3541//3541 3542//3542 3562//3562
f 3542//3542 3563//3563 3562//3562
f 3542//3542 3543//3543 3563//3563
f 3543//3543 3564//3564 3563//3563
f 3544//3544 3545//3545 3565//3565
f 3545//3545 3566//3566 3565//3565
f 3545//3545 3546//3546 3566//3566
f 3546//3546 3567//3567 3566//3566
f 3546//3546 3547//3547 3567//3567
f 3547//3547 3568//3568 3567//3567
f 3547//3547 3548//3548 3568//3568
f 3548//3548 3569//3569 3568//3568
f 3548//3548 3549//3549 3569//3569
f 3549//3549 3570//3570 3569//3569
f 3549//3549 3550//3550 3570//3570
f 3550//3550 3571//3571 3570//3570
f 3550//3550 3551//3551 3571//3571
f 3551//3551 3572//3572 3571//3571
f 3551//3551 3552//3552 3572//3572
f 3552//3552 3573//3573 3572//3572
f 3552//3552 3553//3553 3573//3573
f 3553//3553 3574//3574 3573//3573
f 3553//3553 3554//3554 3574//3574
f 3554//3554 3575//3575 3574//3574
f 3554//3554 3555//3555 3575//3575
f 3555//3555 3576//3576 3575//3575
f 3555//3555 3556//3556 3576//3576
f 3556//3556 3577//3577 3576//3576
f 3556//3556 3557//3557 3577//3577
f 3557//3557 3578//3578 3577//3577
f 3557//3557 3558//3558 3578//3578
f 3558//3558 3579//3579 3578//3578
f 3558//3558 3559//3559 3579//3579
f 3559//3559 3580//3580 3579//3579
f 3559//3559 3560//3560 3580//3580
f 3560//3560 3581//3581 3580//3580
f 3560//3560 3561//3561 3581//3581
f 3561//3561 3582//3582 3581//3581
f 3561//3561 3562//3562 3582//3582
f 3562//3562 3583//3583 3582//3582
f 3562//3562 3563//3563 3583//3583
f 3563//3563 3584//3584 3583//3583
f 3563//3563 3564//3564 3584//3584
f 3564//3564 3585//3585 3584//3584
f 3565//3565 3566//3566 3586//3586
f 3566//3566 3587//3587 3586//3586
f 3566//3566 3567//3567 3587//3587
f 3567//3567 3588//3588 3587//3587
f 3567//3567 3568//3568 3588//3588
f 3568//3568 3589//3589 3588//3588
f 3568//3568 3569//3569 3589//3589
f 3569//3569 3590//3590 3589//3589
f 3569//3569 3570//3570 3590//3590
f 3570//3570 3591//3591 3590//3590
f 3570//3570 3571//3571 3591//3591
f 3571//3571 3592//3592 3591//3591
f 3571//3571 3572//3572 3592//3592
f 3572//3572 3593//3593 3592//3592
f 3572//3572 3573//3573 3593//3593
f 3573//3573 3594//3594 3593//3593
f 3573//3573 3574//3574 3594//3594
f 3574//3574 3595//3595 3594//3594
f 3574//3574 3575//3575 3595//3595
f 3575//3575 3596//3596 3595//3595
f 3575//3575 3576//3576 3596//3596
f 3576//3576 3597//3597 3596//3596
f 3576//3576 3577//3577 3597//3597
f 3577//3577 3598//3598 3597//3597
f 3577//3577 3578//3578 3598//3598
f 3578//3578 3599//3599 3598//3598
f 3578//3578 3579//3579 3599//3599
f 3579//3579 3600//3600 3599//3599
f 3579//3579 3580//3580 3600//3600
f 3580//3580 3601//3601 3600//3600
f 3580//3580 3581//3581 3601//3601
f 3581//3581 3602//3602 3601//3601
f 3581//3581 3582//3582 3602//3602
f 3582//3582 3603//3603 3602//3602
f 3582//3582 3583//3583 3603//3603
f 3583//3583 3604//3604 3603//3603
f 3583//3583 3584//3584 3604//3604
f 3584//3584 3605//3605 3604//3604
f 3584//3584 3585//3585 3605//3605
f 3585//3585 3606//3606 3605//3605
f 3586//3586 3587//3587 3607//3607
f 3587//3587 3608//3608 3607//3607
f 3587//3587 3588//3588 3608//3608
f 3588//3588 3609//3609 3608//3608
f 3588//3588 3589//3589 3609//3609
f 3589//3589 3610//3610 3609//3609
f 3589//3589 3590//3590 3610//3610
f 3590//3590 3611//3611 3610//3610
f 3590//3590 3591//3591 3611//3611
f 3591//3591 3612//3612 3611//3611
f 3591//3591 3592//3592 3612//3612
f 3592//3592 3613//3613 3612//3612
f 3592//3592 3593//3593 3613//3613
f 3593//3593 3614//3614 3613//3613
f 3593//3593 3594//3594 3614//3614
f 3594//3594 3615//3615 3614//3614
f 3594//3594 3595//3595 3615//3615
f 3595//3595 3616//3616 3615//3615
f 3595//3595 3596//3596 3616//3616
f 3596//3596 3617//3617 3616//3616
f 3596//3596 3597//3597 3617//3617
f 3597//3597 3618//3618 3617//3617
f 3597//3597 3598//3598 3618//3618
f 3598//3598 3619//3619 3618//3618
f 3598//3598 3599//3599 3619//3619
f 3599//3599 3620//3620 3619//3619
f 3599//3599 3600//3600 3620//3620
f 3600//3600 3621//3621 3620//3620
f 3600//3600 3601//3601 3621//3621
f 3601//3601 3622//3622 3621//3621
f 3601//3601 3602//3602 3622//3622
f 3602//3602 3623//3623 3622//3622
f 3602//3602 3603//3603 3623//3623
f 3603//3603 3624//3624 3623//3623
f 3603//3603 3604//3604 3624//3624
f 3604//3604 3625//3625 3624//3624
f 3604//3604 3605//3605 3625//3625
f 3605//3605 3626//3626 3625//3625
f 3605//3605 3606//3606 3626//3626
f 3606//3606 3627//3627 3626//3626
f 3628//3628 3629//3629 3649//3649
f 3629//3629 3650//3650 3649//3649
f 3629//3629 3630//3630 3650//3650
f 3630//3630 3651//3651 3650//3650
f 3630//3630 3631//3631 3651//3651
f 3631//3631 3652//3652 3651//3651
f 3631//3631 3632//3632 3652//3652
f 3632//3632 3653//3653 3652//3652
f 3632//3632 3633//3633 3653//3653
f 3633//3633 3654//3654 3653//3653
f 3633//3633 3634//3634 3654//3654
f 3634//3634 3655//3655 3654//3654
f 3634//3634 3635//3635 3655//3655
f 3635//3635 3656//3656 3655//3655
f 3635//3635 3636//3636 3656//3656
f 3636//3636 3657//3657 3656//3656
f 3636//3636 3637//3637 3657//3657
f 3637//3637 3658//3658 3657//3657
f 3637//3637 3638//3638 3658//3658
f 3638//3638 3659//3659 3658//3658
f 3638//3638 3639//3639 3659//3659
f 3639//3639 3660//3660 3659//3659
f 3639//3639 3640//3640 3660//3660
f 3640//3640 3661//3661 3660//3660
f 3640//3640 3641//3641 3661//3661
f 3641//3641 3662//3662 3661//3661
f 3641//3641 3642//3642 3662//3662
f 3642//3642 3663//3663 3662//3662
f 3642//3642 3643//3643 3663//3663
f 3643//3643 3664//3664 3663//3663
f 3643//3643 3644//3644 3664//3664
f 3644//3644 3665//3665 3664//3664
f 3644//3644 3645//3645 3665//3665
f 3645//3645 3666//3666 3665//3665
f 3645//3645 3646//3646 3666//3666
f 3646//3646 3667//3667 3666//3666
f 3646//3646 3647//3647 3667//3667
f 3647//3647 3668//3668 3667//3667
f 3647//3647 3648//3648 3668//3668
f 3648//3648 3669//3669 3668//3668
f 3649//3649 3650//3650 3670//3670
f 3650//3650 3671//3671 3670//3670
f 3650//3650 3651//3651 3671//3671
f 3651//3651 3672//3672 3671//3671
f 3651//3651 3652//3652 3672//3672
f 3652//3652 3673//3673 3672//3672
f 3652//3652 3653//3653 3673//3673
f 3653//3653 3674//3674 3673//3673
f 3653//3653 3654//3654 3674//3674
f 3654//3654 3675//3675 3674//3674
f 3654//3654 3655//3655 3675//3675
f 3655//3655 3676//3676 3675//3675
f 3655//3655 3656//3656 3676//3676
f 3656//3656 3677//3677 3676//3676
f 3656//3656 3657//3657 3677//3677
f 3657//3657 3678//3678 3677//3677
f 3657//3657 3658//3658 3678//3678
f 3658//3658 3679//3679 3678//3678
f 3658//3658 3659//3659 3679//3679
f 3659//3659 3680//3680 3679//3679
f 3659//3659 3660//3660 3680//3680
f 3660//3660 3681//3681 3680//3680
f 3660//3660 3661//3661 3681//3681
f 3661//3661 3682//3682 3681//3681
f 3661//3661 3662//3662 3682//3682
f 3662//3662 3683//3683 3682//3682
f 3662//3662 3663//3663 3683//3683
f 3663//3663 3684//3684 3683//3683
f 3663//3663 3664//3664 3684//3684
f 3664//3664 3685//3685 3684//3684
f 3664//3664 3665//3665 3685//3685
f 3665//3665 3686//3686 3685//3685
f 3665//3665 3666//3666 3686//3686
f 3666//3666 3687//3687 3686//3686
f 3666//3666 3667//3667 3687//3687
f 3667//3667 3688//3688 3687//3687
f 3667//3667 3668//3668 3688//3688
f 3668//3668 3689//3689 3688//3688
f 3668//3668 3669//3669 3689//3689
f 3669//3669 3690//3690 3689//3689
f 3670//3670 3671//3671 3691//3691
f 3671//3671 3692//3692 3691//3691
f 3671//3671 3672//3672 3692//3692
f 3672//3672 3693//3693 3692//3692
f 3672//3672 3673//3673 3693//3693
f 3673//3673 3694//3694 3693//3693
f 3673//3673 3674//3674 3694//3694
f 3674//3674 3695//3695 3694//3694
f 3674//3674 3675//3675 3695//3695
f 3675//3675 3696//3696 3695//3695
f 3675//3675 3676//3676 3696//3696
f 3676//3676 3697//3697 3696//3696
f 3676//3676 3677//3677 3697//3697
f 3677//3677 3698//3698 3697//3697
f 3677//3677 3678//3678 3698//3698
f 3678//3678 3699//3699 3698//3698
f 3678//3678 3679//3679 3699//3699
f 3679//3679 3700//3700 3699//3699
f 3679//3679 3680//3680 3700//3700
f 3680//3680 3701//3701 3700//3700
f 3680//3680 3681//3681 3701//3701
f 3681//3681 3702//3702 3701//3701
f 3681//3681 3682//3682 3702//3702
f 3682//3682 3703//3703 3702//3702
f 3682//3682 3683//3683 3703//3703
f 3683//3683 3704//3704 3703//3703
f 3683//3683 3684//3684 3704//3704
f 3684//3684 3705//3705 3704//3704
f 3684//3684 3685//3685 3705//3705
f 3685//3685 3706//3706 3705//3705
f 3685//3685 3686//3686 3706//3706
f 3686//3686 3707//3707 3706//3706
f 3686//3686 3687//3687 3707//3707
f 3687//3687 3708//3708 3707//3707
f 3687//3687 3688//3688 3708//3708
f 3688//3688 3709//3709 3708//3708
f 3688//3688 3689//3689 3709//3709
f 3689//3689 3710//3710 3709//3709
f 3689//3689 3690//3690 3710//3710
f 3690//3690 3711//3711 3710//3710
f 3691//3691 3692//3692 3712//3712
f 3692//3692 3713//3713 3712//3712
f 3692//3692 3693//3693 3713//3713
f 3693//3693 3714//3714 3713//3713
f 3693//3693 3694//3694 3714//3714
f 3694//3694 3715//3715 3714//3714
f 3694//3694 3695//3695 3715//3715
f 3695//3695 3716//3716 3715//3715
f 3695//3695 3696//3696 3716//3716
f 3696//3696 3717//3717 3716//3716
f 3696//3696 3697//3697 3717//3717
f 3697//3697 3718//3718 3717//3717
f 3697//3697 3698//3698 3718//3718
f 3698//3698 3719//3719 3718//3718
f 3698//3698 3699//3699 3719//3719
f 3699//3699 3720//3720 3719//3719
f 3699//3699 3700//3700 3720//3720
f 3700//3700 3721//3721 3720//3720
f 3700//3700 3701//3701 3721//3721
f 3701//3701 3722//3722 3721//3721
f 3701//3701 3702//3702 3722//3722
f 3702//3702 3723//3723 3722//3722
f 3702//3702 3703//3703 3723//3723
f 3703//3703 3724//3724 3723//3723
f 3703//3703 3704//3704 3724//3724
f 3704//3704 3725//3725 3724//3724
f 3704//3704 3705//3705 3725//3725
f 3705//3705 3726//3726 3725//3725
f 3705//3705 3706//3706 3726//3726
f 3706//3706 3727//3727 3726//3726
f 3706//3706 3707//3707 3727//3727
f 3707//3707 3728//3728 3727//3727
f 3707//3707 3708//3708 3728//3728
f 3708//3708 3729//3729 3728//3728
f 3708//3708 3709//3709 3729//3729
f 3709//3709 3730//3730 3729//3729
f 3709//3709 3710//3710 3730//3730
f 3710//3710 3731//3731 3730//3730
f 3710//3710 3711//3711 3731//3731
f 3711//3711 3732//3732 3731//3731
f 3712//3712 3713//3713 3733//3733
f 3713//3713 3734//3734 3733//3733
f 3713//3713 3714//3714 3734//3734
f 3714//3714 3735//3735 3734//3734
f 3714//3714 3715//3715 3735//3735
f 3715//3715 3736//3736 3735//3735
f 3715//3715 3716//3716 3736//3736
f 3716//3716 3737//3737 3736//3736
f 3716//3716 3717//3717 3737//3737
f 3717//3717 3738//3738 3737//3737
f 3717//3717 3718//3718 3738//3738
f 3718//3718 3739//3739 3738//3738
f 3718//3718 3719//3719 3739//3739
f 3719//3719 3740//3740 3739//3739
f 3719//3719 3720//3720 3740//3740
f 3720//3720 3741//3741 3740//3740
f 3720//3720 3721//3721 3741//3741
f 3721//3721 3742//3742 3741//3741
f 3721//3721 3722//3722 3742//3742
f 3722//3722 3743//3743 3742//3742
f 3722//3722 3723//3723 3743//3743
f 3723//3723 3744//3744 3743//3743
f 3723//3723 3724//3724 3744//3744
f 3724//3724 3745//3745 3744//3744
f 3724//3724 3725//3725 3745//3745
f 3725//3725 3746//3746 3745//3745
f 3725//3725 3726//3726 3746//3746
f 3726//3726 3747//3747 3746//3746
f 3726//3726 3727//3727 3747//3747
f 3727//3727 3748//3748 3747//3747
f 3727//3727 3728//3728 3748//3748
f 3728//3728 3749//3749 3748//3748
f 3728//3728 3729//3729 3749//3749
f 3729//3729 3750//3750 3749//3749
f 3729//3729 3730//3730 3750//3750
f 3730//3730 3751//3751 3750//3750
f 3730//3730 3731//3731 3751//3751
f 3731//3731 3752//3752 3751//3751
f 3731//3731 3732//3732 3752//3752
f 3732//3732 3753//3753 3752//3752
f 3733//3733 3734//3734 3754//3754
f 3734//3734 3755//3755 3754//3754
f 3734//3734 3735//3735 3755//3755
f 3735//3735 3756//3756 3755//3755
f 3735//3735 3736//3736 3756//3756
f 3736//3736 3757//3757 3756//3756
f 3736//3736 3737//3737 3757//3757
f 3737//3737 3758//3758 3757//3757
f 3737//3737 3738//3738 3758//3758
f 3738//3738 3759//3759 3758//3758
f 3738//3738 3739//3739 3759//3759
f 3739//3739 3760//3760 3759//3759
f 3739//3739 3740//3740 3760//3760
f 3740//3740 3761//3761 3760//3760
f 3740//3740 3741//3741 3761//3761
f 3741//3741 3762//3762 3761//3761
f 3741//3741 3742//3742 3762//3762
f 3742//3742 3763//3763 3762//3762
f 3742//3742 3743//3743 3763//3763
f 3743//3743 3764//3764 3763//3763
f 3743//3743 3744//3744 3764//3764
f 3744//3744 3765//3765 3764//3764
f 3744//3744 3745//3745 3765//3765
f 3745//3745 3766//3766 3765//3765
f 3745//3745 3746//3746 3766//3766
f 3746//3746 3767//3767 3766//3766
f 3746//3746 3747//3747 3767//3767
f 3747//3747 3768//3768 3767//3767
f 3747//3747 3748//3748 3768//3768
f 3748//3748 3769//3769 3768//3768
f 3748//3748 3749//3749 3769//3769
f 3749//3749 3770//3770 3769//3769
f 3749//3749 3750//3750 3770//3770
f 3750//3750 3771//3771 3770//3770
f 3750//3750 3751//3751 3771//3771
f 3751//3751 3772//3772 3771//3771
f 3751//3751 3752//3752 3772//3772
f 3752//3752 3773//3773 3772//3772
f 3752//3752 3753//3753 3773//3773
f 3753//3753 3774//3774 3773//3773
f 3754//3754 3755//3755 3775//3775
f 3755//3755 3776//3776 3775//3775
f 3755//3755 3756//3756 3776//3776
f 3756//3756 3777//3777 3776//3776
f 3756//3756 3757//3757 3777//3777
f 3757//3757 3778//3778 3777//3777
f 3757//3757 3758//3758 3778//3778
f 3758//3758 3779//3779 3778//3778
f 3758//3758 3759//3759 3779//3779
f 3759//3759 3780//3780 3779//3779
f 3759//3759 3760//3760 3780//3780
f 3760//3760 3781//3781 3780//3780
f 3760//3760 3761//3761 3781//3781
f 3761//3761 3782//3782 3781//3781
f 3761//3761 3762//3762 3782//3782
f 3762//3762 3783//3783 3782//3782
f 3762//3762 3763//3763 3783//3783
f 3763//3763 3784//3784 3783//3783
f 3763//3763 3764//3764 3784//3784
f 3764//3764 3785//3785 3784//3784
f 3764//3764 3765//3765 3785//3785
f 3765//3765 3786//3786 3785//3785
f 3765//3765 3766//3766 3786//3786
f 3766//3766 3787//3787 3786//3786
f 3766//3766 3767//3767 3787//3787
f 3767//3767 3788//3788 3787//3787
f 3767//3767 3768//3768 3788//3788
f 3768//3768 3789//3789 3788//3788
f 3768//3768 3769//3769 3789//3789
f 3769//3769 3790//3790 3789//3789
f 3769//3769 3770//3770 3790//3790
f 3770//3770 3791//3791 3790//3790
f 3770//3770 3771//3771 3791//3791
f 3771//3771 3792//3792 3791//3791
f 3771//3771 3772//3772 3792//3792
f 3772//3772 3793//3793 3792//3792
f 3772//3772 3773//3773 3793//3793
f 3773//3773 3794//3794 3793//3793
f 3773//3773 3774//3774 3794//3794
f 3774//3774 3795//3795 3794//3794
f 3775//3775 3776//3776 3796//3796
f 3776//3776 3797//3797 3796//3796
f 3776//3776 3777//3777 3797//3797
f 3777//3777 3798//3798 3797//3797
f 3777//3777 3778//3778 3798//3798
f 3778//3778 3799//3799 3798//3798
f 3778//3778 3779//3779 3799//3799
f 3779//3779 3800//3800 3799//3799
f 3779//3779 3780//3780 3800//3800
f 3780//3780 3801//3801 3800//3800
f 3780//3780 3781//3781 3801//3801
f 3781//3781 3802//3802 3801//3801
f 3781//3781 3782//3782 3802//3802
f 3782//3782 3803//3803 3802//3802
f 3782//3782 3783//3783 3803//3803
f 3783//3783 3804//3804 3803//3803
f 3783//3783 3784//3784 3804//3804
f 3784//3784 3805//3805 3804//3804
f 3784//3784 3785//3785 3805//3805
f 3785//3785 3806//3806 3805//3805
f 3785//3785 3786//3786 3806//3806
f 3786//3786 3807//3807 3806//3806
f 3786//3786 3787//3787 3807//3807
f 3787//3787 3808//3808 3807//3807
f 3787//3787 3788//3788 3808//3808
f 3788//3788 3809//3809 3808//3808
f 3788//3788 3789//3789 3809//3809
f 3789//3789 3810//3810 3809//3809
f 3789//3789 3790//3790 3810//3810
f 3790//3790 3811//3811 3810//3810
f 3790//3790 3791//3791 3811//3811
f 3791//3791 3812//3812 3811//3811
f 3791//3791 3792//3792 3812//3812
f 3792//3792 3813//3813 3812//3812
f 3792//3792 3793//3793 3813//3813
f 3793//3793 3814//3814 3813//3813
f 3793//3793 3794//3794 3814//3814
f 3794//3794 3815//3815 3814//3814
f 3794//3794 3795//3795 3815//3815
f 3795//3795 3816//3816 3815//3815
f 3796//3796 3797//3797 3817//3817
f 3797//3797 3818//3818 3817//3817
f 3797//3797 3798//3798 3818//3818
f 3798//3798 3819//3819 3818//3818
f 3798//3798 3799//3799 3819//3819
f 3799//3799 3820//3820 3819//3819
f 3799//3799 3800//3800 3820//3820
f 3800//3800 3821//3821 3820//3820
f 3800//3800 3801//3801 3821//3821
f 3801//3801 3822//3822 3821//3821
f 3801//3801 3802//3802 3822//3822
f 3802//3802 3823//3823 3822//3822
f 3802//3802 3803//3803 3823//3823
f 3803//3803 3824//3824 3823//3823
f 3803//3803 3804//3804 3824//3824
f 3804//3804 3825//3825 3824//3824
f 3804//3804 3805//3805 3825//3825
f 3805//3805 3826//3826 3825//3825
f 3805//3805 3806//3806 3826//3826
f 3806//3806 3827//3827 3826//3826
f 3806//3806 3807//3807 3827//3827
f 3807//3807 3828//3828 3827//3827
f 3807//3807 3808//3808 3828//3828
f 3808//3808 3829//3829 3828//3828
f 3808//3808 3809//3809 3829//3829
f 3809//3809 3830//3830 3829//3829
f 3809//3809 3810//3810 3830//3830
f 3810//3810 3831//3831 3830//3830
f 3810//3810 3811//3811 3831//3831
f 3811//3811 3832//3832 3831//3831
f 3811//3811 3812//3812 3832//3832
f 3812//3812 3833//3833 3832//3832
f 3812//3812 3813//3813 3833//3833
f 3813//3813 3834//3834 3833//3833
f 3813//3813 3814//3814 3834//3834
f 3814//3814 3835//3835 3834//3834
f 3814//3814 3815//3815 3835//3835
f 3815//3815 3836//3836 3835//3835
f 3815//3815 3816//3816 3836//3836
f 3816//3816 3837//3837 3836//3836
f 3817//3817 3818//3818 3838//3838
f 3818//3818 3839//3839 3838//3838
f 3818//3818 3819//3819 3839//3839
f 3819//3819 3840//3840 3839//3839
f 3819//3819 3820//3820 3840//3840
f 3820//3820 3841//3841 3840//3840
f 3820//3820 3821//3821 3841//3841
f 3821//3821 3842//3842 3841//3841
f 3821//3821 3822//3822 3842//3842
f 3822//3822 3843//3843 3842//3842
f 3822//3822 3823//3823 3843//3843
f 3823//3823 3844//3844 3843//3843
f 3823//3823 3824//3824 3844//3844
f 3824//3824 3845//3845 3844//3844
f 3824//3824 3825//3825 3845//3845
f 3825//3825 3846//3846 3845//3845
f 3825//3825 3826//3826 3846//3846
f 3826//3826 3847//3847 3846//3846
f 3826//3826 3827//3827 3847//3847
f 3827//3827 3848//3848 3847//3847
f 3827//3827 3828//3828 3848//3848
f 3828//3828 3849//3849 3848//3848
f 3828//3828 3829//3829 3849//3849
f 3829//3829 3850//3850 3849//3849
f 3829//3829 3830//3830 3850//3850
f 3830//3830 3851//3851 3850//3850
f 3830//3830 3831//3831 3851//3851
f 3831//3831 3852//3852 3851//3851
f 3831//3831 3832//3832 3852//3852
f 3832//3832 3853//3853 3852//3852
f 3832//3832 3833//3833 3853//3853
f 3833//3833 3854//3854 3853//3853
f 3833//3833 3834//3834 3854//3854
f 3834//3834 3855//3855 3854//3854
f 3834//3834 3835//3835 3855//3855
f 3835//3835 3856//3856 3855//3855
f 3835//3835 3836//3836 3856//3856
f 3836//3836 3857//3857 3856//3856
f 3836//3836 3837//3837 3857//3857
f 3837//3837 3858//3858 3857//3857
f 3838//3838 3839//3839 3859//3859
f 3839//3839 3860//3860 3859//3859
f 3839//3839 3840//3840 3860//3860
f 3840//3840 3861//3861 3860//3860
f 3840//3840 3841//3841 3861//3861
f 3841//3841 3862//3862 3861//3861
f 3841//3841 3842//3842 3862//3862
f 3842//3842 3863//3863 3862//3862
f 3842//3842 3843//3843 3863//3863
f 3843//3843 3864//3864 3863//3863
f 3843//3843 3844//3844 3864//3864
f 3844//3844 3865//3865 3864//3864
f 3844//3844 3845//3845 3865//3865
f 3845//3845 3866//3866 3865//3865
f 3845//3845 3846//3846 3866//3866
f 3846//3846 3867//3867 3866//3866
f 3846//3846 3847//3847 3867//3867
f 3847//3847 3868//3868 3867//3867
f 3847//3847 3848//3848 3868//3868
f 3848//3848 3869//3869 3868//3868
f 3848//3848 3849//3849 3869//3869
f 3849//3849 3870//3870 3869//3869
f 3849//3849 3850//3850 3870//3870
f 3850//3850 3871//3871 3870//3870
f 3850//3850 3851//3851 3871//3871
f 3851//3851 3872//3872 3871//3871
f 3851//3851 3852//3852 3872//3872
f 3852//3852 3873//3873 3872//3872
f 3852//3852 3853//3853 3873//3873
f 3853//3853 3874//3874 3873//3873
f 3853//3853 3854//3854 3874//3874
f 3854//3854 3875//3875 3874//3874
f 3854//3854 3855//3855 3875//3875
f 3855//3855 3876//3876 3875//3875
f 3855//3855 3856//3856 3876//3876
f 3856//3856 3877//3877 3876//3876
f 3856//3856 3857//3857 3877//3877
f 3857//3857 3878//3878 3877//3877
f 3857//3857 3858//3858 3878//3878
f 3858//3858 3879//3879 3878//3878
f 3859//3859 3860//3860 3880//3880
f 3860//3860 3881//3881 3880//3880
f 3860//3860 3861//3861 3881//3881
f 3861//3861 3882//3882 3881//3881
f 3861//3861 3862//3862 3882//3882
f 3862//3862 3883//3883 3882//3882
f 3862//3862 3863//3863 3883//3883
f 3863//3863 3884//3884 3883//3883
f 3863//3863 3864//3864 3884//3884
f 3864//3864 3885//3885 3884//3884
f 3864//3864 3865//3865 3885//3885
f 3865//3865 3886//3886 3885//3885
f 3865//3865 3866//3866 3886//3886
f 3866//3866 3887//3887 3886//3886
f 3866//3866 3867//3867 3887//3887
f 3867//3867 3888//3888 3887//3887
f 3867//3867 3868//3868 3888//3888
f 3868//3868 3889//3889 3888//3888
f 3868//3868 3869//3869 3889//3889
f 3869//3869 3890//3890 3889//3889
f 3869//3869 3870//3870 3890//3890
f 3870//3870 3891//3891 3890//3890
f 3870//3870 3871//3871 3891//3891
f 3871//3871 3892//3892 3891//3891
f 3871//3871 3872//3872 3892//3892
f 3872//3872 3893//3893 3892//3892
f 3872//3872 3873//3873 3893//3893
f 3873//3873 3894//3894 3893//3893
f 3873//3873 3874//3874 3894//3894
f 3874//3874 3895//3895 3894//3894
f 3874//3874 3875//3875 3895//3895
f 3875//3875 3896//3896 3895//3895
f 3875//3875 3876//3876 3896//3896
f 3876//3876 3897//3897 3896//3896
f 3876//3876 3877//3877 3897//3897
f 3877//3877 3898//3898 3897//3897
f 3877//3877 3878//3878 3898//3898
f 3878//3878 3899//3899 3898//3898
f 3878//3878 3879//3879 3899//3899
f 3879//3879 3900//3900 3899//3899
